date,year,month,county,rainfall_mm
1981-01-01,1981,1,Baringo,2.9050474979938605
1981-02-01,1981,2,Baringo,6.556596119587238
1981-03-01,1981,3,Baringo,78.40887636037974
1981-04-01,1981,4,Baringo,85.38687382233448
1981-05-01,1981,5,Baringo,38.40704666773478
1981-06-01,1981,6,Baringo,28.06895948801285
1981-07-01,1981,7,Baringo,71.2552840746366
1981-08-01,1981,8,Baringo,63.69051944047977
1981-09-01,1981,9,Baringo,32.25817199609219
1981-10-01,1981,10,Baringo,14.716029569774102
1981-11-01,1981,11,Baringo,13.23483268389335
1981-12-01,1981,12,Baringo,10.802291104732415
1982-01-01,1982,1,Baringo,8.401124829512376
1982-02-01,1982,2,Baringo,8.30059126095894
1982-03-01,1982,3,Baringo,16.779499046619122
1982-04-01,1982,4,Baringo,70.89470348847217
1982-05-01,1982,5,Baringo,86.48773500491411
1982-06-01,1982,6,Baringo,19.720105731181608
1982-07-01,1982,7,Baringo,29.734801524724716
1982-08-01,1982,8,Baringo,59.312591586968836
1982-09-01,1982,9,Baringo,17.063008785859132
1982-10-01,1982,10,Baringo,40.85800154805183
1982-11-01,1982,11,Baringo,69.03158022684929
1982-12-01,1982,12,Baringo,28.331105119754106
1983-01-01,1983,1,Baringo,4.7365371630742
1983-02-01,1983,2,Baringo,18.252521281364636
1983-03-01,1983,3,Baringo,8.485376058480679
1983-04-01,1983,4,Baringo,37.97234137852987
1983-05-01,1983,5,Baringo,43.793912542783296
1983-06-01,1983,6,Baringo,44.41637480809138
1983-07-01,1983,7,Baringo,58.89227617703951
1983-08-01,1983,8,Baringo,103.20180027301495
1983-09-01,1983,9,Baringo,35.456375435071116
1983-10-01,1983,10,Baringo,37.19108640742608
1983-11-01,1983,11,Baringo,18.972991701272818
1983-12-01,1983,12,Baringo,22.12835930066231
1984-01-01,1984,1,Baringo,3.5933851981774354
1984-02-01,1984,2,Baringo,3.0182284330710387
1984-03-01,1984,3,Baringo,8.258784424952971
1984-04-01,1984,4,Baringo,25.401485311068022
1984-05-01,1984,5,Baringo,10.608706399721976
1984-06-01,1984,6,Baringo,15.871509038485014
1984-07-01,1984,7,Baringo,41.635771555778305
1984-08-01,1984,8,Baringo,21.338096974446223
1984-09-01,1984,9,Baringo,20.78551461146428
1984-10-01,1984,10,Baringo,18.169224452895996
1984-11-01,1984,11,Baringo,30.000021797265763
1984-12-01,1984,12,Baringo,14.17552561270885
1985-01-01,1985,1,Baringo,7.4748281558354694
1985-02-01,1985,2,Baringo,12.2528459133246
1985-03-01,1985,3,Baringo,42.3324593764085
1985-04-01,1985,4,Baringo,92.15955618833884
1985-05-01,1985,5,Baringo,70.2908288368812
1985-06-01,1985,6,Baringo,39.25212885538737
1985-07-01,1985,7,Baringo,58.682734137315016
1985-08-01,1985,8,Baringo,31.046103096008302
1985-09-01,1985,9,Baringo,12.003936525491568
1985-10-01,1985,10,Baringo,10.499194411895214
1985-11-01,1985,11,Baringo,26.098687667113083
1985-12-01,1985,12,Baringo,5.773536130709526
1986-01-01,1986,1,Baringo,4.25769310089258
1986-02-01,1986,2,Baringo,3.227968998750051
1986-03-01,1986,3,Baringo,24.51373007114117
1986-04-01,1986,4,Baringo,72.46629002888997
1986-05-01,1986,5,Baringo,34.08912212053935
1986-06-01,1986,6,Baringo,57.27364190908579
1986-07-01,1986,7,Baringo,37.23459866841634
1986-08-01,1986,8,Baringo,37.57409413655599
1986-09-01,1986,9,Baringo,26.94407071089133
1986-10-01,1986,10,Baringo,17.504944698321513
1986-11-01,1986,11,Baringo,13.982866192169679
1986-12-01,1986,12,Baringo,16.049176856799004
1987-01-01,1987,1,Baringo,9.050026975533902
1987-02-01,1987,2,Baringo,12.181647770221417
1987-03-01,1987,3,Baringo,27.610212695292937
1987-04-01,1987,4,Baringo,42.64438537206405
1987-05-01,1987,5,Baringo,74.10278402964273
1987-06-01,1987,6,Baringo,59.87762988163875
1987-07-01,1987,7,Baringo,20.60107200818184
1987-08-01,1987,8,Baringo,31.668865526639497
1987-09-01,1987,9,Baringo,9.778750010025806
1987-10-01,1987,10,Baringo,12.947228476290519
1987-11-01,1987,11,Baringo,36.64996818823692
1987-12-01,1987,12,Baringo,8.608861881647355
1988-01-01,1988,1,Baringo,13.502657434267876
1988-02-01,1988,2,Baringo,3.9542663011795436
1988-03-01,1988,3,Baringo,27.44216497861422
1988-04-01,1988,4,Baringo,101.03096742874537
1988-05-01,1988,5,Baringo,43.07312489534036
1988-06-01,1988,6,Baringo,35.3152862010858
1988-07-01,1988,7,Baringo,77.2361139248579
1988-08-01,1988,8,Baringo,53.96108329968575
1988-09-01,1988,9,Baringo,48.41583015001737
1988-10-01,1988,10,Baringo,28.35304236878187
1988-11-01,1988,11,Baringo,17.511757690478593
1988-12-01,1988,12,Baringo,15.87404976380177
1989-01-01,1989,1,Baringo,12.69552641159449
1989-02-01,1989,2,Baringo,19.723180017715844
1989-03-01,1989,3,Baringo,36.49866287524883
1989-04-01,1989,4,Baringo,62.231173461522815
1989-05-01,1989,5,Baringo,44.17059220045041
1989-06-01,1989,6,Baringo,23.75203417753562
1989-07-01,1989,7,Baringo,67.44836866916755
1989-08-01,1989,8,Baringo,39.58597481556428
1989-09-01,1989,9,Baringo,27.37789210050534
1989-10-01,1989,10,Baringo,34.310019175364424
1989-11-01,1989,11,Baringo,33.78002207951668
1989-12-01,1989,12,Baringo,36.35787235651261
1990-01-01,1990,1,Baringo,12.773257198089208
1990-02-01,1990,2,Baringo,34.78908449808757
1990-03-01,1990,3,Baringo,61.469717045319385
1990-04-01,1990,4,Baringo,76.07662446437737
1990-05-01,1990,5,Baringo,39.73724113611075
1990-06-01,1990,6,Baringo,21.391535673386013
1990-07-01,1990,7,Baringo,43.451588601332446
1990-08-01,1990,8,Baringo,33.71174867581099
1990-09-01,1990,9,Baringo,16.051617508668166
1990-10-01,1990,10,Baringo,22.00316182902226
1990-11-01,1990,11,Baringo,22.085770733539874
1990-12-01,1990,12,Baringo,23.266123113876734
1991-01-01,1991,1,Baringo,12.76781830298595
1991-02-01,1991,2,Baringo,2.934398370217054
1991-03-01,1991,3,Baringo,42.992544550773424
1991-04-01,1991,4,Baringo,28.03752135985937
1991-05-01,1991,5,Baringo,39.74173426016783
1991-06-01,1991,6,Baringo,46.26329389229799
1991-07-01,1991,7,Baringo,45.08333424299191
1991-08-01,1991,8,Baringo,74.53818623469427
1991-09-01,1991,9,Baringo,20.48508928127778
1991-10-01,1991,10,Baringo,23.838285354085457
1991-11-01,1991,11,Baringo,17.1616581874016
1991-12-01,1991,12,Baringo,13.875283368428548
1992-01-01,1992,1,Baringo,6.084235333785033
1992-02-01,1992,2,Baringo,6.318310881272341
1992-03-01,1992,3,Baringo,12.806232795959865
1992-04-01,1992,4,Baringo,57.00646741818159
1992-05-01,1992,5,Baringo,33.94115582001515
1992-06-01,1992,6,Baringo,31.98873208363851
1992-07-01,1992,7,Baringo,52.106008192209096
1992-08-01,1992,8,Baringo,49.76365827413706
1992-09-01,1992,9,Baringo,22.68280674249698
1992-10-01,1992,10,Baringo,37.893197761285
1992-11-01,1992,11,Baringo,21.863073302537966
1992-12-01,1992,12,Baringo,20.702577721766936
1993-01-01,1993,1,Baringo,39.02200245979505
1993-02-01,1993,2,Baringo,31.850456817333516
1993-03-01,1993,3,Baringo,7.187699852234278
1993-04-01,1993,4,Baringo,22.449483349384405
1993-05-01,1993,5,Baringo,64.6479982425005
1993-06-01,1993,6,Baringo,40.124918874104814
1993-07-01,1993,7,Baringo,32.68003106484046
1993-08-01,1993,8,Baringo,30.64292574173365
1993-09-01,1993,9,Baringo,17.516792292472644
1993-10-01,1993,10,Baringo,14.295093762186857
1993-11-01,1993,11,Baringo,20.43201593955358
1993-12-01,1993,12,Baringo,11.78843335494017
1994-01-01,1994,1,Baringo,5.294642535234109
1994-02-01,1994,2,Baringo,6.871703361853575
1994-03-01,1994,3,Baringo,31.960513855860782
1994-04-01,1994,4,Baringo,58.8592386832604
1994-05-01,1994,5,Baringo,58.03730647258269
1994-06-01,1994,6,Baringo,54.40259587214543
1994-07-01,1994,7,Baringo,63.58665010501177
1994-08-01,1994,8,Baringo,57.43258644495255
1994-09-01,1994,9,Baringo,11.983712248313122
1994-10-01,1994,10,Baringo,15.936685059467951
1994-11-01,1994,11,Baringo,46.250752631211896
1994-12-01,1994,12,Baringo,8.586776946752499
1995-01-01,1995,1,Baringo,4.133226430110442
1995-02-01,1995,2,Baringo,15.142818491275493
1995-03-01,1995,3,Baringo,46.455838966369626
1995-04-01,1995,4,Baringo,36.70589510110708
1995-05-01,1995,5,Baringo,31.461146660340138
1995-06-01,1995,6,Baringo,33.70016756546803
1995-07-01,1995,7,Baringo,46.57728891617212
1995-08-01,1995,8,Baringo,41.208751409481735
1995-09-01,1995,9,Baringo,31.275917549622363
1995-10-01,1995,10,Baringo,38.20510484010745
1995-11-01,1995,11,Baringo,23.818906597907727
1995-12-01,1995,12,Baringo,16.173141467265594
1996-01-01,1996,1,Baringo,9.377511954918885
1996-02-01,1996,2,Baringo,12.012587868861663
1996-03-01,1996,3,Baringo,42.183490332579
1996-04-01,1996,4,Baringo,19.769508721278264
1996-05-01,1996,5,Baringo,33.21295496133658
1996-06-01,1996,6,Baringo,76.86849949176495
1996-07-01,1996,7,Baringo,83.61525202042017
1996-08-01,1996,8,Baringo,74.16190522022737
1996-09-01,1996,9,Baringo,23.762711544525928
1996-10-01,1996,10,Baringo,17.48392517054692
1996-11-01,1996,11,Baringo,32.06807056634854
1996-12-01,1996,12,Baringo,6.182686408360799
1997-01-01,1997,1,Baringo,4.584886288948548
1997-02-01,1997,2,Baringo,2.1460573728267964
1997-03-01,1997,3,Baringo,25.48971898005559
1997-04-01,1997,4,Baringo,119.07535766210312
1997-05-01,1997,5,Baringo,25.655567858769345
1997-06-01,1997,6,Baringo,39.7721563681578
1997-07-01,1997,7,Baringo,66.72424045464932
1997-08-01,1997,8,Baringo,50.59563814798991
1997-09-01,1997,9,Baringo,8.7984161847677
1997-10-01,1997,10,Baringo,51.063780818230065
1997-11-01,1997,11,Baringo,76.82540912505908
1997-12-01,1997,12,Baringo,25.263060996471307
1998-01-01,1998,1,Baringo,39.24943488194392
1998-02-01,1998,2,Baringo,28.420834800524588
1998-03-01,1998,3,Baringo,13.06300849425487
1998-04-01,1998,4,Baringo,38.48104263207851
1998-05-01,1998,5,Baringo,74.5118363893949
1998-06-01,1998,6,Baringo,49.08152105869391
1998-07-01,1998,7,Baringo,51.384709710341234
1998-08-01,1998,8,Baringo,52.63901408757919
1998-09-01,1998,9,Baringo,20.304021204434907
1998-10-01,1998,10,Baringo,31.618034321528214
1998-11-01,1998,11,Baringo,21.94518019174918
1998-12-01,1998,12,Baringo,5.3321427883246
1999-01-01,1999,1,Baringo,6.513715934753418
1999-02-01,1999,2,Baringo,2.443263986477485
1999-03-01,1999,3,Baringo,57.88628962590144
1999-04-01,1999,4,Baringo,39.78070551065298
1999-05-01,1999,5,Baringo,21.933449975038187
1999-06-01,1999,6,Baringo,25.345992477123556
1999-07-01,1999,7,Baringo,50.67279122181428
1999-08-01,1999,8,Baringo,42.88055935639601
1999-09-01,1999,9,Baringo,11.125124074251223
1999-10-01,1999,10,Baringo,30.078469175253158
1999-11-01,1999,11,Baringo,23.001831933779595
1999-12-01,1999,12,Baringo,18.37729403055631
2000-01-01,2000,1,Baringo,3.9619528238589945
2000-02-01,2000,2,Baringo,2.5792097024428537
2000-03-01,2000,3,Baringo,9.324169383904874
2000-04-01,2000,4,Baringo,14.54359040015783
2000-05-01,2000,5,Baringo,31.90372502009074
2000-06-01,2000,6,Baringo,29.560197221315825
2000-07-01,2000,7,Baringo,46.85651995340983
2000-08-01,2000,8,Baringo,66.88202245663373
2000-09-01,2000,9,Baringo,17.837166255559676
2000-10-01,2000,10,Baringo,31.2385521007654
2000-11-01,2000,11,Baringo,35.16549397920951
2000-12-01,2000,12,Baringo,15.31469351695134
2001-01-01,2001,1,Baringo,22.99273001352946
2001-02-01,2001,2,Baringo,4.252619852469517
2001-03-01,2001,3,Baringo,50.325709660847984
2001-04-01,2001,4,Baringo,68.91122700617863
2001-05-01,2001,5,Baringo,30.822346190917187
2001-06-01,2001,6,Baringo,54.067910835070485
2001-07-01,2001,7,Baringo,52.55535493997427
2001-08-01,2001,8,Baringo,61.3165825183575
2001-09-01,2001,9,Baringo,19.352899207824315
2001-10-01,2001,10,Baringo,34.71701209575702
2001-11-01,2001,11,Baringo,48.256780595045825
2001-12-01,2001,12,Baringo,8.38364792114649
2002-01-01,2002,1,Baringo,15.831270758310954
2002-02-01,2002,2,Baringo,4.083398345800546
2002-03-01,2002,3,Baringo,45.82934101789426
2002-04-01,2002,4,Baringo,46.49382179455879
2002-05-01,2002,5,Baringo,69.4012439972315
2002-06-01,2002,6,Baringo,30.773607633052727
2002-07-01,2002,7,Baringo,29.3618532425318
2002-08-01,2002,8,Baringo,45.09499738644331
2002-09-01,2002,9,Baringo,8.58798684340257
2002-10-01,2002,10,Baringo,31.80013921398383
2002-11-01,2002,11,Baringo,24.097589136392642
2002-12-01,2002,12,Baringo,54.87072307391045
2003-01-01,2003,1,Baringo,8.563707464780563
2003-02-01,2003,2,Baringo,3.9659926457282824
2003-03-01,2003,3,Baringo,31.359666110307742
2003-04-01,2003,4,Baringo,69.70016070634891
2003-05-01,2003,5,Baringo,98.33080766139886
2003-06-01,2003,6,Baringo,35.33884384937775
2003-07-01,2003,7,Baringo,48.909557278951006
2003-08-01,2003,8,Baringo,92.32213161175068
2003-09-01,2003,9,Baringo,18.26882920387464
2003-10-01,2003,10,Baringo,21.845399826077315
2003-11-01,2003,11,Baringo,19.899847552715205
2003-12-01,2003,12,Baringo,18.727052629910983
2004-01-01,2004,1,Baringo,28.729724111312475
2004-02-01,2004,2,Baringo,7.935844299426446
2004-03-01,2004,3,Baringo,31.532126773932042
2004-04-01,2004,4,Baringo,90.31743201231345
2004-05-01,2004,5,Baringo,43.10265592183822
2004-06-01,2004,6,Baringo,27.102326618096768
2004-07-01,2004,7,Baringo,38.520129898266916
2004-08-01,2004,8,Baringo,47.65859329028007
2004-09-01,2004,9,Baringo,24.1108262355511
2004-10-01,2004,10,Baringo,26.031670704254736
2004-11-01,2004,11,Baringo,40.61856799798134
2004-12-01,2004,12,Baringo,24.00372760234735
2005-01-01,2005,1,Baringo,14.718451520724175
2005-02-01,2005,2,Baringo,10.782084067662558
2005-03-01,2005,3,Baringo,32.96606424771822
2005-04-01,2005,4,Baringo,41.95791826003637
2005-05-01,2005,5,Baringo,96.13102393517127
2005-06-01,2005,6,Baringo,37.73170678065373
2005-07-01,2005,7,Baringo,53.19838074415158
2005-08-01,2005,8,Baringo,43.567040399404675
2005-09-01,2005,9,Baringo,41.75135079163771
2005-10-01,2005,10,Baringo,21.525114560815005
2005-11-01,2005,11,Baringo,14.462467060944974
2005-12-01,2005,12,Baringo,11.172766839540921
2006-01-01,2006,1,Baringo,7.891486568939992
2006-02-01,2006,2,Baringo,10.078248926309438
2006-03-01,2006,3,Baringo,39.82112728021084
2006-04-01,2006,4,Baringo,58.91868724822998
2006-05-01,2006,5,Baringo,42.94941531939384
2006-06-01,2006,6,Baringo,33.86663393607506
2006-07-01,2006,7,Baringo,39.838268319154395
2006-08-01,2006,8,Baringo,67.34519166212816
2006-09-01,2006,9,Baringo,19.298446894914676
2006-10-01,2006,10,Baringo,29.91303837192364
2006-11-01,2006,11,Baringo,77.22934162677863
2006-12-01,2006,12,Baringo,47.62098205762032
2007-01-01,2007,1,Baringo,21.803441048891116
2007-02-01,2007,2,Baringo,34.39919562217517
2007-03-01,2007,3,Baringo,21.810646120707194
2007-04-01,2007,4,Baringo,57.10534019470215
2007-05-01,2007,5,Baringo,64.85495777130127
2007-06-01,2007,6,Baringo,70.69673189994616
2007-07-01,2007,7,Baringo,75.5974715990898
2007-08-01,2007,8,Baringo,76.77748733911758
2007-09-01,2007,9,Baringo,69.2882254624978
2007-10-01,2007,10,Baringo,22.13521511172637
2007-11-01,2007,11,Baringo,16.44409060692176
2007-12-01,2007,12,Baringo,9.411390420718071
2008-01-01,2008,1,Baringo,8.262172032625248
2008-02-01,2008,2,Baringo,7.451448211914454
2008-03-01,2008,3,Baringo,47.02672910445776
2008-04-01,2008,4,Baringo,23.904310409839336
2008-05-01,2008,5,Baringo,24.429770024617515
2008-06-01,2008,6,Baringo,24.3428580333025
2008-07-01,2008,7,Baringo,52.767617778289015
2008-08-01,2008,8,Baringo,44.731028160682094
2008-09-01,2008,9,Baringo,32.355488248971795
2008-10-01,2008,10,Baringo,57.851593035001024
2008-11-01,2008,11,Baringo,48.40102972923181
2008-12-01,2008,12,Baringo,7.129869354076875
2009-01-01,2009,1,Baringo,7.524931742594792
2009-02-01,2009,2,Baringo,2.338683414306396
2009-03-01,2009,3,Baringo,12.046286003406232
2009-04-01,2009,4,Baringo,41.465570836189464
2009-05-01,2009,5,Baringo,70.3200316013434
2009-06-01,2009,6,Baringo,19.628540246914593
2009-07-01,2009,7,Baringo,26.833725882799197
2009-08-01,2009,8,Baringo,22.323239866892497
2009-09-01,2009,9,Baringo,14.456855487823486
2009-10-01,2009,10,Baringo,29.36229496567677
2009-11-01,2009,11,Baringo,24.67183441748986
2009-12-01,2009,12,Baringo,69.68716289324638
2010-01-01,2010,1,Baringo,18.556799680758747
2010-02-01,2010,2,Baringo,54.751522416334886
2010-03-01,2010,3,Baringo,72.28197374588405
2010-04-01,2010,4,Baringo,58.96033447950314
2010-05-01,2010,5,Baringo,85.78007317567483
2010-06-01,2010,6,Baringo,33.35561268635285
2010-07-01,2010,7,Baringo,58.171101751082986
2010-08-01,2010,8,Baringo,64.41231177403377
2010-09-01,2010,9,Baringo,30.22057037108984
2010-10-01,2010,10,Baringo,31.763130353352963
2010-11-01,2010,11,Baringo,14.418529237845005
2010-12-01,2010,12,Baringo,11.529024484830025
2011-01-01,2011,1,Baringo,4.612306943306556
2011-02-01,2011,2,Baringo,5.42685647377601
2011-03-01,2011,3,Baringo,44.49127167432736
2011-04-01,2011,4,Baringo,22.347274115146735
2011-05-01,2011,5,Baringo,42.602211509606775
2011-06-01,2011,6,Baringo,49.817656287168845
2011-07-01,2011,7,Baringo,64.38950137602977
2011-08-01,2011,8,Baringo,86.13759528918143
2011-09-01,2011,9,Baringo,39.762219526828865
2011-10-01,2011,10,Baringo,40.09901949717448
2011-11-01,2011,11,Baringo,81.64407802728506
2011-12-01,2011,12,Baringo,23.920133681175038
2012-01-01,2012,1,Baringo,2.8935292072785206
2012-02-01,2012,2,Baringo,5.327030346943782
2012-03-01,2012,3,Baringo,14.081751097165622
2012-04-01,2012,4,Baringo,101.35638544131548
2012-05-01,2012,5,Baringo,129.98327556512294
2012-06-01,2012,6,Baringo,42.04689606886644
2012-07-01,2012,7,Baringo,75.34197677221054
2012-08-01,2012,8,Baringo,60.06760616791554
2012-09-01,2012,9,Baringo,45.822048940414035
2012-10-01,2012,10,Baringo,50.15294410769756
2012-11-01,2012,11,Baringo,30.222791067759196
2012-12-01,2012,12,Baringo,36.254446014991174
2013-01-01,2013,1,Baringo,14.780584964996729
2013-02-01,2013,2,Baringo,4.394737563377771
2013-03-01,2013,3,Baringo,51.117894412309695
2013-04-01,2013,4,Baringo,106.8897649031419
2013-05-01,2013,5,Baringo,64.31608606974284
2013-06-01,2013,6,Baringo,47.53200049278064
2013-07-01,2013,7,Baringo,74.51242510966766
2013-08-01,2013,8,Baringo,67.41635972047463
2013-09-01,2013,9,Baringo,39.362989990527815
2013-10-01,2013,10,Baringo,29.968073787139012
2013-11-01,2013,11,Baringo,37.02986197655017
2013-12-01,2013,12,Baringo,38.16089571683835
2014-01-01,2014,1,Baringo,6.267863514484503
2014-02-01,2014,2,Baringo,18.389332014475112
2014-03-01,2014,3,Baringo,37.64174151787391
2014-04-01,2014,4,Baringo,18.024025435325427
2014-05-01,2014,5,Baringo,36.10725090320294
2014-06-01,2014,6,Baringo,30.75471092615372
2014-07-01,2014,7,Baringo,41.941851464296
2014-08-01,2014,8,Baringo,65.35725139715733
2014-09-01,2014,9,Baringo,21.410100291325495
2014-10-01,2014,10,Baringo,43.059367028566506
2014-11-01,2014,11,Baringo,32.28141336196508
2014-12-01,2014,12,Baringo,18.622929996099227
2015-01-01,2015,1,Baringo,3.3578303349323764
2015-02-01,2015,2,Baringo,7.200539840796055
2015-03-01,2015,3,Baringo,8.862436733490382
2015-04-01,2015,4,Baringo,72.24276515276004
2015-05-01,2015,5,Baringo,45.288837758088725
2015-06-01,2015,6,Baringo,41.356561201046674
2015-07-01,2015,7,Baringo,35.29669259878305
2015-08-01,2015,8,Baringo,17.13848896393409
2015-09-01,2015,9,Baringo,16.59154446797493
2015-10-01,2015,10,Baringo,32.44374672266153
2015-11-01,2015,11,Baringo,50.13553383044707
2015-12-01,2015,12,Baringo,32.34982251387376
2016-01-01,2016,1,Baringo,20.724163050529285
2016-02-01,2016,2,Baringo,5.3860773349419615
2016-03-01,2016,3,Baringo,20.381845907064584
2016-04-01,2016,4,Baringo,79.16440139183631
2016-05-01,2016,5,Baringo,83.59340769938933
2016-06-01,2016,6,Baringo,38.47992065625313
2016-07-01,2016,7,Baringo,54.653445674211554
2016-08-01,2016,8,Baringo,33.0938928212875
2016-09-01,2016,9,Baringo,18.6328663336925
2016-10-01,2016,10,Baringo,24.780780598597648
2016-11-01,2016,11,Baringo,22.369346729914348
2016-12-01,2016,12,Baringo,6.238373766189967
2017-01-01,2017,1,Baringo,10.519307574247703
2017-02-01,2017,2,Baringo,17.431024605188615
2017-03-01,2017,3,Baringo,14.289325183477157
2017-04-01,2017,4,Baringo,24.690786369030292
2017-05-01,2017,5,Baringo,50.693734985742815
2017-06-01,2017,6,Baringo,23.11242395792252
2017-07-01,2017,7,Baringo,109.49999437576685
2017-08-01,2017,8,Baringo,70.21099086174598
2017-09-01,2017,9,Baringo,45.78155984634008
2017-10-01,2017,10,Baringo,57.73491341425822
2017-11-01,2017,11,Baringo,41.652083509701946
2017-12-01,2017,12,Baringo,9.608593044525538
2018-01-01,2018,1,Baringo,3.991012591582078
2018-02-01,2018,2,Baringo,4.4508729366155775
2018-03-01,2018,3,Baringo,77.38774675222544
2018-04-01,2018,4,Baringo,133.72174827380059
2018-05-01,2018,5,Baringo,126.54063026232598
2018-06-01,2018,6,Baringo,96.12619322752342
2018-07-01,2018,7,Baringo,43.95815685956906
2018-08-01,2018,8,Baringo,44.476440537281526
2018-09-01,2018,9,Baringo,13.775353874304356
2018-10-01,2018,10,Baringo,23.94521080179092
2018-11-01,2018,11,Baringo,14.159147686836047
2018-12-01,2018,12,Baringo,34.21806007531973
2019-01-01,2019,1,Baringo,7.184619176082122
2019-02-01,2019,2,Baringo,4.409290564365876
2019-03-01,2019,3,Baringo,17.688416705987393
2019-04-01,2019,4,Baringo,40.91878146636181
2019-05-01,2019,5,Baringo,29.830007763398
2019-06-01,2019,6,Baringo,72.69266552069249
2019-07-01,2019,7,Baringo,64.74566618112418
2019-08-01,2019,8,Baringo,70.0525204878587
2019-09-01,2019,9,Baringo,32.34783116120558
2019-10-01,2019,10,Baringo,63.26047229537597
2019-11-01,2019,11,Baringo,51.63456903604361
2019-12-01,2019,12,Baringo,58.61284501980513
2020-01-01,2020,1,Baringo,20.164930017177877
2020-02-01,2020,2,Baringo,13.084543867600269
2020-03-01,2020,3,Baringo,79.03617032368977
2020-04-01,2020,4,Baringo,101.12288453517816
2020-05-01,2020,5,Baringo,61.339813941564316
2020-06-01,2020,6,Baringo,78.55530119675856
2020-07-01,2020,7,Baringo,100.25510496481871
2020-08-01,2020,8,Baringo,93.2944944528433
2020-09-01,2020,9,Baringo,44.079228122417746
2020-10-01,2020,10,Baringo,45.28104768456557
2020-11-01,2020,11,Baringo,49.60262602048042
2020-12-01,2020,12,Baringo,7.767128503016936
2021-01-01,2021,1,Baringo,16.13406284161103
2021-02-01,2021,2,Baringo,12.53459991063827
2021-03-01,2021,3,Baringo,14.227799073243753
2021-04-01,2021,4,Baringo,35.31339492064256
2021-05-01,2021,5,Baringo,96.53618184114114
2021-06-01,2021,6,Baringo,29.04301501543094
2021-07-01,2021,7,Baringo,42.78240585816212
2021-08-01,2021,8,Baringo,43.6757640960889
2021-09-01,2021,9,Baringo,44.122658455677524
2021-10-01,2021,10,Baringo,32.956020684731314
2021-11-01,2021,11,Baringo,15.069393370701716
2021-12-01,2021,12,Baringo,13.389501623006968
2022-01-01,2022,1,Baringo,15.554097607196905
2022-02-01,2022,2,Baringo,12.743116013820355
2022-03-01,2022,3,Baringo,18.58445317439544
2022-04-01,2022,4,Baringo,46.197004773066595
2022-05-01,2022,5,Baringo,48.25077374776205
2022-06-01,2022,6,Baringo,26.969234522795066
2022-07-01,2022,7,Baringo,30.80198830335568
2022-08-01,2022,8,Baringo,72.14657115447216
2022-09-01,2022,9,Baringo,40.36946656642816
2022-10-01,2022,10,Baringo,20.243439140380957
2022-11-01,2022,11,Baringo,45.55889339477588
2022-12-01,2022,12,Baringo,20.157115376301302
2023-01-01,2023,1,Baringo,3.475158935938126
2023-02-01,2023,2,Baringo,1.820736001088069
2023-03-01,2023,3,Baringo,52.266391881306966
2023-04-01,2023,4,Baringo,67.46844236911872
2023-05-01,2023,5,Baringo,44.53465785491161
2023-06-01,2023,6,Baringo,37.14415290539081
2023-07-01,2023,7,Baringo,34.21084030836057
2023-08-01,2023,8,Baringo,31.354122335482867
2023-09-01,2023,9,Baringo,38.92448460016495
2023-10-01,2023,10,Baringo,42.3013278764792
2023-11-01,2023,11,Baringo,44.850844961557634
2023-12-01,2023,12,Baringo,8.375473599556164
2024-01-01,2024,1,Baringo,28.330910335442958
2024-02-01,2024,2,Baringo,19.133289024157403
2024-03-01,2024,3,Baringo,23.413050111134847
2024-04-01,2024,4,Baringo,104.4822207230788
2024-05-01,2024,5,Baringo,97.36928483033792
2024-06-01,2024,6,Baringo,22.54041243088551
2024-07-01,2024,7,Baringo,70.81063490647536
2024-08-01,2024,8,Baringo,66.44476267985809
2024-09-01,2024,9,Baringo,18.400250420203577
2024-10-01,2024,10,Baringo,29.764089421736887
2024-11-01,2024,11,Baringo,60.41063804870997
2024-12-01,2024,12,Baringo,6.533936446752303
1981-01-01,1981,1,Marsabit,2.850287950353699
1981-02-01,1981,2,Marsabit,6.713201228731946
1981-03-01,1981,3,Marsabit,64.96181522636545
1981-04-01,1981,4,Marsabit,112.84049259715732
1981-05-01,1981,5,Marsabit,20.58753045794611
1981-06-01,1981,6,Marsabit,2.145451201682666
1981-07-01,1981,7,Marsabit,3.005531866803449
1981-08-01,1981,8,Marsabit,2.6134864524494614
1981-09-01,1981,9,Marsabit,1.3935866508336758
1981-10-01,1981,10,Marsabit,15.970464433799792
1981-11-01,1981,11,Marsabit,10.535324856498622
1981-12-01,1981,12,Marsabit,9.649359170057469
1982-01-01,1982,1,Marsabit,4.545538161132146
1982-02-01,1982,2,Marsabit,5.597405385560474
1982-03-01,1982,3,Marsabit,16.713059610614273
1982-04-01,1982,4,Marsabit,78.96689018486015
1982-05-01,1982,5,Marsabit,26.78326614716023
1982-06-01,1982,6,Marsabit,2.021353629957287
1982-07-01,1982,7,Marsabit,3.0183288120195138
1982-08-01,1982,8,Marsabit,2.248213782605266
1982-09-01,1982,9,Marsabit,1.2162932067657068
1982-10-01,1982,10,Marsabit,45.45754147285572
1982-11-01,1982,11,Marsabit,41.22913921456934
1982-12-01,1982,12,Marsabit,26.49080959455838
1983-01-01,1983,1,Marsabit,3.7468546381774095
1983-02-01,1983,2,Marsabit,10.785840024630593
1983-03-01,1983,3,Marsabit,5.1943232197986
1983-04-01,1983,4,Marsabit,42.06166661565805
1983-05-01,1983,5,Marsabit,13.676310989640474
1983-06-01,1983,6,Marsabit,2.1977287589451677
1983-07-01,1983,7,Marsabit,4.625243868736576
1983-08-01,1983,8,Marsabit,4.787021693861821
1983-09-01,1983,9,Marsabit,1.8595640635614672
1983-10-01,1983,10,Marsabit,9.181841217773517
1983-11-01,1983,11,Marsabit,11.875848512342959
1983-12-01,1983,12,Marsabit,8.57019708471375
1984-01-01,1984,1,Marsabit,2.8362166078438302
1984-02-01,1984,2,Marsabit,3.7966424140536006
1984-03-01,1984,3,Marsabit,6.375482213538222
1984-04-01,1984,4,Marsabit,37.28166214781979
1984-05-01,1984,5,Marsabit,7.448079483732838
1984-06-01,1984,6,Marsabit,1.4868257474367128
1984-07-01,1984,7,Marsabit,2.909738572254149
1984-08-01,1984,8,Marsabit,1.989223855546601
1984-09-01,1984,9,Marsabit,2.6197715135134283
1984-10-01,1984,10,Marsabit,16.681509432911735
1984-11-01,1984,11,Marsabit,39.15389199503254
1984-12-01,1984,12,Marsabit,13.799685832964157
1985-01-01,1985,1,Marsabit,7.840827242241388
1985-02-01,1985,2,Marsabit,7.240444986363093
1985-03-01,1985,3,Marsabit,34.899558286962495
1985-04-01,1985,4,Marsabit,83.23547668281844
1985-05-01,1985,5,Marsabit,21.183677016299573
1985-06-01,1985,6,Marsabit,2.013126058593218
1985-07-01,1985,7,Marsabit,3.4798531897789022
1985-08-01,1985,8,Marsabit,2.1800489166907195
1985-09-01,1985,9,Marsabit,1.2912412911003674
1985-10-01,1985,10,Marsabit,13.744949051618029
1985-11-01,1985,11,Marsabit,13.590668212505214
1985-12-01,1985,12,Marsabit,7.463221618310729
1986-01-01,1986,1,Marsabit,2.7521374527814055
1986-02-01,1986,2,Marsabit,2.801900882137903
1986-03-01,1986,3,Marsabit,23.41030508428983
1986-04-01,1986,4,Marsabit,59.25178005818521
1986-05-01,1986,5,Marsabit,6.152497300166898
1986-06-01,1986,6,Marsabit,3.7487400877903245
1986-07-01,1986,7,Marsabit,3.245802334407004
1986-08-01,1986,8,Marsabit,2.214183039079499
1986-09-01,1986,9,Marsabit,1.0540261619025961
1986-10-01,1986,10,Marsabit,14.281800255011746
1986-11-01,1986,11,Marsabit,23.09546676771512
1986-12-01,1986,12,Marsabit,19.763754084572863
1987-01-01,1987,1,Marsabit,8.849335705180119
1987-02-01,1987,2,Marsabit,4.076231988699921
1987-03-01,1987,3,Marsabit,22.68821008115083
1987-04-01,1987,4,Marsabit,54.97830780327115
1987-05-01,1987,5,Marsabit,29.090189128409296
1987-06-01,1987,6,Marsabit,5.1109983061005435
1987-07-01,1987,7,Marsabit,3.317788115522778
1987-08-01,1987,8,Marsabit,2.797071086149461
1987-09-01,1987,9,Marsabit,1.3681177227287318
1987-10-01,1987,10,Marsabit,8.682874346833279
1987-11-01,1987,11,Marsabit,15.20929390861301
1987-12-01,1987,12,Marsabit,7.977769324481145
1988-01-01,1988,1,Marsabit,7.414427463496457
1988-02-01,1988,2,Marsabit,4.225913976309084
1988-03-01,1988,3,Marsabit,20.09297959933188
1988-04-01,1988,4,Marsabit,114.55654369314831
1988-05-01,1988,5,Marsabit,5.550110967500065
1988-06-01,1988,6,Marsabit,3.0577256340060774
1988-07-01,1988,7,Marsabit,10.76620170276815
1988-08-01,1988,8,Marsabit,2.908592040090485
1988-09-01,1988,9,Marsabit,1.9065803629735352
1988-10-01,1988,10,Marsabit,18.680767098606385
1988-11-01,1988,11,Marsabit,14.552844613728922
1988-12-01,1988,12,Marsabit,18.397560423797362
1989-01-01,1989,1,Marsabit,8.761024072550741
1989-02-01,1989,2,Marsabit,12.6592371074532
1989-03-01,1989,3,Marsabit,29.661324137743524
1989-04-01,1989,4,Marsabit,50.518976409071215
1989-05-01,1989,5,Marsabit,27.772172038659164
1989-06-01,1989,6,Marsabit,2.016129079856011
1989-07-01,1989,7,Marsabit,4.175382451245268
1989-08-01,1989,8,Marsabit,2.1650000880917277
1989-09-01,1989,9,Marsabit,1.8345556538842138
1989-10-01,1989,10,Marsabit,14.868576639103697
1989-11-01,1989,11,Marsabit,36.040201604735834
1989-12-01,1989,12,Marsabit,19.049771564015018
1990-01-01,1990,1,Marsabit,7.331053862916615
1990-02-01,1990,2,Marsabit,27.622881063993436
1990-03-01,1990,3,Marsabit,40.973343481070415
1990-04-01,1990,4,Marsabit,68.63875916061664
1990-05-01,1990,5,Marsabit,6.9389578733186905
1990-06-01,1990,6,Marsabit,1.917294735170826
1990-07-01,1990,7,Marsabit,3.032398851846261
1990-08-01,1990,8,Marsabit,2.2254169009784848
1990-09-01,1990,9,Marsabit,1.1121871338276834
1990-10-01,1990,10,Marsabit,19.283893075650376
1990-11-01,1990,11,Marsabit,20.829305527705685
1990-12-01,1990,12,Marsabit,27.138164180619846
1991-01-01,1991,1,Marsabit,12.315277392500168
1991-02-01,1991,2,Marsabit,4.742872225417061
1991-03-01,1991,3,Marsabit,27.28530070286257
1991-04-01,1991,4,Marsabit,24.485881251281494
1991-05-01,1991,5,Marsabit,18.24335674011201
1991-06-01,1991,6,Marsabit,2.659311187455912
1991-07-01,1991,7,Marsabit,5.469051590333832
1991-08-01,1991,8,Marsabit,2.563619723879734
1991-09-01,1991,9,Marsabit,1.0544590722731642
1991-10-01,1991,10,Marsabit,13.334100772647442
1991-11-01,1991,11,Marsabit,12.276052967360592
1991-12-01,1991,12,Marsabit,21.439084068806384
1992-01-01,1992,1,Marsabit,3.0014317295718276
1992-02-01,1992,2,Marsabit,6.757839861885141
1992-03-01,1992,3,Marsabit,15.53822398913851
1992-04-01,1992,4,Marsabit,44.56440477951523
1992-05-01,1992,5,Marsabit,9.638824914346195
1992-06-01,1992,6,Marsabit,1.7753597474741791
1992-07-01,1992,7,Marsabit,3.651595146655823
1992-08-01,1992,8,Marsabit,2.1178999252213933
1992-09-01,1992,9,Marsabit,1.0915322531801104
1992-10-01,1992,10,Marsabit,12.688987912985269
1992-11-01,1992,11,Marsabit,24.219431310625218
1992-12-01,1992,12,Marsabit,37.92389365589304
1993-01-01,1993,1,Marsabit,18.562675369429122
1993-02-01,1993,2,Marsabit,18.339614566842396
1993-03-01,1993,3,Marsabit,10.48025324095541
1993-04-01,1993,4,Marsabit,38.10137503839661
1993-05-01,1993,5,Marsabit,30.083931803443264
1993-06-01,1993,6,Marsabit,2.828330830356173
1993-07-01,1993,7,Marsabit,2.9079528667930408
1993-08-01,1993,8,Marsabit,2.067607867651121
1993-09-01,1993,9,Marsabit,0.9837787199392973
1993-10-01,1993,10,Marsabit,18.089874097817802
1993-11-01,1993,11,Marsabit,15.574042267257393
1993-12-01,1993,12,Marsabit,6.431641080048273
1994-01-01,1994,1,Marsabit,3.1432413931144776
1994-02-01,1994,2,Marsabit,2.7505623831951524
1994-03-01,1994,3,Marsabit,14.173687688190272
1994-04-01,1994,4,Marsabit,38.700255707128726
1994-05-01,1994,5,Marsabit,17.643526049870164
1994-06-01,1994,6,Marsabit,2.417620322416546
1994-07-01,1994,7,Marsabit,5.174386629443349
1994-08-01,1994,8,Marsabit,3.301014628987118
1994-09-01,1994,9,Marsabit,2.39905823964328
1994-10-01,1994,10,Marsabit,31.890987100023626
1994-11-01,1994,11,Marsabit,44.32751722237273
1994-12-01,1994,12,Marsabit,13.21487194295592
1995-01-01,1995,1,Marsabit,2.82431351002541
1995-02-01,1995,2,Marsabit,12.803850177891903
1995-03-01,1995,3,Marsabit,29.368052244131654
1995-04-01,1995,4,Marsabit,57.63673069206089
1995-05-01,1995,5,Marsabit,11.24095658328722
1995-06-01,1995,6,Marsabit,2.0724885532836415
1995-07-01,1995,7,Marsabit,3.784670575624256
1995-08-01,1995,8,Marsabit,2.595844473169338
1995-09-01,1995,9,Marsabit,1.3623305589115402
1995-10-01,1995,10,Marsabit,19.788361278446615
1995-11-01,1995,11,Marsabit,16.80228031379621
1995-12-01,1995,12,Marsabit,12.487718109695837
1996-01-01,1996,1,Marsabit,8.12138862330659
1996-02-01,1996,2,Marsabit,3.5178953703591254
1996-03-01,1996,3,Marsabit,26.600149830337507
1996-04-01,1996,4,Marsabit,30.354137876469014
1996-05-01,1996,5,Marsabit,10.56194850790788
1996-06-01,1996,6,Marsabit,5.23915595134874
1996-07-01,1996,7,Marsabit,4.862349459442446
1996-08-01,1996,8,Marsabit,2.719384334890203
1996-09-01,1996,9,Marsabit,1.4247653817875379
1996-10-01,1996,10,Marsabit,8.608836082558133
1996-11-01,1996,11,Marsabit,24.098047856704238
1996-12-01,1996,12,Marsabit,5.749351612380123
1997-01-01,1997,1,Marsabit,3.8495461109721973
1997-02-01,1997,2,Marsabit,1.9987106150792469
1997-03-01,1997,3,Marsabit,21.217146266670095
1997-04-01,1997,4,Marsabit,93.93230008060705
1997-05-01,1997,5,Marsabit,10.597658278268733
1997-06-01,1997,6,Marsabit,1.8628261939409598
1997-07-01,1997,7,Marsabit,3.8647339515300994
1997-08-01,1997,8,Marsabit,3.1950457188445984
1997-09-01,1997,9,Marsabit,1.228107654496691
1997-10-01,1997,10,Marsabit,67.49597187916119
1997-11-01,1997,11,Marsabit,101.39576515959817
1997-12-01,1997,12,Marsabit,43.41334581167087
1998-01-01,1998,1,Marsabit,32.2129798459952
1998-02-01,1998,2,Marsabit,12.06816524441015
1998-03-01,1998,3,Marsabit,16.577836259607608
1998-04-01,1998,4,Marsabit,36.2199244614173
1998-05-01,1998,5,Marsabit,34.784167999022316
1998-06-01,1998,6,Marsabit,5.589752147149187
1998-07-01,1998,7,Marsabit,4.863255536707745
1998-08-01,1998,8,Marsabit,2.63497144113268
1998-09-01,1998,9,Marsabit,1.1316108311195059
1998-10-01,1998,10,Marsabit,10.001670186490196
1998-11-01,1998,11,Marsabit,16.315887627672794
1998-12-01,1998,12,Marsabit,8.227109967800013
1999-01-01,1999,1,Marsabit,3.6661715819559197
1999-02-01,1999,2,Marsabit,3.2693514032834705
1999-03-01,1999,3,Marsabit,32.374944628202
1999-04-01,1999,4,Marsabit,23.408060274113197
1999-05-01,1999,5,Marsabit,6.412082690855939
1999-06-01,1999,6,Marsabit,1.9453299728350035
1999-07-01,1999,7,Marsabit,4.666564827728441
1999-08-01,1999,8,Marsabit,2.3211678192289438
1999-09-01,1999,9,Marsabit,1.0485254815676983
1999-10-01,1999,10,Marsabit,12.364978786841052
1999-11-01,1999,11,Marsabit,19.724162333430435
1999-12-01,1999,12,Marsabit,13.852191681867351
2000-01-01,2000,1,Marsabit,4.222384417070724
2000-02-01,2000,2,Marsabit,2.0146127246688073
2000-03-01,2000,3,Marsabit,6.077475503555806
2000-04-01,2000,4,Marsabit,10.502796998664515
2000-05-01,2000,5,Marsabit,7.0547012734289964
2000-06-01,2000,6,Marsabit,1.7381807052288742
2000-07-01,2000,7,Marsabit,3.010133432855674
2000-08-01,2000,8,Marsabit,2.2253425228183024
2000-09-01,2000,9,Marsabit,1.1150812230886393
2000-10-01,2000,10,Marsabit,9.643675655403722
2000-11-01,2000,11,Marsabit,21.886750495091647
2000-12-01,2000,12,Marsabit,14.513749411678205
2001-01-01,2001,1,Marsabit,10.035652672847569
2001-02-01,2001,2,Marsabit,4.566809451785345
2001-03-01,2001,3,Marsabit,27.69269498963033
2001-04-01,2001,4,Marsabit,50.85209776991134
2001-05-01,2001,5,Marsabit,6.165337174703142
2001-06-01,2001,6,Marsabit,1.7167333888548
2001-07-01,2001,7,Marsabit,3.7516117688983694
2001-08-01,2001,8,Marsabit,2.823639505469491
2001-09-01,2001,9,Marsabit,1.07178322762841
2001-10-01,2001,10,Marsabit,15.868872515595466
2001-11-01,2001,11,Marsabit,26.981775472577485
2001-12-01,2001,12,Marsabit,10.339615082549173
2002-01-01,2002,1,Marsabit,8.493949325870291
2002-02-01,2002,2,Marsabit,2.5431799953211054
2002-03-01,2002,3,Marsabit,33.40791065772283
2002-04-01,2002,4,Marsabit,63.53210254936349
2002-05-01,2002,5,Marsabit,22.61319154595398
2002-06-01,2002,6,Marsabit,1.9696286575478141
2002-07-01,2002,7,Marsabit,3.2208507873940744
2002-08-01,2002,8,Marsabit,2.2697167936426283
2002-09-01,2002,9,Marsabit,1.9114254209018386
2002-10-01,2002,10,Marsabit,18.610272586811014
2002-11-01,2002,11,Marsabit,15.587702873462103
2002-12-01,2002,12,Marsabit,67.85021861324901
2003-01-01,2003,1,Marsabit,3.1810781592753394
2003-02-01,2003,2,Marsabit,2.8183864177299833
2003-03-01,2003,3,Marsabit,21.116895800917895
2003-04-01,2003,4,Marsabit,87.89448251297225
2003-05-01,2003,5,Marsabit,28.964945404811512
2003-06-01,2003,6,Marsabit,1.9586332175425514
2003-07-01,2003,7,Marsabit,2.822869623199562
2003-08-01,2003,8,Marsabit,3.823043692781566
2003-09-01,2003,9,Marsabit,1.2193167296628342
2003-10-01,2003,10,Marsabit,11.213625078835662
2003-11-01,2003,11,Marsabit,37.48965991597225
2003-12-01,2003,12,Marsabit,20.03118637755051
2004-01-01,2004,1,Marsabit,12.810217153765988
2004-02-01,2004,2,Marsabit,3.94726429490627
2004-03-01,2004,3,Marsabit,25.28332937680758
2004-04-01,2004,4,Marsabit,62.376380858218766
2004-05-01,2004,5,Marsabit,19.655286938273672
2004-06-01,2004,6,Marsabit,1.7790136761732163
2004-07-01,2004,7,Marsabit,2.9193764053242175
2004-08-01,2004,8,Marsabit,2.190195395144406
2004-09-01,2004,9,Marsabit,1.8085363676426898
2004-10-01,2004,10,Marsabit,22.5501446658106
2004-11-01,2004,11,Marsabit,44.6531956544563
2004-12-01,2004,12,Marsabit,10.294651663262316
2005-01-01,2005,1,Marsabit,5.221514833999967
2005-02-01,2005,2,Marsabit,2.794007354502563
2005-03-01,2005,3,Marsabit,9.374015422201321
2005-04-01,2005,4,Marsabit,42.0219436426524
2005-05-01,2005,5,Marsabit,37.0975191252103
2005-06-01,2005,6,Marsabit,2.3132507286567843
2005-07-01,2005,7,Marsabit,4.539174385974048
2005-08-01,2005,8,Marsabit,2.3923368633867494
2005-09-01,2005,9,Marsabit,1.3182472378616883
2005-10-01,2005,10,Marsabit,16.63132663504675
2005-11-01,2005,11,Marsabit,12.09933825694324
2005-12-01,2005,12,Marsabit,4.593972110529307
2006-01-01,2006,1,Marsabit,2.8588591595878556
2006-02-01,2006,2,Marsabit,6.675560132726326
2006-03-01,2006,3,Marsabit,17.06108426248439
2006-04-01,2006,4,Marsabit,71.92538547362581
2006-05-01,2006,5,Marsabit,13.378090593749155
2006-06-01,2006,6,Marsabit,1.6761434350597018
2006-07-01,2006,7,Marsabit,3.179229893936058
2006-08-01,2006,8,Marsabit,5.351809408786982
2006-09-01,2006,9,Marsabit,1.4388553369018047
2006-10-01,2006,10,Marsabit,47.18761983253105
2006-11-01,2006,11,Marsabit,47.841258252228165
2006-12-01,2006,12,Marsabit,42.902685197376904
2007-01-01,2007,1,Marsabit,4.335757729489822
2007-02-01,2007,2,Marsabit,5.386694911591084
2007-03-01,2007,3,Marsabit,16.61282245666644
2007-04-01,2007,4,Marsabit,47.859787851414644
2007-05-01,2007,5,Marsabit,16.000816853530917
2007-06-01,2007,6,Marsabit,6.217083670941652
2007-07-01,2007,7,Marsabit,9.10146014452765
2007-08-01,2007,8,Marsabit,4.863307654235001
2007-09-01,2007,9,Marsabit,2.0353244597694102
2007-10-01,2007,10,Marsabit,21.284546118481973
2007-11-01,2007,11,Marsabit,28.330773326094196
2007-12-01,2007,12,Marsabit,5.860179832635873
2008-01-01,2008,1,Marsabit,9.649374261980899
2008-02-01,2008,2,Marsabit,3.063887185029403
2008-03-01,2008,3,Marsabit,24.221356892065668
2008-04-01,2008,4,Marsabit,49.61164714186939
2008-05-01,2008,5,Marsabit,5.817936560388411
2008-06-01,2008,6,Marsabit,2.207585648707875
2008-07-01,2008,7,Marsabit,3.322566321379929
2008-08-01,2008,8,Marsabit,2.334348441853161
2008-09-01,2008,9,Marsabit,1.4941046658244723
2008-10-01,2008,10,Marsabit,20.86947702751778
2008-11-01,2008,11,Marsabit,24.789747096586172
2008-12-01,2008,12,Marsabit,4.287911007352319
2009-01-01,2009,1,Marsabit,6.092229682679291
2009-02-01,2009,2,Marsabit,3.261183936710883
2009-03-01,2009,3,Marsabit,9.215685793562406
2009-04-01,2009,4,Marsabit,26.627644000617288
2009-05-01,2009,5,Marsabit,14.26073866808524
2009-06-01,2009,6,Marsabit,2.1624714333808672
2009-07-01,2009,7,Marsabit,2.891916997780705
2009-08-01,2009,8,Marsabit,2.2334272694062824
2009-09-01,2009,9,Marsabit,1.1629745086987027
2009-10-01,2009,10,Marsabit,26.739471708660695
2009-11-01,2009,11,Marsabit,15.404745401389016
2009-12-01,2009,12,Marsabit,19.028634665672048
2010-01-01,2010,1,Marsabit,10.859387229367595
2010-02-01,2010,2,Marsabit,12.364179829094905
2010-03-01,2010,3,Marsabit,47.458474013178545
2010-04-01,2010,4,Marsabit,32.64618378506736
2010-05-01,2010,5,Marsabit,15.92216523820716
2010-06-01,2010,6,Marsabit,2.0625225802219957
2010-07-01,2010,7,Marsabit,4.142274973496108
2010-08-01,2010,8,Marsabit,2.441284746575802
2010-09-01,2010,9,Marsabit,1.1551524591338278
2010-10-01,2010,10,Marsabit,14.6422941121045
2010-11-01,2010,11,Marsabit,11.628338366835864
2010-12-01,2010,12,Marsabit,4.830811409506814
2011-01-01,2011,1,Marsabit,3.5509379016271825
2011-02-01,2011,2,Marsabit,6.587215216480084
2011-03-01,2011,3,Marsabit,8.739375078472834
2011-04-01,2011,4,Marsabit,16.67751699337045
2011-05-01,2011,5,Marsabit,8.250243856449078
2011-06-01,2011,6,Marsabit,2.7580202938091536
2011-07-01,2011,7,Marsabit,4.7282262676024605
2011-08-01,2011,8,Marsabit,2.427804488422413
2011-09-01,2011,9,Marsabit,1.5527391359372047
2011-10-01,2011,10,Marsabit,55.63194232507086
2011-11-01,2011,11,Marsabit,117.69829966110422
2011-12-01,2011,12,Marsabit,15.284569961906985
2012-01-01,2012,1,Marsabit,2.2797392859387755
2012-02-01,2012,2,Marsabit,2.8549307772814885
2012-03-01,2012,3,Marsabit,8.521023122369217
2012-04-01,2012,4,Marsabit,72.68270737202378
2012-05-01,2012,5,Marsabit,24.46049389085047
2012-06-01,2012,6,Marsabit,1.6385595274356881
2012-07-01,2012,7,Marsabit,4.727025792584414
2012-08-01,2012,8,Marsabit,2.625918913124832
2012-09-01,2012,9,Marsabit,1.6778066632066762
2012-10-01,2012,10,Marsabit,35.03786867313626
2012-11-01,2012,11,Marsabit,22.94114911761541
2012-12-01,2012,12,Marsabit,29.830394007773677
2013-01-01,2013,1,Marsabit,7.5336063901264
2013-02-01,2013,2,Marsabit,3.2577671798033774
2013-03-01,2013,3,Marsabit,50.25240037307126
2013-04-01,2013,4,Marsabit,92.34639585738067
2013-05-01,2013,5,Marsabit,11.531566858695378
2013-06-01,2013,6,Marsabit,1.946533722601799
2013-07-01,2013,7,Marsabit,5.124815346778005
2013-08-01,2013,8,Marsabit,2.125532012006071
2013-09-01,2013,9,Marsabit,2.792431874756479
2013-10-01,2013,10,Marsabit,17.834892844667937
2013-11-01,2013,11,Marsabit,49.812488776205875
2013-12-01,2013,12,Marsabit,6.344963143476799
2014-01-01,2014,1,Marsabit,2.6918681486329037
2014-02-01,2014,2,Marsabit,9.361167709808262
2014-03-01,2014,3,Marsabit,30.547724438480067
2014-04-01,2014,4,Marsabit,33.81468952000483
2014-05-01,2014,5,Marsabit,15.069181566506659
2014-06-01,2014,6,Marsabit,1.6338107682028968
2014-07-01,2014,7,Marsabit,4.71173820998851
2014-08-01,2014,8,Marsabit,3.6602450690712374
2014-09-01,2014,9,Marsabit,1.163840064981959
2014-10-01,2014,10,Marsabit,16.24660758505801
2014-11-01,2014,11,Marsabit,23.394885441903817
2014-12-01,2014,12,Marsabit,16.29101221903594
2015-01-01,2015,1,Marsabit,3.2815458476748725
2015-02-01,2015,2,Marsabit,3.3530357725584685
2015-03-01,2015,3,Marsabit,10.123400470063553
2015-04-01,2015,4,Marsabit,83.5290509089263
2015-05-01,2015,5,Marsabit,14.863252028313077
2015-06-01,2015,6,Marsabit,1.7868887749326046
2015-07-01,2015,7,Marsabit,3.380072194154063
2015-08-01,2015,8,Marsabit,2.384690037256356
2015-09-01,2015,9,Marsabit,1.2620957217658269
2015-10-01,2015,10,Marsabit,19.280426460928812
2015-11-01,2015,11,Marsabit,39.61473091248119
2015-12-01,2015,12,Marsabit,25.737523394255085
2016-01-01,2016,1,Marsabit,6.090825289262011
2016-02-01,2016,2,Marsabit,5.697353306922518
2016-03-01,2016,3,Marsabit,10.110889857179398
2016-04-01,2016,4,Marsabit,79.81910482246758
2016-05-01,2016,5,Marsabit,13.59657872888237
2016-06-01,2016,6,Marsabit,2.5600144805937224
2016-07-01,2016,7,Marsabit,3.14695927030384
2016-08-01,2016,8,Marsabit,2.0396468204910727
2016-09-01,2016,9,Marsabit,1.1208016375392256
2016-10-01,2016,10,Marsabit,12.241859581057158
2016-11-01,2016,11,Marsabit,25.716922184848894
2016-12-01,2016,12,Marsabit,8.687210946515561
2017-01-01,2017,1,Marsabit,4.123062570497445
2017-02-01,2017,2,Marsabit,9.676504833252093
2017-03-01,2017,3,Marsabit,8.03405789190264
2017-04-01,2017,4,Marsabit,37.247993087768556
2017-05-01,2017,5,Marsabit,21.527288100941174
2017-06-01,2017,6,Marsabit,1.6003975108892248
2017-07-01,2017,7,Marsabit,6.091899788560235
2017-08-01,2017,8,Marsabit,2.8343223003128446
2017-09-01,2017,9,Marsabit,1.927326588769956
2017-10-01,2017,10,Marsabit,39.80335927567307
2017-11-01,2017,11,Marsabit,36.34704250057584
2017-12-01,2017,12,Marsabit,4.760096282444373
2018-01-01,2018,1,Marsabit,2.5098309000105044
2018-02-01,2018,2,Marsabit,9.100657848238809
2018-03-01,2018,3,Marsabit,60.13456240193031
2018-04-01,2018,4,Marsabit,111.34430221224761
2018-05-01,2018,5,Marsabit,21.365015119943774
2018-06-01,2018,6,Marsabit,3.5816418676050708
2018-07-01,2018,7,Marsabit,3.8746170423539104
2018-08-01,2018,8,Marsabit,2.568977476539187
2018-09-01,2018,9,Marsabit,2.1321613850691956
2018-10-01,2018,10,Marsabit,20.214826044327356
2018-11-01,2018,11,Marsabit,15.18390305559616
2018-12-01,2018,12,Marsabit,33.90466090091745
2019-01-01,2019,1,Marsabit,3.8047902177313575
2019-02-01,2019,2,Marsabit,4.995307473610792
2019-03-01,2019,3,Marsabit,13.556517513200692
2019-04-01,2019,4,Marsabit,42.36735143343972
2019-05-01,2019,5,Marsabit,12.96483023376744
2019-06-01,2019,6,Marsabit,3.54878727578244
2019-07-01,2019,7,Marsabit,4.830179539486513
2019-08-01,2019,8,Marsabit,2.3564522606430085
2019-09-01,2019,9,Marsabit,1.7710155299251331
2019-10-01,2019,10,Marsabit,66.19371826867696
2019-11-01,2019,11,Marsabit,59.135108219194905
2019-12-01,2019,12,Marsabit,33.15685101935018
2020-01-01,2020,1,Marsabit,11.450821844171028
2020-02-01,2020,2,Marsabit,6.874011662852203
2020-03-01,2020,3,Marsabit,41.88007806018081
2020-04-01,2020,4,Marsabit,93.6582921165002
2020-05-01,2020,5,Marsabit,13.950956977317034
2020-06-01,2020,6,Marsabit,3.028975983676936
2020-07-01,2020,7,Marsabit,5.742441470980427
2020-08-01,2020,8,Marsabit,3.3396169617591274
2020-09-01,2020,9,Marsabit,2.535696854868126
2020-10-01,2020,10,Marsabit,29.619272319700496
2020-11-01,2020,11,Marsabit,14.631333453838641
2020-12-01,2020,12,Marsabit,18.76746290209099
2021-01-01,2021,1,Marsabit,3.308688251268713
2021-02-01,2021,2,Marsabit,6.653393205572625
2021-03-01,2021,3,Marsabit,11.908470156107922
2021-04-01,2021,4,Marsabit,29.19372836100932
2021-05-01,2021,5,Marsabit,25.133203672473112
2021-06-01,2021,6,Marsabit,1.5479751974388445
2021-07-01,2021,7,Marsabit,3.541301600360541
2021-08-01,2021,8,Marsabit,2.11100335775879
2021-09-01,2021,9,Marsabit,1.9329076700285
2021-10-01,2021,10,Marsabit,10.80674914427863
2021-11-01,2021,11,Marsabit,18.712811336232654
2021-12-01,2021,12,Marsabit,11.23961043981953
2022-01-01,2022,1,Marsabit,10.0903657360274
2022-02-01,2022,2,Marsabit,4.443352646230967
2022-03-01,2022,3,Marsabit,11.566280664560031
2022-04-01,2022,4,Marsabit,50.44645591499337
2022-05-01,2022,5,Marsabit,13.118199262963918
2022-06-01,2022,6,Marsabit,1.707591961768527
2022-07-01,2022,7,Marsabit,3.1850394937212796
2022-08-01,2022,8,Marsabit,2.660148208288323
2022-09-01,2022,9,Marsabit,1.7278703529887818
2022-10-01,2022,10,Marsabit,17.659504112351502
2022-11-01,2022,11,Marsabit,15.513079358242136
2022-12-01,2022,12,Marsabit,13.655576930500473
2023-01-01,2023,1,Marsabit,3.690567975969457
2023-02-01,2023,2,Marsabit,2.6964774093863335
2023-03-01,2023,3,Marsabit,56.471206824459244
2023-04-01,2023,4,Marsabit,104.99603558791081
2023-05-01,2023,5,Marsabit,14.901024699922818
2023-06-01,2023,6,Marsabit,1.6567787855163487
2023-07-01,2023,7,Marsabit,2.8299346430650743
2023-08-01,2023,8,Marsabit,2.0068478618351673
2023-09-01,2023,9,Marsabit,1.2069771342944162
2023-10-01,2023,10,Marsabit,60.481710113915184
2023-11-01,2023,11,Marsabit,81.68138335739293
2023-12-01,2023,12,Marsabit,9.189199885873105
2024-01-01,2024,1,Marsabit,6.467930280354759
2024-02-01,2024,2,Marsabit,13.894775363689996
2024-03-01,2024,3,Marsabit,10.687407285009268
2024-04-01,2024,4,Marsabit,113.47598930910726
2024-05-01,2024,5,Marsabit,25.516161583813954
2024-06-01,2024,6,Marsabit,1.5060431277306243
2024-07-01,2024,7,Marsabit,4.913204952158313
2024-08-01,2024,8,Marsabit,3.741609285780576
2024-09-01,2024,9,Marsabit,1.9813944116707587
2024-10-01,2024,10,Marsabit,20.367666341427682
2024-11-01,2024,11,Marsabit,44.23311523761596
2024-12-01,2024,12,Marsabit,3.1534809876528453
1981-01-01,1981,1,Samburu,2.0434298809315705
1981-02-01,1981,2,Samburu,6.301976807536305
1981-03-01,1981,3,Samburu,73.51042470674257
1981-04-01,1981,4,Samburu,70.55255741944184
1981-05-01,1981,5,Samburu,24.330340653416272
1981-06-01,1981,6,Samburu,5.516449247563091
1981-07-01,1981,7,Samburu,11.850895062325673
1981-08-01,1981,8,Samburu,14.352462221626672
1981-09-01,1981,9,Samburu,5.996237985597658
1981-10-01,1981,10,Samburu,15.032057891650533
1981-11-01,1981,11,Samburu,14.732787923152383
1981-12-01,1981,12,Samburu,17.046085869943774
1982-01-01,1982,1,Samburu,6.118732636039321
1982-02-01,1982,2,Samburu,5.571655461192131
1982-03-01,1982,3,Samburu,13.407969851107211
1982-04-01,1982,4,Samburu,61.75055020822061
1982-05-01,1982,5,Samburu,17.902134902050367
1982-06-01,1982,6,Samburu,5.31724563355244
1982-07-01,1982,7,Samburu,5.295674534673944
1982-08-01,1982,8,Samburu,10.062701275730678
1982-09-01,1982,9,Samburu,1.931596535954563
1982-10-01,1982,10,Samburu,44.36303675884929
1982-11-01,1982,11,Samburu,49.726657633523686
1982-12-01,1982,12,Samburu,32.86534825917837
1983-01-01,1983,1,Samburu,4.644748401964033
1983-02-01,1983,2,Samburu,8.144435291274174
1983-03-01,1983,3,Samburu,4.701882157776807
1983-04-01,1983,4,Samburu,33.70835795918026
1983-05-01,1983,5,Samburu,21.806399804353713
1983-06-01,1983,6,Samburu,7.466121318525646
1983-07-01,1983,7,Samburu,14.813502384208949
1983-08-01,1983,8,Samburu,21.83536398649338
1983-09-01,1983,9,Samburu,3.8447256984411267
1983-10-01,1983,10,Samburu,13.977596894982108
1983-11-01,1983,11,Samburu,18.94017051377812
1983-12-01,1983,12,Samburu,28.782693969881212
1984-01-01,1984,1,Samburu,2.856271936442401
1984-02-01,1984,2,Samburu,3.0467420963016716
1984-03-01,1984,3,Samburu,10.415565451093622
1984-04-01,1984,4,Samburu,24.04859164469951
1984-05-01,1984,5,Samburu,3.990480932915533
1984-06-01,1984,6,Samburu,2.492502233018591
1984-07-01,1984,7,Samburu,7.453562312759031
1984-08-01,1984,8,Samburu,2.9129089852125585
1984-09-01,1984,9,Samburu,4.211905437362312
1984-10-01,1984,10,Samburu,20.59867731149095
1984-11-01,1984,11,Samburu,45.53864843370141
1984-12-01,1984,12,Samburu,21.849840961275873
1985-01-01,1985,1,Samburu,3.64317552624522
1985-02-01,1985,2,Samburu,6.4608383562113785
1985-03-01,1985,3,Samburu,37.9175486899711
1985-04-01,1985,4,Samburu,63.36711675025321
1985-05-01,1985,5,Samburu,21.467444820017427
1985-06-01,1985,6,Samburu,7.561247122769129
1985-07-01,1985,7,Samburu,20.14808905194107
1985-08-01,1985,8,Samburu,4.569937822256924
1985-09-01,1985,9,Samburu,3.0432955627227685
1985-10-01,1985,10,Samburu,11.67814396108968
1985-11-01,1985,11,Samburu,35.34083338299313
1985-12-01,1985,12,Samburu,8.898533580754254
1986-01-01,1986,1,Samburu,3.060855033590987
1986-02-01,1986,2,Samburu,2.6312761610424196
1986-03-01,1986,3,Samburu,24.466991455490525
1986-04-01,1986,4,Samburu,62.947037723902106
1986-05-01,1986,5,Samburu,8.096851682360914
1986-06-01,1986,6,Samburu,21.156785475715882
1986-07-01,1986,7,Samburu,10.653755341340055
1986-08-01,1986,8,Samburu,10.429324677622954
1986-09-01,1986,9,Samburu,4.202762448495457
1986-10-01,1986,10,Samburu,21.040207090745113
1986-11-01,1986,11,Samburu,23.188767451531177
1986-12-01,1986,12,Samburu,20.17243956939594
1987-01-01,1987,1,Samburu,7.2409319494221664
1987-02-01,1987,2,Samburu,6.993449826619109
1987-03-01,1987,3,Samburu,22.85359529804539
1987-04-01,1987,4,Samburu,48.22032255739779
1987-05-01,1987,5,Samburu,23.8079561543223
1987-06-01,1987,6,Samburu,16.52802080029463
1987-07-01,1987,7,Samburu,5.779391793727793
1987-08-01,1987,8,Samburu,7.8634410841719165
1987-09-01,1987,9,Samburu,2.5247349878076446
1987-10-01,1987,10,Samburu,11.127878130797281
1987-11-01,1987,11,Samburu,26.4949790330352
1987-12-01,1987,12,Samburu,11.16835543336095
1988-01-01,1988,1,Samburu,5.735884901156297
1988-02-01,1988,2,Samburu,4.591901064724536
1988-03-01,1988,3,Samburu,20.25058860649934
1988-04-01,1988,4,Samburu,97.83737809464738
1988-05-01,1988,5,Samburu,12.173795120256978
1988-06-01,1988,6,Samburu,10.840191830869266
1988-07-01,1988,7,Samburu,18.034347554684064
1988-08-01,1988,8,Samburu,8.51457375834791
1988-09-01,1988,9,Samburu,9.089969500227024
1988-10-01,1988,10,Samburu,22.52214776459546
1988-11-01,1988,11,Samburu,25.004431172238814
1988-12-01,1988,12,Samburu,28.144196949778376
1989-01-01,1989,1,Samburu,8.563711999558114
1989-02-01,1989,2,Samburu,9.12109523020886
1989-03-01,1989,3,Samburu,24.756586583884985
1989-04-01,1989,4,Samburu,70.137620660421
1989-05-01,1989,5,Samburu,21.065419611294526
1989-06-01,1989,6,Samburu,3.238755126842422
1989-07-01,1989,7,Samburu,15.534925356140748
1989-08-01,1989,8,Samburu,12.043274695515718
1989-09-01,1989,9,Samburu,3.9975515510078417
1989-10-01,1989,10,Samburu,24.311559052744457
1989-11-01,1989,11,Samburu,61.91761842297541
1989-12-01,1989,12,Samburu,32.024064538285536
1990-01-01,1990,1,Samburu,6.222719042365616
1990-02-01,1990,2,Samburu,39.492455081681946
1990-03-01,1990,3,Samburu,75.01978820594582
1990-04-01,1990,4,Samburu,101.9416586205766
1990-05-01,1990,5,Samburu,11.899771852690625
1990-06-01,1990,6,Samburu,8.11683155134845
1990-07-01,1990,7,Samburu,13.504776801907536
1990-08-01,1990,8,Samburu,7.651305467907707
1990-09-01,1990,9,Samburu,3.602087705569973
1990-10-01,1990,10,Samburu,23.924845403946538
1990-11-01,1990,11,Samburu,29.21122873393265
1990-12-01,1990,12,Samburu,40.303651818713625
1991-01-01,1991,1,Samburu,8.190643953310477
1991-02-01,1991,2,Samburu,2.5659378851789074
1991-03-01,1991,3,Samburu,28.44771343695151
1991-04-01,1991,4,Samburu,33.49894536379222
1991-05-01,1991,5,Samburu,13.225278019582904
1991-06-01,1991,6,Samburu,10.678877494794914
1991-07-01,1991,7,Samburu,8.930331703664717
1991-08-01,1991,8,Samburu,15.716303261403246
1991-09-01,1991,9,Samburu,4.01167072450844
1991-10-01,1991,10,Samburu,22.84526522633463
1991-11-01,1991,11,Samburu,20.933766011491016
1991-12-01,1991,12,Samburu,26.414028190922092
1992-01-01,1992,1,Samburu,2.8266254479820665
1992-02-01,1992,2,Samburu,3.1115417540476127
1992-03-01,1992,3,Samburu,14.785536331099433
1992-04-01,1992,4,Samburu,42.34342226724367
1992-05-01,1992,5,Samburu,11.824435611874671
1992-06-01,1992,6,Samburu,5.81802008990014
1992-07-01,1992,7,Samburu,9.033630149102985
1992-08-01,1992,8,Samburu,6.047584850218988
1992-09-01,1992,9,Samburu,2.9627480470323486
1992-10-01,1992,10,Samburu,18.13342781441906
1992-11-01,1992,11,Samburu,39.585459977549476
1992-12-01,1992,12,Samburu,38.15462423788534
1993-01-01,1993,1,Samburu,26.902437980754954
1993-02-01,1993,2,Samburu,13.144942923494288
1993-03-01,1993,3,Samburu,6.5825460298641305
1993-04-01,1993,4,Samburu,18.50071840769536
1993-05-01,1993,5,Samburu,15.986374664951015
1993-06-01,1993,6,Samburu,6.98650227738843
1993-07-01,1993,7,Samburu,4.742964166128584
1993-08-01,1993,8,Samburu,6.53190244430004
1993-09-01,1993,9,Samburu,2.5109644585831843
1993-10-01,1993,10,Samburu,26.374162777670833
1993-11-01,1993,11,Samburu,27.442746753064363
1993-12-01,1993,12,Samburu,15.666769613446416
1994-01-01,1994,1,Samburu,3.3729817329226313
1994-02-01,1994,2,Samburu,6.205264943636752
1994-03-01,1994,3,Samburu,12.155457751815383
1994-04-01,1994,4,Samburu,46.33954158731409
1994-05-01,1994,5,Samburu,13.279499817780547
1994-06-01,1994,6,Samburu,14.86295024282685
1994-07-01,1994,7,Samburu,12.323783239819841
1994-08-01,1994,8,Samburu,17.136542400319676
1994-09-01,1994,9,Samburu,1.8918550525826503
1994-10-01,1994,10,Samburu,26.675012791963525
1994-11-01,1994,11,Samburu,61.49022593981511
1994-12-01,1994,12,Samburu,23.164066037616216
1995-01-01,1995,1,Samburu,3.269186034879169
1995-02-01,1995,2,Samburu,14.54911529937306
1995-03-01,1995,3,Samburu,30.828482523479977
1995-04-01,1995,4,Samburu,43.41944628277341
1995-05-01,1995,5,Samburu,13.593121392501367
1995-06-01,1995,6,Samburu,5.330164543077741
1995-07-01,1995,7,Samburu,10.922420012436099
1995-08-01,1995,8,Samburu,8.67440517170248
1995-09-01,1995,9,Samburu,6.014209026216599
1995-10-01,1995,10,Samburu,23.812838943766998
1995-11-01,1995,11,Samburu,24.14800455006393
1995-12-01,1995,12,Samburu,19.876874504862606
1996-01-01,1996,1,Samburu,8.863194522664354
1996-02-01,1996,2,Samburu,3.7160064131826966
1996-03-01,1996,3,Samburu,33.34154984757707
1996-04-01,1996,4,Samburu,15.976024516208751
1996-05-01,1996,5,Samburu,13.314507284418152
1996-06-01,1996,6,Samburu,25.77052586548262
1996-07-01,1996,7,Samburu,10.237404570596647
1996-08-01,1996,8,Samburu,22.5366360396668
1996-09-01,1996,9,Samburu,3.3548867554648663
1996-10-01,1996,10,Samburu,13.347094099962556
1996-11-01,1996,11,Samburu,36.60992708810278
1996-12-01,1996,12,Samburu,8.872817393895742
1997-01-01,1997,1,Samburu,2.663925349229091
1997-02-01,1997,2,Samburu,2.2562782991778207
1997-03-01,1997,3,Samburu,21.546414152351584
1997-04-01,1997,4,Samburu,101.37433064950478
1997-05-01,1997,5,Samburu,13.168926578599054
1997-06-01,1997,6,Samburu,6.657376820330999
1997-07-01,1997,7,Samburu,12.189601147092343
1997-08-01,1997,8,Samburu,9.54814026705248
1997-09-01,1997,9,Samburu,2.2853458334824004
1997-10-01,1997,10,Samburu,52.398179229507065
1997-11-01,1997,11,Samburu,134.1498814476503
1997-12-01,1997,12,Samburu,49.06204059317305
1998-01-01,1998,1,Samburu,39.79060953823296
1998-02-01,1998,2,Samburu,11.815159969233179
1998-03-01,1998,3,Samburu,16.83279128912333
1998-04-01,1998,4,Samburu,29.240231697623795
1998-05-01,1998,5,Samburu,43.02952983862645
1998-06-01,1998,6,Samburu,9.407442727401866
1998-07-01,1998,7,Samburu,11.241653538489475
1998-08-01,1998,8,Samburu,12.572050904097875
1998-09-01,1998,9,Samburu,2.5970951536685174
1998-10-01,1998,10,Samburu,17.39722666153397
1998-11-01,1998,11,Samburu,25.947291645246583
1998-12-01,1998,12,Samburu,9.841326273454202
1999-01-01,1999,1,Samburu,3.2469229466206317
1999-02-01,1999,2,Samburu,2.89489492411549
1999-03-01,1999,3,Samburu,46.12136110099586
1999-04-01,1999,4,Samburu,31.663856034665493
1999-05-01,1999,5,Samburu,8.18669468909502
1999-06-01,1999,6,Samburu,6.024809639413199
1999-07-01,1999,7,Samburu,11.713488536463922
1999-08-01,1999,8,Samburu,9.474970375550127
1999-09-01,1999,9,Samburu,1.9506634222650765
1999-10-01,1999,10,Samburu,15.354699534334145
1999-11-01,1999,11,Samburu,38.82570943582702
1999-12-01,1999,12,Samburu,17.82876432779673
2000-01-01,2000,1,Samburu,3.136748665812853
2000-02-01,2000,2,Samburu,2.250273155380745
2000-03-01,2000,3,Samburu,7.1500024843860315
2000-04-01,2000,4,Samburu,12.705550734416859
2000-05-01,2000,5,Samburu,7.763204146982045
2000-06-01,2000,6,Samburu,5.76855975466315
2000-07-01,2000,7,Samburu,9.838953879937955
2000-08-01,2000,8,Samburu,12.628374772077105
2000-09-01,2000,9,Samburu,2.3051937052516855
2000-10-01,2000,10,Samburu,12.389678358071986
2000-11-01,2000,11,Samburu,40.804320289194585
2000-12-01,2000,12,Samburu,17.802785642727002
2001-01-01,2001,1,Samburu,16.399594401668857
2001-02-01,2001,2,Samburu,2.3183737670650353
2001-03-01,2001,3,Samburu,38.2065661275709
2001-04-01,2001,4,Samburu,55.5174605111818
2001-05-01,2001,5,Samburu,8.856259868676599
2001-06-01,2001,6,Samburu,10.280525583337749
2001-07-01,2001,7,Samburu,9.871368865792887
2001-08-01,2001,8,Samburu,15.100579464140724
2001-09-01,2001,9,Samburu,3.4558335879714095
2001-10-01,2001,10,Samburu,24.759681136733697
2001-11-01,2001,11,Samburu,52.39081224170891
2001-12-01,2001,12,Samburu,12.748238798734304
2002-01-01,2002,1,Samburu,6.68747377975567
2002-02-01,2002,2,Samburu,3.0069403449828562
2002-03-01,2002,3,Samburu,52.40194639772982
2002-04-01,2002,4,Samburu,71.77681424166705
2002-05-01,2002,5,Samburu,30.190970065142658
2002-06-01,2002,6,Samburu,7.078247793917374
2002-07-01,2002,7,Samburu,6.701104952886642
2002-08-01,2002,8,Samburu,12.267400078081527
2002-09-01,2002,9,Samburu,2.478801968673915
2002-10-01,2002,10,Samburu,23.849071376972898
2002-11-01,2002,11,Samburu,28.786353350893872
2002-12-01,2002,12,Samburu,58.5853844797289
2003-01-01,2003,1,Samburu,3.155345602373819
2003-02-01,2003,2,Samburu,5.1708740138927025
2003-03-01,2003,3,Samburu,18.78030820859445
2003-04-01,2003,4,Samburu,88.10653381089907
2003-05-01,2003,5,Samburu,29.000184701745575
2003-06-01,2003,6,Samburu,5.193093644277017
2003-07-01,2003,7,Samburu,11.057707300597697
2003-08-01,2003,8,Samburu,21.86277632674197
2003-09-01,2003,9,Samburu,2.6646609344034586
2003-10-01,2003,10,Samburu,15.66002678561119
2003-11-01,2003,11,Samburu,37.85397453823605
2003-12-01,2003,12,Samburu,26.508364460919353
2004-01-01,2004,1,Samburu,18.62183476654259
2004-02-01,2004,2,Samburu,5.7332643053821615
2004-03-01,2004,3,Samburu,33.84906098262684
2004-04-01,2004,4,Samburu,59.677972863171554
2004-05-01,2004,5,Samburu,29.511166818721875
2004-06-01,2004,6,Samburu,6.598366123971399
2004-07-01,2004,7,Samburu,10.753895630009554
2004-08-01,2004,8,Samburu,12.685293184548753
2004-09-01,2004,9,Samburu,6.335343228926547
2004-10-01,2004,10,Samburu,36.14853172509181
2004-11-01,2004,11,Samburu,49.62986142240666
2004-12-01,2004,12,Samburu,18.44642029710718
2005-01-01,2005,1,Samburu,7.309542147694407
2005-02-01,2005,2,Samburu,6.231463511731174
2005-03-01,2005,3,Samburu,11.55392395483481
2005-04-01,2005,4,Samburu,48.704581478479746
2005-05-01,2005,5,Samburu,34.392223334151346
2005-06-01,2005,6,Samburu,7.315791498430231
2005-07-01,2005,7,Samburu,10.247132201975747
2005-08-01,2005,8,Samburu,11.293571258936213
2005-09-01,2005,9,Samburu,5.765287382897115
2005-10-01,2005,10,Samburu,22.027379997307456
2005-11-01,2005,11,Samburu,18.737419914877094
2005-12-01,2005,12,Samburu,9.307186861295957
2006-01-01,2006,1,Samburu,3.968887912099426
2006-02-01,2006,2,Samburu,8.997480996234996
2006-03-01,2006,3,Samburu,13.803228231056316
2006-04-01,2006,4,Samburu,58.85627369236302
2006-05-01,2006,5,Samburu,13.744474624741722
2006-06-01,2006,6,Samburu,7.051385268441378
2006-07-01,2006,7,Samburu,8.341790334919839
2006-08-01,2006,8,Samburu,20.54834345252145
2006-09-01,2006,9,Samburu,2.9369026195759256
2006-10-01,2006,10,Samburu,38.042374104823566
2006-11-01,2006,11,Samburu,53.14259586205353
2006-12-01,2006,12,Samburu,49.74884457717071
2007-01-01,2007,1,Samburu,7.390193109576766
2007-02-01,2007,2,Samburu,9.339038113967792
2007-03-01,2007,3,Samburu,25.022442991669113
2007-04-01,2007,4,Samburu,47.668866709116344
2007-05-01,2007,5,Samburu,15.941945449282994
2007-06-01,2007,6,Samburu,16.241835356322202
2007-07-01,2007,7,Samburu,19.83546739461677
2007-08-01,2007,8,Samburu,16.13405805930525
2007-09-01,2007,9,Samburu,9.370261645564986
2007-10-01,2007,10,Samburu,23.75315003786121
2007-11-01,2007,11,Samburu,32.820391240152155
2007-12-01,2007,12,Samburu,13.807353495584952
2008-01-01,2008,1,Samburu,12.115804698982755
2008-02-01,2008,2,Samburu,3.315941501368542
2008-03-01,2008,3,Samburu,30.638335743465937
2008-04-01,2008,4,Samburu,36.19629990474598
2008-05-01,2008,5,Samburu,7.7012528116034495
2008-06-01,2008,6,Samburu,6.306911104569809
2008-07-01,2008,7,Samburu,10.245800294011008
2008-08-01,2008,8,Samburu,8.60371391587631
2008-09-01,2008,9,Samburu,4.471623400554434
2008-10-01,2008,10,Samburu,31.48370688408162
2008-11-01,2008,11,Samburu,41.270808726629696
2008-12-01,2008,12,Samburu,10.6798764982739
2009-01-01,2009,1,Samburu,6.607821371748641
2009-02-01,2009,2,Samburu,2.875332993993888
2009-03-01,2009,3,Samburu,5.63614365216848
2009-04-01,2009,4,Samburu,24.792621738846236
2009-05-01,2009,5,Samburu,19.586255588281798
2009-06-01,2009,6,Samburu,5.297295183240052
2009-07-01,2009,7,Samburu,6.782025991067898
2009-08-01,2009,8,Samburu,8.11992436398837
2009-09-01,2009,9,Samburu,2.554724102411061
2009-10-01,2009,10,Samburu,34.95202796238476
2009-11-01,2009,11,Samburu,23.78513074670289
2009-12-01,2009,12,Samburu,37.47526887171977
2010-01-01,2010,1,Samburu,13.188008869660868
2010-02-01,2010,2,Samburu,27.157207013465264
2010-03-01,2010,3,Samburu,65.14883136491518
2010-04-01,2010,4,Samburu,40.1063154220581
2010-05-01,2010,5,Samburu,22.137193480536745
2010-06-01,2010,6,Samburu,8.269208975624222
2010-07-01,2010,7,Samburu,10.311408093138077
2010-08-01,2010,8,Samburu,12.546628211049217
2010-09-01,2010,9,Samburu,3.513053566573685
2010-10-01,2010,10,Samburu,18.885403487606652
2010-11-01,2010,11,Samburu,22.80854920189123
2010-12-01,2010,12,Samburu,9.111278939891506
2011-01-01,2011,1,Samburu,3.3843653127148343
2011-02-01,2011,2,Samburu,7.549327030415471
2011-03-01,2011,3,Samburu,16.962339010754146
2011-04-01,2011,4,Samburu,20.312354434503092
2011-05-01,2011,5,Samburu,13.307004228435659
2011-06-01,2011,6,Samburu,13.42230510778501
2011-07-01,2011,7,Samburu,13.693942272062285
2011-08-01,2011,8,Samburu,15.967976869169695
2011-09-01,2011,9,Samburu,5.441158523355466
2011-10-01,2011,10,Samburu,49.73297964836188
2011-11-01,2011,11,Samburu,98.07035772381602
2011-12-01,2011,12,Samburu,23.449518471150785
2012-01-01,2012,1,Samburu,2.334608552584777
2012-02-01,2012,2,Samburu,4.572372513526195
2012-03-01,2012,3,Samburu,5.358620641682599
2012-04-01,2012,4,Samburu,81.32690869924184
2012-05-01,2012,5,Samburu,34.725927503447274
2012-06-01,2012,6,Samburu,9.933106701538014
2012-07-01,2012,7,Samburu,14.774652503685344
2012-08-01,2012,8,Samburu,12.005125929679432
2012-09-01,2012,9,Samburu,4.526084276318629
2012-10-01,2012,10,Samburu,46.19489222466176
2012-11-01,2012,11,Samburu,25.989395131935943
2012-12-01,2012,12,Samburu,38.703690143533656
2013-01-01,2013,1,Samburu,8.303342652804142
2013-02-01,2013,2,Samburu,2.8206990919604493
2013-03-01,2013,3,Samburu,59.89471828099843
2013-04-01,2013,4,Samburu,87.19624073183215
2013-05-01,2013,5,Samburu,9.846243217869384
2013-06-01,2013,6,Samburu,11.254960512934298
2013-07-01,2013,7,Samburu,11.144186081925433
2013-08-01,2013,8,Samburu,8.67526249588998
2013-09-01,2013,9,Samburu,4.901061477484101
2013-10-01,2013,10,Samburu,19.061201180204932
2013-11-01,2013,11,Samburu,39.055024887903315
2013-12-01,2013,12,Samburu,21.42077699351955
2014-01-01,2014,1,Samburu,2.744323490278141
2014-02-01,2014,2,Samburu,13.688858683367034
2014-03-01,2014,3,Samburu,41.74834052420951
2014-04-01,2014,4,Samburu,38.565179766191015
2014-05-01,2014,5,Samburu,10.144616992167524
2014-06-01,2014,6,Samburu,6.034128311346668
2014-07-01,2014,7,Samburu,6.335685910709081
2014-08-01,2014,8,Samburu,17.950951317748043
2014-09-01,2014,9,Samburu,2.9323709908322892
2014-10-01,2014,10,Samburu,22.14927752987736
2014-11-01,2014,11,Samburu,33.26408066467659
2014-12-01,2014,12,Samburu,23.36997889054788
2015-01-01,2015,1,Samburu,3.4747242404802425
2015-02-01,2015,2,Samburu,6.615867389174732
2015-03-01,2015,3,Samburu,15.21628269569294
2015-04-01,2015,4,Samburu,84.90605081609777
2015-05-01,2015,5,Samburu,13.174590605980642
2015-06-01,2015,6,Samburu,6.37648703709532
2015-07-01,2015,7,Samburu,7.732685051762704
2015-08-01,2015,8,Samburu,6.954243431082445
2015-09-01,2015,9,Samburu,2.105469108502478
2015-10-01,2015,10,Samburu,23.53876606457894
2015-11-01,2015,11,Samburu,50.17155290793728
2015-12-01,2015,12,Samburu,35.16236519942412
2016-01-01,2016,1,Samburu,13.066061829876256
2016-02-01,2016,2,Samburu,4.8863810241222385
2016-03-01,2016,3,Samburu,14.944258904457092
2016-04-01,2016,4,Samburu,49.36507362417272
2016-05-01,2016,5,Samburu,17.478843931289944
2016-06-01,2016,6,Samburu,8.200168773190324
2016-07-01,2016,7,Samburu,6.8202798795004815
2016-08-01,2016,8,Samburu,7.923609247392668
2016-09-01,2016,9,Samburu,2.4307117906721065
2016-10-01,2016,10,Samburu,10.897733186144995
2016-11-01,2016,11,Samburu,38.23098812538224
2016-12-01,2016,12,Samburu,11.604077919753822
2017-01-01,2017,1,Samburu,3.3858908830462275
2017-02-01,2017,2,Samburu,10.822797933663871
2017-03-01,2017,3,Samburu,6.880810201490248
2017-04-01,2017,4,Samburu,30.72438245206266
2017-05-01,2017,5,Samburu,20.757015877317738
2017-06-01,2017,6,Samburu,5.0032770872687475
2017-07-01,2017,7,Samburu,13.032672118080963
2017-08-01,2017,8,Samburu,13.150442745430032
2017-09-01,2017,9,Samburu,4.330097360893685
2017-10-01,2017,10,Samburu,49.776179762197835
2017-11-01,2017,11,Samburu,41.97085401238622
2017-12-01,2017,12,Samburu,11.390016508746792
2018-01-01,2018,1,Samburu,2.5221273700933198
2018-02-01,2018,2,Samburu,3.1343713093045595
2018-03-01,2018,3,Samburu,76.57917734610068
2018-04-01,2018,4,Samburu,113.98822303462673
2018-05-01,2018,5,Samburu,41.279169651221586
2018-06-01,2018,6,Samburu,27.35453621582672
2018-07-01,2018,7,Samburu,9.043616705753864
2018-08-01,2018,8,Samburu,10.080399763941259
2018-09-01,2018,9,Samburu,3.5907783484226568
2018-10-01,2018,10,Samburu,18.069522870065736
2018-11-01,2018,11,Samburu,23.149174895640964
2018-12-01,2018,12,Samburu,51.693187865695435
2019-01-01,2019,1,Samburu,6.7806950892951035
2019-02-01,2019,2,Samburu,5.280774828630524
2019-03-01,2019,3,Samburu,13.82644204126822
2019-04-01,2019,4,Samburu,43.06759644327937
2019-05-01,2019,5,Samburu,15.854125898029354
2019-06-01,2019,6,Samburu,16.293228765499816
2019-07-01,2019,7,Samburu,9.589372481980902
2019-08-01,2019,8,Samburu,10.549591161690298
2019-09-01,2019,9,Samburu,5.627343490688444
2019-10-01,2019,10,Samburu,59.09593530619147
2019-11-01,2019,11,Samburu,70.93769931616009
2019-12-01,2019,12,Samburu,55.57609309634647
2020-01-01,2020,1,Samburu,15.946117485213923
2020-02-01,2020,2,Samburu,15.278860990743379
2020-03-01,2020,3,Samburu,56.49297816044575
2020-04-01,2020,4,Samburu,110.24842027200235
2020-05-01,2020,5,Samburu,24.579189879427084
2020-06-01,2020,6,Samburu,18.39173124625603
2020-07-01,2020,7,Samburu,10.768846686198325
2020-08-01,2020,8,Samburu,19.330159265570277
2020-09-01,2020,9,Samburu,5.5538460454892835
2020-10-01,2020,10,Samburu,29.39289393384102
2020-11-01,2020,11,Samburu,25.15148842801919
2020-12-01,2020,12,Samburu,16.10968230737222
2021-01-01,2021,1,Samburu,7.5118764371485325
2021-02-01,2021,2,Samburu,11.612494883505073
2021-03-01,2021,3,Samburu,16.04716802803246
2021-04-01,2021,4,Samburu,21.14162378697782
2021-05-01,2021,5,Samburu,40.38113934744049
2021-06-01,2021,6,Samburu,5.553769819779772
2021-07-01,2021,7,Samburu,6.943714206032503
2021-08-01,2021,8,Samburu,8.934159624096225
2021-09-01,2021,9,Samburu,4.987643555204261
2021-10-01,2021,10,Samburu,14.486659702851721
2021-11-01,2021,11,Samburu,24.34393915989109
2021-12-01,2021,12,Samburu,27.590229073730676
2022-01-01,2022,1,Samburu,8.720345650492488
2022-02-01,2022,2,Samburu,6.917199907592825
2022-03-01,2022,3,Samburu,14.301194498345659
2022-04-01,2022,4,Samburu,50.15108619122892
2022-05-01,2022,5,Samburu,14.08982567013921
2022-06-01,2022,6,Samburu,4.918348342265746
2022-07-01,2022,7,Samburu,7.448913196621231
2022-08-01,2022,8,Samburu,11.233458092946304
2022-09-01,2022,9,Samburu,4.74701306500298
2022-10-01,2022,10,Samburu,13.193554595656401
2022-11-01,2022,11,Samburu,27.64105410624195
2022-12-01,2022,12,Samburu,23.92972197274904
2023-01-01,2023,1,Samburu,5.346290732074428
2023-02-01,2023,2,Samburu,2.402990631195339
2023-03-01,2023,3,Samburu,47.36342497129698
2023-04-01,2023,4,Samburu,99.08497348476101
2023-05-01,2023,5,Samburu,18.070608536939364
2023-06-01,2023,6,Samburu,8.722588162570766
2023-07-01,2023,7,Samburu,7.727853915089479
2023-08-01,2023,8,Samburu,7.927969505965325
2023-09-01,2023,9,Samburu,3.827644179013131
2023-10-01,2023,10,Samburu,54.42352698444156
2023-11-01,2023,11,Samburu,69.15966762417071
2023-12-01,2023,12,Samburu,15.208135073249405
2024-01-01,2024,1,Samburu,12.406804626052445
2024-02-01,2024,2,Samburu,26.05718601072157
2024-03-01,2024,3,Samburu,8.718077858718665
2024-04-01,2024,4,Samburu,97.03952061421163
2024-05-01,2024,5,Samburu,33.688224085279415
2024-06-01,2024,6,Samburu,4.834764648491744
2024-07-01,2024,7,Samburu,14.764498671464109
2024-08-01,2024,8,Samburu,12.352217465654482
2024-09-01,2024,9,Samburu,2.658143007991388
2024-10-01,2024,10,Samburu,21.62704950633249
2024-11-01,2024,11,Samburu,50.348731963054554
2024-12-01,2024,12,Samburu,7.514678680574572
1981-01-01,1981,1,Turkana,1.6178452672211678
1981-02-01,1981,2,Turkana,6.586109926459179
1981-03-01,1981,3,Turkana,45.13476134619121
1981-04-01,1981,4,Turkana,30.631505844544392
1981-05-01,1981,5,Turkana,5.886423833984034
1981-06-01,1981,6,Turkana,11.404516544210574
1981-07-01,1981,7,Turkana,9.305721291567504
1981-08-01,1981,8,Turkana,13.105281175054271
1981-09-01,1981,9,Turkana,4.56973436900185
1981-10-01,1981,10,Turkana,4.812809708404807
1981-11-01,1981,11,Turkana,3.163234613294855
1981-12-01,1981,12,Turkana,4.730296660349171
1982-01-01,1982,1,Turkana,2.36631918683344
1982-02-01,1982,2,Turkana,5.744659109383213
1982-03-01,1982,3,Turkana,16.23735288248706
1982-04-01,1982,4,Turkana,34.62850341916646
1982-05-01,1982,5,Turkana,22.13734486297919
1982-06-01,1982,6,Turkana,5.735520244580423
1982-07-01,1982,7,Turkana,10.275995515579332
1982-08-01,1982,8,Turkana,8.487963161985368
1982-09-01,1982,9,Turkana,2.3451799031650427
1982-10-01,1982,10,Turkana,9.323373453285802
1982-11-01,1982,11,Turkana,29.88756666134815
1982-12-01,1982,12,Turkana,15.473544608854237
1983-01-01,1983,1,Turkana,1.8379396273633188
1983-02-01,1983,2,Turkana,4.325159868813198
1983-03-01,1983,3,Turkana,5.90292304632615
1983-04-01,1983,4,Turkana,14.310060893722007
1983-05-01,1983,5,Turkana,7.122230477748055
1983-06-01,1983,6,Turkana,10.338025601180139
1983-07-01,1983,7,Turkana,13.47141371959794
1983-08-01,1983,8,Turkana,31.602864434571245
1983-09-01,1983,9,Turkana,4.1669978189682935
1983-10-01,1983,10,Turkana,5.422410398231312
1983-11-01,1983,11,Turkana,6.896629160723329
1983-12-01,1983,12,Turkana,5.522805033055729
1984-01-01,1984,1,Turkana,1.5553911992668918
1984-02-01,1984,2,Turkana,3.4052965551895475
1984-03-01,1984,3,Turkana,7.204106270518371
1984-04-01,1984,4,Turkana,18.315898259917457
1984-05-01,1984,5,Turkana,4.1792897582521995
1984-06-01,1984,6,Turkana,4.714262126770976
1984-07-01,1984,7,Turkana,7.971743681741472
1984-08-01,1984,8,Turkana,3.5475815448945087
1984-09-01,1984,9,Turkana,9.286910892591543
1984-10-01,1984,10,Turkana,3.173289685869191
1984-11-01,1984,11,Turkana,12.043326487229608
1984-12-01,1984,12,Turkana,6.75615024847363
1985-01-01,1985,1,Turkana,4.401553980783914
1985-02-01,1985,2,Turkana,3.8451825222190545
1985-03-01,1985,3,Turkana,24.84909272231337
1985-04-01,1985,4,Turkana,44.97973454129565
1985-05-01,1985,5,Turkana,14.847417244427433
1985-06-01,1985,6,Turkana,9.973174897646839
1985-07-01,1985,7,Turkana,12.113941006233778
1985-08-01,1985,8,Turkana,5.437543277560004
1985-09-01,1985,9,Turkana,2.095858820790355
1985-10-01,1985,10,Turkana,2.47726039725248
1985-11-01,1985,11,Turkana,4.862218874063653
1985-12-01,1985,12,Turkana,2.7608715347255606
1986-01-01,1986,1,Turkana,1.3149718377663164
1986-02-01,1986,2,Turkana,3.1318524422319944
1986-03-01,1986,3,Turkana,28.42336234455019
1986-04-01,1986,4,Turkana,28.446345909049786
1986-05-01,1986,5,Turkana,8.352375876602938
1986-06-01,1986,6,Turkana,20.551339224308403
1986-07-01,1986,7,Turkana,9.889676592600775
1986-08-01,1986,8,Turkana,6.345810103573759
1986-09-01,1986,9,Turkana,2.487709640794412
1986-10-01,1986,10,Turkana,4.451339132319969
1986-11-01,1986,11,Turkana,4.013912371486963
1986-12-01,1986,12,Turkana,5.903635020158728
1987-01-01,1987,1,Turkana,2.6869517939057044
1987-02-01,1987,2,Turkana,8.373206975625672
1987-03-01,1987,3,Turkana,13.883736400533135
1987-04-01,1987,4,Turkana,24.634127734033054
1987-05-01,1987,5,Turkana,27.50833425635773
1987-06-01,1987,6,Turkana,18.830312323228718
1987-07-01,1987,7,Turkana,6.64453267031225
1987-08-01,1987,8,Turkana,4.981423900648367
1987-09-01,1987,9,Turkana,4.42242776104555
1987-10-01,1987,10,Turkana,3.2815840024803173
1987-11-01,1987,11,Turkana,7.434161631077575
1987-12-01,1987,12,Turkana,4.1359301901874215
1988-01-01,1988,1,Turkana,2.5975778459379772
1988-02-01,1988,2,Turkana,3.830549251247238
1988-03-01,1988,3,Turkana,9.551993951692687
1988-04-01,1988,4,Turkana,41.032833784678296
1988-05-01,1988,5,Turkana,8.115851358058782
1988-06-01,1988,6,Turkana,11.382996401060929
1988-07-01,1988,7,Turkana,39.60345117637838
1988-08-01,1988,8,Turkana,12.464171395126842
1988-09-01,1988,9,Turkana,9.762343717069935
1988-10-01,1988,10,Turkana,9.664720201234886
1988-11-01,1988,11,Turkana,3.5836986107356976
1988-12-01,1988,12,Turkana,4.956769074852837
1989-01-01,1989,1,Turkana,1.5979364223813337
1989-02-01,1989,2,Turkana,11.81774690634976
1989-03-01,1989,3,Turkana,27.875998655705473
1989-04-01,1989,4,Turkana,20.66187400645701
1989-05-01,1989,5,Turkana,23.015060514714598
1989-06-01,1989,6,Turkana,4.513949364292168
1989-07-01,1989,7,Turkana,23.651106914134004
1989-08-01,1989,8,Turkana,6.354907223062949
1989-09-01,1989,9,Turkana,8.546741616647214
1989-10-01,1989,10,Turkana,4.215952394563906
1989-11-01,1989,11,Turkana,9.945275640726276
1989-12-01,1989,12,Turkana,16.508330499358603
1990-01-01,1990,1,Turkana,2.386329047580716
1990-02-01,1990,2,Turkana,20.686157726792377
1990-03-01,1990,3,Turkana,30.290592799942758
1990-04-01,1990,4,Turkana,19.775797147952968
1990-05-01,1990,5,Turkana,10.421333369107412
1990-06-01,1990,6,Turkana,5.764627575733972
1990-07-01,1990,7,Turkana,11.559289372697169
1990-08-01,1990,8,Turkana,6.446867039240019
1990-09-01,1990,9,Turkana,2.840141343450849
1990-10-01,1990,10,Turkana,8.92637757011504
1990-11-01,1990,11,Turkana,4.4684981256431
1990-12-01,1990,12,Turkana,8.217411408899718
1991-01-01,1991,1,Turkana,6.364583538128779
1991-02-01,1991,2,Turkana,2.358093715829883
1991-03-01,1991,3,Turkana,25.106242936297527
1991-04-01,1991,4,Turkana,13.069021988513892
1991-05-01,1991,5,Turkana,28.713322245415
1991-06-01,1991,6,Turkana,11.02586319156611
1991-07-01,1991,7,Turkana,12.132323769890533
1991-08-01,1991,8,Turkana,11.202130301842345
1991-09-01,1991,9,Turkana,2.929959504955795
1991-10-01,1991,10,Turkana,13.877745459106249
1991-11-01,1991,11,Turkana,6.775044190652048
1991-12-01,1991,12,Turkana,5.7050124600974135
1992-01-01,1992,1,Turkana,1.4589979444137735
1992-02-01,1992,2,Turkana,3.2231429304395403
1992-03-01,1992,3,Turkana,10.756664834460434
1992-04-01,1992,4,Turkana,19.379235982894897
1992-05-01,1992,5,Turkana,11.204719776922202
1992-06-01,1992,6,Turkana,6.617597630303031
1992-07-01,1992,7,Turkana,12.663826913249736
1992-08-01,1992,8,Turkana,5.719796965620955
1992-09-01,1992,9,Turkana,3.3149696483928976
1992-10-01,1992,10,Turkana,7.7238154173894955
1992-11-01,1992,11,Turkana,8.91217305733467
1992-12-01,1992,12,Turkana,14.406172554945833
1993-01-01,1993,1,Turkana,6.250709769490001
1993-02-01,1993,2,Turkana,12.07082474868002
1993-03-01,1993,3,Turkana,8.259822999102354
1993-04-01,1993,4,Turkana,12.70790147987228
1993-05-01,1993,5,Turkana,34.36493700959104
1993-06-01,1993,6,Turkana,8.901345129529806
1993-07-01,1993,7,Turkana,5.955171841935049
1993-08-01,1993,8,Turkana,4.93385440603577
1993-09-01,1993,9,Turkana,1.866771315356046
1993-10-01,1993,10,Turkana,3.8827432533417197
1993-11-01,1993,11,Turkana,5.834343336774051
1993-12-01,1993,12,Turkana,4.234981305417685
1994-01-01,1994,1,Turkana,1.5157360112180516
1994-02-01,1994,2,Turkana,2.8282038081478285
1994-03-01,1994,3,Turkana,18.744662035016848
1994-04-01,1994,4,Turkana,24.390353595256055
1994-05-01,1994,5,Turkana,18.817736135710913
1994-06-01,1994,6,Turkana,14.030736987910334
1994-07-01,1994,7,Turkana,12.85260238939402
1994-08-01,1994,8,Turkana,17.880569391742092
1994-09-01,1994,9,Turkana,3.4806353890560255
1994-10-01,1994,10,Turkana,6.8497863811419215
1994-11-01,1994,11,Turkana,17.69239960413198
1994-12-01,1994,12,Turkana,7.516410246701967
1995-01-01,1995,1,Turkana,1.3725376010549313
1995-02-01,1995,2,Turkana,5.207701392974734
1995-03-01,1995,3,Turkana,17.798328126992686
1995-04-01,1995,4,Turkana,16.59853180092021
1995-05-01,1995,5,Turkana,11.097566083295847
1995-06-01,1995,6,Turkana,7.5793046750584425
1995-07-01,1995,7,Turkana,14.586498696257593
1995-08-01,1995,8,Turkana,5.260931808577508
1995-09-01,1995,9,Turkana,7.108638980794804
1995-10-01,1995,10,Turkana,6.963427165525289
1995-11-01,1995,11,Turkana,4.009391257100778
1995-12-01,1995,12,Turkana,10.174344894463076
1996-01-01,1996,1,Turkana,5.164278431019191
1996-02-01,1996,2,Turkana,4.619275094248249
1996-03-01,1996,3,Turkana,23.46574957666442
1996-04-01,1996,4,Turkana,16.53591145011282
1996-05-01,1996,5,Turkana,9.280813561223178
1996-06-01,1996,6,Turkana,26.986639331002813
1996-07-01,1996,7,Turkana,15.769838746151708
1996-08-01,1996,8,Turkana,13.201921404601078
1996-09-01,1996,9,Turkana,3.9584297902497383
1996-10-01,1996,10,Turkana,4.484023775282912
1996-11-01,1996,11,Turkana,6.721698888663782
1996-12-01,1996,12,Turkana,5.3644303601802426
1997-01-01,1997,1,Turkana,2.184464624388439
1997-02-01,1997,2,Turkana,1.89187615046649
1997-03-01,1997,3,Turkana,15.71325650394805
1997-04-01,1997,4,Turkana,47.256901836095835
1997-05-01,1997,5,Turkana,10.907386793785697
1997-06-01,1997,6,Turkana,6.645903523455797
1997-07-01,1997,7,Turkana,17.423020283786617
1997-08-01,1997,8,Turkana,8.662640945506363
1997-09-01,1997,9,Turkana,2.4061103601151412
1997-10-01,1997,10,Turkana,10.277947932565798
1997-11-01,1997,11,Turkana,37.78390561823778
1997-12-01,1997,12,Turkana,17.16674829156283
1998-01-01,1998,1,Turkana,8.884574015904072
1998-02-01,1998,2,Turkana,7.622259769886966
1998-03-01,1998,3,Turkana,13.104865912365577
1998-04-01,1998,4,Turkana,13.544478855009544
1998-05-01,1998,5,Turkana,22.15778089517046
1998-06-01,1998,6,Turkana,21.274992193623184
1998-07-01,1998,7,Turkana,12.71148130040341
1998-08-01,1998,8,Turkana,12.499082990938117
1998-09-01,1998,9,Turkana,3.0213313328485736
1998-10-01,1998,10,Turkana,8.035730890919687
1998-11-01,1998,11,Turkana,5.402033399088744
1998-12-01,1998,12,Turkana,4.896024506919238
1999-01-01,1999,1,Turkana,1.7488202797702193
1999-02-01,1999,2,Turkana,2.163374227540366
1999-03-01,1999,3,Turkana,27.832486078540796
1999-04-01,1999,4,Turkana,20.948100942270347
1999-05-01,1999,5,Turkana,6.247507027790442
1999-06-01,1999,6,Turkana,5.438277236514928
1999-07-01,1999,7,Turkana,14.414590312229407
1999-08-01,1999,8,Turkana,6.3626519763254485
1999-09-01,1999,9,Turkana,2.9468044374384568
1999-10-01,1999,10,Turkana,6.050986481257676
1999-11-01,1999,11,Turkana,5.135930824188554
1999-12-01,1999,12,Turkana,7.826336904447906
2000-01-01,2000,1,Turkana,1.592146320142776
2000-02-01,2000,2,Turkana,2.1142363688635113
2000-03-01,2000,3,Turkana,6.740561348162416
2000-04-01,2000,4,Turkana,7.887118443261885
2000-05-01,2000,5,Turkana,6.1088321485572745
2000-06-01,2000,6,Turkana,7.413412355541528
2000-07-01,2000,7,Turkana,9.197790526005686
2000-08-01,2000,8,Turkana,9.91318761626934
2000-09-01,2000,9,Turkana,2.7546908788806244
2000-10-01,2000,10,Turkana,8.555769744325572
2000-11-01,2000,11,Turkana,8.629375068479607
2000-12-01,2000,12,Turkana,8.08560527325425
2001-01-01,2001,1,Turkana,4.920443380646279
2001-02-01,2001,2,Turkana,3.3972375146822427
2001-03-01,2001,3,Turkana,22.32734005866657
2001-04-01,2001,4,Turkana,22.061971735729713
2001-05-01,2001,5,Turkana,5.872990620400014
2001-06-01,2001,6,Turkana,10.080719717797272
2001-07-01,2001,7,Turkana,11.172326546074645
2001-08-01,2001,8,Turkana,8.617814427794336
2001-09-01,2001,9,Turkana,5.248423573456046
2001-10-01,2001,10,Turkana,11.395955285569295
2001-11-01,2001,11,Turkana,9.749420657110644
2001-12-01,2001,12,Turkana,4.0952598025884885
2002-01-01,2002,1,Turkana,3.582915821783771
2002-02-01,2002,2,Turkana,2.0862465471824634
2002-03-01,2002,3,Turkana,28.267035548690725
2002-04-01,2002,4,Turkana,24.109952291289527
2002-05-01,2002,5,Turkana,25.776531274595666
2002-06-01,2002,6,Turkana,7.908602697163633
2002-07-01,2002,7,Turkana,7.264471952825364
2002-08-01,2002,8,Turkana,6.152684173799665
2002-09-01,2002,9,Turkana,2.9514932349366414
2002-10-01,2002,10,Turkana,5.441510138181713
2002-11-01,2002,11,Turkana,8.510306438603665
2002-12-01,2002,12,Turkana,22.939041725507522
2003-01-01,2003,1,Turkana,1.7978108864938445
2003-02-01,2003,2,Turkana,3.5976976241735126
2003-03-01,2003,3,Turkana,24.6181354773475
2003-04-01,2003,4,Turkana,41.00412729957976
2003-05-01,2003,5,Turkana,25.886199164872455
2003-06-01,2003,6,Turkana,7.352246954399665
2003-07-01,2003,7,Turkana,12.333809244576578
2003-08-01,2003,8,Turkana,18.496619602258857
2003-09-01,2003,9,Turkana,3.008742741333743
2003-10-01,2003,10,Turkana,3.729527484922708
2003-11-01,2003,11,Turkana,7.230155655631746
2003-12-01,2003,12,Turkana,9.97951341966632
2004-01-01,2004,1,Turkana,6.546941873136458
2004-02-01,2004,2,Turkana,2.6053518749761806
2004-03-01,2004,3,Turkana,13.104575559894556
2004-04-01,2004,4,Turkana,34.15938241103755
2004-05-01,2004,5,Turkana,12.218212025482764
2004-06-01,2004,6,Turkana,5.438330047932019
2004-07-01,2004,7,Turkana,11.511968194736603
2004-08-01,2004,8,Turkana,9.615738423365743
2004-09-01,2004,9,Turkana,8.995022750265418
2004-10-01,2004,10,Turkana,5.186651099730395
2004-11-01,2004,11,Turkana,20.431330909510983
2004-12-01,2004,12,Turkana,8.839782653274117
2005-01-01,2005,1,Turkana,3.398979458741528
2005-02-01,2005,2,Turkana,3.0609522443878783
2005-03-01,2005,3,Turkana,17.469174808759703
2005-04-01,2005,4,Turkana,17.097588232211077
2005-05-01,2005,5,Turkana,40.717933278536684
2005-06-01,2005,6,Turkana,8.48695272952903
2005-07-01,2005,7,Turkana,14.72445123517532
2005-08-01,2005,8,Turkana,6.859758608230336
2005-09-01,2005,9,Turkana,8.245911815514495
2005-10-01,2005,10,Turkana,4.564196659724736
2005-11-01,2005,11,Turkana,4.923599106562287
2005-12-01,2005,12,Turkana,2.926542264138885
2006-01-01,2006,1,Turkana,1.6817104602861255
2006-02-01,2006,2,Turkana,5.039170074406748
2006-03-01,2006,3,Turkana,22.4978673806183
2006-04-01,2006,4,Turkana,27.58415298297229
2006-05-01,2006,5,Turkana,14.0336433699182
2006-06-01,2006,6,Turkana,7.660260904451695
2006-07-01,2006,7,Turkana,9.962277556513692
2006-08-01,2006,8,Turkana,20.3113654545001
2006-09-01,2006,9,Turkana,3.590119246247733
2006-10-01,2006,10,Turkana,12.298671887347309
2006-11-01,2006,11,Turkana,30.42748110779975
2006-12-01,2006,12,Turkana,25.98550452504839
2007-01-01,2007,1,Turkana,3.0254942632077064
2007-02-01,2007,2,Turkana,10.706940002914875
2007-03-01,2007,3,Turkana,18.713333350335784
2007-04-01,2007,4,Turkana,38.242405080346145
2007-05-01,2007,5,Turkana,23.088482131874496
2007-06-01,2007,6,Turkana,39.250599066704936
2007-07-01,2007,7,Turkana,32.130915926988685
2007-08-01,2007,8,Turkana,18.83318382451308
2007-09-01,2007,9,Turkana,10.802252503976316
2007-10-01,2007,10,Turkana,4.527441165047191
2007-11-01,2007,11,Turkana,6.557617821819858
2007-12-01,2007,12,Turkana,6.041009964991589
2008-01-01,2008,1,Turkana,2.768872041623671
2008-02-01,2008,2,Turkana,3.3360514034001008
2008-03-01,2008,3,Turkana,23.060400952723935
2008-04-01,2008,4,Turkana,16.6488283144623
2008-05-01,2008,5,Turkana,4.280074211755648
2008-06-01,2008,6,Turkana,7.5654299775697
2008-07-01,2008,7,Turkana,10.309661069554474
2008-08-01,2008,8,Turkana,8.392414905461285
2008-09-01,2008,9,Turkana,5.2907681647496485
2008-10-01,2008,10,Turkana,10.770896408040917
2008-11-01,2008,11,Turkana,11.854038125053165
2008-12-01,2008,12,Turkana,3.3810369031302034
2009-01-01,2009,1,Turkana,4.033067090381259
2009-02-01,2009,2,Turkana,2.4744662487970044
2009-03-01,2009,3,Turkana,12.112627386859673
2009-04-01,2009,4,Turkana,22.839392471163762
2009-05-01,2009,5,Turkana,17.780461286854006
2009-06-01,2009,6,Turkana,7.389706536519284
2009-07-01,2009,7,Turkana,7.664482168022841
2009-08-01,2009,8,Turkana,5.295338070014232
2009-09-01,2009,9,Turkana,3.665218175961825
2009-10-01,2009,10,Turkana,8.108628692943483
2009-11-01,2009,11,Turkana,6.7534879795750795
2009-12-01,2009,12,Turkana,25.55146639837388
2010-01-01,2010,1,Turkana,5.345990268458003
2010-02-01,2010,2,Turkana,14.459085876002229
2010-03-01,2010,3,Turkana,46.30173875473358
2010-04-01,2010,4,Turkana,20.50929521391493
2010-05-01,2010,5,Turkana,27.143714989665632
2010-06-01,2010,6,Turkana,7.720847574751269
2010-07-01,2010,7,Turkana,12.423068637844157
2010-08-01,2010,8,Turkana,8.02960418779666
2010-09-01,2010,9,Turkana,4.89751998995352
2010-10-01,2010,10,Turkana,5.760744527080339
2010-11-01,2010,11,Turkana,3.4169264669402897
2010-12-01,2010,12,Turkana,5.740365340814486
2011-01-01,2011,1,Turkana,1.4537218553211475
2011-02-01,2011,2,Turkana,4.2304390008960455
2011-03-01,2011,3,Turkana,22.02314638567495
2011-04-01,2011,4,Turkana,12.470457793685668
2011-05-01,2011,5,Turkana,10.738698449365947
2011-06-01,2011,6,Turkana,12.819195185301115
2011-07-01,2011,7,Turkana,23.854073507258057
2011-08-01,2011,8,Turkana,13.133296290321898
2011-09-01,2011,9,Turkana,8.88910850030915
2011-10-01,2011,10,Turkana,9.449138754748162
2011-11-01,2011,11,Turkana,51.43084079682172
2011-12-01,2011,12,Turkana,12.059077067549225
2012-01-01,2012,1,Turkana,1.1614463314577774
2012-02-01,2012,2,Turkana,2.5926160401601805
2012-03-01,2012,3,Turkana,11.174665019220235
2012-04-01,2012,4,Turkana,43.19232757162636
2012-05-01,2012,5,Turkana,36.186081518651555
2012-06-01,2012,6,Turkana,11.729091879705573
2012-07-01,2012,7,Turkana,25.68141830416639
2012-08-01,2012,8,Turkana,18.22881882365214
2012-09-01,2012,9,Turkana,8.225468775926105
2012-10-01,2012,10,Turkana,11.683338498702124
2012-11-01,2012,11,Turkana,13.69222800721366
2012-12-01,2012,12,Turkana,22.109193394285167
2013-01-01,2013,1,Turkana,3.3850998917544843
2013-02-01,2013,2,Turkana,3.7396648647132062
2013-03-01,2013,3,Turkana,24.2828240899875
2013-04-01,2013,4,Turkana,49.37183066477394
2013-05-01,2013,5,Turkana,14.772610559989369
2013-06-01,2013,6,Turkana,8.441393029254684
2013-07-01,2013,7,Turkana,15.98925831965412
2013-08-01,2013,8,Turkana,8.342126991550089
2013-09-01,2013,9,Turkana,5.346527538956981
2013-10-01,2013,10,Turkana,6.139615350204889
2013-11-01,2013,11,Turkana,16.026264440244887
2013-12-01,2013,12,Turkana,6.655321428689702
2014-01-01,2014,1,Turkana,1.4111251033363013
2014-02-01,2014,2,Turkana,5.512696787130141
2014-03-01,2014,3,Turkana,26.9615177492519
2014-04-01,2014,4,Turkana,12.61317581874048
2014-05-01,2014,5,Turkana,9.476336053708565
2014-06-01,2014,6,Turkana,6.4160591728073
2014-07-01,2014,7,Turkana,16.216095443048882
2014-08-01,2014,8,Turkana,14.4900938193555
2014-09-01,2014,9,Turkana,4.948524921249534
2014-10-01,2014,10,Turkana,10.341193151791732
2014-11-01,2014,11,Turkana,14.322016181409639
2014-12-01,2014,12,Turkana,7.51433522416808
2015-01-01,2015,1,Turkana,1.2344574219133453
2015-02-01,2015,2,Turkana,3.0208819484224123
2015-03-01,2015,3,Turkana,8.616447872700085
2015-04-01,2015,4,Turkana,44.384691493664654
2015-05-01,2015,5,Turkana,16.200191906473513
2015-06-01,2015,6,Turkana,11.471538816705884
2015-07-01,2015,7,Turkana,9.311953800252319
2015-08-01,2015,8,Turkana,5.226071212507983
2015-09-01,2015,9,Turkana,3.2732139279166392
2015-10-01,2015,10,Turkana,7.159261189539407
2015-11-01,2015,11,Turkana,29.438100300565527
2015-12-01,2015,12,Turkana,13.997349738513282
2016-01-01,2016,1,Turkana,2.1258961720453513
2016-02-01,2016,2,Turkana,3.1236913780823605
2016-03-01,2016,3,Turkana,15.725646706540694
2016-04-01,2016,4,Turkana,46.111050728538906
2016-05-01,2016,5,Turkana,15.476446844181236
2016-06-01,2016,6,Turkana,10.347470798370322
2016-07-01,2016,7,Turkana,9.838782463661355
2016-08-01,2016,8,Turkana,6.430453291990366
2016-09-01,2016,9,Turkana,2.5196426857881296
2016-10-01,2016,10,Turkana,4.749143241622967
2016-11-01,2016,11,Turkana,6.312264657153907
2016-12-01,2016,12,Turkana,3.2736651720581476
2017-01-01,2017,1,Turkana,3.108771566272343
2017-02-01,2017,2,Turkana,13.302257429206016
2017-03-01,2017,3,Turkana,12.525226507680944
2017-04-01,2017,4,Turkana,11.606068477338674
2017-05-01,2017,5,Turkana,13.41628201486575
2017-06-01,2017,6,Turkana,4.441952506200158
2017-07-01,2017,7,Turkana,32.64331760455151
2017-08-01,2017,8,Turkana,9.246086978486606
2017-09-01,2017,9,Turkana,7.635959487355661
2017-10-01,2017,10,Turkana,19.23686600384035
2017-11-01,2017,11,Turkana,10.812593941043133
2017-12-01,2017,12,Turkana,3.954015592952351
2018-01-01,2018,1,Turkana,1.0993638941243267
2018-02-01,2018,2,Turkana,6.394886182863821
2018-03-01,2018,3,Turkana,45.95096341856233
2018-04-01,2018,4,Turkana,67.60193929642298
2018-05-01,2018,5,Turkana,34.68277615814044
2018-06-01,2018,6,Turkana,17.728219576460695
2018-07-01,2018,7,Turkana,8.015147971816864
2018-08-01,2018,8,Turkana,10.372883431154364
2018-09-01,2018,9,Turkana,2.9253673552986106
2018-10-01,2018,10,Turkana,4.902671390874962
2018-11-01,2018,11,Turkana,5.508413876156839
2018-12-01,2018,12,Turkana,12.360610632918881
2019-01-01,2019,1,Turkana,1.3992055216848007
2019-02-01,2019,2,Turkana,4.002863197840364
2019-03-01,2019,3,Turkana,15.17409082035442
2019-04-01,2019,4,Turkana,26.149665314136907
2019-05-01,2019,5,Turkana,7.806091705027213
2019-06-01,2019,6,Turkana,20.90213055841426
2019-07-01,2019,7,Turkana,19.967759202001982
2019-08-01,2019,8,Turkana,11.42106206515684
2019-09-01,2019,9,Turkana,5.1489598153184835
2019-10-01,2019,10,Turkana,22.160989928364163
2019-11-01,2019,11,Turkana,20.409795085643673
2019-12-01,2019,12,Turkana,27.46546133421654
2020-01-01,2020,1,Turkana,5.783411417969355
2020-02-01,2020,2,Turkana,6.875637651659443
2020-03-01,2020,3,Turkana,58.68658833376467
2020-04-01,2020,4,Turkana,41.47727194835477
2020-05-01,2020,5,Turkana,15.013758857218399
2020-06-01,2020,6,Turkana,21.017061199636156
2020-07-01,2020,7,Turkana,15.615657669783014
2020-08-01,2020,8,Turkana,20.77431208351437
2020-09-01,2020,9,Turkana,9.677579363404343
2020-10-01,2020,10,Turkana,18.004188071757376
2020-11-01,2020,11,Turkana,10.105570816889616
2020-12-01,2020,12,Turkana,14.157826415972208
2021-01-01,2021,1,Turkana,2.6523875901753335
2021-02-01,2021,2,Turkana,7.801857956163176
2021-03-01,2021,3,Turkana,10.766258101448347
2021-04-01,2021,4,Turkana,19.026511673276055
2021-05-01,2021,5,Turkana,25.86476733969463
2021-06-01,2021,6,Turkana,4.836043409933007
2021-07-01,2021,7,Turkana,12.965360967480407
2021-08-01,2021,8,Turkana,7.052701955626088
2021-09-01,2021,9,Turkana,7.82130950388136
2021-10-01,2021,10,Turkana,5.1983083426831245
2021-11-01,2021,11,Turkana,6.181851995047445
2021-12-01,2021,12,Turkana,3.685665097654895
2022-01-01,2022,1,Turkana,4.729789786707475
2022-02-01,2022,2,Turkana,4.592011800530005
2022-03-01,2022,3,Turkana,11.325751055447235
2022-04-01,2022,4,Turkana,27.910517894304714
2022-05-01,2022,5,Turkana,16.073518572752384
2022-06-01,2022,6,Turkana,4.946396238563854
2022-07-01,2022,7,Turkana,8.077029715855042
2022-08-01,2022,8,Turkana,11.392097823473872
2022-09-01,2022,9,Turkana,7.488012990880745
2022-10-01,2022,10,Turkana,6.883614369097915
2022-11-01,2022,11,Turkana,8.381506094647634
2022-12-01,2022,12,Turkana,10.123236971382443
2023-01-01,2023,1,Turkana,1.3415023233256123
2023-02-01,2023,2,Turkana,2.7843170481466424
2023-03-01,2023,3,Turkana,34.995745086595065
2023-04-01,2023,4,Turkana,53.33361846723212
2023-05-01,2023,5,Turkana,8.03880137532622
2023-06-01,2023,6,Turkana,6.460580925177929
2023-07-01,2023,7,Turkana,8.53798876181128
2023-08-01,2023,8,Turkana,4.612476188514025
2023-09-01,2023,9,Turkana,4.068316433489587
2023-10-01,2023,10,Turkana,17.486548109967462
2023-11-01,2023,11,Turkana,16.73705265511944
2023-12-01,2023,12,Turkana,8.308551575269204
2024-01-01,2024,1,Turkana,4.916651666491896
2024-02-01,2024,2,Turkana,16.63392065215148
2024-03-01,2024,3,Turkana,17.574937985119302
2024-04-01,2024,4,Turkana,68.70542792734958
2024-05-01,2024,5,Turkana,17.276617584133074
2024-06-01,2024,6,Turkana,4.80127517140969
2024-07-01,2024,7,Turkana,33.19311284307782
2024-08-01,2024,8,Turkana,12.877136759003815
2024-09-01,2024,9,Turkana,5.690059840410432
2024-10-01,2024,10,Turkana,20.216906136501706
2024-11-01,2024,11,Turkana,21.750212720742965
2024-12-01,2024,12,Turkana,2.467525512705231
1981-01-01,1981,1,Wajir,1.158213134216864
1981-02-01,1981,2,Wajir,2.6594094930224603
1981-03-01,1981,3,Wajir,66.91989830084562
1981-04-01,1981,4,Wajir,152.20088647117078
1981-05-01,1981,5,Wajir,39.877561049425445
1981-06-01,1981,6,Wajir,1.5585438355660535
1981-07-01,1981,7,Wajir,3.907242680630597
1981-08-01,1981,8,Wajir,2.3817889731965116
1981-09-01,1981,9,Wajir,2.799593501176125
1981-10-01,1981,10,Wajir,15.492842848247049
1981-11-01,1981,11,Wajir,15.871672715275475
1981-12-01,1981,12,Wajir,6.263839518481148
1982-01-01,1982,1,Wajir,1.7263589037897702
1982-02-01,1982,2,Wajir,2.6026519116440094
1982-03-01,1982,3,Wajir,8.80834352903744
1982-04-01,1982,4,Wajir,68.169543595225
1982-05-01,1982,5,Wajir,27.08112701173302
1982-06-01,1982,6,Wajir,1.3463188531308183
1982-07-01,1982,7,Wajir,2.4035635323775186
1982-08-01,1982,8,Wajir,1.5534090936448917
1982-09-01,1982,9,Wajir,4.184509647290823
1982-10-01,1982,10,Wajir,83.65048170792561
1982-11-01,1982,11,Wajir,70.27645128889237
1982-12-01,1982,12,Wajir,11.385162428641296
1983-01-01,1983,1,Wajir,1.6295782533037129
1983-02-01,1983,2,Wajir,4.355143679348008
1983-03-01,1983,3,Wajir,3.039754566192002
1983-04-01,1983,4,Wajir,41.241117791039336
1983-05-01,1983,5,Wajir,17.268720915190244
1983-06-01,1983,6,Wajir,1.4524889293579526
1983-07-01,1983,7,Wajir,2.8031105346510325
1983-08-01,1983,8,Wajir,1.7290051697077888
1983-09-01,1983,9,Wajir,2.998219352353412
1983-10-01,1983,10,Wajir,10.926854490804313
1983-11-01,1983,11,Wajir,18.93564320329053
1983-12-01,1983,12,Wajir,14.373898375748885
1984-01-01,1984,1,Wajir,1.4499529401786673
1984-02-01,1984,2,Wajir,2.4344481887717424
1984-03-01,1984,3,Wajir,5.186972436770587
1984-04-01,1984,4,Wajir,37.58481569005902
1984-05-01,1984,5,Wajir,9.750915647080168
1984-06-01,1984,6,Wajir,1.135331473526337
1984-07-01,1984,7,Wajir,2.1555815472804505
1984-08-01,1984,8,Wajir,1.3736202974638207
1984-09-01,1984,9,Wajir,2.5095423949748774
1984-10-01,1984,10,Wajir,21.935933743154187
1984-11-01,1984,11,Wajir,54.97377768603068
1984-12-01,1984,12,Wajir,16.16647171435339
1985-01-01,1985,1,Wajir,2.3643909330997475
1985-02-01,1985,2,Wajir,3.6969055456292073
1985-03-01,1985,3,Wajir,33.12473093327092
1985-04-01,1985,4,Wajir,74.62259703185416
1985-05-01,1985,5,Wajir,23.265814806081178
1985-06-01,1985,6,Wajir,1.1982044771177804
1985-07-01,1985,7,Wajir,2.3481029525985004
1985-08-01,1985,8,Wajir,1.6717453064094394
1985-09-01,1985,9,Wajir,2.526639588897126
1985-10-01,1985,10,Wajir,12.491234009749297
1985-11-01,1985,11,Wajir,19.74335428983549
1985-12-01,1985,12,Wajir,5.890169114157524
1986-01-01,1986,1,Wajir,1.4822905750849424
1986-02-01,1986,2,Wajir,2.5132020134399493
1986-03-01,1986,3,Wajir,14.603528683434694
1986-04-01,1986,4,Wajir,103.42643831879671
1986-05-01,1986,5,Wajir,11.010338823911678
1986-06-01,1986,6,Wajir,1.414059270239172
1986-07-01,1986,7,Wajir,2.20076821005438
1986-08-01,1986,8,Wajir,1.5655128614864768
1986-09-01,1986,9,Wajir,2.8279735864263027
1986-10-01,1986,10,Wajir,12.030509009191023
1986-11-01,1986,11,Wajir,57.41217247712741
1986-12-01,1986,12,Wajir,28.009028352286986
1987-01-01,1987,1,Wajir,4.402404200589505
1987-02-01,1987,2,Wajir,2.2808235712298166
1987-03-01,1987,3,Wajir,10.39304374906613
1987-04-01,1987,4,Wajir,58.82002384374464
1987-05-01,1987,5,Wajir,35.970471168126664
1987-06-01,1987,6,Wajir,1.0463655256198015
1987-07-01,1987,7,Wajir,2.297361821021511
1987-08-01,1987,8,Wajir,2.183383248748962
1987-09-01,1987,9,Wajir,2.0175090893795558
1987-10-01,1987,10,Wajir,6.073358056079041
1987-11-01,1987,11,Wajir,14.880111249048438
1987-12-01,1987,12,Wajir,7.926699789242787
1988-01-01,1988,1,Wajir,3.6623427198240104
1988-02-01,1988,2,Wajir,3.2222153275980543
1988-03-01,1988,3,Wajir,22.24918440135627
1988-04-01,1988,4,Wajir,121.18226711499351
1988-05-01,1988,5,Wajir,7.772959293282075
1988-06-01,1988,6,Wajir,1.3472483285085468
1988-07-01,1988,7,Wajir,2.2011189869271783
1988-08-01,1988,8,Wajir,1.6382208364164002
1988-09-01,1988,9,Wajir,3.406348846367137
1988-10-01,1988,10,Wajir,14.139428181371805
1988-11-01,1988,11,Wajir,27.848068249174855
1988-12-01,1988,12,Wajir,17.2755353464051
1989-01-01,1989,1,Wajir,3.914402314142989
1989-02-01,1989,2,Wajir,3.706421415961222
1989-03-01,1989,3,Wajir,13.585098136654457
1989-04-01,1989,4,Wajir,75.06214160837972
1989-05-01,1989,5,Wajir,24.78025453328071
1989-06-01,1989,6,Wajir,1.3452809349097443
1989-07-01,1989,7,Wajir,2.1550897803754
1989-08-01,1989,8,Wajir,1.651016796790156
1989-09-01,1989,9,Wajir,2.4483835946486656
1989-10-01,1989,10,Wajir,28.098420097521004
1989-11-01,1989,11,Wajir,77.94148830784917
1989-12-01,1989,12,Wajir,13.653237870119847
1990-01-01,1990,1,Wajir,1.9724973478826429
1990-02-01,1990,2,Wajir,15.30216578987439
1990-03-01,1990,3,Wajir,49.20264864639497
1990-04-01,1990,4,Wajir,106.49739191909325
1990-05-01,1990,5,Wajir,7.65982472406541
1990-06-01,1990,6,Wajir,1.179963426639381
1990-07-01,1990,7,Wajir,2.0806919382781057
1990-08-01,1990,8,Wajir,1.4913583608858
1990-09-01,1990,9,Wajir,2.2341721296661845
1990-10-01,1990,10,Wajir,17.844666295312408
1990-11-01,1990,11,Wajir,42.38295260094206
1990-12-01,1990,12,Wajir,44.208805436585095
1991-01-01,1991,1,Wajir,3.127227017303939
1991-02-01,1991,2,Wajir,3.2273359313543764
1991-03-01,1991,3,Wajir,12.623812515541173
1991-04-01,1991,4,Wajir,47.01072085493321
1991-05-01,1991,5,Wajir,24.981534848067163
1991-06-01,1991,6,Wajir,1.1917340429966368
1991-07-01,1991,7,Wajir,5.251707238150274
1991-08-01,1991,8,Wajir,1.7236151807109923
1991-09-01,1991,9,Wajir,2.063550301596566
1991-10-01,1991,10,Wajir,9.365324104335945
1991-11-01,1991,11,Wajir,17.569129668100523
1991-12-01,1991,12,Wajir,18.85280961768572
1992-01-01,1992,1,Wajir,2.007044119304647
1992-02-01,1992,2,Wajir,3.4890811016158985
1992-03-01,1992,3,Wajir,7.869608596391925
1992-04-01,1992,4,Wajir,99.33490132676395
1992-05-01,1992,5,Wajir,10.452465752754062
1992-06-01,1992,6,Wajir,1.1600099589712902
1992-07-01,1992,7,Wajir,2.48662973072854
1992-08-01,1992,8,Wajir,1.7760699596186422
1992-09-01,1992,9,Wajir,2.9478100801330296
1992-10-01,1992,10,Wajir,9.007606680261242
1992-11-01,1992,11,Wajir,65.99035506587398
1992-12-01,1992,12,Wajir,42.06080990043812
1993-01-01,1993,1,Wajir,6.76137225111703
1993-02-01,1993,2,Wajir,4.594893386783344
1993-03-01,1993,3,Wajir,7.065630556050965
1993-04-01,1993,4,Wajir,72.03462496875272
1993-05-01,1993,5,Wajir,30.58772838877101
1993-06-01,1993,6,Wajir,1.5434276088981393
1993-07-01,1993,7,Wajir,2.0763835936254917
1993-08-01,1993,8,Wajir,1.4033159622758
1993-09-01,1993,9,Wajir,2.2528205309057094
1993-10-01,1993,10,Wajir,31.298562729745235
1993-11-01,1993,11,Wajir,30.82709177790647
1993-12-01,1993,12,Wajir,14.154604186942997
1994-01-01,1994,1,Wajir,1.3634104295867098
1994-02-01,1994,2,Wajir,2.633273772009466
1994-03-01,1994,3,Wajir,7.638258815709778
1994-04-01,1994,4,Wajir,52.38828145516649
1994-05-01,1994,5,Wajir,12.950911033048108
1994-06-01,1994,6,Wajir,1.4090818745748062
1994-07-01,1994,7,Wajir,2.401864114758118
1994-08-01,1994,8,Wajir,1.5976421002230476
1994-09-01,1994,9,Wajir,2.404910916935371
1994-10-01,1994,10,Wajir,42.196871590075475
1994-11-01,1994,11,Wajir,83.57992169117482
1994-12-01,1994,12,Wajir,18.286640529120277
1995-01-01,1995,1,Wajir,1.4187675615900117
1995-02-01,1995,2,Wajir,5.360624459935453
1995-03-01,1995,3,Wajir,22.29433778493552
1995-04-01,1995,4,Wajir,102.0622650781226
1995-05-01,1995,5,Wajir,8.17237415902934
1995-06-01,1995,6,Wajir,1.2154626241279725
1995-07-01,1995,7,Wajir,2.779158778597001
1995-08-01,1995,8,Wajir,2.003514656483031
1995-09-01,1995,9,Wajir,2.24324759047343
1995-10-01,1995,10,Wajir,36.90552634080824
1995-11-01,1995,11,Wajir,26.69517060900531
1995-12-01,1995,12,Wajir,20.765727670240356
1996-01-01,1996,1,Wajir,3.341108830022765
1996-02-01,1996,2,Wajir,2.6352979049032883
1996-03-01,1996,3,Wajir,16.229918363091986
1996-04-01,1996,4,Wajir,38.71679493860069
1996-05-01,1996,5,Wajir,16.397654644161452
1996-06-01,1996,6,Wajir,1.3487875088668113
1996-07-01,1996,7,Wajir,2.744208192196124
1996-08-01,1996,8,Wajir,1.5344393232955755
1996-09-01,1996,9,Wajir,2.19034480292056
1996-10-01,1996,10,Wajir,6.033473674523959
1996-11-01,1996,11,Wajir,45.23477396198152
1996-12-01,1996,12,Wajir,3.3497608273762625
1997-01-01,1997,1,Wajir,1.4131316364768134
1997-02-01,1997,2,Wajir,2.3155239291008365
1997-03-01,1997,3,Wajir,33.442797368759024
1997-04-01,1997,4,Wajir,123.09739408171298
1997-05-01,1997,5,Wajir,16.642482595603035
1997-06-01,1997,6,Wajir,1.455252228159556
1997-07-01,1997,7,Wajir,2.8388821318030413
1997-08-01,1997,8,Wajir,1.5869732674087975
1997-09-01,1997,9,Wajir,3.13566069499688
1997-10-01,1997,10,Wajir,172.2681903345562
1997-11-01,1997,11,Wajir,197.04501102121392
1997-12-01,1997,12,Wajir,66.85574268599709
1998-01-01,1998,1,Wajir,19.637678136210187
1998-02-01,1998,2,Wajir,5.489997420200082
1998-03-01,1998,3,Wajir,12.589022871317958
1998-04-01,1998,4,Wajir,81.62051674861264
1998-05-01,1998,5,Wajir,37.064604415918545
1998-06-01,1998,6,Wajir,1.6289843783860092
1998-07-01,1998,7,Wajir,2.732800994636996
1998-08-01,1998,8,Wajir,1.7654360776161426
1998-09-01,1998,9,Wajir,2.211445081694728
1998-10-01,1998,10,Wajir,5.78267084224631
1998-11-01,1998,11,Wajir,24.844159943214837
1998-12-01,1998,12,Wajir,5.312671479966419
1999-01-01,1999,1,Wajir,1.6736596738397977
1999-02-01,1999,2,Wajir,2.819397598339072
1999-03-01,1999,3,Wajir,18.725820145917805
1999-04-01,1999,4,Wajir,30.33678164077594
1999-05-01,1999,5,Wajir,6.980219645477536
1999-06-01,1999,6,Wajir,1.329184171941204
1999-07-01,1999,7,Wajir,2.4249316569797927
1999-08-01,1999,8,Wajir,1.560004806817788
1999-09-01,1999,9,Wajir,1.9308542945406064
1999-10-01,1999,10,Wajir,12.961941179665354
1999-11-01,1999,11,Wajir,51.61535485595943
1999-12-01,1999,12,Wajir,19.306099242395625
2000-01-01,2000,1,Wajir,1.7097434171722867
2000-02-01,2000,2,Wajir,2.0594703233948777
2000-03-01,2000,3,Wajir,3.1198405697038827
2000-04-01,2000,4,Wajir,20.2117357338369
2000-05-01,2000,5,Wajir,10.660637810860468
2000-06-01,2000,6,Wajir,1.153455987629423
2000-07-01,2000,7,Wajir,2.1528228475646993
2000-08-01,2000,8,Wajir,1.5540809622515614
2000-09-01,2000,9,Wajir,2.195814775465904
2000-10-01,2000,10,Wajir,12.300922072367163
2000-11-01,2000,11,Wajir,30.2401899944709
2000-12-01,2000,12,Wajir,9.853036432003842
2001-01-01,2001,1,Wajir,2.5629373269123286
2001-02-01,2001,2,Wajir,3.626717232033498
2001-03-01,2001,3,Wajir,11.775365836964722
2001-04-01,2001,4,Wajir,58.3594665202476
2001-05-01,2001,5,Wajir,8.81445201195696
2001-06-01,2001,6,Wajir,1.0903194463468717
2001-07-01,2001,7,Wajir,2.321416767190986
2001-08-01,2001,8,Wajir,1.5511780376329918
2001-09-01,2001,9,Wajir,2.1302879349329493
2001-10-01,2001,10,Wajir,11.76422596165207
2001-11-01,2001,11,Wajir,43.97280576320465
2001-12-01,2001,12,Wajir,10.90294345292817
2002-01-01,2002,1,Wajir,1.4637176684774105
2002-02-01,2002,2,Wajir,2.082160352684418
2002-03-01,2002,3,Wajir,9.720619973377287
2002-04-01,2002,4,Wajir,143.45086365795666
2002-05-01,2002,5,Wajir,8.764268960887941
2002-06-01,2002,6,Wajir,1.1776143594157151
2002-07-01,2002,7,Wajir,2.730969114598559
2002-08-01,2002,8,Wajir,1.3845573900725594
2002-09-01,2002,9,Wajir,2.7929950549959393
2002-10-01,2002,10,Wajir,36.18511769032033
2002-11-01,2002,11,Wajir,39.5852694103767
2002-12-01,2002,12,Wajir,33.90028304191562
2003-01-01,2003,1,Wajir,1.578251206187627
2003-02-01,2003,2,Wajir,2.4070995449434136
2003-03-01,2003,3,Wajir,9.06059200538013
2003-04-01,2003,4,Wajir,131.16051028089527
2003-05-01,2003,5,Wajir,35.83885818241543
2003-06-01,2003,6,Wajir,1.184636162080188
2003-07-01,2003,7,Wajir,2.2197099382530987
2003-08-01,2003,8,Wajir,1.5477753440581488
2003-09-01,2003,9,Wajir,1.8094423925860998
2003-10-01,2003,10,Wajir,23.31556626721909
2003-11-01,2003,11,Wajir,46.99032149157132
2003-12-01,2003,12,Wajir,22.809422946233965
2004-01-01,2004,1,Wajir,4.753336303807305
2004-02-01,2004,2,Wajir,2.65452192823808
2004-03-01,2004,3,Wajir,6.6294513492165645
2004-04-01,2004,4,Wajir,78.71927233863728
2004-05-01,2004,5,Wajir,8.262587213258527
2004-06-01,2004,6,Wajir,1.1995408273528874
2004-07-01,2004,7,Wajir,2.204019222715403
2004-08-01,2004,8,Wajir,1.3614776423758572
2004-09-01,2004,9,Wajir,1.7655700777657024
2004-10-01,2004,10,Wajir,35.827269470734635
2004-11-01,2004,11,Wajir,67.70323044457984
2004-12-01,2004,12,Wajir,8.362007442084524
2005-01-01,2005,1,Wajir,1.8632436808780728
2005-02-01,2005,2,Wajir,3.305804970457325
2005-03-01,2005,3,Wajir,3.304854927553414
2005-04-01,2005,4,Wajir,48.471671903168534
2005-05-01,2005,5,Wajir,20.84290883734778
2005-06-01,2005,6,Wajir,1.4041175976008273
2005-07-01,2005,7,Wajir,2.451067597051531
2005-08-01,2005,8,Wajir,1.343779753406252
2005-09-01,2005,9,Wajir,1.7437492038845976
2005-10-01,2005,10,Wajir,10.672687342078655
2005-11-01,2005,11,Wajir,19.981873766071008
2005-12-01,2005,12,Wajir,2.4441572486319543
2006-01-01,2006,1,Wajir,2.3022417640084716
2006-02-01,2006,2,Wajir,2.873963338993746
2006-03-01,2006,3,Wajir,8.151098221042608
2006-04-01,2006,4,Wajir,110.67452883978106
2006-05-01,2006,5,Wajir,12.02927594221189
2006-06-01,2006,6,Wajir,1.050064544632412
2006-07-01,2006,7,Wajir,2.2661982024044813
2006-08-01,2006,8,Wajir,1.4478922591733
2006-09-01,2006,9,Wajir,2.195825124388244
2006-10-01,2006,10,Wajir,74.02114406227089
2006-11-01,2006,11,Wajir,100.18630327773883
2006-12-01,2006,12,Wajir,27.735186270405496
2007-01-01,2007,1,Wajir,1.8756857687162642
2007-02-01,2007,2,Wajir,2.859027745487102
2007-03-01,2007,3,Wajir,8.700832318837941
2007-04-01,2007,4,Wajir,54.945650918500135
2007-05-01,2007,5,Wajir,24.01151088343813
2007-06-01,2007,6,Wajir,1.773118770385698
2007-07-01,2007,7,Wajir,2.2412567407067967
2007-08-01,2007,8,Wajir,2.3139916472208353
2007-09-01,2007,9,Wajir,5.190516395819527
2007-10-01,2007,10,Wajir,47.74961429855841
2007-11-01,2007,11,Wajir,41.64430105010681
2007-12-01,2007,12,Wajir,4.2850443654633565
2008-01-01,2008,1,Wajir,4.601484210987853
2008-02-01,2008,2,Wajir,2.3453803276414367
2008-03-01,2008,3,Wajir,8.95429411927794
2008-04-01,2008,4,Wajir,73.78109088351677
2008-05-01,2008,5,Wajir,7.982755471029479
2008-06-01,2008,6,Wajir,1.9592273045945232
2008-07-01,2008,7,Wajir,2.3403550194044636
2008-08-01,2008,8,Wajir,1.4229731537513672
2008-09-01,2008,9,Wajir,1.8056132980069293
2008-10-01,2008,10,Wajir,14.407623726072915
2008-11-01,2008,11,Wajir,56.78320395934789
2008-12-01,2008,12,Wajir,2.690629756493604
2009-01-01,2009,1,Wajir,2.5475069012674707
2009-02-01,2009,2,Wajir,3.454725241059754
2009-03-01,2009,3,Wajir,3.313910216219965
2009-04-01,2009,4,Wajir,44.58616274456645
2009-05-01,2009,5,Wajir,16.045020491089776
2009-06-01,2009,6,Wajir,1.1252590050155609
2009-07-01,2009,7,Wajir,2.257781600301664
2009-08-01,2009,8,Wajir,1.3094030705566226
2009-09-01,2009,9,Wajir,1.7482643971824272
2009-10-01,2009,10,Wajir,75.34214946523167
2009-11-01,2009,11,Wajir,15.712683107983352
2009-12-01,2009,12,Wajir,22.426621456596056
2010-01-01,2010,1,Wajir,2.5539934783929925
2010-02-01,2010,2,Wajir,3.408240987322895
2010-03-01,2010,3,Wajir,48.21385878841876
2010-04-01,2010,4,Wajir,65.28748151352474
2010-05-01,2010,5,Wajir,11.800362574597324
2010-06-01,2010,6,Wajir,1.079476687265794
2010-07-01,2010,7,Wajir,2.4102449588442036
2010-08-01,2010,8,Wajir,1.3300440525161568
2010-09-01,2010,9,Wajir,1.9212004397975941
2010-10-01,2010,10,Wajir,11.685950908354764
2010-11-01,2010,11,Wajir,22.982011559983373
2010-12-01,2010,12,Wajir,4.219983397293903
2011-01-01,2011,1,Wajir,1.769183031933994
2011-02-01,2011,2,Wajir,2.663127575707834
2011-03-01,2011,3,Wajir,2.772233468214098
2011-04-01,2011,4,Wajir,20.91892385014229
2011-05-01,2011,5,Wajir,7.756952092222335
2011-06-01,2011,6,Wajir,1.1640718611834673
2011-07-01,2011,7,Wajir,2.2006688513087913
2011-08-01,2011,8,Wajir,1.384240323303863
2011-09-01,2011,9,Wajir,1.968055065659043
2011-10-01,2011,10,Wajir,85.80384187420353
2011-11-01,2011,11,Wajir,113.04115287225987
2011-12-01,2011,12,Wajir,13.492159178871582
2012-01-01,2012,1,Wajir,1.1841802393124996
2012-02-01,2012,2,Wajir,2.758391349697519
2012-03-01,2012,3,Wajir,3.3259906115158637
2012-04-01,2012,4,Wajir,60.88742113785005
2012-05-01,2012,5,Wajir,19.51667041107744
2012-06-01,2012,6,Wajir,1.049653006588117
2012-07-01,2012,7,Wajir,2.205869616364067
2012-08-01,2012,8,Wajir,1.5437899119430472
2012-09-01,2012,9,Wajir,1.962200377491549
2012-10-01,2012,10,Wajir,33.85967406826725
2012-11-01,2012,11,Wajir,28.692174583819902
2012-12-01,2012,12,Wajir,9.63837864068622
2013-01-01,2013,1,Wajir,3.3866399252684123
2013-02-01,2013,2,Wajir,2.3666455420829258
2013-03-01,2013,3,Wajir,54.41197459111243
2013-04-01,2013,4,Wajir,111.01746313180684
2013-05-01,2013,5,Wajir,9.840056347956315
2013-06-01,2013,6,Wajir,1.2957198371640126
2013-07-01,2013,7,Wajir,2.945748844375828
2013-08-01,2013,8,Wajir,1.5124741157271575
2013-09-01,2013,9,Wajir,3.9557625830193017
2013-10-01,2013,10,Wajir,15.546126296939594
2013-11-01,2013,11,Wajir,45.565600935920045
2013-12-01,2013,12,Wajir,9.339653668152165
2014-01-01,2014,1,Wajir,1.5309613040830516
2014-02-01,2014,2,Wajir,3.1306103267632195
2014-03-01,2014,3,Wajir,21.883503741761952
2014-04-01,2014,4,Wajir,79.46570480701536
2014-05-01,2014,5,Wajir,21.957306790734524
2014-06-01,2014,6,Wajir,1.3717691160987926
2014-07-01,2014,7,Wajir,2.7253228241813203
2014-08-01,2014,8,Wajir,1.8127665159992883
2014-09-01,2014,9,Wajir,2.158786346765569
2014-10-01,2014,10,Wajir,11.533423000423783
2014-11-01,2014,11,Wajir,56.4900733977117
2014-12-01,2014,12,Wajir,8.435109709350156
2015-01-01,2015,1,Wajir,1.9006808402301678
2015-02-01,2015,2,Wajir,2.4749165936997004
2015-03-01,2015,3,Wajir,21.688915540693316
2015-04-01,2015,4,Wajir,81.05843685511249
2015-05-01,2015,5,Wajir,8.577405422857618
2015-06-01,2015,6,Wajir,1.1985305626404685
2015-07-01,2015,7,Wajir,2.820432285612752
2015-08-01,2015,8,Wajir,1.6233751280430946
2015-09-01,2015,9,Wajir,2.076000114659423
2015-10-01,2015,10,Wajir,30.996035683635334
2015-11-01,2015,11,Wajir,58.88042650088458
2015-12-01,2015,12,Wajir,18.335368046165488
2016-01-01,2016,1,Wajir,3.558174824718565
2016-02-01,2016,2,Wajir,6.503079388909288
2016-03-01,2016,3,Wajir,4.235508907516785
2016-04-01,2016,4,Wajir,71.31413366753196
2016-05-01,2016,5,Wajir,20.139750156643114
2016-06-01,2016,6,Wajir,1.3276179642521793
2016-07-01,2016,7,Wajir,3.0399895114421507
2016-08-01,2016,8,Wajir,1.5594754054850384
2016-09-01,2016,9,Wajir,2.0476021980833234
2016-10-01,2016,10,Wajir,6.918076894223163
2016-11-01,2016,11,Wajir,72.49129862368322
2016-12-01,2016,12,Wajir,18.695704803129434
2017-01-01,2017,1,Wajir,1.9695506759288075
2017-02-01,2017,2,Wajir,6.084229904747072
2017-03-01,2017,3,Wajir,3.0123514570722882
2017-04-01,2017,4,Wajir,61.01504603691114
2017-05-01,2017,5,Wajir,31.980095797041148
2017-06-01,2017,6,Wajir,1.322931470504221
2017-07-01,2017,7,Wajir,3.0651701743998503
2017-08-01,2017,8,Wajir,1.7625642254125313
2017-09-01,2017,9,Wajir,2.4756293615434273
2017-10-01,2017,10,Wajir,25.333387476086735
2017-11-01,2017,11,Wajir,65.59464808975405
2017-12-01,2017,12,Wajir,2.8605732467187805
2018-01-01,2018,1,Wajir,1.5232647417453011
2018-02-01,2018,2,Wajir,4.1151703153717065
2018-03-01,2018,3,Wajir,54.95377240273119
2018-04-01,2018,4,Wajir,128.60989610538925
2018-05-01,2018,5,Wajir,30.761121259296367
2018-06-01,2018,6,Wajir,1.2429071109848193
2018-07-01,2018,7,Wajir,3.2572693726533557
2018-08-01,2018,8,Wajir,1.672092732811527
2018-09-01,2018,9,Wajir,2.500784604736051
2018-10-01,2018,10,Wajir,29.772676860079624
2018-11-01,2018,11,Wajir,20.67619548498354
2018-12-01,2018,12,Wajir,86.91216826852798
2019-01-01,2019,1,Wajir,2.514313392040966
2019-02-01,2019,2,Wajir,3.0796033660583797
2019-03-01,2019,3,Wajir,7.895956294324958
2019-04-01,2019,4,Wajir,45.67970477859192
2019-05-01,2019,5,Wajir,19.94969275897345
2019-06-01,2019,6,Wajir,1.0388080585470387
2019-07-01,2019,7,Wajir,3.0527430641221107
2019-08-01,2019,8,Wajir,1.538573282592073
2019-09-01,2019,9,Wajir,4.4261513897289495
2019-10-01,2019,10,Wajir,91.18480133971268
2019-11-01,2019,11,Wajir,144.4716303788206
2019-12-01,2019,12,Wajir,25.765351086493755
2020-01-01,2020,1,Wajir,6.8534370143414325
2020-02-01,2020,2,Wajir,2.9665586034704186
2020-03-01,2020,3,Wajir,34.82421007603065
2020-04-01,2020,4,Wajir,155.705162605613
2020-05-01,2020,5,Wajir,7.916039688525495
2020-06-01,2020,6,Wajir,1.154854903107378
2020-07-01,2020,7,Wajir,4.33127036424284
2020-08-01,2020,8,Wajir,1.5557094532735574
2020-09-01,2020,9,Wajir,2.3723121457048375
2020-10-01,2020,10,Wajir,17.411160646248675
2020-11-01,2020,11,Wajir,28.499714474657736
2020-12-01,2020,12,Wajir,10.928944636281498
2021-01-01,2021,1,Wajir,1.8664394381532035
2021-02-01,2021,2,Wajir,2.602866547716043
2021-03-01,2021,3,Wajir,6.082023830520025
2021-04-01,2021,4,Wajir,52.96052362846227
2021-05-01,2021,5,Wajir,12.620719960155231
2021-06-01,2021,6,Wajir,1.1723642459083634
2021-07-01,2021,7,Wajir,2.489233030690986
2021-08-01,2021,8,Wajir,1.4492525703116934
2021-09-01,2021,9,Wajir,2.249067776005189
2021-10-01,2021,10,Wajir,8.56009095421081
2021-11-01,2021,11,Wajir,31.384130117739375
2021-12-01,2021,12,Wajir,47.02493347826451
2022-01-01,2022,1,Wajir,4.4962080176486525
2022-02-01,2022,2,Wajir,2.4127517309573063
2022-03-01,2022,3,Wajir,7.471259726565899
2022-04-01,2022,4,Wajir,52.79772620852408
2022-05-01,2022,5,Wajir,19.23689523838092
2022-06-01,2022,6,Wajir,1.1341030622759787
2022-07-01,2022,7,Wajir,3.262197089796336
2022-08-01,2022,8,Wajir,1.504329522609865
2022-09-01,2022,9,Wajir,2.209497795206892
2022-10-01,2022,10,Wajir,11.471566851553744
2022-11-01,2022,11,Wajir,36.46376655970953
2022-12-01,2022,12,Wajir,16.718422656679326
2023-01-01,2023,1,Wajir,2.387674477338166
2023-02-01,2023,2,Wajir,2.3172308686441023
2023-03-01,2023,3,Wajir,59.205753776232925
2023-04-01,2023,4,Wajir,135.12248152012205
2023-05-01,2023,5,Wajir,9.424519737782807
2023-06-01,2023,6,Wajir,1.1284163910647833
2023-07-01,2023,7,Wajir,2.604035031988926
2023-08-01,2023,8,Wajir,1.9052404016664795
2023-09-01,2023,9,Wajir,1.9199821327187918
2023-10-01,2023,10,Wajir,78.9274120105902
2023-11-01,2023,11,Wajir,190.5815294330096
2023-12-01,2023,12,Wajir,6.805083302252027
2024-01-01,2024,1,Wajir,2.061639808872431
2024-02-01,2024,2,Wajir,3.279477646496895
2024-03-01,2024,3,Wajir,4.889969698765064
2024-04-01,2024,4,Wajir,120.33456125018873
2024-05-01,2024,5,Wajir,21.2092311839139
2024-06-01,2024,6,Wajir,1.0969595526540465
2024-07-01,2024,7,Wajir,2.960497108070901
2024-08-01,2024,8,Wajir,5.176889540497237
2024-09-01,2024,9,Wajir,2.1930542611369064
2024-10-01,2024,10,Wajir,6.523203511102216
2024-11-01,2024,11,Wajir,56.006789426431865
2024-12-01,2024,12,Wajir,2.5446696895636225
