county,reporting_date,share_phase1,share_phase2,share_phase3,share_phase4,share_phase5,classified_share,norm_share_phase1,norm_share_phase2,norm_share_phase3,norm_share_phase4,norm_share_phase5,ipc_phase,ipc_phase_name,share_crisis_plus,mean_phase,year,month
Baringo,2011-01-01,0.20940996188821062,0.7905605846151612,0.0,0.0,0.0,0.9999705465033718,0.20941612992548728,0.7905838700745128,0.0,0.0,0.0,2,Stressed,0.0,1.790583870074513,2011,1
Baringo,2011-04-01,0.20940996188821062,0.790560584615161,0.0,0.0,0.0,0.9999705465033716,0.20941612992548733,0.7905838700745127,0.0,0.0,0.0,2,Stressed,0.0,1.7905838700745127,2011,4
Baringo,2011-07-01,0.20990839081549262,0.3755575534259396,0.4143106606094862,0.00015945654065574417,0.0,0.9999360613915742,0.2099218129240892,0.37558156758872163,0.41433715275045213,0.00015946673673698133,0.0,3,Crisis,0.41449661948718913,2.2047342732998367,2011,7
Baringo,2011-10-01,0.1024952085647088,0.578538574848916,0.3188715548138145,0.0,0.0,0.9999053382274394,0.10250491186136176,0.5785933455205947,0.3189017426180434,0.0,0.0,2,Stressed,0.3189017426180434,2.2163968307566813,2011,10
Baringo,2012-01-01,0.1024952085647088,0.8973958656141928,0.0,0.0,0.0,0.9998910741789017,0.10250637415568152,0.8974936258443185,0.0,0.0,0.0,2,Stressed,0.0,1.8974936258443185,2012,1
Baringo,2012-04-01,0.10251094219621645,0.5786896425626549,0.31871993511107044,0.0,0.0,0.9999205198699418,0.10251909042685703,0.5787356405466348,0.3187452690265081,0.0,0.0,2,Stressed,0.3187452690265081,2.2162261785996513,2012,4
Baringo,2012-07-01,0.10251094219621645,0.8973801535642807,0.0,0.0,0.0,0.9998910957604972,0.10252210728834292,0.897477892711657,0.0,0.0,0.0,2,Stressed,0.0,1.897477892711657,2012,7
Baringo,2012-10-01,0.10251094219621645,0.8973801535642807,0.0,0.0,0.0,0.9998910957604972,0.10252210728834292,0.897477892711657,0.0,0.0,0.0,2,Stressed,0.0,1.897477892711657,2012,10
Baringo,2013-01-01,0.10251094219621645,0.8973801535642807,0.0,0.0,0.0,0.9998910957604972,0.10252210728834292,0.897477892711657,0.0,0.0,0.0,2,Stressed,0.0,1.897477892711657,2013,1
Baringo,2013-04-01,0.10251094219621645,0.8973801535642807,0.0,0.0,0.0,0.9998910957604972,0.10252210728834292,0.897477892711657,0.0,0.0,0.0,2,Stressed,0.0,1.897477892711657,2013,4
Baringo,2013-07-01,0.10251094219621645,0.8973801535642807,0.0,0.0,0.0,0.9998910957604972,0.10252210728834292,0.897477892711657,0.0,0.0,0.0,2,Stressed,0.0,1.897477892711657,2013,7
Baringo,2013-10-01,0.10251094219621645,0.8973801535642807,0.0,0.0,0.0,0.9998910957604972,0.10252210728834292,0.897477892711657,0.0,0.0,0.0,2,Stressed,0.0,1.897477892711657,2013,10
Baringo,2014-01-01,0.10251094219621645,0.8973801535642807,0.0,0.0,0.0,0.9998910957604972,0.10252210728834292,0.897477892711657,0.0,0.0,0.0,2,Stressed,0.0,1.897477892711657,2014,1
Baringo,2014-04-01,0.10251094219621645,0.8973801535642807,0.0,0.0,0.0,0.9998910957604972,0.10252210728834292,0.897477892711657,0.0,0.0,0.0,2,Stressed,0.0,1.897477892711657,2014,4
Baringo,2014-07-01,0.24027529488239777,0.7596272823459909,0.0,0.0,0.0,0.9999025772283886,0.24029870544829718,0.7597012945517029,0.0,0.0,0.0,2,Stressed,0.0,1.759701294551703,2014,7
Baringo,2014-10-01,0.28698783974206094,0.7129245226652333,0.0,0.0,0.0,0.9999123624072943,0.2870129928698313,0.7129870071301686,0.0,0.0,0.0,2,Stressed,0.0,1.7129870071301685,2014,10
Baringo,2015-01-01,0.5022550024876302,0.49764933025312924,0.0,0.0,0.0,0.9999043327407595,0.5023030564443484,0.4976969435556516,0.0,0.0,0.0,1,Minimal,0.0,1.4976969435556515,2015,1
Baringo,2015-04-01,0.5854114647193283,0.4144863816662864,0.0,0.0,0.0,0.9998978463856146,0.585471272725956,0.414528727274044,0.0,0.0,0.0,1,Minimal,0.0,1.4145287272740439,2015,4
Baringo,2015-07-01,0.543160174907185,0.4567390552788826,0.0,0.0,0.0,0.9998992301860676,0.5432149145730518,0.4567850854269481,0.0,0.0,0.0,1,Minimal,0.0,1.4567850854269482,2015,7
Baringo,2015-10-01,0.5854114647193283,0.4144863816662864,0.0,0.0,0.0,0.9998978463856146,0.585471272725956,0.414528727274044,0.0,0.0,0.0,1,Minimal,0.0,1.4145287272740439,2015,10
Baringo,2016-02-01,0.6810263767211692,0.3188581899914638,0.0,0.0,0.0,0.999884566712633,0.6811049989102355,0.3188950010897645,0.0,0.0,0.0,1,Minimal,0.0,1.3188950010897644,2016,2
Baringo,2016-06-01,0.5927353302904431,0.40724901454736767,0.0,0.0,0.0,0.9999843448378107,0.5927446098034465,0.40725539019655366,0.0,0.0,0.0,1,Minimal,0.0,1.4072553901965539,2016,6
Baringo,2016-10-01,0.5911547158126217,0.4088230668778298,0.0,0.0,0.0,0.9999777826904515,0.5911678499717397,0.4088321500282604,0.0,0.0,0.0,1,Minimal,0.0,1.4088321500282603,2016,10
Baringo,2017-02-01,0.0023232069037168687,0.5892587154624678,0.4084092028821616,0.0,0.0,0.9999911252483462,0.00232322752178416,0.5892639450336384,0.4084128274445774,0.0,0.0,2,Stressed,0.4084128274445774,2.406089599922793,2017,2
Baringo,2017-06-01,0.0236492909940123,0.5562425257601994,0.4201027473103118,0.0,0.0,0.9999945640645234,0.02364941955073104,0.5562455494751155,0.4201050309741536,0.0,0.0,2,Stressed,0.4201050309741536,2.3964556114234226,2017,6
Baringo,2017-10-01,0.4417531790060908,0.5582499747438865,0.0,0.0,0.0,1.0000031537499772,0.4417517858314063,0.5582482141685938,0.0,0.0,0.0,2,Stressed,0.0,1.5582482141685938,2017,10
Baringo,2018-02-01,0.59071370750235,0.4079876361214979,0.001276439065466407,0.0,0.0,0.9999777826893143,0.5907268318639038,0.40799670071095634,0.0012764674251397716,0.0,0.0,1,Minimal,0.0012764674251397716,1.4105496355612357,2018,2
Baringo,2018-06-01,0.9986965062223132,0.001276439065466407,0.0,0.0,0.0,0.9999729452877796,0.9987235263999077,0.0012764736000923144,0.0,0.0,0.0,1,Minimal,0.0,1.0012764736000923,2018,6
Baringo,2018-12-01,0.5969101097954632,0.40307423503192474,0.0,0.0,0.0,0.999984344827388,0.5969194546725616,0.4030805453274384,0.0,0.0,0.0,1,Minimal,0.0,1.4030805453274384,2018,12
Baringo,2019-02-01,0.5907137075023512,0.4092640751881009,0.0,0.0,0.0,0.9999777826904521,0.5907268318632329,0.409273168136767,0.0,0.0,0.0,1,Minimal,0.0,1.409273168136767,2019,2
Baringo,2019-06-01,0.24571956420085145,0.34714633112540216,0.4071327638166969,0.0,0.0,0.9999986591429504,0.2457198936761031,0.34714679659963166,0.40713330972426537,0.0,0.0,3,Crisis,0.40713330972426537,2.1614134160481626,2019,6
Baringo,2019-10-01,0.5905651427960708,0.0010110119289710258,0.4084092028833001,0.0,0.0,0.999985357608342,0.59057379020881,0.0010110267328204245,0.40841518305836955,0.0,0.0,1,Minimal,0.40841518305836955,1.8178413928495596,2019,10
Baringo,2020-02-01,0.43624501213854616,0.5637544101102955,0.0,0.0,0.0,0.9999994222488416,0.43624526417975285,0.5637547358202472,0.0,0.0,0.0,2,Stressed,0.0,1.5637547358202473,2020,2
Baringo,2020-06-01,0.5913442827533508,0.40863349994841136,0.0,0.0,0.0,0.9999777827017622,0.591357421117541,0.4086425788824591,0.0,0.0,0.0,1,Minimal,0.0,1.4086425788824593,2020,6
Baringo,2020-10-01,0.5910061511063412,0.40897264436505876,0.0,0.0,0.0,0.9999787954714,0.591018683378916,0.4089813166210839,0.0,0.0,0.0,1,Minimal,0.0,1.4089813166210838,2020,10
Baringo,2021-02-01,0.4360554451978159,0.5626675379731111,0.001276439065466407,0.0,0.0,0.9999994222363934,0.4360556971349282,0.562667863062125,0.0012764398029468712,0.0,0.0,2,Stressed,0.0012764398029468712,1.565220742668019,2021,2
Baringo,2021-06-01,0.245128978403352,0.753581414065742,0.001276439065466407,0.0,0.0,0.9999868315345604,0.24513220641834035,0.7535913377072282,0.0012764558744314746,0.0,0.0,2,Stressed,0.0012764558744314746,1.756144249456091,2021,6
Baringo,2021-10-01,0.16647599233486435,0.4251164433524708,0.40840920288305554,0.0,0.0,1.0000016385703907,0.1664757195526795,0.4251157467703955,0.4084085336769249,0.0,0.0,2,Stressed,0.4084085336769249,2.241932814124245,2021,10
Baringo,2022-02-01,0.12611493351010766,0.11979634130853842,0.7540787131852383,0.0,0.0,0.9999899880038844,0.126116196184974,0.11979754072105078,0.7540862630939753,0.0,0.0,3,Crisis,0.7540862630939753,2.627970066909002,2022,2
Baringo,2022-06-01,0.12567392519983708,0.12023734961880898,0.7528022741197719,0.001276439065466407,0.0,0.9999899880038843,0.12567518345928572,0.12023855344673905,0.752809811248678,0.001276451845297324,0.0,3,Crisis,0.7540862630939753,2.629687531479987,2022,6
Baringo,2022-10-01,0.12567392519983708,0.12023734961880898,0.7528022741287544,0.001276439065466407,0.0,0.9999899880128669,0.12567518345815681,0.120238553445659,0.7528098112508984,0.0012764518452858579,0.0,3,Crisis,0.7540862630961843,2.6296875314833135,2022,10
Baringo,2023-02-01,0.12567392519983708,0.4659081099172748,0.40840920288216337,0.0,0.0,0.9999912379992753,0.12567502636450917,0.4659121922402409,0.40841278139524995,0.0,0.0,2,Stressed,0.40841278139524995,2.2827377550307406,2023,2
Baringo,2023-06-01,0.12567392519983708,0.4655286860089417,0.4087830774345035,0.0,0.0,0.9999856886432823,0.12567572378995098,0.4655353484513781,0.4087889277586709,0.0,0.0,2,Stressed,0.4087889277586709,2.28311320396872,2023,6
Baringo,2023-10-01,0.12567392519983708,0.8728057618324352,0.001507298267519158,0.0,0.0,0.9999869852997915,0.1256755608295848,0.8728171212856056,0.0015073178848095479,0.0,0.0,2,Stressed,0.0015073178848095479,1.8758317570552245,2023,10
Baringo,2024-02-01,0.12630450043952648,0.8723994836578586,0.001276439065466407,0.0,0.0,0.9999804231628514,0.12630697313057018,0.8724165628148345,0.0012764640545953297,0.0,0.0,2,Stressed,0.0012764640545953297,1.874969490924025,2024,2
Baringo,2024-06-01,0.12630450043952648,0.8736759227244616,0.0,0.0,0.0,0.999980423163988,0.12630697313042663,0.8736930268695734,0.0,0.0,0.0,2,Stressed,0.0,1.8736930268695735,2024,6
Baringo,2024-10-01,0.12630450043952648,0.8723994836578586,0.001276439065466407,0.0,0.0,0.9999804231628514,0.12630697313057018,0.8724165628148345,0.0012764640545953297,0.0,0.0,2,Stressed,0.0012764640545953297,1.874969490924025,2024,10
Baringo,2025-10-01,0.0023232069037168687,0.9963806644630325,0.001276439065466407,0.0,0.0,0.9999803104322158,0.0023232526475573524,0.9964002831539479,0.0012764641984947672,0.0,0.0,2,Stressed,0.0012764641984947672,1.9989532115509374,2025,10
Baringo,2026-02-01,0.0023232069037168687,0.99615636738661,0.001507298267519158,0.0,0.0,0.999986872557846,0.002323237401881472,0.9961694445433688,0.0015073180547497294,0.0,0.0,2,Stressed,0.0015073180547497294,1.9991840806528682,2026,2
Baringo,2026-06-01,0.0023232069037168687,0.99615636738661,0.001507298267519158,0.0,0.0,0.999986872557846,0.002323237401881472,0.9961694445433688,0.0015073180547497294,0.0,0.0,2,Stressed,0.0015073180547497294,1.9991840806528682,2026,6
Bomet,2011-01-01,0.9984780374416332,0.0015262826695378573,0.0,0.0,0.0,1.000004320111171,0.9984737239241446,0.001526276075855532,0.0,0.0,0.0,1,Minimal,0.0,1.0015262760758556,2011,1
Bomet,2011-04-01,0.9984780374416332,0.0015262826695378573,0.0,0.0,0.0,1.000004320111171,0.9984737239241446,0.001526276075855532,0.0,0.0,0.0,1,Minimal,0.0,1.0015262760758556,2011,4
Bomet,2011-07-01,0.999729073525429,0.0,0.0,0.0,0.0,0.999729073525429,1.0,0.0,0.0,0.0,0.0,1,Minimal,0.0,1.0,2011,7
Bomet,2011-10-01,0.9983092073176174,0.0014927693845810726,0.0,0.0,0.0,0.9998019767021985,0.9985069349537546,0.0014930650462453624,0.0,0.0,0.0,1,Minimal,0.0,1.0014930650462455,2011,10
Bomet,2012-01-01,0.9985505907844389,0.001191761779381863,0.0,0.0,0.0,0.9997423525638207,0.998807931087119,0.001192068912881016,0.0,0.0,0.0,1,Minimal,0.0,1.001192068912881,2012,1
Bomet,2012-04-01,0.9996811595409488,5.7046961156395795e-05,0.0,0.0,0.0,0.9997382065021052,0.9999429381004094,5.7061899590686165e-05,0.0,0.0,0.0,1,Minimal,0.0,1.0000570618995908,2012,4
Bomet,2012-07-01,0.9996811595409493,5.7046961156395795e-05,0.0,0.0,0.0,0.9997382065021057,0.9999429381004094,5.706189959068614e-05,0.0,0.0,0.0,1,Minimal,0.0,1.0000570618995908,2012,7
Bomet,2012-10-01,0.9996811595409493,5.7046961156395795e-05,0.0,0.0,0.0,0.9997382065021057,0.9999429381004094,5.706189959068614e-05,0.0,0.0,0.0,1,Minimal,0.0,1.0000570618995908,2012,10
Bomet,2013-01-01,0.9996811595409488,5.7046961156395795e-05,0.0,0.0,0.0,0.9997382065021052,0.9999429381004094,5.7061899590686165e-05,0.0,0.0,0.0,1,Minimal,0.0,1.0000570618995908,2013,1
Bomet,2013-04-01,0.9996811595409488,5.7046961156395795e-05,0.0,0.0,0.0,0.9997382065021052,0.9999429381004094,5.7061899590686165e-05,0.0,0.0,0.0,1,Minimal,0.0,1.0000570618995908,2013,4
Bomet,2013-07-01,0.9996811595409488,5.7046961156395795e-05,0.0,0.0,0.0,0.9997382065021052,0.9999429381004094,5.7061899590686165e-05,0.0,0.0,0.0,1,Minimal,0.0,1.0000570618995908,2013,7
Bomet,2013-10-01,0.9996811595409488,5.7046961156395795e-05,0.0,0.0,0.0,0.9997382065021052,0.9999429381004094,5.7061899590686165e-05,0.0,0.0,0.0,1,Minimal,0.0,1.0000570618995908,2013,10
Bomet,2014-01-01,0.9996811595409493,5.7046961156395795e-05,0.0,0.0,0.0,0.9997382065021057,0.9999429381004094,5.706189959068614e-05,0.0,0.0,0.0,1,Minimal,0.0,1.0000570618995908,2014,1
Bomet,2014-04-01,0.9996811595409493,5.7046961156395795e-05,0.0,0.0,0.0,0.9997382065021057,0.9999429381004094,5.706189959068614e-05,0.0,0.0,0.0,1,Minimal,0.0,1.0000570618995908,2014,4
Bomet,2014-07-01,0.9985505907844389,0.001191761779381863,0.0,0.0,0.0,0.9997423525638207,0.998807931087119,0.001192068912881016,0.0,0.0,0.0,1,Minimal,0.0,1.001192068912881,2014,7
Bomet,2014-10-01,0.999729073525429,0.0,0.0,0.0,0.0,0.999729073525429,1.0,0.0,0.0,0.0,0.0,1,Minimal,0.0,1.0,2014,10
Bomet,2015-01-01,0.999729073525429,0.0,0.0,0.0,0.0,0.999729073525429,1.0,0.0,0.0,0.0,0.0,1,Minimal,0.0,1.0,2015,1
Bomet,2015-04-01,0.999729073525429,0.0,0.0,0.0,0.0,0.999729073525429,1.0,0.0,0.0,0.0,0.0,1,Minimal,0.0,1.0,2015,4
Bomet,2015-07-01,0.999729073525429,0.0,0.0,0.0,0.0,0.999729073525429,1.0,0.0,0.0,0.0,0.0,1,Minimal,0.0,1.0,2015,7
Bomet,2015-10-01,0.999729073525429,0.0,0.0,0.0,0.0,0.999729073525429,1.0,0.0,0.0,0.0,0.0,1,Minimal,0.0,1.0,2015,10
Bomet,2016-02-01,0.999729073525429,0.0,0.0,0.0,0.0,0.999729073525429,1.0,0.0,0.0,0.0,0.0,1,Minimal,0.0,1.0,2016,2
Bomet,2016-06-01,0.9999591445882083,0.0,0.0,0.0,0.0,0.9999591445882083,1.0,0.0,0.0,0.0,0.0,1,Minimal,0.0,1.0,2016,6
Bomet,2016-10-01,0.9999591445882083,0.0,0.0,0.0,0.0,0.9999591445882083,1.0,0.0,0.0,0.0,0.0,1,Minimal,0.0,1.0,2016,10
Bomet,2017-02-01,0.9998252687567937,0.00013392416006601006,0.0,0.0,0.0,0.9999591929168596,0.9998660703746567,0.00013392962534336642,0.0,0.0,0.0,1,Minimal,0.0,1.0001339296253435,2017,2
Bomet,2017-06-01,0.9998252687567937,0.00013392416006601006,0.0,0.0,0.0,0.9999591929168596,0.9998660703746567,0.00013392962534336642,0.0,0.0,0.0,1,Minimal,0.0,1.0001339296253435,2017,6
Bomet,2017-10-01,0.9999502642076183,8.880372133846588e-06,0.0,0.0,0.0,0.9999591445797522,0.9999911192650399,8.880734960005488e-06,0.0,0.0,0.0,1,Minimal,0.0,1.0000088807349599,2017,10
Bomet,2018-02-01,0.9999591445797528,0.0,0.0,0.0,0.0,0.9999591445797528,1.0,0.0,0.0,0.0,0.0,1,Minimal,0.0,1.0,2018,2
Bomet,2018-06-01,0.9999591445882083,0.0,0.0,0.0,0.0,0.9999591445882083,1.0,0.0,0.0,0.0,0.0,1,Minimal,0.0,1.0,2018,6
Bomet,2018-12-01,0.9999591445797528,0.0,0.0,0.0,0.0,0.9999591445797528,1.0,0.0,0.0,0.0,0.0,1,Minimal,0.0,1.0,2018,12
Bomet,2019-02-01,0.9999591445882083,0.0,0.0,0.0,0.0,0.9999591445882083,1.0,0.0,0.0,0.0,0.0,1,Minimal,0.0,1.0,2019,2
Bomet,2019-06-01,0.9999591445797528,0.0,0.0,0.0,0.0,0.9999591445797528,1.0,0.0,0.0,0.0,0.0,1,Minimal,0.0,1.0,2019,6
Bomet,2019-10-01,0.9999591445882083,0.0,0.0,0.0,0.0,0.9999591445882083,1.0,0.0,0.0,0.0,0.0,1,Minimal,0.0,1.0,2019,10
Bomet,2020-02-01,0.9999591445882083,0.0,0.0,0.0,0.0,0.9999591445882083,1.0,0.0,0.0,0.0,0.0,1,Minimal,0.0,1.0,2020,2
Bomet,2020-06-01,0.9999591445797528,0.0,0.0,0.0,0.0,0.9999591445797528,1.0,0.0,0.0,0.0,0.0,1,Minimal,0.0,1.0,2020,6
Bomet,2020-10-01,0.9999591445797528,0.0,0.0,0.0,0.0,0.9999591445797528,1.0,0.0,0.0,0.0,0.0,1,Minimal,0.0,1.0,2020,10
Bomet,2021-02-01,0.9999591445882083,0.0,0.0,0.0,0.0,0.9999591445882083,1.0,0.0,0.0,0.0,0.0,1,Minimal,0.0,1.0,2021,2
Bomet,2021-06-01,0.9999591445882083,0.0,0.0,0.0,0.0,0.9999591445882083,1.0,0.0,0.0,0.0,0.0,1,Minimal,0.0,1.0,2021,6
Bomet,2021-10-01,0.9998252687483381,0.00013392416006601006,0.0,0.0,0.0,0.9999591929084041,0.9998660703746556,0.0001339296253444989,0.0,0.0,0.0,1,Minimal,0.0,1.0001339296253446,2021,10
Bomet,2022-02-01,0.9999591445797528,0.0,0.0,0.0,0.0,0.9999591445797528,1.0,0.0,0.0,0.0,0.0,1,Minimal,0.0,1.0,2022,2
Bomet,2022-06-01,0.9999591445797528,0.0,0.0,0.0,0.0,0.9999591445797528,1.0,0.0,0.0,0.0,0.0,1,Minimal,0.0,1.0,2022,6
Bomet,2022-10-01,0.9999591445797528,0.0,0.0,0.0,0.0,0.9999591445797528,1.0,0.0,0.0,0.0,0.0,1,Minimal,0.0,1.0,2022,10
Bomet,2023-02-01,0.9999591445797528,0.0,0.0,0.0,0.0,0.9999591445797528,1.0,0.0,0.0,0.0,0.0,1,Minimal,0.0,1.0,2023,2
Bomet,2023-06-01,0.9999591445797528,0.0,0.0,0.0,0.0,0.9999591445797528,1.0,0.0,0.0,0.0,0.0,1,Minimal,0.0,1.0,2023,6
Bomet,2023-10-01,0.9999591445797528,0.0,0.0,0.0,0.0,0.9999591445797528,1.0,0.0,0.0,0.0,0.0,1,Minimal,0.0,1.0,2023,10
Bomet,2024-02-01,0.9999591445797528,0.0,0.0,0.0,0.0,0.9999591445797528,1.0,0.0,0.0,0.0,0.0,1,Minimal,0.0,1.0,2024,2
Bomet,2024-06-01,0.9999591445797528,0.0,0.0,0.0,0.0,0.9999591445797528,1.0,0.0,0.0,0.0,0.0,1,Minimal,0.0,1.0,2024,6
Bomet,2024-10-01,0.9999591445797528,0.0,0.0,0.0,0.0,0.9999591445797528,1.0,0.0,0.0,0.0,0.0,1,Minimal,0.0,1.0,2024,10
Bomet,2025-10-01,0.9998252687567936,0.00013392416006601006,0.0,0.0,0.0,0.9999591929168595,0.9998660703746567,0.00013392962534336642,0.0,0.0,0.0,1,Minimal,0.0,1.0001339296253435,2025,10
Bomet,2026-02-01,0.9998252687567936,0.00013392416006601006,0.0,0.0,0.0,0.9999591929168595,0.9998660703746567,0.00013392962534336642,0.0,0.0,0.0,1,Minimal,0.0,1.0001339296253435,2026,2
Bomet,2026-06-01,0.9998252687567936,0.00013392416006601006,0.0,0.0,0.0,0.9999591929168595,0.9998660703746567,0.00013392962534336642,0.0,0.0,0.0,1,Minimal,0.0,1.0001339296253435,2026,6
Bungoma,2011-01-01,0.9970604800760164,0.0,0.0,0.0,0.0,0.9970604800760164,1.0,0.0,0.0,0.0,0.0,1,Minimal,0.0,1.0,2011,1
Bungoma,2011-04-01,0.9970604800760164,0.0,0.0,0.0,0.0,0.9970604800760164,1.0,0.0,0.0,0.0,0.0,1,Minimal,0.0,1.0,2011,4
Bungoma,2011-07-01,0.9968273735961646,0.0,0.0,0.0,0.0,0.9968273735961646,1.0,0.0,0.0,0.0,0.0,1,Minimal,0.0,1.0,2011,7
Bungoma,2011-10-01,0.9968273735961642,0.0,0.0,0.0,0.0,0.9968273735961642,1.0,0.0,0.0,0.0,0.0,1,Minimal,0.0,1.0,2011,10
Bungoma,2012-01-01,0.9968273735961642,0.0,0.0,0.0,0.0,0.9968273735961642,1.0,0.0,0.0,0.0,0.0,1,Minimal,0.0,1.0,2012,1
Bungoma,2012-04-01,0.9968273735961642,0.0,0.0,0.0,0.0,0.9968273735961642,1.0,0.0,0.0,0.0,0.0,1,Minimal,0.0,1.0,2012,4
Bungoma,2012-07-01,0.9968273735961642,0.0,0.0,0.0,0.0,0.9968273735961642,1.0,0.0,0.0,0.0,0.0,1,Minimal,0.0,1.0,2012,7
Bungoma,2012-10-01,0.9968273735961642,0.0,0.0,0.0,0.0,0.9968273735961642,1.0,0.0,0.0,0.0,0.0,1,Minimal,0.0,1.0,2012,10
Bungoma,2013-01-01,0.9968273735961642,0.0,0.0,0.0,0.0,0.9968273735961642,1.0,0.0,0.0,0.0,0.0,1,Minimal,0.0,1.0,2013,1
Bungoma,2013-04-01,0.9968273735961642,0.0,0.0,0.0,0.0,0.9968273735961642,1.0,0.0,0.0,0.0,0.0,1,Minimal,0.0,1.0,2013,4
Bungoma,2013-07-01,0.9968273735961645,0.0,0.0,0.0,0.0,0.9968273735961645,1.0,0.0,0.0,0.0,0.0,1,Minimal,0.0,1.0,2013,7
Bungoma,2013-10-01,0.9968273735961645,0.0,0.0,0.0,0.0,0.9968273735961645,1.0,0.0,0.0,0.0,0.0,1,Minimal,0.0,1.0,2013,10
Bungoma,2014-01-01,0.9968273735961642,0.0,0.0,0.0,0.0,0.9968273735961642,1.0,0.0,0.0,0.0,0.0,1,Minimal,0.0,1.0,2014,1
Bungoma,2014-04-01,0.9968273735961642,0.0,0.0,0.0,0.0,0.9968273735961642,1.0,0.0,0.0,0.0,0.0,1,Minimal,0.0,1.0,2014,4
Bungoma,2014-07-01,0.9968273735961642,0.0,0.0,0.0,0.0,0.9968273735961642,1.0,0.0,0.0,0.0,0.0,1,Minimal,0.0,1.0,2014,7
Bungoma,2014-10-01,0.9968273735961645,0.0,0.0,0.0,0.0,0.9968273735961645,1.0,0.0,0.0,0.0,0.0,1,Minimal,0.0,1.0,2014,10
Bungoma,2015-01-01,0.9968273735961645,0.0,0.0,0.0,0.0,0.9968273735961645,1.0,0.0,0.0,0.0,0.0,1,Minimal,0.0,1.0,2015,1
Bungoma,2015-04-01,0.9968273735961645,0.0,0.0,0.0,0.0,0.9968273735961645,1.0,0.0,0.0,0.0,0.0,1,Minimal,0.0,1.0,2015,4
Bungoma,2015-07-01,0.9968273735961646,0.0,0.0,0.0,0.0,0.9968273735961646,1.0,0.0,0.0,0.0,0.0,1,Minimal,0.0,1.0,2015,7
Bungoma,2015-10-01,0.9968273735961645,0.0,0.0,0.0,0.0,0.9968273735961645,1.0,0.0,0.0,0.0,0.0,1,Minimal,0.0,1.0,2015,10
Bungoma,2016-02-01,0.9968273735961646,0.0,0.0,0.0,0.0,0.9968273735961646,1.0,0.0,0.0,0.0,0.0,1,Minimal,0.0,1.0,2016,2
Bungoma,2016-06-01,0.9970207416060455,0.0,0.0,0.0,0.0,0.9970207416060455,1.0,0.0,0.0,0.0,0.0,1,Minimal,0.0,1.0,2016,6
Bungoma,2016-10-01,0.9970207416060455,0.0,0.0,0.0,0.0,0.9970207416060455,1.0,0.0,0.0,0.0,0.0,1,Minimal,0.0,1.0,2016,10
Bungoma,2017-02-01,0.9970207416060455,0.0,0.0,0.0,0.0,0.9970207416060455,1.0,0.0,0.0,0.0,0.0,1,Minimal,0.0,1.0,2017,2
Bungoma,2017-06-01,0.9970207416060455,0.0,0.0,0.0,0.0,0.9970207416060455,1.0,0.0,0.0,0.0,0.0,1,Minimal,0.0,1.0,2017,6
Bungoma,2017-10-01,0.9970207416060455,0.0,0.0,0.0,0.0,0.9970207416060455,1.0,0.0,0.0,0.0,0.0,1,Minimal,0.0,1.0,2017,10
Bungoma,2018-02-01,0.9970207416060456,0.0,0.0,0.0,0.0,0.9970207416060456,1.0,0.0,0.0,0.0,0.0,1,Minimal,0.0,1.0,2018,2
Bungoma,2018-06-01,0.9970207416060455,0.0,0.0,0.0,0.0,0.9970207416060455,1.0,0.0,0.0,0.0,0.0,1,Minimal,0.0,1.0,2018,6
Bungoma,2018-12-01,0.9970207416060456,0.0,0.0,0.0,0.0,0.9970207416060456,1.0,0.0,0.0,0.0,0.0,1,Minimal,0.0,1.0,2018,12
Bungoma,2019-02-01,0.9970207416060455,0.0,0.0,0.0,0.0,0.9970207416060455,1.0,0.0,0.0,0.0,0.0,1,Minimal,0.0,1.0,2019,2
Bungoma,2019-06-01,0.9970207416060455,0.0,0.0,0.0,0.0,0.9970207416060455,1.0,0.0,0.0,0.0,0.0,1,Minimal,0.0,1.0,2019,6
Bungoma,2019-10-01,0.9970207416060455,0.0,0.0,0.0,0.0,0.9970207416060455,1.0,0.0,0.0,0.0,0.0,1,Minimal,0.0,1.0,2019,10
Bungoma,2020-02-01,0.9970207416060455,0.0,0.0,0.0,0.0,0.9970207416060455,1.0,0.0,0.0,0.0,0.0,1,Minimal,0.0,1.0,2020,2
Bungoma,2020-06-01,0.9970207416060455,0.0,0.0,0.0,0.0,0.9970207416060455,1.0,0.0,0.0,0.0,0.0,1,Minimal,0.0,1.0,2020,6
Bungoma,2020-10-01,0.9970207416060455,0.0,0.0,0.0,0.0,0.9970207416060455,1.0,0.0,0.0,0.0,0.0,1,Minimal,0.0,1.0,2020,10
Bungoma,2021-02-01,0.9970207416060455,0.0,0.0,0.0,0.0,0.9970207416060455,1.0,0.0,0.0,0.0,0.0,1,Minimal,0.0,1.0,2021,2
Bungoma,2021-06-01,0.9970207416060455,0.0,0.0,0.0,0.0,0.9970207416060455,1.0,0.0,0.0,0.0,0.0,1,Minimal,0.0,1.0,2021,6
Bungoma,2021-10-01,0.9970207416060455,0.0,0.0,0.0,0.0,0.9970207416060455,1.0,0.0,0.0,0.0,0.0,1,Minimal,0.0,1.0,2021,10
Bungoma,2022-02-01,0.9970207416060455,0.0,0.0,0.0,0.0,0.9970207416060455,1.0,0.0,0.0,0.0,0.0,1,Minimal,0.0,1.0,2022,2
Bungoma,2022-06-01,0.9970207416060456,0.0,0.0,0.0,0.0,0.9970207416060456,1.0,0.0,0.0,0.0,0.0,1,Minimal,0.0,1.0,2022,6
Bungoma,2022-10-01,0.9970207416060456,0.0,0.0,0.0,0.0,0.9970207416060456,1.0,0.0,0.0,0.0,0.0,1,Minimal,0.0,1.0,2022,10
Bungoma,2023-02-01,0.9970207416060455,0.0,0.0,0.0,0.0,0.9970207416060455,1.0,0.0,0.0,0.0,0.0,1,Minimal,0.0,1.0,2023,2
Bungoma,2023-06-01,0.9970207416060455,0.0,0.0,0.0,0.0,0.9970207416060455,1.0,0.0,0.0,0.0,0.0,1,Minimal,0.0,1.0,2023,6
Bungoma,2023-10-01,0.9970207416060455,0.0,0.0,0.0,0.0,0.9970207416060455,1.0,0.0,0.0,0.0,0.0,1,Minimal,0.0,1.0,2023,10
Bungoma,2024-02-01,0.9970207416060455,0.0,0.0,0.0,0.0,0.9970207416060455,1.0,0.0,0.0,0.0,0.0,1,Minimal,0.0,1.0,2024,2
Bungoma,2024-06-01,0.9970207416060455,0.0,0.0,0.0,0.0,0.9970207416060455,1.0,0.0,0.0,0.0,0.0,1,Minimal,0.0,1.0,2024,6
Bungoma,2024-10-01,0.9970207416060455,0.0,0.0,0.0,0.0,0.9970207416060455,1.0,0.0,0.0,0.0,0.0,1,Minimal,0.0,1.0,2024,10
Bungoma,2025-10-01,0.9970207416060455,0.0,0.0,0.0,0.0,0.9970207416060455,1.0,0.0,0.0,0.0,0.0,1,Minimal,0.0,1.0,2025,10
Bungoma,2026-02-01,0.9970207416060455,0.0,0.0,0.0,0.0,0.9970207416060455,1.0,0.0,0.0,0.0,0.0,1,Minimal,0.0,1.0,2026,2
Bungoma,2026-06-01,0.9970207416060455,0.0,0.0,0.0,0.0,0.9970207416060455,1.0,0.0,0.0,0.0,0.0,1,Minimal,0.0,1.0,2026,6
Busia,2011-01-01,0.9131560514084085,0.0,0.0,0.0,0.0,0.9131560514084085,1.0,0.0,0.0,0.0,0.0,1,Minimal,0.0,1.0,2011,1
Busia,2011-04-01,0.9131560514084085,0.0,0.0,0.0,0.0,0.9131560514084085,1.0,0.0,0.0,0.0,0.0,1,Minimal,0.0,1.0,2011,4
Busia,2011-07-01,0.9128634605516267,0.0,0.0,0.0,0.0,0.9128634605516267,1.0,0.0,0.0,0.0,0.0,1,Minimal,0.0,1.0,2011,7
Busia,2011-10-01,0.9128634605516267,0.0,0.0,0.0,0.0,0.9128634605516267,1.0,0.0,0.0,0.0,0.0,1,Minimal,0.0,1.0,2011,10
Busia,2012-01-01,0.9128634605516267,0.0,0.0,0.0,0.0,0.9128634605516267,1.0,0.0,0.0,0.0,0.0,1,Minimal,0.0,1.0,2012,1
Busia,2012-04-01,0.9128634605516267,0.0,0.0,0.0,0.0,0.9128634605516267,1.0,0.0,0.0,0.0,0.0,1,Minimal,0.0,1.0,2012,4
Busia,2012-07-01,0.9128634605516267,0.0,0.0,0.0,0.0,0.9128634605516267,1.0,0.0,0.0,0.0,0.0,1,Minimal,0.0,1.0,2012,7
Busia,2012-10-01,0.9128634605516267,0.0,0.0,0.0,0.0,0.9128634605516267,1.0,0.0,0.0,0.0,0.0,1,Minimal,0.0,1.0,2012,10
Busia,2013-01-01,0.9128634605516267,0.0,0.0,0.0,0.0,0.9128634605516267,1.0,0.0,0.0,0.0,0.0,1,Minimal,0.0,1.0,2013,1
Busia,2013-04-01,0.9128634605516267,0.0,0.0,0.0,0.0,0.9128634605516267,1.0,0.0,0.0,0.0,0.0,1,Minimal,0.0,1.0,2013,4
Busia,2013-07-01,0.9128634605516265,0.0,0.0,0.0,0.0,0.9128634605516265,1.0,0.0,0.0,0.0,0.0,1,Minimal,0.0,1.0,2013,7
Busia,2013-10-01,0.9128634605516265,0.0,0.0,0.0,0.0,0.9128634605516265,1.0,0.0,0.0,0.0,0.0,1,Minimal,0.0,1.0,2013,10
Busia,2014-01-01,0.9128634605516267,0.0,0.0,0.0,0.0,0.9128634605516267,1.0,0.0,0.0,0.0,0.0,1,Minimal,0.0,1.0,2014,1
Busia,2014-04-01,0.9128634605516267,0.0,0.0,0.0,0.0,0.9128634605516267,1.0,0.0,0.0,0.0,0.0,1,Minimal,0.0,1.0,2014,4
Busia,2014-07-01,0.9128634605516267,0.0,0.0,0.0,0.0,0.9128634605516267,1.0,0.0,0.0,0.0,0.0,1,Minimal,0.0,1.0,2014,7
Busia,2014-10-01,0.9128634605516267,0.0,0.0,0.0,0.0,0.9128634605516267,1.0,0.0,0.0,0.0,0.0,1,Minimal,0.0,1.0,2014,10
Busia,2015-01-01,0.9128634605516265,0.0,0.0,0.0,0.0,0.9128634605516265,1.0,0.0,0.0,0.0,0.0,1,Minimal,0.0,1.0,2015,1
Busia,2015-04-01,0.9128634605516265,0.0,0.0,0.0,0.0,0.9128634605516265,1.0,0.0,0.0,0.0,0.0,1,Minimal,0.0,1.0,2015,4
Busia,2015-07-01,0.9128634605516265,0.0,0.0,0.0,0.0,0.9128634605516265,1.0,0.0,0.0,0.0,0.0,1,Minimal,0.0,1.0,2015,7
Busia,2015-10-01,0.9128634605516265,0.0,0.0,0.0,0.0,0.9128634605516265,1.0,0.0,0.0,0.0,0.0,1,Minimal,0.0,1.0,2015,10
Busia,2016-02-01,0.9128634605516265,0.0,0.0,0.0,0.0,0.9128634605516265,1.0,0.0,0.0,0.0,0.0,1,Minimal,0.0,1.0,2016,2
Busia,2016-06-01,0.9141620351366379,0.0,0.0,0.0,0.0,0.9141620351366379,1.0,0.0,0.0,0.0,0.0,1,Minimal,0.0,1.0,2016,6
Busia,2016-10-01,0.9141620351366379,0.0,0.0,0.0,0.0,0.9141620351366379,1.0,0.0,0.0,0.0,0.0,1,Minimal,0.0,1.0,2016,10
Busia,2017-02-01,0.9141620351366379,0.0,0.0,0.0,0.0,0.9141620351366379,1.0,0.0,0.0,0.0,0.0,1,Minimal,0.0,1.0,2017,2
Busia,2017-06-01,0.9141620351366379,0.0,0.0,0.0,0.0,0.9141620351366379,1.0,0.0,0.0,0.0,0.0,1,Minimal,0.0,1.0,2017,6
Busia,2017-10-01,0.9141620351366326,0.0,0.0,0.0,0.0,0.9141620351366326,1.0,0.0,0.0,0.0,0.0,1,Minimal,0.0,1.0,2017,10
Busia,2018-02-01,0.9141620351366326,0.0,0.0,0.0,0.0,0.9141620351366326,1.0,0.0,0.0,0.0,0.0,1,Minimal,0.0,1.0,2018,2
Busia,2018-06-01,0.9141620351366379,0.0,0.0,0.0,0.0,0.9141620351366379,1.0,0.0,0.0,0.0,0.0,1,Minimal,0.0,1.0,2018,6
Busia,2018-12-01,0.9141620351366326,0.0,0.0,0.0,0.0,0.9141620351366326,1.0,0.0,0.0,0.0,0.0,1,Minimal,0.0,1.0,2018,12
Busia,2019-02-01,0.9141620351366379,0.0,0.0,0.0,0.0,0.9141620351366379,1.0,0.0,0.0,0.0,0.0,1,Minimal,0.0,1.0,2019,2
Busia,2019-06-01,0.9141620351366379,0.0,0.0,0.0,0.0,0.9141620351366379,1.0,0.0,0.0,0.0,0.0,1,Minimal,0.0,1.0,2019,6
Busia,2019-10-01,0.9141620351366379,0.0,0.0,0.0,0.0,0.9141620351366379,1.0,0.0,0.0,0.0,0.0,1,Minimal,0.0,1.0,2019,10
Busia,2020-02-01,0.9141620351366379,0.0,0.0,0.0,0.0,0.9141620351366379,1.0,0.0,0.0,0.0,0.0,1,Minimal,0.0,1.0,2020,2
Busia,2020-06-01,0.9141620351366379,0.0,0.0,0.0,0.0,0.9141620351366379,1.0,0.0,0.0,0.0,0.0,1,Minimal,0.0,1.0,2020,6
Busia,2020-10-01,0.9141620351366379,0.0,0.0,0.0,0.0,0.9141620351366379,1.0,0.0,0.0,0.0,0.0,1,Minimal,0.0,1.0,2020,10
Busia,2021-02-01,0.9141620351366379,0.0,0.0,0.0,0.0,0.9141620351366379,1.0,0.0,0.0,0.0,0.0,1,Minimal,0.0,1.0,2021,2
Busia,2021-06-01,0.9141620351366379,0.0,0.0,0.0,0.0,0.9141620351366379,1.0,0.0,0.0,0.0,0.0,1,Minimal,0.0,1.0,2021,6
Busia,2021-10-01,0.9141620351366379,0.0,0.0,0.0,0.0,0.9141620351366379,1.0,0.0,0.0,0.0,0.0,1,Minimal,0.0,1.0,2021,10
Busia,2022-02-01,0.9141620351366379,0.0,0.0,0.0,0.0,0.9141620351366379,1.0,0.0,0.0,0.0,0.0,1,Minimal,0.0,1.0,2022,2
Busia,2022-06-01,0.9141620351366379,0.0,0.0,0.0,0.0,0.9141620351366379,1.0,0.0,0.0,0.0,0.0,1,Minimal,0.0,1.0,2022,6
Busia,2022-10-01,0.9141620351366379,0.0,0.0,0.0,0.0,0.9141620351366379,1.0,0.0,0.0,0.0,0.0,1,Minimal,0.0,1.0,2022,10
Busia,2023-02-01,0.9141620351366379,0.0,0.0,0.0,0.0,0.9141620351366379,1.0,0.0,0.0,0.0,0.0,1,Minimal,0.0,1.0,2023,2
Busia,2023-06-01,0.9141620351366379,0.0,0.0,0.0,0.0,0.9141620351366379,1.0,0.0,0.0,0.0,0.0,1,Minimal,0.0,1.0,2023,6
Busia,2023-10-01,0.9141620351366379,0.0,0.0,0.0,0.0,0.9141620351366379,1.0,0.0,0.0,0.0,0.0,1,Minimal,0.0,1.0,2023,10
Busia,2024-02-01,0.9141620351366379,0.0,0.0,0.0,0.0,0.9141620351366379,1.0,0.0,0.0,0.0,0.0,1,Minimal,0.0,1.0,2024,2
Busia,2024-06-01,0.9141620351366379,0.0,0.0,0.0,0.0,0.9141620351366379,1.0,0.0,0.0,0.0,0.0,1,Minimal,0.0,1.0,2024,6
Busia,2024-10-01,0.9141620351366379,0.0,0.0,0.0,0.0,0.9141620351366379,1.0,0.0,0.0,0.0,0.0,1,Minimal,0.0,1.0,2024,10
Busia,2025-10-01,0.9141620351366379,0.0,0.0,0.0,0.0,0.9141620351366379,1.0,0.0,0.0,0.0,0.0,1,Minimal,0.0,1.0,2025,10
Busia,2026-02-01,0.9141620351366379,0.0,0.0,0.0,0.0,0.9141620351366379,1.0,0.0,0.0,0.0,0.0,1,Minimal,0.0,1.0,2026,2
Busia,2026-06-01,0.9141620351366379,0.0,0.0,0.0,0.0,0.9141620351366379,1.0,0.0,0.0,0.0,0.0,1,Minimal,0.0,1.0,2026,6
Elgeyo-Marakwet,2011-01-01,0.002292581935439799,0.9976878647956899,0.0,0.0,0.0,0.9999804467311297,0.0022926267637873306,0.9977073732362127,0.0,0.0,0.0,2,Stressed,0.0,1.9977073732362127,2011,1
Elgeyo-Marakwet,2011-04-01,0.002292581935439799,0.9976878647956899,0.0,0.0,0.0,0.9999804467311297,0.0022926267637873306,0.9977073732362127,0.0,0.0,0.0,2,Stressed,0.0,1.9977073732362127,2011,4
Elgeyo-Marakwet,2011-07-01,0.9984990792192031,0.0012955068335611594,7.281154963585552e-05,0.0,0.0,0.9998673976024002,0.9986315001504418,0.001295678643655827,7.282120590235429e-05,0.0,0.0,1,Minimal,7.282120590235429e-05,1.0014413210554607,2011,7
Elgeyo-Marakwet,2011-10-01,0.998499079223608,0.001250389144646191,0.00011782495769699964,0.0,0.0,0.9998672933259511,0.998631604302415,0.0012505551016544463,0.00011784059593055352,0.0,0.0,1,Minimal,0.00011784059593055352,1.0014862362935155,2011,10
Elgeyo-Marakwet,2012-01-01,0.998499079223608,0.0013682141023306836,0.0,0.0,0.0,0.9998672933259387,0.9986316043024275,0.0013683956975725083,0.0,0.0,0.0,1,Minimal,0.0,1.0013683956975725,2012,1
Elgeyo-Marakwet,2012-04-01,0.9985277871226058,0.0012632433162704823,7.281154963585552e-05,0.0,0.0,0.9998638419885122,0.9986637631947474,0.001263415340390913,7.282146486170473e-05,0.0,0.0,1,Minimal,7.282146486170473e-05,1.0014090582701143,2012,4
Elgeyo-Marakwet,2012-07-01,0.9985277871226058,0.0013360548659063433,0.0,0.0,0.0,0.9998638419885122,0.9986637631947474,0.0013362368052526232,0.0,0.0,0.0,1,Minimal,0.0,1.0013362368052525,2012,7
Elgeyo-Marakwet,2012-10-01,0.9985277871226058,0.0013360548659063433,0.0,0.0,0.0,0.9998638419885122,0.9986637631947474,0.0013362368052526232,0.0,0.0,0.0,1,Minimal,0.0,1.0013362368052525,2012,10
Elgeyo-Marakwet,2013-01-01,0.9985277871226058,0.0013360548659063433,0.0,0.0,0.0,0.9998638419885122,0.9986637631947474,0.0013362368052526232,0.0,0.0,0.0,1,Minimal,0.0,1.0013362368052525,2013,1
Elgeyo-Marakwet,2013-04-01,0.9985277871226058,0.0013360548659063433,0.0,0.0,0.0,0.9998638419885122,0.9986637631947474,0.0013362368052526232,0.0,0.0,0.0,1,Minimal,0.0,1.0013362368052525,2013,4
Elgeyo-Marakwet,2013-07-01,0.9984990792192031,0.0013683183831970204,0.0,0.0,0.0,0.9998673976024002,0.9986315001504418,0.0013684998495581868,0.0,0.0,0.0,1,Minimal,0.0,1.0013684998495582,2013,7
Elgeyo-Marakwet,2013-10-01,0.9984990792192031,0.0013683183831970204,0.0,0.0,0.0,0.9998673976024002,0.9986315001504418,0.0013684998495581868,0.0,0.0,0.0,1,Minimal,0.0,1.0013684998495582,2013,10
Elgeyo-Marakwet,2014-01-01,0.9984990792192031,0.0013683183831970204,0.0,0.0,0.0,0.9998673976024002,0.9986315001504418,0.0013684998495581868,0.0,0.0,0.0,1,Minimal,0.0,1.0013684998495582,2014,1
Elgeyo-Marakwet,2014-04-01,0.9984990792192031,0.0013683183831970204,0.0,0.0,0.0,0.9998673976024002,0.9986315001504418,0.0013684998495581868,0.0,0.0,0.0,1,Minimal,0.0,1.0013684998495582,2014,4
Elgeyo-Marakwet,2014-07-01,0.998499079223608,0.0013682141023306836,0.0,0.0,0.0,0.9998672933259387,0.9986316043024275,0.0013683956975725083,0.0,0.0,0.0,1,Minimal,0.0,1.0013683956975725,2014,7
Elgeyo-Marakwet,2014-10-01,0.9985899508682955,0.0012771644985549513,0.0,0.0,0.0,0.9998671153668505,0.9987226657633536,0.0012773342366463976,0.0,0.0,0.0,1,Minimal,0.0,1.0012773342366463,2014,10
Elgeyo-Marakwet,2015-01-01,0.9996996252012602,0.0001049707860602032,0.0,0.0,0.0,0.9998045959873204,0.9998950086982181,0.00010499130178186783,0.0,0.0,0.0,1,Minimal,0.0,1.0001049913017819,2015,1
Elgeyo-Marakwet,2015-04-01,0.9996996252012602,0.0001049707860602032,0.0,0.0,0.0,0.9998045959873204,0.9998950086982181,0.00010499130178186783,0.0,0.0,0.0,1,Minimal,0.0,1.0001049913017819,2015,4
Elgeyo-Marakwet,2015-07-01,0.9996967344645739,0.0001078615227465359,0.0,0.0,0.0,0.9998045959873204,0.9998921173965598,0.00010788260344014642,0.0,0.0,0.0,1,Minimal,0.0,1.0001078826034402,2015,7
Elgeyo-Marakwet,2015-10-01,0.9996895098962582,0.00011782495769699963,0.0,0.0,0.0,0.9998073348539551,0.9998821523371658,0.00011784766283417062,0.0,0.0,0.0,1,Minimal,0.0,1.000117847662834,2015,10
Elgeyo-Marakwet,2016-02-01,0.9997283331002575,7.281154963585552e-05,0.0,0.0,0.0,0.9998011446498934,0.9999271739685182,7.282603148184271e-05,0.0,0.0,0.0,1,Minimal,0.0,1.0000728260314817,2016,2
Elgeyo-Marakwet,2016-06-01,0.9997153236838017,0.00023646189270329126,0.0,0.0,0.0,0.999951785576505,0.9997635267058731,0.00023647329412683957,0.0,0.0,0.0,1,Minimal,0.0,1.0002364732941267,2016,6
Elgeyo-Marakwet,2016-10-01,0.9997153236838017,0.00023646189270329126,0.0,0.0,0.0,0.999951785576505,0.9997635267058731,0.00023647329412683957,0.0,0.0,0.0,1,Minimal,0.0,1.0002364732941267,2016,10
Elgeyo-Marakwet,2017-02-01,0.9931484592844414,0.006576569696016382,0.00023646189270329126,0.0,0.0,0.9999614908731611,0.9931867060372789,0.006576822963726089,0.00023647099899498528,0.0,0.0,1,Minimal,0.00023647099899498528,1.007049764961716,2017,2
Elgeyo-Marakwet,2017-06-01,0.9938714198721514,0.005843613041525178,0.0002464381451047735,0.0,0.0,0.9999614710587813,0.9939097141611051,0.005843838198423617,0.0002464476404714267,0.0,0.0,1,Minimal,0.0002464476404714267,1.0063367334793665,2017,6
Elgeyo-Marakwet,2017-10-01,0.9993377121611342,0.0006154711231080444,0.0,0.0,0.0,0.9999531832842422,0.9993845000612063,0.0006154999387937278,0.0,0.0,0.0,1,Minimal,0.0,1.0006154999387937,2017,10
Elgeyo-Marakwet,2018-02-01,0.9965832088140194,0.0033768645410479628,0.0,0.0,0.0,0.9999600733550673,0.9966230006266972,0.0033769993733028785,0.0,0.0,0.0,1,Minimal,0.0,1.0033769993733028,2018,2
Elgeyo-Marakwet,2018-06-01,0.9999517855761754,0.0,0.0,0.0,0.0,0.9999517855761754,1.0,0.0,0.0,0.0,0.0,1,Minimal,0.0,1.0,2018,6
Elgeyo-Marakwet,2018-12-01,0.9970553592737893,0.002897599430302435,0.0,0.0,0.0,0.9999529587040917,0.997102264256453,0.002897735743547011,0.0,0.0,0.0,1,Minimal,0.0,1.002897735743547,2018,12
Elgeyo-Marakwet,2019-02-01,0.9965832088140194,0.0033768645410479628,0.0,0.0,0.0,0.9999600733550673,0.9966230006266972,0.0033769993733028785,0.0,0.0,0.0,1,Minimal,0.0,1.0033769993733028,2019,2
Elgeyo-Marakwet,2019-06-01,0.9993377121611342,0.00037900923040475314,0.00023646189270329126,0.0,0.0,0.9999531832842423,0.9993845000612062,0.00037902697520291573,0.00023647296359081206,0.0,0.0,1,Minimal,0.00023647296359081206,1.0008519729023844,2019,6
Elgeyo-Marakwet,2019-10-01,0.9965832088140194,0.0031404026483446714,0.00023646189270329126,0.0,0.0,0.9999600733550674,0.9966230006266971,0.003140528039092589,0.000236471334210289,0.0,0.0,1,Minimal,0.000236471334210289,1.003613470707513,2019,10
Elgeyo-Marakwet,2020-02-01,0.9997153236838017,0.00023646189270329126,0.0,0.0,0.0,0.999951785576505,0.9997635267058731,0.00023647329412683957,0.0,0.0,0.0,1,Minimal,0.0,1.0002364732941267,2020,2
Elgeyo-Marakwet,2020-06-01,0.9997153236838017,0.00023646189270329126,0.0,0.0,0.0,0.999951785576505,0.9997635267058731,0.00023647329412683957,0.0,0.0,0.0,1,Minimal,0.0,1.0002364732941267,2020,6
Elgeyo-Marakwet,2020-10-01,0.9997153236838018,0.00023646189270329126,0.0,0.0,0.0,0.9999517855765051,0.9997635267058731,0.00023647329412683954,0.0,0.0,0.0,1,Minimal,0.0,1.0002364732941267,2020,10
Elgeyo-Marakwet,2021-02-01,0.9997153236838017,0.00023646189270329126,0.0,0.0,0.0,0.999951785576505,0.9997635267058731,0.00023647329412683957,0.0,0.0,0.0,1,Minimal,0.0,1.0002364732941267,2021,2
Elgeyo-Marakwet,2021-06-01,0.9962055972913518,0.0037558737714527154,0.0,0.0,0.0,0.9999614710628045,0.996243981513147,0.0037560184868531002,0.0,0.0,0.0,1,Minimal,0.0,1.0037560184868533,2021,6
Elgeyo-Marakwet,2021-10-01,0.9940825042003082,0.005642504965769957,0.00023646189270329126,0.0,0.0,0.9999614710587814,0.9941208066224307,0.005642722373888613,0.000236471003680692,0.0,0.0,1,Minimal,0.000236471003680692,1.00611566438125,2021,10
Elgeyo-Marakwet,2022-02-01,0.9993377121611342,0.0,0.0006154711231080444,0.0,0.0,0.9999531832842422,0.9993845000612063,0.0,0.0006154999387937278,0.0,0.0,1,Minimal,0.0006154999387937278,1.0012309998775875,2022,2
Elgeyo-Marakwet,2022-06-01,0.9940825042003082,0.005263495735365204,0.0006154711231080444,0.0,0.0,0.9999614710587814,0.9941208066224307,0.005263698540096847,0.0006154948374724578,0.0,0.0,1,Minimal,0.0006154948374724578,1.0064946882150418,2022,6
Elgeyo-Marakwet,2022-10-01,0.9940825042003082,0.005263495735365204,0.0006154711231080444,0.0,0.0,0.9999614710587814,0.9941208066224307,0.005263698540096847,0.0006154948374724578,0.0,0.0,1,Minimal,0.0006154948374724578,1.0064946882150418,2022,10
Elgeyo-Marakwet,2023-02-01,0.9962055972913518,0.0035194118787494244,0.00023646189270329126,0.0,0.0,0.9999614710628045,0.996243981513147,0.00351954748317336,0.0002364710036797406,0.0,0.0,1,Minimal,0.0002364710036797406,1.003992489490533,2023,2
Elgeyo-Marakwet,2023-06-01,0.9962055972913518,0.0035194118787494244,0.00023646189270329126,0.0,0.0,0.9999614710628045,0.996243981513147,0.00351954748317336,0.0002364710036797406,0.0,0.0,1,Minimal,0.0002364710036797406,1.003992489490533,2023,6
Elgeyo-Marakwet,2023-10-01,0.9962055972913518,0.0037558737714527154,0.0,0.0,0.0,0.9999614710628045,0.996243981513147,0.0037560184868531002,0.0,0.0,0.0,1,Minimal,0.0,1.0037560184868533,2023,10
Elgeyo-Marakwet,2024-02-01,0.9993377121611343,0.0006154711231080444,0.0,0.0,0.0,0.9999531832842423,0.9993845000612063,0.0006154999387937278,0.0,0.0,0.0,1,Minimal,0.0,1.0006154999387937,2024,2
Elgeyo-Marakwet,2024-06-01,0.9993377121611343,0.0006154711231080444,0.0,0.0,0.0,0.9999531832842423,0.9993845000612063,0.0006154999387937278,0.0,0.0,0.0,1,Minimal,0.0,1.0006154999387937,2024,6
Elgeyo-Marakwet,2024-10-01,0.9993377121611343,0.0006154711231080444,0.0,0.0,0.0,0.9999531832842423,0.9993845000612063,0.0006154999387937278,0.0,0.0,0.0,1,Minimal,0.0,1.0006154999387937,2024,10
Elgeyo-Marakwet,2025-10-01,0.99313848303204,0.0068230078411211465,0.0,0.0,0.0,0.9999614908731611,0.9931767294006859,0.0068232705993141116,0.0,0.0,0.0,1,Minimal,0.0,1.006823270599314,2025,10
Elgeyo-Marakwet,2026-02-01,0.99313848303204,0.0068230078411211465,0.0,0.0,0.0,0.9999614908731611,0.9931767294006859,0.0068232705993141116,0.0,0.0,0.0,1,Minimal,0.0,1.006823270599314,2026,2
Elgeyo-Marakwet,2026-06-01,0.99313848303204,0.0068230078411211465,0.0,0.0,0.0,0.9999614908731611,0.9931767294006859,0.0068232705993141116,0.0,0.0,0.0,1,Minimal,0.0,1.006823270599314,2026,6
Embu,2011-01-01,0.2555148800257466,0.7444134086991756,0.0,0.0,0.0,0.9999282887249222,0.2555332046376759,0.7444667953623241,0.0,0.0,0.0,2,Stressed,0.0,1.744466795362324,2011,1
Embu,2011-04-01,0.2555148800257466,0.7444134086991756,0.0,0.0,0.0,0.9999282887249222,0.2555332046376759,0.7444667953623241,0.0,0.0,0.0,2,Stressed,0.0,1.744466795362324,2011,4
Embu,2011-07-01,0.2637827553335193,0.7319586098989274,0.004185813860264242,0.0,0.0,0.999927179092711,0.26380196563200126,0.7320119156707728,0.0041861186972257936,0.0,0.0,2,Stressed,0.0041861186972257936,1.7403841530652242,2011,7
Embu,2011-10-01,0.2554838033254136,0.18492635815229744,0.5543349271830623,0.005201604228593138,0.0,0.9999466928893666,0.25549742315481627,0.18493621656765413,0.5543644787516624,0.005201881525867139,0.0,3,Crisis,0.5595663602775295,2.30927081864858,2011,10
Embu,2012-01-01,0.25548380332541354,0.739174801555764,0.005201604228593138,0.0,0.0,0.9998602091097707,0.25551952262695254,0.7392781459059072,0.005202331467140197,0.0,0.0,2,Stressed,0.005202331467140197,1.7496828088401875,2012,1
Embu,2012-04-01,0.9884733560934686,0.011396134246099966,0.0,0.0,0.0,0.9998694903395686,0.9886023782541562,0.011397621745843741,0.0,0.0,0.0,1,Minimal,0.0,1.0113976217458436,2012,4
Embu,2012-07-01,0.9884733560934686,0.011396134246099966,0.0,0.0,0.0,0.9998694903395686,0.9886023782541562,0.011397621745843741,0.0,0.0,0.0,1,Minimal,0.0,1.0113976217458436,2012,7
Embu,2012-10-01,0.9884733560934686,0.011396134246099967,0.0,0.0,0.0,0.9998694903395686,0.9886023782541562,0.011397621745843743,0.0,0.0,0.0,1,Minimal,0.0,1.0113976217458436,2012,10
Embu,2013-01-01,0.9884733560934686,0.011396134246099966,0.0,0.0,0.0,0.9998694903395686,0.9886023782541562,0.011397621745843741,0.0,0.0,0.0,1,Minimal,0.0,1.0113976217458436,2013,1
Embu,2013-04-01,0.9884733560934686,0.011396134246099966,0.0,0.0,0.0,0.9998694903395686,0.9886023782541562,0.011397621745843741,0.0,0.0,0.0,1,Minimal,0.0,1.0113976217458436,2013,4
Embu,2013-07-01,0.2554838033254136,0.7443351255979599,0.0,0.0,0.0,0.9998189289233734,0.2555300724307391,0.744469927569261,0.0,0.0,0.0,2,Stressed,0.0,1.744469927569261,2013,7
Embu,2013-10-01,0.2554838033254136,0.7443351255979599,0.0,0.0,0.0,0.9998189289233734,0.2555300724307391,0.744469927569261,0.0,0.0,0.0,2,Stressed,0.0,1.744469927569261,2013,10
Embu,2014-01-01,0.2553985525812762,0.7444203763420975,0.0,0.0,0.0,0.9998189289233737,0.255444806247362,0.744555193752638,0.0,0.0,0.0,2,Stressed,0.0,1.744555193752638,2014,1
Embu,2014-04-01,0.2553985525812762,0.7444203763420975,0.0,0.0,0.0,0.9998189289233737,0.255444806247362,0.744555193752638,0.0,0.0,0.0,2,Stressed,0.0,1.744555193752638,2014,4
Embu,2014-07-01,0.8443206405588638,0.15558727962315802,0.0,0.0,0.0,0.9999079201820218,0.8443983926091564,0.1556016073908437,0.0,0.0,0.0,1,Minimal,0.0,1.1556016073908437,2014,7
Embu,2014-10-01,0.6628931792784384,0.3370551894669616,0.0,0.0,0.0,0.9999483687454,0.6629274070521731,0.33707259294782677,0.0,0.0,0.0,1,Minimal,0.0,1.3370725929478267,2014,10
Embu,2015-01-01,0.2626936663776627,0.7371732451447761,0.0,0.0,0.0,0.9998669115224388,0.26272863253137807,0.737271367468622,0.0,0.0,0.0,2,Stressed,0.0,1.737271367468622,2015,1
Embu,2015-04-01,0.2626936663776627,0.7371732451447761,0.0,0.0,0.0,0.9998669115224388,0.26272863253137807,0.737271367468622,0.0,0.0,0.0,2,Stressed,0.0,1.737271367468622,2015,4
Embu,2015-07-01,0.26269366637766267,0.7371732451447761,0.0,0.0,0.0,0.9998669115224388,0.262728632531378,0.737271367468622,0.0,0.0,0.0,2,Stressed,0.0,1.737271367468622,2015,7
Embu,2015-10-01,0.8534754869420755,0.14636799695026972,0.0,0.0,0.0,0.9998434838923452,0.8536090905143816,0.14639090948561845,0.0,0.0,0.0,1,Minimal,0.0,1.1463909094856186,2015,10
Embu,2016-02-01,0.9997803988984593,0.0,0.0,0.0,0.0,0.9997803988984593,1.0,0.0,0.0,0.0,0.0,1,Minimal,0.0,1.0,2016,2
Embu,2016-06-01,0.9999726484073955,0.0,0.0,0.0,0.0,0.9999726484073955,1.0,0.0,0.0,0.0,0.0,1,Minimal,0.0,1.0,2016,6
Embu,2016-10-01,0.538854687688282,0.46112993108328326,0.0,0.0,0.0,0.9999846187715653,0.5388629760628119,0.46113702393718814,0.0,0.0,0.0,1,Minimal,0.0,1.4611370239371881,2016,10
Embu,2017-02-01,0.0035858321746598237,0.9963973573194844,0.0,0.0,0.0,0.9999831894941442,0.003585892455325942,0.9964141075446741,0.0,0.0,0.0,2,Stressed,0.0,1.9964141075446742,2017,2
Embu,2017-06-01,0.0035858321746598237,0.9958459047255127,0.0005515190945346637,0.0,0.0,0.9999832559947072,0.003585892216858082,0.9958625794538141,0.0005515283293279291,0.0,0.0,2,Stressed,0.0005515283293279291,1.9969656361124701,2017,6
Embu,2017-10-01,0.33232267780970576,0.6676619287581752,0.0,0.0,0.0,0.999984606567881,0.3323277934750359,0.6676722065249641,0.0,0.0,0.0,2,Stressed,0.0,1.667672206524964,2017,10
Embu,2018-02-01,0.33232267780970576,0.6676619287581752,0.0,0.0,0.0,0.999984606567881,0.3323277934750359,0.6676722065249641,0.0,0.0,0.0,2,Stressed,0.0,1.667672206524964,2018,2
Embu,2018-06-01,0.9999726484073955,0.0,0.0,0.0,0.0,0.9999726484073955,1.0,0.0,0.0,0.0,0.0,1,Minimal,0.0,1.0,2018,6
Embu,2018-12-01,0.9999664736456113,6.174761782022363e-06,0.0,0.0,0.0,0.9999726484073933,0.9999938250693238,6.174930676210593e-06,0.0,0.0,0.0,1,Minimal,0.0,1.0000061749306761,2018,12
Embu,2019-02-01,0.9989353785311336,0.0010373363825322587,0.0,0.0,0.0,0.9999727149136658,0.9989626353128828,0.0010373646871173067,0.0,0.0,0.0,1,Minimal,0.0,1.0010373646871173,2019,2
Embu,2019-06-01,0.26725735860339345,0.7327282761370992,0.0,0.0,0.0,0.9999856347404927,0.2672611978798572,0.7327388021201428,0.0,0.0,0.0,2,Stressed,0.0,1.7327388021201426,2019,6
Embu,2019-10-01,0.32647224362300953,0.6700408450369111,0.003476173269720929,0.0,0.0,0.9999892619296415,0.3264757493425763,0.6700480400599088,0.003476210597514906,0.0,0.0,2,Stressed,0.003476210597514906,1.6770004612549387,2019,10
Embu,2020-02-01,0.9941347575366026,0.005842664828929062,0.0,0.0,0.0,0.9999774223655317,0.9941572032545418,0.005842796745458253,0.0,0.0,0.0,1,Minimal,0.0,1.0058427967454584,2020,2
Embu,2020-06-01,0.9941347575366026,0.005842664828929062,0.0,0.0,0.0,0.9999774223655317,0.9941572032545418,0.005842796745458253,0.0,0.0,0.0,1,Minimal,0.0,1.0058427967454584,2020,6
Embu,2020-10-01,0.32648460183381506,0.673504408484749,0.0,0.0,0.0,0.999989010318564,0.32648818983501393,0.6735118101649861,0.0,0.0,0.0,2,Stressed,0.0,1.6735118101649862,2020,10
Embu,2021-02-01,0.32648460183381506,0.673504408484749,0.0,0.0,0.0,0.999989010318564,0.32648818983501393,0.6735118101649861,0.0,0.0,0.0,2,Stressed,0.0,1.6735118101649862,2021,2
Embu,2021-06-01,0.32648460183381506,0.673504408484749,0.0,0.0,0.0,0.999989010318564,0.32648818983501393,0.6735118101649861,0.0,0.0,0.0,2,Stressed,0.0,1.6735118101649862,2021,6
Embu,2021-10-01,0.33232267780970576,0.6676619287581752,0.0,0.0,0.0,0.999984606567881,0.3323277934750359,0.6676722065249641,0.0,0.0,0.0,2,Stressed,0.0,1.667672206524964,2021,10
Embu,2022-02-01,0.33232267780970576,0.6676619287581752,0.0,0.0,0.0,0.999984606567881,0.3323277934750359,0.6676722065249641,0.0,0.0,0.0,2,Stressed,0.0,1.667672206524964,2022,2
Embu,2022-06-01,0.33232267780970576,0.6671399090134152,0.0005220197504786413,0.0,0.0,0.9999846065735997,0.33232779347313535,0.6671501787405897,0.0005220277862749482,0.0,0.0,2,Stressed,0.0005220277862749482,1.6681942343131395,2022,6
Embu,2022-10-01,0.33232267780970576,0.666594631181226,0.0010673640832312829,0.0,0.0,0.999984673074163,0.33232777137281116,0.6666048481842967,0.0010673804428921708,0.0,0.0,2,Stressed,0.0010673804428921708,1.668739609070081,2022,10
Embu,2023-02-01,0.33232267780970576,0.6671166509259859,0.0005453443327526414,0.0,0.0,0.9999846730684444,0.33232777137471164,0.6671268759339523,0.0005453526913360152,0.0,0.0,2,Stressed,0.0005453526913360152,1.6682175813166242,2023,2
Embu,2023-06-01,0.33232267780970576,0.0,0.6676619287581752,0.0,0.0,0.999984606567881,0.3323277934750359,0.0,0.6676722065249641,0.0,0.0,3,Crisis,0.6676722065249641,2.335344413049928,2023,6
Embu,2023-10-01,0.33232267780970576,0.6676619287581752,0.0,0.0,0.0,0.999984606567881,0.3323277934750359,0.6676722065249641,0.0,0.0,0.0,2,Stressed,0.0,1.667672206524964,2023,10
Embu,2024-02-01,0.33232267780970576,0.6676619287581752,0.0,0.0,0.0,0.999984606567881,0.3323277934750359,0.6676722065249641,0.0,0.0,0.0,2,Stressed,0.0,1.667672206524964,2024,2
Embu,2024-06-01,0.33232267780970576,0.6676619287581752,0.0,0.0,0.0,0.999984606567881,0.3323277934750359,0.6676722065249641,0.0,0.0,0.0,2,Stressed,0.0,1.667672206524964,2024,6
Embu,2024-10-01,0.33232267780970576,0.6676619287581752,0.0,0.0,0.0,0.999984606567881,0.3323277934750359,0.6676722065249641,0.0,0.0,0.0,2,Stressed,0.0,1.667672206524964,2024,10
Embu,2025-10-01,0.2672511838416116,0.7327344508988812,0.0,0.0,0.0,0.9999856347404928,0.26725502302937204,0.732744976970628,0.0,0.0,0.0,2,Stressed,0.0,1.732744976970628,2025,10
Embu,2026-02-01,0.2672511838416116,0.7321829983049101,0.0005515190945346638,0.0,0.0,0.9999857012410563,0.26725500525650825,0.7321934677628057,0.0005515269806860116,0.0,0.0,2,Stressed,0.0005515269806860116,1.7332965217241776,2026,2
Embu,2026-06-01,0.2672511838416116,0.7327344508988812,0.0,0.0,0.0,0.9999856347404928,0.26725502302937204,0.732744976970628,0.0,0.0,0.0,2,Stressed,0.0,1.732744976970628,2026,6
Garissa,2011-01-01,0.0,0.9951847916637703,0.004361669221731119,0.0,0.0,0.9995464608855014,0.0,0.9956363516930798,0.004363648306920223,0.0,0.0,2,Stressed,0.004363648306920223,2.0043636483069203,2011,1
Garissa,2011-04-01,0.0,0.9951847916637703,0.004361669221731119,0.0,0.0,0.9995464608855014,0.0,0.9956363516930798,0.004363648306920223,0.0,0.0,2,Stressed,0.004363648306920223,2.0043636483069203,2011,4
Garissa,2011-07-01,0.006826488449065754,0.2568019384382647,0.6092938013709451,0.126645058587842,0.0,0.9995672868461176,0.0068294436391621175,0.25691310811955287,0.6095575649473464,0.12669988329393866,0.0,3,Crisis,0.736257448241285,2.856127887896062,2011,7
Garissa,2011-10-01,0.0,0.08861363750133128,0.6190969331482501,0.29183517142313586,0.0,0.9995457420727173,0.0,0.08865390924238924,0.6193782906467632,0.2919678001108475,0.0,3,Crisis,0.9113460907576107,3.2033138908684577,2011,10
Garissa,2012-01-01,0.0,0.707685086714411,0.29183517142313586,0.0,0.0,0.9995202581375469,0.0,0.7080247558294356,0.2919752441705645,0.0,0.0,2,Stressed,0.2919752441705645,2.2919752441705645,2012,1
Garissa,2012-04-01,0.0,0.9979096740397826,0.0016124474451938784,0.0,0.0,0.9995221214849764,0.0,0.9983867816324082,0.0016132183675917919,0.0,0.0,2,Stressed,0.0016132183675917919,2.001613218367592,2012,4
Garissa,2012-07-01,0.0,0.9995223749025813,0.0,0.0,0.0,0.9995223749025813,0.0,1.0,0.0,0.0,0.0,2,Stressed,0.0,2.0,2012,7
Garissa,2012-10-01,0.0,0.3020804468682981,0.6974796977252472,0.0,0.0,0.9995601445935454,0.0,0.30221337705609913,0.6977866229439008,0.0,0.0,3,Crisis,0.6977866229439008,2.6977866229439007,2012,10
Garissa,2013-01-01,0.0,0.9995225279256245,0.0,0.0,0.0,0.9995225279256245,0.0,1.0,0.0,0.0,0.0,2,Stressed,0.0,2.0,2013,1
Garissa,2013-04-01,0.0,0.999511246179476,0.0,0.0,0.0,0.999511246179476,0.0,1.0,0.0,0.0,0.0,2,Stressed,0.0,2.0,2013,4
Garissa,2013-07-01,0.0,0.999511246179476,0.0,0.0,0.0,0.999511246179476,0.0,1.0,0.0,0.0,0.0,2,Stressed,0.0,2.0,2013,7
Garissa,2013-10-01,0.0,0.999511246179476,0.0,0.0,0.0,0.999511246179476,0.0,1.0,0.0,0.0,0.0,2,Stressed,0.0,2.0,2013,10
Garissa,2014-01-01,0.0,0.999511246179476,0.0,0.0,0.0,0.999511246179476,0.0,1.0,0.0,0.0,0.0,2,Stressed,0.0,2.0,2014,1
Garissa,2014-04-01,0.0,0.999511246179476,0.0,0.0,0.0,0.999511246179476,0.0,1.0,0.0,0.0,0.0,2,Stressed,0.0,2.0,2014,4
Garissa,2014-07-01,0.006826488449065758,0.992714455663927,0.0,0.0,0.0,0.9995409441129928,0.006829623627998234,0.9931703763720018,0.0,0.0,0.0,2,Stressed,0.0,1.993170376372002,2014,7
Garissa,2014-10-01,0.006826488449065754,0.912268042669453,0.08045566470128337,0.0,0.0,0.9995501958198022,0.006829560413888834,0.9126785693051034,0.08049187028100771,0.0,0.0,2,Stressed,0.08049187028100771,2.0736623098671187,2014,10
Garissa,2015-01-01,1.9067746534304795e-05,0.8785730265364518,0.12093624952970337,0.0,0.0,0.9995283438126894,1.9076744198739873e-05,0.8789876064796172,0.12099331677618409,0.0,0.0,2,Stressed,0.12099331677618409,2.1209742400319853,2015,1
Garissa,2015-04-01,0.23035503150489467,0.517833127039365,0.25136116542766085,0.0,0.0,0.9995493239719205,0.23045889380378975,0.5180666072401966,0.2514744989560136,0.0,0.0,2,Stressed,0.2514744989560136,2.0210156051522237,2015,4
Garissa,2015-07-01,0.006845556195600059,0.9926968185776205,0.0,0.0,0.0,0.9995423747732205,0.00684869032906504,0.993151309670935,0.0,0.0,0.0,2,Stressed,0.0,1.993151309670935,2015,7
Garissa,2015-10-01,0.02212995517012328,0.9769499016125386,0.0004656158328722088,0.0,0.0,0.9995454726155341,0.02214001841478538,0.9773941540209581,0.0004658275642566025,0.0,0.0,2,Stressed,0.0004658275642566025,1.9783258091494713,2015,10
Garissa,2016-02-01,0.5146241975210908,0.48489884814287304,0.0,0.0,0.0,0.9995230456639639,0.5148697668889024,0.4851302331110976,0.0,0.0,0.0,1,Minimal,0.0,1.4851302331110976,2016,2
Garissa,2016-06-01,0.18785798930686484,0.811611300463694,0.0,0.0,0.0,0.9994692897705588,0.18795774040239904,0.812042259597601,0.0,0.0,0.0,2,Stressed,0.0,1.8120422595976011,2016,6
Garissa,2016-10-01,2.622394430618488e-09,0.8284274641992904,0.17106293649878374,0.0,0.0,0.9994904033204686,2.6237314754663678e-09,0.8288498433272801,0.1711501540489884,0.0,0.0,2,Stressed,0.1711501540489884,2.1711501514252567,2016,10
Garissa,2017-02-01,0.0,0.4469617504873302,0.5525271834879174,0.0,0.0,0.9994889339752476,0.0,0.44719029425332213,0.5528097057466779,0.0,0.0,3,Crisis,0.5528097057466779,2.552809705746678,2017,2
Garissa,2017-06-01,0.0,0.38919976134027345,0.6102921904196539,0.0,0.0,0.9994919517599273,0.0,0.38939759410264585,0.6106024058973542,0.0,0.0,3,Crisis,0.6106024058973542,2.610602405897354,2017,6
Garissa,2017-10-01,0.0,0.6846921435348771,0.31478787320263535,0.0,0.0,0.9994800167375124,0.0,0.6850483572146233,0.31495164278537674,0.0,0.0,2,Stressed,0.31495164278537674,2.3149516427853767,2017,10
Garissa,2018-02-01,0.0,0.08728353701451634,0.9121976512643235,0.0,0.0,0.9994811882788398,0.0,0.08732884424250473,0.9126711557574954,0.0,0.0,3,Crisis,0.9126711557574954,2.9126711557574954,2018,2
Garissa,2018-06-01,0.7982184282743551,0.20123179224829063,2.7695778567111777e-05,0.0,0.0,0.9994779163012127,0.7986353827889839,0.2013369069653815,2.7710245634647016e-05,0.0,0.0,1,Minimal,2.7710245634647016e-05,1.201392327456651,2018,6
Garissa,2018-12-01,0.023078595820435605,0.9763897569349266,0.0,0.0,0.0,0.9994683527553622,0.02309087201892075,0.9769091279810793,0.0,0.0,0.0,2,Stressed,0.0,1.9769091279810793,2018,12
Garissa,2019-02-01,0.0,0.9994639736822265,0.0,0.0,0.0,0.9994639736822265,0.0,1.0,0.0,0.0,0.0,2,Stressed,0.0,2.0,2019,2
Garissa,2019-06-01,0.0,0.5111237420376196,0.4883675234461468,0.0,0.0,0.9994912654837664,0.0,0.5113839006789411,0.4886160993210588,0.0,0.0,2,Stressed,0.4886160993210588,2.4886160993210584,2019,6
Garissa,2019-10-01,0.0,0.0,0.9994639736822264,0.0,0.0,0.9994639736822264,0.0,0.0,1.0,0.0,0.0,3,Crisis,1.0,3.0,2019,10
Garissa,2020-02-01,0.0,0.9994362779040843,2.7695778567111777e-05,0.0,0.0,0.9994639736826514,0.0,0.9999722893678048,2.7710632195238793e-05,0.0,0.0,2,Stressed,2.7710632195238793e-05,2.0000277106321955,2020,2
Garissa,2020-06-01,0.0,0.9994362779040845,2.7695778567111777e-05,0.0,0.0,0.9994639736826516,0.0,0.9999722893678048,2.7710632195238786e-05,0.0,0.0,2,Stressed,2.7710632195238786e-05,2.0000277106321955,2020,6
Garissa,2020-10-01,0.0,0.9994639736822262,0.0,0.0,0.0,0.9994639736822262,0.0,1.0,0.0,0.0,0.0,2,Stressed,0.0,2.0,2020,10
Garissa,2021-02-01,0.0,0.9987404378782359,0.0007283077693798208,0.0,0.0,0.9994687456476157,0.0,0.9992713051082874,0.0007286948917126034,0.0,0.0,2,Stressed,0.0007286948917126034,2.0007286948917127,2021,2
Garissa,2021-06-01,0.0,0.6793358380029118,0.32016411308097575,0.0,0.0,0.9994999510838876,0.0,0.6796757091045574,0.3203242908954425,0.0,0.0,2,Stressed,0.3203242908954425,2.3203242908954422,2021,6
Garissa,2021-10-01,0.0,2.622394430618488e-09,0.9994639736817514,0.0,0.0,0.9994639763041459,0.0,2.623800850047316e-09,0.9999999973761992,0.0,0.0,3,Crisis,0.9999999973761992,2.9999999973761993,2021,10
Garissa,2022-02-01,0.0,2.622394430618488e-09,0.9994755505983862,0.0,0.0,0.9994755532207806,0.0,2.623770458584904e-09,0.9999999973762296,0.0,0.0,3,Crisis,0.9999999973762296,2.99999999737623,2022,2
Garissa,2022-06-01,0.0,2.622394430618488e-09,0.9994687456476152,0.0,0.0,0.9994687482700096,0.0,2.623788322704053e-09,0.9999999973762117,0.0,0.0,3,Crisis,0.9999999973762117,2.9999999973762117,2022,6
Garissa,2022-10-01,0.0,2.622394430618488e-09,0.9994755505983879,0.0,0.0,0.9994755532207823,0.0,2.6237704585848994e-09,0.9999999973762296,0.0,0.0,3,Crisis,0.9999999973762296,2.99999999737623,2022,10
Garissa,2023-02-01,0.0,2.622394430618488e-09,0.9994639736822262,0.0,0.0,0.9994639763046206,0.0,2.6238008500460692e-09,0.9999999973761992,0.0,0.0,3,Crisis,0.9999999973761992,2.9999999973761993,2023,2
Garissa,2023-06-01,0.0,2.622394430618488e-09,0.9994707786331524,0.0,0.0,0.9994707812555468,0.0,2.6237829857559275e-09,0.999999997376217,0.0,0.0,3,Crisis,0.999999997376217,2.999999997376217,2023,6
Garissa,2023-10-01,0.0,2.622394430618488e-09,0.9994639736822248,0.0,0.0,0.9994639763046193,0.0,2.623800850046073e-09,0.9999999973761992,0.0,0.0,3,Crisis,0.9999999973761992,2.9999999973761993,2023,10
Garissa,2024-02-01,0.0,0.00016008321279114968,0.9993061625409968,0.0,0.0,0.999466245753788,0.0,0.00016016870351676205,0.9998398312964832,0.0,0.0,3,Crisis,0.9998398312964832,2.9998398312964834,2024,2
Garissa,2024-06-01,0.0,0.9994362779040689,2.7695778567111777e-05,0.0,0.0,0.999463973682636,0.0,0.9999722893678048,2.771063219523922e-05,0.0,0.0,2,Stressed,2.771063219523922e-05,2.0000277106321955,2024,6
Garissa,2024-10-01,0.0,0.9994362779040843,2.769577856759207e-05,0.0,0.0,0.9994639736826518,0.0,0.9999722893678044,2.7710632195719332e-05,0.0,0.0,2,Stressed,2.7710632195719332e-05,2.000027710632196,2024,10
Garissa,2025-10-01,0.0,0.9994639736822261,0.0,0.0,0.0,0.9994639736822261,0.0,1.0,0.0,0.0,0.0,2,Stressed,0.0,2.0,2025,10
Garissa,2026-02-01,0.0,0.0,0.9994639736822264,0.0,0.0,0.9994639736822264,0.0,0.0,1.0,0.0,0.0,3,Crisis,1.0,3.0,2026,2
Garissa,2026-06-01,0.0,2.622394430618488e-09,0.9994639736817519,0.0,0.0,0.9994639763041463,0.0,2.6238008500473146e-09,0.9999999973761992,0.0,0.0,3,Crisis,0.9999999973761992,2.9999999973761993,2026,6
Homa Bay,2011-01-01,0.6683932894055674,0.0,0.0,0.0,0.0,0.6683932894055674,1.0,0.0,0.0,0.0,0.0,1,Minimal,0.0,1.0,2011,1
Homa Bay,2011-04-01,0.6683932894055674,0.0,0.0,0.0,0.0,0.6683932894055674,1.0,0.0,0.0,0.0,0.0,1,Minimal,0.0,1.0,2011,4
Homa Bay,2011-07-01,0.66830422924983,0.0,0.0,0.0,0.0,0.66830422924983,1.0,0.0,0.0,0.0,0.0,1,Minimal,0.0,1.0,2011,7
Homa Bay,2011-10-01,0.66830422924983,0.0,0.0,0.0,0.0,0.66830422924983,1.0,0.0,0.0,0.0,0.0,1,Minimal,0.0,1.0,2011,10
Homa Bay,2012-01-01,0.66830422924983,0.0,0.0,0.0,0.0,0.66830422924983,1.0,0.0,0.0,0.0,0.0,1,Minimal,0.0,1.0,2012,1
Homa Bay,2012-04-01,0.66830422924983,0.0,0.0,0.0,0.0,0.66830422924983,1.0,0.0,0.0,0.0,0.0,1,Minimal,0.0,1.0,2012,4
Homa Bay,2012-07-01,0.66830422924983,0.0,0.0,0.0,0.0,0.66830422924983,1.0,0.0,0.0,0.0,0.0,1,Minimal,0.0,1.0,2012,7
Homa Bay,2012-10-01,0.66830422924983,0.0,0.0,0.0,0.0,0.66830422924983,1.0,0.0,0.0,0.0,0.0,1,Minimal,0.0,1.0,2012,10
Homa Bay,2013-01-01,0.66830422924983,0.0,0.0,0.0,0.0,0.66830422924983,1.0,0.0,0.0,0.0,0.0,1,Minimal,0.0,1.0,2013,1
Homa Bay,2013-04-01,0.66830422924983,0.0,0.0,0.0,0.0,0.66830422924983,1.0,0.0,0.0,0.0,0.0,1,Minimal,0.0,1.0,2013,4
Homa Bay,2013-07-01,0.66830422924983,0.0,0.0,0.0,0.0,0.66830422924983,1.0,0.0,0.0,0.0,0.0,1,Minimal,0.0,1.0,2013,7
Homa Bay,2013-10-01,0.66830422924983,0.0,0.0,0.0,0.0,0.66830422924983,1.0,0.0,0.0,0.0,0.0,1,Minimal,0.0,1.0,2013,10
Homa Bay,2014-01-01,0.66830422924983,0.0,0.0,0.0,0.0,0.66830422924983,1.0,0.0,0.0,0.0,0.0,1,Minimal,0.0,1.0,2014,1
Homa Bay,2014-04-01,0.66830422924983,0.0,0.0,0.0,0.0,0.66830422924983,1.0,0.0,0.0,0.0,0.0,1,Minimal,0.0,1.0,2014,4
Homa Bay,2014-07-01,0.66830422924983,0.0,0.0,0.0,0.0,0.66830422924983,1.0,0.0,0.0,0.0,0.0,1,Minimal,0.0,1.0,2014,7
Homa Bay,2014-10-01,0.66830422924983,0.0,0.0,0.0,0.0,0.66830422924983,1.0,0.0,0.0,0.0,0.0,1,Minimal,0.0,1.0,2014,10
Homa Bay,2015-01-01,0.66830422924983,0.0,0.0,0.0,0.0,0.66830422924983,1.0,0.0,0.0,0.0,0.0,1,Minimal,0.0,1.0,2015,1
Homa Bay,2015-04-01,0.66830422924983,0.0,0.0,0.0,0.0,0.66830422924983,1.0,0.0,0.0,0.0,0.0,1,Minimal,0.0,1.0,2015,4
Homa Bay,2015-07-01,0.66830422924983,0.0,0.0,0.0,0.0,0.66830422924983,1.0,0.0,0.0,0.0,0.0,1,Minimal,0.0,1.0,2015,7
Homa Bay,2015-10-01,0.66830422924983,0.0,0.0,0.0,0.0,0.66830422924983,1.0,0.0,0.0,0.0,0.0,1,Minimal,0.0,1.0,2015,10
Homa Bay,2016-02-01,0.66830422924983,0.0,0.0,0.0,0.0,0.66830422924983,1.0,0.0,0.0,0.0,0.0,1,Minimal,0.0,1.0,2016,2
Homa Bay,2016-06-01,0.6628357436647451,0.0,0.0,0.0,0.0,0.6628357436647451,1.0,0.0,0.0,0.0,0.0,1,Minimal,0.0,1.0,2016,6
Homa Bay,2016-10-01,0.6628357436647451,0.0,0.0,0.0,0.0,0.6628357436647451,1.0,0.0,0.0,0.0,0.0,1,Minimal,0.0,1.0,2016,10
Homa Bay,2017-02-01,0.6628357436647451,0.0,0.0,0.0,0.0,0.6628357436647451,1.0,0.0,0.0,0.0,0.0,1,Minimal,0.0,1.0,2017,2
Homa Bay,2017-06-01,0.6628357436647451,0.0,0.0,0.0,0.0,0.6628357436647451,1.0,0.0,0.0,0.0,0.0,1,Minimal,0.0,1.0,2017,6
Homa Bay,2017-10-01,0.662835743664745,0.0,0.0,0.0,0.0,0.662835743664745,1.0,0.0,0.0,0.0,0.0,1,Minimal,0.0,1.0,2017,10
Homa Bay,2018-02-01,0.662835743664745,0.0,0.0,0.0,0.0,0.662835743664745,1.0,0.0,0.0,0.0,0.0,1,Minimal,0.0,1.0,2018,2
Homa Bay,2018-06-01,0.6628357436647451,0.0,0.0,0.0,0.0,0.6628357436647451,1.0,0.0,0.0,0.0,0.0,1,Minimal,0.0,1.0,2018,6
Homa Bay,2018-12-01,0.662835743664745,0.0,0.0,0.0,0.0,0.662835743664745,1.0,0.0,0.0,0.0,0.0,1,Minimal,0.0,1.0,2018,12
Homa Bay,2019-02-01,0.6628357436647451,0.0,0.0,0.0,0.0,0.6628357436647451,1.0,0.0,0.0,0.0,0.0,1,Minimal,0.0,1.0,2019,2
Homa Bay,2019-06-01,0.6628357436647451,0.0,0.0,0.0,0.0,0.6628357436647451,1.0,0.0,0.0,0.0,0.0,1,Minimal,0.0,1.0,2019,6
Homa Bay,2019-10-01,0.6628357436647451,0.0,0.0,0.0,0.0,0.6628357436647451,1.0,0.0,0.0,0.0,0.0,1,Minimal,0.0,1.0,2019,10
Homa Bay,2020-02-01,0.6628357436647451,0.0,0.0,0.0,0.0,0.6628357436647451,1.0,0.0,0.0,0.0,0.0,1,Minimal,0.0,1.0,2020,2
Homa Bay,2020-06-01,0.6628357436647451,0.0,0.0,0.0,0.0,0.6628357436647451,1.0,0.0,0.0,0.0,0.0,1,Minimal,0.0,1.0,2020,6
Homa Bay,2020-10-01,0.6628357436647451,0.0,0.0,0.0,0.0,0.6628357436647451,1.0,0.0,0.0,0.0,0.0,1,Minimal,0.0,1.0,2020,10
Homa Bay,2021-02-01,0.6628357436647451,0.0,0.0,0.0,0.0,0.6628357436647451,1.0,0.0,0.0,0.0,0.0,1,Minimal,0.0,1.0,2021,2
Homa Bay,2021-06-01,0.6628357436647451,0.0,0.0,0.0,0.0,0.6628357436647451,1.0,0.0,0.0,0.0,0.0,1,Minimal,0.0,1.0,2021,6
Homa Bay,2021-10-01,0.6628357436647451,0.0,0.0,0.0,0.0,0.6628357436647451,1.0,0.0,0.0,0.0,0.0,1,Minimal,0.0,1.0,2021,10
Homa Bay,2022-02-01,0.6628357436647451,0.0,0.0,0.0,0.0,0.6628357436647451,1.0,0.0,0.0,0.0,0.0,1,Minimal,0.0,1.0,2022,2
Homa Bay,2022-06-01,0.6628357436647451,0.0,0.0,0.0,0.0,0.6628357436647451,1.0,0.0,0.0,0.0,0.0,1,Minimal,0.0,1.0,2022,6
Homa Bay,2022-10-01,0.6628357436647451,0.0,0.0,0.0,0.0,0.6628357436647451,1.0,0.0,0.0,0.0,0.0,1,Minimal,0.0,1.0,2022,10
Homa Bay,2023-02-01,0.6628357436647451,0.0,0.0,0.0,0.0,0.6628357436647451,1.0,0.0,0.0,0.0,0.0,1,Minimal,0.0,1.0,2023,2
Homa Bay,2023-06-01,0.6628357436647451,0.0,0.0,0.0,0.0,0.6628357436647451,1.0,0.0,0.0,0.0,0.0,1,Minimal,0.0,1.0,2023,6
Homa Bay,2023-10-01,0.6628357436647451,0.0,0.0,0.0,0.0,0.6628357436647451,1.0,0.0,0.0,0.0,0.0,1,Minimal,0.0,1.0,2023,10
Homa Bay,2024-02-01,0.6628357436647451,0.0,0.0,0.0,0.0,0.6628357436647451,1.0,0.0,0.0,0.0,0.0,1,Minimal,0.0,1.0,2024,2
Homa Bay,2024-06-01,0.6628357436647451,0.0,0.0,0.0,0.0,0.6628357436647451,1.0,0.0,0.0,0.0,0.0,1,Minimal,0.0,1.0,2024,6
Homa Bay,2024-10-01,0.6628357436647451,0.0,0.0,0.0,0.0,0.6628357436647451,1.0,0.0,0.0,0.0,0.0,1,Minimal,0.0,1.0,2024,10
Homa Bay,2025-10-01,0.6628357436647451,0.0,0.0,0.0,0.0,0.6628357436647451,1.0,0.0,0.0,0.0,0.0,1,Minimal,0.0,1.0,2025,10
Homa Bay,2026-02-01,0.6628357436647451,0.0,0.0,0.0,0.0,0.6628357436647451,1.0,0.0,0.0,0.0,0.0,1,Minimal,0.0,1.0,2026,2
Homa Bay,2026-06-01,0.6628357436647451,0.0,0.0,0.0,0.0,0.6628357436647451,1.0,0.0,0.0,0.0,0.0,1,Minimal,0.0,1.0,2026,6
Isiolo,2011-01-01,7.158511411846808e-05,0.004793674051341901,0.9951286190765776,0.0,0.0,0.9999938782420379,7.158555234789313e-05,0.00479370339723384,0.9951347110504183,0.0,0.0,3,Crisis,0.9951347110504183,2.9950631254980706,2011,1
Isiolo,2011-04-01,7.158511411846808e-05,0.004793674051341901,0.9951286190765776,0.0,0.0,0.9999938782420379,7.158555234789313e-05,0.00479370339723384,0.9951347110504183,0.0,0.0,3,Crisis,0.9951347110504183,2.9950631254980706,2011,4
Isiolo,2011-07-01,8.344189010150488e-05,0.0013498538905247146,0.1974043339934838,0.8011512463153649,0.0,0.999988876089475,8.344281831194973e-05,0.0013498689063456493,0.19740652992605975,0.8011601583492827,0.0,4,Emergency,0.9985666882753425,3.7996434038063134,2011,7
Isiolo,2011-10-01,8.565775904749062e-05,0.06712926290714226,0.2813005181872167,0.6514773283464809,0.0,0.9999927671998873,8.565837859742099e-05,0.06712974844319436,0.2813025527923522,0.651482040385856,0.0,4,Emergency,0.9327845931782082,3.5841809751854665,2011,10
Isiolo,2012-01-01,8.574195004776118e-05,0.34842825739048483,0.6514773283464809,0.0,0.0,0.9999913276870134,8.57426936352367e-05,0.34843127909559146,0.6514829782107734,0.0,0.0,3,Crisis,0.6514829782107734,2.6513972355171385,2012,1
Isiolo,2012-04-01,8.574195005404129e-05,0.9998505009029287,5.0824413241385995e-05,0.0,0.0,0.9999870672662241,8.574305894619577e-05,0.9998634318705053,5.082507054849254e-05,0.0,0.0,2,Stressed,5.082507054849254e-05,1.9999650820116024,2012,4
Isiolo,2012-07-01,8.574195005404129e-05,0.9999022850914351,0.0,0.0,0.0,0.9999880270414891,8.574297665114333e-05,0.9999142570233488,0.0,0.0,0.0,2,Stressed,0.0,1.9999142570233488,2012,7
Isiolo,2012-10-01,8.574195005404129e-05,0.9909987564450724,0.008910798136639407,0.0,0.0,0.9999952965317659,8.574235334047654e-05,0.991003417598167,0.008910840048492515,0.0,0.0,2,Stressed,0.008910840048492515,2.008825097695152,2012,10
Isiolo,2013-01-01,8.574195005404129e-05,0.9999049716773848,0.0,0.0,0.0,0.9999907136274389,8.574274629312778e-05,0.9999142572537069,0.0,0.0,0.0,2,Stressed,0.0,1.9999142572537068,2013,1
Isiolo,2013-04-01,0.0002534820183241476,0.9997293313304096,0.0,0.0,0.0,0.9999828133487338,0.00025348637490607383,0.9997465136250939,0.0,0.0,0.0,2,Stressed,0.0,1.9997465136250938,2013,4
Isiolo,2013-07-01,7.15923870536183e-05,0.9999112164044421,0.0,0.0,0.0,0.9999828087914957,7.159361783443006e-05,0.9999284063821656,0.0,0.0,0.0,2,Stressed,0.0,1.9999284063821656,2013,7
Isiolo,2013-10-01,7.15923870536183e-05,0.9999112164044421,0.0,0.0,0.0,0.9999828087914957,7.159361783443006e-05,0.9999284063821656,0.0,0.0,0.0,2,Stressed,0.0,1.9999284063821656,2013,10
Isiolo,2014-01-01,7.15923870536183e-05,0.9999112164044421,0.0,0.0,0.0,0.9999828087914957,7.159361783443006e-05,0.9999284063821656,0.0,0.0,0.0,2,Stressed,0.0,1.9999284063821656,2014,1
Isiolo,2014-04-01,7.15923870536183e-05,0.9999112164044421,0.0,0.0,0.0,0.9999828087914957,7.159361783443006e-05,0.9999284063821656,0.0,0.0,0.0,2,Stressed,0.0,1.9999284063821656,2014,4
Isiolo,2014-07-01,8.565775904749062e-05,0.997754805727326,0.0021423482345849488,0.0,0.0,0.9999828117209584,8.56592313822621e-05,0.9977719557101207,0.0021423850584971487,0.0,0.0,2,Stressed,0.0021423850584971487,2.002056725827115,2014,7
Isiolo,2014-10-01,0.00012423792634010683,0.841911006319615,0.15795610169824859,0.0,0.0,0.9999913459442037,0.000124239001511358,0.8419182923274927,0.15795746867099592,0.0,0.0,2,Stressed,0.15795746867099592,2.1578332296694844,2014,10
Isiolo,2015-01-01,0.00012423792634010683,0.35570787305342905,0.6441577284853,0.0,0.0,0.999989839465069,0.00012423918867672317,0.3557114872724208,0.6441642735389025,0.0,0.0,3,Crisis,0.6441642735389025,2.6440400343502257,2015,1
Isiolo,2015-04-01,8.574195004776118e-05,0.34847671167472,0.6514268264155294,0.0,0.0,0.9999892800402972,8.57428692078639e-05,0.34848044737107303,0.6514338097597191,0.0,0.0,3,Crisis,0.6514338097597191,2.651348066890511,2015,4
Isiolo,2015-07-01,8.574195004776118e-05,0.5070359692547738,0.49286512432967744,0.0,0.0,0.999986835534499,8.574307880956412e-05,0.5070426442001709,0.49287161272101954,0.0,0.0,2,Stressed,0.49287161272101954,2.49278586964221,2015,7
Isiolo,2015-10-01,0.00024178445719016275,0.35559010023058163,0.6441577284853,0.0,0.0,0.9999896131730717,0.00024178696858955903,0.3555937937217738,0.6441644193096367,0.0,0.0,3,Crisis,0.6441644193096367,2.6439226323410474,2015,10
Isiolo,2016-02-01,0.15393617309885288,0.8460503135050638,0.0,0.0,0.0,0.9999864866039166,0.1539382533274425,0.8460617466725575,0.0,0.0,0.0,2,Stressed,0.0,1.8460617466725575,2016,2
Isiolo,2016-06-01,0.08940887790120197,0.910551630682565,0.0,0.0,0.0,0.999960508583767,0.08941240892385918,0.9105875910761407,0.0,0.0,0.0,2,Stressed,0.0,1.9105875910761407,2016,6
Isiolo,2016-10-01,0.023592739856485884,0.975678113721773,0.000700586256410751,0.0,0.0,0.9999714398346697,0.023593413688281526,0.9757059800458768,0.0007006062658415349,0.0,0.0,2,Stressed,0.0007006062658415349,1.9771071925775598,2016,10
Isiolo,2017-02-01,0.0,0.9974953788064794,0.002503316083214959,0.0,0.0,0.9999986948896944,0.0,0.9974966806496771,0.0025033193503228414,0.0,0.0,2,Stressed,0.0025033193503228414,2.0025033193503226,2017,2
Isiolo,2017-06-01,0.0,0.24811098809996898,0.7518545415366533,0.0,0.0,0.9999655296366223,0.0,0.2481195408707039,0.7518804591292961,0.0,0.0,3,Crisis,0.7518804591292961,2.7518804591292962,2017,6
Isiolo,2017-10-01,2.7640098264834213e-05,0.09912266067399485,0.9008374309199658,0.0,0.0,0.9999877316922255,2.7640437366226843e-05,0.0991238767562227,0.900848482806411,0.0,0.0,3,Crisis,0.900848482806411,2.9008208423690447,2017,10
Isiolo,2018-02-01,2.0965211379096108e-05,0.20311840003990905,0.7968276551707307,0.0,0.0,0.9999670204220189,2.0965902825723293e-05,0.2031250990199521,0.7968539350772221,0.0,0.0,3,Crisis,0.7968539350772221,2.796832969174396,2018,2
Isiolo,2018-06-01,0.6457461307044201,0.3542131380762396,9.035267847305995e-06,0.0,0.0,0.9999683040485071,0.6457665988912142,0.35422436555454784,9.035554237794826e-06,0.0,0.0,1,Minimal,9.035554237794826e-06,1.3542424366630232,2018,6
Isiolo,2018-12-01,0.00037161284744049853,0.9995898485317471,0.0,0.0,0.0,0.9999614613791876,0.0003716271694390651,0.9996283728305609,0.0,0.0,0.0,2,Stressed,0.0,1.999628372830561,2018,12
Isiolo,2019-02-01,0.00011931359614568655,0.9998421477830511,0.0,0.0,0.0,0.9999614613791968,0.00011931819450433947,0.9998806818054956,0.0,0.0,0.0,2,Stressed,0.0,1.9998806818054955,2019,2
Isiolo,2019-06-01,1.146687168542534e-06,0.6445689421871892,0.3553948201207785,0.0,0.0,0.9999649089951362,1.1467274083595982e-06,0.6445915615528108,0.35540729171978086,0.0,0.0,2,Stressed,0.35540729171978086,2.3554061449923727,2019,6
Isiolo,2019-10-01,0.0,0.0004172072818368234,0.999544209782429,0.0,0.0,0.9999614170642658,0.0,0.00041722337953966303,0.9995827766204604,0.0,0.0,3,Crisis,0.9995827766204604,2.99958277662046,2019,10
Isiolo,2020-02-01,0.00011931359614568655,0.9998331139259481,9.035267847305995e-06,0.0,0.0,0.9999614627899411,0.00011931819433600552,0.9998716461896092,9.035616054739907e-06,0.0,0.0,2,Stressed,9.035616054739907e-06,1.9998897174217187,2020,2
Isiolo,2020-06-01,0.0003727595346090411,0.9995796679874756,9.035267847305995e-06,0.0,0.0,0.9999614627899319,0.0003727739002751439,0.9996181904836701,9.035616054739991e-06,0.0,0.0,2,Stressed,9.035616054739991e-06,1.9996362617157797,2020,6
Isiolo,2020-10-01,1.146687168542534e-06,0.9999593605296466,0.0,0.0,0.0,0.9999605072168152,1.1467324561987975e-06,0.9999988532675438,0.0,0.0,0.0,2,Stressed,0.0,1.9999988532675437,2020,10
Isiolo,2021-02-01,1.146687168542534e-06,0.0009099417420518601,0.9990522975597418,0.0,0.0,0.9999633859889622,1.1467291548964686e-06,0.000909975059888747,0.9990888782109564,0.0,0.0,3,Crisis,0.9990888782109564,2.9990877314818016,2021,2
Isiolo,2021-06-01,1.146687168542534e-06,0.0008860199784495358,0.9990761956926245,0.0,0.0,0.9999633623582426,1.1467291819954967e-06,0.0008860524413214593,0.9991128008294966,0.0,0.0,3,Crisis,0.9991128008294966,2.9991116541003144,2021,6
Isiolo,2021-10-01,1.146687168542534e-06,0.0003782879103740929,0.9995820267850297,0.0,0.0,0.9999614613825724,1.1467313619837857e-06,0.00037830248962901264,0.999620550779009,0.0,0.0,3,Crisis,0.999620550779009,2.999619404047647,2021,10
Isiolo,2022-02-01,1.146687168542534e-06,0.000303004106019621,0.9996601450469959,0.0,0.0,0.999964295840184,1.1467281115062927e-06,0.00030301492491292673,0.9996958383469756,0.0,0.0,3,Crisis,0.9996958383469756,2.999694691618864,2022,2
Isiolo,2022-06-01,1.146687168542534e-06,0.000303004106019621,0.9996648625363945,0.0,0.0,0.9999690133295827,1.1467227016609504e-06,0.0003030134953989349,0.9996958397818995,0.0,0.0,3,Crisis,0.9996958397818995,2.999694693059198,2022,6
Isiolo,2022-10-01,1.146687168542534e-06,0.000303004106019621,0.9981622066853669,0.0015305924016634307,0.0,0.9999969498802185,1.1466906660864179e-06,0.00030300503022125753,0.9981652512089448,0.001530597070167832,0.0,3,Crisis,0.9996958482791126,3.001225298658614,2022,10
Isiolo,2023-02-01,1.146687168542534e-06,0.0003782879103740929,0.9996146808256913,0.0,0.0,0.9999941154232339,1.146693916350912e-06,0.0003782901364514407,0.9996205631696322,0.0,0.0,3,Crisis,0.9996205631696322,2.999619416475716,2023,2
Isiolo,2023-06-01,1.146687168542534e-06,1.7604828859878979e-10,0.9999962940622914,0.0,0.0,0.9999974409255082,1.1466901030079265e-06,1.7604873912062737e-10,0.9999988531338483,0.0,0.0,3,Crisis,0.9999988531338483,2.9999977064437453,2023,6
Isiolo,2023-10-01,1.146687168542534e-06,0.00037161302348878705,0.9996213557125764,0.0,0.0,0.9999941154232337,1.1466939163509121e-06,0.0003716152102870195,0.9996272380957967,0.0,0.0,3,Crisis,0.9996272380957967,2.9996260914018804,2023,10
Isiolo,2024-02-01,1.146687168542534e-06,0.0018940683809994207,0.998067678768522,0.0,0.0,0.9999628938366899,1.1467297192827702e-06,0.0018941386652180643,0.9981047146050627,0.0,0.0,3,Crisis,0.9981047146050627,2.998103567875343,2024,2
Isiolo,2024-06-01,1.146687168542534e-06,0.9999503266725429,9.035267847305995e-06,0.0,0.0,0.9999605086275588,1.1467324545809881e-06,0.9999898176428689,9.035624676525335e-06,0.0,0.0,2,Stressed,9.035624676525335e-06,2.0000078888922217,2024,6
Isiolo,2024-10-01,1.146687168542534e-06,0.9984523883112207,0.0015396276695107368,0.0,0.0,0.9999931626679001,1.146695008877127e-06,0.9984592151084627,0.0015396381965284002,0.0,0.0,2,Stressed,0.0015396381965284002,2.0015384915015195,2024,10
Isiolo,2025-10-01,0.0,0.9984625688554921,0.0015305924016634307,0.0,0.0,0.9999931612571555,0.0,0.9984693971309372,0.0015306028690628493,0.0,0.0,2,Stressed,0.0015306028690628493,2.001530602869063,2025,10
Isiolo,2026-02-01,0.0,0.0002534459384633545,0.9997070612783432,0.0,0.0,0.9999605072168065,0.0,0.00025345594814416364,0.9997465440518558,0.0,0.0,3,Crisis,0.9997465440518558,2.9997465440518556,2026,2
Isiolo,2026-06-01,0.0,0.00037275971065732965,0.9995887016719148,0.0,0.0,0.9999614613825721,0.0,0.0003727740768548646,0.9996272259231451,0.0,0.0,3,Crisis,0.9996272259231451,2.999627225923145,2026,6
Kajiado,2011-01-01,4.759858331267357e-06,0.9927188563994452,0.0,0.0,0.0,0.9927236162577765,4.794746748556633e-06,0.9999952052532515,0.0,0.0,0.0,2,Stressed,0.0,1.9999952052532515,2011,1
Kajiado,2011-04-01,4.759858331267357e-06,0.9927188563994452,0.0,0.0,0.0,0.9927236162577765,4.794746748556633e-06,0.9999952052532515,0.0,0.0,0.0,2,Stressed,0.0,1.9999952052532515,2011,4
Kajiado,2011-07-01,0.16872902779524904,0.4289979444056096,0.38898707209024364,0.0,0.0,0.9867140442911023,0.17100093869290287,0.4347743369902271,0.39422472431686995,0.0,0.0,2,Stressed,0.39422472431686995,2.2232237856239667,2011,7
Kajiado,2011-10-01,0.16784475320792372,0.18055379894705825,0.6383059636665679,0.0,0.0,0.9867045158215498,0.17010640015990283,0.18298669566412754,0.6469069041759696,0.0,0.0,3,Crisis,0.6469069041759696,2.476800504016067,2011,10
Kajiado,2012-01-01,0.16784475320792372,0.8188556183768712,0.0,0.0,0.0,0.9867003715847948,0.17010711462319492,0.8298928853768051,0.0,0.0,0.0,2,Stressed,0.0,1.829892885376805,2012,1
Kajiado,2012-04-01,0.1681673689749043,0.8185330026098904,0.0,0.0,0.0,0.9867003715847946,0.17043407889347534,0.8295659211065247,0.0,0.0,0.0,2,Stressed,0.0,1.8295659211065247,2012,4
Kajiado,2012-07-01,0.1681673689749043,0.8185330026098904,0.0,0.0,0.0,0.9867003715847946,0.17043407889347534,0.8295659211065247,0.0,0.0,0.0,2,Stressed,0.0,1.8295659211065247,2012,7
Kajiado,2012-10-01,0.1681673689749043,0.8185330026098904,0.0,0.0,0.0,0.9867003715847946,0.17043407889347534,0.8295659211065247,0.0,0.0,0.0,2,Stressed,0.0,1.8295659211065247,2012,10
Kajiado,2013-01-01,0.1681673689749043,0.8181149011010463,0.0004186750852678171,0.0,0.0,0.9867009451612184,0.17043397981890776,0.829141702065942,0.00042431811515028923,0.0,0.0,2,Stressed,0.00042431811515028923,1.8299903382962426,2013,1
Kajiado,2013-04-01,0.1681673689749043,0.8185330026098904,0.0,0.0,0.0,0.9867003715847946,0.17043407889347534,0.8295659211065247,0.0,0.0,0.0,2,Stressed,0.0,1.8295659211065247,2013,4
Kajiado,2013-07-01,0.16813140822881611,0.8185689633559787,0.0,0.0,0.0,0.9867003715847948,0.1703976334363499,0.82960236656365,0.0,0.0,0.0,2,Stressed,0.0,1.82960236656365,2013,7
Kajiado,2013-10-01,0.16813140822881611,0.8185689633559787,0.0,0.0,0.0,0.9867003715847948,0.1703976334363499,0.82960236656365,0.0,0.0,0.0,2,Stressed,0.0,1.82960236656365,2013,10
Kajiado,2014-01-01,0.16813432597426126,0.8185660456105336,0.0,0.0,0.0,0.9867003715847948,0.17040059050977277,0.8295994094902273,0.0,0.0,0.0,2,Stressed,0.0,1.8295994094902273,2014,1
Kajiado,2014-04-01,0.16813432597426126,0.8185660456105336,0.0,0.0,0.0,0.9867003715847948,0.17040059050977277,0.8295994094902273,0.0,0.0,0.0,2,Stressed,0.0,1.8295994094902273,2014,4
Kajiado,2014-07-01,0.0005942688302561492,0.9861056193821464,0.0,0.0,0.0,0.9866998882124025,0.0006022792110910056,0.999397720788909,0.0,0.0,0.0,2,Stressed,0.0,1.9993977207889089,2014,7
Kajiado,2014-10-01,0.8834269033948525,0.10328399196321723,0.0,0.0,0.0,0.9867108953580698,0.8953249706179273,0.10467502938207272,0.0,0.0,0.0,1,Minimal,0.0,1.1046750293820726,2014,10
Kajiado,2015-01-01,0.28385042089816914,0.7028494673142334,0.0,0.0,0.0,0.9866998882124025,0.2876765511876352,0.7123234488123648,0.0,0.0,0.0,2,Stressed,0.0,1.7123234488123646,2015,1
Kajiado,2015-04-01,0.8526941538802791,0.13401611210672418,0.0,0.0,0.0,0.9867102659870033,0.8641788610837364,0.1358211389162636,0.0,0.0,0.0,1,Minimal,0.0,1.1358211389162636,2015,4
Kajiado,2015-07-01,0.2836584981857174,0.7030428546878876,0.0,0.0,0.0,0.986701352873605,0.28748161473540984,0.7125183852645901,0.0,0.0,0.0,2,Stressed,0.0,1.71251838526459,2015,7
Kajiado,2015-10-01,0.9862808041554134,0.0004186750852678171,0.0,0.0,0.0,0.9866994792406812,0.9995756812544484,0.0004243187455515942,0.0,0.0,0.0,1,Minimal,0.0,1.0004243187455515,2015,10
Kajiado,2016-02-01,0.9866989056642574,0.0,0.0,0.0,0.0,0.9866989056642574,1.0,0.0,0.0,0.0,0.0,1,Minimal,0.0,1.0,2016,2
Kajiado,2016-06-01,0.9866503538026764,0.0,0.0,0.0,0.0,0.9866503538026764,1.0,0.0,0.0,0.0,0.0,1,Minimal,0.0,1.0,2016,6
Kajiado,2016-10-01,0.6085329794394385,0.37811815809875643,0.0,0.0,0.0,0.986651137538195,0.6167661053508704,0.38323389464912955,0.0,0.0,0.0,1,Minimal,0.0,1.3832338946491296,2016,10
Kajiado,2017-02-01,0.0007751549397540842,0.9858757184612786,0.0,0.0,0.0,0.9866508734010327,0.00078564258204332,0.9992143574179566,0.0,0.0,0.0,2,Stressed,0.0,1.9992143574179566,2017,2
Kajiado,2017-06-01,0.0007751549397540842,0.9858757184612786,0.0,0.0,0.0,0.9866508734010327,0.00078564258204332,0.9992143574179566,0.0,0.0,0.0,2,Stressed,0.0,1.9992143574179566,2017,6
Kajiado,2017-10-01,0.04332107481575469,0.9433367783811598,0.0,0.0,0.0,0.9866578531969145,0.043906886947068964,0.9560931130529311,0.0,0.0,0.0,2,Stressed,0.0,1.956093113052931,2017,10
Kajiado,2018-02-01,0.0011438397523650117,0.48552527339329354,0.49998868940283603,0.0,0.0,0.9866578025484947,0.0011593074614223116,0.4920908466331515,0.5067498459054262,0.0,0.0,3,Crisis,0.5067498459054262,2.505590538444004,2018,2
Kajiado,2018-06-01,0.9866503538026764,0.0,0.0,0.0,0.0,0.9866503538026764,1.0,0.0,0.0,0.0,0.0,1,Minimal,0.0,1.0,2018,6
Kajiado,2018-12-01,0.6378389916681688,0.34881612992815675,0.0,0.0,0.0,0.9866551215963255,0.6464660018550339,0.3535339981449662,0.0,0.0,0.0,1,Minimal,0.0,1.3535339981449663,2018,12
Kajiado,2019-02-01,0.34488316432141,0.6417699508533078,0.0,0.0,0.0,0.9866531151747178,0.34954854853961276,0.6504514514603872,0.0,0.0,0.0,2,Stressed,0.0,1.6504514514603872,2019,2
Kajiado,2019-06-01,0.06823431792488317,0.9184230839428369,0.0,0.0,0.0,0.9866574018677201,0.06915705268689736,0.9308429473131026,0.0,0.0,0.0,2,Stressed,0.0,1.9308429473131026,2019,6
Kajiado,2019-10-01,0.0011438397523650117,0.9844911832804132,0.0010246820527887895,0.0,0.0,0.986659705085567,0.0011593052259753665,0.9978021583389121,0.0010385364351125752,0.0,0.0,2,Stressed,0.0010385364351125752,1.9998792312091371,2019,10
Kajiado,2020-02-01,0.019270217928366876,0.9673896835253385,0.0,0.0,0.0,0.9866599014537054,0.019530760194039407,0.9804692398059606,0.0,0.0,0.0,2,Stressed,0.0,1.9804692398059605,2020,2
Kajiado,2020-06-01,0.018971032628872633,0.9676883492077838,0.0,0.0,0.0,0.9866593818366565,0.019227539896857056,0.9807724601031429,0.0,0.0,0.0,2,Stressed,0.0,1.980772460103143,2020,6
Kajiado,2020-10-01,0.0013201961226929136,0.9853366624462804,0.0,0.0,0.0,0.9866568585689733,0.001338049911909292,0.9986619500880907,0.0,0.0,0.0,2,Stressed,0.0,1.9986619500880907,2020,10
Kajiado,2021-02-01,0.0011438397523650117,0.985513018797919,0.0,0.0,0.0,0.986656858550284,0.0011593085706064822,0.9988406914293936,0.0,0.0,0.0,2,Stressed,0.0,1.9988406914293937,2021,2
Kajiado,2021-06-01,0.0011438397523650117,0.985513018797919,0.0,0.0,0.0,0.986656858550284,0.0011593085706064822,0.9988406914293936,0.0,0.0,0.0,2,Stressed,0.0,1.9988406914293937,2021,6
Kajiado,2021-10-01,0.0011438397523650117,0.985513018797919,0.0,0.0,0.0,0.986656858550284,0.0011593085706064822,0.9988406914293936,0.0,0.0,0.0,2,Stressed,0.0,1.9988406914293937,2021,10
Kajiado,2022-02-01,0.0020898696834209312,0.9842244870251148,0.00034269821069919974,0.0,0.0,0.9866570549192349,0.0021181317996981255,0.9975345355491131,0.000347332651188768,0.0,0.0,2,Stressed,0.000347332651188768,1.9982292008514906,2022,2
Kajiado,2022-06-01,0.0020898696834209312,0.9838441552239747,0.0007236583562208835,0.0,0.0,0.9866576832636166,0.002118130450784274,0.9971484253481558,0.0007334442010598882,0.0,0.0,2,Stressed,0.0007334442010598882,1.9986153137502756,2022,6
Kajiado,2022-10-01,0.0020898696834209312,0.9838441552239747,0.0007236583562208835,0.0,0.0,0.9866576832636166,0.002118130450784274,0.9971484253481558,0.0007334442010598882,0.0,0.0,2,Stressed,0.0007334442010598882,1.9986153137502756,2022,10
Kajiado,2023-02-01,0.0013201961226929136,0.9846136324352543,0.0007236583562208835,0.0,0.0,0.9866574869141682,0.0013380490597825472,0.9979285065931986,0.00073344434701871,0.0,0.0,2,Stressed,0.00073344434701871,1.9993953952872359,2023,2
Kajiado,2023-06-01,0.0013201961226929136,0.9843148269287747,0.0010246820527887895,0.0,0.0,0.9866597051042565,0.001338046051605415,0.9976234175133016,0.001038536435092903,0.0,0.0,2,Stressed,0.001038536435092903,1.9997004903834874,2023,6
Kajiado,2023-10-01,0.0013201961226929136,0.9853366624462804,0.0,0.0,0.0,0.9866568585689733,0.001338049911909292,0.9986619500880907,0.0,0.0,0.0,2,Stressed,0.0,1.9986619500880907,2023,10
Kajiado,2024-02-01,0.0020898696834209312,0.9845671852350009,0.0,0.0,0.0,0.9866570549184218,0.002118131799699871,0.9978818682003001,0.0,0.0,0.0,2,Stressed,0.0,1.9978818682003001,2024,2
Kajiado,2024-06-01,0.0020898696834209312,0.9845671852350009,0.0,0.0,0.0,0.9866570549184218,0.002118131799699871,0.9978818682003001,0.0,0.0,0.0,2,Stressed,0.0,1.9978818682003001,2024,6
Kajiado,2024-10-01,0.0020898696834209312,0.9845671852350009,0.0,0.0,0.0,0.9866570549184218,0.002118131799699871,0.9978818682003001,0.0,0.0,0.0,2,Stressed,0.0,1.9978818682003001,2024,10
Kajiado,2025-10-01,0.0011438397523650117,0.985513018797919,0.0,0.0,0.0,0.986656858550284,0.0011593085706064822,0.9988406914293936,0.0,0.0,0.0,2,Stressed,0.0,1.9988406914293937,2025,10
Kajiado,2026-02-01,0.0011438397523650117,0.9844911832804132,0.0010246820527887895,0.0,0.0,0.986659705085567,0.0011593052259753665,0.9978021583389121,0.0010385364351125752,0.0,0.0,2,Stressed,0.0010385364351125752,1.9998792312091371,2026,2
Kajiado,2026-06-01,0.0011438397523650117,0.985513018797919,0.0,0.0,0.0,0.986656858550284,0.0011593085706064822,0.9988406914293936,0.0,0.0,0.0,2,Stressed,0.0,1.9988406914293937,2026,6
Kakamega,2011-01-01,0.9999218544222173,0.0,0.0,0.0,0.0,0.9999218544222173,1.0,0.0,0.0,0.0,0.0,1,Minimal,0.0,1.0,2011,1
Kakamega,2011-04-01,0.9999218544222173,0.0,0.0,0.0,0.0,0.9999218544222173,1.0,0.0,0.0,0.0,0.0,1,Minimal,0.0,1.0,2011,4
Kakamega,2011-07-01,0.9996644082966218,0.0,0.0,0.0,0.0,0.9996644082966218,1.0,0.0,0.0,0.0,0.0,1,Minimal,0.0,1.0,2011,7
Kakamega,2011-10-01,0.9996644082966224,0.0,0.0,0.0,0.0,0.9996644082966224,1.0,0.0,0.0,0.0,0.0,1,Minimal,0.0,1.0,2011,10
Kakamega,2012-01-01,0.9996644082966225,0.0,0.0,0.0,0.0,0.9996644082966225,1.0,0.0,0.0,0.0,0.0,1,Minimal,0.0,1.0,2012,1
Kakamega,2012-04-01,0.9996644082966225,0.0,0.0,0.0,0.0,0.9996644082966225,1.0,0.0,0.0,0.0,0.0,1,Minimal,0.0,1.0,2012,4
Kakamega,2012-07-01,0.9996644082966218,0.0,0.0,0.0,0.0,0.9996644082966218,1.0,0.0,0.0,0.0,0.0,1,Minimal,0.0,1.0,2012,7
Kakamega,2012-10-01,0.9996644082966218,0.0,0.0,0.0,0.0,0.9996644082966218,1.0,0.0,0.0,0.0,0.0,1,Minimal,0.0,1.0,2012,10
Kakamega,2013-01-01,0.9996644082966225,0.0,0.0,0.0,0.0,0.9996644082966225,1.0,0.0,0.0,0.0,0.0,1,Minimal,0.0,1.0,2013,1
Kakamega,2013-04-01,0.9996644082966224,0.0,0.0,0.0,0.0,0.9996644082966224,1.0,0.0,0.0,0.0,0.0,1,Minimal,0.0,1.0,2013,4
Kakamega,2013-07-01,0.9996644082966224,0.0,0.0,0.0,0.0,0.9996644082966224,1.0,0.0,0.0,0.0,0.0,1,Minimal,0.0,1.0,2013,7
Kakamega,2013-10-01,0.9996644082966224,0.0,0.0,0.0,0.0,0.9996644082966224,1.0,0.0,0.0,0.0,0.0,1,Minimal,0.0,1.0,2013,10
Kakamega,2014-01-01,0.9996644082966221,0.0,0.0,0.0,0.0,0.9996644082966221,1.0,0.0,0.0,0.0,0.0,1,Minimal,0.0,1.0,2014,1
Kakamega,2014-04-01,0.9996644082966221,0.0,0.0,0.0,0.0,0.9996644082966221,1.0,0.0,0.0,0.0,0.0,1,Minimal,0.0,1.0,2014,4
Kakamega,2014-07-01,0.9996644082966224,0.0,0.0,0.0,0.0,0.9996644082966224,1.0,0.0,0.0,0.0,0.0,1,Minimal,0.0,1.0,2014,7
Kakamega,2014-10-01,0.9996644082966224,0.0,0.0,0.0,0.0,0.9996644082966224,1.0,0.0,0.0,0.0,0.0,1,Minimal,0.0,1.0,2014,10
Kakamega,2015-01-01,0.9996644082966217,0.0,0.0,0.0,0.0,0.9996644082966217,1.0,0.0,0.0,0.0,0.0,1,Minimal,0.0,1.0,2015,1
Kakamega,2015-04-01,0.9996644082966221,0.0,0.0,0.0,0.0,0.9996644082966221,1.0,0.0,0.0,0.0,0.0,1,Minimal,0.0,1.0,2015,4
Kakamega,2015-07-01,0.9996644082966217,0.0,0.0,0.0,0.0,0.9996644082966217,1.0,0.0,0.0,0.0,0.0,1,Minimal,0.0,1.0,2015,7
Kakamega,2015-10-01,0.9996644082966221,0.0,0.0,0.0,0.0,0.9996644082966221,1.0,0.0,0.0,0.0,0.0,1,Minimal,0.0,1.0,2015,10
Kakamega,2016-02-01,0.9996644082966218,0.0,0.0,0.0,0.0,0.9996644082966218,1.0,0.0,0.0,0.0,0.0,1,Minimal,0.0,1.0,2016,2
Kakamega,2016-06-01,0.999843271229553,0.0,0.0,0.0,0.0,0.999843271229553,1.0,0.0,0.0,0.0,0.0,1,Minimal,0.0,1.0,2016,6
Kakamega,2016-10-01,0.999843271229553,0.0,0.0,0.0,0.0,0.999843271229553,1.0,0.0,0.0,0.0,0.0,1,Minimal,0.0,1.0,2016,10
Kakamega,2017-02-01,0.9998432712295531,0.0,0.0,0.0,0.0,0.9998432712295531,1.0,0.0,0.0,0.0,0.0,1,Minimal,0.0,1.0,2017,2
Kakamega,2017-06-01,0.9998432712295531,0.0,0.0,0.0,0.0,0.9998432712295531,1.0,0.0,0.0,0.0,0.0,1,Minimal,0.0,1.0,2017,6
Kakamega,2017-10-01,0.999843271229553,0.0,0.0,0.0,0.0,0.999843271229553,1.0,0.0,0.0,0.0,0.0,1,Minimal,0.0,1.0,2017,10
Kakamega,2018-02-01,0.999843271229553,0.0,0.0,0.0,0.0,0.999843271229553,1.0,0.0,0.0,0.0,0.0,1,Minimal,0.0,1.0,2018,2
Kakamega,2018-06-01,0.9998432712295531,0.0,0.0,0.0,0.0,0.9998432712295531,1.0,0.0,0.0,0.0,0.0,1,Minimal,0.0,1.0,2018,6
Kakamega,2018-12-01,0.999843271229553,0.0,0.0,0.0,0.0,0.999843271229553,1.0,0.0,0.0,0.0,0.0,1,Minimal,0.0,1.0,2018,12
Kakamega,2019-02-01,0.9998432712295531,0.0,0.0,0.0,0.0,0.9998432712295531,1.0,0.0,0.0,0.0,0.0,1,Minimal,0.0,1.0,2019,2
Kakamega,2019-06-01,0.9998432712295531,0.0,0.0,0.0,0.0,0.9998432712295531,1.0,0.0,0.0,0.0,0.0,1,Minimal,0.0,1.0,2019,6
Kakamega,2019-10-01,0.9998432712295531,0.0,0.0,0.0,0.0,0.9998432712295531,1.0,0.0,0.0,0.0,0.0,1,Minimal,0.0,1.0,2019,10
Kakamega,2020-02-01,0.9998432712295531,0.0,0.0,0.0,0.0,0.9998432712295531,1.0,0.0,0.0,0.0,0.0,1,Minimal,0.0,1.0,2020,2
Kakamega,2020-06-01,0.999843271229553,0.0,0.0,0.0,0.0,0.999843271229553,1.0,0.0,0.0,0.0,0.0,1,Minimal,0.0,1.0,2020,6
Kakamega,2020-10-01,0.9998432712295531,0.0,0.0,0.0,0.0,0.9998432712295531,1.0,0.0,0.0,0.0,0.0,1,Minimal,0.0,1.0,2020,10
Kakamega,2021-02-01,0.999843271229553,0.0,0.0,0.0,0.0,0.999843271229553,1.0,0.0,0.0,0.0,0.0,1,Minimal,0.0,1.0,2021,2
Kakamega,2021-06-01,0.999843271229553,0.0,0.0,0.0,0.0,0.999843271229553,1.0,0.0,0.0,0.0,0.0,1,Minimal,0.0,1.0,2021,6
Kakamega,2021-10-01,0.9998432712295531,0.0,0.0,0.0,0.0,0.9998432712295531,1.0,0.0,0.0,0.0,0.0,1,Minimal,0.0,1.0,2021,10
Kakamega,2022-02-01,0.9998432712295531,0.0,0.0,0.0,0.0,0.9998432712295531,1.0,0.0,0.0,0.0,0.0,1,Minimal,0.0,1.0,2022,2
Kakamega,2022-06-01,0.9998432712295531,0.0,0.0,0.0,0.0,0.9998432712295531,1.0,0.0,0.0,0.0,0.0,1,Minimal,0.0,1.0,2022,6
Kakamega,2022-10-01,0.9998432712295531,0.0,0.0,0.0,0.0,0.9998432712295531,1.0,0.0,0.0,0.0,0.0,1,Minimal,0.0,1.0,2022,10
Kakamega,2023-02-01,0.9998432712295531,0.0,0.0,0.0,0.0,0.9998432712295531,1.0,0.0,0.0,0.0,0.0,1,Minimal,0.0,1.0,2023,2
Kakamega,2023-06-01,0.9998432712295531,0.0,0.0,0.0,0.0,0.9998432712295531,1.0,0.0,0.0,0.0,0.0,1,Minimal,0.0,1.0,2023,6
Kakamega,2023-10-01,0.9998432712295531,0.0,0.0,0.0,0.0,0.9998432712295531,1.0,0.0,0.0,0.0,0.0,1,Minimal,0.0,1.0,2023,10
Kakamega,2024-02-01,0.9998432712295531,0.0,0.0,0.0,0.0,0.9998432712295531,1.0,0.0,0.0,0.0,0.0,1,Minimal,0.0,1.0,2024,2
Kakamega,2024-06-01,0.9998432712295531,0.0,0.0,0.0,0.0,0.9998432712295531,1.0,0.0,0.0,0.0,0.0,1,Minimal,0.0,1.0,2024,6
Kakamega,2024-10-01,0.9998432712295531,0.0,0.0,0.0,0.0,0.9998432712295531,1.0,0.0,0.0,0.0,0.0,1,Minimal,0.0,1.0,2024,10
Kakamega,2025-10-01,0.9998432712295531,0.0,0.0,0.0,0.0,0.9998432712295531,1.0,0.0,0.0,0.0,0.0,1,Minimal,0.0,1.0,2025,10
Kakamega,2026-02-01,0.9998432712295531,0.0,0.0,0.0,0.0,0.9998432712295531,1.0,0.0,0.0,0.0,0.0,1,Minimal,0.0,1.0,2026,2
Kakamega,2026-06-01,0.9998432712295531,0.0,0.0,0.0,0.0,0.9998432712295531,1.0,0.0,0.0,0.0,0.0,1,Minimal,0.0,1.0,2026,6
Kericho,2011-01-01,0.9999310645743662,0.0,0.0,0.0,0.0,0.9999310645743662,1.0,0.0,0.0,0.0,0.0,1,Minimal,0.0,1.0,2011,1
Kericho,2011-04-01,0.9999310645743662,0.0,0.0,0.0,0.0,0.9999310645743662,1.0,0.0,0.0,0.0,0.0,1,Minimal,0.0,1.0,2011,4
Kericho,2011-07-01,0.9997003606571904,0.0,0.0,0.0,0.0,0.9997003606571904,1.0,0.0,0.0,0.0,0.0,1,Minimal,0.0,1.0,2011,7
Kericho,2011-10-01,0.9997003606571924,0.0,0.0,0.0,0.0,0.9997003606571924,1.0,0.0,0.0,0.0,0.0,1,Minimal,0.0,1.0,2011,10
Kericho,2012-01-01,0.9997003606571924,0.0,0.0,0.0,0.0,0.9997003606571924,1.0,0.0,0.0,0.0,0.0,1,Minimal,0.0,1.0,2012,1
Kericho,2012-04-01,0.9997003606571904,0.0,0.0,0.0,0.0,0.9997003606571904,1.0,0.0,0.0,0.0,0.0,1,Minimal,0.0,1.0,2012,4
Kericho,2012-07-01,0.9997003606571906,0.0,0.0,0.0,0.0,0.9997003606571906,1.0,0.0,0.0,0.0,0.0,1,Minimal,0.0,1.0,2012,7
Kericho,2012-10-01,0.9997003606571906,0.0,0.0,0.0,0.0,0.9997003606571906,1.0,0.0,0.0,0.0,0.0,1,Minimal,0.0,1.0,2012,10
Kericho,2013-01-01,0.9997003606571924,0.0,0.0,0.0,0.0,0.9997003606571924,1.0,0.0,0.0,0.0,0.0,1,Minimal,0.0,1.0,2013,1
Kericho,2013-04-01,0.9997003606571924,0.0,0.0,0.0,0.0,0.9997003606571924,1.0,0.0,0.0,0.0,0.0,1,Minimal,0.0,1.0,2013,4
Kericho,2013-07-01,0.9997003606571906,0.0,0.0,0.0,0.0,0.9997003606571906,1.0,0.0,0.0,0.0,0.0,1,Minimal,0.0,1.0,2013,7
Kericho,2013-10-01,0.9997003606571906,0.0,0.0,0.0,0.0,0.9997003606571906,1.0,0.0,0.0,0.0,0.0,1,Minimal,0.0,1.0,2013,10
Kericho,2014-01-01,0.9997003606571906,0.0,0.0,0.0,0.0,0.9997003606571906,1.0,0.0,0.0,0.0,0.0,1,Minimal,0.0,1.0,2014,1
Kericho,2014-04-01,0.9997003606571906,0.0,0.0,0.0,0.0,0.9997003606571906,1.0,0.0,0.0,0.0,0.0,1,Minimal,0.0,1.0,2014,4
Kericho,2014-07-01,0.9997003606571924,0.0,0.0,0.0,0.0,0.9997003606571924,1.0,0.0,0.0,0.0,0.0,1,Minimal,0.0,1.0,2014,7
Kericho,2014-10-01,0.9997003606571904,0.0,0.0,0.0,0.0,0.9997003606571904,1.0,0.0,0.0,0.0,0.0,1,Minimal,0.0,1.0,2014,10
Kericho,2015-01-01,0.9997003606571924,0.0,0.0,0.0,0.0,0.9997003606571924,1.0,0.0,0.0,0.0,0.0,1,Minimal,0.0,1.0,2015,1
Kericho,2015-04-01,0.9997003606571904,0.0,0.0,0.0,0.0,0.9997003606571904,1.0,0.0,0.0,0.0,0.0,1,Minimal,0.0,1.0,2015,4
Kericho,2015-07-01,0.9997003606571906,0.0,0.0,0.0,0.0,0.9997003606571906,1.0,0.0,0.0,0.0,0.0,1,Minimal,0.0,1.0,2015,7
Kericho,2015-10-01,0.9997003606571904,0.0,0.0,0.0,0.0,0.9997003606571904,1.0,0.0,0.0,0.0,0.0,1,Minimal,0.0,1.0,2015,10
Kericho,2016-02-01,0.9997003606571906,0.0,0.0,0.0,0.0,0.9997003606571906,1.0,0.0,0.0,0.0,0.0,1,Minimal,0.0,1.0,2016,2
Kericho,2016-06-01,0.9999526229648772,0.0,0.0,0.0,0.0,0.9999526229648772,1.0,0.0,0.0,0.0,0.0,1,Minimal,0.0,1.0,2016,6
Kericho,2016-10-01,0.9999526229648776,0.0,0.0,0.0,0.0,0.9999526229648776,1.0,0.0,0.0,0.0,0.0,1,Minimal,0.0,1.0,2016,10
Kericho,2017-02-01,0.9987084709477253,0.001244152017151624,0.0,0.0,0.0,0.999952622964877,0.9987557890358217,0.0012442109641781743,0.0,0.0,0.0,1,Minimal,0.0,1.0012442109641781,2017,2
Kericho,2017-06-01,0.9010569319111312,0.09895232703683901,0.0,0.0,0.0,1.0000092589479703,0.9010485891491256,0.09895141085087435,0.0,0.0,0.0,1,Minimal,0.0,1.0989514108508742,2017,6
Kericho,2017-10-01,0.9999526229648776,0.0,0.0,0.0,0.0,0.9999526229648776,1.0,0.0,0.0,0.0,0.0,1,Minimal,0.0,1.0,2017,10
Kericho,2018-02-01,0.9999526229648772,0.0,0.0,0.0,0.0,0.9999526229648772,1.0,0.0,0.0,0.0,0.0,1,Minimal,0.0,1.0,2018,2
Kericho,2018-06-01,0.9999526229648776,0.0,0.0,0.0,0.0,0.9999526229648776,1.0,0.0,0.0,0.0,0.0,1,Minimal,0.0,1.0,2018,6
Kericho,2018-12-01,0.9999526229648772,0.0,0.0,0.0,0.0,0.9999526229648772,1.0,0.0,0.0,0.0,0.0,1,Minimal,0.0,1.0,2018,12
Kericho,2019-02-01,0.9999526229648772,0.0,0.0,0.0,0.0,0.9999526229648772,1.0,0.0,0.0,0.0,0.0,1,Minimal,0.0,1.0,2019,2
Kericho,2019-06-01,0.9999526229648772,0.0,0.0,0.0,0.0,0.9999526229648772,1.0,0.0,0.0,0.0,0.0,1,Minimal,0.0,1.0,2019,6
Kericho,2019-10-01,0.9999526229648772,0.0,0.0,0.0,0.0,0.9999526229648772,1.0,0.0,0.0,0.0,0.0,1,Minimal,0.0,1.0,2019,10
Kericho,2020-02-01,0.9999526229648772,0.0,0.0,0.0,0.0,0.9999526229648772,1.0,0.0,0.0,0.0,0.0,1,Minimal,0.0,1.0,2020,2
Kericho,2020-06-01,0.9999526229648776,0.0,0.0,0.0,0.0,0.9999526229648776,1.0,0.0,0.0,0.0,0.0,1,Minimal,0.0,1.0,2020,6
Kericho,2020-10-01,0.9999526229648772,0.0,0.0,0.0,0.0,0.9999526229648772,1.0,0.0,0.0,0.0,0.0,1,Minimal,0.0,1.0,2020,10
Kericho,2021-02-01,0.9999526229648776,0.0,0.0,0.0,0.0,0.9999526229648776,1.0,0.0,0.0,0.0,0.0,1,Minimal,0.0,1.0,2021,2
Kericho,2021-06-01,0.9999526229648776,0.0,0.0,0.0,0.0,0.9999526229648776,1.0,0.0,0.0,0.0,0.0,1,Minimal,0.0,1.0,2021,6
Kericho,2021-10-01,0.9999526229648772,0.0,0.0,0.0,0.0,0.9999526229648772,1.0,0.0,0.0,0.0,0.0,1,Minimal,0.0,1.0,2021,10
Kericho,2022-02-01,0.9999526229648772,0.0,0.0,0.0,0.0,0.9999526229648772,1.0,0.0,0.0,0.0,0.0,1,Minimal,0.0,1.0,2022,2
Kericho,2022-06-01,0.9999526229648772,0.0,0.0,0.0,0.0,0.9999526229648772,1.0,0.0,0.0,0.0,0.0,1,Minimal,0.0,1.0,2022,6
Kericho,2022-10-01,0.9999526229648772,0.0,0.0,0.0,0.0,0.9999526229648772,1.0,0.0,0.0,0.0,0.0,1,Minimal,0.0,1.0,2022,10
Kericho,2023-02-01,0.9999526229648772,0.0,0.0,0.0,0.0,0.9999526229648772,1.0,0.0,0.0,0.0,0.0,1,Minimal,0.0,1.0,2023,2
Kericho,2023-06-01,0.9999526229648772,0.0,0.0,0.0,0.0,0.9999526229648772,1.0,0.0,0.0,0.0,0.0,1,Minimal,0.0,1.0,2023,6
Kericho,2023-10-01,0.9999526229648772,0.0,0.0,0.0,0.0,0.9999526229648772,1.0,0.0,0.0,0.0,0.0,1,Minimal,0.0,1.0,2023,10
Kericho,2024-02-01,0.9999526229648772,0.0,0.0,0.0,0.0,0.9999526229648772,1.0,0.0,0.0,0.0,0.0,1,Minimal,0.0,1.0,2024,2
Kericho,2024-06-01,0.9999526229648772,0.0,0.0,0.0,0.0,0.9999526229648772,1.0,0.0,0.0,0.0,0.0,1,Minimal,0.0,1.0,2024,6
Kericho,2024-10-01,0.9999526229648772,0.0,0.0,0.0,0.0,0.9999526229648772,1.0,0.0,0.0,0.0,0.0,1,Minimal,0.0,1.0,2024,10
Kericho,2025-10-01,0.9987084709477253,0.001244152017151624,0.0,0.0,0.0,0.999952622964877,0.9987557890358217,0.0012442109641781743,0.0,0.0,0.0,1,Minimal,0.0,1.0012442109641781,2025,10
Kericho,2026-02-01,0.9987084709477253,0.001244152017151624,0.0,0.0,0.0,0.999952622964877,0.9987557890358217,0.0012442109641781743,0.0,0.0,0.0,1,Minimal,0.0,1.0012442109641781,2026,2
Kericho,2026-06-01,0.9987084709477253,0.001244152017151624,0.0,0.0,0.0,0.999952622964877,0.9987557890358217,0.0012442109641781743,0.0,0.0,0.0,1,Minimal,0.0,1.0012442109641781,2026,6
Kiambu,2011-01-01,0.9967004634491119,0.0032990264612004026,0.0,0.0,0.0,0.9999994899103123,0.9967009718559994,0.003299028144000638,0.0,0.0,0.0,1,Minimal,0.0,1.0032990281440006,2011,1
Kiambu,2011-04-01,0.9967004634491119,0.0032990264612004026,0.0,0.0,0.0,0.9999994899103123,0.9967009718559994,0.003299028144000638,0.0,0.0,0.0,1,Minimal,0.0,1.0032990281440006,2011,4
Kiambu,2011-07-01,0.9996733471934438,0.0,0.0,0.0,0.0,0.9996733471934438,1.0,0.0,0.0,0.0,0.0,1,Minimal,0.0,1.0,2011,7
Kiambu,2011-10-01,0.709713517884649,0.288893362286586,0.0011272031022677097,0.0,0.0,0.9997340832735027,0.7099022927784776,0.288970204297368,0.0011275029241544171,0.0,0.0,1,Minimal,0.0011275029241544171,1.291225210145677,2011,10
Kiambu,2012-01-01,0.709713517884649,0.2899950194453197,0.0,0.0,0.0,0.9997085373299687,0.7099204331896162,0.29007956681038377,0.0,0.0,0.0,1,Minimal,0.0,1.2900795668103837,2012,1
Kiambu,2012-04-01,0.7101552403312581,0.28955513868498334,0.0,0.0,0.0,0.9997103790162414,0.7103609757758861,0.28963902422411403,0.0,0.0,0.0,1,Minimal,0.0,1.289639024224114,2012,4
Kiambu,2012-07-01,0.9985716900347114,0.0011272031022677097,0.0,0.0,0.0,0.999698893136979,0.9988724573869132,0.0011275426130868589,0.0,0.0,0.0,1,Minimal,0.0,1.001127542613087,2012,7
Kiambu,2012-10-01,0.9985716900347114,0.0011272031022677097,0.0,0.0,0.0,0.999698893136979,0.9988724573869132,0.0011275426130868589,0.0,0.0,0.0,1,Minimal,0.0,1.001127542613087,2012,10
Kiambu,2013-01-01,0.9985716900347114,0.0011272031022677097,0.0,0.0,0.0,0.999698893136979,0.9988724573869132,0.0011275426130868589,0.0,0.0,0.0,1,Minimal,0.0,1.001127542613087,2013,1
Kiambu,2013-04-01,0.9985716900347114,0.0011272031022677097,0.0,0.0,0.0,0.999698893136979,0.9988724573869132,0.0011275426130868589,0.0,0.0,0.0,1,Minimal,0.0,1.001127542613087,2013,4
Kiambu,2013-07-01,0.9985716900347111,0.0011272031022677097,0.0,0.0,0.0,0.9996988931369788,0.9988724573869132,0.001127542613086859,0.0,0.0,0.0,1,Minimal,0.0,1.001127542613087,2013,7
Kiambu,2013-10-01,0.9985716900347111,0.0011272031022677097,0.0,0.0,0.0,0.9996988931369788,0.9988724573869132,0.001127542613086859,0.0,0.0,0.0,1,Minimal,0.0,1.001127542613087,2013,10
Kiambu,2014-01-01,0.9985716900347111,0.0011272031022677097,0.0,0.0,0.0,0.9996988931369788,0.9988724573869132,0.001127542613086859,0.0,0.0,0.0,1,Minimal,0.0,1.001127542613087,2014,1
Kiambu,2014-04-01,0.9985716900347111,0.0011272031022677097,0.0,0.0,0.0,0.9996988931369788,0.9988724573869132,0.001127542613086859,0.0,0.0,0.0,1,Minimal,0.0,1.001127542613087,2014,4
Kiambu,2014-07-01,0.9975156897623454,0.002183409879407402,0.0,0.0,0.0,0.9996990996417527,0.99781593293403,0.002184067065969988,0.0,0.0,0.0,1,Minimal,0.0,1.00218406706597,2014,7
Kiambu,2014-10-01,0.999673347193444,0.0,0.0,0.0,0.0,0.999673347193444,1.0,0.0,0.0,0.0,0.0,1,Minimal,0.0,1.0,2014,10
Kiambu,2015-01-01,0.999673347193444,0.0,0.0,0.0,0.0,0.999673347193444,1.0,0.0,0.0,0.0,0.0,1,Minimal,0.0,1.0,2015,1
Kiambu,2015-04-01,0.999673347193444,0.0,0.0,0.0,0.0,0.999673347193444,1.0,0.0,0.0,0.0,0.0,1,Minimal,0.0,1.0,2015,4
Kiambu,2015-07-01,0.9996733471934438,0.0,0.0,0.0,0.0,0.9996733471934438,1.0,0.0,0.0,0.0,0.0,1,Minimal,0.0,1.0,2015,7
Kiambu,2015-10-01,0.999673347193444,0.0,0.0,0.0,0.0,0.999673347193444,1.0,0.0,0.0,0.0,0.0,1,Minimal,0.0,1.0,2015,10
Kiambu,2016-02-01,0.9996733471934438,0.0,0.0,0.0,0.0,0.9996733471934438,1.0,0.0,0.0,0.0,0.0,1,Minimal,0.0,1.0,2016,2
Kiambu,2016-06-01,0.9998305741952529,0.0,0.0,0.0,0.0,0.9998305741952529,1.0,0.0,0.0,0.0,0.0,1,Minimal,0.0,1.0,2016,6
Kiambu,2016-10-01,0.9998305741952529,0.0,0.0,0.0,0.0,0.9998305741952529,1.0,0.0,0.0,0.0,0.0,1,Minimal,0.0,1.0,2016,10
Kiambu,2017-02-01,0.9986447324920318,0.0011871033531324336,0.0,0.0,0.0,0.9998318358451642,0.9988126969850595,0.001187303014940475,0.0,0.0,0.0,1,Minimal,0.0,1.0011873030149405,2017,2
Kiambu,2017-06-01,0.9957175391130497,0.004124054370655439,0.0,0.0,0.0,0.9998415934837052,0.9958752922487589,0.004124707751241048,0.0,0.0,0.0,1,Minimal,0.0,1.004124707751241,2017,6
Kiambu,2017-10-01,0.9998219953714457,8.578823805120916e-06,0.0,0.0,0.0,0.9998305741952508,0.9999914197224744,8.580277525545653e-06,0.0,0.0,0.0,1,Minimal,0.0,1.0000085802775256,2017,10
Kiambu,2018-02-01,0.998795620478242,0.0010362153669223452,0.0,0.0,0.0,0.9998318358451643,0.998963610349488,0.001036389650512004,0.0,0.0,0.0,1,Minimal,0.0,1.001036389650512,2018,2
Kiambu,2018-06-01,0.9998305741952529,0.0,0.0,0.0,0.0,0.9998305741952529,1.0,0.0,0.0,0.0,0.0,1,Minimal,0.0,1.0,2018,6
Kiambu,2018-12-01,0.9988041993020471,0.0010276365431172241,0.0,0.0,0.0,0.9998318358451643,0.9989721906161865,0.0010278093838135853,0.0,0.0,0.0,1,Minimal,0.0,1.0010278093838136,2018,12
Kiambu,2019-02-01,0.998795620478242,0.0010362153669223452,0.0,0.0,0.0,0.9998318358451643,0.998963610349488,0.001036389650512004,0.0,0.0,0.0,1,Minimal,0.0,1.001036389650512,2019,2
Kiambu,2019-06-01,0.9998305741952529,0.0,0.0,0.0,0.0,0.9998305741952529,1.0,0.0,0.0,0.0,0.0,1,Minimal,0.0,1.0,2019,6
Kiambu,2019-10-01,0.998795620478242,0.0010362153669223452,0.0,0.0,0.0,0.9998318358451643,0.998963610349488,0.001036389650512004,0.0,0.0,0.0,1,Minimal,0.0,1.001036389650512,2019,10
Kiambu,2020-02-01,0.998795620478242,0.0010362153669223452,0.0,0.0,0.0,0.9998318358451643,0.998963610349488,0.001036389650512004,0.0,0.0,0.0,1,Minimal,0.0,1.001036389650512,2020,2
Kiambu,2020-06-01,0.9981514308381689,0.0016804050537564954,0.0,0.0,0.0,0.9998318358919255,0.9983193123148979,0.0016806876851020124,0.0,0.0,0.0,1,Minimal,0.0,1.0016806876851019,2020,6
Kiambu,2020-10-01,0.998795620478242,0.0010362153669223452,0.0,0.0,0.0,0.9998318358451643,0.998963610349488,0.001036389650512004,0.0,0.0,0.0,1,Minimal,0.0,1.001036389650512,2020,10
Kiambu,2021-02-01,0.9987956204782393,0.0010362153669223452,0.0,0.0,0.0,0.9998318358451617,0.998963610349488,0.0010363896505120069,0.0,0.0,0.0,1,Minimal,0.0,1.0010363896505121,2021,2
Kiambu,2021-06-01,0.9987956204782393,0.0010362153669223452,0.0,0.0,0.0,0.9998318358451617,0.998963610349488,0.0010363896505120069,0.0,0.0,0.0,1,Minimal,0.0,1.0010363896505121,2021,6
Kiambu,2021-10-01,0.9987956204782393,0.0010362153669223452,0.0,0.0,0.0,0.9998318358451617,0.998963610349488,0.0010363896505120069,0.0,0.0,0.0,1,Minimal,0.0,1.0010363896505121,2021,10
Kiambu,2022-02-01,0.9987956204782393,0.0010362153669223452,0.0,0.0,0.0,0.9998318358451617,0.998963610349488,0.0010363896505120069,0.0,0.0,0.0,1,Minimal,0.0,1.0010363896505121,2022,2
Kiambu,2022-06-01,0.998795620478242,0.0010362153669223452,0.0,0.0,0.0,0.9998318358451643,0.998963610349488,0.001036389650512004,0.0,0.0,0.0,1,Minimal,0.0,1.001036389650512,2022,6
Kiambu,2022-10-01,0.998795620478242,0.0010362153669223452,0.0,0.0,0.0,0.9998318358451643,0.998963610349488,0.001036389650512004,0.0,0.0,0.0,1,Minimal,0.0,1.001036389650512,2022,10
Kiambu,2023-02-01,0.998795620478242,0.0010362153669223452,0.0,0.0,0.0,0.9998318358451643,0.998963610349488,0.001036389650512004,0.0,0.0,0.0,1,Minimal,0.0,1.001036389650512,2023,2
Kiambu,2023-06-01,0.998795620478242,0.0010362153669223452,0.0,0.0,0.0,0.9998318358451643,0.998963610349488,0.001036389650512004,0.0,0.0,0.0,1,Minimal,0.0,1.001036389650512,2023,6
Kiambu,2023-10-01,0.998795620478242,0.0010362153669223452,0.0,0.0,0.0,0.9998318358451643,0.998963610349488,0.001036389650512004,0.0,0.0,0.0,1,Minimal,0.0,1.001036389650512,2023,10
Kiambu,2024-02-01,0.9987956204782393,0.0010362153669223452,0.0,0.0,0.0,0.9998318358451617,0.998963610349488,0.0010363896505120069,0.0,0.0,0.0,1,Minimal,0.0,1.0010363896505121,2024,2
Kiambu,2024-06-01,0.9987956204782393,0.0010362153669223452,0.0,0.0,0.0,0.9998318358451617,0.998963610349488,0.0010363896505120069,0.0,0.0,0.0,1,Minimal,0.0,1.0010363896505121,2024,6
Kiambu,2024-10-01,0.9987956204782393,0.0010362153669223452,0.0,0.0,0.0,0.9998318358451617,0.998963610349488,0.0010363896505120069,0.0,0.0,0.0,1,Minimal,0.0,1.0010363896505121,2024,10
Kiambu,2025-10-01,0.998795620478242,0.0010362153669223452,0.0,0.0,0.0,0.9998318358451643,0.998963610349488,0.001036389650512004,0.0,0.0,0.0,1,Minimal,0.0,1.001036389650512,2025,10
Kiambu,2026-02-01,0.998795620478242,0.0010362153669223452,0.0,0.0,0.0,0.9998318358451643,0.998963610349488,0.001036389650512004,0.0,0.0,0.0,1,Minimal,0.0,1.001036389650512,2026,2
Kiambu,2026-06-01,0.998795620478242,0.0010362153669223452,0.0,0.0,0.0,0.9998318358451643,0.998963610349488,0.001036389650512004,0.0,0.0,0.0,1,Minimal,0.0,1.001036389650512,2026,6
Kilifi,2011-01-01,0.0047505667199515085,0.9894906603957574,0.0,0.0,0.0,0.994241227115709,0.004778082612539504,0.9952219173874605,0.0,0.0,0.0,2,Stressed,0.0,1.9952219173874604,2011,1
Kilifi,2011-04-01,0.0047505667199515085,0.9894906603957574,0.0,0.0,0.0,0.994241227115709,0.004778082612539504,0.9952219173874605,0.0,0.0,0.0,2,Stressed,0.0,1.9952219173874604,2011,4
Kilifi,2011-07-01,0.1441004495039612,0.8500787385663027,0.0,0.0,0.0,0.9941791880702638,0.14494414209541556,0.8550558579045845,0.0,0.0,0.0,2,Stressed,0.0,1.8550558579045846,2011,7
Kilifi,2011-10-01,0.10555873953563467,0.5826911733519242,0.3059305860709891,0.0,0.0,0.994180498958548,0.10617663457109905,0.5861019945194271,0.3077213709094738,0.0,0.0,2,Stressed,0.3077213709094738,2.201544736338375,2011,10
Kilifi,2012-01-01,0.10555873953563467,0.8886137250761489,0.0,0.0,0.0,0.9941724646117835,0.10617749263137612,0.8938225073686239,0.0,0.0,0.0,2,Stressed,0.0,1.893822507368624,2012,1
Kilifi,2012-04-01,0.10555873953563467,0.8886137250761489,0.0,0.0,0.0,0.9941724646117835,0.10617749263137612,0.8938225073686239,0.0,0.0,0.0,2,Stressed,0.0,1.893822507368624,2012,4
Kilifi,2012-07-01,0.10555873953563467,0.8886137250761489,0.0,0.0,0.0,0.9941724646117835,0.10617749263137612,0.8938225073686239,0.0,0.0,0.0,2,Stressed,0.0,1.893822507368624,2012,7
Kilifi,2012-10-01,0.1055587394579024,0.4839591099687165,0.4046629822878077,0.0,0.0,0.9941808317144266,0.10617659895521261,0.4867918335682932,0.40703156747649416,0.0,0.0,2,Stressed,0.40703156747649416,2.3008549685212816,2012,10
Kilifi,2013-01-01,0.045388172798551216,0.9487655373821072,0.0,0.0,0.0,0.9941537101806585,0.04565508566105259,0.9543449143389474,0.0,0.0,0.0,2,Stressed,0.0,1.9543449143389475,2013,1
Kilifi,2013-04-01,0.045388172798551216,0.9487655373821072,0.0,0.0,0.0,0.9941537101806585,0.04565508566105259,0.9543449143389474,0.0,0.0,0.0,2,Stressed,0.0,1.9543449143389475,2013,4
Kilifi,2013-07-01,0.00029573136305112164,0.9938439725583327,0.0,0.0,0.0,0.9941397039213838,0.00029747465259118947,0.9997025253474088,0.0,0.0,0.0,2,Stressed,0.0,1.9997025253474088,2013,7
Kilifi,2013-10-01,0.00029573136305112164,0.9938439725583327,0.0,0.0,0.0,0.9941397039213838,0.00029747465259118947,0.9997025253474088,0.0,0.0,0.0,2,Stressed,0.0,1.9997025253474088,2013,10
Kilifi,2014-01-01,0.00029573136305112164,0.9938439725583327,0.0,0.0,0.0,0.9941397039213838,0.00029747465259118947,0.9997025253474088,0.0,0.0,0.0,2,Stressed,0.0,1.9997025253474088,2014,1
Kilifi,2014-04-01,0.00029573136305112164,0.9938439725583327,0.0,0.0,0.0,0.9941397039213838,0.00029747465259118947,0.9997025253474088,0.0,0.0,0.0,2,Stressed,0.0,1.9997025253474088,2014,4
Kilifi,2014-07-01,0.4428185594830725,0.5513373924221522,0.0,0.0,0.0,0.9941559519052248,0.44542162488133197,0.554578375118668,0.0,0.0,0.0,2,Stressed,0.0,1.554578375118668,2014,7
Kilifi,2014-10-01,0.2353442208452046,0.7588393200918625,0.0,0.0,0.0,0.9941835409370671,0.23672109942936798,0.7632789005706321,0.0,0.0,0.0,2,Stressed,0.0,1.7632789005706322,2014,10
Kilifi,2015-01-01,0.5815045285389345,0.4126752643886899,0.0,0.0,0.0,0.9941797929276244,0.5849088189838794,0.4150911810161207,0.0,0.0,0.0,1,Minimal,0.0,1.4150911810161206,2015,1
Kilifi,2015-04-01,0.3073680676066399,0.6868052608437498,0.0,0.0,0.0,0.9941733284503897,0.3091694967171692,0.6908305032828308,0.0,0.0,0.0,2,Stressed,0.0,1.6908305032828308,2015,4
Kilifi,2015-07-01,0.2471975009472887,0.7469570732274406,0.0,0.0,0.0,0.9941545741747293,0.24865097175908793,0.7513490282409121,0.0,0.0,0.0,2,Stressed,0.0,1.751349028240912,2015,7
Kilifi,2015-10-01,0.5195154624303134,0.4746508454284627,0.0,0.0,0.0,0.9941663078587761,0.5225639395779161,0.4774360604220839,0.0,0.0,0.0,1,Minimal,0.0,1.477436060422084,2015,10
Kilifi,2016-02-01,0.9941353718889927,0.0,0.0,0.0,0.0,0.9941353718889927,1.0,0.0,0.0,0.0,0.0,1,Minimal,0.0,1.0,2016,2
Kilifi,2016-06-01,0.9941889022285639,0.0,0.0,0.0,0.0,0.9941889022285639,1.0,0.0,0.0,0.0,0.0,1,Minimal,0.0,1.0,2016,6
Kilifi,2016-10-01,0.11978213332307101,0.8744293468625058,0.0,0.0,0.0,0.9942114801855768,0.12047953147826537,0.8795204685217347,0.0,0.0,0.0,2,Stressed,0.0,1.8795204685217348,2016,10
Kilifi,2017-02-01,6.149484065223079e-05,0.7617021421986464,0.2324461448615087,0.0,0.0,0.9942097819008073,6.185298291338492e-05,0.7661382497588841,0.23379989725820252,0.0,0.0,2,Stressed,0.23379989725820252,2.233738044275289,2017,2
Kilifi,2017-06-01,6.149484065223079e-05,0.20124196243902537,0.7929164219752229,0.0,0.0,0.9942198792549005,6.185235473094437e-05,0.2024119278220854,0.7975262198231837,0.0,0.0,3,Crisis,0.7975262198231837,2.797464367468453,2017,6
Kilifi,2017-10-01,0.15480354812748864,0.8371710149147432,0.002235188975264726,0.0,0.0,0.9942097520174966,0.15570511938084905,0.842046673969871,0.00224820664927997,0.0,0.0,2,Stressed,0.00224820664927997,1.8465430872684307,2017,10
Kilifi,2018-02-01,0.35648548577816824,0.6377238399690972,0.0,0.0,0.0,0.9942093257472655,0.35856180036354757,0.6414381996364524,0.0,0.0,0.0,2,Stressed,0.0,1.6414381996364524,2018,2
Kilifi,2018-06-01,0.9941889022288122,0.0,0.0,0.0,0.0,0.9941889022288122,1.0,0.0,0.0,0.0,0.0,1,Minimal,0.0,1.0,2018,6
Kilifi,2018-12-01,0.9915526226055671,0.0026391676633993988,0.0,0.0,0.0,0.9941917902689665,0.9973454139440384,0.0026545860559615,0.0,0.0,0.0,1,Minimal,0.0,1.0026545860559615,2018,12
Kilifi,2019-02-01,0.21201879689022976,0.782189201454272,0.0,0.0,0.0,0.9942079983445017,0.21325396420394055,0.7867460357960595,0.0,0.0,0.0,2,Stressed,0.0,1.7867460357960596,2019,2
Kilifi,2019-06-01,6.149484065223079e-05,0.9941274073881254,0.0,0.0,0.0,0.9941889022287776,6.185428193210701e-05,0.9999381457180679,0.0,0.0,0.0,2,Stressed,0.0,1.999938145718068,2019,6
Kilifi,2019-10-01,6.149484065223079e-05,0.9916017787850036,0.0025285166432909476,0.0,0.0,0.9941917902689467,6.185410225082962e-05,0.9973948573008811,0.002543288596868154,0.0,0.0,2,Stressed,0.002543288596868154,2.0024814344946176,2019,10
Kilifi,2020-02-01,0.0007266026267804297,0.9934676147188981,0.0,0.0,0.0,0.9941942173456786,0.0007308457584075768,0.9992691542415924,0.0,0.0,0.0,2,Stressed,0.0,1.9992691542415924,2020,2
Kilifi,2020-06-01,0.0006651077861281988,0.9935291095596053,0.0,0.0,0.0,0.9941942173457334,0.0006689918071580435,0.999331008192842,0.0,0.0,0.0,2,Stressed,0.0,1.9993310081928422,2020,6
Kilifi,2020-10-01,6.149484065223079e-05,0.9941274073878982,0.0,0.0,0.0,0.9941889022285504,6.185428193212116e-05,0.9999381457180679,0.0,0.0,0.0,2,Stressed,0.0,1.999938145718068,2020,10
Kilifi,2021-02-01,0.14723313384251507,0.8469669261291467,0.0,0.0,0.0,0.9942000599716618,0.1480920589028246,0.8519079410971754,0.0,0.0,0.0,2,Stressed,0.0,1.8519079410971753,2021,2
Kilifi,2021-06-01,0.14656802605638689,0.8476267187981238,0.0,0.0,0.0,0.9941947448545106,0.1474238591734213,0.8525761408265787,0.0,0.0,0.0,2,Stressed,0.0,1.8525761408265788,2021,6
Kilifi,2021-10-01,6.149484065223079e-05,0.9916017787849883,0.0025285166432909476,0.0,0.0,0.9941917902689315,6.185410225083057e-05,0.9973948573008811,0.002543288596868193,0.0,0.0,2,Stressed,0.002543288596868193,2.0024814344946176,2021,10
Kilifi,2022-02-01,6.149484065223079e-05,0.9914512386652539,0.0026800910083904605,0.0,0.0,0.9941928245142966,6.185403790484356e-05,0.9972424002854958,0.002695745676599299,0.0,0.0,2,Stressed,0.002695745676599299,2.0026338916386943,2022,2
Kilifi,2022-06-01,6.149484065223079e-05,0.9914512386652539,0.0026800910083904605,0.0,0.0,0.9941928245142966,6.185403790484356e-05,0.9972424002854958,0.002695745676599299,0.0,0.0,2,Stressed,0.002695745676599299,2.0026338916386943,2022,6
Kilifi,2022-10-01,6.149484065223079e-05,0.9914512386652539,0.0026800910083904605,0.0,0.0,0.9941928245142966,6.185403790484356e-05,0.9972424002854958,0.002695745676599299,0.0,0.0,2,Stressed,0.002695745676599299,2.0026338916386943,2022,10
Kilifi,2023-02-01,6.149484065223079e-05,0.9914512386652423,0.0026800910083904605,0.0,0.0,0.994192824514285,6.185403790484428e-05,0.9972424002854958,0.00269574567659933,0.0,0.0,2,Stressed,0.00269574567659933,2.0026338916386948,2023,2
Kilifi,2023-06-01,6.149484065223079e-05,0.9914512386652422,0.0026800910083904605,0.0,0.0,0.9941928245142849,6.18540379048443e-05,0.9972424002854958,0.0026957456765993306,0.0,0.0,2,Stressed,0.0026957456765993306,2.0026338916386948,2023,6
Kilifi,2023-10-01,6.149484065223079e-05,0.9914512386655019,0.0026800910083904605,0.0,0.0,0.9941928245145446,6.185403790482813e-05,0.9972424002854965,0.0026957456765986263,0.0,0.0,2,Stressed,0.0026957456765986263,2.002633891638694,2023,10
Kilifi,2024-02-01,0.0007266026267804297,0.993467614718852,0.0,0.0,0.0,0.9941942173456325,0.0007308457584076106,0.9992691542415924,0.0,0.0,0.0,2,Stressed,0.0,1.9992691542415924,2024,2
Kilifi,2024-06-01,0.0007266026267804297,0.9934676147189189,0.0,0.0,0.0,0.9941942173456993,0.0007308457584075615,0.9992691542415924,0.0,0.0,0.0,2,Stressed,0.0,1.9992691542415924,2024,6
Kilifi,2024-10-01,0.0007266026267804297,0.9934676147188979,0.0,0.0,0.0,0.9941942173456784,0.0007308457584075769,0.9992691542415924,0.0,0.0,0.0,2,Stressed,0.0,1.9992691542415924,2024,10
Kilifi,2025-10-01,6.149484065223079e-05,0.9941274073878981,0.0,0.0,0.0,0.9941889022285503,6.185428193212116e-05,0.9999381457180679,0.0,0.0,0.0,2,Stressed,0.0,1.999938145718068,2025,10
Kilifi,2026-02-01,6.149484065223079e-05,0.9914512386652422,0.0026800910083904605,0.0,0.0,0.9941928245142849,6.18540379048443e-05,0.9972424002854958,0.0026957456765993306,0.0,0.0,2,Stressed,0.0026957456765993306,2.0026338916386948,2026,2
Kilifi,2026-06-01,6.149484065223079e-05,0.9914512386652423,0.0026800910083904605,0.0,0.0,0.994192824514285,6.185403790484428e-05,0.9972424002854958,0.00269574567659933,0.0,0.0,2,Stressed,0.00269574567659933,2.0026338916386948,2026,6
Kirinyaga,2011-01-01,0.994135461406389,0.005362924703505557,0.0,0.0,0.0,0.9994983861098945,0.9946343838288941,0.005365616171105958,0.0,0.0,0.0,1,Minimal,0.0,1.005365616171106,2011,1
Kirinyaga,2011-04-01,0.994135461406389,0.005362924703505557,0.0,0.0,0.0,0.9994983861098945,0.9946343838288941,0.005365616171105958,0.0,0.0,0.0,1,Minimal,0.0,1.005365616171106,2011,4
Kirinyaga,2011-07-01,0.9944483953695269,0.005333856564196014,0.0,0.0,0.0,0.9997822519337229,0.9946649817458956,0.0053350182541043985,0.0,0.0,0.0,1,Minimal,0.0,1.0053350182541043,2011,7
Kirinyaga,2011-10-01,0.9944151173179032,0.003809752174584303,0.0015603463131610093,0.0,0.0,0.9997852158056486,0.9946287478521894,0.003810570624925997,0.0015606815228845412,0.0,0.0,1,Minimal,0.0015606815228845412,1.006931933670695,2011,10
Kirinyaga,2012-01-01,0.9944151173179047,0.005370098487748192,0.0,0.0,0.0,0.9997852158056528,0.9946287478521866,0.005371252147813395,0.0,0.0,0.0,1,Minimal,0.0,1.0053712521478133,2012,1
Kirinyaga,2012-04-01,0.9997203758103025,3.62419235521866e-05,0.0,0.0,0.0,0.9997566177338547,0.9999637492536589,3.625074634098053e-05,0.0,0.0,0.0,1,Minimal,0.0,1.000036250746341,2012,4
Kirinyaga,2012-07-01,0.9997203758103024,3.62419235521866e-05,0.0,0.0,0.0,0.9997566177338546,0.9999637492536589,3.625074634098053e-05,0.0,0.0,0.0,1,Minimal,0.0,1.000036250746341,2012,7
Kirinyaga,2012-10-01,0.9997203758103025,3.62419235521866e-05,0.0,0.0,0.0,0.9997566177338547,0.9999637492536589,3.625074634098053e-05,0.0,0.0,0.0,1,Minimal,0.0,1.000036250746341,2012,10
Kirinyaga,2013-01-01,0.9997203758103025,3.62419235521866e-05,0.0,0.0,0.0,0.9997566177338547,0.9999637492536589,3.625074634098053e-05,0.0,0.0,0.0,1,Minimal,0.0,1.000036250746341,2013,1
Kirinyaga,2013-04-01,0.9997203758103012,3.62419235521866e-05,0.0,0.0,0.0,0.9997566177338534,0.9999637492536589,3.6250746340980574e-05,0.0,0.0,0.0,1,Minimal,0.0,1.000036250746341,2013,4
Kirinyaga,2013-07-01,0.9944151173179032,0.005370098487748192,0.0,0.0,0.0,0.9997852158056514,0.9946287478521866,0.005371252147813403,0.0,0.0,0.0,1,Minimal,0.0,1.0053712521478133,2013,7
Kirinyaga,2013-10-01,0.9944151173179032,0.005370098487748192,0.0,0.0,0.0,0.9997852158056514,0.9946287478521866,0.005371252147813403,0.0,0.0,0.0,1,Minimal,0.0,1.0053712521478133,2013,10
Kirinyaga,2014-01-01,0.9944151173179044,0.005370098487748192,0.0,0.0,0.0,0.9997852158056526,0.9946287478521866,0.005371252147813397,0.0,0.0,0.0,1,Minimal,0.0,1.0053712521478133,2014,1
Kirinyaga,2014-04-01,0.9944151173179044,0.005370098487748192,0.0,0.0,0.0,0.9997852158056526,0.9946287478521866,0.005371252147813397,0.0,0.0,0.0,1,Minimal,0.0,1.0053712521478133,2014,4
Kirinyaga,2014-07-01,0.9997203758103012,3.62419235521866e-05,0.0,0.0,0.0,0.9997566177338534,0.9999637492536589,3.6250746340980574e-05,0.0,0.0,0.0,1,Minimal,0.0,1.000036250746341,2014,7
Kirinyaga,2014-10-01,0.9997203758103025,3.62419235521866e-05,0.0,0.0,0.0,0.9997566177338547,0.9999637492536589,3.625074634098053e-05,0.0,0.0,0.0,1,Minimal,0.0,1.000036250746341,2014,10
Kirinyaga,2015-01-01,0.9944483953695283,0.005333856564196014,0.0,0.0,0.0,0.9997822519337244,0.9946649817458956,0.005335018254104391,0.0,0.0,0.0,1,Minimal,0.0,1.0053350182541043,2015,1
Kirinyaga,2015-04-01,0.9944483953695271,0.005333856564196014,0.0,0.0,0.0,0.9997822519337232,0.9946649817458956,0.005335018254104397,0.0,0.0,0.0,1,Minimal,0.0,1.0053350182541043,2015,4
Kirinyaga,2015-07-01,0.9944483953695283,0.005333856564196014,0.0,0.0,0.0,0.9997822519337244,0.9946649817458956,0.005335018254104391,0.0,0.0,0.0,1,Minimal,0.0,1.0053350182541043,2015,7
Kirinyaga,2015-10-01,0.999753653863793,0.0,0.0,0.0,0.0,0.999753653863793,1.0,0.0,0.0,0.0,0.0,1,Minimal,0.0,1.0,2015,10
Kirinyaga,2016-02-01,0.9997536538637944,0.0,0.0,0.0,0.0,0.9997536538637944,1.0,0.0,0.0,0.0,0.0,1,Minimal,0.0,1.0,2016,2
Kirinyaga,2016-06-01,0.9999074216215259,0.0,0.0,0.0,0.0,0.9999074216215259,1.0,0.0,0.0,0.0,0.0,1,Minimal,0.0,1.0,2016,6
Kirinyaga,2016-10-01,0.9994847766322178,0.0004226449893337817,0.0,0.0,0.0,0.9999074216215516,0.9995773158792558,0.0004226841207442761,0.0,0.0,0.0,1,Minimal,0.0,1.0004226841207444,2016,10
Kirinyaga,2017-02-01,0.9973306710623309,0.0025767505609080453,0.0,0.0,0.0,0.9999074216232389,0.997423010865621,0.002576989134379037,0.0,0.0,0.0,1,Minimal,0.0,1.002576989134379,2017,2
Kirinyaga,2017-06-01,0.9973306710623309,0.002561249617987639,1.5500942920961157e-05,0.0,0.0,0.9999074216232394,0.9974230108656205,0.0025614867562736288,1.5502378105962137e-05,0.0,0.0,1,Minimal,1.5502378105962137e-05,1.0025924915124855,2017,6
Kirinyaga,2017-10-01,0.9996458544387833,0.000261567182742732,0.0,0.0,0.0,0.999907421621526,0.9997384085995495,0.00026159140045040844,0.0,0.0,0.0,1,Minimal,0.0,1.0002615914004505,2017,10
Kirinyaga,2018-02-01,0.9996458544387833,0.000261567182742732,0.0,0.0,0.0,0.999907421621526,0.9997384085995495,0.00026159140045040844,0.0,0.0,0.0,1,Minimal,0.0,1.0002615914004505,2018,2
Kirinyaga,2018-06-01,0.9999074216215259,0.0,0.0,0.0,0.0,0.9999074216215259,1.0,0.0,0.0,0.0,0.0,1,Minimal,0.0,1.0,2018,6
Kirinyaga,2018-12-01,0.9998919206785215,1.5500942920961157e-05,0.0,0.0,0.0,0.9999074216214424,0.999984497621894,1.5502378105989997e-05,0.0,0.0,0.0,1,Minimal,0.0,1.0000155023781059,2018,12
Kirinyaga,2019-02-01,0.999871724446514,3.569717492766473e-05,0.0,0.0,0.0,0.9999074216214416,0.9999642995199798,3.570048002021875e-05,0.0,0.0,0.0,1,Minimal,0.0,1.0000357004800202,2019,2
Kirinyaga,2019-06-01,0.9994490794572057,0.00045834216426144644,0.0,0.0,0.0,0.9999074216214672,0.9995416153992355,0.00045838460076452964,0.0,0.0,0.0,1,Minimal,0.0,1.0004583846007646,2019,6
Kirinyaga,2019-10-01,0.9996292621343775,0.00027815948706488,0.0,0.0,0.0,0.9999074216214424,0.9997218147589966,0.0002781852410034308,0.0,0.0,0.0,1,Minimal,0.0,1.0002781852410034,2019,10
Kirinyaga,2020-02-01,0.9999067435783274,6.780431992706756e-07,0.0,0.0,0.0,0.9999074216215267,0.9999993218940227,6.7810597722248e-07,0.0,0.0,0.0,1,Minimal,0.0,1.0000006781059771,2020,2
Kirinyaga,2020-06-01,0.9999067435783274,6.780431992706756e-07,0.0,0.0,0.0,0.9999074216215267,0.9999993218940227,6.7810597722248e-07,0.0,0.0,0.0,1,Minimal,0.0,1.0000006781059771,2020,6
Kirinyaga,2020-10-01,0.9996451763955848,0.0002622452259420027,0.0,0.0,0.0,0.9999074216215268,0.9997377304935724,0.00026226950642763077,0.0,0.0,0.0,1,Minimal,0.0,1.0002622695064276,2020,10
Kirinyaga,2021-02-01,0.9996094792205727,0.0002979424008696674,0.0,0.0,0.0,0.9999074216214424,0.9997020300135522,0.0002979699864478716,0.0,0.0,0.0,1,Minimal,0.0,1.0002979699864478,2021,2
Kirinyaga,2021-06-01,0.9996094792205727,0.0002979424008696674,0.0,0.0,0.0,0.9999074216214424,0.9997020300135522,0.0002979699864478716,0.0,0.0,0.0,1,Minimal,0.0,1.0002979699864478,2021,6
Kirinyaga,2021-10-01,0.9996101572637712,0.0002972643576703967,0.0,0.0,0.0,0.9999074216214416,0.9997027081195293,0.0002972918804706492,0.0,0.0,0.0,1,Minimal,0.0,1.0002972918804707,2021,10
Kirinyaga,2022-02-01,0.9996101572637712,0.0002972643576703967,0.0,0.0,0.0,0.9999074216214416,0.9997027081195293,0.0002972918804706492,0.0,0.0,0.0,1,Minimal,0.0,1.0002972918804707,2022,2
Kirinyaga,2022-06-01,0.9996101572637712,0.0002972643576703967,0.0,0.0,0.0,0.9999074216214416,0.9997027081195293,0.0002972918804706492,0.0,0.0,0.0,1,Minimal,0.0,1.0002972918804707,2022,6
Kirinyaga,2022-10-01,0.9996101572637712,0.0002972643576703967,0.0,0.0,0.0,0.9999074216214416,0.9997027081195293,0.0002972918804706492,0.0,0.0,0.0,1,Minimal,0.0,1.0002972918804707,2022,10
Kirinyaga,2023-02-01,0.9996101572637712,0.0002972643576703967,0.0,0.0,0.0,0.9999074216214416,0.9997027081195293,0.0002972918804706492,0.0,0.0,0.0,1,Minimal,0.0,1.0002972918804707,2023,2
Kirinyaga,2023-06-01,0.9996101572637712,0.0,0.0002972643576703967,0.0,0.0,0.9999074216214416,0.9997027081195293,0.0,0.0002972918804706492,0.0,0.0,1,Minimal,0.0002972918804706492,1.0005945837609413,2023,6
Kirinyaga,2023-10-01,0.9996101572637712,0.0002972643576703967,0.0,0.0,0.0,0.9999074216214416,0.9997027081195293,0.0002972918804706492,0.0,0.0,0.0,1,Minimal,0.0,1.0002972918804707,2023,10
Kirinyaga,2024-02-01,0.9996101572637712,0.0002972643576703967,0.0,0.0,0.0,0.9999074216214416,0.9997027081195293,0.0002972918804706492,0.0,0.0,0.0,1,Minimal,0.0,1.0002972918804707,2024,2
Kirinyaga,2024-06-01,0.9996101572637712,0.0002972643576703967,0.0,0.0,0.0,0.9999074216214416,0.9997027081195293,0.0002972918804706492,0.0,0.0,0.0,1,Minimal,0.0,1.0002972918804707,2024,6
Kirinyaga,2024-10-01,0.9996101572637712,0.0002972643576703967,0.0,0.0,0.0,0.9999074216214416,0.9997027081195293,0.0002972918804706492,0.0,0.0,0.0,1,Minimal,0.0,1.0002972918804707,2024,10
Kirinyaga,2025-10-01,0.9994335785142858,0.0004738431072667626,0.0,0.0,0.0,0.9999074216215526,0.9995261130210452,0.0004738869789548416,0.0,0.0,0.0,1,Minimal,0.0,1.000473886978955,2025,10
Kirinyaga,2026-02-01,0.9994335785142858,0.00045834216426144644,1.5500942920961157e-05,0.0,0.0,0.9999074216214682,0.9995261130211296,0.00045838460076452916,1.5502378105989598e-05,0.0,0.0,1,Minimal,1.5502378105989598e-05,1.0004893893569766,2026,2
Kirinyaga,2026-06-01,0.9994335785142858,0.0004738431072667626,0.0,0.0,0.0,0.9999074216215526,0.9995261130210452,0.0004738869789548416,0.0,0.0,0.0,1,Minimal,0.0,1.000473886978955,2026,6
Kisii,2011-01-01,0.9993942879932043,0.0006370927464509018,0.0,0.0,0.0,1.0000313807396553,0.9993629272453632,0.000637072754636647,0.0,0.0,0.0,1,Minimal,0.0,1.0006370727546365,2011,1
Kisii,2011-04-01,0.9993942879932043,0.0006370927464509018,0.0,0.0,0.0,1.0000313807396553,0.9993629272453632,0.000637072754636647,0.0,0.0,0.0,1,Minimal,0.0,1.0006370727546365,2011,4
Kisii,2011-07-01,0.9995810852329328,0.0,0.0,0.0,0.0,0.9995810852329328,1.0,0.0,0.0,0.0,0.0,1,Minimal,0.0,1.0,2011,7
Kisii,2011-10-01,0.9995810852329325,0.0,0.0,0.0,0.0,0.9995810852329325,1.0,0.0,0.0,0.0,0.0,1,Minimal,0.0,1.0,2011,10
Kisii,2012-01-01,0.9995810852329325,0.0,0.0,0.0,0.0,0.9995810852329325,1.0,0.0,0.0,0.0,0.0,1,Minimal,0.0,1.0,2012,1
Kisii,2012-04-01,0.9995810852329325,0.0,0.0,0.0,0.0,0.9995810852329325,1.0,0.0,0.0,0.0,0.0,1,Minimal,0.0,1.0,2012,4
Kisii,2012-07-01,0.9995810852329328,0.0,0.0,0.0,0.0,0.9995810852329328,1.0,0.0,0.0,0.0,0.0,1,Minimal,0.0,1.0,2012,7
Kisii,2012-10-01,0.9995810852329328,0.0,0.0,0.0,0.0,0.9995810852329328,1.0,0.0,0.0,0.0,0.0,1,Minimal,0.0,1.0,2012,10
Kisii,2013-01-01,0.9995810852329328,0.0,0.0,0.0,0.0,0.9995810852329328,1.0,0.0,0.0,0.0,0.0,1,Minimal,0.0,1.0,2013,1
Kisii,2013-04-01,0.9995810852329328,0.0,0.0,0.0,0.0,0.9995810852329328,1.0,0.0,0.0,0.0,0.0,1,Minimal,0.0,1.0,2013,4
Kisii,2013-07-01,0.9995810852329328,0.0,0.0,0.0,0.0,0.9995810852329328,1.0,0.0,0.0,0.0,0.0,1,Minimal,0.0,1.0,2013,7
Kisii,2013-10-01,0.9995810852329328,0.0,0.0,0.0,0.0,0.9995810852329328,1.0,0.0,0.0,0.0,0.0,1,Minimal,0.0,1.0,2013,10
Kisii,2014-01-01,0.9995810852329325,0.0,0.0,0.0,0.0,0.9995810852329325,1.0,0.0,0.0,0.0,0.0,1,Minimal,0.0,1.0,2014,1
Kisii,2014-04-01,0.9995810852329328,0.0,0.0,0.0,0.0,0.9995810852329328,1.0,0.0,0.0,0.0,0.0,1,Minimal,0.0,1.0,2014,4
Kisii,2014-07-01,0.9995810852329325,0.0,0.0,0.0,0.0,0.9995810852329325,1.0,0.0,0.0,0.0,0.0,1,Minimal,0.0,1.0,2014,7
Kisii,2014-10-01,0.9995810852329325,0.0,0.0,0.0,0.0,0.9995810852329325,1.0,0.0,0.0,0.0,0.0,1,Minimal,0.0,1.0,2014,10
Kisii,2015-01-01,0.9995810852329328,0.0,0.0,0.0,0.0,0.9995810852329328,1.0,0.0,0.0,0.0,0.0,1,Minimal,0.0,1.0,2015,1
Kisii,2015-04-01,0.9995810852329325,0.0,0.0,0.0,0.0,0.9995810852329325,1.0,0.0,0.0,0.0,0.0,1,Minimal,0.0,1.0,2015,4
Kisii,2015-07-01,0.9995810852329325,0.0,0.0,0.0,0.0,0.9995810852329325,1.0,0.0,0.0,0.0,0.0,1,Minimal,0.0,1.0,2015,7
Kisii,2015-10-01,0.9995810852329325,0.0,0.0,0.0,0.0,0.9995810852329325,1.0,0.0,0.0,0.0,0.0,1,Minimal,0.0,1.0,2015,10
Kisii,2016-02-01,0.9995810852329328,0.0,0.0,0.0,0.0,0.9995810852329328,1.0,0.0,0.0,0.0,0.0,1,Minimal,0.0,1.0,2016,2
Kisii,2016-06-01,0.9995821721572733,0.0,0.0,0.0,0.0,0.9995821721572733,1.0,0.0,0.0,0.0,0.0,1,Minimal,0.0,1.0,2016,6
Kisii,2016-10-01,0.9995821721572733,0.0,0.0,0.0,0.0,0.9995821721572733,1.0,0.0,0.0,0.0,0.0,1,Minimal,0.0,1.0,2016,10
Kisii,2017-02-01,0.9995821721614786,0.0,0.0,0.0,0.0,0.9995821721614786,1.0,0.0,0.0,0.0,0.0,1,Minimal,0.0,1.0,2017,2
Kisii,2017-06-01,0.9995821721614786,0.0,0.0,0.0,0.0,0.9995821721614786,1.0,0.0,0.0,0.0,0.0,1,Minimal,0.0,1.0,2017,6
Kisii,2017-10-01,0.9995821721614786,0.0,0.0,0.0,0.0,0.9995821721614786,1.0,0.0,0.0,0.0,0.0,1,Minimal,0.0,1.0,2017,10
Kisii,2018-02-01,0.9995821721572733,0.0,0.0,0.0,0.0,0.9995821721572733,1.0,0.0,0.0,0.0,0.0,1,Minimal,0.0,1.0,2018,2
Kisii,2018-06-01,0.9995821721572733,0.0,0.0,0.0,0.0,0.9995821721572733,1.0,0.0,0.0,0.0,0.0,1,Minimal,0.0,1.0,2018,6
Kisii,2018-12-01,0.9995821721572733,0.0,0.0,0.0,0.0,0.9995821721572733,1.0,0.0,0.0,0.0,0.0,1,Minimal,0.0,1.0,2018,12
Kisii,2019-02-01,0.9995821721572733,0.0,0.0,0.0,0.0,0.9995821721572733,1.0,0.0,0.0,0.0,0.0,1,Minimal,0.0,1.0,2019,2
Kisii,2019-06-01,0.9995821721572733,0.0,0.0,0.0,0.0,0.9995821721572733,1.0,0.0,0.0,0.0,0.0,1,Minimal,0.0,1.0,2019,6
Kisii,2019-10-01,0.9995821721572733,0.0,0.0,0.0,0.0,0.9995821721572733,1.0,0.0,0.0,0.0,0.0,1,Minimal,0.0,1.0,2019,10
Kisii,2020-02-01,0.9995821721572733,0.0,0.0,0.0,0.0,0.9995821721572733,1.0,0.0,0.0,0.0,0.0,1,Minimal,0.0,1.0,2020,2
Kisii,2020-06-01,0.9995821721572733,0.0,0.0,0.0,0.0,0.9995821721572733,1.0,0.0,0.0,0.0,0.0,1,Minimal,0.0,1.0,2020,6
Kisii,2020-10-01,0.9995821721572733,0.0,0.0,0.0,0.0,0.9995821721572733,1.0,0.0,0.0,0.0,0.0,1,Minimal,0.0,1.0,2020,10
Kisii,2021-02-01,0.9995821721572733,0.0,0.0,0.0,0.0,0.9995821721572733,1.0,0.0,0.0,0.0,0.0,1,Minimal,0.0,1.0,2021,2
Kisii,2021-06-01,0.9995821721572733,0.0,0.0,0.0,0.0,0.9995821721572733,1.0,0.0,0.0,0.0,0.0,1,Minimal,0.0,1.0,2021,6
Kisii,2021-10-01,0.9995821721614786,0.0,0.0,0.0,0.0,0.9995821721614786,1.0,0.0,0.0,0.0,0.0,1,Minimal,0.0,1.0,2021,10
Kisii,2022-02-01,0.9995821721572733,0.0,0.0,0.0,0.0,0.9995821721572733,1.0,0.0,0.0,0.0,0.0,1,Minimal,0.0,1.0,2022,2
Kisii,2022-06-01,0.9995821721572733,0.0,0.0,0.0,0.0,0.9995821721572733,1.0,0.0,0.0,0.0,0.0,1,Minimal,0.0,1.0,2022,6
Kisii,2022-10-01,0.9995821721572733,0.0,0.0,0.0,0.0,0.9995821721572733,1.0,0.0,0.0,0.0,0.0,1,Minimal,0.0,1.0,2022,10
Kisii,2023-02-01,0.9995821721572733,0.0,0.0,0.0,0.0,0.9995821721572733,1.0,0.0,0.0,0.0,0.0,1,Minimal,0.0,1.0,2023,2
Kisii,2023-06-01,0.9995821721572733,0.0,0.0,0.0,0.0,0.9995821721572733,1.0,0.0,0.0,0.0,0.0,1,Minimal,0.0,1.0,2023,6
Kisii,2023-10-01,0.9995821721572733,0.0,0.0,0.0,0.0,0.9995821721572733,1.0,0.0,0.0,0.0,0.0,1,Minimal,0.0,1.0,2023,10
Kisii,2024-02-01,0.9995821721572733,0.0,0.0,0.0,0.0,0.9995821721572733,1.0,0.0,0.0,0.0,0.0,1,Minimal,0.0,1.0,2024,2
Kisii,2024-06-01,0.9995821721572733,0.0,0.0,0.0,0.0,0.9995821721572733,1.0,0.0,0.0,0.0,0.0,1,Minimal,0.0,1.0,2024,6
Kisii,2024-10-01,0.9995821721572733,0.0,0.0,0.0,0.0,0.9995821721572733,1.0,0.0,0.0,0.0,0.0,1,Minimal,0.0,1.0,2024,10
Kisii,2025-10-01,0.9995821721614786,0.0,0.0,0.0,0.0,0.9995821721614786,1.0,0.0,0.0,0.0,0.0,1,Minimal,0.0,1.0,2025,10
Kisii,2026-02-01,0.9995821721614786,0.0,0.0,0.0,0.0,0.9995821721614786,1.0,0.0,0.0,0.0,0.0,1,Minimal,0.0,1.0,2026,2
Kisii,2026-06-01,0.9995821721614786,0.0,0.0,0.0,0.0,0.9995821721614786,1.0,0.0,0.0,0.0,0.0,1,Minimal,0.0,1.0,2026,6
Kisumu,2011-01-01,0.7827415653954494,0.0,0.0,0.0,0.0,0.7827415653954494,1.0,0.0,0.0,0.0,0.0,1,Minimal,0.0,1.0,2011,1
Kisumu,2011-04-01,0.7827415653954494,0.0,0.0,0.0,0.0,0.7827415653954494,1.0,0.0,0.0,0.0,0.0,1,Minimal,0.0,1.0,2011,4
Kisumu,2011-07-01,0.7825715876310351,0.0,0.0,0.0,0.0,0.7825715876310351,1.0,0.0,0.0,0.0,0.0,1,Minimal,0.0,1.0,2011,7
Kisumu,2011-10-01,0.7825715876310352,0.0,0.0,0.0,0.0,0.7825715876310352,1.0,0.0,0.0,0.0,0.0,1,Minimal,0.0,1.0,2011,10
Kisumu,2012-01-01,0.7825715876310351,0.0,0.0,0.0,0.0,0.7825715876310351,1.0,0.0,0.0,0.0,0.0,1,Minimal,0.0,1.0,2012,1
Kisumu,2012-04-01,0.7825715876310351,0.0,0.0,0.0,0.0,0.7825715876310351,1.0,0.0,0.0,0.0,0.0,1,Minimal,0.0,1.0,2012,4
Kisumu,2012-07-01,0.7825715876310352,0.0,0.0,0.0,0.0,0.7825715876310352,1.0,0.0,0.0,0.0,0.0,1,Minimal,0.0,1.0,2012,7
Kisumu,2012-10-01,0.7825715876310352,0.0,0.0,0.0,0.0,0.7825715876310352,1.0,0.0,0.0,0.0,0.0,1,Minimal,0.0,1.0,2012,10
Kisumu,2013-01-01,0.7825715876310351,0.0,0.0,0.0,0.0,0.7825715876310351,1.0,0.0,0.0,0.0,0.0,1,Minimal,0.0,1.0,2013,1
Kisumu,2013-04-01,0.7825715876310351,0.0,0.0,0.0,0.0,0.7825715876310351,1.0,0.0,0.0,0.0,0.0,1,Minimal,0.0,1.0,2013,4
Kisumu,2013-07-01,0.7825715876310351,0.0,0.0,0.0,0.0,0.7825715876310351,1.0,0.0,0.0,0.0,0.0,1,Minimal,0.0,1.0,2013,7
Kisumu,2013-10-01,0.7825715876310351,0.0,0.0,0.0,0.0,0.7825715876310351,1.0,0.0,0.0,0.0,0.0,1,Minimal,0.0,1.0,2013,10
Kisumu,2014-01-01,0.7825715876310352,0.0,0.0,0.0,0.0,0.7825715876310352,1.0,0.0,0.0,0.0,0.0,1,Minimal,0.0,1.0,2014,1
Kisumu,2014-04-01,0.7825715876310352,0.0,0.0,0.0,0.0,0.7825715876310352,1.0,0.0,0.0,0.0,0.0,1,Minimal,0.0,1.0,2014,4
Kisumu,2014-07-01,0.7825715876310351,0.0,0.0,0.0,0.0,0.7825715876310351,1.0,0.0,0.0,0.0,0.0,1,Minimal,0.0,1.0,2014,7
Kisumu,2014-10-01,0.7825715876310352,0.0,0.0,0.0,0.0,0.7825715876310352,1.0,0.0,0.0,0.0,0.0,1,Minimal,0.0,1.0,2014,10
Kisumu,2015-01-01,0.7825715876310352,0.0,0.0,0.0,0.0,0.7825715876310352,1.0,0.0,0.0,0.0,0.0,1,Minimal,0.0,1.0,2015,1
Kisumu,2015-04-01,0.7825715876310352,0.0,0.0,0.0,0.0,0.7825715876310352,1.0,0.0,0.0,0.0,0.0,1,Minimal,0.0,1.0,2015,4
Kisumu,2015-07-01,0.7825715876310352,0.0,0.0,0.0,0.0,0.7825715876310352,1.0,0.0,0.0,0.0,0.0,1,Minimal,0.0,1.0,2015,7
Kisumu,2015-10-01,0.7825715876310352,0.0,0.0,0.0,0.0,0.7825715876310352,1.0,0.0,0.0,0.0,0.0,1,Minimal,0.0,1.0,2015,10
Kisumu,2016-02-01,0.7825715876310351,0.0,0.0,0.0,0.0,0.7825715876310351,1.0,0.0,0.0,0.0,0.0,1,Minimal,0.0,1.0,2016,2
Kisumu,2016-06-01,0.7829061444141885,0.0,0.0,0.0,0.0,0.7829061444141885,1.0,0.0,0.0,0.0,0.0,1,Minimal,0.0,1.0,2016,6
Kisumu,2016-10-01,0.7829061444141889,0.0,0.0,0.0,0.0,0.7829061444141889,1.0,0.0,0.0,0.0,0.0,1,Minimal,0.0,1.0,2016,10
Kisumu,2017-02-01,0.7829061444141885,0.0,0.0,0.0,0.0,0.7829061444141885,1.0,0.0,0.0,0.0,0.0,1,Minimal,0.0,1.0,2017,2
Kisumu,2017-06-01,0.7828704819079876,3.663588272853341e-05,0.0,0.0,0.0,0.7829071177907161,0.9999532053267929,4.679467320710549e-05,0.0,0.0,0.0,1,Minimal,0.0,1.000046794673207,2017,6
Kisumu,2017-10-01,0.7829061444141889,0.0,0.0,0.0,0.0,0.7829061444141889,1.0,0.0,0.0,0.0,0.0,1,Minimal,0.0,1.0,2017,10
Kisumu,2018-02-01,0.782906144414189,0.0,0.0,0.0,0.0,0.782906144414189,1.0,0.0,0.0,0.0,0.0,1,Minimal,0.0,1.0,2018,2
Kisumu,2018-06-01,0.7829061444141889,0.0,0.0,0.0,0.0,0.7829061444141889,1.0,0.0,0.0,0.0,0.0,1,Minimal,0.0,1.0,2018,6
Kisumu,2018-12-01,0.782906144414189,0.0,0.0,0.0,0.0,0.782906144414189,1.0,0.0,0.0,0.0,0.0,1,Minimal,0.0,1.0,2018,12
Kisumu,2019-02-01,0.7829061444141889,0.0,0.0,0.0,0.0,0.7829061444141889,1.0,0.0,0.0,0.0,0.0,1,Minimal,0.0,1.0,2019,2
Kisumu,2019-06-01,0.7829061444141889,0.0,0.0,0.0,0.0,0.7829061444141889,1.0,0.0,0.0,0.0,0.0,1,Minimal,0.0,1.0,2019,6
Kisumu,2019-10-01,0.782906144414189,0.0,0.0,0.0,0.0,0.782906144414189,1.0,0.0,0.0,0.0,0.0,1,Minimal,0.0,1.0,2019,10
Kisumu,2020-02-01,0.7829061444141889,0.0,0.0,0.0,0.0,0.7829061444141889,1.0,0.0,0.0,0.0,0.0,1,Minimal,0.0,1.0,2020,2
Kisumu,2020-06-01,0.7829061444141889,0.0,0.0,0.0,0.0,0.7829061444141889,1.0,0.0,0.0,0.0,0.0,1,Minimal,0.0,1.0,2020,6
Kisumu,2020-10-01,0.7829061444141889,0.0,0.0,0.0,0.0,0.7829061444141889,1.0,0.0,0.0,0.0,0.0,1,Minimal,0.0,1.0,2020,10
Kisumu,2021-02-01,0.7829061444141889,0.0,0.0,0.0,0.0,0.7829061444141889,1.0,0.0,0.0,0.0,0.0,1,Minimal,0.0,1.0,2021,2
Kisumu,2021-06-01,0.7829061444141889,0.0,0.0,0.0,0.0,0.7829061444141889,1.0,0.0,0.0,0.0,0.0,1,Minimal,0.0,1.0,2021,6
Kisumu,2021-10-01,0.7829061444141889,0.0,0.0,0.0,0.0,0.7829061444141889,1.0,0.0,0.0,0.0,0.0,1,Minimal,0.0,1.0,2021,10
Kisumu,2022-02-01,0.7829061444141889,0.0,0.0,0.0,0.0,0.7829061444141889,1.0,0.0,0.0,0.0,0.0,1,Minimal,0.0,1.0,2022,2
Kisumu,2022-06-01,0.7829061444141889,0.0,0.0,0.0,0.0,0.7829061444141889,1.0,0.0,0.0,0.0,0.0,1,Minimal,0.0,1.0,2022,6
Kisumu,2022-10-01,0.7829061444141889,0.0,0.0,0.0,0.0,0.7829061444141889,1.0,0.0,0.0,0.0,0.0,1,Minimal,0.0,1.0,2022,10
Kisumu,2023-02-01,0.7829061444141889,0.0,0.0,0.0,0.0,0.7829061444141889,1.0,0.0,0.0,0.0,0.0,1,Minimal,0.0,1.0,2023,2
Kisumu,2023-06-01,0.7829061444141889,0.0,0.0,0.0,0.0,0.7829061444141889,1.0,0.0,0.0,0.0,0.0,1,Minimal,0.0,1.0,2023,6
Kisumu,2023-10-01,0.7829061444141889,0.0,0.0,0.0,0.0,0.7829061444141889,1.0,0.0,0.0,0.0,0.0,1,Minimal,0.0,1.0,2023,10
Kisumu,2024-02-01,0.7829061444141889,0.0,0.0,0.0,0.0,0.7829061444141889,1.0,0.0,0.0,0.0,0.0,1,Minimal,0.0,1.0,2024,2
Kisumu,2024-06-01,0.7829061444141889,0.0,0.0,0.0,0.0,0.7829061444141889,1.0,0.0,0.0,0.0,0.0,1,Minimal,0.0,1.0,2024,6
Kisumu,2024-10-01,0.7829061444141889,0.0,0.0,0.0,0.0,0.7829061444141889,1.0,0.0,0.0,0.0,0.0,1,Minimal,0.0,1.0,2024,10
Kisumu,2025-10-01,0.7829061444141885,0.0,0.0,0.0,0.0,0.7829061444141885,1.0,0.0,0.0,0.0,0.0,1,Minimal,0.0,1.0,2025,10
Kisumu,2026-02-01,0.7829061444141885,0.0,0.0,0.0,0.0,0.7829061444141885,1.0,0.0,0.0,0.0,0.0,1,Minimal,0.0,1.0,2026,2
Kisumu,2026-06-01,0.7829061444141885,0.0,0.0,0.0,0.0,0.7829061444141885,1.0,0.0,0.0,0.0,0.0,1,Minimal,0.0,1.0,2026,6
Kitui,2011-01-01,0.0,0.9999941226566244,0.0,0.0,0.0,0.9999941226566244,0.0,1.0,0.0,0.0,0.0,2,Stressed,0.0,2.0,2011,1
Kitui,2011-04-01,0.0,0.9999941226566241,0.0,0.0,0.0,0.9999941226566241,0.0,1.0,0.0,0.0,0.0,2,Stressed,0.0,2.0,2011,4
Kitui,2011-07-01,0.03966019253184907,0.12738951615225247,0.8328579355131299,5.431387558716654e-05,0.0,0.9999619580728186,0.03966170133940331,0.1273943624793132,0.8328896202394132,5.431594187027196e-05,0.0,3,Crisis,0.8329439361812834,2.7933365507837498,2011,7
Kitui,2011-10-01,6.529210560381044e-05,0.1611364462666492,0.5651055119873326,0.2736642072822733,0.0,0.9999714576418588,6.529396924766517e-05,0.1611410456120843,0.5651216418916288,0.2736720185270393,0.0,3,Crisis,0.8387936604186681,3.1124003849764605,2011,10
Kitui,2012-01-01,6.529210560381044e-05,0.7263422959637028,0.2735511502207899,0.0,0.0,0.9999587382900965,6.529479977889712e-05,0.7263722673254791,0.273562437874742,0.0,0.0,2,Stressed,0.273562437874742,2.273497143074963,2012,1
Kitui,2012-04-01,0.13381571438234507,0.8229352564904754,0.043208722157748694,0.0,0.0,0.9999596930305692,0.13382110830566674,0.8229684278537394,0.04321046384059381,0.0,0.0,2,Stressed,0.04321046384059381,1.9093893555349268,2012,4
Kitui,2012-07-01,0.13381571438234507,0.8661454881673764,0.0,0.0,0.0,0.9999612025497214,0.13382090629230317,0.8661790937076969,0.0,0.0,0.0,2,Stressed,0.0,1.866179093707697,2012,7
Kitui,2012-10-01,0.13426176592351757,0.09188707687289663,0.77382071415981,0.0,0.0,0.9999695569562242,0.13426585338476976,0.0918898742803619,0.7738442723348683,0.0,0.0,3,Crisis,0.7738442723348683,2.6395784189500984,2012,10
Kitui,2013-01-01,0.05740084330873687,0.40678282118802067,0.5357742420626928,0.0,0.0,0.9999579065594503,0.0574032596094326,0.40679994479731263,0.5357967955932548,0.0,0.0,3,Crisis,0.5357967955932548,2.4783935359838223,2013,1
Kitui,2013-04-01,0.05740084330873687,0.9425483052006717,0.0,0.0,0.0,0.9999491485094085,0.05740376237561923,0.9425962376243808,0.0,0.0,0.0,2,Stressed,0.0,1.9425962376243808,2013,4
Kitui,2013-07-01,0.0,0.9999446956295781,0.0,0.0,0.0,0.9999446956295781,0.0,1.0,0.0,0.0,0.0,2,Stressed,0.0,2.0,2013,7
Kitui,2013-10-01,0.0,0.9999446956295781,0.0,0.0,0.0,0.9999446956295781,0.0,1.0,0.0,0.0,0.0,2,Stressed,0.0,2.0,2013,10
Kitui,2014-01-01,0.0,0.9999446956295781,0.0,0.0,0.0,0.9999446956295781,0.0,1.0,0.0,0.0,0.0,2,Stressed,0.0,2.0,2014,1
Kitui,2014-04-01,0.0020993046661341346,0.9978486096530337,0.0,0.0,0.0,0.9999479143191679,0.0020994140155424826,0.9979005859844575,0.0,0.0,0.0,2,Stressed,0.0,1.9979005859844576,2014,4
Kitui,2014-07-01,0.00422510751225633,0.9957201837045565,0.0,0.0,0.0,0.9999452912168129,0.004225338675393814,0.9957746613246061,0.0,0.0,0.0,2,Stressed,0.0,1.9957746613246061,2014,7
Kitui,2014-10-01,0.004670203286932747,0.9952750888573181,0.0,0.0,0.0,0.9999452921442509,0.004670458797718935,0.995329541202281,0.0,0.0,0.0,2,Stressed,0.0,1.995329541202281,2014,10
Kitui,2015-01-01,0.0035099862855789707,0.9964356239773848,0.0,0.0,0.0,0.9999456102629638,0.003510177203194003,0.996489822796806,0.0,0.0,0.0,2,Stressed,0.0,1.996489822796806,2015,1
Kitui,2015-04-01,0.005355310649246545,0.9945911481454588,0.0,0.0,0.0,0.9999464587947053,0.005355597394386113,0.9946444026056139,0.0,0.0,0.0,2,Stressed,0.0,1.994644402605614,2015,4
Kitui,2015-07-01,0.00488108321659708,0.9950648696348625,0.0,0.0,0.0,0.9999459528514596,0.004881347039485601,0.9951186529605144,0.0,0.0,0.0,2,Stressed,0.0,1.9951186529605143,2015,7
Kitui,2015-10-01,0.10911253835822823,0.8908465276951276,0.0,0.0,0.0,0.9999590660533558,0.10911700494788674,0.8908829950521133,0.0,0.0,0.0,2,Stressed,0.0,1.8908829950521133,2015,10
Kitui,2016-02-01,0.9999446956295781,0.0,0.0,0.0,0.0,0.9999446956295781,1.0,0.0,0.0,0.0,0.0,1,Minimal,0.0,1.0,2016,2
Kitui,2016-06-01,0.9997078074372561,0.0003057286848598045,0.0,0.0,0.0,1.0000135361221159,0.999694275453465,0.0003057245465350088,0.0,0.0,0.0,1,Minimal,0.0,1.000305724546535,2016,6
Kitui,2016-10-01,0.2622661767402346,0.737452730015728,0.00030175091657921887,0.0,0.0,1.000020657672542,0.2622607590433537,0.7374374962734098,0.0003017446832363613,0.0,0.0,2,Stressed,0.0003017446832363613,1.7380409856398824,2016,10
Kitui,2017-02-01,0.0,0.9997078428797507,0.00030568221250230004,0.0,0.0,1.000013525092253,0.0,0.9996943219218218,0.00030567807817809294,0.0,0.0,2,Stressed,0.00030567807817809294,2.000305678078178,2017,2
Kitui,2017-06-01,0.0,0.8128928945436033,0.18708941164350992,0.0,0.0,0.9999823061871131,0.0,0.8129072779728741,0.18709272202712596,0.0,0.0,2,Stressed,0.18709272202712596,2.187092722027126,2017,6
Kitui,2017-10-01,0.06090453015656159,0.9387616988673475,0.0003494146769233394,0.0,0.0,1.0000156437008325,0.060903577399217125,0.9387470133899126,0.0003494092108701764,0.0,0.0,2,Stressed,0.0003494092108701764,1.9394458318116528,2017,10
Kitui,2018-02-01,0.0005524266264647634,0.999155858445584,0.0003056822125035953,0.0,0.0,1.0000139672845523,0.000552418910672646,0.9991419031463146,0.0003056779430127839,0.0,0.0,2,Stressed,0.0003056779430127839,1.9997532590323401,2018,2
Kitui,2018-06-01,0.9999700923105775,3.931295924321844e-06,0.0,0.0,0.0,0.9999740236065019,0.9999960686019521,3.931398047864533e-06,0.0,0.0,0.0,1,Minimal,0.0,1.0000039313980478,2018,6
Kitui,2018-12-01,0.9996034942360816,0.00041030860112876993,0.0,0.0,0.0,1.0000138028372103,0.999589697062216,0.00041030293778411276,0.0,0.0,0.0,1,Minimal,0.0,1.0004103029377842,2018,12
Kitui,2019-02-01,0.12807247096067798,0.8719082251066524,0.0,0.0,0.0,0.9999806960673304,0.1280749433107603,0.8719250566892397,0.0,0.0,0.0,2,Stressed,0.0,1.8719250566892396,2019,2
Kitui,2019-06-01,0.0005524266264647634,0.9991597897415085,0.0003017509165781056,0.0,0.0,1.0000139672845514,0.0005524189106726465,0.9991458343873313,0.00030174670199605637,0.0,0.0,2,Stressed,0.00030174670199605637,1.9997493277913234,2019,6
Kitui,2019-10-01,0.0005524266264647634,0.09594782268114457,0.9034749880275301,0.0,0.0,0.9999752373351395,0.0005524403063589252,0.09595019866375738,0.9034973610298836,0.0,0.0,3,Crisis,0.9034973610298836,2.9029449207235247,2019,10
Kitui,2020-02-01,0.9996640158915341,0.0003494611492784597,0.0,0.0,0.0,1.0000134770408124,0.9996505435603603,0.00034945643963976047,0.0,0.0,0.0,1,Minimal,0.0,1.0003494564396398,2020,2
Kitui,2020-06-01,0.9996640158915341,0.0003494611492784597,0.0,0.0,0.0,1.0000134770408124,0.9996505435603603,0.00034945643963976047,0.0,0.0,0.0,1,Minimal,0.0,1.0003494564396398,2020,6
Kitui,2020-10-01,0.0005524266264647634,0.9994220281424853,0.0,0.0,0.0,0.99997445476895,0.0005524407386910747,0.999447559261309,0.0,0.0,0.0,2,Stressed,0.0,1.999447559261309,2020,10
Kitui,2021-02-01,0.09624357485254334,0.9037308334440638,4.647235641558883e-08,0.0,0.0,0.9999744547689635,0.09624603347970492,0.9037539200467515,4.6473543592997e-08,0.0,0.0,2,Stressed,4.6473543592997e-08,1.9037540129938386,2021,2
Kitui,2021-06-01,0.0005524266264647634,0.9994219816701297,4.647235641558883e-08,0.0,0.0,0.9999744547689509,0.0005524407386910742,0.9994475127877654,4.647354359299758e-08,0.0,0.0,2,Stressed,4.647354359299758e-08,1.9994476057348527,2021,6
Kitui,2021-10-01,0.0005524266264647634,0.9991120204275055,0.0003494611492795486,0.0,0.0,1.0000139082032498,0.0005524189433098208,0.9990981247677198,0.0003494562889704547,0.0,0.0,2,Stressed,0.0003494562889704547,1.9997970373456608,2021,10
Kitui,2022-02-01,0.0005524266264647634,0.2822777218212625,0.717189705904059,0.0,0.0,1.0000198543517862,0.0005524156586099451,0.2822721174913424,0.7171754668500476,0.0,0.0,3,Crisis,0.7171754668500476,2.7166230511914375,2022,2
Kitui,2022-06-01,0.0005524266264647634,0.28171701650087116,0.7177513073852083,0.0,0.0,1.0000207505125442,0.0005524151635669821,0.2817111708496866,0.7177364139867464,0.0,0.0,3,Crisis,0.7177364139867464,2.717183998823179,2022,6
Kitui,2022-10-01,0.0005524266264647634,0.09489328096552971,0.9045345433831584,0.0,0.0,0.9999802509751529,0.0005524375365673996,0.09489515505230471,0.904552407411128,0.0,0.0,3,Crisis,0.904552407411128,2.903999969874561,2022,10
Kitui,2023-02-01,0.0005524266264647634,0.0008960937108346527,0.9985294894525885,0.0,0.0,0.9999780097898878,0.0005524387747094933,0.0008961134165569671,0.9985514478087336,0.0,0.0,3,Crisis,0.9985514478087336,2.9979990090340243,2023,2
Kitui,2023-06-01,0.0005524266264647634,2.1457284011653088e-05,0.9994005708584679,0.0,0.0,0.9999744547689443,0.0005524407386910778,2.145783215693349e-05,0.999426101429152,0.0,0.0,3,Crisis,0.999426101429152,2.998873660690461,2023,6
Kitui,2023-10-01,0.0005524266264647634,0.9991120204275055,0.0003494611492784597,0.0,0.0,1.0000139082032486,0.0005524189433098215,0.9990981247677209,0.00034945628896936617,0.0,0.0,2,Stressed,0.00034945628896936617,1.9997970373456597,2023,10
Kitui,2024-02-01,0.0005738839104764166,0.9994005133562508,4.647235641558883e-08,0.0,0.0,0.9999744437390836,0.0005738985771781944,0.9994260549492777,4.64735441056077e-08,0.0,0.0,2,Stressed,4.64735441056077e-08,1.999426147896366,2024,2
Kitui,2024-06-01,0.0005738839104764166,0.9994005708584606,0.0,0.0,0.0,0.999974454768937,0.0005738985708480157,0.999426101429152,0.0,0.0,0.0,2,Stressed,0.0,1.9994261014291521,2024,6
Kitui,2024-10-01,0.0005738839104764166,0.999400570858473,0.0,0.0,0.0,0.9999744547689494,0.0005738985708480085,0.999426101429152,0.0,0.0,0.0,2,Stressed,0.0,1.9994261014291521,2024,10
Kitui,2025-10-01,0.0005524266264647634,0.9994220281424805,0.0,0.0,0.0,0.9999744547689452,0.0005524407386910773,0.999447559261309,0.0,0.0,0.0,2,Stressed,0.0,1.999447559261309,2025,10
Kitui,2026-02-01,0.0005524266264647634,0.0007887881436422639,0.9986348903247513,0.0,0.0,0.9999761050948583,0.0005524398269620251,0.0007888069921105155,0.9986587531809274,0.0,0.0,3,Crisis,0.9986587531809274,2.998106313353966,2026,2
Kitui,2026-06-01,0.0005524266264647634,0.9991120204275055,0.0003494611492795486,0.0,0.0,1.0000139082032498,0.0005524189433098208,0.9990981247677198,0.0003494562889704547,0.0,0.0,2,Stressed,0.0003494562889704547,1.9997970373456608,2026,6
Kwale,2011-01-01,0.0,0.9912685114672191,0.0,0.0,0.0,0.9912685114672191,0.0,1.0,0.0,0.0,0.0,2,Stressed,0.0,2.0,2011,1
Kwale,2011-04-01,0.0,0.9912685114672191,0.0,0.0,0.0,0.9912685114672191,0.0,1.0,0.0,0.0,0.0,2,Stressed,0.0,2.0,2011,4
Kwale,2011-07-01,0.08097677153307606,0.9102629060977374,0.0,0.0,0.0,0.9912396776308134,0.08169242349803899,0.918307576501961,0.0,0.0,0.0,2,Stressed,0.0,1.918307576501961,2011,7
Kwale,2011-10-01,6.686405668035297e-05,0.6757397151009564,0.31544238351945386,0.0,0.0,0.9912489626770906,6.745435223434843e-05,0.6817053440096114,0.3182272016381544,0.0,0.0,2,Stressed,0.3182272016381544,2.31815974728592,2011,10
Kwale,2012-01-01,6.686405668035297e-05,0.9911679892125118,0.0,0.0,0.0,0.9912348532691921,6.745531239123462e-05,0.9999325446876088,0.0,0.0,0.0,2,Stressed,0.0,1.9999325446876088,2012,1
Kwale,2012-04-01,6.686405668035297e-05,0.9911679892125118,0.0,0.0,0.0,0.9912348532691921,6.745531239123462e-05,0.9999325446876088,0.0,0.0,0.0,2,Stressed,0.0,1.9999325446876088,2012,4
Kwale,2012-07-01,6.686405668035297e-05,0.9911679892125118,0.0,0.0,0.0,0.9912348532691921,6.745531239123462e-05,0.9999325446876088,0.0,0.0,0.0,2,Stressed,0.0,1.9999325446876088,2012,7
Kwale,2012-10-01,6.686405668035297e-05,0.676108167975715,0.3150739306446954,0.0,0.0,0.9912489626770908,6.745435223434841e-05,0.6820770496946931,0.31785549595307255,0.0,0.0,2,Stressed,0.31785549595307255,2.317788041600838,2012,10
Kwale,2013-01-01,6.686405668035297e-05,0.9876814313634812,0.003486557849031034,0.0,0.0,0.9912348532691926,6.74553123912346e-05,0.9964151564142525,0.0035173882733562224,0.0,0.0,2,Stressed,0.0035173882733562224,2.0034499329609647,2013,1
Kwale,2013-04-01,6.686405668035297e-05,0.9911679892125118,0.0,0.0,0.0,0.9912348532691921,6.745531239123462e-05,0.9999325446876088,0.0,0.0,0.0,2,Stressed,0.0,1.9999325446876088,2013,4
Kwale,2013-07-01,6.686405668035297e-05,0.9911679892125118,0.0,0.0,0.0,0.9912348532691921,6.745531239123462e-05,0.9999325446876088,0.0,0.0,0.0,2,Stressed,0.0,1.9999325446876088,2013,7
Kwale,2013-10-01,6.686405668035297e-05,0.9911679892125118,0.0,0.0,0.0,0.9912348532691921,6.745531239123462e-05,0.9999325446876088,0.0,0.0,0.0,2,Stressed,0.0,1.9999325446876088,2013,10
Kwale,2014-01-01,0.43443699277768855,0.5568067979845458,0.0,0.0,0.0,0.9912437907622343,0.4382746170279872,0.5617253829720128,0.0,0.0,0.0,2,Stressed,0.0,1.5617253829720128,2014,1
Kwale,2014-04-01,0.43443699277768855,0.5568067979845458,0.0,0.0,0.0,0.9912437907622343,0.4382746170279872,0.5617253829720128,0.0,0.0,0.0,2,Stressed,0.0,1.5617253829720128,2014,4
Kwale,2014-07-01,0.12217668062594453,0.8690614150967746,0.0,0.0,0.0,0.9912380957227191,0.12325664353816486,0.8767433564618351,0.0,0.0,0.0,2,Stressed,0.0,1.876743356461835,2014,7
Kwale,2014-10-01,0.43480337983561745,0.5564404109266168,0.0,0.0,0.0,0.9912437907622342,0.4386442405871393,0.5613557594128606,0.0,0.0,0.0,2,Stressed,0.0,1.5613557594128606,2014,10
Kwale,2015-01-01,0.43443699277768855,0.5568067979845458,0.0,0.0,0.0,0.9912437907622343,0.4382746170279872,0.5617253829720128,0.0,0.0,0.0,2,Stressed,0.0,1.5617253829720128,2015,1
Kwale,2015-04-01,0.43480337983561745,0.5564404109266168,0.0,0.0,0.0,0.9912437907622342,0.4386442405871393,0.5613557594128606,0.0,0.0,0.0,2,Stressed,0.0,1.5613557594128606,2015,4
Kwale,2015-07-01,0.43480337983561745,0.5564404109266168,0.0,0.0,0.0,0.9912437907622342,0.4386442405871393,0.5613557594128606,0.0,0.0,0.0,2,Stressed,0.0,1.5613557594128606,2015,7
Kwale,2015-10-01,0.7463817481671624,0.2448540114410715,0.0,0.0,0.0,0.991235759608234,0.7529810551448979,0.247018944855102,0.0,0.0,0.0,1,Minimal,0.0,1.247018944855102,2015,10
Kwale,2016-02-01,0.9912318048620203,0.0,0.0,0.0,0.0,0.9912318048620203,1.0,0.0,0.0,0.0,0.0,1,Minimal,0.0,1.0,2016,2
Kwale,2016-06-01,0.9912639533016693,0.0,0.0,0.0,0.0,0.9912639533016693,1.0,0.0,0.0,0.0,0.0,1,Minimal,0.0,1.0,2016,6
Kwale,2016-10-01,0.21790311435624546,0.773367516243183,0.0,0.0,0.0,0.9912706305994284,0.2198220219885642,0.7801779780114358,0.0,0.0,0.0,2,Stressed,0.0,1.780177978011436,2016,10
Kwale,2017-02-01,0.00028547469401815374,0.9899603123993588,0.0010185379203908882,0.0,0.0,0.9912643250137678,0.00028799048529683414,0.9986844955664163,0.0010275139482869432,0.0,0.0,2,Stressed,0.0010275139482869432,2.00073952346299,2017,2
Kwale,2017-06-01,0.00028547469401815374,0.9893699834291164,0.0016100061012474522,0.0,0.0,0.9912654642243821,0.00028799015432412353,0.9980878171754437,0.0016241926702320907,0.0,0.0,2,Stressed,0.0016241926702320907,2.001336202515908,2017,6
Kwale,2017-10-01,0.06602347320889485,0.925242439669599,0.0,0.0,0.0,0.9912659128784937,0.06660520890622797,0.9333947910937721,0.0,0.0,0.0,2,Stressed,0.0,1.933394791093772,2017,10
Kwale,2018-02-01,0.9873984661772356,0.003870553783359859,0.0,0.0,0.0,0.9912690199605955,0.9960953548376669,0.003904645162333147,0.0,0.0,0.0,1,Minimal,0.0,1.0039046451623332,2018,2
Kwale,2018-06-01,0.9912639533016693,0.0,0.0,0.0,0.0,0.9912639533016693,1.0,0.0,0.0,0.0,0.0,1,Minimal,0.0,1.0,2018,6
Kwale,2018-12-01,0.9912639533016687,0.0,0.0,0.0,0.0,0.9912639533016687,1.0,0.0,0.0,0.0,0.0,1,Minimal,0.0,1.0,2018,12
Kwale,2019-02-01,0.2184942867087901,0.77277689148043,0.0,0.0,0.0,0.9912711781892202,0.2204182785864097,0.7795817214135903,0.0,0.0,0.0,2,Stressed,0.0,1.7795817214135903,2019,2
Kwale,2019-06-01,0.00028547469401815374,0.990978478607651,0.0,0.0,0.0,0.9912639533016692,0.00028799059328981356,0.9997120094067101,0.0,0.0,0.0,2,Stressed,0.0,1.99971200940671,2019,6
Kwale,2019-10-01,0.00028547469401815374,0.990978478607651,0.0,0.0,0.0,0.9912639533016692,0.00028799059328981356,0.9997120094067101,0.0,0.0,0.0,2,Stressed,0.0,1.99971200940671,2019,10
Kwale,2020-02-01,0.0035661368636292646,0.9877016389993237,0.0,0.0,0.0,0.991267775862953,0.003597551489580852,0.9964024485104191,0.0,0.0,0.0,2,Stressed,0.0,1.996402448510419,2020,2
Kwale,2020-06-01,0.0032806621696111105,0.9879871136933418,0.0,0.0,0.0,0.9912677758629529,0.0033095620068503834,0.9966904379931496,0.0,0.0,0.0,2,Stressed,0.0,1.9966904379931496,2020,6
Kwale,2020-10-01,0.00028547469401815374,0.990978478607651,0.0,0.0,0.0,0.9912639533016692,0.00028799059328981356,0.9997120094067101,0.0,0.0,0.0,2,Stressed,0.0,1.99971200940671,2020,10
Kwale,2021-02-01,0.003697041168591449,0.9875707346943616,0.0,0.0,0.0,0.9912677758629531,0.003729608949885384,0.9962703910501146,0.0,0.0,0.0,2,Stressed,0.0,1.9962703910501145,2021,2
Kwale,2021-06-01,0.00041637899898033803,0.9908475743026889,0.0,0.0,0.0,0.9912639533016693,0.0004200485628408827,0.999579951437159,0.0,0.0,0.0,2,Stressed,0.0,1.999579951437159,2021,6
Kwale,2021-10-01,0.00028547469401815374,0.9909784786076504,0.0,0.0,0.0,0.9912639533016686,0.0002879905932898137,0.9997120094067101,0.0,0.0,0.0,2,Stressed,0.0,1.99971200940671,2021,10
Kwale,2022-02-01,0.00028547469401815374,0.9909784786076511,0.0,0.0,0.0,0.9912639533016693,0.0002879905932898135,0.9997120094067101,0.0,0.0,0.0,2,Stressed,0.0,1.99971200940671,2022,2
Kwale,2022-06-01,0.00028547469401815374,0.9909784786076511,0.0,0.0,0.0,0.9912639533016693,0.0002879905932898135,0.9997120094067101,0.0,0.0,0.0,2,Stressed,0.0,1.99971200940671,2022,6
Kwale,2022-10-01,0.00028547469401815374,0.9909784786076511,0.0,0.0,0.0,0.9912639533016693,0.0002879905932898135,0.9997120094067101,0.0,0.0,0.0,2,Stressed,0.0,1.99971200940671,2022,10
Kwale,2023-02-01,0.00028547469401815374,0.9909784786076504,0.0,0.0,0.0,0.9912639533016686,0.0002879905932898137,0.9997120094067101,0.0,0.0,0.0,2,Stressed,0.0,1.99971200940671,2023,2
Kwale,2023-06-01,0.00028547469401815374,0.9909784786076504,0.0,0.0,0.0,0.9912639533016686,0.0002879905932898137,0.9997120094067101,0.0,0.0,0.0,2,Stressed,0.0,1.99971200940671,2023,6
Kwale,2023-10-01,0.00028547469401815374,0.9909784786076511,0.0,0.0,0.0,0.9912639533016693,0.0002879905932898135,0.9997120094067101,0.0,0.0,0.0,2,Stressed,0.0,1.99971200940671,2023,10
Kwale,2024-02-01,0.003566136863629264,0.9877016389993232,0.0,0.0,0.0,0.9912677758629524,0.0035975514895808533,0.9964024485104191,0.0,0.0,0.0,2,Stressed,0.0,1.9964024485104193,2024,2
Kwale,2024-06-01,0.003566136863629264,0.9877016389993237,0.0,0.0,0.0,0.991267775862953,0.0035975514895808516,0.9964024485104191,0.0,0.0,0.0,2,Stressed,0.0,1.996402448510419,2024,6
Kwale,2024-10-01,0.003566136863629264,0.9877016389993237,0.0,0.0,0.0,0.991267775862953,0.0035975514895808516,0.9964024485104191,0.0,0.0,0.0,2,Stressed,0.0,1.996402448510419,2024,10
Kwale,2025-10-01,0.00028547469401815374,0.990978478607651,0.0,0.0,0.0,0.9912639533016692,0.00028799059328981356,0.9997120094067101,0.0,0.0,0.0,2,Stressed,0.0,1.99971200940671,2025,10
Kwale,2026-02-01,0.00028547469401815374,0.9909784786076511,0.0,0.0,0.0,0.9912639533016693,0.0002879905932898135,0.9997120094067101,0.0,0.0,0.0,2,Stressed,0.0,1.99971200940671,2026,2
Kwale,2026-06-01,0.00028547469401815374,0.9909784786076504,0.0,0.0,0.0,0.9912639533016686,0.0002879905932898137,0.9997120094067101,0.0,0.0,0.0,2,Stressed,0.0,1.99971200940671,2026,6
Laikipia,2011-01-01,0.002911700298514581,0.9933906773883675,0.003701411925170002,0.0,0.0,1.0000037896120522,0.0029116892643418525,0.9933869128373501,0.0037013978983079167,0.0,0.0,2,Stressed,0.0037013978983079167,2.000789708633966,2011,1
Laikipia,2011-04-01,0.002911700298514581,0.9933906773883675,0.003701411925170002,0.0,0.0,1.0000037896120522,0.0029116892643418525,0.9933869128373501,0.0037013978983079167,0.0,0.0,2,Stressed,0.0037013978983079167,2.000789708633966,2011,4
Laikipia,2011-07-01,0.002896136866883317,0.9933017855479427,0.003769726072914045,0.0,0.0,0.99996764848774,0.0028962305643219265,0.9933339214024792,0.0037698480331989095,0.0,0.0,2,Stressed,0.0037698480331989095,2.0008736174688773,2011,7
Laikipia,2011-10-01,0.0011571894832314187,0.4703415544434683,0.5284780325411805,0.0,0.0,0.9999767764678802,0.0011572163578826755,0.4703524776893416,0.5284903059527758,0.0,0.0,3,Crisis,0.5284903059527758,2.5273330895948933,2011,10
Laikipia,2012-01-01,0.0011571894832314187,0.9988068919804061,0.0,0.0,0.0,0.9999640814636375,0.001157231049276942,0.9988427689507231,0.0,0.0,0.0,2,Stressed,0.0,1.998842768950723,2012,1
Laikipia,2012-04-01,0.3447683586356752,0.6552033398460584,0.0,0.0,0.0,0.9999716984817335,0.3447781163798338,0.6552218836201663,0.0,0.0,0.0,2,Stressed,0.0,1.6552218836201664,2012,4
Laikipia,2012-07-01,0.3447683586356752,0.6552033398460584,0.0,0.0,0.0,0.9999716984817335,0.3447781163798338,0.6552218836201663,0.0,0.0,0.0,2,Stressed,0.0,1.6552218836201664,2012,7
Laikipia,2012-10-01,0.3447683586356752,0.6552033398460584,0.0,0.0,0.0,0.9999716984817335,0.3447781163798338,0.6552218836201663,0.0,0.0,0.0,2,Stressed,0.0,1.6552218836201664,2012,10
Laikipia,2013-01-01,0.3447683586356752,0.6552033398460584,0.0,0.0,0.0,0.9999716984817335,0.3447781163798338,0.6552218836201663,0.0,0.0,0.0,2,Stressed,0.0,1.6552218836201664,2013,1
Laikipia,2013-04-01,0.3447683586356752,0.6552033398460584,0.0,0.0,0.0,0.9999716984817335,0.3447781163798338,0.6552218836201663,0.0,0.0,0.0,2,Stressed,0.0,1.6552218836201664,2013,4
Laikipia,2013-07-01,0.3447683586356752,0.6552033398460584,0.0,0.0,0.0,0.9999716984817335,0.3447781163798338,0.6552218836201663,0.0,0.0,0.0,2,Stressed,0.0,1.6552218836201664,2013,7
Laikipia,2013-10-01,0.3447683586356752,0.6552033398460584,0.0,0.0,0.0,0.9999716984817335,0.3447781163798338,0.6552218836201663,0.0,0.0,0.0,2,Stressed,0.0,1.6552218836201664,2013,10
Laikipia,2014-01-01,0.3447683586356752,0.6552033398460584,0.0,0.0,0.0,0.9999716984817335,0.3447781163798338,0.6552218836201663,0.0,0.0,0.0,2,Stressed,0.0,1.6552218836201664,2014,1
Laikipia,2014-04-01,0.3447683586356752,0.6552033398460584,0.0,0.0,0.0,0.9999716984817335,0.3447781163798338,0.6552218836201663,0.0,0.0,0.0,2,Stressed,0.0,1.6552218836201664,2014,4
Laikipia,2014-07-01,0.09269226491441265,0.9072744048706661,0.0,0.0,0.0,0.9999666697850788,0.09269535447049936,0.9073046455295006,0.0,0.0,0.0,2,Stressed,0.0,1.9073046455295006,2014,7
Laikipia,2014-10-01,0.5656661882625101,0.4342990131113871,0.0,0.0,0.0,0.9999652013738972,0.5656858733537086,0.4343141266462914,0.0,0.0,0.0,1,Minimal,0.0,1.4343141266462913,2014,10
Laikipia,2015-01-01,0.5656661882625101,0.4342990131113871,0.0,0.0,0.0,0.9999652013738972,0.5656858733537086,0.4343141266462914,0.0,0.0,0.0,1,Minimal,0.0,1.4343141266462913,2015,1
Laikipia,2015-04-01,0.09518269563155346,0.904778803859739,0.0,0.0,0.0,0.9999614994912924,0.09518636035484915,0.9048136396451508,0.0,0.0,0.0,2,Stressed,0.0,1.9048136396451507,2015,4
Laikipia,2015-07-01,0.09518269563155346,0.904778803859739,0.0,0.0,0.0,0.9999614994912924,0.09518636035484915,0.9048136396451508,0.0,0.0,0.0,2,Stressed,0.0,1.9048136396451507,2015,7
Laikipia,2015-10-01,0.09657279595334185,0.9033903762286967,0.0,0.0,0.0,0.9999631721820386,0.09657635264967661,0.9034236473503233,0.0,0.0,0.0,2,Stressed,0.0,1.9034236473503232,2015,10
Laikipia,2016-02-01,0.9967156683063254,0.0032392049758079534,0.0,0.0,0.0,0.9999548732821334,0.9967606488429063,0.0032393511570936906,0.0,0.0,0.0,1,Minimal,0.0,1.0032393511570936,2016,2
Laikipia,2016-06-01,0.9975605056830815,0.0024786931245294156,0.0,0.0,0.0,1.000039198807611,0.997521404033477,0.0024785959665229785,0.0,0.0,0.0,1,Minimal,0.0,1.002478595966523,2016,6
Laikipia,2016-10-01,0.3578966051040376,0.64209185657596,0.0,0.0,0.0,0.9999884616799977,0.35790073467724337,0.6420992653227566,0.0,0.0,0.0,2,Stressed,0.0,1.6420992653227566,2016,10
Laikipia,2017-02-01,0.0010212202421782254,0.9981140652039682,0.0008776774677127283,0.0,0.0,1.0000129629138592,0.0010212070043597954,0.9981011269050373,0.0008776660906027987,0.0,0.0,2,Stressed,0.0008776660906027987,1.9998564590862427,2017,2
Laikipia,2017-06-01,0.0010212202421782254,0.8859835586851361,0.11303667134750425,0.0,0.0,1.0000414502748185,0.0010211779140730484,0.8859468359453117,0.11303198614061544,0.0,0.0,2,Stressed,0.11303198614061544,2.1120108082265427,2017,6
Laikipia,2017-10-01,0.2983062013750884,0.14525851701580114,0.5564565075158128,0.0,0.0,1.0000212259067023,0.29829986968988503,0.14525543383751452,0.5564446964726004,0.0,0.0,3,Crisis,0.5564446964726004,2.2581448267827153,2017,10
Laikipia,2018-02-01,0.44126220154149914,0.5587264222456284,0.0,0.0,0.0,0.9999886237871276,0.44126722149134445,0.5587327785086555,0.0,0.0,0.0,2,Stressed,0.0,1.5587327785086555,2018,2
Laikipia,2018-06-01,0.9999849939485793,0.0,0.0,0.0,0.0,0.9999849939485793,1.0,0.0,0.0,0.0,0.0,1,Minimal,0.0,1.0,2018,6
Laikipia,2018-12-01,0.9356957650500818,0.06434552549134155,0.0,0.0,0.0,1.0000412905414233,0.9356571312605454,0.06434286873945456,0.0,0.0,0.0,1,Minimal,0.0,1.0643428687394545,2018,12
Laikipia,2019-02-01,0.4409927489790245,0.558996035348588,0.0,0.0,0.0,0.9999887843276125,0.440997695064696,0.559002304935304,0.0,0.0,0.0,2,Stressed,0.0,1.5590023049353041,2019,2
Laikipia,2019-06-01,0.4404266782147553,0.5587245236949284,0.0008776774677127283,0.0,0.0,1.0000288793773966,0.44041395933381294,0.558708388544521,0.0008776521216658839,0.0,0.0,2,Stressed,0.0008776521216658839,1.5604636927878526,2019,6
Laikipia,2019-10-01,0.111426834687977,0.8861461173518356,0.0024786931245294156,0.0,0.0,1.000051645164342,0.1114210803279723,0.8861003545534012,0.0024785651186265316,0.0,0.0,2,Stressed,0.0024785651186265316,1.8910574847906543,2019,10
Laikipia,2020-02-01,0.1109192351196011,0.8890659185609705,0.0,0.0,0.0,0.9999851536805716,0.11092088188644486,0.8890791181135551,0.0,0.0,0.0,2,Stressed,0.0,1.8890791181135551,2020,2
Laikipia,2020-06-01,0.9961404599961539,0.003900829736567011,0.0,0.0,0.0,1.0000412897327209,0.9960993313210001,0.0039006686789998224,0.0,0.0,0.0,1,Minimal,0.0,1.0039006686789997,2020,6
Laikipia,2020-10-01,0.11149759250860813,0.8884998477967009,0.0,0.0,0.0,0.999997440305309,0.11149787790913428,0.8885021220908658,0.0,0.0,0.0,2,Stressed,0.0,1.8885021220908658,2020,10
Laikipia,2021-02-01,0.110649622825136,0.8877607527090858,0.001601015656816687,0.0,0.0,1.0000113911910384,0.11064836240850172,0.8877506401719492,0.001600997419549229,0.0,0.0,2,Stressed,0.001600997419549229,1.8909526350110477,2021,2
Laikipia,2021-06-01,0.110649622825136,0.8877607527090858,0.001601015656816687,0.0,0.0,1.0000113911910384,0.11064836240850172,0.8877506401719492,0.001600997419549229,0.0,0.0,2,Stressed,0.001600997419549229,1.8909526350110477,2021,6
Laikipia,2021-10-01,0.30844242942427996,0.6891349358645258,0.0024786931245294156,0.0,0.0,1.0000560584133351,0.3084251396003213,0.6890963062189641,0.0024785541807146798,0.0,0.0,2,Stressed,0.0024785541807146798,1.6940534145803936,2021,10
Laikipia,2022-02-01,0.001018589054455105,0.9945570643505373,0.004479187125749055,0.0,0.0,1.0000548405307415,0.0010185331975539735,0.9945025253042259,0.004478941498220133,0.0,0.0,2,Stressed,0.004478941498220133,2.003460408300666,2022,2
Laikipia,2022-06-01,0.001018589054455105,0.9945570643505373,0.004479187125749055,0.0,0.0,1.0000548405307415,0.0010185331975539735,0.9945025253042259,0.004478941498220133,0.0,0.0,2,Stressed,0.004478941498220133,2.003460408300666,2022,6
Laikipia,2022-10-01,0.001018589054455105,0.9945570643505373,0.004479187125749055,0.0,0.0,1.0000548405307415,0.0010185331975539735,0.9945025253042259,0.004478941498220133,0.0,0.0,2,Stressed,0.004478941498220133,2.003460408300666,2022,10
Laikipia,2023-02-01,0.001018589054455105,0.9965431808017102,0.0024786931245294156,0.0,0.0,1.0000404629806947,0.001018547840973479,0.9965028593257511,0.0024785928332754525,0.0,0.0,2,Stressed,0.0024785928332754525,2.001460044992302,2023,2
Laikipia,2023-06-01,0.001018589054455105,0.11021065533279462,0.8887693011676467,0.0,0.0,0.9999985455548964,0.0010185905359391225,0.11021081562837577,0.8887705938356851,0.0,0.0,3,Crisis,0.8887705938356851,2.887752003299746,2023,6
Laikipia,2023-10-01,0.001018589054455105,0.9959730041574708,0.003023152268867007,0.0,0.0,1.0000147454807928,0.0010185740350912346,0.9959583182732182,0.0030231076916906047,0.0,0.0,2,Stressed,0.0030231076916906047,2.0020045336565997,2023,10
Laikipia,2024-02-01,0.001018589054455105,0.997393049844404,0.001601015656816687,0.0,0.0,1.0000126545556758,0.001018576164826317,0.9973804284382424,0.0016009953969313,0.0,0.0,2,Stressed,0.0016009953969313,2.000582419232105,2024,2
Laikipia,2024-06-01,0.001018589054455105,0.9989676690672333,0.0,0.0,0.0,0.9999862581216884,0.001018603051974293,0.9989813969480258,0.0,0.0,0.0,2,Stressed,0.0,1.998981396948026,2024,6
Laikipia,2024-10-01,0.001018589054455105,0.9989676690672336,0.0,0.0,0.0,0.9999862581216886,0.0010186030519742928,0.9989813969480258,0.0,0.0,0.0,2,Stressed,0.0,1.998981396948026,2024,10
Laikipia,2025-10-01,0.0007516071392186397,0.9992333868093816,0.0,0.0,0.0,0.9999849939486002,0.0007516184180432539,0.9992483815819567,0.0,0.0,0.0,2,Stressed,0.0,1.9992483815819566,2025,10
Laikipia,2026-02-01,0.0007516071392186397,0.9961679640789894,0.003093910089498117,0.0,0.0,1.0000134813077062,0.0007515970067081213,0.9961545346131854,0.0030938683801064824,0.0,0.0,2,Stressed,0.0030938683801064824,2.002342271373398,2026,2
Laikipia,2026-06-01,0.0007516071392186397,0.9962387218996206,0.003023152268867007,0.0,0.0,1.0000134813077062,0.0007515970067081213,0.9962252914799214,0.0030231115133704653,0.0,0.0,2,Stressed,0.0030231115133704653,2.0022715145066625,2026,6
Lamu,2011-01-01,0.0,0.9773563808188539,0.0,0.0,0.0,0.9773563808188539,0.0,1.0,0.0,0.0,0.0,2,Stressed,0.0,2.0,2011,1
Lamu,2011-04-01,0.0,0.9773563808188539,0.0,0.0,0.0,0.9773563808188539,0.0,1.0,0.0,0.0,0.0,2,Stressed,0.0,2.0,2011,4
Lamu,2011-07-01,0.95783219511174,0.0,0.01946190114021964,0.0,0.0,0.9772940962519596,0.9800859319473448,0.0,0.019914068052655155,0.0,0.0,1,Minimal,0.019914068052655155,1.0398281361053103,2011,7
Lamu,2011-10-01,0.0,0.9772658860263103,0.0,0.0,0.0,0.9772658860263103,0.0,1.0,0.0,0.0,0.0,2,Stressed,0.0,2.0,2011,10
Lamu,2012-01-01,0.0,0.9772658860263062,0.0,0.0,0.0,0.9772658860263062,0.0,1.0,0.0,0.0,0.0,2,Stressed,0.0,2.0,2012,1
Lamu,2012-04-01,0.0,0.9772658860263103,0.0,0.0,0.0,0.9772658860263103,0.0,1.0,0.0,0.0,0.0,2,Stressed,0.0,2.0,2012,4
Lamu,2012-07-01,0.0,0.9772658860263103,0.0,0.0,0.0,0.9772658860263103,0.0,1.0,0.0,0.0,0.0,2,Stressed,0.0,2.0,2012,7
Lamu,2012-10-01,0.0007042159371007861,0.9578321951117402,0.018757685203118848,0.0,0.0,0.9772940962519598,0.0007205772958227607,0.9800859319473448,0.019193490756832382,0.0,0.0,2,Stressed,0.019193490756832382,2.0184729134610095,2012,10
Lamu,2013-01-01,0.0,0.9772658860263062,0.0,0.0,0.0,0.9772658860263062,0.0,1.0,0.0,0.0,0.0,2,Stressed,0.0,2.0,2013,1
Lamu,2013-04-01,0.0,0.9772658860263103,0.0,0.0,0.0,0.9772658860263103,0.0,1.0,0.0,0.0,0.0,2,Stressed,0.0,2.0,2013,4
Lamu,2013-07-01,0.0,0.9772658860263103,0.0,0.0,0.0,0.9772658860263103,0.0,1.0,0.0,0.0,0.0,2,Stressed,0.0,2.0,2013,7
Lamu,2013-10-01,0.0,0.9772658860263103,0.0,0.0,0.0,0.9772658860263103,0.0,1.0,0.0,0.0,0.0,2,Stressed,0.0,2.0,2013,10
Lamu,2014-01-01,0.0,0.9772658860263103,0.0,0.0,0.0,0.9772658860263103,0.0,1.0,0.0,0.0,0.0,2,Stressed,0.0,2.0,2014,1
Lamu,2014-04-01,0.0,0.9772658860263103,0.0,0.0,0.0,0.9772658860263103,0.0,1.0,0.0,0.0,0.0,2,Stressed,0.0,2.0,2014,4
Lamu,2014-07-01,0.9578321951117397,0.01946190114021964,0.0,0.0,0.0,0.9772940962519593,0.9800859319473448,0.01991406805265516,0.0,0.0,0.0,1,Minimal,0.0,1.019914068052655,2014,7
Lamu,2014-10-01,0.9772658860263103,0.0,0.0,0.0,0.0,0.9772658860263103,1.0,0.0,0.0,0.0,0.0,1,Minimal,0.0,1.0,2014,10
Lamu,2015-01-01,0.0444556841115251,0.932838142322061,0.0,0.0,0.0,0.9772938264335861,0.04548855513981513,0.9545114448601848,0.0,0.0,0.0,2,Stressed,0.0,1.9545114448601848,2015,1
Lamu,2015-04-01,0.9772658860263103,0.0,0.0,0.0,0.0,0.9772658860263103,1.0,0.0,0.0,0.0,0.0,1,Minimal,0.0,1.0,2015,4
Lamu,2015-07-01,0.9765619399081091,0.0007042159371007861,0.0,0.0,0.0,0.9772661558452099,0.9992794021026015,0.0007205978973985133,0.0,0.0,0.0,1,Minimal,0.0,1.0007205978973985,2015,7
Lamu,2015-10-01,0.9772658860263103,0.0,0.0,0.0,0.0,0.9772658860263103,1.0,0.0,0.0,0.0,0.0,1,Minimal,0.0,1.0,2015,10
Lamu,2016-02-01,0.9772658860263103,0.0,0.0,0.0,0.0,0.9772658860263103,1.0,0.0,0.0,0.0,0.0,1,Minimal,0.0,1.0,2016,2
Lamu,2016-06-01,0.977248259021535,0.0,0.0,0.0,0.0,0.977248259021535,1.0,0.0,0.0,0.0,0.0,1,Minimal,0.0,1.0,2016,6
Lamu,2016-10-01,0.6149596886386045,0.3623464190849922,0.0,0.0,0.0,0.9773061077235967,0.6292395839733445,0.3707604160266556,0.0,0.0,0.0,1,Minimal,0.0,1.3707604160266555,2016,10
Lamu,2017-02-01,0.0,0.07073432540476635,0.9065838918215535,0.0,0.0,0.9773182172263198,0.0,0.07237594077138361,0.9276240592286165,0.0,0.0,3,Crisis,0.9276240592286165,2.9276240592286165,2017,2
Lamu,2017-06-01,0.0,0.6407656453966537,0.33655548550990333,0.0,0.0,0.977321130906557,0.0,0.6556346989062678,0.34436530109373215,0.0,0.0,2,Stressed,0.34436530109373215,2.344365301093732,2017,6
Lamu,2017-10-01,0.0,0.9757531096602047,0.0015160138649676679,0.0,0.0,0.9772691235251724,0.0,0.9984487242782222,0.001551275721777798,0.0,0.0,2,Stressed,0.001551275721777798,2.001551275721778,2017,10
Lamu,2018-02-01,0.0,0.9699521079712907,0.007362831400190599,0.0,0.0,0.9773149393714813,0.0,0.9924662653730376,0.007533734626962412,0.0,0.0,2,Stressed,0.007533734626962412,2.0075337346269624,2018,2
Lamu,2018-06-01,0.9734917480985534,0.003799130342838377,0.0,0.0,0.0,0.9772908784413918,0.9961125899907125,0.0038874100092874354,0.0,0.0,0.0,1,Minimal,0.0,1.0038874100092874,2018,6
Lamu,2018-12-01,0.014170155860854518,0.9630781031606804,0.0,0.0,0.0,0.977248259021535,0.014500057411248107,0.9854999425887518,0.0,0.0,0.0,2,Stressed,0.0,1.9854999425887518,2018,12
Lamu,2019-02-01,0.03841743082465441,0.9388308281968808,0.0,0.0,0.0,0.9772482590215352,0.03931184371013325,0.9606881562898667,0.0,0.0,0.0,2,Stressed,0.0,1.9606881562898666,2019,2
Lamu,2019-06-01,0.0,0.9772482590215351,0.0,0.0,0.0,0.9772482590215351,0.0,1.0,0.0,0.0,0.0,2,Stressed,0.0,2.0,2019,6
Lamu,2019-10-01,0.0,6.836808683928596e-06,0.9772414222128512,0.0,0.0,0.9772482590215351,0.0,6.995979395014646e-06,0.999993004020605,0.0,0.0,3,Crisis,0.999993004020605,2.9999930040206046,2019,10
Lamu,2020-02-01,0.0,0.977248259021535,0.0,0.0,0.0,0.977248259021535,0.0,1.0,0.0,0.0,0.0,2,Stressed,0.0,2.0,2020,2
Lamu,2020-06-01,0.0,0.9772482590215351,0.0,0.0,0.0,0.9772482590215351,0.0,1.0,0.0,0.0,0.0,2,Stressed,0.0,2.0,2020,6
Lamu,2020-10-01,0.0,0.977248259021535,0.0,0.0,0.0,0.977248259021535,0.0,1.0,0.0,0.0,0.0,2,Stressed,0.0,2.0,2020,10
Lamu,2021-02-01,0.0,0.9772482590215351,0.0,0.0,0.0,0.9772482590215351,0.0,1.0,0.0,0.0,0.0,2,Stressed,0.0,2.0,2021,2
Lamu,2021-06-01,0.0,0.977248259021535,0.0,0.0,0.0,0.977248259021535,0.0,1.0,0.0,0.0,0.0,2,Stressed,0.0,2.0,2021,6
Lamu,2021-10-01,0.0,0.969682396829629,0.007658531443692556,0.0,0.0,0.9773409282733215,0.0,0.992163910031658,0.007836089968341921,0.0,0.0,2,Stressed,0.007836089968341921,2.007836089968342,2021,10
Lamu,2022-02-01,0.0,0.969682396829629,0.007658531443692556,0.0,0.0,0.9773409282733215,0.0,0.992163910031658,0.007836089968341921,0.0,0.0,2,Stressed,0.007836089968341921,2.007836089968342,2022,2
Lamu,2022-06-01,0.0,0.969682396829629,0.007658531443692556,0.0,0.0,0.9773409282733215,0.0,0.992163910031658,0.007836089968341921,0.0,0.0,2,Stressed,0.007836089968341921,2.007836089968342,2022,6
Lamu,2022-10-01,0.0,0.969682396829629,0.007658531443692556,0.0,0.0,0.9773409282733215,0.0,0.992163910031658,0.007836089968341921,0.0,0.0,2,Stressed,0.007836089968341921,2.007836089968342,2022,10
Lamu,2023-02-01,0.0,0.969682396829629,0.007658531443692556,0.0,0.0,0.9773409282733215,0.0,0.992163910031658,0.007836089968341921,0.0,0.0,2,Stressed,0.007836089968341921,2.007836089968342,2023,2
Lamu,2023-06-01,0.0,0.969682396829629,0.007658531443692556,0.0,0.0,0.9773409282733215,0.0,0.992163910031658,0.007836089968341921,0.0,0.0,2,Stressed,0.007836089968341921,2.007836089968342,2023,6
Lamu,2023-10-01,0.0,0.969682396829629,0.007658531443692556,0.0,0.0,0.9773409282733215,0.0,0.992163910031658,0.007836089968341921,0.0,0.0,2,Stressed,0.007836089968341921,2.007836089968342,2023,10
Lamu,2024-02-01,0.0,0.9699521079713049,0.007362831400190599,0.0,0.0,0.9773149393714955,0.0,0.9924662653730377,0.007533734626962303,0.0,0.0,2,Stressed,0.007533734626962303,2.0075337346269624,2024,2
Lamu,2024-06-01,0.0,0.977248259021535,0.0,0.0,0.0,0.977248259021535,0.0,1.0,0.0,0.0,0.0,2,Stressed,0.0,2.0,2024,6
Lamu,2024-10-01,0.0,0.977248259021535,0.0,0.0,0.0,0.977248259021535,0.0,1.0,0.0,0.0,0.0,2,Stressed,0.0,2.0,2024,10
Lamu,2025-10-01,0.0,0.977248259021535,0.0,0.0,0.0,0.977248259021535,0.0,1.0,0.0,0.0,0.0,2,Stressed,0.0,2.0,2025,10
Lamu,2026-02-01,0.0,0.0,0.9772482590215351,0.0,0.0,0.9772482590215351,0.0,0.0,1.0,0.0,0.0,3,Crisis,1.0,3.0,2026,2
Lamu,2026-06-01,0.0,0.969682396829629,0.007658531443692556,0.0,0.0,0.9773409282733215,0.0,0.992163910031658,0.007836089968341921,0.0,0.0,2,Stressed,0.007836089968341921,2.007836089968342,2026,6
Machakos,2011-01-01,0.0016567351534303666,0.9983140565788905,0.0,0.0,0.0,0.9999707917323208,0.0016567835452076414,0.9983432164547924,0.0,0.0,0.0,2,Stressed,0.0,1.9983432164547925,2011,1
Machakos,2011-04-01,0.0016567351534303666,0.9983140565788905,0.0,0.0,0.0,0.9999707917323208,0.0016567835452076414,0.9983432164547924,0.0,0.0,0.0,2,Stressed,0.0,1.9983432164547925,2011,4
Machakos,2011-07-01,0.9905534010189994,0.009346735582630857,0.0,0.0,0.0,0.9999001366016302,0.9906523309273687,0.009347669072631286,0.0,0.0,0.0,1,Minimal,0.0,1.0093476690726313,2011,7
Machakos,2011-10-01,0.0007588555579013475,0.15175898102686308,0.5835129732446869,0.2639381309537923,0.0,0.9999689407832435,0.0007588791280926789,0.15176369468835219,0.5835310972635209,0.26394632892003433,0.0,3,Crisis,0.8474774261835553,3.110664875975497,2011,10
Machakos,2012-01-01,0.0007588555579013475,0.8220588328026376,0.17708157943815,0.0,0.0,0.9998992677986889,0.0007589320067930373,0.822141648940725,0.17709941905248208,0.0,0.0,2,Stressed,0.17709941905248208,2.1763404870456893,2012,1
Machakos,2012-04-01,0.22703655432811828,0.7728929880381014,0.0,0.0,0.0,0.9999295423662197,0.2270525519136699,0.7729474480863301,0.0,0.0,0.0,2,Stressed,0.0,1.77294744808633,2012,4
Machakos,2012-07-01,0.22725759355340927,0.7726758580152229,0.0,0.0,0.0,0.9999334515686321,0.22727271819629796,0.7727272818037021,0.0,0.0,0.0,2,Stressed,0.0,1.772727281803702,2012,7
Machakos,2012-10-01,0.22725759355340927,0.7726758580152226,0.0,0.0,0.0,0.9999334515686319,0.227272718196298,0.772727281803702,0.0,0.0,0.0,2,Stressed,0.0,1.7727272818037019,2012,10
Machakos,2013-01-01,0.22462305963127302,0.775254719528947,0.0,0.0,0.0,0.99987777916022,0.2246505166060696,0.7753494833939304,0.0,0.0,0.0,2,Stressed,0.0,1.7753494833939305,2013,1
Machakos,2013-04-01,0.22462305963127302,0.775254719528947,0.0,0.0,0.0,0.99987777916022,0.2246505166060696,0.7753494833939304,0.0,0.0,0.0,2,Stressed,0.0,1.7753494833939305,2013,4
Machakos,2013-07-01,0.0016524911447902309,0.998182215462667,0.0,0.0,0.0,0.9998347066074573,0.0016527643358143712,0.9983472356641856,0.0,0.0,0.0,2,Stressed,0.0,1.9983472356641856,2013,7
Machakos,2013-10-01,0.0016524911447902309,0.998182215462667,0.0,0.0,0.0,0.9998347066074573,0.0016527643358143712,0.9983472356641856,0.0,0.0,0.0,2,Stressed,0.0,1.9983472356641856,2013,10
Machakos,2014-01-01,0.17167668347274936,0.8281862677234633,0.0,0.0,0.0,0.9998629511962126,0.17170021478179526,0.8282997852182048,0.0,0.0,0.0,2,Stressed,0.0,1.8282997852182048,2014,1
Machakos,2014-04-01,0.17312900199987533,0.8267428376209766,0.0,0.0,0.0,0.9998718396208519,0.17315119312243585,0.8268488068775641,0.0,0.0,0.0,2,Stressed,0.0,1.8268488068775641,2014,4
Machakos,2014-07-01,0.5369689271569924,0.4629371109811935,0.0,0.0,0.0,0.9999060381381859,0.5370193864983781,0.46298061350162195,0.0,0.0,0.0,1,Minimal,0.0,1.462980613501622,2014,7
Machakos,2014-10-01,0.5380125805755865,0.4618765810564915,0.0,0.0,0.0,0.999889161632078,0.5380722196222336,0.4619277803777664,0.0,0.0,0.0,1,Minimal,0.0,1.4619277803777664,2014,10
Machakos,2015-01-01,0.9868157752107632,0.013110307075609753,0.0,0.0,0.0,0.999926082286373,0.9868887237688285,0.013111276231171493,0.0,0.0,0.0,1,Minimal,0.0,1.0131112762311716,2015,1
Machakos,2015-04-01,0.9899508068888913,0.009971255814901627,0.0,0.0,0.0,0.9999220627037929,0.990027966991808,0.009972033008191973,0.0,0.0,0.0,1,Minimal,0.0,1.0099720330081918,2015,4
Machakos,2015-07-01,0.9868157752107632,0.013110307075609753,0.0,0.0,0.0,0.999926082286373,0.9868887237688285,0.013111276231171493,0.0,0.0,0.0,1,Minimal,0.0,1.0131112762311716,2015,7
Machakos,2015-10-01,0.9913316160561736,0.008585993549163696,0.0,0.0,0.0,0.9999176096053373,0.9914132989891512,0.008586701010848831,0.0,0.0,0.0,1,Minimal,0.0,1.008586701010849,2015,10
Machakos,2016-02-01,0.9998298141263061,0.0,0.0,0.0,0.0,0.9998298141263061,1.0,0.0,0.0,0.0,0.0,1,Minimal,0.0,1.0,2016,2
Machakos,2016-06-01,0.9999301224968773,0.0,0.0,0.0,0.0,0.9999301224968773,1.0,0.0,0.0,0.0,0.0,1,Minimal,0.0,1.0,2016,6
Machakos,2016-10-01,0.9968893863082368,0.0030407361468687065,0.0,0.0,0.0,0.9999301224551055,0.9969590513591061,0.0030409486408938826,0.0,0.0,0.0,1,Minimal,0.0,1.003040948640894,2016,10
Machakos,2017-02-01,0.004101354511227006,0.9958528002309684,0.0,0.0,0.0,0.9999541547421954,0.004101542547502493,0.9958984574524976,0.0,0.0,0.0,2,Stressed,0.0,1.9958984574524976,2017,2
Machakos,2017-06-01,0.004101354511227006,0.9955262380291126,0.0003267182102294465,0.0,0.0,0.999954310750569,0.004101541907598274,0.9955717249539805,0.00032673313842130524,0.0,0.0,2,Stressed,0.00032673313842130524,1.996225191230823,2017,6
Machakos,2017-10-01,0.9961483877863228,0.003783774539902196,0.0,0.0,0.0,0.999932162326225,0.996215968760221,0.0037840312397789946,0.0,0.0,0.0,1,Minimal,0.0,1.003784031239779,2017,10
Machakos,2018-02-01,0.9955015231264043,0.004430639191688652,0.0,0.0,0.0,0.9999321623180929,0.9955690602236282,0.004430939776371751,0.0,0.0,0.0,1,Minimal,0.0,1.0044309397763718,2018,2
Machakos,2018-06-01,0.9999301224968773,0.0,0.0,0.0,0.0,0.9999301224968773,1.0,0.0,0.0,0.0,0.0,1,Minimal,0.0,1.0,2018,6
Machakos,2018-12-01,0.9998944663568616,3.565617063875609e-05,0.0,0.0,0.0,0.9999301225275004,0.9999643413376241,3.5658662375955635e-05,0.0,0.0,0.0,1,Minimal,0.0,1.000035658662376,2018,12
Machakos,2019-02-01,0.999735719672689,0.000194402854811212,0.0,0.0,0.0,0.9999301225275002,0.9998055835598594,0.00019441644014066143,0.0,0.0,0.0,1,Minimal,0.0,1.0001944164401406,2019,2
Machakos,2019-06-01,0.994573055691205,0.005359106636517163,0.0,0.0,0.0,0.9999321623277222,0.9946405297894991,0.005359470210500886,0.0,0.0,0.0,1,Minimal,0.0,1.0053594702105009,2019,6
Machakos,2019-10-01,0.9951771526250784,0.0032626534750149552,0.0014923562262848752,0.0,0.0,0.9999321623263783,0.9952446677080202,0.003262874820852121,0.0014924574711276959,0.0,0.0,1,Minimal,0.0014924574711276959,1.0062477897631075,2019,10
Machakos,2020-02-01,0.9994303625669011,0.0005016437540592347,0.0,0.0,0.0,0.9999320063209604,0.999498322135017,0.0005016778649829677,0.0,0.0,0.0,1,Minimal,0.0,1.000501677864983,2020,2
Machakos,2020-06-01,0.9979111465483677,0.0020218195908012298,0.0,0.0,0.0,0.9999329661391689,0.99797804486974,0.002021955130260038,0.0,0.0,0.0,1,Minimal,0.0,1.00202195513026,2020,6
Machakos,2020-10-01,0.9951771526250782,0.004755009701146413,0.0,0.0,0.0,0.9999321623262246,0.9952446677081729,0.004755332291827119,0.0,0.0,0.0,1,Minimal,0.0,1.0047553322918272,2020,10
Machakos,2021-02-01,0.9951771526250784,0.004755009701146413,0.0,0.0,0.0,0.9999321623262248,0.9952446677081729,0.004755332291827118,0.0,0.0,0.0,1,Minimal,0.0,1.004755332291827,2021,2
Machakos,2021-06-01,0.9951771526250784,0.004755009701146413,0.0,0.0,0.0,0.9999321623262248,0.9952446677081729,0.004755332291827118,0.0,0.0,0.0,1,Minimal,0.0,1.004755332291827,2021,6
Machakos,2021-10-01,0.9951771526250784,0.004755009701146413,0.0,0.0,0.0,0.9999321623262248,0.9952446677081729,0.004755332291827118,0.0,0.0,0.0,1,Minimal,0.0,1.004755332291827,2021,10
Machakos,2022-02-01,0.9951771526250782,0.004755009701146413,0.0,0.0,0.0,0.9999321623262246,0.9952446677081729,0.004755332291827119,0.0,0.0,0.0,1,Minimal,0.0,1.0047553322918272,2022,2
Machakos,2022-06-01,0.9951771526265761,0.004560606846335207,0.000194402854811212,0.0,0.0,0.9999321623277225,0.99524466770818,0.004560916248276942,0.00019441604354305937,0.0,0.0,1,Minimal,0.00019441604354305937,1.004949748335363,2022,6
Machakos,2022-10-01,0.9951771526265761,0.004233888636259172,0.0005211210650406582,0.0,0.0,0.999932162327876,0.9952446677080273,0.004234175872893753,0.0005211564190789411,0.0,0.0,1,Minimal,0.0005211564190789411,1.0052764887110517,2022,10
Machakos,2023-02-01,0.9951771526250782,0.0032626534750149552,0.0014923562262848752,0.0,0.0,0.999932162326378,0.9952446677080202,0.0032628748208521213,0.001492457471127696,0.0,0.0,1,Minimal,0.001492457471127696,1.0062477897631075,2023,2
Machakos,2023-06-01,0.9951771526250782,0.0005016437540592347,0.004253365947087178,0.0,0.0,0.9999321623262246,0.9952446677081729,0.0005016777867132701,0.004253654505113849,0.0,0.0,1,Minimal,0.004253654505113849,1.009008986796941,2023,6
Machakos,2023-10-01,0.9951771526250782,0.004755009701146413,0.0,0.0,0.0,0.9999321623262246,0.9952446677081729,0.004755332291827119,0.0,0.0,0.0,1,Minimal,0.0,1.0047553322918272,2023,10
Machakos,2024-02-01,0.9951771526250784,0.004755009701146413,0.0,0.0,0.0,0.9999321623262248,0.9952446677081729,0.004755332291827118,0.0,0.0,0.0,1,Minimal,0.0,1.004755332291827,2024,2
Machakos,2024-06-01,0.9951771526250784,0.004755009701146413,0.0,0.0,0.0,0.9999321623262248,0.9952446677081729,0.004755332291827118,0.0,0.0,0.0,1,Minimal,0.0,1.004755332291827,2024,6
Machakos,2024-10-01,0.9951771526250784,0.004755009701146413,0.0,0.0,0.0,0.9999321623262248,0.9952446677081729,0.004755332291827118,0.0,0.0,0.0,1,Minimal,0.0,1.004755332291827,2024,10
Machakos,2025-10-01,0.994573055691205,0.005359106636517163,0.0,0.0,0.0,0.9999321623277222,0.9946405297894991,0.005359470210500886,0.0,0.0,0.0,1,Minimal,0.0,1.0053594702105009,2025,10
Machakos,2026-02-01,0.994573055691205,0.003542379900927941,0.0018167267357426366,0.0,0.0,0.9999321623278756,0.9946405297893465,0.0035426202240371606,0.0018168499866163279,0.0,0.0,1,Minimal,0.0018168499866163279,1.0071763201972697,2026,2
Machakos,2026-06-01,0.994573055691205,0.005359106636517163,0.0,0.0,0.0,0.9999321623277222,0.9946405297894991,0.005359470210500886,0.0,0.0,0.0,1,Minimal,0.0,1.0053594702105009,2026,6
Makueni,2011-01-01,0.0,0.9999634120593888,0.0,0.0,0.0,0.9999634120593888,0.0,1.0,0.0,0.0,0.0,2,Stressed,0.0,2.0,2011,1
Makueni,2011-04-01,0.0,0.9999634120593888,0.0,0.0,0.0,0.9999634120593888,0.0,1.0,0.0,0.0,0.0,2,Stressed,0.0,2.0,2011,4
Makueni,2011-07-01,0.1827153071887645,0.8098961461157694,0.007310998285543099,0.0,0.0,0.999922451590077,0.18272947756919605,0.809958957144999,0.007311565285805061,0.0,0.0,2,Stressed,0.007311565285805061,1.8245820877166092,2011,7
Makueni,2011-10-01,0.0,0.44748400740792277,0.5524236491191568,7.021256221870518e-05,0.0,0.9999778690892982,0.0,0.4474939108557035,0.5524358750281755,7.021411612103907e-05,0.0,3,Crisis,0.5525060891442966,2.552576303260418,2011,10
Makueni,2012-01-01,0.0,0.9998081115992575,0.0,0.0,0.0,0.9998081115992575,0.0,1.0,0.0,0.0,0.0,2,Stressed,0.0,2.0,2012,1
Makueni,2012-04-01,0.2950948066258465,0.7047629954826463,0.0,0.0,0.0,0.9998578021084927,0.29513677445287995,0.7048632255471201,0.0,0.0,0.0,2,Stressed,0.0,1.70486322554712,2012,4
Makueni,2012-07-01,0.2950948066258465,0.7047629954826463,0.0,0.0,0.0,0.9998578021084927,0.29513677445287995,0.7048632255471201,0.0,0.0,0.0,2,Stressed,0.0,1.70486322554712,2012,7
Makueni,2012-10-01,0.2950948066258464,0.48934103656097666,0.21544118735351017,0.0,0.0,0.9998770305403332,0.2951310987375891,0.48940121796431,0.215467683298101,0.0,0.0,2,Stressed,0.215467683298101,1.920336584560512,2012,10
Makueni,2013-01-01,0.2948317070670981,0.3353185070149018,0.3697344364259259,0.0,0.0,0.9998846505079257,0.2948657196780931,0.33535719029646593,0.369777090025441,0.0,0.0,3,Crisis,0.369777090025441,2.074911370347348,2013,1
Makueni,2013-04-01,0.29483170706709816,0.7050216376758699,0.0,0.0,0.0,0.999853344742968,0.29487495202898023,0.7051250479710197,0.0,0.0,0.0,2,Stressed,0.0,1.7051250479710196,2013,4
Makueni,2013-07-01,0.0,0.9998081115992575,0.0,0.0,0.0,0.9998081115992575,0.0,1.0,0.0,0.0,0.0,2,Stressed,0.0,2.0,2013,7
Makueni,2013-10-01,0.0,0.9998081115992575,0.0,0.0,0.0,0.9998081115992575,0.0,1.0,0.0,0.0,0.0,2,Stressed,0.0,2.0,2013,10
Makueni,2014-01-01,0.021667566118940062,0.9781462254305775,0.0,0.0,0.0,0.9998137915495175,0.021671601554284957,0.9783283984457151,0.0,0.0,0.0,2,Stressed,0.0,1.9783283984457152,2014,1
Makueni,2014-04-01,0.404800630963557,0.5951565424085681,0.0,0.0,0.0,0.9999571733721251,0.40481796795202757,0.5951820320479725,0.0,0.0,0.0,2,Stressed,0.0,1.5951820320479726,2014,4
Makueni,2014-07-01,0.30283631376591935,0.6971208073283321,0.0,0.0,0.0,0.9999571210942515,0.30284929961249346,0.6971507003875066,0.0,0.0,0.0,2,Stressed,0.0,1.6971507003875066,2014,7
Makueni,2014-10-01,0.32048964751674947,0.6793706141527506,0.0,0.0,0.0,0.9998602616695,0.32053443846404817,0.6794655615359518,0.0,0.0,0.0,2,Stressed,0.0,1.679465561535952,2014,10
Makueni,2015-01-01,0.1231394720645345,0.8767881876051323,0.0,0.0,0.0,0.9999276596696668,0.12314838065907138,0.8768516193409287,0.0,0.0,0.0,2,Stressed,0.0,1.8768516193409288,2015,1
Makueni,2015-04-01,0.5730742129959621,0.4267991127901711,0.0,0.0,0.0,0.9998733257861332,0.5731468159182987,0.42685318408170114,0.0,0.0,0.0,1,Minimal,0.0,1.426853184081701,2015,4
Makueni,2015-07-01,0.2891012856071697,0.7108190171047447,0.0,0.0,0.0,0.9999203027119143,0.2891243280320334,0.7108756719679666,0.0,0.0,0.0,2,Stressed,0.0,1.7108756719679667,2015,7
Makueni,2015-10-01,0.4618765302550449,0.5379701808400811,0.0,0.0,0.0,0.9998467110951259,0.461947341657157,0.5380526583428431,0.0,0.0,0.0,2,Stressed,0.0,1.5380526583428433,2015,10
Makueni,2016-02-01,0.9998081115992575,0.0,0.0,0.0,0.0,0.9998081115992575,1.0,0.0,0.0,0.0,0.0,1,Minimal,0.0,1.0,2016,2
Makueni,2016-06-01,0.9999538567854908,0.0,0.0,0.0,0.0,0.9999538567854908,1.0,0.0,0.0,0.0,0.0,1,Minimal,0.0,1.0,2016,6
Makueni,2016-10-01,0.46216038157231526,0.5377987075863795,0.0,0.0,0.0,0.9999590891586947,0.46217928971589145,0.5378207102841086,0.0,0.0,0.0,2,Stressed,0.0,1.5378207102841086,2016,10
Makueni,2017-02-01,0.0,0.9999538567848315,0.0,0.0,0.0,0.9999538567848315,0.0,1.0,0.0,0.0,0.0,2,Stressed,0.0,2.0,2017,2
Makueni,2017-06-01,0.0,0.9999538567854905,0.0,0.0,0.0,0.9999538567854905,0.0,1.0,0.0,0.0,0.0,2,Stressed,0.0,2.0,2017,6
Makueni,2017-10-01,0.05282793939605599,0.9471585356235735,0.0,0.0,0.0,0.9999864750196296,0.05282865390256302,0.9471713460974369,0.0,0.0,0.0,2,Stressed,0.0,1.947171346097437,2017,10
Makueni,2018-02-01,0.17500950989470307,0.8249452262122366,0.0,0.0,0.0,0.9999547361069397,0.1750174318650227,0.8249825681349773,0.0,0.0,0.0,2,Stressed,0.0,1.8249825681349772,2018,2
Makueni,2018-06-01,0.9999538567854905,0.0,0.0,0.0,0.0,0.9999538567854905,1.0,0.0,0.0,0.0,0.0,1,Minimal,0.0,1.0,2018,6
Makueni,2018-12-01,0.4585495370674058,0.5414078469984205,0.0,0.0,0.0,0.9999573840658262,0.4585690794171084,0.5414309205828917,0.0,0.0,0.0,2,Stressed,0.0,1.5414309205828918,2018,12
Makueni,2019-02-01,0.17636894214514381,0.8235869886823276,0.0,0.0,0.0,0.9999559308274715,0.1763767149210237,0.8236232850789763,0.0,0.0,0.0,2,Stressed,0.0,1.8236232850789764,2019,2
Makueni,2019-06-01,0.002936691864634512,0.9970354568911671,0.0,0.0,0.0,0.9999721487558016,0.0029367736574348003,0.9970632263425652,0.0,0.0,0.0,2,Stressed,0.0,1.9970632263425652,2019,6
Makueni,2019-10-01,0.002936691864634512,0.1734664189821086,0.8235694827618054,0.0,0.0,0.9999725936085485,0.0029367723509671666,0.1734711732009869,0.823592054448046,0.0,0.0,3,Crisis,0.823592054448046,2.820655282097079,2019,10
Makueni,2020-02-01,0.9990003016646357,0.0009538046026879519,0.0,0.0,0.0,0.9999541062673236,0.9990461516216496,0.0009538483783504417,0.0,0.0,0.0,1,Minimal,0.0,1.0009538483783504,2020,2
Makueni,2020-06-01,0.9990003016646266,0.0009538046026879519,0.0,0.0,0.0,0.9999541062673145,0.9990461516216496,0.0009538483783504503,0.0,0.0,0.0,1,Minimal,0.0,1.0009538483783504,2020,6
Makueni,2020-10-01,0.002936691864634512,0.997035456891167,0.0,0.0,0.0,0.9999721487558015,0.0029367736574348008,0.9970632263425652,0.0,0.0,0.0,2,Stressed,0.0,1.9970632263425652,2020,10
Makueni,2021-02-01,0.0033588801942110035,0.9966132685615903,0.0,0.0,0.0,0.9999721487558013,0.003358973745809055,0.9966410262541909,0.0,0.0,0.0,2,Stressed,0.0,1.996641026254191,2021,2
Makueni,2021-06-01,0.002936691864634512,0.997035456891167,0.0,0.0,0.0,0.9999721487558015,0.0029367736574348008,0.9970632263425652,0.0,0.0,0.0,2,Stressed,0.0,1.9970632263425652,2021,6
Makueni,2021-10-01,0.05237433931674617,0.9476109409823522,0.0,0.0,0.0,0.9999852802990984,0.052375110262703924,0.9476248897372961,0.0,0.0,0.0,2,Stressed,0.0,1.947624889737296,2021,10
Makueni,2022-02-01,0.05237433931674617,0.3668534981275855,0.5807625891914479,0.0,0.0,0.9999904266357795,0.05237484072017237,0.3668570101833608,0.5807681490964668,0.0,0.0,3,Crisis,0.5807681490964668,2.5283933083762946,2022,2
Makueni,2022-06-01,0.05237433931674617,0.23683593642236075,0.7107763946514373,0.0,0.0,0.9999866703905442,0.05237503745554068,0.23683909339497958,0.7107858691494797,0.0,0.0,3,Crisis,0.7107858691494797,2.6584108316939385,2022,6
Makueni,2022-10-01,0.05237433931674617,0.23683593642236075,0.7107763946514373,0.0,0.0,0.9999866703905442,0.05237503745554068,0.23683909339497958,0.7107858691494797,0.0,0.0,3,Crisis,0.7107858691494797,2.6584108316939385,2022,10
Makueni,2023-02-01,0.05237433931674617,0.23638233634305092,0.7112288000102159,0.0,0.0,0.9999854756700131,0.05237510002998211,0.2363857696879741,0.7112391302820438,0.0,0.0,3,Crisis,0.7112391302820438,2.6588640302520616,2023,2
Makueni,2023-06-01,0.05237433931674617,0.0009550250967932851,0.9466561653673916,0.0,0.0,0.999985529780931,0.05237509719587635,0.000955038916415625,0.946669863887708,0.0,0.0,3,Crisis,0.946669863887708,2.8942947666918317,2023,6
Makueni,2023-10-01,0.05237433931674617,0.9476109409823522,0.0,0.0,0.0,0.9999852802990984,0.052375110262703924,0.9476248897372961,0.0,0.0,0.0,2,Stressed,0.0,1.947624889737296,2023,10
Makueni,2024-02-01,0.0523755598108515,0.9476097204882472,0.0,0.0,0.0,0.9999852802990987,0.05237633077477481,0.9476236692252252,0.0,0.0,0.0,2,Stressed,0.0,1.9476236692252253,2024,2
Makueni,2024-06-01,0.0523755598108515,0.9476097204882471,0.0,0.0,0.0,0.9999852802990986,0.05237633077477482,0.9476236692252251,0.0,0.0,0.0,2,Stressed,0.0,1.9476236692252251,2024,6
Makueni,2024-10-01,0.0523755598108515,0.9476097204882471,0.0,0.0,0.0,0.9999852802990986,0.05237633077477482,0.9476236692252251,0.0,0.0,0.0,2,Stressed,0.0,1.9476236692252251,2024,10
Makueni,2025-10-01,0.002936691864634512,0.9970354568911671,0.0,0.0,0.0,0.9999721487558016,0.0029367736574348003,0.9970632263425652,0.0,0.0,0.0,2,Stressed,0.0,1.9970632263425652,2025,10
Makueni,2026-02-01,0.002936691864634512,0.0009550250967932851,0.9960806812762064,0.0,0.0,0.9999723982376342,0.002936772924742903,0.0009550514578966731,0.9961081756173604,0.0,0.0,3,Crisis,0.9961081756173604,2.9931714026926177,2026,2
Makueni,2026-06-01,0.002936691864634512,0.997035456891167,0.0,0.0,0.0,0.9999721487558015,0.0029367736574348008,0.9970632263425652,0.0,0.0,0.0,2,Stressed,0.0,1.9970632263425652,2026,6
Mandera,2011-01-01,0.0,0.0,0.9935598900285673,0.0,0.0,0.9935598900285673,0.0,0.0,1.0,0.0,0.0,3,Crisis,1.0,3.0,2011,1
Mandera,2011-04-01,0.0,0.0,0.9935598900285673,0.0,0.0,0.9935598900285673,0.0,0.0,1.0,0.0,0.0,3,Crisis,1.0,3.0,2011,4
Mandera,2011-07-01,0.0,0.0,0.41733417261409167,0.5761912532771382,0.0,0.9935254258912298,0.0,0.0,0.4200538423460347,0.5799461576539653,0.0,4,Emergency,1.0,3.579946157653965,2011,7
Mandera,2011-10-01,0.0,0.0,0.29423484422515606,0.6992848614844579,0.0,0.9935197057096139,0.0,0.0,0.2961540093610937,0.7038459906389064,0.0,4,Emergency,1.0,3.7038459906389067,2011,10
Mandera,2012-01-01,0.0,0.2942348442251561,0.6992848614844579,0.0,0.0,0.993519705709614,0.0,0.2961540093610937,0.7038459906389063,0.0,0.0,3,Crisis,0.7038459906389063,2.7038459906389063,2012,1
Mandera,2012-04-01,0.0,0.6838580528441013,0.30968316527550604,0.0,0.0,0.9935412181196073,0.0,0.6883036560258491,0.31169634397415097,0.0,0.0,2,Stressed,0.31169634397415097,2.311696343974151,2012,4
Mandera,2012-07-01,0.0,0.8012691232558105,0.19227077373980067,0.0,0.0,0.9935398969956111,0.0,0.8064790610611483,0.19352093893885172,0.0,0.0,2,Stressed,0.19352093893885172,2.193520938938852,2012,7
Mandera,2012-10-01,0.0,0.8950101455905445,0.09852533011257095,0.0,0.0,0.9935354757031154,0.0,0.9008336063260897,0.09916639367391036,0.0,0.0,2,Stressed,0.09916639367391036,2.0991663936739107,2012,10
Mandera,2013-01-01,0.0,0.9935254519233637,0.0,0.0,0.0,0.9935254519233637,0.0,1.0,0.0,0.0,0.0,2,Stressed,0.0,2.0,2013,1
Mandera,2013-04-01,0.0,0.9935104441286543,0.0,0.0,0.0,0.9935104441286543,0.0,1.0,0.0,0.0,0.0,2,Stressed,0.0,2.0,2013,4
Mandera,2013-07-01,0.0,0.9935104441286543,0.0,0.0,0.0,0.9935104441286543,0.0,1.0,0.0,0.0,0.0,2,Stressed,0.0,2.0,2013,7
Mandera,2013-10-01,0.0,0.9935104441286543,0.0,0.0,0.0,0.9935104441286543,0.0,1.0,0.0,0.0,0.0,2,Stressed,0.0,2.0,2013,10
Mandera,2014-01-01,0.0,0.9935104441286543,0.0,0.0,0.0,0.9935104441286543,0.0,1.0,0.0,0.0,0.0,2,Stressed,0.0,2.0,2014,1
Mandera,2014-04-01,0.0,0.9935104441286543,0.0,0.0,0.0,0.9935104441286543,0.0,1.0,0.0,0.0,0.0,2,Stressed,0.0,2.0,2014,4
Mandera,2014-07-01,0.0,0.9935104441286543,0.0,0.0,0.0,0.9935104441286543,0.0,1.0,0.0,0.0,0.0,2,Stressed,0.0,2.0,2014,7
Mandera,2014-10-01,0.0,0.8149934292918921,0.17852575525575254,0.0,0.0,0.9935191845476447,0.0,0.8203097051044501,0.1796902948955499,0.0,0.0,2,Stressed,0.1796902948955499,2.17969029489555,2014,10
Mandera,2015-01-01,0.0,0.9935104441286543,0.0,0.0,0.0,0.9935104441286543,0.0,1.0,0.0,0.0,0.0,2,Stressed,0.0,2.0,2015,1
Mandera,2015-04-01,0.0,0.9935104441286543,0.0,0.0,0.0,0.9935104441286543,0.0,1.0,0.0,0.0,0.0,2,Stressed,0.0,2.0,2015,4
Mandera,2015-07-01,0.0,0.9935104441286543,0.0,0.0,0.0,0.9935104441286543,0.0,1.0,0.0,0.0,0.0,2,Stressed,0.0,2.0,2015,7
Mandera,2015-10-01,0.0,0.9935104441286543,0.0,0.0,0.0,0.9935104441286543,0.0,1.0,0.0,0.0,0.0,2,Stressed,0.0,2.0,2015,10
Mandera,2016-02-01,2.835006386743053e-05,0.9934820940647867,0.0,0.0,0.0,0.9935104441286542,2.853524493373051e-05,0.9999714647550663,0.0,0.0,0.0,2,Stressed,0.0,1.9999714647550662,2016,2
Mandera,2016-06-01,0.0,0.9934829351220703,0.0,0.0,0.0,0.9934829351220703,0.0,1.0,0.0,0.0,0.0,2,Stressed,0.0,2.0,2016,6
Mandera,2016-10-01,0.0,0.9934829486429042,0.0,0.0,0.0,0.9934829486429042,0.0,1.0,0.0,0.0,0.0,2,Stressed,0.0,2.0,2016,10
Mandera,2017-02-01,0.0,0.32965196502607136,0.6638347476782024,0.0,0.0,0.9934867127042737,0.0,0.331813159462151,0.668186840537849,0.0,0.0,3,Crisis,0.668186840537849,2.668186840537849,2017,2
Mandera,2017-06-01,0.0,0.5146626532913223,0.47883008087018836,0.0,0.0,0.9934927341615107,0.0,0.5180336358732286,0.48196636412677135,0.0,0.0,2,Stressed,0.48196636412677135,2.4819663641267713,2017,6
Mandera,2017-10-01,0.0,0.40754864728595275,0.5859466497961046,0.0,0.0,0.9934952970820573,0.0,0.4102169869177463,0.5897830130822538,0.0,0.0,3,Crisis,0.5897830130822538,2.589783013082254,2017,10
Mandera,2018-02-01,0.0,0.2144789542926353,0.779017065712241,0.0,0.0,0.9934960200048764,0.0,0.21588305335292896,0.784116946647071,0.0,0.0,3,Crisis,0.784116946647071,2.784116946647071,2018,2
Mandera,2018-06-01,0.9665257206685891,0.02696248255649435,0.0,0.0,0.0,0.9934882032250835,0.9728607924392377,0.027139207560762314,0.0,0.0,0.0,1,Minimal,0.0,1.0271392075607624,2018,6
Mandera,2018-12-01,0.0,0.9934829486429023,0.0,0.0,0.0,0.9934829486429023,0.0,1.0,0.0,0.0,0.0,2,Stressed,0.0,2.0,2018,12
Mandera,2019-02-01,0.0,0.9934829486429043,0.0,0.0,0.0,0.9934829486429043,0.0,1.0,0.0,0.0,0.0,2,Stressed,0.0,2.0,2019,2
Mandera,2019-06-01,0.0,0.9934828060605362,3.174806340227239e-07,0.0,0.0,0.9934831235411702,0.0,0.9999996804368122,3.195631878386583e-07,0.0,0.0,2,Stressed,3.195631878386583e-07,2.000000319563188,2019,6
Mandera,2019-10-01,0.0,0.0,0.9934829486427996,0.0,0.0,0.9934829486427996,0.0,0.0,1.0,0.0,0.0,3,Crisis,1.0,3.0,2019,10
Mandera,2020-02-01,0.0,0.9934829486429042,0.0,0.0,0.0,0.9934829486429042,0.0,1.0,0.0,0.0,0.0,2,Stressed,0.0,2.0,2020,2
Mandera,2020-06-01,0.0,0.9667542049786689,0.02672882149977883,0.0,0.0,0.9934830264784478,0.0,0.9730958448333805,0.026904155166619422,0.0,0.0,2,Stressed,0.026904155166619422,2.026904155166619,2020,6
Mandera,2020-10-01,0.0,0.9934829486429029,0.0,0.0,0.0,0.9934829486429029,0.0,1.0,0.0,0.0,0.0,2,Stressed,0.0,2.0,2020,10
Mandera,2021-02-01,0.0,0.7859901300550625,0.2074944864985096,0.0,0.0,0.993484616553572,0.0,0.7911447414069539,0.20885525859304618,0.0,0.0,2,Stressed,0.20885525859304618,2.2088552585930463,2021,2
Mandera,2021-06-01,0.0,0.9934828060605362,3.1748063402272423e-07,0.0,0.0,0.9934831235411702,0.0,0.9999996804368122,3.195631878386586e-07,0.0,0.0,2,Stressed,3.195631878386586e-07,2.000000319563188,2021,6
Mandera,2021-10-01,0.0,0.0,0.9934829486429023,0.0,0.0,0.9934829486429023,0.0,0.0,1.0,0.0,0.0,3,Crisis,1.0,3.0,2021,10
Mandera,2022-02-01,0.0,0.0,0.993483110020438,0.0,0.0,0.993483110020438,0.0,0.0,1.0,0.0,0.0,3,Crisis,1.0,3.0,2022,2
Mandera,2022-06-01,0.0,0.0,0.9934883002876458,0.0,0.0,0.9934883002876458,0.0,0.0,1.0,0.0,0.0,3,Crisis,1.0,3.0,2022,6
Mandera,2022-10-01,0.0,0.0,0.993483110020438,0.0,0.0,0.993483110020438,0.0,0.0,1.0,0.0,0.0,3,Crisis,1.0,3.0,2022,10
Mandera,2023-02-01,0.0,0.0,0.9934829486429041,0.0,0.0,0.9934829486429041,0.0,0.0,1.0,0.0,0.0,3,Crisis,1.0,3.0,2023,2
Mandera,2023-06-01,0.0,0.0,0.993483110020438,0.0,0.0,0.993483110020438,0.0,0.0,1.0,0.0,0.0,3,Crisis,1.0,3.0,2023,6
Mandera,2023-10-01,0.0,0.0,0.9934829486429041,0.0,0.0,0.9934829486429041,0.0,0.0,1.0,0.0,0.0,3,Crisis,1.0,3.0,2023,10
Mandera,2024-02-01,0.0,0.0,0.9934829486429037,0.0,0.0,0.9934829486429037,0.0,0.0,1.0,0.0,0.0,3,Crisis,1.0,3.0,2024,2
Mandera,2024-06-01,0.0,0.9934829486429029,0.0,0.0,0.0,0.9934829486429029,0.0,1.0,0.0,0.0,0.0,2,Stressed,0.0,2.0,2024,6
Mandera,2024-10-01,0.0,0.9934829486429021,0.0,0.0,0.0,0.9934829486429021,0.0,1.0,0.0,0.0,0.0,2,Stressed,0.0,2.0,2024,10
Mandera,2025-10-01,0.0,0.00023397853734954155,0.9932543082297277,0.0,0.0,0.9934882867670772,0.0,0.00023551212476891303,0.9997644878752311,0.0,0.0,3,Crisis,0.9997644878752311,2.999764487875231,2025,10
Mandera,2026-02-01,0.0,0.0,0.9934829486429042,0.0,0.0,0.9934829486429042,0.0,0.0,1.0,0.0,0.0,3,Crisis,1.0,3.0,2026,2
Mandera,2026-06-01,0.0,0.0,0.9934829486429025,0.0,0.0,0.9934829486429025,0.0,0.0,1.0,0.0,0.0,3,Crisis,1.0,3.0,2026,6
Marsabit,2011-01-01,0.0,0.19756456046040433,0.8018889722888711,0.0,0.0,0.9994535327492755,0.0,0.19767258205286237,0.8023274179471376,0.0,0.0,3,Crisis,0.8023274179471376,2.802327417947138,2011,1
Marsabit,2011-04-01,0.0,0.0703896815152355,0.929063754430877,0.0,0.0,0.9994534359461125,0.0,0.07042817502408456,0.9295718249759154,0.0,0.0,3,Crisis,0.9295718249759154,2.9295718249759153,2011,4
Marsabit,2011-07-01,0.0,4.483624267905122e-06,0.4629804604602904,0.46715624024431535,0.0,0.9301411843288736,0.0,4.8203695777004e-06,0.4977528876912869,0.5022422919391355,0.0,4,Emergency,0.9999951796304224,3.502237471569558,2011,7
Marsabit,2011-10-01,0.00020563550204728264,0.0,0.37992751551279164,0.5500066055297831,0.0,0.930139756544622,0.00022108022004262926,0.0,0.4084628281283074,0.59131609165165,0.0,4,Emergency,0.9997789197799574,3.590873931211565,2011,10
Marsabit,2012-01-01,0.00020563550204728264,0.37992751551279164,0.5500066055297831,0.0,0.0,0.930139756544622,0.00022108022004262926,0.4084628281283074,0.59131609165165,0.0,0.0,3,Crisis,0.59131609165165,2.5910950114316074,2012,1
Marsabit,2012-04-01,0.00020563550204728264,0.4998793074515174,0.43005460939524465,0.0,0.0,0.9301395523488093,0.00022108026857691114,0.5374239878190439,0.46235493191237925,0.0,0.0,2,Stressed,0.46235493191237925,2.4621338516438023,2012,4
Marsabit,2012-07-01,0.00020563550204728264,0.8926220652944884,0.03730580262006,0.0,0.0,0.9301335034165957,0.00022108170632703352,0.9596709096228454,0.04010800867082752,0.0,0.0,2,Stressed,0.04010800867082752,2.0398869269645004,2012,7
Marsabit,2012-10-01,0.00020563550204728264,0.9299307535805538,0.0,0.0,0.0,0.9301363890826011,0.0002210810204405637,0.9997789189795594,0.0,0.0,0.0,2,Stressed,0.0,1.9997789189795594,2012,10
Marsabit,2013-01-01,0.00020563550204728264,0.9299307535805538,0.0,0.0,0.0,0.9301363890826011,0.0002210810204405637,0.9997789189795594,0.0,0.0,0.0,2,Stressed,0.0,1.9997789189795594,2013,1
Marsabit,2013-04-01,0.0,0.9301329759074554,0.0,0.0,0.0,0.9301329759074554,0.0,1.0,0.0,0.0,0.0,2,Stressed,0.0,2.0,2013,4
Marsabit,2013-07-01,0.0,0.9301329759074554,0.0,0.0,0.0,0.9301329759074554,0.0,1.0,0.0,0.0,0.0,2,Stressed,0.0,2.0,2013,7
Marsabit,2013-10-01,0.0,0.9301329759074554,0.0,0.0,0.0,0.9301329759074554,0.0,1.0,0.0,0.0,0.0,2,Stressed,0.0,2.0,2013,10
Marsabit,2014-01-01,0.0,0.9301329759074554,0.0,0.0,0.0,0.9301329759074554,0.0,1.0,0.0,0.0,0.0,2,Stressed,0.0,2.0,2014,1
Marsabit,2014-04-01,0.0,0.5377982309039547,0.39233673958264553,0.0,0.0,0.9301349704866002,0.0,0.578193754636067,0.4218062453639331,0.0,0.0,2,Stressed,0.4218062453639331,2.4218062453639333,2014,4
Marsabit,2014-07-01,0.0,0.2687880755962028,0.6613510135095516,0.0,0.0,0.9301390891057544,0.0,0.28897621736832774,0.7110237826316723,0.0,0.0,3,Crisis,0.7110237826316723,2.7110237826316723,2014,7
Marsabit,2014-10-01,0.0,0.5479964843973802,0.38214087143711445,0.0,0.0,0.9301373558344948,0.0,0.5891565164649604,0.4108434835350395,0.0,0.0,2,Stressed,0.4108434835350395,2.4108434835350394,2014,10
Marsabit,2015-01-01,0.0,0.9301329759074554,0.0,0.0,0.0,0.9301329759074554,0.0,1.0,0.0,0.0,0.0,2,Stressed,0.0,2.0,2015,1
Marsabit,2015-04-01,0.0,0.6531628548097792,0.2769744873779343,0.0,0.0,0.9301373421877135,0.0,0.7022219463563507,0.29777805364364923,0.0,0.0,2,Stressed,0.29777805364364923,2.297778053643649,2015,4
Marsabit,2015-07-01,0.0,0.9299491700551905,0.0001838061598760149,0.0,0.0,0.9301329762150665,0.0,0.9998023872235732,0.00019761277642683535,0.0,0.0,2,Stressed,0.00019761277642683535,2.000197612776427,2015,7
Marsabit,2015-10-01,0.0,0.9301329759074554,0.0,0.0,0.0,0.9301329759074554,0.0,1.0,0.0,0.0,0.0,2,Stressed,0.0,2.0,2015,10
Marsabit,2016-02-01,0.30252433502855625,0.6276102645870543,0.0,0.0,0.0,0.9301345996156105,0.3252479105213139,0.674752089478686,0.0,0.0,0.0,2,Stressed,0.0,1.674752089478686,2016,2
Marsabit,2016-06-01,0.004928756735015658,0.9288473441904921,0.0,0.0,0.0,0.9337761009255078,0.005278306791243152,0.9947216932087568,0.0,0.0,0.0,2,Stressed,0.0,1.9947216932087568,2016,6
Marsabit,2016-10-01,0.0,0.8805987031623472,0.053177778957806045,0.0,0.0,0.9337764821201533,0.0,0.9430508478463013,0.05694915215369861,0.0,0.0,2,Stressed,0.05694915215369861,2.0569491521536984,2016,10
Marsabit,2017-02-01,0.0,0.38393031214020146,0.5498500365150164,0.0,0.0,0.9337803486552179,0.0,0.41115698428770536,0.5888430157122946,0.0,0.0,3,Crisis,0.5888430157122946,2.5888430157122944,2017,2
Marsabit,2017-06-01,0.0,0.25535369695466986,0.678430160250617,0.0,0.0,0.9337838572052868,0.0,0.27346124585931014,0.7265387541406899,0.0,0.0,3,Crisis,0.7265387541406899,2.72653875414069,2017,6
Marsabit,2017-10-01,0.002855920623572974,0.3842547788900833,0.5466718388142673,0.0,0.0,0.9337825383279236,0.003058442952560373,0.41150349585477214,0.5854380611926675,0.0,0.0,3,Crisis,0.5854380611926675,2.582379618240107,2017,10
Marsabit,2018-02-01,0.002855920623572974,0.6493510513333202,0.2815700624322651,0.0,0.0,0.9337770343891583,0.0030584609798646523,0.695402679032582,0.3015388599875533,0.0,0.0,2,Stressed,0.3015388599875533,2.2984803990076887,2018,2
Marsabit,2018-06-01,0.7261360780417175,0.2076481048574404,0.0,0.0,0.0,0.933784182899158,0.7776273054735765,0.22237269452642347,0.0,0.0,0.0,1,Minimal,0.0,1.2223726945264235,2018,6
Marsabit,2018-12-01,0.0,0.9337761009249729,0.0,0.0,0.0,0.9337761009249729,0.0,1.0,0.0,0.0,0.0,2,Stressed,0.0,2.0,2018,12
Marsabit,2019-02-01,0.0,0.9337761009257279,0.0,0.0,0.0,0.9337761009257279,0.0,1.0,0.0,0.0,0.0,2,Stressed,0.0,2.0,2019,2
Marsabit,2019-06-01,0.0,0.1499273104180761,0.783849995964031,0.0,0.0,0.9337773063821071,0.0,0.16056002795673532,0.8394399720432647,0.0,0.0,3,Crisis,0.8394399720432647,2.839439972043265,2019,6
Marsabit,2019-10-01,0.0,2.348854262754198e-05,0.9337526123831006,0.0,0.0,0.9337761009257282,0.0,2.5154362597474788e-05,0.9999748456374025,0.0,0.0,3,Crisis,0.9999748456374025,2.9999748456374022,2019,10
Marsabit,2020-02-01,0.0,0.9337761009249729,0.0,0.0,0.0,0.9337761009249729,0.0,1.0,0.0,0.0,0.0,2,Stressed,0.0,2.0,2020,2
Marsabit,2020-06-01,0.0,0.9337761009258777,0.0,0.0,0.0,0.9337761009258777,0.0,1.0,0.0,0.0,0.0,2,Stressed,0.0,2.0,2020,6
Marsabit,2020-10-01,0.0,0.9334312512689309,0.00034484965584223565,0.0,0.0,0.9337761009247731,0.0,0.9996306934226517,0.00036930657734837166,0.0,0.0,2,Stressed,0.00036930657734837166,2.0003693065773485,2020,10
Marsabit,2021-02-01,0.0,0.1497495445563268,0.7840283219498854,0.0,0.0,0.9337778665062122,0.0,0.16036955889372706,0.8396304411062729,0.0,0.0,3,Crisis,0.8396304411062729,2.839630441106273,2021,2
Marsabit,2021-06-01,0.0,0.14974954455632755,0.7840283219498857,0.0,0.0,0.9337778665062133,0.0,0.16036955889372767,0.8396304411062723,0.0,0.0,3,Crisis,0.8396304411062723,2.8396304411062725,2021,6
Marsabit,2021-10-01,0.0,0.0,0.9337760885726984,0.0,0.0,0.9337760885726984,0.0,0.0,1.0,0.0,0.0,3,Crisis,1.0,3.0,2021,10
Marsabit,2022-02-01,0.0,0.0,0.9337760885721446,0.0,0.0,0.9337760885721446,0.0,0.0,1.0,0.0,0.0,3,Crisis,1.0,3.0,2022,2
Marsabit,2022-06-01,0.0,0.0,0.9334319183596125,0.00034484965584223565,0.0,0.9337767680154547,0.0,0.0,0.9996306936864845,0.0003693063135155319,0.0,3,Crisis,1.0,3.0003693063135155,2022,6
Marsabit,2022-10-01,0.0,0.0,7.108476402455864e-05,0.933705695592199,0.0,0.9337767803562235,0.0,0.0,7.612607800917981e-05,0.9999238739219909,0.0,4,Emergency,1.0,3.999923873921991,2022,10
Marsabit,2023-02-01,0.0,0.0,0.9337767803562235,0.0,0.0,0.9337767803562235,0.0,0.0,1.0,0.0,0.0,3,Crisis,1.0,3.0,2023,2
Marsabit,2023-06-01,0.0,0.0,0.9337761009250708,0.0,0.0,0.9337761009250708,0.0,0.0,1.0,0.0,0.0,3,Crisis,1.0,3.0,2023,6
Marsabit,2023-10-01,0.0,0.0,0.9337767803562235,0.0,0.0,0.9337767803562235,0.0,0.0,1.0,0.0,0.0,3,Crisis,1.0,3.0,2023,10
Marsabit,2024-02-01,0.0,5.666924494240956e-05,0.9337194193277563,0.0,0.0,0.9337760885726987,0.0,6.068825881912439e-05,0.9999393117411809,0.0,0.0,3,Crisis,0.9999393117411809,2.9999393117411812,2024,2
Marsabit,2024-06-01,0.0,0.9337761009358352,0.0,0.0,0.0,0.9337761009358352,0.0,1.0,0.0,0.0,0.0,2,Stressed,0.0,2.0,2024,6
Marsabit,2024-10-01,0.0,0.14977236770314187,0.7840049386674591,0.0,0.0,0.933777306370601,0.0,0.16039409683800954,0.8396059031619905,0.0,0.0,3,Crisis,0.8396059031619905,2.8396059031619907,2024,10
Marsabit,2025-10-01,0.0,7.108476402455864e-05,0.9337056832399245,0.0,0.0,0.933776768003949,0.0,7.612607901619803e-05,0.9999238739209838,0.0,0.0,3,Crisis,0.9999238739209838,2.999923873920984,2025,10
Marsabit,2026-02-01,0.0,0.0,0.9337761009255282,0.0,0.0,0.9337761009255282,0.0,0.0,1.0,0.0,0.0,3,Crisis,1.0,3.0,2026,2
Marsabit,2026-06-01,0.0,0.0,0.9337760885719434,0.0,0.0,0.9337760885719434,0.0,0.0,1.0,0.0,0.0,3,Crisis,1.0,3.0,2026,6
Meru,2011-01-01,0.4213789669096319,0.5733341415576889,0.005272373878640741,0.0,0.0,0.9999854823459616,0.4213850844325046,0.5733424651452435,0.005272450422251906,0.0,0.0,2,Stressed,0.005272450422251906,1.5838873659897472,2011,1
Meru,2011-04-01,0.4213789669096319,0.5733341415576889,0.005272373878640741,0.0,0.0,0.9999854823459616,0.4213850844325046,0.5733424651452435,0.005272450422251906,0.0,0.0,2,Stressed,0.005272450422251906,1.5838873659897472,2011,4
Meru,2011-07-01,0.45511890498134966,0.3477770305406547,0.1969665968518172,0.0,0.0,0.9998625323738215,0.4551814776985693,0.34782484519644974,0.196993677104981,0.0,0.0,1,Minimal,0.196993677104981,1.741812199406412,2011,7
Meru,2011-10-01,0.6394170142865758,0.16277660326187887,0.19741138872192698,0.0002508345446214228,0.0,0.9998558408150031,0.6395092054124261,0.1628000723876317,0.19743985149000368,0.0002508707099385071,0.0,1,Minimal,0.1976907221999422,1.5584323874974546,2011,10
Meru,2012-01-01,0.7699838002080085,0.22965261596332906,0.0002508345446214228,0.0,0.0,0.999887250715959,0.7700706251196517,0.22967851205112244,0.0002508628292258105,0.0,0.0,1,Minimal,0.0002508628292258105,1.2301802377095739,2012,1
Meru,2012-04-01,0.7727412655600832,0.2268907000471446,0.0002508345446214228,0.0,0.0,0.9998828001518492,0.7728318413345338,0.22691729471962854,0.0002508639458377815,0.0,0.0,1,Minimal,0.0002508639458377815,1.2274190226113042,2012,4
Meru,2012-07-01,0.7727412655600832,0.22714106986288618,0.0,0.0,0.0,0.9998823354229693,0.7728322005340746,0.22716779946592533,0.0,0.0,0.0,1,Minimal,0.0,1.2271677994659254,2012,7
Meru,2012-10-01,0.7727412655600832,0.09671411748829704,0.13043003882478593,0.0,0.0,0.9998854218731661,0.7728298149526418,0.0967252000805399,0.1304449849668183,0.0,0.0,1,Minimal,0.1304449849668183,1.3576151700141765,2012,10
Meru,2013-01-01,0.7727412655600832,0.2271410698628863,0.0,0.0,0.0,0.9998823354229694,0.7728322005340746,0.2271677994659254,0.0,0.0,0.0,1,Minimal,0.0,1.2271677994659256,2013,1
Meru,2013-04-01,0.9920197059836735,0.007802153560965881,0.0,0.0,0.0,0.9998218595446394,0.9921964563122081,0.007803543687791851,0.0,0.0,0.0,1,Minimal,0.0,1.007803543687792,2013,4
Meru,2013-07-01,0.4215440912172062,0.578278594452056,0.0,0.0,0.0,0.9998226856692622,0.4216188502814703,0.5783811497185296,0.0,0.0,0.0,2,Stressed,0.0,1.5783811497185294,2013,7
Meru,2013-10-01,0.4215440912172062,0.578278594452056,0.0,0.0,0.0,0.9998226856692622,0.4216188502814703,0.5783811497185296,0.0,0.0,0.0,2,Stressed,0.0,1.5783811497185294,2013,10
Meru,2014-01-01,0.4215440912172062,0.578278594452056,0.0,0.0,0.0,0.9998226856692622,0.4216188502814703,0.5783811497185296,0.0,0.0,0.0,2,Stressed,0.0,1.5783811497185294,2014,1
Meru,2014-04-01,0.4215440912172062,0.578278594452053,0.0,0.0,0.0,0.9998226856692591,0.4216188502814716,0.5783811497185285,0.0,0.0,0.0,2,Stressed,0.0,1.5783811497185285,2014,4
Meru,2014-07-01,0.5455098314687771,0.45436914469489065,0.0,0.0,0.0,0.9998789761636677,0.5455758591522619,0.454424140847738,0.0,0.0,0.0,1,Minimal,0.0,1.4544241408477379,2014,7
Meru,2014-10-01,0.5841628638493821,0.41574476580883046,0.0,0.0,0.0,0.9999076296582126,0.584216828157477,0.415783171842523,0.0,0.0,0.0,1,Minimal,0.0,1.4157831718425231,2014,10
Meru,2015-01-01,0.5841628638493821,0.4157447658088308,0.0,0.0,0.0,0.9999076296582129,0.5842168281574768,0.4157831718425232,0.0,0.0,0.0,1,Minimal,0.0,1.4157831718425231,2015,1
Meru,2015-04-01,0.5839541978594998,0.41595390326421405,0.0,0.0,0.0,0.9999081011237139,0.5840078675262677,0.41599213247373223,0.0,0.0,0.0,1,Minimal,0.0,1.4159921324737321,2015,4
Meru,2015-07-01,0.5839541978594998,0.4159539032642167,0.0,0.0,0.0,0.9999081011237165,0.5840078675262661,0.41599213247373384,0.0,0.0,0.0,1,Minimal,0.0,1.415992132473734,2015,7
Meru,2015-10-01,0.7940133301746957,0.20586323020100353,0.0,0.0,0.0,0.9998765603756992,0.7941113549820077,0.20588864501799237,0.0,0.0,0.0,1,Minimal,0.0,1.2058886450179924,2015,10
Meru,2016-02-01,0.9998145827542297,0.0,0.0,0.0,0.0,0.9998145827542297,1.0,0.0,0.0,0.0,0.0,1,Minimal,0.0,1.0,2016,2
Meru,2016-06-01,0.9962423574616958,0.0036516909721936346,0.0,0.0,0.0,0.9998940484338894,0.9963479220844317,0.003652077915568347,0.0,0.0,0.0,1,Minimal,0.0,1.0036520779155684,2016,6
Meru,2016-10-01,0.9937133850188187,0.006183577671567441,0.0,0.0,0.0,0.9998969626903861,0.9938157851235696,0.0061842148764303835,0.0,0.0,0.0,1,Minimal,0.0,1.0061842148764304,2016,10
Meru,2017-02-01,5.860739115201124e-06,0.999883503559217,0.0,0.0,0.0,0.9998893642983322,5.861387593930326e-06,0.999994138612406,0.0,0.0,0.0,2,Stressed,0.0,1.999994138612406,2017,2
Meru,2017-06-01,5.860739115201124e-06,0.7720080767950559,0.22788814687655043,0.0,0.0,0.9999020844107216,5.861313029120316e-06,0.7720836758231464,0.22791046286382446,0.0,0.0,2,Stressed,0.22791046286382446,2.2279046015507955,2017,6
Meru,2017-10-01,0.6070664425361125,0.3900830248006038,0.002768923408051961,0.0,0.0,0.9999183907447683,0.6071159888197993,0.3901148617839288,0.002769149396271816,0.0,0.0,1,Minimal,0.002769149396271816,1.3956531605764724,2017,10
Meru,2018-02-01,0.6071736163994554,0.3927447743453111,0.0,0.0,0.0,0.9999183907447665,0.6072231714302364,0.39277682856976365,0.0,0.0,0.0,1,Minimal,0.0,1.3927768285697637,2018,2
Meru,2018-06-01,0.9998893642983471,0.0,0.0,0.0,0.0,0.9998893642983471,1.0,0.0,0.0,0.0,0.0,1,Minimal,0.0,1.0,2018,6
Meru,2018-12-01,0.769750630141515,0.23015437719462284,0.0,0.0,0.0,0.9999050073361379,0.7698237577509681,0.23017624224903185,0.0,0.0,0.0,1,Minimal,0.0,1.2301762422490319,2018,12
Meru,2019-02-01,0.9935161476976986,0.0063861980876325376,0.0,0.0,0.0,0.9999023457853311,0.9936131782123016,0.0063868217876984455,0.0,0.0,0.0,1,Minimal,0.0,1.0063868217876983,2019,2
Meru,2019-06-01,0.5107157825189323,0.489184098887898,0.0,0.0,0.0,0.9998998814068303,0.5107669197843788,0.4892330802156213,0.0,0.0,0.0,1,Minimal,0.0,1.4892330802156213,2019,6
Meru,2019-10-01,5.860739115201124e-06,0.5009841467505216,0.4989131063752273,0.0,0.0,0.9999031138648642,5.861306994582674e-06,0.5010326898714199,0.4989614488215854,0.0,0.0,2,Stressed,0.4989614488215854,2.4989555875145903,2019,10
Meru,2020-02-01,0.9936960284185116,0.006201361395596052,0.0,0.0,0.0,0.9998973898141076,0.9937980022162585,0.006201997783741546,0.0,0.0,0.0,1,Minimal,0.0,1.0062019977837415,2020,2
Meru,2020-06-01,0.9952811653808197,0.004616209422682435,0.0,0.0,0.0,0.9998973748035022,0.9953833167892958,0.004616683210704102,0.0,0.0,0.0,1,Minimal,0.0,1.004616683210704,2020,6
Meru,2020-10-01,0.47781525211749787,0.5220846292890712,0.0,0.0,0.0,0.999899881406569,0.47786309509843167,0.5221369049015683,0.0,0.0,0.0,2,Stressed,0.0,1.5221369049015683,2020,10
Meru,2021-02-01,0.47780939137838274,0.5174960936008729,0.004598133061904504,0.0,0.0,0.9999036180411601,0.47785544802250546,0.5175459756958002,0.004598576281694408,0.0,0.0,2,Stressed,0.004598576281694408,1.526743128259189,2021,2
Meru,2021-06-01,0.4218112095282779,0.5734986683004843,0.004598133061904504,0.0,0.0,0.9999080108906667,0.4218500151354424,0.5735514287855752,0.004598556078982428,0.0,0.0,2,Stressed,0.004598556078982428,1.58274854094354,2021,6
Meru,2021-10-01,0.5106086086553253,0.4846968763239305,0.004598133061904504,0.0,0.0,0.9999036180411602,0.5106578268569747,0.484743596861331,0.0045985762816944074,0.0,0.0,1,Minimal,0.0045985762816944074,1.4939407494247199,2021,10
Meru,2022-02-01,0.5106086086553253,0.1205245220220566,0.36878828953925935,0.0,0.0,0.9999214202166413,0.5106487353223194,0.12053399355715767,0.3688172711205229,0.0,0.0,1,Minimal,0.3688172711205229,1.8581685357982036,2022,2
Meru,2022-06-01,0.5106086086555895,0.12022058848176376,0.3690868399848713,0.0,0.0,0.9999160371222247,0.5106514844237621,0.12023068339593858,0.36911783218029937,0.0,0.0,1,Minimal,0.36911783218029937,1.8584663477565373,2022,6
Meru,2022-10-01,0.5106086086555895,0.12022029584501515,0.3690871326216199,0.0,0.0,0.9999160371222247,0.5106514844237621,0.12023039073461728,0.36911812484162065,0.0,0.0,1,Minimal,0.36911812484162065,1.8584666404178587,2022,10
Meru,2023-02-01,0.5106086086553253,0.4846965836871819,0.004598425698653824,0.0,0.0,0.999903618041161,0.5106578268569743,0.4847433041963744,0.004598868946651346,0.0,0.0,1,Minimal,0.004598868946651346,1.493941042089677,2023,2
Meru,2023-06-01,0.5106086086553253,0.0,0.48929127275124534,0.0,0.0,0.9998998814065707,0.5106597351897335,0.0,0.4893402648102665,0.0,0.0,1,Minimal,0.4893402648102665,1.978680529620533,2023,6
Meru,2023-10-01,0.5106086086553253,0.4846968763239257,0.004598133061904504,0.0,0.0,0.9999036180411556,0.510657826856977,0.4847435968613285,0.004598576281694429,0.0,0.0,1,Minimal,0.004598576281694429,1.4939407494247172,2023,10
Meru,2024-02-01,0.5106086086553253,0.4846968763239305,0.004598133061904504,0.0,0.0,0.9999036180411602,0.5106578268569747,0.484743596861331,0.0045985762816944074,0.0,0.0,1,Minimal,0.0045985762816944074,1.4939407494247199,2024,2
Meru,2024-06-01,0.5106086086553253,0.48929127275124423,0.0,0.0,0.0,0.9998998814065696,0.5106597351897341,0.4893402648102659,0.0,0.0,0.0,1,Minimal,0.0,1.4893402648102658,2024,6
Meru,2024-10-01,0.5106086086553253,0.4892912727512409,0.0,0.0,0.0,0.9998998814065663,0.5106597351897357,0.4893402648102642,0.0,0.0,0.0,1,Minimal,0.0,1.4893402648102643,2024,10
Meru,2025-10-01,0.20685377532236424,0.7930420399142013,0.0,0.0,0.0,0.9998958152365656,0.20687532857953272,0.7931246714204673,0.0,0.0,0.0,2,Stressed,0.0,1.7931246714204674,2025,10
Meru,2026-02-01,0.20685377532236424,0.0018949462523233699,0.7911524917672124,0.0,0.0,0.9999012133419,0.20687421173438855,0.0018951334662251518,0.7912306547993863,0.0,0.0,3,Crisis,0.7912306547993863,2.5843564430649977,2026,2
Meru,2026-06-01,0.20685377532236424,0.788451490233776,0.004598133061904504,0.0,0.0,0.9999033986180448,0.20687375961343316,0.788527663095741,0.004598577290825826,0.0,0.0,2,Stressed,0.004598577290825826,1.7977248176773926,2026,6
Migori,2011-01-01,0.8103587098905805,0.0013548092551505819,0.0,0.0,0.0,0.8117135191457311,0.9983309268317023,0.001669073168297627,0.0,0.0,0.0,1,Minimal,0.0,1.0016690731682976,2011,1
Migori,2011-04-01,0.8103587098905805,0.0013548092551505819,0.0,0.0,0.0,0.8117135191457311,0.9983309268317023,0.001669073168297627,0.0,0.0,0.0,1,Minimal,0.0,1.0016690731682976,2011,4
Migori,2011-07-01,0.8116729345870678,0.0,0.0,0.0,0.0,0.8116729345870678,1.0,0.0,0.0,0.0,0.0,1,Minimal,0.0,1.0,2011,7
Migori,2011-10-01,0.8107570131217455,0.0009159214653223234,0.0,0.0,0.0,0.8116729345870679,0.9988715633769552,0.0011284366230448364,0.0,0.0,0.0,1,Minimal,0.0,1.0011284366230448,2011,10
Migori,2012-01-01,0.8116729345870678,0.0,0.0,0.0,0.0,0.8116729345870678,1.0,0.0,0.0,0.0,0.0,1,Minimal,0.0,1.0,2012,1
Migori,2012-04-01,0.8116729345870678,0.0,0.0,0.0,0.0,0.8116729345870678,1.0,0.0,0.0,0.0,0.0,1,Minimal,0.0,1.0,2012,4
Migori,2012-07-01,0.8116729345870676,0.0,0.0,0.0,0.0,0.8116729345870676,1.0,0.0,0.0,0.0,0.0,1,Minimal,0.0,1.0,2012,7
Migori,2012-10-01,0.8116729345870676,0.0,0.0,0.0,0.0,0.8116729345870676,1.0,0.0,0.0,0.0,0.0,1,Minimal,0.0,1.0,2012,10
Migori,2013-01-01,0.8116729345870678,0.0,0.0,0.0,0.0,0.8116729345870678,1.0,0.0,0.0,0.0,0.0,1,Minimal,0.0,1.0,2013,1
Migori,2013-04-01,0.8116729345870678,0.0,0.0,0.0,0.0,0.8116729345870678,1.0,0.0,0.0,0.0,0.0,1,Minimal,0.0,1.0,2013,4
Migori,2013-07-01,0.8116729345870676,0.0,0.0,0.0,0.0,0.8116729345870676,1.0,0.0,0.0,0.0,0.0,1,Minimal,0.0,1.0,2013,7
Migori,2013-10-01,0.8116729345870676,0.0,0.0,0.0,0.0,0.8116729345870676,1.0,0.0,0.0,0.0,0.0,1,Minimal,0.0,1.0,2013,10
Migori,2014-01-01,0.8116729345870676,0.0,0.0,0.0,0.0,0.8116729345870676,1.0,0.0,0.0,0.0,0.0,1,Minimal,0.0,1.0,2014,1
Migori,2014-04-01,0.8116729345870676,0.0,0.0,0.0,0.0,0.8116729345870676,1.0,0.0,0.0,0.0,0.0,1,Minimal,0.0,1.0,2014,4
Migori,2014-07-01,0.8116729345870678,0.0,0.0,0.0,0.0,0.8116729345870678,1.0,0.0,0.0,0.0,0.0,1,Minimal,0.0,1.0,2014,7
Migori,2014-10-01,0.8116729345870678,0.0,0.0,0.0,0.0,0.8116729345870678,1.0,0.0,0.0,0.0,0.0,1,Minimal,0.0,1.0,2014,10
Migori,2015-01-01,0.8116729345870678,0.0,0.0,0.0,0.0,0.8116729345870678,1.0,0.0,0.0,0.0,0.0,1,Minimal,0.0,1.0,2015,1
Migori,2015-04-01,0.8116729345870676,0.0,0.0,0.0,0.0,0.8116729345870676,1.0,0.0,0.0,0.0,0.0,1,Minimal,0.0,1.0,2015,4
Migori,2015-07-01,0.8116729345870678,0.0,0.0,0.0,0.0,0.8116729345870678,1.0,0.0,0.0,0.0,0.0,1,Minimal,0.0,1.0,2015,7
Migori,2015-10-01,0.8116729345870676,0.0,0.0,0.0,0.0,0.8116729345870676,1.0,0.0,0.0,0.0,0.0,1,Minimal,0.0,1.0,2015,10
Migori,2016-02-01,0.8116729345870676,0.0,0.0,0.0,0.0,0.8116729345870676,1.0,0.0,0.0,0.0,0.0,1,Minimal,0.0,1.0,2016,2
Migori,2016-06-01,0.8093394361863654,0.0,0.0,0.0,0.0,0.8093394361863654,1.0,0.0,0.0,0.0,0.0,1,Minimal,0.0,1.0,2016,6
Migori,2016-10-01,0.8093394361863654,0.0,0.0,0.0,0.0,0.8093394361863654,1.0,0.0,0.0,0.0,0.0,1,Minimal,0.0,1.0,2016,10
Migori,2017-02-01,0.8085691903906217,0.0007769885657257335,0.0,0.0,0.0,0.8093461789563474,0.9990399799419234,0.0009600200580765834,0.0,0.0,0.0,1,Minimal,0.0,1.0009600200580766,2017,2
Migori,2017-06-01,0.8085691903906217,0.0007769885657257335,0.0,0.0,0.0,0.8093461789563474,0.9990399799419234,0.0009600200580765834,0.0,0.0,0.0,1,Minimal,0.0,1.0009600200580766,2017,6
Migori,2017-10-01,0.8085691903870088,0.0007769885657257335,0.0,0.0,0.0,0.8093461789527345,0.9990399799419192,0.0009600200580808688,0.0,0.0,0.0,1,Minimal,0.0,1.0009600200580808,2017,10
Migori,2018-02-01,0.8093394357090582,0.0,0.0,0.0,0.0,0.8093394357090582,1.0,0.0,0.0,0.0,0.0,1,Minimal,0.0,1.0,2018,2
Migori,2018-06-01,0.8093394361863654,0.0,0.0,0.0,0.0,0.8093394361863654,1.0,0.0,0.0,0.0,0.0,1,Minimal,0.0,1.0,2018,6
Migori,2018-12-01,0.8093394357090582,0.0,0.0,0.0,0.0,0.8093394357090582,1.0,0.0,0.0,0.0,0.0,1,Minimal,0.0,1.0,2018,12
Migori,2019-02-01,0.8093394361863654,0.0,0.0,0.0,0.0,0.8093394361863654,1.0,0.0,0.0,0.0,0.0,1,Minimal,0.0,1.0,2019,2
Migori,2019-06-01,0.8093394361863654,0.0,0.0,0.0,0.0,0.8093394361863654,1.0,0.0,0.0,0.0,0.0,1,Minimal,0.0,1.0,2019,6
Migori,2019-10-01,0.8086693605643195,0.000676817918078051,0.0,0.0,0.0,0.8093461784823975,0.999163747311012,0.0008362526889879806,0.0,0.0,0.0,1,Minimal,0.0,1.000836252688988,2019,10
Migori,2020-02-01,0.8093394361863654,0.0,0.0,0.0,0.0,0.8093394361863654,1.0,0.0,0.0,0.0,0.0,1,Minimal,0.0,1.0,2020,2
Migori,2020-06-01,0.8093394361863654,0.0,0.0,0.0,0.0,0.8093394361863654,1.0,0.0,0.0,0.0,0.0,1,Minimal,0.0,1.0,2020,6
Migori,2020-10-01,0.8093394361863654,0.0,0.0,0.0,0.0,0.8093394361863654,1.0,0.0,0.0,0.0,0.0,1,Minimal,0.0,1.0,2020,10
Migori,2021-02-01,0.8092185212611083,0.00012091492525710925,0.0,0.0,0.0,0.8093394361863654,0.9998506004775612,0.00014939952243877357,0.0,0.0,0.0,1,Minimal,0.0,1.0001493995224389,2021,2
Migori,2021-06-01,0.8092185212611083,0.00012091492525710925,0.0,0.0,0.0,0.8093394361863654,0.9998506004775612,0.00014939952243877357,0.0,0.0,0.0,1,Minimal,0.0,1.0001493995224389,2021,6
Migori,2021-10-01,0.8085691903906217,0.0007769885657257335,0.0,0.0,0.0,0.8093461789563474,0.9990399799419234,0.0009600200580765834,0.0,0.0,0.0,1,Minimal,0.0,1.0009600200580766,2021,10
Migori,2022-02-01,0.8093394361863654,0.0,0.0,0.0,0.0,0.8093394361863654,1.0,0.0,0.0,0.0,0.0,1,Minimal,0.0,1.0,2022,2
Migori,2022-06-01,0.8093394361863654,0.0,0.0,0.0,0.0,0.8093394361863654,1.0,0.0,0.0,0.0,0.0,1,Minimal,0.0,1.0,2022,6
Migori,2022-10-01,0.8093394361863654,0.0,0.0,0.0,0.0,0.8093394361863654,1.0,0.0,0.0,0.0,0.0,1,Minimal,0.0,1.0,2022,10
Migori,2023-02-01,0.8093394361863654,0.0,0.0,0.0,0.0,0.8093394361863654,1.0,0.0,0.0,0.0,0.0,1,Minimal,0.0,1.0,2023,2
Migori,2023-06-01,0.8093394361863654,0.0,0.0,0.0,0.0,0.8093394361863654,1.0,0.0,0.0,0.0,0.0,1,Minimal,0.0,1.0,2023,6
Migori,2023-10-01,0.8093394361863654,0.0,0.0,0.0,0.0,0.8093394361863654,1.0,0.0,0.0,0.0,0.0,1,Minimal,0.0,1.0,2023,10
Migori,2024-02-01,0.8093394361863654,0.0,0.0,0.0,0.0,0.8093394361863654,1.0,0.0,0.0,0.0,0.0,1,Minimal,0.0,1.0,2024,2
Migori,2024-06-01,0.8093394361863654,0.0,0.0,0.0,0.0,0.8093394361863654,1.0,0.0,0.0,0.0,0.0,1,Minimal,0.0,1.0,2024,6
Migori,2024-10-01,0.8093394361863654,0.0,0.0,0.0,0.0,0.8093394361863654,1.0,0.0,0.0,0.0,0.0,1,Minimal,0.0,1.0,2024,10
Migori,2025-10-01,0.8085691903906217,0.0007769885657257335,0.0,0.0,0.0,0.8093461789563474,0.9990399799419234,0.0009600200580765834,0.0,0.0,0.0,1,Minimal,0.0,1.0009600200580766,2025,10
Migori,2026-02-01,0.8085691903906217,0.0007769885657257335,0.0,0.0,0.0,0.8093461789563474,0.9990399799419234,0.0009600200580765834,0.0,0.0,0.0,1,Minimal,0.0,1.0009600200580766,2026,2
Migori,2026-06-01,0.8085691903906217,0.0007769885657257335,0.0,0.0,0.0,0.8093461789563474,0.9990399799419234,0.0009600200580765834,0.0,0.0,0.0,1,Minimal,0.0,1.0009600200580766,2026,6
Mombasa,2011-01-01,0.6225242238292756,0.32300006928201014,0.0,0.0,0.0,0.9455242931112857,0.6583905124011511,0.3416094875988489,0.0,0.0,0.0,1,Minimal,0.0,1.341609487598849,2011,1
Mombasa,2011-04-01,0.6225242238292756,0.32300006928201014,0.0,0.0,0.0,0.9455242931112857,0.6583905124011511,0.3416094875988489,0.0,0.0,0.0,1,Minimal,0.0,1.341609487598849,2011,4
Mombasa,2011-07-01,0.9388480693876571,0.006803577213498797,0.0,0.0,0.0,0.9456516466011559,0.9928054085899897,0.007194591410010326,0.0,0.0,0.0,1,Minimal,0.0,1.0071945914100102,2011,7
Mombasa,2011-10-01,0.9388480693876571,0.0050020820331683905,0.0018014951803304053,0.0,0.0,0.945651646601156,0.9928054085899896,0.005289560961636119,0.0019050304483742048,0.0,0.0,1,Minimal,0.0019050304483742048,1.0090996218583845,2011,10
Mombasa,2012-01-01,0.9388480693876571,0.006803577213498797,0.0,0.0,0.0,0.9456516466011559,0.9928054085899897,0.007194591410010326,0.0,0.0,0.0,1,Minimal,0.0,1.0071945914100102,2012,1
Mombasa,2012-04-01,0.9388480693876571,0.006803577213498797,0.0,0.0,0.0,0.9456516466011559,0.9928054085899897,0.007194591410010326,0.0,0.0,0.0,1,Minimal,0.0,1.0071945914100102,2012,4
Mombasa,2012-07-01,0.9388480693876571,0.006803577213498797,0.0,0.0,0.0,0.9456516466011559,0.9928054085899897,0.007194591410010326,0.0,0.0,0.0,1,Minimal,0.0,1.0071945914100102,2012,7
Mombasa,2012-10-01,0.9388480693876571,0.006803577213498797,0.0,0.0,0.0,0.9456516466011559,0.9928054085899897,0.007194591410010326,0.0,0.0,0.0,1,Minimal,0.0,1.0071945914100102,2012,10
Mombasa,2013-01-01,0.9388480693876571,0.006803577213498797,0.0,0.0,0.0,0.9456516466011559,0.9928054085899897,0.007194591410010326,0.0,0.0,0.0,1,Minimal,0.0,1.0071945914100102,2013,1
Mombasa,2013-04-01,0.9388480693876571,0.006803577213498797,0.0,0.0,0.0,0.9456516466011559,0.9928054085899897,0.007194591410010326,0.0,0.0,0.0,1,Minimal,0.0,1.0071945914100102,2013,4
Mombasa,2013-07-01,0.9388419793475373,0.006809667253618683,0.0,0.0,0.0,0.945651646601156,0.992798968543973,0.007201031456027032,0.0,0.0,0.0,1,Minimal,0.0,1.0072010314560271,2013,7
Mombasa,2013-10-01,0.9388419793475373,0.006809667253618683,0.0,0.0,0.0,0.945651646601156,0.992798968543973,0.007201031456027032,0.0,0.0,0.0,1,Minimal,0.0,1.0072010314560271,2013,10
Mombasa,2014-01-01,0.9432485811784563,0.002378892089776241,0.0,0.0,0.0,0.9456274732682326,0.9974843242640208,0.0025156757359792305,0.0,0.0,0.0,1,Minimal,0.0,1.0025156757359792,2014,1
Mombasa,2014-04-01,0.9432485811784563,0.002378892089776241,0.0,0.0,0.0,0.9456274732682326,0.9974843242640208,0.0025156757359792305,0.0,0.0,0.0,1,Minimal,0.0,1.0025156757359792,2014,4
Mombasa,2014-07-01,0.9432485811784563,0.002378892089776241,0.0,0.0,0.0,0.9456274732682326,0.9974843242640208,0.0025156757359792305,0.0,0.0,0.0,1,Minimal,0.0,1.0025156757359792,2014,7
Mombasa,2014-10-01,0.9450371961718707,0.0005713068693259498,0.0,0.0,0.0,0.9456085030411966,0.9993958315016325,0.0006041684983675111,0.0,0.0,0.0,1,Minimal,0.0,1.0006041684983675,2014,10
Mombasa,2015-01-01,0.9432546712185762,0.0023728020496563552,0.0,0.0,0.0,0.9456274732682326,0.9974907644746661,0.0025092355253338717,0.0,0.0,0.0,1,Minimal,0.0,1.0025092355253338,2015,1
Mombasa,2015-04-01,0.9450371961718707,0.0005713068693259498,0.0,0.0,0.0,0.9456085030411966,0.9993958315016325,0.0006041684983675111,0.0,0.0,0.0,1,Minimal,0.0,1.0006041684983675,2015,4
Mombasa,2015-07-01,0.9450371961718707,0.0005713068693259498,0.0,0.0,0.0,0.9456085030411966,0.9993958315016325,0.0006041684983675111,0.0,0.0,0.0,1,Minimal,0.0,1.0006041684983675,2015,7
Mombasa,2015-10-01,0.9450371961718707,0.0005713068693259498,0.0,0.0,0.0,0.9456085030411966,0.9993958315016325,0.0006041684983675111,0.0,0.0,0.0,1,Minimal,0.0,1.0006041684983675,2015,10
Mombasa,2016-02-01,0.9454967568842269,0.0,0.0,0.0,0.0,0.9454967568842269,1.0,0.0,0.0,0.0,0.0,1,Minimal,0.0,1.0,2016,2
Mombasa,2016-06-01,0.9454306108793021,0.0,0.0,0.0,0.0,0.9454306108793021,1.0,0.0,0.0,0.0,0.0,1,Minimal,0.0,1.0,2016,6
Mombasa,2016-10-01,0.9454306108793021,0.0,0.0,0.0,0.0,0.9454306108793021,1.0,0.0,0.0,0.0,0.0,1,Minimal,0.0,1.0,2016,10
Mombasa,2017-02-01,0.9226563610539258,0.022842466112672703,0.0,0.0,0.0,0.9454988271665985,0.9758408308330478,0.024159169166952148,0.0,0.0,0.0,1,Minimal,0.0,1.024159169166952,2017,2
Mombasa,2017-06-01,0.9226563610539258,0.022842466112672703,0.0,0.0,0.0,0.9454988271665985,0.9758408308330478,0.024159169166952148,0.0,0.0,0.0,1,Minimal,0.0,1.024159169166952,2017,6
Mombasa,2017-10-01,0.9442814110144558,0.0011491998648462376,0.0,0.0,0.0,0.945430610879302,0.9987844693712875,0.0012155306287125812,0.0,0.0,0.0,1,Minimal,0.0,1.0012155306287127,2017,10
Mombasa,2018-02-01,0.9431210562126274,0.002309554666674685,0.0,0.0,0.0,0.9454306108793021,0.9975571399528447,0.0024428600471553094,0.0,0.0,0.0,1,Minimal,0.0,1.0024428600471553,2018,2
Mombasa,2018-06-01,0.9454306108793021,0.0,0.0,0.0,0.0,0.9454306108793021,1.0,0.0,0.0,0.0,0.0,1,Minimal,0.0,1.0,2018,6
Mombasa,2018-12-01,0.9454306108793021,0.0,0.0,0.0,0.0,0.9454306108793021,1.0,0.0,0.0,0.0,0.0,1,Minimal,0.0,1.0,2018,12
Mombasa,2019-02-01,0.9454306108793021,0.0,0.0,0.0,0.0,0.9454306108793021,1.0,0.0,0.0,0.0,0.0,1,Minimal,0.0,1.0,2019,2
Mombasa,2019-06-01,0.9226563610539258,0.022842466112672703,0.0,0.0,0.0,0.9454988271665985,0.9758408308330478,0.024159169166952148,0.0,0.0,0.0,1,Minimal,0.0,1.024159169166952,2019,6
Mombasa,2019-10-01,0.9226563610539258,0.022842466112672703,0.0,0.0,0.0,0.9454988271665985,0.9758408308330478,0.024159169166952148,0.0,0.0,0.0,1,Minimal,0.0,1.024159169166952,2019,10
Mombasa,2020-02-01,0.9226563610539258,0.022842466112672703,0.0,0.0,0.0,0.9454988271665985,0.9758408308330478,0.024159169166952148,0.0,0.0,0.0,1,Minimal,0.0,1.024159169166952,2020,2
Mombasa,2020-06-01,0.0,0.9454306108793021,0.0,0.0,0.0,0.9454306108793021,0.0,1.0,0.0,0.0,0.0,2,Stressed,0.0,2.0,2020,6
Mombasa,2020-10-01,0.9226563610539258,0.022842466112672703,0.0,0.0,0.0,0.9454988271665985,0.9758408308330478,0.024159169166952148,0.0,0.0,0.0,1,Minimal,0.0,1.024159169166952,2020,10
Mombasa,2021-02-01,0.9414974842643992,0.003933126614902909,0.0,0.0,0.0,0.945430610879302,0.9958398569184841,0.004160143081515932,0.0,0.0,0.0,1,Minimal,0.0,1.004160143081516,2021,2
Mombasa,2021-06-01,0.9414974842643992,0.003933126614902909,0.0,0.0,0.0,0.945430610879302,0.9958398569184841,0.004160143081515932,0.0,0.0,0.0,1,Minimal,0.0,1.004160143081516,2021,6
Mombasa,2021-10-01,0.9226563610539258,0.022842466112672703,0.0,0.0,0.0,0.9454988271665985,0.9758408308330478,0.024159169166952148,0.0,0.0,0.0,1,Minimal,0.0,1.024159169166952,2021,10
Mombasa,2022-02-01,0.9226563610539258,0.022842466112672703,0.0,0.0,0.0,0.9454988271665985,0.9758408308330478,0.024159169166952148,0.0,0.0,0.0,1,Minimal,0.0,1.024159169166952,2022,2
Mombasa,2022-06-01,0.9226563610539258,0.022842466112672703,0.0,0.0,0.0,0.9454988271665985,0.9758408308330478,0.024159169166952148,0.0,0.0,0.0,1,Minimal,0.0,1.024159169166952,2022,6
Mombasa,2022-10-01,0.9226563610539258,0.022842466112672703,0.0,0.0,0.0,0.9454988271665985,0.9758408308330478,0.024159169166952148,0.0,0.0,0.0,1,Minimal,0.0,1.024159169166952,2022,10
Mombasa,2023-02-01,0.9226563610539258,0.022842466112672703,0.0,0.0,0.0,0.9454988271665985,0.9758408308330478,0.024159169166952148,0.0,0.0,0.0,1,Minimal,0.0,1.024159169166952,2023,2
Mombasa,2023-06-01,0.9226563610539258,0.022842466112672703,0.0,0.0,0.0,0.9454988271665985,0.9758408308330478,0.024159169166952148,0.0,0.0,0.0,1,Minimal,0.0,1.024159169166952,2023,6
Mombasa,2023-10-01,0.9226563610539258,0.022842466112672703,0.0,0.0,0.0,0.9454988271665985,0.9758408308330478,0.024159169166952148,0.0,0.0,0.0,1,Minimal,0.0,1.024159169166952,2023,10
Mombasa,2024-02-01,0.9226563610539258,0.022842466112672703,0.0,0.0,0.0,0.9454988271665985,0.9758408308330478,0.024159169166952148,0.0,0.0,0.0,1,Minimal,0.0,1.024159169166952,2024,2
Mombasa,2024-06-01,0.9226563610539258,0.022842466112672703,0.0,0.0,0.0,0.9454988271665985,0.9758408308330478,0.024159169166952148,0.0,0.0,0.0,1,Minimal,0.0,1.024159169166952,2024,6
Mombasa,2024-10-01,0.9226563610539258,0.022842466112672703,0.0,0.0,0.0,0.9454988271665985,0.9758408308330478,0.024159169166952148,0.0,0.0,0.0,1,Minimal,0.0,1.024159169166952,2024,10
Mombasa,2025-10-01,0.9226563610539258,0.022842466112672703,0.0,0.0,0.0,0.9454988271665985,0.9758408308330478,0.024159169166952148,0.0,0.0,0.0,1,Minimal,0.0,1.024159169166952,2025,10
Mombasa,2026-02-01,0.9226563610539258,0.022842466112672703,0.0,0.0,0.0,0.9454988271665985,0.9758408308330478,0.024159169166952148,0.0,0.0,0.0,1,Minimal,0.0,1.024159169166952,2026,2
Mombasa,2026-06-01,0.9226563610539258,0.022842466112672703,0.0,0.0,0.0,0.9454988271665985,0.9758408308330478,0.024159169166952148,0.0,0.0,0.0,1,Minimal,0.0,1.024159169166952,2026,6
Murang'a,2011-01-01,0.9986397974531979,0.001329391417300535,0.0,0.0,0.0,0.9999691888704983,0.9986705676213863,0.001329432378613716,0.0,0.0,0.0,1,Minimal,0.0,1.0013294323786137,2011,1
Murang'a,2011-04-01,0.9986397974531979,0.001329391417300535,0.0,0.0,0.0,0.9999691888704983,0.9986705676213863,0.001329432378613716,0.0,0.0,0.0,1,Minimal,0.0,1.0013294323786137,2011,4
Murang'a,2011-07-01,0.9998129313529577,0.0,0.0,0.0,0.0,0.9998129313529577,1.0,0.0,0.0,0.0,0.0,1,Minimal,0.0,1.0,2011,7
Murang'a,2011-10-01,0.8082863515185365,0.19024515481364052,0.001325746174420659,0.0,0.0,0.9998572525065975,0.8084017488418458,0.19027231570977196,0.001325935448382329,0.0,0.0,1,Minimal,0.001325935448382329,1.1929241866065368,2011,10
Murang'a,2012-01-01,0.8082863515185365,0.1915673521957586,0.0,0.0,0.0,0.999853703714295,0.8084046181115129,0.1915953818884871,0.0,0.0,0.0,1,Minimal,0.0,1.191595381888487,2012,1
Murang'a,2012-04-01,0.9978467027418352,0.001982897812830108,0.0,0.0,0.0,0.9998296005546653,0.9980167642448973,0.0019832357551027454,0.0,0.0,0.0,1,Minimal,0.0,1.0019832357551028,2012,4
Murang'a,2012-07-01,0.9985011223247071,0.001325746174420659,0.0,0.0,0.0,0.9998268684991277,0.9986740242574089,0.001325975742591094,0.0,0.0,0.0,1,Minimal,0.0,1.0013259757425912,2012,7
Murang'a,2012-10-01,0.9985011223247071,0.001325746174420659,0.0,0.0,0.0,0.9998268684991277,0.9986740242574089,0.001325975742591094,0.0,0.0,0.0,1,Minimal,0.0,1.0013259757425912,2012,10
Murang'a,2013-01-01,0.9985011223247071,0.001325746174420659,0.0,0.0,0.0,0.9998268684991277,0.9986740242574089,0.001325975742591094,0.0,0.0,0.0,1,Minimal,0.0,1.0013259757425912,2013,1
Murang'a,2013-04-01,0.9985011223247071,0.001325746174420659,0.0,0.0,0.0,0.9998268684991277,0.9986740242574089,0.001325975742591094,0.0,0.0,0.0,1,Minimal,0.0,1.0013259757425912,2013,4
Murang'a,2013-07-01,0.9985011223247071,0.001325746174420659,0.0,0.0,0.0,0.9998268684991277,0.9986740242574089,0.001325975742591094,0.0,0.0,0.0,1,Minimal,0.0,1.0013259757425912,2013,7
Murang'a,2013-10-01,0.9985011223247071,0.001325746174420659,0.0,0.0,0.0,0.9998268684991277,0.9986740242574089,0.001325975742591094,0.0,0.0,0.0,1,Minimal,0.0,1.0013259757425912,2013,10
Murang'a,2014-01-01,0.9985011223247071,0.001325746174420659,0.0,0.0,0.0,0.9998268684991277,0.9986740242574089,0.001325975742591094,0.0,0.0,0.0,1,Minimal,0.0,1.0013259757425912,2014,1
Murang'a,2014-04-01,0.9985011223247071,0.001325746174420659,0.0,0.0,0.0,0.9998268684991277,0.9986740242574089,0.001325975742591094,0.0,0.0,0.0,1,Minimal,0.0,1.0013259757425912,2014,4
Murang'a,2014-07-01,0.9986590798499595,0.0011677886491679524,0.0,0.0,0.0,0.9998268684991275,0.9988320091348205,0.0011679908651794464,0.0,0.0,0.0,1,Minimal,0.0,1.0011679908651794,2014,7
Murang'a,2014-10-01,0.9986590798499595,0.0011677886491679524,0.0,0.0,0.0,0.9998268684991275,0.9988320091348205,0.0011679908651794464,0.0,0.0,0.0,1,Minimal,0.0,1.0011679908651794,2014,10
Murang'a,2015-01-01,0.9998129313529577,0.0,0.0,0.0,0.0,0.9998129313529577,1.0,0.0,0.0,0.0,0.0,1,Minimal,0.0,1.0,2015,1
Murang'a,2015-04-01,0.9998129313529577,0.0,0.0,0.0,0.0,0.9998129313529577,1.0,0.0,0.0,0.0,0.0,1,Minimal,0.0,1.0,2015,4
Murang'a,2015-07-01,0.9998129313529577,0.0,0.0,0.0,0.0,0.9998129313529577,1.0,0.0,0.0,0.0,0.0,1,Minimal,0.0,1.0,2015,7
Murang'a,2015-10-01,0.9998129313529577,0.0,0.0,0.0,0.0,0.9998129313529577,1.0,0.0,0.0,0.0,0.0,1,Minimal,0.0,1.0,2015,10
Murang'a,2016-02-01,0.9998129313529577,0.0,0.0,0.0,0.0,0.9998129313529577,1.0,0.0,0.0,0.0,0.0,1,Minimal,0.0,1.0,2016,2
Murang'a,2016-06-01,0.9998960447776902,0.0,0.0,0.0,0.0,0.9998960447776902,1.0,0.0,0.0,0.0,0.0,1,Minimal,0.0,1.0,2016,6
Murang'a,2016-10-01,0.9998960447776897,0.0,0.0,0.0,0.0,0.9998960447776897,1.0,0.0,0.0,0.0,0.0,1,Minimal,0.0,1.0,2016,10
Murang'a,2017-02-01,0.9975651031116253,0.0023311275120578893,0.0,0.0,0.0,0.9998962306236832,0.9976686305631897,0.0023313694368103112,0.0,0.0,0.0,1,Minimal,0.0,1.0023313694368103,2017,2
Murang'a,2017-06-01,0.9969244390939169,0.002975797088789625,0.0,0.0,0.0,0.9999002361827065,0.9970239060047128,0.002976093995287219,0.0,0.0,0.0,1,Minimal,0.0,1.0029760939952872,2017,6
Murang'a,2017-10-01,0.9998960447776898,0.0,0.0,0.0,0.0,0.9998960447776898,1.0,0.0,0.0,0.0,0.0,1,Minimal,0.0,1.0,2017,10
Murang'a,2018-02-01,0.9998960447776898,0.0,0.0,0.0,0.0,0.9998960447776898,1.0,0.0,0.0,0.0,0.0,1,Minimal,0.0,1.0,2018,2
Murang'a,2018-06-01,0.9998960447776898,0.0,0.0,0.0,0.0,0.9998960447776898,1.0,0.0,0.0,0.0,0.0,1,Minimal,0.0,1.0,2018,6
Murang'a,2018-12-01,0.9998960447776898,0.0,0.0,0.0,0.0,0.9998960447776898,1.0,0.0,0.0,0.0,0.0,1,Minimal,0.0,1.0,2018,12
Murang'a,2019-02-01,0.9998960447776897,0.0,0.0,0.0,0.0,0.9998960447776897,1.0,0.0,0.0,0.0,0.0,1,Minimal,0.0,1.0,2019,2
Murang'a,2019-06-01,0.9998960447776897,0.0,0.0,0.0,0.0,0.9998960447776897,1.0,0.0,0.0,0.0,0.0,1,Minimal,0.0,1.0,2019,6
Murang'a,2019-10-01,0.9998960447776897,0.0,0.0,0.0,0.0,0.9998960447776897,1.0,0.0,0.0,0.0,0.0,1,Minimal,0.0,1.0,2019,10
Murang'a,2020-02-01,0.9998960447776898,0.0,0.0,0.0,0.0,0.9998960447776898,1.0,0.0,0.0,0.0,0.0,1,Minimal,0.0,1.0,2020,2
Murang'a,2020-06-01,0.9998960447776897,0.0,0.0,0.0,0.0,0.9998960447776897,1.0,0.0,0.0,0.0,0.0,1,Minimal,0.0,1.0,2020,6
Murang'a,2020-10-01,0.9998960447776897,0.0,0.0,0.0,0.0,0.9998960447776897,1.0,0.0,0.0,0.0,0.0,1,Minimal,0.0,1.0,2020,10
Murang'a,2021-02-01,0.9998960447776898,0.0,0.0,0.0,0.0,0.9998960447776898,1.0,0.0,0.0,0.0,0.0,1,Minimal,0.0,1.0,2021,2
Murang'a,2021-06-01,0.9998960447776898,0.0,0.0,0.0,0.0,0.9998960447776898,1.0,0.0,0.0,0.0,0.0,1,Minimal,0.0,1.0,2021,6
Murang'a,2021-10-01,0.9998960447776897,0.0,0.0,0.0,0.0,0.9998960447776897,1.0,0.0,0.0,0.0,0.0,1,Minimal,0.0,1.0,2021,10
Murang'a,2022-02-01,0.9998960447776897,0.0,0.0,0.0,0.0,0.9998960447776897,1.0,0.0,0.0,0.0,0.0,1,Minimal,0.0,1.0,2022,2
Murang'a,2022-06-01,0.99989604477769,0.0,0.0,0.0,0.0,0.99989604477769,1.0,0.0,0.0,0.0,0.0,1,Minimal,0.0,1.0,2022,6
Murang'a,2022-10-01,0.99989604477769,0.0,0.0,0.0,0.0,0.99989604477769,1.0,0.0,0.0,0.0,0.0,1,Minimal,0.0,1.0,2022,10
Murang'a,2023-02-01,0.9998960447776897,0.0,0.0,0.0,0.0,0.9998960447776897,1.0,0.0,0.0,0.0,0.0,1,Minimal,0.0,1.0,2023,2
Murang'a,2023-06-01,0.9998960447776897,0.0,0.0,0.0,0.0,0.9998960447776897,1.0,0.0,0.0,0.0,0.0,1,Minimal,0.0,1.0,2023,6
Murang'a,2023-10-01,0.9998960447776897,0.0,0.0,0.0,0.0,0.9998960447776897,1.0,0.0,0.0,0.0,0.0,1,Minimal,0.0,1.0,2023,10
Murang'a,2024-02-01,0.9998960447776897,0.0,0.0,0.0,0.0,0.9998960447776897,1.0,0.0,0.0,0.0,0.0,1,Minimal,0.0,1.0,2024,2
Murang'a,2024-06-01,0.9998960447776897,0.0,0.0,0.0,0.0,0.9998960447776897,1.0,0.0,0.0,0.0,0.0,1,Minimal,0.0,1.0,2024,6
Murang'a,2024-10-01,0.9998960447776897,0.0,0.0,0.0,0.0,0.9998960447776897,1.0,0.0,0.0,0.0,0.0,1,Minimal,0.0,1.0,2024,10
Murang'a,2025-10-01,0.9998960447776897,0.0,0.0,0.0,0.0,0.9998960447776897,1.0,0.0,0.0,0.0,0.0,1,Minimal,0.0,1.0,2025,10
Murang'a,2026-02-01,0.9998960447776897,0.0,0.0,0.0,0.0,0.9998960447776897,1.0,0.0,0.0,0.0,0.0,1,Minimal,0.0,1.0,2026,2
Murang'a,2026-06-01,0.9998960447776897,0.0,0.0,0.0,0.0,0.9998960447776897,1.0,0.0,0.0,0.0,0.0,1,Minimal,0.0,1.0,2026,6
Nairobi,2011-01-01,0.9619159161915399,0.038038650425678514,0.0,0.0,0.0,0.9999545666172185,0.9619596212712335,0.03804037872876645,0.0,0.0,0.0,1,Minimal,0.0,1.0380403787287664,2011,1
Nairobi,2011-04-01,0.9619159161915399,0.038038650425678514,0.0,0.0,0.0,0.9999545666172185,0.9619596212712335,0.03804037872876645,0.0,0.0,0.0,1,Minimal,0.0,1.0380403787287664,2011,4
Nairobi,2011-07-01,0.9954825939834462,0.0038672507018525566,0.0,0.0,0.0,0.9993498446852987,0.9961302333487925,0.0038697666512074926,0.0,0.0,0.0,1,Minimal,0.0,1.0038697666512075,2011,7
Nairobi,2011-10-01,0.9673927337340307,0.0047673030239331615,0.027298590305032407,0.0,0.0,0.9994586270629963,0.9679167376610733,0.004769885310753015,0.02731337702817364,0.0,0.0,1,Minimal,0.02731337702817364,1.0593966393671002,2011,10
Nairobi,2012-01-01,0.9673927337340307,0.03206589332896557,0.0,0.0,0.0,0.9994586270629963,0.9679167376610733,0.03208326233892665,0.0,0.0,0.0,1,Minimal,0.0,1.0320832623389267,2012,1
Nairobi,2012-04-01,0.993797141078311,0.005553130763311163,0.0,0.0,0.0,0.9993502718416222,0.9944432588655049,0.005556741134495061,0.0,0.0,0.0,1,Minimal,0.0,1.005556741134495,2012,4
Nairobi,2012-07-01,0.9946967662440684,0.004653078441230559,0.0,0.0,0.0,0.999349844685299,0.9953438943669464,0.004656105633053698,0.0,0.0,0.0,1,Minimal,0.0,1.0046561056330539,2012,7
Nairobi,2012-10-01,0.9946967662440684,0.004653078441230559,0.0,0.0,0.0,0.999349844685299,0.9953438943669464,0.004656105633053698,0.0,0.0,0.0,1,Minimal,0.0,1.0046561056330539,2012,10
Nairobi,2013-01-01,0.9946967662440653,0.004653078441230559,0.0,0.0,0.0,0.9993498446852959,0.9953438943669464,0.0046561056330537125,0.0,0.0,0.0,1,Minimal,0.0,1.0046561056330539,2013,1
Nairobi,2013-04-01,0.9946967662440689,0.004653078441230559,0.0,0.0,0.0,0.9993498446852994,0.9953438943669464,0.004656105633053696,0.0,0.0,0.0,1,Minimal,0.0,1.0046561056330539,2013,4
Nairobi,2013-07-01,0.9682923588997886,0.03116584100688496,0.0,0.0,0.0,0.9994581999066735,0.9688172641839398,0.031182735816060278,0.0,0.0,0.0,1,Minimal,0.0,1.0311827358160603,2013,7
Nairobi,2013-10-01,0.9682923588997886,0.03116584100688496,0.0,0.0,0.0,0.9994581999066735,0.9688172641839398,0.031182735816060278,0.0,0.0,0.0,1,Minimal,0.0,1.0311827358160603,2013,10
Nairobi,2014-01-01,0.9682923588997914,0.03116584100688496,0.0,0.0,0.0,0.9994581999066763,0.9688172641839399,0.03118273581606019,0.0,0.0,0.0,1,Minimal,0.0,1.0311827358160603,2014,1
Nairobi,2014-04-01,0.9682923588997883,0.03116584100688496,0.0,0.0,0.0,0.9994581999066732,0.9688172641839398,0.03118273581606029,0.0,0.0,0.0,1,Minimal,0.0,1.0311827358160603,2014,4
Nairobi,2014-07-01,0.9885743272016139,0.010806494240858232,0.0,0.0,0.0,0.9993808214424721,0.9891868104640427,0.010813189535957382,0.0,0.0,0.0,1,Minimal,0.0,1.0108131895359573,2014,7
Nairobi,2014-10-01,0.999331868418972,0.0,0.0,0.0,0.0,0.999331868418972,1.0,0.0,0.0,0.0,0.0,1,Minimal,0.0,1.0,2014,10
Nairobi,2015-01-01,0.9954825939834432,0.0038672507018525566,0.0,0.0,0.0,0.9993498446852958,0.9961302333487925,0.0038697666512075043,0.0,0.0,0.0,1,Minimal,0.0,1.0038697666512075,2015,1
Nairobi,2015-04-01,0.9993318684189717,0.0,0.0,0.0,0.0,0.9993318684189717,1.0,0.0,0.0,0.0,0.0,1,Minimal,0.0,1.0,2015,4
Nairobi,2015-07-01,0.9954825939834463,0.0038672507018525566,0.0,0.0,0.0,0.9993498446852989,0.9961302333487925,0.003869766651207492,0.0,0.0,0.0,1,Minimal,0.0,1.0038697666512075,2015,7
Nairobi,2015-10-01,0.999331868418972,0.0,0.0,0.0,0.0,0.999331868418972,1.0,0.0,0.0,0.0,0.0,1,Minimal,0.0,1.0,2015,10
Nairobi,2016-02-01,0.999331868418972,0.0,0.0,0.0,0.0,0.999331868418972,1.0,0.0,0.0,0.0,0.0,1,Minimal,0.0,1.0,2016,2
Nairobi,2016-06-01,0.9993429938196526,0.0,0.0,0.0,0.0,0.9993429938196526,1.0,0.0,0.0,0.0,0.0,1,Minimal,0.0,1.0,2016,6
Nairobi,2016-10-01,0.9993429938193121,0.0,0.0,0.0,0.0,0.9993429938193121,1.0,0.0,0.0,0.0,0.0,1,Minimal,0.0,1.0,2016,10
Nairobi,2017-02-01,0.9970671682087088,0.0022758257219340264,0.0,0.0,0.0,0.9993429939306429,0.9977226780637319,0.0022773219362680346,0.0,0.0,0.0,1,Minimal,0.0,1.002277321936268,2017,2
Nairobi,2017-06-01,0.9970671682087088,0.0022758257219340264,0.0,0.0,0.0,0.9993429939306429,0.9977226780637319,0.0022773219362680346,0.0,0.0,0.0,1,Minimal,0.0,1.002277321936268,2017,6
Nairobi,2017-10-01,0.9989398950495184,0.00040309894546706186,0.0,0.0,0.0,0.9993429939949855,0.9995966360419903,0.00040336395800968065,0.0,0.0,0.0,1,Minimal,0.0,1.0004033639580097,2017,10
Nairobi,2018-02-01,0.9989398950495191,0.00040309894546706186,0.0,0.0,0.0,0.9993429939949862,0.9995966360419903,0.0004033639580096804,0.0,0.0,0.0,1,Minimal,0.0,1.0004033639580097,2018,2
Nairobi,2018-06-01,0.9993429938196526,0.0,0.0,0.0,0.0,0.9993429938196526,1.0,0.0,0.0,0.0,0.0,1,Minimal,0.0,1.0,2018,6
Nairobi,2018-12-01,0.999342993819312,0.0,0.0,0.0,0.0,0.999342993819312,1.0,0.0,0.0,0.0,0.0,1,Minimal,0.0,1.0,2018,12
Nairobi,2019-02-01,0.9991038492611363,0.0002391447338493854,0.0,0.0,0.0,0.9993429939949856,0.9997606980433281,0.00023930195667193054,0.0,0.0,0.0,1,Minimal,0.0,1.000239301956672,2019,2
Nairobi,2019-06-01,0.999179039608035,0.00016395421161767646,0.0,0.0,0.0,0.9993429938196526,0.9998359379986335,0.00016406200136653444,0.0,0.0,0.0,1,Minimal,0.0,1.0001640620013665,2019,6
Nairobi,2019-10-01,0.9989398950495186,0.00040309894546706186,0.0,0.0,0.0,0.9993429939949857,0.9995966360419903,0.00040336395800968054,0.0,0.0,0.0,1,Minimal,0.0,1.0004033639580097,2019,10
Nairobi,2020-02-01,0.9989398950496078,0.00040309894546706186,0.0,0.0,0.0,0.9993429939950749,0.9995966360419903,0.00040336395800964455,0.0,0.0,0.0,1,Minimal,0.0,1.0004033639580097,2020,2
Nairobi,2020-06-01,0.024581032062693364,0.9748519223816483,0.0,0.0,0.0,0.9994329544443417,0.024594978535963694,0.9754050214640363,0.0,0.0,0.0,2,Stressed,0.0,1.9754050214640362,2020,6
Nairobi,2020-10-01,0.9989398950495183,0.00040309894546706186,0.0,0.0,0.0,0.9993429939949854,0.9995966360419903,0.00040336395800968065,0.0,0.0,0.0,1,Minimal,0.0,1.0004033639580097,2020,10
Nairobi,2021-02-01,0.9989398950495184,0.00040309894546706186,0.0,0.0,0.0,0.9993429939949855,0.9995966360419903,0.00040336395800968065,0.0,0.0,0.0,1,Minimal,0.0,1.0004033639580097,2021,2
Nairobi,2021-06-01,0.9989398950495184,0.00040309894546706186,0.0,0.0,0.0,0.9993429939949855,0.9995966360419903,0.00040336395800968065,0.0,0.0,0.0,1,Minimal,0.0,1.0004033639580097,2021,6
Nairobi,2021-10-01,0.9989398950495181,0.00040309894546706186,0.0,0.0,0.0,0.9993429939949852,0.9995966360419903,0.00040336395800968076,0.0,0.0,0.0,1,Minimal,0.0,1.0004033639580097,2021,10
Nairobi,2022-02-01,0.998939895049518,0.00040309894546706186,0.0,0.0,0.0,0.999342993994985,0.9995966360419903,0.0004033639580096808,0.0,0.0,0.0,1,Minimal,0.0,1.0004033639580097,2022,2
Nairobi,2022-06-01,0.998939895049334,0.00040309894546706186,0.0,0.0,0.0,0.9993429939948011,0.9995966360419902,0.0004033639580097551,0.0,0.0,0.0,1,Minimal,0.0,1.0004033639580097,2022,6
Nairobi,2022-10-01,0.998939895049334,0.00040309894546706186,0.0,0.0,0.0,0.9993429939948011,0.9995966360419902,0.0004033639580097551,0.0,0.0,0.0,1,Minimal,0.0,1.0004033639580097,2022,10
Nairobi,2023-02-01,0.9989398950495183,0.00040309894546706186,0.0,0.0,0.0,0.9993429939949854,0.9995966360419903,0.00040336395800968065,0.0,0.0,0.0,1,Minimal,0.0,1.0004033639580097,2023,2
Nairobi,2023-06-01,0.9989398950495183,0.00040309894546706186,0.0,0.0,0.0,0.9993429939949854,0.9995966360419903,0.00040336395800968065,0.0,0.0,0.0,1,Minimal,0.0,1.0004033639580097,2023,6
Nairobi,2023-10-01,0.9989398950495183,0.00040309894546706186,0.0,0.0,0.0,0.9993429939949854,0.9995966360419903,0.00040336395800968065,0.0,0.0,0.0,1,Minimal,0.0,1.0004033639580097,2023,10
Nairobi,2024-02-01,0.9989398950495181,0.00040309894546706186,0.0,0.0,0.0,0.9993429939949852,0.9995966360419903,0.00040336395800968076,0.0,0.0,0.0,1,Minimal,0.0,1.0004033639580097,2024,2
Nairobi,2024-06-01,0.9989398950495181,0.00040309894546706186,0.0,0.0,0.0,0.9993429939949852,0.9995966360419903,0.00040336395800968076,0.0,0.0,0.0,1,Minimal,0.0,1.0004033639580097,2024,6
Nairobi,2024-10-01,0.9989398950495181,0.00040309894546706186,0.0,0.0,0.0,0.9993429939949852,0.9995966360419903,0.00040336395800968076,0.0,0.0,0.0,1,Minimal,0.0,1.0004033639580097,2024,10
Nairobi,2025-10-01,0.9989398950496076,0.00040309894546706186,0.0,0.0,0.0,0.9993429939950746,0.9995966360419903,0.00040336395800964466,0.0,0.0,0.0,1,Minimal,0.0,1.0004033639580097,2025,10
Nairobi,2026-02-01,0.9989398950496076,0.00040309894546706186,0.0,0.0,0.0,0.9993429939950746,0.9995966360419903,0.00040336395800964466,0.0,0.0,0.0,1,Minimal,0.0,1.0004033639580097,2026,2
Nairobi,2026-06-01,0.9989398950496076,0.00040309894546706186,0.0,0.0,0.0,0.9993429939950746,0.9995966360419903,0.00040336395800964466,0.0,0.0,0.0,1,Minimal,0.0,1.0004033639580097,2026,6
Nakuru,2011-01-01,0.9963263735137815,0.003657510475989986,0.0,0.0,0.0,0.9999838839897714,0.9963424305785838,0.003657569421416193,0.0,0.0,0.0,1,Minimal,0.0,1.0036575694214163,2011,1
Nakuru,2011-04-01,0.9963263735137815,0.003657510475989986,0.0,0.0,0.0,0.9999838839897714,0.9963424305785838,0.003657569421416193,0.0,0.0,0.0,1,Minimal,0.0,1.0036575694214163,2011,4
Nakuru,2011-07-01,0.9757805078564893,1.7806916550349955e-05,0.0,0.0,0.0,0.9757983147730397,0.9999817514374837,1.8248562516211822e-05,0.0,0.0,0.0,1,Minimal,0.0,1.0000182485625162,2011,7
Nakuru,2011-10-01,0.972004292453947,0.0031722668510488295,0.0006413294622200365,0.0,0.0,0.975817888767216,0.9960918975177974,0.003250879992635165,0.0006572224895674436,0.0,0.0,1,Minimal,0.0006572224895674436,1.0045653249717699,2011,10
Nakuru,2012-01-01,0.972004292453947,0.0038135963132688655,0.0,0.0,0.0,0.9758178887672159,0.9960918975177975,0.003908102482202609,0.0,0.0,0.0,1,Minimal,0.0,1.0039081024822027,2012,1
Nakuru,2012-04-01,0.9751449817730808,0.0006599723986958536,0.0,0.0,0.0,0.9758049541717767,0.9993236636113864,0.000676336388613656,0.0,0.0,0.0,1,Minimal,0.0,1.0006763363886138,2012,4
Nakuru,2012-07-01,0.9751449817730808,0.0006599723986958536,0.0,0.0,0.0,0.9758049541717767,0.9993236636113864,0.000676336388613656,0.0,0.0,0.0,1,Minimal,0.0,1.0006763363886138,2012,7
Nakuru,2012-10-01,0.9751449817730808,0.0006599723986958536,0.0,0.0,0.0,0.9758049541717767,0.9993236636113864,0.000676336388613656,0.0,0.0,0.0,1,Minimal,0.0,1.0006763363886138,2012,10
Nakuru,2013-01-01,0.9751449817730808,0.0006599723986958536,0.0,0.0,0.0,0.9758049541717767,0.9993236636113864,0.000676336388613656,0.0,0.0,0.0,1,Minimal,0.0,1.0006763363886138,2013,1
Nakuru,2013-04-01,0.9751449817730808,0.0006599723986958536,0.0,0.0,0.0,0.9758049541717767,0.9993236636113864,0.000676336388613656,0.0,0.0,0.0,1,Minimal,0.0,1.0006763363886138,2013,4
Nakuru,2013-07-01,0.9751449817730808,0.0006599723986958536,0.0,0.0,0.0,0.9758049541717767,0.9993236636113864,0.000676336388613656,0.0,0.0,0.0,1,Minimal,0.0,1.0006763363886138,2013,7
Nakuru,2013-10-01,0.9751449817730808,0.0006599723986958536,0.0,0.0,0.0,0.9758049541717767,0.9993236636113864,0.000676336388613656,0.0,0.0,0.0,1,Minimal,0.0,1.0006763363886138,2013,10
Nakuru,2014-01-01,0.9751449817730808,0.0006599723986958536,0.0,0.0,0.0,0.9758049541717767,0.9993236636113864,0.000676336388613656,0.0,0.0,0.0,1,Minimal,0.0,1.0006763363886138,2014,1
Nakuru,2014-04-01,0.9751449817730808,0.0006599723986958536,0.0,0.0,0.0,0.9758049541717767,0.9993236636113864,0.000676336388613656,0.0,0.0,0.0,1,Minimal,0.0,1.0006763363886138,2014,4
Nakuru,2014-07-01,0.9721625383889817,0.003648705084126942,0.0,0.0,0.0,0.9758112434731087,0.9962608495151782,0.0037391504848217016,0.0,0.0,0.0,1,Minimal,0.0,1.0037391504848217,2014,7
Nakuru,2014-10-01,0.9757983118149001,0.0,0.0,0.0,0.0,0.9757983118149001,1.0,0.0,0.0,0.0,0.0,1,Minimal,0.0,1.0,2014,10
Nakuru,2015-01-01,0.9757983118149001,0.0,0.0,0.0,0.0,0.9757983118149001,1.0,0.0,0.0,0.0,0.0,1,Minimal,0.0,1.0,2015,1
Nakuru,2015-04-01,0.9757983118149,0.0,0.0,0.0,0.0,0.9757983118149,1.0,0.0,0.0,0.0,0.0,1,Minimal,0.0,1.0,2015,4
Nakuru,2015-07-01,0.9757983118149001,0.0,0.0,0.0,0.0,0.9757983118149001,1.0,0.0,0.0,0.0,0.0,1,Minimal,0.0,1.0,2015,7
Nakuru,2015-10-01,0.9757983118149,0.0,0.0,0.0,0.0,0.9757983118149,1.0,0.0,0.0,0.0,0.0,1,Minimal,0.0,1.0,2015,10
Nakuru,2016-02-01,0.9757983118149001,0.0,0.0,0.0,0.0,0.9757983118149001,1.0,0.0,0.0,0.0,0.0,1,Minimal,0.0,1.0,2016,2
Nakuru,2016-06-01,0.9758499055944193,0.0,0.0,0.0,0.0,0.9758499055944193,1.0,0.0,0.0,0.0,0.0,1,Minimal,0.0,1.0,2016,6
Nakuru,2016-10-01,0.9758499055944193,0.0,0.0,0.0,0.0,0.9758499055944193,1.0,0.0,0.0,0.0,0.0,1,Minimal,0.0,1.0,2016,10
Nakuru,2017-02-01,0.9720150389433692,0.0038661165417304463,0.0,0.0,0.0,0.9758811554850996,0.9960383326186798,0.003961667381320262,0.0,0.0,0.0,1,Minimal,0.0,1.0039616673813203,2017,2
Nakuru,2017-06-01,0.925751305463133,0.04988700610089002,0.0002618725856401451,0.0,0.0,0.9759001841496632,0.9486126967685464,0.05111896371282926,0.00026833951862436023,0.0,0.0,1,Minimal,0.00026833951862436023,1.0516556427500778,2017,6
Nakuru,2017-10-01,0.9758330130575109,1.689253690848583e-05,0.0,0.0,0.0,0.9758499055944194,0.9999826894107263,1.7310589273660973e-05,0.0,0.0,0.0,1,Minimal,0.0,1.0000173105892736,2017,10
Nakuru,2018-02-01,0.9758330130575108,1.689253690848583e-05,0.0,0.0,0.0,0.9758499055944193,0.9999826894107263,1.7310589273660977e-05,0.0,0.0,0.0,1,Minimal,0.0,1.0000173105892736,2018,2
Nakuru,2018-06-01,0.9758499055944193,0.0,0.0,0.0,0.0,0.9758499055944193,1.0,0.0,0.0,0.0,0.0,1,Minimal,0.0,1.0,2018,6
Nakuru,2018-12-01,0.9758499055944193,0.0,0.0,0.0,0.0,0.9758499055944193,1.0,0.0,0.0,0.0,0.0,1,Minimal,0.0,1.0,2018,12
Nakuru,2019-02-01,0.9758330130575109,1.689253690848583e-05,0.0,0.0,0.0,0.9758499055944194,0.9999826894107263,1.7310589273660973e-05,0.0,0.0,0.0,1,Minimal,0.0,1.0000173105892736,2019,2
Nakuru,2019-06-01,0.9758499055944193,0.0,0.0,0.0,0.0,0.9758499055944193,1.0,0.0,0.0,0.0,0.0,1,Minimal,0.0,1.0,2019,6
Nakuru,2019-10-01,0.9758266473099998,2.325828441958086e-05,0.0,0.0,0.0,0.9758499055944194,0.9999761661252552,2.383387474471655e-05,0.0,0.0,0.0,1,Minimal,0.0,1.0000238338747447,2019,10
Nakuru,2020-02-01,0.9758499055944193,0.0,0.0,0.0,0.0,0.9758499055944193,1.0,0.0,0.0,0.0,0.0,1,Minimal,0.0,1.0,2020,2
Nakuru,2020-06-01,0.9758499055944193,0.0,0.0,0.0,0.0,0.9758499055944193,1.0,0.0,0.0,0.0,0.0,1,Minimal,0.0,1.0,2020,6
Nakuru,2020-10-01,0.9758499055944192,0.0,0.0,0.0,0.0,0.9758499055944192,1.0,0.0,0.0,0.0,0.0,1,Minimal,0.0,1.0,2020,10
Nakuru,2021-02-01,0.9758330130575108,1.689253690848583e-05,0.0,0.0,0.0,0.9758499055944193,0.9999826894107263,1.7310589273660977e-05,0.0,0.0,0.0,1,Minimal,0.0,1.0000173105892736,2021,2
Nakuru,2021-06-01,0.9758266473099998,2.325828441958086e-05,0.0,0.0,0.0,0.9758499055944194,0.9999761661252552,2.383387474471655e-05,0.0,0.0,0.0,1,Minimal,0.0,1.0000238338747447,2021,6
Nakuru,2021-10-01,0.9733948660423231,0.0024702467624648987,0.0,0.0,0.0,0.9758651128047879,0.9974686596230856,0.0025313403769144137,0.0,0.0,0.0,1,Minimal,0.0,1.0025313403769145,2021,10
Nakuru,2022-02-01,0.9738502835290185,0.002004884616879764,0.0,0.0,0.0,0.9758551681458982,0.997945510069195,0.0020544899308049956,0.0,0.0,0.0,1,Minimal,0.0,1.002054489930805,2022,2
Nakuru,2022-06-01,0.9738502835290187,0.002004884616879764,0.0,0.0,0.0,0.9758551681458985,0.997945510069195,0.002054489930804995,0.0,0.0,0.0,1,Minimal,0.0,1.002054489930805,2022,6
Nakuru,2022-10-01,0.9738502835290187,0.002004884616879764,0.0,0.0,0.0,0.9758551681458985,0.997945510069195,0.002054489930804995,0.0,0.0,0.0,1,Minimal,0.0,1.002054489930805,2022,10
Nakuru,2023-02-01,0.9738502835290187,0.002004884616879763,0.0,0.0,0.0,0.9758551681458985,0.997945510069195,0.0020544899308049943,0.0,0.0,0.0,1,Minimal,0.0,1.002054489930805,2023,2
Nakuru,2023-06-01,0.9738502835290187,0.002004884616879764,0.0,0.0,0.0,0.9758551681458985,0.997945510069195,0.002054489930804995,0.0,0.0,0.0,1,Minimal,0.0,1.002054489930805,2023,6
Nakuru,2023-10-01,0.9738502835290187,0.002004884616879763,0.0,0.0,0.0,0.9758551681458985,0.997945510069195,0.0020544899308049943,0.0,0.0,0.0,1,Minimal,0.0,1.002054489930805,2023,10
Nakuru,2024-02-01,0.9738502835290187,0.002004884616879763,0.0,0.0,0.0,0.9758551681458985,0.997945510069195,0.0020544899308049943,0.0,0.0,0.0,1,Minimal,0.0,1.002054489930805,2024,2
Nakuru,2024-06-01,0.9738502835290187,0.002004884616879763,0.0,0.0,0.0,0.9758551681458985,0.997945510069195,0.0020544899308049943,0.0,0.0,0.0,1,Minimal,0.0,1.002054489930805,2024,6
Nakuru,2024-10-01,0.9738502835290187,0.002004884616879763,0.0,0.0,0.0,0.9758551681458985,0.997945510069195,0.0020544899308049943,0.0,0.0,0.0,1,Minimal,0.0,1.002054489930805,2024,10
Nakuru,2025-10-01,0.9720150389433692,0.0038661165417304463,0.0,0.0,0.0,0.9758811554850996,0.9960383326186798,0.003961667381320262,0.0,0.0,0.0,1,Minimal,0.0,1.0039616673813203,2025,10
Nakuru,2026-02-01,0.9720150389433692,0.0038661165417304484,0.0,0.0,0.0,0.9758811554850996,0.9960383326186798,0.003961667381320265,0.0,0.0,0.0,1,Minimal,0.0,1.0039616673813203,2026,2
Nakuru,2026-06-01,0.9720150389433692,0.0038661165417304463,0.0,0.0,0.0,0.9758811554850996,0.9960383326186798,0.003961667381320262,0.0,0.0,0.0,1,Minimal,0.0,1.0039616673813203,2026,6
Nandi,2011-01-01,0.9999550383826554,0.0,0.0,0.0,0.0,0.9999550383826554,1.0,0.0,0.0,0.0,0.0,1,Minimal,0.0,1.0,2011,1
Nandi,2011-04-01,0.9999550383826554,0.0,0.0,0.0,0.0,0.9999550383826554,1.0,0.0,0.0,0.0,0.0,1,Minimal,0.0,1.0,2011,4
Nandi,2011-07-01,0.9996627597035957,0.0,0.0,0.0,0.0,0.9996627597035957,1.0,0.0,0.0,0.0,0.0,1,Minimal,0.0,1.0,2011,7
Nandi,2011-10-01,0.999662759703597,0.0,0.0,0.0,0.0,0.999662759703597,1.0,0.0,0.0,0.0,0.0,1,Minimal,0.0,1.0,2011,10
Nandi,2012-01-01,0.999662759703597,0.0,0.0,0.0,0.0,0.999662759703597,1.0,0.0,0.0,0.0,0.0,1,Minimal,0.0,1.0,2012,1
Nandi,2012-04-01,0.9996627597035963,0.0,0.0,0.0,0.0,0.9996627597035963,1.0,0.0,0.0,0.0,0.0,1,Minimal,0.0,1.0,2012,4
Nandi,2012-07-01,0.9996627597035966,0.0,0.0,0.0,0.0,0.9996627597035966,1.0,0.0,0.0,0.0,0.0,1,Minimal,0.0,1.0,2012,7
Nandi,2012-10-01,0.9996627597035966,0.0,0.0,0.0,0.0,0.9996627597035966,1.0,0.0,0.0,0.0,0.0,1,Minimal,0.0,1.0,2012,10
Nandi,2013-01-01,0.999662759703597,0.0,0.0,0.0,0.0,0.999662759703597,1.0,0.0,0.0,0.0,0.0,1,Minimal,0.0,1.0,2013,1
Nandi,2013-04-01,0.999662759703597,0.0,0.0,0.0,0.0,0.999662759703597,1.0,0.0,0.0,0.0,0.0,1,Minimal,0.0,1.0,2013,4
Nandi,2013-07-01,0.9996627597035961,0.0,0.0,0.0,0.0,0.9996627597035961,1.0,0.0,0.0,0.0,0.0,1,Minimal,0.0,1.0,2013,7
Nandi,2013-10-01,0.9996627597035961,0.0,0.0,0.0,0.0,0.9996627597035961,1.0,0.0,0.0,0.0,0.0,1,Minimal,0.0,1.0,2013,10
Nandi,2014-01-01,0.9996627597035966,0.0,0.0,0.0,0.0,0.9996627597035966,1.0,0.0,0.0,0.0,0.0,1,Minimal,0.0,1.0,2014,1
Nandi,2014-04-01,0.9996627597035966,0.0,0.0,0.0,0.0,0.9996627597035966,1.0,0.0,0.0,0.0,0.0,1,Minimal,0.0,1.0,2014,4
Nandi,2014-07-01,0.999662759703597,0.0,0.0,0.0,0.0,0.999662759703597,1.0,0.0,0.0,0.0,0.0,1,Minimal,0.0,1.0,2014,7
Nandi,2014-10-01,0.9996627597035963,0.0,0.0,0.0,0.0,0.9996627597035963,1.0,0.0,0.0,0.0,0.0,1,Minimal,0.0,1.0,2014,10
Nandi,2015-01-01,0.9996627597035957,0.0,0.0,0.0,0.0,0.9996627597035957,1.0,0.0,0.0,0.0,0.0,1,Minimal,0.0,1.0,2015,1
Nandi,2015-04-01,0.9996627597035963,0.0,0.0,0.0,0.0,0.9996627597035963,1.0,0.0,0.0,0.0,0.0,1,Minimal,0.0,1.0,2015,4
Nandi,2015-07-01,0.9996627597035966,0.0,0.0,0.0,0.0,0.9996627597035966,1.0,0.0,0.0,0.0,0.0,1,Minimal,0.0,1.0,2015,7
Nandi,2015-10-01,0.9996627597035963,0.0,0.0,0.0,0.0,0.9996627597035963,1.0,0.0,0.0,0.0,0.0,1,Minimal,0.0,1.0,2015,10
Nandi,2016-02-01,0.999662759703597,0.0,0.0,0.0,0.0,0.999662759703597,1.0,0.0,0.0,0.0,0.0,1,Minimal,0.0,1.0,2016,2
Nandi,2016-06-01,0.9998151603533768,0.0,0.0,0.0,0.0,0.9998151603533768,1.0,0.0,0.0,0.0,0.0,1,Minimal,0.0,1.0,2016,6
Nandi,2016-10-01,0.9998151603533765,0.0,0.0,0.0,0.0,0.9998151603533765,1.0,0.0,0.0,0.0,0.0,1,Minimal,0.0,1.0,2016,10
Nandi,2017-02-01,0.9998151603533768,0.0,0.0,0.0,0.0,0.9998151603533768,1.0,0.0,0.0,0.0,0.0,1,Minimal,0.0,1.0,2017,2
Nandi,2017-06-01,0.9998151603533768,0.0,0.0,0.0,0.0,0.9998151603533768,1.0,0.0,0.0,0.0,0.0,1,Minimal,0.0,1.0,2017,6
Nandi,2017-10-01,0.9998151603528127,0.0,0.0,0.0,0.0,0.9998151603528127,1.0,0.0,0.0,0.0,0.0,1,Minimal,0.0,1.0,2017,10
Nandi,2018-02-01,0.9998151603528127,0.0,0.0,0.0,0.0,0.9998151603528127,1.0,0.0,0.0,0.0,0.0,1,Minimal,0.0,1.0,2018,2
Nandi,2018-06-01,0.9998151603533766,0.0,0.0,0.0,0.0,0.9998151603533766,1.0,0.0,0.0,0.0,0.0,1,Minimal,0.0,1.0,2018,6
Nandi,2018-12-01,0.9998151603528128,0.0,0.0,0.0,0.0,0.9998151603528128,1.0,0.0,0.0,0.0,0.0,1,Minimal,0.0,1.0,2018,12
Nandi,2019-02-01,0.9998151603533765,0.0,0.0,0.0,0.0,0.9998151603533765,1.0,0.0,0.0,0.0,0.0,1,Minimal,0.0,1.0,2019,2
Nandi,2019-06-01,0.9998151603533765,0.0,0.0,0.0,0.0,0.9998151603533765,1.0,0.0,0.0,0.0,0.0,1,Minimal,0.0,1.0,2019,6
Nandi,2019-10-01,0.9998151603533765,0.0,0.0,0.0,0.0,0.9998151603533765,1.0,0.0,0.0,0.0,0.0,1,Minimal,0.0,1.0,2019,10
Nandi,2020-02-01,0.9998151603533766,0.0,0.0,0.0,0.0,0.9998151603533766,1.0,0.0,0.0,0.0,0.0,1,Minimal,0.0,1.0,2020,2
Nandi,2020-06-01,0.9998151603533766,0.0,0.0,0.0,0.0,0.9998151603533766,1.0,0.0,0.0,0.0,0.0,1,Minimal,0.0,1.0,2020,6
Nandi,2020-10-01,0.9998151603533765,0.0,0.0,0.0,0.0,0.9998151603533765,1.0,0.0,0.0,0.0,0.0,1,Minimal,0.0,1.0,2020,10
Nandi,2021-02-01,0.9998151603533765,0.0,0.0,0.0,0.0,0.9998151603533765,1.0,0.0,0.0,0.0,0.0,1,Minimal,0.0,1.0,2021,2
Nandi,2021-06-01,0.9998151603533765,0.0,0.0,0.0,0.0,0.9998151603533765,1.0,0.0,0.0,0.0,0.0,1,Minimal,0.0,1.0,2021,6
Nandi,2021-10-01,0.9998151603533766,0.0,0.0,0.0,0.0,0.9998151603533766,1.0,0.0,0.0,0.0,0.0,1,Minimal,0.0,1.0,2021,10
Nandi,2022-02-01,0.9998151603533765,0.0,0.0,0.0,0.0,0.9998151603533765,1.0,0.0,0.0,0.0,0.0,1,Minimal,0.0,1.0,2022,2
Nandi,2022-06-01,0.9998151603533765,0.0,0.0,0.0,0.0,0.9998151603533765,1.0,0.0,0.0,0.0,0.0,1,Minimal,0.0,1.0,2022,6
Nandi,2022-10-01,0.9998151603533765,0.0,0.0,0.0,0.0,0.9998151603533765,1.0,0.0,0.0,0.0,0.0,1,Minimal,0.0,1.0,2022,10
Nandi,2023-02-01,0.9998151603533765,0.0,0.0,0.0,0.0,0.9998151603533765,1.0,0.0,0.0,0.0,0.0,1,Minimal,0.0,1.0,2023,2
Nandi,2023-06-01,0.9998151603533765,0.0,0.0,0.0,0.0,0.9998151603533765,1.0,0.0,0.0,0.0,0.0,1,Minimal,0.0,1.0,2023,6
Nandi,2023-10-01,0.9998151603533765,0.0,0.0,0.0,0.0,0.9998151603533765,1.0,0.0,0.0,0.0,0.0,1,Minimal,0.0,1.0,2023,10
Nandi,2024-02-01,0.9998151603533765,0.0,0.0,0.0,0.0,0.9998151603533765,1.0,0.0,0.0,0.0,0.0,1,Minimal,0.0,1.0,2024,2
Nandi,2024-06-01,0.9998151603533765,0.0,0.0,0.0,0.0,0.9998151603533765,1.0,0.0,0.0,0.0,0.0,1,Minimal,0.0,1.0,2024,6
Nandi,2024-10-01,0.9998151603533765,0.0,0.0,0.0,0.0,0.9998151603533765,1.0,0.0,0.0,0.0,0.0,1,Minimal,0.0,1.0,2024,10
Nandi,2025-10-01,0.9998151603533765,0.0,0.0,0.0,0.0,0.9998151603533765,1.0,0.0,0.0,0.0,0.0,1,Minimal,0.0,1.0,2025,10
Nandi,2026-02-01,0.9998151603533765,0.0,0.0,0.0,0.0,0.9998151603533765,1.0,0.0,0.0,0.0,0.0,1,Minimal,0.0,1.0,2026,2
Nandi,2026-06-01,0.9998151603533765,0.0,0.0,0.0,0.0,0.9998151603533765,1.0,0.0,0.0,0.0,0.0,1,Minimal,0.0,1.0,2026,6
Narok,2011-01-01,0.0006812625012791815,0.9920639717385573,0.0,0.0,0.0,0.9927452342398365,0.0006862410191279709,0.999313758980872,0.0,0.0,0.0,2,Stressed,0.0,1.999313758980872,2011,1
Narok,2011-04-01,0.0006812625012791815,0.9920639717385573,0.0,0.0,0.0,0.9927452342398365,0.0006862410191279709,0.999313758980872,0.0,0.0,0.0,2,Stressed,0.0,1.999313758980872,2011,4
Narok,2011-07-01,0.5467135697618406,0.44595444206198104,0.0,0.0,0.0,0.9926680118238216,0.5507516745274866,0.4492483254725135,0.0,0.0,0.0,1,Minimal,0.0,1.4492483254725137,2011,7
Narok,2011-10-01,0.060659318883266956,0.3414214672743643,0.5905991425906406,0.0,0.0,0.9926799287482719,0.06110662372287091,0.3439391261842904,0.5949542500928386,0.0,0.0,3,Crisis,0.5949542500928386,2.5338476263699676,2011,10
Narok,2012-01-01,0.1581989250057514,0.8344673870854591,0.0,0.0,0.0,0.9926663120912105,0.1593676778176143,0.8406323221823857,0.0,0.0,0.0,2,Stressed,0.0,1.8406323221823857,2012,1
Narok,2012-04-01,0.46251376275245776,0.5301561399352677,0.0,0.0,0.0,0.9926699026877255,0.4659290681627078,0.5340709318372922,0.0,0.0,0.0,2,Stressed,0.0,1.534070931837292,2012,4
Narok,2012-07-01,0.46251376275245776,0.5301561399352677,0.0,0.0,0.0,0.9926699026877255,0.4659290681627078,0.5340709318372922,0.0,0.0,0.0,2,Stressed,0.0,1.534070931837292,2012,7
Narok,2012-10-01,0.46251376275245776,0.5301561399352677,0.0,0.0,0.0,0.9926699026877255,0.4659290681627078,0.5340709318372922,0.0,0.0,0.0,2,Stressed,0.0,1.534070931837292,2012,10
Narok,2013-01-01,0.4625137627524577,0.5301561399352677,0.0,0.0,0.0,0.9926699026877254,0.4659290681627078,0.5340709318372923,0.0,0.0,0.0,2,Stressed,0.0,1.5340709318372923,2013,1
Narok,2013-04-01,0.4625137627524577,0.5301561399352677,0.0,0.0,0.0,0.9926699026877254,0.4659290681627078,0.5340709318372923,0.0,0.0,0.0,2,Stressed,0.0,1.5340709318372923,2013,4
Narok,2013-07-01,0.46251376275245776,0.5301561399352677,0.0,0.0,0.0,0.9926699026877255,0.4659290681627078,0.5340709318372922,0.0,0.0,0.0,2,Stressed,0.0,1.534070931837292,2013,7
Narok,2013-10-01,0.46251376275245776,0.5301561399352677,0.0,0.0,0.0,0.9926699026877255,0.4659290681627078,0.5340709318372922,0.0,0.0,0.0,2,Stressed,0.0,1.534070931837292,2013,10
Narok,2014-01-01,0.46251376275245776,0.5301561399352677,0.0,0.0,0.0,0.9926699026877255,0.4659290681627078,0.5340709318372922,0.0,0.0,0.0,2,Stressed,0.0,1.534070931837292,2014,1
Narok,2014-04-01,0.4625137627524577,0.5301561399352677,0.0,0.0,0.0,0.9926699026877254,0.4659290681627078,0.5340709318372923,0.0,0.0,0.0,2,Stressed,0.0,1.5340709318372923,2014,4
Narok,2014-07-01,0.15819393129045098,0.8344723808007596,0.0,0.0,0.0,0.9926663120912106,0.15936264720940324,0.8406373527905967,0.0,0.0,0.0,2,Stressed,0.0,1.8406373527905966,2014,7
Narok,2014-10-01,0.7955521150023681,0.19710760835839522,0.0,0.0,0.0,0.9926597233607634,0.8014348686465642,0.1985651313534358,0.0,0.0,0.0,1,Minimal,0.0,1.1985651313534358,2014,10
Narok,2015-01-01,0.9926538206670448,0.0,0.0,0.0,0.0,0.9926538206670448,1.0,0.0,0.0,0.0,0.0,1,Minimal,0.0,1.0,2015,1
Narok,2015-04-01,0.9926538206670446,0.0,0.0,0.0,0.0,0.9926538206670446,1.0,0.0,0.0,0.0,0.0,1,Minimal,0.0,1.0,2015,4
Narok,2015-07-01,0.8874826508592866,0.10517707250147718,0.0,0.0,0.0,0.9926597233607637,0.8940451898809916,0.10595481011900845,0.0,0.0,0.0,1,Minimal,0.0,1.1059548101190084,2015,7
Narok,2015-10-01,0.9926538206670448,0.0,0.0,0.0,0.0,0.9926538206670448,1.0,0.0,0.0,0.0,0.0,1,Minimal,0.0,1.0,2015,10
Narok,2016-02-01,0.9926538206670446,0.0,0.0,0.0,0.0,0.9926538206670446,1.0,0.0,0.0,0.0,0.0,1,Minimal,0.0,1.0,2016,2
Narok,2016-06-01,0.9926648706761423,0.0,0.0,0.0,0.0,0.9926648706761423,1.0,0.0,0.0,0.0,0.0,1,Minimal,0.0,1.0,2016,6
Narok,2016-10-01,0.5209491243390643,0.47171644516290046,0.0,0.0,0.0,0.9926655695019647,0.52479822041217,0.47520177958783005,0.0,0.0,0.0,1,Minimal,0.0,1.47520177958783,2016,10
Narok,2017-02-01,0.0027226418072639953,0.9899724577573544,0.0,0.0,0.0,0.9926950995646184,0.0027426767881277,0.9972573232118723,0.0,0.0,0.0,2,Stressed,0.0,1.9972573232118724,2017,2
Narok,2017-06-01,0.0059262565577157394,0.9867708202473976,0.0,0.0,0.0,0.9926970768051133,0.005969853942542821,0.9940301460574572,0.0,0.0,0.0,2,Stressed,0.0,1.9940301460574572,2017,6
Narok,2017-10-01,0.23710407288816504,0.75558721368958,0.0,0.0,0.0,0.9926912865777451,0.23884975731535812,0.7611502426846418,0.0,0.0,0.0,2,Stressed,0.0,1.7611502426846417,2017,10
Narok,2018-02-01,0.39826987629105703,0.5942869120158756,0.00012938000717766497,0.0,0.0,0.9926861683141103,0.4012042164014868,0.5986654503559363,0.000130333242576949,0.0,0.0,2,Stressed,0.000130333242576949,1.5989261168410904,2018,2
Narok,2018-06-01,0.9926648706761425,0.0,0.0,0.0,0.0,0.9926648706761425,1.0,0.0,0.0,0.0,0.0,1,Minimal,0.0,1.0,2018,6
Narok,2018-12-01,0.992534604756893,0.0001302659189729505,0.0,0.0,0.0,0.992664870675866,0.9998687715030308,0.00013122849696923155,0.0,0.0,0.0,1,Minimal,0.0,1.0001312284969692,2018,12
Narok,2019-02-01,0.8731877824211642,0.11949675439230441,0.0,0.0,0.0,0.9926845368134687,0.8796226293844662,0.12037737061553379,0.0,0.0,0.0,1,Minimal,0.0,1.1203773706155338,2019,2
Narok,2019-06-01,0.9925354906688848,0.00012938000717766497,0.0,0.0,0.0,0.9926648706760625,0.9998696639611216,0.00013033603887840784,0.0,0.0,0.0,1,Minimal,0.0,1.0001303360388785,2019,6
Narok,2019-10-01,0.12095259186744488,0.8717350567132902,0.0,0.0,0.0,0.9926876485807351,0.12184355475800787,0.8781564452419921,0.0,0.0,0.0,2,Stressed,0.0,1.878156445241992,2019,10
Narok,2020-02-01,0.9925346047571677,0.0001302659189729505,0.0,0.0,0.0,0.9926648706761406,0.9998687715030309,0.00013122849696919526,0.0,0.0,0.0,1,Minimal,0.0,1.0001312284969692,2020,2
Narok,2020-06-01,0.9925346047570898,0.0001302659189729505,0.0,0.0,0.0,0.9926648706760627,0.9998687715030309,0.00013122849696920556,0.0,0.0,0.0,1,Minimal,0.0,1.0001312284969692,2020,6
Narok,2020-10-01,0.4062552664425073,0.5864117580170775,0.0,0.0,0.0,0.9926670244595848,0.40925633312305876,0.5907436668769412,0.0,0.0,0.0,2,Stressed,0.0,1.5907436668769412,2020,10
Narok,2021-02-01,0.29201454391265774,0.7006714478582328,0.0,0.0,0.0,0.9926859917708906,0.29416607702071207,0.7058339229792878,0.0,0.0,0.0,2,Stressed,0.0,1.7058339229792878,2021,2
Narok,2021-06-01,0.20730966989087635,0.785376249194747,0.0,0.0,0.0,0.9926859190856234,0.20883712149541933,0.7911628785045806,0.0,0.0,0.0,2,Stressed,0.0,1.7911628785045806,2021,6
Narok,2021-10-01,0.0027226418072639953,0.9899724577573544,0.0,0.0,0.0,0.9926950995646184,0.0027426767881277,0.9972573232118723,0.0,0.0,0.0,2,Stressed,0.0,1.9972573232118724,2021,10
Narok,2022-02-01,0.9925346047568928,0.0001302659189729505,0.0,0.0,0.0,0.9926648706758657,0.9998687715030308,0.00013122849696923158,0.0,0.0,0.0,1,Minimal,0.0,1.0001312284969692,2022,2
Narok,2022-06-01,0.9925346047570895,0.0001302659189729505,0.0,0.0,0.0,0.9926648706760625,0.9998687715030309,0.00013122849696920559,0.0,0.0,0.0,1,Minimal,0.0,1.0001312284969692,2022,6
Narok,2022-10-01,0.9925346047570895,0.0001302659189729505,0.0,0.0,0.0,0.9926648706760625,0.9998687715030309,0.00013122849696920559,0.0,0.0,0.0,1,Minimal,0.0,1.0001312284969692,2022,10
Narok,2023-02-01,0.47658970311508136,0.5160753441040067,0.0,0.0,0.0,0.9926650472190881,0.4801112968067412,0.5198887031932587,0.0,0.0,0.0,2,Stressed,0.0,1.5198887031932586,2023,2
Narok,2023-06-01,0.47658970311508136,0.5160753441040067,0.0,0.0,0.0,0.9926650472190881,0.4801112968067412,0.5198887031932587,0.0,0.0,0.0,2,Stressed,0.0,1.5198887031932586,2023,6
Narok,2023-10-01,0.47658970311508136,0.5160753441040067,0.0,0.0,0.0,0.9926650472190881,0.4801112968067412,0.5198887031932587,0.0,0.0,0.0,2,Stressed,0.0,1.5198887031932586,2023,10
Narok,2024-02-01,0.992534604756893,0.0001302659189729505,0.0,0.0,0.0,0.992664870675866,0.9998687715030308,0.00013122849696923155,0.0,0.0,0.0,1,Minimal,0.0,1.0001312284969692,2024,2
Narok,2024-06-01,0.992534604756893,0.0001302659189729505,0.0,0.0,0.0,0.992664870675866,0.9998687715030308,0.00013122849696923155,0.0,0.0,0.0,1,Minimal,0.0,1.0001312284969692,2024,6
Narok,2024-10-01,0.992534604756893,0.0001302659189729505,0.0,0.0,0.0,0.992664870675866,0.9998687715030308,0.00013122849696923155,0.0,0.0,0.0,1,Minimal,0.0,1.0001312284969692,2024,10
Narok,2025-10-01,0.0027226418072639953,0.9899724577575512,0.0,0.0,0.0,0.9926950995648152,0.0027426767881271567,0.9972573232118729,0.0,0.0,0.0,2,Stressed,0.0,1.9972573232118729,2025,10
Narok,2026-02-01,0.0027226418072639953,0.9899724577573544,0.0,0.0,0.0,0.9926950995646184,0.0027426767881277,0.9972573232118723,0.0,0.0,0.0,2,Stressed,0.0,1.9972573232118724,2026,2
Narok,2026-06-01,0.0027226418072639953,0.9899724577573544,0.0,0.0,0.0,0.9926950995646184,0.0027426767881277,0.9972573232118723,0.0,0.0,0.0,2,Stressed,0.0,1.9972573232118724,2026,6
Nyamira,2011-01-01,0.9999123503444207,2.68003472757199e-07,0.0,0.0,0.0,0.9999126183478935,0.9999997319731067,2.680268933899524e-07,0.0,0.0,0.0,1,Minimal,0.0,1.0000002680268933,2011,1
Nyamira,2011-04-01,0.9999123503444207,2.68003472757199e-07,0.0,0.0,0.0,0.9999126183478935,0.9999997319731067,2.680268933899524e-07,0.0,0.0,0.0,1,Minimal,0.0,1.0000002680268933,2011,4
Nyamira,2011-07-01,0.9997642108519643,0.0,0.0,0.0,0.0,0.9997642108519643,1.0,0.0,0.0,0.0,0.0,1,Minimal,0.0,1.0,2011,7
Nyamira,2011-10-01,0.9997642108519643,0.0,0.0,0.0,0.0,0.9997642108519643,1.0,0.0,0.0,0.0,0.0,1,Minimal,0.0,1.0,2011,10
Nyamira,2012-01-01,0.9997642108519643,0.0,0.0,0.0,0.0,0.9997642108519643,1.0,0.0,0.0,0.0,0.0,1,Minimal,0.0,1.0,2012,1
Nyamira,2012-04-01,0.9997642108519643,0.0,0.0,0.0,0.0,0.9997642108519643,1.0,0.0,0.0,0.0,0.0,1,Minimal,0.0,1.0,2012,4
Nyamira,2012-07-01,0.9997642108519643,0.0,0.0,0.0,0.0,0.9997642108519643,1.0,0.0,0.0,0.0,0.0,1,Minimal,0.0,1.0,2012,7
Nyamira,2012-10-01,0.9997642108519643,0.0,0.0,0.0,0.0,0.9997642108519643,1.0,0.0,0.0,0.0,0.0,1,Minimal,0.0,1.0,2012,10
Nyamira,2013-01-01,0.9997642108519643,0.0,0.0,0.0,0.0,0.9997642108519643,1.0,0.0,0.0,0.0,0.0,1,Minimal,0.0,1.0,2013,1
Nyamira,2013-04-01,0.9997642108519643,0.0,0.0,0.0,0.0,0.9997642108519643,1.0,0.0,0.0,0.0,0.0,1,Minimal,0.0,1.0,2013,4
Nyamira,2013-07-01,0.9997642108519643,0.0,0.0,0.0,0.0,0.9997642108519643,1.0,0.0,0.0,0.0,0.0,1,Minimal,0.0,1.0,2013,7
Nyamira,2013-10-01,0.9997642108519643,0.0,0.0,0.0,0.0,0.9997642108519643,1.0,0.0,0.0,0.0,0.0,1,Minimal,0.0,1.0,2013,10
Nyamira,2014-01-01,0.9997642108519643,0.0,0.0,0.0,0.0,0.9997642108519643,1.0,0.0,0.0,0.0,0.0,1,Minimal,0.0,1.0,2014,1
Nyamira,2014-04-01,0.9997642108519643,0.0,0.0,0.0,0.0,0.9997642108519643,1.0,0.0,0.0,0.0,0.0,1,Minimal,0.0,1.0,2014,4
Nyamira,2014-07-01,0.9997642108519643,0.0,0.0,0.0,0.0,0.9997642108519643,1.0,0.0,0.0,0.0,0.0,1,Minimal,0.0,1.0,2014,7
Nyamira,2014-10-01,0.9997642108519643,0.0,0.0,0.0,0.0,0.9997642108519643,1.0,0.0,0.0,0.0,0.0,1,Minimal,0.0,1.0,2014,10
Nyamira,2015-01-01,0.9997642108519643,0.0,0.0,0.0,0.0,0.9997642108519643,1.0,0.0,0.0,0.0,0.0,1,Minimal,0.0,1.0,2015,1
Nyamira,2015-04-01,0.9997642108519643,0.0,0.0,0.0,0.0,0.9997642108519643,1.0,0.0,0.0,0.0,0.0,1,Minimal,0.0,1.0,2015,4
Nyamira,2015-07-01,0.9997642108519643,0.0,0.0,0.0,0.0,0.9997642108519643,1.0,0.0,0.0,0.0,0.0,1,Minimal,0.0,1.0,2015,7
Nyamira,2015-10-01,0.9997642108519643,0.0,0.0,0.0,0.0,0.9997642108519643,1.0,0.0,0.0,0.0,0.0,1,Minimal,0.0,1.0,2015,10
Nyamira,2016-02-01,0.9997642108519643,0.0,0.0,0.0,0.0,0.9997642108519643,1.0,0.0,0.0,0.0,0.0,1,Minimal,0.0,1.0,2016,2
Nyamira,2016-06-01,0.999826225293629,0.0,0.0,0.0,0.0,0.999826225293629,1.0,0.0,0.0,0.0,0.0,1,Minimal,0.0,1.0,2016,6
Nyamira,2016-10-01,0.999826225293629,0.0,0.0,0.0,0.0,0.999826225293629,1.0,0.0,0.0,0.0,0.0,1,Minimal,0.0,1.0,2016,10
Nyamira,2017-02-01,0.999826225293641,0.0,0.0,0.0,0.0,0.999826225293641,1.0,0.0,0.0,0.0,0.0,1,Minimal,0.0,1.0,2017,2
Nyamira,2017-06-01,0.999826225293641,0.0,0.0,0.0,0.0,0.999826225293641,1.0,0.0,0.0,0.0,0.0,1,Minimal,0.0,1.0,2017,6
Nyamira,2017-10-01,0.9998262252936406,0.0,0.0,0.0,0.0,0.9998262252936406,1.0,0.0,0.0,0.0,0.0,1,Minimal,0.0,1.0,2017,10
Nyamira,2018-02-01,0.9998262252936287,0.0,0.0,0.0,0.0,0.9998262252936287,1.0,0.0,0.0,0.0,0.0,1,Minimal,0.0,1.0,2018,2
Nyamira,2018-06-01,0.999826225293629,0.0,0.0,0.0,0.0,0.999826225293629,1.0,0.0,0.0,0.0,0.0,1,Minimal,0.0,1.0,2018,6
Nyamira,2018-12-01,0.999826225293629,0.0,0.0,0.0,0.0,0.999826225293629,1.0,0.0,0.0,0.0,0.0,1,Minimal,0.0,1.0,2018,12
Nyamira,2019-02-01,0.999826225293629,0.0,0.0,0.0,0.0,0.999826225293629,1.0,0.0,0.0,0.0,0.0,1,Minimal,0.0,1.0,2019,2
Nyamira,2019-06-01,0.999826225293629,0.0,0.0,0.0,0.0,0.999826225293629,1.0,0.0,0.0,0.0,0.0,1,Minimal,0.0,1.0,2019,6
Nyamira,2019-10-01,0.9998262252936287,0.0,0.0,0.0,0.0,0.9998262252936287,1.0,0.0,0.0,0.0,0.0,1,Minimal,0.0,1.0,2019,10
Nyamira,2020-02-01,0.999826225293629,0.0,0.0,0.0,0.0,0.999826225293629,1.0,0.0,0.0,0.0,0.0,1,Minimal,0.0,1.0,2020,2
Nyamira,2020-06-01,0.999826225293629,0.0,0.0,0.0,0.0,0.999826225293629,1.0,0.0,0.0,0.0,0.0,1,Minimal,0.0,1.0,2020,6
Nyamira,2020-10-01,0.999826225293629,0.0,0.0,0.0,0.0,0.999826225293629,1.0,0.0,0.0,0.0,0.0,1,Minimal,0.0,1.0,2020,10
Nyamira,2021-02-01,0.999826225293629,0.0,0.0,0.0,0.0,0.999826225293629,1.0,0.0,0.0,0.0,0.0,1,Minimal,0.0,1.0,2021,2
Nyamira,2021-06-01,0.999826225293629,0.0,0.0,0.0,0.0,0.999826225293629,1.0,0.0,0.0,0.0,0.0,1,Minimal,0.0,1.0,2021,6
Nyamira,2021-10-01,0.999826225293641,0.0,0.0,0.0,0.0,0.999826225293641,1.0,0.0,0.0,0.0,0.0,1,Minimal,0.0,1.0,2021,10
Nyamira,2022-02-01,0.999826225293629,0.0,0.0,0.0,0.0,0.999826225293629,1.0,0.0,0.0,0.0,0.0,1,Minimal,0.0,1.0,2022,2
Nyamira,2022-06-01,0.999826225293629,0.0,0.0,0.0,0.0,0.999826225293629,1.0,0.0,0.0,0.0,0.0,1,Minimal,0.0,1.0,2022,6
Nyamira,2022-10-01,0.999826225293629,0.0,0.0,0.0,0.0,0.999826225293629,1.0,0.0,0.0,0.0,0.0,1,Minimal,0.0,1.0,2022,10
Nyamira,2023-02-01,0.999826225293629,0.0,0.0,0.0,0.0,0.999826225293629,1.0,0.0,0.0,0.0,0.0,1,Minimal,0.0,1.0,2023,2
Nyamira,2023-06-01,0.999826225293629,0.0,0.0,0.0,0.0,0.999826225293629,1.0,0.0,0.0,0.0,0.0,1,Minimal,0.0,1.0,2023,6
Nyamira,2023-10-01,0.999826225293629,0.0,0.0,0.0,0.0,0.999826225293629,1.0,0.0,0.0,0.0,0.0,1,Minimal,0.0,1.0,2023,10
Nyamira,2024-02-01,0.999826225293629,0.0,0.0,0.0,0.0,0.999826225293629,1.0,0.0,0.0,0.0,0.0,1,Minimal,0.0,1.0,2024,2
Nyamira,2024-06-01,0.999826225293629,0.0,0.0,0.0,0.0,0.999826225293629,1.0,0.0,0.0,0.0,0.0,1,Minimal,0.0,1.0,2024,6
Nyamira,2024-10-01,0.999826225293629,0.0,0.0,0.0,0.0,0.999826225293629,1.0,0.0,0.0,0.0,0.0,1,Minimal,0.0,1.0,2024,10
Nyamira,2025-10-01,0.999826225293641,0.0,0.0,0.0,0.0,0.999826225293641,1.0,0.0,0.0,0.0,0.0,1,Minimal,0.0,1.0,2025,10
Nyamira,2026-02-01,0.999826225293641,0.0,0.0,0.0,0.0,0.999826225293641,1.0,0.0,0.0,0.0,0.0,1,Minimal,0.0,1.0,2026,2
Nyamira,2026-06-01,0.999826225293641,0.0,0.0,0.0,0.0,0.999826225293641,1.0,0.0,0.0,0.0,0.0,1,Minimal,0.0,1.0,2026,6
Nyandarua,2011-01-01,0.9984543250602919,0.0015127725685499958,0.0,0.0,0.0,0.9999670976288418,0.9984871776560078,0.0015128223439922542,0.0,0.0,0.0,1,Minimal,0.0,1.0015128223439924,2011,1
Nyandarua,2011-04-01,0.9984543250602919,0.0015127725685499958,0.0,0.0,0.0,0.9999670976288418,0.9984871776560078,0.0015128223439922542,0.0,0.0,0.0,1,Minimal,0.0,1.0015128223439924,2011,4
Nyandarua,2011-07-01,0.9983542429800187,0.0015293864885182625,0.0,0.0,0.0,0.999883629468537,0.9984704355152497,0.0015295644847502599,0.0,0.0,0.0,1,Minimal,0.0,1.0015295644847502,2011,7
Nyandarua,2011-10-01,0.9981799639801677,0.0007600132066762585,0.0009436522816928757,0.0,0.0,0.9998836294685369,0.9982961362320986,0.0007601016601104115,0.0009437621077909341,0.0,0.0,1,Minimal,0.0009437621077909341,1.0026476258756922,2011,10
Nyandarua,2012-01-01,0.9981799639801677,0.001703665488369251,0.0,0.0,0.0,0.9998836294685369,0.9982961362320986,0.0017038637679014622,0.0,0.0,0.0,1,Minimal,0.0,1.0017038637679014,2012,1
Nyandarua,2012-04-01,0.9986072469260967,0.0012707268428982994,0.0,0.0,0.0,0.999877973768995,0.9987291180761705,0.0012708819238295165,0.0,0.0,0.0,1,Minimal,0.0,1.0012708819238296,2012,4
Nyandarua,2012-07-01,0.9986072469260967,0.0012707268428982994,0.0,0.0,0.0,0.999877973768995,0.9987291180761705,0.0012708819238295165,0.0,0.0,0.0,1,Minimal,0.0,1.0012708819238296,2012,7
Nyandarua,2012-10-01,0.9986072469260967,0.0012707268428982994,0.0,0.0,0.0,0.999877973768995,0.9987291180761705,0.0012708819238295165,0.0,0.0,0.0,1,Minimal,0.0,1.0012708819238296,2012,10
Nyandarua,2013-01-01,0.9986072469260968,0.0012707268428982994,0.0,0.0,0.0,0.9998779737689951,0.9987291180761705,0.0012708819238295165,0.0,0.0,0.0,1,Minimal,0.0,1.0012708819238296,2013,1
Nyandarua,2013-04-01,0.9986072469260968,0.0012707268428982994,0.0,0.0,0.0,0.9998779737689951,0.9987291180761705,0.0012708819238295165,0.0,0.0,0.0,1,Minimal,0.0,1.0012708819238296,2013,4
Nyandarua,2013-07-01,0.9986072469260967,0.0012707268428982994,0.0,0.0,0.0,0.999877973768995,0.9987291180761705,0.0012708819238295165,0.0,0.0,0.0,1,Minimal,0.0,1.0012708819238296,2013,7
Nyandarua,2013-10-01,0.9986072469260967,0.0012707268428982994,0.0,0.0,0.0,0.999877973768995,0.9987291180761705,0.0012708819238295165,0.0,0.0,0.0,1,Minimal,0.0,1.0012708819238296,2013,10
Nyandarua,2014-01-01,0.9986072469260967,0.0012707268428982994,0.0,0.0,0.0,0.999877973768995,0.9987291180761705,0.0012708819238295165,0.0,0.0,0.0,1,Minimal,0.0,1.0012708819238296,2014,1
Nyandarua,2014-04-01,0.9986072469260967,0.0012707268428982994,0.0,0.0,0.0,0.999877973768995,0.9987291180761705,0.0012708819238295165,0.0,0.0,0.0,1,Minimal,0.0,1.0012708819238296,2014,4
Nyandarua,2014-07-01,0.9986072469260967,0.0012707268428982994,0.0,0.0,0.0,0.999877973768995,0.9987291180761705,0.0012708819238295165,0.0,0.0,0.0,1,Minimal,0.0,1.0012708819238296,2014,7
Nyandarua,2014-10-01,0.9995391967978169,0.00032707456120538897,0.0,0.0,0.0,0.9998662713590223,0.999672881693708,0.00032711830629192834,0.0,0.0,0.0,1,Minimal,0.0,1.0003271183062918,2014,10
Nyandarua,2015-01-01,0.9995391967978169,0.00032707456120538897,0.0,0.0,0.0,0.9998662713590223,0.999672881693708,0.00032711830629192834,0.0,0.0,0.0,1,Minimal,0.0,1.0003271183062918,2015,1
Nyandarua,2015-04-01,0.9986072469260967,0.0012707268428982994,0.0,0.0,0.0,0.999877973768995,0.9987291180761705,0.0012708819238295165,0.0,0.0,0.0,1,Minimal,0.0,1.0012708819238296,2015,4
Nyandarua,2015-07-01,0.9986072469260968,0.0012707268428982994,0.0,0.0,0.0,0.9998779737689951,0.9987291180761705,0.0012708819238295165,0.0,0.0,0.0,1,Minimal,0.0,1.0012708819238296,2015,7
Nyandarua,2015-10-01,0.9986072469260967,0.0012707268428982994,0.0,0.0,0.0,0.999877973768995,0.9987291180761705,0.0012708819238295165,0.0,0.0,0.0,1,Minimal,0.0,1.0012708819238296,2015,10
Nyandarua,2016-02-01,0.9998609829390607,0.0,0.0,0.0,0.0,0.9998609829390607,1.0,0.0,0.0,0.0,0.0,1,Minimal,0.0,1.0,2016,2
Nyandarua,2016-06-01,0.9998954460054942,0.0,0.0,0.0,0.0,0.9998954460054942,1.0,0.0,0.0,0.0,0.0,1,Minimal,0.0,1.0,2016,6
Nyandarua,2016-10-01,0.9998465752727225,4.8870732885716346e-05,0.0,0.0,0.0,0.9998954460056082,0.9999511241569496,4.887584305033653e-05,0.0,0.0,0.0,1,Minimal,0.0,1.0000488758430504,2016,10
Nyandarua,2017-02-01,0.9952016155212035,0.004715021746130366,0.0,0.0,0.0,0.9999166372673338,0.9952845851640032,0.004715414835996749,0.0,0.0,0.0,1,Minimal,0.0,1.0047154148359967,2017,2
Nyandarua,2017-06-01,0.7438443479708545,0.25186734569990277,0.0042155297599619146,0.0,0.0,0.9999272234307192,0.7438984863505843,0.25188567707533127,0.0042158365740844255,0.0,0.0,1,Minimal,0.0042158365740844255,1.2603173502235003,2017,6
Nyandarua,2017-10-01,0.9989313782768937,0.0009640677309135499,0.0,0.0,0.0,0.9998954460078072,0.9990358314614166,0.0009641685385834055,0.0,0.0,0.0,1,Minimal,0.0,1.0009641685385835,2017,10
Nyandarua,2018-02-01,0.9998954460056042,0.0,0.0,0.0,0.0,0.9998954460056042,1.0,0.0,0.0,0.0,0.0,1,Minimal,0.0,1.0,2018,2
Nyandarua,2018-06-01,0.9998954460054942,0.0,0.0,0.0,0.0,0.9998954460054942,1.0,0.0,0.0,0.0,0.0,1,Minimal,0.0,1.0,2018,6
Nyandarua,2018-12-01,0.9989802490075772,0.0009151969980278335,0.0,0.0,0.0,0.999895446005605,0.9990847073044649,0.0009152926955351923,0.0,0.0,0.0,1,Minimal,0.0,1.0009152926955351,2018,12
Nyandarua,2019-02-01,0.9994430627143152,0.0004524055819762322,0.0,0.0,0.0,0.9998954682962914,0.9995475471223536,0.0004524528776463804,0.0,0.0,0.0,1,Minimal,0.0,1.0004524528776464,2019,2
Nyandarua,2019-06-01,0.9994430627142051,0.0004524055819762322,0.0,0.0,0.0,0.9998954682961814,0.9995475471223536,0.00045245287764643025,0.0,0.0,0.0,1,Minimal,0.0,1.0004524528776464,2019,6
Nyandarua,2019-10-01,0.9993959540194397,0.0004994919861684922,0.0,0.0,0.0,0.9998954460056082,0.9995004557844884,0.0004995442155115992,0.0,0.0,0.0,1,Minimal,0.0,1.0004995442155116,2019,10
Nyandarua,2020-02-01,0.9993959540193297,0.0004994919861684922,0.0,0.0,0.0,0.9998954460054982,0.9995004557844883,0.0004995442155116542,0.0,0.0,0.0,1,Minimal,0.0,1.0004995442155116,2020,2
Nyandarua,2020-06-01,0.9998954460054936,0.0,0.0,0.0,0.0,0.9998954460054936,1.0,0.0,0.0,0.0,0.0,1,Minimal,0.0,1.0,2020,6
Nyandarua,2020-10-01,0.9993959540193297,0.0004994919861684922,0.0,0.0,0.0,0.9998954460054982,0.9995004557844883,0.0004995442155116542,0.0,0.0,0.0,1,Minimal,0.0,1.0004995442155116,2020,10
Nyandarua,2021-02-01,0.9989435707281512,0.0009518975681447245,0.0,0.0,0.0,0.9998954682962959,0.9990480029179784,0.0009519970820216295,0.0,0.0,0.0,1,Minimal,0.0,1.0009519970820215,2021,2
Nyandarua,2021-06-01,0.9989435707280412,0.0009518975681447245,0.0,0.0,0.0,0.9998954682961859,0.9990480029179782,0.0009519970820217342,0.0,0.0,0.0,1,Minimal,0.0,1.0009519970820218,2021,6
Nyandarua,2021-10-01,0.9961150504791367,0.00380160907679603,0.0,0.0,0.0,0.9999166595559328,0.9961980740690085,0.0038019259309914296,0.0,0.0,0.0,1,Minimal,0.0,1.0038019259309914,2021,10
Nyandarua,2022-02-01,0.994749232229915,0.005167427328106598,0.0,0.0,0.0,0.9999166595580216,0.994832141980322,0.00516785801967804,0.0,0.0,0.0,1,Minimal,0.0,1.0051678580196781,2022,2
Nyandarua,2022-06-01,0.994749232229915,0.005167427328106598,0.0,0.0,0.0,0.9999166595580216,0.994832141980322,0.00516785801967804,0.0,0.0,0.0,1,Minimal,0.0,1.0051678580196781,2022,6
Nyandarua,2022-10-01,0.994749232229915,0.005167427328106598,0.0,0.0,0.0,0.9999166595580216,0.994832141980322,0.00516785801967804,0.0,0.0,0.0,1,Minimal,0.0,1.0051678580196781,2022,10
Nyandarua,2023-02-01,0.994749232230025,0.005167427328106598,0.0,0.0,0.0,0.9999166595581316,0.9948321419803225,0.0051678580196774715,0.0,0.0,0.0,1,Minimal,0.0,1.0051678580196775,2023,2
Nyandarua,2023-06-01,0.994749232230025,0.0042155297599619146,0.0009518975681447245,0.0,0.0,0.9999166595581316,0.9948321419803225,0.004215881113356766,0.0009519769063207458,0.0,0.0,1,Minimal,0.0009519769063207458,1.0061198349259983,2023,6
Nyandarua,2023-10-01,0.994749232230025,0.005167427328106598,0.0,0.0,0.0,0.9999166595581316,0.9948321419803225,0.0051678580196774715,0.0,0.0,0.0,1,Minimal,0.0,1.0051678580196775,2023,10
Nyandarua,2024-02-01,0.994749232230025,0.005167427328106598,0.0,0.0,0.0,0.9999166595581316,0.9948321419803225,0.0051678580196774715,0.0,0.0,0.0,1,Minimal,0.0,1.0051678580196775,2024,2
Nyandarua,2024-06-01,0.994749232230025,0.005167427328106598,0.0,0.0,0.0,0.9999166595581316,0.9948321419803225,0.0051678580196774715,0.0,0.0,0.0,1,Minimal,0.0,1.0051678580196775,2024,6
Nyandarua,2024-10-01,0.994749232230025,0.005167427328106598,0.0,0.0,0.0,0.9999166595581316,0.9948321419803225,0.0051678580196774715,0.0,0.0,0.0,1,Minimal,0.0,1.0051678580196775,2024,10
Nyandarua,2025-10-01,0.994749232229915,0.005167427328106598,0.0,0.0,0.0,0.9999166595580216,0.994832141980322,0.00516785801967804,0.0,0.0,0.0,1,Minimal,0.0,1.0051678580196781,2025,10
Nyandarua,2026-02-01,0.994749232229915,0.005167427328106598,0.0,0.0,0.0,0.9999166595580216,0.994832141980322,0.00516785801967804,0.0,0.0,0.0,1,Minimal,0.0,1.0051678580196781,2026,2
Nyandarua,2026-06-01,0.994749232229915,0.005167427328106598,0.0,0.0,0.0,0.9999166595580216,0.994832141980322,0.00516785801967804,0.0,0.0,0.0,1,Minimal,0.0,1.0051678580196781,2026,6
Nyeri,2011-01-01,0.9988230875971239,0.0011461109854304945,0.0,0.0,0.0,0.9999691985825544,0.9988538537116393,0.001146146288360776,0.0,0.0,0.0,1,Minimal,0.0,1.0011461462883608,2011,1
Nyeri,2011-04-01,0.9988230875971239,0.0011461109854304945,0.0,0.0,0.0,0.9999691985825544,0.9988538537116393,0.001146146288360776,0.0,0.0,0.0,1,Minimal,0.0,1.0011461462883608,2011,4
Nyeri,2011-07-01,0.9986967546912778,0.00114556139325692,0.0,0.0,0.0,0.9998423160845348,0.9988542579416492,0.001145742058350794,0.0,0.0,0.0,1,Minimal,0.0,1.0011457420583507,2011,7
Nyeri,2011-10-01,0.6094260113924265,0.39043247695107935,0.0,0.0,0.0,0.9998584883435058,0.609512264482627,0.3904877355173731,0.0,0.0,0.0,1,Minimal,0.0,1.390487735517373,2011,10
Nyeri,2012-01-01,0.6094260113924265,0.39043247695107935,0.0,0.0,0.0,0.9998584883435058,0.609512264482627,0.3904877355173731,0.0,0.0,0.0,1,Minimal,0.0,1.390487735517373,2012,1
Nyeri,2012-04-01,0.6096937359656833,0.3901648760560378,0.0,0.0,0.0,0.9998586120217211,0.6097799515202238,0.3902200484797762,0.0,0.0,0.0,1,Minimal,0.0,1.3902200484797762,2012,4
Nyeri,2012-07-01,0.6096937359656833,0.3901648760560378,0.0,0.0,0.0,0.9998586120217211,0.6097799515202238,0.3902200484797762,0.0,0.0,0.0,1,Minimal,0.0,1.3902200484797762,2012,7
Nyeri,2012-10-01,0.6096937359656833,0.3901648760560378,0.0,0.0,0.0,0.9998586120217211,0.6097799515202238,0.3902200484797762,0.0,0.0,0.0,1,Minimal,0.0,1.3902200484797762,2012,10
Nyeri,2013-01-01,0.609693735965683,0.3901648760560378,0.0,0.0,0.0,0.9998586120217208,0.6097799515202237,0.39022004847977637,0.0,0.0,0.0,1,Minimal,0.0,1.3902200484797764,2013,1
Nyeri,2013-04-01,0.609693735965683,0.3901648760560378,0.0,0.0,0.0,0.9998586120217208,0.6097799515202237,0.39022004847977637,0.0,0.0,0.0,1,Minimal,0.0,1.3902200484797764,2013,4
Nyeri,2013-07-01,0.6096937359656833,0.3901648760560378,0.0,0.0,0.0,0.9998586120217211,0.6097799515202238,0.3902200484797762,0.0,0.0,0.0,1,Minimal,0.0,1.3902200484797762,2013,7
Nyeri,2013-10-01,0.6096937359656833,0.3901648760560378,0.0,0.0,0.0,0.9998586120217211,0.6097799515202238,0.3902200484797762,0.0,0.0,0.0,1,Minimal,0.0,1.3902200484797762,2013,10
Nyeri,2014-01-01,0.6096937359656833,0.3901648760560378,0.0,0.0,0.0,0.9998586120217211,0.6097799515202238,0.3902200484797762,0.0,0.0,0.0,1,Minimal,0.0,1.3902200484797762,2014,1
Nyeri,2014-04-01,0.6096937359656833,0.3901648760560378,0.0,0.0,0.0,0.9998586120217211,0.6097799515202238,0.3902200484797762,0.0,0.0,0.0,1,Minimal,0.0,1.3902200484797762,2014,4
Nyeri,2014-07-01,0.6094260113924268,0.39043247695107935,0.0,0.0,0.0,0.9998584883435062,0.609512264482627,0.3904877355173729,0.0,0.0,0.0,1,Minimal,0.0,1.3904877355173728,2014,7
Nyeri,2014-10-01,0.6096937359656833,0.3901648760560378,0.0,0.0,0.0,0.9998586120217211,0.6097799515202238,0.3902200484797762,0.0,0.0,0.0,1,Minimal,0.0,1.3902200484797762,2014,10
Nyeri,2015-01-01,0.6096937359656833,0.3901648760560378,0.0,0.0,0.0,0.9998586120217211,0.6097799515202238,0.3902200484797762,0.0,0.0,0.0,1,Minimal,0.0,1.3902200484797762,2015,1
Nyeri,2015-04-01,0.6094260113924268,0.39043247695107935,0.0,0.0,0.0,0.9998584883435062,0.609512264482627,0.3904877355173729,0.0,0.0,0.0,1,Minimal,0.0,1.3904877355173728,2015,4
Nyeri,2015-07-01,0.6094260113924265,0.39043247695107935,0.0,0.0,0.0,0.9998584883435058,0.609512264482627,0.3904877355173731,0.0,0.0,0.0,1,Minimal,0.0,1.390487735517373,2015,7
Nyeri,2015-10-01,0.8128070305251058,0.18704859513892377,0.0,0.0,0.0,0.9998556256640296,0.8129243959449645,0.18707560405503548,0.0,0.0,0.0,1,Minimal,0.0,1.1870756040550354,2015,10
Nyeri,2016-02-01,0.9998391472325845,0.0,0.0,0.0,0.0,0.9998391472325845,1.0,0.0,0.0,0.0,0.0,1,Minimal,0.0,1.0,2016,2
Nyeri,2016-06-01,0.9998683591640218,0.0,0.0,0.0,0.0,0.9998683591640218,1.0,0.0,0.0,0.0,0.0,1,Minimal,0.0,1.0,2016,6
Nyeri,2016-10-01,0.9992609723259397,0.000617454556614867,0.0,0.0,0.0,0.9998784268825546,0.9993824703683827,0.0006175296316172977,0.0,0.0,0.0,1,Minimal,0.0,1.0006175296316173,2016,10
Nyeri,2017-02-01,0.9932785148856751,0.006616141255087244,0.0,0.0,0.0,0.9998946561407623,0.9933831617016304,0.006616838298369545,0.0,0.0,0.0,1,Minimal,0.0,1.0066168382983696,2017,2
Nyeri,2017-06-01,0.992978011816151,0.0009241080120252938,0.00599868669847238,0.0,0.0,0.9999008065266486,0.9930765185253272,0.0009241996866022782,0.005999281788070553,0.0,0.0,1,Minimal,0.005999281788070553,1.0129227632627433,2017,6
Nyeri,2017-10-01,0.9945745101047446,0.005314424729096697,0.0,0.0,0.0,0.9998889348338413,0.9946849849578745,0.0053150150421254864,0.0,0.0,0.0,1,Minimal,0.0,1.0053150150421255,2017,10
Nyeri,2018-02-01,0.9998683591640212,0.0,0.0,0.0,0.0,0.9998683591640212,1.0,0.0,0.0,0.0,0.0,1,Minimal,0.0,1.0,2018,2
Nyeri,2018-06-01,0.9998683591640218,0.0,0.0,0.0,0.0,0.9998683591640218,1.0,0.0,0.0,0.0,0.0,1,Minimal,0.0,1.0,2018,6
Nyeri,2018-12-01,0.9938859017237487,0.00599868669847238,0.0,0.0,0.0,0.999884588422221,0.9940006209037204,0.0059993790962795755,0.0,0.0,0.0,1,Minimal,0.0,1.0059993790962796,2018,12
Nyeri,2019-02-01,0.45734052912953266,0.5425706678502059,0.0,0.0,0.0,0.9999111969797385,0.45738114595670426,0.5426188540432958,0.0,0.0,0.0,2,Stressed,0.0,1.542618854043296,2019,2
Nyeri,2019-06-01,0.45734052912953266,0.5425706678502059,0.0,0.0,0.0,0.9999111969797385,0.45738114595670426,0.5426188540432958,0.0,0.0,0.0,2,Stressed,0.0,1.542618854043296,2019,6
Nyeri,2019-10-01,0.9979649771068702,0.001919171082605414,0.0,0.0,0.0,0.9998841481894756,0.9980806065521886,0.0019193934478114517,0.0,0.0,0.0,1,Minimal,0.0,1.0019193934478114,2019,10
Nyeri,2020-02-01,0.9992609723259342,0.000617454556614867,0.0,0.0,0.0,0.9998784268825491,0.9993824703683827,0.000617529631617301,0.0,0.0,0.0,1,Minimal,0.0,1.0006175296316173,2020,2
Nyeri,2020-06-01,0.9998683591640218,0.0,0.0,0.0,0.0,0.9998683591640218,1.0,0.0,0.0,0.0,0.0,1,Minimal,0.0,1.0,2020,6
Nyeri,2020-10-01,0.9992609723259397,0.000617454556614867,0.0,0.0,0.0,0.9998784268825546,0.9993824703683827,0.0006175296316172977,0.0,0.0,0.0,1,Minimal,0.0,1.0006175296316173,2020,10
Nyeri,2021-02-01,0.4567230745729178,0.543178054688278,0.0,0.0,0.0,0.9999011292611957,0.4567682355858325,0.5432317644141675,0.0,0.0,0.0,2,Stressed,0.0,1.5432317644141675,2021,2
Nyeri,2021-06-01,0.4567230745729178,0.543178054688278,0.0,0.0,0.0,0.9999011292611957,0.4567682355858325,0.5432317644141675,0.0,0.0,0.0,2,Stressed,0.0,1.5432317644141675,2021,6
Nyeri,2021-10-01,0.4567230745729178,0.543178054688281,0.0,0.0,0.0,0.9999011292611988,0.4567682355858311,0.5432317644141689,0.0,0.0,0.0,2,Stressed,0.0,1.5432317644141689,2021,10
Nyeri,2022-02-01,0.45202610440043595,0.5478645169094823,0.0,0.0,0.0,0.9998906213099183,0.4520755518321133,0.5479244481678867,0.0,0.0,0.0,2,Stressed,0.0,1.5479244481678867,2022,2
Nyeri,2022-06-01,0.45202610440043595,0.5478645169094823,0.0,0.0,0.0,0.9998906213099183,0.4520755518321133,0.5479244481678867,0.0,0.0,0.0,2,Stressed,0.0,1.5479244481678867,2022,6
Nyeri,2022-10-01,0.45202610440043595,0.5478645169094823,0.0,0.0,0.0,0.9998906213099183,0.4520755518321133,0.5479244481678867,0.0,0.0,0.0,2,Stressed,0.0,1.5479244481678867,2022,10
Nyeri,2023-02-01,0.45202610440043595,0.5478645169094818,0.0,0.0,0.0,0.9998906213099177,0.45207555183211356,0.5479244481678864,0.0,0.0,0.0,2,Stressed,0.0,1.5479244481678864,2023,2
Nyeri,2023-06-01,0.45202610440043595,0.004696970172481834,0.543178054688278,0.0,0.0,0.9999011292611957,0.4520708009745202,0.00469743461131234,0.5432317644141675,0.0,0.0,3,Crisis,0.5432317644141675,2.0911609634396475,2023,6
Nyeri,2023-10-01,0.45202610440043595,0.5478645169094823,0.0,0.0,0.0,0.9998906213099183,0.4520755518321133,0.5479244481678867,0.0,0.0,0.0,2,Stressed,0.0,1.5479244481678867,2023,10
Nyeri,2024-02-01,0.45202610440043595,0.5478645169094823,0.0,0.0,0.0,0.9998906213099183,0.4520755518321133,0.5479244481678867,0.0,0.0,0.0,2,Stressed,0.0,1.5479244481678867,2024,2
Nyeri,2024-06-01,0.45202610440043595,0.5478645169094823,0.0,0.0,0.0,0.9998906213099183,0.4520755518321133,0.5479244481678867,0.0,0.0,0.0,2,Stressed,0.0,1.5479244481678867,2024,6
Nyeri,2024-10-01,0.45202610440043595,0.5478645169094823,0.0,0.0,0.0,0.9998906213099183,0.4520755518321133,0.5479244481678867,0.0,0.0,0.0,2,Stressed,0.0,1.5479244481678867,2024,10
Nyeri,2025-10-01,0.45072438787444546,0.5491605121285518,0.0,0.0,0.0,0.9998849000029972,0.45077627222202715,0.5492237277779729,0.0,0.0,0.0,2,Stressed,0.0,1.549223727777973,2025,10
Nyeri,2026-02-01,0.45072438787444546,0.5478645169094818,0.001301716525990547,0.0,0.0,0.9998906213099178,0.4507736929104995,0.5479244481678864,0.001301858921614065,0.0,0.0,2,Stressed,0.001301858921614065,1.5505281660111145,2026,2
Nyeri,2026-06-01,0.45072438787444546,0.5491605121285512,0.0,0.0,0.0,0.9998849000029967,0.4507762722220274,0.5492237277779726,0.0,0.0,0.0,2,Stressed,0.0,1.5492237277779726,2026,6
Samburu,2011-01-01,0.0,0.9968495818200748,0.0031421100847373686,0.0,0.0,0.9999916919048122,0.0,0.996857863810096,0.0031421361899039275,0.0,0.0,2,Stressed,0.0031421361899039275,2.0031421361899038,2011,1
Samburu,2011-04-01,0.0,0.9968495818200748,0.0031421100847373686,0.0,0.0,0.9999916919048122,0.0,0.996857863810096,0.0031421361899039275,0.0,0.0,2,Stressed,0.0031421361899039275,2.0031421361899038,2011,4
Samburu,2011-07-01,0.0,0.6657495102487012,0.3299467013444834,0.004262048190020874,0.0,0.9999582597832055,0.0,0.6657772999375374,0.3299604739662004,0.004262226096262159,0.0,2,Stressed,0.3342227000624625,2.3384849261587246,2011,7
Samburu,2011-10-01,0.0011372954991319632,0.18728120519145902,0.6743620095340676,0.13718287793709752,0.0,0.999963388161756,0.00113733713913533,0.18728806215169555,0.6743867000708444,0.13718790063832473,0.0,3,Crisis,0.8115746007091692,2.947625164208359,2011,10
Samburu,2012-01-01,0.0011372954991319632,0.8616349062115392,0.13718287793709752,0.0,0.0,0.9999550796477686,0.0011373465891413566,0.8616736128937388,0.13718904051711983,0.0,0.0,2,Stressed,0.13718904051711983,2.1360516939279783,2012,1
Samburu,2012-04-01,0.0011372954991319632,0.9982389105214824,0.0005788369977202996,0.0,0.0,0.9999550430183347,0.0011373466308035912,0.9982837903475418,0.0005788630216545509,0.0,0.0,2,Stressed,0.0005788630216545509,1.9994415163908508,2012,4
Samburu,2012-07-01,0.0011372954991319632,0.9988047605015828,0.0,0.0,0.0,0.9999420560007148,0.0011373614024002509,0.9988626385975997,0.0,0.0,0.0,2,Stressed,0.0,1.9988626385975996,2012,7
Samburu,2012-10-01,0.0011372954991319632,0.9988177473700383,0.0,0.0,0.0,0.9999550428691703,0.0011373466309732507,0.9988626533690267,0.0,0.0,0.0,2,Stressed,0.0,1.9988626533690266,2012,10
Samburu,2013-01-01,0.0011372954991319632,0.9988177473700383,0.0,0.0,0.0,0.9999550428691703,0.0011373466309732507,0.9988626533690267,0.0,0.0,0.0,2,Stressed,0.0,1.9988626533690266,2013,1
Samburu,2013-04-01,0.0,0.9999416421795938,0.0,0.0,0.0,0.9999416421795938,0.0,1.0,0.0,0.0,0.0,2,Stressed,0.0,2.0,2013,4
Samburu,2013-07-01,0.0,0.9999416421795938,0.0,0.0,0.0,0.9999416421795938,0.0,1.0,0.0,0.0,0.0,2,Stressed,0.0,2.0,2013,7
Samburu,2013-10-01,0.0,0.9999416421795938,0.0,0.0,0.0,0.9999416421795938,0.0,1.0,0.0,0.0,0.0,2,Stressed,0.0,2.0,2013,10
Samburu,2014-01-01,0.0,0.9999416421795938,0.0,0.0,0.0,0.9999416421795938,0.0,1.0,0.0,0.0,0.0,2,Stressed,0.0,2.0,2014,1
Samburu,2014-04-01,0.0,0.999363218436905,0.0005788369977202996,0.0,0.0,0.9999420554346253,0.0,0.9994211294598778,0.0005788705401221552,0.0,0.0,2,Stressed,0.0005788705401221552,2.000578870540122,2014,4
Samburu,2014-07-01,0.0,0.999363218436905,0.0005788369977202996,0.0,0.0,0.9999420554346253,0.0,0.9994211294598778,0.0005788705401221552,0.0,0.0,2,Stressed,0.0005788705401221552,2.000578870540122,2014,7
Samburu,2014-10-01,1.3040211291583036e-05,0.754837355992409,0.24510522524534886,0.0,0.0,0.9999556214490494,1.3040790022947506e-05,0.7548708560671561,0.245116103142821,0.0,0.0,2,Stressed,0.245116103142821,2.245103062352798,2014,10
Samburu,2015-01-01,1.3040211291583036e-05,0.9993404132064078,0.000588188763018119,0.0,0.0,0.9999416421807175,1.3040972334289789e-05,0.9993987359372308,0.0005882230904349283,0.0,0.0,2,Stressed,0.0005882230904349283,2.0005751821181006,2015,1
Samburu,2015-04-01,0.0,0.9993534534176994,0.000588188763018119,0.0,0.0,0.9999416421807176,0.0,0.9994117769095651,0.0005882230904349283,0.0,0.0,2,Stressed,0.0005882230904349283,2.000588223090435,2015,4
Samburu,2015-07-01,0.0,0.9993534534176994,0.000588188763018119,0.0,0.0,0.9999416421807176,0.0,0.9994117769095651,0.0005882230904349283,0.0,0.0,2,Stressed,0.0005882230904349283,2.000588223090435,2015,7
Samburu,2015-10-01,0.0,0.9993534534176994,0.000588188763018119,0.0,0.0,0.9999416421807176,0.0,0.9994117769095651,0.0005882230904349283,0.0,0.0,2,Stressed,0.0005882230904349283,2.000588223090435,2015,10
Samburu,2016-02-01,0.1873020117564075,0.8126479389371726,0.0,0.0,0.0,0.9999499506935801,0.18731138656138946,0.8126886134386105,0.0,0.0,0.0,2,Stressed,0.0,1.8126886134386107,2016,2
Samburu,2016-06-01,0.20886361295148148,0.7910311726078529,0.0,0.0,0.0,0.9998947855593344,0.20888559073207347,0.7911144092679265,0.0,0.0,0.0,2,Stressed,0.0,1.7911144092679265,2016,6
Samburu,2016-10-01,0.0,0.9992056666730782,0.0006767915778075594,0.0,0.0,0.9998824582508857,0.0,0.9993231288615749,0.0006768711384250949,0.0,0.0,2,Stressed,0.0006768711384250949,2.0006768711384253,2016,10
Samburu,2017-02-01,0.0,0.46937444937956396,0.5305313851344389,0.0,0.0,0.9999058345140028,0.0,0.4694186524151048,0.5305813475848953,0.0,0.0,3,Crisis,0.5305813475848953,2.5305813475848953,2017,2
Samburu,2017-06-01,0.0,0.5636336539472118,0.43628668870842835,0.0,0.0,0.9999203426556401,0.0,0.5636785550839823,0.43632144491601765,0.0,0.0,2,Stressed,0.43632144491601765,2.4363214449160173,2017,6
Samburu,2017-10-01,0.19001515941463218,0.06941292805805883,0.7404969871123824,0.0,0.0,0.9999250745850734,0.19002939744608408,0.06941812924019558,0.7405524733137204,0.0,0.0,3,Crisis,0.7405524733137204,2.5505230758676367,2017,10
Samburu,2018-02-01,0.08796678206412858,0.6174102840583758,0.2945366890026964,0.0,0.0,0.9999137551252009,0.08797436940260324,0.6174635371238281,0.2945620934735686,0.0,0.0,2,Stressed,0.2945620934735686,2.206587724070965,2018,2
Samburu,2018-06-01,0.9983741133811108,0.0015243121763740242,0.0,0.0,0.0,0.9998984255574849,0.998475532976738,0.0015244670232620447,0.0,0.0,0.0,1,Minimal,0.0,1.0015244670232621,2018,6
Samburu,2018-12-01,0.1951136105922892,0.8047893965023422,0.0,0.0,0.0,0.9999030070946313,0.195132537063991,0.8048674629360091,0.0,0.0,0.0,2,Stressed,0.0,1.804867462936009,2018,12
Samburu,2019-02-01,0.0,0.9998822673449894,0.0,0.0,0.0,0.9998822673449894,0.0,1.0,0.0,0.0,0.0,2,Stressed,0.0,2.0,2019,2
Samburu,2019-06-01,0.0,0.9982866019582222,0.0015999751764360596,0.0,0.0,0.9998865771346582,0.0,0.9983998433292094,0.0016001566707906565,0.0,0.0,2,Stressed,0.0016001566707906565,2.001600156670791,2019,6
Samburu,2019-10-01,0.0,0.2704220163192884,0.729475282550281,0.0,0.0,0.9998972988695695,0.0,0.2704497918186329,0.7295502081813671,0.0,0.0,3,Crisis,0.7295502081813671,2.729550208181367,2019,10
Samburu,2020-02-01,0.0,0.9998822673414861,0.0,0.0,0.0,0.9998822673414861,0.0,1.0,0.0,0.0,0.0,2,Stressed,0.0,2.0,2020,2
Samburu,2020-06-01,3.20548916851162e-05,0.9998502124533037,0.0,0.0,0.0,0.9998822673449889,3.205866603698485e-05,0.999967941333963,0.0,0.0,0.0,2,Stressed,0.0,1.999967941333963,2020,6
Samburu,2020-10-01,0.0,0.999795587392984,9.003248974171286e-05,0.0,0.0,0.9998856198827257,0.0,0.9999099572111535,9.004278884646083e-05,0.0,0.0,2,Stressed,9.004278884646083e-05,2.0000900427888464,2020,10
Samburu,2021-02-01,0.0,0.622236465216587,0.3776700220554419,0.0,0.0,0.9999064872720289,0.0,0.6222946576876293,0.3777053423123708,0.0,0.0,2,Stressed,0.3777053423123708,2.377705342312371,2021,2
Samburu,2021-06-01,0.0,0.6222364652165869,0.3776700220554419,0.0,0.0,0.9999064872720289,0.0,0.6222946576876291,0.3777053423123708,0.0,0.0,2,Stressed,0.3777053423123708,2.3777053423123706,2021,6
Samburu,2021-10-01,0.0,0.11687254817064287,0.8830193050281447,0.0,0.0,0.9998918531987876,0.0,0.11688518892993474,0.8831148110700653,0.0,0.0,3,Crisis,0.8831148110700653,2.8831148110700653,2021,10
Samburu,2022-02-01,0.0,3.20548916851162e-05,0.999874429642019,0.0,0.0,0.9999064845337041,0.0,3.205788959361001e-05,0.9999679421104064,0.0,0.0,3,Crisis,0.9999679421104064,2.9999679421104064,2022,2
Samburu,2022-06-01,0.0,3.20548916851162e-05,0.9982511686684747,0.0016232582352208405,0.0,0.9999064817953807,0.0,3.205788968140309e-05,0.9983445320567043,0.0016234100536144155,0.0,3,Crisis,0.9999679421103187,3.001591352163933,2022,6
Samburu,2022-10-01,0.0,3.20548916851162e-05,0.9966538376410682,0.0032205892615290214,0.0,0.9999064817942823,0.0,3.2057889681438304e-05,0.9967470516368917,0.0032208904734269093,0.0,3,Crisis,0.9999679421103186,3.0031888325837457,2022,10
Samburu,2023-02-01,0.0,0.11687254817064287,0.8830378023498904,0.0,0.0,0.9999103505205332,0.0,0.11688302667314261,0.8831169733268573,0.0,0.0,3,Crisis,0.8831169733268573,2.883116973326857,2023,2
Samburu,2023-06-01,0.0,0.0,0.9999064845337344,0.0,0.0,0.9999064845337344,0.0,0.0,1.0,0.0,0.0,3,Crisis,1.0,3.0,2023,6
Samburu,2023-10-01,0.0,3.469904181299755e-05,0.9998718234284438,0.0,0.0,0.9999065224702568,0.0,3.4702285696940946e-05,0.9999652977143031,0.0,0.0,3,Crisis,0.9999652977143031,2.9999652977143034,2023,10
Samburu,2024-02-01,0.0,0.9965363132719227,0.003370168523458715,0.0,0.0,0.9999064817953814,0.0,0.9966295162749547,0.003370483725045377,0.0,0.0,2,Stressed,0.003370483725045377,2.0033704837250457,2024,2
Samburu,2024-06-01,0.0,0.9998822673449894,0.0,0.0,0.0,0.9998822673449894,0.0,1.0,0.0,0.0,0.0,2,Stressed,0.0,2.0,2024,6
Samburu,2024-10-01,0.0,0.9966858952722053,0.003220589261528252,0.0,0.0,0.9999064845337335,0.0,0.9967791095353982,0.0032208904646018424,0.0,0.0,2,Stressed,0.0032208904646018424,2.003220890464602,2024,10
Samburu,2025-10-01,0.0,0.9966858952722054,0.0032205892615281635,0.0,0.0,0.9999064845337335,0.0,0.9967791095353983,0.003220890464601754,0.0,0.0,2,Stressed,0.003220890464601754,2.003220890464602,2025,10
Samburu,2026-02-01,0.0,3.469904181299755e-05,0.9998476062397003,0.0,0.0,0.9998823052815132,0.0,3.470312618766482e-05,0.9999652968738124,0.0,0.0,3,Crisis,0.9999652968738124,2.9999652968738126,2026,2
Samburu,2026-06-01,0.0,3.469904181299755e-05,0.9998476062395533,0.0,0.0,0.9998823052813662,0.0,3.470312618766992e-05,0.9999652968738123,0.0,0.0,3,Crisis,0.9999652968738123,2.999965296873812,2026,6
Siaya,2011-01-01,0.7120528602704334,0.0,0.0,0.0,0.0,0.7120528602704334,1.0,0.0,0.0,0.0,0.0,1,Minimal,0.0,1.0,2011,1
Siaya,2011-04-01,0.7120528602704334,0.0,0.0,0.0,0.0,0.7120528602704334,1.0,0.0,0.0,0.0,0.0,1,Minimal,0.0,1.0,2011,4
Siaya,2011-07-01,0.7119007907118109,0.0,0.0,0.0,0.0,0.7119007907118109,1.0,0.0,0.0,0.0,0.0,1,Minimal,0.0,1.0,2011,7
Siaya,2011-10-01,0.7119007907118109,0.0,0.0,0.0,0.0,0.7119007907118109,1.0,0.0,0.0,0.0,0.0,1,Minimal,0.0,1.0,2011,10
Siaya,2012-01-01,0.7119007907118109,0.0,0.0,0.0,0.0,0.7119007907118109,1.0,0.0,0.0,0.0,0.0,1,Minimal,0.0,1.0,2012,1
Siaya,2012-04-01,0.7119007907118109,0.0,0.0,0.0,0.0,0.7119007907118109,1.0,0.0,0.0,0.0,0.0,1,Minimal,0.0,1.0,2012,4
Siaya,2012-07-01,0.7119007907118109,0.0,0.0,0.0,0.0,0.7119007907118109,1.0,0.0,0.0,0.0,0.0,1,Minimal,0.0,1.0,2012,7
Siaya,2012-10-01,0.7119007907118109,0.0,0.0,0.0,0.0,0.7119007907118109,1.0,0.0,0.0,0.0,0.0,1,Minimal,0.0,1.0,2012,10
Siaya,2013-01-01,0.7119007907118109,0.0,0.0,0.0,0.0,0.7119007907118109,1.0,0.0,0.0,0.0,0.0,1,Minimal,0.0,1.0,2013,1
Siaya,2013-04-01,0.7119007907118109,0.0,0.0,0.0,0.0,0.7119007907118109,1.0,0.0,0.0,0.0,0.0,1,Minimal,0.0,1.0,2013,4
Siaya,2013-07-01,0.7119007907118109,0.0,0.0,0.0,0.0,0.7119007907118109,1.0,0.0,0.0,0.0,0.0,1,Minimal,0.0,1.0,2013,7
Siaya,2013-10-01,0.7119007907118109,0.0,0.0,0.0,0.0,0.7119007907118109,1.0,0.0,0.0,0.0,0.0,1,Minimal,0.0,1.0,2013,10
Siaya,2014-01-01,0.7119007907118109,0.0,0.0,0.0,0.0,0.7119007907118109,1.0,0.0,0.0,0.0,0.0,1,Minimal,0.0,1.0,2014,1
Siaya,2014-04-01,0.7119007907118109,0.0,0.0,0.0,0.0,0.7119007907118109,1.0,0.0,0.0,0.0,0.0,1,Minimal,0.0,1.0,2014,4
Siaya,2014-07-01,0.7119007907118109,0.0,0.0,0.0,0.0,0.7119007907118109,1.0,0.0,0.0,0.0,0.0,1,Minimal,0.0,1.0,2014,7
Siaya,2014-10-01,0.7119007907118109,0.0,0.0,0.0,0.0,0.7119007907118109,1.0,0.0,0.0,0.0,0.0,1,Minimal,0.0,1.0,2014,10
Siaya,2015-01-01,0.7119007907118109,0.0,0.0,0.0,0.0,0.7119007907118109,1.0,0.0,0.0,0.0,0.0,1,Minimal,0.0,1.0,2015,1
Siaya,2015-04-01,0.7119007907118109,0.0,0.0,0.0,0.0,0.7119007907118109,1.0,0.0,0.0,0.0,0.0,1,Minimal,0.0,1.0,2015,4
Siaya,2015-07-01,0.7119007907118109,0.0,0.0,0.0,0.0,0.7119007907118109,1.0,0.0,0.0,0.0,0.0,1,Minimal,0.0,1.0,2015,7
Siaya,2015-10-01,0.7119007907118109,0.0,0.0,0.0,0.0,0.7119007907118109,1.0,0.0,0.0,0.0,0.0,1,Minimal,0.0,1.0,2015,10
Siaya,2016-02-01,0.7119007907118109,0.0,0.0,0.0,0.0,0.7119007907118109,1.0,0.0,0.0,0.0,0.0,1,Minimal,0.0,1.0,2016,2
Siaya,2016-06-01,0.7130635075059107,0.0,0.0,0.0,0.0,0.7130635075059107,1.0,0.0,0.0,0.0,0.0,1,Minimal,0.0,1.0,2016,6
Siaya,2016-10-01,0.7130635075059107,0.0,0.0,0.0,0.0,0.7130635075059107,1.0,0.0,0.0,0.0,0.0,1,Minimal,0.0,1.0,2016,10
Siaya,2017-02-01,0.7130635075059107,0.0,0.0,0.0,0.0,0.7130635075059107,1.0,0.0,0.0,0.0,0.0,1,Minimal,0.0,1.0,2017,2
Siaya,2017-06-01,0.7130635075059107,0.0,0.0,0.0,0.0,0.7130635075059107,1.0,0.0,0.0,0.0,0.0,1,Minimal,0.0,1.0,2017,6
Siaya,2017-10-01,0.7130635075059107,0.0,0.0,0.0,0.0,0.7130635075059107,1.0,0.0,0.0,0.0,0.0,1,Minimal,0.0,1.0,2017,10
Siaya,2018-02-01,0.7130635075059107,0.0,0.0,0.0,0.0,0.7130635075059107,1.0,0.0,0.0,0.0,0.0,1,Minimal,0.0,1.0,2018,2
Siaya,2018-06-01,0.7130635075059107,0.0,0.0,0.0,0.0,0.7130635075059107,1.0,0.0,0.0,0.0,0.0,1,Minimal,0.0,1.0,2018,6
Siaya,2018-12-01,0.7130635075059107,0.0,0.0,0.0,0.0,0.7130635075059107,1.0,0.0,0.0,0.0,0.0,1,Minimal,0.0,1.0,2018,12
Siaya,2019-02-01,0.7130635075059107,0.0,0.0,0.0,0.0,0.7130635075059107,1.0,0.0,0.0,0.0,0.0,1,Minimal,0.0,1.0,2019,2
Siaya,2019-06-01,0.7130635075059107,0.0,0.0,0.0,0.0,0.7130635075059107,1.0,0.0,0.0,0.0,0.0,1,Minimal,0.0,1.0,2019,6
Siaya,2019-10-01,0.7130635075059107,0.0,0.0,0.0,0.0,0.7130635075059107,1.0,0.0,0.0,0.0,0.0,1,Minimal,0.0,1.0,2019,10
Siaya,2020-02-01,0.7130635075059107,0.0,0.0,0.0,0.0,0.7130635075059107,1.0,0.0,0.0,0.0,0.0,1,Minimal,0.0,1.0,2020,2
Siaya,2020-06-01,0.7130635075059107,0.0,0.0,0.0,0.0,0.7130635075059107,1.0,0.0,0.0,0.0,0.0,1,Minimal,0.0,1.0,2020,6
Siaya,2020-10-01,0.7130635075059107,0.0,0.0,0.0,0.0,0.7130635075059107,1.0,0.0,0.0,0.0,0.0,1,Minimal,0.0,1.0,2020,10
Siaya,2021-02-01,0.7130635075059107,0.0,0.0,0.0,0.0,0.7130635075059107,1.0,0.0,0.0,0.0,0.0,1,Minimal,0.0,1.0,2021,2
Siaya,2021-06-01,0.7130635075059107,0.0,0.0,0.0,0.0,0.7130635075059107,1.0,0.0,0.0,0.0,0.0,1,Minimal,0.0,1.0,2021,6
Siaya,2021-10-01,0.7130635075059107,0.0,0.0,0.0,0.0,0.7130635075059107,1.0,0.0,0.0,0.0,0.0,1,Minimal,0.0,1.0,2021,10
Siaya,2022-02-01,0.7130635075059107,0.0,0.0,0.0,0.0,0.7130635075059107,1.0,0.0,0.0,0.0,0.0,1,Minimal,0.0,1.0,2022,2
Siaya,2022-06-01,0.7130635075059107,0.0,0.0,0.0,0.0,0.7130635075059107,1.0,0.0,0.0,0.0,0.0,1,Minimal,0.0,1.0,2022,6
Siaya,2022-10-01,0.7130635075059107,0.0,0.0,0.0,0.0,0.7130635075059107,1.0,0.0,0.0,0.0,0.0,1,Minimal,0.0,1.0,2022,10
Siaya,2023-02-01,0.7130635075059107,0.0,0.0,0.0,0.0,0.7130635075059107,1.0,0.0,0.0,0.0,0.0,1,Minimal,0.0,1.0,2023,2
Siaya,2023-06-01,0.7130635075059107,0.0,0.0,0.0,0.0,0.7130635075059107,1.0,0.0,0.0,0.0,0.0,1,Minimal,0.0,1.0,2023,6
Siaya,2023-10-01,0.7130635075059107,0.0,0.0,0.0,0.0,0.7130635075059107,1.0,0.0,0.0,0.0,0.0,1,Minimal,0.0,1.0,2023,10
Siaya,2024-02-01,0.7130635075059107,0.0,0.0,0.0,0.0,0.7130635075059107,1.0,0.0,0.0,0.0,0.0,1,Minimal,0.0,1.0,2024,2
Siaya,2024-06-01,0.7130635075059107,0.0,0.0,0.0,0.0,0.7130635075059107,1.0,0.0,0.0,0.0,0.0,1,Minimal,0.0,1.0,2024,6
Siaya,2024-10-01,0.7130635075059107,0.0,0.0,0.0,0.0,0.7130635075059107,1.0,0.0,0.0,0.0,0.0,1,Minimal,0.0,1.0,2024,10
Siaya,2025-10-01,0.7130635075059107,0.0,0.0,0.0,0.0,0.7130635075059107,1.0,0.0,0.0,0.0,0.0,1,Minimal,0.0,1.0,2025,10
Siaya,2026-02-01,0.7130635075059107,0.0,0.0,0.0,0.0,0.7130635075059107,1.0,0.0,0.0,0.0,0.0,1,Minimal,0.0,1.0,2026,2
Siaya,2026-06-01,0.7130635075059107,0.0,0.0,0.0,0.0,0.7130635075059107,1.0,0.0,0.0,0.0,0.0,1,Minimal,0.0,1.0,2026,6
Taita Taveta,2011-01-01,0.0,0.9966936121354903,0.0,0.0,0.0,0.9966936121354903,0.0,1.0,0.0,0.0,0.0,2,Stressed,0.0,2.0,2011,1
Taita Taveta,2011-04-01,0.0,0.9966936121354903,0.0,0.0,0.0,0.9966936121354903,0.0,1.0,0.0,0.0,0.0,2,Stressed,0.0,2.0,2011,4
Taita Taveta,2011-07-01,0.04056318334051869,0.9549547391538019,0.0011179803911791275,0.0,0.0,0.9966359028854997,0.040700102437689185,0.9581781434814651,0.0011217540808456793,0.0,0.0,2,Stressed,0.0011217540808456793,1.9604216516431565,2011,7
Taita Taveta,2011-10-01,0.0,0.716392428993495,0.2802812097672385,0.0,0.0,0.9966736387607336,0.0,0.7187833621086428,0.28121663789135715,0.0,0.0,2,Stressed,0.28121663789135715,2.281216637891357,2011,10
Taita Taveta,2012-01-01,0.0,0.9966305592880521,0.0,0.0,0.0,0.9966305592880521,0.0,1.0,0.0,0.0,0.0,2,Stressed,0.0,2.0,2012,1
Taita Taveta,2012-04-01,0.0,0.9966305592880521,0.0,0.0,0.0,0.9966305592880521,0.0,1.0,0.0,0.0,0.0,2,Stressed,0.0,2.0,2012,4
Taita Taveta,2012-07-01,0.0,0.9966305592880521,0.0,0.0,0.0,0.9966305592880521,0.0,1.0,0.0,0.0,0.0,2,Stressed,0.0,2.0,2012,7
Taita Taveta,2012-10-01,0.0,0.8196104575114127,0.17704122225061417,0.0,0.0,0.9966516797620268,0.0,0.8223639955205948,0.17763600447940525,0.0,0.0,2,Stressed,0.17763600447940525,2.1776360044794054,2012,10
Taita Taveta,2013-01-01,0.0,0.8079283685915855,0.18872880539186127,0.0,0.0,0.9966571739834467,0.0,0.8106381910265608,0.1893618089734393,0.0,0.0,2,Stressed,0.1893618089734393,2.1893618089734392,2013,1
Taita Taveta,2013-04-01,0.0,0.9966305592880521,0.0,0.0,0.0,0.9966305592880521,0.0,1.0,0.0,0.0,0.0,2,Stressed,0.0,2.0,2013,4
Taita Taveta,2013-07-01,0.0,0.9966305592880521,0.0,0.0,0.0,0.9966305592880521,0.0,1.0,0.0,0.0,0.0,2,Stressed,0.0,2.0,2013,7
Taita Taveta,2013-10-01,0.0,0.9966305592880521,0.0,0.0,0.0,0.9966305592880521,0.0,1.0,0.0,0.0,0.0,2,Stressed,0.0,2.0,2013,10
Taita Taveta,2014-01-01,0.0,0.9966305592880521,0.0,0.0,0.0,0.9966305592880521,0.0,1.0,0.0,0.0,0.0,2,Stressed,0.0,2.0,2014,1
Taita Taveta,2014-04-01,8.317406325879077e-07,0.9966297275474185,0.0,0.0,0.0,0.9966305592880511,8.34552608121977e-07,0.9999991654473919,0.0,0.0,0.0,2,Stressed,0.0,1.9999991654473919,2014,4
Taita Taveta,2014-07-01,0.613922493217427,0.38274097199648943,0.0,0.0,0.0,0.9966634652139164,0.6159777243220802,0.3840222756779198,0.0,0.0,0.0,1,Minimal,0.0,1.38402227567792,2014,7
Taita Taveta,2014-10-01,0.6932361579928454,0.30343830952012124,0.0,0.0,0.0,0.9966744675129666,0.6955492295520518,0.3044507704479482,0.0,0.0,0.0,1,Minimal,0.0,1.3044507704479482,2014,10
Taita Taveta,2015-01-01,0.6545522580149193,0.34212316890430744,0.0,0.0,0.0,0.9966754269192268,0.6567356235902924,0.34326437640970753,0.0,0.0,0.0,1,Minimal,0.0,1.3432643764097074,2015,1
Taita Taveta,2015-04-01,0.6551798363417032,0.3414946311712644,0.0,0.0,0.0,0.9966744675129675,0.6573659280914396,0.34263407190856054,0.0,0.0,0.0,1,Minimal,0.0,1.3426340719085608,2015,4
Taita Taveta,2015-07-01,0.6540718105485369,0.3426036152972789,0.0,0.0,0.0,0.9966754258458158,0.6562535742199797,0.34374642578002035,0.0,0.0,0.0,1,Minimal,0.0,1.3437464257800205,2015,7
Taita Taveta,2015-10-01,0.7023402274703618,0.2943373824263895,0.0,0.0,0.0,0.9966776098967514,0.7046814541596046,0.2953185458403954,0.0,0.0,0.0,1,Minimal,0.0,1.2953185458403955,2015,10
Taita Taveta,2016-02-01,0.9966305592880521,0.0,0.0,0.0,0.0,0.9966305592880521,1.0,0.0,0.0,0.0,0.0,1,Minimal,0.0,1.0,2016,2
Taita Taveta,2016-06-01,0.9966783872024652,0.0,0.0,0.0,0.0,0.9966783872024652,1.0,0.0,0.0,0.0,0.0,1,Minimal,0.0,1.0,2016,6
Taita Taveta,2016-10-01,0.28025088790885033,0.7164437534035752,0.0,0.0,0.0,0.9966946413124256,0.28118028962192687,0.7188197103780731,0.0,0.0,0.0,2,Stressed,0.0,1.7188197103780731,2016,10
Taita Taveta,2017-02-01,0.0,0.996678387202398,0.0,0.0,0.0,0.996678387202398,0.0,1.0,0.0,0.0,0.0,2,Stressed,0.0,2.0,2017,2
Taita Taveta,2017-06-01,0.0,0.8332875336591005,0.16340627134878744,0.0,0.0,0.996693805007888,0.0,0.836051683548395,0.16394831645160493,0.0,0.0,2,Stressed,0.16394831645160493,2.163948316451605,2017,6
Taita Taveta,2017-10-01,0.4436417414521472,0.5527812614797191,0.0002562205750964234,0.0,0.0,0.9966792235069627,0.4451198851031813,0.5546230406355585,0.0002570742612601811,0.0,0.0,2,Stressed,0.0002570742612601811,1.5551371891580787,2017,10
Taita Taveta,2018-02-01,0.28039907617095544,0.7162955651414697,0.0,0.0,0.0,0.9966946413124251,0.28132896932377627,0.7186710306762237,0.0,0.0,0.0,2,Stressed,0.0,1.7186710306762238,2018,2
Taita Taveta,2018-06-01,0.996678387201969,0.0,0.0,0.0,0.0,0.996678387201969,1.0,0.0,0.0,0.0,0.0,1,Minimal,0.0,1.0,2018,6
Taita Taveta,2018-12-01,0.995928575177884,0.0007498117884744854,0.0,0.0,0.0,0.9966783869663585,0.9992476893265874,0.0007523106734126405,0.0,0.0,0.0,1,Minimal,0.0,1.0007523106734126,2018,12
Taita Taveta,2019-02-01,0.4436417414521472,0.5530374820548113,0.0,0.0,0.0,0.9966792235069585,0.4451198851031832,0.5548801148968168,0.0,0.0,0.0,2,Stressed,0.0,1.5548801148968168,2019,2
Taita Taveta,2019-06-01,0.00041750974358492957,0.9962721240968477,0.0,0.0,0.0,0.9966896338404326,0.0004188964441981663,0.9995811035558019,0.0,0.0,0.0,2,Stressed,0.0,1.999581103555802,2019,6
Taita Taveta,2019-10-01,0.0,0.9954564311405352,0.001221955825823532,0.0,0.0,0.9966783869663587,0.0,0.9987739717828709,0.0012260282171291602,0.0,0.0,2,Stressed,0.0012260282171291602,2.001226028217129,2019,10
Taita Taveta,2020-02-01,0.9960770315650304,0.0006013554013269849,0.0,0.0,0.0,0.9966783869663574,0.9993966404718002,0.0006033595281998259,0.0,0.0,0.0,1,Minimal,0.0,1.0006033595281998,2020,2
Taita Taveta,2020-06-01,0.9960770315650304,0.0006013554013269849,0.0,0.0,0.0,0.9966783869663574,0.9993966404718002,0.0006033595281998259,0.0,0.0,0.0,1,Minimal,0.0,1.0006033595281998,2020,6
Taita Taveta,2020-10-01,0.0,0.9966783872024652,0.0,0.0,0.0,0.9966783872024652,0.0,1.0,0.0,0.0,0.0,2,Stressed,0.0,2.0,2020,10
Taita Taveta,2021-02-01,0.9947050332086861,0.0019846006316858985,0.0,0.0,0.0,0.996689633840372,0.9980088077930147,0.0019911922069852173,0.0,0.0,0.0,1,Minimal,0.0,1.001991192206985,2021,2
Taita Taveta,2021-06-01,0.04976585118793651,0.9469180921009268,0.0,0.0,0.0,0.9966839432888633,0.04993142663031058,0.9500685733696894,0.0,0.0,0.0,2,Stressed,0.0,1.9500685733696894,2021,6
Taita Taveta,2021-10-01,0.0,0.9964221666273076,0.0002562205750964234,0.0,0.0,0.9966783872024041,0.0,0.9997429255230309,0.00025707447696905907,0.0,0.0,2,Stressed,0.00025707447696905907,2.000257074476969,2021,10
Taita Taveta,2022-02-01,0.0,0.9948676567700466,0.00181073043242427,0.0,0.0,0.9966783872024709,0.0,0.9981832349776273,0.0018167650223726863,0.0,0.0,2,Stressed,0.0018167650223726863,2.001816765022373,2022,2
Taita Taveta,2022-06-01,0.0,0.9948676567700466,0.0018107304324242748,0.0,0.0,0.9966783872024709,0.0,0.9981832349776273,0.001816765022372691,0.0,0.0,2,Stressed,0.001816765022372691,2.001816765022373,2022,6
Taita Taveta,2022-10-01,0.0,0.9948676567700466,0.0018107304324242748,0.0,0.0,0.9966783872024709,0.0,0.9981832349776273,0.001816765022372691,0.0,0.0,2,Stressed,0.001816765022372691,2.001816765022373,2022,10
Taita Taveta,2023-02-01,0.0,0.9948676567699808,0.0018107304324242748,0.0,0.0,0.9966783872024051,0.0,0.9981832349776272,0.001816765022372811,0.0,0.0,2,Stressed,0.001816765022372811,2.001816765022373,2023,2
Taita Taveta,2023-06-01,0.0,0.9944472061902225,0.0022311807761360037,0.0,0.0,0.9966783869663586,0.0,0.9977613834058073,0.0022386165941925998,0.0,0.0,2,Stressed,0.0022386165941925998,2.0022386165941923,2023,6
Taita Taveta,2023-10-01,0.0,0.9964221666273733,0.0002562205750964234,0.0,0.0,0.9966783872024697,0.0,0.9997429255230309,0.00025707447696904216,0.0,0.0,2,Stressed,0.00025707447696904216,2.000257074476969,2023,10
Taita Taveta,2024-02-01,0.9936958082583737,0.002993825581998375,0.0,0.0,0.0,0.996689633840372,0.9969962308422304,0.00300376915776959,0.0,0.0,0.0,1,Minimal,0.0,1.0030037691577696,2024,2
Taita Taveta,2024-06-01,0.9936958082583737,0.00299382558199837,0.0,0.0,0.0,0.996689633840372,0.9969962308422304,0.0030037691577695846,0.0,0.0,0.0,1,Minimal,0.0,1.0030037691577696,2024,6
Taita Taveta,2024-10-01,0.9936958082583737,0.002993825581998375,0.0,0.0,0.0,0.996689633840372,0.9969962308422304,0.00300376915776959,0.0,0.0,0.0,1,Minimal,0.0,1.0030037691577696,2024,10
Taita Taveta,2025-10-01,0.0,0.9966783872024656,0.0,0.0,0.0,0.9966783872024656,0.0,1.0,0.0,0.0,0.0,2,Stressed,0.0,2.0,2025,10
Taita Taveta,2026-02-01,0.0,0.9944472061902225,0.002231180776136009,0.0,0.0,0.9966783869663586,0.0,0.9977613834058073,0.002238616594192605,0.0,0.0,2,Stressed,0.002238616594192605,2.0022386165941923,2026,2
Taita Taveta,2026-06-01,0.0,0.9964221666273076,0.0002562205750964234,0.0,0.0,0.9966783872024041,0.0,0.9997429255230309,0.00025707447696905907,0.0,0.0,2,Stressed,0.00025707447696905907,2.000257074476969,2026,6
Tana River,2011-01-01,0.0,0.9998787875613317,7.917588156587209e-06,0.0,0.0,0.9998867051494883,0.0,0.9999920815147199,7.918485280193308e-06,0.0,0.0,2,Stressed,7.918485280193308e-06,2.0000079184852804,2011,1
Tana River,2011-04-01,0.0,0.9998787875613317,7.917588156587209e-06,0.0,0.0,0.9998867051494883,0.0,0.9999920815147199,7.918485280193308e-06,0.0,0.0,2,Stressed,7.918485280193308e-06,2.0000079184852804,2011,4
Tana River,2011-07-01,0.001488379748287072,0.006727455866328942,0.8297620275581273,0.16191875083355609,0.0,0.9998966140062995,0.0014885336418167879,0.006728151462953707,0.8298478221998457,0.1619354926953838,0.0,3,Crisis,0.9917833148952294,3.1522302739487964,2011,7
Tana River,2011-10-01,0.0003527629612503191,0.47303863612249536,0.3645709518701953,0.16192524843564948,0.0,0.9998875993895904,0.00035280261647976555,0.4730918119309362,0.3646119344741928,0.1619434509783913,0.0,2,Stressed,0.5265553854525842,2.688146033814496,2011,10
Tana River,2012-01-01,0.0003527629612503191,0.8376055198707528,0.16192524843564948,0.0,0.0,0.9998835312676526,0.00035280405189100985,0.837703086087273,0.1619441098608361,0.0,0.0,2,Stressed,0.1619441098608361,2.1615913058089453,2012,1
Tana River,2012-04-01,0.0003527629612503191,0.8448838569952388,0.15464808586768983,0.0,0.0,0.999884705824179,0.00035280363745492614,0.8449812784153179,0.15466591794722714,0.0,0.0,2,Stressed,0.15466591794722714,2.154313114309772,2012,4
Tana River,2012-07-01,0.0003527629612503191,0.9995344129128411,0.0,0.0,0.0,0.9998871758740914,0.0003528027659140015,0.999647197234086,0.0,0.0,0.0,2,Stressed,0.0,1.9996471972340861,2012,7
Tana River,2012-10-01,0.2995403186028006,0.143105027246777,0.5572483577899351,0.0,0.0,0.9998937036395127,0.2995721620333281,0.1431202404074444,0.5573075975592275,0.0,0.0,3,Crisis,0.5573075975592275,2.257735435525899,2012,10
Tana River,2013-01-01,5.406077285039463e-10,0.9989246871551002,0.0009531433761856827,0.0,0.0,0.9998778310718937,5.406737820403534e-10,0.9990467396244083,0.0009532598349179215,0.0,0.0,2,Stressed,0.0009532598349179215,2.000953259294244,2013,1
Tana River,2013-04-01,5.406077285039463e-10,0.9998706182728133,0.0,0.0,0.0,0.9998706188134211,5.406776820240034e-10,0.9999999994593223,0.0,0.0,0.0,2,Stressed,0.0,1.9999999994593223,2013,4
Tana River,2013-07-01,0.0,0.9998706188134208,0.0,0.0,0.0,0.9998706188134208,0.0,1.0,0.0,0.0,0.0,2,Stressed,0.0,2.0,2013,7
Tana River,2013-10-01,0.0,0.9998706188134208,0.0,0.0,0.0,0.9998706188134208,0.0,1.0,0.0,0.0,0.0,2,Stressed,0.0,2.0,2013,10
Tana River,2014-01-01,0.0,0.9998706188134208,0.0,0.0,0.0,0.9998706188134208,0.0,1.0,0.0,0.0,0.0,2,Stressed,0.0,2.0,2014,1
Tana River,2014-04-01,0.0,0.9998706188134208,0.0,0.0,0.0,0.9998706188134208,0.0,1.0,0.0,0.0,0.0,2,Stressed,0.0,2.0,2014,4
Tana River,2014-07-01,0.0838425882560561,0.916035316782098,0.0,0.0,0.0,0.9998779050381541,0.08385282626367943,0.9161471737363206,0.0,0.0,0.0,2,Stressed,0.0,1.9161471737363207,2014,7
Tana River,2014-10-01,0.39582112252385887,0.604059701012555,0.0,0.0,0.0,0.9998808235364138,0.3958683007079831,0.6041316992920169,0.0,0.0,0.0,2,Stressed,0.0,1.604131699292017,2014,10
Tana River,2015-01-01,0.11419856498145155,0.8809656399884012,0.004727457189763148,0.0,0.0,0.9998916621596159,0.11421093834786039,0.8810610922443813,0.004727969407758187,0.0,0.0,2,Stressed,0.004727969407758187,1.8905170310598978,2015,1
Tana River,2015-04-01,0.40957540472128406,0.5877600436369796,0.0025487225182435898,0.0,0.0,0.9998841708765073,0.40962285097707535,0.5878281312541872,0.00254901776873751,0.0,0.0,2,Stressed,0.00254901776873751,1.5929261667916623,2015,4
Tana River,2015-07-01,0.11003547203531003,0.8898396011485511,0.0,0.0,0.0,0.9998750731838612,0.11004922013399993,0.889950779866,0.0,0.0,0.0,2,Stressed,0.0,1.889950779866,2015,7
Tana River,2015-10-01,0.4133881670165409,0.5865052542038364,0.0,0.0,0.0,0.9998934212203773,0.4134322301190837,0.5865677698809163,0.0,0.0,0.0,2,Stressed,0.0,1.5865677698809164,2015,10
Tana River,2016-02-01,0.9925912891233963,0.007280537742988746,0.0,0.0,0.0,0.9998718268663851,0.9927185289680518,0.007281471031948237,0.0,0.0,0.0,1,Minimal,0.0,1.0072814710319482,2016,2
Tana River,2016-06-01,0.44720969960485796,0.5526320794856381,0.0,0.0,0.0,0.9998417790904961,0.44728046872742333,0.5527195312725766,0.0,0.0,0.0,2,Stressed,0.0,1.5527195312725763,2016,6
Tana River,2016-10-01,0.000519996505646685,0.7917736107757423,0.2075444800652706,0.0,0.0,0.9998380873466596,0.0005200807132949258,0.7919018297021745,0.20757808958453056,0.0,0.0,2,Stressed,0.20757808958453056,2.2070580088712357,2016,10
Tana River,2017-02-01,0.0,0.47704247066811795,0.5228062437120232,0.0,0.0,0.9998487143801411,0.0,0.47711465125387664,0.5228853487461234,0.0,0.0,3,Crisis,0.5228853487461234,2.522885348746123,2017,2
Tana River,2017-06-01,0.0,0.6614376170672891,0.3384057390262164,0.0,0.0,0.9998433560935055,0.0,0.6615412434719737,0.3384587565280262,0.0,0.0,2,Stressed,0.3384587565280262,2.338458756528026,2017,6
Tana River,2017-10-01,0.0,0.17942150145293737,0.8204231123445743,0.0,0.0,0.9998446137975117,0.0,0.17944938541147532,0.8205506145885247,0.0,0.0,3,Crisis,0.8205506145885247,2.820550614588525,2017,10
Tana River,2018-02-01,0.0,0.5938157790651535,0.406028993569362,0.0,0.0,0.9998447726345154,0.0,0.5939079698346512,0.40609203016534884,0.0,0.0,2,Stressed,0.40609203016534884,2.406092030165349,2018,2
Tana River,2018-06-01,0.7514731271713782,0.19838188325033998,0.049995294774911186,0.0,0.0,0.9998503051966293,0.7515856356353208,0.19841158443345822,0.05000277993122098,0.0,0.0,1,Minimal,0.05000277993122098,1.2984171442959,2018,6
Tana River,2018-12-01,0.005331527443468242,0.9945055981965615,0.0,0.0,0.0,0.9998371256400297,0.0053323959540463655,0.9946676040459537,0.0,0.0,0.0,2,Stressed,0.0,1.9946676040459537,2018,12
Tana River,2019-02-01,0.0001325771462262753,0.9997034330315148,0.0,0.0,0.0,0.999836010177741,0.00013259889109485767,0.9998674011089052,0.0,0.0,0.0,2,Stressed,0.0,1.9998674011089053,2019,2
Tana River,2019-06-01,0.0,0.6858863578226444,0.31395661587459217,0.0,0.0,0.9998429736972365,0.0,0.6859940769362634,0.3140059230637367,0.0,0.0,2,Stressed,0.3140059230637367,2.314005923063737,2019,6
Tana River,2019-10-01,0.0,0.02507443517065405,0.9747618534458791,0.0,0.0,0.9998362886165331,0.0,0.02507854081326592,0.9749214591867341,0.0,0.0,3,Crisis,0.9749214591867341,2.974921459186734,2019,10
Tana River,2020-02-01,0.0005970499042702049,0.9492533763062169,0.049995294774911186,0.0,0.0,0.9998457209853983,0.000597142030754287,0.9493998487793496,0.05000300918989613,0.0,0.0,2,Stressed,0.05000300918989613,2.049405867159142,2020,2
Tana River,2020-06-01,0.0005970499042702049,0.9492533763062169,0.049995294774911186,0.0,0.0,0.9998457209853983,0.000597142030754287,0.9493998487793496,0.05000300918989613,0.0,0.0,2,Stressed,0.05000300918989613,2.049405867159142,2020,6
Tana River,2020-10-01,0.0,0.9998360101777363,0.0,0.0,0.0,0.9998360101777363,0.0,1.0,0.0,0.0,0.0,2,Stressed,0.0,2.0,2020,10
Tana River,2021-02-01,3.0161159581263163e-05,0.9990806390674783,0.0007260516643734164,0.0,0.0,0.999836851891433,3.0166081120340824e-05,0.9992436637812218,0.0007261701376578731,0.0,0.0,2,Stressed,0.0007261701376578731,2.0006960040565374,2021,2
Tana River,2021-06-01,4.024217221098714e-06,0.9991067760098334,0.0007260516643734164,0.0,0.0,0.999836851891428,4.024873871658116e-06,0.9992698049884704,0.0007261701376578768,0.0,0.0,2,Stressed,0.0007261701376578768,2.000722145263786,2021,6
Tana River,2021-10-01,0.0,0.02090671937675203,0.9789304114298479,0.0,0.0,0.9998371308066,0.0,0.02091012499194336,0.9790898750080567,0.0,0.0,3,Crisis,0.9790898750080567,2.9790898750080568,2021,10
Tana River,2022-02-01,0.0,0.00038677208998345197,0.9994503651944926,0.0,0.0,0.9998371372844761,0.0,0.00038683509099683163,0.9996131649090031,0.0,0.0,3,Crisis,0.9996131649090031,2.999613164909003,2022,2
Tana River,2022-06-01,0.0,0.00038677208998345197,0.9990020619309147,0.00044830325401022593,0.0,0.9998371372749084,0.0,0.00038683509100053337,0.9991647886312067,0.0004483762777926937,0.0,3,Crisis,0.9996131649089994,3.000061541186792,2022,6
Tana River,2022-10-01,0.0,0.00038344728785803047,0.9990053867362455,0.00044830325401022604,0.0,0.9998371372781137,0.0,0.00038350974729934554,0.9991681139749095,0.00044837627779125637,0.0,3,Crisis,0.9996164902527007,3.000064866530492,2022,10
Tana River,2023-02-01,0.0,0.00038344728785803047,0.9994528482758215,0.0,0.0,0.9998362955636795,0.0,0.00038351007015788893,0.9996164899298422,0.0,0.0,3,Crisis,0.9996164899298422,2.9996164899298425,2023,2
Tana River,2023-06-01,0.0,0.00038344728785803047,0.9994528482758116,0.0,0.0,0.9998362955636696,0.0,0.00038351007015789267,0.9996164899298421,0.0,0.0,3,Crisis,0.9996164899298421,2.999616489929842,2023,6
Tana River,2023-10-01,0.0,0.0009778924407001812,0.9988585581289865,0.0,0.0,0.9998364505696867,0.0,0.000978052400613118,0.9990219475993868,0.0,0.0,3,Crisis,0.9990219475993868,2.9990219475993865,2023,10
Tana River,2024-02-01,2.604751428054291e-06,0.998209164034725,0.0016343337478117682,0.0,0.0,0.9998461025339649,2.6051523544002686e-06,0.9983628095412972,0.0016345853063484334,0.0,0.0,2,Stressed,0.0016345853063484334,2.001631980153994,2024,2
Tana River,2024-06-01,2.604751428054291e-06,0.9582234747140571,0.0416194865213956,0.0,0.0,0.9998455659868808,2.605153752403067e-06,0.9583714798677521,0.041625914978495486,0.0,0.0,2,Stressed,0.041625914978495486,2.041623309824743,2024,6
Tana River,2024-10-01,2.604751428054291e-06,0.9577751714600536,0.04206778977540662,0.0,0.0,0.9998455659868883,2.6051537524030475e-06,0.9579231073697771,0.04207428747647043,0.0,0.0,2,Stressed,0.04207428747647043,2.0420716823227183,2024,10
Tana River,2025-10-01,0.0,0.9993877069237209,0.00044830325401022604,0.0,0.0,0.9998360101777312,0.0,0.9995516232167607,0.00044837678323921893,0.0,0.0,2,Stressed,0.00044837678323921893,2.0004483767832393,2025,10
Tana River,2026-02-01,0.0,6.628968649153005e-06,0.9998293812090836,0.0,0.0,0.9998360101777327,0.0,6.630055910843446e-06,0.9999933699440892,0.0,0.0,3,Crisis,0.9999933699440892,2.9999933699440895,2026,2
Tana River,2026-06-01,0.0,0.0009778924407001812,0.9988585581289811,0.0,0.0,0.9998364505696813,0.0,0.0009780524006131233,0.9990219475993868,0.0,0.0,3,Crisis,0.9990219475993868,2.9990219475993865,2026,6
Tharaka-Nithi,2011-01-01,0.4232196997565473,0.5767349857466774,0.0,0.0,0.0,0.9999546855032246,0.4232388786133474,0.5767611213866526,0.0,0.0,0.0,2,Stressed,0.0,1.5767611213866526,2011,1
Tharaka-Nithi,2011-04-01,0.4232196997565473,0.5767349857466774,0.0,0.0,0.0,0.9999546855032246,0.4232388786133474,0.5767611213866526,0.0,0.0,0.0,2,Stressed,0.0,1.5767611213866526,2011,4
Tharaka-Nithi,2011-07-01,0.4237197324544209,0.24732537723603662,0.3288584600184774,0.0,0.0,0.9999035697089349,0.42376059581201697,0.24734922919420255,0.3288901749937805,0.0,0.0,1,Minimal,0.3288901749937805,1.9051295791817635,2011,7
Tharaka-Nithi,2011-10-01,0.4268987734864197,0.13447028570244038,0.4330615425600216,0.00548765213803883,0.0,0.9999182538869205,0.42693367365478374,0.13448127902428259,0.4330969465519888,0.00548810076894488,0.0,3,Crisis,0.43858504732093373,2.017139474435095,2011,10
Tharaka-Nithi,2012-01-01,0.5583754846117378,0.43604456345084386,0.00548765213803883,0.0,0.0,0.9999077002006205,0.558427027314327,0.43608481399168775,0.0054881586939852485,0.0,0.0,1,Minimal,0.0054881586939852485,1.4470611313796582,2012,1
Tharaka-Nithi,2012-04-01,0.6710336412145118,0.3233842822277043,0.00548765213803883,0.0,0.0,0.999905575580255,0.6710970091601944,0.3234148204844655,0.005488170355340096,0.0,0.0,1,Minimal,0.005488170355340096,1.3343911611951458,2012,4
Tharaka-Nithi,2012-07-01,0.6710336412145118,0.3288584600184774,0.0,0.0,0.0,0.9998921012329892,0.6711060527301349,0.32889394726986515,0.0,0.0,0.0,1,Minimal,0.0,1.328893947269865,2012,7
Tharaka-Nithi,2012-10-01,0.6710336412145118,0.3233842822277043,0.00548765213803883,0.0,0.0,0.999905575580255,0.6710970091601944,0.3234148204844655,0.005488170355340096,0.0,0.0,1,Minimal,0.005488170355340096,1.3343911611951458,2012,10
Tharaka-Nithi,2013-01-01,0.6710336412145118,0.3288584600184774,0.0,0.0,0.0,0.9998921012329892,0.6711060527301349,0.32889394726986515,0.0,0.0,0.0,1,Minimal,0.0,1.328893947269865,2013,1
Tharaka-Nithi,2013-04-01,0.6710336412145118,0.3288584600184774,0.0,0.0,0.0,0.9998921012329892,0.6711060527301349,0.32889394726986515,0.0,0.0,0.0,1,Minimal,0.0,1.328893947269865,2013,4
Tharaka-Nithi,2013-07-01,0.4231861935911642,0.5767017092794983,0.0,0.0,0.0,0.9998879028706624,0.4232336368668961,0.5767663631331039,0.0,0.0,0.0,2,Stressed,0.0,1.576766363133104,2013,7
Tharaka-Nithi,2013-10-01,0.4231861935911642,0.5767017092794983,0.0,0.0,0.0,0.9998879028706624,0.4232336368668961,0.5767663631331039,0.0,0.0,0.0,2,Stressed,0.0,1.576766363133104,2013,10
Tharaka-Nithi,2014-01-01,0.3421633694558122,0.6577418247049016,0.0,0.0,0.0,0.9999051941607138,0.3421958116169328,0.6578041883830673,0.0,0.0,0.0,2,Stressed,0.0,1.6578041883830674,2014,1
Tharaka-Nithi,2014-04-01,0.3421633694558122,0.6577418247049016,0.0,0.0,0.0,0.9999051941607138,0.3421958116169328,0.6578041883830673,0.0,0.0,0.0,2,Stressed,0.0,1.6578041883830674,2014,4
Tharaka-Nithi,2014-07-01,0.42596768722111994,0.5739292265793701,0.0,0.0,0.0,0.9998969138004901,0.4260116031382346,0.5739883968617654,0.0,0.0,0.0,2,Stressed,0.0,1.5739883968617654,2014,7
Tharaka-Nithi,2014-10-01,0.4261939982532379,0.5737029155472513,0.0,0.0,0.0,0.9998969138004892,0.4262379375023023,0.5737620624976977,0.0,0.0,0.0,2,Stressed,0.0,1.5737620624976976,2014,10
Tharaka-Nithi,2015-01-01,0.4261939982532379,0.5737029155472513,0.0,0.0,0.0,0.9998969138004892,0.4262379375023023,0.5737620624976977,0.0,0.0,0.0,2,Stressed,0.0,1.5737620624976976,2015,1
Tharaka-Nithi,2015-04-01,0.4261939982532379,0.5737029155472513,0.0,0.0,0.0,0.9998969138004892,0.4262379375023023,0.5737620624976977,0.0,0.0,0.0,2,Stressed,0.0,1.5737620624976976,2015,4
Tharaka-Nithi,2015-07-01,0.4261939982532379,0.5737029155472513,0.0,0.0,0.0,0.9998969138004892,0.4262379375023023,0.5737620624976977,0.0,0.0,0.0,2,Stressed,0.0,1.5737620624976976,2015,7
Tharaka-Nithi,2015-10-01,0.536970693122371,0.4629217378055875,0.0,0.0,0.0,0.9998924309279584,0.5370284607755565,0.4629715392244435,0.0,0.0,0.0,1,Minimal,0.0,1.4629715392244436,2015,10
Tharaka-Nithi,2016-02-01,0.9998764343947174,0.0,0.0,0.0,0.0,0.9998764343947174,1.0,0.0,0.0,0.0,0.0,1,Minimal,0.0,1.0,2016,2
Tharaka-Nithi,2016-06-01,0.9999730250426139,0.0,0.0,0.0,0.0,0.9999730250426139,1.0,0.0,0.0,0.0,0.0,1,Minimal,0.0,1.0,2016,6
Tharaka-Nithi,2016-10-01,0.9998244328363178,0.00014859220629636401,0.0,0.0,0.0,0.9999730250426142,0.9998514037853271,0.0001485962146729225,0.0,0.0,0.0,1,Minimal,0.0,1.000148596214673,2016,10
Tharaka-Nithi,2017-02-01,0.0,0.9999730250426139,0.0,0.0,0.0,0.9999730250426139,0.0,1.0,0.0,0.0,0.0,2,Stressed,0.0,2.0,2017,2
Tharaka-Nithi,2017-06-01,0.0,0.999813352875387,0.00015967216722684516,0.0,0.0,0.9999730250426139,0.0,0.999840323525507,0.00015967647449294017,0.0,0.0,2,Stressed,0.00015967647449294017,2.000159676474493,2017,6
Tharaka-Nithi,2017-10-01,0.4305175902249545,0.5694763544730882,0.0,0.0,0.0,0.9999939446980427,0.430520197154747,0.569479802845253,0.0,0.0,0.0,2,Stressed,0.0,1.569479802845253,2017,10
Tharaka-Nithi,2018-02-01,0.4305175902249545,0.5694763544730882,0.0,0.0,0.0,0.9999939446980427,0.430520197154747,0.569479802845253,0.0,0.0,0.0,2,Stressed,0.0,1.569479802845253,2018,2
Tharaka-Nithi,2018-06-01,0.9999730250426139,0.0,0.0,0.0,0.0,0.9999730250426139,1.0,0.0,0.0,0.0,0.0,1,Minimal,0.0,1.0,2018,6
Tharaka-Nithi,2018-12-01,0.9999619450816835,1.107996093048114e-05,0.0,0.0,0.0,0.999973025042614,0.9999889197401799,1.1080259820017611e-05,0.0,0.0,0.0,1,Minimal,0.0,1.0000110802598199,2018,12
Tharaka-Nithi,2019-02-01,0.4344419424478124,0.5655621445142862,0.0,0.0,0.0,1.0000040869620985,0.4344401669073162,0.5655598330926839,0.0,0.0,0.0,2,Stressed,0.0,1.5655598330926839,2019,2
Tharaka-Nithi,2019-06-01,0.42918859988630365,0.5707989927958752,0.0,0.0,0.0,0.9999875926821788,0.4291939250317384,0.5708060749682616,0.0,0.0,0.0,2,Stressed,0.0,1.5708060749682617,2019,6
Tharaka-Nithi,2019-10-01,1.1815024708654047e-05,0.32058190372986634,0.6793898386843731,0.0,0.0,0.9999835574389481,1.1815218981113486e-05,0.3205871750040638,0.6794010097769551,0.0,0.0,3,Crisis,0.6794010097769551,2.6793891945579738,2019,10
Tharaka-Nithi,2020-02-01,0.5791210411219628,0.42085198392056017,0.0,0.0,0.0,0.999973025042523,0.579136663308829,0.42086333669117104,0.0,0.0,0.0,1,Minimal,0.0,1.4208633366911712,2020,2
Tharaka-Nithi,2020-06-01,0.5791210411219628,0.42085198392056017,0.0,0.0,0.0,0.999973025042523,0.579136663308829,0.42086333669117104,0.0,0.0,0.0,1,Minimal,0.0,1.4208633366911712,2020,6
Tharaka-Nithi,2020-10-01,0.0058788717477628125,0.9940945434270406,0.0,0.0,0.0,0.9999734151748034,0.0058790280406956,0.9941209719593044,0.0,0.0,0.0,2,Stressed,0.0,1.9941209719593043,2020,10
Tharaka-Nithi,2021-02-01,0.0058788717477628125,0.9940945434270406,0.0,0.0,0.0,0.9999734151748034,0.0058790280406956,0.9941209719593044,0.0,0.0,0.0,2,Stressed,0.0,1.9941209719593043,2021,2
Tharaka-Nithi,2021-06-01,0.005832588305194843,0.9941404367374197,0.0,0.0,0.0,0.9999730250426145,0.00583274564326001,0.99416725435674,0.0,0.0,0.0,2,Stressed,0.0,1.9941672543567401,2021,6
Tharaka-Nithi,2021-10-01,0.42918859988630365,0.5707989927958752,0.0,0.0,0.0,0.9999875926821788,0.4291939250317384,0.5708060749682616,0.0,0.0,0.0,2,Stressed,0.0,1.5708060749682617,2021,10
Tharaka-Nithi,2022-02-01,0.42918859988630365,0.5694763544730882,0.0013293804708399855,0.0,0.0,0.9999943348302318,0.4291910313263591,0.5694795806715922,0.0013293880020487049,0.0,0.0,2,Stressed,0.0013293880020487049,1.5721383566756897,2022,2
Tharaka-Nithi,2022-06-01,0.42918859988630365,0.004072944429198643,0.5667361906307765,0.0,0.0,0.9999977349462787,0.42918957202374086,0.004072953654657475,0.5667374743216017,0.0,0.0,3,Crisis,0.5667374743216017,2.137547902297861,2022,6
Tharaka-Nithi,2022-10-01,0.42918859988630365,0.003924352222902279,0.5668847828370728,0.0,0.0,0.9999977349462787,0.42918957202374086,0.003924361111791019,0.5668860668644681,0.0,0.0,3,Crisis,0.5668860668644681,2.137696494840727,2022,10
Tharaka-Nithi,2023-02-01,0.42918859988630365,0.5706504005895788,0.00014859220629636401,0.0,0.0,0.9999875926821788,0.4291939250317384,0.5706574809183116,0.00014859404994996807,0.0,0.0,2,Stressed,0.00014859404994996807,1.5709546690182115,2023,2
Tharaka-Nithi,2023-06-01,0.42918859988630365,0.0,0.5707989927958752,0.0,0.0,0.9999875926821788,0.4291939250317384,0.0,0.5708060749682616,0.0,0.0,3,Crisis,0.5708060749682616,2.1416121499365235,2023,6
Tharaka-Nithi,2023-10-01,0.42918859988630365,0.5707989927958752,0.0,0.0,0.0,0.9999875926821788,0.4291939250317384,0.5708060749682616,0.0,0.0,0.0,2,Stressed,0.0,1.5708060749682617,2023,10
Tharaka-Nithi,2024-02-01,0.42918859988630365,0.5707989927958752,0.0,0.0,0.0,0.9999875926821788,0.4291939250317384,0.5708060749682616,0.0,0.0,0.0,2,Stressed,0.0,1.5708060749682617,2024,2
Tharaka-Nithi,2024-06-01,0.42918859988630365,0.5707989927958752,0.0,0.0,0.0,0.9999875926821788,0.4291939250317384,0.5708060749682616,0.0,0.0,0.0,2,Stressed,0.0,1.5708060749682617,2024,6
Tharaka-Nithi,2024-10-01,0.42918859988630365,0.5707989927958752,0.0,0.0,0.0,0.9999875926821788,0.4291939250317384,0.5708060749682616,0.0,0.0,0.0,2,Stressed,0.0,1.5708060749682617,2024,10
Tharaka-Nithi,2025-10-01,0.42913123648280566,0.5708559660671845,0.0,0.0,0.0,0.9999872025499901,0.429136728338634,0.5708632716613661,0.0,0.0,0.0,2,Stressed,0.0,1.5708632716613662,2025,10
Tharaka-Nithi,2026-02-01,0.42913123648280566,0.5657482893864894,0.005114418828748216,0.0,0.0,0.9999939446980433,0.42913383501775654,0.5657517151839574,0.005114449798286087,0.0,0.0,2,Stressed,0.005114449798286087,1.5759806147805295,2026,2
Tharaka-Nithi,2026-06-01,0.42913123648280566,0.5708559660671845,0.0,0.0,0.0,0.9999872025499901,0.429136728338634,0.5708632716613661,0.0,0.0,0.0,2,Stressed,0.0,1.5708632716613662,2026,6
Trans Nzoia,2011-01-01,0.9974744960545346,0.0003259841955993925,0.0,0.0,0.0,0.997800480250134,0.9996732972151731,0.0003267027848269556,0.0,0.0,0.0,1,Minimal,0.0,1.000326702784827,2011,1
Trans Nzoia,2011-04-01,0.9974744960545346,0.0003259841955993925,0.0,0.0,0.0,0.997800480250134,0.9996732972151731,0.0003267027848269556,0.0,0.0,0.0,1,Minimal,0.0,1.000326702784827,2011,4
Trans Nzoia,2011-07-01,0.9975439681741708,0.00016823025469250098,0.0,0.0,0.0,0.9977121984288633,0.9998313839853242,0.00016861601467579507,0.0,0.0,0.0,1,Minimal,0.0,1.0001686160146759,2011,7
Trans Nzoia,2011-10-01,0.9976067543224805,7.96506818424822e-05,0.0,0.0,0.0,0.9976864050043229,0.999920164611402,7.983538859802051e-05,0.0,0.0,0.0,1,Minimal,0.0,1.000079835388598,2011,10
Trans Nzoia,2012-01-01,0.9976067543224805,7.96506818424822e-05,0.0,0.0,0.0,0.9976864050043229,0.999920164611402,7.983538859802051e-05,0.0,0.0,0.0,1,Minimal,0.0,1.000079835388598,2012,1
Trans Nzoia,2012-04-01,0.9976067543224805,7.96506818424822e-05,0.0,0.0,0.0,0.9976864050043229,0.999920164611402,7.983538859802051e-05,0.0,0.0,0.0,1,Minimal,0.0,1.000079835388598,2012,4
Trans Nzoia,2012-07-01,0.9976067543224805,7.96506818424822e-05,0.0,0.0,0.0,0.9976864050043229,0.999920164611402,7.983538859802051e-05,0.0,0.0,0.0,1,Minimal,0.0,1.000079835388598,2012,7
Trans Nzoia,2012-10-01,0.9976067543224805,7.96506818424822e-05,0.0,0.0,0.0,0.9976864050043229,0.999920164611402,7.983538859802051e-05,0.0,0.0,0.0,1,Minimal,0.0,1.000079835388598,2012,10
Trans Nzoia,2013-01-01,0.9976067543224805,7.96506818424822e-05,0.0,0.0,0.0,0.9976864050043229,0.999920164611402,7.983538859802051e-05,0.0,0.0,0.0,1,Minimal,0.0,1.000079835388598,2013,1
Trans Nzoia,2013-04-01,0.9976067543224805,7.96506818424822e-05,0.0,0.0,0.0,0.9976864050043229,0.999920164611402,7.983538859802051e-05,0.0,0.0,0.0,1,Minimal,0.0,1.000079835388598,2013,4
Trans Nzoia,2013-07-01,0.9975439681741708,0.00016823025469250098,0.0,0.0,0.0,0.9977121984288633,0.9998313839853242,0.00016861601467579507,0.0,0.0,0.0,1,Minimal,0.0,1.0001686160146759,2013,7
Trans Nzoia,2013-10-01,0.9975439681741708,0.00016823025469250098,0.0,0.0,0.0,0.9977121984288633,0.9998313839853242,0.00016861601467579507,0.0,0.0,0.0,1,Minimal,0.0,1.0001686160146759,2013,10
Trans Nzoia,2014-01-01,0.9975439681741708,0.00016823025469250098,0.0,0.0,0.0,0.9977121984288633,0.9998313839853242,0.00016861601467579507,0.0,0.0,0.0,1,Minimal,0.0,1.0001686160146759,2014,1
Trans Nzoia,2014-04-01,0.9975439681741708,0.00016823025469250098,0.0,0.0,0.0,0.9977121984288633,0.9998313839853242,0.00016861601467579507,0.0,0.0,0.0,1,Minimal,0.0,1.0001686160146759,2014,4
Trans Nzoia,2014-07-01,0.9976067543224805,7.96506818424822e-05,0.0,0.0,0.0,0.9976864050043229,0.999920164611402,7.983538859802051e-05,0.0,0.0,0.0,1,Minimal,0.0,1.000079835388598,2014,7
Trans Nzoia,2014-10-01,0.9976067543224805,7.96506818424822e-05,0.0,0.0,0.0,0.9976864050043229,0.999920164611402,7.983538859802051e-05,0.0,0.0,0.0,1,Minimal,0.0,1.000079835388598,2014,10
Trans Nzoia,2015-01-01,0.9976863296291181,0.0,0.0,0.0,0.0,0.9976863296291181,1.0,0.0,0.0,0.0,0.0,1,Minimal,0.0,1.0,2015,1
Trans Nzoia,2015-04-01,0.9976863296291181,0.0,0.0,0.0,0.0,0.9976863296291181,1.0,0.0,0.0,0.0,0.0,1,Minimal,0.0,1.0,2015,4
Trans Nzoia,2015-07-01,0.9976067543224805,7.96506818424822e-05,0.0,0.0,0.0,0.9976864050043229,0.999920164611402,7.983538859802051e-05,0.0,0.0,0.0,1,Minimal,0.0,1.000079835388598,2015,7
Trans Nzoia,2015-10-01,0.9976067543224805,7.96506818424822e-05,0.0,0.0,0.0,0.9976864050043229,0.999920164611402,7.983538859802051e-05,0.0,0.0,0.0,1,Minimal,0.0,1.000079835388598,2015,10
Trans Nzoia,2016-02-01,0.9976863296291181,0.0,0.0,0.0,0.0,0.9976863296291181,1.0,0.0,0.0,0.0,0.0,1,Minimal,0.0,1.0,2016,2
Trans Nzoia,2016-06-01,0.9977780064560035,0.0,0.0,0.0,0.0,0.9977780064560035,1.0,0.0,0.0,0.0,0.0,1,Minimal,0.0,1.0,2016,6
Trans Nzoia,2016-10-01,0.9977780064560035,0.0,0.0,0.0,0.0,0.9977780064560035,1.0,0.0,0.0,0.0,0.0,1,Minimal,0.0,1.0,2016,10
Trans Nzoia,2017-02-01,0.9977776460734257,3.6038257766674747e-07,0.0,0.0,0.0,0.9977780064560033,0.9999996388148713,3.611851286908862e-07,0.0,0.0,0.0,1,Minimal,0.0,1.0000003611851287,2017,2
Trans Nzoia,2017-06-01,0.920023236490348,0.07376794730790726,0.003993225181215564,0.0,0.0,0.9977844089794708,0.9220661579903252,0.07393174982896031,0.004002092180714485,0.0,0.0,1,Minimal,0.004002092180714485,1.0819359341903891,2017,6
Trans Nzoia,2017-10-01,0.9977780064560035,0.0,0.0,0.0,0.0,0.9977780064560035,1.0,0.0,0.0,0.0,0.0,1,Minimal,0.0,1.0,2017,10
Trans Nzoia,2018-02-01,0.9977780064560035,0.0,0.0,0.0,0.0,0.9977780064560035,1.0,0.0,0.0,0.0,0.0,1,Minimal,0.0,1.0,2018,2
Trans Nzoia,2018-06-01,0.9977780064560035,0.0,0.0,0.0,0.0,0.9977780064560035,1.0,0.0,0.0,0.0,0.0,1,Minimal,0.0,1.0,2018,6
Trans Nzoia,2018-12-01,0.9937911837982557,0.003993225181215564,0.0,0.0,0.0,0.9977844089794713,0.9959979078192855,0.004002092180714483,0.0,0.0,0.0,1,Minimal,0.0,1.0040020921807145,2018,12
Trans Nzoia,2019-02-01,0.9977780064560035,0.0,0.0,0.0,0.0,0.9977780064560035,1.0,0.0,0.0,0.0,0.0,1,Minimal,0.0,1.0,2019,2
Trans Nzoia,2019-06-01,0.9977780064560035,0.0,0.0,0.0,0.0,0.9977780064560035,1.0,0.0,0.0,0.0,0.0,1,Minimal,0.0,1.0,2019,6
Trans Nzoia,2019-10-01,0.9977780064560035,0.0,0.0,0.0,0.0,0.9977780064560035,1.0,0.0,0.0,0.0,0.0,1,Minimal,0.0,1.0,2019,10
Trans Nzoia,2020-02-01,0.9977780064560035,0.0,0.0,0.0,0.0,0.9977780064560035,1.0,0.0,0.0,0.0,0.0,1,Minimal,0.0,1.0,2020,2
Trans Nzoia,2020-06-01,0.9977780064560035,0.0,0.0,0.0,0.0,0.9977780064560035,1.0,0.0,0.0,0.0,0.0,1,Minimal,0.0,1.0,2020,6
Trans Nzoia,2020-10-01,0.9977780064560035,0.0,0.0,0.0,0.0,0.9977780064560035,1.0,0.0,0.0,0.0,0.0,1,Minimal,0.0,1.0,2020,10
Trans Nzoia,2021-02-01,0.9977780064560035,0.0,0.0,0.0,0.0,0.9977780064560035,1.0,0.0,0.0,0.0,0.0,1,Minimal,0.0,1.0,2021,2
Trans Nzoia,2021-06-01,0.9977780064560035,0.0,0.0,0.0,0.0,0.9977780064560035,1.0,0.0,0.0,0.0,0.0,1,Minimal,0.0,1.0,2021,6
Trans Nzoia,2021-10-01,0.9937908234156779,0.003993585563793233,0.0,0.0,0.0,0.9977844089794712,0.9959975466364744,0.004002453363525545,0.0,0.0,0.0,1,Minimal,0.0,1.0040024533635254,2021,10
Trans Nzoia,2022-02-01,0.9977780064560035,0.0,0.0,0.0,0.0,0.9977780064560035,1.0,0.0,0.0,0.0,0.0,1,Minimal,0.0,1.0,2022,2
Trans Nzoia,2022-06-01,0.9937908234156778,0.003993585563793233,0.0,0.0,0.0,0.9977844089794711,0.9959975466364744,0.004002453363525546,0.0,0.0,0.0,1,Minimal,0.0,1.0040024533635254,2022,6
Trans Nzoia,2022-10-01,0.9937908234156778,0.003993585563793233,0.0,0.0,0.0,0.9977844089794711,0.9959975466364744,0.004002453363525546,0.0,0.0,0.0,1,Minimal,0.0,1.0040024533635254,2022,10
Trans Nzoia,2023-02-01,0.9977780064560035,0.0,0.0,0.0,0.0,0.9977780064560035,1.0,0.0,0.0,0.0,0.0,1,Minimal,0.0,1.0,2023,2
Trans Nzoia,2023-06-01,0.9977780064560035,0.0,0.0,0.0,0.0,0.9977780064560035,1.0,0.0,0.0,0.0,0.0,1,Minimal,0.0,1.0,2023,6
Trans Nzoia,2023-10-01,0.9977780064560035,0.0,0.0,0.0,0.0,0.9977780064560035,1.0,0.0,0.0,0.0,0.0,1,Minimal,0.0,1.0,2023,10
Trans Nzoia,2024-02-01,0.9977780064560035,0.0,0.0,0.0,0.0,0.9977780064560035,1.0,0.0,0.0,0.0,0.0,1,Minimal,0.0,1.0,2024,2
Trans Nzoia,2024-06-01,0.9977780064560035,0.0,0.0,0.0,0.0,0.9977780064560035,1.0,0.0,0.0,0.0,0.0,1,Minimal,0.0,1.0,2024,6
Trans Nzoia,2024-10-01,0.9977780064560035,0.0,0.0,0.0,0.0,0.9977780064560035,1.0,0.0,0.0,0.0,0.0,1,Minimal,0.0,1.0,2024,10
Trans Nzoia,2025-10-01,0.9937908234156779,0.003993585563793233,0.0,0.0,0.0,0.9977844089794712,0.9959975466364744,0.004002453363525545,0.0,0.0,0.0,1,Minimal,0.0,1.0040024533635254,2025,10
Trans Nzoia,2026-02-01,0.9937908234156779,0.003993585563793233,0.0,0.0,0.0,0.9977844089794712,0.9959975466364744,0.004002453363525545,0.0,0.0,0.0,1,Minimal,0.0,1.0040024533635254,2026,2
Trans Nzoia,2026-06-01,0.9937908234156779,0.003993585563793233,0.0,0.0,0.0,0.9977844089794712,0.9959975466364744,0.004002453363525545,0.0,0.0,0.0,1,Minimal,0.0,1.0040024533635254,2026,6
Turkana,2011-01-01,0.0,0.9929189717698599,0.0,0.0,0.0,0.9929189717698599,0.0,1.0,0.0,0.0,0.0,2,Stressed,0.0,2.0,2011,1
Turkana,2011-04-01,0.0,0.9929189717698599,0.0,0.0,0.0,0.9929189717698599,0.0,1.0,0.0,0.0,0.0,2,Stressed,0.0,2.0,2011,4
Turkana,2011-07-01,0.0,0.0011779388230197725,0.5235645286181331,0.4358646206749443,0.0,0.9606070881160971,0.0,0.001226244150800404,0.5450350461653642,0.45373870968383545,0.0,3,Crisis,0.9987737558491997,3.4525124655330353,2011,7
Turkana,2011-10-01,0.09959173133666607,0.18367604741116633,0.3505298933507392,0.32680821559851136,0.0,0.960605887697083,0.10367595349162724,0.1912085380316622,0.3649050019785795,0.340210506498131,0.0,3,Crisis,0.7051155084767105,2.941650061483214,2011,10
Turkana,2012-01-01,0.09959173133666607,0.5342023955675232,0.32680821559851136,0.0,0.0,0.9606023425027007,0.10367633611760224,0.5561119018050087,0.340211762077389,0.0,0.0,2,Stressed,0.340211762077389,2.2365354259597865,2012,1
Turkana,2012-04-01,0.09959173133666607,0.6018205515348758,0.259193268152138,0.0,0.0,0.96060555102368,0.10367598982801529,0.6265012219568574,0.26982278821512723,0.0,0.0,2,Stressed,0.26982278821512723,2.166146798387112,2012,4
Turkana,2012-07-01,0.09959173133666607,0.7568036854853915,0.1042033029554446,0.0,0.0,0.9605987197775021,0.10367672711424593,0.7878458193871896,0.10847745349856452,0.0,0.0,2,Stressed,0.10847745349856452,2.004800726384319,2012,7
Turkana,2012-10-01,0.09959173133666607,0.861009950923193,0.0,0.0,0.0,0.9606016822598591,0.10367640737664752,0.8963235926233525,0.0,0.0,0.0,2,Stressed,0.0,1.8963235926233524,2012,10
Turkana,2013-01-01,0.09959173133666607,0.861009950923193,0.0,0.0,0.0,0.9606016822598591,0.10367640737664752,0.8963235926233525,0.0,0.0,0.0,2,Stressed,0.0,1.8963235926233524,2013,1
Turkana,2013-04-01,0.0,0.9605951606720159,0.0,0.0,0.0,0.9605951606720159,0.0,1.0,0.0,0.0,0.0,2,Stressed,0.0,2.0,2013,4
Turkana,2013-07-01,0.0,0.9605951606720159,0.0,0.0,0.0,0.9605951606720159,0.0,1.0,0.0,0.0,0.0,2,Stressed,0.0,2.0,2013,7
Turkana,2013-10-01,0.0,0.9605951606720159,0.0,0.0,0.0,0.9605951606720159,0.0,1.0,0.0,0.0,0.0,2,Stressed,0.0,2.0,2013,10
Turkana,2014-01-01,0.0,0.7385702020725704,0.22202982197504953,0.0,0.0,0.9606000240476199,0.0,0.768863401606533,0.23113659839346706,0.0,0.0,2,Stressed,0.23113659839346706,2.2311365983934675,2014,1
Turkana,2014-04-01,0.0,0.6744531605372258,0.2861483836642575,0.0,0.0,0.9606015442014832,0.0,0.7021154240365882,0.2978845759634119,0.0,0.0,2,Stressed,0.2978845759634119,2.297884575963412,2014,4
Turkana,2014-07-01,0.0,0.8321933927498042,0.12841027989176515,0.0,0.0,0.9606036726415693,0.0,0.8663233510875,0.1336766489125,0.0,0.0,2,Stressed,0.1336766489125,2.1336766489125,2014,7
Turkana,2014-10-01,0.0,0.8324358467553719,0.1281670509019435,0.0,0.0,0.9606028976573153,0.0,0.8665764477553495,0.13342355224465052,0.0,0.0,2,Stressed,0.13342355224465052,2.1334235522446505,2014,10
Turkana,2015-01-01,0.00024107247713109695,0.9603543687356382,0.0,0.0,0.0,0.9605954412127693,0.00025096150448802727,0.999749038495512,0.0,0.0,0.0,2,Stressed,0.0,1.999749038495512,2015,1
Turkana,2015-04-01,0.00024107247713109695,0.921387278769489,0.03896816875153819,0.0,0.0,0.9605965199981583,0.0002509612226489839,0.9591824034207989,0.0405666353565521,0.0,0.0,2,Stressed,0.0405666353565521,2.040315674133903,2015,4
Turkana,2015-07-01,0.00024107247713109695,0.9603543687356382,0.0,0.0,0.0,0.9605954412127693,0.00025096150448802727,0.999749038495512,0.0,0.0,0.0,2,Stressed,0.0,1.999749038495512,2015,7
Turkana,2015-10-01,0.00015588977940997928,0.9604395514333589,0.0,0.0,0.0,0.9605954412127689,0.00016228452970083396,0.9998377154702992,0.0,0.0,0.0,2,Stressed,0.0,1.9998377154702993,2015,10
Turkana,2016-02-01,0.00029735210591371966,0.9602982463279878,0.0,0.0,0.0,0.9605955984339015,0.00030954972768822283,0.9996904502723117,0.0,0.0,0.0,2,Stressed,0.0,1.9996904502723116,2016,2
Turkana,2016-06-01,0.035843355394722574,0.9243092380547706,0.0,0.0,0.0,0.9601525934494932,0.037330894734085865,0.9626691052659141,0.0,0.0,0.0,2,Stressed,0.0,1.962669105265914,2016,6
Turkana,2016-10-01,0.0,0.9601517567107909,0.0,0.0,0.0,0.9601517567107909,0.0,1.0,0.0,0.0,0.0,2,Stressed,0.0,2.0,2016,10
Turkana,2017-02-01,0.0,0.5146830983798869,0.44547912490957997,0.0,0.0,0.9601622232894669,0.0,0.5360376464475022,0.4639623535524978,0.0,0.0,2,Stressed,0.4639623535524978,2.463962353552498,2017,2
Turkana,2017-06-01,0.020987996915219614,0.4028909139592897,0.5363027382249371,0.0,0.0,0.9601816490994465,0.021858360795485143,0.419598639837744,0.5585429993667709,0.0,0.0,3,Crisis,0.5585429993667709,2.536684638571286,2017,6
Turkana,2017-10-01,0.00010352573669508777,0.8076429528645717,0.1524109153124805,0.0,0.0,0.9601573939137473,0.00010782163148595997,0.8411568332276195,0.15873534514089452,0.0,0.0,2,Stressed,0.15873534514089452,2.1586275235094083,2017,10
Turkana,2018-02-01,6.225157994708083e-05,0.4395367953897047,0.5205661991228082,0.0,0.0,0.96016524609246,6.483423577391829e-05,0.4577720316148363,0.5421631341493898,0.0,0.0,3,Crisis,0.5421631341493898,2.542098299913616,2018,2
Turkana,2018-06-01,0.7891373699110769,0.17102378319426476,0.0,0.0,0.0,0.9601611531053416,0.821880126433837,0.17811987356616305,0.0,0.0,0.0,1,Minimal,0.0,1.178119873566163,2018,6
Turkana,2018-12-01,0.021058229009685143,0.9390976295281964,0.0,0.0,0.0,0.9601558585378815,0.02193209448490213,0.9780679055150979,0.0,0.0,0.0,2,Stressed,0.0,1.978067905515098,2018,12
Turkana,2019-02-01,0.0,0.9601517567107872,0.0,0.0,0.0,0.9601517567107872,0.0,1.0,0.0,0.0,0.0,2,Stressed,0.0,2.0,2019,2
Turkana,2019-06-01,0.0,0.41006489630931225,0.5500986063944844,0.0,0.0,0.9601635027037967,0.0,0.4270781956974824,0.5729218043025175,0.0,0.0,3,Crisis,0.5729218043025175,2.572921804302517,2019,6
Turkana,2019-10-01,0.0,0.0001739928716626225,0.9599781682432033,0.0,0.0,0.9601521611148659,0.0,0.0001812138520425693,0.9998187861479574,0.0,0.0,3,Crisis,0.9998187861479574,2.9998187861479573,2019,10
Turkana,2020-02-01,4.127415674800693e-05,0.9601108017683062,0.0,0.0,0.0,0.9601520759250542,4.298710358798269e-05,0.999957012896412,0.0,0.0,0.0,2,Stressed,0.0,1.9999570128964121,2020,2
Turkana,2020-06-01,4.127415674800693e-05,0.96011080176831,0.0,0.0,0.0,0.960152075925058,4.298710358798252e-05,0.999957012896412,0.0,0.0,0.0,2,Stressed,0.0,1.9999570128964121,2020,6
Turkana,2020-10-01,0.0,0.9319836920276134,0.02816811290384964,0.0,0.0,0.9601518049314631,0.0,0.9706628548119426,0.029337145188057336,0.0,0.0,2,Stressed,0.029337145188057336,2.029337145188057,2020,10
Turkana,2021-02-01,0.0,0.00021187294301652814,0.9599412746552368,0.0,0.0,0.9601531475982533,0.0,0.00022066577977326998,0.9997793342202268,0.0,0.0,3,Crisis,0.9997793342202268,2.999779334220227,2021,2
Turkana,2021-06-01,0.0,0.00021187294301652814,0.9599412746552369,0.0,0.0,0.9601531475982534,0.0,0.00022066577977326995,0.9997793342202268,0.0,0.0,3,Crisis,0.9997793342202268,2.999779334220227,2021,6
Turkana,2021-10-01,0.0,0.00010352573669508777,0.9600486797812157,0.0,0.0,0.9601522055179108,0.0,0.00010782221412410908,0.9998921777858758,0.0,0.0,3,Crisis,0.9998921777858758,2.999892177785876,2021,10
Turkana,2022-02-01,0.0,4.1274156748006934e-05,0.9601118734419879,0.0,0.0,0.9601531475987359,0.0,4.298705560798317e-05,0.999957012944392,0.0,0.0,3,Crisis,0.999957012944392,2.999957012944392,2022,2
Turkana,2022-06-01,0.0,4.127415674800693e-05,0.0001705987862685209,0.9599412746557235,0.0,0.96015314759874,0.0,4.298705560798298e-05,0.0001776787241651748,0.9997793342202269,0.0,4,Emergency,0.9999570129443921,3.9997363471646192,2022,6
Turkana,2022-10-01,0.0,4.127415674800693e-05,0.0001705987862685209,0.9599412746552418,0.0,0.9601531475982583,0.0,4.298705560800454e-05,0.00017767872416526396,0.9997793342202268,0.0,4,Emergency,0.9999570129443921,3.999736347164619,2022,10
Turkana,2023-02-01,0.0,7.022851941431979e-05,0.9600829634821264,0.0,0.0,0.9601531920015407,0.0,7.314303592317496e-05,0.9999268569640769,0.0,0.0,3,Crisis,0.9999268569640769,2.999926856964077,2023,2
Turkana,2023-06-01,0.0,7.976939467238939e-06,0.9601451706592702,0.0,0.0,0.9601531475987374,0.0,8.307986582336992e-06,0.9999916920134178,0.0,0.0,3,Crisis,0.9999916920134178,2.9999916920134178,2023,6
Turkana,2023-10-01,0.0,4.5792403110807434e-05,0.9601073551951476,0.0,0.0,0.9601531475982583,0.0,4.7692811532569826e-05,0.9999523071884675,0.0,0.0,3,Crisis,0.9999523071884675,2.9999523071884675,2023,10
Turkana,2024-02-01,4.127415674800693e-05,0.0001705987862685209,0.9599412746557239,0.0,0.0,0.9601531475987404,4.298705560798296e-05,0.00017767872416517475,0.9997793342202269,0.0,0.0,3,Crisis,0.9997793342202269,2.9997363471646192,2024,2
Turkana,2024-06-01,4.127415674800693e-05,0.96011080176831,0.0,0.0,0.0,0.960152075925058,4.298710358798252e-05,0.999957012896412,0.0,0.0,0.0,2,Stressed,0.0,1.9999570128964121,2024,6
Turkana,2024-10-01,4.127415674800693e-05,0.10584305184533531,0.8542823653541649,0.0,0.0,0.9601666913562482,4.298644924841814e-05,0.11023403831664957,0.889722975234102,0.0,0.0,3,Crisis,0.889722975234102,2.8896799887848537,2024,10
Turkana,2025-10-01,0.0,0.00021187294301652814,0.9599412746552385,0.0,0.0,0.960153147598255,0.0,0.00022066577977326957,0.9997793342202268,0.0,0.0,3,Crisis,0.9997793342202268,2.999779334220227,2025,10
Turkana,2026-02-01,0.0,4.5792403110807434e-05,0.9601062835219437,0.0,0.0,0.9601520759250545,0.0,4.769286476487481e-05,0.9999523071352352,0.0,0.0,3,Crisis,0.9999523071352352,2.9999523071352354,2026,2
Turkana,2026-06-01,0.0,4.5792403110807434e-05,0.96010628352175,0.0,0.0,0.9601520759248607,0.0,4.769286476488443e-05,0.9999523071352352,0.0,0.0,3,Crisis,0.9999523071352352,2.9999523071352354,2026,6
Uasin Gishu,2011-01-01,0.9959538386903999,0.004031563088170669,0.0,0.0,0.0,0.9999854017785705,0.9959683780573195,0.004031621942680508,0.0,0.0,0.0,1,Minimal,0.0,1.0040316219426806,2011,1
Uasin Gishu,2011-04-01,0.9959538386903999,0.004031563088170669,0.0,0.0,0.0,0.9999854017785705,0.9959683780573195,0.004031621942680508,0.0,0.0,0.0,1,Minimal,0.0,1.0040316219426806,2011,4
Uasin Gishu,2011-07-01,0.9997765773368548,0.0,0.0,0.0,0.0,0.9997765773368548,1.0,0.0,0.0,0.0,0.0,1,Minimal,0.0,1.0,2011,7
Uasin Gishu,2011-10-01,0.9997765773368544,0.0,0.0,0.0,0.0,0.9997765773368544,1.0,0.0,0.0,0.0,0.0,1,Minimal,0.0,1.0,2011,10
Uasin Gishu,2012-01-01,0.9997765773368544,0.0,0.0,0.0,0.0,0.9997765773368544,1.0,0.0,0.0,0.0,0.0,1,Minimal,0.0,1.0,2012,1
Uasin Gishu,2012-04-01,0.9997765773368542,0.0,0.0,0.0,0.0,0.9997765773368542,1.0,0.0,0.0,0.0,0.0,1,Minimal,0.0,1.0,2012,4
Uasin Gishu,2012-07-01,0.9997765773368544,0.0,0.0,0.0,0.0,0.9997765773368544,1.0,0.0,0.0,0.0,0.0,1,Minimal,0.0,1.0,2012,7
Uasin Gishu,2012-10-01,0.9997765773368544,0.0,0.0,0.0,0.0,0.9997765773368544,1.0,0.0,0.0,0.0,0.0,1,Minimal,0.0,1.0,2012,10
Uasin Gishu,2013-01-01,0.9997765773368544,0.0,0.0,0.0,0.0,0.9997765773368544,1.0,0.0,0.0,0.0,0.0,1,Minimal,0.0,1.0,2013,1
Uasin Gishu,2013-04-01,0.9997765773368544,0.0,0.0,0.0,0.0,0.9997765773368544,1.0,0.0,0.0,0.0,0.0,1,Minimal,0.0,1.0,2013,4
Uasin Gishu,2013-07-01,0.9997765773368542,0.0,0.0,0.0,0.0,0.9997765773368542,1.0,0.0,0.0,0.0,0.0,1,Minimal,0.0,1.0,2013,7
Uasin Gishu,2013-10-01,0.9997765773368542,0.0,0.0,0.0,0.0,0.9997765773368542,1.0,0.0,0.0,0.0,0.0,1,Minimal,0.0,1.0,2013,10
Uasin Gishu,2014-01-01,0.9997765773368544,0.0,0.0,0.0,0.0,0.9997765773368544,1.0,0.0,0.0,0.0,0.0,1,Minimal,0.0,1.0,2014,1
Uasin Gishu,2014-04-01,0.9997765773368544,0.0,0.0,0.0,0.0,0.9997765773368544,1.0,0.0,0.0,0.0,0.0,1,Minimal,0.0,1.0,2014,4
Uasin Gishu,2014-07-01,0.9997765773368544,0.0,0.0,0.0,0.0,0.9997765773368544,1.0,0.0,0.0,0.0,0.0,1,Minimal,0.0,1.0,2014,7
Uasin Gishu,2014-10-01,0.9997765773368542,0.0,0.0,0.0,0.0,0.9997765773368542,1.0,0.0,0.0,0.0,0.0,1,Minimal,0.0,1.0,2014,10
Uasin Gishu,2015-01-01,0.9997765773368542,0.0,0.0,0.0,0.0,0.9997765773368542,1.0,0.0,0.0,0.0,0.0,1,Minimal,0.0,1.0,2015,1
Uasin Gishu,2015-04-01,0.9997765773368542,0.0,0.0,0.0,0.0,0.9997765773368542,1.0,0.0,0.0,0.0,0.0,1,Minimal,0.0,1.0,2015,4
Uasin Gishu,2015-07-01,0.999776577336855,0.0,0.0,0.0,0.0,0.999776577336855,1.0,0.0,0.0,0.0,0.0,1,Minimal,0.0,1.0,2015,7
Uasin Gishu,2015-10-01,0.9997765773368542,0.0,0.0,0.0,0.0,0.9997765773368542,1.0,0.0,0.0,0.0,0.0,1,Minimal,0.0,1.0,2015,10
Uasin Gishu,2016-02-01,0.9997765773368544,0.0,0.0,0.0,0.0,0.9997765773368544,1.0,0.0,0.0,0.0,0.0,1,Minimal,0.0,1.0,2016,2
Uasin Gishu,2016-06-01,0.9999480360329531,0.0,0.0,0.0,0.0,0.9999480360329531,1.0,0.0,0.0,0.0,0.0,1,Minimal,0.0,1.0,2016,6
Uasin Gishu,2016-10-01,0.9999480360329531,0.0,0.0,0.0,0.0,0.9999480360329531,1.0,0.0,0.0,0.0,0.0,1,Minimal,0.0,1.0,2016,10
Uasin Gishu,2017-02-01,0.9998873396209779,6.0846038490357684e-05,0.0,0.0,0.0,0.9999481856594682,0.9999391508086489,6.084919135107943e-05,0.0,0.0,0.0,1,Minimal,0.0,1.0000608491913512,2017,2
Uasin Gishu,2017-06-01,0.9998873396209779,6.0846038490357684e-05,0.0,0.0,0.0,0.9999481856594682,0.9999391508086489,6.084919135107943e-05,0.0,0.0,0.0,1,Minimal,0.0,1.0000608491913512,2017,6
Uasin Gishu,2017-10-01,0.9999480360329529,0.0,0.0,0.0,0.0,0.9999480360329529,1.0,0.0,0.0,0.0,0.0,1,Minimal,0.0,1.0,2017,10
Uasin Gishu,2018-02-01,0.9999480360329531,0.0,0.0,0.0,0.0,0.9999480360329531,1.0,0.0,0.0,0.0,0.0,1,Minimal,0.0,1.0,2018,2
Uasin Gishu,2018-06-01,0.9999480360329529,0.0,0.0,0.0,0.0,0.9999480360329529,1.0,0.0,0.0,0.0,0.0,1,Minimal,0.0,1.0,2018,6
Uasin Gishu,2018-12-01,0.9999480360329529,0.0,0.0,0.0,0.0,0.9999480360329529,1.0,0.0,0.0,0.0,0.0,1,Minimal,0.0,1.0,2018,12
Uasin Gishu,2019-02-01,0.9999480360329531,0.0,0.0,0.0,0.0,0.9999480360329531,1.0,0.0,0.0,0.0,0.0,1,Minimal,0.0,1.0,2019,2
Uasin Gishu,2019-06-01,0.9999480360329531,0.0,0.0,0.0,0.0,0.9999480360329531,1.0,0.0,0.0,0.0,0.0,1,Minimal,0.0,1.0,2019,6
Uasin Gishu,2019-10-01,0.9999480360329531,0.0,0.0,0.0,0.0,0.9999480360329531,1.0,0.0,0.0,0.0,0.0,1,Minimal,0.0,1.0,2019,10
Uasin Gishu,2020-02-01,0.9999480360329529,0.0,0.0,0.0,0.0,0.9999480360329529,1.0,0.0,0.0,0.0,0.0,1,Minimal,0.0,1.0,2020,2
Uasin Gishu,2020-06-01,0.9999480360329529,0.0,0.0,0.0,0.0,0.9999480360329529,1.0,0.0,0.0,0.0,0.0,1,Minimal,0.0,1.0,2020,6
Uasin Gishu,2020-10-01,0.9999480360329531,0.0,0.0,0.0,0.0,0.9999480360329531,1.0,0.0,0.0,0.0,0.0,1,Minimal,0.0,1.0,2020,10
Uasin Gishu,2021-02-01,0.9999480360329531,0.0,0.0,0.0,0.0,0.9999480360329531,1.0,0.0,0.0,0.0,0.0,1,Minimal,0.0,1.0,2021,2
Uasin Gishu,2021-06-01,0.9999480360329531,0.0,0.0,0.0,0.0,0.9999480360329531,1.0,0.0,0.0,0.0,0.0,1,Minimal,0.0,1.0,2021,6
Uasin Gishu,2021-10-01,0.9999480360329529,0.0,0.0,0.0,0.0,0.9999480360329529,1.0,0.0,0.0,0.0,0.0,1,Minimal,0.0,1.0,2021,10
Uasin Gishu,2022-02-01,0.9999480360329531,0.0,0.0,0.0,0.0,0.9999480360329531,1.0,0.0,0.0,0.0,0.0,1,Minimal,0.0,1.0,2022,2
Uasin Gishu,2022-06-01,0.9999480360329531,0.0,0.0,0.0,0.0,0.9999480360329531,1.0,0.0,0.0,0.0,0.0,1,Minimal,0.0,1.0,2022,6
Uasin Gishu,2022-10-01,0.9999480360329531,0.0,0.0,0.0,0.0,0.9999480360329531,1.0,0.0,0.0,0.0,0.0,1,Minimal,0.0,1.0,2022,10
Uasin Gishu,2023-02-01,0.9999480360329531,0.0,0.0,0.0,0.0,0.9999480360329531,1.0,0.0,0.0,0.0,0.0,1,Minimal,0.0,1.0,2023,2
Uasin Gishu,2023-06-01,0.9999480360329531,0.0,0.0,0.0,0.0,0.9999480360329531,1.0,0.0,0.0,0.0,0.0,1,Minimal,0.0,1.0,2023,6
Uasin Gishu,2023-10-01,0.9999480360329531,0.0,0.0,0.0,0.0,0.9999480360329531,1.0,0.0,0.0,0.0,0.0,1,Minimal,0.0,1.0,2023,10
Uasin Gishu,2024-02-01,0.9999480360329531,0.0,0.0,0.0,0.0,0.9999480360329531,1.0,0.0,0.0,0.0,0.0,1,Minimal,0.0,1.0,2024,2
Uasin Gishu,2024-06-01,0.9999480360329531,0.0,0.0,0.0,0.0,0.9999480360329531,1.0,0.0,0.0,0.0,0.0,1,Minimal,0.0,1.0,2024,6
Uasin Gishu,2024-10-01,0.9999480360329531,0.0,0.0,0.0,0.0,0.9999480360329531,1.0,0.0,0.0,0.0,0.0,1,Minimal,0.0,1.0,2024,10
Uasin Gishu,2025-10-01,0.9998873396209779,6.0846038490357684e-05,0.0,0.0,0.0,0.9999481856594682,0.9999391508086489,6.084919135107943e-05,0.0,0.0,0.0,1,Minimal,0.0,1.0000608491913512,2025,10
Uasin Gishu,2026-02-01,0.9998873396209779,6.0846038490357684e-05,0.0,0.0,0.0,0.9999481856594682,0.9999391508086489,6.084919135107943e-05,0.0,0.0,0.0,1,Minimal,0.0,1.0000608491913512,2026,2
Uasin Gishu,2026-06-01,0.9998873396209779,6.0846038490357684e-05,0.0,0.0,0.0,0.9999481856594682,0.9999391508086489,6.084919135107943e-05,0.0,0.0,0.0,1,Minimal,0.0,1.0000608491913512,2026,6
Vihiga,2011-01-01,0.999845724163674,0.0,0.0,0.0,0.0,0.999845724163674,1.0,0.0,0.0,0.0,0.0,1,Minimal,0.0,1.0,2011,1
Vihiga,2011-04-01,0.999845724163674,0.0,0.0,0.0,0.0,0.999845724163674,1.0,0.0,0.0,0.0,0.0,1,Minimal,0.0,1.0,2011,4
Vihiga,2011-07-01,0.9994221612948909,0.0,0.0,0.0,0.0,0.9994221612948909,1.0,0.0,0.0,0.0,0.0,1,Minimal,0.0,1.0,2011,7
Vihiga,2011-10-01,0.9994221612948906,0.0,0.0,0.0,0.0,0.9994221612948906,1.0,0.0,0.0,0.0,0.0,1,Minimal,0.0,1.0,2011,10
Vihiga,2012-01-01,0.9994221612948909,0.0,0.0,0.0,0.0,0.9994221612948909,1.0,0.0,0.0,0.0,0.0,1,Minimal,0.0,1.0,2012,1
Vihiga,2012-04-01,0.9994221612948908,0.0,0.0,0.0,0.0,0.9994221612948908,1.0,0.0,0.0,0.0,0.0,1,Minimal,0.0,1.0,2012,4
Vihiga,2012-07-01,0.9994221612948906,0.0,0.0,0.0,0.0,0.9994221612948906,1.0,0.0,0.0,0.0,0.0,1,Minimal,0.0,1.0,2012,7
Vihiga,2012-10-01,0.9994221612948906,0.0,0.0,0.0,0.0,0.9994221612948906,1.0,0.0,0.0,0.0,0.0,1,Minimal,0.0,1.0,2012,10
Vihiga,2013-01-01,0.9994221612948909,0.0,0.0,0.0,0.0,0.9994221612948909,1.0,0.0,0.0,0.0,0.0,1,Minimal,0.0,1.0,2013,1
Vihiga,2013-04-01,0.9994221612948908,0.0,0.0,0.0,0.0,0.9994221612948908,1.0,0.0,0.0,0.0,0.0,1,Minimal,0.0,1.0,2013,4
Vihiga,2013-07-01,0.9994221612948906,0.0,0.0,0.0,0.0,0.9994221612948906,1.0,0.0,0.0,0.0,0.0,1,Minimal,0.0,1.0,2013,7
Vihiga,2013-10-01,0.9994221612948906,0.0,0.0,0.0,0.0,0.9994221612948906,1.0,0.0,0.0,0.0,0.0,1,Minimal,0.0,1.0,2013,10
Vihiga,2014-01-01,0.9994221612948906,0.0,0.0,0.0,0.0,0.9994221612948906,1.0,0.0,0.0,0.0,0.0,1,Minimal,0.0,1.0,2014,1
Vihiga,2014-04-01,0.9994221612948906,0.0,0.0,0.0,0.0,0.9994221612948906,1.0,0.0,0.0,0.0,0.0,1,Minimal,0.0,1.0,2014,4
Vihiga,2014-07-01,0.9994221612948906,0.0,0.0,0.0,0.0,0.9994221612948906,1.0,0.0,0.0,0.0,0.0,1,Minimal,0.0,1.0,2014,7
Vihiga,2014-10-01,0.9994221612948908,0.0,0.0,0.0,0.0,0.9994221612948908,1.0,0.0,0.0,0.0,0.0,1,Minimal,0.0,1.0,2014,10
Vihiga,2015-01-01,0.9994221612948908,0.0,0.0,0.0,0.0,0.9994221612948908,1.0,0.0,0.0,0.0,0.0,1,Minimal,0.0,1.0,2015,1
Vihiga,2015-04-01,0.9994221612948908,0.0,0.0,0.0,0.0,0.9994221612948908,1.0,0.0,0.0,0.0,0.0,1,Minimal,0.0,1.0,2015,4
Vihiga,2015-07-01,0.9994221612948908,0.0,0.0,0.0,0.0,0.9994221612948908,1.0,0.0,0.0,0.0,0.0,1,Minimal,0.0,1.0,2015,7
Vihiga,2015-10-01,0.9994221612948908,0.0,0.0,0.0,0.0,0.9994221612948908,1.0,0.0,0.0,0.0,0.0,1,Minimal,0.0,1.0,2015,10
Vihiga,2016-02-01,0.9994221612948909,0.0,0.0,0.0,0.0,0.9994221612948909,1.0,0.0,0.0,0.0,0.0,1,Minimal,0.0,1.0,2016,2
Vihiga,2016-06-01,0.9998193553745116,0.0,0.0,0.0,0.0,0.9998193553745116,1.0,0.0,0.0,0.0,0.0,1,Minimal,0.0,1.0,2016,6
Vihiga,2016-10-01,0.9998193553745116,0.0,0.0,0.0,0.0,0.9998193553745116,1.0,0.0,0.0,0.0,0.0,1,Minimal,0.0,1.0,2016,10
Vihiga,2017-02-01,0.9998193553745144,0.0,0.0,0.0,0.0,0.9998193553745144,1.0,0.0,0.0,0.0,0.0,1,Minimal,0.0,1.0,2017,2
Vihiga,2017-06-01,0.9998193553745144,0.0,0.0,0.0,0.0,0.9998193553745144,1.0,0.0,0.0,0.0,0.0,1,Minimal,0.0,1.0,2017,6
Vihiga,2017-10-01,0.9998193553745144,0.0,0.0,0.0,0.0,0.9998193553745144,1.0,0.0,0.0,0.0,0.0,1,Minimal,0.0,1.0,2017,10
Vihiga,2018-02-01,0.999819355374512,0.0,0.0,0.0,0.0,0.999819355374512,1.0,0.0,0.0,0.0,0.0,1,Minimal,0.0,1.0,2018,2
Vihiga,2018-06-01,0.9998193553745116,0.0,0.0,0.0,0.0,0.9998193553745116,1.0,0.0,0.0,0.0,0.0,1,Minimal,0.0,1.0,2018,6
Vihiga,2018-12-01,0.9998193553745144,0.0,0.0,0.0,0.0,0.9998193553745144,1.0,0.0,0.0,0.0,0.0,1,Minimal,0.0,1.0,2018,12
Vihiga,2019-02-01,0.9998193553745127,0.0,0.0,0.0,0.0,0.9998193553745127,1.0,0.0,0.0,0.0,0.0,1,Minimal,0.0,1.0,2019,2
Vihiga,2019-06-01,0.9998193553745144,0.0,0.0,0.0,0.0,0.9998193553745144,1.0,0.0,0.0,0.0,0.0,1,Minimal,0.0,1.0,2019,6
Vihiga,2019-10-01,0.9998193553745127,0.0,0.0,0.0,0.0,0.9998193553745127,1.0,0.0,0.0,0.0,0.0,1,Minimal,0.0,1.0,2019,10
Vihiga,2020-02-01,0.9998193553745127,0.0,0.0,0.0,0.0,0.9998193553745127,1.0,0.0,0.0,0.0,0.0,1,Minimal,0.0,1.0,2020,2
Vihiga,2020-06-01,0.9998193553745144,0.0,0.0,0.0,0.0,0.9998193553745144,1.0,0.0,0.0,0.0,0.0,1,Minimal,0.0,1.0,2020,6
Vihiga,2020-10-01,0.999819355374512,0.0,0.0,0.0,0.0,0.999819355374512,1.0,0.0,0.0,0.0,0.0,1,Minimal,0.0,1.0,2020,10
Vihiga,2021-02-01,0.9998193553745144,0.0,0.0,0.0,0.0,0.9998193553745144,1.0,0.0,0.0,0.0,0.0,1,Minimal,0.0,1.0,2021,2
Vihiga,2021-06-01,0.9998193553745144,0.0,0.0,0.0,0.0,0.9998193553745144,1.0,0.0,0.0,0.0,0.0,1,Minimal,0.0,1.0,2021,6
Vihiga,2021-10-01,0.9998193553745127,0.0,0.0,0.0,0.0,0.9998193553745127,1.0,0.0,0.0,0.0,0.0,1,Minimal,0.0,1.0,2021,10
Vihiga,2022-02-01,0.999819355374512,0.0,0.0,0.0,0.0,0.999819355374512,1.0,0.0,0.0,0.0,0.0,1,Minimal,0.0,1.0,2022,2
Vihiga,2022-06-01,0.999819355374512,0.0,0.0,0.0,0.0,0.999819355374512,1.0,0.0,0.0,0.0,0.0,1,Minimal,0.0,1.0,2022,6
Vihiga,2022-10-01,0.999819355374512,0.0,0.0,0.0,0.0,0.999819355374512,1.0,0.0,0.0,0.0,0.0,1,Minimal,0.0,1.0,2022,10
Vihiga,2023-02-01,0.999819355374512,0.0,0.0,0.0,0.0,0.999819355374512,1.0,0.0,0.0,0.0,0.0,1,Minimal,0.0,1.0,2023,2
Vihiga,2023-06-01,0.999819355374512,0.0,0.0,0.0,0.0,0.999819355374512,1.0,0.0,0.0,0.0,0.0,1,Minimal,0.0,1.0,2023,6
Vihiga,2023-10-01,0.999819355374512,0.0,0.0,0.0,0.0,0.999819355374512,1.0,0.0,0.0,0.0,0.0,1,Minimal,0.0,1.0,2023,10
Vihiga,2024-02-01,0.9998193553745144,0.0,0.0,0.0,0.0,0.9998193553745144,1.0,0.0,0.0,0.0,0.0,1,Minimal,0.0,1.0,2024,2
Vihiga,2024-06-01,0.9998193553745144,0.0,0.0,0.0,0.0,0.9998193553745144,1.0,0.0,0.0,0.0,0.0,1,Minimal,0.0,1.0,2024,6
Vihiga,2024-10-01,0.9998193553745144,0.0,0.0,0.0,0.0,0.9998193553745144,1.0,0.0,0.0,0.0,0.0,1,Minimal,0.0,1.0,2024,10
Vihiga,2025-10-01,0.9998193553745127,0.0,0.0,0.0,0.0,0.9998193553745127,1.0,0.0,0.0,0.0,0.0,1,Minimal,0.0,1.0,2025,10
Vihiga,2026-02-01,0.9998193553745127,0.0,0.0,0.0,0.0,0.9998193553745127,1.0,0.0,0.0,0.0,0.0,1,Minimal,0.0,1.0,2026,2
Vihiga,2026-06-01,0.9998193553745127,0.0,0.0,0.0,0.0,0.9998193553745127,1.0,0.0,0.0,0.0,0.0,1,Minimal,0.0,1.0,2026,6
Wajir,2011-01-01,0.0,0.002534815465016562,0.9971629797704605,0.0,0.0,0.9996977952354771,0.0,0.0025355817298961737,0.9974644182701038,0.0,0.0,3,Crisis,0.9974644182701038,2.997464418270104,2011,1
Wajir,2011-04-01,0.0,0.0010259739083245737,0.9986718213271538,0.0,0.0,0.9996977952354784,0.0,0.0010262840562561268,0.9989737159437438,0.0,0.0,3,Crisis,0.9989737159437438,2.9989737159437437,2011,4
Wajir,2011-07-01,0.0,0.0,0.6704694947346285,0.3292253176644557,0.0,0.9996948123990841,0.0,0.0,0.6706741761774523,0.3293258238225477,0.0,3,Crisis,1.0,3.329325823822548,2011,7
Wajir,2011-10-01,0.0,0.0,0.20097176856372007,0.7987115566607308,0.0,0.9996833252244508,0.0,0.0,0.20103543141384048,0.7989645685861596,0.0,4,Emergency,1.0,3.7989645685861597,2011,10
Wajir,2012-01-01,0.0,0.20097176856372007,0.7987115566607308,0.0,0.0,0.9996833252244508,0.0,0.20103543141384048,0.7989645685861596,0.0,0.0,3,Crisis,0.7989645685861596,2.7989645685861597,2012,1
Wajir,2012-04-01,0.0,0.5684675272294715,0.4312153777996218,0.0,0.0,0.9996829050290933,0.0,0.5686478426005771,0.43135215739942295,0.0,0.0,2,Stressed,0.43135215739942295,2.431352157399423,2012,4
Wajir,2012-07-01,0.0,0.9970033777309794,0.002677643362487237,0.0,0.0,0.9996810210934666,0.0,0.9973215022532304,0.0026784977467696537,0.0,0.0,2,Stressed,0.0026784977467696537,2.0026784977467695,2012,7
Wajir,2012-10-01,0.0,0.5485328356716237,0.4511566825854255,0.0,0.0,0.9996895182570492,0.0,0.5487031979969005,0.4512968020030996,0.0,0.0,2,Stressed,0.4512968020030996,2.4512968020030996,2012,10
Wajir,2013-01-01,0.0,0.9996848650533767,0.0,0.0,0.0,0.9996848650533767,0.0,1.0,0.0,0.0,0.0,2,Stressed,0.0,2.0,2013,1
Wajir,2013-04-01,0.0,0.9996795427681141,0.0,0.0,0.0,0.9996795427681141,0.0,1.0,0.0,0.0,0.0,2,Stressed,0.0,2.0,2013,4
Wajir,2013-07-01,0.0,0.9996795427681141,0.0,0.0,0.0,0.9996795427681141,0.0,1.0,0.0,0.0,0.0,2,Stressed,0.0,2.0,2013,7
Wajir,2013-10-01,0.0,0.9996795427681141,0.0,0.0,0.0,0.9996795427681141,0.0,1.0,0.0,0.0,0.0,2,Stressed,0.0,2.0,2013,10
Wajir,2014-01-01,0.0,0.9996795427681141,0.0,0.0,0.0,0.9996795427681141,0.0,1.0,0.0,0.0,0.0,2,Stressed,0.0,2.0,2014,1
Wajir,2014-04-01,0.0,0.9996810210934668,0.0,0.0,0.0,0.9996810210934668,0.0,1.0,0.0,0.0,0.0,2,Stressed,0.0,2.0,2014,4
Wajir,2014-07-01,0.0,0.9996795427681142,0.0,0.0,0.0,0.9996795427681142,0.0,1.0,0.0,0.0,0.0,2,Stressed,0.0,2.0,2014,7
Wajir,2014-10-01,0.0,0.7097489665963576,0.289947597928826,0.0,0.0,0.9996965645251836,0.0,0.7099643949796509,0.29003560502034903,0.0,0.0,2,Stressed,0.29003560502034903,2.290035605020349,2014,10
Wajir,2015-01-01,0.0,0.791497397202701,0.20819777576565193,0.0,0.0,0.9996951729683529,0.0,0.7917387405728298,0.20826125942717022,0.0,0.0,2,Stressed,0.20826125942717022,2.20826125942717,2015,1
Wajir,2015-04-01,0.0,0.7428828593343109,0.2567982575177338,0.0,0.0,0.9996811168520446,0.0,0.7431198277242836,0.25688017227571636,0.0,0.0,2,Stressed,0.25688017227571636,2.256880172275716,2015,4
Wajir,2015-07-01,0.0,0.8835838449609045,0.11609838870488032,0.0,0.0,0.9996822336657848,0.0,0.88386470740892,0.11613529259107999,0.0,0.0,2,Stressed,0.11613529259107999,2.11613529259108,2015,7
Wajir,2015-10-01,0.0,0.9331573295237319,0.06653580028601602,0.0,0.0,0.9996931298097479,0.0,0.9334437755927376,0.06655622440726235,0.0,0.0,2,Stressed,0.06655622440726235,2.0665562244072624,2015,10
Wajir,2016-02-01,0.36659984961599107,0.6330871701568505,0.0,0.0,0.0,0.9996870197728416,0.36671462404232613,0.6332853759576738,0.0,0.0,0.0,2,Stressed,0.0,1.6332853759576738,2016,2
Wajir,2016-06-01,0.012391856389302455,0.9872364917288254,0.0,0.0,0.0,0.9996283481181278,0.01239646355831246,0.9876035364416876,0.0,0.0,0.0,2,Stressed,0.0,1.9876035364416877,2016,6
Wajir,2016-10-01,1.3850405688611617e-08,0.9996281629400637,0.0,0.0,0.0,0.9996281767904694,1.385555750647351e-08,0.9999999861444425,0.0,0.0,0.0,2,Stressed,0.0,1.9999999861444426,2016,10
Wajir,2017-02-01,0.0,0.4895186998066614,0.5101165111403175,0.0,0.0,0.9996352109469789,0.0,0.48969733603414023,0.5103026639658598,0.0,0.0,3,Crisis,0.5103026639658598,2.5103026639658594,2017,2
Wajir,2017-06-01,0.0,0.5750366666589172,0.4246004579068119,0.0,0.0,0.9996371245657291,0.0,0.5752454090865519,0.4247545909134482,0.0,0.0,2,Stressed,0.4247545909134482,2.424754590913448,2017,6
Wajir,2017-10-01,0.0,0.4895359866762789,0.5100964845500933,0.0,0.0,0.9996324712263722,0.0,0.48971597138666856,0.5102840286133313,0.0,0.0,3,Crisis,0.5102840286133313,2.510284028613331,2017,10
Wajir,2018-02-01,0.0,0.5936692888150111,0.4059782995278457,0.0,0.0,0.9996475883428568,0.0,0.5938785785490194,0.40612142145098057,0.0,0.0,2,Stressed,0.40612142145098057,2.4061214214509805,2018,2
Wajir,2018-06-01,0.0007890034437192293,0.9988560467482669,0.0,0.0,0.0,0.9996450501919861,0.0007892835997814402,0.9992107164002185,0.0,0.0,0.0,2,Stressed,0.0,1.9992107164002184,2018,6
Wajir,2018-12-01,0.0,0.9996281763295087,0.0,0.0,0.0,0.9996281763295087,0.0,1.0,0.0,0.0,0.0,2,Stressed,0.0,2.0,2018,12
Wajir,2019-02-01,0.0,0.9996281763295088,0.0,0.0,0.0,0.9996281763295088,0.0,1.0,0.0,0.0,0.0,2,Stressed,0.0,2.0,2019,2
Wajir,2019-06-01,0.0,0.4906429177233892,0.508987796448006,0.0,0.0,0.9996307141713952,0.0,0.4908241721344952,0.5091758278655049,0.0,0.0,3,Crisis,0.5091758278655049,2.509175827865505,2019,6
Wajir,2019-10-01,0.0,0.0,0.9996281763295088,0.0,0.0,0.9996281763295088,0.0,0.0,1.0,0.0,0.0,3,Crisis,1.0,3.0,2019,10
Wajir,2020-02-01,0.0,0.9996281763295078,0.0,0.0,0.0,0.9996281763295078,0.0,1.0,0.0,0.0,0.0,2,Stressed,0.0,2.0,2020,2
Wajir,2020-06-01,0.0,0.9996281763295074,0.0,0.0,0.0,0.9996281763295074,0.0,1.0,0.0,0.0,0.0,2,Stressed,0.0,2.0,2020,6
Wajir,2020-10-01,0.0,0.9996281763295075,0.0,0.0,0.0,0.9996281763295075,0.0,1.0,0.0,0.0,0.0,2,Stressed,0.0,2.0,2020,10
Wajir,2021-02-01,0.0,0.7724819429301847,0.22715832275375603,0.0,0.0,0.9996402656839407,0.0,0.7727599311955113,0.2272400688044887,0.0,0.0,2,Stressed,0.2272400688044887,2.227240068804489,2021,2
Wajir,2021-06-01,0.0,0.7724788177622366,0.22716144770863386,0.0,0.0,0.9996402654708705,0.0,0.7727568050676392,0.22724319493236075,0.0,0.0,2,Stressed,0.22724319493236075,2.2272431949323606,2021,6
Wajir,2021-10-01,0.0,1.3850405688611617e-08,0.9996281629400637,0.0,0.0,0.9996281767904694,0.0,1.385555750647351e-08,0.9999999861444425,0.0,0.0,3,Crisis,0.9999999861444425,2.999999986144443,2021,10
Wajir,2022-02-01,0.0,1.3850405688611617e-08,0.9996281614309808,0.0,0.0,0.9996281752813865,0.0,1.3855557527390473e-08,0.9999999861444424,0.0,0.0,3,Crisis,0.9999999861444424,2.9999999861444424,2022,2
Wajir,2022-06-01,0.0,1.3850405688611617e-08,0.9996467587019879,0.0,0.0,0.9996467725523936,0.0,1.385529976078194e-08,0.9999999861447002,0.0,0.0,3,Crisis,0.9999999861447002,2.9999999861447004,2022,6
Wajir,2022-10-01,0.0,1.3850405688611617e-08,0.9991993440529453,0.0004342013512757823,0.0,0.9996335592546268,0.0,1.3855482902093765e-08,0.999565625625849,0.0004343605186680037,0.0,3,Crisis,0.999999986144517,3.000434346663185,2022,10
Wajir,2023-02-01,0.0,1.3850405688611617e-08,0.9996335469133042,0.0,0.0,0.9996335607637099,0.0,1.3855482881177026e-08,0.9999999861445171,0.0,0.0,3,Crisis,0.9999999861445171,2.9999999861445175,2023,2
Wajir,2023-06-01,0.0,1.3850405688611617e-08,0.9996298891569055,0.0,0.0,0.9996299030073112,0.0,1.3855533579921645e-08,0.9999999861444664,0.0,0.0,3,Crisis,0.9999999861444664,2.9999999861444664,2023,6
Wajir,2023-10-01,0.0,1.3850405688611617e-08,0.9996335469133036,0.0,0.0,0.9996335607637094,0.0,1.3855482881177034e-08,0.9999999861445171,0.0,0.0,3,Crisis,0.9999999861445171,2.9999999861445175,2023,10
Wajir,2024-02-01,0.0,1.3850405688611617e-08,0.9996281629400645,0.0,0.0,0.9996281767904702,0.0,1.3855557506473499e-08,0.9999999861444425,0.0,0.0,3,Crisis,0.9999999861444425,2.999999986144443,2024,2
Wajir,2024-06-01,0.0,0.9996281763295084,0.0,0.0,0.0,0.9996281763295084,0.0,1.0,0.0,0.0,0.0,2,Stressed,0.0,2.0,2024,6
Wajir,2024-10-01,0.0,0.9996273707637051,8.055658026644606e-07,0.0,0.0,0.9996281763295077,0.0,0.9999991941345575,8.05865442511218e-07,0.0,0.0,2,Stressed,8.05865442511218e-07,2.0000008058654424,2024,10
Wajir,2025-10-01,0.0,0.9986613250715585,0.0009837209074385065,0.0,0.0,0.999645045978997,0.0,0.9990159297928846,0.0009840702071154713,0.0,0.0,2,Stressed,0.0009840702071154713,2.0009840702071156,2025,10
Wajir,2026-02-01,0.0,0.0,0.9996281763295036,0.0,0.0,0.9996281763295036,0.0,0.0,1.0,0.0,0.0,3,Crisis,1.0,3.0,2026,2
Wajir,2026-06-01,0.0,1.3850405688611617e-08,0.9996281629400637,0.0,0.0,0.9996281767904694,0.0,1.385555750647351e-08,0.9999999861444425,0.0,0.0,3,Crisis,0.9999999861444425,2.999999986144443,2026,6
West Pokot,2011-01-01,8.128434714226818e-05,0.9926144794434073,0.0,0.0,0.0,0.9926957637905496,8.188243579471797e-05,0.9999181175642052,0.0,0.0,0.0,2,Stressed,0.0,1.9999181175642051,2011,1
West Pokot,2011-04-01,8.128434714226818e-05,0.9926144794434073,0.0,0.0,0.0,0.9926957637905496,8.188243579471797e-05,0.9999181175642052,0.0,0.0,0.0,2,Stressed,0.0,1.9999181175642051,2011,4
West Pokot,2011-07-01,0.0002757687462159266,0.9622850414435336,0.03009677598915048,2.250888412098877e-08,0.0,0.9926576086877841,0.00027780852511720666,0.9694027759638082,0.030319392835698976,2.2675375601808723e-08,0.0,2,Stressed,0.030319415511074577,2.0300416296613326,2011,7
West Pokot,2011-10-01,0.03553042816556255,0.2128572741856549,0.7442779874747314,0.0,0.0,0.9926656898259488,0.03579294472421259,0.2144299700969585,0.7497770851788289,0.0,0.0,3,Crisis,0.7497770851788289,2.7139841404546163,2011,10
West Pokot,2012-01-01,0.03553042816556255,0.9570979757384475,0.0,0.0,0.0,0.99262840390401,0.035794289208148075,0.964205710791852,0.0,0.0,0.0,2,Stressed,0.0,1.964205710791852,2012,1
West Pokot,2012-04-01,0.08345467267959006,0.9091398539047119,2.590789934944497e-05,0.0,0.0,0.9926204344836513,0.08407511046556494,0.9158987890246638,2.610050977131247e-05,0.0,0.0,2,Stressed,2.610050977131247e-05,1.9159509900442067,2012,4
West Pokot,2012-07-01,0.08345467267959006,0.9091633146277246,0.0,0.0,0.0,0.9926179873073147,0.08407531774230531,0.9159246822576947,0.0,0.0,0.0,2,Stressed,0.0,1.9159246822576947,2012,7
West Pokot,2012-10-01,0.08345467267959006,0.9091633146277246,0.0,0.0,0.0,0.9926179873073147,0.08407531774230531,0.9159246822576947,0.0,0.0,0.0,2,Stressed,0.0,1.9159246822576947,2012,10
West Pokot,2013-01-01,0.08345467267959011,0.9091633146277246,0.0,0.0,0.0,0.9926179873073147,0.08407531774230537,0.9159246822576947,0.0,0.0,0.0,2,Stressed,0.0,1.9159246822576947,2013,1
West Pokot,2013-04-01,0.08345467267959011,0.9091633146277246,0.0,0.0,0.0,0.9926179873073147,0.08407531774230537,0.9159246822576947,0.0,0.0,0.0,2,Stressed,0.0,1.9159246822576947,2013,4
West Pokot,2013-07-01,0.0002757687462159266,0.9923423408880457,0.0,0.0,0.0,0.9926181096342617,0.0002778195798961756,0.9997221804201039,0.0,0.0,0.0,2,Stressed,0.0,1.999722180420104,2013,7
West Pokot,2013-10-01,0.0002757687462159266,0.9923423408880457,0.0,0.0,0.0,0.9926181096342617,0.0002778195798961756,0.9997221804201039,0.0,0.0,0.0,2,Stressed,0.0,1.999722180420104,2013,10
West Pokot,2014-01-01,0.0002757687462159266,0.9824170089769466,0.009935613007158199,0.0,0.0,0.9926283907303207,0.00027781670239457014,0.9897127849165576,0.010009398381047844,0.0,0.0,2,Stressed,0.010009398381047844,2.009731581678653,2014,1
West Pokot,2014-04-01,0.0002757687462159266,0.9824170089769466,0.009935613007158199,0.0,0.0,0.9926283907303207,0.00027781670239457014,0.9897127849165576,0.010009398381047844,0.0,0.0,2,Stressed,0.010009398381047844,2.009731581678653,2014,4
West Pokot,2014-07-01,0.03553042816556255,0.9471726438273478,0.009935613007158199,0.0,0.0,0.9926386850000685,0.035793918474535474,0.9541967869479945,0.010009294577470063,0.0,0.0,2,Stressed,0.010009294577470063,1.9742153761029346,2014,7
West Pokot,2014-10-01,0.03553042816556255,0.9570979757384475,0.0,0.0,0.0,0.99262840390401,0.035794289208148075,0.964205710791852,0.0,0.0,0.0,2,Stressed,0.0,1.964205710791852,2014,10
West Pokot,2015-01-01,0.6231185692954124,0.3695197080283155,0.0,0.0,0.0,0.9926382773237279,0.6277398157316832,0.3722601842683168,0.0,0.0,0.0,1,Minimal,0.0,1.3722601842683169,2015,1
West Pokot,2015-04-01,0.6231185692954124,0.3695197080283155,0.0,0.0,0.0,0.9926382773237279,0.6277398157316832,0.3722601842683168,0.0,0.0,0.0,1,Minimal,0.0,1.3722601842683169,2015,4
West Pokot,2015-07-01,0.5436765928257439,0.4489819023607302,0.0,0.0,0.0,0.9926584951864741,0.5476975167815519,0.4523024832184482,0.0,0.0,0.0,1,Minimal,0.0,1.4523024832184483,2015,7
West Pokot,2015-10-01,0.28304243029652076,0.7095956775675205,0.0,0.0,0.0,0.9926381078640413,0.2851416120881874,0.7148583879118127,0.0,0.0,0.0,2,Stressed,0.0,1.7148583879118127,2015,10
West Pokot,2016-02-01,0.7848517177824176,0.2077689812733375,0.0,0.0,0.0,0.9926206990557551,0.7906864309086232,0.20931356909137677,0.0,0.0,0.0,1,Minimal,0.0,1.2093135690913768,2016,2
West Pokot,2016-06-01,0.9899562919216949,0.0027175657769553806,0.0,0.0,0.0,0.9926738576986502,0.9972623780148139,0.002737621985186158,0.0,0.0,0.0,1,Minimal,0.0,1.0027376219851862,2016,6
West Pokot,2016-10-01,0.43726210135591825,0.5554087438553564,0.0,0.0,0.0,0.9926708452112747,0.4404905245936318,0.5595094754063682,0.0,0.0,0.0,2,Stressed,0.0,1.5595094754063683,2016,10
West Pokot,2017-02-01,0.12983077050358388,0.36538628737014933,0.4974578658280446,0.0,0.0,0.9926749237017778,0.13078880850483537,0.36808251991255064,0.501128671582614,0.0,0.0,3,Crisis,0.501128671582614,2.3703398630777786,2017,2
West Pokot,2017-06-01,0.0023261073620431958,0.4274961083924593,0.5628504517044571,0.0,0.0,0.9926726674589597,0.00234327733430755,0.4306516361397987,0.5670050865258938,0.0,0.0,3,Crisis,0.5670050865258938,2.5646618091915863,2017,6
West Pokot,2017-10-01,0.9899562919216949,0.0027175657769553806,0.0,0.0,0.0,0.9926738576986502,0.9972623780148139,0.002737621985186158,0.0,0.0,0.0,1,Minimal,0.0,1.0027376219851862,2017,10
West Pokot,2018-02-01,0.11653156936478426,0.8759077331000286,0.0002316581573755537,0.0,0.0,0.9926709606221884,0.11739193951210616,0.8823746919634128,0.00023336852448101688,0.0,0.0,2,Stressed,0.00023336852448101688,1.8828414290123747,2018,2
West Pokot,2018-06-01,0.9926702341282052,6.11083070216235e-07,0.0,0.0,0.0,0.9926708452112755,0.9999993844051397,6.155948602340335e-07,0.0,0.0,0.0,1,Minimal,0.0,1.0000006155948602,2018,6
West Pokot,2018-12-01,0.4293925117099428,0.5632836325155233,0.0,0.0,0.0,0.9926761442254661,0.43256052259115746,0.5674394774088425,0.0,0.0,0.0,2,Stressed,0.0,1.5674394774088425,2018,12
West Pokot,2019-02-01,0.13240029413216922,0.8602706664900333,0.0,0.0,0.0,0.9926709606222025,0.1333778254671429,0.8666221745328571,0.0,0.0,0.0,2,Stressed,0.0,1.866622174532857,2019,2
West Pokot,2019-06-01,0.43726210135591825,0.5552985224774988,0.00011022137785809162,0.0,0.0,0.9926708452112751,0.4404905245936316,0.5593984402345491,0.00011103517181934828,0.0,0.0,2,Stressed,0.00011103517181934828,1.559620510578188,2019,6
West Pokot,2019-10-01,0.11653156936478426,0.8734248379678381,0.0027175657769553806,0.0,0.0,0.9926739731095777,0.11739158326045963,0.8798707950726374,0.002737621666902914,0.0,0.0,2,Stressed,0.002737621666902914,1.8853460384064433,2019,10
West Pokot,2020-02-01,0.9899562919216949,0.0027175657769553806,0.0,0.0,0.0,0.9926738576986502,0.9972623780148139,0.002737621985186158,0.0,0.0,0.0,1,Minimal,0.0,1.0027376219851862,2020,2
West Pokot,2020-06-01,0.9899562919216949,0.0027175657769553806,0.0,0.0,0.0,0.9926738576986502,0.9972623780148139,0.002737621985186158,0.0,0.0,0.0,1,Minimal,0.0,1.0027376219851862,2020,6
West Pokot,2020-10-01,0.43726210135591825,0.5554087438553568,0.0,0.0,0.0,0.992670845211275,0.44049052459363164,0.5595094754063683,0.0,0.0,0.0,2,Stressed,0.0,1.5595094754063683,2020,10
West Pokot,2021-02-01,0.43726210135591825,0.5528044119436354,0.0026073443990972693,0.0,0.0,0.9926738576986509,0.440489187828153,0.5568842250215196,0.0026265871503274633,0.0,0.0,2,Stressed,0.0026265871503274633,1.5621373993221745,2021,2
West Pokot,2021-06-01,0.13240029413216922,0.8576663345783115,0.0026073443990972693,0.0,0.0,0.9926739731095781,0.13337742070281314,0.8639959924522334,0.0026265868449534264,0.0,0.0,2,Stressed,0.0026265868449534264,1.86924916614214,2021,6
West Pokot,2021-10-01,0.0018718403592886085,0.9880845669733345,0.0027175657769553615,0.0,0.0,0.9926739731095784,0.001885654716447352,0.9953767236166498,0.002737621666902893,0.0,0.0,2,Stressed,0.002737621666902893,2.0008519669504556,2021,10
West Pokot,2022-02-01,0.436634106212844,0.5533244419517056,0.0027175657769553606,0.0,0.0,0.992676113941505,0.43985555820332084,0.5574068260338045,0.002737615762874594,0.0,0.0,2,Stressed,0.002737615762874594,1.5628820575595537,2022,2
West Pokot,2022-06-01,0.0018718403592886085,0.9880845669733345,0.00011022137785809162,0.0026073443990972693,0.0,0.9926739731095784,0.001885654716447352,0.9953767236166498,0.00011103482194946659,0.0026265868449534256,0.0,2,Stressed,0.0027376216669028923,2.003478553795409,2022,6
West Pokot,2022-10-01,0.0018718403592886085,0.9880845669733345,0.00011022137785809162,0.0026073443990972693,0.0,0.9926739731095784,0.001885654716447352,0.9953767236166498,0.00011103482194946659,0.0026265868449534256,0.0,2,Stressed,0.0027376216669028923,2.003478553795409,2022,10
West Pokot,2023-02-01,0.11653156936478426,0.502876366790282,0.37326603695451294,0.0,0.0,0.9926739731095793,0.11739158326045945,0.5065876414740759,0.37602077526546457,0.0,0.0,2,Stressed,0.37602077526546457,2.258629192005005,2023,2
West Pokot,2023-06-01,0.11653156936478426,0.502876366790282,0.37326603695451294,0.0,0.0,0.9926739731095793,0.11739158326045945,0.5065876414740759,0.37602077526546457,0.0,0.0,2,Stressed,0.37602077526546457,2.258629192005005,2023,6
West Pokot,2023-10-01,0.11653156936478426,0.8735350593456961,0.0026073443990972693,0.0,0.0,0.9926739731095776,0.11739158326045965,0.879981829894587,0.0026265868449534277,0.0,0.0,2,Stressed,0.0026265868449534277,1.885235003584494,2023,10
West Pokot,2024-02-01,0.9899562919216949,0.00011022137785809162,0.0026073443990972693,0.0,0.0,0.9926738576986502,0.9972623780148139,0.00011103483485867313,0.002626587150327465,0.0,0.0,1,Minimal,0.002626587150327465,1.0053642091355137,2024,2
West Pokot,2024-06-01,0.9899562919216949,0.0027175657769553806,0.0,0.0,0.0,0.9926738576986502,0.9972623780148139,0.002737621985186158,0.0,0.0,0.0,1,Minimal,0.0,1.0027376219851862,2024,6
West Pokot,2024-10-01,0.9899562919216949,0.0013146111711500857,0.0014029546058052737,0.0,0.0,0.9926738576986502,0.9972623780148139,0.0013243132786812718,0.0014133087065048649,0.0,0.0,1,Minimal,0.0014133087065048649,1.004150930691691,2024,10
West Pokot,2025-10-01,0.0018718403592886085,0.9881947883511926,0.0026073443990972693,0.0,0.0,0.9926739731095784,0.001885654716447352,0.9954877584385993,0.0026265868449534256,0.0,0.0,2,Stressed,0.0026265868449534256,2.0007409321285063,2025,10
West Pokot,2026-02-01,0.0018718403592886085,0.9881947883511926,0.0026073443990972693,0.0,0.0,0.9926739731095784,0.001885654716447352,0.9954877584385993,0.0026265868449534256,0.0,0.0,2,Stressed,0.0026265868449534256,2.0007409321285063,2026,2
West Pokot,2026-06-01,0.0018718403592886085,0.9881947883511926,0.0026073443990972693,0.0,0.0,0.9926739731095784,0.001885654716447352,0.9954877584385993,0.0026265868449534256,0.0,0.0,2,Stressed,0.0026265868449534256,2.0007409321285063,2026,6
