county,reporting_date,year,month,ipc_phase,ipc_class,class_name,share_crisis_plus,mean_phase,classified_share,spi1_recent,spi3_recent,spi6_recent,spi3_prior,vci_recent,vci_prior1,vci_prior2,vci_trend,season,mean_annual_rain_mm,previous_class,months_since_previous,lead_months,split,is_study_county
Baringo,2011-01-01,2011,1,2,2,Stressed,0.0,1.790583870074513,0.9999705465033718,0.4743205188401673,0.7809368130921256,1.1577735776192002,0.459991978444816,56.78794666764039,73.05041198397348,75.44869686162158,-18.660750193981194,dry_jf,407.6410955536569,,,3,train,True
Bomet,2011-01-01,2011,1,1,1,Minimal,0.0,1.0015262760758556,1.000004320111171,0.903738984976364,0.9239639720324904,1.465204617252857,-0.1666252347774464,64.35396715288185,27.457068033374355,0.0,64.35396715288185,dry_jf,705.0356352221398,,,3,train,False
Bungoma,2011-01-01,2011,1,1,1,Minimal,0.0,1.0,0.9970604800760164,1.1621466421608533,0.745901574417057,1.163199142523324,-0.0926057464341415,33.8685795274586,13.649223477168611,63.40188021542383,-29.53330068796523,dry_jf,684.143518918554,,,3,train,False
Busia,2011-01-01,2011,1,1,1,Minimal,0.0,1.0,0.9131560514084084,0.6368939300541635,0.522773507180693,0.7317396430933908,-0.0345718368954536,61.56808587529368,62.37036581482446,57.334262335050575,4.233823540243108,dry_jf,504.89251568895395,,,3,train,False
Elgeyo-Marakwet,2011-01-01,2011,1,2,2,Stressed,0.0,1.9977073732362127,0.9999804467311296,0.7587497350409905,0.9750790238808632,1.6981795366561512,0.7279959906931794,67.155158995633,71.87761065389259,49.83790516823351,17.31725382739949,dry_jf,424.00498148048365,,,3,train,False
Embu,2011-01-01,2011,1,2,2,Stressed,0.0,1.744466795362324,0.9999282887249222,-0.1012049571443467,-0.2201359570630738,-0.2037773956078245,-0.0012599011815825,34.67960507140786,36.87781299355096,34.75290760041267,-0.07330252900480616,dry_jf,401.4457023614595,,,3,train,False
Garissa,2011-01-01,2011,1,2,2,Stressed,0.0043636483069202,2.0043636483069203,0.9995464608855014,-0.919833834507605,-0.9302539454332002,0.1138728494025,0.9464156639174204,11.586283332914704,37.17612009267268,63.59132005132447,-52.00503671840977,dry_jf,210.6771075185111,,,3,train,False
Homa Bay,2011-01-01,2011,1,1,1,Minimal,0.0,1.0,0.6683932894055674,0.3744109556158899,0.7790415611293579,1.1155679730320205,0.242299041339398,47.22843513286963,39.9494107782695,16.41168062097683,30.816754511892796,dry_jf,658.3122810444571,,,3,train,False
Isiolo,2011-01-01,2011,1,3,3,Crisis or worse,0.9951347110504184,2.99506312549807,0.999993878242038,-0.2722866510595947,-0.2882735400517376,-0.2755470664319049,0.279388480227725,8.166634271548432,23.747206442205847,21.26837435635213,-13.101740084803698,dry_jf,121.15801476654195,,,3,train,False
Kajiado,2011-01-01,2011,1,2,2,Stressed,0.0,1.9999952052532517,0.9927236162577764,-0.267156278786286,-0.4030597031447024,0.5762901758950864,-0.3345669989721427,22.669141070842137,42.751131823057854,47.01468400756071,-24.345542936718573,dry_jf,244.0590119973267,,,3,train,False
Kakamega,2011-01-01,2011,1,1,1,Minimal,0.0,1.0,0.9999218544222171,1.06688313921139,0.9920170444550044,1.2091784672502977,0.1944237176167032,27.66794316215601,54.45980396895502,54.18767875501285,-26.519735592856836,dry_jf,521.962946970816,,,3,train,False
Kericho,2011-01-01,2011,1,1,1,Minimal,0.0,1.0,0.9999310645743662,0.7257465805251941,1.1535745946692673,1.5056392342049991,0.4690660438875964,75.08178089964072,22.62252521351228,32.1139931350883,42.96778776455242,dry_jf,577.6437811642602,,,3,train,False
Kiambu,2011-01-01,2011,1,1,1,Minimal,0.0,1.0032990281440006,0.9999994899103124,0.560228700740334,0.5392111182783287,1.0589332032137009,0.2507340167041358,62.53585285973029,57.46753358624253,45.01169884255006,17.52415401718023,dry_jf,365.1581675938478,,,3,train,False
Kilifi,2011-01-01,2011,1,2,2,Stressed,0.0,1.9952219173874604,0.994241227115709,-1.361102793776474,-1.1917623006399674,-0.4561857638614436,-1.1328466436970803,19.92115370851468,61.51341879150473,62.46338393704976,-42.54223022853508,dry_jf,485.9236308469297,,,3,train,False
Kirinyaga,2011-01-01,2011,1,1,1,Minimal,0.0,1.005365616171106,0.9994983861098944,-0.3385149085327045,-0.5030378077229556,-0.0720435319504201,-0.0139274642657465,0.0,37.21205894664474,49.930755919392666,-49.930755919392666,dry_jf,523.427425427593,,,3,train,False
Kisii,2011-01-01,2011,1,1,1,Minimal,0.0,1.0006370727546363,1.0000313807396553,0.5519919143523595,0.3384383353139915,1.0454426131420738,-0.2707690338583925,62.52054592786842,77.97984255221205,7.412268674883944,55.10827725298447,dry_jf,771.8724273402603,,,3,train,False
Kisumu,2011-01-01,2011,1,1,1,Minimal,0.0,1.0,0.7827415653954494,0.2978307449986477,0.6723588729691291,1.0040958529375463,0.3197998954536487,58.5126579123102,45.59182516852376,8.449629305586972,50.06302860672323,dry_jf,650.4965825795291,,,3,train,False
Kitui,2011-01-01,2011,1,2,2,Stressed,0.0,2.0,0.9999941226566244,-0.9860489365495764,-0.9515092383109124,-0.9839037237793276,-0.7376127921399143,18.60265229902419,62.76057052933879,78.60034648163078,-59.997694182606594,dry_jf,350.0498777837523,,,3,train,False
Kwale,2011-01-01,2011,1,2,2,Stressed,0.0,2.0,0.9912685114672192,-1.0593743352871672,-0.895063171778317,-0.1337739509438024,-0.5168304807857257,20.948871381340144,54.388433803324254,61.26001003341074,-40.311138652070596,dry_jf,461.4118591660762,,,3,train,False
Laikipia,2011-01-01,2011,1,2,2,Stressed,0.0037013978983079,2.000789708633966,1.0000037896120522,-0.3148500673712249,0.2022122561999626,0.3187556951310507,0.147520176940069,71.83961457036756,90.72529937256428,79.51124468768883,-7.671630117321271,dry_jf,378.6133408439104,,,3,train,False
Lamu,2011-01-01,2011,1,2,2,Stressed,0.0,2.0,0.977356380818854,-1.309860144039373,-0.5797915461111368,0.4557025009731571,0.8593192823516952,29.26760279776606,70.9849649744447,72.09668645194283,-42.82908365417677,dry_jf,394.8891092289726,,,3,train,False
Machakos,2011-01-01,2011,1,2,2,Stressed,0.0,1.9983432164547923,0.9999707917323208,-0.2288476215088747,-0.3318315290749608,0.0198014836066518,-0.5284540448904815,25.105783432658804,57.45724731780819,66.36028285645523,-41.254499423796425,dry_jf,347.0698296320569,,,3,train,False
Makueni,2011-01-01,2011,1,2,2,Stressed,0.0,2.0,0.9999634120593888,-0.7228020215921627,-0.9038200896894862,-0.5958765959822144,-1.110176500726666,23.144793566509428,59.192074689701045,62.33198440905739,-39.18719084254796,dry_jf,210.84898907247097,,,3,train,False
Mandera,2011-01-01,2011,1,3,3,Crisis or worse,1.0,3.0,0.9935598900285671,-0.3817009196825946,-0.4348837528299981,-1.016311131336002,-0.9029890874412332,15.702904092751291,26.70613387195548,51.06143927861679,-35.3585351858655,dry_jf,147.72597818452132,,,3,train,False
Marsabit,2011-01-01,2011,1,3,3,Crisis or worse,0.8023274179471376,2.802327417947138,0.9994535327492756,-0.3870436915773778,-0.4510859456170091,-0.4056080297146719,-0.2343718977619262,4.089418039894932,33.746963296669634,29.054848440186014,-24.965430400291083,dry_jf,183.11284628508548,,,3,train,True
Meru,2011-01-01,2011,1,2,2,Stressed,0.0052724504222519,1.5838873659897472,0.9999854823459616,-0.5070123010005614,-0.5375938607430261,-0.6170184729292821,0.3654853562091252,23.004063487022727,41.34996530553129,30.722339516195227,-7.7182760291725,dry_jf,469.95952152110806,,,3,train,False
Migori,2011-01-01,2011,1,1,1,Minimal,0.0,1.0016690731682976,0.8117135191457311,1.032834769148706,0.87467443934203,1.1923160439469505,-0.2453148018961413,60.41269460756804,52.2602699971487,26.05827328417642,34.35442132339162,dry_jf,460.4970135975702,,,3,train,False
Mombasa,2011-01-01,2011,1,1,1,Minimal,0.0,1.341609487598849,0.9455242931112856,-1.3666486358426322,-1.3875608349001654,-0.0903280067089788,-0.7586392538422867,30.94900356755755,63.37834986284029,74.0504496785992,-43.10144611104164,dry_jf,339.4545465241538,,,3,train,False
Murang'a,2011-01-01,2011,1,1,1,Minimal,0.0,1.0013294323786135,0.9999691888704983,-0.1302730702871682,-0.1836733035213482,0.46880351195139,-0.1100906391197272,43.61801834196498,54.02799177028985,49.4632646638747,-5.845246321909727,dry_jf,600.9606534616394,,,3,train,False
Nairobi,2011-01-01,2011,1,1,1,Minimal,0.0,1.0380403787287664,0.9999545666172184,0.5411442457322471,0.4700971541899449,1.154913975720954,0.1721518325136785,39.47373220091145,51.3592742000032,46.1678648779966,-6.69413267708515,dry_jf,349.07589029272395,,,3,train,False
Nakuru,2011-01-01,2011,1,1,1,Minimal,0.0,1.0036575694214165,0.9999838839897714,0.6258523219541238,1.317905644016126,1.292428379280022,0.2865107589534796,77.04638668774591,93.36445396884544,59.55566846234056,17.490718225405345,dry_jf,337.82261196850334,,,3,train,False
Nandi,2011-01-01,2011,1,1,1,Minimal,0.0,1.0,0.9999550383826554,1.1313328370462754,0.9969867599468158,1.334098588469901,0.3034456308680396,12.541366689144937,0.0,52.62826539565279,-40.08689870650785,dry_jf,636.3375639959971,,,3,train,False
Narok,2011-01-01,2011,1,2,2,Stressed,0.0,1.999313758980872,0.9927452342398364,1.4644252471252288,1.5104006762252251,1.4229976557926691,-0.2813125343955552,79.94684981113846,52.19957636945209,11.205894130641685,68.74095568049678,dry_jf,449.4351533314782,,,3,train,False
Nyamira,2011-01-01,2011,1,1,1,Minimal,0.0,1.0000002680268931,0.9999126183478936,0.5014639246461334,0.4644489289660204,1.0855790392521547,-0.2093397359499187,54.27016019772236,63.5415342578184,20.153926878377952,34.11623331934441,dry_jf,707.0676224501927,,,3,train,False
Nyandarua,2011-01-01,2011,1,1,1,Minimal,0.0,1.0015128223439924,0.9999670976288418,0.142948392631155,0.7621492698752571,0.6882372315831267,-0.0863086875363511,47.18402144900306,74.80247397378142,32.56805560327754,14.615965845725519,dry_jf,478.59632261521887,,,3,train,False
Nyeri,2011-01-01,2011,1,1,1,Minimal,0.0,1.0011461462883608,0.9999691985825544,-0.5020399629015918,-0.5267112389441806,-0.0492408126737334,-0.4155883230002902,35.25139132271194,63.50782070837247,19.80762511462963,15.443766208082309,dry_jf,596.5685209899478,,,3,train,False
Samburu,2011-01-01,2011,1,2,2,Stressed,0.0031421361899039,2.003142136189904,0.9999916919048122,-0.4256342045123282,-0.3486296476479072,-0.0144467113668582,0.030994365166598,30.685287547711752,51.15439723450473,53.30671163807395,-22.621424090362197,dry_jf,233.37064745956647,,,3,train,True
Siaya,2011-01-01,2011,1,1,1,Minimal,0.0,1.0,0.7120528602704334,-0.1818144529783139,0.5476708810215625,0.794909572343328,0.5265319237632384,49.630727823589,90.67661742023655,55.51509229034637,-5.8843644667573685,dry_jf,703.9110029852106,,,3,train,False
Taita Taveta,2011-01-01,2011,1,2,2,Stressed,0.0,2.0,0.9966936121354903,-1.453689161617938,-1.5429515468413415,-1.184679247097672,-1.7674206738920013,3.868793662752486,44.26101100198746,69.49529095197136,-65.62649728921888,dry_jf,337.281834884778,,,3,train,False
Tana River,2011-01-01,2011,1,2,2,Stressed,7.918485280193308e-06,2.0000079184852804,0.9998867051494884,-1.048569316848765,-0.7326172322461462,-0.1810768126657109,0.5673367071150632,9.8809056777959,50.46369541902685,71.99098762655373,-62.11008194875783,dry_jf,208.9215702880231,,,3,train,False
Tharaka-Nithi,2011-01-01,2011,1,2,2,Stressed,0.0,1.5767611213866526,0.9999546855032246,-0.3690050523732943,-0.4195240223982203,-0.4035837949705648,0.2334015139107811,19.07193507733689,42.28608514200846,42.99878050663016,-23.926845429293273,dry_jf,386.5660928989662,,,3,train,False
Trans Nzoia,2011-01-01,2011,1,1,1,Minimal,0.0,1.000326702784827,0.997800480250134,0.853699837887206,0.6549319627102517,1.4126696410757575,0.3251733984280163,40.1131834171524,42.78135268871511,47.270926115206,-7.157742698053603,dry_jf,575.422482832226,,,3,train,False
Turkana,2011-01-01,2011,1,2,2,Stressed,0.0,2.0,0.99291897176986,-0.2371541561706922,-0.3271114218736828,0.3045342700194163,-0.3868817132461645,24.08041076649555,42.96475157169704,51.9056106193954,-27.825199852899846,dry_jf,134.93439886021372,,,3,train,True
Uasin Gishu,2011-01-01,2011,1,1,1,Minimal,0.0,1.0040316219426806,0.9999854017785704,0.998426980304538,1.035978678316518,1.582680516683962,0.53124176967758,82.47680297774205,69.6185683132955,76.44908260687264,6.027720370869417,dry_jf,466.5756532543863,,,3,train,False
Vihiga,2011-01-01,2011,1,1,1,Minimal,0.0,1.0,0.999845724163674,0.6808653773405479,0.9281313483161352,1.166444447992161,0.3267520553000784,18.28226950854081,83.36492236982545,15.422515989791863,2.8597535187489473,dry_jf,638.2354464495623,,,3,train,False
Wajir,2011-01-01,2011,1,3,3,Crisis or worse,0.9974644182701038,2.997464418270104,0.9996977952354772,-0.6628895287293111,-0.7134104059673855,-0.9119665886139556,-0.8590815176014145,9.48618019371423,46.0636593001352,48.63920448284731,-39.153024289133086,dry_jf,220.92597534518788,,,3,train,True
West Pokot,2011-01-01,2011,1,2,2,Stressed,0.0,1.999918117564205,0.9926957637905496,0.1023364118966798,0.3737003472330966,1.125401422249448,0.3478527217877981,46.27281168860488,65.68165584282907,65.13264902629616,-18.859837337691282,dry_jf,366.78840132412165,,,3,train,False
Baringo,2011-04-01,2011,4,2,2,Stressed,0.0,1.7905838700745127,0.9999705465033716,-0.9813717364505744,-1.3533493994984471,-0.1594175801609067,-0.1689382252512683,12.233256145621857,15.445376352678272,26.590488152901933,-14.357232007280077,long_rains,407.6410955536569,2.0,3.0,3,train,True
Bomet,2011-04-01,2011,4,1,1,Minimal,0.0,1.0015262760758556,1.000004320111171,-0.5173844992756391,-0.5278210809344926,-0.1235322631818895,0.1679876351051977,62.94900465391352,79.10243818871854,86.30752887172454,-23.358524217811024,long_rains,705.0356352221398,1.0,3.0,3,train,False
Bungoma,2011-04-01,2011,4,1,1,Minimal,0.0,1.0,0.9970604800760164,-1.286480936732382,-0.232025014583337,0.3192905455554908,0.5109056086638397,41.43124907429814,51.78798421150245,55.486858476892365,-14.055609402594229,long_rains,684.143518918554,1.0,3.0,3,train,False
Busia,2011-04-01,2011,4,1,1,Minimal,0.0,1.0,0.9131560514084084,-1.3635358527015546,-0.8245627016085331,-0.4217150231398306,-0.1692381096122389,35.38080598525004,50.53492916525812,29.45113976632189,5.929666218928151,long_rains,504.89251568895395,1.0,3.0,3,train,False
Elgeyo-Marakwet,2011-04-01,2011,4,2,2,Stressed,0.0,1.9977073732362127,0.9999804467311296,-1.070746477499052,-1.2005138015707808,0.023343703864447,0.0704680710708437,24.62354154097992,30.418500048716368,49.28406502939309,-24.66052348841317,long_rains,424.00498148048365,2.0,3.0,3,train,False
Embu,2011-04-01,2011,4,2,2,Stressed,0.0,1.744466795362324,0.9999282887249222,-0.6141101768877348,-0.903671990257016,-0.8660474909639415,-0.5744105543738551,0.0,7.530303485576694,55.14450137369356,-55.14450137369356,long_rains,401.4457023614595,2.0,3.0,3,train,False
Garissa,2011-04-01,2011,4,2,2,Stressed,0.0043636483069202,2.0043636483069203,0.9995464608855014,-0.4188148983231474,-0.8903655702118481,-1.098360830280683,-0.9254907991163048,10.509001077688666,4.377253081234988,6.735363093476874,3.773637984211792,long_rains,210.6771075185111,2.0,3.0,3,train,False
Homa Bay,2011-04-01,2011,4,1,1,Minimal,0.0,1.0,0.6683932894055674,-0.7241422791267931,-0.8140808036114965,-0.3427568637586234,-0.2835671976780905,18.51442839971033,48.68615289732718,38.30681293038428,-19.792384530673953,long_rains,658.3122810444571,1.0,3.0,3,train,False
Isiolo,2011-04-01,2011,4,3,3,Crisis or worse,0.9951347110504184,2.99506312549807,0.999993878242038,-0.7264851546721031,-1.2084923144000788,-1.0808034843454652,-0.6794903208318381,2.003672451337437,0.0,0.0,2.003672451337437,long_rains,121.15801476654195,3.0,3.0,3,train,False
Kajiado,2011-04-01,2011,4,2,2,Stressed,0.0,1.9999952052532517,0.9927236162577764,-1.0670396789950278,-0.8143127264710552,-0.833806944821079,-0.676031524155216,21.66194265954987,41.72543115710303,33.1482411194703,-11.48629845992043,long_rains,244.0590119973267,2.0,3.0,3,train,False
Kakamega,2011-04-01,2011,4,1,1,Minimal,0.0,1.0,0.9999218544222171,-0.9480682485312024,-0.4212865643718209,0.335498583975902,0.4180271513413977,48.88544968996622,52.18076745514424,42.24785643945221,6.637593250514016,long_rains,521.962946970816,1.0,3.0,3,train,False
Kericho,2011-04-01,2011,4,1,1,Minimal,0.0,1.0,0.9999310645743662,-0.5229722270674098,-0.5882177508000836,0.0661571359183181,-0.1950777642923387,48.550205105651024,61.62025264468058,74.65411528707456,-26.103910181423537,long_rains,577.6437811642602,1.0,3.0,3,train,False
Kiambu,2011-04-01,2011,4,1,1,Minimal,0.0,1.0032990281440006,0.9999994899103124,-0.7885302399845945,-0.8819517663557151,-0.5752695040505147,-0.2687247745413511,32.49828278938232,54.33652303965811,49.865947800645536,-17.367665011263213,long_rains,365.1581675938478,1.0,3.0,3,train,False
Kilifi,2011-04-01,2011,4,2,2,Stressed,0.0,1.9952219173874604,0.994241227115709,-0.8751512802450183,-0.3730750471445491,-0.9002229637392075,-0.4689575769491693,10.532702714513858,10.314419531250753,47.10173825570551,-36.56903554119165,long_rains,485.9236308469297,2.0,3.0,3,train,False
Kirinyaga,2011-04-01,2011,4,1,1,Minimal,0.0,1.005365616171106,0.9994983861098944,-0.7297218860454645,-0.9254834821258868,-0.999221602064336,-0.8049664002481466,19.75424518846816,27.949770636903843,36.190519207236456,-16.436274018768295,long_rains,523.427425427593,1.0,3.0,3,train,False
Kisii,2011-04-01,2011,4,1,1,Minimal,0.0,1.0006370727546363,1.0000313807396553,-0.6084945086090812,-0.6238266861436047,-0.326350143388863,-0.0650434409391491,54.774968876845705,59.30404181496537,81.17805739012341,-26.40308851327771,long_rains,771.8724273402603,1.0,3.0,3,train,False
Kisumu,2011-04-01,2011,4,1,1,Minimal,0.0,1.0,0.7827415653954494,-0.5426844374087582,-0.4418835604476385,-0.1202291009857738,-0.3506919420272057,39.142433882269536,42.43241262019741,28.001041646939957,11.14139223532958,long_rains,650.4965825795291,1.0,3.0,3,train,False
Kitui,2011-04-01,2011,4,2,2,Stressed,0.0,2.0,0.999994122656624,-0.2895589087804175,-0.7808530701148882,-0.9210730092314294,-0.6745401751446142,18.391575010211085,16.59536479032594,37.06255512535216,-18.670980115141077,long_rains,350.0498777837523,2.0,3.0,3,train,False
Kwale,2011-04-01,2011,4,2,2,Stressed,0.0,2.0,0.9912685114672192,-0.9191839760786468,-0.7453219947378352,-0.9540913993292184,-0.4739755753125213,2.323502770465463,25.37861559377979,48.23087885327441,-45.90737608280895,long_rains,461.4118591660762,2.0,3.0,3,train,False
Laikipia,2011-04-01,2011,4,2,2,Stressed,0.0037013978983079,2.000789708633966,1.0000037896120522,-0.8456947376036371,-1.4765702581784506,-0.9067447386040508,-0.77546415296686,6.620044731661342,11.583871495999947,23.22013812806896,-16.60009339640762,long_rains,378.6133408439104,2.0,3.0,3,train,False
Lamu,2011-04-01,2011,4,2,2,Stressed,0.0,2.0,0.977356380818854,-0.3920393300735512,-0.447342077243797,-0.6946710444232133,-0.5223284183927568,22.53737161851545,22.210905796286088,39.61725372578055,-17.0798821072651,long_rains,394.8891092289726,2.0,3.0,3,train,False
Machakos,2011-04-01,2011,4,2,2,Stressed,0.0,1.9983432164547923,0.9999707917323208,-0.868098819539831,-0.8477539276076392,-0.8701260291974798,-0.5015166200692396,22.089771023500926,47.94052894020063,47.3821986946667,-25.292427671165772,long_rains,347.0698296320569,2.0,3.0,3,train,False
Makueni,2011-04-01,2011,4,2,2,Stressed,0.0,2.0,0.9999634120593888,-0.7902209036202537,-0.5705970122430359,-0.6748491825248846,-0.3278375609002932,31.37305514529925,65.5666981279621,56.20840295454381,-24.835347809244556,long_rains,210.84898907247097,2.0,3.0,3,train,False
Mandera,2011-04-01,2011,4,3,3,Crisis or worse,1.0,3.0,0.9935598900285671,-0.7949359826938291,-1.383203913917355,-1.0155079010866996,-0.8525415116606643,0.92274734373282,1.4397343472866078,7.942574696726193,-7.019827352993373,long_rains,147.72597818452132,3.0,3.0,3,train,False
Marsabit,2011-04-01,2011,4,3,3,Crisis or worse,0.9295718249759154,2.9295718249759157,0.9994534359461124,-0.7951006900453771,-1.4854764749155305,-1.235663586350454,-0.8840105829098418,1.9119825369326529,0.0,0.3649006933278508,1.547081843604802,long_rains,183.11284628508548,3.0,3.0,3,train,True
Meru,2011-04-01,2011,4,2,2,Stressed,0.0052724504222519,1.5838873659897472,0.9999854823459616,-0.6817716014269439,-1.3009782633918732,-1.1983609632336052,-0.8949655778882711,6.281391775596177,0.0,22.72249216672272,-16.441100391126543,long_rains,469.95952152110806,2.0,3.0,3,train,False
Migori,2011-04-01,2011,4,1,1,Minimal,0.0,1.0016690731682976,0.8117135191457311,-0.8078658969781289,-0.95637985613561,-0.45925261091262,0.069837997892485,32.36379099910147,43.87284623581385,39.736370370013525,-7.372579370912057,long_rains,460.4970135975702,1.0,3.0,3,train,False
Mombasa,2011-04-01,2011,4,1,1,Minimal,0.0,1.341609487598849,0.9455242931112856,-0.9804990306955896,-0.6335938310826693,-1.2573110992923158,-0.8813803332218656,20.005509188539488,35.18204161461724,49.24817804639831,-29.24266885785882,long_rains,339.4545465241538,1.0,3.0,3,train,False
Murang'a,2011-04-01,2011,4,1,1,Minimal,0.0,1.0013294323786135,0.9999691888704983,-0.7300422761032114,-0.8474405264636538,-0.7515283280990458,-0.6207635315959241,37.3758276758427,56.13622277738848,70.83823483060745,-33.46240715476475,long_rains,600.9606534616394,1.0,3.0,3,train,False
Nairobi,2011-04-01,2011,4,1,1,Minimal,0.0,1.0380403787287664,0.9999545666172184,-0.8178962225488615,-0.8437895770434631,-0.6750731999716197,-0.4043961123358426,19.472473698758183,40.30158337676055,58.48782352048688,-39.01534982172869,long_rains,349.07589029272395,1.0,3.0,3,train,False
Nakuru,2011-04-01,2011,4,1,1,Minimal,0.0,1.0036575694214165,0.9999838839897714,-0.8645577668366076,-1.2599696305766583,-0.0678895925787559,0.3300214805112844,23.483375468646184,34.51423191438732,71.61305061007866,-48.12967514143247,long_rains,337.82261196850334,1.0,3.0,3,train,False
Nandi,2011-04-01,2011,4,1,1,Minimal,0.0,1.0,0.9999550383826554,-0.6624233887935393,-0.537094740540334,0.2610198722771705,0.2597947614701168,51.6679801126467,59.9085874052599,68.87382062776375,-17.205840515117046,long_rains,636.3375639959971,1.0,3.0,3,train,False
Narok,2011-04-01,2011,4,2,2,Stressed,0.0,1.999313758980872,0.9927452342398364,-0.826252551813576,-0.6816332155196493,-0.1325772156674806,0.6554220272561162,38.58604039457084,43.74307789524638,26.108182986920628,12.477857407650209,long_rains,449.4351533314782,2.0,3.0,3,train,False
Nyamira,2011-04-01,2011,4,1,1,Minimal,0.0,1.0000002680268931,0.9999126183478936,-0.491742792434453,-0.5584142144881632,-0.232911609936448,-0.180927016824045,52.38665624302767,59.24355452131485,81.79126253551678,-29.404606292489106,long_rains,707.0676224501927,1.0,3.0,3,train,False
Nyandarua,2011-04-01,2011,4,1,1,Minimal,0.0,1.0015128223439924,0.9999670976288418,-0.8376314550320448,-1.2780349612548465,-0.3818017763629565,-0.1721227596965572,24.478477045739584,41.14685496311324,74.79849133934063,-50.32001429360105,long_rains,478.59632261521887,1.0,3.0,3,train,False
Nyeri,2011-04-01,2011,4,1,1,Minimal,0.0,1.0011461462883608,0.9999691985825544,-0.751406946024896,-1.110468977978406,-1.0633696359237843,-0.8149996860134899,32.08858314194367,43.16687442238712,45.67494778812814,-13.586364646184464,long_rains,596.5685209899478,1.0,3.0,3,train,False
Samburu,2011-04-01,2011,4,2,2,Stressed,0.0031421361899039,2.003142136189904,0.9999916919048122,-0.7824172980382234,-1.3965744167853371,-1.1955561804080634,-0.839982219276239,0.0,0.0,0.4560047550834013,-0.4560047550834013,long_rains,233.37064745956647,2.0,3.0,3,train,True
Siaya,2011-04-01,2011,4,1,1,Minimal,0.0,1.0,0.7120528602704334,-0.9498844468354024,-0.9395750198820416,-0.5320738507303459,-0.5768581465157593,28.863007378832584,43.5444639298884,39.40907934189003,-10.546071963057443,long_rains,703.9110029852106,1.0,3.0,3,train,False
Taita Taveta,2011-04-01,2011,4,2,2,Stressed,0.0,2.0,0.9966936121354903,-0.9704790950103452,-0.923042142141888,-1.1821214974445473,-0.9668917983675356,14.619213717139584,34.26364125416427,13.272803111076897,1.3464106060626868,long_rains,337.281834884778,2.0,3.0,3,train,False
Tana River,2011-04-01,2011,4,2,2,Stressed,7.918485280193308e-06,2.0000079184852804,0.9998867051494884,-0.1664112461414435,-0.7879060770084212,-0.8770313592658795,-0.6622507235393149,11.296588177210085,6.545982544769903,20.20428714204441,-8.907698964834326,long_rains,208.9215702880231,2.0,3.0,3,train,False
Tharaka-Nithi,2011-04-01,2011,4,2,2,Stressed,0.0,1.5767611213866526,0.9999546855032246,-0.7051128196876181,-1.2433224095222684,-1.154882500840971,-0.8522031713687924,14.917015948650542,0.0,27.74727596351385,-12.830260014863308,long_rains,386.5660928989662,2.0,3.0,3,train,False
Trans Nzoia,2011-04-01,2011,4,1,1,Minimal,0.0,1.000326702784827,0.997800480250134,-1.1435961423514396,-0.768388780135426,0.0660746754842412,0.3171232180997574,17.893625214658535,40.93260168684273,67.39181041143588,-49.49818519677735,long_rains,575.422482832226,1.0,3.0,3,train,False
Turkana,2011-04-01,2011,4,2,2,Stressed,0.0,2.0,0.99291897176986,-1.0740577216959717,-1.0786630364381873,-0.9959065104650816,-0.8223915975673323,7.67416602723135,6.812409140531933,9.373170473091028,-1.6990044458596776,long_rains,134.93439886021372,2.0,3.0,3,train,True
Uasin Gishu,2011-04-01,2011,4,1,1,Minimal,0.0,1.0040316219426806,0.9999854017785704,-0.978525668262763,-1.1986155621611567,-0.0217096572939647,0.1944229661349434,20.112745553756337,31.0630401498408,49.456204274836224,-29.343458721079887,long_rains,466.5756532543863,1.0,3.0,3,train,False
Vihiga,2011-04-01,2011,4,1,1,Minimal,0.0,1.0,0.999845724163674,-0.5992704819838495,-0.5494600831561884,0.0473365394231617,-0.1179787975625703,52.67791131514253,55.59802564256901,42.9152749216462,9.76263639349633,long_rains,638.2354464495623,1.0,3.0,3,train,False
Wajir,2011-04-01,2011,4,3,3,Crisis or worse,0.9989737159437438,2.998973715943744,0.9996977952354784,-0.519399902323584,-1.1517935949541591,-1.1113059204902194,-0.8959293196252945,0.0,0.0,0.0,0.0,long_rains,220.92597534518788,3.0,3.0,3,train,True
West Pokot,2011-04-01,2011,4,2,2,Stressed,0.0,1.999918117564205,0.9926957637905496,-0.9088799769374196,-0.9529051742489018,-0.3520339761259856,-0.3173653357664342,9.934169285507728,12.342987038112437,14.870709866565006,-4.936540581057278,long_rains,366.78840132412165,2.0,3.0,3,train,False
Baringo,2011-07-01,2011,7,3,3,Crisis or worse,0.4144966194871891,2.2047342732998367,0.9999360613915742,-1.4754984249732124,-0.6783812063501339,-1.2589974163486026,-0.8664852726174052,27.597757126703048,30.67170022995112,4.290810077076152,23.306947049626896,dry_jjas,407.6410955536569,2.0,3.0,3,train,True
Bomet,2011-07-01,2011,7,1,1,Minimal,0.0,1.0,0.999729073525429,-2.511104994311378,-1.3773945642810397,-1.2642424994713468,-0.3142811690828396,44.15852251285599,53.78760915449242,52.59223238074301,-8.433709867887025,dry_jjas,705.0356352221398,1.0,3.0,3,train,False
Bungoma,2011-07-01,2011,7,1,1,Minimal,0.0,1.0,0.9968273735961646,-0.8181517307524614,-0.0152587573089092,-0.1626351820551429,-0.0673582009337784,62.3860374659001,52.07262071241818,31.739847756983316,30.646189708916786,dry_jjas,684.143518918554,1.0,3.0,3,train,False
Busia,2011-07-01,2011,7,1,1,Minimal,0.0,1.0,0.9128634605516268,-1.4364966697869226,-0.876169740918348,-1.1372720319835383,-0.7323018937463198,62.990745519038974,33.24116999079757,4.995802516765752,57.994943002273224,dry_jjas,504.89251568895395,1.0,3.0,3,train,False
Elgeyo-Marakwet,2011-07-01,2011,7,1,1,Minimal,7.282120590235429e-05,1.001441321055461,0.9998673976024002,-1.4211550580119818,-0.8052148253220303,-1.342167761219792,-0.8149108126956444,40.625930355728606,34.28969783822693,5.467262837894123,35.15866751783448,dry_jjas,424.00498148048365,2.0,3.0,3,train,False
Embu,2011-07-01,2011,7,2,2,Stressed,0.0041861186972257,1.7403841530652242,0.999927179092711,-1.0761704771922036,-1.1974207605783516,-1.4600851034595848,-0.9221915381043388,0.0,18.60648732430586,0.0,0.0,dry_jjas,401.4457023614595,2.0,3.0,3,train,False
Garissa,2011-07-01,2011,7,3,3,Crisis or worse,0.736257448241285,2.856127887896062,0.9995672868461176,-1.0455041512462335,-1.2377363960157517,-1.4534426690393778,-0.9006079843957367,15.465589581144162,0.0,6.850283863411456,8.615305717732706,dry_jjas,210.6771075185111,2.0,3.0,3,train,False
Homa Bay,2011-07-01,2011,7,1,1,Minimal,0.0,1.0,0.66830422924983,-2.1817029340241474,-1.7283492854611024,-1.6247688900114277,-0.3589285851043151,54.958850776428086,36.282591399314704,14.551867805054234,40.40698297137385,dry_jjas,658.3122810444571,1.0,3.0,3,train,False
Isiolo,2011-07-01,2011,7,4,3,Crisis or worse,0.9985666882753425,3.7996434038063134,0.999988876089475,-2.290728579748035,-2.0209114130895576,-2.273388791245292,-1.2866185474347602,0.0,0.0,0.4282388512451869,-0.4282388512451869,dry_jjas,121.15801476654195,3.0,3.0,3,train,False
Kajiado,2011-07-01,2011,7,2,2,Stressed,0.3942247243168699,2.2232237856239667,0.9867140442911024,-2.777723082222664,-1.0261637261584515,-1.353096703543942,-0.2208741351627816,40.99844290203984,53.41321497724871,27.60077824490491,13.397664657134932,dry_jjas,244.0590119973267,2.0,3.0,3,train,False
Kakamega,2011-07-01,2011,7,1,1,Minimal,0.0,1.0,0.9996644082966218,-1.1322047776038184,-0.4933328611144944,-0.6167428729867516,-0.2465366332638429,34.87571975885048,36.8245233456313,11.023200930284208,23.85251882856627,dry_jjas,521.962946970816,1.0,3.0,3,train,False
Kericho,2011-07-01,2011,7,1,1,Minimal,0.0,1.0,0.9997003606571904,-2.121631258714058,-1.3802209517570023,-1.3367688510088764,-0.3312525521983611,49.79001586118206,37.49253195687388,19.2121404701562,30.577875391025863,dry_jjas,577.6437811642602,1.0,3.0,3,train,False
Kiambu,2011-07-01,2011,7,1,1,Minimal,0.0,1.0,0.9996733471934438,-2.2756763975538394,-1.2682225603412665,-1.6264434625317197,-0.2119059359057764,62.504804292346975,45.01515473095338,35.798386937325354,26.70641735502162,dry_jjas,365.1581675938478,1.0,3.0,3,train,False
Kilifi,2011-07-01,2011,7,2,2,Stressed,0.0,1.8550558579045848,0.9941791880702638,-1.355640171693235,-1.2937435112556797,-0.9940594372798645,-0.8963020280742953,57.44662041204711,25.65217223462837,20.336341633549004,37.110278778498106,dry_jjas,485.9236308469297,2.0,3.0,3,train,False
Kirinyaga,2011-07-01,2011,7,1,1,Minimal,0.0,1.0053350182541043,0.9997822519337228,-0.8793629083913579,-0.9364890588223737,-1.3656332853535431,-0.8464885404436665,51.156043846520674,16.05153338104263,21.360047994894654,29.79599585162602,dry_jjas,523.427425427593,1.0,3.0,3,train,False
Kisii,2011-07-01,2011,7,1,1,Minimal,0.0,1.0,0.9995810852329328,-1.6005667953002316,-1.3998343927507213,-1.3773672684888578,-0.258151949778474,46.26949522502903,50.445101437889086,38.622055934409424,7.647439290619609,dry_jjas,771.8724273402603,1.0,3.0,3,train,False
Kisumu,2011-07-01,2011,7,1,1,Minimal,0.0,1.0,0.7825715876310351,-2.272148666809282,-1.7199095145198806,-1.339819357743261,-0.1774111379503098,41.59351561243166,36.41545077729605,9.426775310744093,32.16674030168757,dry_jjas,650.4965825795291,1.0,3.0,3,train,False
Kitui,2011-07-01,2011,7,3,3,Crisis or worse,0.8329439361812834,2.7933365507837498,0.9999619580728186,-1.5488678359321222,-0.8172760821296698,-1.1296160420946784,-0.7029678184796643,10.956024742395318,17.589809806543716,17.48534528643178,-6.529320544036462,dry_jjas,350.0498777837523,2.0,3.0,3,train,False
Kwale,2011-07-01,2011,7,2,2,Stressed,0.0,1.918307576501961,0.9912396776308134,-0.7989339103078037,-0.8307170366593147,-1.2561360244749906,-0.8532923911343634,64.03110773067758,27.394443527515044,15.5883446938377,48.44276303683988,dry_jjas,461.4118591660762,2.0,3.0,3,train,False
Laikipia,2011-07-01,2011,7,2,2,Stressed,0.0037698480331989,2.0008736174688773,0.99996764848774,-1.3961290719613542,-0.8179387340480314,-1.5217615095194152,-1.188371999635609,31.964916308428947,20.83540041330613,0.4337615595670543,31.531154748861894,dry_jjas,378.6133408439104,2.0,3.0,3,train,False
Lamu,2011-07-01,2011,7,1,1,Minimal,0.0199140680526551,1.0398281361053103,0.9772940962519596,-0.7961311056745584,-1.0484134087973649,-0.9794442148459964,-0.9865611672029976,30.291026057875523,2.984459803528974,21.0532555754026,9.237770482472925,dry_jjas,394.8891092289726,2.0,3.0,3,train,False
Machakos,2011-07-01,2011,7,1,1,Minimal,0.0,1.0093476690726313,0.9999001366016302,-2.054628144168421,-0.9610006124521364,-1.3110390669226335,-0.4814805334979132,44.5082081899419,52.18022326139006,29.22917781574488,15.279030374197017,dry_jjas,347.0698296320569,2.0,3.0,3,train,False
Makueni,2011-07-01,2011,7,2,2,Stressed,0.007311565285805,1.8245820877166088,0.999922451590077,-2.2558922484529327,-0.2515317555708237,-0.7189396860286047,-0.2933282564664874,57.49143329265976,42.70793274154453,33.8027987590999,23.688634533559856,dry_jjas,210.84898907247097,2.0,3.0,3,train,False
Mandera,2011-07-01,2011,7,4,3,Crisis or worse,1.0,3.579946157653965,0.9935254258912298,-1.868534910260902,-1.9719863127383024,-2.4620184386151367,-1.3247880193394097,0.0,16.524449911307705,0.3474154644808296,-0.3474154644808296,dry_jjas,147.72597818452132,3.0,3.0,3,train,False
Marsabit,2011-07-01,2011,7,4,3,Crisis or worse,0.9999951796304224,3.502237471569558,0.9301411843288736,-1.929431544315021,-1.905271831224868,-2.455703293432999,-1.0083626199918725,0.0,2.1866301686081946,11.467998150795816,-11.467998150795816,dry_jjas,183.11284628508548,3.0,3.0,3,train,True
Meru,2011-07-01,2011,7,1,1,Minimal,0.196993677104981,1.741812199406412,0.9998625323738216,-0.7327843401973593,-0.8215530428371196,-1.515740290824517,-1.2746703506454131,0.0,9.555454533712176,13.21978496347066,-13.21978496347066,dry_jjas,469.95952152110806,2.0,3.0,3,train,False
Migori,2011-07-01,2011,7,1,1,Minimal,0.0,1.0,0.8116729345870678,-1.3444849109612051,-0.3948366173939469,-0.9454958743339807,-0.4896480051850974,86.67091477807072,37.666494463233306,12.985348698501417,73.68556607956931,dry_jjas,460.4970135975702,1.0,3.0,3,train,False
Mombasa,2011-07-01,2011,7,1,1,Minimal,0.0,1.0071945914100102,0.945651646601156,-1.3419089076966868,-1.7222501528793823,-1.7308476535197284,-0.7611824709441809,36.2946454690999,24.588655168060992,32.33827177524659,3.9563736938533083,dry_jjas,339.4545465241538,1.0,3.0,3,train,False
Murang'a,2011-07-01,2011,7,1,1,Minimal,0.0,1.0,0.9998129313529576,-1.67958387832838,-1.151991465220059,-1.50261040787853,-0.2168068252735212,68.26636779739616,42.60850718951932,33.70379527185289,34.56257252554327,dry_jjas,600.9606534616394,1.0,3.0,3,train,False
Nairobi,2011-07-01,2011,7,1,1,Minimal,0.0,1.0038697666512075,0.9993498446852987,-2.193316588479926,-1.026411270709396,-1.368694262286247,-0.2222102856147105,51.2032462768877,52.46953308386813,24.199280512602527,27.00396576428517,dry_jjas,349.07589029272395,1.0,3.0,3,train,False
Nakuru,2011-07-01,2011,7,1,1,Minimal,0.0,1.0000182485625162,0.9757983147730396,-1.9091421556238912,-0.7758493302140735,-1.2726431696287377,-0.7497987006033713,39.527212463505606,29.850272235419663,11.595838991312691,27.931373472192917,dry_jjas,337.82261196850334,1.0,3.0,3,train,False
Nandi,2011-07-01,2011,7,1,1,Minimal,0.0,1.0,0.9996627597035956,-1.441395310870744,-0.8617816229399623,-0.9649221935037336,-0.2387392916536329,48.20689146145188,44.41639090827397,14.642869174670684,33.564022286781196,dry_jjas,636.3375639959971,1.0,3.0,3,train,False
Narok,2011-07-01,2011,7,1,1,Minimal,0.0,1.4492483254725137,0.9926680118238216,-2.502155191119427,-1.1901552552577623,-1.276255017075194,-0.4253629590348563,29.336634219244573,41.46696551388692,23.15965151798885,6.176982701255724,dry_jjas,449.4351533314782,2.0,3.0,3,train,False
Nyamira,2011-07-01,2011,7,1,1,Minimal,0.0,1.0,0.9997642108519644,-2.2601865455815355,-1.6675592811001854,-1.453071433708153,-0.1390988190787839,45.60743810522366,60.88682889635484,45.90626843941026,-0.2988303341866043,dry_jjas,707.0676224501927,1.0,3.0,3,train,False
Nyandarua,2011-07-01,2011,7,1,1,Minimal,0.0,1.0015295644847502,0.999883629468537,-1.606431043088258,-0.816541998631809,-1.3381400468911928,-0.7384326790443748,42.15878948019546,23.913119239345715,14.00182202832442,28.15696745187104,dry_jjas,478.59632261521887,1.0,3.0,3,train,False
Nyeri,2011-07-01,2011,7,1,1,Minimal,0.0,1.0011457420583507,0.9998423160845348,-0.992016159157332,-0.7749042623582212,-1.277882488079913,-0.861546560555148,28.48419068021529,15.397370104930811,26.429681129150023,2.054509551065266,dry_jjas,596.5685209899478,1.0,3.0,3,train,False
Samburu,2011-07-01,2011,7,2,2,Stressed,0.3342227000624625,2.3384849261587246,0.9999582597832056,-1.4658659701401036,-1.1373780097718256,-1.7685552127064168,-1.04647407416384,1.991062098953012,12.40953260031412,0.0,1.991062098953012,dry_jjas,233.37064745956647,2.0,3.0,3,train,True
Siaya,2011-07-01,2011,7,1,1,Minimal,0.0,1.0,0.7119007907118109,-2.1032410634738308,-1.9099503113424696,-1.8270849156925877,-0.6917675289241806,56.88891250543106,35.123207082862855,13.211621323437434,43.677291181993624,dry_jjas,703.9110029852106,1.0,3.0,3,train,False
Taita Taveta,2011-07-01,2011,7,2,2,Stressed,0.0011217540808456,1.9604216516431563,0.9966359028854996,-1.1295413285662097,-0.5459505656666009,-1.1838219947767583,-0.5444772394504297,40.20404202703764,22.528736427838258,16.694737525359983,23.509304501677654,dry_jjas,337.281834884778,2.0,3.0,3,train,False
Tana River,2011-07-01,2011,7,3,3,Crisis or worse,0.9917833148952294,3.1522302739487964,0.9998966140062996,-0.8969415808551472,-1.0369105882465417,-1.2078906228329664,-0.7800980675706557,11.70415700680274,3.1976027565225382,8.762210539867088,2.9419464669356525,dry_jjas,208.9215702880231,2.0,3.0,3,train,False
Tharaka-Nithi,2011-07-01,2011,7,1,1,Minimal,0.3288901749937805,1.9051295791817635,0.9999035697089348,-0.6369861623679967,-0.8350842204588494,-1.4974370270655328,-1.2681640114418236,1.5340289659785455,10.299736523979025,12.916435683780264,-11.382406717801718,dry_jjas,386.5660928989662,2.0,3.0,3,train,False
Trans Nzoia,2011-07-01,2011,7,1,1,Minimal,0.0,1.000168616014676,0.9977121984288632,-1.5965621551758915,-0.4335531688097059,-0.7763931815672399,-0.2275572896408612,52.38163237299524,48.58785030021363,16.504698232900004,35.87693414009524,dry_jjas,575.422482832226,1.0,3.0,3,train,False
Turkana,2011-07-01,2011,7,3,3,Crisis or worse,0.9987737558491996,3.4525124655330357,0.9606070881160972,-1.3440972066431192,-0.6182282011962148,-1.1543603526597908,-0.6472004579777294,1.268339663315351,12.767915893630446,5.97724237434674,-4.708902711031389,dry_jjas,134.93439886021372,2.0,3.0,3,train,True
Uasin Gishu,2011-07-01,2011,7,1,1,Minimal,0.0,1.0,0.9997765773368548,-1.5183278282469526,-0.7770955233750663,-1.312646373626256,-0.7251089009492351,24.03705723101378,27.524370649882496,7.338321274772472,16.698735956241308,dry_jjas,466.5756532543863,1.0,3.0,3,train,False
Vihiga,2011-07-01,2011,7,1,1,Minimal,0.0,1.0,0.9994221612948908,-1.489289110212772,-1.1872941513597897,-1.161020121663218,-0.1755287808061195,46.217315494639394,23.492673153131893,7.241730191309789,38.9755853033296,dry_jjas,638.2354464495623,1.0,3.0,3,train,False
Wajir,2011-07-01,2011,7,3,3,Crisis or worse,1.0,3.329325823822548,0.999694812399084,-2.188472355165104,-2.197019948101341,-2.4988926718432336,-1.263220284843043,0.0,9.250545304640818,4.962152060473876,-4.962152060473876,dry_jjas,220.92597534518788,3.0,3.0,3,train,True
West Pokot,2011-07-01,2011,7,2,2,Stressed,0.0303194155110745,2.0300416296613326,0.992657608687784,-1.4068955602093005,-0.8699111116860906,-1.259623398513444,-0.5061236700310047,36.17147628177523,31.359930106698418,1.22206418552212,34.949412096253106,dry_jjas,366.78840132412165,2.0,3.0,3,train,False
Baringo,2011-10-01,2011,10,2,2,Stressed,0.3189017426180434,2.2163968307566813,0.9999053382274394,0.8941025959330041,0.5817875072885221,-0.1228255431831751,-0.5959289453946754,51.47105214572348,47.05737143698713,37.93970038265791,13.531351763065572,short_rains,407.6410955536569,3.0,3.0,3,train,True
Bomet,2011-10-01,2011,10,1,1,Minimal,0.0,1.0014930650462457,0.9998019767021984,0.3958734703059047,0.4677496673802134,-0.8210086545804459,-0.8731326633038262,54.4237981189212,61.80010059578292,54.38848771128862,0.0353104076325792,short_rains,705.0356352221398,1.0,3.0,3,train,False
Bungoma,2011-10-01,2011,10,1,1,Minimal,0.0,1.0,0.9968273735961642,0.5165669213126939,1.1562903659572892,0.7858886989326269,0.3767369595383921,59.59034457302888,77.40548480214098,68.19909576406188,-8.608751191033,short_rains,684.143518918554,1.0,3.0,3,train,False
Busia,2011-10-01,2011,10,1,1,Minimal,0.0,1.0,0.9128634605516268,-0.1392989509749265,0.5044149661121221,-0.3945833431210279,-0.4303223728921254,44.842838381904855,66.33740829390098,91.03420598627964,-46.19136760437479,short_rains,504.89251568895395,1.0,3.0,3,train,False
Elgeyo-Marakwet,2011-10-01,2011,10,1,1,Minimal,0.0001178405959305,1.0014862362935155,0.9998672933259511,0.7046064844239887,0.4617669825386306,-0.292899823541157,-0.6337453823773782,42.09294056756256,86.29891795228474,55.19052134836549,-13.097580780802936,short_rains,424.00498148048365,1.0,3.0,3,train,False
Embu,2011-10-01,2011,10,3,3,Crisis or worse,0.5595663602775295,2.30927081864858,0.9999466928893666,-1.0478782019583357,0.2007870841665527,-0.8351072446543522,-0.8628359463872232,26.468289094442216,43.37808907041672,0.0,26.468289094442216,short_rains,401.4457023614595,2.0,3.0,3,train,False
Garissa,2011-10-01,2011,10,3,3,Crisis or worse,0.9113460907576107,3.2033138908684577,0.9995457420727172,-0.5014650296525472,-1.621167597938363,-1.8592157401696143,-1.5611076415907108,0.0,6.626749337529132,14.684816566176892,-14.684816566176892,short_rains,210.6771075185111,3.0,3.0,3,train,False
Homa Bay,2011-10-01,2011,10,1,1,Minimal,0.0,1.0,0.66830422924983,0.3166694817995744,0.3159581738302269,-1.15290020877147,-1.4527194286483276,20.160742308423437,9.03311392781535,47.31250541307615,-27.151763104652716,short_rains,658.3122810444571,1.0,3.0,3,train,False
Isiolo,2011-10-01,2011,10,4,3,Crisis or worse,0.9327845931782082,3.5841809751854665,0.9999927671998872,0.6813694716591915,-0.1207634025814852,-1.8923578358045683,-2.034542975143179,1.8717916139036348,0.0,0.0,1.8717916139036348,short_rains,121.15801476654195,3.0,3.0,3,train,False
Kajiado,2011-10-01,2011,10,3,3,Crisis or worse,0.6469069041759696,2.476800504016067,0.9867045158215498,0.1017188279965252,-0.4408170454530871,-1.0940930596686065,-1.4646324926773249,7.571685770373189,6.560565639378572,18.858319270228435,-11.286633499855245,short_rains,244.0590119973267,2.0,3.0,3,train,False
Kakamega,2011-10-01,2011,10,1,1,Minimal,0.0,1.0,0.9996644082966224,0.3645543163625847,0.8940807048845276,0.2240820710786118,-0.0774686931481563,69.33168036661026,77.2038734238512,31.061207982591544,38.27047238401872,short_rains,521.962946970816,1.0,3.0,3,train,False
Kericho,2011-10-01,2011,10,1,1,Minimal,0.0,1.0,0.9997003606571924,0.1575653886688313,0.2108588683465874,-0.9375844271364754,-0.998471849378527,66.43840405440538,83.62234056203944,62.1893862167089,4.249017837696485,short_rains,577.6437811642602,1.0,3.0,3,train,False
Kiambu,2011-10-01,2011,10,1,1,Minimal,0.0011275029241544,1.291225210145677,0.9997340832735028,-0.3140392793268736,-0.3301997450238937,-1.069356683708898,-1.7607713038712036,42.487975963351055,68.10181477358563,54.739965778865866,-12.251989815514811,short_rains,365.1581675938478,1.0,3.0,3,train,False
Kilifi,2011-10-01,2011,10,2,2,Stressed,0.3077213709094738,2.201544736338375,0.994180498958548,-1.060773371019645,-1.3316121120258977,-2.0446359371016607,-1.4390537463530828,1.95577741255834,20.470041902632907,52.50049944239298,-50.54472202983464,short_rains,485.9236308469297,2.0,3.0,3,train,False
Kirinyaga,2011-10-01,2011,10,1,1,Minimal,0.0015606815228845,1.006931933670695,0.9997852158056486,-0.5866533985755271,-0.3308798268161261,-0.8698941571681912,-0.9290553031116534,76.73785034861248,78.12501839249117,38.54990470258488,38.1879456460276,short_rains,523.427425427593,1.0,3.0,3,train,False
Kisii,2011-10-01,2011,10,1,1,Minimal,0.0,1.0,0.9995810852329324,0.0812471047477868,0.5630483622410312,-0.6645621947789611,-0.7660850983973271,65.56417527719022,54.90777848728574,53.70031586279883,11.863859414391385,short_rains,771.8724273402603,1.0,3.0,3,train,False
Kisumu,2011-10-01,2011,10,1,1,Minimal,0.0,1.0,0.7825715876310352,-0.0686905312364079,0.1852010944925917,-1.3023107921112669,-1.2423760899668546,18.844702757372787,47.76742266307325,24.47070184827778,-5.625999090904994,short_rains,650.4965825795291,1.0,3.0,3,train,False
Kitui,2011-10-01,2011,10,3,3,Crisis or worse,0.8387936604186681,3.1124003849764605,0.9999714576418588,-1.3712453187648497,-0.3455983035743983,-0.814383135559768,-0.9235124722181312,7.198217618301976,5.587514217902576,3.4069630675438543,3.791254550758122,short_rains,350.0498777837523,3.0,3.0,3,train,False
Kwale,2011-10-01,2011,10,2,2,Stressed,0.3182272016381544,2.31815974728592,0.9912489626770906,-1.005094885986845,-0.732862322203145,-1.3197953490127596,-1.0364524762637513,13.727311138373867,40.77222695303815,74.93915197874817,-61.21184084037431,short_rains,461.4118591660762,2.0,3.0,3,train,False
Laikipia,2011-10-01,2011,10,3,3,Crisis or worse,0.5284903059527758,2.5273330895948933,0.9999767764678802,1.7475337759914078,0.9592868181512768,-0.0771185355353227,-0.8598232259828942,63.576430655634496,44.68160680502771,37.67562480898539,25.900805846649106,short_rains,378.6133408439104,2.0,3.0,3,train,False
Lamu,2011-10-01,2011,10,2,2,Stressed,0.0,2.0,0.9772658860263104,-0.4435849164559232,-1.3513449453218915,-1.6733379388896492,-1.0943081801849586,0.0,0.0,54.06221450201996,-54.06221450201996,short_rains,394.8891092289726,1.0,3.0,3,train,False
Machakos,2011-10-01,2011,10,3,3,Crisis or worse,0.8474774261835553,3.110664875975497,0.9999689407832436,-1.1769590579648777,-0.2032986665574415,-0.8901876653813179,-1.118154995714188,6.331762438606844,21.79904458961798,0.0,6.331762438606844,short_rains,347.0698296320569,1.0,3.0,3,train,False
Makueni,2011-10-01,2011,10,3,3,Crisis or worse,0.5525060891442966,2.552576303260418,0.9999778690892982,-1.7428749791744775,-0.4343813331344014,-0.3571534288477978,-0.6157511839620664,19.121202834205427,21.82207936120368,22.127461320820707,-3.0062584866152804,short_rains,210.84898907247097,2.0,3.0,3,train,False
Mandera,2011-10-01,2011,10,4,3,Crisis or worse,1.0,3.7038459906389063,0.993519705709614,-0.5271762138391886,-0.6805766009581351,-2.3270271306818016,-2.3413519034484525,13.115379447930138,41.58356598597637,0.0,13.115379447930138,short_rains,147.72597818452132,3.0,3.0,3,train,False
Marsabit,2011-10-01,2011,10,4,3,Crisis or worse,0.9997789197799574,3.590873931211565,0.930139756544622,0.5206983830758846,-0.7745140634148796,-1.9841948470907715,-2.235599728595446,0.0,0.0,0.0,0.0,short_rains,183.11284628508548,3.0,3.0,3,train,True
Meru,2011-10-01,2011,10,1,1,Minimal,0.1976907221999422,1.5584323874974546,0.9998558408150032,0.3727485436144371,0.2480556971546617,-0.6443779286591982,-0.74703284469911,17.355658939715134,46.3679678270902,4.829690014554665,12.52596892516047,short_rains,469.95952152110806,1.0,3.0,3,train,False
Migori,2011-10-01,2011,10,1,1,Minimal,0.0,1.0011284366230448,0.8116729345870679,0.6192179929369473,0.2895831672854837,-0.2067700491294047,-0.5057059727904425,57.44389318145056,61.5848910865509,24.35860263583959,33.085290545610974,short_rains,460.4970135975702,1.0,3.0,3,train,False
Mombasa,2011-10-01,2011,10,1,1,Minimal,0.0019050304483742,1.0090996218583843,0.945651646601156,-0.988050971231154,-1.3291614164416954,-2.205724257223684,-1.6958676109531736,21.832685895806357,62.96430101745038,60.80913972421171,-38.976453828405354,short_rains,339.4545465241538,1.0,3.0,3,train,False
Murang'a,2011-10-01,2011,10,1,1,Minimal,0.0013259354483823,1.1929241866065368,0.9998572525065976,-0.1548362986039306,-0.4033930963805134,-1.0271670684374812,-1.441495105025814,60.79908714088727,83.21047607293355,56.18476382708662,4.614323313800654,short_rains,600.9606534616394,1.0,3.0,3,train,False
Nairobi,2011-10-01,2011,10,1,1,Minimal,0.0273133770281736,1.0593966393671002,0.9994586270629964,0.1580886018892423,-0.2481382993815375,-0.910957389429296,-1.361081767088221,47.85206160218707,26.066608446873623,10.624973332114171,37.2270882700729,short_rains,349.07589029272395,1.0,3.0,3,train,False
Nakuru,2011-10-01,2011,10,1,1,Minimal,0.0006572224895674,1.00456532497177,0.975817888767216,1.2678520574669312,0.8979522587964933,-0.0307287759012267,-0.7238305668378068,65.9992984486127,45.28112207936072,44.354578295872265,21.64472015274044,short_rains,337.82261196850334,1.0,3.0,3,train,False
Nandi,2011-10-01,2011,10,1,1,Minimal,0.0,1.0,0.999662759703597,0.2836411736232037,0.5170203828467056,-0.3654564021088835,-0.6414623508214005,74.61001228163424,92.20831143049708,59.45308970447955,15.156922577154688,short_rains,636.3375639959971,1.0,3.0,3,train,False
Narok,2011-10-01,2011,10,3,3,Crisis or worse,0.5949542500928386,2.533847626369968,0.992679928748272,0.906212631839442,0.5829367160388524,-0.6851847624309408,-1.2195187014283038,21.12131680219077,4.267236746786944,22.424166518161982,-1.3028497159712131,short_rains,449.4351533314782,1.0,3.0,3,train,False
Nyamira,2011-10-01,2011,10,1,1,Minimal,0.0,1.0,0.9997642108519644,-0.164291495612411,0.1111021699082605,-1.1584525109252954,-1.1126190182409554,49.091143248224576,37.43300896111853,73.59213365098395,-24.500990402759378,short_rains,707.0676224501927,1.0,3.0,3,train,False
Nyandarua,2011-10-01,2011,10,1,1,Minimal,0.0009437621077909,1.0026476258756922,0.9998836294685368,1.65608377095228,1.292148410174991,0.2498160479888999,-0.8137415465210422,57.14846377968749,62.33610608348268,54.47709430707449,2.6713694726130015,short_rains,478.59632261521887,1.0,3.0,3,train,False
Nyeri,2011-10-01,2011,10,1,1,Minimal,0.0,1.390487735517373,0.9998584883435058,1.6380599196119656,0.3140478907504184,-0.3457832224976875,-0.9443013248999046,55.1357050853664,74.44856417943821,22.507113583234364,32.62859150213204,short_rains,596.5685209899478,1.0,3.0,3,train,False
Samburu,2011-10-01,2011,10,3,3,Crisis or worse,0.8115746007091692,2.947625164208359,0.999963388161756,0.7965451218451938,0.3562390664898309,-0.8687544886750261,-1.2825463232791534,40.99803401906305,21.472099659403582,4.203074839509988,36.79495917955306,short_rains,233.37064745956647,2.0,3.0,3,train,True
Siaya,2011-10-01,2011,10,1,1,Minimal,0.0,1.0,0.7119007907118109,0.3211353249232686,0.5335225777351056,-1.0625536866141312,-1.4765374881235598,22.483379247214845,47.00826763991883,54.52046170381114,-32.037082456596295,short_rains,703.9110029852106,1.0,3.0,3,train,False
Taita Taveta,2011-10-01,2011,10,2,2,Stressed,0.2812166378913571,2.281216637891357,0.9966736387607336,-1.636492700499968,-0.5561414651294215,-0.6815627067015974,-0.808438710747793,30.143826077270653,30.63901052389537,41.25679985753991,-11.112973780269257,short_rains,337.281834884778,2.0,3.0,3,train,False
Tana River,2011-10-01,2011,10,2,2,Stressed,0.5265553854525842,2.688146033814496,0.9998875993895904,-1.0626191248972523,-1.7582306606073252,-1.4119967428781393,-1.2632801300573493,7.253774266652569,1.4821973320472128,1.7795127663570514,5.474261500295518,short_rains,208.9215702880231,3.0,3.0,3,train,False
Tharaka-Nithi,2011-10-01,2011,10,3,3,Crisis or worse,0.4385850473209337,2.017139474435095,0.9999182538869203,-0.8165749156293782,0.109619137882254,-0.6806365557888355,-0.7069216615265238,18.25502125895735,30.18396708340745,18.70224808118845,-0.44722682223110155,short_rains,386.5660928989662,1.0,3.0,3,train,False
Trans Nzoia,2011-10-01,2011,10,1,1,Minimal,0.0,1.000079835388598,0.9976864050043228,0.7344210202960106,0.8889060495084814,0.2822370437280149,-0.4353022002667259,65.98065656510369,84.72320676363623,48.66709276099788,17.313563804105804,short_rains,575.422482832226,1.0,3.0,3,train,False
Turkana,2011-10-01,2011,10,3,3,Crisis or worse,0.7051155084767105,2.941650061483214,0.960605887697083,1.628550033169215,0.5614939299725785,-0.0924534515203337,-0.7694042983824143,22.185341227693804,12.020910180741843,0.0,22.185341227693804,short_rains,134.93439886021372,3.0,3.0,3,train,True
Uasin Gishu,2011-10-01,2011,10,1,1,Minimal,0.0,1.0,0.9997765773368544,0.4586703319105747,0.6768500336610794,-0.1979062933971223,-0.5395335727337475,79.54528872004451,72.58285494837033,24.111756888296203,55.43353183174831,short_rains,466.5756532543863,1.0,3.0,3,train,False
Vihiga,2011-10-01,2011,10,1,1,Minimal,0.0,1.0,0.9994221612948906,0.0861819994915901,0.545582619703702,-0.5371109838444624,-0.6149150822987568,60.34175714964718,94.19787184909688,82.27086406796128,-21.929106918314105,short_rains,638.2354464495623,1.0,3.0,3,train,False
Wajir,2011-10-01,2011,10,4,3,Crisis or worse,1.0,3.79896456858616,0.9996833252244508,-0.5983595206756885,-1.167495856740757,-2.350771547869907,-2.402728082808349,4.553841811365907,3.9825222895588928,0.0,4.553841811365907,short_rains,220.92597534518788,3.0,3.0,3,train,True
West Pokot,2011-10-01,2011,10,3,3,Crisis or worse,0.7497770851788289,2.7139841404546163,0.9926656898259488,0.7767170256186332,0.3550728172625013,-0.4035553040873461,-1.0620951022277192,59.13008971244007,51.70366411543539,21.117362886326596,38.01272682611347,short_rains,366.78840132412165,2.0,3.0,3,train,False
Baringo,2012-01-01,2012,1,2,2,Stressed,0.0,1.8974936258443185,0.9998910741789016,1.1206700641011964,1.8272156711332568,1.474325024944761,1.4655683155303694,85.60613756978881,92.73262582122904,89.04821052986152,-3.442072960072707,dry_jf,407.6410955536569,2.0,3.0,3,train,True
Bomet,2012-01-01,2012,1,1,1,Minimal,0.0,1.001192068912881,0.9997423525638208,1.8049287086488168,2.709157772635267,2.237121754058845,0.9826983250857902,100.0,47.87276870525744,83.7674008857271,16.2325991142729,dry_jf,705.0356352221398,1.0,3.0,3,train,False
Bungoma,2012-01-01,2012,1,1,1,Minimal,0.0,1.0,0.9968273735961642,1.0802983175555514,1.861307999861432,1.9047156283629445,2.2477479732396786,64.58968921112432,70.08229737054316,74.42094351194001,-9.831254300815687,dry_jf,684.143518918554,1.0,3.0,3,train,False
Busia,2012-01-01,2012,1,1,1,Minimal,0.0,1.0,0.9128634605516268,1.537529919568796,1.9725054551324344,1.6089364710341123,1.8044243662965704,100.0,83.91200830966523,76.55294439300357,23.44705560699643,dry_jf,504.89251568895395,1.0,3.0,3,train,False
Elgeyo-Marakwet,2012-01-01,2012,1,1,1,Minimal,0.0,1.0013683956975723,0.9998672933259388,0.8679572118671316,2.0132592097138344,1.6417966809499864,1.9479013633730844,81.22671931520303,84.62606236094423,74.7343854291821,6.49233388602093,dry_jf,424.00498148048365,1.0,3.0,3,train,False
Embu,2012-01-01,2012,1,2,2,Stressed,0.0052023314671401,1.7496828088401877,0.9998602091097708,1.1733153653424004,1.3291153360565642,1.0427490784261968,0.0689310104667695,62.35319602573048,5.459719677312465,0.0,62.35319602573048,dry_jf,401.4457023614595,3.0,3.0,3,train,False
Garissa,2012-01-01,2012,1,2,2,Stressed,0.2919752441705645,2.2919752441705645,0.9995202581375467,1.6561093406397616,1.7606788412403067,0.8208769246409676,-1.055364422719569,85.75884501462212,10.48767723186541,0.0,85.75884501462212,dry_jf,210.6771075185111,3.0,3.0,3,train,False
Homa Bay,2012-01-01,2012,1,1,1,Minimal,0.0,1.0,0.66830422924983,1.140625348464766,2.792750855703389,2.191459627512219,2.3030122587371133,66.37944029974099,70.91749313139897,53.17303447301037,13.206405826730624,dry_jf,658.3122810444571,1.0,3.0,3,train,False
Isiolo,2012-01-01,2012,1,3,3,Crisis or worse,0.6514829782107734,2.6513972355171385,0.9999913276870134,1.8878456895632645,1.921092459737674,1.807017449410814,1.4252944774511822,100.0,6.444766788303269,8.917333442603049,91.08266655739695,dry_jf,121.15801476654195,3.0,3.0,3,train,False
Kajiado,2012-01-01,2012,1,2,2,Stressed,0.0,1.829892885376805,0.9867003715847948,2.771717126060251,3.0059249045841323,0.8165116085183453,0.7414617478424097,43.35385667357441,22.7504903894423,20.54155882923425,22.81229784434016,dry_jf,244.0590119973267,3.0,3.0,3,train,False
Kakamega,2012-01-01,2012,1,1,1,Minimal,0.0,1.0,0.9996644082966224,1.367605995646245,2.358830111644412,2.06882922064781,2.2191799104707086,41.43487941848983,74.9003236332484,67.15713144188021,-25.722252023390382,dry_jf,521.962946970816,1.0,3.0,3,train,False
Kericho,2012-01-01,2012,1,1,1,Minimal,0.0,1.0,0.9997003606571924,0.9290103693099075,2.505986468767643,1.7306715557291052,1.5648776066885297,82.60984047013392,93.35670520587912,37.24545783285247,45.364382637281444,dry_jf,577.6437811642602,1.0,3.0,3,train,False
Kiambu,2012-01-01,2012,1,1,1,Minimal,0.0,1.2900795668103835,0.9997085373299688,1.759284556462622,2.499667340978696,0.952158364976128,2.322763363802792,83.85553924173291,80.45342965335568,21.80781366290343,62.047725578829485,dry_jf,365.1581675938478,1.0,3.0,3,train,False
Kilifi,2012-01-01,2012,1,2,2,Stressed,0.0,1.893822507368624,0.9941724646117835,0.4239215138470277,0.1342744746198813,-0.8968968043543523,-2.3770041224234624,65.69256857032545,0.0,0.0,65.69256857032545,dry_jf,485.9236308469297,2.0,3.0,3,train,False
Kirinyaga,2012-01-01,2012,1,1,1,Minimal,0.0,1.0053712521478133,0.9997852158056528,1.0983979336702885,1.582505062195768,0.84013130621235,0.4605390420456783,59.482312714367495,23.89240279676665,0.0,59.482312714367495,dry_jf,523.427425427593,1.0,3.0,3,train,False
Kisii,2012-01-01,2012,1,1,1,Minimal,0.0,1.0,0.9995810852329324,1.0090154323847385,2.2115099651438763,2.00806560579592,1.6591007013841792,100.0,76.87861169920593,77.73460229134807,22.265397708651932,dry_jf,771.8724273402603,1.0,3.0,3,train,False
Kisumu,2012-01-01,2012,1,1,1,Minimal,0.0,1.0,0.7825715876310351,1.124067070383342,2.598784909544176,2.1751041991008018,2.136958928639098,76.02259416450609,67.81233830458297,70.86057394583568,5.162020218670406,dry_jf,650.4965825795291,1.0,3.0,3,train,False
Kitui,2012-01-01,2012,1,2,2,Stressed,0.273562437874742,2.273497143074963,0.9999587382900964,1.1390488615408016,1.115309528635052,0.736218735990877,-1.3968854059429692,47.725612037923405,0.0,7.402056346669598,40.32355569125381,dry_jf,350.0498777837523,3.0,3.0,3,train,False
Kwale,2012-01-01,2012,1,2,2,Stressed,0.0,1.9999325446876088,0.991234853269192,0.8622885695800622,0.6808283438723525,-0.1403252377784386,-1.708836694179823,83.76811400391041,35.620383416505646,13.153452673394243,70.61466133051617,dry_jf,461.4118591660762,2.0,3.0,3,train,False
Laikipia,2012-01-01,2012,1,2,2,Stressed,0.0,1.998842768950723,0.9999640814636376,1.354870968170987,2.276260830882909,2.0021015987099657,1.864054933321775,100.0,95.85916553525998,81.22943515951184,18.770564840488163,dry_jf,378.6133408439104,3.0,3.0,3,train,False
Lamu,2012-01-01,2012,1,2,2,Stressed,0.0,2.0,0.9772658860263062,1.4566676094027036,1.404948287271158,-0.4991769330930975,-1.40553977425697,68.96199765830092,0.0,0.0,68.96199765830092,dry_jf,394.8891092289726,2.0,3.0,3,train,False
Machakos,2012-01-01,2012,1,2,2,Stressed,0.177099419052482,2.1763404870456893,0.9998992677986888,1.6908176567146975,1.732474470130342,0.9691018950312642,-0.1165845513134701,32.53352279517333,15.551006677526466,0.0,32.53352279517333,dry_jf,347.0698296320569,3.0,3.0,3,train,False
Makueni,2012-01-01,2012,1,2,2,Stressed,0.0,2.0,0.9998081115992576,1.455116492136317,1.360357630158309,0.6208418301288579,-1.182397475154567,38.511981823231984,23.90601557533584,15.234280202276368,23.277701620955618,dry_jf,210.84898907247097,3.0,3.0,3,train,False
Mandera,2012-01-01,2012,1,3,3,Crisis or worse,0.7038459906389063,2.7038459906389063,0.993519705709614,1.7616050612677403,1.7650717602709751,1.2997039391242744,-0.7352322472683366,58.274683908052765,0.0,14.41002707843143,43.86465682962134,dry_jf,147.72597818452132,3.0,3.0,3,train,False
Marsabit,2012-01-01,2012,1,3,3,Crisis or worse,0.59131609165165,2.591095011431608,0.930139756544622,2.5607681346157283,2.557847613202215,1.7100283037590769,0.2576854114251103,44.0900017376406,2.0406504296803054,0.0,44.0900017376406,dry_jf,183.11284628508548,3.0,3.0,3,train,True
Meru,2012-01-01,2012,1,1,1,Minimal,0.0002508628292258,1.230180237709574,0.999887250715959,1.013399450932804,1.2495202134260754,1.1662376895106177,1.6578880809969307,63.28583310080172,49.369658288011294,0.0,63.28583310080172,dry_jf,469.95952152110806,1.0,3.0,3,train,False
Migori,2012-01-01,2012,1,1,1,Minimal,0.0,1.0,0.8116729345870678,0.7903948549277262,2.616287094608112,2.2712027363363125,2.4986917123960275,100.0,91.13116324882029,73.94822914390855,26.05177085609145,dry_jf,460.4970135975702,1.0,3.0,3,train,False
Mombasa,2012-01-01,2012,1,1,1,Minimal,0.0,1.0071945914100102,0.945651646601156,1.290400809550416,0.8998067985996017,-0.533661882429806,-2.176640857642295,82.72379331236237,29.812611777403397,5.558079268651526,77.16571404371085,dry_jf,339.4545465241538,1.0,3.0,3,train,False
Murang'a,2012-01-01,2012,1,1,1,Minimal,0.0,1.191595381888487,0.999853703714295,1.3133534210296929,1.800952868016956,0.7748596255619193,1.1331340269430716,100.0,74.04713612470302,0.0,100.0,dry_jf,600.9606534616394,1.0,3.0,3,train,False
Nairobi,2012-01-01,2012,1,1,1,Minimal,0.0,1.0320832623389269,0.9994586270629964,1.8618666206541767,2.337437209523956,0.7391688257901924,1.886446127254936,94.59822842184316,63.67318189822152,0.5086839439682461,94.08954447787491,dry_jf,349.07589029272395,1.0,3.0,3,train,False
Nakuru,2012-01-01,2012,1,1,1,Minimal,0.0,1.0039081024822027,0.975817888767216,1.1208990078334555,2.20428466831384,1.893837448457243,1.814996968622224,100.0,97.49131538141664,75.84712639714846,24.152873602851543,dry_jf,337.82261196850334,1.0,3.0,3,train,False
Nandi,2012-01-01,2012,1,1,1,Minimal,0.0,1.0,0.999662759703597,1.0623902353227257,2.3749490997485565,1.9472482805847653,2.390469346337565,66.52792665671389,70.34919524839374,17.00115405216348,49.52677260455041,dry_jf,636.3375639959971,1.0,3.0,3,train,False
Narok,2012-01-01,2012,1,2,2,Stressed,0.0,1.8406323221823857,0.9926663120912104,3.2518563089742383,3.832171630882905,2.731549894119852,2.038302851015754,97.36283681426552,74.06186222767576,68.98645605383176,28.37638076043376,dry_jf,449.4351533314782,3.0,3.0,3,train,False
Nyamira,2012-01-01,2012,1,1,1,Minimal,0.0,1.0,0.9997642108519644,0.8127173893195112,2.0651166458609853,1.6615384296205913,1.12024786627952,100.0,64.28028805492859,82.78825885424475,17.211741145755255,dry_jf,707.0676224501927,1.0,3.0,3,train,False
Nyandarua,2012-01-01,2012,1,1,1,Minimal,0.0,1.0017038637679014,0.9998836294685368,1.2967246768169274,2.7315742751602445,2.374370160295064,2.486698526770877,99.8767461515273,96.4275262539141,54.393047649347935,45.483698502179365,dry_jf,478.59632261521887,1.0,3.0,3,train,False
Nyeri,2012-01-01,2012,1,1,1,Minimal,0.0,1.390487735517373,0.9998584883435058,1.1433383741055274,1.9243086506628375,1.3562737320508491,2.0722906179373397,89.11573330388008,80.64077653445412,12.932953798783844,76.18277950509624,dry_jf,596.5685209899478,1.0,3.0,3,train,False
Samburu,2012-01-01,2012,1,2,2,Stressed,0.1371890405171198,2.1360516939279783,0.9999550796477686,2.342233496931171,2.5126920824852466,2.03669433303986,1.158621405944245,77.95900914892941,58.9749537995834,49.89467036996288,28.06433877896653,dry_jf,233.37064745956647,3.0,3.0,3,train,True
Siaya,2012-01-01,2012,1,1,1,Minimal,0.0,1.0,0.7119007907118109,1.6509871465417216,2.428974628917763,1.9740464996173896,2.3264961384889,90.12492001212937,96.611817669013,74.10866990464571,16.016250107483657,dry_jf,703.9110029852106,1.0,3.0,3,train,False
Taita Taveta,2012-01-01,2012,1,2,2,Stressed,0.0,2.0,0.996630559288052,1.4768939481490069,1.276660683753053,0.9095312843455606,-2.4295512027271093,27.27219328938824,6.714091423316907,45.82577425584129,-18.553580966453048,dry_jf,337.281834884778,2.0,3.0,3,train,False
Tana River,2012-01-01,2012,1,2,2,Stressed,0.1619441098608361,2.1615913058089453,0.9998835312676526,1.3195049504958756,1.455023342407297,0.7095389486563036,-1.613520743730969,50.493418719155365,0.0,0.0,50.493418719155365,dry_jf,208.9215702880231,2.0,3.0,3,train,False
Tharaka-Nithi,2012-01-01,2012,1,1,1,Minimal,0.0054881586939852,1.4470611313796582,0.9999077002006204,1.0444662493130892,1.1835689097333506,0.943826021647366,0.7189377384721161,44.926350548915096,6.644376946874449,0.0,44.926350548915096,dry_jf,386.5660928989662,3.0,3.0,3,train,False
Trans Nzoia,2012-01-01,2012,1,1,1,Minimal,0.0,1.000079835388598,0.9976864050043228,0.277785752109327,1.4672585750753735,1.4871972948708914,2.076910881750988,47.48766278757383,65.72627354347242,70.37735310131352,-22.889690313739685,dry_jf,575.422482832226,1.0,3.0,3,train,False
Turkana,2012-01-01,2012,1,2,2,Stressed,0.340211762077389,2.2365354259597865,0.9606023425027008,0.9527843149651446,1.3117830791676734,0.9814346109962482,1.154579243166817,43.69684917645653,76.21580288992564,57.96364115139793,-14.266791974941398,dry_jf,134.93439886021372,3.0,3.0,3,train,True
Uasin Gishu,2012-01-01,2012,1,1,1,Minimal,0.0,1.0,0.9997765773368544,0.4981804196928026,1.877554394214972,1.5685050072443374,1.91340804121286,53.54839034777327,77.38351672041226,75.42135730586698,-21.872966958093706,dry_jf,466.5756532543863,1.0,3.0,3,train,False
Vihiga,2012-01-01,2012,1,1,1,Minimal,0.0,1.0,0.9994221612948908,1.5974441928200098,2.5852383200904314,2.194173163797483,1.9633839875076424,98.18216070227616,59.24479203336707,63.56578677089279,34.61637393138337,dry_jf,638.2354464495623,1.0,3.0,3,train,False
Wajir,2012-01-01,2012,1,3,3,Crisis or worse,0.7989645685861596,2.79896456858616,0.9996833252244508,1.756414563316344,1.7596006118795922,1.4343736346025104,-0.9622039134648888,77.73161614092177,0.0,3.421820154959662,74.30979598596211,dry_jf,220.92597534518788,3.0,3.0,3,train,True
West Pokot,2012-01-01,2012,1,2,2,Stressed,0.0,1.964205710791852,0.99262840390401,0.3486326585580276,1.5206274300847655,1.1283770917039,1.5713882285039709,63.54516677120132,87.06031511441948,89.06270281319043,-25.517536041989104,dry_jf,366.78840132412165,3.0,3.0,3,train,False
Baringo,2012-04-01,2012,4,2,2,Stressed,0.3187452690265081,2.2162261785996518,0.9999205198699418,-1.453891118286369,1.4754702948105376,2.190233305112803,2.754938252388752,64.44521793534395,93.35074024752944,100.0,-35.55478206465605,long_rains,407.6410955536569,2.0,3.0,3,train,True
Bomet,2012-04-01,2012,4,1,1,Minimal,0.0,1.0000570618995908,0.9997382065021052,-2.077695468324169,0.2216341375340969,1.23521193300405,2.199677673461405,51.47034646183036,92.5127194822462,89.99585361846911,-38.52550715663875,long_rains,705.0356352221398,1.0,3.0,3,train,False
Bungoma,2012-04-01,2012,4,1,1,Minimal,0.0,1.0,0.9968273735961642,-2.236546272116969,0.8700582193536052,1.918942934766995,1.8149470366862956,47.83961975653424,71.46893277569083,79.17266035443562,-31.33304059790138,long_rains,684.143518918554,1.0,3.0,3,train,False
Busia,2012-04-01,2012,4,1,1,Minimal,0.0,1.0,0.9128634605516268,-2.666857168419277,0.4830721906007396,1.3448227813885878,1.9026753320059917,46.87297912193798,75.21869778888718,67.80902982645507,-20.936050704517093,long_rains,504.89251568895395,1.0,3.0,3,train,False
Elgeyo-Marakwet,2012-04-01,2012,4,1,1,Minimal,7.282146486170473e-05,1.0014090582701145,0.9998638419885122,-1.7529781884154565,2.001163592055996,2.595928266914295,2.7860578808712466,56.2422130849925,85.9058749389268,71.63216116426725,-15.389948079274745,long_rains,424.00498148048365,1.0,3.0,3,train,False
Embu,2012-04-01,2012,4,1,1,Minimal,0.0,1.0113976217458436,0.9998694903395686,-1.0881130170360185,0.4947157601249964,0.911207031915086,1.4823342341921952,36.38016399363848,75.82218114370826,77.7057091787629,-41.32554518512442,long_rains,401.4457023614595,2.0,3.0,3,train,False
Garissa,2012-04-01,2012,4,2,2,Stressed,0.0016132183675917,2.001613218367592,0.9995221214849764,-0.8335886265976461,0.719107990568926,1.1710864290036032,1.5030565594285057,68.55462557345828,81.54592689291539,100.0,-31.44537442654172,long_rains,210.6771075185111,2.0,3.0,3,train,False
Homa Bay,2012-04-01,2012,4,1,1,Minimal,0.0,1.0,0.66830422924983,-2.1393672923191414,0.7603697271547643,1.7642326165634217,2.48534852503466,25.09818801377799,74.85973056704236,34.44133208111965,-9.343144067341658,long_rains,658.3122810444571,1.0,3.0,3,train,False
Isiolo,2012-04-01,2012,4,2,2,Stressed,5.082507054849254e-05,1.9999650820116024,0.999987067266224,-1.1064496063464917,0.6631065887548713,1.0851777239633766,1.6570956452868748,62.62754783128417,80.79756486341893,82.81107120315257,-20.183523371868397,long_rains,121.15801476654195,3.0,3.0,3,train,False
Kajiado,2012-04-01,2012,4,2,2,Stressed,0.0,1.8295659211065247,0.9867003715847946,-1.0247979246040466,-0.0199486577844942,0.316108605954232,1.46299119729591,26.84312259298244,60.99179552745103,77.15700466691274,-50.3138820739303,long_rains,244.0590119973267,2.0,3.0,3,train,False
Kakamega,2012-04-01,2012,4,1,1,Minimal,0.0,1.0,0.9996644082966224,-2.362436322815621,0.7169082524773669,2.220947709938926,2.1306597888965984,39.51492819226318,76.66779209658276,80.84095352258875,-41.32602533032557,long_rains,521.962946970816,1.0,3.0,3,train,False
Kericho,2012-04-01,2012,4,1,1,Minimal,0.0,1.0,0.9997003606571904,-1.950341043261972,0.3571793420313592,1.5366279031192345,2.2975665012373563,51.69281036478882,86.96094428159428,85.66568743318834,-33.97287706839952,long_rains,577.6437811642602,1.0,3.0,3,train,False
Kiambu,2012-04-01,2012,4,1,1,Minimal,0.0,1.289639024224114,0.9997103790162414,-1.1172791422360742,0.4971287602803801,1.1983681605555114,2.0167803920964813,50.59409020888169,82.92811371230954,40.62891093259273,9.965179276288957,long_rains,365.1581675938478,1.0,3.0,3,train,False
Kilifi,2012-04-01,2012,4,2,2,Stressed,0.0,1.893822507368624,0.9941724646117835,-0.671269334307264,0.0450703762594979,0.0386417258567479,0.5983881729653748,38.46673974060786,55.33484677116119,75.01155381922797,-36.54481407862011,long_rains,485.9236308469297,2.0,3.0,3,train,False
Kirinyaga,2012-04-01,2012,4,1,1,Minimal,0.0,1.000036250746341,0.9997566177338548,-1.0256103848844589,0.4549681509481695,1.1076388556460597,1.7085490867801407,61.411931117019336,100.0,51.34720902198099,10.064722095038348,long_rains,523.427425427593,1.0,3.0,3,train,False
Kisii,2012-04-01,2012,4,1,1,Minimal,0.0,1.0,0.9995810852329324,-2.5017026221309404,0.4470387941139374,1.52224304252481,1.96013893018531,44.04377318319497,81.21742038974205,70.65121588232753,-26.607442699132562,long_rains,771.8724273402603,1.0,3.0,3,train,False
Kisumu,2012-04-01,2012,4,1,1,Minimal,0.0,1.0,0.7825715876310351,-2.1174632174745023,0.4703372456201201,1.487094757631881,1.9816941963672607,48.22014732517007,81.09466471810467,61.91787239037947,-13.697725065209404,long_rains,650.4965825795291,1.0,3.0,3,train,False
Kitui,2012-04-01,2012,4,2,2,Stressed,0.0432104638405938,1.9093893555349268,0.9999596930305692,-0.9774417477896205,-0.1502976306592408,0.0755412214378409,0.7234041644134336,47.54037618708977,67.91523874319921,72.04092049928262,-24.50054431219285,long_rains,350.0498777837523,2.0,3.0,3,train,False
Kwale,2012-04-01,2012,4,2,2,Stressed,0.0,1.9999325446876088,0.991234853269192,-0.91598105579378,-0.2075552732160958,0.1797255449421115,0.6377120083719926,35.41025506717291,57.919259408992886,81.02207912770557,-45.611824060532655,long_rains,461.4118591660762,2.0,3.0,3,train,False
Laikipia,2012-04-01,2012,4,2,2,Stressed,0.0,1.6552218836201664,0.9999716984817336,-1.1444588608317363,1.101540500412614,1.847911789729789,2.2496713444547014,61.49284177686042,96.72714479834532,100.0,-38.50715822313958,long_rains,378.6133408439104,2.0,3.0,3,train,False
Lamu,2012-04-01,2012,4,2,2,Stressed,0.0,2.0,0.9772658860263104,-0.7231874314099771,0.8921846546134354,1.3068790493628204,1.30099421183857,86.131977525403,85.27794360039648,90.1603827002586,-4.0284051748555925,long_rains,394.8891092289726,2.0,3.0,3,train,False
Machakos,2012-04-01,2012,4,2,2,Stressed,0.0,1.77294744808633,0.9999295423662196,-0.9160168894112026,0.0919292165556401,0.4295574434991331,1.3839555356008428,34.57664799754021,74.99706374314786,56.28549428781088,-21.708846290270664,long_rains,347.0698296320569,2.0,3.0,3,train,False
Makueni,2012-04-01,2012,4,2,2,Stressed,0.0,1.70486322554712,0.9998578021084928,-0.5493903953953927,-0.2423382767460343,-0.0386671707813598,0.9328042430772912,37.2066198283785,66.88648888665297,71.67126403393587,-34.46464420555737,long_rains,210.84898907247097,2.0,3.0,3,train,False
Mandera,2012-04-01,2012,4,2,2,Stressed,0.3116963439741509,2.311696343974151,0.9935412181196072,-1.014955429246791,2.854387536328223,2.499419294694961,2.574414140370516,71.67351736758737,92.05805040035898,89.7900239994092,-18.116506631821835,long_rains,147.72597818452132,3.0,3.0,3,train,False
Marsabit,2012-04-01,2012,4,2,2,Stressed,0.4623549319123792,2.4621338516438023,0.9301395523488092,-1.3057830412034377,2.4166094770358835,2.6111351062375974,3.5947578263655777,61.99847345378485,90.2522294910423,98.84431676013692,-36.84584330635207,long_rains,183.11284628508548,3.0,3.0,3,train,True
Meru,2012-04-01,2012,4,1,1,Minimal,0.0002508639458377,1.2274190226113042,0.9998828001518492,-1.170203126534333,0.7535301370270049,1.0245476460454732,1.4680061420652486,43.81998047215042,85.13648393126358,87.17156716068226,-43.35158668853184,long_rains,469.95952152110806,1.0,3.0,3,train,False
Migori,2012-04-01,2012,4,1,1,Minimal,0.0,1.0,0.8116729345870678,-2.2026443338259885,0.8162590030675343,1.7294172520211095,2.5383858202931004,31.428401232308232,83.20517416775606,40.51945540743172,-9.091054175123489,long_rains,460.4970135975702,1.0,3.0,3,train,False
Mombasa,2012-04-01,2012,4,1,1,Minimal,0.0,1.0071945914100102,0.945651646601156,-0.5962165311368224,-0.7206789379055721,0.1759430337329056,0.7832418242679129,59.24577777936774,60.58892042085695,75.45701191261305,-16.211234133245313,long_rains,339.4545465241538,1.0,3.0,3,train,False
Murang'a,2012-04-01,2012,4,1,1,Minimal,0.0,1.0019832357551028,0.9998296005546652,-1.0730666811405347,0.6030490442612755,1.2165205433730646,1.911849416851928,36.40849612334824,79.03823442274947,62.347363053775815,-25.938866930427572,long_rains,600.9606534616394,1.0,3.0,3,train,False
Nairobi,2012-04-01,2012,4,1,1,Minimal,0.0,1.005556741134495,0.9993502718416222,-0.9331705066360656,0.383438906622721,0.8478661501917877,1.909251124405484,43.96338300682142,76.40819852843394,41.04376776661006,2.919615240211357,long_rains,349.07589029272395,1.0,3.0,3,train,False
Nakuru,2012-04-01,2012,4,1,1,Minimal,0.0,1.0006763363886138,0.9758049541717768,-1.3026683883503922,0.4869540220222504,1.6643508174275443,2.480589966061128,47.74736913077696,86.28070973811104,100.0,-52.25263086922304,long_rains,337.82261196850334,1.0,3.0,3,train,False
Nandi,2012-04-01,2012,4,1,1,Minimal,0.0,1.0,0.9996627597035964,-2.1942767651795827,0.8333410611382582,2.2344385524994577,2.4094468276563963,43.54547612135952,84.03244117715694,91.1577871940953,-47.612311072735785,long_rains,636.3375639959971,1.0,3.0,3,train,False
Narok,2012-04-01,2012,4,2,2,Stressed,0.0,1.534070931837292,0.9926699026877256,-1.9959128554246417,0.4146828037361151,1.607806774260025,2.740634189140144,59.9369794009823,92.64418444448928,90.58317447221462,-30.64619507123232,long_rains,449.4351533314782,2.0,3.0,3,train,False
Nyamira,2012-04-01,2012,4,1,1,Minimal,0.0,1.0,0.9997642108519644,-2.479322072739232,0.3346946113255229,1.2915204507195377,1.8750129094498773,30.001615624569094,76.03763511528913,87.34154794648867,-57.33993232191958,long_rains,707.0676224501927,1.0,3.0,3,train,False
Nyandarua,2012-04-01,2012,4,1,1,Minimal,0.0,1.0012708819238296,0.999877973768995,-1.0427310052993144,0.697787174975272,2.0023515372953606,2.4385780486846667,49.65249126094613,97.69910233021336,72.45984825269527,-22.80735699174914,long_rains,478.59632261521887,1.0,3.0,3,train,False
Nyeri,2012-04-01,2012,4,1,1,Minimal,0.0,1.3902200484797762,0.9998586120217212,-0.9981905165429034,0.7312395842393967,1.4501239550605494,2.0688346801885693,41.90155882585849,100.0,89.80446707660734,-47.90290825074885,long_rains,596.5685209899478,1.0,3.0,3,train,False
Samburu,2012-04-01,2012,4,2,2,Stressed,0.0005788630216545,1.9994415163908508,0.9999550430183348,-1.139300369699087,1.6139582348195525,2.0190585912461145,2.848988552540944,55.35567233619362,85.04711636666238,100.0,-44.64432766380638,long_rains,233.37064745956647,2.0,3.0,3,train,True
Siaya,2012-04-01,2012,4,1,1,Minimal,0.0,1.0,0.7119007907118109,-2.2093541174677065,0.6203710346202538,1.4607456861639263,2.062578265846218,33.058753770106655,70.52089042469919,44.19056205979058,-11.131808289683924,long_rains,703.9110029852106,1.0,3.0,3,train,False
Taita Taveta,2012-04-01,2012,4,2,2,Stressed,0.0,2.0,0.996630559288052,-1.1408939046683724,-0.008943026900515,0.3128174121860781,1.451993853613333,24.44327272823292,49.606984557397695,48.62212303531198,-24.17885030707906,long_rains,337.281834884778,2.0,3.0,3,train,False
Tana River,2012-04-01,2012,4,2,2,Stressed,0.1546659179472271,2.154313114309772,0.999884705824179,-0.9584929258201204,-0.2161926036597385,0.2002479721311365,0.8384188610739061,39.75744139922719,58.8907445203229,84.21446801454829,-44.4570266153211,long_rains,208.9215702880231,2.0,3.0,3,train,False
Tharaka-Nithi,2012-04-01,2012,4,1,1,Minimal,0.00548817035534,1.3343911611951458,0.999905575580255,-1.130130810369364,0.7262531496937662,0.9876632030670454,1.4155428383932784,45.08583827894128,63.669093639752354,71.08892042817985,-26.003082149238566,long_rains,386.5660928989662,1.0,3.0,3,train,False
Trans Nzoia,2012-04-01,2012,4,1,1,Minimal,0.0,1.000079835388598,0.9976864050043228,-1.7769126851504922,1.836059821622194,2.4422718578338785,2.412027786913926,43.18767910052804,78.57275693430029,100.0,-56.81232089947196,long_rains,575.422482832226,1.0,3.0,3,train,False
Turkana,2012-04-01,2012,4,2,2,Stressed,0.2698227882151272,2.166146798387112,0.96060555102368,-1.3812034697368312,2.492795971007158,2.5979006021271718,3.6297989580213295,59.81492821325767,80.22536106573963,95.9078088969519,-36.09288068369423,long_rains,134.93439886021372,2.0,3.0,3,train,True
Uasin Gishu,2012-04-01,2012,4,1,1,Minimal,0.0,1.0,0.9997765773368542,-1.9225820352807237,1.4851632113999378,2.355137506073657,2.708200623768992,54.72736633934917,84.63717140586884,90.14694777210646,-35.41958143275729,long_rains,466.5756532543863,1.0,3.0,3,train,False
Vihiga,2012-04-01,2012,4,1,1,Minimal,0.0,1.0,0.9994221612948908,-2.292175753340325,0.5547348168806591,1.836668761485056,1.8858057921382696,30.9673912835824,74.89023479132202,62.215113261299166,-31.247721977716765,long_rains,638.2354464495623,1.0,3.0,3,train,False
Wajir,2012-04-01,2012,4,2,2,Stressed,0.4313521573994229,2.431352157399423,0.9996829050290932,-0.9869459103318284,1.3749337124787189,1.6260913177782694,1.9310903628843905,63.04455141518639,89.18009800712723,100.0,-36.95544858481361,long_rains,220.92597534518788,3.0,3.0,3,train,True
West Pokot,2012-04-01,2012,4,2,2,Stressed,2.610050977131247e-05,1.9159509900442069,0.9926204344836512,-1.517439961613463,2.3253666708355363,2.672879504947112,3.1342299267416003,67.14080967256128,90.36721633779166,100.0,-32.859190327438725,long_rains,366.78840132412165,2.0,3.0,3,train,False
Baringo,2012-07-01,2012,7,2,2,Stressed,0.0,1.897477892711657,0.9998910957604972,1.5597488186856892,0.5913744274438103,1.2672037074086937,-0.3153044916584057,61.07859674551148,13.975057361893573,29.235515484327543,31.84308126118394,dry_jjas,407.6410955536569,2.0,3.0,3,train,True
Bomet,2012-07-01,2012,7,1,1,Minimal,0.0,1.0000570618995908,0.9997382065021057,2.475573663567121,0.6068776672778209,0.5102924861416694,-0.6040815645465388,13.385975679318255,35.136141345583496,26.0259445469956,-12.639968867677345,dry_jjas,705.0356352221398,1.0,3.0,3,train,False
Bungoma,2012-07-01,2012,7,1,1,Minimal,0.0,1.0,0.9968273735961642,1.7247120631938198,-0.3325979928719395,0.3555110687578508,-0.9547354756074368,19.673160736383355,0.0,16.860049534235287,2.813111202148068,dry_jjas,684.143518918554,1.0,3.0,3,train,False
Busia,2012-07-01,2012,7,1,1,Minimal,0.0,1.0,0.9128634605516268,0.7466913047969871,-1.044673097197151,-0.2617030334357007,-1.1944841019268584,23.88653699823994,0.214445782283186,6.221568204315771,17.664968793924167,dry_jjas,504.89251568895395,1.0,3.0,3,train,False
Elgeyo-Marakwet,2012-07-01,2012,7,1,1,Minimal,0.0,1.0013362368052523,0.9998638419885122,1.5918718202511972,0.5347327675309467,1.705671431240244,-0.4321118832496732,47.3651084353231,4.957440043138627,14.166345625457064,33.19876280986604,dry_jjas,424.00498148048365,1.0,3.0,3,train,False
Embu,2012-07-01,2012,7,1,1,Minimal,0.0,1.0113976217458436,0.9998694903395686,1.0376444778894622,0.2211043607142377,0.4811634552993147,-0.4802104139993622,61.62658632666329,0.0,6.240455415100359,55.38613091156294,dry_jjas,401.4457023614595,1.0,3.0,3,train,False
Garissa,2012-07-01,2012,7,2,2,Stressed,0.0,2.0,0.9995223749025812,-1.9485183917457527,-1.8955700910641715,-0.109150617778912,-0.0566476569914649,13.507665071380323,30.989332818738344,50.9720984267132,-37.46443335533288,dry_jjas,210.6771075185111,2.0,3.0,3,train,False
Homa Bay,2012-07-01,2012,7,1,1,Minimal,0.0,1.0,0.66830422924983,1.935157594944095,0.399840425899794,0.7742094612203778,-0.8524594576731899,49.28194549558208,8.510670690756713,4.261106650766573,45.02083884481551,dry_jjas,658.3122810444571,1.0,3.0,3,train,False
Isiolo,2012-07-01,2012,7,2,2,Stressed,0.0,1.9999142570233488,0.9999880270414891,0.3514192373042874,-0.1608515345140762,0.305900335789994,-0.3001453392308734,20.214165590669488,25.96146717064484,52.647382821891405,-32.43321723122192,dry_jjas,121.15801476654195,2.0,3.0,3,train,False
Kajiado,2012-07-01,2012,7,2,2,Stressed,0.0,1.8295659211065247,0.9867003715847946,2.01149734663958,0.7887246093202611,0.4204902325596071,-0.7132671818334424,57.42224599467238,13.87654868564178,9.950844128547567,47.471401866124815,dry_jjas,244.0590119973267,2.0,3.0,3,train,False
Kakamega,2012-07-01,2012,7,1,1,Minimal,0.0,1.0,0.9996644082966218,1.685613090189085,-0.3021109130901333,0.2647800939705733,-1.288311904445839,13.265097885056033,7.517744669369332,0.0,13.265097885056033,dry_jjas,521.962946970816,1.0,3.0,3,train,False
Kericho,2012-07-01,2012,7,1,1,Minimal,0.0,1.0,0.9997003606571906,2.2361398570279736,0.5983438337596284,0.6065709491328332,-1.001756497661887,32.0828560101422,0.0,10.380864331044345,21.70199167909786,dry_jjas,577.6437811642602,1.0,3.0,3,train,False
Kiambu,2012-07-01,2012,7,1,1,Minimal,0.0,1.001127542613087,0.999698893136979,2.063748579764176,0.9443704368399368,1.0239899413246152,-0.4749814781947577,22.68995211081358,0.0,31.545534876434925,-8.855582765621346,dry_jjas,365.1581675938478,1.0,3.0,3,train,False
Kilifi,2012-07-01,2012,7,2,2,Stressed,0.0,1.893822507368624,0.9941724646117835,-1.5723943025436993,-2.169621800310129,-0.991558846292831,-0.7860086107445966,6.971384470500186,7.23499252733123,28.781335490239844,-21.809951019739657,dry_jjas,485.9236308469297,2.0,3.0,3,train,False
Kirinyaga,2012-07-01,2012,7,1,1,Minimal,0.0,1.000036250746341,0.9997566177338546,1.29105545347229,0.4780427704668986,0.6320236401619548,-0.8109065398213264,22.586553654138623,0.6189909911826753,20.47280180778602,2.113751846352603,dry_jjas,523.427425427593,1.0,3.0,3,train,False
Kisii,2012-07-01,2012,7,1,1,Minimal,0.0,1.0,0.9995810852329328,2.954595727311745,1.0471793389287978,0.9679920611764292,-0.7079784683344181,11.781858197995591,36.06911738063588,9.567340719097825,2.2145174788977666,dry_jjas,771.8724273402603,1.0,3.0,3,train,False
Kisumu,2012-07-01,2012,7,1,1,Minimal,0.0,1.0,0.7825715876310352,1.937296310580979,0.1857315624230581,0.422390417653238,-1.1051480241895943,15.27140836769889,6.963931012589527,1.0876019477350276,14.183806419963862,dry_jjas,650.4965825795291,1.0,3.0,3,train,False
Kitui,2012-07-01,2012,7,2,2,Stressed,0.0,1.866179093707697,0.9999612025497214,0.4173871066204614,-0.1815394862939134,-0.260372750068366,-0.7844726213708424,36.93944930505187,5.524822156979873,20.879312603188197,16.060136701863676,dry_jjas,350.0498777837523,2.0,3.0,3,train,False
Kwale,2012-07-01,2012,7,2,2,Stressed,0.0,1.9999325446876088,0.991234853269192,-0.7380600460714186,-1.443824199869602,-1.1727578438338786,-0.3983212332036095,34.96718837347902,22.322196246343264,23.27718982004145,11.689998553437569,dry_jjas,461.4118591660762,2.0,3.0,3,train,False
Laikipia,2012-07-01,2012,7,2,2,Stressed,0.0,1.6552218836201664,0.9999716984817336,1.1321466332522163,0.1538861141270754,0.787803709155634,-0.3977470493337864,57.77343321367368,17.927544245812477,32.60435790608608,25.169075307587597,dry_jjas,378.6133408439104,2.0,3.0,3,train,False
Lamu,2012-07-01,2012,7,2,2,Stressed,0.0,2.0,0.9772658860263104,-2.7655388912109955,-2.726917952841908,-0.4074274346827253,0.9622929621316284,13.703963258860211,41.67296442794254,64.770941965528,-51.06697870666778,dry_jjas,394.8891092289726,2.0,3.0,3,train,False
Machakos,2012-07-01,2012,7,2,2,Stressed,0.0,1.772727281803702,0.999933451568632,1.736050337520442,0.7336417544651073,0.4640723218513603,-0.979310530218948,56.99636114526137,0.0,10.729427208396874,46.26693393686449,dry_jjas,347.0698296320569,2.0,3.0,3,train,False
Makueni,2012-07-01,2012,7,2,2,Stressed,0.0,1.70486322554712,0.9998578021084928,1.5694423923003682,0.7649241679554736,0.1409175846309864,-1.0499399042311288,65.64535952365776,4.714483050013635,16.737248775923604,48.908110747734156,dry_jjas,210.84898907247097,2.0,3.0,3,train,False
Mandera,2012-07-01,2012,7,2,2,Stressed,0.1935209389388517,2.193520938938852,0.9935398969956112,-0.1859547492849106,-0.5198380589986159,1.8234638206432117,1.246848416733493,45.883370052068834,38.21077413268864,65.82860951284928,-19.94523946078045,dry_jjas,147.72597818452132,2.0,3.0,3,train,False
Marsabit,2012-07-01,2012,7,2,2,Stressed,0.0401080086708275,2.0398869269645004,0.9301335034165956,0.7942475336663422,0.1255934033552327,1.815690578924443,-0.5575458212247123,31.388934361995435,14.683792946055837,35.99463677851445,-4.605702416519012,dry_jjas,183.11284628508548,2.0,3.0,3,train,True
Meru,2012-07-01,2012,7,1,1,Minimal,0.0,1.2271677994659254,0.9998823354229692,0.7765866307551136,0.0186323650148484,0.5490673133743249,-0.3021601530349454,30.936408968713994,0.0,17.872025358847793,13.064383609866201,dry_jjas,469.95952152110806,1.0,3.0,3,train,False
Migori,2012-07-01,2012,7,1,1,Minimal,0.0,1.0,0.8116729345870676,1.6227257126294925,0.2301753761528547,0.7126558460102169,-0.5726575184812366,55.48871846488448,30.625715497263872,3.732407916765244,51.75631054811923,dry_jjas,460.4970135975702,1.0,3.0,3,train,False
Mombasa,2012-07-01,2012,7,1,1,Minimal,0.0,1.0071945914100102,0.945651646601156,-1.4672464131193883,-2.1335985861034965,-2.0545933364493343,-0.7973532547267924,10.53119797456506,0.0,36.1249919727525,-25.593793998187437,dry_jjas,339.4545465241538,1.0,3.0,3,train,False
Murang'a,2012-07-01,2012,7,1,1,Minimal,0.0,1.0013259757425912,0.9998268684991276,1.5722840183639848,0.6011499088397365,0.832905412289797,-0.6530352189090146,43.866285126660905,0.0,19.003823815178183,24.862461311482722,dry_jjas,600.9606534616394,1.0,3.0,3,train,False
Nairobi,2012-07-01,2012,7,1,1,Minimal,0.0,1.004656105633054,0.999349844685299,2.028469600374431,0.9982243763172328,0.9003463685837673,-0.5219863638296603,60.8824083906614,0.0,19.917970798634546,40.964437592026854,dry_jjas,349.07589029272395,1.0,3.0,3,train,False
Nakuru,2012-07-01,2012,7,1,1,Minimal,0.0,1.0006763363886138,0.9758049541717768,2.035422837927296,0.9019399870049162,0.8735469398542871,-0.2649880746982269,53.1103022440009,13.134510780287131,22.359720301400376,30.750581942600522,dry_jjas,337.82261196850334,1.0,3.0,3,train,False
Nandi,2012-07-01,2012,7,1,1,Minimal,0.0,1.0,0.9996627597035966,1.9680376030604516,0.1622232956115357,0.6787395360636025,-1.3145944358005863,45.10063824789505,3.92242387312937,0.0,45.10063824789505,dry_jjas,636.3375639959971,1.0,3.0,3,train,False
Narok,2012-07-01,2012,7,2,2,Stressed,0.0,1.534070931837292,0.9926699026877256,2.7468699809463177,1.271166787180909,1.0952944158002578,-0.4229891286643765,57.07037831728676,38.70422051455466,23.691523318529416,33.37885499875735,dry_jjas,449.4351533314782,2.0,3.0,3,train,False
Nyamira,2012-07-01,2012,7,1,1,Minimal,0.0,1.0,0.9997642108519644,2.7638530563943418,0.7944891037695831,0.7125403191183537,-0.9545967924560382,0.0,26.228288637937244,0.0,0.0,dry_jjas,707.0676224501927,1.0,3.0,3,train,False
Nyandarua,2012-07-01,2012,7,1,1,Minimal,0.0,1.0012708819238296,0.999877973768995,2.014135007555219,0.9294530926113131,1.0622604064370311,-0.2925578010780897,32.777541218789935,3.241027037779222,20.54119396959772,12.236347249192214,dry_jjas,478.59632261521887,1.0,3.0,3,train,False
Nyeri,2012-07-01,2012,7,1,1,Minimal,0.0,1.3902200484797762,0.9998586120217212,1.362611561475468,0.3302619941353079,0.6783447506065929,-0.7196403608313422,18.971766581637,0.0,7.385649039003654,11.586117542633344,dry_jjas,596.5685209899478,1.0,3.0,3,train,False
Samburu,2012-07-01,2012,7,2,2,Stressed,0.0,1.9988626385976,0.9999420560007148,1.1726034062665152,0.274656802025046,1.1832398235702204,-0.3595270625974074,54.903196863034886,18.19052372502736,30.900369267626303,24.002827595408583,dry_jjas,233.37064745956647,2.0,3.0,3,train,True
Siaya,2012-07-01,2012,7,1,1,Minimal,0.0,1.0,0.7119007907118109,0.9895870990152782,-0.4512480365408772,0.2065039493144941,-1.150444482856349,57.99840791541627,30.97901720768629,9.237630056496728,48.760777858919546,dry_jjas,703.9110029852106,1.0,3.0,3,train,False
Taita Taveta,2012-07-01,2012,7,2,2,Stressed,0.0,2.0,0.996630559288052,0.3267233984817141,-0.7251163247282868,-0.4870959969755043,-0.8962764416075119,18.1194490001428,13.73264866913988,12.354019008071475,5.765429992071326,dry_jjas,337.281834884778,2.0,3.0,3,train,False
Tana River,2012-07-01,2012,7,2,2,Stressed,0.0,1.999647197234086,0.9998871758740914,-1.5671394109105636,-1.5792289573620657,-0.8912804876454399,-0.6311369075732864,15.183171891747998,11.58137543612359,26.51062934262375,-11.327457450875754,dry_jjas,208.9215702880231,2.0,3.0,3,train,False
Tharaka-Nithi,2012-07-01,2012,7,1,1,Minimal,0.0,1.328893947269865,0.9998921012329892,0.5497852604935336,-0.1568055655355727,0.4475282763874365,-0.2442894009091639,42.03527276047512,0.0,19.689243861107556,22.34602889936756,dry_jjas,386.5660928989662,1.0,3.0,3,train,False
Trans Nzoia,2012-07-01,2012,7,1,1,Minimal,0.0,1.000079835388598,0.9976864050043228,2.174332185025962,0.5099016518865426,1.5462052341728525,-0.8122318187137356,41.12668649336995,8.560614599943642,12.848268293660528,28.278418199709424,dry_jjas,575.422482832226,1.0,3.0,3,train,False
Turkana,2012-07-01,2012,7,2,2,Stressed,0.1084774534985645,2.004800726384319,0.960598719777502,1.6694849841927042,0.4928575310082367,2.113157766867502,-0.0793194701136249,47.88757269958993,12.676228411318556,20.88777421484773,26.9997984847422,dry_jjas,134.93439886021372,2.0,3.0,3,train,True
Uasin Gishu,2012-07-01,2012,7,1,1,Minimal,0.0,1.0,0.9997765773368544,1.8476933111497915,0.6145233730983476,1.4070272230593366,-0.8549294235461474,47.56063401966019,17.584264236888952,21.59923047579781,25.96140354386238,dry_jjas,466.5756532543863,1.0,3.0,3,train,False
Vihiga,2012-07-01,2012,7,1,1,Minimal,0.0,1.0,0.9994221612948906,1.221598513338252,-0.4288587029076721,0.1146452689001491,-1.1461167270116022,40.9729974469578,7.25208123854038,0.0,40.9729974469578,dry_jjas,638.2354464495623,1.0,3.0,3,train,False
Wajir,2012-07-01,2012,7,2,2,Stressed,0.0026784977467696,2.002678497746769,0.9996810210934666,-0.3440661816428665,-0.6111046236316766,0.655938111106899,-0.3345367176568439,29.931325468529376,43.90431550755297,70.19371050931517,-40.26238504078579,dry_jjas,220.92597534518788,2.0,3.0,3,train,True
West Pokot,2012-07-01,2012,7,2,2,Stressed,0.0,1.9159246822576947,0.9926179873073148,1.7737225519612243,0.5441945561692524,1.86286456806892,-0.705004438763976,45.49975919651253,5.886360485194965,26.126764232025234,19.372994964487294,dry_jjas,366.78840132412165,2.0,3.0,3,train,False
Baringo,2012-10-01,2012,10,2,2,Stressed,0.0,1.897477892711657,0.9998910957604972,1.4495634098702832,2.752969807469152,1.961295444701512,1.9838024481219088,83.53418716869442,74.51498423466464,100.0,-16.465812831305584,short_rains,407.6410955536569,2.0,3.0,3,train,True
Bomet,2012-10-01,2012,10,1,1,Minimal,0.0,1.0000570618995908,0.9997382065021057,1.143931039913357,1.501031209362906,1.1609975513154915,0.9942639200450232,52.399667827976735,56.05840982867483,94.19585939305809,-41.79619156508135,short_rains,705.0356352221398,1.0,3.0,3,train,False
Bungoma,2012-10-01,2012,10,1,1,Minimal,0.0,1.0,0.9968273735961642,0.3650073249978486,1.636433794236357,0.922454314542481,1.057547001423682,22.452043120481047,77.07142776125764,34.28574919274908,-11.833706072268033,short_rains,684.143518918554,1.0,3.0,3,train,False
Busia,2012-10-01,2012,10,1,1,Minimal,0.0,1.0,0.9128634605516268,0.5821037916418841,1.2764987529489469,0.0052075638157296,-0.2736023361392481,85.91948684145399,50.81544010002225,39.84995967881537,46.06952716263862,short_rains,504.89251568895395,1.0,3.0,3,train,False
Elgeyo-Marakwet,2012-10-01,2012,10,1,1,Minimal,0.0,1.0013362368052523,0.9998638419885122,1.0572850727969194,2.623739566578489,1.8548963958570384,1.9522295927911717,24.585854014845925,79.71808318279656,91.54009766794904,-66.95424365310312,short_rains,424.00498148048365,1.0,3.0,3,train,False
Embu,2012-10-01,2012,10,1,1,Minimal,0.0,1.0113976217458436,0.9998694903395686,0.1273024845175956,0.631318990136047,0.403577892717774,0.4507010570045939,43.32545348996677,45.173493965098736,75.74496111915484,-32.41950762918807,short_rains,401.4457023614595,1.0,3.0,3,train,False
Garissa,2012-10-01,2012,10,3,3,Crisis or worse,0.6977866229439008,2.6977866229439007,0.9995601445935454,-1.3638126690310275,-1.6623161475010533,-2.401139225160983,-2.0854950503352447,19.618783202899916,9.15908056729508,0.463303015156432,19.155480187743485,short_rains,210.6771075185111,2.0,3.0,3,train,False
Homa Bay,2012-10-01,2012,10,1,1,Minimal,0.0,1.0,0.66830422924983,0.858788577511017,1.8334292320341217,1.4948725923105752,0.8356111704392092,71.24710245611222,70.69099703130803,59.489465146734304,11.757637309377913,short_rains,658.3122810444571,1.0,3.0,3,train,False
Isiolo,2012-10-01,2012,10,2,2,Stressed,0.0089108400484925,2.008825097695152,0.999995296531766,0.2408300878718746,0.0977141493616011,-0.1672206002974321,-0.1371961727221328,27.156337130397088,22.01775739343716,19.465594360086005,7.690742770311083,short_rains,121.15801476654195,2.0,3.0,3,train,False
Kajiado,2012-10-01,2012,10,2,2,Stressed,0.0,1.8295659211065247,0.9867003715847946,-0.6567810775403417,0.7810135042787807,0.9037854416334776,1.092928773535195,77.24820756545468,66.04473630955682,88.76963003463548,-11.521422469180806,short_rains,244.0590119973267,2.0,3.0,3,train,False
Kakamega,2012-10-01,2012,10,1,1,Minimal,0.0,1.0,0.9996644082966218,0.1945039390524748,1.6468857340097514,0.9469861775354342,0.6669708525106661,54.88613037532892,63.65453832649403,28.021567027429764,26.864563347899153,short_rains,521.962946970816,1.0,3.0,3,train,False
Kericho,2012-10-01,2012,10,1,1,Minimal,0.0,1.0,0.9997003606571906,1.1276439724438938,1.872355183437759,1.4939099377138398,1.2493001029966204,55.986985765633385,73.19156137888356,85.08211218152758,-29.095126415894192,short_rains,577.6437811642602,1.0,3.0,3,train,False
Kiambu,2012-10-01,2012,10,1,1,Minimal,0.0,1.001127542613087,0.999698893136979,0.8445994056870241,1.5284300848761805,1.394961177622262,1.4826972908949614,65.33297504195932,39.49588109433762,78.20150105134971,-12.868526009390393,short_rains,365.1581675938478,1.0,3.0,3,train,False
Kilifi,2012-10-01,2012,10,2,2,Stressed,0.4070315674764941,2.3008549685212816,0.9941808317144266,-1.4497189823295962,-1.0054098057343357,-2.236690606329581,-1.376798234783079,7.920973663664472,10.92485415131628,7.115021237445184,0.8059524262192879,short_rains,485.9236308469297,2.0,3.0,3,train,False
Kirinyaga,2012-10-01,2012,10,1,1,Minimal,0.0,1.000036250746341,0.9997566177338548,0.581150551673913,1.0521223844091412,0.8459774759262141,0.9141783146596556,34.35889860252631,50.404046244175504,49.36150981002806,-15.00261120750175,short_rains,523.427425427593,1.0,3.0,3,train,False
Kisii,2012-10-01,2012,10,1,1,Minimal,0.0,1.0,0.9995810852329328,0.8853381300067749,2.03105269205146,1.9782061838114051,1.3359711882647576,88.87013948584543,59.8439703976212,77.54599920910225,11.32414027674318,short_rains,771.8724273402603,1.0,3.0,3,train,False
Kisumu,2012-10-01,2012,10,1,1,Minimal,0.0,1.0,0.7825715876310352,0.6472295935368495,1.1568163458738736,0.8539244673720245,0.3772972289211062,72.64326378438633,56.87670337197184,36.03530277294829,36.60796101143804,short_rains,650.4965825795291,1.0,3.0,3,train,False
Kitui,2012-10-01,2012,10,3,3,Crisis or worse,0.7738442723348683,2.6395784189500984,0.9999695569562242,-0.7349770923640869,-0.2822442032312789,-0.23971581235614,-0.225808790475136,30.39129448825001,25.39727791137354,39.548027006265634,-9.156732518015623,short_rains,350.0498777837523,2.0,3.0,3,train,False
Kwale,2012-10-01,2012,10,2,2,Stressed,0.3178554959530725,2.317788041600838,0.9912489626770908,-1.030078436920384,-0.99337180560011,-1.9757463948266016,-1.4537600887365143,0.0,14.661503336888858,35.97812735251453,-35.97812735251453,short_rains,461.4118591660762,2.0,3.0,3,train,False
Laikipia,2012-10-01,2012,10,2,2,Stressed,0.0,1.6552218836201664,0.9999716984817336,1.4573289760214192,1.9152908059611176,1.0524846727530783,0.949548992853304,96.2583620815562,80.42031118769684,98.24503780471936,-1.9866757231631595,short_rains,378.6133408439104,2.0,3.0,3,train,False
Lamu,2012-10-01,2012,10,2,2,Stressed,0.0191934907568323,2.018472913461009,0.9772940962519598,-1.4790466883704063,-1.2603971973795036,-2.0733097721223666,-1.4641212129147134,35.15277054662504,29.336468362243952,28.71658291326871,6.436187633356333,short_rains,394.8891092289726,2.0,3.0,3,train,False
Machakos,2012-10-01,2012,10,2,2,Stressed,0.0,1.772727281803702,0.999933451568632,-0.2563889522625924,0.5369910745046359,0.7480383245214977,0.8522503383953646,67.76889159455057,58.79087741740547,79.5783719314206,-11.809480336870038,short_rains,347.0698296320569,2.0,3.0,3,train,False
Makueni,2012-10-01,2012,10,2,2,Stressed,0.215467683298101,1.920336584560512,0.9998770305403332,-1.3932745146728476,0.3039665376458221,0.727548456799733,0.827269068476466,50.38592866472745,45.48495434173005,61.08155901776511,-10.695630353037657,short_rains,210.84898907247097,2.0,3.0,3,train,False
Mandera,2012-10-01,2012,10,2,2,Stressed,0.0991663936739103,2.0991663936739107,0.9935354757031154,-0.5879269247591239,-0.2844759883791186,-0.7472244277472246,-0.7460715092282284,28.27194614211761,62.773240255673066,48.65902155236704,-20.387075410249427,short_rains,147.72597818452132,2.0,3.0,3,train,False
Marsabit,2012-10-01,2012,10,2,2,Stressed,0.0,1.9997789189795596,0.9301363890826012,0.5199269668644295,0.8377191495796428,0.3003034594301496,0.4310950427136227,31.459780584330574,26.164835710850657,36.69689224336848,-5.237111659037907,short_rains,183.11284628508548,2.0,3.0,3,train,True
Meru,2012-10-01,2012,10,1,1,Minimal,0.1304449849668183,1.3576151700141763,0.999885421873166,0.2673517855769396,0.8269682459624529,0.2632454196318149,0.2936415303581698,12.049865261898768,43.7593647741926,34.22574761366884,-22.17588235177007,short_rains,469.95952152110806,1.0,3.0,3,train,False
Migori,2012-10-01,2012,10,1,1,Minimal,0.0,1.0,0.8116729345870676,0.396529872254703,1.8091542622505423,1.100419504404771,0.6150201925188326,73.9417267238691,69.65011854897622,36.455408586504944,37.48631813736415,short_rains,460.4970135975702,1.0,3.0,3,train,False
Mombasa,2012-10-01,2012,10,1,1,Minimal,0.0,1.0071945914100102,0.945651646601156,-1.0818374061843168,-0.9466900239407132,-2.017278029034124,-1.3945649700191467,2.6123001224843256,1.285745892250564,8.159126795849911,-5.546826673365585,short_rains,339.4545465241538,1.0,3.0,3,train,False
Murang'a,2012-10-01,2012,10,1,1,Minimal,0.0,1.0013259757425912,0.9998268684991276,0.6720530277662009,1.5675239455857433,1.177467031072045,1.2709263243628133,36.3093668946281,66.53710779584853,71.78889449566982,-35.479527601041724,short_rains,600.9606534616394,1.0,3.0,3,train,False
Nairobi,2012-10-01,2012,10,1,1,Minimal,0.0,1.004656105633054,0.999349844685299,0.658546979076958,1.2567423953596446,1.3049096324793803,1.4052235932870558,74.64322830539486,42.4810918182958,86.21145347596826,-11.568225170573399,short_rains,349.07589029272395,1.0,3.0,3,train,False
Nakuru,2012-10-01,2012,10,1,1,Minimal,0.0,1.0006763363886138,0.9758049541717768,1.357103456133706,2.029504531089476,1.6269891476634175,1.6236846621173946,88.33074501657954,70.30101002817503,95.035424245112,-6.704679228532456,short_rains,337.82261196850334,1.0,3.0,3,train,False
Nandi,2012-10-01,2012,10,1,1,Minimal,0.0,1.0,0.9996627597035966,-0.1709739611905101,1.2547080119707106,0.952969745690774,0.8443378603329129,41.590038378023536,75.92914991718773,82.21001237542848,-40.61997399740494,short_rains,636.3375639959971,1.0,3.0,3,train,False
Narok,2012-10-01,2012,10,2,2,Stressed,0.0,1.534070931837292,0.9926699026877256,0.5770280590465391,1.1516181296381531,1.5610757411549363,1.7753711993958363,78.7786977403559,62.9158360388537,97.02209630136028,-18.243398561004383,short_rains,449.4351533314782,2.0,3.0,3,train,False
Nyamira,2012-10-01,2012,10,1,1,Minimal,0.0,1.0,0.9997642108519644,1.0143673701005171,1.842223418820918,1.6462389293742188,1.0971253076893674,90.07204067374713,42.95095914400478,95.92933553949064,-5.857294865743512,short_rains,707.0676224501927,1.0,3.0,3,train,False
Nyandarua,2012-10-01,2012,10,1,1,Minimal,0.0,1.0012708819238296,0.999877973768995,1.8271534568718029,2.2642801039427103,1.8241970733533943,1.69936591529579,64.15876830109849,70.3226205771201,89.3694719044224,-25.210703603323907,short_rains,478.59632261521887,1.0,3.0,3,train,False
Nyeri,2012-10-01,2012,10,1,1,Minimal,0.0,1.3902200484797762,0.9998586120217212,1.2554809674837295,1.8016461043277516,1.2398193778997548,1.2874313336989798,50.80100095031517,70.01996963972746,66.4418016021913,-15.640800651876134,short_rains,596.5685209899478,1.0,3.0,3,train,False
Samburu,2012-10-01,2012,10,2,2,Stressed,0.0,1.9988626533690264,0.9999550428691704,1.0404140356730065,1.7790207860725549,0.6889505400082734,0.7210609774680995,79.33547827520312,57.61471948546954,87.73474491307182,-8.399266637868706,short_rains,233.37064745956647,2.0,3.0,3,train,True
Siaya,2012-10-01,2012,10,1,1,Minimal,0.0,1.0,0.7119007907118109,0.620122079443148,1.3857980529550995,0.6050796895433511,0.0986015152066631,75.34471633048778,71.34616762246537,71.32360720145714,4.021109129030648,short_rains,703.9110029852106,1.0,3.0,3,train,False
Taita Taveta,2012-10-01,2012,10,2,2,Stressed,0.1776360044794052,2.1776360044794054,0.9966516797620268,-1.681117734629422,-1.914062656211606,-1.138475328814824,-0.940160666674264,19.54722377534293,15.86647088946246,30.64383197382532,-11.096608198482393,short_rains,337.281834884778,2.0,3.0,3,train,False
Tana River,2012-10-01,2012,10,3,3,Crisis or worse,0.5573075975592275,2.257735435525899,0.9998937036395128,-1.543502097443334,-1.94364988858901,-1.9367132738515296,-1.770560002104767,22.57641354694104,7.909162830834027,0.1554902880607024,22.42092325888034,short_rains,208.9215702880231,2.0,3.0,3,train,False
Tharaka-Nithi,2012-10-01,2012,10,1,1,Minimal,0.00548817035534,1.3343911611951458,0.999905575580255,0.0998200009689043,0.3753855615691989,-0.022899330961231,-0.0021630444286102,17.245110537760162,24.813548322149035,47.755468902682495,-30.510358364922332,short_rains,386.5660928989662,1.0,3.0,3,train,False
Trans Nzoia,2012-10-01,2012,10,1,1,Minimal,0.0,1.000079835388598,0.9976864050043228,0.7862800929235982,2.3552411914811886,2.0120399118982237,2.1514359825563587,16.359029643916877,51.80508151809276,53.42659919245108,-37.0675695485342,short_rains,575.422482832226,1.0,3.0,3,train,False
Turkana,2012-10-01,2012,10,2,2,Stressed,0.0,1.8963235926233524,0.9606016822598592,1.8413714346769796,1.9394653537409965,1.4775917356291337,1.4236542733045094,80.24583520377166,65.54164687680618,100.0,-19.754164796228338,short_rains,134.93439886021372,2.0,3.0,3,train,True
Uasin Gishu,2012-10-01,2012,10,1,1,Minimal,0.0,1.0,0.9997765773368544,0.7158521772743492,2.4494229999847086,1.9191777193008204,1.7954156698640498,64.91569705484395,68.98566546939314,70.13191396830493,-5.216216913460983,short_rains,466.5756532543863,1.0,3.0,3,train,False
Vihiga,2012-10-01,2012,10,1,1,Minimal,0.0,1.0,0.9994221612948906,-0.0481734103238637,1.130761252307393,0.4422268826730349,0.1013142373841389,65.2909549941052,86.24571574418435,50.01633679541433,15.274618198690874,short_rains,638.2354464495623,1.0,3.0,3,train,False
Wajir,2012-10-01,2012,10,2,2,Stressed,0.4512968020030996,2.4512968020031,0.9996895182570492,-0.587315449102347,0.2648049078306975,-0.552532631194516,-0.520944012132585,38.95862890135205,34.643237798193574,23.900261572272992,15.058367329079058,short_rains,220.92597534518788,2.0,3.0,3,train,True
West Pokot,2012-10-01,2012,10,2,2,Stressed,0.0,1.9159246822576947,0.9926179873073148,1.5517571636801817,2.413026081072534,1.875266469291777,2.068091919024171,89.77928541666516,78.86826498912234,100.0,-10.22071458333484,short_rains,366.78840132412165,2.0,3.0,3,train,False
Baringo,2013-01-01,2013,1,2,2,Stressed,0.0,1.897477892711657,0.9998910957604972,1.793292469701313,1.5808844879746178,2.690409092801623,0.9678431145535552,82.88948443484843,86.62473557295458,100.0,-17.110515565151573,dry_jf,407.6410955536569,2.0,3.0,3,train,True
Bomet,2013-01-01,2013,1,1,1,Minimal,0.0,1.0000570618995908,0.9997382065021052,1.5624268968216617,2.3331171403288,2.68712369084991,1.914590522345841,48.836940538021,94.71726955112186,82.5402568126722,-33.7033162746512,dry_jf,705.0356352221398,1.0,3.0,3,train,False
Bungoma,2013-01-01,2013,1,1,1,Minimal,0.0,1.0,0.9968273735961642,1.4829209246162325,2.5736507839354084,2.672193166358058,1.063852200697437,44.10690934803763,64.24448080484343,95.13105416046594,-51.024144812428304,dry_jf,684.143518918554,1.0,3.0,3,train,False
Busia,2013-01-01,2013,1,1,1,Minimal,0.0,1.0,0.9128634605516268,1.453822901602993,2.291220091702628,2.328482595094621,1.233359080678014,48.923763314255176,48.016474238184486,80.25566191686961,-31.331898602614437,dry_jf,504.89251568895395,1.0,3.0,3,train,False
Elgeyo-Marakwet,2013-01-01,2013,1,1,1,Minimal,0.0,1.0013362368052523,0.9998638419885122,1.5681626914335645,2.1286806967544853,3.0028284077513074,1.0831806057288789,79.34455427225355,95.32662644274887,99.88977047627904,-20.545216204025493,dry_jf,424.00498148048365,1.0,3.0,3,train,False
Embu,2013-01-01,2013,1,1,1,Minimal,0.0,1.0113976217458436,0.9998694903395686,0.7110291440609736,0.6658583150377886,0.8014480219470215,0.4011907852403117,57.07780434445529,45.55913426206367,66.89433091045154,-9.816526565996256,dry_jf,401.4457023614595,1.0,3.0,3,train,False
Garissa,2013-01-01,2013,1,2,2,Stressed,0.0,2.0,0.9995225279256243,0.151073965890111,-0.0468962725645242,-0.9879818321747428,-1.5864435707019908,47.53685244554363,22.466276927903024,39.136375846217504,8.400476599326126,dry_jf,210.6771075185111,3.0,3.0,3,train,False
Homa Bay,2013-01-01,2013,1,1,1,Minimal,0.0,1.0,0.66830422924983,0.6059322574202962,2.070316076252426,2.79243887487261,2.199021872273339,74.28149488883571,63.8390370645897,76.83387511534663,-2.5523802265109197,dry_jf,658.3122810444571,1.0,3.0,3,train,False
Isiolo,2013-01-01,2013,1,2,2,Stressed,0.0,1.9999142572537068,0.9999907136274389,0.2629332759242141,0.2451326488536815,0.1779602774620903,0.7763208269216201,39.75250484274634,32.6841637125831,31.348630466923314,8.403874375823026,dry_jf,121.15801476654195,2.0,3.0,3,train,False
Kajiado,2013-01-01,2013,1,2,2,Stressed,0.0004243181151502,1.8299903382962424,0.9867009451612184,0.7804380344259692,0.8054138981349511,0.9308415179769398,0.6246869301566798,67.31042713562982,46.914035988650994,78.33509937355856,-11.02467223792874,dry_jf,244.0590119973267,2.0,3.0,3,train,False
Kakamega,2013-01-01,2013,1,1,1,Minimal,0.0,1.0,0.9996644082966224,1.6125888458297215,3.042531236403032,3.019277363667571,1.6751561074087933,60.46725093854239,57.62060146216078,77.9936135432355,-17.526362604693105,dry_jf,521.962946970816,1.0,3.0,3,train,False
Kericho,2013-01-01,2013,1,1,1,Minimal,0.0,1.0,0.9997003606571924,2.1045931489602148,3.258937643141729,3.309589797890596,1.811837372501708,52.36697811443708,87.08949339866535,90.80369131057182,-38.43671319613474,dry_jf,577.6437811642602,1.0,3.0,3,train,False
Kiambu,2013-01-01,2013,1,1,1,Minimal,0.0,1.001127542613087,0.999698893136979,1.5161918821711091,1.6991846878723729,2.1516048805888706,1.569063540164001,97.27637050609574,91.79517622163448,100.0,-2.723629493904255,dry_jf,365.1581675938478,1.0,3.0,3,train,False
Kilifi,2013-01-01,2013,1,2,2,Stressed,0.0,1.9543449143389475,0.9941537101806583,0.5199072654727569,0.3591856424248282,-0.5105678025979669,-1.6561549466211485,59.16276217317427,27.607995242861552,19.583778203895054,39.57898396927922,dry_jf,485.9236308469297,2.0,3.0,3,train,False
Kirinyaga,2013-01-01,2013,1,1,1,Minimal,0.0,1.000036250746341,0.9997566177338548,0.54860104393656,0.58893246045263,1.0841292076901112,0.8391733945643273,70.35155711503354,50.42877810971587,70.005945492544,0.34561162248954247,dry_jf,523.427425427593,1.0,3.0,3,train,False
Kisii,2013-01-01,2013,1,1,1,Minimal,0.0,1.0,0.9995810852329328,0.6630058397375368,1.9116109552905236,2.72209899001438,2.3732150419277134,78.05274781001799,76.7353173131538,72.84860118112148,5.20414662889651,dry_jf,771.8724273402603,1.0,3.0,3,train,False
Kisumu,2013-01-01,2013,1,1,1,Minimal,0.0,1.0,0.7825715876310351,1.4672405727330886,2.8810421353239644,3.180754796702823,1.9873549805337152,97.23017353643604,78.19468424266404,70.73196726492782,26.498206271508224,dry_jf,650.4965825795291,1.0,3.0,3,train,False
Kitui,2013-01-01,2013,1,3,3,Crisis or worse,0.5357967955932548,2.4783935359838223,0.9999579065594504,-0.4974578233980231,-0.5311843609881334,-0.6181350807579815,0.0817684683872055,14.416490244832277,15.307078782172145,38.718764935671686,-24.30227469083941,dry_jf,350.0498777837523,3.0,3.0,3,train,False
Kwale,2013-01-01,2013,1,2,2,Stressed,0.0035173882733562,2.0034499329609647,0.9912348532691926,-0.2223543885973209,-0.15180736328117,-0.924694832149123,-1.195682126308688,28.055670533112085,39.37434678439694,21.202579857430155,6.85309067568193,dry_jf,461.4118591660762,2.0,3.0,3,train,False
Laikipia,2013-01-01,2013,1,2,2,Stressed,0.0,1.6552218836201664,0.9999716984817336,0.8879481302857075,1.183398546976353,2.0674802257982314,1.1299251268883617,94.10645233766266,92.78970331529584,100.0,-5.89354766233734,dry_jf,378.6133408439104,2.0,3.0,3,train,False
Lamu,2013-01-01,2013,1,2,2,Stressed,0.0,2.0,0.9772658860263062,0.3822706301273597,-0.2360365917138188,-1.2502197110690614,-1.8831030676191451,48.92581133494813,18.331260190879465,25.92633940033121,22.99947193461692,dry_jf,394.8891092289726,2.0,3.0,3,train,False
Machakos,2013-01-01,2013,1,2,2,Stressed,0.0,1.7753494833939305,0.99987777916022,0.3135364213699755,0.3356855687365133,0.5547840745495153,0.6677431170249631,39.584035882547134,57.415616041828216,80.70509760263714,-41.121061720090005,dry_jf,347.0698296320569,2.0,3.0,3,train,False
Makueni,2013-01-01,2013,1,3,3,Crisis or worse,0.369777090025441,2.074911370347348,0.9998846505079256,-0.4034391629648359,-0.3939668697877468,-0.0968720355711898,0.6232327787352371,23.7449618042816,37.78309417012976,60.73889310930785,-36.99393130502625,dry_jf,210.84898907247097,2.0,3.0,3,train,False
Mandera,2013-01-01,2013,1,2,2,Stressed,0.0,2.0,0.9935254519233636,0.6558370232821943,0.6290344384401914,0.2977308187999736,-0.98283034024009,58.76402087321074,47.98919236682589,79.42750381390225,-20.66348294069151,dry_jf,147.72597818452132,2.0,3.0,3,train,False
Marsabit,2013-01-01,2013,1,2,2,Stressed,0.0,1.9997789189795596,0.9301363890826012,1.377390851543489,1.355726733441514,1.4448046031200144,-0.0957873699108228,39.09722045523012,25.72861087529602,34.92686808800022,4.170352367229903,dry_jf,183.11284628508548,2.0,3.0,3,train,True
Meru,2013-01-01,2013,1,1,1,Minimal,0.0,1.2271677994659256,0.9998823354229694,0.7480803312416411,0.7476277196155842,0.9900856822440584,0.8439449327059941,90.44537009644048,43.265686817351785,59.63614032726718,30.809229769173307,dry_jf,469.95952152110806,1.0,3.0,3,train,False
Migori,2013-01-01,2013,1,1,1,Minimal,0.0,1.0,0.8116729345870678,1.044427103784285,2.091070251981145,2.9759916410274982,2.1866445980989244,81.89160883562764,55.60445949192941,64.8449608387288,17.04664799689884,dry_jf,460.4970135975702,1.0,3.0,3,train,False
Mombasa,2013-01-01,2013,1,1,1,Minimal,0.0,1.0071945914100102,0.945651646601156,0.5305518872391093,0.3678533768462177,-0.6098282085037074,-1.7087328710643923,49.899301972496666,19.53981437600104,4.643422876766184,45.25587909573048,dry_jf,339.4545465241538,1.0,3.0,3,train,False
Murang'a,2013-01-01,2013,1,1,1,Minimal,0.0,1.0013259757425912,0.9998268684991276,1.010961728363939,1.2686262036130058,1.963805780655374,1.3853644281533506,69.75981315101258,70.60886736943019,79.65039095596589,-9.89057780495331,dry_jf,600.9606534616394,1.0,3.0,3,train,False
Nairobi,2013-01-01,2013,1,1,1,Minimal,0.0,1.004656105633054,0.999349844685296,1.3725155436491114,1.6046823032612292,1.7955838258086196,1.1937495637315807,92.17528112985764,78.95135987449794,100.0,-7.8247188701423624,dry_jf,349.07589029272395,1.0,3.0,3,train,False
Nakuru,2013-01-01,2013,1,1,1,Minimal,0.0,1.0006763363886138,0.9758049541717768,1.400646247014568,1.2722977324882458,2.0935194378206523,1.0128443876878075,81.77813382270432,96.67136716996684,100.0,-18.22186617729568,dry_jf,337.82261196850334,1.0,3.0,3,train,False
Nandi,2013-01-01,2013,1,1,1,Minimal,0.0,1.0,0.999662759703597,1.5351725496777644,3.015802058682952,2.862215510155661,1.5517641303211085,76.37378336133357,85.5039115632282,93.92366016625716,-17.5498768049236,dry_jf,636.3375639959971,1.0,3.0,3,train,False
Narok,2013-01-01,2013,1,2,2,Stressed,0.0,1.5340709318372925,0.9926699026877254,1.9222500404674416,1.8570259043684367,1.957113790022292,1.3234011824835077,86.46382940074731,71.49485816889062,90.82274785628351,-4.358918455536198,dry_jf,449.4351533314782,2.0,3.0,3,train,False
Nyamira,2013-01-01,2013,1,1,1,Minimal,0.0,1.0,0.9997642108519644,0.66911877985224,1.9488422560573184,2.714623969055572,2.2518155806498323,64.81511436633892,73.73885889011814,70.91729743763852,-6.102183071299606,dry_jf,707.0676224501927,1.0,3.0,3,train,False
Nyandarua,2013-01-01,2013,1,1,1,Minimal,0.0,1.0012708819238296,0.9998779737689952,1.165739763204916,1.3644102831044824,2.37430829391898,1.429507548747475,86.17560220174583,93.2503442399576,93.03929542742792,-6.863693225682084,dry_jf,478.59632261521887,1.0,3.0,3,train,False
Nyeri,2013-01-01,2013,1,1,1,Minimal,0.0,1.3902200484797764,0.9998586120217208,0.6740495067314486,0.8481016229418255,1.854326466807449,1.4165600902922977,63.65360449144541,94.5208425593773,100.0,-36.34639550855459,dry_jf,596.5685209899478,1.0,3.0,3,train,False
Samburu,2013-01-01,2013,1,2,2,Stressed,0.0,1.9988626533690264,0.9999550428691704,2.096121899635859,1.9526287392767152,2.5572065501897523,0.587877400136464,94.79108948685324,59.6009173296186,68.30548493795467,26.485604548898564,dry_jf,233.37064745956647,2.0,3.0,3,train,True
Siaya,2013-01-01,2013,1,1,1,Minimal,0.0,1.0,0.7119007907118109,0.928174544242338,2.0139921918630925,2.3567340277300763,1.834285162425755,76.75276328187817,72.50014910446703,74.10927744621573,2.643485835662446,dry_jf,703.9110029852106,1.0,3.0,3,train,False
Taita Taveta,2013-01-01,2013,1,2,2,Stressed,0.1893618089734393,2.1893618089734392,0.9966571739834468,-0.64468225185392,-0.5462128441822859,-1.3668347529504403,-0.7047049671667688,4.55980660439561,12.128170226574523,45.0148774810525,-40.45507087665689,dry_jf,337.281834884778,2.0,3.0,3,train,False
Tana River,2013-01-01,2013,1,2,2,Stressed,0.0009532598349179,2.000953259294244,0.9998778310718937,-0.0818760063925131,-0.4230745896680436,-1.2310735551652514,-2.2715969182028664,22.801563459860297,11.833795842801582,32.15365783763287,-9.352094377772573,dry_jf,208.9215702880231,3.0,3.0,3,train,False
Tharaka-Nithi,2013-01-01,2013,1,1,1,Minimal,0.0,1.328893947269865,0.9998921012329892,0.6944356210746345,0.6635646977398091,0.6502069772566396,0.4578615116582206,59.78930032819965,29.17243473393464,66.54614779024747,-6.756847462047823,dry_jf,386.5660928989662,1.0,3.0,3,train,False
Trans Nzoia,2013-01-01,2013,1,1,1,Minimal,0.0,1.000079835388598,0.9976864050043228,1.2623084418637984,2.5055443448301995,3.048421158866116,1.2433858564023077,70.52594388905364,85.28095279469848,96.49318312694092,-25.967239237887284,dry_jf,575.422482832226,1.0,3.0,3,train,False
Turkana,2013-01-01,2013,1,2,2,Stressed,0.0,1.8963235926233524,0.9606016822598592,1.529031980234565,1.994892880534692,2.4281433699303108,1.4910138963202018,61.88551481535038,95.9809075887412,98.02387257570028,-36.1383577603499,dry_jf,134.93439886021372,2.0,3.0,3,train,True
Uasin Gishu,2013-01-01,2013,1,1,1,Minimal,0.0,1.0,0.9997765773368544,1.4305460030120438,2.329176422004276,2.860503871128498,1.25200564865086,74.1578729262212,91.84050773286816,95.34787858747372,-21.190005661252513,dry_jf,466.5756532543863,1.0,3.0,3,train,False
Vihiga,2013-01-01,2013,1,1,1,Minimal,0.0,1.0,0.9994221612948908,1.3601589580852993,2.739590306855671,2.745933032658036,1.5639731228188627,67.0062167463054,16.47257949594569,44.650700793229056,22.355515953076342,dry_jf,638.2354464495623,1.0,3.0,3,train,False
Wajir,2013-01-01,2013,1,2,2,Stressed,0.0,2.0,0.9996848650533768,0.4263042929408522,0.3706607352338593,0.3182232827357211,-0.8887731636038095,50.20280975722378,54.08151887944829,71.35075094453046,-21.147941187306678,dry_jf,220.92597534518788,2.0,3.0,3,train,True
West Pokot,2013-01-01,2013,1,2,2,Stressed,0.0,1.9159246822576947,0.9926179873073148,1.8252224759569469,2.453063389869261,3.0807408598057164,1.176483862618346,71.94366704598339,85.17185298096514,100.0,-28.05633295401661,dry_jf,366.78840132412165,2.0,3.0,3,train,False
Baringo,2013-04-01,2013,4,2,2,Stressed,0.0,1.897477892711657,0.9998910957604972,0.5194586915958861,0.7215133819685828,1.5339889719047837,1.7050092293345869,66.94198698121706,61.17460901171856,70.2779107271752,-3.335923745958141,long_rains,407.6410955536569,2.0,3.0,3,train,True
Bomet,2013-04-01,2013,4,1,1,Minimal,0.0,1.0000570618995908,0.9997382065021052,-0.317908814888559,0.5668489732703643,1.3695263643785671,2.0020523603251994,77.59386622599672,63.4730343082913,78.42094757451876,-0.827081348522043,long_rains,705.0356352221398,1.0,3.0,3,train,False
Bungoma,2013-04-01,2013,4,1,1,Minimal,0.0,1.0,0.9968273735961642,0.2354730782024945,1.577063102101507,2.96330384966184,2.7763241851349822,94.08719191673316,68.1642194844509,67.837993597367,26.249198319366158,long_rains,684.143518918554,1.0,3.0,3,train,False
Busia,2013-04-01,2013,4,1,1,Minimal,0.0,1.0,0.9128634605516268,-0.2394975289978737,1.650945900620401,2.4988155597986275,2.680296130287427,84.8446456613623,82.0721959081865,59.43873437796026,25.405911283402048,long_rains,504.89251568895395,1.0,3.0,3,train,False
Elgeyo-Marakwet,2013-04-01,2013,4,1,1,Minimal,0.0,1.0013362368052523,0.9998638419885122,0.6750430252356238,0.7792337111956377,1.8713034222421985,1.810174168028695,85.94604936971572,83.16383065775175,92.77866210476752,-6.8326127350517964,long_rains,424.00498148048365,1.0,3.0,3,train,False
Embu,2013-04-01,2013,4,1,1,Minimal,0.0,1.0113976217458436,0.9998694903395686,-0.16148823057203,0.2643182821417906,0.4339672900474168,0.4610561504979965,75.89263361512397,83.93595751168188,75.02505601454752,0.8675776005764533,long_rains,401.4457023614595,1.0,3.0,3,train,False
Garissa,2013-04-01,2013,4,2,2,Stressed,0.0,2.0,0.999511246179476,-0.1207134139085403,0.082545414476473,-0.0059236006637678,-0.0417846059759237,41.66121905622402,45.14186435631326,30.887587697284825,10.773631358939195,long_rains,210.6771075185111,2.0,3.0,3,train,False
Homa Bay,2013-04-01,2013,4,1,1,Minimal,0.0,1.0,0.66830422924983,-0.305726153806299,1.1024271688811305,1.742689039203823,1.8870552013141453,73.67802268273738,63.7655419316127,100.0,-26.321977317262622,long_rains,658.3122810444571,1.0,3.0,3,train,False
Isiolo,2013-04-01,2013,4,2,2,Stressed,0.0,1.9997465136250936,0.9999828133487338,0.1668193689418125,-0.1623119693104643,-0.0985432256552919,-0.1692347335051197,28.0070337244536,32.44927922226367,23.87211806378372,4.134915660669879,long_rains,121.15801476654195,2.0,3.0,3,train,False
Kajiado,2013-04-01,2013,4,2,2,Stressed,0.0,1.8295659211065247,0.9867003715847946,-0.0859308411957738,0.4846456387555873,0.5232567090633583,0.6268097808054421,51.596097054892994,39.73538829018514,70.11521464910379,-18.519117594210798,long_rains,244.0590119973267,2.0,3.0,3,train,False
Kakamega,2013-04-01,2013,4,1,1,Minimal,0.0,1.0,0.9996644082966224,0.1298368344594656,1.6967990119495076,3.528187037895248,3.145522696435464,80.80378203476951,68.8809017013216,56.49314120909376,24.310640825675755,long_rains,521.962946970816,1.0,3.0,3,train,False
Kericho,2013-04-01,2013,4,1,1,Minimal,0.0,1.0,0.9997003606571924,-0.0530953867807954,0.7493108439089853,2.255818179011932,3.212189456747133,86.24365158995217,77.88788239708255,68.55461701755307,17.689034572399095,long_rains,577.6437811642602,1.0,3.0,3,train,False
Kiambu,2013-04-01,2013,4,1,1,Minimal,0.0,1.001127542613087,0.999698893136979,0.0483067105281525,0.8575796040288549,1.215448242863753,1.116306207970824,83.03733603871851,87.03780421483354,100.0,-16.962663961281493,long_rains,365.1581675938478,1.0,3.0,3,train,False
Kilifi,2013-04-01,2013,4,2,2,Stressed,0.0,1.9543449143389475,0.9941537101806583,-0.6527947576647354,0.6624857178943384,0.5536865145504535,0.7163549850996799,32.320945535861576,72.322176658169,79.22396585663617,-46.903020320774594,long_rains,485.9236308469297,2.0,3.0,3,train,False
Kirinyaga,2013-04-01,2013,4,1,1,Minimal,0.0,1.000036250746341,0.9997566177338534,-0.0795467594511335,0.2090432409645183,0.3928036724708653,0.1873626243338814,100.0,72.41934107666563,100.0,0.0,long_rains,523.427425427593,1.0,3.0,3,train,False
Kisii,2013-04-01,2013,4,1,1,Minimal,0.0,1.0,0.9995810852329328,-0.3833273792352749,1.0497771041632864,1.800454949379186,2.122854612029326,91.19706039526086,79.0446062416231,89.6893279147538,1.5077324805070589,long_rains,771.8724273402603,1.0,3.0,3,train,False
Kisumu,2013-04-01,2013,4,1,1,Minimal,0.0,1.0,0.7825715876310351,-0.1708058577164395,1.0851839667469771,2.119807244499172,2.284153245244034,100.0,87.5236788714818,87.28390227301331,12.716097726986689,long_rains,650.4965825795291,1.0,3.0,3,train,False
Kitui,2013-04-01,2013,4,2,2,Stressed,0.0,1.9425962376243808,0.9999491485094084,-0.5035156048134809,-0.0407650275698089,-0.162610993191185,-0.26492956887857,54.50322241676364,54.219701788533904,31.822439611508525,22.680782805255117,long_rains,350.0498777837523,3.0,3.0,3,train,False
Kwale,2013-04-01,2013,4,2,2,Stressed,0.0,1.9999325446876088,0.991234853269192,-0.6866478338333786,0.1056258465413184,-0.0493663743871679,0.1668901896015622,16.91484891819508,38.13580893706225,42.35066927138761,-25.43582035319253,long_rains,461.4118591660762,2.0,3.0,3,train,False
Laikipia,2013-04-01,2013,4,2,2,Stressed,0.0,1.6552218836201664,0.9999716984817336,0.2051308086135908,-0.3318220382873044,0.3239069781344308,0.1270410713561175,48.96569428244049,58.03387384414741,62.65662354425454,-13.690929261814055,long_rains,378.6133408439104,2.0,3.0,3,train,False
Lamu,2013-04-01,2013,4,2,2,Stressed,0.0,2.0,0.9772658860263104,-0.1419381111501935,0.7002051515378441,0.3127753433031893,0.4468802490333417,42.51741880968956,52.05476663501442,65.77052275433786,-23.253103944648302,long_rains,394.8891092289726,2.0,3.0,3,train,False
Machakos,2013-04-01,2013,4,2,2,Stressed,0.0,1.7753494833939305,0.99987777916022,-0.136958590649518,0.1032875817525687,0.1280448674624362,-0.1497451767345436,50.510986619828486,63.53263751170853,44.77834387378457,5.732642746043915,long_rains,347.0698296320569,2.0,3.0,3,train,False
Makueni,2013-04-01,2013,4,2,2,Stressed,0.0,1.7051250479710196,0.999853344742968,-0.4647190823965825,-0.2742519330634869,-0.3316178603103502,-0.4537913205845996,56.9337074105241,45.9064888647796,34.21530324092711,22.718404169596987,long_rains,210.84898907247097,3.0,3.0,3,train,False
Mandera,2013-04-01,2013,4,2,2,Stressed,0.0,2.0,0.9935104441286544,0.5262870191301958,0.0956828673882943,0.3470794970770995,0.484462871384183,18.548135964136016,31.304940508752647,59.996526551476585,-41.44839058734057,long_rains,147.72597818452132,2.0,3.0,3,train,False
Marsabit,2013-04-01,2013,4,2,2,Stressed,0.0,2.0,0.9301329759074554,0.2406826369612755,0.4584964698504786,0.7635038632065733,0.648134522248356,26.743648501067124,22.601960814409523,33.667867944683834,-6.92421944361671,long_rains,183.11284628508548,2.0,3.0,3,train,True
Meru,2013-04-01,2013,4,1,1,Minimal,0.0,1.007803543687792,0.9998218595446394,0.0576977730717757,0.1014347663137963,0.3480665975269656,0.2889961405469419,71.86627812805133,88.26459259129452,89.97678660544724,-18.11050847739591,long_rains,469.95952152110806,1.0,3.0,3,train,False
Migori,2013-04-01,2013,4,1,1,Minimal,0.0,1.0,0.8116729345870678,-0.2486245540055658,0.6876391786075343,1.4009709811420168,1.531044809055027,63.972015252624814,75.70858319176322,71.46300580055892,-7.4909905479341035,long_rains,460.4970135975702,1.0,3.0,3,train,False
Mombasa,2013-04-01,2013,4,1,1,Minimal,0.0,1.0071945914100102,0.945651646601156,-0.510711519148275,-0.0576085717806492,0.1266045050675501,0.5244241023146629,8.128020663034432,56.89090823439205,75.76071258629759,-67.63269192326315,long_rains,339.4545465241538,1.0,3.0,3,train,False
Murang'a,2013-04-01,2013,4,1,1,Minimal,0.0,1.0013259757425912,0.9998268684991276,0.3396935933578836,0.694016500007695,1.030341885061843,0.6816815271096884,81.61531393626795,89.08753269206359,97.7940466253125,-16.17873268904455,long_rains,600.9606534616394,1.0,3.0,3,train,False
Nairobi,2013-04-01,2013,4,1,1,Minimal,0.0,1.004656105633054,0.9993498446852994,-0.0372299801819695,0.946066125520484,1.1722152219743935,1.1233654163693756,65.49154231232534,66.17304151573876,66.14207753518029,-0.6505352228549555,long_rains,349.07589029272395,1.0,3.0,3,train,False
Nakuru,2013-04-01,2013,4,1,1,Minimal,0.0,1.0006763363886138,0.9758049541717768,0.093437248950242,0.2691567872419232,0.9213585224424344,1.0362564572618769,67.93558601012539,60.03832478792726,86.02140105226292,-18.085815042137526,long_rains,337.82261196850334,1.0,3.0,3,train,False
Nandi,2013-04-01,2013,4,1,1,Minimal,0.0,1.0,0.999662759703597,0.4155004683340594,1.3550727071511697,3.084976748961381,3.121327931251565,88.03618403263695,73.3367739481248,78.618600384978,9.417583647658958,long_rains,636.3375639959971,1.0,3.0,3,train,False
Narok,2013-04-01,2013,4,2,2,Stressed,0.0,1.5340709318372925,0.9926699026877254,-0.2624510031433747,0.8162452044889493,1.3005279399568344,1.3610552350599925,72.71967212832298,57.1310136682929,65.69331401575928,7.026358112563699,long_rains,449.4351533314782,2.0,3.0,3,train,False
Nyamira,2013-04-01,2013,4,1,1,Minimal,0.0,1.0,0.9997642108519644,-0.4446608034634035,1.0470586221968912,1.777344176716666,2.1972530632682448,79.95962713988882,78.47691809212866,85.0190132056389,-5.0593860657500755,long_rains,707.0676224501927,1.0,3.0,3,train,False
Nyandarua,2013-04-01,2013,4,1,1,Minimal,0.0,1.0012708819238296,0.9998779737689952,0.5113066453454932,0.101768971490129,0.8079750574550237,0.537692317496914,77.71317549419474,58.34668092135126,98.37066275204172,-20.65748725784698,long_rains,478.59632261521887,1.0,3.0,3,train,False
Nyeri,2013-04-01,2013,4,1,1,Minimal,0.0,1.3902200484797764,0.9998586120217208,0.3725756247453475,0.1630445851467128,0.5018808185488843,0.0901716465177663,60.92103286183466,47.87333856808824,100.0,-39.07896713816534,long_rains,596.5685209899478,1.0,3.0,3,train,False
Samburu,2013-04-01,2013,4,2,2,Stressed,0.0,2.0,0.9999416421795938,0.2567788725166036,0.1921832304050914,0.7487676198200425,0.5693958140631716,49.43475312519086,56.194629354986525,69.19885454186229,-19.76410141667143,long_rains,233.37064745956647,2.0,3.0,3,train,True
Siaya,2013-04-01,2013,4,1,1,Minimal,0.0,1.0,0.7119007907118109,-0.1937508640598146,1.4072561949470674,1.953371539124637,1.6935902503077087,76.00105953754436,52.0840429319713,68.24613796164718,7.7549215758971854,long_rains,703.9110029852106,1.0,3.0,3,train,False
Taita Taveta,2013-04-01,2013,4,2,2,Stressed,0.0,2.0,0.996630559288052,-0.2836489892670975,0.2812048701010289,0.0842130677616984,-0.0207771635614948,34.80552607245237,43.98532810627409,30.94716850556696,3.858357566885413,long_rains,337.281834884778,2.0,3.0,3,train,False
Tana River,2013-04-01,2013,4,2,2,Stressed,0.0,1.9999999994593225,0.9998706188134212,-0.3785163471233718,0.3110258779177922,0.1480445402189619,0.2034602373871733,45.1027786770675,46.570766524537405,33.224697814730064,11.878080862337434,long_rains,208.9215702880231,2.0,3.0,3,train,False
Tharaka-Nithi,2013-04-01,2013,4,1,1,Minimal,0.0,1.328893947269865,0.9998921012329892,-0.0741865812204881,0.060344029442487,0.2729110959708014,0.2110727489116711,60.95389041829689,68.87430559107315,63.32732477144674,-2.3734343531498467,long_rains,386.5660928989662,1.0,3.0,3,train,False
Trans Nzoia,2013-04-01,2013,4,1,1,Minimal,0.0,1.000079835388598,0.9976864050043228,1.2124592037249775,1.5262379011069132,3.065582230601652,2.827444137421691,84.643599894639,71.50908697271736,87.43524928440691,-2.7916493897679118,long_rains,575.422482832226,1.0,3.0,3,train,False
Turkana,2013-04-01,2013,4,2,2,Stressed,0.0,2.0,0.960595160672016,0.2868108519726776,1.2687423338029238,1.8231238283588476,1.2827527542251933,59.54227506163885,43.88683579055317,64.94514334149713,-5.402868279858282,long_rains,134.93439886021372,2.0,3.0,3,train,True
Uasin Gishu,2013-04-01,2013,4,1,1,Minimal,0.0,1.0,0.9997765773368544,0.7237288731761345,1.1295299711456468,2.3891291247974102,2.3964949352348555,76.24720753687856,63.07470737080709,78.41412031359381,-2.1669127767152503,long_rains,466.5756532543863,1.0,3.0,3,train,False
Vihiga,2013-04-01,2013,4,1,1,Minimal,0.0,1.0,0.9994221612948908,0.063281680884021,1.4540572225712998,2.6505760804891394,2.4026915681378216,78.21143989194746,75.3078737062753,49.828632107805234,28.38280778414223,long_rains,638.2354464495623,1.0,3.0,3,train,False
Wajir,2013-04-01,2013,4,2,2,Stressed,0.0,2.0,0.999679542768114,0.3690673674657856,-0.6366298157486321,-0.263849852364404,-0.1250620647659409,9.310837275690938,19.327012679091837,30.65116575682832,-21.340328481137384,long_rains,220.92597534518788,2.0,3.0,3,train,True
West Pokot,2013-04-01,2013,4,2,2,Stressed,0.0,1.9159246822576947,0.9926179873073148,1.0665753601042334,1.0445665894794185,2.336205177384932,2.219234718579729,68.79910603444634,63.29215792908252,93.37329767587016,-24.574191641423823,long_rains,366.78840132412165,2.0,3.0,3,train,False
Baringo,2013-07-01,2013,7,2,2,Stressed,0.0,1.897477892711657,0.9998910957604972,1.697534400106211,1.430962812774533,1.4892922933696089,0.559407264517905,94.82961468714184,52.94738256255566,39.03016089475173,55.79945379239011,dry_jjas,407.6410955536569,2.0,3.0,3,train,True
Bomet,2013-07-01,2013,7,1,1,Minimal,0.0,1.0000570618995908,0.9997382065021052,2.622608170499323,1.627116349669628,1.3999001822090371,0.1795894305974951,86.13687703426238,67.21055953317074,85.82659188960237,0.3102851446600141,dry_jjas,705.0356352221398,1.0,3.0,3,train,False
Bungoma,2013-07-01,2013,7,1,1,Minimal,0.0,1.0,0.9968273735961644,1.4730584337700257,1.1951053424817206,1.8234462493536856,0.5486958986325993,68.46663576157246,68.43748371392097,61.5477953365013,6.91884042507116,dry_jjas,684.143518918554,1.0,3.0,3,train,False
Busia,2013-07-01,2013,7,1,1,Minimal,0.0,1.0,0.9128634605516264,1.1333678326016217,0.9471591830933,1.7731790794873747,0.9700651701789506,65.72653486441966,79.62780628463062,66.58090861315534,-0.8543737487356822,dry_jjas,504.89251568895395,1.0,3.0,3,train,False
Elgeyo-Marakwet,2013-07-01,2013,7,1,1,Minimal,0.0,1.0013684998495582,0.9998673976024002,1.5132184954377337,1.2573535596557035,1.3821049610041547,0.5763087178999334,95.34997626640704,53.44947388009915,53.88999273941192,41.45998352699512,dry_jjas,424.00498148048365,1.0,3.0,3,train,False
Embu,2013-07-01,2013,7,2,2,Stressed,0.0,1.744469927569261,0.9998189289233734,1.0220196927938987,0.9847523375060536,0.8079379209154054,0.1967921236094985,88.52856269422658,44.477057204212,23.344021296112764,65.18454139811382,dry_jjas,401.4457023614595,1.0,3.0,3,train,False
Garissa,2013-07-01,2013,7,2,2,Stressed,0.0,2.0,0.999511246179476,0.3076402677601068,1.0329860441714038,0.5817907720431506,0.2953528402352003,70.95476969089488,54.13128273742894,22.3197463897512,48.635023301143676,dry_jjas,210.6771075185111,2.0,3.0,3,train,False
Homa Bay,2013-07-01,2013,7,1,1,Minimal,0.0,1.0,0.66830422924983,2.091848321367403,1.372882119965834,1.5657530302309248,0.6264171706436314,49.506188223580494,75.17925359726314,74.11892270333783,-24.612734479757336,dry_jjas,658.3122810444571,1.0,3.0,3,train,False
Isiolo,2013-07-01,2013,7,2,2,Stressed,0.0,1.9999284063821656,0.9999828087914956,0.693980255952781,1.1090579452278235,0.7223260207480289,0.0418985880376742,55.08432671965712,44.38155293288207,12.778505858346737,42.30582086131038,dry_jjas,121.15801476654195,2.0,3.0,3,train,False
Kajiado,2013-07-01,2013,7,2,2,Stressed,0.0,1.82960236656365,0.9867003715847948,1.552648898783737,1.4414138529283198,1.2232985825035367,0.1109456459749729,89.56070656745085,45.64238299356287,30.02792964987777,59.53277691757308,dry_jjas,244.0590119973267,2.0,3.0,3,train,False
Kakamega,2013-07-01,2013,7,1,1,Minimal,0.0,1.0,0.9996644082966224,1.5754956022216628,1.29942647963749,2.0109122821866543,0.8382674528962762,69.61173031048091,69.27886785784827,51.55511424437325,18.056616066107658,dry_jjas,521.962946970816,1.0,3.0,3,train,False
Kericho,2013-07-01,2013,7,1,1,Minimal,0.0,1.0,0.9997003606571906,1.819383120267506,1.6413464397596766,1.5610629555817472,0.3087144689100498,90.9922682366325,52.85959492715309,68.13933238440079,22.85293585223171,dry_jjas,577.6437811642602,1.0,3.0,3,train,False
Kiambu,2013-07-01,2013,7,1,1,Minimal,0.0,1.001127542613087,0.9996988931369788,2.327145091769209,2.1362618498436965,2.205504828361045,0.528828528836096,48.351468850615575,43.18444952819578,58.805989898206334,-10.45452104759076,dry_jjas,365.1581675938478,1.0,3.0,3,train,False
Kilifi,2013-07-01,2013,7,2,2,Stressed,0.0,1.9997025253474088,0.9941397039213838,-0.8206567831628535,0.5307616401680706,0.7704133986557961,-0.0252663657203201,42.66790960390187,60.90598827947968,40.683248014443286,1.9846615894585824,dry_jjas,485.9236308469297,2.0,3.0,3,train,False
Kirinyaga,2013-07-01,2013,7,1,1,Minimal,0.0,1.0053712521478133,0.9997852158056514,1.2103085804551594,1.027932048801764,0.8862631013314065,0.2695044469640268,61.7237768847564,50.28807574358233,58.0726826345746,3.6510942501817993,dry_jjas,523.427425427593,1.0,3.0,3,train,False
Kisii,2013-07-01,2013,7,1,1,Minimal,0.0,1.0,0.9995810852329328,2.750739561355406,1.7090369221281592,1.8437921772165524,0.487730433765204,49.84226621167727,68.87736018631531,49.813854531476494,0.02841168020077589,dry_jjas,771.8724273402603,1.0,3.0,3,train,False
Kisumu,2013-07-01,2013,7,1,1,Minimal,0.0,1.0,0.7825715876310351,1.6690778767507666,1.442379288722922,1.5960230111552496,0.6837604985864263,89.17239958523547,84.80745140996765,82.97921749448147,6.193182090753993,dry_jjas,650.4965825795291,1.0,3.0,3,train,False
Kitui,2013-07-01,2013,7,2,2,Stressed,0.0,2.0,0.999944695629578,0.3265106924877213,0.7263201917648082,0.2960163408704113,0.0190646710978714,82.15572773113023,36.619872608046464,14.342638403887577,67.81308932724265,dry_jjas,350.0498777837523,2.0,3.0,3,train,False
Kwale,2013-07-01,2013,7,2,2,Stressed,0.0,1.9999325446876088,0.991234853269192,-0.5577004053960195,0.3646862387943072,0.2479199463533282,-0.322137240234084,28.93423503181842,22.527319442096218,7.8280916245642205,21.1061434072542,dry_jjas,461.4118591660762,2.0,3.0,3,train,False
Laikipia,2013-07-01,2013,7,2,2,Stressed,0.0,1.6552218836201664,0.9999716984817336,1.753290250754233,1.3150093417434647,0.8597733258095321,-0.0719877545916058,100.0,36.270468555524346,25.641027261170525,74.35897273882948,dry_jjas,378.6133408439104,2.0,3.0,3,train,False
Lamu,2013-07-01,2013,7,2,2,Stressed,0.0,2.0,0.9772658860263104,-0.599917091083584,0.4520661449288834,0.7183256773876637,0.4337003975607327,54.46952173037929,42.683323926078856,32.52327938919357,21.946242341185723,dry_jjas,394.8891092289726,2.0,3.0,3,train,False
Machakos,2013-07-01,2013,7,2,2,Stressed,0.0,1.9983472356641856,0.9998347066074572,1.1558902380955924,1.188008380002218,0.754833697088893,0.2210053821461165,85.43099183116958,44.4454657397688,23.75202565479224,61.67896617637734,dry_jjas,347.0698296320569,2.0,3.0,3,train,False
Makueni,2013-07-01,2013,7,2,2,Stressed,0.0,2.0,0.9998081115992576,0.7262912965245523,0.7923198323303453,0.1296794899840102,-0.1633862230480371,86.18070734785361,24.514533369390985,25.59952331036317,60.581184037490445,dry_jjas,210.84898907247097,2.0,3.0,3,train,False
Mandera,2013-07-01,2013,7,2,2,Stressed,0.0,2.0,0.9935104441286544,1.46109471625501,1.9590002151425407,1.7658365765416455,-0.4015717230244996,100.0,64.20831899550718,14.400261646746662,85.59973835325334,dry_jjas,147.72597818452132,2.0,3.0,3,train,False
Marsabit,2013-07-01,2013,7,2,2,Stressed,0.0,2.0,0.9301329759074554,1.3748854248364633,1.605302076422772,1.5867498385200125,0.6122926153110122,66.61114310484604,34.95803919293192,13.144426013442835,53.4667170914032,dry_jjas,183.11284628508548,2.0,3.0,3,train,True
Meru,2013-07-01,2013,7,2,2,Stressed,0.0,1.5783811497185294,0.9998226856692622,1.0822470645897395,1.0582525131245486,0.7524971432166353,0.2202783866133429,98.47299940804209,38.05856599598466,37.58917204181366,60.883827366228424,dry_jjas,469.95952152110806,1.0,3.0,3,train,False
Migori,2013-07-01,2013,7,1,1,Minimal,0.0,1.0,0.8116729345870676,2.1156304139775512,1.135329100334218,1.1110450713828757,0.3925645711828893,50.58944452648681,61.83884710980783,38.576076510755065,12.013368015731743,dry_jjas,460.4970135975702,1.0,3.0,3,train,False
Mombasa,2013-07-01,2013,7,1,1,Minimal,0.0,1.0072010314560271,0.945651646601156,-0.600006261741735,0.7624665365062957,0.4525954136118056,-0.6609699431053061,80.25062629980481,89.67397665851898,13.869894373315756,66.38073192648905,dry_jjas,339.4545465241538,1.0,3.0,3,train,False
Murang'a,2013-07-01,2013,7,1,1,Minimal,0.0,1.0013259757425912,0.9998268684991276,2.3647831252335947,2.077040710857289,2.11121037380574,0.6059517482671896,55.278694474503055,50.62089844733954,52.69508053851018,2.5836139359928723,dry_jjas,600.9606534616394,1.0,3.0,3,train,False
Nairobi,2013-07-01,2013,7,1,1,Minimal,0.0,1.0311827358160603,0.9994581999066736,1.7739885993369264,1.761659170827606,1.8309700938244344,0.586842273740898,81.70410299028885,60.1199115385083,41.27633742635601,40.42776556393284,dry_jjas,349.07589029272395,1.0,3.0,3,train,False
Nakuru,2013-07-01,2013,7,1,1,Minimal,0.0,1.0006763363886138,0.9758049541717768,2.323728043994148,1.7452007938216334,1.3537108785232328,0.1556574248464617,76.75493731875284,36.61430664725503,52.40634284770236,24.348594471050475,dry_jjas,337.82261196850334,1.0,3.0,3,train,False
Nandi,2013-07-01,2013,7,1,1,Minimal,0.0,1.0,0.999662759703596,1.482447202181384,1.4778123231974991,1.926318136065983,0.7682136731260057,90.19759851624016,59.09367474414128,72.66649053780188,17.531107978438285,dry_jjas,636.3375639959971,1.0,3.0,3,train,False
Narok,2013-07-01,2013,7,2,2,Stressed,0.0,1.534070931837292,0.9926699026877256,2.994184002616554,2.3591427658570785,2.0929017368771423,0.3052292671099655,74.10924290773312,45.332815776814336,52.10956379530447,21.99967911242865,dry_jjas,449.4351533314782,2.0,3.0,3,train,False
Nyamira,2013-07-01,2013,7,1,1,Minimal,0.0,1.0,0.9997642108519644,2.591181379423929,1.800203635534068,1.8692523143022364,0.4761496474548825,73.93528592505106,68.84155267641005,62.68396142482175,11.251324500229309,dry_jjas,707.0676224501927,1.0,3.0,3,train,False
Nyandarua,2013-07-01,2013,7,1,1,Minimal,0.0,1.0012708819238296,0.999877973768995,2.325015817481033,1.643461345066654,1.3207035081949248,0.1579843422152491,77.14681154556718,11.44364658568211,57.146611126151456,20.00020041941572,dry_jjas,478.59632261521887,1.0,3.0,3,train,False
Nyeri,2013-07-01,2013,7,1,1,Minimal,0.0,1.3902200484797762,0.9998586120217212,1.787780032844891,1.3211862228688118,1.0777082385860808,0.2264450288836743,75.98945189076608,12.444741421203576,43.34334135909321,32.64611053167287,dry_jjas,596.5685209899478,1.0,3.0,3,train,False
Samburu,2013-07-01,2013,7,2,2,Stressed,0.0,2.0,0.9999416421795938,1.340250764977316,1.478181138874401,1.3089050841297083,0.5888192416350247,98.45988223021604,33.748117965869554,24.80737011031638,73.65251211989965,dry_jjas,233.37064745956647,2.0,3.0,3,train,True
Siaya,2013-07-01,2013,7,1,1,Minimal,0.0,1.0,0.7119007907118109,1.4827523000108591,1.1526590521251645,1.6905980357103387,1.2152242315207245,56.43028980776834,60.70852001304001,66.49490705412758,-10.06461724635924,dry_jjas,703.9110029852106,1.0,3.0,3,train,False
Taita Taveta,2013-07-01,2013,7,2,2,Stressed,0.0,2.0,0.996630559288052,0.7165729755526938,0.6458591458382592,0.5639305983763356,0.0708625356184728,45.968536618807335,23.50014056734195,10.80309092748146,35.16544569132587,dry_jjas,337.281834884778,2.0,3.0,3,train,False
Tana River,2013-07-01,2013,7,2,2,Stressed,0.0,2.0,0.9998706188134208,-0.1913555221836862,0.7888378711871008,0.6266020564131966,0.1832682632337589,68.39269785543154,52.21459851461825,22.37645389429263,46.016243961138905,dry_jjas,208.9215702880231,2.0,3.0,3,train,False
Tharaka-Nithi,2013-07-01,2013,7,2,2,Stressed,0.0,1.576766363133104,0.9998879028706624,0.7751961016215622,0.8445685298278789,0.5683630141501804,0.2650627683941889,79.23992709827338,42.770460143679664,26.451467809699828,52.788459288573556,dry_jjas,386.5660928989662,1.0,3.0,3,train,False
Trans Nzoia,2013-07-01,2013,7,1,1,Minimal,0.0,1.000168616014676,0.9977121984288632,1.8356085337951116,1.503680378576977,2.005176049651772,0.7879417780273127,78.13352603430421,45.89459600916398,49.72930546579698,28.404220568507228,dry_jjas,575.422482832226,1.0,3.0,3,train,False
Turkana,2013-07-01,2013,7,2,2,Stressed,0.0,2.0,0.960595160672016,2.0776364525658546,1.4852159534118456,1.9364028462221323,1.1762393543080982,82.4532292980216,28.013805099756564,23.87674354795061,58.57648575007099,dry_jjas,134.93439886021372,2.0,3.0,3,train,True
Uasin Gishu,2013-07-01,2013,7,1,1,Minimal,0.0,1.0,0.9997765773368542,1.6496970728549532,1.5635754062548328,1.829291589862873,0.8409945583062713,86.8619383345991,44.258368140617776,55.231236915467065,31.630701419132038,dry_jjas,466.5756532543863,1.0,3.0,3,train,False
Vihiga,2013-07-01,2013,7,1,1,Minimal,0.0,1.0,0.9994221612948906,1.1101857057579276,1.0892703543437283,1.694664288851874,0.9218276627670908,83.39578225281531,73.13002750340091,53.25783699183574,30.13794526097957,dry_jjas,638.2354464495623,1.0,3.0,3,train,False
Wajir,2013-07-01,2013,7,2,2,Stressed,0.0,2.0,0.999679542768114,0.9964536256515084,1.4747561392949575,0.8823742915957765,-0.5141552122921688,98.78314210096056,67.6064735991721,9.48695456447158,89.29618753648899,dry_jjas,220.92597534518788,2.0,3.0,3,train,True
West Pokot,2013-07-01,2013,7,2,2,Stressed,0.0,1.999722180420104,0.9926181096342616,1.940456549552576,1.487769290106955,1.7296979276311115,0.6504573809406934,100.0,60.650194912497305,36.96828657547008,63.03171342452992,dry_jjas,366.78840132412165,2.0,3.0,3,train,False
Baringo,2013-10-01,2013,10,2,2,Stressed,0.0,1.897477892711657,0.9998910957604972,1.4094002175721574,1.3634726567096482,1.706100059498152,1.6277898761383722,74.84303492243545,64.99965785560903,83.35075439340005,-8.507719470964602,short_rains,407.6410955536569,2.0,3.0,3,train,True
Bomet,2013-10-01,2013,10,1,1,Minimal,0.0,1.0000570618995908,0.9997382065021052,-0.5604163100181987,-1.1318617748155366,0.8682167110245912,1.4366799148632765,39.06806182250133,52.76297323297205,83.42467442490391,-44.356612602402585,short_rains,705.0356352221398,1.0,3.0,3,train,False
Bungoma,2013-10-01,2013,10,1,1,Minimal,0.0,1.0,0.9968273735961644,-0.2372685658066732,-0.511657198932043,0.6405128383630571,1.690135881976743,23.03365937859634,65.55833391620583,43.64592069717148,-20.612261318575143,short_rains,684.143518918554,1.0,3.0,3,train,False
Busia,2013-10-01,2013,10,1,1,Minimal,0.0,1.0,0.9128634605516264,-0.5937451714506781,-1.13065211148531,0.1170754119013741,0.8527610030893794,0.0,5.104896794376943,51.60165407380892,-51.60165407380892,short_rains,504.89251568895395,1.0,3.0,3,train,False
Elgeyo-Marakwet,2013-10-01,2013,10,1,1,Minimal,0.0,1.0013684998495582,0.9998673976024002,0.9744083570872892,1.0056869002647555,1.4132455826106407,1.436620880457598,25.58654503011007,89.75554217451175,91.87993987126455,-66.29339484115448,short_rains,424.00498148048365,1.0,3.0,3,train,False
Embu,2013-10-01,2013,10,2,2,Stressed,0.0,1.744469927569261,0.9998189289233734,-0.1124845798124515,-1.665686968168958,0.2424599899006796,0.3626589806521105,2.332912565331701,33.132340657433204,65.15058703532752,-62.817674469995815,short_rains,401.4457023614595,2.0,3.0,3,train,False
Garissa,2013-10-01,2013,10,2,2,Stressed,0.0,2.0,0.999511246179476,-0.4520677357722307,-0.5881229662749713,0.6606094906912607,0.9060624620583582,24.00118724746585,47.3578853719081,42.6864395725667,-18.685252325100848,short_rains,210.6771075185111,2.0,3.0,3,train,False
Homa Bay,2013-10-01,2013,10,1,1,Minimal,0.0,1.0,0.66830422924983,-0.012320048782659,-0.2993441593376415,0.93203388496145,1.292147300450765,12.337870061117718,13.179521052606905,35.26922257265866,-22.931352511540943,short_rains,658.3122810444571,1.0,3.0,3,train,False
Isiolo,2013-10-01,2013,10,2,2,Stressed,0.0,1.9999284063821656,0.9999828087914956,-0.5866363680832204,-1.3788156782797487,0.9911278264488396,1.0552510090602292,33.94945940113972,29.213475205592715,36.45571886723119,-2.506259466091471,short_rains,121.15801476654195,2.0,3.0,3,train,False
Kajiado,2013-10-01,2013,10,2,2,Stressed,0.0,1.82960236656365,0.9867003715847948,-1.0614742638036248,-1.3404923003475506,1.0009724059388592,1.2860961700017597,34.05496153562487,38.14791171625026,73.10298397505008,-39.04802243942521,short_rains,244.0590119973267,2.0,3.0,3,train,False
Kakamega,2013-10-01,2013,10,1,1,Minimal,0.0,1.0,0.9996644082966224,-0.5420533151635116,-0.9259949078087538,0.4621659184464802,1.338349315553575,0.0,48.35840921776815,22.363980272576747,-22.363980272576747,short_rains,521.962946970816,1.0,3.0,3,train,False
Kericho,2013-10-01,2013,10,1,1,Minimal,0.0,1.0,0.9997003606571906,0.0568626567753145,0.0866447858868761,1.379876702978822,1.6481817777411534,54.44845093884123,82.1258579643202,72.67066830405791,-18.22221736521668,short_rains,577.6437811642602,1.0,3.0,3,train,False
Kiambu,2013-10-01,2013,10,1,1,Minimal,0.0,1.001127542613087,0.9996988931369788,-0.693643489197496,-1.3038838405811797,1.1410039424592613,1.392031725641567,40.160919848530966,12.24306627094115,85.39559563878986,-45.23467579025889,short_rains,365.1581675938478,1.0,3.0,3,train,False
Kilifi,2013-10-01,2013,10,2,2,Stressed,0.0,1.9997025253474088,0.9941397039213838,-1.5047616501244914,-0.3273799791759461,0.0028717912155303,0.5785882455048699,19.6754978505864,37.30979605070081,64.61402679697574,-44.93852894638934,short_rains,485.9236308469297,2.0,3.0,3,train,False
Kirinyaga,2013-10-01,2013,10,1,1,Minimal,0.0,1.0053712521478133,0.9997852158056514,0.2977695417138432,-1.2751438137657636,0.2064205141234633,0.2944636776292778,29.65072386624369,29.26171761805032,77.69805294300824,-48.04732907676454,short_rains,523.427425427593,1.0,3.0,3,train,False
Kisii,2013-10-01,2013,10,1,1,Minimal,0.0,1.0,0.9995810852329328,-0.3904157147363007,-1.1425461696073629,0.722584606073139,1.3462069244044634,39.6076356281631,50.8644352102472,31.87715821654125,7.730477411621852,short_rains,771.8724273402603,1.0,3.0,3,train,False
Kisumu,2013-10-01,2013,10,1,1,Minimal,0.0,1.0,0.7825715876310351,-0.7393000227309338,-0.8975530821665599,0.7368872410734254,1.3207705473103013,0.3243045465098931,0.0,12.674184073920518,-12.349879527410625,short_rains,650.4965825795291,1.0,3.0,3,train,False
Kitui,2013-10-01,2013,10,2,2,Stressed,0.0,2.0,0.999944695629578,0.1619855142312758,-1.2491274343352663,0.4462861618123561,0.5422402736604252,31.45133235959412,26.96355552782881,50.06127760981745,-18.609945250223333,short_rains,350.0498777837523,2.0,3.0,3,train,False
Kwale,2013-10-01,2013,10,2,2,Stressed,0.0,1.9999325446876088,0.991234853269192,-1.5084795064550969,-0.1457653169450641,0.062799758573366,0.4576522136054438,19.295646611569524,41.74903438276338,60.80809806907785,-41.51245145750833,short_rains,461.4118591660762,2.0,3.0,3,train,False
Laikipia,2013-10-01,2013,10,2,2,Stressed,0.0,1.6552218836201664,0.9999716984817336,1.192134112396796,0.2770167296686418,1.1018191230653098,1.1604599140699978,86.43896261078764,70.93168091967759,88.0625679850502,-1.623605374262553,short_rains,378.6133408439104,2.0,3.0,3,train,False
Lamu,2013-10-01,2013,10,2,2,Stressed,0.0,2.0,0.9772658860263104,-0.7450798228452913,-0.1567915273262261,-0.0175415270137812,0.521105095948473,58.92251825062202,81.90732889650661,68.70449373271309,-9.78197548209107,short_rains,394.8891092289726,2.0,3.0,3,train,False
Machakos,2013-10-01,2013,10,2,2,Stressed,0.0,1.9983472356641856,0.9998347066074572,-0.399007535218039,-1.4581490500427143,0.6466732454452971,0.8553349838098142,17.144845876714214,35.263591041473816,75.01729357376418,-57.872447697049964,short_rains,347.0698296320569,2.0,3.0,3,train,False
Makueni,2013-10-01,2013,10,2,2,Stressed,0.0,2.0,0.9998081115992576,-0.653601869388924,-0.9743267077528434,0.5016748223046326,0.692496807839377,21.56662636880507,33.75727266735373,62.387326738353934,-40.82070036954886,short_rains,210.84898907247097,2.0,3.0,3,train,False
Mandera,2013-10-01,2013,10,2,2,Stressed,0.0,2.0,0.9935104441286544,0.7909092747634258,-0.4852982204019447,1.8628069108849683,1.8882269940543128,48.88092309526776,72.77225184513681,67.25124793896592,-18.370324843698157,short_rains,147.72597818452132,2.0,3.0,3,train,False
Marsabit,2013-10-01,2013,10,2,2,Stressed,0.0,2.0,0.9301329759074554,0.7688020628219044,-0.4057234780959857,1.4397796171202095,1.553121115024258,49.80246959143905,40.70023664647394,50.363371071989526,-0.5609014805504771,short_rains,183.11284628508548,2.0,3.0,3,train,True
Meru,2013-10-01,2013,10,2,2,Stressed,0.0,1.5783811497185294,0.9998226856692622,-0.3858964244259489,-1.9832063274673015,0.4725754044783803,0.6507324410145452,32.85542286319385,54.33646206447696,57.98651382594704,-25.13109096275319,short_rains,469.95952152110806,2.0,3.0,3,train,False
Migori,2013-10-01,2013,10,1,1,Minimal,0.0,1.0,0.8116729345870676,-0.2393791852779008,-0.8604061545739715,0.5446688971194047,1.0257276738943149,5.460294023224378,20.141798389161394,14.09713303155994,-8.636839008335562,short_rains,460.4970135975702,1.0,3.0,3,train,False
Mombasa,2013-10-01,2013,10,1,1,Minimal,0.0,1.0072010314560271,0.945651646601156,-1.7030867803316332,0.0503594987798508,0.4077202041586083,0.8486173340277803,23.19913273484756,44.53256933533863,58.86536680147308,-35.66623406662552,short_rains,339.4545465241538,1.0,3.0,3,train,False
Murang'a,2013-10-01,2013,10,1,1,Minimal,0.0,1.0013259757425912,0.9998268684991276,-0.5065727809457499,-1.279022101590678,1.1097011946700088,1.3600653578258617,21.69785610703168,38.3163727680539,71.40895224551544,-49.711096138483754,short_rains,600.9606534616394,1.0,3.0,3,train,False
Nairobi,2013-10-01,2013,10,1,1,Minimal,0.0,1.0311827358160603,0.9994581999066736,-0.299549555884427,-1.2774007522101154,0.8928936914134619,1.0835083248418866,40.71272585837651,7.389885402839198,81.7451464447898,-41.03242058641329,short_rains,349.07589029272395,1.0,3.0,3,train,False
Nakuru,2013-10-01,2013,10,1,1,Minimal,0.0,1.0006763363886138,0.9758049541717768,1.3341978566385486,0.5646682850047867,1.5058464023094265,1.5322292486692728,73.65558680558826,69.24651106873908,84.85602398075598,-11.200437175167721,short_rains,337.82261196850334,1.0,3.0,3,train,False
Nandi,2013-10-01,2013,10,1,1,Minimal,0.0,1.0,0.999662759703596,-0.5968734629848039,-0.4784998473335093,0.9502242640374964,1.528212451825271,51.24945215911704,82.10363209656168,65.79572944639212,-14.546277287275075,short_rains,636.3375639959971,1.0,3.0,3,train,False
Narok,2013-10-01,2013,10,2,2,Stressed,0.0,1.534070931837292,0.9926699026877256,-0.1958677431710676,-1.033839849339702,1.6817856726381255,2.1781317296484484,24.032070746802223,34.56574030153808,83.71937442503956,-59.68730367823734,short_rains,449.4351533314782,2.0,3.0,3,train,False
Nyamira,2013-10-01,2013,10,1,1,Minimal,0.0,1.0,0.9997642108519644,-0.5441668569345429,-1.228510678017294,0.7952078628143116,1.3982121462065686,49.79365663689422,34.595010836557265,77.85824743452878,-28.06459079763456,short_rains,707.0676224501927,1.0,3.0,3,train,False
Nyandarua,2013-10-01,2013,10,1,1,Minimal,0.0,1.0012708819238296,0.999877973768995,1.0490160251120744,0.3387421691971148,1.2943682343762084,1.3270245784620516,64.89909747168164,82.84463533802877,84.97199888918199,-20.072901417500347,short_rains,478.59632261521887,1.0,3.0,3,train,False
Nyeri,2013-10-01,2013,10,1,1,Minimal,0.0,1.3902200484797762,0.9998586120217212,0.5527850018691084,-0.7999832966218725,0.5284097214741867,0.7019438597729623,48.536878254383474,59.419244429375176,70.7604362777904,-22.22355802340693,short_rains,596.5685209899478,1.0,3.0,3,train,False
Samburu,2013-10-01,2013,10,2,2,Stressed,0.0,2.0,0.9999416421795938,0.1662046864567768,-0.3952339519210626,1.2774991800273738,1.428648132768732,54.79955300506987,41.78077538758664,60.879405762541936,-6.079852757472068,short_rains,233.37064745956647,2.0,3.0,3,train,True
Siaya,2013-10-01,2013,10,1,1,Minimal,0.0,1.0,0.7119007907118109,-0.3357708764676761,-0.6714575221606709,0.4892860257296241,0.9965287787429948,13.9714874563991,0.0,45.61282337520892,-31.64133591880982,short_rains,703.9110029852106,1.0,3.0,3,train,False
Taita Taveta,2013-10-01,2013,10,2,2,Stressed,0.0,2.0,0.996630559288052,-1.0586361400707316,-1.26725922739557,0.3688686143561485,0.6187542200947842,11.580477947759237,21.732663092513423,40.050305607200734,-28.4698276594415,short_rains,337.281834884778,2.0,3.0,3,train,False
Tana River,2013-10-01,2013,10,2,2,Stressed,0.0,2.0,0.9998706188134208,-0.5346503314478941,-0.6720150400504243,0.5752731712798232,0.7394064019925765,41.82077705616568,38.48777875725956,43.2897880122253,-1.4690109560596198,short_rains,208.9215702880231,2.0,3.0,3,train,False
Tharaka-Nithi,2013-10-01,2013,10,2,2,Stressed,0.0,1.576766363133104,0.9998879028706624,-0.3974345849028937,-1.9738028699562544,0.1354203458065413,0.2563562528194598,23.532548889723007,28.42883403980055,54.73376308336292,-31.201214193639917,short_rains,386.5660928989662,2.0,3.0,3,train,False
Trans Nzoia,2013-10-01,2013,10,1,1,Minimal,0.0,1.000168616014676,0.9977121984288632,0.4508970786363619,0.5153416243208905,1.473077459631296,1.9332325730321396,7.701398232246506,70.9845506654102,64.93481100620315,-57.233412773956644,short_rains,575.422482832226,1.0,3.0,3,train,False
Turkana,2013-10-01,2013,10,2,2,Stressed,0.0,2.0,0.960595160672016,0.5683296855235433,0.0277518534951285,1.0282551341493245,1.339675140856816,48.094361863710766,41.29021034582821,73.09724482400398,-25.002882960293213,short_rains,134.93439886021372,2.0,3.0,3,train,True
Uasin Gishu,2013-10-01,2013,10,1,1,Minimal,0.0,1.0,0.9997765773368542,0.6138073058777195,0.554610556921589,1.5597917670939907,1.5880866049701974,58.30882182408286,78.22763267998121,69.51120540520637,-11.202383581123506,short_rains,466.5756532543863,1.0,3.0,3,train,False
Vihiga,2013-10-01,2013,10,1,1,Minimal,0.0,1.0,0.9994221612948906,-0.7615523118360562,-1.059738696411868,0.1925529362501992,0.9113613837489848,28.603064178616247,79.53477843408928,49.793809839701694,-21.190745661085447,short_rains,638.2354464495623,1.0,3.0,3,train,False
Wajir,2013-10-01,2013,10,2,2,Stressed,0.0,2.0,0.999679542768114,0.8334253222399972,-0.7309026685319263,1.3107926304363229,1.3339314527505617,71.98732503528412,53.882378762642766,63.58042995560907,8.406895079675046,short_rains,220.92597534518788,2.0,3.0,3,train,True
West Pokot,2013-10-01,2013,10,2,2,Stressed,0.0,1.999722180420104,0.9926181096342616,0.8751969410534676,0.4101921932137025,1.3163895405274642,1.6906059887846985,76.9805062263802,75.96417964997387,85.75137474176408,-8.770868515383881,short_rains,366.78840132412165,2.0,3.0,3,train,False
Baringo,2014-01-01,2014,1,2,2,Stressed,0.0,1.897477892711657,0.9998910957604972,0.3208926889521017,1.0729109447610246,1.4791925341280008,1.2337762485770725,67.42364777780712,83.72214556960806,96.05209250987232,-28.628444732065205,dry_jf,407.6410955536569,2.0,3.0,3,train,True
Bomet,2014-01-01,2014,1,1,1,Minimal,0.0,1.0000570618995908,0.9997382065021057,-0.4416716010284456,0.490505944607206,-0.5063002784834287,-0.1990082776415645,80.04742675768611,62.28253528571922,42.59606952104635,37.45135723663976,dry_jf,705.0356352221398,1.0,3.0,3,train,False
Bungoma,2014-01-01,2014,1,1,1,Minimal,0.0,1.0,0.9968273735961642,0.4025495718125967,1.6149138141879311,0.7511743193553299,0.0582639920799537,67.06327890525272,53.82957412227218,64.70805682965663,2.355222075596089,dry_jf,684.143518918554,1.0,3.0,3,train,False
Busia,2014-01-01,2014,1,1,1,Minimal,0.0,1.0,0.9128634605516268,-0.2128006842854725,1.0510630568731243,-0.0603291915310133,-0.495588338423312,70.072275781387,58.7846360688449,54.47916667005372,15.593109111333284,dry_jf,504.89251568895395,1.0,3.0,3,train,False
Elgeyo-Marakwet,2014-01-01,2014,1,1,1,Minimal,0.0,1.0013684998495582,0.9998673976024002,0.6623629540505438,1.5038252136248509,1.590153294649843,1.3131769683699248,83.54923570587596,83.46837224515278,77.58277522165531,5.966460484220647,dry_jf,424.00498148048365,1.0,3.0,3,train,False
Embu,2014-01-01,2014,1,2,2,Stressed,0.0,1.744555193752638,0.9998189289233737,-1.3914276539101882,-1.1961543138391728,-2.033842040148247,-0.2537280515292727,17.131995668551532,50.14183532370615,43.78814051508346,-26.65614484653193,dry_jf,401.4457023614595,2.0,3.0,3,train,False
Garissa,2014-01-01,2014,1,2,2,Stressed,0.0,2.0,0.999511246179476,-0.6632667119097782,-0.6329679327518242,-0.8696704757826492,-1.395573835274035,12.585645230609362,27.15422378324979,46.27174818660152,-33.686102955992155,dry_jf,210.6771075185111,2.0,3.0,3,train,False
Homa Bay,2014-01-01,2014,1,1,1,Minimal,0.0,1.0,0.66830422924983,-0.4935973421906364,0.7251103838493247,0.2236323868035877,0.3050694659464673,43.560543282503765,59.217769890466975,30.329463874871177,13.231079407632588,dry_jf,658.3122810444571,1.0,3.0,3,train,False
Isiolo,2014-01-01,2014,1,2,2,Stressed,0.0,1.9999284063821656,0.9999828087914956,-0.6567930453283619,-0.5105365113691381,-0.9591501876907162,-0.7000939908372242,14.430658136323869,36.63863438001098,33.58391370991107,-19.153255573587202,dry_jf,121.15801476654195,2.0,3.0,3,train,False
Kajiado,2014-01-01,2014,1,2,2,Stressed,0.0,1.8295994094902277,0.9867003715847948,-1.0074133290781266,-0.5964199318858586,-1.450392324318607,-0.5108887375749013,29.94417688391696,54.88515457589924,59.33560584550496,-29.391428961587998,dry_jf,244.0590119973267,2.0,3.0,3,train,False
Kakamega,2014-01-01,2014,1,1,1,Minimal,0.0,1.0,0.999664408296622,0.4301932612591232,1.780624554106793,0.5027034957323696,-0.0048970681953221,88.24769612841492,76.69938307090626,52.5494058146844,35.69829031373052,dry_jf,521.962946970816,1.0,3.0,3,train,False
Kericho,2014-01-01,2014,1,1,1,Minimal,0.0,1.0,0.9997003606571906,0.5393137048531199,1.506370666663368,0.982143348860291,0.6547639005026382,92.83102018035387,96.96697389861583,48.65124966406129,44.179770516292585,dry_jf,577.6437811642602,1.0,3.0,3,train,False
Kiambu,2014-01-01,2014,1,1,1,Minimal,0.0,1.001127542613087,0.9996988931369788,-1.4652932937332794,-0.2652910125065335,-1.4009591024914585,0.5686688199772068,70.35783262018026,81.32305650679487,55.22858558770565,15.12924703247461,dry_jf,365.1581675938478,1.0,3.0,3,train,False
Kilifi,2014-01-01,2014,1,2,2,Stressed,0.0,1.9997025253474088,0.9941397039213838,0.2077579088051026,0.3545254952264031,-0.0619780650202868,-1.511370181770198,43.9676822869496,48.94234058511904,28.72691142910491,15.240770857844687,dry_jf,485.9236308469297,2.0,3.0,3,train,False
Kirinyaga,2014-01-01,2014,1,1,1,Minimal,0.0,1.0053712521478133,0.9997852158056526,-1.419403687448559,-0.9776786756876056,-1.64068022148187,0.2862999061287055,75.30501922313337,50.29524253657133,46.30561160896878,28.99940761416459,dry_jf,523.427425427593,1.0,3.0,3,train,False
Kisii,2014-01-01,2014,1,1,1,Minimal,0.0,1.0,0.9995810852329324,-0.4990901912581482,0.2693331433403154,-0.5821548099744691,-0.0844922375745177,79.7702775244177,100.0,57.13421036791316,22.63606715650453,dry_jf,771.8724273402603,1.0,3.0,3,train,False
Kisumu,2014-01-01,2014,1,1,1,Minimal,0.0,1.0,0.7825715876310352,0.2468762972709121,1.456890128832898,0.36931548977147,-0.1822597809730049,76.70862283707535,56.729649176537215,48.40227716823317,28.306345668842184,dry_jf,650.4965825795291,1.0,3.0,3,train,False
Kitui,2014-01-01,2014,1,2,2,Stressed,0.0,2.0,0.999944695629578,-0.9166273400739596,-0.6894461741744523,-1.198502027084512,-0.3374814750347287,12.215166468683202,43.0379144753623,52.181094055208064,-39.96592758652486,dry_jf,350.0498777837523,2.0,3.0,3,train,False
Kwale,2014-01-01,2014,1,2,2,Stressed,0.0,1.5617253829720128,0.9912437907622343,0.5401981744173603,1.1317411920350289,0.5960833586558762,-0.4100022738196772,53.213757415977526,52.28431346022522,46.44933297066931,6.764424445308215,dry_jf,461.4118591660762,2.0,3.0,3,train,False
Laikipia,2014-01-01,2014,1,2,2,Stressed,0.0,1.6552218836201664,0.9999716984817336,-0.5510412600233234,0.3897510954104907,0.3807907926887841,1.0006478560590375,61.00179450375865,75.627204229705,76.66293336914866,-15.661138865390008,dry_jf,378.6133408439104,2.0,3.0,3,train,False
Lamu,2014-01-01,2014,1,2,2,Stressed,0.0,2.0,0.9772658860263104,-0.3012376031835383,-0.8821028265038664,-0.4866944712308572,-1.896167899447092,41.51907786891547,49.61332542209662,59.79846004949979,-18.27938218058432,dry_jf,394.8891092289726,2.0,3.0,3,train,False
Machakos,2014-01-01,2014,1,2,2,Stressed,0.0,1.8282997852182048,0.9998629511962126,-1.4148120493207352,-0.8417076041903849,-1.84937937102405,-0.1459618612057819,12.136798620166385,55.23913445006351,60.5014620139628,-48.36466339379642,dry_jf,347.0698296320569,2.0,3.0,3,train,False
Makueni,2014-01-01,2014,1,2,2,Stressed,0.0,1.9783283984457152,0.9998137915495175,-0.577353789083116,-0.3421866635487116,-0.9711239298211636,-0.716058335194532,17.35583755430087,49.26801500481943,53.25178792840413,-35.89595037410326,dry_jf,210.84898907247097,2.0,3.0,3,train,False
Mandera,2014-01-01,2014,1,2,2,Stressed,0.0,2.0,0.9935104441286544,-0.0028543512516876,0.0677894386164364,-0.2995538006342801,0.3490218820239216,32.50577326765954,44.02837820184194,75.29278885832557,-42.78701559066602,dry_jf,147.72597818452132,2.0,3.0,3,train,False
Marsabit,2014-01-01,2014,1,2,2,Stressed,0.0,2.0,0.9301329759074554,-0.0321512568571375,0.0217727404991243,-0.3314894382811931,-0.0150736323329415,17.262905821902102,51.55176631427364,46.285739049977664,-29.022833228075562,dry_jf,183.11284628508548,2.0,3.0,3,train,True
Meru,2014-01-01,2014,1,2,2,Stressed,0.0,1.5783811497185294,0.9998226856692622,-1.5211079866926682,-1.502017613184402,-2.425440447672908,-0.735153098011809,19.41168635725609,50.43532456580303,58.93819492237385,-39.526508565117766,dry_jf,469.95952152110806,2.0,3.0,3,train,False
Migori,2014-01-01,2014,1,1,1,Minimal,0.0,1.0,0.8116729345870676,-0.8676272846743487,0.1737996454994863,-0.5948789464293295,-0.2178774541259772,49.75691544696613,73.0900663977549,11.943361821151951,37.81355362581418,dry_jf,460.4970135975702,1.0,3.0,3,train,False
Mombasa,2014-01-01,2014,1,1,1,Minimal,0.0,1.0025156757359792,0.9456274732682326,0.1791718553350741,0.8038620542256516,0.4046072350926079,-0.7161576053180517,53.504322532976296,63.91280584200168,58.84775890354212,-5.343436370565826,dry_jf,339.4545465241538,1.0,3.0,3,train,False
Murang'a,2014-01-01,2014,1,1,1,Minimal,0.0,1.0013259757425912,0.9998268684991276,-1.470539126427493,-0.8580292298003898,-1.639885002713882,-0.0459235209437477,53.70283619583223,68.05380724615516,62.58795904040292,-8.885122844570695,dry_jf,600.9606534616394,1.0,3.0,3,train,False
Nairobi,2014-01-01,2014,1,1,1,Minimal,0.0,1.0311827358160603,0.9994581999066764,-1.3756659687964683,0.0615078636737848,-1.2587905086432392,0.8383327639920661,45.26410374160082,75.76607997566794,69.39965906564223,-24.135555324041405,dry_jf,349.07589029272395,1.0,3.0,3,train,False
Nakuru,2014-01-01,2014,1,1,1,Minimal,0.0,1.0006763363886138,0.9758049541717768,-0.551675544580841,0.4311536303971402,0.5987509654408755,1.0201421928857275,76.82388224046947,88.8154108152895,73.90701024119934,2.9168719992701284,dry_jf,337.82261196850334,1.0,3.0,3,train,False
Nandi,2014-01-01,2014,1,1,1,Minimal,0.0,1.0,0.9996627597035966,0.5598452216701446,1.7966959823992714,0.9253850615306016,0.2228134432456811,67.5424775966979,79.73699027096868,67.1810117972845,0.3614657994134092,dry_jf,636.3375639959971,1.0,3.0,3,train,False
Narok,2014-01-01,2014,1,2,2,Stressed,0.0,1.534070931837292,0.9926699026877256,-1.2357310448569097,0.5630011737028578,-0.5425522862625008,0.3131449575904453,59.28048615407384,58.80539802937743,45.78250971121698,13.49797644285686,dry_jf,449.4351533314782,2.0,3.0,3,train,False
Nyamira,2014-01-01,2014,1,1,1,Minimal,0.0,1.0,0.9997642108519644,-0.1072069647357811,0.3093470582233846,-0.6366880302180783,-0.393904329659334,87.40445750914829,100.0,65.19160973236208,22.212847776786205,dry_jf,707.0676224501927,1.0,3.0,3,train,False
Nyandarua,2014-01-01,2014,1,1,1,Minimal,0.0,1.0012708819238296,0.999877973768995,-0.5662542826986219,0.2350524866802327,0.3338260186252466,1.1543437586846386,72.21139274635189,88.20140763883133,56.793875330124,15.417517416227888,dry_jf,478.59632261521887,1.0,3.0,3,train,False
Nyeri,2014-01-01,2014,1,1,1,Minimal,0.0,1.3902200484797762,0.9998586120217212,-1.2725421160192627,-0.5797300373700737,-1.010523458681637,0.7147358245142286,70.21827880992801,94.87733234128476,74.25091812937302,-4.0326393194450105,dry_jf,596.5685209899478,1.0,3.0,3,train,False
Samburu,2014-01-01,2014,1,2,2,Stressed,0.0,2.0,0.9999416421795938,-0.4032262571864076,-0.5890289237987341,-0.7550457110838372,0.0254207676539475,27.726648799783774,48.457775267356176,48.213541097887386,-20.486892298103612,dry_jf,233.37064745956647,2.0,3.0,3,train,True
Siaya,2014-01-01,2014,1,1,1,Minimal,0.0,1.0,0.7119007907118109,-0.010397452116641,0.8496079803796946,-0.0118834433073399,-0.1498768043020052,55.84830482996668,66.22429219718852,60.161679270451,-4.313374440484324,dry_jf,703.9110029852106,1.0,3.0,3,train,False
Taita Taveta,2014-01-01,2014,1,2,2,Stressed,0.0,2.0,0.996630559288052,0.1116858384105145,0.1089566414239897,-0.4945250979181282,-1.3088659017596085,6.143446157342788,25.204005516768376,37.3928273613045,-31.24938120396171,dry_jf,337.281834884778,2.0,3.0,3,train,False
Tana River,2014-01-01,2014,1,2,2,Stressed,0.0,2.0,0.9998706188134208,-0.2771884993277536,-0.0864885110760838,-0.4192221532128754,-1.2409629256050052,21.125833971958134,41.52447423828776,56.28514488158784,-35.15931090962971,dry_jf,208.9215702880231,2.0,3.0,3,train,False
Tharaka-Nithi,2014-01-01,2014,1,2,2,Stressed,0.0,1.6578041883830674,0.9999051941607138,-1.4395123802498748,-1.4116393122032116,-2.376707412407111,-0.8055262254985851,3.628492672454732,51.814770585330535,62.08499405689938,-58.45650138444465,dry_jf,386.5660928989662,2.0,3.0,3,train,False
Trans Nzoia,2014-01-01,2014,1,1,1,Minimal,0.0,1.000168616014676,0.9977121984288632,1.111206561446043,2.2741853899994577,1.8623675714858632,1.2573797167078675,100.0,70.6969331429397,89.47500949265967,10.524990507340334,dry_jf,575.422482832226,1.0,3.0,3,train,False
Turkana,2014-01-01,2014,1,2,2,Stressed,0.231136598393467,2.2311365983934675,0.96060002404762,-0.0947974832888113,-0.1549730630949489,-0.0965867155437795,-0.0060422533581672,27.09044629750348,49.43715410051269,58.87616356669932,-31.78571726919584,dry_jf,134.93439886021372,2.0,3.0,3,train,True
Uasin Gishu,2014-01-01,2014,1,1,1,Minimal,0.0,1.0,0.9997765773368544,0.9578838159950376,1.9979798733787104,1.5837873812597592,1.39852489235348,93.77629453769498,92.322699536154,83.00704428132242,10.769250256372558,dry_jf,466.5756532543863,1.0,3.0,3,train,False
Vihiga,2014-01-01,2014,1,1,1,Minimal,0.0,1.0,0.9994221612948906,0.3257435023177397,1.6225956035282896,0.3200815366262514,-0.0410891736063784,85.05568838449122,84.66716045071401,58.53881586907672,26.516872515414498,dry_jf,638.2354464495623,1.0,3.0,3,train,False
Wajir,2014-01-01,2014,1,2,2,Stressed,0.0,2.0,0.999679542768114,-0.4040657366081679,-0.3450913873587987,-0.6669867181285525,0.4155436089591492,13.961043282984413,69.97373574083142,82.68767875349718,-68.72663547051278,dry_jf,220.92597534518788,2.0,3.0,3,train,True
West Pokot,2014-01-01,2014,1,2,2,Stressed,0.0100093983810478,2.009731581678653,0.9926283907303208,0.443621523948864,1.140977951458785,0.9271879503592144,0.567546559722633,54.35390855912036,72.26678189382486,90.15573268821686,-35.801824129096495,dry_jf,366.78840132412165,2.0,3.0,3,train,False
Baringo,2014-04-01,2014,4,2,2,Stressed,0.0,1.897477892711657,0.9998910957604972,-0.6361736506280087,0.7276389079311634,1.170615094110772,1.0297189078730695,56.702036927645935,73.83302705922642,76.07027930032501,-19.368242372679077,long_rains,407.6410955536569,2.0,3.0,3,train,True
Bomet,2014-04-01,2014,4,1,1,Minimal,0.0,1.0000570618995908,0.9997382065021057,-0.6721754122943594,0.0182853531710241,0.155653305086296,0.1936004886143911,74.01383597737117,57.94977617410062,36.80631460530493,37.207521372066246,long_rains,705.0356352221398,1.0,3.0,3,train,False
Bungoma,2014-04-01,2014,4,1,1,Minimal,0.0,1.0,0.9968273735961642,-0.1823049789284518,0.2254870265285093,1.2785031996217886,1.1253584443540363,79.49375852045074,59.3549608218141,77.96543237929114,1.5283261411595959,long_rains,684.143518918554,1.0,3.0,3,train,False
Busia,2014-04-01,2014,4,1,1,Minimal,0.0,1.0,0.9128634605516268,-0.0038071772586367,-0.28502084296838,0.2617355926296502,0.2268610208995971,61.49139814819608,70.06989627565181,52.31453416241212,9.17686398578396,long_rains,504.89251568895395,1.0,3.0,3,train,False
Elgeyo-Marakwet,2014-04-01,2014,4,1,1,Minimal,0.0,1.0013684998495582,0.9998673976024002,-0.7878835914630221,0.4882718700857305,1.2696510839167263,1.1675323654544445,61.46584642311108,80.18867974939826,72.68275000321063,-11.216903580099547,long_rains,424.00498148048365,1.0,3.0,3,train,False
Embu,2014-04-01,2014,4,2,2,Stressed,0.0,1.744555193752638,0.9998189289233737,-1.161802396019068,-0.8565808979453512,-1.2194040380091478,-1.4078176732108574,23.148938553628664,46.12272167390996,30.91945690873522,-7.770518355106557,long_rains,401.4457023614595,2.0,3.0,3,train,False
Garissa,2014-04-01,2014,4,2,2,Stressed,0.0,2.0,0.999511246179476,-0.8358634080806393,-0.592755747047275,-0.7552404681237764,-0.6710859986072231,30.82337675353227,35.891639409619714,30.033534289822956,0.7898424637093129,long_rains,210.6771075185111,2.0,3.0,3,train,False
Homa Bay,2014-04-01,2014,4,1,1,Minimal,0.0,1.0,0.66830422924983,-0.0055332383714334,0.2014359886944464,0.4238634660425559,0.5534910887594092,54.21263330086902,63.00899508827709,53.82883748364925,0.3837958172197702,long_rains,658.3122810444571,1.0,3.0,3,train,False
Isiolo,2014-04-01,2014,4,2,2,Stressed,0.0,1.9999284063821656,0.9999828087914956,-1.0854740592441268,-0.4907666404792412,-0.5769707499578137,-0.1705281995420215,23.256781365234367,31.504698308509465,42.55715259187185,-19.30037122663748,long_rains,121.15801476654195,2.0,3.0,3,train,False
Kajiado,2014-04-01,2014,4,2,2,Stressed,0.0,1.8295994094902277,0.9867003715847948,-1.2184405000347744,0.0359456218690457,-0.0361489685298411,-0.4668560882987188,45.86523472805823,68.35641741283551,16.810265317979255,29.05496941007898,long_rains,244.0590119973267,2.0,3.0,3,train,False
Kakamega,2014-04-01,2014,4,1,1,Minimal,0.0,1.0,0.999664408296622,-0.460823517202316,0.1242149191833705,1.3333523269994407,1.1118890615718755,69.73763896184708,70.3555477949574,58.111144221668255,11.626494740178828,long_rains,521.962946970816,1.0,3.0,3,train,False
Kericho,2014-04-01,2014,4,1,1,Minimal,0.0,1.0,0.9997003606571906,-0.9278351242176444,0.2431514174869424,0.9166753060134368,1.438482961973139,62.53216478266857,76.39630145005823,56.00756230856415,6.524602474104427,long_rains,577.6437811642602,1.0,3.0,3,train,False
Kiambu,2014-04-01,2014,4,1,1,Minimal,0.0,1.001127542613087,0.9996988931369788,-0.903661171527826,-0.0600684947875699,-0.1621561738475542,-0.8702081915903841,53.17281605297351,51.95358659059452,3.53164230741905,49.64117374555446,long_rains,365.1581675938478,1.0,3.0,3,train,False
Kilifi,2014-04-01,2014,4,2,2,Stressed,0.0,1.9997025253474088,0.9941397039213838,-0.8377646211370123,-0.2754230494442681,-0.0330954174102091,0.0288720312269636,35.21867867360595,45.85992922476289,33.851089749737696,1.3675889238682544,long_rains,485.9236308469297,2.0,3.0,3,train,False
Kirinyaga,2014-04-01,2014,4,1,1,Minimal,0.0,1.0053712521478133,0.9997852158056526,-1.111612289023879,-0.5417919415729642,-0.9460216527318336,-1.1216974679595264,23.979411648399957,31.75873953299604,36.406336824269786,-12.42692517586983,long_rains,523.427425427593,1.0,3.0,3,train,False
Kisii,2014-04-01,2014,4,1,1,Minimal,0.0,1.0,0.9995810852329328,-0.1991178575710089,0.1446059594970012,0.2080544569766514,0.1495317742253819,78.35369231180614,69.39366886749525,77.50757472482566,0.8461175869804833,long_rains,771.8724273402603,1.0,3.0,3,train,False
Kisumu,2014-04-01,2014,4,1,1,Minimal,0.0,1.0,0.7825715876310352,-0.707806554652371,0.0880061465272206,0.6604804575583814,1.0045148628233933,44.56062298599621,54.14102066948199,26.761212370314205,17.799410615682007,long_rains,650.4965825795291,1.0,3.0,3,train,False
Kitui,2014-04-01,2014,4,2,2,Stressed,0.0,1.9979005859844576,0.999947914319168,-1.299673089800173,-0.5737678542992156,-0.6841420585296075,-0.7216110511775211,49.34931307659879,65.30860469860828,24.81090964698834,24.53840342961045,long_rains,350.0498777837523,2.0,3.0,3,train,False
Kwale,2014-04-01,2014,4,2,2,Stressed,0.0,1.5617253829720128,0.9912437907622343,-1.147251116328792,0.0644329791986366,0.5817278167065066,0.7651444536903333,26.045775989635214,51.838485525250725,52.41188657837381,-26.366110588738596,long_rains,461.4118591660762,2.0,3.0,3,train,False
Laikipia,2014-04-01,2014,4,2,2,Stressed,0.0,1.6552218836201664,0.9999716984817336,-0.9868760355608266,0.128720987924427,0.2377633383455442,0.1173848496835851,42.02147334400667,64.08091607437765,53.00150348327413,-10.980030139267456,long_rains,378.6133408439104,2.0,3.0,3,train,False
Lamu,2014-04-01,2014,4,2,2,Stressed,0.0,2.0,0.9772658860263104,-0.6346527268749851,-0.1919717468603808,-0.6626058903813996,-0.2574905136497964,37.79212013733312,53.20067046792522,47.96273760079935,-10.170617463466229,long_rains,394.8891092289726,2.0,3.0,3,train,False
Machakos,2014-04-01,2014,4,2,2,Stressed,0.0,1.826848806877564,0.999871839620852,-1.1874227705357967,-0.7654140358642018,-0.8925156118802852,-1.338021773654996,45.05878986574777,65.50200314041635,12.087803560016065,32.97098630573171,long_rains,347.0698296320569,2.0,3.0,3,train,False
Makueni,2014-04-01,2014,4,2,2,Stressed,0.0,1.5951820320479726,0.9999571733721252,-1.2325096963279267,-0.348106353962557,-0.3949677754734095,-0.3933220646042843,53.45280486747935,74.45871880711024,19.85097070943891,33.60183415804044,long_rains,210.84898907247097,2.0,3.0,3,train,False
Mandera,2014-04-01,2014,4,2,2,Stressed,0.0,2.0,0.9935104441286544,-0.4988263019535836,1.2129376607813118,0.7404956643982908,0.9736193236859112,24.76737331591313,34.19846676318161,58.10975437582024,-33.34238105990711,long_rains,147.72597818452132,2.0,3.0,3,train,False
Marsabit,2014-04-01,2014,4,2,2,Stressed,0.4218062453639331,2.4218062453639333,0.9301349704866002,-1.121548987669053,0.4075862243253489,0.2933349942281936,1.030661356760371,21.62104786012284,26.95844146773648,54.16564666321266,-32.544598803089826,long_rains,183.11284628508548,2.0,3.0,3,train,True
Meru,2014-04-01,2014,4,2,2,Stressed,0.0,1.5783811497185285,0.9998226856692592,-1.339127542118145,-0.5359199263365895,-0.987082949419972,-0.8032610083350674,44.5293712486468,66.94874915082839,36.12183995428182,8.40753129436498,long_rains,469.95952152110806,2.0,3.0,3,train,False
Migori,2014-04-01,2014,4,1,1,Minimal,0.0,1.0,0.8116729345870676,0.2753813881919241,0.1801510683069353,0.1838356475613775,0.2614181104486244,56.10935062181044,76.21422915329275,31.141234684279677,24.968115937530765,long_rains,460.4970135975702,1.0,3.0,3,train,False
Mombasa,2014-04-01,2014,4,1,1,Minimal,0.0,1.0025156757359792,0.9456274732682326,-0.8324697035118327,0.0315312202001355,0.4566707810626094,0.4121556095477218,33.59943190964928,34.32288121689211,47.78598201838238,-14.186550108733094,long_rains,339.4545465241538,1.0,3.0,3,train,False
Murang'a,2014-04-01,2014,4,1,1,Minimal,0.0,1.0013259757425912,0.9998268684991276,-0.9905933713758884,0.0168974717665412,-0.3683496659822434,-0.7451816826892806,30.108583601185224,58.44532170845795,35.46406969496972,-5.355486093784499,long_rains,600.9606534616394,1.0,3.0,3,train,False
Nairobi,2014-04-01,2014,4,1,1,Minimal,0.0,1.0311827358160603,0.9994581999066732,-0.8534319400268195,-0.1133083617337451,-0.1247454361082156,-0.7696728020682786,47.37849218726003,59.75205618312916,0.0,47.37849218726003,long_rains,349.07589029272395,1.0,3.0,3,train,False
Nakuru,2014-04-01,2014,4,1,1,Minimal,0.0,1.0006763363886138,0.9758049541717768,-0.6735876877878889,0.353063687944009,0.4875370363019786,0.2378434930050998,60.97616168637385,71.90630530848405,63.57336436973829,-2.5972026833644435,long_rains,337.82261196850334,1.0,3.0,3,train,False
Nandi,2014-04-01,2014,4,1,1,Minimal,0.0,1.0,0.9996627597035966,-1.0970636096366646,0.2810433327834033,1.4130433573198138,1.5030911503062665,73.5880375480264,80.81570439185239,74.44137265794164,-0.8533351099152355,long_rains,636.3375639959971,1.0,3.0,3,train,False
Narok,2014-04-01,2014,4,2,2,Stressed,0.0,1.5340709318372925,0.9926699026877254,-0.9358884805917588,0.0168788238350026,0.1517692559968466,-0.2406439242089043,59.3734476889246,59.74224197647596,15.976242242010033,43.39720544691457,long_rains,449.4351533314782,2.0,3.0,3,train,False
Nyamira,2014-04-01,2014,4,1,1,Minimal,0.0,1.0,0.9997642108519644,-0.5300022136790838,0.0334737961359208,0.134223306086882,0.4022546946614812,75.85493466781132,69.69928582208358,61.270000766394425,14.584933901416896,long_rains,707.0676224501927,1.0,3.0,3,train,False
Nyandarua,2014-04-01,2014,4,1,1,Minimal,0.0,1.0012708819238296,0.999877973768995,-0.7674635065017857,0.3796690016759081,0.364394107941972,-0.1134636530270161,76.34827585420143,58.20206317577896,67.19190813808963,9.156367716111802,long_rains,478.59632261521887,1.0,3.0,3,train,False
Nyeri,2014-04-01,2014,4,1,1,Minimal,0.0,1.3902200484797762,0.9998586120217212,-1.070750415935022,-0.092767083744614,-0.3949392232478222,-0.6665877542800419,49.88122473782126,34.65457762188348,60.25412677581103,-10.372902037989768,long_rains,596.5685209899478,1.0,3.0,3,train,False
Samburu,2014-04-01,2014,4,2,2,Stressed,0.0005788705401221,2.000578870540122,0.9999420554346252,-0.988249176678268,-0.1520907327578803,-0.3297377854598229,0.0165332133325492,42.50383994245923,66.95653945676405,70.87289704551016,-28.369057103050928,long_rains,233.37064745956647,2.0,3.0,3,train,True
Siaya,2014-04-01,2014,4,1,1,Minimal,0.0,1.0,0.7119007907118109,-0.1263176586669654,-0.0302683231057086,0.2772262248003098,0.3198369642716595,47.12688138651287,50.20240451174946,47.67050308015702,-0.5436216936441483,long_rains,703.9110029852106,1.0,3.0,3,train,False
Taita Taveta,2014-04-01,2014,4,2,2,Stressed,0.0,1.999999165447392,0.9966305592880512,-1.4030833947907138,0.0447569469296017,0.0310319315364801,-0.1856040168280532,40.75326694270063,52.4686438073947,0.0,40.75326694270063,long_rains,337.281834884778,2.0,3.0,3,train,False
Tana River,2014-04-01,2014,4,2,2,Stressed,0.0,2.0,0.9998706188134208,-1.1231121059542568,-0.4886686610921525,-0.4635332425447124,-0.3895208254599676,30.510713729258264,36.66691752181558,19.61343118614468,10.897282543113583,long_rains,208.9215702880231,2.0,3.0,3,train,False
Tharaka-Nithi,2014-04-01,2014,4,2,2,Stressed,0.0,1.6578041883830674,0.9999051941607138,-1.2555728362497918,-0.6336832668181863,-1.0451386403728715,-1.0046973016445166,42.8441651318896,41.56560536062356,24.51344230233797,18.330722829551632,long_rains,386.5660928989662,2.0,3.0,3,train,False
Trans Nzoia,2014-04-01,2014,4,1,1,Minimal,0.0,1.000168616014676,0.9977121984288632,-0.4187306418912194,0.6677610476908459,2.318950525246813,1.8792804524522309,61.36292284199018,74.23751505777098,82.66944917410837,-21.30652633211818,long_rains,575.422482832226,1.0,3.0,3,train,False
Turkana,2014-04-01,2014,4,2,2,Stressed,0.2978845759634119,2.297884575963412,0.9606015442014832,-1.1158789384715608,0.2748133812183271,0.0697654035348269,0.7429104294041695,23.306718412486266,32.64204263210373,52.00503740930746,-28.698318996821197,long_rains,134.93439886021372,2.0,3.0,3,train,True
Uasin Gishu,2014-04-01,2014,4,1,1,Minimal,0.0,1.0,0.9997765773368544,-0.9719752416824092,0.4790586649029107,1.695206057471344,1.5774536630821814,63.86824773177204,81.42106510174972,92.50685899984272,-28.638611268070683,long_rains,466.5756532543863,1.0,3.0,3,train,False
Vihiga,2014-04-01,2014,4,1,1,Minimal,0.0,1.0,0.9994221612948906,-0.4098317210287552,0.0272807153006485,0.8799005249541672,0.6887334375812155,66.32852484196165,69.8690076162891,44.34941616048759,21.97910868147406,long_rains,638.2354464495623,1.0,3.0,3,train,False
Wajir,2014-04-01,2014,4,2,2,Stressed,0.0,2.0,0.9996810210934668,-0.6941083246295778,-0.164512368294966,-0.296558869408141,-0.1123877152174092,9.625612937462211,15.268533512728116,32.46682206888915,-22.84120913142694,long_rains,220.92597534518788,2.0,3.0,3,train,True
West Pokot,2014-04-01,2014,4,2,2,Stressed,0.0100093983810478,2.009731581678653,0.9926283907303208,-0.8856661595098905,-0.0111298520720852,0.7385264509861994,0.958136747054832,51.35752403370655,74.51465996131378,85.12698446806324,-33.769460434356695,long_rains,366.78840132412165,2.0,3.0,3,train,False
Baringo,2014-07-01,2014,7,2,2,Stressed,0.0,1.759701294551703,0.9999025772283886,-1.803737370001084,-0.6225631946533383,-0.0388802583832076,0.7839188524266306,26.50082262015297,48.77800273289166,33.34924978391931,-6.848427163766342,dry_jjas,407.6410955536569,2.0,3.0,3,train,True
Bomet,2014-07-01,2014,7,1,1,Minimal,0.0,1.001192068912881,0.9997423525638208,-3.269306871431183,-0.4256729198094754,-0.2697235010439428,0.7288453881760685,46.33715577517747,80.67101560236752,70.57799149942558,-24.240835724248107,dry_jjas,705.0356352221398,1.0,3.0,3,train,False
Bungoma,2014-07-01,2014,7,1,1,Minimal,0.0,1.0,0.9968273735961642,-2.131397579789289,-1.0130934484949952,-0.533171966981675,0.249246937514318,66.658729868005,61.07792671698695,44.74409261991919,21.914637248085803,dry_jjas,684.143518918554,1.0,3.0,3,train,False
Busia,2014-07-01,2014,7,1,1,Minimal,0.0,1.0,0.9128634605516268,-1.614026115296491,-0.817075021390527,-0.7245175651743526,0.3133443669807888,52.88545436105293,44.7241524969528,28.6527014884123,24.232752872640628,dry_jjas,504.89251568895395,1.0,3.0,3,train,False
Elgeyo-Marakwet,2014-07-01,2014,7,1,1,Minimal,0.0,1.0013683956975723,0.9998672933259388,-2.185398255367205,-1.2246844324368082,-0.5382214920913164,0.3023041488806725,39.15523756277332,51.7441742899467,31.157715976451087,7.997521586322236,dry_jjas,424.00498148048365,1.0,3.0,3,train,False
Embu,2014-07-01,2014,7,1,1,Minimal,0.0,1.1556016073908435,0.9999079201820218,-1.0155709714856282,-0.064729466350497,-0.6716167194726206,-0.1095010171418504,79.95911458626547,57.91228012276831,19.825476512771036,60.13363807349444,dry_jjas,401.4457023614595,2.0,3.0,3,train,False
Garissa,2014-07-01,2014,7,2,2,Stressed,0.0,1.993170376372002,0.9995409441129928,0.7034832532610698,0.5372219341434216,-0.2200056911194538,-0.3600218630153798,45.10977825517013,43.6593669568435,19.66853636325652,25.441241891913606,dry_jjas,210.6771075185111,2.0,3.0,3,train,False
Homa Bay,2014-07-01,2014,7,1,1,Minimal,0.0,1.0,0.66830422924983,-2.513534568855974,-1.0719200965016384,-0.4516937223665527,0.3333167905542906,45.32787294199704,59.33453472147218,24.29676331831019,21.031109623686852,dry_jjas,658.3122810444571,1.0,3.0,3,train,False
Isiolo,2014-07-01,2014,7,2,2,Stressed,0.0021423850584971,2.002056725827115,0.9999828117209584,0.0055144465649636,0.401777282025616,-0.0504939772913306,-0.8382990475024891,35.00195712191738,46.20341809592942,24.74116271483353,10.26079440708385,dry_jjas,121.15801476654195,2.0,3.0,3,train,False
Kajiado,2014-07-01,2014,7,2,2,Stressed,0.0,1.9993977207889089,0.9866998882124024,-1.952666024849758,-0.1053667206802094,-0.1022424887017536,0.6195353974924213,47.77410940429986,70.53649244746423,54.099837441972056,-6.325728037672199,dry_jjas,244.0590119973267,2.0,3.0,3,train,False
Kakamega,2014-07-01,2014,7,1,1,Minimal,0.0,1.0,0.9996644082966224,-1.9674311496215369,-0.9552196390424894,-0.5821606747623782,0.4330301104448231,42.01345590580858,54.9904288826508,40.182413837809726,1.831042067998851,dry_jjas,521.962946970816,1.0,3.0,3,train,False
Kericho,2014-07-01,2014,7,1,1,Minimal,0.0,1.0,0.9997003606571924,-2.5626067150336165,-0.5620056296499918,-0.2057338218660697,0.6237664138847603,69.83059221826962,63.1163751124177,41.801998304503776,28.02859391376584,dry_jjas,577.6437811642602,1.0,3.0,3,train,False
Kiambu,2014-07-01,2014,7,1,1,Minimal,0.0,1.00218406706597,0.9996990996417529,-2.0915683606747297,-0.2717724852373316,-0.2885298741515816,0.672723173128226,100.0,82.3972485749464,71.90516602865074,28.09483397134926,dry_jjas,365.1581675938478,1.0,3.0,3,train,False
Kilifi,2014-07-01,2014,7,2,2,Stressed,0.0,1.554578375118668,0.9941559519052248,-1.1399730755863304,0.1504508877574206,-0.165892419922166,-0.0580895475302477,59.060641163638174,51.414271329385656,30.184778446206472,28.8758627174317,dry_jjas,485.9236308469297,2.0,3.0,3,train,False
Kirinyaga,2014-07-01,2014,7,1,1,Minimal,0.0,1.000036250746341,0.9997566177338534,-1.0507779910377333,-0.0529204562158453,-0.4390032474936263,0.1681903264739089,100.0,79.24659389895626,56.96369612784752,43.03630387215248,dry_jjas,523.427425427593,1.0,3.0,3,train,False
Kisii,2014-07-01,2014,7,1,1,Minimal,0.0,1.0,0.9995810852329324,-2.4516107120917865,-0.6798859311086699,-0.3236518785481986,0.4961341273623281,53.23508643811601,63.35685439196656,38.28242812907642,14.952658309039585,dry_jjas,771.8724273402603,1.0,3.0,3,train,False
Kisumu,2014-07-01,2014,7,1,1,Minimal,0.0,1.0,0.7825715876310351,-2.4513322890585227,-0.8034593590579191,-0.4206374570422881,0.3812789452869409,11.123412357042278,43.75243851403079,16.24820736319921,-5.124795006156932,dry_jjas,650.4965825795291,1.0,3.0,3,train,False
Kitui,2014-07-01,2014,7,2,2,Stressed,0.0,1.995774661324606,0.9999452912168127,-0.8304157629840919,0.2024231134552951,-0.4245295969436932,-0.2885125893996806,66.9501122334754,45.1527845762454,28.962884616128985,37.987227617346406,dry_jjas,350.0498777837523,2.0,3.0,3,train,False
Kwale,2014-07-01,2014,7,2,2,Stressed,0.0,1.876743356461835,0.9912380957227191,-1.2346025582541733,0.5744379218207959,0.3612462939719046,-0.0297969821589069,54.1325469127444,43.34702158052456,17.767716970050074,36.36482994269433,dry_jjas,461.4118591660762,2.0,3.0,3,train,False
Laikipia,2014-07-01,2014,7,2,2,Stressed,0.0,1.9073046455295009,0.9999666697850788,-0.5117294010214651,0.488202407656716,0.4190241778101388,0.6308876413388069,47.421079385439015,58.61714135338385,35.44272819505816,11.978351190380856,dry_jjas,378.6133408439104,2.0,3.0,3,train,False
Lamu,2014-07-01,2014,7,1,1,Minimal,0.0,1.019914068052655,0.9772940962519592,-0.4381185421894691,-0.2450403145186332,-0.3372194561651167,-0.4869889070871107,53.58590738074229,41.44547302628118,32.243175017348726,21.342732363393566,dry_jjas,394.8891092289726,2.0,3.0,3,train,False
Machakos,2014-07-01,2014,7,1,1,Minimal,0.0,1.462980613501622,0.999906038138186,-1.7382134380898264,0.088055103685575,-0.6035274386720586,0.2481657883211869,75.24296624207368,70.19260684917857,46.73263591549368,28.510330326579997,dry_jjas,347.0698296320569,2.0,3.0,3,train,False
Makueni,2014-07-01,2014,7,2,2,Stressed,0.0,1.6971507003875066,0.9999571210942516,-1.5167571367963597,-0.0841324579969225,-0.4263251063990168,0.0759061365138409,86.09442444812038,61.95515736733937,46.95668781978331,39.137736628337066,dry_jjas,210.84898907247097,2.0,3.0,3,train,False
Mandera,2014-07-01,2014,7,2,2,Stressed,0.0,2.0,0.9935104441286544,-0.1519550751542874,-0.0055499801544513,0.7714385443112788,-0.8802172580915849,40.641953060877896,47.57891627474012,22.127827723286646,18.51412533759125,dry_jjas,147.72597818452132,2.0,3.0,3,train,False
Marsabit,2014-07-01,2014,7,3,3,Crisis or worse,0.7110237826316723,2.7110237826316723,0.9301390891057544,-0.7742875489140185,-0.187552904052752,0.0895836332591181,-0.7135628719246264,40.00235196357378,70.43036896815629,33.502714765799496,6.499637197774284,dry_jjas,183.11284628508548,2.0,3.0,3,train,True
Meru,2014-07-01,2014,7,1,1,Minimal,0.0,1.454424140847738,0.9998789761636676,-0.6863467988999801,0.0434605467813023,-0.391876375784385,-0.486242367784984,84.74987514186886,54.97667309026997,29.94717417643573,54.802700965433125,dry_jjas,469.95952152110806,2.0,3.0,3,train,False
Migori,2014-07-01,2014,7,1,1,Minimal,0.0,1.0,0.8116729345870678,-2.958457161821721,-1.004138744699395,-0.4541257954553408,0.3770502768567068,47.83393100107247,63.3107708916922,33.660482985086205,14.173448015986267,dry_jjas,460.4970135975702,1.0,3.0,3,train,False
Mombasa,2014-07-01,2014,7,1,1,Minimal,0.0,1.0025156757359792,0.9456274732682326,-1.883142276456536,-0.3930525420309509,-0.3536198310988781,0.0211633694622204,60.33477120776133,43.26092195407448,18.805402872684308,41.529368335077024,dry_jjas,339.4545465241538,1.0,3.0,3,train,False
Murang'a,2014-07-01,2014,7,1,1,Minimal,0.0,1.0011679908651794,0.9998268684991276,-1.9367249972081255,-0.3769078773745419,-0.318687122276239,0.7345746346733246,100.0,79.72994036656432,53.95024406841768,46.04975593158232,dry_jjas,600.9606534616394,1.0,3.0,3,train,False
Nairobi,2014-07-01,2014,7,1,1,Minimal,0.0,1.0108131895359571,0.999380821442472,-1.947076262477824,-0.158064638540979,-0.2413683642083371,0.5448404034194334,70.27390461240124,84.64172487746337,58.39087411812607,11.883030494275168,dry_jjas,349.07589029272395,1.0,3.0,3,train,False
Nakuru,2014-07-01,2014,7,1,1,Minimal,0.0,1.0037391504848217,0.9758112434731088,-1.9842105662096836,-0.1436639457807496,0.1046811405444284,0.8725772177034377,49.074652380681535,66.9529523551545,58.33629784654223,-9.261645465860695,dry_jjas,337.82261196850334,1.0,3.0,3,train,False
Nandi,2014-07-01,2014,7,1,1,Minimal,0.0,1.0,0.999662759703597,-2.240167575991303,-0.6971713129541096,-0.2853711276283866,0.6758710795869859,60.17039892238919,74.0727555865249,55.22008720151927,4.950311720869919,dry_jjas,636.3375639959971,1.0,3.0,3,train,False
Narok,2014-07-01,2014,7,2,2,Stressed,0.0,1.8406373527905968,0.9926663120912106,-2.162965166352227,-0.1824893747331264,-0.1249085709291679,0.8109975734813617,44.29177719965956,64.49220730426622,49.23285585535436,-4.941078655694795,dry_jjas,449.4351533314782,2.0,3.0,3,train,False
Nyamira,2014-07-01,2014,7,1,1,Minimal,0.0,1.0,0.9997642108519644,-2.6318514538883773,-0.5839941297247246,-0.3439870881824764,0.4528675775731631,50.90285194054319,63.634579353454,35.16099041569849,15.741861524844694,dry_jjas,707.0676224501927,1.0,3.0,3,train,False
Nyandarua,2014-07-01,2014,7,1,1,Minimal,0.0,1.0012708819238296,0.999877973768995,-1.57158142209726,0.16064878335328,0.3151804013483472,0.96409047492355,66.20121426525913,69.47326488059022,65.62179391231419,0.5794203529449362,dry_jjas,478.59632261521887,1.0,3.0,3,train,False
Nyeri,2014-07-01,2014,7,1,1,Minimal,0.0,1.3904877355173728,0.9998584883435062,-0.9108472595248258,0.4305227157881997,0.2388995295561743,0.643542197151926,80.39902523244045,59.68721007950668,56.63490206316802,23.76412316927243,dry_jjas,596.5685209899478,1.0,3.0,3,train,False
Samburu,2014-07-01,2014,7,2,2,Stressed,0.0005788705401221,2.000578870540122,0.9999420554346252,-0.3902499539348311,0.3408476985280487,0.1409565329647724,0.0437782836080393,52.22391994180448,62.42817680157735,33.40165600425529,18.822263937549195,dry_jjas,233.37064745956647,2.0,3.0,3,train,True
Siaya,2014-07-01,2014,7,1,1,Minimal,0.0,1.0,0.7119007907118109,-1.7111962180141476,-1.0066549729001708,-0.6223330257415388,0.3079003161214288,36.93410542527501,37.08395366901246,19.593530532440862,17.340574892834145,dry_jjas,703.9110029852106,1.0,3.0,3,train,False
Taita Taveta,2014-07-01,2014,7,1,1,Minimal,0.0,1.38402227567792,0.9966634652139164,-1.0552900131026923,0.4624162463334527,0.2508689228715275,0.4135019718484533,55.94794505284746,50.10337567623804,42.510282557555726,13.437662495291733,dry_jjas,337.281834884778,2.0,3.0,3,train,False
Tana River,2014-07-01,2014,7,2,2,Stressed,0.0,1.9161471737363207,0.999877905038154,0.508408246022185,0.7618987101894868,-0.0234307943605602,-0.3169222327710393,51.67175182333548,46.21373867642767,20.49648328457624,31.175268538759237,dry_jjas,208.9215702880231,2.0,3.0,3,train,False
Tharaka-Nithi,2014-07-01,2014,7,2,2,Stressed,0.0,1.5739883968617654,0.99989691380049,-1.0284772111415728,-0.3318473482772827,-0.7225244987348423,-0.3888807296730069,49.83529812976183,35.78355685419441,18.233267806612183,31.60203032314965,dry_jjas,386.5660928989662,2.0,3.0,3,train,False
Trans Nzoia,2014-07-01,2014,7,1,1,Minimal,0.0,1.000079835388598,0.9976864050043228,-3.401564985228509,-1.713189100320751,-0.721313649228698,0.2343656041774841,66.34978489082361,57.28780241247914,29.400102885122667,36.94968200570095,dry_jjas,575.422482832226,1.0,3.0,3,train,False
Turkana,2014-07-01,2014,7,2,2,Stressed,0.1336766489125,2.1336766489125,0.9606036726415692,-1.3215633556961728,-0.1969061941078524,-0.0441102219774565,-0.3526509639672721,34.688060883234584,42.049369196985616,12.835931704843516,21.852129178391067,dry_jjas,134.93439886021372,2.0,3.0,3,train,True
Uasin Gishu,2014-07-01,2014,7,1,1,Minimal,0.0,1.0,0.9997765773368544,-2.3204773777995262,-1.0026653657693785,-0.3873979089901084,0.4594786507367769,29.894419353720476,54.07132230252879,42.05124797969387,-12.156828625973393,dry_jjas,466.5756532543863,1.0,3.0,3,train,False
Vihiga,2014-07-01,2014,7,1,1,Minimal,0.0,1.0,0.9994221612948906,-2.034284726150597,-0.9852160918513136,-0.6156680287347346,0.5498351212586851,45.072662212614105,44.55541713491463,40.161052180146775,4.91161003246733,dry_jjas,638.2354464495623,1.0,3.0,3,train,False
Wajir,2014-07-01,2014,7,2,2,Stressed,0.0,2.0,0.9996795427681142,0.2170141756932729,0.3182887327653436,0.0938390803158083,-0.646101157434746,36.33243392289526,44.00227150639149,17.6029519493434,18.729481973551863,dry_jjas,220.92597534518788,2.0,3.0,3,train,True
West Pokot,2014-07-01,2014,7,2,2,Stressed,0.01000929457747,1.9742153761029344,0.9926386850000684,-3.1740414223388167,-2.1301366783934466,-1.6224969226957588,-0.5921042899353629,35.707787454402755,46.84496511760875,21.99967245619469,13.708114998208064,dry_jjas,366.78840132412165,2.0,3.0,3,train,False
Baringo,2014-10-01,2014,10,2,2,Stressed,0.0,1.7129870071301685,0.9999123624072944,-0.4784277781067325,-0.9305402677472304,-1.0024595839063002,-1.0723460037744497,28.959354102948943,29.372914223008923,21.017469363125528,7.941884739823415,short_rains,407.6410955536569,2.0,3.0,3,train,True
Bomet,2014-10-01,2014,10,1,1,Minimal,0.0,1.0,0.999729073525429,0.177890728514657,-0.3056112184908023,-0.5115741069990076,-1.5897999334024406,38.26726095912915,38.85765272261984,0.0,38.26726095912915,short_rains,705.0356352221398,1.0,3.0,3,train,False
Bungoma,2014-10-01,2014,10,1,1,Minimal,0.0,1.0,0.9968273735961644,0.8317846079107424,1.464212918397267,0.3040011796067603,-0.2951950402729482,35.01123607703501,83.10850981778387,66.89724611215307,-31.886010035118062,short_rains,684.143518918554,1.0,3.0,3,train,False
Busia,2014-10-01,2014,10,1,1,Minimal,0.0,1.0,0.9128634605516268,0.8635255926287022,1.654267864440103,0.4226756306856257,-0.2420885385964145,42.89414069641792,38.963633465004335,99.38412676356263,-56.48998606714471,short_rains,504.89251568895395,1.0,3.0,3,train,False
Elgeyo-Marakwet,2014-10-01,2014,10,1,1,Minimal,0.0,1.0012773342366463,0.9998671153668504,-0.2963526182878286,-0.7393126915318181,-1.2887484827958513,-1.2959354236191027,16.03232280070511,81.96106981444174,32.12339271754529,-16.091069916840183,short_rains,424.00498148048365,1.0,3.0,3,train,False
Embu,2014-10-01,2014,10,1,1,Minimal,0.0,1.3370725929478269,0.9999483687454,-0.510215255693436,-0.8575592252682281,-0.4267619473595264,-0.6618500049315009,10.593077664235077,27.18430942859088,6.404485810654446,4.188591853580631,short_rains,401.4457023614595,1.0,3.0,3,train,False
Garissa,2014-10-01,2014,10,2,2,Stressed,0.0804918702810077,2.0736623098671187,0.9995501958198022,-0.6957577561760625,0.5519270669889237,0.6478683607574154,0.7875318470405588,16.20337875661384,36.9173181798293,28.017410473052852,-11.814031716439011,short_rains,210.6771075185111,2.0,3.0,3,train,False
Homa Bay,2014-10-01,2014,10,1,1,Minimal,0.0,1.0,0.66830422924983,0.0804613550387947,0.6721220606146219,-0.419660216433755,-0.9877858645697872,21.627453060848893,60.98726214716167,69.0100191178119,-47.382566056963,short_rains,658.3122810444571,1.0,3.0,3,train,False
Isiolo,2014-10-01,2014,10,2,2,Stressed,0.1579574686709959,2.1578332296694844,0.9999913459442036,-1.2498708966759582,-0.9203147969124496,0.3011830588748195,0.2954157810738678,6.232861397720848,12.2919532533027,16.829148151680194,-10.596286753959346,short_rains,121.15801476654195,2.0,3.0,3,train,False
Kajiado,2014-10-01,2014,10,1,1,Minimal,0.0,1.1046750293820726,0.9867108953580698,-0.8791511550463545,-0.8029059962963128,-0.3635907282620334,-0.9056248615663136,8.630884849978473,3.120660839615353,8.580194130587483,0.05069071939099068,short_rains,244.0590119973267,2.0,3.0,3,train,False
Kakamega,2014-10-01,2014,10,1,1,Minimal,0.0,1.0,0.9996644082966224,0.8900603139097119,1.742415922256256,0.5749039024558908,-0.0343216396839381,57.67906799597465,64.35932904956462,52.70361800664359,4.975449989331061,short_rains,521.962946970816,1.0,3.0,3,train,False
Kericho,2014-10-01,2014,10,1,1,Minimal,0.0,1.0,0.9997003606571904,0.5333252636475107,0.3878180249634767,-0.2488001190700347,-0.9791394081695832,33.68387811583288,81.53032604898368,33.1664399240568,0.5174381917760797,short_rains,577.6437811642602,1.0,3.0,3,train,False
Kiambu,2014-10-01,2014,10,1,1,Minimal,0.0,1.0,0.999673347193444,-0.4778057146979854,-0.3403313417455322,-0.4014944728419176,-0.9777232821065824,40.83024919628653,45.68568487895129,36.40403237088512,4.426216825401411,short_rains,365.1581675938478,1.0,3.0,3,train,False
Kilifi,2014-10-01,2014,10,2,2,Stressed,0.0,1.7632789005706322,0.9941835409370672,-0.0154993837274099,0.1017284168001198,0.1078594036616771,0.2054556170657628,47.1070600934192,62.65060339247441,77.27084318188334,-30.163783088464136,short_rains,485.9236308469297,2.0,3.0,3,train,False
Kirinyaga,2014-10-01,2014,10,1,1,Minimal,0.0,1.000036250746341,0.9997566177338548,-0.1934659696689539,-0.4643877582262377,-0.3123791870184777,-0.7731568603356685,45.71563833155238,44.38995266248832,38.350340703830646,7.365297627721731,short_rains,523.427425427593,1.0,3.0,3,train,False
Kisii,2014-10-01,2014,10,1,1,Minimal,0.0,1.0,0.9995810852329324,-0.1128769100003786,0.1458783623275942,-0.445047254740425,-1.0145753006152711,76.62979627463754,64.43014705882338,30.277161746351403,46.35263452828614,short_rains,771.8724273402603,1.0,3.0,3,train,False
Kisumu,2014-10-01,2014,10,1,1,Minimal,0.0,1.0,0.7825715876310352,0.5584680540112551,1.407813426505706,0.2579438449937571,-0.3468938143797949,42.488348352116205,67.23327710161598,36.65688462174188,5.831463730374324,short_rains,650.4965825795291,1.0,3.0,3,train,False
Kitui,2014-10-01,2014,10,2,2,Stressed,0.0,1.995329541202281,0.9999452921442508,0.50033698497216,-0.7927257624003707,0.0194143332911683,-0.0207398959926374,13.061934011450374,24.156394702782084,30.99567033059389,-17.933736319143513,short_rains,350.0498777837523,2.0,3.0,3,train,False
Kwale,2014-10-01,2014,10,2,2,Stressed,0.0,1.5613557594128606,0.9912437907622342,-0.1641342999963736,0.4944332823538706,0.7463052992785734,0.6219615091420615,50.5733090588461,55.71540913368993,68.71267411462856,-18.139365055782456,short_rains,461.4118591660762,2.0,3.0,3,train,False
Laikipia,2014-10-01,2014,10,1,1,Minimal,0.0,1.434314126646291,0.9999652013738972,-1.0072802986953016,-1.211977997384634,-0.1902458842510981,-0.2366328536861372,24.580681312673157,21.807485857065423,25.77740422859064,-1.1967229159174835,short_rains,378.6133408439104,2.0,3.0,3,train,False
Lamu,2014-10-01,2014,10,1,1,Minimal,0.0,1.0,0.9772658860263104,-0.457028220110158,0.9858763760662942,0.7816072594892974,0.920002756580073,75.77001831024147,100.0,77.13018764385137,-1.3601693336099032,short_rains,394.8891092289726,1.0,3.0,3,train,False
Machakos,2014-10-01,2014,10,1,1,Minimal,0.0,1.4619277803777664,0.999889161632078,-0.3904010572169663,-0.6617140120296636,-0.1608467975657412,-0.5108516428480244,21.02242631118576,25.770930865164257,26.835141305111875,-5.8127149939261145,short_rains,347.0698296320569,1.0,3.0,3,train,False
Makueni,2014-10-01,2014,10,2,2,Stressed,0.0,1.679465561535952,0.9998602616695,-0.1011044804902188,-0.8289300951034578,-0.290021700153813,-0.5583069968415286,20.845599359605576,36.36747024273204,44.99721801467345,-24.151618655067875,short_rains,210.84898907247097,2.0,3.0,3,train,False
Mandera,2014-10-01,2014,10,2,2,Stressed,0.1796902948955499,2.17969029489555,0.9935191845476448,1.1149774767432932,0.4489336475720539,0.0772851344822904,0.064380820445995,14.041320408869495,44.6905169869638,23.40858648556222,-9.367266076692726,short_rains,147.72597818452132,2.0,3.0,3,train,False
Marsabit,2014-10-01,2014,10,2,2,Stressed,0.4108434835350395,2.4108434835350394,0.9301373558344948,0.5100919666988307,-0.0798664402585461,-0.2452901348424758,-0.3260941883556421,22.1211556022337,15.563060337781131,21.847527551269746,0.2736280509639535,short_rains,183.11284628508548,3.0,3.0,3,train,True
Meru,2014-10-01,2014,10,1,1,Minimal,0.0,1.4157831718425231,0.9999076296582126,-1.0315661994625676,-1.268292880541868,-0.3753001820452171,-0.517447949569507,0.0,47.77770056702859,11.27803773516612,-11.27803773516612,short_rains,469.95952152110806,1.0,3.0,3,train,False
Migori,2014-10-01,2014,10,1,1,Minimal,0.0,1.0,0.8116729345870678,-0.3575328926247797,-0.3777443589052042,-1.042193857450189,-1.454092260562628,35.86950599369521,54.80367695360834,65.36696681746727,-29.49746082377206,short_rains,460.4970135975702,1.0,3.0,3,train,False
Mombasa,2014-10-01,2014,10,1,1,Minimal,0.0,1.0006041684983675,0.9456085030411966,-0.0870932658667843,-0.0047473835791673,-0.3000828062967324,-0.2100467385900162,45.98900371655053,51.74350055591509,49.41340382428478,-3.4244001077342503,short_rains,339.4545465241538,1.0,3.0,3,train,False
Murang'a,2014-10-01,2014,10,1,1,Minimal,0.0,1.0011679908651794,0.9998268684991276,-0.4531791207157478,-0.5138779568903252,-0.5517560376570007,-1.0766707918920813,29.33052543642243,55.06526387905861,29.71879444011176,-0.3882690036893308,short_rains,600.9606534616394,1.0,3.0,3,train,False
Nairobi,2014-10-01,2014,10,1,1,Minimal,0.0,1.0,0.999331868418972,-0.2987799314454695,-0.5092903139913889,-0.4124825513125523,-0.9023358875350516,34.9480805986308,36.26363771090631,8.775349730273419,26.172730868357384,short_rains,349.07589029272395,1.0,3.0,3,train,False
Nakuru,2014-10-01,2014,10,1,1,Minimal,0.0,1.0,0.9757983118149,-0.2283036569730111,-0.2762056714038253,-0.2753473679758744,-0.856991264042621,37.64053503009555,27.28064633925715,15.311680136762574,22.328854893332974,short_rains,337.82261196850334,1.0,3.0,3,train,False
Nandi,2014-10-01,2014,10,1,1,Minimal,0.0,1.0,0.9996627597035964,0.2695817616400129,0.8583219652476834,0.0112155630937212,-0.4001228463393805,35.1000611582057,89.35262559077907,30.197930281748565,4.902130876457132,short_rains,636.3375639959971,1.0,3.0,3,train,False
Narok,2014-10-01,2014,10,1,1,Minimal,0.0,1.1985651313534358,0.9926597233607634,-0.0731120055688843,-0.3076134109232994,-0.3363607620414867,-1.4486681286212502,22.963589443418385,16.615836457662983,0.0,22.963589443418385,short_rains,449.4351533314782,2.0,3.0,3,train,False
Nyamira,2014-10-01,2014,10,1,1,Minimal,0.0,1.0,0.9997642108519644,0.2968026213909484,0.3319621899634634,-0.268178416365489,-1.1665607639839402,71.5412555660282,29.046217348013872,40.40326849828653,31.13798706774167,short_rains,707.0676224501927,1.0,3.0,3,train,False
Nyandarua,2014-10-01,2014,10,1,1,Minimal,0.0,1.0003271183062918,0.9998662713590224,-0.7932762863343785,-0.5576815096239749,-0.2221834139893381,-0.6706530996608397,19.24751322257645,48.354599420442106,24.19085437724645,-4.943341154669998,short_rains,478.59632261521887,1.0,3.0,3,train,False
Nyeri,2014-10-01,2014,10,1,1,Minimal,0.0,1.3902200484797762,0.9998586120217212,-0.821719220754416,-0.6115825219376736,-0.0576759621506085,-0.5517053539770518,32.297294896108625,72.18496748846331,19.346803256256862,12.950491639851762,short_rains,596.5685209899478,1.0,3.0,3,train,False
Samburu,2014-10-01,2014,10,2,2,Stressed,0.245116103142821,2.245103062352798,0.9999556214490494,-1.358442043025022,-1.4823857272675085,-0.0505321194514524,-0.0167299589363535,5.971232816819426,5.718070108990193,10.85155796692782,-4.880325150108393,short_rains,233.37064745956647,2.0,3.0,3,train,True
Siaya,2014-10-01,2014,10,1,1,Minimal,0.0,1.0,0.7119007907118109,0.4243541213862059,1.2502365131127289,0.1137117462400532,-0.4525180620981575,23.863249519560316,8.861927082073723,58.62038861369959,-34.757139094139276,short_rains,703.9110029852106,1.0,3.0,3,train,False
Taita Taveta,2014-10-01,2014,10,1,1,Minimal,0.0,1.3044507704479482,0.9966744675129666,-0.3794221939277299,-0.3220106107774406,0.3530682478241397,0.2642072702928792,11.43662492237378,30.473195011977744,36.1434375927626,-24.70681267038882,short_rains,337.281834884778,1.0,3.0,3,train,False
Tana River,2014-10-01,2014,10,2,2,Stressed,0.0,1.604131699292017,0.9998808235364138,-0.2380701665780269,-0.1241187162175252,0.6573409119336505,0.7173211202105637,28.435740699351825,42.340092075524645,40.751740267496814,-12.315999568144989,short_rains,208.9215702880231,2.0,3.0,3,train,False
Tharaka-Nithi,2014-10-01,2014,10,2,2,Stressed,0.0,1.5737620624976976,0.9998969138004892,-0.7250649258878487,-1.224396564288894,-0.7736781730031247,-0.9243074311512228,2.888650881764403,25.677292948678115,0.0,2.888650881764403,short_rains,386.5660928989662,2.0,3.0,3,train,False
Trans Nzoia,2014-10-01,2014,10,1,1,Minimal,0.0,1.000079835388598,0.9976864050043228,0.7069933095433404,0.7404035270503906,-0.628150831587559,-1.1881548025739428,17.87908509839183,100.0,68.0430430602542,-50.16395796186238,short_rains,575.422482832226,1.0,3.0,3,train,False
Turkana,2014-10-01,2014,10,2,2,Stressed,0.1334235522446505,2.1334235522446505,0.9606028976573152,0.6031930666606186,-0.4977211022879135,-0.4709022475143042,-0.5385522164209646,19.621429967228423,5.435035019439627,10.057324770185248,9.564105197043174,short_rains,134.93439886021372,2.0,3.0,3,train,True
Uasin Gishu,2014-10-01,2014,10,1,1,Minimal,0.0,1.0,0.9997765773368542,0.1700730241454154,-0.0360435775014201,-0.8184683511908794,-0.9834382100367324,51.995035117974766,88.85976871834346,35.822121961609184,16.17291315636558,short_rains,466.5756532543863,1.0,3.0,3,train,False
Vihiga,2014-10-01,2014,10,1,1,Minimal,0.0,1.0,0.9994221612948908,0.6974202458925237,1.6083303080533955,0.4370953892831145,-0.2114566465871566,66.43940469503268,79.74169887454724,58.24067565025423,8.198729044778446,short_rains,638.2354464495623,1.0,3.0,3,train,False
Wajir,2014-10-01,2014,10,2,2,Stressed,0.290035605020349,2.290035605020349,0.9996965645251836,0.4377623214901187,0.5731760331874975,0.3803667469259699,0.3931008450585912,8.831029857101317,9.84768494288668,21.708184599619784,-12.877154742518467,short_rains,220.92597534518788,2.0,3.0,3,train,True
West Pokot,2014-10-01,2014,10,2,2,Stressed,0.0,1.964205710791852,0.99262840390401,-0.0347595712527367,-0.8887323156649068,-2.018994893618746,-2.1844341891751102,32.37252572421628,29.81128646785618,17.290279044704107,15.082246679512174,short_rains,366.78840132412165,2.0,3.0,3,train,False
Baringo,2015-01-01,2015,1,1,1,Minimal,0.0,1.4976969435556515,0.9999043327407596,1.3289859606137528,0.8793815093444731,-0.0306583810373981,0.0013049457232417,78.84766246292513,64.72548928508861,66.51425086408975,12.333411598835383,dry_jf,407.6410955536569,2.0,3.0,3,train,True
Bomet,2015-01-01,2015,1,1,1,Minimal,0.0,1.0,0.999729073525429,0.2406478943435607,1.5369604548645213,0.8361026490076663,1.5046223989342613,88.51959011288379,100.0,54.38141025322436,34.13817985965943,dry_jf,705.0356352221398,1.0,3.0,3,train,False
Bungoma,2015-01-01,2015,1,1,1,Minimal,0.0,1.0,0.9968273735961644,1.9554186080444012,1.7538469489260775,2.026049554806994,1.5961860513438042,57.6494304095261,63.991297222786365,69.66775177583114,-12.018321366305038,dry_jf,684.143518918554,1.0,3.0,3,train,False
Busia,2015-01-01,2015,1,1,1,Minimal,0.0,1.0,0.9128634605516264,2.118655422465678,2.0936456446947087,2.452547227161139,1.7777642059107683,92.5934480564251,79.28262977359442,61.58350528532706,31.009942771098046,dry_jf,504.89251568895395,1.0,3.0,3,train,False
Elgeyo-Marakwet,2015-01-01,2015,1,1,1,Minimal,0.0,1.000104991301782,0.9998045959873204,1.5081969701170623,1.23069737560549,0.3995043295428551,0.2271546438511703,75.66268883622426,76.05560269325767,56.660401751016096,19.002287085208167,dry_jf,424.00498148048365,1.0,3.0,3,train,False
Embu,2015-01-01,2015,1,2,2,Stressed,0.0,1.737271367468622,0.9998669115224388,-0.4826894892975051,-0.0585698282379296,-0.6721100755092941,1.7616690400974877,14.782884794999012,27.65176545722555,37.283032076718136,-22.500147281719123,dry_jf,401.4457023614595,1.0,3.0,3,train,False
Garissa,2015-01-01,2015,1,2,2,Stressed,0.120993316776184,2.1209742400319853,0.9995283438126894,-0.8448287067828781,-0.9624492544266892,-0.3773794046789329,-0.5895679896317805,36.55023095679845,37.18895264419685,35.70522738308677,0.8450035737116792,dry_jf,210.6771075185111,2.0,3.0,3,train,False
Homa Bay,2015-01-01,2015,1,1,1,Minimal,0.0,1.0,0.66830422924983,1.2734593305014474,2.941803565281912,2.55000398663014,2.595556021288816,62.792454351893085,78.91898834875371,57.77340593474129,5.019048417151794,dry_jf,658.3122810444571,1.0,3.0,3,train,False
Isiolo,2015-01-01,2015,1,3,3,Crisis or worse,0.6441642735389025,2.6440400343502257,0.999989839465069,-0.4940575027576671,-0.4469248202199342,-0.7768293924755915,0.5612508123567013,6.823267414171829,22.30006448049914,12.702135191808887,-5.878867777637058,dry_jf,121.15801476654195,2.0,3.0,3,train,False
Kajiado,2015-01-01,2015,1,2,2,Stressed,0.0,1.7123234488123646,0.9866998882124024,0.1048976044793624,0.1757867021783307,-0.7006473010250357,0.7374437443254511,51.71424643903989,50.62190253819501,33.46183414756579,18.2524122914741,dry_jf,244.0590119973267,1.0,3.0,3,train,False
Kakamega,2015-01-01,2015,1,1,1,Minimal,0.0,1.0,0.9996644082966216,1.8260763745412811,2.324861104692485,2.6338510235693904,2.10909776336604,91.59757948646588,90.77377861099912,64.3204386105957,27.277140875870174,dry_jf,521.962946970816,1.0,3.0,3,train,False
Kericho,2015-01-01,2015,1,1,1,Minimal,0.0,1.0,0.9997003606571924,0.4951270348896422,1.8684936322514456,1.418274214455557,1.5126730043912986,71.95000754887073,82.94979237275554,44.00377633690846,27.94623121196227,dry_jf,577.6437811642602,1.0,3.0,3,train,False
Kiambu,2015-01-01,2015,1,1,1,Minimal,0.0,1.0,0.999673347193444,0.2434506283688074,0.9796072017790144,0.0820557992068874,1.980135681325995,82.9760985396525,76.94376393325109,57.53551492438309,25.44058361526941,dry_jf,365.1581675938478,1.0,3.0,3,train,False
Kilifi,2015-01-01,2015,1,1,1,Minimal,0.0,1.4150911810161206,0.9941797929276244,-0.3619042326847506,-0.3843476071871597,-0.2449664479979475,-0.2866549728534355,62.84946258649793,69.47975520749047,58.3990180509274,4.450444535570526,dry_jf,485.9236308469297,2.0,3.0,3,train,False
Kirinyaga,2015-01-01,2015,1,1,1,Minimal,0.0,1.0053350182541043,0.9997822519337244,-0.140324567240339,0.6694474630585305,0.0657433653437794,2.2342252682036,99.39626518615732,60.62725908288617,64.98475965616403,34.41150552999329,dry_jf,523.427425427593,1.0,3.0,3,train,False
Kisii,2015-01-01,2015,1,1,1,Minimal,0.0,1.0,0.9995810852329328,0.4311775046635404,2.326886405003238,1.8525770826500103,2.496220269734918,90.4333765629156,98.33451082746896,71.68461867722532,18.74875788569028,dry_jf,771.8724273402603,1.0,3.0,3,train,False
Kisumu,2015-01-01,2015,1,1,1,Minimal,0.0,1.0,0.7825715876310352,1.4281579471260455,2.854111105049096,3.364111287525541,2.3954412837686045,54.53878438248523,86.91834175950468,100.0,-45.46121561751477,dry_jf,650.4965825795291,1.0,3.0,3,train,False
Kitui,2015-01-01,2015,1,2,2,Stressed,0.0,1.996489822796806,0.9999456102629638,-0.811109789192849,-0.7208210435120034,-1.015273611030871,0.9866457765115682,6.524684899790467,31.731031724969053,34.14426575960039,-27.619580859809922,dry_jf,350.0498777837523,2.0,3.0,3,train,False
Kwale,2015-01-01,2015,1,2,2,Stressed,0.0,1.5617253829720128,0.9912437907622343,0.4139541490523485,0.7279781258413653,0.7675784215419501,0.2643658620743019,62.059433914842224,68.33214355279037,66.32161095411355,-4.262177039271329,dry_jf,461.4118591660762,2.0,3.0,3,train,False
Laikipia,2015-01-01,2015,1,1,1,Minimal,0.0,1.434314126646291,0.9999652013738972,0.1429304712312602,1.21306902398314,-0.0651613794813521,0.3556775457680978,67.61238878037351,60.64461995137011,41.4085168177602,26.203871962613306,dry_jf,378.6133408439104,1.0,3.0,3,train,False
Lamu,2015-01-01,2015,1,2,2,Stressed,0.0,1.9545114448601848,0.977293826433586,-0.5944096812956424,-1.4685867176837308,0.4744920819036782,-0.5876937458126882,76.55188074359782,74.38100911780847,82.23479446728365,-5.682913723685829,dry_jf,394.8891092289726,1.0,3.0,3,train,False
Machakos,2015-01-01,2015,1,1,1,Minimal,0.0,1.0131112762311716,0.999926082286373,-0.2718763074053617,-0.1981125796490287,-0.7865720566330501,0.8260492095485231,16.037851503544132,36.70540167674829,42.90972508551611,-26.871873581971975,dry_jf,347.0698296320569,1.0,3.0,3,train,False
Makueni,2015-01-01,2015,1,2,2,Stressed,0.0,1.8768516193409288,0.9999276596696668,-0.3314101705780988,-0.3518872104995388,-0.8834374742894993,0.2573770141509198,19.78397976746789,43.01877225189613,46.49869902980938,-26.71471926234149,dry_jf,210.84898907247097,2.0,3.0,3,train,False
Mandera,2015-01-01,2015,1,2,2,Stressed,0.0,2.0,0.9935104441286544,-0.4116229009936326,-0.4135288779003114,-0.1674006717035081,0.950346085932132,35.99148201249113,19.40282676635183,28.500119283346383,7.49136272914475,dry_jf,147.72597818452132,2.0,3.0,3,train,False
Marsabit,2015-01-01,2015,1,2,2,Stressed,0.0,2.0,0.9301329759074554,-0.2027756951374321,-0.1463161595109941,-0.2483700424147096,0.2916196100527558,29.290076875082526,69.58078672970976,41.71934253358216,-12.42926565849963,dry_jf,183.11284628508548,2.0,3.0,3,train,True
Meru,2015-01-01,2015,1,1,1,Minimal,0.0,1.4157831718425231,0.9999076296582128,-0.5927719661442622,-0.2074103254917731,-0.8904346099301932,1.7970630936678271,47.40908393291771,70.28148434727954,26.567445737010203,20.841638195907507,dry_jf,469.95952152110806,1.0,3.0,3,train,False
Migori,2015-01-01,2015,1,1,1,Minimal,0.0,1.0,0.8116729345870678,1.2209926810795966,2.5118709018496843,1.722544464007528,2.2004255081590536,97.7700706271952,72.43128522981753,60.43183982278458,37.338230804410614,dry_jf,460.4970135975702,1.0,3.0,3,train,False
Mombasa,2015-01-01,2015,1,1,1,Minimal,0.0,1.0025092355253338,0.9456274732682326,0.1537546876061175,0.0600992581875171,-0.0419168365984264,-0.395779016183966,82.09175471249105,77.99753700545527,69.71913034677372,12.372624365717328,dry_jf,339.4545465241538,1.0,3.0,3,train,False
Murang'a,2015-01-01,2015,1,1,1,Minimal,0.0,1.0,0.9998129313529576,-0.2168062641438308,0.5421243192456027,-0.164746206283979,1.7978768937835208,79.17139865390192,71.59561333430177,62.45425129309992,16.717147360801995,dry_jf,600.9606534616394,1.0,3.0,3,train,False
Nairobi,2015-01-01,2015,1,1,1,Minimal,0.0,1.0038697666512075,0.9993498446852958,0.689120281126212,0.9355577529041674,-0.1780944431396258,1.601104512575502,77.17721252472258,70.44624133570255,43.67830290453021,33.498909620192364,dry_jf,349.07589029272395,1.0,3.0,3,train,False
Nakuru,2015-01-01,2015,1,1,1,Minimal,0.0,1.0,0.9757983118149,0.4879035141729779,0.820303220178318,0.28306167629639,0.560985211768559,66.42035109001505,73.74740256438221,59.50989436520348,6.910456724811567,dry_jf,337.82261196850334,1.0,3.0,3,train,False
Nandi,2015-01-01,2015,1,1,1,Minimal,0.0,1.0,0.9996627597035956,1.419130758656748,2.321416025284543,2.118942013317763,1.722586734464788,71.25513063883025,60.50141233463496,56.90000270015542,14.355127938674833,dry_jf,636.3375639959971,1.0,3.0,3,train,False
Narok,2015-01-01,2015,1,1,1,Minimal,0.0,1.0,0.9926538206670448,1.0302838276524455,2.197631873834362,1.0311791340886394,1.843899622379753,90.73988840428328,67.46412917538056,59.96177590311293,30.778112501170348,dry_jf,449.4351533314782,1.0,3.0,3,train,False
Nyamira,2015-01-01,2015,1,1,1,Minimal,0.0,1.0,0.9997642108519644,0.2785894161606226,1.966308963565853,1.719524059636429,2.3998826993511817,89.14065814358929,76.89955610715474,87.80313772624717,1.3375204173421196,dry_jf,707.0676224501927,1.0,3.0,3,train,False
Nyandarua,2015-01-01,2015,1,1,1,Minimal,0.0,1.0003271183062918,0.9998662713590224,0.1389409776210193,0.7009989320721208,-0.0383119545304324,0.4409486654419359,87.94866016780077,86.05666986639045,48.02817304078248,39.92048712701829,dry_jf,478.59632261521887,1.0,3.0,3,train,False
Nyeri,2015-01-01,2015,1,1,1,Minimal,0.0,1.3902200484797762,0.9998586120217212,0.0120066718370154,0.8125643025920796,0.002907600364272,1.3174562822636382,85.1551397406768,83.09229837380488,28.77076995666845,56.384369784008356,dry_jf,596.5685209899478,1.0,3.0,3,train,False
Samburu,2015-01-01,2015,1,2,2,Stressed,0.0005882230904349,2.0005751821181006,0.9999416421807176,-0.0305745227941475,0.4181839758031189,-0.7071199637713343,-0.0547786419380934,53.97529785909592,66.58471206908413,31.880727549242568,22.09457030985335,dry_jf,233.37064745956647,2.0,3.0,3,train,True
Siaya,2015-01-01,2015,1,1,1,Minimal,0.0,1.0,0.7119007907118109,2.04452928454454,2.70981645952691,2.707183365771777,2.067276933123685,74.52485029265614,91.40141733341385,67.30671553020007,7.218134762456074,dry_jf,703.9110029852106,1.0,3.0,3,train,False
Taita Taveta,2015-01-01,2015,1,1,1,Minimal,0.0,1.3432643764097074,0.9966754269192268,-0.515628704718795,-0.2168695167325897,-0.3937929281169491,-0.091992947543297,18.14019530013347,53.982727420234426,48.96074786615735,-30.820552566023878,dry_jf,337.281834884778,1.0,3.0,3,train,False
Tana River,2015-01-01,2015,1,2,2,Stressed,0.0047279694077581,1.8905170310598975,0.999891662159616,-0.7077125510287372,-0.685441695759629,-0.6705465138133361,0.0093067483810807,17.05831716296937,41.0754838252738,45.33547548864794,-28.277158325678567,dry_jf,208.9215702880231,2.0,3.0,3,train,False
Tharaka-Nithi,2015-01-01,2015,1,2,2,Stressed,0.0,1.5737620624976976,0.9998969138004892,-0.5475692561495484,-0.2647933721650805,-1.001893007294754,1.6945180102123047,14.344919166127845,34.87091332231965,35.292601225668164,-20.94768205954032,dry_jf,386.5660928989662,2.0,3.0,3,train,False
Trans Nzoia,2015-01-01,2015,1,1,1,Minimal,0.0,1.0,0.997686329629118,2.0999326494965493,1.910524324601104,1.717985758157393,1.373533900454608,84.95798827630911,64.61829847475322,70.14981588043536,14.808172395873754,dry_jf,575.422482832226,1.0,3.0,3,train,False
Turkana,2015-01-01,2015,1,2,2,Stressed,0.0,1.999749038495512,0.9605954412127692,1.192393099325622,1.1238240178010654,0.0720552660685705,0.3224021639533634,59.19382613884114,78.57269840567945,38.95806487278313,20.235761266058006,dry_jf,134.93439886021372,2.0,3.0,3,train,True
Uasin Gishu,2015-01-01,2015,1,1,1,Minimal,0.0,1.0,0.9997765773368542,1.5642219280309788,1.5762822854502168,0.9804845615699368,0.8271988297537818,94.1388181222437,68.56098510070352,73.66431988359162,20.47449823865209,dry_jf,466.5756532543863,1.0,3.0,3,train,False
Vihiga,2015-01-01,2015,1,1,1,Minimal,0.0,1.0,0.9994221612948908,1.9713253242320696,2.69719581615344,3.086248593493471,2.228505568861185,84.25619121732741,93.93265198644802,71.66015256779338,12.596038649534037,dry_jf,638.2354464495623,1.0,3.0,3,train,False
Wajir,2015-01-01,2015,1,2,2,Stressed,0.2082612594271702,2.20826125942717,0.9996951729683528,-0.6743129070022037,-0.674909219899869,-0.3758203289132641,0.6145280912693507,11.238295733074478,23.30510565025349,22.94342605707408,-11.705130323999603,dry_jf,220.92597534518788,2.0,3.0,3,train,True
West Pokot,2015-01-01,2015,1,1,1,Minimal,0.0,1.3722601842683169,0.992638277323728,1.8609928852350135,1.5639187420198772,0.392043508386498,0.218414788372414,85.48246470130671,81.11011038790224,60.31686027450812,25.165604426798588,dry_jf,366.78840132412165,2.0,3.0,3,train,False
Baringo,2015-04-01,2015,4,1,1,Minimal,0.0,1.414528727274044,0.9998978463856146,-1.3092574360037288,-0.2146831652937662,0.4657458136658884,0.6727418302094692,29.94068291553065,59.41602478581692,74.65179311708728,-44.71111020155663,long_rains,407.6410955536569,1.0,3.0,3,train,True
Bomet,2015-04-01,2015,4,1,1,Minimal,0.0,1.0,0.999729073525429,-2.3069657798782868,-1.1289518490895831,-0.2944766706547315,-0.3813781799133228,55.48616462642848,74.16267504801156,31.2420182879534,24.244146338475083,long_rains,705.0356352221398,1.0,3.0,3,train,False
Bungoma,2015-04-01,2015,4,1,1,Minimal,0.0,1.0,0.9968273735961644,-2.6000386138912592,-0.4457396235638723,0.9560845541583554,0.9742466655042477,37.35515129058621,60.05051408185974,80.01912177279992,-42.66397048221371,long_rains,684.143518918554,1.0,3.0,3,train,False
Busia,2015-04-01,2015,4,1,1,Minimal,0.0,1.0,0.9128634605516264,-2.909794809474442,-0.6286127275406284,0.5934598890227062,1.1177926322575402,40.03211689361607,60.08993959207158,61.75657469430824,-21.72445780069217,long_rains,504.89251568895395,1.0,3.0,3,train,False
Elgeyo-Marakwet,2015-04-01,2015,4,1,1,Minimal,0.0,1.000104991301782,0.9998045959873204,-1.6403519318703708,-0.3339168473622793,0.6198616725980339,0.7971813258180942,41.97670042480444,71.79591494306638,81.37664587645227,-39.39994545164783,long_rains,424.00498148048365,1.0,3.0,3,train,False
Embu,2015-04-01,2015,4,2,2,Stressed,0.0,1.737271367468622,0.9998669115224388,-0.7825773803937524,-0.4319489751369335,-0.4266603464970482,-0.5282897622888962,13.144783521805358,47.10916668184472,34.83647977547462,-21.691696253669264,long_rains,401.4457023614595,2.0,3.0,3,train,False
Garissa,2015-04-01,2015,4,2,2,Stressed,0.2514744989560136,2.021015605152224,0.9995493239719204,-0.6365578903888498,0.060061376126703,-0.2905107249322802,-0.0739786836835722,20.958567688574156,28.80662407588859,26.856184892936785,-5.8976172043626285,long_rains,210.6771075185111,2.0,3.0,3,train,False
Homa Bay,2015-04-01,2015,4,1,1,Minimal,0.0,1.0,0.66830422924983,-2.502373520277111,-0.7822362471449114,0.7396239926948117,0.6169833214135391,16.932382264603884,46.90027913712035,43.06299376747797,-26.130611502874086,long_rains,658.3122810444571,1.0,3.0,3,train,False
Isiolo,2015-04-01,2015,4,3,3,Crisis or worse,0.6514338097597191,2.651348066890511,0.9999892800402972,-0.6359836681810532,-0.024025369361081,-0.1664483837839916,-0.0129534307699752,14.814410740291544,29.651546416206514,18.539743625518746,-3.7253328852272016,long_rains,121.15801476654195,3.0,3.0,3,train,False
Kajiado,2015-04-01,2015,4,1,1,Minimal,0.0,1.1358211389162636,0.9867102659870032,-1.4814846571146032,-0.3586644058204805,-0.3430535053519494,-0.0406886506652187,21.31877448728033,32.95622996701436,17.482411278321663,3.836363208958666,long_rains,244.0590119973267,2.0,3.0,3,train,False
Kakamega,2015-04-01,2015,4,1,1,Minimal,0.0,1.0,0.999664408296622,-2.9554349788048877,-0.6626867411596394,1.2071781086387603,0.856901597937171,33.39703750326464,67.800182925317,73.80645075877665,-40.40941325551201,long_rains,521.962946970816,1.0,3.0,3,train,False
Kericho,2015-04-01,2015,4,1,1,Minimal,0.0,1.0,0.9997003606571904,-2.238244703564421,-0.8938702829077445,0.258637120850973,0.0686566707975953,41.96976650652601,73.19082072975556,58.6481066825236,-16.67834017599759,long_rains,577.6437811642602,1.0,3.0,3,train,False
Kiambu,2015-04-01,2015,4,1,1,Minimal,0.0,1.0,0.999673347193444,-1.1075110910588335,-0.3574083407877639,-0.0108812281302582,-0.0445659280901458,38.30647826686766,51.43554904935076,59.66466186907774,-21.358183602210083,long_rains,365.1581675938478,1.0,3.0,3,train,False
Kilifi,2015-04-01,2015,4,2,2,Stressed,0.0,1.6908305032828308,0.9941733284503896,-0.6903491399479185,1.264240918635879,0.6336651808608281,0.3329159074436003,33.06005768717247,40.66520241514833,70.14599829514462,-37.085940607972155,long_rains,485.9236308469297,1.0,3.0,3,train,False
Kirinyaga,2015-04-01,2015,4,1,1,Minimal,0.0,1.0053350182541043,0.9997822519337232,-0.7077696235284262,-0.4782421624423312,-0.0402304005579369,-0.2625640271482214,42.28857236490119,33.250177131195954,41.01422893216205,1.274343432739144,long_rains,523.427425427593,1.0,3.0,3,train,False
Kisii,2015-04-01,2015,4,1,1,Minimal,0.0,1.0,0.9995810852329324,-2.7907670270564497,-1.081584255448778,0.62196652869633,-0.0676246219432719,38.81894579838465,76.64382609760733,57.484732759687766,-18.66578696130312,long_rains,771.8724273402603,1.0,3.0,3,train,False
Kisumu,2015-04-01,2015,4,1,1,Minimal,0.0,1.0,0.7825715876310352,-2.7084348234937794,-0.6184375755557036,0.8174859415395681,0.7299804908760498,21.07574089343756,59.39320391359864,44.41902734202899,-23.34328644859143,long_rains,650.4965825795291,1.0,3.0,3,train,False
Kitui,2015-04-01,2015,4,2,2,Stressed,0.0,1.994644402605614,0.9999464587947052,-1.1316545528676811,-0.5013228188318156,-0.6226758437876285,-0.5258319756949055,32.610664490330905,50.43803759189029,45.83569304060736,-13.225028550276456,long_rains,350.0498777837523,2.0,3.0,3,train,False
Kwale,2015-04-01,2015,4,2,2,Stressed,0.0,1.5613557594128606,0.9912437907622342,-0.9687371102041334,1.119259933891382,1.0262883716847313,1.0150580817453387,24.74532776941768,55.20118497350745,65.90595124094389,-41.16062347152621,long_rains,461.4118591660762,2.0,3.0,3,train,False
Laikipia,2015-04-01,2015,4,2,2,Stressed,0.0,1.9048136396451507,0.9999614994912924,-0.7317879228508534,-0.0218869651996749,0.5416380072853115,0.3885655142896022,12.974932851754382,41.79549195491233,44.754490043602914,-31.779557191848532,long_rains,378.6133408439104,1.0,3.0,3,train,False
Lamu,2015-04-01,2015,4,1,1,Minimal,0.0,1.0,0.9772658860263104,-0.60089012478423,0.7190520877930627,-0.1586095783638675,0.0790563471800041,43.20716709692381,56.14574178548377,63.23297337980105,-20.02580628287724,long_rains,394.8891092289726,2.0,3.0,3,train,False
Machakos,2015-04-01,2015,4,1,1,Minimal,0.0,1.0099720330081918,0.9999220627037928,-1.2045774138503995,-0.8159957618059711,-0.8135531948545125,-0.5685811922233737,29.672281568261383,59.24681006243205,27.34584593116617,2.326435637095212,long_rains,347.0698296320569,1.0,3.0,3,train,False
Makueni,2015-04-01,2015,4,1,1,Minimal,0.0,1.426853184081701,0.9998733257861332,-1.4022417084711918,-0.552458267772235,-0.5883543877437395,-0.3004247922129329,27.19540539713142,55.05829161886415,37.0469998902104,-9.85159449307898,long_rains,210.84898907247097,2.0,3.0,3,train,False
Mandera,2015-04-01,2015,4,2,2,Stressed,0.0,2.0,0.9935104441286544,-0.3337701373621847,0.5784259161701539,0.136869104794813,0.2897827553240704,8.021963414385596,21.738988183924278,48.82968622967297,-40.80772281528738,long_rains,147.72597818452132,2.0,3.0,3,train,False
Marsabit,2015-04-01,2015,4,2,2,Stressed,0.2977780536436492,2.297778053643649,0.9301373421877136,-0.8907043950263702,-0.2118988090765189,-0.2363243995024882,-0.1488310545453249,11.973315841604572,21.37682487509468,21.505966956350704,-9.532651114746132,long_rains,183.11284628508548,2.0,3.0,3,train,True
Meru,2015-04-01,2015,4,1,1,Minimal,0.0,1.415992132473732,0.999908101123714,-0.8204126206162847,-0.3657471789766242,-0.3931424036539737,-0.4061119630895607,12.987146436167368,36.08142617855337,30.526279208392143,-17.539132772224775,long_rains,469.95952152110806,1.0,3.0,3,train,False
Migori,2015-04-01,2015,4,1,1,Minimal,0.0,1.0,0.8116729345870676,-3.0036838907609447,-1.0508869863467885,0.2709729305722613,0.2298949723123717,31.837861159696946,70.13695213186939,55.01242884294805,-23.1745676832511,long_rains,460.4970135975702,1.0,3.0,3,train,False
Mombasa,2015-04-01,2015,4,1,1,Minimal,0.0,1.0006041684983675,0.9456085030411966,-0.4103745247245743,1.5324187485726164,0.9212027359724188,0.6870183031855207,31.848475850794017,55.325933518626535,74.50746729666335,-42.65899144586933,long_rains,339.4545465241538,1.0,3.0,3,train,False
Murang'a,2015-04-01,2015,4,1,1,Minimal,0.0,1.0,0.9998129313529576,-0.9868313443753468,-0.4017828678461099,-0.0918025513698752,-0.2253263766070681,41.11807880091671,66.68253317617507,61.18918415361581,-20.0711053526991,long_rains,600.9606534616394,1.0,3.0,3,train,False
Nairobi,2015-04-01,2015,4,1,1,Minimal,0.0,1.0,0.9993318684189716,-1.117505809205838,-0.4154596044330573,-0.191418046999367,0.0623604262457268,21.91380563527353,36.10085222375139,46.66395664732433,-24.750151012050804,long_rains,349.07589029272395,1.0,3.0,3,train,False
Nakuru,2015-04-01,2015,4,1,1,Minimal,0.0,1.0,0.9757983118149,-1.2435655912061243,-0.6978886063766327,-0.0637025426068465,-0.0425931348912526,30.270933296064705,51.036743889745765,35.63539916380565,-5.364465867740947,long_rains,337.82261196850334,1.0,3.0,3,train,False
Nandi,2015-04-01,2015,4,1,1,Minimal,0.0,1.0,0.9996627597035964,-2.405060775556213,-0.7557941253377705,1.1363317955907626,0.8378157646396125,45.12400229857067,80.50787793957456,81.86321435184495,-36.73921205327427,long_rains,636.3375639959971,1.0,3.0,3,train,False
Narok,2015-04-01,2015,4,1,1,Minimal,0.0,1.0,0.9926538206670446,-2.1978743906185634,-1.026808320431855,-0.1376197457504636,-0.0236704121241922,41.83388059926615,46.03652259274232,23.59026988484088,18.243610714425273,long_rains,449.4351533314782,1.0,3.0,3,train,False
Nyamira,2015-04-01,2015,4,1,1,Minimal,0.0,1.0,0.9997642108519644,-2.7296413302301623,-0.9213224395022128,0.3913789845273917,-0.1368868950574443,35.60611664809393,71.50828772017518,31.04079205447636,4.5653245936175715,long_rains,707.0676224501927,1.0,3.0,3,train,False
Nyandarua,2015-04-01,2015,4,1,1,Minimal,0.0,1.0012708819238296,0.999877973768995,-1.0468837592858595,-0.6214931823595161,-0.0462112888424804,-0.0717372140365241,46.93916999966279,61.49640968757697,26.817336901768947,20.12183309789384,long_rains,478.59632261521887,1.0,3.0,3,train,False
Nyeri,2015-04-01,2015,4,1,1,Minimal,0.0,1.3904877355173728,0.9998584883435062,-0.791038218472745,-0.2964773617268096,0.18882835979255,0.0990813640535161,31.938185053301904,40.088820792605766,42.00230561714374,-10.064120563841836,long_rains,596.5685209899478,1.0,3.0,3,train,False
Samburu,2015-04-01,2015,4,2,2,Stressed,0.0005882230904349,2.000588223090435,0.9999416421807176,-0.7556953605739664,-0.269126437052424,-0.1128625922986356,-0.1903495797202028,22.11845709544576,44.58649873918765,36.31156472612195,-14.193107630676192,long_rains,233.37064745956647,2.0,3.0,3,train,True
Siaya,2015-04-01,2015,4,1,1,Minimal,0.0,1.0,0.7119007907118109,-2.53166518770844,-0.5090233787322026,0.7730872255570829,0.9831976294906196,30.673812647451776,40.53334880047759,39.88411484882306,-9.210302201371285,long_rains,703.9110029852106,1.0,3.0,3,train,False
Taita Taveta,2015-04-01,2015,4,1,1,Minimal,0.0,1.3426340719085608,0.9966744675129676,-1.4149894393813238,0.3546290360505776,0.2188528705317005,0.2884267094969847,25.505086588448403,48.59518558160398,28.367671935343186,-2.8625853468947824,long_rains,337.281834884778,1.0,3.0,3,train,False
Tana River,2015-04-01,2015,4,2,2,Stressed,0.0025490177687375,1.5929261667916623,0.9998841708765072,-0.9253695641738142,-0.0291839776571732,-0.2074160681549715,0.0632305949664031,28.678984042160472,39.17518583314787,46.58279367521003,-17.903809633049555,long_rains,208.9215702880231,2.0,3.0,3,train,False
Tharaka-Nithi,2015-04-01,2015,4,2,2,Stressed,0.0,1.5737620624976976,0.9998969138004892,-0.7828760991392133,-0.3138406136073202,-0.3936988572270332,-0.4481273658934038,16.98547352202525,27.580047552251752,29.017826490137047,-12.032352968111798,long_rains,386.5660928989662,2.0,3.0,3,train,False
Trans Nzoia,2015-04-01,2015,4,1,1,Minimal,0.0,1.0,0.997686329629118,-1.7553625575988498,-0.5402422275131049,1.3427672259799133,1.2265747811776526,28.28129203427501,66.07069757294146,81.72638330268657,-53.44509126841156,long_rains,575.422482832226,1.0,3.0,3,train,False
Turkana,2015-04-01,2015,4,2,2,Stressed,0.0405666353565521,2.040315674133903,0.9605965199981584,-1.299677155052524,0.1940616313181994,0.6061465954848763,0.9370748939699888,29.93519723100908,44.95395752451047,54.10850012537923,-24.17330289437015,long_rains,134.93439886021372,2.0,3.0,3,train,True
Uasin Gishu,2015-04-01,2015,4,1,1,Minimal,0.0,1.0,0.9997765773368542,-1.8355894181844528,-0.3671091203772177,0.8484506363121318,0.8194467442303666,34.853779892700864,59.28543885619973,69.63870046195782,-34.78492056925696,long_rains,466.5756532543863,1.0,3.0,3,train,False
Vihiga,2015-04-01,2015,4,1,1,Minimal,0.0,1.0,0.9994221612948908,-2.861366485228418,-0.5869388654765381,1.1074561113087125,0.7836892005062067,22.30427415087241,67.85667496397237,72.65780704569681,-50.353532894824404,long_rains,638.2354464495623,1.0,3.0,3,train,False
Wajir,2015-04-01,2015,4,2,2,Stressed,0.2568801722757163,2.256880172275716,0.9996811168520446,-0.4299572249138947,0.1199448487180201,-0.2001111616168043,0.0014232589723242,2.468304087811217,13.37708559975726,24.26096178679289,-21.792657698981674,long_rains,220.92597534518788,2.0,3.0,3,train,True
West Pokot,2015-04-01,2015,4,1,1,Minimal,0.0,1.3722601842683169,0.992638277323728,-1.7176033520092138,-0.4963297748507616,0.7932705515568087,0.9191497732909656,32.87396217195564,63.15608129614419,84.80773872136945,-51.93377654941381,long_rains,366.78840132412165,1.0,3.0,3,train,False
Baringo,2015-07-01,2015,7,1,1,Minimal,0.0,1.4567850854269482,0.9998992301860676,0.7415108270076585,-0.207938322478063,-0.3088423041597612,-0.454955858208161,46.18527580116938,3.6238197872249343,8.694328260400926,37.49094754076846,dry_jjas,407.6410955536569,1.0,3.0,3,train,True
Bomet,2015-07-01,2015,7,1,1,Minimal,0.0,1.0,0.999729073525429,2.17736404389908,0.1769969611114896,-0.6925390571904619,-1.290889619703974,3.395127780694504,0.0,33.533954325198216,-30.13882654450371,dry_jjas,705.0356352221398,1.0,3.0,3,train,False
Bungoma,2015-07-01,2015,7,1,1,Minimal,0.0,1.0,0.9968273735961646,1.0558898354126678,-0.6185437534567043,-0.7134588580195348,-1.0360658015721018,15.877786774220022,6.789924237159995,17.73776757912816,-1.8599808049081386,dry_jjas,684.143518918554,1.0,3.0,3,train,False
Busia,2015-07-01,2015,7,1,1,Minimal,0.0,1.0,0.9128634605516264,1.3834628521487042,-0.1737870888352496,-0.5640627998154718,-1.2261355777768943,31.39557355984781,0.0,12.679528718544889,18.716044841302924,dry_jjas,504.89251568895395,1.0,3.0,3,train,False
Elgeyo-Marakwet,2015-07-01,2015,7,1,1,Minimal,0.0,1.0001078826034402,0.9998045959873204,0.5666608399989012,-0.5544809326374293,-0.6525515279551619,-0.7938538083939656,43.71621800055935,0.0,5.642785797933897,38.073432202625455,dry_jjas,424.00498148048365,1.0,3.0,3,train,False
Embu,2015-07-01,2015,7,2,2,Stressed,0.0,1.737271367468622,0.9998669115224388,1.303120287554563,0.6992548046890403,0.1449735935348626,-0.3628680445373647,70.92866265989939,16.2681099633675,2.912945852756013,68.01571680714338,dry_jjas,401.4457023614595,2.0,3.0,3,train,False
Garissa,2015-07-01,2015,7,2,2,Stressed,0.0,1.993151309670935,0.9995423747732204,1.0680406355881735,0.9118431684441728,0.4945015804190196,-0.46560692105032,65.69407463263256,41.992411100802784,9.067381809428474,56.62669282320409,dry_jjas,210.6771075185111,2.0,3.0,3,train,False
Homa Bay,2015-07-01,2015,7,1,1,Minimal,0.0,1.0,0.66830422924983,1.6662829033750266,0.0480594276786702,-0.5812278264640736,-1.139261041559279,56.94370212627816,0.0,0.0,56.94370212627816,dry_jjas,658.3122810444571,1.0,3.0,3,train,False
Isiolo,2015-07-01,2015,7,2,2,Stressed,0.4928716127210195,2.49278586964221,0.999986835534499,0.5943756712244217,0.4736661173239168,0.280364379633934,-0.2511341906814422,23.26880166111286,11.075515270188156,3.487756314013517,19.781045347099344,dry_jjas,121.15801476654195,3.0,3.0,3,train,False
Kajiado,2015-07-01,2015,7,2,2,Stressed,0.0,1.71251838526459,0.986701352873605,1.2894469535818758,0.4186544735137041,-0.0721915486790061,-0.304509382457964,28.681054930889708,6.9706658964677,11.330743738494563,17.350311192395147,dry_jjas,244.0590119973267,1.0,3.0,3,train,False
Kakamega,2015-07-01,2015,7,1,1,Minimal,0.0,1.0,0.9996644082966216,1.296039886871316,-0.3133709641441677,-0.6276966977080564,-1.061089210728191,21.95461853989269,0.0,2.1026603625224745,19.851958177370214,dry_jjas,521.962946970816,1.0,3.0,3,train,False
Kericho,2015-07-01,2015,7,1,1,Minimal,0.0,1.0,0.9997003606571906,1.4919765843042656,0.1563225910337334,-0.5020807505817783,-1.0554585960915683,57.1633435329345,1.7845468133337823,9.032973563212568,48.130369969721926,dry_jjas,577.6437811642602,1.0,3.0,3,train,False
Kiambu,2015-07-01,2015,7,1,1,Minimal,0.0,1.0,0.9996733471934438,0.9234293198544732,0.3084345809638846,-0.0537831409526722,-0.2395232529115552,48.22436100166462,9.786633068880793,31.019061394023225,17.205299607641393,dry_jjas,365.1581675938478,1.0,3.0,3,train,False
Kilifi,2015-07-01,2015,7,2,2,Stressed,0.0,1.751349028240912,0.9941545741747292,0.2651821249239521,0.8404002771947072,1.4224934166770309,1.0969517495691576,65.69894354828594,31.940366442731985,27.06983612796491,38.629107420321034,dry_jjas,485.9236308469297,2.0,3.0,3,train,False
Kirinyaga,2015-07-01,2015,7,1,1,Minimal,0.0,1.0053350182541043,0.9997822519337244,1.30974378911082,0.7569317584005878,0.2468668798719755,-0.3638157734924568,44.52701191170678,0.0,26.84319605621332,17.68381585549346,dry_jjas,523.427425427593,1.0,3.0,3,train,False
Kisii,2015-07-01,2015,7,1,1,Minimal,0.0,1.0,0.9995810852329324,2.42736096963871,0.3200012945805492,-0.586129475491576,-1.3400781492044502,0.0,0.0,8.9194073326324,-8.9194073326324,dry_jjas,771.8724273402603,1.0,3.0,3,train,False
Kisumu,2015-07-01,2015,7,1,1,Minimal,0.0,1.0,0.7825715876310352,1.4941852389435053,-0.0195208302246781,-0.484255570874289,-0.9992810164888534,59.07625682895003,0.0,3.3583997255294125,55.71785710342062,dry_jjas,650.4965825795291,1.0,3.0,3,train,False
Kitui,2015-07-01,2015,7,2,2,Stressed,0.0,1.9951186529605145,0.9999459528514596,1.103294959109859,0.252226714473025,-0.3383777195875689,-0.5548220910845623,52.4126285844842,12.094357392717871,11.614302636894898,40.798325947589305,dry_jjas,350.0498777837523,2.0,3.0,3,train,False
Kwale,2015-07-01,2015,7,2,2,Stressed,0.0,1.5613557594128606,0.9912437907622342,-0.4173147633648858,0.2184462830542785,1.028143651756782,0.7917131150211784,50.83082491454228,21.176320980619703,16.218269496666146,34.61255541787614,dry_jjas,461.4118591660762,2.0,3.0,3,train,False
Laikipia,2015-07-01,2015,7,2,2,Stressed,0.0,1.9048136396451507,0.9999614994912924,1.3093921692888113,0.589639063122526,0.4133565330792859,-0.1986357056496091,39.257633832108375,4.460209191240079,1.3623812489961424,37.89525258311223,dry_jjas,378.6133408439104,2.0,3.0,3,train,False
Lamu,2015-07-01,2015,7,1,1,Minimal,0.0,1.0007205978973983,0.97726615584521,0.0140477394871728,0.6148934742027069,0.8242055481480904,0.1630075708504719,47.3512230522942,38.56326945885233,28.06895240554399,19.282270646750213,dry_jjas,394.8891092289726,1.0,3.0,3,train,False
Machakos,2015-07-01,2015,7,1,1,Minimal,0.0,1.0131112762311716,0.999926082286373,1.2471536875144715,0.3979644517673238,-0.4382886939869829,-0.7175800593513073,57.32508936449617,19.11442808934468,17.714912205465076,39.610177159031096,dry_jjas,347.0698296320569,1.0,3.0,3,train,False
Makueni,2015-07-01,2015,7,2,2,Stressed,0.0,1.7108756719679667,0.9999203027119145,1.6653993162481404,0.8294451200842147,-0.0785462144495365,-0.5414674735705085,51.79026699128518,6.216307716019898,12.69464012272084,39.09562686856434,dry_jjas,210.84898907247097,1.0,3.0,3,train,False
Mandera,2015-07-01,2015,7,2,2,Stressed,0.0,2.0,0.9935104441286544,0.7191719472209529,0.547879038185408,0.7682318139461873,-0.7186000607216527,46.99915917623511,28.507926756802394,1.9287790803492848,45.070380095885824,dry_jjas,147.72597818452132,2.0,3.0,3,train,False
Marsabit,2015-07-01,2015,7,2,2,Stressed,0.0001976127764268,2.000197612776427,0.9301329762150664,1.1254973207072507,0.483522103736167,0.2617957795376488,-0.37831327509759,25.99543184532517,1.6744717699637757,5.728424461527406,20.267007383797765,dry_jjas,183.11284628508548,2.0,3.0,3,train,True
Meru,2015-07-01,2015,7,1,1,Minimal,0.0,1.415992132473734,0.9999081011237164,1.6417111208508697,1.0939708198692164,0.4811944108425923,-0.546863224402426,68.41849912928537,10.122439104148436,0.0,68.41849912928537,dry_jjas,469.95952152110806,1.0,3.0,3,train,False
Migori,2015-07-01,2015,7,1,1,Minimal,0.0,1.0,0.8116729345870678,1.535491951260446,-0.1619245310916623,-0.862014748597255,-1.387653002761868,54.44617871782766,0.0,0.0,54.44617871782766,dry_jjas,460.4970135975702,1.0,3.0,3,train,False
Mombasa,2015-07-01,2015,7,1,1,Minimal,0.0,1.0006041684983675,0.9456085030411966,0.0467021881476051,0.5260387029580542,1.3609718529298038,1.483485591783824,60.54561217814041,40.465911568607176,35.57295519249932,24.972656985641088,dry_jjas,339.4545465241538,1.0,3.0,3,train,False
Murang'a,2015-07-01,2015,7,1,1,Minimal,0.0,1.0,0.9998129313529576,1.4405178082380643,0.752114529134311,0.3414782045080117,-0.3904603646414624,62.81050254397357,27.95622012537981,33.546895409405735,29.263607134567835,dry_jjas,600.9606534616394,1.0,3.0,3,train,False
Nairobi,2015-07-01,2015,7,1,1,Minimal,0.0,1.0038697666512075,0.9993498446852987,0.9084764475626572,0.2801481942687764,-0.1674222320319706,-0.303130295056454,44.16203682328612,13.519516664571965,18.989546960962823,25.1724898623233,dry_jjas,349.07589029272395,1.0,3.0,3,train,False
Nakuru,2015-07-01,2015,7,1,1,Minimal,0.0,1.0,0.9757983118149,0.7190321143086119,-0.1198919706390323,-0.5026958655199466,-0.5296999473613994,37.01236120772122,8.32142276575714,14.867067343705354,22.145293864015866,dry_jjas,337.82261196850334,1.0,3.0,3,train,False
Nandi,2015-07-01,2015,7,1,1,Minimal,0.0,1.0,0.9996627597035966,1.2643926610575702,-0.11204678466878,-0.5547418061980396,-1.1167906670639316,47.38569213590605,0.0,8.719584525010715,38.66610761089533,dry_jjas,636.3375639959971,1.0,3.0,3,train,False
Narok,2015-07-01,2015,7,1,1,Minimal,0.0,1.1059548101190084,0.9926597233607636,2.047275673625161,0.562292458920382,-0.3172802188846344,-1.0575876689599524,26.89875086275194,0.0,14.944075886779595,11.954674975972344,dry_jjas,449.4351533314782,1.0,3.0,3,train,False
Nyamira,2015-07-01,2015,7,1,1,Minimal,0.0,1.0,0.9997642108519644,2.6161899489979343,0.5676376865041712,-0.3175140586547382,-1.2354308501447733,21.19506032444929,0.0,4.8765766287120105,16.318483695737278,dry_jjas,707.0676224501927,1.0,3.0,3,train,False
Nyandarua,2015-07-01,2015,7,1,1,Minimal,0.0,1.0012708819238296,0.9998779737689952,1.0493019142148263,0.278043825547717,-0.1378977608299454,-0.4689517998597344,38.63120058888404,17.88352667989541,25.7647256253784,12.866474963505642,dry_jjas,478.59632261521887,1.0,3.0,3,train,False
Nyeri,2015-07-01,2015,7,1,1,Minimal,0.0,1.390487735517373,0.9998584883435058,1.6574981800500574,0.8963468771065481,0.4879120409769767,-0.4038081270645611,31.800874216862937,10.24592383365567,23.13773364147104,8.663140575391896,dry_jjas,596.5685209899478,1.0,3.0,3,train,False
Samburu,2015-07-01,2015,7,2,2,Stressed,0.0005882230904349,2.000588223090435,0.9999416421807176,1.275720265556385,0.6323564836673471,0.3300367240806182,-0.185169724008973,43.78765638213216,12.510337989548448,5.198404721335504,38.589251660796656,dry_jjas,233.37064745956647,2.0,3.0,3,train,True
Siaya,2015-07-01,2015,7,1,1,Minimal,0.0,1.0,0.7119007907118109,1.150423548887276,-0.0696996678119069,-0.4605295124726756,-0.9655098186441862,61.42802839370821,0.0,0.0,61.42802839370821,dry_jjas,703.9110029852106,1.0,3.0,3,train,False
Taita Taveta,2015-07-01,2015,7,1,1,Minimal,0.0,1.3437464257800205,0.9966754258458158,1.091671660812495,0.5456851691321986,0.5667022415108482,0.1330200597018696,43.369455837892886,9.135257008352443,9.486404990681702,33.88305084721118,dry_jjas,337.281834884778,1.0,3.0,3,train,False
Tana River,2015-07-01,2015,7,2,2,Stressed,0.0,1.889950779866,0.9998750731838612,0.7846085385818939,0.3480329779214694,0.1181093096977046,-0.4470031596706917,54.585848639354566,34.72157645715432,15.422551520251435,39.163297119103134,dry_jjas,208.9215702880231,2.0,3.0,3,train,False
Tharaka-Nithi,2015-07-01,2015,7,2,2,Stressed,0.0,1.5737620624976976,0.9998969138004892,1.4347587224541425,0.97690659393081,0.4092467051913477,-0.3389543266878971,71.06309598683208,29.808437382258507,0.0,71.06309598683208,dry_jjas,386.5660928989662,2.0,3.0,3,train,False
Trans Nzoia,2015-07-01,2015,7,1,1,Minimal,0.0,1.000079835388598,0.9976864050043228,0.7322080751789941,-0.6945797482078089,-0.8507255635620116,-0.8643119845430263,37.02762591060316,0.0,7.283478325390498,29.744147585212666,dry_jjas,575.422482832226,1.0,3.0,3,train,False
Turkana,2015-07-01,2015,7,2,2,Stressed,0.0,1.999749038495512,0.9605954412127692,1.7509885923244946,0.4420738484453604,0.4307480724420837,-0.5975767732148234,57.85427925180762,13.751882947171794,11.829154110147988,46.02512514165963,dry_jjas,134.93439886021372,2.0,3.0,3,train,True
Uasin Gishu,2015-07-01,2015,7,1,1,Minimal,0.0,1.0,0.999776577336855,0.8880933936740617,-0.2602379558449001,-0.4435991699499245,-0.8166644997005177,40.88317422697648,0.0,8.270170519259333,32.61300370771715,dry_jjas,466.5756532543863,1.0,3.0,3,train,False
Vihiga,2015-07-01,2015,7,1,1,Minimal,0.0,1.0,0.9994221612948908,1.334041402834809,-0.0874669663382699,-0.4757354624905596,-0.8255078372657608,16.926973548863735,0.0,7.5901991907036175,9.336774358160117,dry_jjas,638.2354464495623,1.0,3.0,3,train,False
Wajir,2015-07-01,2015,7,2,2,Stressed,0.1161352925910799,2.11613529259108,0.9996822336657848,0.2608335532483234,0.334214389507196,0.2870856170358984,-0.766580187902762,54.80733377020001,32.35120419788386,0.0,54.80733377020001,dry_jjas,220.92597534518788,2.0,3.0,3,train,True
West Pokot,2015-07-01,2015,7,1,1,Minimal,0.0,1.4523024832184483,0.992658495186474,0.894040979957844,-0.3536500204984556,-0.597647140644757,-0.9238804791977412,50.03475056724784,1.665378625196197,9.255191513556593,40.779559053691244,dry_jjas,366.78840132412165,1.0,3.0,3,train,False
Baringo,2015-10-01,2015,10,1,1,Minimal,0.0,1.414528727274044,0.9998978463856146,-0.9786212745728492,-0.4781457744386987,-0.4652183108595833,-0.185840399949878,42.64897842425745,57.62113534595444,71.51987383727717,-28.870895413019724,short_rains,407.6410955536569,1.0,3.0,3,train,True
Bomet,2015-10-01,2015,10,1,1,Minimal,0.0,1.0,0.999729073525429,-0.9837666945664338,2.1003101600995837,1.1362791300679782,1.4590270265317906,77.95953614683515,82.20937202218445,45.787382914532685,32.17215323230246,short_rains,705.0356352221398,1.0,3.0,3,train,False
Bungoma,2015-10-01,2015,10,1,1,Minimal,0.0,1.0,0.9968273735961644,-0.1634897627738514,1.0064766881192762,0.215719151292944,0.0736580749719793,89.22853746444626,81.22104145832914,24.76713876377948,64.46139870066678,short_rains,684.143518918554,1.0,3.0,3,train,False
Busia,2015-10-01,2015,10,1,1,Minimal,0.0,1.0,0.9128634605516264,-0.1619723098189658,1.726179379178288,0.92593018773313,0.723115053752862,76.40314523182612,100.0,97.41596615216233,-21.01282092033621,short_rains,504.89251568895395,1.0,3.0,3,train,False
Elgeyo-Marakwet,2015-10-01,2015,10,1,1,Minimal,0.0,1.000117847662834,0.9998073348539552,-0.5404994493776014,-0.0527234716169723,-0.4496846432466566,-0.3063559557743708,69.24810601506539,90.95207135095464,79.84440515954763,-10.596299144482245,short_rains,424.00498148048365,1.0,3.0,3,train,False
Embu,2015-10-01,2015,10,1,1,Minimal,0.0,1.1463909094856186,0.9998434838923452,0.6674389999367444,-0.3310581116472146,0.3920453829095446,0.441349877204703,11.342502477708852,70.4295488133069,30.4016604346306,-19.059157956921748,short_rains,401.4457023614595,2.0,3.0,3,train,False
Garissa,2015-10-01,2015,10,2,2,Stressed,0.0004658275642566,1.9783258091494715,0.999545472615534,-0.5230929222277511,-0.5532134169684922,0.5538270559412994,0.7495289341920772,38.871292833353806,44.23838367079536,49.7774868492096,-10.906194015855796,short_rains,210.6771075185111,2.0,3.0,3,train,False
Homa Bay,2015-10-01,2015,10,1,1,Minimal,0.0,1.0,0.66830422924983,-0.9295228788595756,1.5881139243405575,1.059650101503508,0.982641444897432,44.5041727030902,77.14874721456842,100.0,-55.4958272969098,short_rains,658.3122810444571,1.0,3.0,3,train,False
Isiolo,2015-10-01,2015,10,3,3,Crisis or worse,0.6441644193096367,2.6439226323410474,0.9999896131730716,0.0563802816130919,-0.0742171077922121,0.4338560209531962,0.4556893845819146,3.91373771301721,11.662197666171554,19.095559296353727,-15.181821583336518,short_rains,121.15801476654195,2.0,3.0,3,train,False
Kajiado,2015-10-01,2015,10,1,1,Minimal,0.0,1.0004243187455517,0.9866994792406812,1.2738844414151362,0.6310975636117553,0.5290369128453872,0.5758118232544024,26.055343522908164,40.725173902201306,33.26260560576876,-7.207262082860598,short_rains,244.0590119973267,2.0,3.0,3,train,False
Kakamega,2015-10-01,2015,10,1,1,Minimal,0.0,1.0,0.999664408296622,-0.2712651417629964,1.2073169147754887,0.5971164332666543,0.7131784598672215,65.98805550541921,87.02821898074953,55.34965892172024,10.63839658369897,short_rains,521.962946970816,1.0,3.0,3,train,False
Kericho,2015-10-01,2015,10,1,1,Minimal,0.0,1.0,0.9997003606571904,-1.441330768416101,0.8103359421287264,0.5394154127300272,0.8940940607653981,69.80302697353387,90.03282847140987,61.80181350990628,8.001213463627593,short_rains,577.6437811642602,1.0,3.0,3,train,False
Kiambu,2015-10-01,2015,10,1,1,Minimal,0.0,1.0,0.999673347193444,0.5520703265613441,0.212926929303182,0.2779465736924465,0.2747663952245047,95.7580553056844,85.80767097558109,21.530135256218365,74.22792004946604,short_rains,365.1581675938478,1.0,3.0,3,train,False
Kilifi,2015-10-01,2015,10,1,1,Minimal,0.0,1.477436060422084,0.994166307858776,0.9531844308929898,1.2926529134293676,1.576530622514825,1.5780796153044772,46.54135211367819,69.432381908512,69.20617491599127,-22.664822802313083,short_rains,485.9236308469297,2.0,3.0,3,train,False
Kirinyaga,2015-10-01,2015,10,1,1,Minimal,0.0,1.0,0.999753653863793,0.6862668388109207,-0.276895837933556,0.3865967338246668,0.4280460184629976,30.29054471212493,98.9642560761001,0.0,30.29054471212493,short_rains,523.427425427593,1.0,3.0,3,train,False
Kisii,2015-10-01,2015,10,1,1,Minimal,0.0,1.0,0.9995810852329324,-1.0098294955916136,1.1778224957783576,0.9203675261525756,1.1605529990039145,80.44568979333405,76.10323901109341,16.2974614602712,64.14822833306286,short_rains,771.8724273402603,1.0,3.0,3,train,False
Kisumu,2015-10-01,2015,10,1,1,Minimal,0.0,1.0,0.7825715876310352,-0.7912742301746727,1.3989133773288505,0.8530211921188358,0.9194866493652766,47.79062351463615,72.04668045545114,78.09220032265172,-30.301576808015568,short_rains,650.4965825795291,1.0,3.0,3,train,False
Kitui,2015-10-01,2015,10,2,2,Stressed,0.0,1.890882995052113,0.9999590660533558,2.388233060701176,1.201887466521484,0.4661057583461245,0.5221201899746188,20.94358477477282,47.50749402549645,58.94821529707979,-38.00463052230697,short_rains,350.0498777837523,2.0,3.0,3,train,False
Kwale,2015-10-01,2015,10,1,1,Minimal,0.0,1.247018944855102,0.991235759608234,1.0799282890932267,1.0509310019240847,0.9732888197494474,0.9326154060644648,53.091996153429406,61.09547848023631,59.7092089267906,-6.617212773361196,short_rains,461.4118591660762,2.0,3.0,3,train,False
Laikipia,2015-10-01,2015,10,2,2,Stressed,0.0,1.9034236473503232,0.9999631721820386,-1.125589285307044,-1.0016079980149228,-0.0216475955949272,0.3545908947726418,47.34374504178182,63.31972509441984,73.8707994122669,-26.527054370485082,short_rains,378.6133408439104,2.0,3.0,3,train,False
Lamu,2015-10-01,2015,10,1,1,Minimal,0.0,1.0,0.9772658860263104,-0.4518215594161218,-0.2232489899807321,-0.0060428075047657,0.3765279523496871,58.95101897533029,72.17782534040975,58.984428158134726,-0.03340918280443361,short_rains,394.8891092289726,1.0,3.0,3,train,False
Machakos,2015-10-01,2015,10,1,1,Minimal,0.0,1.008586701010849,0.9999176096053372,1.0025058104362246,0.5777854589820075,0.4865408104227079,0.5836150558773767,33.62226063417271,62.19235569284189,46.96194211485091,-13.339681480678202,short_rains,347.0698296320569,1.0,3.0,3,train,False
Makueni,2015-10-01,2015,10,2,2,Stressed,0.0,1.538052658342843,0.999846711095126,2.5925333332844467,1.6334661428646362,1.1294885398842078,1.184895304496505,20.890033517336477,47.93601550703452,46.2217326396278,-25.331699122291326,short_rains,210.84898907247097,2.0,3.0,3,train,False
Mandera,2015-10-01,2015,10,2,2,Stressed,0.0,2.0,0.9935104441286544,0.4706760201577744,-0.3329633763235709,0.3486445293746377,0.381051486177693,13.391162102723229,53.14416971647088,28.26150062098322,-14.870338518259992,short_rains,147.72597818452132,2.0,3.0,3,train,False
Marsabit,2015-10-01,2015,10,2,2,Stressed,0.0,2.0,0.9301329759074554,-0.4438621686608502,-0.2364463572341001,0.3558427466488648,0.5055081463398496,13.19130130754668,23.614191095339827,37.37927569406274,-24.18797438651606,short_rains,183.11284628508548,2.0,3.0,3,train,True
Meru,2015-10-01,2015,10,1,1,Minimal,0.0,1.2058886450179924,0.9998765603756992,0.3498961079375119,-0.3604200808406979,0.8467699855837598,0.9768142224467689,28.53843148535363,57.848656346043335,38.25015307564084,-9.711721590287208,short_rains,469.95952152110806,1.0,3.0,3,train,False
Migori,2015-10-01,2015,10,1,1,Minimal,0.0,1.0,0.8116729345870676,-1.2084359337121904,1.660418164762186,0.7207184949089684,0.8395641804982523,73.34316664615484,90.10286524539576,85.46106722735038,-12.117900581195542,short_rains,460.4970135975702,1.0,3.0,3,train,False
Mombasa,2015-10-01,2015,10,1,1,Minimal,0.0,1.0006041684983675,0.9456085030411966,1.061895905198809,1.4699022504970058,1.5373536916746902,1.512265329909923,39.29795222058113,41.93951309130742,54.58575269424552,-15.28780047366439,short_rains,339.4545465241538,1.0,3.0,3,train,False
Murang'a,2015-10-01,2015,10,1,1,Minimal,0.0,1.0,0.9998129313529576,0.2970645661274026,0.0554346138663434,0.5284012790170634,0.6165309805831096,69.6573266927698,97.69724874628167,8.151941220545256,61.505385472224546,short_rains,600.9606534616394,1.0,3.0,3,train,False
Nairobi,2015-10-01,2015,10,1,1,Minimal,0.0,1.0,0.999331868418972,1.018276140237257,0.0165241431530501,0.1587591589151415,0.1909854348641325,100.0,73.72050555812449,15.97141202645455,84.02858797354546,short_rains,349.07589029272395,1.0,3.0,3,train,False
Nakuru,2015-10-01,2015,10,1,1,Minimal,0.0,1.0,0.9757983118149,-0.5924156269262043,0.5211033258803333,0.1574239715610593,0.3363290254742587,70.26861723511865,86.02519187811161,66.22513642753255,4.043480807586107,short_rains,337.82261196850334,1.0,3.0,3,train,False
Nandi,2015-10-01,2015,10,1,1,Minimal,0.0,1.0,0.9996627597035964,-0.8123920058157886,0.6027820147942874,0.2700729779302758,0.6458168694717126,79.1333448872898,92.42785214210572,76.45851875369256,2.674826133597236,short_rains,636.3375639959971,1.0,3.0,3,train,False
Narok,2015-10-01,2015,10,1,1,Minimal,0.0,1.0,0.9926538206670448,-0.1101734546205454,1.549084866284575,1.171782666819305,1.26768516484203,73.07950487349748,84.7803865908047,59.127407680292166,13.952097193205319,short_rains,449.4351533314782,1.0,3.0,3,train,False
Nyamira,2015-10-01,2015,10,1,1,Minimal,0.0,1.0,0.9997642108519644,-0.9751612560369932,1.2855151327640475,1.1447511297072543,1.4025851522913206,76.90584109566582,91.733476578753,58.37307799619745,18.53276309946837,short_rains,707.0676224501927,1.0,3.0,3,train,False
Nyandarua,2015-10-01,2015,10,1,1,Minimal,0.0,1.0012708819238296,0.999877973768995,-0.8243565812241304,-0.2795288085725098,0.0016973723035804,0.3972576059953511,69.71246711722978,78.98935601549304,55.75085603745094,13.96161107977884,short_rains,478.59632261521887,1.0,3.0,3,train,False
Nyeri,2015-10-01,2015,10,1,1,Minimal,0.0,1.1870756040550354,0.9998556256640296,-0.4622129011850257,-0.33152912519241,0.4167501963727925,0.6379746972928104,55.2591289080798,89.16641117176323,26.329424022314864,28.929704885764938,short_rains,596.5685209899478,1.0,3.0,3,train,False
Samburu,2015-10-01,2015,10,2,2,Stressed,0.0005882230904349,2.000588223090435,0.9999416421807176,-0.8513200358221145,-0.9162096551983896,0.3439321318485079,0.5409676807204347,26.08483589192108,31.269454340979465,47.3865526832344,-21.301716791313318,short_rains,233.37064745956647,2.0,3.0,3,train,True
Siaya,2015-10-01,2015,10,1,1,Minimal,0.0,1.0,0.7119007907118109,-0.6616540633481947,1.5893935099864085,1.0311085517158478,0.9700725203378704,45.12741665946291,52.66505172813642,100.0,-54.87258334053709,short_rains,703.9110029852106,1.0,3.0,3,train,False
Taita Taveta,2015-10-01,2015,10,1,1,Minimal,0.0,1.2953185458403955,0.9966776098967514,1.106963786604363,1.253483571606716,0.7673037754425865,0.8963007958757588,30.156606469902176,65.70610427748812,57.71319872840775,-27.55659225850557,short_rains,337.281834884778,1.0,3.0,3,train,False
Tana River,2015-10-01,2015,10,2,2,Stressed,0.0,1.5865677698809164,0.9998934212203772,0.2995709103321477,0.6559777434742651,0.4335945400374172,0.5393712641419665,32.1262202041036,57.181664930402384,43.01149702621949,-10.885276822115884,short_rains,208.9215702880231,2.0,3.0,3,train,False
Tharaka-Nithi,2015-10-01,2015,10,1,1,Minimal,0.0,1.4629715392244436,0.9998924309279584,0.688784519368745,-0.4550683321074712,0.6414103726800193,0.7078726583262225,29.59500191570683,49.691768388676266,48.44518265908668,-18.850180743379852,short_rains,386.5660928989662,2.0,3.0,3,train,False
Trans Nzoia,2015-10-01,2015,10,1,1,Minimal,0.0,1.000079835388598,0.9976864050043228,-0.2914839531085502,0.7949568187773582,0.0387423094667147,-0.1701530571925067,100.0,93.21465782460808,84.43176096009726,15.568239039902735,short_rains,575.422482832226,1.0,3.0,3,train,False
Turkana,2015-10-01,2015,10,2,2,Stressed,0.0,1.9998377154702995,0.9605954412127689,-0.6531426950614081,-0.1292097296557914,0.1808088904656572,0.5125778308870641,28.702735683756533,36.72074600064496,47.48128609461989,-18.778550410863357,short_rains,134.93439886021372,2.0,3.0,3,train,True
Uasin Gishu,2015-10-01,2015,10,1,1,Minimal,0.0,1.0,0.9997765773368542,-0.759994534614996,-0.0005572771905637,-0.2578658909719025,0.1351119971087309,72.16153337117538,100.0,92.35417550478654,-20.19264213361116,short_rains,466.5756532543863,1.0,3.0,3,train,False
Vihiga,2015-10-01,2015,10,1,1,Minimal,0.0,1.0,0.9994221612948908,-0.4893861942894802,1.3182606996445363,0.8276699687185604,1.048026036952098,63.00856167554515,96.8604912613335,51.270062079822594,11.738499595722558,short_rains,638.2354464495623,1.0,3.0,3,train,False
Wajir,2015-10-01,2015,10,2,2,Stressed,0.0665562244072623,2.0665562244072624,0.999693129809748,0.6109828813669892,-0.9409959380959114,0.1136308974096556,0.1402667828841002,17.005816456583332,27.80697345949291,33.11049857706331,-16.10468212047998,short_rains,220.92597534518788,2.0,3.0,3,train,True
West Pokot,2015-10-01,2015,10,2,2,Stressed,0.0,1.7148583879118129,0.9926381078640412,-1.119738498839428,-0.2894009266022861,-0.4845058255135732,-0.1976830252297226,60.28797952288259,63.00582321875779,60.35375239123739,-0.06577286835480578,short_rains,366.78840132412165,1.0,3.0,3,train,False
Baringo,2016-02-01,2016,2,1,1,Minimal,0.0,1.3188950010897644,0.999884566712633,1.2038925365445574,0.764748446618829,-0.5897248228218311,-1.7806504644029668,67.7158587434145,11.762648875471076,21.840915703975856,45.87494303943865,dry_jf,407.6410955536569,1.0,4.0,3,train,True
Bomet,2016-02-01,2016,2,1,1,Minimal,0.0,1.0,0.999729073525429,0.7731499759005427,1.0410489716684597,0.4672780985913271,-1.5543371936032822,46.46957731017756,0.0,85.24151676658978,-38.77193945641222,dry_jf,705.0356352221398,1.0,4.0,3,train,False
Bungoma,2016-02-01,2016,2,1,1,Minimal,0.0,1.0,0.9968273735961646,1.2848127997679355,1.9285905114943152,1.3147550081480182,-0.7455377816257569,69.19674352635923,13.697202384628667,59.08551135713952,10.111232169219711,dry_jf,684.143518918554,1.0,4.0,3,train,False
Busia,2016-02-01,2016,2,1,1,Minimal,0.0,1.0,0.9128634605516264,2.274978966377849,3.2620688016082666,2.907933497936096,-0.5370362872568532,100.0,40.23107054379376,23.906909362422667,76.09309063757733,dry_jf,504.89251568895395,1.0,4.0,3,train,False
Elgeyo-Marakwet,2016-02-01,2016,2,1,1,Minimal,0.0,1.0000728260314815,0.9998011446498934,1.043356788429122,0.7347408110086175,-0.1579223916870886,-1.5992723389282224,64.97585657041294,0.0,22.915303122174254,42.06055344823869,dry_jf,424.00498148048365,1.0,4.0,3,train,False
Embu,2016-02-01,2016,2,1,1,Minimal,0.0,1.0,0.9997803988984592,1.2635648563617083,0.9157786862341964,0.89344697335486,-0.6482988092716849,79.28771874005012,35.19040249989996,36.59352185394751,42.69419688610262,dry_jf,401.4457023614595,1.0,4.0,3,train,False
Garissa,2016-02-01,2016,2,1,1,Minimal,0.0,1.4851302331110976,0.999523045663964,1.093650072703473,0.7802471609686145,0.6435602264250025,-0.493075708484962,49.221179433719634,44.8880673993373,29.39150304492259,19.829676388797044,dry_jf,210.6771075185111,2.0,4.0,3,train,False
Homa Bay,2016-02-01,2016,2,1,1,Minimal,0.0,1.0,0.66830422924983,1.2136316106819325,1.954611141856449,1.7729143131712983,-1.2755772143353117,71.86915729156213,19.48603945865187,3.812796535817918,68.05636075574421,dry_jf,658.3122810444571,1.0,4.0,3,train,False
Isiolo,2016-02-01,2016,2,2,2,Stressed,0.0,1.8460617466725573,0.9999864866039166,0.8795581191180116,0.7471491627219117,0.733917841841939,-1.035726843370146,30.42957699727811,19.932888239195744,6.852554423858082,23.57702257342003,dry_jf,121.15801476654195,3.0,4.0,3,train,False
Kajiado,2016-02-01,2016,2,1,1,Minimal,0.0,1.0,0.9866989056642574,1.2793693747670185,1.1701915655651072,1.1851506873997124,-0.7164084171690813,60.53009996417785,4.228703496021364,19.539588937075585,40.990511027102265,dry_jf,244.0590119973267,1.0,4.0,3,train,False
Kakamega,2016-02-01,2016,2,1,1,Minimal,0.0,1.0,0.9996644082966218,0.9910893333669506,1.865543562546611,0.9259887878506669,-0.8199369015290154,84.60547812006202,0.0,29.354060121535877,55.251417998526136,dry_jf,521.962946970816,1.0,4.0,3,train,False
Kericho,2016-02-01,2016,2,1,1,Minimal,0.0,1.0,0.9997003606571906,0.536610182718089,1.3583973465953871,0.0791383366568652,-1.698234539616875,55.09083626796638,0.0,36.64176358604338,18.449072681923,dry_jf,577.6437811642602,1.0,4.0,3,train,False
Kiambu,2016-02-01,2016,2,1,1,Minimal,0.0,1.0,0.9996733471934438,1.4429310032655995,1.2889883134444051,1.4260559950500369,-0.821237680707382,88.88911959170714,55.78567786163725,68.55199031680569,20.337129274901457,dry_jf,365.1581675938478,1.0,4.0,3,train,False
Kilifi,2016-02-01,2016,2,1,1,Minimal,0.0,1.0,0.9941353718889928,1.7085552158914643,0.9627844899424493,0.8591293214441167,-0.0027254065123058,70.34460859779396,55.23524184419593,35.02776832038053,35.316840277413434,dry_jf,485.9236308469297,1.0,4.0,3,train,False
Kirinyaga,2016-02-01,2016,2,1,1,Minimal,0.0,1.0,0.9997536538637944,1.0679735951583147,0.8498094111100467,0.7826067336586922,-0.5402416286681843,77.0629066981649,46.49700665828533,56.97639810471819,20.086508593446702,dry_jf,523.427425427593,1.0,4.0,3,train,False
Kisii,2016-02-01,2016,2,1,1,Minimal,0.0,1.0,0.9995810852329328,0.6576454161747132,1.2496411545749957,0.8296944859549699,-1.13909466094265,17.63442427379714,0.0,51.86447003375203,-34.23004575995489,dry_jf,771.8724273402603,1.0,4.0,3,train,False
Kisumu,2016-02-01,2016,2,1,1,Minimal,0.0,1.0,0.7825715876310351,0.7029820758264761,2.023772525021402,1.4377433367579693,-0.7817202838313877,86.44681798461632,37.54411859004251,6.70930671373288,79.73751127088343,dry_jf,650.4965825795291,1.0,4.0,3,train,False
Kitui,2016-02-01,2016,2,1,1,Minimal,0.0,1.0,0.999944695629578,1.0315535800419509,0.9129394310528892,0.9415576892786646,1.0022460557050112,41.69462479279796,2.3952076304941667,20.03408501929872,21.66053977349924,dry_jf,350.0498777837523,2.0,4.0,3,train,False
Kwale,2016-02-01,2016,2,1,1,Minimal,0.0,1.0,0.9912318048620204,1.8983089986395356,1.497233974223212,1.43659970051147,0.6607789665027394,59.13735067734608,45.99752359225918,38.98353733682523,20.15381334052085,dry_jf,461.4118591660762,1.0,4.0,3,train,False
Laikipia,2016-02-01,2016,2,1,1,Minimal,0.0,1.0032393511570936,0.9999548732821334,1.11861535766049,0.7099077835790855,-0.4846503289504807,-2.046016071128668,44.33480176913834,0.0,19.200980783647005,25.133820985491333,dry_jf,378.6133408439104,2.0,4.0,3,train,False
Lamu,2016-02-01,2016,2,1,1,Minimal,0.0,1.0,0.9772658860263104,1.3790831615674777,1.119735571578923,0.374434465477037,-0.748790621348803,72.67500391411808,70.28961562435533,45.242043432591046,27.432960481527033,dry_jf,394.8891092289726,1.0,4.0,3,train,False
Machakos,2016-02-01,2016,2,1,1,Minimal,0.0,1.0,0.999829814126306,1.56999713310858,1.4297497789947742,1.45187843423571,-0.4305041292579754,43.10096104924085,5.725099101163675,24.280576651427943,18.82038439781291,dry_jf,347.0698296320569,1.0,4.0,3,train,False
Makueni,2016-02-01,2016,2,1,1,Minimal,0.0,1.0,0.9998081115992576,0.8926031306542821,0.8182309196696523,0.822479070769475,0.7649725851896838,23.503425021557288,0.0,20.59136791664593,2.9120571049113586,dry_jf,210.84898907247097,2.0,4.0,3,train,False
Mandera,2016-02-01,2016,2,2,2,Stressed,0.0,1.9999714647550664,0.9935104441286542,0.6274985236764961,0.6399658734923617,0.6283998066043704,0.1447016883866483,49.71655668346615,61.07588982668538,5.971918241837581,43.744638441628574,dry_jf,147.72597818452132,2.0,4.0,3,train,False
Marsabit,2016-02-01,2016,2,2,2,Stressed,0.0,1.674752089478686,0.9301345996156104,0.9811665801294932,0.6668418214318012,0.5687314516575279,-0.5729347163269919,38.89599286559852,23.166721866367,14.51200457414259,24.383988291455932,dry_jf,183.11284628508548,2.0,4.0,3,train,True
Meru,2016-02-01,2016,2,1,1,Minimal,0.0,1.0,0.9998145827542296,1.3781351446209484,0.8076303804418814,0.7484067270561853,-1.2301743620719074,53.90680199930832,40.79364863195495,36.20005096853816,17.706751030770164,dry_jf,469.95952152110806,1.0,4.0,3,train,False
Migori,2016-02-01,2016,2,1,1,Minimal,0.0,1.0,0.8116729345870676,1.0525473011238828,1.6033952654156678,1.5607972594888695,-1.606395118385466,53.17530947643271,52.216883366448975,27.8269798554678,25.348329620964908,dry_jf,460.4970135975702,1.0,4.0,3,train,False
Mombasa,2016-02-01,2016,2,1,1,Minimal,0.0,1.0,0.9454967568842269,2.609487649202327,1.7192840391912507,1.4929822527726244,0.2987393999922048,70.17572565093626,62.136294624346434,48.957032506685046,21.218693144251212,dry_jf,339.4545465241538,1.0,4.0,3,train,False
Murang'a,2016-02-01,2016,2,1,1,Minimal,0.0,1.0,0.9998129313529576,1.6672510067187285,1.4757842055409538,1.4197044650651764,-0.8731144106665709,81.15728036293272,41.52858586413495,64.407559129995,16.74972123293773,dry_jf,600.9606534616394,1.0,4.0,3,train,False
Nairobi,2016-02-01,2016,2,1,1,Minimal,0.0,1.0,0.999331868418972,1.4446626001714171,1.3234958473711624,1.4155732473667837,-0.4920012273623892,78.03231125526372,24.440351397815885,42.46466247258653,35.56764878267719,dry_jf,349.07589029272395,1.0,4.0,3,train,False
Nakuru,2016-02-01,2016,2,1,1,Minimal,0.0,1.0,0.9757983118149,1.201515184717446,0.709982392284554,-0.3255645515951516,-1.7028827099994,66.36283975208036,8.091650975322484,42.2912663215523,24.071573430528062,dry_jf,337.82261196850334,1.0,4.0,3,train,False
Nandi,2016-02-01,2016,2,1,1,Minimal,0.0,1.0,0.999662759703597,0.5357367101934504,1.435582938256244,0.2286711231976466,-1.1352674133593077,74.35291166604206,0.0,50.73775929767216,23.6151523683699,dry_jf,636.3375639959971,1.0,4.0,3,train,False
Narok,2016-02-01,2016,2,1,1,Minimal,0.0,1.0,0.9926538206670446,1.334715137548363,1.4207383912444078,1.4853222230158984,-0.8045649402454056,100.0,31.836093198137075,26.764810547291248,73.23518945270875,dry_jf,449.4351533314782,1.0,4.0,3,train,False
Nyamira,2016-02-01,2016,2,1,1,Minimal,0.0,1.0,0.9997642108519644,0.69813891015393,1.3607396310880624,0.7982372638588279,-1.0191633030187226,0.0,0.0,43.92957767624359,-43.92957767624359,dry_jf,707.0676224501927,1.0,4.0,3,train,False
Nyandarua,2016-02-01,2016,2,1,1,Minimal,0.0,1.0,0.9998609829390608,1.3814930305844615,0.7812562889738011,-0.4435284304577727,-2.0242555720576547,0.0,0.0,74.0043286152385,-74.0043286152385,dry_jf,478.59632261521887,1.0,4.0,3,train,False
Nyeri,2016-02-01,2016,2,1,1,Minimal,0.0,1.0,0.9998391472325844,1.6354894578935568,1.1850009631892826,0.7504774227001819,-1.5952341355186583,15.243429360591106,0.0,48.24459733484797,-33.00116797425686,dry_jf,596.5685209899478,1.0,4.0,3,train,False
Samburu,2016-02-01,2016,2,2,2,Stressed,0.0,1.8126886134386109,0.99994995069358,0.775091965379686,0.5353722110952446,0.0714787300306652,-1.4454305858124632,55.87408793975166,8.250822567281105,15.400306803728713,40.47378113602295,dry_jf,233.37064745956647,2.0,4.0,3,train,True
Siaya,2016-02-01,2016,2,1,1,Minimal,0.0,1.0,0.7119007907118109,1.779411268598667,2.829491527359802,2.468532393370848,-0.5906744951534466,100.0,35.11067247321849,40.10351150435841,59.89648849564159,dry_jf,703.9110029852106,1.0,4.0,3,train,False
Taita Taveta,2016-02-01,2016,2,1,1,Minimal,0.0,1.0,0.996630559288052,1.536264833195768,1.3632703795106176,1.2994485985501107,0.041516605873075,31.87745522973842,19.26329821457405,30.144944764702576,1.732510465035844,dry_jf,337.281834884778,1.0,4.0,3,train,False
Tana River,2016-02-01,2016,2,1,1,Minimal,0.0,1.0072814710319482,0.9998718268663852,1.4172671362027236,1.323066777722277,1.3425736541259836,0.1100559974695966,42.26162107280768,29.47390577438208,29.60146459134578,12.660156481461897,dry_jf,208.9215702880231,2.0,4.0,3,train,False
Tharaka-Nithi,2016-02-01,2016,2,1,1,Minimal,0.0,1.0,0.9998764343947174,1.3819048275890442,0.8393023739555309,0.8128928393469946,-0.8145456659829979,49.12859504531321,24.06274874445912,37.62178423176128,11.50681081355193,dry_jf,386.5660928989662,1.0,4.0,3,train,False
Trans Nzoia,2016-02-01,2016,2,1,1,Minimal,0.0,1.0,0.997686329629118,1.0060702626631308,1.3149667717949918,0.5701304116593545,-1.1434797300134358,61.64029947870513,0.0,16.87141342655269,44.76888605215244,dry_jf,575.422482832226,1.0,4.0,3,train,False
Turkana,2016-02-01,2016,2,2,2,Stressed,0.0,1.999690450272312,0.9605955984339016,2.1332456250485072,1.776330672939706,0.6486552075256493,-1.028322463301078,73.82619237820892,8.022616266929651,12.145443370032496,61.68074900817642,dry_jf,134.93439886021372,2.0,4.0,3,train,True
Uasin Gishu,2016-02-01,2016,2,1,1,Minimal,0.0,1.0,0.9997765773368544,0.738887204340943,0.7695343309495493,-0.4820018350710185,-1.608485022198915,79.66350345902352,0.0,16.676238302646517,62.987265156377,dry_jf,466.5756532543863,1.0,4.0,3,train,False
Vihiga,2016-02-01,2016,2,1,1,Minimal,0.0,1.0,0.9994221612948908,0.9082840140081204,2.0552424803538374,1.321186862563081,-0.4973981666852979,81.55536668766676,0.0,45.74730836062769,35.80805832703907,dry_jf,638.2354464495623,1.0,4.0,3,train,False
Wajir,2016-02-01,2016,2,2,2,Stressed,0.0,1.6332853759576738,0.9996870197728416,0.5582841374705035,0.4316540470240802,0.4223783980538585,-0.0609433912051207,27.29158666555835,34.100602814341,19.48419134665953,7.80739531889882,dry_jf,220.92597534518788,2.0,4.0,3,train,True
West Pokot,2016-02-01,2016,2,1,1,Minimal,0.0,1.2093135690913768,0.9926206990557552,1.3066809436629905,0.8128599341629168,-0.3507503931337219,-1.9278432980137128,86.98735900613717,5.135036632500026,15.582666711532177,71.40469229460498,dry_jf,366.78840132412165,2.0,4.0,3,train,False
Baringo,2016-06-01,2016,6,1,1,Minimal,0.0,1.407255390196554,0.9999843448378108,-0.55896524834964,-0.2766240225931886,0.6251856654735926,1.3403743130836323,27.00315013703136,37.94688499531999,75.31612020590381,-48.31297006887246,dry_jjas,407.6410955536569,1.0,4.0,3,train,True
Bomet,2016-06-01,2016,6,1,1,Minimal,0.0,1.0,0.9999591445882084,-0.393563782967758,-0.2709615421719051,0.7061349031929915,1.1385033833242968,67.59335899239902,96.51168111447244,85.6626793478345,-18.06932035543548,dry_jjas,705.0356352221398,1.0,4.0,3,train,False
Bungoma,2016-06-01,2016,6,1,1,Minimal,0.0,1.0,0.9970207416060456,-0.6773025379142964,-0.6867351165713811,1.21633976611749,1.5939660649185143,54.85967099948757,67.07565996892747,86.53650716209607,-31.676836162608502,dry_jjas,684.143518918554,1.0,4.0,3,train,False
Busia,2016-06-01,2016,6,1,1,Minimal,0.0,1.0,0.914162035136638,-1.363305857820842,-1.085208865890143,1.6206444572698842,1.9376409652551525,37.57920549422057,48.0100150284126,83.17390059487904,-45.59469510065848,dry_jjas,504.89251568895395,1.0,4.0,3,train,False
Elgeyo-Marakwet,2016-06-01,2016,6,1,1,Minimal,0.0,1.000236473294127,0.999951785576505,-0.5836641983264841,-0.5376954107617172,0.503307902455682,1.200940175652375,43.53789074348427,50.76317395284604,85.55658220476872,-42.01869146128445,dry_jjas,424.00498148048365,1.0,4.0,3,train,False
Embu,2016-06-01,2016,6,1,1,Minimal,0.0,1.0,0.9999726484073956,-0.7450243701667341,-0.2417400943064811,0.6337764786303303,1.1059687631920536,64.45131009112039,55.29492040626528,82.30240869874909,-17.8510986076287,dry_jjas,401.4457023614595,1.0,4.0,3,train,False
Garissa,2016-06-01,2016,6,2,2,Stressed,0.0,1.812042259597601,0.9994692897705588,-0.8850147357653929,-0.5009544333488487,0.4130124124102821,0.7876376349168341,27.83066839305608,30.14317064987468,49.55481174077862,-21.72414334772254,dry_jjas,210.6771075185111,1.0,4.0,3,train,False
Homa Bay,2016-06-01,2016,6,1,1,Minimal,0.0,1.0,0.6628357436647451,-1.247706864714659,-1.343912308010747,1.2357735169877997,1.4620892416494669,39.28647928660317,71.64186956234097,64.76661905560434,-25.48013976900117,dry_jjas,658.3122810444571,1.0,4.0,3,train,False
Isiolo,2016-06-01,2016,6,2,2,Stressed,0.0,1.9105875910761407,0.999960508583767,-0.9247684399552027,-0.3256504261884939,0.3767694634375931,0.6930980954308809,8.106388462093596,21.225498365343952,35.48847843416022,-27.382089972066623,dry_jjas,121.15801476654195,2.0,4.0,3,train,False
Kajiado,2016-06-01,2016,6,1,1,Minimal,0.0,1.0,0.9866503538026764,-0.6548177847233224,0.0835057093624683,0.7000628084571509,1.2308729286262543,37.04267411975491,59.03538239332188,64.0043195289577,-26.96164540920278,dry_jjas,244.0590119973267,1.0,4.0,3,train,False
Kakamega,2016-06-01,2016,6,1,1,Minimal,0.0,1.0,0.999843271229553,-0.5673917193898051,-0.7016482519053098,1.0088510612845245,1.4252233413751336,45.83236330394004,57.42368388948694,83.11160316178906,-37.27923985784902,dry_jjas,521.962946970816,1.0,4.0,3,train,False
Kericho,2016-06-01,2016,6,1,1,Minimal,0.0,1.0,0.9999526229648772,-0.4549469073652446,-0.1078497622939327,0.7231753615821305,1.0204476707007488,46.04930952048704,77.99384203068576,86.29622713161906,-40.24691761113202,dry_jjas,577.6437811642602,1.0,4.0,3,train,False
Kiambu,2016-06-01,2016,6,1,1,Minimal,0.0,1.0,0.9998305741952528,-0.4951172519058412,0.2416576992200866,0.9307984562876936,1.378386469730263,50.75166780346866,84.18664744253662,83.78398137077983,-33.032313567311164,dry_jjas,365.1581675938478,1.0,4.0,3,train,False
Kilifi,2016-06-01,2016,6,1,1,Minimal,0.0,1.0,0.994188902228564,-1.0313506751909445,-0.6846818052117475,0.4611369962542068,0.8612941425682188,18.41117113622001,22.51708318412164,42.8005723102969,-24.38940117407689,dry_jjas,485.9236308469297,1.0,4.0,3,train,False
Kirinyaga,2016-06-01,2016,6,1,1,Minimal,0.0,1.0,0.999907421621526,-0.6185705919578844,0.0239315323379185,0.7666158554797876,1.1220508880428683,81.02054398960607,100.0,74.78976891284354,6.2307750767625265,dry_jjas,523.427425427593,1.0,4.0,3,train,False
Kisii,2016-06-01,2016,6,1,1,Minimal,0.0,1.0,0.9995821721572732,-0.5683889507495744,-0.8942942516264402,1.1064820485838467,1.2897460757693675,54.15357692513595,71.3146876132466,100.0,-45.84642307486405,dry_jjas,771.8724273402603,1.0,4.0,3,train,False
Kisumu,2016-06-01,2016,6,1,1,Minimal,0.0,1.0,0.7829061444141885,-0.8669571528573385,-0.8430530061477326,0.9958178686187736,1.1208400832580383,57.32606103517855,76.71910954956749,79.18197514042873,-21.855914105250186,dry_jjas,650.4965825795291,1.0,4.0,3,train,False
Kitui,2016-06-01,2016,6,1,1,Minimal,0.0,1.000305724546535,1.000013536122116,-0.6389250638403426,-0.3656702784406185,0.6976206611710812,0.993774306890026,24.705369348480986,32.94756628426496,59.35349493119688,-34.64812558271589,dry_jjas,350.0498777837523,1.0,4.0,3,train,False
Kwale,2016-06-01,2016,6,1,1,Minimal,0.0,1.0,0.9912639533016692,-0.9525980432934666,-0.4906477221678028,0.69631566238709,0.9646384285466642,14.19139752879091,16.07045937220783,18.151048617646477,-3.9596510888555674,dry_jjas,461.4118591660762,1.0,4.0,3,train,False
Laikipia,2016-06-01,2016,6,1,1,Minimal,0.0,1.002478595966523,1.000039198807611,-0.3403955114632503,0.2990929817981492,0.9720321504677728,1.590556960904125,38.358150654282106,62.5077190151714,77.84126318291236,-39.48311252863025,dry_jjas,378.6133408439104,1.0,4.0,3,train,False
Lamu,2016-06-01,2016,6,1,1,Minimal,0.0,1.0,0.977248259021535,-1.0669784677959044,-0.9280235559787972,0.5034042013599753,0.5673895664118933,26.340446462698733,34.04467513612016,54.81155636014125,-28.47110989744252,dry_jjas,394.8891092289726,1.0,4.0,3,train,False
Machakos,2016-06-01,2016,6,1,1,Minimal,0.0,1.0,0.9999301224968772,-0.6605934593811771,-0.091649158589773,0.90708733987529,1.2930009622290308,45.95063623622042,63.79699482141809,84.03619136616028,-38.08555512993986,dry_jjas,347.0698296320569,1.0,4.0,3,train,False
Makueni,2016-06-01,2016,6,1,1,Minimal,0.0,1.0,0.9999538567854908,-0.7100613058221281,-0.2682901934100224,0.4315524832194267,0.7840482273033685,29.426316720457592,43.22503656775923,61.604145976340895,-32.1778292558833,dry_jjas,210.84898907247097,1.0,4.0,3,train,False
Mandera,2016-06-01,2016,6,2,2,Stressed,0.0,2.0,0.9934829351220704,-0.996479896570636,-0.7876535533667338,0.2836411540936129,0.3988970916656691,27.703074725893067,14.159501123934977,18.75220424891097,8.950870476982097,dry_jjas,147.72597818452132,2.0,4.0,3,train,False
Marsabit,2016-06-01,2016,6,2,2,Stressed,0.0,1.9947216932087568,0.9337761009255078,-1.1288439412284028,-0.9251177244057756,0.272556903095477,0.8235979570613902,9.518205367427194,14.090136065563511,33.29080941544277,-23.77260404801558,dry_jjas,183.11284628508548,2.0,4.0,3,train,True
Meru,2016-06-01,2016,6,1,1,Minimal,0.0,1.0036520779155684,0.9998940484338894,-0.5724675677723225,-0.2890791061018986,0.5715950654121668,1.132162116059605,48.07904024628318,51.069358361992215,73.68320983355933,-25.604169587276154,dry_jjas,469.95952152110806,1.0,4.0,3,train,False
Migori,2016-06-01,2016,6,1,1,Minimal,0.0,1.0,0.8093394361863654,-0.9028903618297636,-1.178957439192853,0.948693743440297,1.2397462662048488,36.62970714440144,42.11937182810019,69.79036022883852,-33.16065308443708,dry_jjas,460.4970135975702,1.0,4.0,3,train,False
Mombasa,2016-06-01,2016,6,1,1,Minimal,0.0,1.0,0.945430610879302,-1.081610583592591,-0.7080428996922465,1.1428916917732108,1.6518951883526067,14.845595070058886,25.905740237932704,41.29351454032263,-26.44791947026375,dry_jjas,339.4545465241538,1.0,4.0,3,train,False
Murang'a,2016-06-01,2016,6,1,1,Minimal,0.0,1.0,0.9998960447776902,-0.5502184277058468,0.1172291437253112,1.0806186832473552,1.5458913457275345,71.49317564526771,79.12695978928133,88.23344085717738,-16.740265211909673,dry_jjas,600.9606534616394,1.0,4.0,3,train,False
Nairobi,2016-06-01,2016,6,1,1,Minimal,0.0,1.0,0.9993429938196526,-0.4872210293100062,0.2281633000003462,0.8605134410664246,1.2840664952114849,44.96925942893287,73.98712454166093,73.74375953345363,-28.774500104520754,dry_jjas,349.07589029272395,1.0,4.0,3,train,False
Nakuru,2016-06-01,2016,6,1,1,Minimal,0.0,1.0,0.9758499055944192,-0.1617863265763013,0.2821417040600519,0.784286347521072,1.3161164882354108,47.79850949347445,69.22811017440515,80.85363629380083,-33.055126800326384,dry_jjas,337.82261196850334,1.0,4.0,3,train,False
Nandi,2016-06-01,2016,6,1,1,Minimal,0.0,1.0,0.9998151603533768,-0.3152707831352625,-0.3428724414693961,0.8583678824727474,1.08200975480037,52.276100152512505,72.69539222065993,68.26696860679574,-15.990868454283238,dry_jjas,636.3375639959971,1.0,4.0,3,train,False
Narok,2016-06-01,2016,6,1,1,Minimal,0.0,1.0,0.9926648706761424,-0.4189902628475132,-0.0070571362405881,0.9899740669489614,1.4724919355399757,54.60765440447305,72.64985489537348,82.09523125503485,-27.487576850561794,dry_jjas,449.4351533314782,1.0,4.0,3,train,False
Nyamira,2016-06-01,2016,6,1,1,Minimal,0.0,1.0,0.999826225293629,-0.6317272114534872,-0.6643641058181586,1.0862562269181348,1.3419898044720506,69.22012077457448,84.40935206313178,95.3715019212912,-26.151381146716716,dry_jjas,707.0676224501927,1.0,4.0,3,train,False
Nyandarua,2016-06-01,2016,6,1,1,Minimal,0.0,1.0,0.9998954460054942,-0.1569634124283614,0.2734660519025389,0.9732746599739986,1.5418173648435711,70.32202027632384,78.20344868940188,74.1056555348777,-3.7836352585538577,dry_jjas,478.59632261521887,1.0,4.0,3,train,False
Nyeri,2016-06-01,2016,6,1,1,Minimal,0.0,1.0,0.9998683591640218,-0.4510027921188546,0.3340166250174431,1.1345382300530176,1.7606134871727042,89.52288795370114,81.94096070600881,55.05485977524688,34.46802817845426,dry_jjas,596.5685209899478,1.0,4.0,3,train,False
Samburu,2016-06-01,2016,6,2,2,Stressed,0.0,1.7911144092679263,0.9998947855593344,-0.5839292297513287,-0.3006906162857276,0.3986968550652295,0.9628393310813692,23.90550131231716,37.39812912750608,58.52447178381871,-34.618970471501555,dry_jjas,233.37064745956647,2.0,4.0,3,train,True
Siaya,2016-06-01,2016,6,1,1,Minimal,0.0,1.0,0.7130635075059107,-1.3982537960036967,-1.174500439728937,1.4056410708444886,1.5713932627455218,40.419962322851504,61.87142397318495,57.71804287786373,-17.298080555012227,dry_jjas,703.9110029852106,1.0,4.0,3,train,False
Taita Taveta,2016-06-01,2016,6,1,1,Minimal,0.0,1.0,0.9966783872024652,-0.8520345877548523,-0.2673896870328195,0.5680576185716532,0.928226660534388,19.417784140887445,23.40248607520896,36.92681822627452,-17.509034085387075,dry_jjas,337.281834884778,1.0,4.0,3,train,False
Tana River,2016-06-01,2016,6,2,2,Stressed,0.0,1.5527195312725763,0.999841779090496,-0.9839586344772842,-0.6007753402746344,0.624054845842565,0.8780733553542259,18.193997135403357,30.607653824027302,49.13111744433904,-30.937120308935683,dry_jjas,208.9215702880231,1.0,4.0,3,train,False
Tharaka-Nithi,2016-06-01,2016,6,1,1,Minimal,0.0,1.0,0.999973025042614,-0.7261054290277431,-0.2983116621935417,0.6290700472460894,1.2027260596727591,39.924407142172974,49.87506631059105,60.73018815085727,-20.8057810086843,dry_jjas,386.5660928989662,1.0,4.0,3,train,False
Trans Nzoia,2016-06-01,2016,6,1,1,Minimal,0.0,1.0,0.9977780064560036,-0.2942811401260695,-0.388701822198629,1.0812217660516883,1.4338229649165473,40.20370954042834,48.47643231758846,76.54218577387446,-36.33847623344612,dry_jjas,575.422482832226,1.0,4.0,3,train,False
Turkana,2016-06-01,2016,6,2,2,Stressed,0.0,1.962669105265914,0.9601525934494932,-0.3188463241381858,-0.6042172356071763,0.9442943164945606,1.6134124625808586,23.14269678438149,17.510511722008577,52.17073000399283,-29.02803321961134,dry_jjas,134.93439886021372,2.0,4.0,3,train,True
Uasin Gishu,2016-06-01,2016,6,1,1,Minimal,0.0,1.0,0.9999480360329532,-0.3064768689350646,-0.1546424165059656,0.602939382919385,1.1253608148569865,43.24595551169925,59.33529443136752,86.42414306553385,-43.178187553834604,dry_jjas,466.5756532543863,1.0,4.0,3,train,False
Vihiga,2016-06-01,2016,6,1,1,Minimal,0.0,1.0,0.9998193553745116,-0.6929772417851479,-0.8894725312790366,1.1080628115195974,1.261776604369688,51.280072603063765,63.28621142035146,82.9786664985511,-31.698593895487342,dry_jjas,638.2354464495623,1.0,4.0,3,train,False
Wajir,2016-06-01,2016,6,2,2,Stressed,0.0,1.987603536441688,0.9996283481181278,-1.1158354291319474,-0.5046320994944471,0.2439120784147189,0.458561128461104,20.62651482895856,17.235004982431974,22.735095510594075,-2.108580681635516,dry_jjas,220.92597534518788,2.0,4.0,3,train,True
West Pokot,2016-06-01,2016,6,1,1,Minimal,0.0,1.0027376219851862,0.9926738576986502,-0.6569864849832842,-0.87122576089455,0.4205415862683192,1.2145154856785043,18.59317360390921,30.487736782229213,64.12018152286848,-45.52700791895927,dry_jjas,366.78840132412165,1.0,4.0,3,train,False
Baringo,2016-10-01,2016,10,1,1,Minimal,0.0,1.4088321500282603,0.9999777826904516,0.3457587129323901,1.118183232061888,0.7434663185376168,0.9649094821863105,72.69958237667367,67.72801708554186,80.8989305474078,-8.199348170734126,short_rains,407.6410955536569,1.0,4.0,3,train,True
Bomet,2016-10-01,2016,10,1,1,Minimal,0.0,1.0,0.9999591445882084,-0.0793831554311311,0.8711621663347014,0.72151912431714,1.3423967707395552,79.0766630401113,95.99723983119988,75.01253778548457,4.064125254626731,short_rains,705.0356352221398,1.0,4.0,3,train,False
Bungoma,2016-10-01,2016,10,1,1,Minimal,0.0,1.0,0.9970207416060456,0.4505270967379894,0.2784054280319271,0.4036845197353715,0.8949576879780866,37.41095273248328,80.19682356343839,75.7417544706937,-38.330801738210425,short_rains,684.143518918554,1.0,4.0,3,train,False
Busia,2016-10-01,2016,10,1,1,Minimal,0.0,1.0,0.914162035136638,-0.5363014165070883,0.0067520514717034,0.2398301208507922,0.9215578128251762,5.02247844522472,4.357414226094243,52.11912672692032,-47.0966482816956,short_rains,504.89251568895395,1.0,4.0,3,train,False
Elgeyo-Marakwet,2016-10-01,2016,10,1,1,Minimal,0.0,1.000236473294127,0.999951785576505,0.5081524120567211,1.3618791353897046,0.9683506290952428,1.1005126903600442,12.61562088687279,83.1655367759526,87.38410180005431,-74.76848091318152,short_rains,424.00498148048365,1.0,4.0,3,train,False
Embu,2016-10-01,2016,10,1,1,Minimal,0.0,1.461137023937188,0.9999846187715652,-1.268291703952779,-0.7196616576988966,-0.2818835222958024,-0.2128674600453118,60.863878727776,66.81711722675641,63.38570445348734,-2.521825725711345,short_rains,401.4457023614595,1.0,4.0,3,train,False
Garissa,2016-10-01,2016,10,2,2,Stressed,0.1711501540489884,2.1711501514252567,0.9994904033204686,-0.9573702651184124,-1.126591298113926,-1.147170556884623,-0.9514843588220228,8.349990663363766,32.44928570149752,32.92765521199525,-24.577664548631486,short_rains,210.6771075185111,2.0,4.0,3,train,False
Homa Bay,2016-10-01,2016,10,1,1,Minimal,0.0,1.0,0.6628357436647451,-0.58601885657148,-0.6818222469264295,-0.1501798782205221,0.7492188529976791,17.41974880190139,37.60872239634396,79.19486801318914,-61.775119211287745,short_rains,658.3122810444571,1.0,4.0,3,train,False
Isiolo,2016-10-01,2016,10,2,2,Stressed,0.0007006062658415,1.97710719257756,0.9999714398346696,-1.4476982713758548,1.136008353429809,-0.2989767390297172,-0.3108487140205203,41.29801931845987,58.781140352367096,55.62575814561173,-14.327738827151855,short_rains,121.15801476654195,2.0,4.0,3,train,False
Kajiado,2016-10-01,2016,10,1,1,Minimal,0.0,1.3832338946491296,0.986651137538195,-1.7265925822093404,0.1364283535675493,-0.1437888083814494,0.0539449045550262,34.6407342765277,35.55668521847884,50.65963026274555,-16.01889598621785,short_rains,244.0590119973267,1.0,4.0,3,train,False
Kakamega,2016-10-01,2016,10,1,1,Minimal,0.0,1.0,0.999843271229553,0.2113472831749284,0.3633562143713894,0.7560481428177486,1.4299727339136996,36.245246828414594,64.25663307119484,78.00391064918156,-41.75866382076697,short_rains,521.962946970816,1.0,4.0,3,train,False
Kericho,2016-10-01,2016,10,1,1,Minimal,0.0,1.0,0.9999526229648776,0.883859172476111,1.2162097310013935,1.2117806552124848,1.537923383328994,61.062483384531255,87.05951550549337,95.36825370146192,-34.30577031693067,short_rains,577.6437811642602,1.0,4.0,3,train,False
Kiambu,2016-10-01,2016,10,1,1,Minimal,0.0,1.0,0.9998305741952528,-1.6502745182431169,0.1830048734049354,-0.0290398612559164,0.1392648715571399,67.53307282702666,82.5074347753656,71.01389856480424,-3.480825737777579,short_rains,365.1581675938478,1.0,4.0,3,train,False
Kilifi,2016-10-01,2016,10,2,2,Stressed,0.0,1.8795204685217348,0.9942114801855768,-1.072650957168231,-1.5731758174696724,-1.896470519587414,-1.4044441713186548,0.0,7.437467123619924,34.907444775023535,-34.907444775023535,short_rains,485.9236308469297,1.0,4.0,3,train,False
Kirinyaga,2016-10-01,2016,10,1,1,Minimal,0.0,1.0004226841207444,0.9999074216215516,-1.1956189027809008,-0.7985675023526398,-0.2659550400000638,-0.1683778188132326,58.86857579915398,38.31764360078064,43.910487698536166,14.958088100617815,short_rains,523.427425427593,1.0,4.0,3,train,False
Kisii,2016-10-01,2016,10,1,1,Minimal,0.0,1.0,0.9995821721572732,-0.7099118105253419,-0.3388801765441823,0.1811738560054419,1.2292543913157654,47.17226919139007,81.61907666501449,63.115696676849325,-15.943427485459253,short_rains,771.8724273402603,1.0,4.0,3,train,False
Kisumu,2016-10-01,2016,10,1,1,Minimal,0.0,1.0,0.7829061444141889,-0.0166366516323648,0.1800569367367681,0.6807246398258044,1.2375178466810834,46.64956916526072,72.4064481202845,70.63324482245284,-23.983675657192116,short_rains,650.4965825795291,1.0,4.0,3,train,False
Kitui,2016-10-01,2016,10,2,2,Stressed,0.0003017446832363,1.7380409856398824,1.000020657672542,-0.0278656920383543,-0.1128917286750566,0.0491110046324389,0.1020755525748506,35.8756614909048,34.526815391173365,39.036906434201256,-3.1612449432964596,short_rains,350.0498777837523,1.0,4.0,3,train,False
Kwale,2016-10-01,2016,10,2,2,Stressed,0.0,1.780177978011436,0.9912706305994284,-1.0946497124136625,-1.0316912217060197,-0.7104165731739391,-0.5408920600444868,4.9587057456040124,18.14560585762341,58.59800069129721,-53.639294945693194,short_rains,461.4118591660762,1.0,4.0,3,train,False
Laikipia,2016-10-01,2016,10,2,2,Stressed,0.0,1.6420992653227566,0.9999884616799976,-1.1305046934720946,-0.3180995991441864,-0.2272151221650922,0.143074721904634,72.83985924391932,59.70807208978378,75.08136229873647,-2.2415030548171444,short_rains,378.6133408439104,1.0,4.0,3,train,False
Lamu,2016-10-01,2016,10,1,1,Minimal,0.0,1.3707604160266555,0.9773061077235968,-1.7141139081313386,-1.0830935638882917,-1.3549204368983607,-0.8241880567300272,31.394411992170436,47.03120365128128,69.76305867316069,-38.36864668099025,short_rains,394.8891092289726,1.0,4.0,3,train,False
Machakos,2016-10-01,2016,10,1,1,Minimal,0.0,1.003040948640894,0.9999301224551056,-1.597032791131737,-0.3134603884468722,-0.1636540227941888,-0.0552729332931624,50.68635085583784,65.1054376114789,53.393644195871296,-2.707293340033459,short_rains,347.0698296320569,1.0,4.0,3,train,False
Makueni,2016-10-01,2016,10,2,2,Stressed,0.0,1.5378207102841086,0.9999590891586948,-1.2438966996272165,-0.4547097404651631,0.0707569930276563,0.2338179818600242,38.99587472523872,32.127845964755814,38.20248461403764,0.7933901112010844,short_rains,210.84898907247097,1.0,4.0,3,train,False
Mandera,2016-10-01,2016,10,2,2,Stressed,0.0,2.0,0.9934829486429042,0.3240923082336649,-0.1310469879529909,0.5641334251644005,0.5441454260457277,39.18834942496498,76.21408256201022,65.206967425821,-26.018618000856023,short_rains,147.72597818452132,2.0,4.0,3,train,False
Marsabit,2016-10-01,2016,10,2,2,Stressed,0.0569491521536986,2.0569491521536984,0.9337764821201532,-0.6359028012306076,-0.3215678124472095,0.3015025493611757,0.3744357812659946,37.71954076623537,36.780378013514735,45.528909404197954,-7.809368637962585,short_rains,183.11284628508548,2.0,4.0,3,train,True
Meru,2016-10-01,2016,10,1,1,Minimal,0.0,1.0061842148764304,0.999896962690386,-1.400509810696738,-0.8208394137867474,-0.3010336359406326,-0.2228601972047924,32.61694649633036,81.01072095016546,58.61792471027709,-26.00097821394673,short_rains,469.95952152110806,1.0,4.0,3,train,False
Migori,2016-10-01,2016,10,1,1,Minimal,0.0,1.0,0.8093394361863654,-1.2013363920880091,-1.7429947720239587,-1.154284977340005,-0.173002714873163,17.588421262351872,47.71612113817795,59.25790421143832,-41.66948294908645,short_rains,460.4970135975702,1.0,4.0,3,train,False
Mombasa,2016-10-01,2016,10,1,1,Minimal,0.0,1.0,0.945430610879302,-1.0323715504641806,-1.398060689437437,-0.5182229354670757,-0.1902947190753191,0.0,0.0,61.869817672443006,-61.869817672443006,short_rains,339.4545465241538,1.0,4.0,3,train,False
Murang'a,2016-10-01,2016,10,1,1,Minimal,0.0,1.0,0.9998960447776896,-1.5409801140454986,-0.0119952496079507,0.1601521542269249,0.3298129032341093,64.2944104281234,70.98345419236858,45.791550071104176,18.502860357019223,short_rains,600.9606534616394,1.0,4.0,3,train,False
Nairobi,2016-10-01,2016,10,1,1,Minimal,0.0,1.0,0.999342993819312,-1.3139466333790724,0.0263625669347509,-0.1809879920457632,-0.0274088549753525,64.64321591856405,50.89190136388237,39.84115083356197,24.802065085002084,short_rains,349.07589029272395,1.0,4.0,3,train,False
Nakuru,2016-10-01,2016,10,1,1,Minimal,0.0,1.0,0.9758499055944192,0.1057364381612235,1.061176669375007,0.7518841820291392,0.9829792966202424,70.44511046902531,62.93803533268813,91.33051820840548,-20.88540773938017,short_rains,337.82261196850334,1.0,4.0,3,train,False
Nandi,2016-10-01,2016,10,1,1,Minimal,0.0,1.0,0.9998151603533764,0.5141376611984231,0.6947862498564416,1.1395176140652987,1.4986358125547652,59.17835532751217,86.48069834952524,93.29759518506856,-34.11923985755639,short_rains,636.3375639959971,1.0,4.0,3,train,False
Narok,2016-10-01,2016,10,1,1,Minimal,0.0,1.47520177958783,0.9926655695019648,-0.5101462703588006,0.0393930122875538,0.3016290799802122,0.7443542862651982,39.70100029767868,58.315690323008845,84.626510336431,-44.925510038752314,short_rains,449.4351533314782,1.0,4.0,3,train,False
Nyamira,2016-10-01,2016,10,1,1,Minimal,0.0,1.0,0.999826225293629,-0.2801648628055583,0.0519638592682777,0.770804364243951,1.6270381424016034,67.69521130677295,63.5761260394094,90.27909258045788,-22.583881273684938,short_rains,707.0676224501927,1.0,4.0,3,train,False
Nyandarua,2016-10-01,2016,10,1,1,Minimal,0.0,1.0000488758430504,0.9998954460056082,-0.952043544029774,-0.0569101697288088,0.2015981364350762,0.6327018395031536,51.31881609535613,68.57447506869399,93.95357389334642,-42.63475779799029,short_rains,478.59632261521887,1.0,4.0,3,train,False
Nyeri,2016-10-01,2016,10,1,1,Minimal,0.0,1.000617529631617,0.9998784268825546,-1.4176866298148956,-0.5896368223469409,-0.1120012750270119,0.1662331297365989,39.237988325270834,76.34778653259438,65.83699590824683,-26.599007582976,short_rains,596.5685209899478,1.0,4.0,3,train,False
Samburu,2016-10-01,2016,10,2,2,Stressed,0.000676871138425,2.0006768711384253,0.9998824582508856,-1.1744738711405724,-0.3700833471534631,-0.41691146036358,-0.2531465905726253,62.053300378960735,59.03237789949235,66.47760559719482,-4.424305218234089,short_rains,233.37064745956647,2.0,4.0,3,train,True
Siaya,2016-10-01,2016,10,1,1,Minimal,0.0,1.0,0.7130635075059107,-0.8396207355514264,-0.1324559638856872,0.1572007132065108,1.025728554893415,17.272386814404967,17.14989348646639,66.00080106717535,-48.72841425277038,short_rains,703.9110029852106,1.0,4.0,3,train,False
Taita Taveta,2016-10-01,2016,10,2,2,Stressed,0.0,1.7188197103780731,0.9966946413124256,-1.2086626410530252,-1.0428029347373562,-0.3730272501924825,-0.2219288353752641,42.97355371966822,36.65288620420994,46.50975659723391,-3.5362028775656924,short_rains,337.281834884778,1.0,4.0,3,train,False
Tana River,2016-10-01,2016,10,2,2,Stressed,0.2075780895845305,2.207058008871236,0.9998380873466596,-0.757999034417772,-1.3549417366162624,-1.3402676795923905,-1.2570737519026918,28.74403519774298,21.874515843102863,10.782798413859638,17.961236783883344,short_rains,208.9215702880231,2.0,4.0,3,train,False
Tharaka-Nithi,2016-10-01,2016,10,1,1,Minimal,0.0,1.000148596214673,0.9999730250426142,-1.1683674556612522,-0.5676161342823483,-0.2806527401149302,-0.2368340143461842,48.72179231777013,66.58136136498467,52.750462507920986,-4.028670190150855,short_rains,386.5660928989662,1.0,4.0,3,train,False
Trans Nzoia,2016-10-01,2016,10,1,1,Minimal,0.0,1.0,0.9977780064560036,0.8833782888841071,1.4410558757692522,1.507281538623451,1.6278203723894784,19.70623064734797,69.2549354165573,100.0,-80.29376935265203,short_rains,575.422482832226,1.0,4.0,3,train,False
Turkana,2016-10-01,2016,10,2,2,Stressed,0.0,2.0,0.9601517567107908,-0.5383455559522264,-0.2256503810933202,0.4685372049541859,0.8778325158212064,53.56192937782564,45.298556078126055,58.65632092711865,-5.094391549293007,short_rains,134.93439886021372,2.0,4.0,3,train,True
Uasin Gishu,2016-10-01,2016,10,1,1,Minimal,0.0,1.0,0.9999480360329532,0.9757675333922392,1.544915640414821,1.3649287887030366,1.303091192692472,63.48624508620103,70.26633931627586,100.0,-36.51375491379897,short_rains,466.5756532543863,1.0,4.0,3,train,False
Vihiga,2016-10-01,2016,10,1,1,Minimal,0.0,1.0,0.9998193553745116,-0.3334540412887593,0.2941750915249446,0.7448934523475071,1.5579526350993178,38.10285121696769,89.22676778725771,67.33003957134883,-29.22718835438114,short_rains,638.2354464495623,1.0,4.0,3,train,False
Wajir,2016-10-01,2016,10,2,2,Stressed,0.0,1.9999999861444424,0.9996281767904694,0.9966338730438188,0.4312336288953993,-0.1390870386930371,-0.2186484413037046,41.61581834999141,42.62443756164989,50.107940872908,-8.492122522916596,short_rains,220.92597534518788,2.0,4.0,3,train,True
West Pokot,2016-10-01,2016,10,2,2,Stressed,0.0,1.5595094754063683,0.9926708452112748,-0.5315092292740417,0.3535116191405121,0.9882285440091654,1.491862488046752,71.79931457667712,64.20024154515367,71.32482034368991,0.4744942329872117,short_rains,366.78840132412165,1.0,4.0,3,train,False
Baringo,2017-02-01,2017,2,2,2,Stressed,0.4084128274445774,2.406089599922793,0.9999911252483462,-0.439054548576564,-0.6693379484076846,-0.6112695448681333,-0.4871616782836347,5.312880414099065,31.974308942191964,50.68812883621277,-45.37524842211371,dry_jf,407.6410955536569,1.0,4.0,3,train,True
Bomet,2017-02-01,2017,2,1,1,Minimal,0.0,1.0001339296253435,0.9999591929168596,0.3108784902323616,0.3177778959208291,-0.4636902418412281,-0.6904505047671848,31.093437806412865,93.66454836234593,5.190397218311336,25.90304058810153,dry_jf,705.0356352221398,1.0,4.0,3,train,False
Bungoma,2017-02-01,2017,2,1,1,Minimal,0.0,1.0,0.9970207416060456,-0.5422669460721705,-1.285472431331793,-1.2883208655861051,-0.8576438641364479,27.08227584829456,64.036810949077,5.7871725885032,21.29510325979136,dry_jf,684.143518918554,1.0,4.0,3,train,False
Busia,2017-02-01,2017,2,1,1,Minimal,0.0,1.0,0.914162035136638,-0.3747613002898212,-1.7487140032749195,-1.8887714555045128,-1.468735677791121,0.0,0.0,0.0,0.0,dry_jf,504.89251568895395,1.0,4.0,3,train,False
Elgeyo-Marakwet,2017-02-01,2017,2,1,1,Minimal,0.0002364709989949,1.007049764961716,0.9999614908731612,-0.7107792250551259,-0.7701276573513741,-0.7769617675700861,-0.8271344092046731,3.644056866661313,25.66453495729748,49.13186568655394,-45.48780881989262,dry_jf,424.00498148048365,1.0,4.0,3,train,False
Embu,2017-02-01,2017,2,2,2,Stressed,0.0,1.9964141075446744,0.9999831894941442,0.7880535704384455,-0.1343962204184429,-0.2770677212579103,-1.0000125204791954,42.477597333971495,23.681475177958674,57.0869051518748,-14.609307817903307,dry_jf,401.4457023614595,1.0,4.0,3,train,False
Garissa,2017-02-01,2017,2,3,3,Crisis or worse,0.5528097057466779,2.552809705746678,0.9994889339752476,0.5403678715061054,-0.0545093711904199,-0.280150955428103,-1.259047516810285,1.34603544558251,0.0,0.0,1.34603544558251,dry_jf,210.6771075185111,2.0,4.0,3,train,False
Homa Bay,2017-02-01,2017,2,1,1,Minimal,0.0,1.0,0.6628357436647451,0.0971418344888753,-0.6330906746241186,-1.5336765431813015,-1.10519383666511,42.64200462067844,42.87602207386812,28.38184747179477,14.260157148883671,dry_jf,658.3122810444571,1.0,4.0,3,train,False
Isiolo,2017-02-01,2017,2,2,2,Stressed,0.0025033193503228,2.0025033193503226,0.9999986948896944,0.526093781700043,-0.0378110388663586,-0.0677880813265013,-1.7490055429616396,17.254304597576592,2.874482059094936,23.77358861618972,-6.519284018613128,dry_jf,121.15801476654195,2.0,4.0,3,train,False
Kajiado,2017-02-01,2017,2,2,2,Stressed,0.0,1.9992143574179568,0.9866508734010327,0.5143023405878456,0.2946335089419205,0.2588822145977463,-0.9300292929951122,35.473316769076575,13.808649521352564,31.11786131437039,4.355455454706185,dry_jf,244.0590119973267,1.0,4.0,3,train,False
Kakamega,2017-02-01,2017,2,1,1,Minimal,0.0,1.0,0.9998432712295532,-0.4174845963893829,-1.3386805580532308,-1.6872577214500817,-1.268018790564987,0.0,34.380793474230856,0.0,0.0,dry_jf,521.962946970816,1.0,4.0,3,train,False
Kericho,2017-02-01,2017,2,1,1,Minimal,0.0,1.001244210964178,0.999952622964877,-0.0621854970548855,-0.5334947489801183,-0.7478589583116796,-0.4012751522790386,2.2906457561966334,69.47653973853181,0.0,2.2906457561966334,dry_jf,577.6437811642602,1.0,4.0,3,train,False
Kiambu,2017-02-01,2017,2,1,1,Minimal,0.0,1.0011873030149403,0.9998318358451642,0.5439851767098083,0.0543661427621238,-0.1678434256192687,-1.0518665182005795,21.8225894931876,59.29391281012781,69.62294019229519,-47.80035069910759,dry_jf,365.1581675938478,1.0,4.0,3,train,False
Kilifi,2017-02-01,2017,2,2,2,Stressed,0.2337998972582025,2.233738044275289,0.9942097819008072,-0.8312714718947547,-1.3101783174222503,-1.480904017831616,-0.8310304424787435,0.0,0.0,6.674519409087636,-6.674519409087636,dry_jf,485.9236308469297,2.0,4.0,3,train,False
Kirinyaga,2017-02-01,2017,2,1,1,Minimal,0.0,1.002576989134379,0.9999074216232388,0.7979270408981574,-0.3683112531104537,-0.5377951998849702,-0.6552488123336457,46.471613492889645,55.20255868563959,46.3812098418424,0.09040365104724657,dry_jf,523.427425427593,1.0,4.0,3,train,False
Kisii,2017-02-01,2017,2,1,1,Minimal,0.0,1.0,0.9995821721614786,0.3744173078141088,-0.168574007998622,-1.118982653387928,-0.6164326842810279,57.91889343368917,75.93706651655089,54.12443726733719,3.794456166351978,dry_jf,771.8724273402603,1.0,4.0,3,train,False
Kisumu,2017-02-01,2017,2,1,1,Minimal,0.0,1.0,0.7829061444141885,-0.1846719791131967,-0.8346714653778374,-1.5357167232378357,-1.1170186195932803,0.0,5.262508802197757,7.396735125756067,-7.396735125756067,dry_jf,650.4965825795291,1.0,4.0,3,train,False
Kitui,2017-02-01,2017,2,2,2,Stressed,0.000305678078178,2.000305678078178,1.000013525092253,0.4216809089470786,0.1048547094069661,0.1054654345609093,0.3717361476113756,19.464131781334768,0.0,31.18808914320827,-11.723957361873502,dry_jf,350.0498777837523,2.0,4.0,3,train,False
Kwale,2017-02-01,2017,2,2,2,Stressed,0.0010275139482869,2.00073952346299,0.9912643250137678,-0.4164302320658858,-0.1858502289023436,-0.2198175508960363,0.0516662928705977,0.0,0.0,16.61713033028311,-16.61713033028311,dry_jf,461.4118591660762,2.0,4.0,3,train,False
Laikipia,2017-02-01,2017,2,2,2,Stressed,0.0008776660906027,1.9998564590862429,1.0000129629138592,0.3564275028916672,-0.5491797185993196,-1.1577690509190102,-1.061764337959818,5.043231879768337,31.060689506380804,45.90468801697675,-40.861456137208414,dry_jf,378.6133408439104,2.0,4.0,3,train,False
Lamu,2017-02-01,2017,2,3,3,Crisis or worse,0.9276240592286163,2.9276240592286165,0.9773182172263198,-0.56360273643217,-1.4434524100258006,-2.08439746729057,-2.235215361289514,0.0,0.0,8.180532612492044,-8.180532612492044,dry_jf,394.8891092289726,1.0,4.0,3,train,False
Machakos,2017-02-01,2017,2,2,2,Stressed,0.0,1.9958984574524976,0.9999541547421954,0.1908243997953946,-0.1635288229238296,-0.2249927458768222,-1.0936308261731431,23.61642819790279,10.354336096586222,53.277793747790994,-29.661365549888206,dry_jf,347.0698296320569,1.0,4.0,3,train,False
Makueni,2017-02-01,2017,2,2,2,Stressed,0.0,2.0,0.9999538567848316,0.4103818847115181,0.2262691847361027,0.2225233375484282,0.301258105451788,44.38920735976189,6.649866442553385,36.11724632553435,8.271961034227537,dry_jf,210.84898907247097,2.0,4.0,3,train,False
Mandera,2017-02-01,2017,2,3,3,Crisis or worse,0.668186840537849,2.668186840537849,0.9934867127042736,0.0340647824582216,-0.4660247561392592,-0.4815915591995532,-0.4010057681700266,7.5095713645157245,8.928601090562127,28.37235336086692,-20.862781996351195,dry_jf,147.72597818452132,2.0,4.0,3,train,False
Marsabit,2017-02-01,2017,2,3,3,Crisis or worse,0.5888430157122946,2.5888430157122944,0.933780348655218,0.1474798459818031,-0.233329747094104,-0.3328742165881428,-0.9756566277149588,3.480245551239173,0.0,25.185921729189985,-21.705676177950814,dry_jf,183.11284628508548,2.0,4.0,3,train,True
Meru,2017-02-01,2017,2,2,2,Stressed,0.0,1.999994138612406,0.9998893642983322,0.6741044586025922,-0.446301207756129,-0.6157180800851899,-1.6038346708368345,3.752900474468778,25.07980693921225,55.4234355294184,-51.67053505494962,dry_jf,469.95952152110806,1.0,4.0,3,train,False
Migori,2017-02-01,2017,2,1,1,Minimal,0.0,1.0009600200580766,0.8093461789563474,0.1086286019318054,-0.5430117629610669,-1.67416368607931,-1.1108976570265532,27.46331384127008,60.05448626870523,22.702901389142205,4.7604124521278735,dry_jf,460.4970135975702,1.0,4.0,3,train,False
Mombasa,2017-02-01,2017,2,1,1,Minimal,0.0,1.024159169166952,0.9454988271665984,-0.0528467744339881,-0.550723049137308,-0.7829015579724317,-0.6474786619588991,0.0,0.0,27.1904911806116,-27.1904911806116,dry_jf,339.4545465241538,1.0,4.0,3,train,False
Murang'a,2017-02-01,2017,2,1,1,Minimal,0.0,1.0023313694368103,0.9998962306236832,0.5697726128842744,-0.1592482707205248,-0.3740076165235294,-1.0384676982922465,34.43364957098976,57.400187115344266,80.14535937883588,-45.71170980784612,dry_jf,600.9606534616394,1.0,4.0,3,train,False
Nairobi,2017-02-01,2017,2,1,1,Minimal,0.0,1.002277321936268,0.9993429939306429,0.5427566276238934,0.1647128734038168,0.0617683919844084,-0.6625111014588023,6.16095224735993,21.262170688886386,52.61199554979282,-46.45104330243289,dry_jf,349.07589029272395,1.0,4.0,3,train,False
Nakuru,2017-02-01,2017,2,1,1,Minimal,0.0,1.0039616673813203,0.9758811554850996,0.2528729642952365,0.0959446671860028,-0.2428238769859399,-0.4438723149290048,0.0,62.97740169724101,66.86429064183314,-66.86429064183314,dry_jf,337.82261196850334,1.0,4.0,3,train,False
Nandi,2017-02-01,2017,2,1,1,Minimal,0.0,1.0,0.9998151603533768,-0.2444397376064122,-0.887732274526238,-1.2472179166507131,-0.9778854980939462,0.0,61.69252612581717,10.5381326023613,-10.5381326023613,dry_jf,636.3375639959971,1.0,4.0,3,train,False
Narok,2017-02-01,2017,2,2,2,Stressed,0.0,1.9972573232118724,0.9926950995646184,0.6393821503701684,0.7309195865182245,0.1779983120571313,-0.355189012721907,3.841294275934205,56.021065146818025,16.76411362425699,-12.922819348322784,dry_jf,449.4351533314782,1.0,4.0,3,train,False
Nyamira,2017-02-01,2017,2,1,1,Minimal,0.0,1.0,0.999826225293641,0.3668298052132758,-0.0991620813531368,-0.9051307722977372,-0.7516348843911151,39.14684212368852,88.80765872657426,47.54948129094256,-8.402639167254037,dry_jf,707.0676224501927,1.0,4.0,3,train,False
Nyandarua,2017-02-01,2017,2,1,1,Minimal,0.0,1.0047154148359967,0.9999166372673338,0.2536644626626891,-0.3287937538717089,-0.8191470456539894,-0.87888114042751,1.7813965541578105,76.77218358979509,66.47553409623391,-64.6941375420761,dry_jf,478.59632261521887,1.0,4.0,3,train,False
Nyeri,2017-02-01,2017,2,1,1,Minimal,0.0,1.0066168382983696,0.9998946561407625,0.7052499633777788,-0.4005024977397117,-0.6938561032137911,-0.8943358001433477,0.0,58.31000176840526,59.588794167334335,-59.588794167334335,dry_jf,596.5685209899478,1.0,4.0,3,train,False
Samburu,2017-02-01,2017,2,3,3,Crisis or worse,0.5305813475848953,2.5305813475848957,0.9999058345140028,0.1666069798803448,-0.5118085387407162,-0.8954844594964566,-1.376519111535759,0.0,16.869693302343514,30.715962886601822,-30.715962886601822,dry_jf,233.37064745956647,2.0,4.0,3,train,True
Siaya,2017-02-01,2017,2,1,1,Minimal,0.0,1.0,0.7130635075059107,-0.1613134729470878,-1.0986332915878905,-1.8236103731546731,-1.924401027628687,10.429658159789694,0.0,0.0,10.429658159789694,dry_jf,703.9110029852106,1.0,4.0,3,train,False
Taita Taveta,2017-02-01,2017,2,2,2,Stressed,0.0,2.0,0.996678387202398,-0.2722171447452777,-0.4348674064341964,-0.4405329335180125,-0.1720548771142979,1.953301651241221,0.0,27.362942772536304,-25.40964112129508,dry_jf,337.281834884778,2.0,4.0,3,train,False
Tana River,2017-02-01,2017,2,3,3,Crisis or worse,0.5228853487461234,2.522885348746123,0.9998487143801412,-0.0304381876100168,-0.4387652015874584,-0.5527614753391809,-0.5097513011608732,0.0,0.0,17.47407048292606,-17.47407048292606,dry_jf,208.9215702880231,2.0,4.0,3,train,False
Tharaka-Nithi,2017-02-01,2017,2,2,2,Stressed,0.0,2.0,0.999973025042614,1.0684574700841554,0.0616766344890352,-0.0511739170184943,-1.478472733324904,9.935731778199733,14.74085223569556,71.11039862478232,-61.17466684658259,dry_jf,386.5660928989662,1.0,4.0,3,train,False
Trans Nzoia,2017-02-01,2017,2,1,1,Minimal,0.0,1.0000003611851287,0.9977780064560032,-1.1444558482751654,-0.865296960591081,-0.4696875057476737,-0.2655422340803531,29.47353995152377,70.11873928693197,40.51145907433946,-11.037919122815694,dry_jf,575.422482832226,1.0,4.0,3,train,False
Turkana,2017-02-01,2017,2,2,2,Stressed,0.4639623535524978,2.463962353552498,0.9601622232894668,-0.4136961920441839,-0.8967772029995477,-0.9481625217921592,-0.9033727237588588,5.577523373117636,8.045806737925393,27.56141209960446,-21.983888726486825,dry_jf,134.93439886021372,2.0,4.0,3,train,True
Uasin Gishu,2017-02-01,2017,2,1,1,Minimal,0.0,1.0000608491913512,0.9999481856594682,-0.4274823326327073,-0.5336024022328809,-0.4786080576182845,-0.5214245315877365,22.866308034257013,46.39109307291543,50.56661124114366,-27.700303206886648,dry_jf,466.5756532543863,1.0,4.0,3,train,False
Vihiga,2017-02-01,2017,2,1,1,Minimal,0.0,1.0,0.9998193553745144,-0.1814532041661867,-0.9190921681237424,-1.8222355513144413,-1.5931297246111789,0.0,50.07707110436587,2.7593703971766894,-2.7593703971766894,dry_jf,638.2354464495623,1.0,4.0,3,train,False
Wajir,2017-02-01,2017,2,3,3,Crisis or worse,0.5103026639658598,2.5103026639658594,0.9996352109469788,0.9277395529531384,0.2338681724466277,0.2283995261410007,0.0581738180301758,8.730250930621166,2.1085773989517507,39.07316106583619,-30.34291013521502,dry_jf,220.92597534518788,2.0,4.0,3,train,True
West Pokot,2017-02-01,2017,2,3,3,Crisis or worse,0.501128671582614,2.3703398630777786,0.9926749237017778,-1.2776259370956695,-1.6624403385055622,-1.5589251730432094,-1.3574280827772125,0.0,10.648931606848969,40.28096670352856,-40.28096670352856,dry_jf,366.78840132412165,2.0,4.0,3,train,False
Baringo,2017-06-01,2017,6,2,2,Stressed,0.4201050309741536,2.3964556114234226,0.9999945640645234,-1.0343543271264504,-0.4557246540468839,-0.8572978181073792,-0.8876913622652266,0.0,4.769219373148887,0.0,0.0,dry_jjas,407.6410955536569,2.0,4.0,3,train,True
Bomet,2017-06-01,2017,6,1,1,Minimal,0.0,1.0001339296253435,0.9999591929168596,-0.5971954512865826,-1.1158820918270638,-1.1708775764223638,-1.04864976828013,72.00704589661878,46.42766762311111,22.72154133774702,49.28550455887176,dry_jjas,705.0356352221398,1.0,4.0,3,train,False
Bungoma,2017-06-01,2017,6,1,1,Minimal,0.0,1.0,0.9970207416060456,-0.5342063108184464,0.298854297127934,-0.7654721440025584,-0.9647578403974344,77.64800788680537,38.54121027347843,0.0,77.64800788680537,dry_jjas,684.143518918554,1.0,4.0,3,train,False
Busia,2017-06-01,2017,6,1,1,Minimal,0.0,1.0,0.914162035136638,-0.8362243639209594,1.030487242557425,-0.474603749839075,-1.0015883714424447,61.38295265368227,27.648485723521496,0.0,61.38295265368227,dry_jjas,504.89251568895395,1.0,4.0,3,train,False
Elgeyo-Marakwet,2017-06-01,2017,6,1,1,Minimal,0.0002464476404714,1.0063367334793665,0.9999614710587812,-1.0865097788871871,-0.338792550803271,-0.913919114786031,-1.0056986025482808,7.428218079299571,7.640091197157289,0.0,7.428218079299571,dry_jjas,424.00498148048365,1.0,4.0,3,train,False
Embu,2017-06-01,2017,6,2,2,Stressed,0.0005515283293279,1.99696563611247,0.9999832559947072,-1.6016237708773633,-1.267527316106714,-0.8832770259598139,-0.0393262937132966,22.320954469466574,16.790536786709634,49.98396019682657,-27.663005727359998,dry_jjas,401.4457023614595,2.0,4.0,3,train,False
Garissa,2017-06-01,2017,6,3,3,Crisis or worse,0.6106024058973542,2.610602405897354,0.9994919517599272,-1.3164024302032793,-1.0334262042688918,-0.47282218909518,0.1141505482908607,1.6101415691322027,9.35479955143011,17.576786083771054,-15.966644514638851,dry_jjas,210.6771075185111,3.0,4.0,3,train,False
Homa Bay,2017-06-01,2017,6,1,1,Minimal,0.0,1.0,0.6628357436647451,-0.314820424648076,0.2112585857833214,-0.726795776474158,-1.0767799088203105,52.96127730753916,41.43452695204474,3.160376334080889,49.800900973458276,dry_jjas,658.3122810444571,1.0,4.0,3,train,False
Isiolo,2017-06-01,2017,6,3,3,Crisis or worse,0.7518804591292961,2.751880459129296,0.9999655296366224,-1.32522626454394,-1.0676496929922243,-0.6872203207582698,-0.1257856490498413,4.096176805762234,10.31367099013186,17.70581576955961,-13.609638963797376,dry_jjas,121.15801476654195,2.0,4.0,3,train,False
Kajiado,2017-06-01,2017,6,2,2,Stressed,0.0,1.9992143574179568,0.9866508734010327,-1.1822507450452084,-1.2640422225914127,-1.1913525128488631,-0.6152829247180952,12.191794840612888,11.381226587697594,14.502722175704037,-2.310927335091149,dry_jjas,244.0590119973267,2.0,4.0,3,train,False
Kakamega,2017-06-01,2017,6,1,1,Minimal,0.0,1.0,0.9998432712295532,-0.6622473350402645,0.3168630270291191,-0.7225533964291895,-1.0595083583913756,64.83108185293602,26.309704629853936,0.0,64.83108185293602,dry_jjas,521.962946970816,1.0,4.0,3,train,False
Kericho,2017-06-01,2017,6,1,1,Minimal,0.0,1.0989514108508742,1.0000092589479703,-0.7991661349411376,-0.8248801480038385,-1.2286238342029694,-1.1075407098129886,43.965910713712894,25.27574643858698,10.487492564033367,33.47841814967953,dry_jjas,577.6437811642602,1.0,4.0,3,train,False
Kiambu,2017-06-01,2017,6,1,1,Minimal,0.0,1.004124707751241,0.9998415934837052,-1.1271376293950104,-0.8657324031273775,-0.9395386339989684,-0.5102476840630722,19.28658323013487,38.9103081792285,31.142907848299384,-11.856324618164514,dry_jjas,365.1581675938478,1.0,4.0,3,train,False
Kilifi,2017-06-01,2017,6,3,3,Crisis or worse,0.7975262198231837,2.797464367468453,0.9942198792549004,-0.5802833287720851,-0.3412817006221246,-1.0542118683902422,-0.8058959715596191,0.0,0.0,3.62545994263747,-3.62545994263747,dry_jjas,485.9236308469297,2.0,4.0,3,train,False
Kirinyaga,2017-06-01,2017,6,1,1,Minimal,1.5502378105962137e-05,1.0025924915124855,0.9999074216232394,-1.4020110490254445,-0.9190635233789446,-0.9411315277478024,-0.0847890478773193,21.92126637975476,31.560265502285784,33.95909874145421,-12.037832361699454,dry_jjas,523.427425427593,1.0,4.0,3,train,False
Kisii,2017-06-01,2017,6,1,1,Minimal,0.0,1.0,0.9995821721614786,0.0636422606915518,-0.4936555025652018,-1.0311717815970287,-1.0559427181524423,80.8600531873971,45.9811282739634,21.978486079789835,58.88156710760727,dry_jjas,771.8724273402603,1.0,4.0,3,train,False
Kisumu,2017-06-01,2017,6,1,1,Minimal,0.0,1.000046794673207,0.7829071177907161,-0.9487747066663592,0.0899013565610467,-0.8381512361587917,-1.067360519648619,81.44689012518865,53.98293710426044,2.7488200179517728,78.69807010723687,dry_jjas,650.4965825795291,1.0,4.0,3,train,False
Kitui,2017-06-01,2017,6,2,2,Stressed,0.1870927220271259,2.187092722027126,0.9999823061871131,-1.714128648790349,-1.2841046302803336,-0.8047491442168059,-0.3008246716724115,0.0,7.913305576523923,23.58723504301128,-23.58723504301128,dry_jjas,350.0498777837523,2.0,4.0,3,train,False
Kwale,2017-06-01,2017,6,2,2,Stressed,0.001624192670232,2.001336202515908,0.991265464224382,-0.511971574185218,-0.633426784563061,-0.5546977701901205,-0.5764288551767179,0.0,0.0,7.996427236996295,-7.996427236996295,dry_jjas,461.4118591660762,2.0,4.0,3,train,False
Laikipia,2017-06-01,2017,6,2,2,Stressed,0.1130319861406154,2.1120108082265427,1.0000414502748185,-1.1519884205753042,-0.726793309668516,-0.9041142407479282,-0.5408946941752094,0.0,1.2710898382593216,2.628885418969415,-2.628885418969415,dry_jjas,378.6133408439104,2.0,4.0,3,train,False
Lamu,2017-06-01,2017,6,2,2,Stressed,0.3443653010937321,2.344365301093732,0.977321130906557,-0.7811424174116618,-0.5969254065789369,-1.345740703170681,-0.8520255718426598,0.0,0.0,9.539289157834578,-9.539289157834578,dry_jjas,394.8891092289726,3.0,4.0,3,train,False
Machakos,2017-06-01,2017,6,2,2,Stressed,0.0003267331384213,1.996225191230823,0.999954310750569,-1.4497622012114064,-1.0860055416122296,-1.1803151953028617,-0.7107842480732715,13.087627168984657,15.27806240703754,34.73400351636624,-21.646376347381587,dry_jjas,347.0698296320569,2.0,4.0,3,train,False
Makueni,2017-06-01,2017,6,2,2,Stressed,0.0,2.0,0.9999538567854904,-1.703895671782841,-1.2705463385380145,-1.0194421401283902,-0.5622856795183139,6.073749749462619,16.8989656611164,33.844714313811494,-27.770964564348873,dry_jjas,210.84898907247097,2.0,4.0,3,train,False
Mandera,2017-06-01,2017,6,2,2,Stressed,0.4819663641267713,2.4819663641267717,0.9934927341615108,-1.2111518072192171,-0.7843631439644801,-0.4410947489885483,0.3142517637393167,21.264538734753472,7.341125065101433,11.090338689537813,10.17420004521566,dry_jjas,147.72597818452132,3.0,4.0,3,train,False
Marsabit,2017-06-01,2017,6,3,3,Crisis or worse,0.7265387541406899,2.72653875414069,0.9337838572052868,-1.4388315587121066,-0.9306686865488945,-0.7842027162112774,-0.4123368232758515,0.0,5.443464192019271,6.903707890752453,-6.903707890752453,dry_jjas,183.11284628508548,3.0,4.0,3,train,True
Meru,2017-06-01,2017,6,2,2,Stressed,0.2279104628638244,2.2279046015507955,0.9999020844107216,-1.4537969496473342,-1.2561170640093244,-1.069910208489535,-0.2450976542858874,9.322736751042925,24.441517340000978,34.778495144528854,-25.45575839348593,dry_jjas,469.95952152110806,2.0,4.0,3,train,False
Migori,2017-06-01,2017,6,1,1,Minimal,0.0,1.0009600200580766,0.8093461789563474,0.2190549617343363,-0.2741560817885919,-0.9574936870553586,-1.202751124332519,57.34087951607588,27.47697355665239,0.0,57.34087951607588,dry_jjas,460.4970135975702,1.0,4.0,3,train,False
Mombasa,2017-06-01,2017,6,1,1,Minimal,0.0,1.024159169166952,0.9454988271665984,0.0022374522393607,0.0065544754421775,-0.5409410762092292,-0.4414433795487287,0.5370606258821737,0.0,0.0,0.5370606258821737,dry_jjas,339.4545465241538,1.0,4.0,3,train,False
Murang'a,2017-06-01,2017,6,1,1,Minimal,0.0,1.0029760939952872,0.9999002361827064,-1.1913980367325785,-0.7298516594521736,-0.8474261429731584,-0.3874694930831424,22.244147135704956,26.372511257282195,29.811580303649105,-7.567433167944149,dry_jjas,600.9606534616394,1.0,4.0,3,train,False
Nairobi,2017-06-01,2017,6,1,1,Minimal,0.0,1.002277321936268,0.9993429939306429,-0.9889323163886146,-0.8967639053967242,-1.0039330017462418,-0.6240390541177594,13.084506671099223,16.022605102134598,19.538802649404342,-6.454295978305119,dry_jjas,349.07589029272395,1.0,4.0,3,train,False
Nakuru,2017-06-01,2017,6,1,1,Minimal,0.0002683395186243,1.0516556427500778,0.9759001841496632,-1.0432930479994882,-0.8918084834565276,-0.8941414180496304,-0.7580482186955317,8.403632951961512,7.8618299068208675,9.020225238526578,-0.6165922865650657,dry_jjas,337.82261196850334,1.0,4.0,3,train,False
Nandi,2017-06-01,2017,6,1,1,Minimal,0.0,1.0,0.9998151603533768,-0.9683329956781768,-0.3574481999858586,-1.0158042245441494,-0.8811757008117599,70.759415108565,41.00514024408627,9.836787688237235,60.92262742032776,dry_jjas,636.3375639959971,1.0,4.0,3,train,False
Narok,2017-06-01,2017,6,2,2,Stressed,0.0,1.9940301460574568,0.9926970768051132,-0.577846581069661,-1.3027341125509002,-1.1198521235421852,-0.8563785716765547,34.42307067206111,20.604264529706164,12.073361475156606,22.349709196904502,dry_jjas,449.4351533314782,2.0,4.0,3,train,False
Nyamira,2017-06-01,2017,6,1,1,Minimal,0.0,1.0,0.999826225293641,-0.2804351788940927,-0.6239058487031254,-1.0426189001153792,-1.0637568685955825,81.55435873386135,51.298810521152205,25.980663400303936,55.57369533355741,dry_jjas,707.0676224501927,1.0,4.0,3,train,False
Nyandarua,2017-06-01,2017,6,1,1,Minimal,0.0042158365740844,1.2603173502235003,0.9999272234307192,-1.0899788969600104,-0.8078189375182954,-0.8684007277085858,-0.6723353484690958,14.18471946474544,15.194882751631551,15.643064820216022,-1.4583453554705823,dry_jjas,478.59632261521887,1.0,4.0,3,train,False
Nyeri,2017-06-01,2017,6,1,1,Minimal,0.0059992817880705,1.012922763262743,0.9999008065266486,-1.2374027654498354,-0.7472198343425192,-0.8948743040312872,-0.4072278826631054,14.765672986072362,18.1522863745803,0.1812437596265046,14.584429226445858,dry_jjas,596.5685209899478,1.0,4.0,3,train,False
Samburu,2017-06-01,2017,6,2,2,Stressed,0.4363214449160176,2.4363214449160173,0.99992034265564,-1.433165151934453,-1.0008670642593778,-1.0585617107743617,-0.5436655766360267,0.0,2.084504330853166,9.540440093411462,-9.540440093411462,dry_jjas,233.37064745956647,3.0,4.0,3,train,True
Siaya,2017-06-01,2017,6,1,1,Minimal,0.0,1.0,0.7130635075059107,-0.6909147426456554,0.8547191716072845,-0.3618655566495001,-1.015756381595062,35.81495777274267,24.668519967587937,5.830071923667301,29.984885849075372,dry_jjas,703.9110029852106,1.0,4.0,3,train,False
Taita Taveta,2017-06-01,2017,6,2,2,Stressed,0.1639483164516049,2.163948316451605,0.996693805007888,-1.0829101217293495,-1.0883193239821738,-0.9975397036516072,-0.6274871248672748,0.0,3.4159691799495837,18.5457305827883,-18.5457305827883,dry_jjas,337.281834884778,2.0,4.0,3,train,False
Tana River,2017-06-01,2017,6,2,2,Stressed,0.3384587565280262,2.338458756528026,0.9998433560935056,-1.1841169492284211,-0.951537846892549,-0.9401325363583116,-0.5218593603660487,0.0,7.512413789334195,16.54814579431053,-16.54814579431053,dry_jjas,208.9215702880231,3.0,4.0,3,train,False
Tharaka-Nithi,2017-06-01,2017,6,2,2,Stressed,0.0001596764744929,2.000159676474493,0.999973025042614,-1.5398360251797865,-1.3665547954813355,-0.7039582615192359,0.1587134782277744,13.046881195103245,18.023047516184217,34.310417015149376,-21.26353582004613,dry_jjas,386.5660928989662,2.0,4.0,3,train,False
Trans Nzoia,2017-06-01,2017,6,1,1,Minimal,0.0040020921807144,1.0819359341903891,0.9977844089794708,-0.4974290264182684,0.4444723813119476,-0.490820381986367,-1.0603117271083495,33.35990970972277,18.961718188175105,4.649036444541269,28.7108732651815,dry_jjas,575.422482832226,1.0,4.0,3,train,False
Turkana,2017-06-01,2017,6,3,3,Crisis or worse,0.5585429993667709,2.536684638571286,0.9601816490994464,-0.7278880157490321,0.1374983764081204,-0.540146677016589,-0.8111938405435869,8.37023082722011,11.0845035075553,8.089110506379292,0.2811203208408184,dry_jjas,134.93439886021372,2.0,4.0,3,train,True
Uasin Gishu,2017-06-01,2017,6,1,1,Minimal,0.0,1.0000608491913512,0.9999481856594682,-1.003991352908295,-0.5527451528834085,-1.0226200282634932,-0.7977102160121006,23.314358427089687,22.934508184273582,10.967951958978722,12.346406468110965,dry_jjas,466.5756532543863,1.0,4.0,3,train,False
Vihiga,2017-06-01,2017,6,1,1,Minimal,0.0,1.0,0.9998193553745144,-0.9054578800637292,0.5340539500423302,-0.476476090398242,-0.9827302792423568,76.6193366652864,39.64950538607732,0.0,76.6193366652864,dry_jjas,638.2354464495623,1.0,4.0,3,train,False
Wajir,2017-06-01,2017,6,2,2,Stressed,0.4247545909134482,2.424754590913448,0.9996371245657292,-1.392807045167134,-0.850687757483666,0.0302767265136342,0.7281292935794857,13.195647532996809,10.108159549769764,8.441506922098489,4.75414061089832,dry_jjas,220.92597534518788,3.0,4.0,3,train,True
West Pokot,2017-06-01,2017,6,3,3,Crisis or worse,0.5670050865258938,2.5646618091915863,0.9926726674589595,-1.0998367162960718,-0.010163786856617,-1.154112797674459,-1.370234734831722,2.5464489948957487,9.020769081139171,0.0219945771013614,2.5244544177943875,dry_jjas,366.78840132412165,3.0,4.0,3,train,False
Baringo,2017-10-01,2017,10,2,2,Stressed,0.0,1.5582482141685938,1.0000031537499772,2.9047434653751965,1.2866181861462065,0.0624346181364605,-1.1330338902829689,55.65700244795816,20.118835029211144,32.387293038442614,23.26970940951555,short_rains,407.6410955536569,2.0,4.0,3,train,True
Bomet,2017-10-01,2017,10,1,1,Minimal,0.0,1.00000888073496,0.9999591445797522,2.279096655669185,1.5364020672955343,0.0856549387467457,-0.5503187168560911,36.23250416387069,63.89011593375936,23.27934858806882,12.953155575801873,short_rains,705.0356352221398,1.0,4.0,3,train,False
Bungoma,2017-10-01,2017,10,1,1,Minimal,0.0,1.0,0.9970207416060456,1.6554041398760584,1.5368224253948457,0.8330940113709416,-0.3609693704514362,0.0,89.04301412694734,97.48146359447856,-97.48146359447856,short_rains,684.143518918554,1.0,4.0,3,train,False
Busia,2017-10-01,2017,10,1,1,Minimal,0.0,1.0,0.9141620351366326,0.9548557089873831,1.7980904586850703,1.7820570673597724,0.5073084785239641,32.86861675771636,19.395135688196152,86.51896448569009,-53.65034772797373,short_rains,504.89251568895395,1.0,4.0,3,train,False
Elgeyo-Marakwet,2017-10-01,2017,10,1,1,Minimal,0.0,1.0006154999387935,0.9999531832842422,3.849343774568194,1.9401125742281724,0.3198309154161638,-1.1359951990160069,28.47587970421548,80.69485250859954,51.86733955095053,-23.391459846735053,short_rains,424.00498148048365,1.0,4.0,3,train,False
Embu,2017-10-01,2017,10,2,2,Stressed,0.0,1.667672206524964,0.999984606567881,-0.3939757665695362,-0.3237118515659152,-1.3540041356668986,-1.408823956761012,0.0,64.19707953691844,63.00005250520851,-63.00005250520851,short_rains,401.4457023614595,2.0,4.0,3,train,False
Garissa,2017-10-01,2017,10,2,2,Stressed,0.3149516427853767,2.3149516427853767,0.9994800167375124,-1.1686982934093129,1.0084905526602284,-0.0127164010012915,0.0923416163452928,22.827235786507234,33.81591121209734,13.660950808064976,9.166284978442258,short_rains,210.6771075185111,3.0,4.0,3,train,False
Homa Bay,2017-10-01,2017,10,1,1,Minimal,0.0,1.0,0.662835743664745,1.2281568183002012,1.0451548396866006,0.9631482883310238,-0.0997027660075569,0.0,31.38022256011257,79.9709405095499,-79.9709405095499,short_rains,658.3122810444571,1.0,4.0,3,train,False
Isiolo,2017-10-01,2017,10,3,3,Crisis or worse,0.900848482806411,2.9008208423690447,0.9999877316922255,-0.6494753901808547,1.1003370036956637,-1.1555115432636698,-1.270626921656341,0.0,10.198676021642916,7.878092007205066,-7.878092007205066,short_rains,121.15801476654195,3.0,4.0,3,train,False
Kajiado,2017-10-01,2017,10,2,2,Stressed,0.0,1.956093113052931,0.9866578531969143,2.3003598548493005,-0.3660391241807004,-1.8059479121781743,-1.6924971259535575,0.2402441727964169,6.223026823708892,20.468441332946924,-20.228197160150508,short_rains,244.0590119973267,2.0,4.0,3,train,False
Kakamega,2017-10-01,2017,10,1,1,Minimal,0.0,1.0,0.999843271229553,1.698935406336815,1.507847789762414,1.0089675944046628,-0.1983870967304325,21.934682321413515,69.62328937118177,78.62113826375803,-56.68645594234451,short_rains,521.962946970816,1.0,4.0,3,train,False
Kericho,2017-10-01,2017,10,1,1,Minimal,0.0,1.0,0.9999526229648776,3.418718971936741,2.007384365776592,0.7688310470740487,-0.2795745472151476,41.721116743936825,93.52872890073044,44.57581001503058,-2.854693271093751,short_rains,577.6437811642602,1.0,4.0,3,train,False
Kiambu,2017-10-01,2017,10,1,1,Minimal,0.0,1.0000085802775256,0.9998305741952508,0.922033176297718,-0.015105591414191,-1.1973508794639054,-1.2871312067856024,0.0,64.45540282108257,61.9226639065829,-61.9226639065829,short_rains,365.1581675938478,1.0,4.0,3,train,False
Kilifi,2017-10-01,2017,10,2,2,Stressed,0.0022482066492799,1.8465430872684307,0.9942097520174966,-1.192205287777575,0.7588670558953947,0.1734703637890117,0.5125724971756106,4.152350269632455,36.71355059275809,21.038417737001417,-16.88606746736896,short_rains,485.9236308469297,3.0,4.0,3,train,False
Kirinyaga,2017-10-01,2017,10,1,1,Minimal,0.0,1.0002615914004505,0.999907421621526,-0.1698509131479109,-0.4785803220639226,-1.359483091526084,-1.5039533314290978,20.640618347186635,77.05015255814017,39.94553721582079,-19.304918868634157,short_rains,523.427425427593,1.0,4.0,3,train,False
Kisii,2017-10-01,2017,10,1,1,Minimal,0.0,1.0,0.9995821721614786,1.063124710777331,0.6068459767470905,0.4263138238930739,-0.1250672114880621,32.82427379544268,63.45396429796799,38.61799132880281,-5.79371753336013,short_rains,771.8724273402603,1.0,4.0,3,train,False
Kisumu,2017-10-01,2017,10,1,1,Minimal,0.0,1.0,0.7829061444141889,1.7916149980323703,1.7165881332314783,1.379685904882511,0.1781592128874029,35.36617633587682,96.3244784718318,94.00083536381396,-58.63465902793714,short_rains,650.4965825795291,1.0,4.0,3,train,False
Kitui,2017-10-01,2017,10,2,2,Stressed,0.0003494092108701,1.9394458318116528,1.0000156437008323,1.4606905862406836,1.2026648695379,-0.6158809263025069,-0.7241073061298429,17.177692335742154,31.43078301403425,40.55699251413272,-23.37930017839057,short_rains,350.0498777837523,2.0,4.0,3,train,False
Kwale,2017-10-01,2017,10,2,2,Stressed,0.0,1.933394791093772,0.9912659128784936,-1.0454326029390313,1.0741455122522203,0.3916081682885808,0.6149689011421369,59.44603330390909,70.28516847892503,46.19211179339431,13.253921510514779,short_rains,461.4118591660762,2.0,4.0,3,train,False
Laikipia,2017-10-01,2017,10,3,3,Crisis or worse,0.5564446964726004,2.2581448267827158,1.0000212259067025,1.3135010564076954,0.114251523003878,-0.7531292323036445,-1.2074510092089663,37.00700239229622,12.886963807561443,22.45649980571443,14.550502586581793,short_rains,378.6133408439104,2.0,4.0,3,train,False
Lamu,2017-10-01,2017,10,2,2,Stressed,0.0015512757217777,2.001551275721778,0.9772691235251724,-1.524297094228001,0.0132635533430151,-0.0367351394951559,0.3620911888808231,76.10644305731354,81.46987444652635,26.015037320239607,50.091405737073934,short_rains,394.8891092289726,2.0,4.0,3,train,False
Machakos,2017-10-01,2017,10,1,1,Minimal,0.0,1.003784031239779,0.999932162326225,1.6946177924747252,0.1156861224562335,-1.0338873411072451,-1.1541873597943957,26.467065967833246,68.31871484750833,70.22823329401102,-43.76116732617777,short_rains,347.0698296320569,2.0,4.0,3,train,False
Makueni,2017-10-01,2017,10,2,2,Stressed,0.0,1.947171346097437,0.9999864750196296,3.271639220834621,0.5928870600881029,-0.808690901387737,-0.9339257414179242,30.01415102334437,48.10938267712056,56.59394621968907,-26.579795196344705,short_rains,210.84898907247097,2.0,4.0,3,train,False
Mandera,2017-10-01,2017,10,3,3,Crisis or worse,0.5897830130822538,2.589783013082254,0.9934952970820572,0.1884893432652807,0.250060665940561,-0.4412767435918135,-0.5132303217392393,7.890361277566451,57.1874085525686,46.325535621120736,-38.43517434355429,short_rains,147.72597818452132,2.0,4.0,3,train,False
Marsabit,2017-10-01,2017,10,3,3,Crisis or worse,0.5854380611926675,2.582379618240107,0.9337825383279236,1.3252841998833174,0.6956638599523416,-0.5817677567236285,-0.7521586891913081,17.405353546327586,19.12958634905264,20.81569291382187,-3.4103393674942843,short_rains,183.11284628508548,3.0,4.0,3,train,True
Meru,2017-10-01,2017,10,1,1,Minimal,0.0027691493962718,1.3956531605764724,0.9999183907447684,-0.80692716861962,-0.0987927992961802,-1.4907022185031729,-1.6026513591043163,18.98791699925977,67.15059499232652,15.834570977634655,3.153346021625115,short_rains,469.95952152110806,2.0,4.0,3,train,False
Migori,2017-10-01,2017,10,1,1,Minimal,0.0,1.0009600200580808,0.8093461789527345,0.9973728316712784,0.9693427088998108,0.1869967329527834,-0.3779168057723719,0.0,20.086231497286587,28.55809836149324,-28.55809836149324,short_rains,460.4970135975702,1.0,4.0,3,train,False
Mombasa,2017-10-01,2017,10,1,1,Minimal,0.0,1.0012155306287127,0.945430610879302,-0.9368183671652376,0.9662236508750748,0.657480751018137,0.9200873615130192,11.00300643515783,22.899215557777435,17.02492035878094,-6.021913923623108,short_rains,339.4545465241538,1.0,4.0,3,train,False
Murang'a,2017-10-01,2017,10,1,1,Minimal,0.0,1.0,0.9998960447776898,0.665895435734211,-0.054477519715388,-1.0305223233804144,-1.2104881783539254,4.628313097363764,83.38438210765722,62.67265700261481,-58.04434390525105,short_rains,600.9606534616394,1.0,4.0,3,train,False
Nairobi,2017-10-01,2017,10,1,1,Minimal,0.0,1.0004033639580097,0.9993429939949856,1.791858000541899,-0.1756736474586174,-1.36484517675628,-1.395648457569493,0.0,0.0,22.75005333577152,-22.75005333577152,short_rains,349.07589029272395,1.0,4.0,3,train,False
Nakuru,2017-10-01,2017,10,1,1,Minimal,0.0,1.0000173105892736,0.9758499055944194,2.8474731951877508,1.0593012570441651,-0.264852900670593,-1.1900327760624694,52.91766213432993,16.984237627132398,20.66865349475725,32.24900863957268,short_rains,337.82261196850334,1.0,4.0,3,train,False
Nandi,2017-10-01,2017,10,1,1,Minimal,0.0,1.0,0.9998151603528128,2.5399394554308903,1.808378293298667,0.8409456268672132,-0.3944649326195035,32.089685926780135,100.0,83.55216617119808,-51.46248024441795,short_rains,636.3375639959971,1.0,4.0,3,train,False
Narok,2017-10-01,2017,10,2,2,Stressed,0.0,1.7611502426846417,0.9926912865777452,1.783497308461595,0.4951126128262884,-0.8574384165474194,-1.2484910964717573,5.3985827336520416,9.538931171485194,42.54740253515792,-37.14881980150588,short_rains,449.4351533314782,2.0,4.0,3,train,False
Nyamira,2017-10-01,2017,10,1,1,Minimal,0.0,1.0,0.9998262252936406,1.2934474399372078,1.0423821562478917,0.615142103032987,0.0145204059332413,56.73980905403444,56.534744259315694,6.6868280876982045,50.052980966336236,short_rains,707.0676224501927,1.0,4.0,3,train,False
Nyandarua,2017-10-01,2017,10,1,1,Minimal,0.0,1.0009641685385835,0.9998954460078072,1.5697154085402514,0.1539037510244601,-0.7648384068350607,-1.2202176420122846,37.75296375126279,52.18731537141478,29.619696658305948,8.133267092956842,short_rains,478.59632261521887,1.0,4.0,3,train,False
Nyeri,2017-10-01,2017,10,1,1,Minimal,0.0,1.0053150150421255,0.9998889348338412,-0.0557792789908962,-0.6076370924571753,-1.1972328670819632,-1.3477496274994731,12.299157469214489,82.83336886855541,28.868585822950276,-16.569428353735788,short_rains,596.5685209899478,1.0,4.0,3,train,False
Samburu,2017-10-01,2017,10,3,3,Crisis or worse,0.7405524733137204,2.5505230758676367,0.9999250745850734,0.6410590438155034,0.2151363860937664,-0.81154462927469,-0.9918202773361764,23.400229469560003,26.409618656474223,24.61027540013149,-1.2100459305714857,short_rains,233.37064745956647,2.0,4.0,3,train,True
Siaya,2017-10-01,2017,10,1,1,Minimal,0.0,1.0,0.7130635075059107,1.3033591864372174,1.422620167258756,1.6918654269240825,0.3040981158047939,0.7230659061483771,10.225346778604296,81.42668336020732,-80.70361745405894,short_rains,703.9110029852106,1.0,4.0,3,train,False
Taita Taveta,2017-10-01,2017,10,2,2,Stressed,0.0002570742612601,1.5551371891580787,0.9966792235069628,-1.4212900385472336,0.8225008032134202,-0.7062831153257146,-0.6322286740579117,21.50744456623175,41.46553926401272,39.29937772721344,-17.79193316098169,short_rains,337.281834884778,2.0,4.0,3,train,False
Tana River,2017-10-01,2017,10,3,3,Crisis or worse,0.8205506145885247,2.820550614588525,0.9998446137975115,-0.5766444996581279,0.3944248118293962,-0.7137547239841806,-0.6701412119947591,0.0,11.897377117136685,3.683508813923632,-3.683508813923632,short_rains,208.9215702880231,2.0,4.0,3,train,False
Tharaka-Nithi,2017-10-01,2017,10,2,2,Stressed,0.0,1.569479802845253,0.9999939446980428,-0.5585775119031782,-0.3639801580839062,-1.449706051608224,-1.5030917416332197,0.0,49.20826309713262,45.78198598945021,-45.78198598945021,short_rains,386.5660928989662,2.0,4.0,3,train,False
Trans Nzoia,2017-10-01,2017,10,1,1,Minimal,0.0,1.0,0.9977780064560036,3.846896858826959,2.8790538226244484,1.6209150402948136,-0.6377751983943276,2.333722665233762,90.98441899879506,52.53725418721198,-50.20353152197821,short_rains,575.422482832226,1.0,4.0,3,train,False
Turkana,2017-10-01,2017,10,2,2,Stressed,0.1587353451408945,2.1586275235094083,0.9601573939137472,2.5747253065583187,0.7464850646275927,-0.0195220083079417,-1.278002282589378,33.79054772703472,14.38053453719668,8.893457295912057,24.897090431122663,short_rains,134.93439886021372,3.0,4.0,3,train,True
Uasin Gishu,2017-10-01,2017,10,1,1,Minimal,0.0,1.0,0.9999480360329528,3.8702828593694494,2.3518342479641348,0.5494014988814512,-1.0466199339170572,62.20378599340581,88.35127531148267,70.8182837046594,-8.614497711253584,short_rains,466.5756532543863,1.0,4.0,3,train,False
Vihiga,2017-10-01,2017,10,1,1,Minimal,0.0,1.0,0.9998193553745144,1.4602023120115732,1.6197584724485743,1.4937636282285862,0.1997513642077471,41.98909265992189,87.53038479301871,82.42334082515674,-40.434248165234855,short_rains,638.2354464495623,1.0,4.0,3,train,False
Wajir,2017-10-01,2017,10,3,3,Crisis or worse,0.5102840286133313,2.510284028613331,0.9996324712263722,1.039678333527223,1.4020424298209877,-0.1409514115680451,-0.2109671248478813,0.0,16.715595292306237,19.352487297765624,-19.352487297765624,short_rains,220.92597534518788,2.0,4.0,3,train,True
West Pokot,2017-10-01,2017,10,1,1,Minimal,0.0,1.0027376219851862,0.9926738576986502,4.160175721124114,1.8431942488712447,0.3573561057093193,-1.4667602337750578,42.51011216521693,35.213649036729166,18.65462811322887,23.85548405198806,short_rains,366.78840132412165,3.0,4.0,3,train,False
Baringo,2018-02-01,2018,2,1,1,Minimal,0.0012764674251397,1.4105496355612357,0.9999777826893144,0.785476501651622,2.289480910645451,2.252601018739416,2.2482486236653467,85.85618682554085,87.62667613714494,83.67333462190892,2.1828522036319242,dry_jf,407.6410955536569,2.0,4.0,3,train,True
Bomet,2018-02-01,2018,2,1,1,Minimal,0.0,1.0,0.9999591445797528,0.1540168478732285,1.1869753575842623,1.740313613121648,1.9830963252382292,82.96785638446094,90.66725904685846,61.69952855997555,21.268327824485397,dry_jf,705.0356352221398,1.0,4.0,3,train,False
Bungoma,2018-02-01,2018,2,1,1,Minimal,0.0,1.0,0.9970207416060456,0.2307312578552824,0.9591740577414914,1.4461943126381105,1.5454392624378783,43.59485892767872,38.847525781890695,50.60353462287328,-7.008675695194562,dry_jf,684.143518918554,1.0,4.0,3,train,False
Busia,2018-02-01,2018,2,1,1,Minimal,0.0,1.0,0.9141620351366326,0.4828243125801745,0.6942330748379812,1.1064281919949064,1.4879965130714197,27.39283658367201,57.68864322611312,70.521507196775,-43.128670613103,dry_jf,504.89251568895395,1.0,4.0,3,train,False
Elgeyo-Marakwet,2018-02-01,2018,2,1,1,Minimal,0.0,1.0033769993733028,0.9999600733550672,0.2535524788705239,2.0174588336698958,2.6257527445580604,3.0112595968323337,76.24074085447369,62.09846180368604,86.32296804499431,-10.082227190520626,dry_jf,424.00498148048365,1.0,4.0,3,train,False
Embu,2018-02-01,2018,2,2,2,Stressed,0.0,1.667672206524964,0.999984606567881,0.4417061316010043,0.405586400196836,0.3312301800060391,0.1279505526332713,76.05266346181867,62.06604840410736,41.97991809057044,34.072745371248224,dry_jf,401.4457023614595,2.0,4.0,3,train,False
Garissa,2018-02-01,2018,2,3,3,Crisis or worse,0.9126711557574954,2.912671155757496,0.9994811882788398,0.1174605557829395,-0.0148343802313387,-0.115169136729947,-0.4999146903120541,21.3754586319141,19.11426058969317,31.720539077387503,-10.345080445473403,dry_jf,210.6771075185111,2.0,4.0,3,train,False
Homa Bay,2018-02-01,2018,2,1,1,Minimal,0.0,1.0,0.662835743664745,-0.1550850498116009,0.3008983309029269,0.978080219663166,1.6264753767888278,57.53579891380865,56.37632916251991,74.49495536793435,-16.959156454125704,dry_jf,658.3122810444571,1.0,4.0,3,train,False
Isiolo,2018-02-01,2018,2,3,3,Crisis or worse,0.7968539350772221,2.796832969174396,0.9999670204220188,-0.0699790913673273,0.0347044449449776,0.0166158730078784,-0.0094342119645478,7.314216952378531,3.4284068943936137,0.0,7.314216952378531,dry_jf,121.15801476654195,3.0,4.0,3,train,False
Kajiado,2018-02-01,2018,2,3,3,Crisis or worse,0.5067498459054262,2.505590538444004,0.9866578025484948,0.0565260921838295,0.0446308754050418,0.0581523253492049,1.7233684062093777,18.54166673634861,13.137456482672768,12.553481928279748,5.988184808068862,dry_jf,244.0590119973267,2.0,4.0,3,train,False
Kakamega,2018-02-01,2018,2,1,1,Minimal,0.0,1.0,0.999843271229553,0.3804500455885514,0.9740867085845376,1.609051986273903,1.7068267690574963,52.84954041272284,68.0539623501418,81.92559211926883,-29.07605170654599,dry_jf,521.962946970816,1.0,4.0,3,train,False
Kericho,2018-02-01,2018,2,1,1,Minimal,0.0,1.0,0.9999526229648772,0.4423652285481982,1.7127592876023467,2.388654324743333,2.7707228287475094,75.26253072963158,48.85009351356124,76.92286596444461,-1.660335234813033,dry_jf,577.6437811642602,1.0,4.0,3,train,False
Kiambu,2018-02-01,2018,2,1,1,Minimal,0.0,1.001036389650512,0.9998318358451644,-0.017360119111496,0.2452272007605309,0.4750993909540678,1.641544325799689,74.08792284410585,61.95892798109078,53.56046409632761,20.52745874777824,dry_jf,365.1581675938478,1.0,4.0,3,train,False
Kilifi,2018-02-01,2018,2,2,2,Stressed,0.0,1.6414381996364524,0.9942093257472656,1.1263352116828202,0.452922604834809,0.1565473428178015,0.2218417490527386,55.03934428853129,21.03727358565102,26.81640302789954,28.22294126063175,dry_jf,485.9236308469297,2.0,4.0,3,train,False
Kirinyaga,2018-02-01,2018,2,1,1,Minimal,0.0,1.0002615914004505,0.999907421621526,0.3649541311434683,0.316366778322087,0.2861188538568398,0.8314912693216897,34.784668219318625,99.75857676940598,68.64289500029449,-33.85822678097586,dry_jf,523.427425427593,1.0,4.0,3,train,False
Kisii,2018-02-01,2018,2,1,1,Minimal,0.0,1.0,0.9995821721572732,-0.0826433202569998,0.5147689690523327,1.1184836418939408,1.3671718282921344,78.31565007566888,98.96296507429824,95.5318205076446,-17.216170431975712,dry_jf,771.8724273402603,1.0,4.0,3,train,False
Kisumu,2018-02-01,2018,2,1,1,Minimal,0.0,1.0,0.782906144414189,0.3358647351927909,0.9040978479317734,1.494992644397227,1.7024257096352051,66.86340111602279,85.16488203110602,44.08884843831877,22.774552677704015,dry_jf,650.4965825795291,1.0,4.0,3,train,False
Kitui,2018-02-01,2018,2,2,2,Stressed,0.0003056779430127,1.99975325903234,1.0000139672845525,-0.3466774575244914,-0.327892381745942,-0.2731512508906054,1.806000593338072,17.10751152605752,4.812889079910518,9.804912469065098,7.302599056992424,dry_jf,350.0498777837523,2.0,4.0,3,train,False
Kwale,2018-02-01,2018,2,1,1,Minimal,0.0,1.0039046451623332,0.9912690199605956,1.6480724120286876,1.3490574080900584,1.2217492373783108,1.9207598137217812,75.81090220248315,55.49427116966868,54.9056264094493,20.90527579303385,dry_jf,461.4118591660762,2.0,4.0,3,train,False
Laikipia,2018-02-01,2018,2,2,2,Stressed,0.0,1.5587327785086555,0.9999886237871276,0.5983484153012292,1.3569680119908218,1.536868589190692,1.4924838224538854,68.94272223435499,77.75736560001609,65.75308063646918,3.18964159788581,dry_jf,378.6133408439104,3.0,4.0,3,train,False
Lamu,2018-02-01,2018,2,2,2,Stressed,0.0075337346269624,2.0075337346269624,0.9773149393714812,-0.1347845826646619,-0.517752388382834,-1.121317143138944,-1.8076204341098676,61.17784719762138,41.39736629063034,74.52153829445713,-13.343691096835748,dry_jf,394.8891092289726,2.0,4.0,3,train,False
Machakos,2018-02-01,2018,2,1,1,Minimal,0.0,1.0044309397763718,0.9999321623180928,-0.0488471288538136,-0.0255358930185193,-0.0161579146988045,1.3710917629498935,49.37558944605378,40.05079432905095,48.44734119882243,0.9282482472313518,dry_jf,347.0698296320569,1.0,4.0,3,train,False
Makueni,2018-02-01,2018,2,2,2,Stressed,0.0,1.8249825681349767,0.9999547361069396,-0.0687371910502052,-0.0857347216876924,-0.0136107783763137,2.7121279490341053,29.70961371081077,10.718237176147692,28.486064693720337,1.2235490170904342,dry_jf,210.84898907247097,2.0,4.0,3,train,False
Mandera,2018-02-01,2018,2,3,3,Crisis or worse,0.784116946647071,2.784116946647071,0.9934960200048764,1.1689910840178104,0.6814217031055673,0.6671017271892954,0.5637547582609886,31.45766456084793,18.727008457134747,16.119697928913524,15.337966631934407,dry_jf,147.72597818452132,3.0,4.0,3,train,False
Marsabit,2018-02-01,2018,2,2,2,Stressed,0.3015388599875533,2.2984803990076887,0.9337770343891584,0.8049526302105474,1.2792060515060413,1.3016069653514268,1.2012956787694162,45.29893888018286,21.181146122384344,40.48668200774885,4.812256872434013,dry_jf,183.11284628508548,3.0,4.0,3,train,True
Meru,2018-02-01,2018,2,1,1,Minimal,0.0,1.3927768285697637,0.9999183907447664,0.2654860609998091,0.3185259624717672,0.2298463343670212,-0.455479199869192,66.68857811457347,63.7719235464444,38.3268327617938,28.36174535277967,dry_jf,469.95952152110806,1.0,4.0,3,train,False
Migori,2018-02-01,2018,2,1,1,Minimal,0.0,1.0,0.8093394357090582,-0.076355137710227,-0.0128493797907068,0.8028652455022872,1.19328910860045,38.56995559861406,67.67017214914836,35.62013150579164,2.9498240928224178,dry_jf,460.4970135975702,1.0,4.0,3,train,False
Mombasa,2018-02-01,2018,2,1,1,Minimal,0.0,1.002442860047155,0.945430610879302,1.968413456210345,1.2768795251934808,0.8194957134438842,0.973928439844816,58.46864069321892,56.34485904874137,34.960858450458154,23.50778224276077,dry_jf,339.4545465241538,1.0,4.0,3,train,False
Murang'a,2018-02-01,2018,2,1,1,Minimal,0.0,1.0,0.9998960447776898,0.2297481656542839,0.2721189267730278,0.3021515386230117,1.176795984413472,83.10801485039265,61.17696217240262,54.01766316742281,29.09035168296984,dry_jf,600.9606534616394,1.0,4.0,3,train,False
Nairobi,2018-02-01,2018,2,1,1,Minimal,0.0,1.0004033639580097,0.9993429939949862,-0.115831307872542,0.0917285798422946,0.3633600675339497,2.055073973157482,50.8920877931759,74.10538287209175,34.466195232835645,16.42589256034025,dry_jf,349.07589029272395,1.0,4.0,3,train,False
Nakuru,2018-02-01,2018,2,1,1,Minimal,0.0,1.0000173105892736,0.9758499055944192,0.6777404142040451,1.9014584007239208,2.227307080674028,2.355115236800972,70.17042862163278,80.94932652429856,91.06559742682812,-20.89516880519534,dry_jf,337.82261196850334,1.0,4.0,3,train,False
Nandi,2018-02-01,2018,2,1,1,Minimal,0.0,1.0,0.9998151603528128,0.6227236687326045,1.7558201050348343,2.3782019103577365,2.328402328365182,81.49070282188046,50.86288282458995,59.89458664922998,21.596116172650483,dry_jf,636.3375639959971,1.0,4.0,3,train,False
Narok,2018-02-01,2018,2,2,2,Stressed,0.0001303332425769,1.5989261168410904,0.9926861683141104,0.2362603075910809,0.8994168921209383,1.7269656972563316,1.728204636957508,43.27097163018303,85.92958993256967,40.25149498528384,3.0194766448991857,dry_jf,449.4351533314782,2.0,4.0,3,train,False
Nyamira,2018-02-01,2018,2,1,1,Minimal,0.0,1.0,0.9998262252936287,-0.1007268131275303,0.7234623821485026,1.1098988408085997,1.5002929915684806,83.94375232402041,88.9772033687228,71.78543010564367,12.158322218376739,dry_jf,707.0676224501927,1.0,4.0,3,train,False
Nyandarua,2018-02-01,2018,2,1,1,Minimal,0.0,1.0,0.9998954460056042,0.4496310255077682,1.362976449762045,1.574671282148339,1.796739154181458,100.0,87.71585472160957,93.62946957685756,6.370530423142441,dry_jf,478.59632261521887,1.0,4.0,3,train,False
Nyeri,2018-02-01,2018,2,1,1,Minimal,0.0,1.0,0.9998683591640212,0.4457187171456436,0.5874491540029904,0.4862374243244234,0.9405157939938888,73.44934554605649,71.44975473203625,78.97597197724573,-5.526626431189243,dry_jf,596.5685209899478,1.0,4.0,3,train,False
Samburu,2018-02-01,2018,2,2,2,Stressed,0.2945620934735686,2.206587724070965,0.9999137551252008,0.3692336210818362,1.2498120892800404,1.1696790105932229,0.5616590319887614,66.46095589312037,69.77607439350227,43.21599008128677,23.244965811833602,dry_jf,233.37064745956647,3.0,4.0,3,train,True
Siaya,2018-02-01,2018,2,1,1,Minimal,0.0,1.0,0.7130635075059107,-0.0266137290421794,0.5491777492775172,1.022859366092835,1.598163298532023,46.67466610530531,71.21437850486961,62.08235549744813,-15.407689392142814,dry_jf,703.9110029852106,1.0,4.0,3,train,False
Taita Taveta,2018-02-01,2018,2,2,2,Stressed,0.0,1.7186710306762238,0.9966946413124252,0.6150805740225789,0.2353027302037715,0.3609232595375803,1.4965390716260023,28.27430453650203,9.76906393309572,24.726544717828645,3.5477598186733843,dry_jf,337.281834884778,2.0,4.0,3,train,False
Tana River,2018-02-01,2018,2,2,2,Stressed,0.4060920301653488,2.406092030165349,0.9998447726345154,-0.0644605449492455,-0.2046873008538908,-0.2211665078277985,0.6328181165121128,6.274525627995212,2.21346704037469,11.976541917674645,-5.702016289679433,dry_jf,208.9215702880231,3.0,4.0,3,train,False
Tharaka-Nithi,2018-02-01,2018,2,2,2,Stressed,0.0,1.569479802845253,0.9999939446980428,0.484122974192099,0.3432027283676522,0.2684054034079038,-0.4239114741007971,41.52481531028832,36.30743110411531,22.138610173075552,19.386205137212766,dry_jf,386.5660928989662,2.0,4.0,3,train,False
Trans Nzoia,2018-02-01,2018,2,1,1,Minimal,0.0,1.0,0.9977780064560036,0.2634074946823048,2.0471110780856083,3.072126007988061,3.115419238757227,76.23856787820094,48.97362719544284,63.286689777112336,12.951878101088603,dry_jf,575.422482832226,1.0,4.0,3,train,False
Turkana,2018-02-01,2018,2,3,3,Crisis or worse,0.5421631341493898,2.542098299913616,0.96016524609246,0.327316208667058,1.610319724336566,1.5380781449954517,1.7876662087125226,80.56746128375951,70.27404025833513,69.20974162977082,11.357719653988696,dry_jf,134.93439886021372,2.0,4.0,3,train,True
Uasin Gishu,2018-02-01,2018,2,1,1,Minimal,0.0,1.0,0.9999480360329532,0.2060729320903084,1.939733177514596,2.724466162156672,3.1549366525206306,91.15253547595697,92.87617640798824,74.01386241647293,17.138673059484034,dry_jf,466.5756532543863,1.0,4.0,3,train,False
Vihiga,2018-02-01,2018,2,1,1,Minimal,0.0,1.0,0.999819355374512,0.3671315584606758,0.7756522042604731,1.5449149398358493,1.5885157827158292,59.49601000075284,60.62111123239824,85.91814262097901,-26.422132620226172,dry_jf,638.2354464495623,1.0,4.0,3,train,False
Wajir,2018-02-01,2018,2,2,2,Stressed,0.4061214214509805,2.4061214214509805,0.9996475883428568,0.7467666690120593,0.4578050030238567,0.4580485069725694,0.649534958522933,30.490595726993305,2.2769557040251467,14.5641483102607,15.926447416732605,dry_jf,220.92597534518788,3.0,4.0,3,train,True
West Pokot,2018-02-01,2018,2,2,2,Stressed,0.000233368524481,1.8828414290123747,0.9926709606221884,0.4413118116268889,2.6094678209555053,2.981863836640706,3.048536025710763,90.92780238098422,72.09302170844329,74.17792965012383,16.74987273086039,dry_jf,366.78840132412165,1.0,4.0,3,train,False
Baringo,2018-06-01,2018,6,1,1,Minimal,0.0,1.0012764736000923,0.9999729452877796,1.80537327824948,1.0123494443254573,1.2248581563088132,-0.175411725345922,74.56129455849371,12.69044893545243,19.732627499369645,54.82866705912407,dry_jjas,407.6410955536569,1.0,4.0,3,train,True
Bomet,2018-06-01,2018,6,1,1,Minimal,0.0,1.0,0.9999591445882084,2.045100373299902,0.7808896216214056,0.6624755424883927,-0.390830564228196,31.527438645863672,16.41791730185892,59.23101486433406,-27.703576218470385,dry_jjas,705.0356352221398,1.0,4.0,3,train,False
Bungoma,2018-06-01,2018,6,1,1,Minimal,0.0,1.0,0.9970207416060456,1.2278542729228767,0.4798034653430598,0.3450109205338454,-0.7824869234543799,43.660222988995045,0.0,2.752249466181845,40.9079735228132,dry_jjas,684.143518918554,1.0,4.0,3,train,False
Busia,2018-06-01,2018,6,1,1,Minimal,0.0,1.0,0.914162035136638,1.351539773125262,0.6270996601944645,0.071456393233509,-0.8241595971053389,61.72148704867521,0.0,8.320820097894188,53.400666950781016,dry_jjas,504.89251568895395,1.0,4.0,3,train,False
Elgeyo-Marakwet,2018-06-01,2018,6,1,1,Minimal,0.0,1.0,0.9999517855761754,1.3270526100268762,0.454769882963677,0.9619859877238488,-0.5142150963264035,57.69239899245207,0.0,22.556625836931996,35.13577315552007,dry_jjas,424.00498148048365,1.0,4.0,3,train,False
Embu,2018-06-01,2018,6,1,1,Minimal,0.0,1.0,0.9999726484073956,1.877528531793584,1.1997750620926215,0.4610674058997914,-0.3958767422500438,70.75336082000256,4.771036482196092,4.989513428188944,65.76384739181361,dry_jjas,401.4457023614595,2.0,4.0,3,train,False
Garissa,2018-06-01,2018,6,1,1,Minimal,2.7710245634647016e-05,1.201392327456651,0.9994779163012129,2.306781317673526,2.136785319206206,0.2990866054466825,-0.5491352339007544,66.64724798104282,0.0,0.0,66.64724798104282,dry_jjas,210.6771075185111,3.0,4.0,3,train,False
Homa Bay,2018-06-01,2018,6,1,1,Minimal,0.0,1.0,0.6628357436647451,0.5799760731299901,-0.0811625415959427,-0.4288104846504389,-0.8475103637874439,52.5282047604852,12.268948799966418,0.0,52.5282047604852,dry_jjas,658.3122810444571,1.0,4.0,3,train,False
Isiolo,2018-06-01,2018,6,1,1,Minimal,9.035554237794826e-06,1.3542424366630232,0.9999683040485072,2.642701210011253,2.309309363178841,0.7429028361785673,-0.820196718142289,100.0,0.0,0.0,100.0,dry_jjas,121.15801476654195,3.0,4.0,3,train,False
Kajiado,2018-06-01,2018,6,1,1,Minimal,0.0,1.0,0.9866503538026764,2.442968167413183,1.7586866906369356,0.8612070825261253,-0.381148911876339,68.85992409958119,3.5651367677447547,12.030229053307576,56.82969504627361,dry_jjas,244.0590119973267,3.0,4.0,3,train,False
Kakamega,2018-06-01,2018,6,1,1,Minimal,0.0,1.0,0.9998432712295532,1.2860910713726952,0.5048929496848829,0.3920617450035017,-0.7213452500386619,67.326730096226,4.12133247880735,14.027331022334408,53.29939907389159,dry_jjas,521.962946970816,1.0,4.0,3,train,False
Kericho,2018-06-01,2018,6,1,1,Minimal,0.0,1.0,0.9999526229648776,1.755652715906476,0.6216737675645505,0.6287707795276757,-0.5308553231318278,54.5715171074164,0.0,30.211783586070897,24.3597335213455,dry_jjas,577.6437811642602,1.0,4.0,3,train,False
Kiambu,2018-06-01,2018,6,1,1,Minimal,0.0,1.0,0.9998305741952528,2.0384202572510475,1.1732273451456146,0.5450887520325407,-0.701656743863281,49.69105687343217,21.228914673151586,32.108569383931,17.58248748950117,dry_jjas,365.1581675938478,1.0,4.0,3,train,False
Kilifi,2018-06-01,2018,6,1,1,Minimal,0.0,1.0,0.9941889022288122,1.4656391557655046,0.9836956061359816,0.3759255737919872,0.3040191860647038,75.19635426028654,13.048543204236296,13.950314032392432,61.246040227894106,dry_jjas,485.9236308469297,2.0,4.0,3,train,False
Kirinyaga,2018-06-01,2018,6,1,1,Minimal,0.0,1.0,0.999907421621526,1.889674367088361,1.063307324728887,0.3563644759271208,-0.495314100051557,42.90530003210131,30.16189322601233,34.59698492645028,8.308315105651026,dry_jjas,523.427425427593,1.0,4.0,3,train,False
Kisii,2018-06-01,2018,6,1,1,Minimal,0.0,1.0,0.9995821721572732,1.2432501332146804,0.2168910480583591,0.088318357068628,-0.506589743977243,49.51969319926701,0.0,41.28812719045221,8.231566008814802,dry_jjas,771.8724273402603,1.0,4.0,3,train,False
Kisumu,2018-06-01,2018,6,1,1,Minimal,0.0,1.0,0.7829061444141889,1.5868916458110645,0.4978420787759441,0.3409735270677789,-0.6546266811218246,62.88306003531602,0.0,0.0,62.88306003531602,dry_jjas,650.4965825795291,1.0,4.0,3,train,False
Kitui,2018-06-01,2018,6,1,1,Minimal,0.0,1.0000039313980478,0.999974023606502,2.101629596670766,1.6293488554941706,0.0102835293837652,-1.049983550271732,69.01891912386412,0.0,0.0,69.01891912386412,dry_jjas,350.0498777837523,2.0,4.0,3,train,False
Kwale,2018-06-01,2018,6,1,1,Minimal,0.0,1.0,0.9912639533016692,1.975991851189002,1.1592952417199465,0.9323942819445384,0.6758859502463438,81.53282811772036,25.99301056089072,33.397867806969394,48.13496031075096,dry_jjas,461.4118591660762,1.0,4.0,3,train,False
Laikipia,2018-06-01,2018,6,1,1,Minimal,0.0,1.0,0.9999849939485792,2.106940803626711,1.2538902158366323,1.081933621353706,-0.4684869916923774,61.20948969632754,3.950868105611794,11.826082503814511,49.383407192513026,dry_jjas,378.6133408439104,2.0,4.0,3,train,False
Lamu,2018-06-01,2018,6,1,1,Minimal,0.0,1.0038874100092874,0.9772908784413918,1.2578420895505786,1.067775978913046,-0.3899705543840598,-1.0336223139744138,57.52281619367053,9.798832781660796,0.0,57.52281619367053,dry_jjas,394.8891092289726,2.0,4.0,3,train,False
Machakos,2018-06-01,2018,6,1,1,Minimal,0.0,1.0,0.9999301224968772,2.0338631169067,1.220833941057379,0.1997514683301731,-0.844374860834804,69.30575661050737,7.379406191994505,12.719885223003262,56.58587138750411,dry_jjas,347.0698296320569,1.0,4.0,3,train,False
Makueni,2018-06-01,2018,6,1,1,Minimal,0.0,1.0,0.9999538567854904,2.1557153434744225,1.388005449830251,0.170357748694789,-0.8363536613872572,63.32854362757514,10.875920057422128,19.241388630675733,44.0871549968994,dry_jjas,210.84898907247097,2.0,4.0,3,train,False
Mandera,2018-06-01,2018,6,1,1,Minimal,0.0,1.0271392075607624,0.9934882032250836,1.6315441706032734,1.6985493825273723,1.0021323223192689,0.7268871808675266,69.26925282982019,11.327524426450651,3.753963907071257,65.51528892274894,dry_jjas,147.72597818452132,3.0,4.0,3,train,False
Marsabit,2018-06-01,2018,6,1,1,Minimal,0.0,1.2223726945264235,0.933784182899158,2.2190463895374246,1.762935434673607,1.2560901605075476,-0.183777783046477,100.0,16.644509276855455,6.747944723315244,93.25205527668476,dry_jjas,183.11284628508548,2.0,4.0,3,train,True
Meru,2018-06-01,2018,6,1,1,Minimal,0.0,1.0,0.9998893642983472,2.263783129867216,1.48252188452614,0.4860450886382867,-0.6916079077112827,69.48873601196645,5.815953262962425,0.0,69.48873601196645,dry_jjas,469.95952152110806,1.0,4.0,3,train,False
Migori,2018-06-01,2018,6,1,1,Minimal,0.0,1.0,0.8093394361863654,0.4981928882363579,0.0635209380412094,-0.2052063112330561,-0.5370580018759805,51.52996852593744,5.580163293197212,20.1787610083999,31.351207517537542,dry_jjas,460.4970135975702,1.0,4.0,3,train,False
Mombasa,2018-06-01,2018,6,1,1,Minimal,0.0,1.0,0.945430610879302,1.3274806656280032,0.7972332943729552,0.8969547111421683,1.3140483464820392,98.280946971001,35.18360396058441,35.01196638679512,63.26898058420588,dry_jjas,339.4545465241538,1.0,4.0,3,train,False
Murang'a,2018-06-01,2018,6,1,1,Minimal,0.0,1.0,0.9998960447776898,1.9797650357723315,1.2668464629367304,0.5645400962261727,-0.498682165788274,59.06229068535652,14.163961771044567,13.050716556964185,46.01157412839234,dry_jjas,600.9606534616394,1.0,4.0,3,train,False
Nairobi,2018-06-01,2018,6,1,1,Minimal,0.0,1.0,0.9993429938196526,2.064860946695383,1.1005525622645589,0.3847476479641815,-0.8475169341526108,64.81942828416324,7.263216839610942,16.465831419533355,48.35359686462988,dry_jjas,349.07589029272395,1.0,4.0,3,train,False
Nakuru,2018-06-01,2018,6,1,1,Minimal,0.0,1.0,0.9758499055944192,2.007911844551481,1.1211632325205567,0.8826330893926007,-0.2906812064243534,57.84184747724242,5.596268680004194,20.52280638496508,37.31904109227734,dry_jjas,337.82261196850334,1.0,4.0,3,train,False
Nandi,2018-06-01,2018,6,1,1,Minimal,0.0,1.0,0.9998151603533766,1.5709582519377856,0.6646696709316253,0.9285064163701698,-0.3581486777275233,54.845621912780345,13.034570313538872,37.99897909061395,16.846642822166395,dry_jjas,636.3375639959971,1.0,4.0,3,train,False
Narok,2018-06-01,2018,6,1,1,Minimal,0.0,1.0,0.9926648706761424,2.491987919399492,1.4938807435989705,0.9695586689224898,-0.1634263638177964,65.50555428199944,23.336681334890443,49.44733682704532,16.058217454954118,dry_jjas,449.4351533314782,2.0,4.0,3,train,False
Nyamira,2018-06-01,2018,6,1,1,Minimal,0.0,1.0,0.999826225293629,1.507001924271441,0.2631891614863658,0.2220985531415476,-0.5020191114852707,43.67412300953277,2.9180171999300226,51.49989732202812,-7.825774312495348,dry_jjas,707.0676224501927,1.0,4.0,3,train,False
Nyandarua,2018-06-01,2018,6,1,1,Minimal,0.0,1.0,0.9998954460054942,2.093214602864162,1.234331575645311,0.953170774948332,-0.4203266478351862,49.70165634478238,10.55202200617322,36.91500815408405,12.78664819069833,dry_jjas,478.59632261521887,1.0,4.0,3,train,False
Nyeri,2018-06-01,2018,6,1,1,Minimal,0.0,1.0,0.9998683591640218,2.254736617371482,1.1417597795849144,0.584860382566055,-0.6150815330843495,21.174991199955347,0.0,18.626566430880477,2.5484247690748703,dry_jjas,596.5685209899478,1.0,4.0,3,train,False
Samburu,2018-06-01,2018,6,1,1,Minimal,0.0,1.001524467023262,0.9998984255574848,2.055668332136786,1.5065246826538818,1.2127122887854251,-0.4348454690232715,81.51304196119517,9.80145587375077,10.668659425467489,70.84438253572768,dry_jjas,233.37064745956647,2.0,4.0,3,train,True
Siaya,2018-06-01,2018,6,1,1,Minimal,0.0,1.0,0.7130635075059107,1.0000068601016117,0.4368723012901633,-0.0973162688396571,-1.011430979390525,60.20263042343621,4.844465744104954,0.0,60.20263042343621,dry_jjas,703.9110029852106,1.0,4.0,3,train,False
Taita Taveta,2018-06-01,2018,6,1,1,Minimal,0.0,1.0,0.996678387201969,2.2837034839389467,1.5673379799701783,0.6637397396400021,-0.262125319331276,65.9401151535282,1.5245962976913408,8.714141182709499,57.2259739708187,dry_jjas,337.281834884778,2.0,4.0,3,train,False
Tana River,2018-06-01,2018,6,1,1,Minimal,0.0500027799312209,1.2984171442959,0.9998503051966292,2.136273432056476,1.8740114699445507,0.1685852462786723,-0.931772002418485,81.58553243937436,0.0,0.0,81.58553243937436,dry_jjas,208.9215702880231,2.0,4.0,3,train,False
Tharaka-Nithi,2018-06-01,2018,6,1,1,Minimal,0.0,1.0,0.999973025042614,2.0031779109558414,1.3402723801012366,0.4225968367678717,-0.3881169119177632,52.856976612291824,2.4182495659273395,0.0,52.856976612291824,dry_jjas,386.5660928989662,2.0,4.0,3,train,False
Trans Nzoia,2018-06-01,2018,6,1,1,Minimal,0.0,1.0,0.9977780064560036,1.3217030102022918,0.5610179954453755,1.14073448011029,-0.4596623489514858,52.04400574078437,5.325563839291033,10.100488184958204,41.94351755582617,dry_jjas,575.422482832226,1.0,4.0,3,train,False
Turkana,2018-06-01,2018,6,1,1,Minimal,0.0,1.178119873566163,0.9601611531053416,2.0903316393048343,1.7968994826254374,1.6104936562448178,-0.4578567496321913,50.72054681606966,16.91844998237186,22.05078159618818,28.669765219881477,dry_jjas,134.93439886021372,3.0,4.0,3,train,True
Uasin Gishu,2018-06-01,2018,6,1,1,Minimal,0.0,1.0,0.9999480360329528,1.3032558657533104,0.4983717406211733,0.8019541609968684,-0.6415645256683403,64.68472902653957,12.193270527575594,35.120540616948134,29.564188409591438,dry_jjas,466.5756532543863,1.0,4.0,3,train,False
Vihiga,2018-06-01,2018,6,1,1,Minimal,0.0,1.0,0.9998193553745116,1.5555602930232146,0.7960255176357873,0.6189551025259011,-0.4772103078988648,68.056315431478,25.943058076583995,21.86430769759811,46.19200773387989,dry_jjas,638.2354464495623,1.0,4.0,3,train,False
Wajir,2018-06-01,2018,6,2,2,Stressed,0.0,1.9992107164002184,0.999645050191986,2.1799391688232563,2.100445087884818,0.698360260751073,0.2003213353668942,81.65567433243878,11.572406959677464,4.601476361163493,77.05419797127529,dry_jjas,220.92597534518788,2.0,4.0,3,train,True
West Pokot,2018-06-01,2018,6,1,1,Minimal,0.0,1.0000006155948602,0.9926708452112756,1.4641738195936072,0.8534514994957436,1.482135841499382,-0.3078985926735541,62.80384060498886,13.786208844542935,20.09489670284392,42.70894390214494,dry_jjas,366.78840132412165,2.0,4.0,3,train,False
Baringo,2018-12-01,2018,12,1,1,Minimal,0.0,1.4030805453274384,0.999984344827388,-0.8478543271536891,-0.614268179746969,2.649055643089356,3.1450716413290585,66.68299820175405,68.97190686390188,83.63023451967143,-16.947236317917387,short_rains,407.6410955536569,1.0,6.0,3,train,True
Bomet,2018-12-01,2018,12,1,1,Minimal,0.0,1.0,0.9999591445797528,-1.355467320767433,-0.5667259738896786,2.8485505058105955,2.4440112934802087,92.15774085915204,26.195959393156755,68.5260444681695,23.63169639098254,short_rains,705.0356352221398,1.0,6.0,3,train,False
Bungoma,2018-12-01,2018,12,1,1,Minimal,0.0,1.0,0.9970207416060456,-0.8950975777524667,-0.6950461758689533,1.9418629310427789,1.9419571362092207,56.21626684547595,59.69258585448307,39.83544846603095,16.380818379445003,short_rains,684.143518918554,1.0,6.0,3,train,False
Busia,2018-12-01,2018,12,1,1,Minimal,0.0,1.0,0.9141620351366326,-1.409713135613795,-1.3338810235512792,0.911838821052171,1.0316647468126423,31.276567789249142,38.81893725695127,47.13319926003412,-15.856631470784976,short_rains,504.89251568895395,1.0,6.0,3,train,False
Elgeyo-Marakwet,2018-12-01,2018,12,1,1,Minimal,0.0,1.002897735743547,0.9999529587040916,-1.118823506663063,-0.2454368582766808,2.951158475301167,3.148179827693838,72.36549446837982,35.53215606617179,51.97550344975471,20.38999101862511,short_rains,424.00498148048365,1.0,6.0,3,train,False
Embu,2018-12-01,2018,12,1,1,Minimal,0.0,1.000006174930676,0.9999726484073932,1.646391400179568,1.215513770430419,2.5519427597735387,1.6210194701387508,91.93423162430192,35.76923685932775,100.0,-8.065768375698084,short_rains,401.4457023614595,1.0,6.0,3,train,False
Garissa,2018-12-01,2018,12,2,2,Stressed,0.0,1.9769091279810795,0.9994683527553622,0.1975238756586123,0.1722104669980727,2.358532845573233,1.9583330439020543,54.50930434174375,73.3367495234048,100.0,-45.49069565825625,short_rains,210.6771075185111,1.0,6.0,3,train,False
Homa Bay,2018-12-01,2018,12,1,1,Minimal,0.0,1.0,0.662835743664745,-0.9729810165280888,-0.6145261668249552,1.7670853952518908,1.315182613874032,37.6054698669257,46.90969098340837,53.67314396033724,-16.06767409341154,short_rains,658.3122810444571,1.0,6.0,3,train,False
Isiolo,2018-12-01,2018,12,2,2,Stressed,0.0,1.999628372830561,0.9999614613791876,2.165051559076918,1.036926379297059,1.8241123234427228,0.6206372045302795,100.0,100.0,100.0,0.0,short_rains,121.15801476654195,1.0,6.0,3,train,False
Kajiado,2018-12-01,2018,12,1,1,Minimal,0.0,1.3535339981449663,0.9866551215963256,0.7563407745642091,1.8466390347171815,2.510079122662168,1.3545727521810265,89.7132061963258,100.0,100.0,-10.2867938036742,short_rains,244.0590119973267,1.0,6.0,3,train,False
Kakamega,2018-12-01,2018,12,1,1,Minimal,0.0,1.0,0.999843271229553,-1.149234221972281,-0.841650819448937,2.0262425136747604,1.9754759659193255,23.471843290343838,41.84459946696308,41.4572161022007,-17.98537281185686,short_rains,521.962946970816,1.0,6.0,3,train,False
Kericho,2018-12-01,2018,12,1,1,Minimal,0.0,1.0,0.9999526229648772,-1.4761363423453586,-0.7287311268986781,3.140294451177934,3.110869838927212,44.90247118700622,34.14321566873474,87.84592830722845,-42.94345712022223,short_rains,577.6437811642602,1.0,6.0,3,train,False
Kiambu,2018-12-01,2018,12,1,1,Minimal,0.0,1.0010278093838136,0.9998318358451644,0.4087823750065386,2.6240190071538425,3.2800139025360053,2.834949112372537,87.01973507071642,38.62842863922915,86.37605328806018,0.6436817826562446,short_rains,365.1581675938478,1.0,6.0,3,train,False
Kilifi,2018-12-01,2018,12,1,1,Minimal,0.0,1.0026545860559617,0.9941917902689664,1.390451119558173,2.1139663113404583,2.0351421061539123,1.6565452622044747,54.53795583911039,26.425202715714818,57.460065917380106,-2.922110078269718,short_rains,485.9236308469297,1.0,6.0,3,train,False
Kirinyaga,2018-12-01,2018,12,1,1,Minimal,0.0,1.000015502378106,0.9999074216214424,1.6262282283883345,1.4934812945297722,3.077278382267524,2.6011804490318786,100.0,33.65561392125859,79.232423726895,20.767576273105007,short_rains,523.427425427593,1.0,6.0,3,train,False
Kisii,2018-12-01,2018,12,1,1,Minimal,0.0,1.0,0.9995821721572732,-1.3591950739270489,-0.8455334394438951,1.16642486081997,0.9386749885582945,52.44885528792649,60.08952039540161,94.0462551010814,-41.59739981315491,short_rains,771.8724273402603,1.0,6.0,3,train,False
Kisumu,2018-12-01,2018,12,1,1,Minimal,0.0,1.0,0.782906144414189,-1.2401518489285697,-0.8759699371260318,2.453886529481397,1.587989083026093,39.57413700159486,42.049706271110544,86.36695411337084,-46.792817111775975,short_rains,650.4965825795291,1.0,6.0,3,train,False
Kitui,2018-12-01,2018,12,1,1,Minimal,0.0,1.0004103029377842,1.0000138028372103,1.389960153065724,2.5959858581348696,2.651408514080095,0.8416689011788412,76.67383431329144,100.0,94.0281368134467,-17.354302500155256,short_rains,350.0498777837523,1.0,6.0,3,train,False
Kwale,2018-12-01,2018,12,1,1,Minimal,0.0,1.0,0.9912639533016688,3.3953571191448075,2.6564992809779087,2.0119443517706825,1.3480727248804572,58.74598884749936,44.29763444896216,70.53842836948648,-11.79243952198712,short_rains,461.4118591660762,1.0,6.0,3,train,False
Laikipia,2018-12-01,2018,12,1,1,Minimal,0.0,1.0643428687394545,1.000041290541423,0.1241846353640912,-0.3077272965914102,2.941047952470805,3.410479049036158,52.33852538836392,65.08737966596337,89.83271467907316,-37.494189290709244,short_rains,378.6133408439104,1.0,6.0,3,train,False
Lamu,2018-12-01,2018,12,2,2,Stressed,0.0,1.985499942588752,0.977248259021535,-0.8006098826794753,-0.6224332613971164,1.3812006496218985,1.3954931656121283,92.64686301475656,76.46191892861458,100.0,-7.353136985243438,short_rains,394.8891092289726,1.0,6.0,3,train,False
Machakos,2018-12-01,2018,12,1,1,Minimal,0.0,1.000035658662376,0.9999301225275004,0.8671880508093401,2.608388047443712,2.6371967217739654,1.6856747044413094,85.97473669009642,100.0,100.0,-14.025263309903579,short_rains,347.0698296320569,1.0,6.0,3,train,False
Makueni,2018-12-01,2018,12,2,2,Stressed,0.0,1.5414309205828918,0.9999573840658262,2.0560877056942823,3.220089648813853,2.472398526210301,0.8246578788417931,100.0,100.0,100.0,0.0,short_rains,210.84898907247097,1.0,6.0,3,train,False
Mandera,2018-12-01,2018,12,2,2,Stressed,0.0,2.0,0.9934829486429024,1.5116153088546171,1.679340056628911,1.8349219762972275,0.6516195987448317,51.61307567855434,64.82910429242663,59.19853975032557,-7.585464071771234,short_rains,147.72597818452132,1.0,6.0,3,train,False
Marsabit,2018-12-01,2018,12,2,2,Stressed,0.0,2.0,0.9337761009249728,1.6672741541419902,0.2079380597408111,1.899914875167929,0.6596564989884492,100.0,82.90912450221843,100.0,0.0,short_rains,183.11284628508548,1.0,6.0,3,train,True
Meru,2018-12-01,2018,12,1,1,Minimal,0.0,1.230176242249032,0.999905007336138,1.5158059926212328,0.6052090904734013,2.567911222128888,1.8107283187847245,86.21508886076657,95.48487418528096,100.0,-13.78491113923343,short_rains,469.95952152110806,1.0,6.0,3,train,False
Migori,2018-12-01,2018,12,1,1,Minimal,0.0,1.0,0.8093394357090582,-1.195699835568707,-0.8349369676126398,1.5103414803171096,1.3080944998790018,19.34075711818132,27.411299702053192,43.40206785885424,-24.06131074067292,short_rains,460.4970135975702,1.0,6.0,3,train,False
Mombasa,2018-12-01,2018,12,1,1,Minimal,0.0,1.0,0.945430610879302,3.13044477252857,2.570812522299101,1.677444896620878,1.3883975147189465,56.00942994821485,26.093127366961696,40.69318184205607,15.316248106158781,short_rains,339.4545465241538,1.0,6.0,3,train,False
Murang'a,2018-12-01,2018,12,1,1,Minimal,0.0,1.0,0.9998960447776898,0.5472807932442418,2.02736012673071,3.679395663887257,3.140165429634902,100.0,39.848588281810905,82.09477005834691,17.90522994165309,short_rains,600.9606534616394,1.0,6.0,3,train,False
Nairobi,2018-12-01,2018,12,1,1,Minimal,0.0,1.0,0.999342993819312,0.6116541862857132,2.645596832571177,2.41549201906035,2.0155470632107413,75.18849349277254,43.06140936004803,83.03846482573591,-7.849971332963378,short_rains,349.07589029272395,1.0,6.0,3,train,False
Nakuru,2018-12-01,2018,12,1,1,Minimal,0.0,1.0,0.9758499055944192,-0.5794574697048606,-0.0881898202726154,3.384078573582881,3.6893006546589895,72.82473680121079,68.07234205016564,88.99006168919496,-16.16532488798417,short_rains,337.82261196850334,1.0,6.0,3,train,False
Nandi,2018-12-01,2018,12,1,1,Minimal,0.0,1.0,0.9998151603528128,-1.1447590584904477,-0.5701849855490658,2.852421434073272,2.420791614476673,41.89646226078309,42.87003516664704,56.87446569891132,-14.978003438128233,short_rains,636.3375639959971,1.0,6.0,3,train,False
Narok,2018-12-01,2018,12,1,1,Minimal,0.0,1.0001312284969692,0.992664870675866,-1.0209054873596028,0.9347999888056252,4.024865596108312,2.309708285091484,64.11652388703682,76.78270296670598,93.33412002555151,-29.217596138514693,short_rains,449.4351533314782,1.0,6.0,3,train,False
Nyamira,2018-12-01,2018,12,1,1,Minimal,0.0,1.0,0.999826225293629,-1.3309130113581429,-1.1773263093057451,1.425354075596551,1.0589834469641324,51.70936278606583,47.74347698994668,97.8621437143632,-46.15278092829737,short_rains,707.0676224501927,1.0,6.0,3,train,False
Nyandarua,2018-12-01,2018,12,1,1,Minimal,0.0,1.0009152926955351,0.999895446005605,-0.0013638111860122,0.231917429150408,3.454578316603274,3.4872196791842227,80.13601822524367,50.51579232021536,81.52962782529221,-1.393609600048535,short_rains,478.59632261521887,1.0,6.0,3,train,False
Nyeri,2018-12-01,2018,12,1,1,Minimal,0.0,1.0059993790962796,0.999884588422221,0.8266350049217932,0.7073779750772068,3.002696885675402,2.3977716463966394,84.85561664377757,46.57017712274802,71.74014105903788,13.115475584739684,short_rains,596.5685209899478,1.0,6.0,3,train,False
Samburu,2018-12-01,2018,12,2,2,Stressed,0.0,1.804867462936009,0.9999030070946312,-0.0206297125432688,-0.4787119423776108,2.598329515883142,2.8887251242133667,53.36148507238304,59.59168768077077,93.79284804549091,-40.43136297310787,short_rains,233.37064745956647,1.0,6.0,3,train,True
Siaya,2018-12-01,2018,12,1,1,Minimal,0.0,1.0,0.7130635075059107,-1.4419013472895,-1.0576888028399771,1.2536355699506172,0.9561391803621236,68.5109883458377,72.68523122215863,79.04586862198305,-10.534880276145344,short_rains,703.9110029852106,1.0,6.0,3,train,False
Taita Taveta,2018-12-01,2018,12,1,1,Minimal,0.0,1.0007523106734126,0.9966783869663584,1.716440474060524,2.075760922708369,2.09459564979095,0.9339466613250788,66.39536167738557,75.73785973884227,83.24241505405506,-16.847053376669493,short_rains,337.281834884778,1.0,6.0,3,train,False
Tana River,2018-12-01,2018,12,2,2,Stressed,0.0,1.9946676040459537,0.9998371256400296,0.6349223692165934,1.563285479893893,2.65815843267646,2.4813528914196605,63.82184984089992,89.19371394659542,93.69014906841645,-29.868299227516523,short_rains,208.9215702880231,1.0,6.0,3,train,False
Tharaka-Nithi,2018-12-01,2018,12,1,1,Minimal,0.0,1.00001108025982,0.999973025042614,1.4411317975979858,0.703374778851807,2.440141655245484,1.2463162258354772,90.92444939412252,62.88677235609229,73.29482484755151,17.62962454657101,short_rains,386.5660928989662,1.0,6.0,3,train,False
Trans Nzoia,2018-12-01,2018,12,1,1,Minimal,0.0,1.0040020921807145,0.9977844089794712,-0.7720371352468721,0.22739595795212,3.333727542736801,3.6207796560978447,47.69843723567423,38.45767083185306,48.58598785981265,-0.8875506241384201,short_rains,575.422482832226,1.0,6.0,3,train,False
Turkana,2018-12-01,2018,12,2,2,Stressed,0.0,1.978067905515098,0.9601558585378815,-0.7095742088202932,-0.6002097141591227,2.40282544221034,1.2949513812163735,46.64729520784773,48.043535386800414,60.75676277072091,-14.109467562873178,short_rains,134.93439886021372,1.0,6.0,3,train,True
Uasin Gishu,2018-12-01,2018,12,1,1,Minimal,0.0,1.0,0.9999480360329528,-1.097683179039934,-0.1042634512534903,3.3771653979415706,3.458420518337592,46.06863700017527,70.2912652451409,52.71378169518048,-6.645144695005207,short_rains,466.5756532543863,1.0,6.0,3,train,False
Vihiga,2018-12-01,2018,12,1,1,Minimal,0.0,1.0,0.9998193553745144,-1.2688175897705944,-1.0931642106523132,1.328045727359485,1.25603781663999,39.97087988374462,63.95719547643014,54.83438373837184,-14.863503854627218,short_rains,638.2354464495623,1.0,6.0,3,train,False
Wajir,2018-12-01,2018,12,2,2,Stressed,0.0,2.0,0.9996281763295088,0.1081164912208002,0.7596687842806773,1.5705860767445488,1.3210306313241231,99.52911603604754,100.0,100.0,-0.4708839639524598,short_rains,220.92597534518788,2.0,6.0,3,train,True
West Pokot,2018-12-01,2018,12,2,2,Stressed,0.0,1.5674394774088425,0.992676144225466,-1.3672155079589776,-0.3252830437692785,2.9340289715094645,2.5211158336704798,58.82817529322899,64.16472412053507,79.70354503149201,-20.875369738263025,short_rains,366.78840132412165,1.0,6.0,3,train,False
Baringo,2019-02-01,2019,2,1,1,Minimal,0.0,1.409273168136767,0.999977782690452,-1.1974256228007576,-1.4158561050593097,0.3261171407136078,-0.614268179746969,33.96367444061642,53.62691632534728,66.68299820175405,-32.71932376113762,dry_jf,407.6410955536569,1.0,2.0,3,train,True
Bomet,2019-02-01,2019,2,1,1,Minimal,0.0,1.0,0.9999591445882084,-0.2838992202567199,-0.4416297114001848,0.483321090150255,-0.5667259738896786,43.2358558397191,56.68601442155013,92.15774085915204,-48.92188501943294,dry_jf,705.0356352221398,1.0,2.0,3,train,False
Bungoma,2019-02-01,2019,2,1,1,Minimal,0.0,1.0,0.9970207416060456,-0.9876663345048108,-1.503183185660432,-0.7062017015761329,-0.6950461758689533,52.86126819408797,60.68914063158898,56.21626684547595,-3.35499865138798,dry_jf,684.143518918554,1.0,2.0,3,train,False
Busia,2019-02-01,2019,2,1,1,Minimal,0.0,1.0,0.914162035136638,-0.8382684931130205,-0.9666940227916584,-0.9019376592066756,-1.3338810235512792,5.18684074402018,40.25569227677288,31.276567789249142,-26.089727045228962,dry_jf,504.89251568895395,1.0,2.0,3,train,False
Elgeyo-Marakwet,2019-02-01,2019,2,1,1,Minimal,0.0,1.0033769993733028,0.9999600733550672,-1.555585825773605,-1.5503577668905812,0.1446857863642745,-0.2454368582766808,63.36199315826856,65.85699959893154,72.36549446837982,-9.003501310111261,dry_jf,424.00498148048365,1.0,2.0,3,train,False
Embu,2019-02-01,2019,2,1,1,Minimal,0.0,1.0010373646871171,0.9999727149136658,-0.8567566796734086,-1.1507243844725157,-0.9133877838829436,1.215513770430419,45.060176333952406,44.25436336073598,91.93423162430192,-46.87405529034951,dry_jf,401.4457023614595,1.0,2.0,3,train,False
Garissa,2019-02-01,2019,2,2,2,Stressed,0.0,2.0,0.9994639736822264,-1.2400911974442683,-0.8920796851887586,-0.5974401663003231,0.1722104669980727,18.368986830914608,35.95827219084305,54.50930434174375,-36.14031751082914,dry_jf,210.6771075185111,2.0,2.0,3,train,False
Homa Bay,2019-02-01,2019,2,1,1,Minimal,0.0,1.0,0.6628357436647451,-0.5768109185395031,0.1766416533381162,0.4356553378299483,-0.6145261668249552,23.72105775852011,52.08156538937938,37.6054698669257,-13.884412108405591,dry_jf,658.3122810444571,1.0,2.0,3,train,False
Isiolo,2019-02-01,2019,2,2,2,Stressed,0.0,1.9998806818054955,0.9999614613791968,-0.858721909551103,-0.9536995361580052,-0.8696570365071199,1.036926379297059,13.855643645989645,48.92624441840565,100.0,-86.14435635401036,dry_jf,121.15801476654195,2.0,2.0,3,train,False
Kajiado,2019-02-01,2019,2,2,2,Stressed,0.0,1.6504514514603872,0.9866531151747178,-0.6359406776575998,-0.5724990336956042,-0.4398994453657677,1.8466390347171815,28.500922395059423,67.47284931455575,89.7132061963258,-61.21228380126638,dry_jf,244.0590119973267,1.0,2.0,3,train,False
Kakamega,2019-02-01,2019,2,1,1,Minimal,0.0,1.0,0.9998432712295532,-1.3804236947385342,-1.1049324614354683,-0.4030990110099885,-0.841650819448937,18.093876822973435,53.86086778519434,23.471843290343838,-5.377966467370403,dry_jf,521.962946970816,1.0,2.0,3,train,False
Kericho,2019-02-01,2019,2,1,1,Minimal,0.0,1.0,0.9999526229648772,-0.4408329809417105,-0.2866783341442243,1.1387149509635397,-0.7287311268986781,36.12276417365959,43.48653065787855,44.90247118700622,-8.77970701334663,dry_jf,577.6437811642602,1.0,2.0,3,train,False
Kiambu,2019-02-01,2019,2,1,1,Minimal,0.0,1.001036389650512,0.9998318358451644,-0.6704533846434627,-0.7674183519626568,0.5277503660403975,2.6240190071538425,39.53758362779146,65.04906638684842,87.01973507071642,-47.48215144292496,dry_jf,365.1581675938478,1.0,2.0,3,train,False
Kilifi,2019-02-01,2019,2,2,2,Stressed,0.0,1.7867460357960596,0.9942079983445016,-0.9537013184050782,0.8011976537722013,1.3447027692597795,2.1139663113404583,69.35081269608725,48.64153366774788,54.53795583911039,14.812856856976858,dry_jf,485.9236308469297,1.0,2.0,3,train,False
Kirinyaga,2019-02-01,2019,2,1,1,Minimal,0.0,1.0000357004800202,0.9999074216214416,-0.4774067444999316,-0.6596900279505091,0.1329732512779391,1.4934812945297722,99.91254945662234,81.53365609502322,100.0,-0.08745054337765623,dry_jf,523.427425427593,1.0,2.0,3,train,False
Kisii,2019-02-01,2019,2,1,1,Minimal,0.0,1.0,0.9995821721572732,-0.2950120394028925,0.128809210715074,0.1004420267396332,-0.8455334394438951,69.690986407272,54.93476370995342,52.44885528792649,17.242131119345515,dry_jf,771.8724273402603,1.0,2.0,3,train,False
Kisumu,2019-02-01,2019,2,1,1,Minimal,0.0,1.0,0.7829061444141889,-0.692074001280632,0.2845733249711726,0.5207818164734982,-0.8759699371260318,40.31158935325107,46.61999038162904,39.57413700159486,0.7374523516562093,dry_jf,650.4965825795291,1.0,2.0,3,train,False
Kitui,2019-02-01,2019,2,2,2,Stressed,0.0,1.87192505668924,0.9999806960673304,-1.0716649702165078,-1.0599292604784054,-0.9102451430922036,2.5959858581348696,0.0,28.058981428513963,76.67383431329144,-76.67383431329144,dry_jf,350.0498777837523,1.0,2.0,3,train,False
Kwale,2019-02-01,2019,2,2,2,Stressed,0.0,1.7795817214135905,0.9912711781892202,-0.481964025245004,1.6282880377817806,1.8109360400143304,2.6564992809779087,77.703370721491,46.94460710598496,58.74598884749936,18.957381873991636,dry_jf,461.4118591660762,1.0,2.0,3,train,False
Laikipia,2019-02-01,2019,2,2,2,Stressed,0.0,1.559002304935304,0.9999887843276124,-0.5501468773890378,-0.72849219911593,1.1974461223778858,-0.3077272965914102,8.662374665622197,42.48374628377014,52.33852538836392,-43.676150722741724,dry_jf,378.6133408439104,1.0,2.0,3,train,False
Lamu,2019-02-01,2019,2,2,2,Stressed,0.0,1.9606881562898664,0.9772482590215352,-1.2398124423282395,-0.578320993037619,0.1955081961149253,-0.6224332613971164,85.99953464332009,62.37258240607113,92.64686301475656,-6.647328371436473,dry_jf,394.8891092289726,2.0,2.0,3,train,False
Machakos,2019-02-01,2019,2,1,1,Minimal,0.0,1.0001944164401406,0.9999301225275002,-0.6966685271828351,-0.8719043313734864,-0.6538639559006165,2.608388047443712,22.423086319906663,43.09524369075419,85.97473669009642,-63.55165037018976,dry_jf,347.0698296320569,1.0,2.0,3,train,False
Makueni,2019-02-01,2019,2,2,2,Stressed,0.0,1.8236232850789764,0.9999559308274716,-0.6057401197507698,-0.478327090676647,-0.3380675648240737,3.220089648813853,28.06697336196402,54.904447301030345,100.0,-71.93302663803598,dry_jf,210.84898907247097,2.0,2.0,3,train,False
Mandera,2019-02-01,2019,2,2,2,Stressed,0.0,2.0,0.9934829486429044,-0.0312306673380273,0.2790990161856134,0.2828730835823042,1.679340056628911,50.68975712561621,31.057646635022213,51.61307567855434,-0.9233185529381274,dry_jf,147.72597818452132,2.0,2.0,3,train,False
Marsabit,2019-02-01,2019,2,2,2,Stressed,0.0,2.0,0.933776100925728,-0.7208204501064019,-0.3113418853962766,-0.297215987442404,0.2079380597408111,26.013104624013923,34.92567056362291,100.0,-73.98689537598608,dry_jf,183.11284628508548,2.0,2.0,3,train,True
Meru,2019-02-01,2019,2,1,1,Minimal,0.0,1.0063868217876983,0.9999023457853312,-0.959465048389682,-1.2721394736590663,-1.0900537900041645,0.6052090904734013,28.86530244997212,47.44588335664447,86.21508886076657,-57.34978641079445,dry_jf,469.95952152110806,1.0,2.0,3,train,False
Migori,2019-02-01,2019,2,1,1,Minimal,0.0,1.0,0.8093394361863654,-0.7949069227971916,-0.4320750902523977,-0.4291352656721348,-0.8349369676126398,13.360078269258588,60.171027852868,19.34075711818132,-5.9806788489227305,dry_jf,460.4970135975702,1.0,2.0,3,train,False
Mombasa,2019-02-01,2019,2,1,1,Minimal,0.0,1.0,0.945430610879302,-0.3588919132968063,1.6532288843433716,1.8855511225311143,2.570812522299101,59.22459491272157,71.53269880066465,56.00942994821485,3.2151649645067195,dry_jf,339.4545465241538,1.0,2.0,3,train,False
Murang'a,2019-02-01,2019,2,1,1,Minimal,0.0,1.0,0.9998960447776896,-0.413536037650881,-0.6267263656289668,0.512096503600322,2.02736012673071,70.10668318517834,84.53335197827842,100.0,-29.89331681482166,dry_jf,600.9606534616394,1.0,2.0,3,train,False
Nairobi,2019-02-01,2019,2,1,1,Minimal,0.0,1.000239301956672,0.9993429939949856,-0.530379141621197,-0.6190951195273822,0.2272911363619901,2.645596832571177,10.342421440451586,55.48673637371899,75.18849349277254,-64.84607205232095,dry_jf,349.07589029272395,1.0,2.0,3,train,False
Nakuru,2019-02-01,2019,2,1,1,Minimal,0.0,1.0000173105892736,0.9758499055944194,-0.7910630939243366,-1.250908013400177,1.0289342150935883,-0.0881898202726154,34.570827838033445,55.14735565481016,72.82473680121079,-38.253908963177345,dry_jf,337.82261196850334,1.0,2.0,3,train,False
Nandi,2019-02-01,2019,2,1,1,Minimal,0.0,1.0,0.9998151603533764,-1.2527737089369004,-0.588231083516884,0.4823740001486702,-0.5701849855490658,46.11515539076963,57.382584867489925,41.89646226078309,4.218693129986541,dry_jf,636.3375639959971,1.0,2.0,3,train,False
Narok,2019-02-01,2019,2,1,1,Minimal,0.0,1.1203773706155338,0.9926845368134688,-0.7132934988388941,-0.9235451736953528,0.7429235637299525,0.9347999888056252,3.558561318712348,60.64057228322517,64.11652388703682,-60.55796256832447,dry_jf,449.4351533314782,1.0,2.0,3,train,False
Nyamira,2019-02-01,2019,2,1,1,Minimal,0.0,1.0,0.999826225293629,-0.0892344363002638,0.2270168201467814,0.1404252750941124,-1.1773263093057451,74.41514168362671,69.28533696809443,51.70936278606583,22.705778897560883,dry_jf,707.0676224501927,1.0,2.0,3,train,False
Nyandarua,2019-02-01,2019,2,1,1,Minimal,0.0,1.0004524528776464,0.9998954682962914,-0.610774035983001,-0.7084821214286692,1.4879317136857022,0.231917429150408,49.75809501096946,69.73502636189073,80.13601822524367,-30.37792321427421,dry_jf,478.59632261521887,1.0,2.0,3,train,False
Nyeri,2019-02-01,2019,2,2,2,Stressed,0.0,1.542618854043296,0.9999111969797384,-0.20848503278303,-0.3975315447468258,0.7184700352573463,0.7073779750772068,69.8273123030282,77.29142413300438,84.85561664377757,-15.028304340749372,dry_jf,596.5685209899478,1.0,2.0,3,train,False
Samburu,2019-02-01,2019,2,2,2,Stressed,0.0,2.0,0.9998822673449894,-0.823114827847737,-0.861544966875678,-0.1547259505444466,-0.4787119423776108,13.198171252099373,40.1450989877711,53.36148507238304,-40.16331382028367,dry_jf,233.37064745956647,2.0,2.0,3,train,True
Siaya,2019-02-01,2019,2,1,1,Minimal,0.0,1.0,0.7130635075059107,-1.027174681825762,-0.2994444667193561,-0.1944964323059885,-1.0576888028399771,0.0,51.65641332761025,68.5109883458377,-68.5109883458377,dry_jf,703.9110029852106,1.0,2.0,3,train,False
Taita Taveta,2019-02-01,2019,2,2,2,Stressed,0.0,1.5548801148968168,0.9966792235069584,-0.9852104667663448,0.2432915445515649,0.4975770322822742,2.075760922708369,49.87104972757384,27.572496882393825,66.39536167738557,-16.524311949811725,dry_jf,337.281834884778,1.0,2.0,3,train,False
Tana River,2019-02-01,2019,2,2,2,Stressed,0.0,1.9998674011089053,0.999836010177741,-1.405656945034253,-0.9173424339843158,-0.4929747635944382,1.563285479893893,14.49343930594342,24.77524831097863,63.82184984089992,-49.328410534956504,dry_jf,208.9215702880231,2.0,2.0,3,train,False
Tharaka-Nithi,2019-02-01,2019,2,2,2,Stressed,0.0,1.565559833092684,1.0000040869620983,-1.1386256041920346,-1.4320311966625447,-1.3110909358140432,0.703374778851807,4.423159195702722,19.005948023588303,90.92444939412252,-86.5012901984198,dry_jf,386.5660928989662,1.0,2.0,3,train,False
Trans Nzoia,2019-02-01,2019,2,1,1,Minimal,0.0,1.0,0.9977780064560036,-1.367566095438683,-1.362182395851833,0.5398578931348683,0.22739595795212,57.129830341712605,81.97474740333271,47.69843723567423,9.431393106038378,dry_jf,575.422482832226,1.0,2.0,3,train,False
Turkana,2019-02-01,2019,2,2,2,Stressed,0.0,2.0,0.9601517567107872,-0.5822905635112714,-0.934293682889233,-0.3097400645487712,-0.6002097141591227,16.786757089890195,25.6813483626276,46.64729520784773,-29.86053811795754,dry_jf,134.93439886021372,2.0,2.0,3,train,True
Uasin Gishu,2019-02-01,2019,2,1,1,Minimal,0.0,1.0,0.9999480360329532,-1.669504065309421,-1.785969380559354,0.5595959953051142,-0.1042634512534903,32.09004002711438,39.471278980230814,46.06863700017527,-13.978596973060895,dry_jf,466.5756532543863,1.0,2.0,3,train,False
Vihiga,2019-02-01,2019,2,1,1,Minimal,0.0,1.0,0.9998193553745128,-0.91941031485883,-0.1035564801050518,-0.1896971974944881,-1.0931642106523132,62.01898122283377,64.45274674197437,39.97087988374462,22.04810133908915,dry_jf,638.2354464495623,1.0,2.0,3,train,False
Wajir,2019-02-01,2019,2,2,2,Stressed,0.0,2.0,0.9996281763295088,-0.96138095863266,-0.4088211869023062,-0.4036216797571786,0.7596687842806773,31.022469033169862,27.495423475272364,99.52911603604754,-68.50664700287768,dry_jf,220.92597534518788,2.0,2.0,3,train,True
West Pokot,2019-02-01,2019,2,2,2,Stressed,0.0,1.866622174532857,0.9926709606222024,-1.6368165449559844,-2.055408001649319,-0.1605093506857785,-0.3252830437692785,29.766235908190808,44.65652015889466,58.82817529322899,-29.06193938503818,dry_jf,366.78840132412165,2.0,2.0,3,train,False
Baringo,2019-06-01,2019,6,3,3,Crisis or worse,0.4071333097242653,2.1614134160481626,0.9999986591429504,-0.7546630457743388,-1.0929040431827886,-0.6982400724317227,-0.1632009803538564,10.981055142220171,16.7914632313568,37.34818371281296,-26.36712857059279,dry_jjas,407.6410955536569,1.0,4.0,3,train,True
Bomet,2019-06-01,2019,6,1,1,Minimal,0.0,1.0,0.9999591445797528,-1.3097920380111372,-2.088372041141947,-0.8506724784925764,-0.309297266030726,57.56373380788832,53.26184737836079,79.65147662597577,-22.087742818087456,dry_jjas,705.0356352221398,1.0,4.0,3,train,False
Bungoma,2019-06-01,2019,6,1,1,Minimal,0.0,1.0,0.9970207416060456,-0.4554456175968951,-0.9063321243058896,-1.1387077462051387,-0.8024014296648136,30.127658430977547,21.24052706506424,39.98042093148034,-9.852762500502791,dry_jjas,684.143518918554,1.0,4.0,3,train,False
Busia,2019-06-01,2019,6,1,1,Minimal,0.0,1.0,0.914162035136638,-0.2679279157957101,-0.3792984953111346,0.0191658858607366,-0.1673771520585583,38.57241311943397,17.571951634107627,47.058474590294544,-8.486061470860577,dry_jjas,504.89251568895395,1.0,4.0,3,train,False
Elgeyo-Marakwet,2019-06-01,2019,6,1,1,Minimal,0.0002364729635908,1.0008519729023844,0.9999531832842424,-0.7557690621080289,-1.2247399774781198,-1.0736681204495564,-0.6644718067896994,14.130858130057897,10.745210969281036,50.05423184959818,-35.92337371954029,dry_jjas,424.00498148048365,1.0,4.0,3,train,False
Embu,2019-06-01,2019,6,2,2,Stressed,0.0,1.7327388021201426,0.9999856347404928,-1.598672487598621,-0.7672517836339356,-0.4816949419409191,0.3171316933863645,22.972021405450857,29.202962245803267,64.2019081903545,-41.22988678490364,dry_jjas,401.4457023614595,1.0,4.0,3,train,False
Garissa,2019-06-01,2019,6,2,2,Stressed,0.4886160993210588,2.4886160993210584,0.9994912654837664,-1.2076508587715489,-0.681599632443323,0.0159364172936554,0.2578123230421142,12.78844355035706,18.687972373623342,22.654529221362115,-9.866085671005054,dry_jjas,210.6771075185111,2.0,4.0,3,train,False
Homa Bay,2019-06-01,2019,6,1,1,Minimal,0.0,1.0,0.6628357436647451,-0.6569051191518332,-0.9531627431217128,0.370900173257137,0.0594492969306284,49.544598698450834,46.828735556395685,42.648705239260686,6.895893459190148,dry_jjas,658.3122810444571,1.0,4.0,3,train,False
Isiolo,2019-06-01,2019,6,2,2,Stressed,0.3554072917197808,2.3554061449923727,0.9999649089951362,-0.7468422022165264,-0.5155344791044286,-0.1221944985867008,0.3372834908911367,13.230247963691449,18.52532465227536,20.87438904602576,-7.644141082334313,dry_jjas,121.15801476654195,2.0,4.0,3,train,False
Kajiado,2019-06-01,2019,6,2,2,Stressed,0.0,1.9308429473131024,0.98665740186772,-2.1185766720394223,-1.7856118597424029,-0.443274071759364,0.3834405058890253,10.69201618289622,18.440823049816142,37.42275267065205,-26.730736487755834,dry_jjas,244.0590119973267,2.0,4.0,3,train,False
Kakamega,2019-06-01,2019,6,1,1,Minimal,0.0,1.0,0.9998432712295532,-1.1760381505039503,-1.178299507966341,-0.6941020332647829,-0.5834670512828718,27.80142801822789,18.898809546587582,46.92485842801704,-19.123430409789147,dry_jjas,521.962946970816,1.0,4.0,3,train,False
Kericho,2019-06-01,2019,6,1,1,Minimal,0.0,1.0,0.9999526229648772,-1.5668900314400962,-2.1420043572352347,-0.7395191894429246,-0.4288525698376085,31.956206369245454,17.551751446270497,47.80626201591173,-15.850055646666274,dry_jjas,577.6437811642602,1.0,4.0,3,train,False
Kiambu,2019-06-01,2019,6,1,1,Minimal,0.0,1.0,0.9998305741952528,-1.754062152918272,-1.4068203670076982,-0.6964176183957109,0.0541760355649944,10.344060273723272,41.65075048630644,64.40576249899415,-54.06170222527088,dry_jjas,365.1581675938478,1.0,4.0,3,train,False
Kilifi,2019-06-01,2019,6,2,2,Stressed,0.0,1.999938145718068,0.9941889022287776,-1.583354931589059,-0.8558305078863845,0.4909390876224982,0.1675468208462501,8.584244773133944,24.98894430175772,23.516270552881256,-14.932025779747311,dry_jjas,485.9236308469297,2.0,4.0,3,train,False
Kirinyaga,2019-06-01,2019,6,1,1,Minimal,0.0,1.0004583846007646,0.9999074216214672,-1.5993733629445663,-0.7276113590055268,-0.352549626408028,0.5487191294315585,29.846992014169984,64.39272945727342,80.04144396633036,-50.19445195216038,dry_jjas,523.427425427593,1.0,4.0,3,train,False
Kisii,2019-06-01,2019,6,1,1,Minimal,0.0,1.0,0.9995821721572732,-0.956255792789736,-1.6534167804729478,0.0614594964902175,0.0415223681193026,50.68760363512212,27.38934246709102,80.19760921542486,-29.51000558030274,dry_jjas,771.8724273402603,1.0,4.0,3,train,False
Kisumu,2019-06-01,2019,6,1,1,Minimal,0.0,1.0,0.7829061444141889,-1.4555867495905703,-1.759174466115626,-0.0498459316566107,-0.2711481122541838,70.09191182748602,51.92917525145125,70.83788138724857,-0.7459695597625569,dry_jjas,650.4965825795291,1.0,4.0,3,train,False
Kitui,2019-06-01,2019,6,2,2,Stressed,0.000301746701996,1.9997493277913236,1.0000139672845514,-1.7824683320821593,-1.19396493027479,-0.3653295087838824,0.1023184016805026,3.0988908178234253,17.11956586016396,35.02164659238602,-31.922755774562596,dry_jjas,350.0498777837523,2.0,4.0,3,train,False
Kwale,2019-06-01,2019,6,2,2,Stressed,0.0,1.99971200940671,0.9912639533016692,-1.6985007319123675,-1.0727249026245065,0.8028150456410946,0.2664218744398035,21.523287312396075,32.04809593159657,43.11894344098237,-21.595656128586295,dry_jjas,461.4118591660762,2.0,4.0,3,train,False
Laikipia,2019-06-01,2019,6,2,2,Stressed,0.0008776521216658,1.5604636927878526,1.0000288793773966,-1.0624488294278325,-0.7880544626624579,-0.1930985521836051,0.5985700026572374,5.859127881790959,6.674907917781319,25.11951169003054,-19.26038380823958,dry_jjas,378.6133408439104,2.0,4.0,3,train,False
Lamu,2019-06-01,2019,6,2,2,Stressed,0.0,2.0,0.9772482590215352,-1.089079056483408,-0.441833419895983,-0.4753253873398791,-0.670354251763887,38.274463364691975,48.90341470679246,39.33969264767914,-1.0652292829871683,dry_jjas,394.8891092289726,2.0,4.0,3,train,False
Machakos,2019-06-01,2019,6,1,1,Minimal,0.0,1.0053594702105009,0.9999321623277222,-1.8871211673236663,-1.429662340515772,-0.5507433088073723,0.1295607459648056,16.13958787803895,34.11769064904049,63.40423637090161,-47.26464849286266,dry_jjas,347.0698296320569,1.0,4.0,3,train,False
Makueni,2019-06-01,2019,6,2,2,Stressed,0.0,1.9970632263425647,0.9999721487558016,-1.9893200700448967,-1.7892650443455764,-0.2595033547674093,0.2848279912250397,11.998358891423068,33.645547490752165,56.74294319625078,-44.74458430482771,dry_jjas,210.84898907247097,2.0,4.0,3,train,False
Mandera,2019-06-01,2019,6,2,2,Stressed,3.195631878386583e-07,2.000000319563188,0.9934831235411702,-0.5728842666683673,-0.6592647752645739,0.7954893904025896,1.2864901085221647,29.79322032689678,20.782107077316297,23.505465072086867,6.2877552548099125,dry_jjas,147.72597818452132,2.0,4.0,3,train,False
Marsabit,2019-06-01,2019,6,3,3,Crisis or worse,0.8394399720432647,2.839439972043265,0.9337773063821072,-0.7027267197764593,-0.88662768821435,-0.1041627192959694,0.1901534864671555,17.112282665366937,19.12092820210989,17.50111823883107,-0.38883557346413156,dry_jjas,183.11284628508548,2.0,4.0,3,train,True
Meru,2019-06-01,2019,6,1,1,Minimal,0.0,1.4892330802156213,0.9998998814068304,-1.3623274185531822,-0.578618289997997,-0.5732579573447366,0.1372029042350575,8.285150009561457,25.744783132433856,43.51444985202764,-35.22929984246618,dry_jjas,469.95952152110806,1.0,4.0,3,train,False
Migori,2019-06-01,2019,6,1,1,Minimal,0.0,1.0,0.8093394361863654,-0.4879008474715627,-0.98688217074046,0.0068948384451674,-0.042458560370157,47.11254149848146,40.83335366295992,53.88306227673045,-6.7705207782489865,dry_jjas,460.4970135975702,1.0,4.0,3,train,False
Mombasa,2019-06-01,2019,6,1,1,Minimal,0.0,1.024159169166952,0.9454988271665984,-1.5935300163011297,-1.157344893575707,0.9200985909461942,0.4162185393704983,10.873871082498477,43.293859096238926,38.97697230738412,-28.10310122488565,dry_jjas,339.4545465241538,1.0,4.0,3,train,False
Murang'a,2019-06-01,2019,6,1,1,Minimal,0.0,1.0,0.9998960447776896,-1.530134426138967,-1.143269994644474,-0.4703236891613941,0.3377253279453698,31.884226538755268,44.63334206964236,69.73276406504291,-37.84853752628764,dry_jjas,600.9606534616394,1.0,4.0,3,train,False
Nairobi,2019-06-01,2019,6,1,1,Minimal,0.0,1.0001640620013663,0.9993429938196526,-1.7517159368033115,-1.4537129885223,-0.5939183602694936,0.0965623348970949,1.8672895188133016,20.64856002604048,43.81379096185936,-41.94650144304606,dry_jjas,349.07589029272395,1.0,4.0,3,train,False
Nakuru,2019-06-01,2019,6,1,1,Minimal,0.0,1.0,0.9758499055944192,-1.4764937291224831,-1.5148630241389025,-0.8370943373411376,-0.1139875534790786,9.286415671191088,15.071182374329249,32.86388107239145,-23.577465401200364,dry_jjas,337.82261196850334,1.0,4.0,3,train,False
Nandi,2019-06-01,2019,6,1,1,Minimal,0.0,1.0,0.9998151603533764,-1.6603040801885256,-2.024547336454744,-0.824913290344134,-0.7261536176722397,37.76639867374136,27.79590092574036,56.94784038831124,-19.181441714569885,dry_jjas,636.3375639959971,1.0,4.0,3,train,False
Narok,2019-06-01,2019,6,1,1,Minimal,0.0,1.0001303360388785,0.9926648706760623,-1.3516547321871186,-2.0661028506798,-1.06915818986676,-0.2859380157556543,26.994475885409965,34.525361039637644,59.08011048880358,-32.085634603393615,dry_jjas,449.4351533314782,1.0,4.0,3,train,False
Nyamira,2019-06-01,2019,6,1,1,Minimal,0.0,1.0,0.999826225293629,-1.0964758004190749,-1.8538960762010237,-0.0329183151912159,0.03157365833717,52.92107051876635,21.033758959761837,68.34044582952843,-15.419375310762085,dry_jjas,707.0676224501927,1.0,4.0,3,train,False
Nyandarua,2019-06-01,2019,6,1,1,Minimal,0.0,1.0004524528776464,0.9998954682961814,-1.3964359768036234,-1.3064307975497995,-0.5744965334206169,0.2539041284649972,16.80337734990196,25.716765177311448,52.85930383159577,-36.0559264816938,dry_jjas,478.59632261521887,1.0,4.0,3,train,False
Nyeri,2019-06-01,2019,6,2,2,Stressed,0.0,1.542618854043296,0.9999111969797384,-1.4782831016238889,-0.8502845570625924,-0.1797058456359958,0.8089807566796872,32.808578725126445,40.767765454422445,56.4954469791226,-23.686868253996153,dry_jjas,596.5685209899478,2.0,4.0,3,train,False
Samburu,2019-06-01,2019,6,2,2,Stressed,0.0016001566707906,2.001600156670791,0.9998865771346582,-0.677620395711069,-0.6897437395316548,-0.0986314072511942,0.47126994740822,11.390239295866214,10.484943075726198,26.862764394166717,-15.472525098300503,dry_jjas,233.37064745956647,2.0,4.0,3,train,True
Siaya,2019-06-01,2019,6,1,1,Minimal,0.0,1.0,0.7130635075059107,-0.6672741703674194,-0.5661133728165001,0.2713908652568305,-0.2110673479185408,34.746945875233905,38.44281940646816,44.35132306535692,-9.604377190123017,dry_jjas,703.9110029852106,1.0,4.0,3,train,False
Taita Taveta,2019-06-01,2019,6,2,2,Stressed,0.0,1.999581103555802,0.9966896338404326,-2.081247369433374,-1.2344976956794356,0.0456653775263771,0.3068929011039992,3.8623214186044135,12.54656292946355,27.361830127944604,-23.49950870934019,dry_jjas,337.281834884778,2.0,4.0,3,train,False
Tana River,2019-06-01,2019,6,2,2,Stressed,0.3140059230637367,2.314005923063737,0.9998429736972364,-1.5055656706465723,-0.8396418551722056,-0.1264961634149383,0.1541208496652059,5.330865782991546,13.78206247601646,21.68577977901809,-16.354913996026546,dry_jjas,208.9215702880231,2.0,4.0,3,train,False
Tharaka-Nithi,2019-06-01,2019,6,2,2,Stressed,0.0,1.5708060749682615,0.9999875926821788,-1.5328841174368844,-0.7280384981141923,-0.6543876939985475,0.0343500608983119,7.802282791907114,23.357689792331183,44.81448319951363,-37.012200407606514,dry_jjas,386.5660928989662,2.0,4.0,3,train,False
Trans Nzoia,2019-06-01,2019,6,1,1,Minimal,0.0,1.0,0.9977780064560036,-0.3567071593707477,-0.8599656394650238,-0.9692271126364226,-0.7125904142641117,22.00809352969932,13.420397025275005,29.712841958333836,-7.704748428634517,dry_jjas,575.422482832226,1.0,4.0,3,train,False
Turkana,2019-06-01,2019,6,3,3,Crisis or worse,0.5729218043025175,2.572921804302517,0.9601635027037968,-0.3849727286481689,-0.6461259237838533,-0.5353529420621346,-0.1293914350846826,15.05135136902216,17.01973823190987,30.264155113569025,-15.212803744546864,dry_jjas,134.93439886021372,2.0,4.0,3,train,True
Uasin Gishu,2019-06-01,2019,6,1,1,Minimal,0.0,1.0,0.9999480360329532,-0.955829443275052,-1.5249878345206374,-1.3330750586995403,-0.8219993709004424,6.075094287735706,12.56910622019253,39.79430463640251,-33.7192103486668,dry_jjas,466.5756532543863,1.0,4.0,3,train,False
Vihiga,2019-06-01,2019,6,1,1,Minimal,0.0,1.0,0.9998193553745144,-1.3274002561323497,-1.0775651375388284,0.1424217706948607,-0.2208418524933671,42.51678298929437,46.73037329860256,72.46532135890993,-29.948538369615562,dry_jjas,638.2354464495623,1.0,4.0,3,train,False
Wajir,2019-06-01,2019,6,3,3,Crisis or worse,0.5091758278655049,2.509175827865505,0.9996307141713952,-0.5420890510900546,-0.5854581737005546,0.6512632399032516,1.0616082293882485,26.659280243728325,18.815738478277595,13.010713181018184,13.648567062710141,dry_jjas,220.92597534518788,2.0,4.0,3,train,True
West Pokot,2019-06-01,2019,6,2,2,Stressed,0.0001110351718193,1.559620510578188,0.9926708452112752,-0.4606170699074566,-0.9513476314820892,-1.171802859818435,-0.6495847093127776,5.390013825226906,8.793810377945142,24.182734456194368,-18.792720630967462,dry_jjas,366.78840132412165,2.0,4.0,3,train,False
Baringo,2019-10-01,2019,10,1,1,Minimal,0.4084151830583695,1.81784139284956,0.999985357608342,0.913095655384157,0.8686995704404123,-0.1014752260218953,-1.1692469826280223,100.0,74.07679066104551,0.0,100.0,short_rains,407.6410955536569,3.0,4.0,3,train,True
Bomet,2019-10-01,2019,10,1,1,Minimal,0.0,1.0,0.9999591445882084,0.0274350767247518,1.776178863458848,-0.0431357599374203,-0.3982325115602947,100.0,50.3880577828481,21.483557184443143,78.51644281555686,short_rains,705.0356352221398,1.0,4.0,3,train,False
Bungoma,2019-10-01,2019,10,1,1,Minimal,0.0,1.0,0.9970207416060456,0.4571020136566969,0.5244166110611783,-0.5171126038181406,-1.1004564803383718,100.0,88.4747367147519,17.384960016558278,82.61503998344172,short_rains,684.143518918554,1.0,4.0,3,train,False
Busia,2019-10-01,2019,10,1,1,Minimal,0.0,1.0,0.914162035136638,0.698621257460697,0.977264794826944,0.502520829450521,-0.2080334976309727,79.74943190464462,76.45355046400158,25.338284197478767,54.41114770716585,short_rains,504.89251568895395,1.0,4.0,3,train,False
Elgeyo-Marakwet,2019-10-01,2019,10,1,1,Minimal,0.0002364713342102,1.003613470707513,0.9999600733550674,1.0500707587536675,0.7453851587020198,-0.3874034441914283,-1.4523863849620304,100.0,77.47494514925623,0.0,100.0,short_rains,424.00498148048365,1.0,4.0,3,train,False
Embu,2019-10-01,2019,10,2,2,Stressed,0.0034762105975149,1.6770004612549387,0.9999892619296415,-0.7832456363837534,-0.0352441670954659,-1.0234131780853948,-1.112978088093585,62.23188921436173,66.79912544351944,36.78601604487107,25.44587316949066,short_rains,401.4457023614595,2.0,4.0,3,train,False
Garissa,2019-10-01,2019,10,3,3,Crisis or worse,1.0,3.0,0.9994639736822264,1.1831331923077268,-0.5451714842284973,-1.205029056357371,-1.226108114115048,7.304054516126787,28.028313377966104,9.182246714214282,-1.8781921980874943,short_rains,210.6771075185111,2.0,4.0,3,train,False
Homa Bay,2019-10-01,2019,10,1,1,Minimal,0.0,1.0,0.6628357436647451,0.6658470310619952,1.6824011899634814,0.613027992667984,-0.0541601585598349,73.69364414893124,62.059323339955725,33.508588709319405,40.18505543961184,short_rains,658.3122810444571,1.0,4.0,3,train,False
Isiolo,2019-10-01,2019,10,3,3,Crisis or worse,0.9995827766204604,2.99958277662046,0.9999614170642658,-0.6394254052191171,0.0942236165960233,-0.7723447728644078,-0.835317369016074,11.695940823731943,17.02886100693352,15.341404742336792,-3.6454639186048485,short_rains,121.15801476654195,2.0,4.0,3,train,False
Kajiado,2019-10-01,2019,10,2,2,Stressed,0.0010385364351125,1.999879231209137,0.986659705085567,3.077177772563488,-0.2323150001037408,-1.624865387580289,-1.6114927751672052,29.56034419183926,41.24518085340111,39.66729003395599,-10.106945842116733,short_rains,244.0590119973267,2.0,4.0,3,train,False
Kakamega,2019-10-01,2019,10,1,1,Minimal,0.0,1.0,0.9998432712295532,0.8893637783921475,0.9129654415188478,-0.249802378643087,-1.1830826994500985,100.0,100.0,3.7700692177755233,96.22993078222447,short_rains,521.962946970816,1.0,4.0,3,train,False
Kericho,2019-10-01,2019,10,1,1,Minimal,0.0,1.0,0.9999526229648772,0.8552214093517512,1.6992310283125065,-0.1376915293685316,-1.0494844842081124,100.0,73.31137061815946,0.0,100.0,short_rains,577.6437811642602,1.0,4.0,3,train,False
Kiambu,2019-10-01,2019,10,1,1,Minimal,0.0,1.001036389650512,0.9998318358451644,2.7351268006221376,0.0977029891048072,-0.849954901139475,-1.3579734593258548,100.0,34.53705709194823,0.0,100.0,short_rains,365.1581675938478,1.0,4.0,3,train,False
Kilifi,2019-10-01,2019,10,2,2,Stressed,0.0025432885968681,2.0024814344946176,0.9941917902689468,1.3942689984180503,1.1169708172007944,-0.2166991111548177,-0.1875969553554958,31.392071126803756,46.52863939787454,7.434720992865396,23.957350133938363,short_rains,485.9236308469297,2.0,4.0,3,train,False
Kirinyaga,2019-10-01,2019,10,1,1,Minimal,0.0,1.0002781852410034,0.9999074216214424,-0.6525637550838775,0.3270843914964955,-0.5442365386915444,-0.6080436849254098,90.19022547074653,71.44841429895446,30.37752725007793,59.812698220668594,short_rains,523.427425427593,1.0,4.0,3,train,False
Kisii,2019-10-01,2019,10,1,1,Minimal,0.0,1.0,0.9995821721572732,-0.1868129241208361,1.0824239961417317,0.2218749332179715,0.0187384133012457,100.0,76.3033243109295,49.604357991074885,50.395642008925115,short_rains,771.8724273402603,1.0,4.0,3,train,False
Kisumu,2019-10-01,2019,10,1,1,Minimal,0.0,1.0,0.782906144414189,0.933426718140712,1.353197371121725,-0.2774646155957578,-1.1247929241637356,87.16853812783107,87.06204540565271,31.173526938304672,55.995011189526394,short_rains,650.4965825795291,1.0,4.0,3,train,False
Kitui,2019-10-01,2019,10,3,3,Crisis or worse,0.9034973610298836,2.9029449207235247,0.9999752373351396,3.349953051596074,0.0082014540645131,-1.149720118059378,-1.3372976015570843,14.6951612317965,23.96343912771383,33.81126205817449,-19.11610082637799,short_rains,350.0498777837523,2.0,4.0,3,train,False
Kwale,2019-10-01,2019,10,2,2,Stressed,0.0,1.99971200940671,0.9912639533016692,0.9474912304201306,1.6405116939758964,0.2054645321023492,0.2250655033298353,46.59226214628934,57.49339764086005,36.67764163816891,9.914620508120436,short_rains,461.4118591660762,2.0,4.0,3,train,False
Laikipia,2019-10-01,2019,10,2,2,Stressed,0.0024785651186265,1.8910574847906545,1.000051645164342,0.0719662135099419,0.847248976138087,-0.2315461201276502,-0.9269327485798315,88.43818854563597,66.79171864617682,12.614136394510746,75.82405215112522,short_rains,378.6133408439104,2.0,4.0,3,train,False
Lamu,2019-10-01,2019,10,3,3,Crisis or worse,0.999993004020605,2.9999930040206046,0.9772482590215352,0.8879654083366306,-0.1326984463925188,-0.7014244345541074,-0.4558581500220049,61.05502728487678,80.20887951405064,39.15326438633616,21.901762898540618,short_rains,394.8891092289726,2.0,4.0,3,train,False
Machakos,2019-10-01,2019,10,1,1,Minimal,0.0014924574711276,1.0062477897631077,0.9999321623263784,3.60566178069552,-0.3158616814210109,-1.1817972290014218,-1.2679765628027804,39.60514974768012,52.31856602922514,23.404711740710844,16.20043800696928,short_rains,347.0698296320569,1.0,4.0,3,train,False
Makueni,2019-10-01,2019,10,3,3,Crisis or worse,0.823592054448046,2.820655282097079,0.9999725936085484,4.753424308817087,0.1474361720177969,-1.2626356319967276,-1.2311916804370333,32.29369666796609,48.54504522385765,38.45450386193627,-6.160807193970179,short_rains,210.84898907247097,2.0,4.0,3,train,False
Mandera,2019-10-01,2019,10,3,3,Crisis or worse,1.0,3.0,0.9934829486427996,1.7916507556731067,0.825820243939914,-0.5977079466272417,-0.606462847565634,23.301686105753884,45.85722433152326,14.95490429572761,8.346781810026274,short_rains,147.72597818452132,2.0,4.0,3,train,False
Marsabit,2019-10-01,2019,10,3,3,Crisis or worse,0.9999748456374024,2.9999748456374022,0.9337761009257282,0.5857474797087548,-0.0877201140386574,-0.6435722476874232,-0.6783936581690918,20.81950871150412,18.69558201390593,12.099124675763845,8.720384035740276,short_rains,183.11284628508548,3.0,4.0,3,train,True
Meru,2019-10-01,2019,10,2,2,Stressed,0.4989614488215854,2.4989555875145903,0.9999031138648642,-0.9252041897380704,0.176833364575838,-0.8974181193701178,-1.1183330732675767,42.61342488853108,57.51870757993576,1.6995437149763946,40.913881173554685,short_rains,469.95952152110806,1.0,4.0,3,train,False
Migori,2019-10-01,2019,10,1,1,Minimal,0.0,1.000836252688988,0.8093461784823975,0.0937667264145502,1.694645915624411,0.1279751322037297,-0.1527023492321146,73.80972810250968,57.71196319732559,5.607626370960536,68.20210173154915,short_rains,460.4970135975702,1.0,4.0,3,train,False
Mombasa,2019-10-01,2019,10,1,1,Minimal,0.0,1.024159169166952,0.9454988271665984,0.6228019705562797,1.2641249048444116,0.0793036797465485,0.3043567499906582,18.62939331357054,9.195421613189708,0.0,18.62939331357054,short_rains,339.4545465241538,1.0,4.0,3,train,False
Murang'a,2019-10-01,2019,10,1,1,Minimal,0.0,1.0,0.9998960447776896,1.314069784448871,-0.0672380134289824,-0.6691215121847994,-0.956488515793757,100.0,64.89981587782948,31.94311283392185,68.05688716607816,short_rains,600.9606534616394,1.0,4.0,3,train,False
Nairobi,2019-10-01,2019,10,1,1,Minimal,0.0,1.0004033639580097,0.9993429939949856,2.6008136436366858,-0.0793819317253008,-1.0452068920840565,-1.3627160956699775,79.18009089456461,43.01791816960024,0.0,79.18009089456461,short_rains,349.07589029272395,1.0,4.0,3,train,False
Nakuru,2019-10-01,2019,10,1,1,Minimal,0.0,1.0000238338747447,0.9758499055944194,0.9165475195739962,0.976476723616984,-0.2039985520543344,-0.9593550998180458,100.0,59.992837170216816,0.0,100.0,short_rains,337.82261196850334,1.0,4.0,3,train,False
Nandi,2019-10-01,2019,10,1,1,Minimal,0.0,1.0,0.9998151603533764,1.0876573770642533,1.1969721054954956,-0.5011207195754912,-1.4951333752181877,100.0,91.27522498012956,0.0,100.0,short_rains,636.3375639959971,1.0,4.0,3,train,False
Narok,2019-10-01,2019,10,2,2,Stressed,0.0,1.878156445241992,0.9926876485807352,0.3717352128641544,0.954558551570465,-0.4995658682430086,-0.8911224792137139,91.75580332607318,48.85968057190133,25.456085049565814,66.29971827650736,short_rains,449.4351533314782,1.0,4.0,3,train,False
Nyamira,2019-10-01,2019,10,1,1,Minimal,0.0,1.0,0.9998262252936287,0.0045381546978707,1.1834331054901417,0.0493493353124444,-0.3249222599925739,100.0,51.63997375213979,60.888847082387386,39.111152917612614,short_rains,707.0676224501927,1.0,4.0,3,train,False
Nyandarua,2019-10-01,2019,10,1,1,Minimal,0.0,1.0004995442155116,0.9998954460056082,0.6645884393729202,0.553365621591706,-0.3341059050800994,-1.0054422456662713,100.0,33.11597723031343,0.0,100.0,short_rains,478.59632261521887,1.0,4.0,3,train,False
Nyeri,2019-10-01,2019,10,1,1,Minimal,0.0,1.0019193934478114,0.9998841481894756,-0.4011666766335203,0.3452358525571164,-0.3897898162715543,-0.666094553972471,100.0,74.3334136447592,16.287962465338406,83.71203753466159,short_rains,596.5685209899478,2.0,4.0,3,train,False
Samburu,2019-10-01,2019,10,3,3,Crisis or worse,0.7295502081813671,2.729550208181367,0.9998972988695696,-0.2668129868203039,0.4672019942023133,-0.3599240137893842,-0.5184751035841134,66.03316372844448,48.82276102446043,11.92013375406409,54.11302997438039,short_rains,233.37064745956647,2.0,4.0,3,train,True
Siaya,2019-10-01,2019,10,1,1,Minimal,0.0,1.0,0.7130635075059107,0.710728829474953,1.1047837281273392,0.2688682279054134,-0.5128682061246482,79.16948723329686,71.91386601457822,49.62668250811464,29.542804725182222,short_rains,703.9110029852106,1.0,4.0,3,train,False
Taita Taveta,2019-10-01,2019,10,2,2,Stressed,0.0012260282171291,2.001226028217129,0.9966783869663588,2.497130429833222,2.4135295926874627,-0.4096971403592003,-0.6901474783224307,37.0588468961855,67.02247373670852,52.936880407938965,-15.878033511753465,short_rains,337.281834884778,2.0,4.0,3,train,False
Tana River,2019-10-01,2019,10,3,3,Crisis or worse,0.974921459186734,2.974921459186734,0.9998362886165332,2.1386081644775934,0.6815377920187361,-1.141801472801605,-1.5100966409430312,18.96270917552328,26.077073850033766,4.716798696788064,14.245910478735215,short_rains,208.9215702880231,2.0,4.0,3,train,False
Tharaka-Nithi,2019-10-01,2019,10,3,3,Crisis or worse,0.6794010097769551,2.6793891945579738,0.999983557438948,-1.0576617282114569,-0.1543208689209632,-1.2864361738628218,-1.4482982908947115,37.053912206727816,38.32046502612038,16.28722577078093,20.766686435946887,short_rains,386.5660928989662,2.0,4.0,3,train,False
Trans Nzoia,2019-10-01,2019,10,1,1,Minimal,0.0,1.0,0.9977780064560036,0.8318141447896654,1.219615116713385,0.0785835746620376,-1.0640795688722722,97.53546019557368,59.80179527429157,0.0,97.53546019557368,short_rains,575.422482832226,1.0,4.0,3,train,False
Turkana,2019-10-01,2019,10,3,3,Crisis or worse,0.9998187861479574,2.9998187861479573,0.960152161114866,1.138626373931793,0.6381071803761121,0.2193330597929949,-0.5339184543190043,61.22435095267111,57.1796708500675,12.207434789029737,49.01691616364137,short_rains,134.93439886021372,3.0,4.0,3,train,True
Uasin Gishu,2019-10-01,2019,10,1,1,Minimal,0.0,1.0,0.9999480360329532,1.0435350287623373,1.1472413097751215,-0.4288265219821547,-1.5918826687565633,100.0,82.0336782157646,0.0,100.0,short_rains,466.5756532543863,1.0,4.0,3,train,False
Vihiga,2019-10-01,2019,10,1,1,Minimal,0.0,1.0,0.9998193553745128,0.980705081805168,1.2317928806188807,0.1008495226756629,-0.7182544331512187,100.0,100.0,53.35696393033583,46.64303606966417,short_rains,638.2354464495623,1.0,4.0,3,train,False
Wajir,2019-10-01,2019,10,3,3,Crisis or worse,1.0,3.0,0.9996281763295088,1.0184642416232552,0.3873131184965247,-0.7972468627870315,-0.8031854129190844,18.69835216498046,20.742272370893108,8.499936453135994,10.198415711844465,short_rains,220.92597534518788,3.0,4.0,3,train,True
West Pokot,2019-10-01,2019,10,2,2,Stressed,0.0027376216669029,1.8853460384064435,0.9926739731095776,2.0444738845984056,1.2350485444942318,-0.0223729795659476,-1.548629801030461,100.0,72.07133136707772,0.3121383446917319,99.68786165530827,short_rains,366.78840132412165,2.0,4.0,3,train,False
Baringo,2020-02-01,2020,2,2,2,Stressed,0.0,1.5637547358202473,0.9999994222488416,1.2729767019626077,2.350362722482356,2.355224154955064,1.0722451005221896,94.29599097645978,85.74396894926943,76.16567250362114,18.13031847283864,dry_jf,407.6410955536569,1.0,4.0,3,train,True
Bomet,2020-02-01,2020,2,1,1,Minimal,0.0,1.0,0.9999591445882084,1.8705548742511529,2.9304939259901666,2.9971705062257614,0.5839544414162707,41.69220295650684,45.00652117918175,82.43713844924807,-40.74493549274123,dry_jf,705.0356352221398,1.0,4.0,3,train,False
Bungoma,2020-02-01,2020,2,1,1,Minimal,0.0,1.0,0.9970207416060456,1.1585033418552182,2.495986754612696,2.492748423773571,1.2029948667359929,98.93218825646456,49.03915248041095,100.0,-1.0678117435354437,dry_jf,684.143518918554,1.0,4.0,3,train,False
Busia,2020-02-01,2020,2,1,1,Minimal,0.0,1.0,0.914162035136638,1.6240887894294254,3.82500863786324,3.687562495017204,1.008566111995778,79.78799844983531,72.33904071166702,74.13107112658925,5.656927323246066,dry_jf,504.89251568895395,1.0,4.0,3,train,False
Elgeyo-Marakwet,2020-02-01,2020,2,1,1,Minimal,0.0,1.000236473294127,0.999951785576505,1.1884018697102792,2.343770731075641,2.7894060617921914,1.4949011325837114,90.66440563083344,71.08422621997005,87.63905574336071,3.0253498874727285,dry_jf,424.00498148048365,1.0,4.0,3,train,False
Embu,2020-02-01,2020,2,1,1,Minimal,0.0,1.0058427967454584,0.9999774223655316,1.8514131770119568,3.1456964714297317,3.3302582345556773,0.0643807346311047,100.0,100.0,57.024323301361086,42.975676698638914,dry_jf,401.4457023614595,2.0,4.0,3,train,False
Garissa,2020-02-01,2020,2,2,2,Stressed,2.7710632195238797e-05,2.0000277106321955,0.9994639736826514,2.2159552538176195,2.578389195996205,2.645274970796913,1.6637973346494244,89.73570678555787,100.0,57.94225351814121,31.79345326741666,dry_jf,210.6771075185111,3.0,4.0,3,train,False
Homa Bay,2020-02-01,2020,2,1,1,Minimal,0.0,1.0,0.6628357436647451,1.4537980158855783,3.5023476762006447,3.838052569742787,1.2750754580791115,49.72714629123322,63.07860285218754,58.79362170686287,-9.066475415629654,dry_jf,658.3122810444571,1.0,4.0,3,train,False
Isiolo,2020-02-01,2020,2,2,2,Stressed,9.035616054739908e-06,1.9998897174217187,0.9999614627899412,2.0571545331125667,2.552958078956828,2.596038698876713,0.6123707202492308,90.62260907431391,83.00251686077706,14.872951971943577,75.74965710237034,dry_jf,121.15801476654195,3.0,4.0,3,train,False
Kajiado,2020-02-01,2020,2,2,2,Stressed,0.0,1.9804692398059605,0.9866599014537054,1.895995443743168,2.8548629910609096,3.114932652631828,2.838393599948939,100.0,100.0,37.10256369877495,62.89743630122505,dry_jf,244.0590119973267,2.0,4.0,3,train,False
Kakamega,2020-02-01,2020,2,1,1,Minimal,0.0,1.0,0.9998432712295532,1.443712695482008,3.007353314655603,3.03740081438175,1.3468794280652878,100.0,94.42011185267552,96.18792530211536,3.81207469788464,dry_jf,521.962946970816,1.0,4.0,3,train,False
Kericho,2020-02-01,2020,2,1,1,Minimal,0.0,1.0,0.9999526229648772,1.3849656195992717,3.096898372460189,3.1392267674815386,0.979471898176866,82.36593735786745,76.2521683745889,100.0,-17.634062642132548,dry_jf,577.6437811642602,1.0,4.0,3,train,False
Kiambu,2020-02-01,2020,2,1,1,Minimal,0.0,1.001036389650512,0.9998318358451644,1.7179943472436816,3.3525454942217467,4.451712367635676,3.263438620321384,68.39434462438462,86.63687126163258,65.97879660024977,2.41554802413485,dry_jf,365.1581675938478,1.0,4.0,3,train,False
Kilifi,2020-02-01,2020,2,2,2,Stressed,0.0,1.9992691542415924,0.9941942173456786,1.6248093191679,2.6317917457717703,2.5645064253453103,1.1215396411526664,100.0,100.0,54.656147146911714,45.343852853088286,dry_jf,485.9236308469297,2.0,4.0,3,train,False
Kirinyaga,2020-02-01,2020,2,1,1,Minimal,0.0,1.0000006781059771,0.9999074216215268,1.9171494820649773,3.4466459182228526,3.694919656576907,0.916774672318752,27.844837533287155,77.473645514347,73.97775255969711,-46.132915026409954,dry_jf,523.427425427593,1.0,4.0,3,train,False
Kisii,2020-02-01,2020,2,1,1,Minimal,0.0,1.0,0.9995821721572732,2.047361916673382,3.107235220835124,2.8065899002500525,0.5016957989063492,14.053274046414018,42.55542650020905,81.00357707853131,-66.95030303211729,dry_jf,771.8724273402603,1.0,4.0,3,train,False
Kisumu,2020-02-01,2020,2,1,1,Minimal,0.0,1.0,0.7829061444141889,1.107649329694823,2.960961111203743,3.319360087936656,0.7629350340432361,74.96365361198073,74.5696349177499,52.37647116855264,22.58718244342809,dry_jf,650.4965825795291,1.0,4.0,3,train,False
Kitui,2020-02-01,2020,2,1,1,Minimal,0.0,1.0003494564396398,1.0000134770408124,1.5109499287192705,2.333370133916683,2.454506418817174,2.954519912613707,79.02124903656411,100.0,12.372298569074664,66.64895046748946,dry_jf,350.0498777837523,3.0,4.0,3,train,False
Kwale,2020-02-01,2020,2,2,2,Stressed,0.0,1.996402448510419,0.991267775862953,0.8972560304339839,2.9219616772221464,2.978879763296382,2.5187308309537904,95.98315389319325,96.72494951290923,54.27233305328188,41.710820839911364,dry_jf,461.4118591660762,2.0,4.0,3,train,False
Laikipia,2020-02-01,2020,2,2,2,Stressed,0.0,1.8890791181135551,0.9999851536805716,2.134688907635689,2.724295473743386,3.0624945650724675,0.669004308308361,89.77791257422136,95.0182546700911,82.11188946821981,7.666023106001546,dry_jf,378.6133408439104,2.0,4.0,3,train,False
Lamu,2020-02-01,2020,2,2,2,Stressed,0.0,2.0,0.977248259021535,1.5985628626653978,1.937974021857092,1.198079250590987,0.2632604578458289,99.963380719754,100.0,87.07700114365277,12.886379576101234,dry_jf,394.8891092289726,3.0,4.0,3,train,False
Machakos,2020-02-01,2020,2,1,1,Minimal,0.0,1.000501677864983,0.9999320063209604,1.6453504778438637,3.0244297261457604,3.254337869972346,3.0860907319301694,100.0,100.0,43.74164794053807,56.25835205946193,dry_jf,347.0698296320569,1.0,4.0,3,train,False
Makueni,2020-02-01,2020,2,1,1,Minimal,0.0,1.0009538483783504,0.9999541062673236,1.3260380135434566,2.223941094495764,2.3636823235941256,4.20121091222715,100.0,100.0,39.264677419810496,60.735322580189504,dry_jf,210.84898907247097,3.0,4.0,3,train,False
Mandera,2020-02-01,2020,2,2,2,Stressed,0.0,2.0,0.9934829486429042,2.117937734995306,2.371755569359482,2.4278773928763613,1.9978370485774304,100.0,100.0,32.15098529840319,67.84901470159681,dry_jf,147.72597818452132,3.0,4.0,3,train,False
Marsabit,2020-02-01,2020,2,2,2,Stressed,0.0,2.0,0.9337761009249728,1.8774104296617276,2.5920502322339933,2.6712593834764955,0.3857234067065322,100.0,100.0,19.51692978751764,80.48307021248236,dry_jf,183.11284628508548,3.0,4.0,3,train,True
Meru,2020-02-01,2020,2,1,1,Minimal,0.0,1.0062019977837415,0.9998973898141076,2.057046132147923,2.727395905237227,2.893026209461845,0.0527491114774267,100.0,89.01922581546243,55.463944106314806,44.536055893685194,dry_jf,469.95952152110806,2.0,4.0,3,train,False
Migori,2020-02-01,2020,2,1,1,Minimal,0.0,1.0,0.8093394361863654,1.577426017104191,3.1129186138167606,3.675666309238457,1.413258414210382,30.68496617181209,51.81293221534508,47.55925449238406,-16.874288320571974,dry_jf,460.4970135975702,1.0,4.0,3,train,False
Mombasa,2020-02-01,2020,2,1,1,Minimal,0.0,1.024159169166952,0.9454988271665984,1.3294676364359097,2.731971387765733,2.299449197122381,0.938698885931492,72.77404436133538,85.2103798986369,56.39392691963101,16.380117441704378,dry_jf,339.4545465241538,1.0,4.0,3,train,False
Murang'a,2020-02-01,2020,2,1,1,Minimal,0.0,1.0,0.9998960447776898,1.9363436199007853,3.8922983642355753,4.474674067071985,1.807666769039824,77.15199030443986,86.30139221140732,61.92907139828915,15.22291890615071,dry_jf,600.9606534616394,1.0,4.0,3,train,False
Nairobi,2020-02-01,2020,2,1,1,Minimal,0.0,1.0004033639580097,0.9993429939950748,1.6278672953119175,3.192525067871108,4.078391202898841,3.249550244465264,87.67272794936474,100.0,39.59323824617008,48.07948970319466,dry_jf,349.07589029272395,1.0,4.0,3,train,False
Nakuru,2020-02-01,2020,2,1,1,Minimal,0.0,1.0,0.9758499055944192,1.7424228714658738,2.9865077346010933,2.78733453547505,1.0673474686316535,66.6712424357109,79.96160834501235,81.64297761205499,-14.971735176344097,dry_jf,337.82261196850334,1.0,4.0,3,train,False
Nandi,2020-02-01,2020,2,1,1,Minimal,0.0,1.0,0.9998151603533766,1.4078643641448365,3.0003713538018246,3.2354482457770604,1.5146610986878182,71.8704165428621,100.0,100.0,-28.129583457137898,dry_jf,636.3375639959971,1.0,4.0,3,train,False
Narok,2020-02-01,2020,2,1,1,Minimal,0.0,1.0001312284969692,0.9926648706761406,1.925722866804756,3.220128214819126,4.147054734549279,1.5815169565560327,61.99199541477121,90.29219237083709,54.97051579197864,7.021479622792569,dry_jf,449.4351533314782,2.0,4.0,3,train,False
Nyamira,2020-02-01,2020,2,1,1,Minimal,0.0,1.0,0.999826225293629,1.8608996227561647,3.152088270863835,2.8183316054454317,0.4831902919660277,63.16589033746915,32.36207476988508,71.45844072003716,-8.29255038256801,dry_jf,707.0676224501927,1.0,4.0,3,train,False
Nyandarua,2020-02-01,2020,2,1,1,Minimal,0.0,1.0004995442155116,0.9998954460054982,1.96001336797556,2.481172119023134,2.8575366415818837,0.9631972642743064,36.47466700256685,62.1938742306042,96.41602162869538,-59.94135462612853,dry_jf,478.59632261521887,1.0,4.0,3,train,False
Nyeri,2020-02-01,2020,2,1,1,Minimal,0.0,1.000617529631617,0.9998784268825492,2.244956847527415,3.110213567724319,3.482601813214948,0.6954607524670232,67.88634997423341,85.42521624319494,84.2527593374626,-16.366409363229195,dry_jf,596.5685209899478,1.0,4.0,3,train,False
Samburu,2020-02-01,2020,2,2,2,Stressed,0.0,2.0,0.999882267341486,1.639260533176961,2.4046216121810957,2.5126856943117164,-0.0468177575602978,92.10732806836494,92.884619755196,45.32759700820874,46.779731060156195,dry_jf,233.37064745956647,3.0,4.0,3,train,True
Siaya,2020-02-01,2020,2,1,1,Minimal,0.0,1.0,0.7130635075059107,1.0988873265862356,3.119902595798352,3.11798882666976,0.9879462348558076,61.74208988436055,97.74453439827272,83.51599909933654,-21.773909214975987,dry_jf,703.9110029852106,1.0,4.0,3,train,False
Taita Taveta,2020-02-01,2020,2,1,1,Minimal,0.0,1.0006033595281998,0.9966783869663574,1.5037779636955346,2.695715789649431,2.996441641272092,3.2889683884067087,100.0,100.0,34.8978901964674,65.1021098035326,dry_jf,337.281834884778,2.0,4.0,3,train,False
Tana River,2020-02-01,2020,2,2,2,Stressed,0.0500030091898961,2.049405867159142,0.9998457209853984,1.7819046950007391,2.58943140412605,2.8526222824255987,2.7106527839453904,100.0,100.0,60.67102021699823,39.32897978300177,dry_jf,208.9215702880231,3.0,4.0,3,train,False
Tharaka-Nithi,2020-02-01,2020,2,1,1,Minimal,0.0,1.4208633366911712,0.999973025042523,1.7409964851448103,2.7664869174010662,2.86162831655778,-0.5479006401032576,73.3165714828974,47.08907086198161,37.30659795754634,36.009973525351064,dry_jf,386.5660928989662,3.0,4.0,3,train,False
Trans Nzoia,2020-02-01,2020,2,1,1,Minimal,0.0,1.0,0.9977780064560036,1.1537790624075914,2.4085156783060477,2.978517341326325,1.808606168017541,95.63493199916608,61.96949201007356,100.0,-4.365068000833915,dry_jf,575.422482832226,1.0,4.0,3,train,False
Turkana,2020-02-01,2020,2,2,2,Stressed,0.0,1.999957012896412,0.9601520759250542,1.394718809018639,2.3292618067219104,2.224244096116276,0.8456776472895711,99.83966035337222,91.2960057809134,55.55395148648487,44.285708866887354,dry_jf,134.93439886021372,3.0,4.0,3,train,True
Uasin Gishu,2020-02-01,2020,2,1,1,Minimal,0.0,1.0,0.9999480360329528,1.2908832830614565,2.47911625687014,2.896973446684004,1.874474571281746,100.0,100.0,100.0,0.0,dry_jf,466.5756532543863,1.0,4.0,3,train,False
Vihiga,2020-02-01,2020,2,1,1,Minimal,0.0,1.0,0.9998193553745128,1.5115686493536895,3.083889961778577,3.270652555179247,0.979135133071842,84.5315217865056,36.04638879401109,98.46316755895118,-13.931645772445577,dry_jf,638.2354464495623,1.0,4.0,3,train,False
Wajir,2020-02-01,2020,2,2,2,Stressed,0.0,2.0,0.9996281763295078,2.374673231358724,2.339741937651852,2.37885515862021,2.0444895812012187,95.96622562141472,100.0,38.17377412373322,57.792451497681505,dry_jf,220.92597534518788,3.0,4.0,3,train,True
West Pokot,2020-02-01,2020,2,1,1,Minimal,0.0,1.0027376219851862,0.9926738576986502,0.8536522862956492,2.4265378517637237,3.08367833644531,1.830749973552932,98.05576504281343,83.1983611923716,74.484339347607,23.57142569520643,dry_jf,366.78840132412165,2.0,4.0,3,train,False
Baringo,2020-06-01,2020,6,1,1,Minimal,0.0,1.4086425788824593,0.9999777827017622,1.8524659914567685,1.6700714850317475,2.5783057702061662,1.999544784384683,84.08811566299252,100.0,100.0,-15.911884337007479,dry_jjas,407.6410955536569,2.0,4.0,3,train,True
Bomet,2020-06-01,2020,6,1,1,Minimal,0.0,1.0,0.9999591445797528,2.5124384556886747,2.5309497800098386,3.643832029411061,2.772686935611865,98.31008842720968,96.97784323549932,91.88119228647984,6.428896140729833,dry_jjas,705.0356352221398,1.0,4.0,3,train,False
Bungoma,2020-06-01,2020,6,1,1,Minimal,0.0,1.0,0.9970207416060456,2.236477471737495,1.9974112139929003,3.45902329417556,2.399673139292542,100.0,100.0,97.87457997719964,2.1254200228003555,dry_jjas,684.143518918554,1.0,4.0,3,train,False
Busia,2020-06-01,2020,6,1,1,Minimal,0.0,1.0,0.914162035136638,2.684087233934325,2.544579343874672,4.0583946051462565,2.421943105739332,95.0250711484569,100.0,87.39135975699477,7.633711391462128,dry_jjas,504.89251568895395,1.0,4.0,3,train,False
Elgeyo-Marakwet,2020-06-01,2020,6,1,1,Minimal,0.0,1.000236473294127,0.999951785576505,1.7922247490664875,1.6089388692357012,2.679484676125514,1.88885601517325,100.0,100.0,100.0,0.0,dry_jjas,424.00498148048365,1.0,4.0,3,train,False
Embu,2020-06-01,2020,6,1,1,Minimal,0.0,1.0058427967454584,0.9999774223655316,1.051546534367675,1.6096451646987615,3.1701507338737525,2.4251379769124237,100.0,100.0,93.74113077357842,6.258869226421581,dry_jjas,401.4457023614595,1.0,4.0,3,train,False
Garissa,2020-06-01,2020,6,2,2,Stressed,2.7710632195238783e-05,2.0000277106321955,0.9994639736826516,0.9268164824316188,1.7085397484589266,2.435828208905664,2.249622199471574,84.21900957479748,100.0,91.2631514195347,-7.0441418447372115,dry_jjas,210.6771075185111,2.0,4.0,3,train,False
Homa Bay,2020-06-01,2020,6,1,1,Minimal,0.0,1.0,0.6628357436647451,2.063256638847379,2.5142965211366604,3.794749013868702,2.118115538755193,100.0,100.0,73.11379576284503,26.88620423715497,dry_jjas,658.3122810444571,1.0,4.0,3,train,False
Isiolo,2020-06-01,2020,6,2,2,Stressed,9.035616054739991e-06,1.99963626171578,0.999961462789932,1.0673536607947585,1.5111743710270928,2.398439899259845,1.9288078426919515,56.99772091793127,100.0,100.0,-43.00227908206873,dry_jjas,121.15801476654195,2.0,4.0,3,train,False
Kajiado,2020-06-01,2020,6,2,2,Stressed,0.0,1.980772460103143,0.9866593818366564,1.681045739859827,1.9157148428522444,3.1956539664934835,2.5244715804124205,100.0,100.0,100.0,0.0,dry_jjas,244.0590119973267,2.0,4.0,3,train,False
Kakamega,2020-06-01,2020,6,1,1,Minimal,0.0,1.0,0.999843271229553,2.268782136585367,2.157190534644456,4.05027812740547,2.7230269526827704,100.0,100.0,94.6958767885004,5.304123211499601,dry_jjas,521.962946970816,1.0,4.0,3,train,False
Kericho,2020-06-01,2020,6,1,1,Minimal,0.0,1.0,0.9999526229648776,1.9618030371892472,1.987807684170576,3.203164342505638,2.1809848934051037,100.0,100.0,89.30811115066705,10.691888849332955,dry_jjas,577.6437811642602,1.0,4.0,3,train,False
Kiambu,2020-06-01,2020,6,1,1,Minimal,0.0,1.001680687685102,0.9998318358919256,1.5126371012110438,1.627391875785393,3.206379363490703,2.43538229448107,100.0,100.0,93.8234664375139,6.1765335624860995,dry_jjas,365.1581675938478,1.0,4.0,3,train,False
Kilifi,2020-06-01,2020,6,2,2,Stressed,0.0,1.9993310081928424,0.9941942173457334,0.904516244970866,1.2309850364338122,2.454156791346996,1.844549511032888,100.0,100.0,91.63888888129668,8.36111111870332,dry_jjas,485.9236308469297,2.0,4.0,3,train,False
Kirinyaga,2020-06-01,2020,6,1,1,Minimal,0.0,1.0000006781059771,0.9999074216215268,1.0242653888677185,1.54113094279305,3.295807295612802,2.498538003675663,100.0,98.71762623894536,81.90760422693886,18.092395773061142,dry_jjas,523.427425427593,1.0,4.0,3,train,False
Kisii,2020-06-01,2020,6,1,1,Minimal,0.0,1.0,0.9995821721572732,1.956377617922608,2.475315151299847,3.994011080369885,2.7518006424290635,100.0,100.0,99.74413859640394,0.25586140359605736,dry_jjas,771.8724273402603,1.0,4.0,3,train,False
Kisumu,2020-06-01,2020,6,1,1,Minimal,0.0,1.0,0.7829061444141889,2.133240185549665,2.2915689110086053,3.5626413823883727,1.9752008135505843,100.0,95.3838104419947,93.32016215947618,6.679837840523817,dry_jjas,650.4965825795291,1.0,4.0,3,train,False
Kitui,2020-06-01,2020,6,1,1,Minimal,0.0,1.0003494564396398,1.0000134770408124,1.5564372435859044,1.9627549448890949,2.7432018515735472,1.9623115204164447,100.0,100.0,98.21868823207424,1.7813117679257573,dry_jjas,350.0498777837523,1.0,4.0,3,train,False
Kwale,2020-06-01,2020,6,2,2,Stressed,0.0,1.9966904379931496,0.9912677758629528,1.2003009610546815,1.5218570348840113,2.798729754916472,1.7711173321361535,100.0,100.0,93.6986577529826,6.301342247017402,dry_jjas,461.4118591660762,2.0,4.0,3,train,False
Laikipia,2020-06-01,2020,6,1,1,Minimal,0.0,1.0039006686789995,1.0000412897327209,1.5058366210709695,1.6654759587637136,2.7416287384684064,2.5069794896837445,76.81036718207649,100.0,95.93244527328253,-19.122078091206035,dry_jjas,378.6133408439104,2.0,4.0,3,train,False
Lamu,2020-06-01,2020,6,2,2,Stressed,0.0,2.0,0.9772482590215352,0.986403805640029,1.5901532433394054,1.9880913613041584,1.682514043526682,100.0,100.0,100.0,0.0,dry_jjas,394.8891092289726,2.0,4.0,3,train,False
Machakos,2020-06-01,2020,6,1,1,Minimal,0.0,1.00202195513026,0.9999329661391688,1.5731808361003323,1.970347460140798,3.247051681749956,2.2165142244165503,100.0,100.0,100.0,0.0,dry_jjas,347.0698296320569,1.0,4.0,3,train,False
Makueni,2020-06-01,2020,6,1,1,Minimal,0.0,1.0009538483783504,0.9999541062673144,1.488340480280107,1.9782143790798576,2.8723196588184274,2.039481510097773,100.0,100.0,94.46866319187238,5.5313368081276195,dry_jjas,210.84898907247097,1.0,4.0,3,train,False
Mandera,2020-06-01,2020,6,2,2,Stressed,0.0269041551666194,2.026904155166619,0.9934830264784478,0.8872968879272832,0.7763159690571612,2.474017781202158,2.1727110993513152,60.53597335860238,100.0,91.84319025073604,-31.307216892133667,dry_jjas,147.72597818452132,2.0,4.0,3,train,False
Marsabit,2020-06-01,2020,6,2,2,Stressed,0.0,2.0,0.9337761009258776,1.3627909619469456,1.2932705372471502,2.373213284775299,1.7087064143378696,53.663746623011946,100.0,100.0,-46.336253376988054,dry_jjas,183.11284628508548,2.0,4.0,3,train,True
Meru,2020-06-01,2020,6,1,1,Minimal,0.0,1.004616683210704,0.9998973748035022,0.9203411826751012,1.5541258875192343,2.715894698291015,2.338173073704109,95.65527524619355,100.0,100.0,-4.344724753806446,dry_jjas,469.95952152110806,1.0,4.0,3,train,False
Migori,2020-06-01,2020,6,1,1,Minimal,0.0,1.0,0.8093394361863654,1.7526700027901667,2.505503452159876,3.530120565424704,2.4157313252691384,100.0,96.17460966621633,77.72102620068569,22.278973799314315,dry_jjas,460.4970135975702,1.0,4.0,3,train,False
Mombasa,2020-06-01,2020,6,2,2,Stressed,0.0,2.0,0.945430610879302,1.5384108158388048,1.7796119947135756,2.7295726529229927,1.839126866811423,93.43156493499043,97.77520377316296,83.00290126747113,10.428663667519302,dry_jjas,339.4545465241538,1.0,4.0,3,train,False
Murang'a,2020-06-01,2020,6,1,1,Minimal,0.0,1.0,0.9998960447776896,1.4880308611252344,1.8323998255773597,3.70593716810965,2.6483035586646597,100.0,100.0,100.0,0.0,dry_jjas,600.9606534616394,1.0,4.0,3,train,False
Nairobi,2020-06-01,2020,6,2,2,Stressed,0.0,1.975405021464036,0.9994329544443415,1.4932626558045636,1.5633775271506245,3.036315317605542,2.395319648034675,98.9499758778242,80.88069485021624,85.30286950557418,13.647106372250022,dry_jjas,349.07589029272395,1.0,4.0,3,train,False
Nakuru,2020-06-01,2020,6,1,1,Minimal,0.0,1.0,0.9758499055944192,1.8005905130205784,1.6799844080753537,2.667290349701366,2.301668399312158,89.75393271309436,100.0,93.33517829242268,-3.581245579328325,dry_jjas,337.82261196850334,1.0,4.0,3,train,False
Nandi,2020-06-01,2020,6,1,1,Minimal,0.0,1.0,0.9998151603533766,1.6494943852170092,1.6439737067056317,3.2288232260645584,2.1601566444641724,100.0,100.0,100.0,0.0,dry_jjas,636.3375639959971,1.0,4.0,3,train,False
Narok,2020-06-01,2020,6,1,1,Minimal,0.0,1.0001312284969692,0.9926648706760628,2.484558150307957,2.5694319223232225,3.799080428387804,3.0396616750029133,100.0,92.23654661728727,94.44852222479491,5.551477775205086,dry_jjas,449.4351533314782,1.0,4.0,3,train,False
Nyamira,2020-06-01,2020,6,1,1,Minimal,0.0,1.0,0.999826225293629,2.161424097440257,2.4132202238157543,3.9457145890191048,2.6346824578445647,100.0,100.0,100.0,0.0,dry_jjas,707.0676224501927,1.0,4.0,3,train,False
Nyandarua,2020-06-01,2020,6,1,1,Minimal,0.0,1.0,0.9998954460054936,1.7625141243295384,1.6892125956589217,2.565712696193039,2.234324477249116,100.0,100.0,100.0,0.0,dry_jjas,478.59632261521887,1.0,4.0,3,train,False
Nyeri,2020-06-01,2020,6,1,1,Minimal,0.0,1.0,0.9998683591640218,1.573513133240264,1.722228946772563,3.111819037745169,2.7050588460190808,100.0,100.0,100.0,0.0,dry_jjas,596.5685209899478,1.0,4.0,3,train,False
Samburu,2020-06-01,2020,6,2,2,Stressed,0.0,1.999967941333963,0.9998822673449888,1.4417170488136826,1.6572517200173902,2.537938152965996,2.037394101010745,71.1921256619563,100.0,100.0,-28.807874338043703,dry_jjas,233.37064745956647,2.0,4.0,3,train,True
Siaya,2020-06-01,2020,6,1,1,Minimal,0.0,1.0,0.7130635075059107,2.014233644842036,2.187806526266459,3.3770270737371177,1.768306603374208,100.0,99.06889501511428,71.53711549861133,28.46288450138867,dry_jjas,703.9110029852106,1.0,4.0,3,train,False
Taita Taveta,2020-06-01,2020,6,1,1,Minimal,0.0,1.0006033595281998,0.9966783869663574,1.778650502989839,2.2696116815782794,3.067395402134465,2.2082480726299885,100.0,100.0,96.54550549799607,3.454494502003925,dry_jjas,337.281834884778,1.0,4.0,3,train,False
Tana River,2020-06-01,2020,6,2,2,Stressed,0.0500030091898961,2.049405867159142,0.9998457209853984,1.0883950788895718,1.7286339898335437,2.604029104248202,2.1368164929674505,100.0,100.0,100.0,0.0,dry_jjas,208.9215702880231,2.0,4.0,3,train,False
Tharaka-Nithi,2020-06-01,2020,6,1,1,Minimal,0.0,1.4208633366911712,0.999973025042523,0.9598822047945552,1.615168358997425,2.8289364907657166,2.1849735052215737,87.48570551740194,100.0,86.22362873184083,1.2620767855611064,dry_jjas,386.5660928989662,1.0,4.0,3,train,False
Trans Nzoia,2020-06-01,2020,6,1,1,Minimal,0.0,1.0,0.9977780064560036,2.1371889959793173,2.002929585481247,3.154902275748031,2.02186794118164,100.0,100.0,99.48521264042792,0.5147873595720824,dry_jjas,575.422482832226,1.0,4.0,3,train,False
Turkana,2020-06-01,2020,6,2,2,Stressed,0.0,1.999957012896412,0.960152075925058,2.7845681066970545,2.715026971773077,3.420462499572068,2.009956569160968,100.0,100.0,100.0,0.0,dry_jjas,134.93439886021372,2.0,4.0,3,train,True
Uasin Gishu,2020-06-01,2020,6,1,1,Minimal,0.0,1.0,0.9999480360329528,1.6659506927174288,1.4463292954774147,2.667701139079109,2.05072317903995,88.79474653049206,100.0,100.0,-11.205253469507937,dry_jjas,466.5756532543863,1.0,4.0,3,train,False
Vihiga,2020-06-01,2020,6,1,1,Minimal,0.0,1.0,0.9998193553745144,2.117210217404775,2.2588625858677243,3.97767675758483,2.4224535060562955,100.0,100.0,100.0,0.0,dry_jjas,638.2354464495623,1.0,4.0,3,train,False
Wajir,2020-06-01,2020,6,2,2,Stressed,0.0,2.0,0.9996281763295074,1.3612051818630109,1.4328889737497612,2.285238808184646,2.128728833367712,62.73880579060415,98.82822730500736,85.48061835112158,-22.74181256051743,dry_jjas,220.92597534518788,2.0,4.0,3,train,True
West Pokot,2020-06-01,2020,6,1,1,Minimal,0.0,1.0027376219851862,0.9926738576986502,2.261740423683168,2.2290474409012937,3.1222671900015517,1.521913739678253,100.0,100.0,100.0,0.0,dry_jjas,366.78840132412165,1.0,4.0,3,train,False
Baringo,2020-10-01,2020,10,1,1,Minimal,0.0,1.4089813166210838,0.9999787954714,2.543241847575264,2.600898584283137,2.7622938499399394,1.9248973263872915,99.731942947632,92.90018782351066,94.0103818792701,5.721561068361908,short_rains,407.6410955536569,1.0,4.0,3,train,True
Bomet,2020-10-01,2020,10,1,1,Minimal,0.0,1.0,0.9999591445797528,0.3426150918363196,0.7502556046935939,2.679603704917498,2.7092575247895367,60.68149647434432,61.11351467052136,89.64157648448523,-28.960080010140906,short_rains,705.0356352221398,1.0,4.0,3,train,False
Bungoma,2020-10-01,2020,10,1,1,Minimal,0.0,1.0,0.9970207416060456,1.6136047440845176,2.0010591303393697,3.011763591170722,2.5559583036539704,39.859576177345176,62.64385932410672,100.0,-60.140423822654824,short_rains,684.143518918554,1.0,4.0,3,train,False
Busia,2020-10-01,2020,10,1,1,Minimal,0.0,1.0,0.914162035136638,1.2152775547892365,1.5120976396063477,2.87441837414916,2.618997335831698,54.38882251690056,43.16274754827317,83.66848656950242,-29.27966405260186,short_rains,504.89251568895395,1.0,4.0,3,train,False
Elgeyo-Marakwet,2020-10-01,2020,10,1,1,Minimal,0.0,1.000236473294127,0.9999517855765052,3.335064618932812,2.9736119399790395,2.9663179697150417,1.7850171633438765,65.32747146359277,100.0,100.0,-34.67252853640723,short_rains,424.00498148048365,1.0,4.0,3,train,False
Embu,2020-10-01,2020,10,2,2,Stressed,0.0,1.6735118101649862,0.999989010318564,0.5155532242746753,0.6285604257621611,2.145570676845421,1.9945271384948555,79.11762963642519,93.55802530394132,92.2540454771139,-13.136415840688713,short_rains,401.4457023614595,1.0,4.0,3,train,False
Garissa,2020-10-01,2020,10,2,2,Stressed,0.0,2.0,0.9994639736822262,4.007365827376861,0.5166055267299255,1.6128933667072645,1.1326931123184234,77.69485825716899,78.35963856297637,71.70567440329913,5.989183853869861,short_rains,210.6771075185111,2.0,4.0,3,train,False
Homa Bay,2020-10-01,2020,10,1,1,Minimal,0.0,1.0,0.6628357436647451,1.0203952718739084,0.8296721851164599,2.5101710968093114,1.953660685794532,53.67277009362786,54.015319341881856,53.60074950462926,0.07202058899859765,short_rains,658.3122810444571,1.0,4.0,3,train,False
Isiolo,2020-10-01,2020,10,2,2,Stressed,0.0,1.999998853267544,0.9999605072168152,0.3213297154893083,0.1029882849815231,1.467291889447521,1.4214658411863177,64.65675947325707,58.232944915516185,53.73042786897011,10.926331604286958,short_rains,121.15801476654195,2.0,4.0,3,train,False
Kajiado,2020-10-01,2020,10,2,2,Stressed,0.0,1.9986619500880909,0.9866568585689732,1.5567819798254008,-0.3071082485693913,2.038880279661702,1.903360920492544,83.83769890498064,83.64862144330606,83.71410765415452,0.12359125082612366,short_rains,244.0590119973267,2.0,4.0,3,train,False
Kakamega,2020-10-01,2020,10,1,1,Minimal,0.0,1.0,0.9998432712295532,1.7512326047418072,2.145853014455076,3.334931150589362,2.5665120514404216,56.72101521320906,75.25515708559162,100.0,-43.27898478679094,short_rains,521.962946970816,1.0,4.0,3,train,False
Kericho,2020-10-01,2020,10,1,1,Minimal,0.0,1.0,0.9999526229648772,2.3255341328641888,1.93986904567304,2.9028409195846305,2.214121510549856,69.12323338184231,73.52606544562336,100.0,-30.87676661815769,short_rains,577.6437811642602,1.0,4.0,3,train,False
Kiambu,2020-10-01,2020,10,1,1,Minimal,0.0,1.001036389650512,0.9998318358451644,0.3530531892691673,0.4696556255766588,1.9739807810810672,1.7823634616014512,72.80452573000638,82.99043166191046,97.83662498726125,-25.03209925725487,short_rains,365.1581675938478,1.0,4.0,3,train,False
Kilifi,2020-10-01,2020,10,2,2,Stressed,0.0,1.999938145718068,0.9941889022285504,2.0772289903111063,0.1749420903246041,1.9595558322148536,1.432316415537857,51.598551513087045,58.84725504380848,100.0,-48.401448486912955,short_rains,485.9236308469297,2.0,4.0,3,train,False
Kirinyaga,2020-10-01,2020,10,1,1,Minimal,0.0,1.0002622695064276,0.9999074216215268,0.3229521532836405,1.2125450047369994,2.433319088964875,2.316374361522121,66.65871841540239,100.0,100.0,-33.34128158459761,short_rains,523.427425427593,1.0,4.0,3,train,False
Kisii,2020-10-01,2020,10,1,1,Minimal,0.0,1.0,0.9995821721572732,-0.0226288840329574,0.4808087835247107,2.074274148189912,1.93054159902674,82.73976902913532,70.23869658038177,100.0,-17.260230970864683,short_rains,771.8724273402603,1.0,4.0,3,train,False
Kisumu,2020-10-01,2020,10,1,1,Minimal,0.0,1.0,0.7829061444141889,2.044472704988914,1.4478969820801977,3.054676329430389,2.042199114391694,100.0,66.74370023175115,33.023431425195135,66.97656857480487,short_rains,650.4965825795291,1.0,4.0,3,train,False
Kitui,2020-10-01,2020,10,2,2,Stressed,0.0,1.999447559261309,0.99997445476895,4.753424308817087,0.1735006658507675,1.7927683253971145,1.598677314763394,100.0,95.80760215872014,85.37343941517433,14.626560584825668,short_rains,350.0498777837523,1.0,4.0,3,train,False
Kwale,2020-10-01,2020,10,2,2,Stressed,0.0,1.99971200940671,0.9912639533016692,1.8394339105550035,0.3812128473700628,3.045189721988788,2.5293644762963017,34.58405133006642,51.83527828100796,98.57039481950274,-63.986343489436315,short_rains,461.4118591660762,2.0,4.0,3,train,False
Laikipia,2020-10-01,2020,10,2,2,Stressed,0.0,1.8885021220908655,0.999997440305309,0.7881260225425606,1.8270070928393531,2.6119900409818886,2.427835347480734,100.0,94.75603810345606,99.806865556922,0.19313444307799443,short_rains,378.6133408439104,1.0,4.0,3,train,False
Lamu,2020-10-01,2020,10,2,2,Stressed,0.0,2.0,0.977248259021535,1.0457594327590027,-0.501389519065112,0.4218226373685562,0.4801179911831679,62.73660956410037,86.33238986866903,95.51294629960692,-32.776336735506554,short_rains,394.8891092289726,2.0,4.0,3,train,False
Machakos,2020-10-01,2020,10,1,1,Minimal,0.0,1.0047553322918272,0.9999321623262246,1.7320215882918364,0.0106998288755145,2.001722771004011,1.7741651308681732,91.22863784302228,90.08135136591974,94.00156501490314,-2.772927171880852,short_rains,347.0698296320569,1.0,4.0,3,train,False
Makueni,2020-10-01,2020,10,2,2,Stressed,0.0,1.9970632263425647,0.9999721487558016,4.753424308817087,-0.4154569127033572,1.85371277433938,1.5464949502273413,78.51849093909374,88.4404847146657,75.89457471926436,2.6239162198293826,short_rains,210.84898907247097,1.0,4.0,3,train,False
Mandera,2020-10-01,2020,10,2,2,Stressed,0.0,2.0,0.9934829486429028,4.429058806823288,-0.3214684856247864,1.4725656909708986,1.4308796541101043,100.0,100.0,100.0,0.0,short_rains,147.72597818452132,2.0,4.0,3,train,False
Marsabit,2020-10-01,2020,10,2,2,Stressed,0.0003693065773483,2.0003693065773485,0.9337761009247731,1.131305829528181,0.0618874197074401,1.4536395426894728,1.4565914691894752,73.6596952830849,58.3954911274361,64.52551348066788,9.134181802417018,short_rains,183.11284628508548,2.0,4.0,3,train,True
Meru,2020-10-01,2020,10,2,2,Stressed,0.0,1.5221369049015685,0.999899881406569,0.7254415220007233,0.4890929216887179,2.2933330127656726,2.164901470332615,81.69606091820053,97.09798518100908,89.06612544378999,-7.370064525589456,short_rains,469.95952152110806,1.0,4.0,3,train,False
Migori,2020-10-01,2020,10,1,1,Minimal,0.0,1.0,0.8093394361863654,-0.4207698064748931,0.6171925966138265,1.6949939387135644,1.5275563365377836,51.11474425213242,68.84329946568187,49.0817524008411,2.032991851291321,short_rains,460.4970135975702,1.0,4.0,3,train,False
Mombasa,2020-10-01,2020,10,1,1,Minimal,0.0,1.024159169166952,0.9454988271665984,1.544392968246016,0.8265737638871682,2.7847530002844048,2.2315438007395407,27.45037070963209,37.39865404165586,64.3018559102697,-36.851485200637605,short_rains,339.4545465241538,2.0,4.0,3,train,False
Murang'a,2020-10-01,2020,10,1,1,Minimal,0.0,1.0,0.9998960447776896,0.1265847814556059,0.9086427916009184,2.4341070471070614,2.273508248081085,63.757611745055456,100.0,100.0,-36.242388254944544,short_rains,600.9606534616394,1.0,4.0,3,train,False
Nairobi,2020-10-01,2020,10,1,1,Minimal,0.0,1.0004033639580097,0.9993429939949854,0.6004300317709479,0.0231367448945054,1.587510731043532,1.352733447058914,84.19285552372145,49.19091236945869,71.59107209980388,12.601783423917567,short_rains,349.07589029272395,2.0,4.0,3,train,False
Nakuru,2020-10-01,2020,10,1,1,Minimal,0.0,1.0,0.9758499055944192,1.0860386467649017,1.4928318990364309,2.478002629328536,2.230321123089141,89.92017817480767,81.2437030262581,100.0,-10.079821825192326,short_rains,337.82261196850334,1.0,4.0,3,train,False
Nandi,2020-10-01,2020,10,1,1,Minimal,0.0,1.0,0.9998151603533764,2.394244209151548,2.7091793261835533,3.4527440945448014,2.022457414084444,51.71934549053974,77.5736131704618,100.0,-48.28065450946026,short_rains,636.3375639959971,1.0,4.0,3,train,False
Narok,2020-10-01,2020,10,2,2,Stressed,0.0,1.5907436668769412,0.9926670244595848,-0.1406742642878522,0.393847395160766,2.767774543730885,2.7754397418575376,100.0,73.92881364338052,96.11752887858056,3.8824711214194423,short_rains,449.4351533314782,1.0,4.0,3,train,False
Nyamira,2020-10-01,2020,10,1,1,Minimal,0.0,1.0,0.999826225293629,0.5924269646240689,0.8476407532341578,2.4066320489946538,2.1601208019169285,84.87430777243767,58.89239412362571,100.0,-15.125692227562325,short_rains,707.0676224501927,1.0,4.0,3,train,False
Nyandarua,2020-10-01,2020,10,1,1,Minimal,0.0,1.0004995442155116,0.9998954460054982,0.6137394409584417,1.3029932927304384,2.4169343957566194,2.239966616153686,62.73071474440593,71.61175245937034,100.0,-37.26928525559407,short_rains,478.59632261521887,1.0,4.0,3,train,False
Nyeri,2020-10-01,2020,10,1,1,Minimal,0.0,1.000617529631617,0.9998784268825546,-0.2269633899545834,1.0800439241695317,2.709105213565593,2.6768383125648216,72.34464558749727,100.0,100.0,-27.65535441250273,short_rains,596.5685209899478,1.0,4.0,3,train,False
Samburu,2020-10-01,2020,10,2,2,Stressed,9.004278884646083e-05,2.0000900427888464,0.9998856198827256,0.065572461636211,1.38858457373754,2.144551590548871,2.02117480216804,100.0,84.9045503410247,98.86851239163047,1.1314876083695253,short_rains,233.37064745956647,2.0,4.0,3,train,True
Siaya,2020-10-01,2020,10,1,1,Minimal,0.0,1.0,0.7130635075059107,1.1272770123887723,0.761280195674621,2.261786146131304,1.887855452066433,70.08408060249978,56.166562398978655,70.20341941578916,-0.11933881328937446,short_rains,703.9110029852106,1.0,4.0,3,train,False
Taita Taveta,2020-10-01,2020,10,2,2,Stressed,0.0,2.0,0.9966783872024652,1.97138367101386,-0.3706099839737279,2.1021728975511,1.9329037500013144,100.0,92.51441621583356,91.109411529203,8.890588470796999,short_rains,337.281834884778,1.0,4.0,3,train,False
Tana River,2020-10-01,2020,10,2,2,Stressed,0.0,2.0,0.9998360101777364,4.080586865515502,0.7856137797638293,1.47743142956484,1.1028292981706838,100.0,88.79109920431152,80.14452589591447,19.85547410408553,short_rains,208.9215702880231,2.0,4.0,3,train,False
Tharaka-Nithi,2020-10-01,2020,10,2,2,Stressed,0.0,1.9941209719593045,0.9999734151748034,0.7272534632976259,0.4215072530512447,2.273201324891461,2.1461970325162185,63.30509911211165,78.77334394283699,67.57112773677542,-4.266028624663775,short_rains,386.5660928989662,1.0,4.0,3,train,False
Trans Nzoia,2020-10-01,2020,10,1,1,Minimal,0.0,1.0,0.9977780064560036,3.0620044872632466,3.4233225543894004,3.9562054288181736,2.626735915481586,0.0,79.01327102662559,87.47243364546932,-87.47243364546932,short_rains,575.422482832226,1.0,4.0,3,train,False
Turkana,2020-10-01,2020,10,2,2,Stressed,0.0293371451880573,2.029337145188057,0.9601518049314632,0.5101941721034285,0.8131517584363557,2.2966509523746432,2.315574744057876,97.22172533837926,76.75213096800024,85.07910006991308,12.142625268466176,short_rains,134.93439886021372,2.0,4.0,3,train,True
Uasin Gishu,2020-10-01,2020,10,1,1,Minimal,0.0,1.0,0.9999480360329532,3.0813654579027814,3.4312755055073167,3.5325399755410074,2.0051561099329334,68.1137528146267,97.2380035564996,91.99588268696608,-23.88212987233939,short_rains,466.5756532543863,1.0,4.0,3,train,False
Vihiga,2020-10-01,2020,10,1,1,Minimal,0.0,1.0,0.999819355374512,1.4518690232821791,1.3528830431594177,2.6889526642718984,2.0531357016242864,55.999500003086446,89.08327560222662,100.0,-44.000499996913554,short_rains,638.2354464495623,1.0,4.0,3,train,False
Wajir,2020-10-01,2020,10,2,2,Stressed,0.0,2.0,0.9996281763295076,2.9604038348319315,-0.8249937825797623,1.702786082046523,1.695208079360057,91.72802510556453,65.84089299389983,54.56358321934109,37.164441886223436,short_rains,220.92597534518788,2.0,4.0,3,train,True
West Pokot,2020-10-01,2020,10,2,2,Stressed,0.0,1.5595094754063683,0.992670845211275,2.8438762517977496,2.310668220183138,3.0051071938794864,2.3022152819996218,94.48262347457522,100.0,94.79876171316327,-0.3161382385880529,short_rains,366.78840132412165,1.0,4.0,3,train,False
Baringo,2021-02-01,2021,2,2,2,Stressed,0.0012764398029468,1.565220742668019,0.9999994222363934,1.1790149174468274,2.1039690270832128,3.167650956999017,2.4675110789199133,97.48583974770698,100.0,100.0,-2.514160252293024,dry_jf,407.6410955536569,1.0,4.0,3,test,True
Bomet,2021-02-01,2021,2,1,1,Minimal,0.0,1.0,0.9999591445882084,2.902057809118117,4.425774905856421,3.7291972599883247,0.8035863972096283,100.0,95.55182667973156,80.64097741229999,19.35902258770001,dry_jf,705.0356352221398,1.0,4.0,3,test,False
Bungoma,2021-02-01,2021,2,1,1,Minimal,0.0,1.0,0.9970207416060456,2.2240979546879456,3.0579403472499704,4.012565800393736,2.6159351317664954,100.0,43.75423155969014,30.64389006735499,69.35610993264501,dry_jf,684.143518918554,1.0,4.0,3,test,False
Busia,2021-02-01,2021,2,1,1,Minimal,0.0,1.0,0.914162035136638,4.115840190387835,4.753424308817087,4.753424308817087,2.664669295904697,74.92524350713435,66.44077152091216,63.74473589210619,11.180507615028162,dry_jf,504.89251568895395,1.0,4.0,3,test,False
Elgeyo-Marakwet,2021-02-01,2021,2,1,1,Minimal,0.0,1.000236473294127,0.999951785576505,1.3165093388624702,2.0719547330797896,3.776771057411773,3.4775503255872486,100.0,93.6087425705635,96.17746100936291,3.822538990637085,dry_jf,424.00498148048365,1.0,4.0,3,test,False
Embu,2021-02-01,2021,2,2,2,Stressed,0.0,1.6735118101649862,0.999989010318564,-0.33019645098466,-0.5504141927161289,-0.4052100750267692,1.3844551191739558,83.79201488923482,59.588652129756326,100.0,-16.20798511076518,dry_jf,401.4457023614595,2.0,4.0,3,test,False
Garissa,2021-02-01,2021,2,2,2,Stressed,0.0007286948917126,2.0007286948917127,0.9994687456476156,-0.8206262114412294,-0.943289156396358,-0.4682164159395248,2.76498466590112,65.51720703483267,50.34446849021333,66.08566056692992,-0.5684535320972515,dry_jf,210.6771075185111,2.0,4.0,3,test,False
Homa Bay,2021-02-01,2021,2,1,1,Minimal,0.0,1.0,0.6628357436647451,3.730376037142034,4.753424308817087,4.753424308817087,1.809250541256033,78.31161393932553,77.93083869050479,84.34320888398261,-6.031594944657087,dry_jf,658.3122810444571,1.0,4.0,3,test,False
Isiolo,2021-02-01,2021,2,3,3,Crisis or worse,0.9990888782109564,2.9990877314818016,0.9999633859889622,-0.8420182961631433,-0.422365810185149,-0.3717510285263822,1.7156497140807176,44.50364799568642,70.13051807534465,76.10734994923304,-31.60370195354662,dry_jf,121.15801476654195,2.0,4.0,3,test,False
Kajiado,2021-02-01,2021,2,2,2,Stressed,0.0,1.9988406914293937,0.986656858550284,0.4185577261065241,0.2321589281656647,0.2652877861633992,1.248729812961145,74.74725279962914,70.02346811939081,100.0,-25.252747200370862,dry_jf,244.0590119973267,2.0,4.0,3,test,False
Kakamega,2021-02-01,2021,2,1,1,Minimal,0.0,1.0,0.999843271229553,2.64558262020319,3.929276385385176,4.753424308817087,3.086746262107349,97.60051953498554,100.0,72.5167806975961,25.083738837389433,dry_jf,521.962946970816,1.0,4.0,3,test,False
Kericho,2021-02-01,2021,2,1,1,Minimal,0.0,1.0,0.9999526229648776,2.3937485645359726,4.521521026551103,4.62902039127204,2.550055947054488,100.0,84.86921086350753,91.83335885346816,8.166641146531845,dry_jf,577.6437811642602,1.0,4.0,3,test,False
Kiambu,2021-02-01,2021,2,1,1,Minimal,0.0,1.001036389650512,0.9998318358451616,-0.0033610525675779,0.1654334051865357,0.7268139281323979,1.0373762067154553,90.29480968562105,63.89022265914132,100.0,-9.705190314378953,dry_jf,365.1581675938478,1.0,4.0,3,test,False
Kilifi,2021-02-01,2021,2,2,2,Stressed,0.0,1.8519079410971755,0.9942000599716618,1.0696043660873389,0.1384177430045534,0.410926115481366,0.6814459787570624,67.85931480396631,42.38080284079576,65.23618779839067,2.6231270055756397,dry_jf,485.9236308469297,2.0,4.0,3,test,False
Kirinyaga,2021-02-01,2021,2,1,1,Minimal,0.0,1.0002979699864478,0.9999074216214424,-0.1456132164724804,-0.0486842550449279,0.3916646820452522,1.6821023845029337,55.78038982294294,71.88046781200313,96.78591494150038,-41.00552511855744,dry_jf,523.427425427593,1.0,4.0,3,test,False
Kisii,2021-02-01,2021,2,1,1,Minimal,0.0,1.0,0.9995821721572732,3.937914167994093,4.71261054855313,3.903076177409571,0.7106424221642467,76.71907879954456,95.82455974708348,98.61006792693738,-21.890989127392814,dry_jf,771.8724273402603,1.0,4.0,3,test,False
Kisumu,2021-02-01,2021,2,1,1,Minimal,0.0,1.0,0.7829061444141889,3.3589839102978853,4.730347186841545,4.753424308817087,2.871922192713716,100.0,100.0,100.0,0.0,dry_jf,650.4965825795291,1.0,4.0,3,test,False
Kitui,2021-02-01,2021,2,2,2,Stressed,4.6473543592997e-08,1.9037540129938384,0.9999744547689636,-0.1047761122716484,-0.3513034932369078,-0.2115983662534598,2.96749462557718,51.014974711359365,42.24716790858179,100.0,-48.985025288640635,dry_jf,350.0498777837523,2.0,4.0,3,test,False
Kwale,2021-02-01,2021,2,2,2,Stressed,0.0,1.9962703910501145,0.9912677758629532,1.4240965539369377,0.811653895864451,1.1283751215115676,1.8199540584324725,82.27693777132596,40.41566968671944,41.04649327757131,41.23044449375465,dry_jf,461.4118591660762,2.0,4.0,3,test,False
Laikipia,2021-02-01,2021,2,2,2,Stressed,0.0016009974195492,1.890952635011048,1.0000113911910384,-0.424082590208376,0.0671729301256394,1.6111756532439956,1.7634617745515575,79.63389508343816,89.95324833499294,95.40129312572287,-15.76739804228471,dry_jf,378.6133408439104,2.0,4.0,3,test,False
Lamu,2021-02-01,2021,2,2,2,Stressed,0.0,2.0,0.9772482590215352,-0.1183483065917287,-0.6254147227492068,-0.6118765908245234,0.1698853776268591,81.08722067953258,57.05695824142166,81.45441272547058,-0.3671920459379976,dry_jf,394.8891092289726,2.0,4.0,3,test,False
Machakos,2021-02-01,2021,2,1,1,Minimal,0.0,1.004755332291827,0.9999321623262248,-0.346794793005154,-0.5372815537229509,-0.4544401513629881,1.2528696740888474,61.85708992788309,55.312446294534745,100.0,-38.14291007211691,dry_jf,347.0698296320569,1.0,4.0,3,test,False
Makueni,2021-02-01,2021,2,2,2,Stressed,0.0,1.996641026254191,0.9999721487558012,0.4638561920877441,0.2597291166666391,0.3333354928196688,2.3772990141272343,84.92303351981556,39.10112339809776,93.02817601845364,-8.105142498638074,dry_jf,210.84898907247097,2.0,4.0,3,test,False
Mandera,2021-02-01,2021,2,2,2,Stressed,0.2088552585930461,2.2088552585930463,0.993484616553572,-0.4638451385199358,-0.2645972908038674,-0.1710264292847924,3.948306212244171,46.27485163172182,59.43168245851894,100.0,-53.72514836827818,dry_jf,147.72597818452132,2.0,4.0,3,test,False
Marsabit,2021-02-01,2021,2,3,3,Crisis or worse,0.8396304411062729,2.839630441106273,0.9337778665062122,-0.7767242627831549,0.1266078838943962,0.2147773292736889,1.5035895672839874,43.526873557941286,42.06290247643231,83.67609140041111,-40.149217842469824,dry_jf,183.11284628508548,2.0,4.0,3,test,True
Meru,2021-02-01,2021,2,2,2,Stressed,0.0045985762816944,1.526743128259189,0.99990361804116,-0.4217466057931461,-0.4794392855508617,-0.3158246693277013,1.931023755521385,80.89987114044156,83.61189820989634,100.0,-19.10012885955844,dry_jf,469.95952152110806,2.0,4.0,3,test,False
Migori,2021-02-01,2021,2,1,1,Minimal,0.0,1.0001493995224389,0.8093394361863654,3.497983326538137,4.753424308817087,4.753424308817087,0.63339189039062,100.0,88.66345792556822,72.90721218389733,27.09278781610267,dry_jf,460.4970135975702,1.0,4.0,3,test,False
Mombasa,2021-02-01,2021,2,1,1,Minimal,0.0,1.004160143081516,0.945430610879302,0.7678410331862047,0.0075231614226994,0.6035963446297058,0.6468618213896862,63.804189032381984,47.63156992277741,31.19821917192185,32.605969860460135,dry_jf,339.4545465241538,1.0,4.0,3,test,False
Murang'a,2021-02-01,2021,2,1,1,Minimal,0.0,1.0,0.9998960447776898,-0.1964192348252052,-0.0476382295273792,0.4831951633943127,0.7380043361376131,100.0,74.37381284137322,91.8660116338766,8.133988366123404,dry_jf,600.9606534616394,1.0,4.0,3,test,False
Nairobi,2021-02-01,2021,2,1,1,Minimal,0.0,1.0004033639580097,0.9993429939949856,0.0423834737642488,0.1274116640879483,0.4911171321155853,1.2322360803867176,56.698900629125234,45.3666002974181,79.13795242440263,-22.439051795277393,dry_jf,349.07589029272395,1.0,4.0,3,test,False
Nakuru,2021-02-01,2021,2,1,1,Minimal,0.0,1.0000173105892736,0.9758499055944192,1.7740056568790352,2.6287324823303795,2.611394972904933,1.3845813335109312,96.1398611813866,80.99584817417448,95.9703891512344,0.1694720301522068,dry_jf,337.82261196850334,1.0,4.0,3,test,False
Nandi,2021-02-01,2021,2,1,1,Minimal,0.0,1.0,0.9998151603533764,2.345729489944704,3.983928369609132,4.753424308817087,3.4572996656990296,100.0,64.45538244454283,76.60605189826718,23.393948101732818,dry_jf,636.3375639959971,1.0,4.0,3,test,False
Narok,2021-02-01,2021,2,2,2,Stressed,0.0,1.7058339229792878,0.9926859917708906,1.9241333113240204,2.913349302745267,2.887515330309606,0.6983840295264151,86.39372918505414,100.0,100.0,-13.606270814945859,dry_jf,449.4351533314782,2.0,4.0,3,test,False
Nyamira,2021-02-01,2021,2,1,1,Minimal,0.0,1.0,0.999826225293629,3.682755634101405,4.630079884870813,3.9182879022635095,1.0657561819083932,97.65487081522656,88.46743357939114,86.58963182416467,11.06523899106189,dry_jf,707.0676224501927,1.0,4.0,3,test,False
Nyandarua,2021-02-01,2021,2,1,1,Minimal,0.0,1.0009519970820215,0.999895468296296,0.2612099052752863,0.9816262920210618,1.8713442659563744,1.2061661370748529,98.18920393032424,52.209288709301184,87.87079347160456,10.318410458719683,dry_jf,478.59632261521887,1.0,4.0,3,test,False
Nyeri,2021-02-01,2021,2,2,2,Stressed,0.0,1.5432317644141675,0.9999011292611956,0.2200753966319782,0.578574446962451,1.1743018344313687,1.1231153321626586,98.41302605754905,57.04410238835151,100.0,-1.5869739424509532,dry_jf,596.5685209899478,1.0,4.0,3,test,False
Samburu,2021-02-01,2021,2,2,2,Stressed,0.3777053423123708,2.377705342312371,0.9999064872720288,-0.6700802891260986,-0.1114787230639032,0.518467886748152,1.153637779652557,75.21737194092424,100.0,84.20820894434758,-8.990837003423337,dry_jf,233.37064745956647,2.0,4.0,3,test,True
Siaya,2021-02-01,2021,2,1,1,Minimal,0.0,1.0,0.7130635075059107,3.7579510696161167,4.616208738297107,4.753424308817087,2.558757197956299,84.50294172940141,74.39163711566479,85.87931795964467,-1.3763762302432525,dry_jf,703.9110029852106,1.0,4.0,3,test,False
Taita Taveta,2021-02-01,2021,2,1,1,Minimal,0.0,1.001991192206985,0.996689633840372,1.030343057726567,0.5354084224688977,0.6882643145351075,1.347188016966121,62.99582496496483,22.88570763471804,98.22266179592494,-35.2268368309601,dry_jf,337.281834884778,2.0,4.0,3,test,False
Tana River,2021-02-01,2021,2,2,2,Stressed,0.0007261701376578,2.0006960040565374,0.999836851891433,-0.4288913863080079,-0.6530709703688985,-0.2903276903377598,2.556014954743123,55.44957134082362,46.73125122647717,93.45050764259854,-38.00093630177492,dry_jf,208.9215702880231,2.0,4.0,3,test,False
Tharaka-Nithi,2021-02-01,2021,2,2,2,Stressed,0.0,1.9941209719593045,0.9999734151748034,-0.4927875532014775,-0.7510356847736875,-0.6578845131477843,1.3753300661162675,55.34069099216208,39.65982599084951,98.45787669804314,-43.117185705881056,dry_jf,386.5660928989662,2.0,4.0,3,test,False
Trans Nzoia,2021-02-01,2021,2,1,1,Minimal,0.0,1.0,0.9977780064560036,1.7668357221827908,2.787309379096919,4.699690309127995,3.825859642248864,95.72504214166128,82.75168541797215,51.69071505962473,44.03432708203655,dry_jf,575.422482832226,1.0,4.0,3,test,False
Turkana,2021-02-01,2021,2,3,3,Crisis or worse,0.9997793342202268,2.999779334220227,0.9601531475982532,0.2269506816068838,1.6181967235251606,2.025500215948357,1.5541335363893984,100.0,100.0,95.78661465906148,4.213385340938515,dry_jf,134.93439886021372,2.0,4.0,3,test,True
Uasin Gishu,2021-02-01,2021,2,1,1,Minimal,0.0,1.0,0.9999480360329532,1.409215727155834,2.530777519997248,4.374647935153654,3.805620664494819,89.05435275222973,88.57534806031414,79.08394831521522,9.970404437014508,dry_jf,466.5756532543863,1.0,4.0,3,test,False
Vihiga,2021-02-01,2021,2,1,1,Minimal,0.0,1.0,0.9998193553745144,3.264992527753395,4.277980122076809,4.753424308817087,2.7398382198281697,100.0,100.0,99.98591870587252,0.014081294127478827,dry_jf,638.2354464495623,1.0,4.0,3,test,False
Wajir,2021-02-01,2021,2,2,2,Stressed,0.2272400688044887,2.227240068804489,0.9996402656839408,-0.54671764548257,-0.535504765691962,-0.5034179413731681,1.45105146092486,47.7503813192192,35.0599064055948,100.0,-52.2496186807808,dry_jf,220.92597534518788,2.0,4.0,3,test,True
West Pokot,2021-02-01,2021,2,2,2,Stressed,0.0026265871503274,1.5621373993221743,0.9926738576986508,0.8844724179794544,2.6904642227053808,4.064527235520402,3.3150572313343623,96.6669229251126,100.0,100.0,-3.333077074887399,dry_jf,366.78840132412165,2.0,4.0,3,test,False
Baringo,2021-06-01,2021,6,2,2,Stressed,0.0012764558744314,1.756144249456091,0.9999868315345604,-1.039835149151442,-0.4272809459894146,0.3113412978395057,0.4769632996316506,28.55121887942544,31.61245998194613,39.08345647590116,-10.532237596475717,dry_jjas,407.6410955536569,2.0,4.0,3,test,True
Bomet,2021-06-01,2021,6,1,1,Minimal,0.0,1.0,0.9999591445882084,-0.2472064737957708,0.5148220931800263,1.939234620589807,1.4585266542794162,70.37157361806638,80.6505079761564,66.94027405937997,3.431299558686405,dry_jjas,705.0356352221398,1.0,4.0,3,test,False
Bungoma,2021-06-01,2021,6,1,1,Minimal,0.0,1.0,0.9970207416060456,-0.8176299965517617,-0.311201580331211,1.2592936499099436,1.3027366457121548,60.70450049509662,45.454577366364965,58.561404151751184,2.1430963433454338,dry_jjas,684.143518918554,1.0,4.0,3,test,False
Busia,2021-06-01,2021,6,1,1,Minimal,0.0,1.0,0.914162035136638,-1.0966334903962454,-0.2213669299934874,2.1505178406528547,2.2469920530891283,71.08169743155347,66.07215606527934,81.7749527182806,-10.693255286727137,dry_jjas,504.89251568895395,1.0,4.0,3,test,False
Elgeyo-Marakwet,2021-06-01,2021,6,1,1,Minimal,0.0,1.0037560184868533,0.9999614710628044,-1.1833212914403042,-0.618959738026959,0.5306359937788954,0.786269566498549,36.05632069209561,32.50590516611253,53.7874490771798,-17.73112838508419,dry_jjas,424.00498148048365,1.0,4.0,3,test,False
Embu,2021-06-01,2021,6,2,2,Stressed,0.0,1.6735118101649862,0.999989010318564,-0.5349549041705337,-0.126298210978573,-0.5794195626739768,-0.3344308088444233,48.4189664845475,59.5412460287989,78.68456559366106,-30.265599109113566,dry_jjas,401.4457023614595,2.0,4.0,3,test,False
Garissa,2021-06-01,2021,6,2,2,Stressed,0.3203242908954425,2.3203242908954422,0.9994999510838876,-0.8427296380108293,-0.9165843983958664,-1.0738285647689585,-0.9364313789979164,19.431145091148924,23.319616260537284,30.511923774302947,-11.080778683154023,dry_jjas,210.6771075185111,2.0,4.0,3,test,False
Homa Bay,2021-06-01,2021,6,1,1,Minimal,0.0,1.0,0.6628357436647451,-0.6503182881804138,0.0356455718020119,2.743452624653304,2.2702801459767965,49.84430206116008,65.23016941032085,56.39666093799397,-6.5523588768338925,dry_jjas,658.3122810444571,1.0,4.0,3,test,False
Isiolo,2021-06-01,2021,6,3,3,Crisis or worse,0.9991128008294966,2.9991116541003144,0.9999633623582426,-0.540184053309348,-0.5125035779695631,-0.6515621894155836,-0.7509050601609588,13.830326999986085,20.13766569071865,20.805826727253045,-6.9754997272669605,dry_jjas,121.15801476654195,3.0,4.0,3,test,False
Kajiado,2021-06-01,2021,6,2,2,Stressed,0.0,1.9988406914293937,0.986656858550284,-1.2056008220269874,-0.4408362274196746,-0.462222723964125,-0.040755368399543,57.45765443667707,72.01217501001587,44.18889168727192,13.268762749405148,dry_jjas,244.0590119973267,2.0,4.0,3,test,False
Kakamega,2021-06-01,2021,6,1,1,Minimal,0.0,1.0,0.999843271229553,-0.7365109957195751,-0.1967057271154589,1.656060931452522,1.5637666109714257,65.41586136151945,53.59790982996154,71.9934060978723,-6.5775447363528485,dry_jjas,521.962946970816,1.0,4.0,3,test,False
Kericho,2021-06-01,2021,6,1,1,Minimal,0.0,1.0,0.9999526229648776,-0.3156506265411018,0.3740422986747952,1.983964357172855,1.3692550111196284,49.64709476228221,51.679574546451306,60.6651144206775,-11.01801965839529,dry_jjas,577.6437811642602,1.0,4.0,3,test,False
Kiambu,2021-06-01,2021,6,1,1,Minimal,0.0,1.001036389650512,0.9998318358451616,-0.7176612121076398,0.0319866766528852,-0.2324153963292706,-0.1952025538492305,57.38715439358307,76.7414643494289,62.12302197454828,-4.735867580965213,dry_jjas,365.1581675938478,1.0,4.0,3,test,False
Kilifi,2021-06-01,2021,6,2,2,Stressed,0.0,1.8525761408265788,0.9941947448545106,-1.7031440223054457,-1.1147899585964076,-0.3558455125758633,0.4663105963450312,1.520647039606235,22.01559748811127,12.991196536741084,-11.470549497134849,dry_jjas,485.9236308469297,2.0,4.0,3,test,False
Kirinyaga,2021-06-01,2021,6,1,1,Minimal,0.0,1.0002979699864478,0.9999074216214424,-0.5106750053645039,0.2259016732311073,-0.2138277145310902,0.0063801898723679,61.97908642955323,85.581710168145,86.35848985422801,-24.379403424674784,dry_jjas,523.427425427593,1.0,4.0,3,test,False
Kisii,2021-06-01,2021,6,1,1,Minimal,0.0,1.0,0.9995821721572732,-0.6430802486255783,0.0728230240742596,2.7549741305297992,2.1911108489649576,67.8748405033975,73.85904242700143,83.3746964617015,-15.49985595830401,dry_jjas,771.8724273402603,1.0,4.0,3,test,False
Kisumu,2021-06-01,2021,6,1,1,Minimal,0.0,1.0,0.7829061444141889,-0.4344240472686129,0.3113533107924924,2.571907090931317,2.138405502927279,55.42263515991284,51.103127030594415,79.94158939783684,-24.518954237923992,dry_jjas,650.4965825795291,1.0,4.0,3,test,False
Kitui,2021-06-01,2021,6,2,2,Stressed,4.647354359299758e-08,1.9994476057348527,0.9999744547689507,-1.1925123497213712,-1.0052690358061136,-0.7197995115910251,-0.2878284458525633,17.250946254169417,32.92048054451539,50.10039532311991,-32.84944906895049,dry_jjas,350.0498777837523,2.0,4.0,3,test,False
Kwale,2021-06-01,2021,6,2,2,Stressed,0.0,1.999579951437159,0.9912639533016692,-1.3588877358207805,-0.3693951442529654,0.2191527329321717,0.990882833690494,23.41127437195796,43.22448172359456,47.145397328664586,-23.734122956706628,dry_jjas,461.4118591660762,2.0,4.0,3,test,False
Laikipia,2021-06-01,2021,6,2,2,Stressed,0.0016009974195492,1.890952635011048,1.0000113911910384,-0.3465906185663532,0.2193205860102493,-0.2215078486044587,-0.4276239204805691,31.64113307847115,37.27448796228545,25.660906644687778,5.980226433783372,dry_jjas,378.6133408439104,2.0,4.0,3,test,False
Lamu,2021-06-01,2021,6,2,2,Stressed,0.0,2.0,0.977248259021535,-0.7695949800170797,-0.7184465054786701,-1.0057473918143358,-0.726964234334493,23.180828642937158,32.605180879770884,21.907644704260612,1.2731839386765458,dry_jjas,394.8891092289726,2.0,4.0,3,test,False
Machakos,2021-06-01,2021,6,1,1,Minimal,0.0,1.004755332291827,0.9999321623262248,-0.7022191658631084,-0.2943831588621676,-0.7318700072039801,-0.5482503288025606,41.87435727377239,61.0558355945605,57.19872037283808,-15.324363099065692,dry_jjas,347.0698296320569,1.0,4.0,3,test,False
Makueni,2021-06-01,2021,6,2,2,Stressed,0.0,1.9970632263425647,0.9999721487558016,-0.8337517145666125,-0.6413707733919416,-0.301555851220146,0.032525270817218,37.51391512850669,62.64242204342452,77.65140205953523,-40.13748693102854,dry_jjas,210.84898907247097,2.0,4.0,3,test,False
Mandera,2021-06-01,2021,6,2,2,Stressed,3.195631878386586e-07,2.000000319563188,0.9934831235411702,-0.8213038280200492,-0.7612848758030689,-0.6145930597010888,-0.6070478790345549,38.57702686571154,20.657263869287952,14.202109201807076,24.374917663904462,dry_jjas,147.72597818452132,2.0,4.0,3,test,False
Marsabit,2021-06-01,2021,6,3,3,Crisis or worse,0.8396304411062723,2.8396304411062725,0.9337778665062132,-0.8955965423690259,-0.9275351299434984,-0.2893834430189929,-0.499053553175143,24.675531886611253,23.13191562034689,18.929527352845845,5.746004533765408,dry_jjas,183.11284628508548,3.0,4.0,3,test,True
Meru,2021-06-01,2021,6,2,2,Stressed,0.0045985560789824,1.58274854094354,0.9999080108906668,-0.4321647038319043,-0.2263486164009954,-0.6593829309401245,-0.5267232507909371,38.84291344895815,43.87990850618149,40.26082546794945,-1.4179120189913021,dry_jjas,469.95952152110806,2.0,4.0,3,test,False
Migori,2021-06-01,2021,6,1,1,Minimal,0.0,1.0001493995224389,0.8093394361863654,-0.8555705056267199,-0.3501736316422462,2.500505964370604,2.1166349957387034,59.23170929824845,59.06632690731305,55.26195727768373,3.9697520205647194,dry_jjas,460.4970135975702,1.0,4.0,3,test,False
Mombasa,2021-06-01,2021,6,1,1,Minimal,0.0,1.004160143081516,0.945430610879302,-1.272750239885374,-0.5398638682837525,-0.3804932444646546,0.3514431660488954,9.771749234000088,48.51501868267514,29.45627171031684,-19.68452247631675,dry_jjas,339.4545465241538,1.0,4.0,3,test,False
Murang'a,2021-06-01,2021,6,1,1,Minimal,0.0,1.0,0.9998960447776898,-0.6038313582555768,0.3367136010355636,-0.0838943141780915,-0.0529107772843111,66.79683550916292,80.89699962614257,77.98857473369999,-11.191739224537073,dry_jjas,600.9606534616394,1.0,4.0,3,test,False
Nairobi,2021-06-01,2021,6,1,1,Minimal,0.0,1.0004033639580097,0.9993429939949856,-0.7413261904708266,-0.1439493128024317,-0.5176274574958104,-0.4372847280471807,57.192817267423735,57.33993048478142,34.61492525089828,22.577892016525453,dry_jjas,349.07589029272395,1.0,4.0,3,test,False
Nakuru,2021-06-01,2021,6,1,1,Minimal,0.0,1.0000238338747447,0.9758499055944194,-0.5345969191604802,0.2375105951151191,0.7401392297799544,0.8149393481978112,46.1092437414508,51.39921881591745,37.80874897372834,8.300494767722455,dry_jjas,337.82261196850334,1.0,4.0,3,test,False
Nandi,2021-06-01,2021,6,1,1,Minimal,0.0,1.0,0.9998151603533764,-0.5558410985913638,0.1859266980921143,1.9580552458100124,1.5061306842429076,69.63279752599951,51.890648798452354,57.8526177211063,11.780179804893208,dry_jjas,636.3375639959971,1.0,4.0,3,test,False
Narok,2021-06-01,2021,6,2,2,Stressed,0.0,1.7911628785045806,0.9926859190856234,-0.919758921940526,-0.0786333055718434,0.7826290999732584,0.6645670229279077,65.34224857537106,70.76290608722708,68.30576660109287,-2.963518025721811,dry_jjas,449.4351533314782,2.0,4.0,3,test,False
Nyamira,2021-06-01,2021,6,1,1,Minimal,0.0,1.0,0.999826225293629,-0.2094471579321837,0.3799138663523423,2.6910775488186647,1.9606426840524325,73.67597266133248,75.4588117326433,85.07387783629405,-11.397905174961565,dry_jjas,707.0676224501927,1.0,4.0,3,test,False
Nyandarua,2021-06-01,2021,6,1,1,Minimal,0.0,1.0009519970820218,0.999895468296186,-0.3941181112708696,0.3025571013006723,0.27870493781906,0.1639391647818668,64.23504836925669,59.38491820690484,47.78422617576364,16.450822193493046,dry_jjas,478.59632261521887,1.0,4.0,3,test,False
Nyeri,2021-06-01,2021,6,2,2,Stressed,0.0,1.5432317644141675,0.9999011292611956,-0.1899704703053893,0.5847820947017821,0.3738122247827563,0.4165111687897161,83.51947624415524,75.97693480440032,32.870919656186814,50.64855658796843,dry_jjas,596.5685209899478,2.0,4.0,3,test,False
Samburu,2021-06-01,2021,6,2,2,Stressed,0.3777053423123708,2.37770534231237,0.9999064872720288,-0.4962027861996647,-0.1867957963318529,-0.4086649547825225,-0.7341192476013318,29.115013229745085,29.678950258930545,23.97678752854184,5.138225701203243,dry_jjas,233.37064745956647,2.0,4.0,3,test,True
Siaya,2021-06-01,2021,6,1,1,Minimal,0.0,1.0,0.7130635075059107,-0.6194412425849286,0.1524049669966238,2.369724005592154,2.2740996964738343,70.22584700795342,68.74663191024754,69.86177392344415,0.3640730845092719,dry_jjas,703.9110029852106,1.0,4.0,3,test,False
Taita Taveta,2021-06-01,2021,6,2,2,Stressed,0.0,1.9500685733696892,0.9966839432888632,-1.822125207644954,-0.5678797946795507,-0.1540969571466872,0.5285291590334971,28.729528317483968,48.45176962559987,61.96157392354068,-33.232045606056715,dry_jjas,337.281834884778,1.0,4.0,3,test,False
Tana River,2021-06-01,2021,6,2,2,Stressed,0.0007261701376578,2.000722145263786,0.999836851891428,-1.2057110205200037,-1.17261896261327,-0.9061117983064656,-0.503861351739189,15.39686177900944,25.97729155303916,29.626834984401903,-14.229973205392463,dry_jjas,208.9215702880231,2.0,4.0,3,test,False
Tharaka-Nithi,2021-06-01,2021,6,2,2,Stressed,0.0,1.99416725435674,0.9999730250426144,-0.505572190627022,-0.3190581620134635,-0.8180394993055888,-0.5386277798981535,30.053744165063137,40.70138898504906,53.056980933497954,-23.003236768434817,dry_jjas,386.5660928989662,2.0,4.0,3,test,False
Trans Nzoia,2021-06-01,2021,6,1,1,Minimal,0.0,1.0,0.9977780064560036,-0.7005560949125887,-0.3322259545454777,1.1128223999439055,1.1932628270851118,45.396046641360975,28.185819939110285,41.6582188596987,3.7378277816622756,dry_jjas,575.422482832226,1.0,4.0,3,test,False
Turkana,2021-06-01,2021,6,3,3,Crisis or worse,0.9997793342202268,2.999779334220227,0.9601531475982534,-0.98452167090691,-0.5787308968142593,0.5676585228361106,0.4867000037963714,25.494990407261955,28.385919803044903,49.21466270953732,-23.719672302275367,dry_jjas,134.93439886021372,3.0,4.0,3,test,True
Uasin Gishu,2021-06-01,2021,6,1,1,Minimal,0.0,1.0,0.9999480360329532,-0.929556258702023,-0.3931680531944723,0.7259115162517865,0.8676304769204509,32.407100352981395,35.437751069361084,42.683095445692,-10.275995092710602,dry_jjas,466.5756532543863,1.0,4.0,3,test,False
Vihiga,2021-06-01,2021,6,1,1,Minimal,0.0,1.0,0.9998193553745144,-0.5610685721552454,0.2276902012967022,2.521519128229078,2.3275899847573425,84.17602546282596,67.19208681024263,93.08757873259869,-8.911553269772725,dry_jjas,638.2354464495623,1.0,4.0,3,test,False
Wajir,2021-06-01,2021,6,2,2,Stressed,0.2272431949323607,2.227243194932361,0.9996402654708704,-0.7943801153987636,-0.9122196234349572,-0.782766228479446,-0.6517642693231904,30.104392110717114,23.971003857048032,17.15723331624727,12.947158794469843,dry_jjas,220.92597534518788,2.0,4.0,3,test,True
West Pokot,2021-06-01,2021,6,2,2,Stressed,0.0026265868449534,1.86924916614214,0.992673973109578,-1.1069415547588766,-0.9084625097036392,0.7014442857589812,0.3940578412644068,28.063685746165092,29.159204928833237,44.64572348319351,-16.582037737028415,dry_jjas,366.78840132412165,2.0,4.0,3,test,False
Baringo,2021-10-01,2021,10,2,2,Stressed,0.4084085336769249,2.241932814124245,1.0000016385703907,-0.4191000501458878,0.8980016129925887,-0.0987886343472893,0.2462314233634029,50.38810183667616,40.98416276914621,65.05777394985319,-14.669672113177029,short_rains,407.6410955536569,2.0,4.0,3,test,True
Bomet,2021-10-01,2021,10,1,1,Minimal,0.0,1.0001339296253446,0.999959192908404,-0.1821841953365121,0.6354096432864194,1.1303874093387585,0.983187370179886,46.84175603608813,77.35946074839225,63.05764501127557,-16.21588897518744,short_rains,705.0356352221398,1.0,4.0,3,test,False
Bungoma,2021-10-01,2021,10,1,1,Minimal,0.0,1.0,0.9970207416060456,-1.1335579705675718,0.034628328782393,0.4501024400792764,1.0408330708136708,-21.31269405302167,80.76921259232192,72.96860615285816,-94.28130020587983,short_rains,684.143518918554,1.0,4.0,3,test,False
Busia,2021-10-01,2021,10,1,1,Minimal,0.0,1.0,0.914162035136638,-1.204949021355899,0.433828599566392,1.0638640621676354,1.5573160868393543,8.677174571522203,19.019327905617903,72.15573906435105,-63.47856449282885,short_rains,504.89251568895395,1.0,4.0,3,test,False
Elgeyo-Marakwet,2021-10-01,2021,10,1,1,Minimal,0.0002364710036806,1.00611566438125,0.9999614710587814,-0.4803098274839487,1.07772601350986,-0.0906142671559016,0.2163213997188595,-38.5342513758219,87.05732248776641,79.69799365716699,-118.23224503298889,short_rains,424.00498148048365,1.0,4.0,3,test,False
Embu,2021-10-01,2021,10,2,2,Stressed,0.0,1.667672206524964,0.999984606567881,0.5346678156317931,0.8536486467000522,0.1710526235281718,0.124579622266519,13.435341942050057,54.303429907474765,54.62595270811807,-41.19061076606801,short_rains,401.4457023614595,2.0,4.0,3,test,False
Garissa,2021-10-01,2021,10,3,3,Crisis or worse,0.9999999973761992,2.9999999973761997,0.999463976304146,-0.7259663178702253,-2.3371711591678728,-2.139151781271491,-1.9685948546142733,-2.1506408904535883,10.410157621019778,6.761745940818395,-8.912386831271984,short_rains,210.6771075185111,2.0,4.0,3,test,False
Homa Bay,2021-10-01,2021,10,1,1,Minimal,0.0,1.0,0.6628357436647451,-0.5444694145965066,0.3113530417237594,0.7936470590929721,0.9413837873582608,34.141411288830426,78.84469416371837,85.35109461191661,-51.20968332308618,short_rains,658.3122810444571,1.0,4.0,3,test,False
Isiolo,2021-10-01,2021,10,3,3,Crisis or worse,0.999620550779009,2.999619404047647,0.9999614613825724,-0.7734943132384516,0.7565317147540872,-0.8781166619687056,-0.8890463334997841,14.209690035831771,18.10776886382284,18.95495219409961,-4.74526215826784,short_rains,121.15801476654195,3.0,4.0,3,test,False
Kajiado,2021-10-01,2021,10,2,2,Stressed,0.0,1.9988406914293937,0.986656858550284,2.8377731393622225,1.5694520350479777,-0.0942343470435443,-0.232119111033141,29.48805434460112,44.24731166697979,58.6009153283116,-29.11286098371048,short_rains,244.0590119973267,2.0,4.0,3,test,False
Kakamega,2021-10-01,2021,10,1,1,Minimal,0.0,1.0,0.9998432712295532,-0.9142848582586428,0.3260629307097247,0.9105119457061508,1.4073093357699311,22.74455698758336,69.77116651488049,60.17043177002795,-37.425874782444595,short_rains,521.962946970816,1.0,4.0,3,test,False
Kericho,2021-10-01,2021,10,1,1,Minimal,0.0,1.0,0.9999526229648772,-0.4008192251059329,0.7380930642157947,1.2710223075908735,1.3767803580892055,29.9000843643252,89.38934511603955,72.79271475214965,-42.892630387824454,short_rains,577.6437811642602,1.0,4.0,3,test,False
Kiambu,2021-10-01,2021,10,1,1,Minimal,0.0,1.001036389650512,0.9998318358451616,2.8571646980344667,0.9252004777919556,-0.0356104516725186,-0.2574732136679868,19.66701750743464,57.16731747185744,58.41650602539302,-38.74948851795838,short_rains,365.1581675938478,1.0,4.0,3,test,False
Kilifi,2021-10-01,2021,10,2,2,Stressed,0.0025432885968681,2.0024814344946176,0.9941917902689316,1.0908774551955425,-1.0672337084542791,-2.233836341317296,-2.3114283936074123,-3.099458209658279,-5.343700254113449,-3.385020446950413,0.28556223729213404,short_rains,485.9236308469297,2.0,4.0,3,test,False
Kirinyaga,2021-10-01,2021,10,1,1,Minimal,0.0,1.000297291880471,0.9999074216214416,0.7807777692130243,0.6012505121723053,-0.0794532391751619,-0.1537198477331461,11.036320832098964,47.88816119058019,44.63156898162565,-33.59524814952668,short_rains,523.427425427593,1.0,4.0,3,test,False
Kisii,2021-10-01,2021,10,1,1,Minimal,0.0,1.0,0.9995821721614786,-0.2590177948285722,-0.4204141435852357,0.6531845555819752,0.7902583792279612,42.57801789964571,70.14970359498255,30.51360383072605,12.064414068919657,short_rains,771.8724273402603,1.0,4.0,3,test,False
Kisumu,2021-10-01,2021,10,1,1,Minimal,0.0,1.0,0.7829061444141889,-0.7678595001277434,0.7064711080314976,1.591596570798985,1.6566265590547342,58.62227992533497,61.00425053250632,61.68653246971113,-3.06425254437616,short_rains,650.4965825795291,1.0,4.0,3,test,False
Kitui,2021-10-01,2021,10,2,2,Stressed,0.0003494562889704,1.9997970373456608,1.0000139082032498,2.771205436485427,1.3588019472248345,-0.2064980904608094,-0.2844160020423651,31.8532595874542,33.86861634030528,44.10102597476336,-12.24776638730916,short_rains,350.0498777837523,2.0,4.0,3,test,False
Kwale,2021-10-01,2021,10,2,2,Stressed,0.0,1.99971200940671,0.9912639533016686,1.0406884989835856,-0.1871916647458849,-1.1526893158020872,-1.2236626836366356,-12.93598722917486,6.006442117014336,45.06256976751053,-57.998556996685394,short_rains,461.4118591660762,2.0,4.0,3,test,False
Laikipia,2021-10-01,2021,10,2,2,Stressed,0.0024785541807146,1.6940534145803936,1.0000560584133351,-0.5973120797736948,0.5948952237756544,-0.25540304372698,-0.0008316103785436,39.064956627846,34.75985066853073,48.57160274858183,-9.50664612073583,short_rains,378.6133408439104,2.0,4.0,3,test,False
Lamu,2021-10-01,2021,10,2,2,Stressed,0.0078360899683419,2.007836089968342,0.9773409282733216,-0.3278341179262032,-2.2037583430080945,-2.656347187035589,-2.7630859591065287,16.577780625436258,15.02836009086356,29.483315587497867,-12.905534962061608,short_rains,394.8891092289726,2.0,4.0,3,test,False
Machakos,2021-10-01,2021,10,1,1,Minimal,0.0,1.004755332291827,0.9999321623262248,3.0834691309417703,1.6845759058813807,0.2840431902190033,0.1415497956783302,21.609835461742996,58.21277804297971,54.95433251147603,-33.344497049733036,short_rains,347.0698296320569,1.0,4.0,3,test,False
Makueni,2021-10-01,2021,10,2,2,Stressed,0.0,1.947624889737296,0.9999852802990984,4.753424308817087,1.8362700027717545,-0.1020544130536449,-0.2442006723054892,29.386048974821566,40.35555179397437,50.35926863773111,-20.973219662909546,short_rains,210.84898907247097,2.0,4.0,3,test,False
Mandera,2021-10-01,2021,10,3,3,Crisis or worse,1.0,3.0,0.9934829486429024,-0.0031507567500676,0.0418761823754134,0.2414373318800722,0.2669163168478646,8.696443348242163,61.436982368623895,55.7402272429573,-47.04378389471514,short_rains,147.72597818452132,2.0,4.0,3,test,False
Marsabit,2021-10-01,2021,10,3,3,Crisis or worse,1.0,3.0,0.9337760885726984,-0.316241028189835,0.7849255618451321,-0.7854974290443573,-0.7727959135133684,27.16380464279761,31.65094885062781,34.626501379731025,-7.462696736933413,short_rains,183.11284628508548,3.0,4.0,3,test,True
Meru,2021-10-01,2021,10,1,1,Minimal,0.0045985762816944,1.49394074942472,0.9999036180411602,-0.3309288155740209,1.371953514838302,0.0051666121592198,0.0685644538008441,11.951636733000337,73.07113834839127,50.12949520276777,-38.177858469767436,short_rains,469.95952152110806,2.0,4.0,3,test,False
Migori,2021-10-01,2021,10,1,1,Minimal,0.0,1.0009600200580766,0.8093461789563474,-0.174890071477806,-0.1835386474511589,0.1920930119749222,0.3185354253489303,49.79514156583304,57.48792623424529,34.2181181661429,15.577023399690141,short_rains,460.4970135975702,1.0,4.0,3,test,False
Mombasa,2021-10-01,2021,10,1,1,Minimal,0.0,1.024159169166952,0.9454988271665984,1.2285632192359337,-0.6418552410980182,-1.6270227588788857,-1.6404054335389646,-8.048884509610758,-80.58050404823724,-26.25667442368372,18.20778991407296,short_rains,339.4545465241538,1.0,4.0,3,test,False
Murang'a,2021-10-01,2021,10,1,1,Minimal,0.0,1.0,0.9998960447776896,2.1549638472099035,0.7244319892399876,-0.0785522467220131,-0.2991173401594181,8.73672939843441,66.84696702172947,53.178700857837455,-44.44197145940305,short_rains,600.9606534616394,1.0,4.0,3,test,False
Nairobi,2021-10-01,2021,10,1,1,Minimal,0.0,1.0004033639580097,0.9993429939949852,3.473331350921861,1.1860728278389738,0.152675634372099,-0.0424970693727178,42.32827826767694,39.894084924147904,44.28344152875562,-1.955163261078674,short_rains,349.07589029272395,1.0,4.0,3,test,False
Nakuru,2021-10-01,2021,10,1,1,Minimal,0.0,1.0025313403769145,0.975865112804788,0.6137418785824532,1.168111516186774,0.330260505355622,0.3213569843962032,53.99026582912646,45.07259731468474,62.2702782767896,-8.28001244766314,short_rains,337.82261196850334,1.0,4.0,3,test,False
Nandi,2021-10-01,2021,10,1,1,Minimal,0.0,1.0,0.9998151603533766,-0.5561839717506131,0.8647695230388475,1.372249817860593,1.5418537556436651,13.403062576343714,94.26637538028956,56.575617048521984,-43.17255447217827,short_rains,636.3375639959971,1.0,4.0,3,test,False
Narok,2021-10-01,2021,10,2,2,Stressed,0.0,1.9972573232118724,0.9926950995646184,0.9082700636457702,1.2587247822051872,0.6348980835374508,0.3738346990179486,46.619112102696015,58.53129324724474,68.19874848353271,-21.579636380836696,short_rains,449.4351533314782,2.0,4.0,3,test,False
Nyamira,2021-10-01,2021,10,1,1,Minimal,0.0,1.0,0.999826225293641,-0.1678059114814278,0.0857132678194209,1.4293281232281303,1.4123819400335127,54.32238343964919,56.04528790880332,47.63422156039064,6.688161879258544,short_rains,707.0676224501927,1.0,4.0,3,test,False
Nyandarua,2021-10-01,2021,10,1,1,Minimal,0.0,1.0038019259309914,0.9999166595559328,0.9496150868216228,0.6580942494360469,-0.1234239042198706,-0.0800042156988138,30.06511929317116,74.90236605928784,54.53061887873256,-24.4654995855614,short_rains,478.59632261521887,1.0,4.0,3,test,False
Nyeri,2021-10-01,2021,10,2,2,Stressed,0.0,1.5432317644141689,0.9999011292611988,0.2129453777211254,0.5444062327977142,-0.0593161322932368,0.0104023411163583,8.027526259697426,76.85880065798213,46.08414965066737,-38.056623390969946,short_rains,596.5685209899478,2.0,4.0,3,test,False
Samburu,2021-10-01,2021,10,3,3,Crisis or worse,0.8831148110700653,2.8831148110700653,0.9998918531987876,-1.129073591713869,1.3272439789943238,-0.4173024547492736,-0.374333052385931,28.78348172647568,37.09126690226907,42.96404348707539,-14.180561760599705,short_rains,233.37064745956647,2.0,4.0,3,test,True
Siaya,2021-10-01,2021,10,1,1,Minimal,0.0,1.0,0.7130635075059107,-1.084453686705056,0.5233255667286576,1.089986008323932,1.4764930231888431,23.191170760206447,72.27069713665139,95.72132994324724,-72.5301591830408,short_rains,703.9110029852106,1.0,4.0,3,test,False
Taita Taveta,2021-10-01,2021,10,2,2,Stressed,0.000257074476969,2.000257074476969,0.996678387202404,1.0960836272992165,0.4920331791960691,-0.9147208715377184,-1.174764855281227,33.340571064472044,30.249055659482373,51.797041454916176,-18.45647039044413,short_rains,337.281834884778,2.0,4.0,3,test,False
Tana River,2021-10-01,2021,10,3,3,Crisis or worse,0.9790898750080568,2.9790898750080568,0.9998371308066,0.3309485267969174,-1.1826720425028203,-1.5486699468056109,-1.6374866091058329,19.72192351413568,17.46847494226546,11.495000394115952,8.226923120019727,short_rains,208.9215702880231,2.0,4.0,3,test,False
Tharaka-Nithi,2021-10-01,2021,10,2,2,Stressed,0.0,1.5708060749682615,0.9999875926821788,0.1354316284614761,1.1063999675340568,0.042791834885537,0.0705659999007317,0.2879194834745279,64.93928004592202,65.71733653056071,-65.42941704708619,short_rains,386.5660928989662,2.0,4.0,3,test,False
Trans Nzoia,2021-10-01,2021,10,1,1,Minimal,0.0,1.0040024533635254,0.9977844089794712,-0.3707804395338396,1.1420566802567982,0.5107271328784901,0.8301887603580119,-100.84482186546292,79.46835344508575,63.06964775492305,-163.91446962038597,short_rains,575.422482832226,1.0,4.0,3,test,False
Turkana,2021-10-01,2021,10,3,3,Crisis or worse,0.9998921777858758,2.999892177785876,0.9601522055179108,0.0687364841461042,0.3262354771411678,-0.2953608345595205,-0.1664251131643496,44.772579799594766,43.19281556054781,68.78607824724695,-24.013498447652182,short_rains,134.93439886021372,3.0,4.0,3,test,True
Uasin Gishu,2021-10-01,2021,10,1,1,Minimal,0.0,1.0,0.9999480360329528,-0.0422200413627018,1.2624594747502964,0.4242303611647856,0.5868991293783723,3.737763219751941,66.37128495731638,59.99903529744616,-56.26127207769422,short_rains,466.5756532543863,1.0,4.0,3,test,False
Vihiga,2021-10-01,2021,10,1,1,Minimal,0.0,1.0,0.9998193553745128,-0.9463635104547944,0.1986285945204678,0.9920143304963136,1.3398698547864458,60.47894766081694,91.61075864751209,52.59482767156128,7.884119989255659,short_rains,638.2354464495623,1.0,4.0,3,test,False
Wajir,2021-10-01,2021,10,3,3,Crisis or worse,0.9999999861444424,2.999999986144443,0.9996281767904694,-0.0103021701428275,-0.4460873586719804,-0.8758898002283719,-0.8575546124485994,4.975238441397298,21.392867299373123,25.287447119930945,-20.312208678533647,short_rains,220.92597534518788,2.0,4.0,3,test,True
West Pokot,2021-10-01,2021,10,2,2,Stressed,0.0027376216669028,2.000851966950456,0.9926739731095784,-0.7189668123010254,0.6519333155766376,-0.4120140198468372,0.097926849503146,45.23476300195681,43.280511920549344,56.23305110471151,-10.9982881027547,short_rains,366.78840132412165,2.0,4.0,3,test,False
Baringo,2022-02-01,2022,2,3,3,Crisis or worse,0.7540862630939753,2.627970066909002,0.9999899880038844,-1.1000835980354455,0.4934718477922184,-0.2661747324456219,0.1910157414033393,28.298390608300668,74.80067511426164,79.9446075828501,-51.64621697454943,dry_jf,407.6410955536569,2.0,4.0,3,test,True
Bomet,2022-02-01,2022,2,1,1,Minimal,0.0,1.0,0.9999591445797528,-0.1796422084289611,0.8434790630297722,1.2309758491651772,2.1714978057192065,33.80256635459362,63.584617921590365,78.10847614656754,-44.30590979197392,dry_jf,705.0356352221398,1.0,4.0,3,test,False
Bungoma,2022-02-01,2022,2,1,1,Minimal,0.0,1.0,0.9970207416060456,-0.7717223961391916,0.1217168389170183,-0.0955783151338935,0.4660788979711275,60.90344191910441,69.77096708796252,43.59411774742867,17.30932417167574,dry_jf,684.143518918554,1.0,4.0,3,test,False
Busia,2022-02-01,2022,2,1,1,Minimal,0.0,1.0,0.914162035136638,-1.229870037420386,-0.0362583468770209,-0.1761271382902548,0.6160259157226657,32.890142620752,63.70631828113012,62.64993754978651,-29.759794929034506,dry_jf,504.89251568895395,1.0,4.0,3,test,False
Elgeyo-Marakwet,2022-02-01,2022,2,1,1,Minimal,0.0006154999387937,1.0012309998775877,0.9999531832842422,-1.0556094722776777,0.3915147269272358,-0.1374673509605668,0.2382904166086546,52.88717563329566,90.6027633344159,84.74502821440798,-31.85785258111232,dry_jf,424.00498148048365,1.0,4.0,3,test,False
Embu,2022-02-01,2022,2,2,2,Stressed,0.0,1.667672206524964,0.999984606567881,-1.125641583182331,-1.3970191153118736,-1.568645473189288,-0.411737206696826,27.84258521406536,33.75451506725186,48.92010543138076,-21.077520217315403,dry_jf,401.4457023614595,2.0,4.0,3,test,False
Garissa,2022-02-01,2022,2,3,3,Crisis or worse,0.9999999973762296,2.99999999737623,0.9994755532207806,-0.8755319669909187,-1.2768771381024977,-1.45771074402451,-1.2620626920107694,-22.90138395393792,8.373156354799317,20.43795374431153,-43.33933769824945,dry_jf,210.6771075185111,3.0,4.0,3,test,False
Homa Bay,2022-02-01,2022,2,1,1,Minimal,0.0,1.0,0.6628357436647451,-0.3216711405329642,0.3318024146779207,-0.0759595474900121,0.642663576907864,20.93081896757636,47.07688601065825,68.53725686427511,-47.60643789669875,dry_jf,658.3122810444571,1.0,4.0,3,test,False
Isiolo,2022-02-01,2022,2,3,3,Crisis or worse,0.9996958383469756,2.999694691618864,0.999964295840184,-0.5404234703144369,-0.788055030197937,-0.8282154602756444,-1.1934809683510197,-9.483840291943697,2.598189573093566,16.85516486469976,-26.339005156643456,dry_jf,121.15801476654195,3.0,4.0,3,test,False
Kajiado,2022-02-01,2022,2,2,2,Stressed,0.0003473326511887,1.9982292008514904,0.9866570549192348,0.0493521812792429,-0.1920469756896096,-0.2615275502520442,0.5987307675286725,3.839236349539472,32.960833736776124,49.05749588157392,-45.21825953203445,dry_jf,244.0590119973267,2.0,4.0,3,test,False
Kakamega,2022-02-01,2022,2,1,1,Minimal,0.0,1.0,0.9998432712295532,-0.5919103181290594,0.5847618240217,0.5719782537875671,1.0542647123487767,52.49116623854817,73.78235655357844,65.14648852269205,-12.655322284143885,dry_jf,521.962946970816,1.0,4.0,3,test,False
Kericho,2022-02-01,2022,2,1,1,Minimal,0.0,1.0,0.9999526229648772,-0.3720548515996392,1.036675426815173,0.8616489169548538,1.7827562198604978,39.669693508496565,69.48503496909794,32.731560940938465,6.9381325675581,dry_jf,577.6437811642602,1.0,4.0,3,test,False
Kiambu,2022-02-01,2022,2,1,1,Minimal,0.0,1.001036389650512,0.9998318358451616,-0.3071498311475032,-0.5623213066013912,-0.4660146426314858,1.2871019595538598,26.33857042592648,66.40505065241157,50.494496596459264,-24.155926170532783,dry_jf,365.1581675938478,1.0,4.0,3,test,False
Kilifi,2022-02-01,2022,2,2,2,Stressed,0.0026957456765992,2.0026338916386943,0.9941928245142966,-1.542531494450065,-1.6771400840372972,-1.4071415342390174,0.2683645135014538,-21.64362909218072,-5.644623256830648,-7.749833530926689,-13.89379556125403,dry_jf,485.9236308469297,2.0,4.0,3,test,False
Kirinyaga,2022-02-01,2022,2,1,1,Minimal,0.0,1.000297291880471,0.9999074216214416,-1.4239876146018038,-1.4115459047906964,-1.572239389697347,-0.055566048332338,43.49362643435579,29.562150870078085,46.93687857812466,-3.4432521437688735,dry_jf,523.427425427593,1.0,4.0,3,test,False
Kisii,2022-02-01,2022,2,1,1,Minimal,0.0,1.0,0.9995821721572732,0.2502199083833654,1.115203715890503,0.8511885188037657,1.331613547548768,38.36130887726965,69.7068701782393,75.96967228890763,-37.60836341163798,dry_jf,771.8724273402603,1.0,4.0,3,test,False
Kisumu,2022-02-01,2022,2,1,1,Minimal,0.0,1.0,0.7829061444141889,-0.5429052898896409,0.6904996371143658,0.5202268968598657,1.3715963772196904,43.91510797321682,57.643662133765,69.19295476379094,-25.277846790574117,dry_jf,650.4965825795291,1.0,4.0,3,test,False
Kitui,2022-02-01,2022,2,3,3,Crisis or worse,0.7171754668500476,2.716623051191437,1.0000198543517862,-1.0705655904754896,-1.2524794110145778,-1.198571368285763,1.1309173771630796,-30.31551707277628,8.390622725616835,38.3636559501644,-68.67917302294069,dry_jf,350.0498777837523,2.0,4.0,3,test,False
Kwale,2022-02-01,2022,2,2,2,Stressed,0.0,1.99971200940671,0.9912639533016692,-1.4283977798521437,-0.8397831937746892,-0.6800733288750825,1.0051626730539742,-14.574270321091982,2.945372622747493,14.409103622351909,-28.98337394344389,dry_jf,461.4118591660762,2.0,4.0,3,test,False
Laikipia,2022-02-01,2022,2,2,2,Stressed,0.0044789414982201,2.003460408300666,1.0000548405307417,-1.0636547142937556,-0.488771967576134,-1.1887195896972311,-0.1513862322935591,-6.323607158736565,62.04985930628775,61.74461572327608,-68.06822288201265,dry_jf,378.6133408439104,2.0,4.0,3,test,False
Lamu,2022-02-01,2022,2,2,2,Stressed,0.0078360899683419,2.007836089968342,0.9773409282733216,-1.1763767666543898,-1.6669961685084749,-1.7755064338404003,-1.3595768088894176,-26.533799848973224,-0.1337859733982137,9.300831208733705,-35.83463105770693,dry_jf,394.8891092289726,2.0,4.0,3,test,False
Machakos,2022-02-01,2022,2,1,1,Minimal,0.0,1.0047553322918272,0.9999321623262246,-0.528074467868465,-0.7595674907508149,-0.7628166605064002,1.4548071706295924,-6.6510377592146455,19.525169840191005,54.12263513874103,-60.77367289795568,dry_jf,347.0698296320569,1.0,4.0,3,test,False
Makueni,2022-02-01,2022,2,3,3,Crisis or worse,0.5807681490964668,2.5283933083762946,0.9999904266357796,-0.205835978815276,-0.3735106849954327,-0.3305167924874761,1.9214762652140864,-26.05139282279508,24.314131636737443,57.31377374200347,-83.36516656479856,dry_jf,210.84898907247097,2.0,4.0,3,test,False
Mandera,2022-02-01,2022,2,3,3,Crisis or worse,1.0,3.0,0.993483110020438,0.1650475615103034,-0.3246266223428569,-0.3579593279574163,-0.3621888664625691,9.290418782082426,17.102726316332802,37.95113201290255,-28.66071323082012,dry_jf,147.72597818452132,3.0,4.0,3,test,False
Marsabit,2022-02-01,2022,2,3,3,Crisis or worse,1.0,3.0,0.9337760885721446,-0.3936074635277697,-0.64074076354193,-0.7608030830334306,-0.2792389443425019,2.406061659277754,4.945312077192264,33.8457633295159,-31.439701670238144,dry_jf,183.11284628508548,3.0,4.0,3,test,True
Meru,2022-02-01,2022,2,1,1,Minimal,0.3688172711205229,1.858168535798204,0.9999214202166412,-1.1252962839666822,-1.4045802735661392,-1.6289458873991438,-1.214783260554766,1.9093719477444089,32.83056241399562,35.38247595159853,-33.47310400385412,dry_jf,469.95952152110806,1.0,4.0,3,test,False
Migori,2022-02-01,2022,2,1,1,Minimal,0.0,1.0,0.8093394361863654,0.436005552668024,0.5852246524879879,0.1764371330154081,0.3727069348942795,27.63381109935054,61.392363840373314,64.00675243125504,-36.3729413319045,dry_jf,460.4970135975702,1.0,4.0,3,test,False
Mombasa,2022-02-01,2022,2,1,1,Minimal,0.0,1.024159169166952,0.9454988271665984,-1.3464093681785292,-1.2050856956134235,-0.9414785849459704,0.6074925374021147,-12.401222148945209,-12.006343248295998,-12.939715441107776,0.5384932921625669,dry_jf,339.4545465241538,1.0,4.0,3,test,False
Murang'a,2022-02-01,2022,2,1,1,Minimal,0.0,1.0,0.9998960447776896,-1.078097038275503,-1.1545892536032687,-1.0471435487629246,1.0021827543912138,81.28275784586938,70.91272001451658,62.583015203150175,18.699742642719208,dry_jf,600.9606534616394,1.0,4.0,3,test,False
Nairobi,2022-02-01,2022,2,1,1,Minimal,0.0,1.0004033639580097,0.999342993994985,0.1281308902954809,-0.2297569132268745,-0.0442665806082104,1.6211541601572106,-3.905290549380144,35.361767665631625,44.39762122012533,-48.30291176950547,dry_jf,349.07589029272395,1.0,4.0,3,test,False
Nakuru,2022-02-01,2022,2,1,1,Minimal,0.0,1.002054489930805,0.9758551681458982,-1.2359205394371036,-0.0173437635575795,0.0142710944454763,0.9625328443870014,28.59858918405562,71.54680480326113,78.04174117736773,-49.44315199331211,dry_jf,337.82261196850334,1.0,4.0,3,test,False
Nandi,2022-02-01,2022,2,1,1,Minimal,0.0,1.0,0.9998151603533764,-0.4118311935709163,1.1150703794758563,1.0996766138088363,1.6394118417117485,63.01885919016839,80.8088576362227,38.4237679019428,24.59509128822559,dry_jf,636.3375639959971,1.0,4.0,3,test,False
Narok,2022-02-01,2022,2,1,1,Minimal,0.0,1.0001312284969692,0.9926648706758656,-0.223478721760042,0.152689281109345,0.5629929292088484,1.5379488033027384,23.328797819579545,75.26841232881416,56.09229310002503,-32.76349528044548,dry_jf,449.4351533314782,2.0,4.0,3,test,False
Nyamira,2022-02-01,2022,2,1,1,Minimal,0.0,1.0,0.999826225293629,0.1657947451194876,1.1972419096381777,1.0748338164351623,1.6704817729070436,5.048722817833512,33.05070875107091,38.89091846283988,-33.84219564500636,dry_jf,707.0676224501927,1.0,4.0,3,test,False
Nyandarua,2022-02-01,2022,2,1,1,Minimal,0.0,1.005167858019678,0.9999166595580216,-1.367289457585983,-0.5548087139366513,-0.6725580596142575,0.5511053158450859,59.95776028964404,78.68952470677398,73.81248898971401,-13.85472870006997,dry_jf,478.59632261521887,1.0,4.0,3,test,False
Nyeri,2022-02-01,2022,2,2,2,Stressed,0.0,1.5479244481678869,0.9998906213099183,-1.4241684776167567,-1.0502420858157415,-1.43765721114748,-0.3910385154727543,47.50128473859245,30.35619195830749,49.0333275719434,-1.5320428333509497,dry_jf,596.5685209899478,2.0,4.0,3,test,False
Samburu,2022-02-01,2022,2,3,3,Crisis or worse,0.9999679421104064,2.9999679421104064,0.999906484533704,-0.7307466871112158,-0.9158911950727712,-1.353707577910492,-0.7598653071494306,-0.3189576411056526,49.14598145430717,59.09549256369152,-59.41445020479718,dry_jf,233.37064745956647,3.0,4.0,3,test,True
Siaya,2022-02-01,2022,2,1,1,Minimal,0.0,1.0,0.7130635075059107,-0.7946137912227835,0.3673372052395252,-0.0839087490860022,0.7174505883998009,34.31811640288126,68.43760858464539,81.76159741023042,-47.44348100734916,dry_jf,703.9110029852106,1.0,4.0,3,test,False
Taita Taveta,2022-02-01,2022,2,2,2,Stressed,0.0018167650223726,2.001816765022373,0.9966783872024708,-1.0230402039078474,-1.2188417680752366,-1.1551712846937794,-0.0033805124226428,-10.878176973121723,9.90075606037244,52.06330086672721,-62.941477839848936,dry_jf,337.281834884778,2.0,4.0,3,test,False
Tana River,2022-02-01,2022,2,3,3,Crisis or worse,0.9996131649090032,2.999613164909003,0.999837137284476,-1.1799414405510529,-1.4291170604974486,-1.3979515362982269,-0.2716196573776931,-19.622712869072483,4.600419579645028,24.578567555934008,-44.20128042500649,dry_jf,208.9215702880231,3.0,4.0,3,test,False
Tharaka-Nithi,2022-02-01,2022,2,2,2,Stressed,0.0013293880020487,1.5721383566756897,0.9999943348302318,-1.2231070969280489,-1.4418392284298471,-1.592166484787653,-0.8867887482118983,-19.36659596734718,11.825696809584944,19.21098660385584,-38.577582571203024,dry_jf,386.5660928989662,2.0,4.0,3,test,False
Trans Nzoia,2022-02-01,2022,2,1,1,Minimal,0.0,1.0,0.9977780064560036,-0.8886341250203723,0.7288079368230365,0.4819980130659994,0.6961697434032698,62.75408692594844,73.80638157140176,35.415964997222936,27.338121928725506,dry_jf,575.422482832226,1.0,4.0,3,test,False
Turkana,2022-02-01,2022,2,3,3,Crisis or worse,0.999957012944392,2.999957012944392,0.960153147598736,-0.4399860735242015,-0.1395975754757698,-0.671021553003701,0.0839687534035188,27.86049855916585,51.25904554374726,67.8680561783689,-40.007557619203055,dry_jf,134.93439886021372,3.0,4.0,3,test,True
Uasin Gishu,2022-02-01,2022,2,1,1,Minimal,0.0,1.0,0.9999480360329532,-0.6104111097587185,0.9157610645803724,0.5214160092854443,0.8696754168234434,65.83914547683779,112.2714761270255,91.2247173007918,-25.38557182395401,dry_jf,466.5756532543863,1.0,4.0,3,test,False
Vihiga,2022-02-01,2022,2,1,1,Minimal,0.0,1.0,0.999819355374512,-0.4673773718669318,0.7465119140643032,0.684434587349711,1.2975943300059387,59.10835205502792,55.60880450436818,96.2867627386426,-37.17841068361467,dry_jf,638.2354464495623,1.0,4.0,3,test,False
Wajir,2022-02-01,2022,2,3,3,Crisis or worse,0.9999999861444424,2.9999999861444424,0.9996281752813864,-0.4141967280894242,-0.714402582024198,-0.7310385154812944,-0.379445975267408,-3.499963532574033,4.077803951322742,41.0552589398989,-44.555222472472934,dry_jf,220.92597534518788,3.0,4.0,3,test,True
West Pokot,2022-02-01,2022,2,2,2,Stressed,0.0027376157628745,1.5628820575595537,0.992676113941505,-1.496292007987397,-0.0968669741121903,-0.8020430811209931,0.0056742164866723,45.23155937196524,79.98071789240674,80.13009295362177,-34.89853358165653,dry_jf,366.78840132412165,2.0,4.0,3,test,False
Baringo,2022-06-01,2022,6,3,3,Crisis or worse,0.7540862630939753,2.629687531479987,0.9999899880038844,-0.6873728919156962,-0.2607833913842405,-0.5275612910160044,-0.6534268051333026,-13.74291443091276,15.84363809739257,16.95524950680605,-30.69816393771881,dry_jjas,407.6410955536569,3.0,4.0,3,test,True
Bomet,2022-06-01,2022,6,1,1,Minimal,0.0,1.0,0.9999591445797528,-0.624220684182529,2.076884467603568,1.3704730924979065,0.4474579657918228,28.53036322752428,89.8901551276932,69.7113683526646,-41.18100512514033,dry_jjas,705.0356352221398,1.0,4.0,3,test,False
Bungoma,2022-06-01,2022,6,1,1,Minimal,0.0,1.0,0.9970207416060456,-0.0679563604634887,0.7932383282938527,0.00488942873438,-0.551164772320437,18.2612276229274,36.05516371649792,29.897015713522283,-11.635788090594883,dry_jjas,684.143518918554,1.0,4.0,3,test,False
Busia,2022-06-01,2022,6,1,1,Minimal,0.0,1.0,0.914162035136638,0.0448956841442613,1.7348230068901769,0.551513593446005,-0.3492720645533025,35.171565058615094,61.388789860197775,44.92868096498886,-9.757115906373762,dry_jjas,504.89251568895395,1.0,4.0,3,test,False
Elgeyo-Marakwet,2022-06-01,2022,6,1,1,Minimal,0.0006154948374724,1.0064946882150418,0.9999614710587814,-0.6398826569392064,-0.3318377803615195,-0.520968431039039,-0.6758106943568314,-19.89454157013946,13.815774754422536,32.28480979383231,-52.17935136397177,dry_jjas,424.00498148048365,1.0,4.0,3,test,False
Embu,2022-06-01,2022,6,2,2,Stressed,0.0005220277862749,1.6681942343131395,0.9999846065735996,-0.954509230985232,-0.7028870630312946,-0.5768696117346274,0.007550019445362,32.56569431531219,45.20440278562854,91.50927105570922,-58.94357674039703,dry_jjas,401.4457023614595,2.0,4.0,3,test,False
Garissa,2022-06-01,2022,6,3,3,Crisis or worse,0.9999999973762116,2.999999997376212,0.9994687482700096,-0.9607399328366464,-0.8100420700896387,-0.002996554638756,0.5649189162000205,-3.201469367032129,43.66727164291233,71.3675905402219,-74.56905990725403,dry_jjas,210.6771075185111,3.0,4.0,3,test,False
Homa Bay,2022-06-01,2022,6,1,1,Minimal,0.0,1.0,0.6628357436647451,-0.3107268703773794,2.3871275349810044,1.3038893880313538,0.5310590137779704,51.66400730890115,61.198656250614434,32.82043718465197,18.843570124249176,dry_jjas,658.3122810444571,1.0,4.0,3,test,False
Isiolo,2022-06-01,2022,6,3,3,Crisis or worse,0.9996958397818996,2.999694693059198,0.9999690133295828,-0.8413523723314237,-0.5628613395726728,-0.0990883670636693,0.4325772068299277,-4.937629860082946,20.702232509432232,38.15773910695171,-43.09536896703465,dry_jjas,121.15801476654195,3.0,4.0,3,test,False
Kajiado,2022-06-01,2022,6,2,2,Stressed,0.0007334442010598,1.998615313750276,0.9866576832636166,-1.3412168357744052,-0.5304236964363572,-0.3541610219019614,0.0704611851869083,21.63174251025849,39.22343214531383,32.880739422773466,-11.248996912514976,dry_jjas,244.0590119973267,2.0,4.0,3,test,False
Kakamega,2022-06-01,2022,6,1,1,Minimal,0.0,1.0,0.9998432712295532,0.006104054843764,1.2588197543949136,0.6919404104224289,-0.1607480065912074,20.30862696183338,52.0094957077522,42.38470933348855,-22.076082371655172,dry_jjas,521.962946970816,1.0,4.0,3,test,False
Kericho,2022-06-01,2022,6,1,1,Minimal,0.0,1.0,0.9999526229648772,-0.0258321837626756,1.5460306419974257,0.863620920976923,0.0634395913915987,17.506542323307603,49.569353085148535,39.420702324772726,-21.914160001465124,dry_jjas,577.6437811642602,1.0,4.0,3,test,False
Kiambu,2022-06-01,2022,6,1,1,Minimal,0.0,1.001036389650512,0.9998318358451644,-1.0326733280983096,-0.42601535436373,-0.4495913531458817,-0.0665572866548823,22.94096237558057,57.79526301621109,54.75370960603315,-31.81274723045258,dry_jjas,365.1581675938478,1.0,4.0,3,test,False
Kilifi,2022-06-01,2022,6,2,2,Stressed,0.0026957456765992,2.0026338916386943,0.9941928245142966,-1.1805517602835924,-1.0356564470635123,-0.344433268531509,0.4403791663791034,-18.154556583945386,27.116324223184005,49.399709204464685,-67.55426578841008,dry_jjas,485.9236308469297,2.0,4.0,3,test,False
Kirinyaga,2022-06-01,2022,6,1,1,Minimal,0.0,1.000297291880471,0.9999074216214416,-0.9056357081240552,-0.6106235251866979,-0.7322885746195145,-0.2601357914572585,-0.4409167729747725,47.05506225660678,89.68446133070677,-90.12537810368154,dry_jjas,523.427425427593,1.0,4.0,3,test,False
Kisii,2022-06-01,2022,6,1,1,Minimal,0.0,1.0,0.9995821721572732,-0.2272942868383344,2.629262750971326,2.035107186504055,0.848669986651347,15.505214683578908,70.51729461250885,71.84034723805092,-56.33513255447202,dry_jjas,771.8724273402603,1.0,4.0,3,test,False
Kisumu,2022-06-01,2022,6,1,1,Minimal,0.0,1.0,0.7829061444141889,0.1906332259971317,2.0555524410869497,1.1868378091398806,0.1057847579707507,42.64755570377099,46.78883149561607,28.412807302557397,14.234748401213594,dry_jjas,650.4965825795291,1.0,4.0,3,test,False
Kitui,2022-06-01,2022,6,3,3,Crisis or worse,0.7177364139867464,2.717183998823179,1.0000207505125442,-1.4193468659603097,-1.143804927124267,-0.3047200114366205,0.1864229897023248,6.139504562984751,36.61455647851582,87.6896918542684,-81.55018729128365,dry_jjas,350.0498777837523,3.0,4.0,3,test,False
Kwale,2022-06-01,2022,6,2,2,Stressed,0.0,1.99971200940671,0.9912639533016692,-1.239450788671678,-0.8452753586353493,-0.3341576905922988,0.2362047378529994,-6.96039683705155,15.941317869864752,18.260927219384893,-25.221324056436444,dry_jjas,461.4118591660762,2.0,4.0,3,test,False
Laikipia,2022-06-01,2022,6,2,2,Stressed,0.0044789414982201,2.003460408300666,1.0000548405307417,-0.5585031597919319,-0.402144859635073,-0.4799612167541738,-0.3062748310857993,-2.8771177955396268,4.760600053541931,19.11636509895934,-21.993482894498964,dry_jjas,378.6133408439104,2.0,4.0,3,test,False
Lamu,2022-06-01,2022,6,2,2,Stressed,0.0078360899683419,2.007836089968342,0.9773409282733216,-1.263108780116465,-0.980619101248323,-0.0913559775826391,0.673291990864704,-9.734925843145216,66.57535828982385,73.59041650020728,-83.3253423433525,dry_jjas,394.8891092289726,2.0,4.0,3,test,False
Machakos,2022-06-01,2022,6,1,1,Minimal,0.000194416043543,1.004949748335363,0.9999321623277224,-0.9053546774444298,-0.6614912624309991,-0.4330169411188994,-0.0229561181938655,25.51989184241265,45.35161412729646,80.53548966759801,-55.01559782518537,dry_jjas,347.0698296320569,1.0,4.0,3,test,False
Makueni,2022-06-01,2022,6,3,3,Crisis or worse,0.7107858691494797,2.6584108316939385,0.9999866703905442,-1.2956955542390387,-0.9487534657963326,-0.2693971491964302,0.1555339698465821,12.08860730685698,42.03269407187493,78.26838673020981,-66.17977942335283,dry_jjas,210.84898907247097,3.0,4.0,3,test,False
Mandera,2022-06-01,2022,6,3,3,Crisis or worse,1.0,3.0,0.9934883002876458,-0.4428186588776188,-0.5320284027175674,-0.4837185807641925,0.099775728885249,14.11063338338588,3.1594450235636558,14.962857012724736,-0.852223629338857,dry_jjas,147.72597818452132,3.0,4.0,3,test,False
Marsabit,2022-06-01,2022,6,3,3,Crisis or worse,1.0,3.0003693063135155,0.9337767680154548,-0.9379704927050676,-0.5905883796175001,-0.8373244072954723,-0.3422296859752415,-7.366506880678859,12.06183174271456,15.22925950369472,-22.59576638437358,dry_jjas,183.11284628508548,3.0,4.0,3,test,True
Meru,2022-06-01,2022,6,1,1,Minimal,0.3691178321802993,1.8584663477565373,0.9999160371222248,-0.9274172420223308,-0.6116814260981297,-0.6275917673606402,-0.022543622914406,-1.0641821593954142,37.79419890304198,75.5939297148783,-76.65811187427371,dry_jjas,469.95952152110806,1.0,4.0,3,test,False
Migori,2022-06-01,2022,6,1,1,Minimal,0.0,1.0,0.8093394361863654,-0.3589615908139492,2.283731380977475,1.5438710553546278,1.048297867066733,40.00009000711903,61.48918635979058,46.95812484739934,-6.9580348402803125,dry_jjas,460.4970135975702,1.0,4.0,3,test,False
Mombasa,2022-06-01,2022,6,1,1,Minimal,0.0,1.024159169166952,0.9454988271665984,-1.4699618467655966,-1.2953415971833944,-0.7193043484027426,-0.059514760699393,-9.848865631562674,7.903843598979449,21.0846304371935,-30.933496068756174,dry_jjas,339.4545465241538,1.0,4.0,3,test,False
Murang'a,2022-06-01,2022,6,1,1,Minimal,0.0,1.0,0.99989604477769,-0.9263519498316058,-0.4625421465503093,-0.6411651828066989,-0.3061744109620605,20.99726160234965,46.7653728087164,68.34307783133491,-47.34581622898526,dry_jjas,600.9606534616394,1.0,4.0,3,test,False
Nairobi,2022-06-01,2022,6,1,1,Minimal,0.0,1.0004033639580097,0.9993429939948012,-0.7414424350575338,-0.2857295326671524,-0.3295569920633555,-0.0054521750642331,11.02996622895395,37.79506998815656,46.767626012209625,-35.73765978325567,dry_jjas,349.07589029272395,1.0,4.0,3,test,False
Nakuru,2022-06-01,2022,6,1,1,Minimal,0.0,1.002054489930805,0.9758551681458985,-0.7305400313559727,0.3427653928481808,-0.1556809668372124,-0.3882849225277218,5.560364371458927,27.89692314043186,21.300227973278503,-15.739863601819575,dry_jjas,337.82261196850334,1.0,4.0,3,test,False
Nandi,2022-06-01,2022,6,1,1,Minimal,0.0,1.0,0.9998151603533764,-0.1298019739139808,1.1775295788535802,0.7801683341338439,0.0893816998207873,25.440087782509885,59.41604415751599,42.095293755362725,-16.65520597285284,dry_jjas,636.3375639959971,1.0,4.0,3,test,False
Narok,2022-06-01,2022,6,1,1,Minimal,0.0,1.0001312284969692,0.9926648706760623,-1.0573358930050167,1.2207703518330972,0.728718952727736,0.2507543053155213,56.06287396505879,71.83028343744566,32.239244310219384,23.823629654839408,dry_jjas,449.4351533314782,1.0,4.0,3,test,False
Nyamira,2022-06-01,2022,6,1,1,Minimal,0.0,1.0,0.999826225293629,0.1140545294079094,2.417714141264206,1.7499070789590987,0.5167160748787042,15.235703977927402,67.39217322593608,58.986630558739776,-43.750926580812376,dry_jjas,707.0676224501927,1.0,4.0,3,test,False
Nyandarua,2022-06-01,2022,6,1,1,Minimal,0.0,1.005167858019678,0.9999166595580216,-0.7263281189164233,-0.2364701277092058,-0.4425199929446292,-0.5559721767889287,7.535685160988802,29.487789139500745,43.45848008276523,-35.92279492177643,dry_jjas,478.59632261521887,1.0,4.0,3,test,False
Nyeri,2022-06-01,2022,6,2,2,Stressed,0.0,1.5479244481678869,0.9998906213099183,-0.7537503406129071,-0.4578035256661507,-0.4408636917465326,-0.1657819155654148,-28.55963003169279,55.50057856380788,65.83532001412253,-94.39495004581532,dry_jjas,596.5685209899478,2.0,4.0,3,test,False
Samburu,2022-06-01,2022,6,3,3,Crisis or worse,0.9999679421103188,3.001591352163933,0.9999064817953808,-0.6371984871228221,-0.4571440700160364,-0.651531498693979,-0.2483071373963735,-9.413924358658166,3.7468054542047913,15.923294930626549,-25.337219289284715,dry_jjas,233.37064745956647,3.0,4.0,3,test,True
Siaya,2022-06-01,2022,6,1,1,Minimal,0.0,1.0,0.7130635075059107,-0.0462215511517671,2.086218871265354,0.9952672840209776,0.0930708684168604,38.35333492942588,61.8576180651999,41.36231449775757,-3.0089795683316964,dry_jjas,703.9110029852106,1.0,4.0,3,test,False
Taita Taveta,2022-06-01,2022,6,2,2,Stressed,0.0018167650223726,2.001816765022373,0.9966783872024708,-1.4282850881522515,-0.8536334418089427,-0.4550813487190037,0.108400379030161,7.530955987753837,34.81019462802576,52.94684821959187,-45.415892231838036,dry_jjas,337.281834884778,2.0,4.0,3,test,False
Tana River,2022-06-01,2022,6,3,3,Crisis or worse,0.9996131649089994,3.000061541186792,0.9998371372749084,-1.2071102311889947,-1.0740870771547335,0.017746464806783,0.5390025622985567,1.923262385299656,36.75307750837228,68.1744201667535,-66.25115778145386,dry_jjas,208.9215702880231,3.0,4.0,3,test,False
Tharaka-Nithi,2022-06-01,2022,6,3,3,Crisis or worse,0.5667374743216017,2.137547902297861,0.9999977349462787,-1.0101479054229363,-0.6820980679151465,-0.4083508534354619,0.2042469477892581,14.765235053300549,43.10248095913193,83.85313749224132,-69.08790243894077,dry_jjas,386.5660928989662,2.0,4.0,3,test,False
Trans Nzoia,2022-06-01,2022,6,1,1,Minimal,0.0,1.0040024533635254,0.9977844089794712,-0.2585172761112183,0.076997413382372,-0.2360379466626183,-0.8903638006587813,7.767092582714103,20.025814029675026,27.652157406091785,-19.885064823377682,dry_jjas,575.422482832226,1.0,4.0,3,test,False
Turkana,2022-06-01,2022,6,4,3,Crisis or worse,0.999957012944392,3.9997363471646192,0.96015314759874,-0.8999013538089771,-0.6385879024282958,-1.045298529363302,-0.5927364416964055,6.4680472646810045,19.850904272668963,27.395551603054983,-20.92750433837398,dry_jjas,134.93439886021372,3.0,4.0,3,test,True
Uasin Gishu,2022-06-01,2022,6,1,1,Minimal,0.0,1.0,0.9999480360329532,-0.4792195975986127,0.0943358542110261,-0.0957288506198599,-0.2050577258119037,15.58527384241512,30.74120601879463,30.814554504648697,-15.229280662233577,dry_jjas,466.5756532543863,1.0,4.0,3,test,False
Vihiga,2022-06-01,2022,6,1,1,Minimal,0.0,1.0,0.999819355374512,0.1052518480370217,1.9828773498354784,1.255879235728968,0.1127949000084066,44.70901475720112,60.98278702403999,62.239396770268094,-17.530382013066976,dry_jjas,638.2354464495623,1.0,4.0,3,test,False
Wajir,2022-06-01,2022,6,3,3,Crisis or worse,0.9999999861447002,2.9999999861447004,0.9996467725523936,-0.5970915325241382,-0.4964551152039139,-0.1032801824826477,0.5068017755081056,-2.359474941801294,6.9327440647585865,15.32579207917916,-17.685267020980454,dry_jjas,220.92597534518788,3.0,4.0,3,test,True
West Pokot,2022-06-01,2022,6,2,2,Stressed,0.0027376216669028,2.003478553795409,0.9926739731095784,-0.969970512260288,-0.7887115790230308,-1.3869915953804228,-1.321977367577733,-13.624579401714549,17.08501386724244,23.881109074325327,-37.50568847603988,dry_jjas,366.78840132412165,2.0,4.0,3,test,False
Baringo,2022-10-01,2022,10,3,3,Crisis or worse,0.7540862630961843,2.629687531483313,0.9999899880128668,-1.354929694693325,-1.0310335428973556,-0.9883236467547744,-0.5056370495545611,39.27020299459588,42.13026145107614,52.30316741865553,-13.032964424059656,short_rains,407.6410955536569,3.0,4.0,3,test,True
Bomet,2022-10-01,2022,10,1,1,Minimal,0.0,1.0,0.9999591445797528,-1.046759858836978,1.0000194597501284,1.8671830011122543,0.4785660072373692,24.354041368980702,82.78405347645115,74.23364461519542,-49.879603246214714,short_rains,705.0356352221398,1.0,4.0,3,test,False
Bungoma,2022-10-01,2022,10,1,1,Minimal,0.0,1.0,0.9970207416060456,0.2383035720848245,-0.1695095346352207,-0.056180956751411,-0.4841474662212176,-24.03177041492071,76.63547824245832,39.65956400908193,-63.69133442400265,short_rains,684.143518918554,1.0,4.0,3,test,False
Busia,2022-10-01,2022,10,1,1,Minimal,0.0,1.0,0.914162035136638,-0.7428586880613277,-0.3930366529173308,0.5017779866478305,-0.3070950200723369,4.092421647187535,35.945033139914536,26.63329548459691,-22.540873837409375,short_rains,504.89251568895395,1.0,4.0,3,test,False
Elgeyo-Marakwet,2022-10-01,2022,10,1,1,Minimal,0.0006154948374724,1.0064946882150418,0.9999614710587814,-0.6113887248788906,-0.9148271238614234,-1.1935432349591868,-0.8870944550088998,11.89072498262622,78.02910852833885,47.462573415941655,-35.57184843331544,short_rains,424.00498148048365,1.0,4.0,3,test,False
Embu,2022-10-01,2022,10,2,2,Stressed,0.0010673804428921,1.668739609070081,0.999984673074163,0.2819198456009597,-1.7930296930156333,-1.3100466735019691,-1.3336723307450713,-20.628830039571,59.836034341103336,73.81364652181664,-94.44247656138764,short_rains,401.4457023614595,2.0,4.0,3,test,False
Garissa,2022-10-01,2022,10,3,3,Crisis or worse,0.9999999973762296,2.99999999737623,0.9994755532207824,-0.4822921646886318,-1.0667971764042896,-1.7672183263427836,-1.5847343364256603,10.808799410972815,26.6332483406209,17.17649363171529,-6.367694220742473,short_rains,210.6771075185111,3.0,4.0,3,test,False
Homa Bay,2022-10-01,2022,10,1,1,Minimal,0.0,1.0,0.6628357436647451,-0.4354416116557112,0.8890295410357437,1.8777993547158112,0.3726542558891825,43.98341128941767,71.2186991073415,7.3190670700044675,36.6643442194132,short_rains,658.3122810444571,1.0,4.0,3,test,False
Isiolo,2022-10-01,2022,10,3,3,Crisis or worse,0.9996958482791126,3.001225298658614,0.9999969498802184,0.1643925410925429,-0.0292192039351063,-0.738769728679739,-0.7362011245197946,2.8372177046129634,9.9615994353764,13.15641203403597,-10.319194329423006,short_rains,121.15801476654195,3.0,4.0,3,test,False
Kajiado,2022-10-01,2022,10,2,2,Stressed,0.0007334442010598,1.998615313750276,0.9866576832636166,-0.5900106128189598,-1.0177770963040158,-1.0852512125026943,-1.367314026853817,4.792732816548001,16.650945608895167,25.872610922544435,-21.079878105996436,short_rains,244.0590119973267,2.0,4.0,3,test,False
Kakamega,2022-10-01,2022,10,1,1,Minimal,0.0,1.0,0.9998432712295532,0.2722591858550606,-0.073184673276351,0.3844430523508666,-0.2848602956029133,20.68838008241404,65.91693959399788,30.208243858443463,-9.519863776029425,short_rains,521.962946970816,1.0,4.0,3,test,False
Kericho,2022-10-01,2022,10,1,1,Minimal,0.0,1.0,0.9999526229648772,-0.8432759626780022,0.1905165509162158,0.923830123826194,0.2237868387057855,57.38187842009804,91.00984484217966,57.6319712206668,-0.2500928005687584,short_rains,577.6437811642602,1.0,4.0,3,test,False
Kiambu,2022-10-01,2022,10,1,1,Minimal,0.0,1.001036389650512,0.9998318358451644,-0.470151292439043,-1.4067423160435626,-1.3528487987224993,-1.3574657736363225,-33.287007119633785,62.54604467711876,69.91174094682694,-103.19874806646072,short_rains,365.1581675938478,1.0,4.0,3,test,False
Kilifi,2022-10-01,2022,10,2,2,Stressed,0.0026957456765992,2.0026338916386943,0.9941928245142966,2.3929021453903965,0.1677871169776684,-0.6229298502968673,-1.0955171002493462,1.1884791900028784,1.835590510409413,-10.984734113687669,12.173213303690547,short_rains,485.9236308469297,2.0,4.0,3,test,False
Kirinyaga,2022-10-01,2022,10,1,1,Minimal,0.0,1.000297291880471,0.9999074216214416,0.3846190032476865,-1.7353371457455804,-1.3484125766183694,-1.4075163593217457,-43.13818369345326,60.82380357061872,50.55113048894419,-93.68931418239745,short_rains,523.427425427593,1.0,4.0,3,test,False
Kisii,2022-10-01,2022,10,1,1,Minimal,0.0,1.0,0.9995821721572732,-0.6633002842918115,0.9088633622713256,2.4538556003348253,0.8375503606154133,35.52703556485084,76.30755356257863,35.70407841913057,-0.17704285427972621,short_rains,771.8724273402603,1.0,4.0,3,test,False
Kisumu,2022-10-01,2022,10,1,1,Minimal,0.0,1.0,0.7829061444141889,-0.2883772892644126,0.6069614036220533,1.661730418322478,0.4763216263568179,41.74968544763458,66.405126985308,-8.218371636561555,49.96805708419614,short_rains,650.4965825795291,1.0,4.0,3,test,False
Kitui,2022-10-01,2022,10,3,3,Crisis or worse,0.904552407411128,2.903999969874561,0.9999802509751528,1.4060713458757288,-0.9383012984110904,-0.9042828432364538,-1.0000478110970092,16.316266978160083,33.60388277075,35.74204843324818,-19.425781455088096,short_rains,350.0498777837523,3.0,4.0,3,test,False
Kwale,2022-10-01,2022,10,2,2,Stressed,0.0,1.99971200940671,0.9912639533016692,3.739282453569108,0.3376002666872822,-0.2238877153879473,-1.0897614689448174,9.032035350413322,-2.983268302258964,4.456557103350869,4.575478247062453,short_rains,461.4118591660762,2.0,4.0,3,test,False
Laikipia,2022-10-01,2022,10,2,2,Stressed,0.0044789414982201,2.003460408300666,1.0000548405307417,-1.3598490620004138,-1.8380641591551257,-1.3204329693510983,-0.9580908607940556,16.432709383736526,13.867049255615663,14.263427244346351,2.169282139390175,short_rains,378.6133408439104,2.0,4.0,3,test,False
Lamu,2022-10-01,2022,10,2,2,Stressed,0.0078360899683419,2.007836089968342,0.9773409282733216,0.2142093766120789,-0.501890674127118,-0.9566639941636906,-0.7673457815520313,75.97231200515235,98.21708219643878,62.622600724623375,13.349711280528972,short_rains,394.8891092289726,2.0,4.0,3,test,False
Machakos,2022-10-01,2022,10,1,1,Minimal,0.0005211564190789,1.0052764887110517,0.999932162327876,-0.0004740253940475,-1.4422788857540076,-0.9220742540526526,-0.9262972431220068,-4.718543925687154,41.94071666814765,53.366034896437775,-58.084578822124925,short_rains,347.0698296320569,1.0,4.0,3,test,False
Makueni,2022-10-01,2022,10,3,3,Crisis or worse,0.7107858691494797,2.6584108316939385,0.9999866703905442,0.3965485851459293,-1.133521950194481,-0.8858160157782706,-0.9857668755116396,12.548531786176913,37.94693948781261,40.709162235598,-28.160630449421088,short_rains,210.84898907247097,3.0,4.0,3,test,False
Mandera,2022-10-01,2022,10,3,3,Crisis or worse,1.0,3.0,0.993483110020438,1.8032909579285417,-0.0880967557452069,-0.3143901662650438,-0.3190445708719595,21.088572384568973,49.67848795290968,14.539654015755069,6.548918368813904,short_rains,147.72597818452132,3.0,4.0,3,test,False
Marsabit,2022-10-01,2022,10,4,3,Crisis or worse,1.0,3.999923873921991,0.9337767803562236,-0.603885083837569,-0.4785375408251965,-0.5725319338255748,-0.465714787656062,6.042808567110602,11.91200187058134,13.22341940793461,-7.180610840824008,short_rains,183.11284628508548,3.0,4.0,3,test,True
Meru,2022-10-01,2022,10,1,1,Minimal,0.3691181248416206,1.8584666404178587,0.9999160371222248,0.0747835226056725,-1.9031043740068936,-1.5159981399380815,-1.572248756286465,3.753908417721669,40.72993294882388,10.424008208862988,-6.670099791141319,short_rains,469.95952152110806,1.0,4.0,3,test,False
Migori,2022-10-01,2022,10,1,1,Minimal,0.0,1.0,0.8093394361863654,-0.6677452756332671,1.368560996830106,1.86551479251634,0.6455578714402582,46.091553249568335,70.91967442699422,8.280822178892285,37.81073107067605,short_rains,460.4970135975702,1.0,4.0,3,test,False
Mombasa,2022-10-01,2022,10,1,1,Minimal,0.0,1.024159169166952,0.9454988271665984,4.178272076730427,0.4615761042874413,-0.1244502231176605,-0.961842579805264,30.25322545742568,-6.237729962556196,15.553497059111482,14.699728398314196,short_rains,339.4545465241538,1.0,4.0,3,test,False
Murang'a,2022-10-01,2022,10,1,1,Minimal,0.0,1.0,0.99989604477769,-0.3402470758442519,-1.5464286862339052,-1.1194249724845688,-1.1213008049341076,-21.45176987648776,80.14319717696134,71.9675023319111,-93.41927220839887,short_rains,600.9606534616394,1.0,4.0,3,test,False
Nairobi,2022-10-01,2022,10,1,1,Minimal,0.0,1.0004033639580097,0.9993429939948012,-0.2682945286442237,-1.3248185257392144,-1.306024006576055,-1.271463815994419,-22.720668294296257,25.809516964412296,51.64158361525092,-74.36225190954718,short_rains,349.07589029272395,1.0,4.0,3,test,False
Nakuru,2022-10-01,2022,10,1,1,Minimal,0.0,1.002054489930805,0.9758551681458985,-0.9368536886292328,-0.7263013221474746,-0.3139954748874586,-0.3568768660129864,36.604248008784886,38.562798064059976,48.76601831725621,-12.161770308471326,short_rains,337.82261196850334,1.0,4.0,3,test,False
Nandi,2022-10-01,2022,10,1,1,Minimal,0.0,1.0,0.9998151603533764,0.3227778751472228,-0.0230105226883172,0.4452776013814223,-0.1423317740669006,38.95602774949472,90.47712489962277,58.50710276553392,-19.5510750160392,short_rains,636.3375639959971,1.0,4.0,3,test,False
Narok,2022-10-01,2022,10,1,1,Minimal,0.0,1.0001312284969692,0.9926648706760623,-0.3199502976954205,0.221536740648421,0.8427499696387791,-0.162996965432402,13.053072596073948,49.29338120384915,70.34199908598082,-57.28892648990687,short_rains,449.4351533314782,1.0,4.0,3,test,False
Nyamira,2022-10-01,2022,10,1,1,Minimal,0.0,1.0,0.999826225293629,-0.6882431255000366,0.9293629057054992,2.3010615567927992,0.8998554891706266,33.03226159392196,60.10076859861695,71.62812786989946,-38.5958662759775,short_rains,707.0676224501927,1.0,4.0,3,test,False
Nyandarua,2022-10-01,2022,10,1,1,Minimal,0.0,1.005167858019678,0.9999166595580216,-1.2939905144527457,-1.7949281745724688,-1.1930384951470208,-0.927185138564689,11.403779131795307,36.5152813856876,33.92118419536044,-22.517405063565132,short_rains,478.59632261521887,1.0,4.0,3,test,False
Nyeri,2022-10-01,2022,10,2,2,Stressed,0.0,1.5479244481678869,0.9998906213099183,-0.6449571740987268,-1.814699216731377,-1.204029963529285,-1.1298835078922629,-4.925422093973317,67.21998868101328,44.223984727639255,-49.14940682161257,short_rains,596.5685209899478,2.0,4.0,3,test,False
Samburu,2022-10-01,2022,10,3,3,Crisis or worse,0.9999679421103186,3.0031888325837457,0.9999064817942824,-0.9488688142912556,-1.0091650677708666,-0.5184222628189816,-0.3460143841929654,0.3447709051212426,13.609812807146676,16.302646343576377,-15.957875438455135,short_rains,233.37064745956647,3.0,4.0,3,test,True
Siaya,2022-10-01,2022,10,1,1,Minimal,0.0,1.0,0.7130635075059107,-0.478381150544246,0.5095777830607804,1.344457259489984,0.2662465023716236,54.17167996756953,70.58702992040354,29.155203276694195,25.016476690875336,short_rains,703.9110029852106,1.0,4.0,3,test,False
Taita Taveta,2022-10-01,2022,10,2,2,Stressed,0.0018167650223726,2.001816765022373,0.9966783872024708,0.9977338012010372,-0.4611843564724742,-1.0030042921310711,-1.4386222523244134,-16.099556913119816,16.294126799994956,13.760528115765815,-29.86008502888563,short_rains,337.281834884778,2.0,4.0,3,test,False
Tana River,2022-10-01,2022,10,3,3,Crisis or worse,0.9996164902527008,3.000064866530492,0.9998371372781136,0.6531367873565881,-0.4169793168633778,-1.5302914308822833,-1.695875831850011,9.50369011813479,18.584430222194687,5.866239571504476,3.6374505466303138,short_rains,208.9215702880231,3.0,4.0,3,test,False
Tharaka-Nithi,2022-10-01,2022,10,3,3,Crisis or worse,0.5668860668644681,2.137696494840727,0.9999977349462787,0.2761482201786127,-1.9053940960687847,-1.2920966645998724,-1.3424932318582192,10.856472884662814,49.44700370761468,44.7512693746863,-33.89479649002349,short_rains,386.5660928989662,3.0,4.0,3,test,False
Trans Nzoia,2022-10-01,2022,10,1,1,Minimal,0.0,1.0040024533635254,0.9977844089794712,0.6348173579051496,0.3020156540765388,-0.087321545223148,-0.2607586564749314,-9.95664681924803,83.21798627917718,43.53614735724047,-53.4927941764885,short_rains,575.422482832226,1.0,4.0,3,test,False
Turkana,2022-10-01,2022,10,4,3,Crisis or worse,0.999957012944392,3.999736347164619,0.9601531475982584,-0.9409876259965436,-0.7447767138002311,-0.6621954705152306,-0.1852467681649141,31.39409018495312,43.07080103290557,53.26979593696049,-21.87570575200737,short_rains,134.93439886021372,3.0,4.0,3,test,True
Uasin Gishu,2022-10-01,2022,10,1,1,Minimal,0.0,1.0,0.9999480360329532,0.647231533838796,-0.2538148606328196,-0.6778752535456088,-0.8429302750829645,58.22365297018548,83.66124243730047,55.18841645116537,3.035236519020117,short_rains,466.5756532543863,1.0,4.0,3,test,False
Vihiga,2022-10-01,2022,10,1,1,Minimal,0.0,1.0,0.999819355374512,-0.3496255860137842,0.0902063667521162,1.0310439604569777,0.201624363571465,49.90571045857743,89.39532742652955,45.90689016722921,3.998820291348224,short_rains,638.2354464495623,1.0,4.0,3,test,False
Wajir,2022-10-01,2022,10,3,3,Crisis or worse,0.999999986144517,3.000434346663185,0.9996335592546268,1.368741690222241,0.3483994576779334,-0.6431990616120462,-0.6347425470699444,18.69522759711682,26.562020165719304,20.709733495688532,-2.014505898571713,short_rains,220.92597534518788,3.0,4.0,3,test,True
West Pokot,2022-10-01,2022,10,2,2,Stressed,0.0027376216669028,2.003478553795409,0.9926739731095784,-1.2379534821057303,-1.1552679282708231,-1.5353715783360715,-0.9082878813190464,31.31122390321117,47.113275080727846,21.27084058488969,10.040383318321481,short_rains,366.78840132412165,2.0,4.0,3,test,False
Baringo,2023-02-01,2023,2,2,2,Stressed,0.4084127813952499,2.2827377550307406,0.9999912379992753,0.984400870764136,1.0229017026917435,0.3191960366609345,0.5145627660522658,9.46840951063713,46.741006762427936,81.558725485958,-72.09031597532088,dry_jf,407.6410955536569,3.0,4.0,3,test,True
Bomet,2023-02-01,2023,2,1,1,Minimal,0.0,1.0,0.9999591445797528,1.578817049234556,1.9564889110759516,2.1215392425729585,1.9764247702207,17.24486377576437,51.15692669158845,62.16468313642583,-44.919819360661464,dry_jf,705.0356352221398,1.0,4.0,3,test,False
Bungoma,2023-02-01,2023,2,1,1,Minimal,0.0,1.0,0.9970207416060456,0.6221334170608279,0.3944712998463288,0.9650853498344754,1.6329152556730482,26.36485432819095,108.9789302252816,43.9977811040244,-17.632926775833447,dry_jf,684.143518918554,1.0,4.0,3,test,False
Busia,2023-02-01,2023,2,1,1,Minimal,0.0,1.0,0.914162035136638,0.6047282290601201,0.1170296889238079,0.4406141544926784,1.4685073694607675,32.683134215819685,39.27138210906081,69.65393982155125,-36.97080560573156,dry_jf,504.89251568895395,1.0,4.0,3,test,False
Elgeyo-Marakwet,2023-02-01,2023,2,1,1,Minimal,0.0002364710036797,1.003992489490533,0.9999614710628044,0.7461077851382928,0.6484925654777604,0.8124465508741536,1.255217352994991,6.9929754163301086,34.8693152167319,82.27109563114304,-75.27812021481293,dry_jf,424.00498148048365,1.0,4.0,3,test,False
Embu,2023-02-01,2023,2,2,2,Stressed,0.000545352691336,1.6682175813166242,0.9999846730684444,0.2590738778575938,-0.4984471515814984,-0.5512020019480224,0.4020672465582805,45.98573502002554,12.377790419912714,50.99029714018131,-5.004562120155775,dry_jf,401.4457023614595,2.0,4.0,3,test,False
Garissa,2023-02-01,2023,2,3,3,Crisis or worse,0.9999999973761992,2.9999999973761997,0.9994639763046206,0.0962221910402544,-0.2811273334104819,-0.4987917170473496,-0.976491275320482,13.686564410924646,-7.604054152079689,2.06842755670686,11.618136854217786,dry_jf,210.6771075185111,3.0,4.0,3,test,False
Homa Bay,2023-02-01,2023,2,1,1,Minimal,0.0,1.0,0.6628357436647451,0.9369636740909276,0.7201891752427595,1.2740371894893605,1.5996228154137513,26.75375495700335,30.992573899964547,78.00396711265962,-51.25021215565627,dry_jf,658.3122810444571,1.0,4.0,3,test,False
Isiolo,2023-02-01,2023,2,3,3,Crisis or worse,0.9996205631696322,2.999619416475716,0.999994115423234,0.1205498177076447,-0.3465260097239419,-0.3627384339811844,0.2887862207194575,-7.798942621229642,-12.741647287686453,-0.6681039738756351,-7.1308386473540075,dry_jf,121.15801476654195,3.0,4.0,3,test,False
Kajiado,2023-02-01,2023,2,2,2,Stressed,0.0007334443470187,1.999395395287236,0.9866574869141682,0.2391439277659729,0.0093894263427961,-0.1328585043775227,-1.2376770524510947,0.5102815566811734,3.188624567788287,22.217881556018007,-21.707599999336832,dry_jf,244.0590119973267,2.0,4.0,3,test,False
Kakamega,2023-02-01,2023,2,1,1,Minimal,0.0,1.0,0.9998432712295532,1.14377575408154,0.992069929257264,1.5852343077529354,1.9875631161800464,34.07971963645391,46.48818903720122,49.51460154648889,-15.434881910034981,dry_jf,521.962946970816,1.0,4.0,3,test,False
Kericho,2023-02-01,2023,2,1,1,Minimal,0.0,1.0,0.9999526229648772,1.9102843244710093,2.4941863588555826,2.539031287601255,2.349135089637876,35.97716543175312,66.88970241603408,84.43364726907976,-48.456481837326635,dry_jf,577.6437811642602,1.0,4.0,3,test,False
Kiambu,2023-02-01,2023,2,1,1,Minimal,0.0,1.001036389650512,0.9998318358451644,0.8183013553691879,0.1534813333094808,-0.2639177824452689,-0.4975967140374562,-23.876574309100707,33.02879873010895,49.22741674997708,-73.10399105907779,dry_jf,365.1581675938478,1.0,4.0,3,test,False
Kilifi,2023-02-01,2023,2,2,2,Stressed,0.0026957456765993,2.0026338916386948,0.994192824514285,0.2074972029917484,-0.6807360253811306,-0.241388140796904,0.8389197958201852,16.13597137234763,-16.923950590210367,-16.815054779822592,32.95102615217022,dry_jf,485.9236308469297,2.0,4.0,3,test,False
Kirinyaga,2023-02-01,2023,2,1,1,Minimal,0.0,1.000297291880471,0.9999074216214416,0.9317393867180136,-0.1691280543007513,-0.1708881488884637,0.7005398866190516,13.197175165260283,35.4084459248486,51.69306872386816,-38.495893558607875,dry_jf,523.427425427593,1.0,4.0,3,test,False
Kisii,2023-02-01,2023,2,1,1,Minimal,0.0,1.0,0.9995821721572732,1.1884653684863626,1.0930526713171165,1.6329826890018118,1.5949654858296434,23.73321640123461,79.04600387641106,83.81747510832153,-60.08425870708692,dry_jf,771.8724273402603,1.0,4.0,3,test,False
Kisumu,2023-02-01,2023,2,1,1,Minimal,0.0,1.0,0.7829061444141889,1.169979484949141,1.1414700573234966,1.7465879943493796,1.987068853867082,20.44859677718783,55.906635249400864,89.40283493191349,-68.95423815472566,dry_jf,650.4965825795291,1.0,4.0,3,test,False
Kitui,2023-02-01,2023,2,3,3,Crisis or worse,0.9985514478087336,2.9979990090340243,0.9999780097898878,-0.1840374600824665,-0.5188153055603211,-0.4924352511646412,0.7984861408174704,12.441626832062676,-6.146869092211141,23.07729193645482,-10.635665104392144,dry_jf,350.0498777837523,3.0,4.0,3,test,False
Kwale,2023-02-01,2023,2,2,2,Stressed,0.0,1.99971200940671,0.9912639533016686,0.3355455821801489,-0.1493198399993476,0.4887989712262258,2.2762627621428293,2.977415869177956,-2.0079452663844504,16.734062078975306,-13.75664620979735,dry_jf,461.4118591660762,2.0,4.0,3,test,False
Laikipia,2023-02-01,2023,2,2,2,Stressed,0.0024785928332754,2.001460044992302,1.0000404629806947,0.4836176172382868,0.046240996390967,-0.4932398497522401,0.2684652809825588,-16.03766720089719,27.13437874441341,54.4961017641891,-70.5337689650863,dry_jf,378.6133408439104,2.0,4.0,3,test,False
Lamu,2023-02-01,2023,2,2,2,Stressed,0.0078360899683419,2.007836089968342,0.9773409282733216,0.2814303709993825,-0.6280817866013099,-1.0581708419566562,-1.144601779466604,35.80948437620024,4.398713659081276,38.16305880905604,-2.353574432855801,dry_jf,394.8891092289726,2.0,4.0,3,test,False
Machakos,2023-02-01,2023,2,1,1,Minimal,0.0014924574711276,1.0062477897631077,0.999932162326378,0.3089502201121054,-0.0932867802073963,-0.1884101291628541,-0.5715691362823394,7.941559985414941,-0.9874088609557332,33.669965762351765,-25.728405776936825,dry_jf,347.0698296320569,1.0,4.0,3,test,False
Makueni,2023-02-01,2023,2,3,3,Crisis or worse,0.7112391302820438,2.6588640302520616,0.9999854756700132,-0.3526537299154538,-0.5504018847604875,-0.5905788634473176,-0.3513860761665073,23.32831083711355,5.518036977476871,31.63029586355525,-8.301985026441702,dry_jf,210.84898907247097,3.0,4.0,3,test,False
Mandera,2023-02-01,2023,2,3,3,Crisis or worse,1.0,3.0,0.993482948642904,-0.5764100134165542,-0.3059848638827184,-0.289511950556169,1.1994167187940392,0.9613736632062662,1.8373651640466029,-8.059263613799375,9.020637277005642,dry_jf,147.72597818452132,3.0,4.0,3,test,False
Marsabit,2023-02-01,2023,2,3,3,Crisis or worse,1.0,3.0,0.9337767803562236,-0.6881908984881393,-0.449030525850574,-0.5548274030120746,-0.2854745139513639,-7.902085714050865,-10.759735632286478,0.6634241842115822,-8.565509898262448,dry_jf,183.11284628508548,3.0,4.0,3,test,True
Meru,2023-02-01,2023,2,1,1,Minimal,0.0045988689466513,1.493941042089677,0.999903618041161,0.3942703403373286,-0.5551654832255918,-0.5694477352269695,0.8997890009236172,4.332668136330568,6.34569842263776,34.539104225226446,-30.206436088895877,dry_jf,469.95952152110806,1.0,4.0,3,test,False
Migori,2023-02-01,2023,2,1,1,Minimal,0.0,1.0,0.8093394361863654,0.6627420062483084,0.6327893819953478,1.3325803865844108,1.7690319333645077,30.54877004636017,50.42474085843467,67.86446457182254,-37.31569452546237,dry_jf,460.4970135975702,1.0,4.0,3,test,False
Mombasa,2023-02-01,2023,2,1,1,Minimal,0.0,1.024159169166952,0.9454988271665984,0.0132932491307516,-0.7391121592582123,0.3781546894486545,2.261228487570269,21.16780338762329,8.432134829358908,22.04276339685697,-0.8749600092336784,dry_jf,339.4545465241538,1.0,4.0,3,test,False
Murang'a,2023-02-01,2023,2,1,1,Minimal,0.0,1.0,0.9998960447776896,1.2704131067716586,0.2710710657576205,-0.0344761403989944,-0.2416530484727908,15.071119157982835,38.26735186840685,60.2282947929011,-45.15717563491827,dry_jf,600.9606534616394,1.0,4.0,3,test,False
Nairobi,2023-02-01,2023,2,1,1,Minimal,0.0,1.0004033639580097,0.9993429939949854,0.5167241154673227,0.0527279220049324,-0.3253460788837347,-0.708031533470621,-21.386704492429597,-10.740544868872592,14.79733948038242,-36.18404397281202,dry_jf,349.07589029272395,1.0,4.0,3,test,False
Nakuru,2023-02-01,2023,2,1,1,Minimal,0.0,1.002054489930805,0.9758551681458985,2.0115373781409414,2.117458370296248,1.0759240983608118,0.7835157678789598,22.841098386002265,53.921664941889794,82.97977805633505,-60.138679670332785,dry_jf,337.82261196850334,1.0,4.0,3,test,False
Nandi,2023-02-01,2023,2,1,1,Minimal,0.0,1.0,0.9998151603533764,1.7555762388295717,1.8643147260786024,2.4393268742703555,2.518806079742005,22.264340864952096,48.30713280607474,55.735870270345785,-33.47152940539369,dry_jf,636.3375639959971,1.0,4.0,3,test,False
Narok,2023-02-01,2023,2,2,2,Stressed,0.0,1.5198887031932586,0.992665047219088,1.358022625069733,1.7126645685855424,1.7753502386985072,1.502767559627041,8.913204244102147,46.81660315554626,69.54130132226311,-60.62809707816096,dry_jf,449.4351533314782,1.0,4.0,3,test,False
Nyamira,2023-02-01,2023,2,1,1,Minimal,0.0,1.0,0.999826225293629,1.512137471791763,1.5103520799586605,1.8289599804036325,1.8312284845236884,34.22138581148401,69.42979683107936,61.44878217222261,-27.227396360738595,dry_jf,707.0676224501927,1.0,4.0,3,test,False
Nyandarua,2023-02-01,2023,2,1,1,Minimal,0.0,1.0051678580196777,0.9999166595581316,1.5424481714047884,0.8952282859744379,-0.1247421302036682,0.0846229167228132,42.78488342133696,54.13960711950353,75.76589046398384,-32.98100704264688,dry_jf,478.59632261521887,1.0,4.0,3,test,False
Nyeri,2023-02-01,2023,2,2,2,Stressed,0.0,1.5479244481678864,0.9998906213099176,1.3235551030248391,0.1671015313949002,-0.1517544341941175,0.3650393795637193,-18.89703880863981,17.85120861613033,57.41540821667008,-76.3124470253099,dry_jf,596.5685209899478,2.0,4.0,3,test,False
Samburu,2023-02-01,2023,2,3,3,Crisis or worse,0.8831169733268573,2.883116973326857,0.9999103505205332,-0.4911215804079824,-0.8197814598520057,-1.1538622301885404,-0.3742259142083309,-8.922549126824395,8.348574332934414,31.52164379516646,-40.444192921990854,dry_jf,233.37064745956647,3.0,4.0,3,test,True
Siaya,2023-02-01,2023,2,1,1,Minimal,0.0,1.0,0.7130635075059107,0.784587471803445,0.5458336125722612,0.7438437014030914,1.310825217427677,32.11963573234489,26.757583276973747,81.75512224197543,-49.63548650963054,dry_jf,703.9110029852106,1.0,4.0,3,test,False
Taita Taveta,2023-02-01,2023,2,2,2,Stressed,0.0018167650223728,2.001816765022373,0.9966783872024052,0.2405616002966761,-0.3624069306662137,-0.3027738106181218,-0.4716025911194863,-0.496402309610508,-3.7990807326010727,2.352480517781997,-2.8488828273925053,dry_jf,337.281834884778,2.0,4.0,3,test,False
Tana River,2023-02-01,2023,2,3,3,Crisis or worse,0.9996164899298422,2.9996164899298425,0.9998362955636796,-0.076725233063455,-0.370892447610083,-0.3908531260612902,-0.0482707012637201,15.746828195397429,-4.979540760324038,14.562456027476948,1.1843721679204808,dry_jf,208.9215702880231,3.0,4.0,3,test,False
Tharaka-Nithi,2023-02-01,2023,2,2,2,Stressed,0.0001485940499499,1.5709546690182117,0.9999875926821788,0.211908097644157,-0.6081122683124287,-0.6528876553476324,0.333121197538218,2.3961372668412344,-6.280011548809051,30.44152271155266,-28.045385444711428,dry_jf,386.5660928989662,3.0,4.0,3,test,False
Trans Nzoia,2023-02-01,2023,2,1,1,Minimal,0.0,1.0,0.9977780064560036,0.4821662229337363,0.7980411039529224,1.7856607842998131,2.3228034153785404,17.529286505169804,67.52072698821144,41.60254802335667,-24.073261518186865,dry_jf,575.422482832226,1.0,4.0,3,test,False
Turkana,2023-02-01,2023,2,3,3,Crisis or worse,0.9999268569640768,2.999926856964077,0.9601531920015408,-0.039289837529106,0.2635670071762174,-0.4592021831204262,-0.0017142108545454,10.715057982283671,17.207681087187595,53.92926224207754,-43.214204259793874,dry_jf,134.93439886021372,3.0,4.0,3,test,True
Uasin Gishu,2023-02-01,2023,2,1,1,Minimal,0.0,1.0,0.9999480360329532,1.428599595124347,1.5802224999658137,2.11991683851928,2.413811757829585,25.9033065231406,56.29119272610872,81.15787869770615,-55.25457217456555,dry_jf,466.5756532543863,1.0,4.0,3,test,False
Vihiga,2023-02-01,2023,2,1,1,Minimal,0.0,1.0,0.999819355374512,1.141252052435633,1.0168588841788857,1.28922053085624,1.571454407839901,22.989894247189756,91.02788468648671,94.87835170003449,-71.88845745284473,dry_jf,638.2354464495623,1.0,4.0,3,test,False
Wajir,2023-02-01,2023,2,3,3,Crisis or worse,0.9999999861445172,2.999999986144517,0.99963356076371,-0.1999708209041827,-0.4839872176472035,-0.4841261288064211,0.3592032241609482,-6.653865159198569,-11.118407455407665,4.804816381918348,-11.458681541116917,dry_jf,220.92597534518788,3.0,4.0,3,test,True
West Pokot,2023-02-01,2023,2,2,2,Stressed,0.3760207752654645,2.258629192005005,0.9926739731095792,-0.4075153064871356,-0.0798938308462625,-0.1692772840600222,0.8082787319104593,-0.9103137900885444,20.154315117527037,68.6706494911905,-69.58096328127905,dry_jf,366.78840132412165,2.0,4.0,3,test,False
Baringo,2023-06-01,2023,6,2,2,Stressed,0.4087889277586709,2.28311320396872,0.9999856886432824,0.9927182626883316,0.1426326346828159,0.2696910541621461,0.3335245192369649,37.2896290078038,-2.458381013102482,25.305888446178933,11.98374056162487,dry_jjas,407.6410955536569,2.0,4.0,3,test,True
Bomet,2023-06-01,2023,6,1,1,Minimal,0.0,1.0,0.9999591445797528,1.3523275567896087,-0.4055450816746281,1.2304285837195774,1.4205304715253486,63.38272013684861,32.83615715429468,79.5062024863769,-16.123482349528295,dry_jjas,705.0356352221398,1.0,4.0,3,test,False
Bungoma,2023-06-01,2023,6,1,1,Minimal,0.0,1.0,0.9970207416060456,1.0889275693001514,-0.0122761505513723,0.201328891469419,0.3003758422335115,57.448411130123695,29.325255309329037,69.50602948225097,-12.057618352127271,dry_jjas,684.143518918554,1.0,4.0,3,test,False
Busia,2023-06-01,2023,6,1,1,Minimal,0.0,1.0,0.914162035136638,1.135044422872004,-0.2255626521049907,0.1040131266941603,0.5096772250242788,47.07055772351485,24.760926489929112,63.848376889968016,-16.777819166453163,dry_jjas,504.89251568895395,1.0,4.0,3,test,False
Elgeyo-Marakwet,2023-06-01,2023,6,1,1,Minimal,0.0002364710036797,1.003992489490533,0.9999614710628044,0.8738505053167712,-0.1396743049169587,0.2102447156034607,0.3463672904334688,29.309648046960103,0.7638124596272917,55.34937259878549,-26.03972455182539,dry_jjas,424.00498148048365,1.0,4.0,3,test,False
Embu,2023-06-01,2023,6,3,3,Crisis or worse,0.6676722065249641,2.335344413049928,0.999984606567881,0.2895715812437257,-0.0420571339055902,-0.5059825296595607,-0.1008022506880022,39.54884839353202,12.95403114460819,44.72725320335959,-5.178404809827569,dry_jjas,401.4457023614595,2.0,4.0,3,test,False
Garissa,2023-06-01,2023,6,3,3,Crisis or worse,0.999999997376217,2.999999997376217,0.9994707812555468,0.966654594031926,0.7644021729464752,-0.2144279678701784,-0.2945629503471187,30.34974567796993,13.668460297319124,24.49433613241345,5.85540954555648,dry_jjas,210.6771075185111,3.0,4.0,3,test,False
Homa Bay,2023-06-01,2023,6,1,1,Minimal,0.0,1.0,0.6628357436647451,1.9944861416352984,0.6974840684817734,1.3181493838342444,1.1718665442879956,64.387621956171,25.33429046464237,57.84156711403011,6.54605484214089,dry_jjas,658.3122810444571,1.0,4.0,3,test,False
Isiolo,2023-06-01,2023,6,3,3,Crisis or worse,0.9999988531338484,2.9999977064437453,0.9999974409255082,1.3863242401903548,1.1036454113924146,0.1833806189413846,-0.0454881740811849,19.32769416435438,-4.894440059626827,5.782751947300037,13.544942217054343,dry_jjas,121.15801476654195,3.0,4.0,3,test,False
Kajiado,2023-06-01,2023,6,2,2,Stressed,0.0010385364350929,1.9997004903834876,0.9866597051042564,0.1065291590368273,-0.736222154749962,-0.7313315290183035,-0.4162994580126923,16.062750063741504,3.1264879833358705,16.775130863971693,-0.7123808002301892,dry_jjas,244.0590119973267,2.0,4.0,3,test,False
Kakamega,2023-06-01,2023,6,1,1,Minimal,0.0,1.0,0.9998432712295532,1.2615076996223378,0.0201355724822314,1.0100336781216246,1.1700090800678031,59.73132041509656,24.60993885914867,64.6635646454052,-4.9322442303086405,dry_jjas,521.962946970816,1.0,4.0,3,test,False
Kericho,2023-06-01,2023,6,1,1,Minimal,0.0,1.0,0.9999526229648772,1.4676999574466492,-0.0974587697758789,1.431382466809123,1.4907959647435818,55.82181692828097,14.967041318462428,58.57774828869672,-2.755931360415751,dry_jjas,577.6437811642602,1.0,4.0,3,test,False
Kiambu,2023-06-01,2023,6,1,1,Minimal,0.0,1.001036389650512,0.9998318358451644,0.6319572277199584,-0.0959232974605184,-0.3859395258410577,-0.1806810820132456,7.1317369382108255,14.330488750182932,37.7203454251784,-30.588608486967576,dry_jjas,365.1581675938478,1.0,4.0,3,test,False
Kilifi,2023-06-01,2023,6,2,2,Stressed,0.0026957456765993,2.0026338916386948,0.9941928245142848,-0.1997932472421245,-0.410432125122098,-0.8592724110090298,-0.4556254889767375,-11.67691408388343,5.2641813478189565,4.181301118846454,-15.858215202729884,dry_jjas,485.9236308469297,2.0,4.0,3,test,False
Kirinyaga,2023-06-01,2023,6,1,1,Minimal,0.0002972918804706,1.0005945837609411,0.9999074216214416,0.3064958940560692,-0.050478838733382,-0.3336492421017444,0.3398105080014927,18.51600011838748,35.617174509523046,56.72114501342908,-38.2051448950416,dry_jjas,523.427425427593,1.0,4.0,3,test,False
Kisii,2023-06-01,2023,6,1,1,Minimal,0.0,1.0,0.9995821721572732,1.4376467632087049,-0.0990216788029153,1.2176544046455249,1.33378661825679,74.49408688173028,36.60041437480347,85.64544519587082,-11.151358314140538,dry_jjas,771.8724273402603,1.0,4.0,3,test,False
Kisumu,2023-06-01,2023,6,1,1,Minimal,0.0,1.0,0.7829061444141889,1.611772010478327,0.0348405246010876,1.326557862026657,1.30430000463393,73.63075783591748,6.258549860875919,64.02219154419386,9.60856629172362,dry_jjas,650.4965825795291,1.0,4.0,3,test,False
Kitui,2023-06-01,2023,6,3,3,Crisis or worse,0.999426101429152,2.998873660690461,0.9999744547689444,0.1290602045321564,-0.2329478347310469,-0.7399702160109493,-0.5216282573935825,15.569215265518148,10.779868078816076,33.169936432911335,-17.60072116739319,dry_jjas,350.0498777837523,3.0,4.0,3,test,False
Kwale,2023-06-01,2023,6,2,2,Stressed,0.0,1.99971200940671,0.9912639533016686,-0.3842637360873542,-0.5806250673769332,-0.5986233327994512,-0.1335666594980091,-11.281794370309871,1.1758849919674688,9.76098423426744,-21.04277860457731,dry_jjas,461.4118591660762,2.0,4.0,3,test,False
Laikipia,2023-06-01,2023,6,3,3,Crisis or worse,0.8887705938356851,2.887752003299746,0.9999985455548964,0.8924703580162906,0.2556069845483016,-0.1061417938554448,0.0735891186921678,12.837170960012312,-10.43356660552264,8.071004804648295,4.766166155364017,dry_jjas,378.6133408439104,2.0,4.0,3,test,False
Lamu,2023-06-01,2023,6,2,2,Stressed,0.0078360899683419,2.007836089968342,0.9773409282733216,0.471430140774553,0.3184731875594662,-0.639736867383723,-0.5111155243230975,34.629958447075374,29.133112607718903,49.35454639025857,-14.724587943183195,dry_jjas,394.8891092289726,2.0,4.0,3,test,False
Machakos,2023-06-01,2023,6,1,1,Minimal,0.0042536545051138,1.009008986796941,0.9999321623262246,0.3457888952324324,-0.2378613607931445,-0.649341157536063,-0.4239499253669874,23.494542588814223,6.83716375103821,27.642161300710367,-4.147618711896143,dry_jjas,347.0698296320569,1.0,4.0,3,test,False
Makueni,2023-06-01,2023,6,3,3,Crisis or worse,0.946669863887708,2.894294766691832,0.999985529780931,-0.2614805321561278,-0.9088711404230498,-1.1952115657477358,-0.8335379658952332,11.400776261935926,18.370668065494403,41.97391114038489,-30.57313487844897,dry_jjas,210.84898907247097,3.0,4.0,3,test,False
Mandera,2023-06-01,2023,6,3,3,Crisis or worse,1.0,3.0,0.993483110020438,2.562629845089329,2.5799120860682643,0.8542723911432898,-0.6369872935737081,68.09095949596585,-4.403015479562662,3.7214704762903703,64.36948901967548,dry_jjas,147.72597818452132,3.0,4.0,3,test,False
Marsabit,2023-06-01,2023,6,3,3,Crisis or worse,1.0,3.0,0.9337761009250708,2.0617696183931717,1.4060165133482088,0.347890861410514,-0.6926963070776349,38.57573079934957,-5.27343893523885,1.464786696605734,37.11094410274384,dry_jjas,183.11284628508548,3.0,4.0,3,test,True
Meru,2023-06-01,2023,6,1,1,Minimal,0.4893402648102665,1.978680529620533,0.9998998814065708,0.7467052949252359,0.2429080628439285,-0.3299625086283561,0.0938172872032455,33.43791299372986,15.4702761320342,38.50328870185207,-5.065375708122211,dry_jjas,469.95952152110806,1.0,4.0,3,test,False
Migori,2023-06-01,2023,6,1,1,Minimal,0.0,1.0,0.8093394361863654,1.496606707004902,0.2694939523511881,0.7777735006365497,0.7595235155582155,65.94643961641329,26.845619766772884,55.40256471752118,10.543874898892106,dry_jjas,460.4970135975702,1.0,4.0,3,test,False
Mombasa,2023-06-01,2023,6,1,1,Minimal,0.0,1.024159169166952,0.9454988271665984,0.6364074410269587,0.291771119340072,-0.5541068972852011,-0.2915776454281164,9.12934210073326,5.591324705925303,21.055832406191783,-11.926490305458524,dry_jjas,339.4545465241538,1.0,4.0,3,test,False
Murang'a,2023-06-01,2023,6,1,1,Minimal,0.0,1.0,0.9998960447776896,0.5195296956568008,-0.009839487492116,-0.1759041608504501,0.3441188472275587,40.562367268523445,28.567759389085644,68.0603429495113,-27.49797568098785,dry_jjas,600.9606534616394,1.0,4.0,3,test,False
Nairobi,2023-06-01,2023,6,1,1,Minimal,0.0,1.0004033639580097,0.9993429939949854,0.651149306587842,-0.1660175359751443,-0.5447693822674132,-0.4781792234220581,15.755986961862575,0.7983399951714305,15.448545796408078,0.30744116545449707,dry_jjas,349.07589029272395,1.0,4.0,3,test,False
Nakuru,2023-06-01,2023,6,1,1,Minimal,0.0,1.002054489930805,0.9758551681458985,0.9860958626579942,-0.0035216946830127,0.4507163188372632,0.7202777012331399,20.89489568949249,-1.0810296717488304,24.364545756480595,-3.4696500669881054,dry_jjas,337.82261196850334,1.0,4.0,3,test,False
Nandi,2023-06-01,2023,6,1,1,Minimal,0.0,1.0,0.9998151603533764,1.4615650869276275,0.0489486118683474,1.5290315260789793,1.541969432376701,56.88075455350936,30.03319260755248,70.25464484083714,-13.373890287327782,dry_jjas,636.3375639959971,1.0,4.0,3,test,False
Narok,2023-06-01,2023,6,2,2,Stressed,0.0,1.5198887031932586,0.992665047219088,1.3574086808757018,-0.3266925815168381,0.5309703797289177,0.5544398439254457,44.81564917123504,19.436580309473893,46.62052517639436,-1.804876005159322,dry_jjas,449.4351533314782,2.0,4.0,3,test,False
Nyamira,2023-06-01,2023,6,1,1,Minimal,0.0,1.0,0.999826225293629,1.5085665305559088,-0.2490489878185858,1.5204190450385862,1.658486132102201,59.48638470858036,36.647555032258616,79.90961971275021,-20.423235004169854,dry_jjas,707.0676224501927,1.0,4.0,3,test,False
Nyandarua,2023-06-01,2023,6,1,1,Minimal,0.0009519769063207,1.0061198349259983,0.9999166595581316,0.6465646621197396,-0.0962227314703537,-0.0601855782502077,0.4257130112402941,15.147096906329937,16.633254662710826,52.9395391072818,-37.79244220095187,dry_jjas,478.59632261521887,1.0,4.0,3,test,False
Nyeri,2023-06-01,2023,6,3,3,Crisis or worse,0.5432317644141675,2.0911609634396475,0.9999011292611956,0.415648431174881,-0.1562699918546566,-0.2377587760936474,0.480687623768299,-22.518244950484643,15.220686906193215,52.49787022391756,-75.0161151744022,dry_jjas,596.5685209899478,2.0,4.0,3,test,False
Samburu,2023-06-01,2023,6,3,3,Crisis or worse,1.0,3.0,0.9999064845337344,1.1167720222588544,0.6466169715018683,-0.0739353854773017,-0.3935272619802385,18.9959701921712,-4.871437515692663,10.874625499495924,8.121344692675276,dry_jjas,233.37064745956647,3.0,4.0,3,test,True
Siaya,2023-06-01,2023,6,1,1,Minimal,0.0,1.0,0.7130635075059107,1.673841635461507,0.3707914816958927,0.9132501539948272,0.9403475370093952,52.23437213144245,20.532291448608863,54.055946173784335,-1.8215740423418865,dry_jjas,703.9110029852106,1.0,4.0,3,test,False
Taita Taveta,2023-06-01,2023,6,2,2,Stressed,0.0022386165941925,2.0022386165941923,0.9966783869663586,-1.2010275688719156,-1.4227889997957566,-1.161646017315888,-0.4116537807635856,-10.34615537324455,1.165225267363829,13.495907724635536,-23.842063097880086,dry_jjas,337.281834884778,2.0,4.0,3,test,False
Tana River,2023-06-01,2023,6,3,3,Crisis or worse,0.999616489929842,2.999616489929842,0.9998362955636696,0.2794541429886124,0.065454218377453,-0.6306710889487086,-0.6609777395504302,15.203789717397198,14.231915470409746,22.31374535916851,-7.109955641771313,dry_jjas,208.9215702880231,3.0,4.0,3,test,False
Tharaka-Nithi,2023-06-01,2023,6,3,3,Crisis or worse,0.5708060749682616,2.1416121499365235,0.9999875926821788,0.659280971033381,0.2483700028020704,-0.375326691682434,-0.0112991268345272,28.788532577296834,17.39751163986627,45.974994117878886,-17.18646154058205,dry_jjas,386.5660928989662,2.0,4.0,3,test,False
Trans Nzoia,2023-06-01,2023,6,1,1,Minimal,0.0,1.0,0.9977780064560036,1.1639662567627993,0.2695718412246788,0.4860875054074119,0.1528063787126748,42.76078533012727,18.09267677211025,56.32677558861797,-13.5659902584907,dry_jjas,575.422482832226,1.0,4.0,3,test,False
Turkana,2023-06-01,2023,6,3,3,Crisis or worse,0.9999916920134178,2.9999916920134178,0.9601531475987374,1.3892321158533625,0.9086415636753868,0.6169539459202911,-0.0776080952505751,46.52342589614979,9.295386633309503,21.60732830117858,24.91609759497121,dry_jjas,134.93439886021372,3.0,4.0,3,test,True
Uasin Gishu,2023-06-01,2023,6,1,1,Minimal,0.0,1.0,0.9999480360329532,1.2096692216029383,0.0827262758010668,0.9343033891982864,0.947690650621646,45.71583743733387,12.478859101049617,42.21892293156975,3.496914505764117,dry_jjas,466.5756532543863,1.0,4.0,3,test,False
Vihiga,2023-06-01,2023,6,1,1,Minimal,0.0,1.0,0.999819355374512,1.3549750958738864,0.024215726468492,1.2647517943911557,1.37013391106615,57.38969066067303,42.46479307872828,79.33246600910499,-21.942775348431958,dry_jjas,638.2354464495623,1.0,4.0,3,test,False
Wajir,2023-06-01,2023,6,3,3,Crisis or worse,0.9999999861444664,2.9999999861444664,0.9996299030073112,2.328184920223878,2.2251669784279144,0.3358058632967768,-0.1897857801567277,52.09828069775514,-4.870754714649271,-0.5559550824570884,52.65423578021223,dry_jjas,220.92597534518788,3.0,4.0,3,test,True
West Pokot,2023-06-01,2023,6,2,2,Stressed,0.3760207752654645,2.258629192005005,0.9926739731095792,0.9190281473377307,0.1837896473362505,-0.3054247084526174,-0.7460760138116002,28.95080786934791,-2.5870968875959117,17.036547563565062,11.914260305782847,dry_jjas,366.78840132412165,2.0,4.0,3,test,False
Baringo,2023-10-01,2023,10,2,2,Stressed,0.0015073178848095,1.8758317570552243,0.9999869852997916,-1.066354155363878,-0.6822243452475005,0.0233518999303144,0.6123462563962326,35.08859802922884,44.487033177076526,73.98459001446966,-38.89599198524082,short_rains,407.6410955536569,2.0,4.0,3,test,True
Bomet,2023-10-01,2023,10,1,1,Minimal,0.0,1.0,0.9999591445797528,-1.7836742280352194,0.2426490466409796,0.9324161495277796,1.652453587509644,73.25458885273413,54.70561180760427,73.78632081615083,-0.5317319634167035,short_rains,705.0356352221398,1.0,4.0,3,test,False
Bungoma,2023-10-01,2023,10,1,1,Minimal,0.0,1.0,0.9970207416060456,-0.4086046760801019,0.7037786773639566,0.5349247117722683,0.7315314442300938,65.88208632781154,70.66009406622747,103.77980970943317,-37.89772338162163,short_rains,684.143518918554,1.0,4.0,3,test,False
Busia,2023-10-01,2023,10,1,1,Minimal,0.0,1.0,0.914162035136638,-1.032319748279824,0.7696774778726644,1.251436220706104,1.7513067789857062,54.08275563538479,83.27177056538478,87.84109533881143,-33.758339703426635,short_rains,504.89251568895395,1.0,4.0,3,test,False
Elgeyo-Marakwet,2023-10-01,2023,10,1,1,Minimal,0.0,1.0037560184868533,0.9999614710628044,-0.9292798032147692,-0.543822331767292,-0.0569673581605862,0.4490638579641378,50.14275594862423,75.92294595211877,83.91411191457621,-33.77135596595198,short_rains,424.00498148048365,1.0,4.0,3,test,False
Embu,2023-10-01,2023,10,2,2,Stressed,0.0,1.667672206524964,0.999984606567881,0.6256304640408022,-0.7639773093253117,0.3971716274998519,0.4532764787578567,42.19026413571846,69.35561541862936,92.26256591055592,-50.07230177483746,short_rains,401.4457023614595,3.0,4.0,3,test,False
Garissa,2023-10-01,2023,10,3,3,Crisis or worse,0.9999999973761992,2.9999999973761997,0.9994639763046193,-0.4429423784623834,-2.786214249403985,1.3374497054569865,1.5679173687994434,27.394401826704243,46.14523324945523,54.63513908679796,-27.24073726009372,short_rains,210.6771075185111,3.0,4.0,3,test,False
Homa Bay,2023-10-01,2023,10,1,1,Minimal,0.0,1.0,0.6628357436647451,-0.6911072784428834,0.0766325199654552,1.4973540774961844,1.873377044969848,56.06622565805331,80.15452874915854,116.56794680263836,-60.50172114458505,short_rains,658.3122810444571,1.0,4.0,3,test,False
Isiolo,2023-10-01,2023,10,3,3,Crisis or worse,0.9996272380957968,2.9996260914018804,0.9999941154232336,1.3028490498401206,0.1034690786518415,1.8864221750678876,1.935358270821911,54.221533381411774,65.52004750716765,85.04589002124855,-30.82435663983678,short_rains,121.15801476654195,3.0,4.0,3,test,False
Kajiado,2023-10-01,2023,10,2,2,Stressed,0.0,1.9986619500880909,0.9866568585689732,-1.3588763876061505,-0.7728735594335646,-0.5685281297469156,-0.1190944480449997,20.97204208792973,22.706701798878708,43.49005664190221,-22.518014553972478,short_rains,244.0590119973267,2.0,4.0,3,test,False
Kakamega,2023-10-01,2023,10,1,1,Minimal,0.0,1.0,0.9998432712295532,-0.3887308083933867,1.1955869252285531,1.4417997071748077,1.3493303310657103,55.59413497630665,84.93192940797493,95.60275654240402,-40.008621566097375,short_rains,521.962946970816,1.0,4.0,3,test,False
Kericho,2023-10-01,2023,10,1,1,Minimal,0.0,1.0,0.9999526229648772,-1.6058601521501927,0.3921122719315401,1.0468584527060716,1.6457214930070607,83.77949870072815,79.30197130358312,84.84451728344824,-1.0650185827200858,short_rains,577.6437811642602,1.0,4.0,3,test,False
Kiambu,2023-10-01,2023,10,1,1,Minimal,0.0,1.001036389650512,0.9998318358451644,-1.3089380854700052,-1.0693648092951742,-0.5645148244513252,-0.2393195976515857,70.17151461055587,48.0240129112584,72.79488648261648,-2.623371872060602,short_rains,365.1581675938478,1.0,4.0,3,test,False
Kilifi,2023-10-01,2023,10,2,2,Stressed,0.0026957456765986,2.002633891638694,0.9941928245145446,1.691843351660996,-0.6636459066576964,0.9332135976232144,0.8593491760986909,45.811037672032505,37.651167697326464,51.15474860583078,-5.3437109337982776,short_rains,485.9236308469297,2.0,4.0,3,test,False
Kirinyaga,2023-10-01,2023,10,1,1,Minimal,0.0,1.000297291880471,0.9999074216214416,0.525735688544234,-0.4174337610448504,0.4052152068952153,0.3837866282025969,33.30277137055959,67.02469561941933,75.29886016817171,-41.996088797612124,short_rains,523.427425427593,1.0,4.0,3,test,False
Kisii,2023-10-01,2023,10,1,1,Minimal,0.0,1.0,0.9995821721572732,-1.1238420422510222,0.5625945287276776,1.2753532513648642,1.599698820484987,75.92713516921458,87.27185867866254,95.4167078018158,-19.489572632601224,short_rains,771.8724273402603,1.0,4.0,3,test,False
Kisumu,2023-10-01,2023,10,1,1,Minimal,0.0,1.0,0.7829061444141889,-0.9386163579910374,0.8407622009481887,1.694353883120977,1.9393023541660817,61.39553993274342,95.88462498234252,96.08952500398752,-34.6939850712441,short_rains,650.4965825795291,1.0,4.0,3,test,False
Kitui,2023-10-01,2023,10,2,2,Stressed,0.0003494562889693,1.99979703734566,1.0000139082032486,2.662469220746867,0.1732554833866352,1.1549717643488395,1.2292551904277365,54.74969921444082,67.27669144172965,73.71647118518929,-18.966771970748475,short_rains,350.0498777837523,3.0,4.0,3,test,False
Kwale,2023-10-01,2023,10,2,2,Stressed,0.0,1.99971200940671,0.9912639533016692,2.4610912904424382,-0.3058439479948037,0.9555286832803004,0.6973915132851246,74.23422842777666,68.5756591049845,55.35939820398137,18.874830223795286,short_rains,461.4118591660762,2.0,4.0,3,test,False
Laikipia,2023-10-01,2023,10,2,2,Stressed,0.0030231076916906,2.0020045336566,1.0000147454807928,-1.133393222668444,-0.5416998085285614,0.5867240700106681,1.0163570288952666,34.184693311668475,46.2133231254353,66.06215342019053,-31.87746010852205,short_rains,378.6133408439104,3.0,4.0,3,test,False
Lamu,2023-10-01,2023,10,2,2,Stressed,0.0078360899683419,2.007836089968342,0.9773409282733216,0.1343801214763079,-2.2719169017639538,-0.1054620038729079,0.3068804688632854,59.93079288129521,78.9499176323978,84.29772748282967,-24.36693460153446,short_rains,394.8891092289726,2.0,4.0,3,test,False
Machakos,2023-10-01,2023,10,1,1,Minimal,0.0,1.0047553322918272,0.9999321623262246,-0.917416612630531,-0.6453117951440916,-0.1628306638257059,0.125956372760476,36.96592186039899,54.26212909437446,83.57704305191655,-46.611121191517555,short_rains,347.0698296320569,1.0,4.0,3,test,False
Makueni,2023-10-01,2023,10,2,2,Stressed,0.0,1.947624889737296,0.9999852802990984,1.67328464825911,-0.0808340177202127,-0.0540029275891633,0.19300296695905,52.30514974438962,62.8931668758839,67.50107398532434,-15.195924240934723,short_rains,210.84898907247097,3.0,4.0,3,test,False
Mandera,2023-10-01,2023,10,3,3,Crisis or worse,1.0,3.0,0.993482948642904,0.0738733742812765,-0.3414932894579079,1.6199173984871258,1.6667800154967156,23.91661023660622,77.03807606433942,96.54407532717538,-72.62746509056916,short_rains,147.72597818452132,3.0,4.0,3,test,False
Marsabit,2023-10-01,2023,10,3,3,Crisis or worse,1.0,3.0,0.9337767803562236,-0.9133366814966238,-0.3115962924244955,1.8184065791799424,1.9916130189660384,50.07995955416389,49.90729357822112,71.2118928851949,-21.131933331031007,short_rains,183.11284628508548,3.0,4.0,3,test,True
Meru,2023-10-01,2023,10,1,1,Minimal,0.0045985762816944,1.4939407494247172,0.9999036180411556,1.1263099471921862,-0.8172303818946868,1.4421592946960151,1.571726406202969,61.20360606473906,83.12135706742929,78.25691620636181,-17.053310141622745,short_rains,469.95952152110806,1.0,4.0,3,test,False
Migori,2023-10-01,2023,10,1,1,Minimal,0.0,1.0,0.8093394361863654,-1.0895400139019435,0.0166276523271633,0.9430840781438246,1.1758264268061325,55.28108338500491,82.94542475291166,109.10263734365564,-53.82155395865073,short_rains,460.4970135975702,1.0,4.0,3,test,False
Mombasa,2023-10-01,2023,10,1,1,Minimal,0.0,1.024159169166952,0.9454988271665984,2.5425458865929818,-0.3253370027198876,0.9763534309027576,0.7333974907764077,44.28913880654398,7.083504868806879,38.53912021870272,5.750018587841261,short_rains,339.4545465241538,1.0,4.0,3,test,False
Murang'a,2023-10-01,2023,10,1,1,Minimal,0.0,1.0,0.9998960447776896,-0.9499819462832376,-0.8123571666303621,-0.1061743014110531,0.1018686117966588,47.5611625563199,75.01888826479335,74.61049436518476,-27.049331808864864,short_rains,600.9606534616394,1.0,4.0,3,test,False
Nairobi,2023-10-01,2023,10,1,1,Minimal,0.0,1.0004033639580097,0.9993429939949854,-1.0874073632339445,-1.1150661674063354,-0.7039356730834004,-0.3354195778620624,61.452616036734426,31.014633606474508,69.65859010697645,-8.205974070242021,short_rains,349.07589029272395,1.0,4.0,3,test,False
Nakuru,2023-10-01,2023,10,1,1,Minimal,0.0,1.002054489930805,0.9758551681458985,-1.5984688116293615,-0.7439742453524407,-0.0187130339286625,0.6038892125492858,55.92494903553579,56.03458632947002,85.51727633804533,-29.592327302509545,short_rains,337.82261196850334,1.0,4.0,3,test,False
Nandi,2023-10-01,2023,10,1,1,Minimal,0.0,1.0,0.9998151603533764,-0.8213064660411061,1.128749856804314,1.4674332297352308,1.4272895002504762,80.2708125375991,79.44063998294935,91.49733259744414,-11.226520059845043,short_rains,636.3375639959971,1.0,4.0,3,test,False
Narok,2023-10-01,2023,10,2,2,Stressed,0.0,1.5198887031932586,0.992665047219088,-1.2901475090558625,-0.2724288368093738,0.3260176115668386,1.0110390266857954,57.92408267546796,57.03372715258162,84.37770485633918,-26.45362218087122,short_rains,449.4351533314782,2.0,4.0,3,test,False
Nyamira,2023-10-01,2023,10,1,1,Minimal,0.0,1.0,0.999826225293629,-1.1293796247288266,0.7463634820291412,1.4700873873717475,1.9485762381662304,83.91809633004004,82.51143168828823,103.9396458714291,-20.02154954138905,short_rains,707.0676224501927,1.0,4.0,3,test,False
Nyandarua,2023-10-01,2023,10,1,1,Minimal,0.0,1.0051678580196777,0.9999166595581316,-1.795588954179672,-1.037638061755416,-0.3777785559481342,0.1532848679554319,52.535265090129165,60.970900190372895,71.05208821551206,-18.516823125382892,short_rains,478.59632261521887,1.0,4.0,3,test,False
Nyeri,2023-10-01,2023,10,2,2,Stressed,0.0,1.5479244481678869,0.9998906213099183,-0.7088977470554269,-0.8002711213785628,0.2013850398735748,0.4891097851607296,45.05922238959064,81.81116734937444,62.7025516579673,-17.64332926837666,short_rains,596.5685209899478,3.0,4.0,3,test,False
Samburu,2023-10-01,2023,10,3,3,Crisis or worse,0.9999652977143032,2.9999652977143034,0.9999065224702568,-0.8529600136475957,-0.1743910099383163,1.2988581922501563,1.5659076613089362,20.864358860488032,29.831036801018247,57.86247999366689,-36.998121133178856,short_rains,233.37064745956647,3.0,4.0,3,test,True
Siaya,2023-10-01,2023,10,1,1,Minimal,0.0,1.0,0.7130635075059107,-0.9553870229680408,0.488486972081778,1.738958459896033,2.1529984673377744,74.80724533669455,77.13704478290698,116.99072095583844,-42.18347561914389,short_rains,703.9110029852106,1.0,4.0,3,test,False
Taita Taveta,2023-10-01,2023,10,2,2,Stressed,0.000257074476969,2.000257074476969,0.9966783872024696,2.194614359051651,0.3904283261360471,0.3092363637619305,0.2751311014700033,16.432485891664196,35.71488580243659,30.145232266100937,-13.71274637443674,short_rains,337.281834884778,2.0,4.0,3,test,False
Tana River,2023-10-01,2023,10,3,3,Crisis or worse,0.9990219475993868,2.9990219475993865,0.9998364505696868,1.1651124308047187,-0.9440854027595732,1.5355785888145206,1.527932108496253,33.249712414869045,47.78900899466174,50.43038923158586,-17.18067681671682,short_rains,208.9215702880231,3.0,4.0,3,test,False
Tharaka-Nithi,2023-10-01,2023,10,2,2,Stressed,0.0,1.5708060749682615,0.9999875926821788,1.1536123006814565,-0.9670946292495408,1.1658345549456055,1.2352625105835628,34.17532981026173,60.231227925127925,64.57104529293149,-30.395715482669758,short_rains,386.5660928989662,3.0,4.0,3,test,False
Trans Nzoia,2023-10-01,2023,10,1,1,Minimal,0.0,1.0,0.9977780064560036,-0.1902963687736801,0.5159526719477051,0.5059839242586371,0.6597207557076428,69.16118624284968,79.77852513641518,87.77963423027653,-18.618447987426848,short_rains,575.422482832226,1.0,4.0,3,test,False
Turkana,2023-10-01,2023,10,3,3,Crisis or worse,0.9999523071884676,2.9999523071884675,0.9601531475982584,-0.8301968617362799,-1.3011125952462756,0.9459429504216216,1.6470741299088745,27.66697029260176,40.697993868233326,74.28806728354571,-46.621096990943954,short_rains,134.93439886021372,3.0,4.0,3,test,True
Uasin Gishu,2023-10-01,2023,10,1,1,Minimal,0.0,1.0,0.9999480360329532,-1.0180259889190388,0.0079283269488338,0.4697416353274856,0.7722744412795872,72.50410481372482,78.44536393113276,81.25858196321555,-8.754477149490725,short_rains,466.5756532543863,1.0,4.0,3,test,False
Vihiga,2023-10-01,2023,10,1,1,Minimal,0.0,1.0,0.999819355374512,-0.5856895696013342,1.2418766073183862,1.7046816876379705,1.6655664336405611,83.99238276306922,102.43025170762527,92.10363468945232,-8.111251926383105,short_rains,638.2354464495623,1.0,4.0,3,test,False
Wajir,2023-10-01,2023,10,3,3,Crisis or worse,0.9999999861445172,2.999999986144517,0.9996335607637094,0.2109496444904005,-0.8597654871511131,1.74628627345072,1.7741103739203137,59.249833959203485,66.16035958264003,78.8768153006792,-19.626981341475712,short_rains,220.92597534518788,3.0,4.0,3,test,True
West Pokot,2023-10-01,2023,10,2,2,Stressed,0.0026265868449534,1.885235003584494,0.9926739731095776,-0.9985118723779872,-0.9723594975508548,-0.2519845827965566,0.4197217331720794,24.00029922102304,42.83505712451035,51.848226681745686,-27.847927460722644,short_rains,366.78840132412165,2.0,4.0,3,test,False
Baringo,2024-02-01,2024,2,2,2,Stressed,0.0012764640545953,1.874969490924025,0.9999804231628514,0.94919209580755,1.7011021718366397,0.1735624773908888,-0.5443641693690877,66.48142668437468,55.998380929742765,54.53851705767072,11.942909626703965,dry_jf,407.6410955536569,2.0,4.0,3,test,True
Bomet,2024-02-01,2024,2,1,1,Minimal,0.0,1.0,0.9999591445797528,1.8474334180879384,3.673417304840231,2.548107981630631,0.7576406365061966,58.80500806433901,101.1334858803179,83.11650109225413,-24.311493027915112,dry_jf,705.0356352221398,1.0,4.0,3,test,False
Bungoma,2024-02-01,2024,2,1,1,Minimal,0.0,1.0,0.9970207416060456,-0.0174951010725782,0.9064704996224392,0.9654308351520609,0.4801249948446275,113.09966273480823,127.94159996808796,82.22363726859471,30.87602546621352,dry_jf,684.143518918554,1.0,4.0,3,test,False
Busia,2024-02-01,2024,2,1,1,Minimal,0.0,1.0,0.914162035136638,1.306943714355003,2.610326447724004,2.475192785577156,0.3913155578362198,88.12604672202083,101.65763781989286,79.62413231832286,8.501914403697967,dry_jf,504.89251568895395,1.0,4.0,3,test,False
Elgeyo-Marakwet,2024-02-01,2024,2,1,1,Minimal,0.0,1.0006154999387935,0.9999531832842424,0.3365797723790678,1.2678930239707351,0.4697737606975865,-0.1328848696171369,74.95148841444795,76.33147879376476,69.54161173796392,5.409876676484032,dry_jf,424.00498148048365,1.0,4.0,3,test,False
Embu,2024-02-01,2024,2,2,2,Stressed,0.0,1.667672206524964,0.999984606567881,2.4226817472802304,2.059697122543054,2.2050223087922034,0.0897218247682182,87.810358746345,43.5060546554784,74.09997146557912,13.710387280765886,dry_jf,401.4457023614595,2.0,4.0,3,test,False
Garissa,2024-02-01,2024,2,3,3,Crisis or worse,0.9998398312964832,2.999839831296484,0.999466245753788,1.8172712913095563,1.5120285293863165,1.39422865877195,-0.426234131240561,90.14814847595729,32.103398268583426,43.55011880814546,46.59802966781182,dry_jf,210.6771075185111,3.0,4.0,3,test,False
Homa Bay,2024-02-01,2024,2,1,1,Minimal,0.0,1.0,0.6628357436647451,2.0640035449119813,3.242815223806457,3.0286943206703443,0.708803869117056,61.42660085826403,71.21884626169546,75.92169232618367,-14.495091467919643,dry_jf,658.3122810444571,1.0,4.0,3,test,False
Isiolo,2024-02-01,2024,2,3,3,Crisis or worse,0.9981047146050628,2.998103567875343,0.99996289383669,2.396281349962179,2.152007120694421,2.184267417699373,0.772574229145612,96.39269457315837,27.708105892293613,55.867833807970186,40.52486076518818,dry_jf,121.15801476654195,3.0,4.0,3,test,False
Kajiado,2024-02-01,2024,2,2,2,Stressed,0.0,1.9978818682003,0.9866570549184218,2.4804799165063,2.3863746667674577,2.4065708403790413,-0.07546418155466,106.67871803559544,20.345695037295474,50.17827245411351,56.50044558148193,dry_jf,244.0590119973267,2.0,4.0,3,test,False
Kakamega,2024-02-01,2024,2,1,1,Minimal,0.0,1.0,0.9998432712295532,0.4097603684391839,2.074007532645033,2.2429686198753767,0.6510247678947445,110.97998752463606,99.1443038561366,97.30069097292576,13.679296551710294,dry_jf,521.962946970816,1.0,4.0,3,test,False
Kericho,2024-02-01,2024,2,1,1,Minimal,0.0,1.0,0.9999526229648772,1.1906663417217742,3.529624836470934,2.0135108982417464,0.3552356525389786,77.19225551760678,89.3420421918046,49.01323923640733,28.179016281199452,dry_jf,577.6437811642602,1.0,4.0,3,test,False
Kiambu,2024-02-01,2024,2,1,1,Minimal,0.0,1.001036389650512,0.9998318358451616,2.1112087760225355,1.9701463461625557,1.7527970837969946,-0.3743636558587133,68.4338304513696,28.139793696320968,64.56328409533351,3.870546356036087,dry_jf,365.1581675938478,1.0,4.0,3,test,False
Kilifi,2024-02-01,2024,2,2,2,Stressed,0.0,1.9992691542415924,0.9941942173456324,3.96808489875492,2.577730446378521,2.6197132941367927,0.7846532076719237,71.71063763841937,28.16472350832818,20.926599321366403,50.78403831705297,dry_jf,485.9236308469297,2.0,4.0,3,test,False
Kirinyaga,2024-02-01,2024,2,1,1,Minimal,0.0,1.000297291880471,0.9999074216214416,2.2195775522967702,1.679030693446474,1.9104361595612531,0.3379203170889763,66.84588208144422,51.97833906944277,56.47520201433402,10.370680067110193,dry_jf,523.427425427593,1.0,4.0,3,test,False
Kisii,2024-02-01,2024,2,1,1,Minimal,0.0,1.0,0.9995821721572732,2.300312607458161,3.764160048737639,3.189386793725458,1.114194917692298,34.7594903150948,66.55102159578962,98.6152903677062,-63.85580005261139,dry_jf,771.8724273402603,1.0,4.0,3,test,False
Kisumu,2024-02-01,2024,2,1,1,Minimal,0.0,1.0,0.7829061444141889,1.4924859031709783,3.11652523108254,2.8235190007417343,0.648105776221488,78.30272199400915,66.92339410311753,76.90068344755393,1.4020385464552163,dry_jf,650.4965825795291,1.0,4.0,3,test,False
Kitui,2024-02-01,2024,2,2,2,Stressed,4.64735441056077e-08,1.999426147896366,0.9999744437390836,2.131149680520662,2.0995240669477813,2.176282376275752,0.889018067448063,71.66620116695194,15.627604162217128,47.14733273908773,24.518868427864206,dry_jf,350.0498777837523,2.0,4.0,3,test,False
Kwale,2024-02-01,2024,2,2,2,Stressed,0.0,1.9964024485104197,0.9912677758629524,4.531606686811073,3.201602076769197,3.33886335907036,1.3704256348023924,78.49650149614791,51.41498047504008,45.43737038846484,33.05913110768307,dry_jf,461.4118591660762,2.0,4.0,3,test,False
Laikipia,2024-02-01,2024,2,2,2,Stressed,0.0016009953969313,2.000582419232105,1.0000126545556758,1.813737424590113,1.6796890098874966,0.9170778035854804,-1.0337626374522333,79.5944851345952,34.54118063983099,32.34548832139953,47.248996813195674,dry_jf,378.6133408439104,2.0,4.0,3,test,False
Lamu,2024-02-01,2024,2,2,2,Stressed,0.0075337346269623,2.0075337346269624,0.9773149393714956,2.290804030102954,1.635077140524987,0.9232663419878916,0.2821940927804888,77.3024427405598,84.03013065291407,80.25584339295499,-2.953400652395189,dry_jf,394.8891092289726,2.0,4.0,3,test,False
Machakos,2024-02-01,2024,2,1,1,Minimal,0.0,1.004755332291827,0.9999321623262248,2.030908751621874,1.8467874291505133,1.8486276770319643,-1.3004261436604891,58.619691695136446,10.845830953240132,48.67200322697275,9.947688468163697,dry_jf,347.0698296320569,1.0,4.0,3,test,False
Makueni,2024-02-01,2024,2,2,2,Stressed,0.0,1.9476236692252251,0.9999852802990988,2.346174221636306,2.218770073301648,2.2724500894836064,0.1276502899409894,75.48815313149795,18.832016295780843,57.43560790222743,18.05254522927052,dry_jf,210.84898907247097,2.0,4.0,3,test,False
Mandera,2024-02-01,2024,2,3,3,Crisis or worse,1.0,3.0,0.9934829486429037,4.282851590816469,3.587160768385591,3.686333969678914,-0.3392403665845635,103.41526172534216,42.95033062069909,57.32224432988575,46.093017395456414,dry_jf,147.72597818452132,3.0,4.0,3,test,False
Marsabit,2024-02-01,2024,2,3,3,Crisis or worse,0.9999393117411808,2.999939311741181,0.9337760885726988,2.705080579496798,2.9558097382588246,2.9571066555158296,-1.13106657742384,124.10276850622002,26.235518118165835,56.23288896765276,67.86987953856726,dry_jf,183.11284628508548,3.0,4.0,3,test,True
Meru,2024-02-01,2024,2,1,1,Minimal,0.0045985762816944,1.49394074942472,0.9999036180411602,2.140801395067972,1.9481691509106076,2.0861808643003434,0.3440450600822389,95.19870306218364,34.8434908918526,62.44681041823031,32.75189264395333,dry_jf,469.95952152110806,1.0,4.0,3,test,False
Migori,2024-02-01,2024,2,1,1,Minimal,0.0,1.0,0.8093394361863654,1.9832880065390877,3.117995038822348,3.23753601973321,0.850443832749955,63.789224730633535,108.72873182869456,89.8490848947353,-26.059860164101764,dry_jf,460.4970135975702,1.0,4.0,3,test,False
Mombasa,2024-02-01,2024,2,1,1,Minimal,0.0,1.024159169166952,0.9454988271665984,4.6479611711118105,2.968026957050004,2.941784418544412,1.1148185643673632,54.17433988095739,54.17366824520441,45.11016019842327,9.064179682534117,dry_jf,339.4545465241538,1.0,4.0,3,test,False
Murang'a,2024-02-01,2024,2,1,1,Minimal,0.0,1.0,0.9998960447776896,2.754310794804147,2.159230654054964,2.0603937277549176,-0.8908965316058314,83.03158834946733,23.638894021797885,84.00669876491494,-0.9751104154476167,dry_jf,600.9606534616394,1.0,4.0,3,test,False
Nairobi,2024-02-01,2024,2,1,1,Minimal,0.0,1.0004033639580097,0.9993429939949852,1.7180979834407393,1.7066406617730376,1.5574555006008004,0.0464174015795246,75.70815954380065,-7.182799478108901,55.55245401719253,20.155705526608116,dry_jf,349.07589029272395,1.0,4.0,3,test,False
Nakuru,2024-02-01,2024,2,1,1,Minimal,0.0,1.002054489930805,0.9758551681458985,2.235923871785364,3.045977751667212,0.9858689979037384,-0.4436861455658061,64.2106752282765,55.102556942278746,57.15559796089903,7.05507726737747,dry_jf,337.82261196850334,1.0,4.0,3,test,False
Nandi,2024-02-01,2024,2,1,1,Minimal,0.0,1.0,0.9998151603533764,0.8347882985209623,2.8174063226189245,2.350617704101368,0.6717900879302525,101.39991645889005,93.63243382304236,72.38449777190027,29.015418686989776,dry_jf,636.3375639959971,1.0,4.0,3,test,False
Narok,2024-02-01,2024,2,1,1,Minimal,0.0,1.0001312284969692,0.992664870675866,2.51911259283476,3.653512109769284,3.015184704377468,0.9211008873705548,88.34304816283243,81.10306626762555,76.27456124046732,12.06848692236511,dry_jf,449.4351533314782,2.0,4.0,3,test,False
Nyamira,2024-02-01,2024,2,1,1,Minimal,0.0,1.0,0.999826225293629,2.1133072631216927,3.5958811021909134,2.846185612309676,1.1697677600009388,44.76379439056026,76.62191640596538,75.20205381762834,-30.438259427068083,dry_jf,707.0676224501927,1.0,4.0,3,test,False
Nyandarua,2024-02-01,2024,2,1,1,Minimal,0.0,1.0051678580196777,0.9999166595581316,2.066510717250741,1.825487068251187,0.4583567819863909,-1.0450774590383447,29.55403100715344,92.74006498275848,53.24813918679085,-23.69410817963741,dry_jf,478.59632261521887,1.0,4.0,3,test,False
Nyeri,2024-02-01,2024,2,2,2,Stressed,0.0,1.5479244481678869,0.9998906213099183,2.3844307143861188,1.7438023749713856,1.4802304448608,-0.6218079984088192,86.30898296851316,45.87528561528168,56.694286023039616,29.614696945473547,dry_jf,596.5685209899478,2.0,4.0,3,test,False
Samburu,2024-02-01,2024,2,2,2,Stressed,0.0033704837250453,2.0033704837250457,0.9999064817953814,1.5721944402634531,2.183631034735096,1.936362667525125,-0.981269128047462,100.56141123677013,33.87324756636303,26.18549528792836,74.37591594884177,dry_jf,233.37064745956647,3.0,4.0,3,test,True
Siaya,2024-02-01,2024,2,1,1,Minimal,0.0,1.0,0.7130635075059107,1.5935431290954736,2.760028112584888,2.6233236009886958,0.4920956273154158,77.67606843656442,98.16241431175202,89.10858507902526,-11.43251664246084,dry_jf,703.9110029852106,1.0,4.0,3,test,False
Taita Taveta,2024-02-01,2024,2,1,1,Minimal,0.0,1.0030037691577696,0.996689633840372,3.3876854074222984,2.8640869945197864,3.1054601410058407,1.2802071455279658,58.129521912788455,4.101841174496328,12.442713943813748,45.686807968974705,dry_jf,337.281834884778,2.0,4.0,3,test,False
Tana River,2024-02-01,2024,2,2,2,Stressed,0.0016345853063484,2.001631980153994,0.9998461025339648,2.6013244425708835,2.4342703717071954,2.6320049035737134,1.1939439838430477,85.67454080043414,22.82291886070996,34.29898366456371,51.37555713587044,dry_jf,208.9215702880231,3.0,4.0,3,test,False
Tharaka-Nithi,2024-02-01,2024,2,2,2,Stressed,0.0,1.5708060749682615,0.9999875926821788,2.357463226559421,2.0539421115456773,2.1695607180454584,0.3511245378187177,65.19245003700972,20.34038035303184,55.51537175779648,9.67707827921324,dry_jf,386.5660928989662,2.0,4.0,3,test,False
Trans Nzoia,2024-02-01,2024,2,1,1,Minimal,0.0,1.0,0.9977780064560036,0.1642291144792692,1.1096825114924544,0.9305655652330448,0.6257769609095816,98.8961649316164,94.2005478492159,25.682068752296445,73.21409617931995,dry_jf,575.422482832226,1.0,4.0,3,test,False
Turkana,2024-02-01,2024,2,3,3,Crisis or worse,0.9997793342202268,2.9997363471646192,0.9601531475987404,1.0350783582649212,1.6569964029406663,0.2059860914359264,-1.1063719659205653,87.81568162545055,33.29811336711496,37.37161280120086,50.44406882424969,dry_jf,134.93439886021372,3.0,4.0,3,test,True
Uasin Gishu,2024-02-01,2024,2,1,1,Minimal,0.0,1.0,0.9999480360329532,0.1396803547750531,1.4868026150353864,0.7268278051453865,0.1428032692589481,96.12834747094082,95.2169226623544,64.4818966256481,31.64645084529272,dry_jf,466.5756532543863,1.0,4.0,3,test,False
Vihiga,2024-02-01,2024,2,1,1,Minimal,0.0,1.0,0.9998193553745144,1.3754844592444782,2.8260769720516343,3.087848929581148,0.8083875936777916,93.32091163756388,87.14527925180747,122.03750693503714,-28.716595297473262,dry_jf,638.2354464495623,1.0,4.0,3,test,False
Wajir,2024-02-01,2024,2,3,3,Crisis or worse,0.9999999861444424,2.999999986144443,0.9996281767904702,3.073306461665157,2.637524973284675,2.6870116867694502,-0.1466482149515147,82.83550663673888,24.77316179840667,72.99833960982697,9.837167026911914,dry_jf,220.92597534518788,3.0,4.0,3,test,True
West Pokot,2024-02-01,2024,2,1,1,Minimal,0.0026265871503274,1.0053642091355135,0.9926738576986502,0.278020100187566,1.2685132958039138,0.0010377027000687,-0.4778065933950883,82.4089442712096,43.03006178575308,41.1699844642857,41.23895980692391,dry_jf,366.78840132412165,2.0,4.0,3,test,False
Baringo,2024-06-01,2024,6,2,2,Stressed,0.0,1.8736930268695733,0.999980423163988,-0.3592094529998675,0.5807188707514573,0.7195013852671808,0.7306433967358272,37.51236853382061,41.957279639822325,50.09770809726141,-12.585339563440797,dry_jjas,407.6410955536569,2.0,4.0,3,test,True
Bomet,2024-06-01,2024,6,1,1,Minimal,0.0,1.0,0.9999591445797528,-0.0873037245806669,2.014468356918166,2.419351266360441,2.3872828023208914,93.960945798673,113.07197442775325,90.2959082928743,3.6650375057986935,dry_jjas,705.0356352221398,1.0,4.0,3,test,False
Bungoma,2024-06-01,2024,6,1,1,Minimal,0.0,1.0,0.9970207416060456,-0.1074130816930903,1.4188491745430891,1.2017797897493772,0.9454805513449,101.67373392021096,113.45442135302578,86.9769101149947,14.696823805216269,dry_jjas,684.143518918554,1.0,4.0,3,test,False
Busia,2024-06-01,2024,6,1,1,Minimal,0.0,1.0,0.914162035136638,-0.4078702288679967,1.614981925701379,2.0799607837766376,1.4454360910358457,93.2591885269671,108.18660910767488,95.97927343621606,-2.7200849092489676,dry_jjas,504.89251568895395,1.0,4.0,3,test,False
Elgeyo-Marakwet,2024-06-01,2024,6,1,1,Minimal,0.0,1.0006154999387935,0.9999531832842424,-0.1991071318701294,0.5600729244644563,0.628666703314851,0.2886823734835744,83.91555999056331,78.7274570072953,72.80962300423329,11.105936986330022,dry_jjas,424.00498148048365,1.0,4.0,3,test,False
Embu,2024-06-01,2024,6,2,2,Stressed,0.0,1.667672206524964,0.999984606567881,-0.8322823603627221,0.3706832520089617,1.3017345269699847,1.5707073852045972,69.69284958627328,65.66840138130493,84.09727067171183,-14.404421085438543,dry_jjas,401.4457023614595,2.0,4.0,3,test,False
Garissa,2024-06-01,2024,6,2,2,Stressed,2.771063219523922e-05,2.0000277106321955,0.999463973682636,-0.3875805268000028,-0.1925998074542608,1.2507107328828928,1.6313188096417108,81.84301993581519,89.63362120487433,101.3444658621685,-19.501445926353313,dry_jjas,210.6771075185111,3.0,4.0,3,test,False
Homa Bay,2024-06-01,2024,6,1,1,Minimal,0.0,1.0,0.6628357436647451,-0.4700200647208026,0.9142612196180278,2.192975221522432,1.7256095844286805,83.79697318693215,92.14442551929127,64.51649595006543,19.280477236866716,dry_jjas,658.3122810444571,1.0,4.0,3,test,False
Isiolo,2024-06-01,2024,6,2,2,Stressed,9.035624676525336e-06,2.0000078888922217,0.9999605086275588,-1.0525906353082122,-0.1667365619483004,1.2231690082104776,1.4540630640694243,67.19044474476792,106.1028980175924,108.13981521759258,-40.94937047282467,dry_jjas,121.15801476654195,3.0,4.0,3,test,False
Kajiado,2024-06-01,2024,6,2,2,Stressed,0.0,1.9978818682003,0.9866570549184218,0.7018476822534792,1.3160870276727783,1.6449303581187174,1.6152137470348096,79.95746927443288,74.56910692119965,89.23844402627948,-9.2809747518466,dry_jjas,244.0590119973267,2.0,4.0,3,test,False
Kakamega,2024-06-01,2024,6,1,1,Minimal,0.0,1.0,0.9998432712295532,0.2638430775885191,1.7911611800419127,2.198100480827946,1.2910551074693328,100.99164237134669,115.39063565494727,98.45375850636556,2.5378838649811257,dry_jjas,521.962946970816,1.0,4.0,3,test,False
Kericho,2024-06-01,2024,6,1,1,Minimal,0.0,1.0,0.9999526229648772,0.2471191101946994,1.751077205298558,2.1208659686187765,1.6830295028671378,99.36344346278187,101.73510179488208,86.46338996930605,12.900053493475824,dry_jjas,577.6437811642602,1.0,4.0,3,test,False
Kiambu,2024-06-01,2024,6,1,1,Minimal,0.0,1.001036389650512,0.9998318358451616,0.6538605215248555,1.066510297860746,1.439956602016897,1.625293701332578,80.02529948518448,87.04755994993201,61.83384442502931,18.191455060155164,dry_jjas,365.1581675938478,1.0,4.0,3,test,False
Kilifi,2024-06-01,2024,6,2,2,Stressed,0.0,1.9992691542415924,0.9941942173456992,0.6231542821245689,0.3955555214952927,2.4836028123477467,3.311046151188991,74.2741556171279,59.35435216254692,87.95513560056912,-13.680979983441219,dry_jjas,485.9236308469297,2.0,4.0,3,test,False
Kirinyaga,2024-06-01,2024,6,1,1,Minimal,0.0,1.000297291880471,0.9999074216214416,-0.981100740202876,0.4065133213021722,1.103569258126678,1.540809270641157,83.84047615975905,92.28609873793611,42.25080099396441,41.58967516579464,dry_jjas,523.427425427593,1.0,4.0,3,test,False
Kisii,2024-06-01,2024,6,1,1,Minimal,0.0,1.0,0.9995821721572732,-0.0542738911015639,1.48723219620116,2.9437925358792305,2.521483427367573,101.00602958314086,99.85408175685016,90.11121991304616,10.894809670094702,dry_jjas,771.8724273402603,1.0,4.0,3,test,False
Kisumu,2024-06-01,2024,6,1,1,Minimal,0.0,1.0,0.7829061444141889,0.2793325596400646,1.8141587174044216,2.4751172524210654,1.5847288962264303,98.83623226211698,99.80937941705577,87.43375511285173,11.402477149265252,dry_jjas,650.4965825795291,1.0,4.0,3,test,False
Kitui,2024-06-01,2024,6,2,2,Stressed,0.0,1.999426101429152,0.999974454768937,0.5138351494341625,0.6142847052817559,1.4289038165100283,1.312777837591684,58.39329333308832,49.10490786162393,80.18861357177927,-21.795320238690948,dry_jjas,350.0498777837523,2.0,4.0,3,test,False
Kwale,2024-06-01,2024,6,2,2,Stressed,0.0,1.996402448510419,0.991267775862953,0.9170238256265084,0.6874493578095213,2.782749170917592,3.405379480503873,78.99291281918802,69.76317790709793,94.99569634873224,-16.002783529544217,dry_jjas,461.4118591660762,2.0,4.0,3,test,False
Laikipia,2024-06-01,2024,6,2,2,Stressed,0.0,1.998981396948026,0.9999862581216884,-0.9470714317965572,0.6344293365470614,1.0453423307668537,1.2518218967818562,39.21375351231912,53.90179062986087,72.88839513187416,-33.67464161955504,dry_jjas,378.6133408439104,2.0,4.0,3,test,False
Lamu,2024-06-01,2024,6,2,2,Stressed,0.0,2.0,0.977248259021535,0.2737138749029895,0.2247191664905189,2.1091202443887136,2.7613884489248397,110.84755469230494,107.26286502541588,110.3223370121038,0.5252176802011377,dry_jjas,394.8891092289726,2.0,4.0,3,test,False
Machakos,2024-06-01,2024,6,1,1,Minimal,0.0,1.004755332291827,0.9999321623262248,0.6257769960935468,0.9622216096644572,1.2973874597516666,1.3238682997084943,61.736104906942025,57.95708418872424,82.31608391052438,-20.57997900358236,dry_jjas,347.0698296320569,1.0,4.0,3,test,False
Makueni,2024-06-01,2024,6,2,2,Stressed,0.0,1.947623669225225,0.9999852802990986,0.9504407886295776,1.1228977481116669,1.595151496830645,1.3538215612448037,70.65951501600226,68.10015532196222,90.37249762680412,-19.71298261080186,dry_jjas,210.84898907247097,2.0,4.0,3,test,False
Mandera,2024-06-01,2024,6,2,2,Stressed,0.0,2.0,0.9934829486429028,-0.6374579161594826,-0.6629712583548032,3.222966048317488,3.734668585966045,76.20180565603889,109.06077578920896,101.357365295588,-25.15555963954911,dry_jjas,147.72597818452132,3.0,4.0,3,test,False
Marsabit,2024-06-01,2024,6,2,2,Stressed,0.0,2.0,0.9337761009358352,-1.051032636612719,-0.2409764510686118,1.791003530520595,1.5488975538089849,55.80296637597597,74.14747437071556,89.71563185877125,-33.912665482795276,dry_jjas,183.11284628508548,3.0,4.0,3,test,True
Meru,2024-06-01,2024,6,1,1,Minimal,0.0,1.4893402648102658,0.9998998814065696,-0.999713183620118,0.4570130817336713,1.3033690683770336,1.368847220923207,72.29562057707845,78.95958570505961,97.92759557671504,-25.631974999636583,dry_jjas,469.95952152110806,1.0,4.0,3,test,False
Migori,2024-06-01,2024,6,1,1,Minimal,0.0,1.0,0.8093394361863654,-0.8043630120076581,0.2015854443004777,1.7740226440778009,1.855058241267868,80.96537163048762,87.68214968632907,76.33880769563338,4.626563934854246,dry_jjas,460.4970135975702,1.0,4.0,3,test,False
Mombasa,2024-06-01,2024,6,1,1,Minimal,0.0,1.024159169166952,0.9454988271665984,0.8571217698954839,0.5795296505304988,2.6899525434017155,3.6400187235700336,77.84762626088752,59.12811011242897,88.7324573485063,-10.884831087618778,dry_jjas,339.4545465241538,1.0,4.0,3,test,False
Murang'a,2024-06-01,2024,6,1,1,Minimal,0.0,1.0,0.9998960447776896,0.1941938007564103,0.8266711242075383,1.5717409439212953,2.105092302227701,83.60589389461381,83.45466899116128,75.12282568257365,8.483068212040166,dry_jjas,600.9606534616394,1.0,4.0,3,test,False
Nairobi,2024-06-01,2024,6,1,1,Minimal,0.0,1.0004033639580097,0.9993429939949852,0.8416400231842471,1.1001450949499194,1.2086588895565265,1.2491781708005294,76.74596916415648,64.1821215241835,65.10632253529299,11.639646628863488,dry_jjas,349.07589029272395,1.0,4.0,3,test,False
Nakuru,2024-06-01,2024,6,1,1,Minimal,0.0,1.002054489930805,0.9758551681458985,0.1736931961145153,1.1556255565986415,1.41744455473692,1.7737439613687025,64.76449257884636,78.44098545305476,73.87762535778589,-9.11313277893953,dry_jjas,337.82261196850334,1.0,4.0,3,test,False
Nandi,2024-06-01,2024,6,1,1,Minimal,0.0,1.0,0.9998151603533764,0.4296480999388648,1.7638548896915716,2.2957739346728685,1.4867278124857848,98.73949504825003,116.5896368849306,76.30277072111447,22.436724327135565,dry_jjas,636.3375639959971,1.0,4.0,3,test,False
Narok,2024-06-01,2024,6,1,1,Minimal,0.0,1.0001312284969692,0.992664870675866,0.3834908576100885,1.934031567899502,2.4166264579935115,2.574460969981176,88.96192892230575,90.75291661917495,85.09101233935156,3.8709165829541803,dry_jjas,449.4351533314782,1.0,4.0,3,test,False
Nyamira,2024-06-01,2024,6,1,1,Minimal,0.0,1.0,0.999826225293629,0.0240488802628924,1.712080541991461,2.6886385969885778,2.312181250775544,85.76283665132554,106.67904839528798,79.97963011074427,5.783206540581276,dry_jjas,707.0676224501927,1.0,4.0,3,test,False
Nyandarua,2024-06-01,2024,6,1,1,Minimal,0.0,1.0051678580196777,0.9999166595581316,-0.2065015693356131,0.7151735505357018,0.990184727972184,1.5933149023784396,60.55281907812376,85.41454201134516,72.1368618602062,-11.584042782082435,dry_jjas,478.59632261521887,1.0,4.0,3,test,False
Nyeri,2024-06-01,2024,6,2,2,Stressed,0.0,1.5479244481678869,0.9998906213099183,-0.6880411691012267,0.7186423737152675,1.1974804195001951,1.6760201980551863,87.56546591781954,88.87046294774197,67.4437913048884,20.12167461293113,dry_jjas,596.5685209899478,2.0,4.0,3,test,False
Samburu,2024-06-01,2024,6,2,2,Stressed,0.0,2.0,0.9998822673449894,-1.1927113392738422,0.3440288301407776,1.2230044238345312,0.917732519294922,64.91451238022776,64.60971425681785,77.66489160928283,-12.75037922905507,dry_jjas,233.37064745956647,2.0,4.0,3,test,True
Siaya,2024-06-01,2024,6,1,1,Minimal,0.0,1.0,0.7130635075059107,-0.4324540823059751,1.1596744152624034,1.975446707746932,1.3449229888893408,72.75540997581199,98.19676311292156,73.04208964672868,-0.28667967091669766,dry_jjas,703.9110029852106,1.0,4.0,3,test,False
Taita Taveta,2024-06-01,2024,6,1,1,Minimal,0.0,1.0030037691577696,0.996689633840372,1.119430177074449,1.2262506033577545,2.233136533968388,1.986555057458609,73.04583093859004,66.80760195565884,100.08015635588472,-27.03432541729468,dry_jjas,337.281834884778,1.0,4.0,3,test,False
Tana River,2024-06-01,2024,6,2,2,Stressed,0.0416259149784954,2.041623309824743,0.9998455659868808,0.2636459199727811,0.2782574652349753,1.8133539575986832,1.9670112446363484,66.72284454774329,55.5633299120192,77.19590283081318,-10.47305828306989,dry_jjas,208.9215702880231,2.0,4.0,3,test,False
Tharaka-Nithi,2024-06-01,2024,6,2,2,Stressed,0.0,1.5708060749682615,0.9999875926821788,-0.8682656824264394,0.4214590886084414,1.3902107977109408,1.5446785908848886,55.47265544371714,61.1266903530566,75.21723883708536,-19.744583393368224,dry_jjas,386.5660928989662,2.0,4.0,3,test,False
Trans Nzoia,2024-06-01,2024,6,1,1,Minimal,0.0,1.0,0.9977780064560036,-0.0204360034239676,0.9682428744273616,0.8594770919524252,0.6767881326825529,84.98667471735808,83.26700676835715,80.39871027962872,4.587964437729369,dry_jjas,575.422482832226,1.0,4.0,3,test,False
Turkana,2024-06-01,2024,6,2,2,Stressed,0.0,1.999957012896412,0.960152075925058,-0.1080215185221991,0.908913083345654,1.3773540792729655,0.6995299572765208,47.39760804053378,36.122502475900006,53.062997264856186,-5.6653892243224035,dry_jjas,134.93439886021372,3.0,4.0,3,test,True
Uasin Gishu,2024-06-01,2024,6,1,1,Minimal,0.0,1.0,0.9999480360329532,0.2581550670522246,0.9630839602443148,0.8497686885798067,0.4798903850686024,81.55217096113793,83.2557187770051,81.84417924516934,-0.2920082840314109,dry_jjas,466.5756532543863,1.0,4.0,3,test,False
Vihiga,2024-06-01,2024,6,1,1,Minimal,0.0,1.0,0.9998193553745144,0.4876518321331529,2.1865059803733016,2.8523388502073144,1.6451360921317488,90.95086354764288,116.99419376585485,82.00502818803753,8.945835359605354,dry_jjas,638.2354464495623,1.0,4.0,3,test,False
Wajir,2024-06-01,2024,6,2,2,Stressed,0.0,2.0,0.9996281763295084,-0.9918246212683216,-0.9515833170038251,2.114269563772259,2.427018548407859,83.37184763142982,116.590034170725,96.70045047072426,-13.328602839294447,dry_jjas,220.92597534518788,3.0,4.0,3,test,True
West Pokot,2024-06-01,2024,6,1,1,Minimal,0.0,1.0027376219851862,0.9926738576986502,-0.4469598374880286,0.513172789390823,0.6053354012256222,0.1163871463334425,52.98905232738095,36.19728253345574,43.654522119385646,9.334530207995307,dry_jjas,366.78840132412165,1.0,4.0,3,test,False
Baringo,2024-10-01,2024,10,2,2,Stressed,0.0012764640545953,1.874969490924025,0.9999804231628514,1.2265640164774851,1.471768461411762,1.5569221061141878,1.6743926056907117,78.39409930448943,78.00458773156588,96.70361260213105,-18.309513297641615,short_rains,407.6410955536569,2.0,4.0,3,test,True
Bomet,2024-10-01,2024,10,1,1,Minimal,0.0,1.0,0.9999591445797528,1.638054443967503,1.0176246805851588,1.3009479713075645,0.971685056543312,94.84764561983272,92.09049739733396,109.781165055912,-14.93351943607928,short_rains,705.0356352221398,1.0,4.0,3,test,False
Bungoma,2024-10-01,2024,10,1,1,Minimal,0.0,1.0,0.9970207416060456,1.0402441077201203,0.3039521928873226,0.846321977606582,0.3528895644998733,36.7830622923773,92.84878797101604,121.94244712893304,-85.15938483655574,short_rains,684.143518918554,1.0,4.0,3,test,False
Busia,2024-10-01,2024,10,1,1,Minimal,0.0,1.0,0.914162035136638,0.3885208678652719,-0.2430571758602405,1.0386253864168675,0.5642666731939613,63.17961056330835,63.59693453094274,89.5658678919875,-26.386257328679143,short_rains,504.89251568895395,1.0,4.0,3,test,False
Elgeyo-Marakwet,2024-10-01,2024,10,1,1,Minimal,0.0,1.0006154999387935,0.9999531832842424,1.8370160985005524,1.7355980574951224,1.745775417201938,1.6101345468370136,-2.333467489367716,104.74457851442725,104.20161908484496,-106.53508657421268,short_rains,424.00498148048365,1.0,4.0,3,test,False
Embu,2024-10-01,2024,10,2,2,Stressed,0.0,1.667672206524964,0.999984606567881,0.570964699503235,1.340595312695516,2.079162141517857,1.9514397732401667,112.91388601019948,103.99854967603184,120.13451201132176,-7.220626001122284,short_rains,401.4457023614595,2.0,4.0,3,test,False
Garissa,2024-10-01,2024,10,2,2,Stressed,2.771063219571933e-05,2.000027710632196,0.9994639736826518,-0.3432137205215304,-0.8434989746485925,0.3076917173403299,0.4994660938400758,66.52743271581826,86.1200503131183,84.14850248160045,-17.62106976578218,short_rains,210.6771075185111,2.0,4.0,3,test,False
Homa Bay,2024-10-01,2024,10,1,1,Minimal,0.0,1.0,0.6628357436647451,0.939968992950751,-0.2732772290496599,0.6098738149090465,0.1404481691740337,62.24891069143751,86.17181772911067,113.12150658360392,-50.87259589216641,short_rains,658.3122810444571,1.0,4.0,3,test,False
Isiolo,2024-10-01,2024,10,2,2,Stressed,0.0015396381965284,2.0015384915015195,0.9999931626679,0.6011934062928537,1.9178596612357843,0.9516383899362126,0.8449332799077084,102.7420485971122,90.7424689341448,93.3061942117164,9.4358543853958,short_rains,121.15801476654195,2.0,4.0,3,test,False
Kajiado,2024-10-01,2024,10,2,2,Stressed,0.0,1.9978818682003,0.9866570549184218,4.423214470202887,2.4665689841899336,2.756517793465552,2.6269834856131085,106.93660585720616,101.74706481753029,93.18713276045123,13.749473096754926,short_rains,244.0590119973267,2.0,4.0,3,test,False
Kakamega,2024-10-01,2024,10,1,1,Minimal,0.0,1.0,0.9998432712295532,0.6600031755345446,0.1933672142983503,1.0576712661141234,0.4417413099252195,80.24657603392077,95.8590094384064,99.98109097329628,-19.7345149393755,short_rains,521.962946970816,1.0,4.0,3,test,False
Kericho,2024-10-01,2024,10,1,1,Minimal,0.0,1.0,0.9999526229648772,1.4565549443586168,0.7314976830984189,1.098959078624298,0.8440597367610467,48.793736140969976,101.78511604872686,109.82804937230142,-61.034313231331446,short_rains,577.6437811642602,1.0,4.0,3,test,False
Kiambu,2024-10-01,2024,10,1,1,Minimal,0.0,1.001036389650512,0.9998318358451616,3.674925707195826,2.4813979476020247,3.511346498651385,3.4982345602076137,80.77640946015084,109.73336668978128,65.58311503350039,15.193294426650453,short_rains,365.1581675938478,1.0,4.0,3,test,False
Kilifi,2024-10-01,2024,10,2,2,Stressed,0.0,1.9992691542415924,0.9941942173456784,-1.6178650184034309,-1.7059099703416176,-1.1564120882454494,-0.5940931359057837,8.019850966411786,11.964503191207552,32.701399396039086,-24.6815484296273,short_rains,485.9236308469297,2.0,4.0,3,test,False
Kirinyaga,2024-10-01,2024,10,1,1,Minimal,0.0,1.000297291880471,0.9999074216214416,1.4412084390908513,1.2164619577482434,2.2770871791361547,2.20987764800146,75.5790381331405,93.73035032805272,79.7598156337588,-4.180777500618305,short_rains,523.427425427593,1.0,4.0,3,test,False
Kisii,2024-10-01,2024,10,1,1,Minimal,0.0,1.0,0.9995821721572732,1.034148683320161,0.192368829579573,0.6677522212653191,0.5500633606690911,76.0070703204162,96.36379665281524,121.65141035193795,-45.64434003152175,short_rains,771.8724273402603,1.0,4.0,3,test,False
Kisumu,2024-10-01,2024,10,1,1,Minimal,0.0,1.0,0.7829061444141889,1.2066727246473308,0.1396029604443273,1.6682910092569576,0.903297220426036,102.02398249424007,80.31540484665359,103.45555505610562,-1.4315725618655506,short_rains,650.4965825795291,1.0,4.0,3,test,False
Kitui,2024-10-01,2024,10,2,2,Stressed,0.0,1.999426101429152,0.9999744547689494,0.6607232554838289,1.925276232458475,1.831127335429401,1.7694629757826144,96.10942250957773,99.514872236097,95.23616760877886,0.8732549007988695,short_rains,350.0498777837523,2.0,4.0,3,test,False
Kwale,2024-10-01,2024,10,2,2,Stressed,0.0,1.996402448510419,0.991267775862953,-2.8378492387541505,-2.199564092686254,-1.342104871958368,-0.875283653974574,13.230299193445113,23.47114511726053,61.80470613090986,-48.574406937464744,short_rains,461.4118591660762,2.0,4.0,3,test,False
Laikipia,2024-10-01,2024,10,2,2,Stressed,0.0,1.998981396948026,0.9999862581216886,0.8000884846595985,1.0378093936087909,1.444457883939101,1.5071211589222715,106.72781006115224,98.71067090309536,118.44189579962271,-11.714085738470473,short_rains,378.6133408439104,2.0,4.0,3,test,False
Lamu,2024-10-01,2024,10,2,2,Stressed,0.0,2.0,0.977248259021535,-0.6746683016796232,-1.1044745697670402,-0.8974754722269254,-0.3037672189332951,76.1434606086143,108.65506523963307,91.32330535638836,-15.179844747774055,short_rains,394.8891092289726,2.0,4.0,3,test,False
Machakos,2024-10-01,2024,10,1,1,Minimal,0.0,1.004755332291827,0.9999321623262248,3.458879571286916,2.2703956182974925,3.409591821474448,3.3669906902636253,114.3476241559509,110.76516305280744,117.7257125875452,-3.378088431594307,short_rains,347.0698296320569,1.0,4.0,3,test,False
Makueni,2024-10-01,2024,10,2,2,Stressed,0.0,1.947623669225225,0.9999852802990986,2.96301324829632,1.889167139172378,2.7267156244422117,2.517702088353736,97.64046620300536,106.79528621054308,89.37191590837195,8.268550294633414,short_rains,210.84898907247097,2.0,4.0,3,test,False
Mandera,2024-10-01,2024,10,2,2,Stressed,0.0,2.0,0.993482948642902,0.6970750055615924,0.3657316965430303,1.8253986232227963,1.8487865706209567,118.19607229225156,125.74573317958787,131.95786433923712,-13.761792046985562,short_rains,147.72597818452132,2.0,4.0,3,test,False
Marsabit,2024-10-01,2024,10,3,3,Crisis or worse,0.8396059031619905,2.8396059031619907,0.933777306370601,0.6380556709627794,0.9330170012866534,1.5523077093816915,1.4605855788741997,108.35778533067142,82.90691461907507,104.703059982612,3.654725348059415,short_rains,183.11284628508548,2.0,4.0,3,test,True
Meru,2024-10-01,2024,10,1,1,Minimal,0.0,1.4893402648102645,0.9998998814065664,0.3785222876758549,0.710869849419173,1.6555852143015863,1.450953771027964,99.49406197919662,113.60102544096732,109.11938994750494,-9.625327968308326,short_rains,469.95952152110806,1.0,4.0,3,test,False
Migori,2024-10-01,2024,10,1,1,Minimal,0.0,1.0,0.8093394361863654,1.0479112125468963,-0.5785931841906717,-0.6795755276025854,-0.818224754192409,88.55481759430265,87.90818307344168,112.3464765849223,-23.791658990619652,short_rains,460.4970135975702,1.0,4.0,3,test,False
Mombasa,2024-10-01,2024,10,1,1,Minimal,0.0,1.024159169166952,0.9454988271665984,-2.632992631877305,-2.168736179807664,-1.2540854557574486,-0.6455415110435351,33.81556749352393,-13.320954773447086,57.025623260005766,-23.210055766481837,short_rains,339.4545465241538,1.0,4.0,3,test,False
Murang'a,2024-10-01,2024,10,1,1,Minimal,0.0,1.0,0.9998960447776896,2.9555007048238395,2.142641660210605,3.428031940833655,3.513807807829279,75.04335530491252,100.84583357471544,77.67417975340315,-2.6308244484906282,short_rains,600.9606534616394,1.0,4.0,3,test,False
Nairobi,2024-10-01,2024,10,1,1,Minimal,0.0,1.0004033639580097,0.9993429939949852,4.084242853721231,2.07662369446008,3.1893021637142605,3.0489075191698536,93.73585578756092,84.12571404583241,75.91531295398899,17.820542833571935,short_rains,349.07589029272395,1.0,4.0,3,test,False
Nakuru,2024-10-01,2024,10,1,1,Minimal,0.0,1.002054489930805,0.9758551681458985,1.6397459248989992,2.559704755958511,2.363054355111394,2.4588161894144256,80.36871950549646,90.7090547381112,104.44733255053583,-24.078613045039376,short_rains,337.82261196850334,1.0,4.0,3,test,False
Nandi,2024-10-01,2024,10,1,1,Minimal,0.0,1.0,0.9998151603533764,1.164700994364306,0.5987736151255749,1.2404211370103826,0.6903204163166824,42.706383950219454,94.49030519830768,105.00337217171976,-62.29698822150031,short_rains,636.3375639959971,1.0,4.0,3,test,False
Narok,2024-10-01,2024,10,1,1,Minimal,0.0,1.0001312284969692,0.992664870675866,2.354543293211859,2.569836376671708,3.212743173424628,3.098003291313461,107.95638572529236,101.96513311101106,101.439846774922,6.516538950370361,short_rains,449.4351533314782,1.0,4.0,3,test,False
Nyamira,2024-10-01,2024,10,1,1,Minimal,0.0,1.0,0.999826225293629,1.2536293853052891,0.4793067318333557,1.2578397793813614,1.0056331643041452,70.1289346847185,81.74086655198744,107.95065355467034,-37.82171886995184,short_rains,707.0676224501927,1.0,4.0,3,test,False
Nyandarua,2024-10-01,2024,10,1,1,Minimal,0.0,1.0051678580196777,0.9999166595581316,1.1799867646859683,2.0360594193254324,2.3030937458350538,2.591313124825529,60.55756482803563,111.6568604465794,106.12325638710622,-45.56569155907059,short_rains,478.59632261521887,1.0,4.0,3,test,False
Nyeri,2024-10-01,2024,10,2,2,Stressed,0.0,1.5479244481678869,0.9998906213099183,1.4240951416989582,1.5306913888438538,2.4536001153010294,2.533450376849131,79.64899444365959,101.81845191792615,94.38465993829946,-14.735665494639875,short_rains,596.5685209899478,2.0,4.0,3,test,False
Samburu,2024-10-01,2024,10,2,2,Stressed,0.0032208904646018,2.003220890464602,0.9999064845337337,1.0381777937320902,1.3564479644572658,1.3291009546498325,1.094889164223197,120.4209094168222,103.41168003391348,129.08246057446317,-8.661551157640972,short_rains,233.37064745956647,2.0,4.0,3,test,True
Siaya,2024-10-01,2024,10,1,1,Minimal,0.0,1.0,0.7130635075059107,0.7121021148898214,-0.3294693031049787,1.0612162423815448,0.5080117846673569,85.60845820066085,96.2240831104894,112.77802314376662,-27.16956494310577,short_rains,703.9110029852106,1.0,4.0,3,test,False
Taita Taveta,2024-10-01,2024,10,1,1,Minimal,0.0,1.0030037691577696,0.996689633840372,-2.4584524085930464,-2.284548801397463,0.688219877906424,0.4446195967332421,90.12248317090165,72.24791072280814,73.93845629364495,16.1840268772567,short_rains,337.281834884778,1.0,4.0,3,test,False
Tana River,2024-10-01,2024,10,2,2,Stressed,0.0420742874764704,2.0420716823227183,0.9998455659868885,-0.1971306465558798,-0.3106999721660123,0.3991763234450946,0.4052053405441971,72.12447464453363,73.70828176348131,68.14943110697149,3.9750435375621436,short_rains,208.9215702880231,2.0,4.0,3,test,False
Tharaka-Nithi,2024-10-01,2024,10,2,2,Stressed,0.0,1.5708060749682615,0.9999875926821788,-0.460276486722407,0.8027651641446347,1.8643275060150373,1.6982152576573644,90.06583466518228,91.03543331541276,88.59510479715867,1.4707298680236107,short_rains,386.5660928989662,2.0,4.0,3,test,False
Trans Nzoia,2024-10-01,2024,10,1,1,Minimal,0.0,1.0,0.9977780064560036,2.0304108585881804,1.2147715147845584,1.594959454683543,1.0806409512134505,1.0363277858598463,99.00289647189604,114.8169996900084,-113.78067190414856,short_rains,575.422482832226,1.0,4.0,3,test,False
Turkana,2024-10-01,2024,10,3,3,Crisis or worse,0.889722975234102,2.8896799887848537,0.9601666913562482,2.6283032679996663,1.018046202461412,2.2829218179293638,1.911628014406601,71.1675749714469,62.13110639986729,104.24166154242594,-33.07408657097905,short_rains,134.93439886021372,2.0,4.0,3,test,True
Uasin Gishu,2024-10-01,2024,10,1,1,Minimal,0.0,1.0,0.9999480360329532,1.6655930330867148,1.560264383123748,1.7686919909643122,1.449435063765042,42.01370590488829,107.97056672161716,112.43473493236296,-70.42102902747467,short_rains,466.5756532543863,1.0,4.0,3,test,False
Vihiga,2024-10-01,2024,10,1,1,Minimal,0.0,1.0,0.9998193553745144,0.5118075640940803,-0.0156749642517151,1.3446413513270714,0.6480303404769324,100.24274541515167,98.7178376965895,115.1767179212996,-14.933972506147924,short_rains,638.2354464495623,1.0,4.0,3,test,False
Wajir,2024-10-01,2024,10,2,2,Stressed,8.05865442511218e-07,2.0000008058654424,0.9996281763295076,0.8591911755265261,0.5016176885820057,0.8265020956065949,0.8386128536138093,138.18462047094596,104.17608548236872,91.32882613434958,46.855794336596375,short_rains,220.92597534518788,2.0,4.0,3,test,True
West Pokot,2024-10-01,2024,10,1,1,Minimal,0.0014133087065048,1.004150930691691,0.9926738576986502,3.135590039035401,1.3933170906905592,1.7211248693700234,1.2968642324644006,79.1983260192358,79.88435234557079,76.70437717700199,2.493948842233806,short_rains,366.78840132412165,1.0,4.0,3,test,False
Baringo,2026-06-01,2026,6,2,2,Stressed,0.0015073180547497,1.999184080652868,0.999986872557846,2.1722502538099238,2.394787448249659,2.1446557799641743,-0.5227375665443571,140.3994549620046,64.09412107492096,52.718748137636965,87.68070682436763,dry_jjas,407.6410955536569,2.0,4.0,3,test,True
Bomet,2026-06-01,2026,6,1,1,Minimal,0.0,1.0001339296253435,0.9999591929168596,2.358568616903208,2.0060908219561706,1.5383669215569022,-0.8593797912923322,106.421784684573,60.8529002627147,56.972753292561165,49.44903139201183,dry_jjas,705.0356352221398,1.0,4.0,3,test,False
Bungoma,2026-06-01,2026,6,1,1,Minimal,0.0,1.0,0.9970207416060456,2.004819415273591,3.0619957879728457,2.871229852250497,-0.4634979815252871,128.15694785848882,57.74741873763568,74.1407903032896,54.016157555199214,dry_jjas,684.143518918554,1.0,4.0,3,test,False
Busia,2026-06-01,2026,6,1,1,Minimal,0.0,1.0,0.914162035136638,2.033163748856077,3.5243214031619714,2.650847802901375,-0.4559899176541552,127.11456732025404,81.78342130211114,72.62121669111231,54.49335062914173,dry_jjas,504.89251568895395,1.0,4.0,3,test,False
Elgeyo-Marakwet,2026-06-01,2026,6,1,1,Minimal,0.0,1.006823270599314,0.9999614908731612,2.053176036731868,2.3968725615653463,2.2577371368225325,-0.8069347568039524,124.56700793758957,60.85363452873069,64.26201540611078,60.30499253147879,dry_jjas,424.00498148048365,1.0,4.0,3,test,False
Embu,2026-06-01,2026,6,2,2,Stressed,0.0,1.732744976970628,0.9999856347404928,1.874111337259859,1.966227584096232,0.7057504900361468,-1.361536353904191,107.97619599174428,43.08186053298186,40.96483860195224,67.01135738979204,dry_jjas,401.4457023614595,2.0,4.0,3,test,False
Garissa,2026-06-01,2026,6,3,3,Crisis or worse,0.9999999973761992,2.9999999973761997,0.9994639763041464,1.616275066617916,1.4501568579483055,-0.2344122110743117,-0.894421237688995,131.93936634947232,29.59512043865702,17.01293157223908,114.92643477723324,dry_jjas,210.6771075185111,3.0,4.0,3,test,False
Homa Bay,2026-06-01,2026,6,1,1,Minimal,0.0,1.0,0.6628357436647451,1.4254685309139332,2.4878135203662284,1.658360043911994,-0.3512543087577957,146.9869192488349,100.8037447566112,70.14247525867886,76.84444399015605,dry_jjas,658.3122810444571,1.0,4.0,3,test,False
Isiolo,2026-06-01,2026,6,3,3,Crisis or worse,0.9996272259231452,2.999627225923145,0.999961461382572,1.8708312906732247,1.7575610630188874,0.2223859807695592,-1.25551986763624,118.8690270329794,35.82668920759131,12.744451745268575,106.12457528771083,dry_jjas,121.15801476654195,3.0,4.0,3,test,False
Kajiado,2026-06-01,2026,6,2,2,Stressed,0.0,1.9988406914293937,0.986656858550284,2.9873202664371945,2.994491292179736,2.2199914507198657,-0.6686511170087025,126.6546389345712,46.28450242466275,39.131079104648265,87.52355982992293,dry_jjas,244.0590119973267,2.0,4.0,3,test,False
Kakamega,2026-06-01,2026,6,1,1,Minimal,0.0,1.0,0.9998432712295532,2.112982573562821,3.3434159561282404,3.477729955067419,-0.2564430334024456,137.16218033494718,66.33078511330918,74.46834532359826,62.693835011348924,dry_jjas,521.962946970816,1.0,4.0,3,test,False
Kericho,2026-06-01,2026,6,1,1,Minimal,0.0,1.001244210964178,0.999952622964877,2.195754637303817,2.3402512112340883,2.249680985094649,-0.2856882102450903,115.88395169843125,33.91865101678201,58.920184927772574,56.96376677065867,dry_jjas,577.6437811642602,1.0,4.0,3,test,False
Kiambu,2026-06-01,2026,6,1,1,Minimal,0.0,1.001036389650512,0.9998318358451644,2.2036002928188627,2.0262063844695914,1.5493610723243485,-1.027025132404209,101.67906816716923,52.10207141013962,45.73095333210717,55.948114835062064,dry_jjas,365.1581675938478,1.0,4.0,3,test,False
Kilifi,2026-06-01,2026,6,2,2,Stressed,0.0026957456765993,2.0026338916386948,0.994192824514285,2.205267611854354,1.7234820635792278,-0.4994903201143887,-2.3923981140990787,115.55137724036686,15.110603057995156,-28.470685948854666,144.0220631892215,dry_jjas,485.9236308469297,2.0,4.0,3,test,False
Kirinyaga,2026-06-01,2026,6,1,1,Minimal,0.0,1.000473886978955,0.9999074216215526,1.8066204567617088,1.8758797288758045,0.9037289234420364,-1.113391759281714,102.91027836950364,53.81138560022925,77.46914239594722,25.441135973556428,dry_jjas,523.427425427593,1.0,4.0,3,test,False
Kisii,2026-06-01,2026,6,1,1,Minimal,0.0,1.0,0.9995821721614786,1.7572609558490109,2.265165236435411,1.783357656524741,-0.3807957878745214,79.10056502302898,1.989459779307309,73.39939832105468,5.7011667019743015,dry_jjas,771.8724273402603,1.0,4.0,3,test,False
Kisumu,2026-06-01,2026,6,1,1,Minimal,0.0,1.0,0.7829061444141885,2.113994933750175,3.018308469062044,2.499684266449254,-0.2082883846791219,151.22033083381658,63.20781892445917,80.98027697915559,70.24005385466099,dry_jjas,650.4965825795291,1.0,4.0,3,test,False
Kitui,2026-06-01,2026,6,2,2,Stressed,0.0003494562889704,1.9997970373456608,1.0000139082032498,2.186565266260704,2.315017226966841,0.6122739707016512,-1.1062844948219148,111.60295549922262,35.24872166598149,25.6513764123883,85.95157908683431,dry_jjas,350.0498777837523,3.0,4.0,3,test,False
Kwale,2026-06-01,2026,6,2,2,Stressed,0.0,1.99971200940671,0.9912639533016686,2.44926500971826,1.7197721627945275,-0.0396237984607095,-2.3008056641558934,104.23220198068536,18.38416464552471,-1.4099814473467338,105.6421834280321,dry_jjas,461.4118591660762,2.0,4.0,3,test,False
Laikipia,2026-06-01,2026,6,2,2,Stressed,0.0030231115133704,2.0022715145066625,1.0000134813077062,1.6594241275323989,1.9804665679591127,1.4795643946578938,-0.3815816087874984,111.87460873129096,38.01315843704585,35.14224389460044,76.73236483669052,dry_jjas,378.6133408439104,2.0,4.0,3,test,False
Lamu,2026-06-01,2026,6,2,2,Stressed,0.0078360899683419,2.007836089968342,0.9773409282733216,1.5594483617907895,1.3467374142979374,-0.3506760895892526,-1.0819673441982058,150.22640547778556,29.838726492564167,-10.261651060693264,160.48805653847882,dry_jjas,394.8891092289726,3.0,4.0,3,test,False
Machakos,2026-06-01,2026,6,1,1,Minimal,0.0,1.0053594702105009,0.9999321623277222,2.576719923450919,2.411616428764905,1.4896988575222687,-0.8310668258086457,113.94865753393444,43.30784285540911,38.0748210524685,75.87383648146593,dry_jjas,347.0698296320569,1.0,4.0,3,test,False
Makueni,2026-06-01,2026,6,2,2,Stressed,0.0,1.9970632263425647,0.9999721487558016,2.6622636997439253,2.7883648238499243,1.5528897365927057,-0.5943734383794339,110.34563259666054,50.63007896827352,53.211806908346766,57.13382568831377,dry_jjas,210.84898907247097,3.0,4.0,3,test,False
Mandera,2026-06-01,2026,6,3,3,Crisis or worse,1.0,3.0,0.9934829486429024,2.3843928463235304,2.3887719877358577,0.3654511599734713,-1.5005838052843328,123.7618887183525,16.569513712565033,7.116551823603001,116.64533689474949,dry_jjas,147.72597818452132,3.0,4.0,3,test,False
Marsabit,2026-06-01,2026,6,3,3,Crisis or worse,1.0,3.0,0.9337760885719434,2.821481661354986,2.376162993900654,1.1751724598513205,-0.9955309097433568,188.4071848308786,53.43631346652223,27.39772418357739,161.0094606473012,dry_jjas,183.11284628508548,3.0,4.0,3,test,True
Meru,2026-06-01,2026,6,2,2,Stressed,0.0045985772908258,1.7977248176773926,0.9999033986180448,1.7555695915338028,1.8605341971059357,0.2311727820485361,-1.5599981894516854,136.92121335844823,34.7231714966809,21.14912162520161,115.77209173324661,dry_jjas,469.95952152110806,3.0,4.0,3,test,False
Migori,2026-06-01,2026,6,1,1,Minimal,0.0,1.0009600200580766,0.8093461789563474,1.271766219576956,2.0957729820397795,1.358941490134011,-0.3930778360293293,115.80820268624896,89.43380389769564,65.01054940208196,50.797653284167,dry_jjas,460.4970135975702,1.0,4.0,3,test,False
Mombasa,2026-06-01,2026,6,1,1,Minimal,0.0,1.024159169166952,0.9454988271665984,2.228236001621882,1.725572831506881,-0.3018640228205463,-2.098436763860073,109.6323233118083,28.485272280269417,-21.27453049669741,130.90685380850573,dry_jjas,339.4545465241538,1.0,4.0,3,test,False
Murang'a,2026-06-01,2026,6,1,1,Minimal,0.0,1.0,0.9998960447776896,2.059249051166031,2.0917954469817945,1.4002395358564723,-1.0649259894983054,93.4233487029378,46.64887690092839,54.579211812077695,38.844136890860106,dry_jjas,600.9606534616394,1.0,4.0,3,test,False
Nairobi,2026-06-01,2026,6,1,1,Minimal,0.0,1.0004033639580097,0.9993429939950746,2.1799625848582385,1.8322478062497427,1.544687450676214,-0.6992333187491666,99.6770871763269,47.37427658625532,38.02801541504712,61.649071761279785,dry_jjas,349.07589029272395,1.0,4.0,3,test,False
Nakuru,2026-06-01,2026,6,1,1,Minimal,0.0,1.0039616673813203,0.9758811554850996,2.3400850129318838,2.160938135485029,1.7477264089171407,-0.6398143249772205,108.37550473387589,35.3737310127078,43.76184738827027,64.61365734560562,dry_jjas,337.82261196850334,1.0,4.0,3,test,False
Nandi,2026-06-01,2026,6,1,1,Minimal,0.0,1.0,0.9998151603533764,1.9679417133190256,2.851372399564977,2.9835472143636013,-0.1819861211175698,125.11169181864864,48.84789262995287,73.57526949445634,51.5364223241923,dry_jjas,636.3375639959971,1.0,4.0,3,test,False
Narok,2026-06-01,2026,6,2,2,Stressed,0.0,1.9972573232118724,0.9926950995646184,3.4125205803254226,2.9323836431092016,2.235227478928401,-0.7553221298578837,99.6011812255976,52.4979814994467,50.59467630107035,49.00650492452725,dry_jjas,449.4351533314782,2.0,4.0,3,test,False
Nyamira,2026-06-01,2026,6,1,1,Minimal,0.0,1.0,0.999826225293641,2.2303411126223054,2.2667164110013034,1.7806404221412135,-0.5453867099574468,64.00708746772749,-16.534024604448863,55.25471534529666,8.752372122430828,dry_jjas,707.0676224501927,1.0,4.0,3,test,False
Nyandarua,2026-06-01,2026,6,1,1,Minimal,0.0,1.005167858019678,0.9999166595580216,2.282163906668687,2.338756924467488,1.9152892054220665,-0.2960724298440781,108.92448841395056,23.949707453493787,59.94852351459723,48.97596489935333,dry_jjas,478.59632261521887,1.0,4.0,3,test,False
Nyeri,2026-06-01,2026,6,2,2,Stressed,0.0,1.5492237277779726,0.9998849000029968,1.9852661722663645,2.0857979279955536,1.6917447683252642,-0.3412751835555423,89.96379868348478,7.340207337499994,58.34873458117362,31.61506410231116,dry_jjas,596.5685209899478,2.0,4.0,3,test,False
Samburu,2026-06-01,2026,6,3,3,Crisis or worse,0.9999652968738124,2.999965296873812,0.9998823052813662,1.8720070901442616,2.142322304658954,1.127871872330244,-1.0393579333481358,138.66804184179637,49.59692236590694,25.66935514531715,112.99868669647921,dry_jjas,233.37064745956647,3.0,4.0,3,test,True
Siaya,2026-06-01,2026,6,1,1,Minimal,0.0,1.0,0.7130635075059107,1.8018977839611396,3.131583809935552,2.118985829479344,-0.4478681651315059,130.50996717493612,98.42540788328768,63.380435128477885,67.12953204645824,dry_jjas,703.9110029852106,1.0,4.0,3,test,False
Taita Taveta,2026-06-01,2026,6,2,2,Stressed,0.000257074476969,2.000257074476969,0.996678387202404,1.7806183377409577,1.9331315108872216,0.2600072889734549,-1.7937537591239836,123.49351158651706,34.02561455528843,22.40385741600871,101.08965417050835,dry_jjas,337.281834884778,2.0,4.0,3,test,False
Tana River,2026-06-01,2026,6,3,3,Crisis or worse,0.9990219475993868,2.9990219475993865,0.9998364505696812,1.8872514925248012,1.786302960888936,0.1170922017589975,-1.4136288867465177,148.5108855432537,25.55096206612426,6.339275771350058,142.17160977190363,dry_jjas,208.9215702880231,3.0,4.0,3,test,False
Tharaka-Nithi,2026-06-01,2026,6,2,2,Stressed,0.0,1.5708632716613662,0.99998720254999,1.792378039243486,1.8950462209269432,0.2279501170678116,-1.6461043641332491,120.07294765214462,23.564588916248923,14.273991219229368,105.79895643291525,dry_jjas,386.5660928989662,2.0,4.0,3,test,False
Trans Nzoia,2026-06-01,2026,6,1,1,Minimal,0.0,1.0040024533635254,0.9977844089794712,2.061723855522869,2.847003607033195,3.094610917822896,-0.8514279008638167,123.02057449486334,33.65763457187464,66.92039104968669,56.100183445176654,dry_jjas,575.422482832226,1.0,4.0,3,test,False
Turkana,2026-06-01,2026,6,3,3,Crisis or worse,0.9999523071352352,2.9999523071352354,0.9601520759248608,2.7716895205286924,3.104835148433904,3.214482059834938,0.1526125981747655,137.22338876918272,48.38083295061627,47.38322304852845,89.84016572065427,dry_jjas,134.93439886021372,3.0,4.0,3,test,True
Uasin Gishu,2026-06-01,2026,6,1,1,Minimal,0.0,1.0000608491913512,0.9999481856594682,2.020696595159217,2.463901650583061,2.390457289576695,-0.4377250107590692,117.48186444927704,63.75724131343708,66.79296559935256,50.688898849924485,dry_jjas,466.5756532543863,1.0,4.0,3,test,False
Vihiga,2026-06-01,2026,6,1,1,Minimal,0.0,1.0,0.9998193553745128,2.21655232828913,3.466044822835526,2.94787126369284,-0.3891247056224446,134.4444978411306,77.12580068480543,86.04967564493738,48.39482219619323,dry_jjas,638.2354464495623,1.0,4.0,3,test,False
Wajir,2026-06-01,2026,6,3,3,Crisis or worse,0.9999999861444424,2.999999986144443,0.9996281767904694,2.477751691906633,2.3530731017897124,-0.0785514001723579,-1.329532698619802,138.1309361547248,20.102210648958447,7.301653162252983,130.8292829924718,dry_jjas,220.92597534518788,3.0,4.0,3,test,True
West Pokot,2026-06-01,2026,6,2,2,Stressed,0.0026265868449534,2.0007409321285063,0.9926739731095784,2.157008288908697,2.7901425471933,3.422138108045782,-1.150522362574668,142.00940347033878,43.14917012942817,30.645025766095497,111.36437770424328,dry_jjas,366.78840132412165,2.0,4.0,3,test,False
