county,reporting_date,year,month,ipc_phase,ipc_class,class_name,share_crisis_plus,mean_phase,classified_share,spi1_recent,spi3_recent,spi6_recent,spi3_prior,vci_recent,vci_prior1,vci_prior2,vci_trend,season,mean_annual_rain_mm,previous_class,months_since_previous,lead_months,split,is_study_county
Baringo,2011-01-01,2011,1,2,2,Stressed,0.0,1.790583870074513,0.9999705465033718,-0.5274200147932852,-0.6316253075625224,0.1869363724614497,0.7809368130921256,15.445376352678272,26.590488152901933,56.78794666764039,-41.34257031496212,dry_jf,407.6410955536569,,,1,train,True
Bomet,2011-01-01,2011,1,1,1,Minimal,0.0,1.0015262760758556,1.000004320111171,0.1247246315716547,-0.053664413217157,-0.0454155507269316,0.9239639720324904,79.10243818871854,86.30752887172454,64.35396715288185,14.748471035836687,dry_jf,705.0356352221398,,,1,train,False
Bungoma,2011-01-01,2011,1,1,1,Minimal,0.0,1.0,0.9970604800760164,1.003899499039633,0.6014059998835364,0.476747282792955,0.745901574417057,51.78798421150245,55.486858476892365,33.8685795274586,17.919404684043847,dry_jf,684.143518918554,,,1,train,False
Busia,2011-01-01,2011,1,1,1,Minimal,0.0,1.0,0.9131560514084084,0.3329422480709803,-0.1803857994819446,-0.2825707995527169,0.522773507180693,50.53492916525812,29.45113976632189,61.56808587529368,-11.033156710035563,dry_jf,504.89251568895395,,,1,train,False
Elgeyo-Marakwet,2011-01-01,2011,1,2,2,Stressed,0.0,1.9977073732362127,0.9999804467311296,-0.245387388739413,-0.2228282580821004,0.3570114185624796,0.9750790238808632,30.418500048716368,49.28406502939309,67.155158995633,-36.736658946916634,dry_jf,424.00498148048365,,,1,train,False
Embu,2011-01-01,2011,1,2,2,Stressed,0.0,1.744466795362324,0.9999282887249222,-1.0594871621650437,-0.7514744530963843,-0.7909878132295151,-0.2201359570630738,7.530303485576694,55.14450137369356,34.67960507140786,-27.149301585831168,dry_jf,401.4457023614595,,,1,train,False
Garissa,2011-01-01,2011,1,2,2,Stressed,0.0043636483069202,2.0043636483069203,0.9995464608855014,-0.774691473677251,-1.0229898534791575,-0.9491040022169916,-0.9302539454332002,4.377253081234988,6.735363093476874,11.586283332914704,-7.209030251679716,dry_jf,210.6771075185111,,,1,train,False
Homa Bay,2011-01-01,2011,1,1,1,Minimal,0.0,1.0,0.6683932894055674,0.1017522286839717,-0.431427106247148,-0.2719275132614286,0.7790415611293579,48.68615289732718,38.30681293038428,47.22843513286963,1.4577177644575556,dry_jf,658.3122810444571,,,1,train,False
Isiolo,2011-01-01,2011,1,3,3,Crisis or worse,0.9951347110504184,2.99506312549807,0.999993878242038,-1.3400874629889037,-1.0178126943929362,-1.0147016510066151,-0.2882735400517376,0.0,0.0,8.166634271548432,-8.166634271548432,dry_jf,121.15801476654195,,,1,train,False
Kajiado,2011-01-01,2011,1,2,2,Stressed,0.0,1.9999952052532517,0.9927236162577764,-0.1192140785977106,-0.5269714820615099,-0.5573243265030353,-0.4030597031447024,41.72543115710303,33.1482411194703,22.669141070842137,19.056290086260894,dry_jf,244.0590119973267,,,1,train,False
Kakamega,2011-01-01,2011,1,1,1,Minimal,0.0,1.0,0.9999218544222171,0.8623055344042452,0.370940494761956,0.5301845924027281,0.9920170444550044,52.18076745514424,42.24785643945221,27.66794316215601,24.51282429298823,dry_jf,521.962946970816,,,1,train,False
Kericho,2011-01-01,2011,1,1,1,Minimal,0.0,1.0,0.9999310645743662,0.4306042230285341,-0.1196578872834566,0.2584158351559868,1.1535745946692673,61.62025264468058,74.65411528707456,75.08178089964072,-13.461528254960136,dry_jf,577.6437811642602,,,1,train,False
Kiambu,2011-01-01,2011,1,1,1,Minimal,0.0,1.0032990281440006,0.9999994899103124,-0.1967936249583554,-0.348946235075832,-0.4119891764843014,0.5392111182783287,54.33652303965811,49.865947800645536,62.53585285973029,-8.19932982007218,dry_jf,365.1581675938478,,,1,train,False
Kilifi,2011-01-01,2011,1,2,2,Stressed,0.0,1.9952219173874604,0.994241227115709,-0.9826456353007238,-0.7292444016666136,-0.9297483270294608,-1.1917623006399674,10.314419531250753,47.10173825570551,19.92115370851468,-9.606734177263927,dry_jf,485.9236308469297,,,1,train,False
Kirinyaga,2011-01-01,2011,1,1,1,Minimal,0.0,1.005365616171106,0.9994983861098944,-0.9606524749038696,-0.8203838823426258,-0.8775101967236125,-0.5030378077229556,27.949770636903843,36.190519207236456,0.0,27.949770636903843,dry_jf,523.427425427593,,,1,train,False
Kisii,2011-01-01,2011,1,1,1,Minimal,0.0,1.0006370727546363,1.0000313807396553,0.2475746857741532,-0.1580460154493356,-0.2986107170212341,0.3384383353139915,59.30404181496537,81.17805739012341,62.52054592786842,-3.2165041129030456,dry_jf,771.8724273402603,,,1,train,False
Kisumu,2011-01-01,2011,1,1,1,Minimal,0.0,1.0,0.7827415653954494,0.6363129745445453,-0.1580495498330428,0.0220885775636872,0.6723588729691291,42.43241262019741,28.001041646939957,58.5126579123102,-16.080245292112792,dry_jf,650.4965825795291,,,1,train,False
Kitui,2011-01-01,2011,1,2,2,Stressed,0.0,2.0,0.9999941226566244,-0.7758662379706819,-0.8643985618845559,-0.8654943082232606,-0.9515092383109124,16.59536479032594,37.06255512535216,18.60265229902419,-2.007287508698248,dry_jf,350.0498777837523,,,1,train,False
Kwale,2011-01-01,2011,1,2,2,Stressed,0.0,2.0,0.9912685114672192,-0.8912143820197654,-0.789551630288411,-0.9172010298896708,-0.895063171778317,25.37861559377979,48.23087885327441,20.948871381340144,4.4297442124396476,dry_jf,461.4118591660762,,,1,train,False
Laikipia,2011-01-01,2011,1,2,2,Stressed,0.0037013978983079,2.000789708633966,1.0000037896120522,-1.4140312710622502,-1.080024491488861,-0.8156221427933829,0.2022122561999626,11.583871495999947,23.22013812806896,71.83961457036756,-60.255743074367615,dry_jf,378.6133408439104,,,1,train,False
Lamu,2011-01-01,2011,1,2,2,Stressed,0.0,2.0,0.977356380818854,-0.9095365019420896,-0.8625345536471984,-0.5710484468050648,-0.5797915461111368,22.210905796286088,39.61725372578055,29.26760279776606,-7.0566970014799715,dry_jf,394.8891092289726,,,1,train,False
Machakos,2011-01-01,2011,1,2,2,Stressed,0.0,1.9983432164547923,0.9999707917323208,-0.5973096008371469,-0.6766702072176101,-0.716256115913672,-0.3318315290749608,47.94052894020063,47.3821986946667,25.105783432658804,22.834745507541825,dry_jf,347.0698296320569,,,1,train,False
Makueni,2011-01-01,2011,1,2,2,Stressed,0.0,2.0,0.9999634120593888,-0.3752776482357787,-0.4645047746376276,-0.4967660768393528,-0.9038200896894862,65.5666981279621,56.20840295454381,23.144793566509428,42.42190456145267,dry_jf,210.84898907247097,,,1,train,False
Mandera,2011-01-01,2011,1,3,3,Crisis or worse,1.0,3.0,0.9935598900285671,-1.2292650784432064,-0.9659155324751424,-0.9802079267187238,-0.4348837528299981,1.4397343472866078,7.942574696726193,15.702904092751291,-14.263169745464683,dry_jf,147.72597818452132,,,1,train,False
Marsabit,2011-01-01,2011,1,3,3,Crisis or worse,0.8023274179471376,2.802327417947138,0.9994535327492756,-1.274808820176874,-1.1515094270677562,-1.1428641923818108,-0.4510859456170091,0.0,0.3649006933278508,4.089418039894932,-4.089418039894932,dry_jf,183.11284628508548,,,1,train,True
Meru,2011-01-01,2011,1,2,2,Stressed,0.0052724504222519,1.5838873659897472,0.9999854823459616,-1.4576030774607398,-1.1233966062564271,-1.1007052731943754,-0.5375938607430261,0.0,22.72249216672272,23.004063487022727,-23.004063487022727,dry_jf,469.95952152110806,,,1,train,False
Migori,2011-01-01,2011,1,1,1,Minimal,0.0,1.0016690731682976,0.8117135191457311,-0.2720323655453992,-0.3327165661951883,-0.4028655859759575,0.87467443934203,43.87284623581385,39.736370370013525,60.41269460756804,-16.53984837175419,dry_jf,460.4970135975702,,,1,train,False
Mombasa,2011-01-01,2011,1,1,1,Minimal,0.0,1.341609487598849,0.9455242931112856,-0.7999798217952915,-1.004515123548522,-1.2859870771926305,-1.3875608349001654,35.18204161461724,49.24817804639831,30.94900356755755,4.23303804705969,dry_jf,339.4545465241538,,,1,train,False
Murang'a,2011-01-01,2011,1,1,1,Minimal,0.0,1.0013294323786135,0.9999691888704983,-0.3310202005030888,-0.5910415352284347,-0.6598503554778344,-0.1836733035213482,56.13622277738848,70.83823483060745,43.61801834196498,12.518204435423506,dry_jf,600.9606534616394,,,1,train,False
Nairobi,2011-01-01,2011,1,1,1,Minimal,0.0,1.0380403787287664,0.9999545666172184,-0.0658501457914382,-0.3876632662872299,-0.4619187184839295,0.4700971541899449,40.30158337676055,58.48782352048688,39.47373220091145,0.8278511758490978,dry_jf,349.07589029272395,,,1,train,False
Nakuru,2011-01-01,2011,1,1,1,Minimal,0.0,1.0036575694214165,0.9999838839897714,-0.7019554662453732,-0.661809238949189,0.1396807022620967,1.317905644016126,34.51423191438732,71.61305061007866,77.04638668774591,-42.53215477335859,dry_jf,337.82261196850334,,,1,train,False
Nandi,2011-01-01,2011,1,1,1,Minimal,0.0,1.0,0.9999550383826554,0.845495397805183,0.3191335222923246,0.5663134734076312,0.9969867599468158,59.9085874052599,68.87382062776375,12.541366689144937,47.367220716114964,dry_jf,636.3375639959971,,,1,train,False
Narok,2011-01-01,2011,1,2,2,Stressed,0.0,1.999313758980872,0.9927452342398364,-0.2429665850816954,-0.0727818198638883,0.0498050719051742,1.5104006762252251,43.74307789524638,26.108182986920628,79.94684981113846,-36.203771915892084,dry_jf,449.4351533314782,,,1,train,False
Nyamira,2011-01-01,2011,1,1,1,Minimal,0.0,1.0000002680268931,0.9999126183478936,0.4130419500706681,-0.1748759457110708,-0.1925301352278951,0.4644489289660204,59.24355452131485,81.79126253551678,54.27016019772236,4.973394323592487,dry_jf,707.0676224501927,,,1,train,False
Nyandarua,2011-01-01,2011,1,1,1,Minimal,0.0,1.0015128223439924,0.9999670976288418,-0.9005808839819984,-0.7272908875390436,-0.2970052907887172,0.7621492698752571,41.14685496311324,74.79849133934063,47.18402144900306,-6.03716648588982,dry_jf,478.59632261521887,,,1,train,False
Nyeri,2011-01-01,2011,1,1,1,Minimal,0.0,1.0011461462883608,0.9999691985825544,-1.106933707483349,-0.9479207405138228,-1.0103175867384149,-0.5267112389441806,43.16687442238712,45.67494778812814,35.25139132271194,7.915483099675178,dry_jf,596.5685209899478,,,1,train,False
Samburu,2011-01-01,2011,1,2,2,Stressed,0.0031421361899039,2.003142136189904,0.9999916919048122,-1.3513038731992428,-1.1590818717402211,-1.1254850423444729,-0.3486296476479072,0.0,0.4560047550834013,30.685287547711752,-30.685287547711752,dry_jf,233.37064745956647,,,1,train,True
Siaya,2011-01-01,2011,1,1,1,Minimal,0.0,1.0,0.7120528602704334,0.0585054874740112,-0.661406487804811,-0.4463738756315433,0.5476708810215625,43.5444639298884,39.40907934189003,49.630727823589,-6.086263893700597,dry_jf,703.9110029852106,,,1,train,False
Taita Taveta,2011-01-01,2011,1,2,2,Stressed,0.0,2.0,0.9966936121354903,-0.536795052733541,-0.8890793869021594,-1.0025347586151223,-1.5429515468413415,34.26364125416427,13.272803111076897,3.868793662752486,30.394847591411782,dry_jf,337.281834884778,,,1,train,False
Tana River,2011-01-01,2011,1,2,2,Stressed,7.918485280193308e-06,2.0000079184852804,0.9998867051494884,-0.7329317556712843,-0.8987019293991912,-0.8425796862949708,-0.7326172322461462,6.545982544769903,20.20428714204441,9.8809056777959,-3.3349231330259963,dry_jf,208.9215702880231,,,1,train,False
Tharaka-Nithi,2011-01-01,2011,1,2,2,Stressed,0.0,1.5767611213866526,0.9999546855032246,-1.396780226256245,-1.0694197027661971,-1.0640822916179065,-0.4195240223982203,0.0,27.74727596351385,19.07193507733689,-19.07193507733689,dry_jf,386.5660928989662,,,1,train,False
Trans Nzoia,2011-01-01,2011,1,1,1,Minimal,0.0,1.000326702784827,0.997800480250134,0.689511424995056,0.1494389312569091,0.4172922833028618,0.6549319627102517,40.93260168684273,67.39181041143588,40.1131834171524,0.8194182696903312,dry_jf,575.422482832226,,,1,train,False
Turkana,2011-01-01,2011,1,2,2,Stressed,0.0,2.0,0.99291897176986,-0.4903722008518644,-0.884927264198033,-0.7788103058762744,-0.3271114218736828,6.812409140531933,9.373170473091028,24.08041076649555,-17.268001625963617,dry_jf,134.93439886021372,,,1,train,True
Uasin Gishu,2011-01-01,2011,1,1,1,Minimal,0.0,1.0040316219426806,0.9999854017785704,-0.1098579360627707,-0.2218140274623036,0.3597255976518366,1.035978678316518,31.0630401498408,49.456204274836224,82.47680297774205,-51.41376282790125,dry_jf,466.5756532543863,,,1,train,False
Vihiga,2011-01-01,2011,1,1,1,Minimal,0.0,1.0,0.999845724163674,0.7273199930045442,-0.083777872576143,0.1679023087343024,0.9281313483161352,55.59802564256901,42.9152749216462,18.28226950854081,37.315756134028206,dry_jf,638.2354464495623,,,1,train,False
Wajir,2011-01-01,2011,1,3,3,Crisis or worse,0.9974644182701038,2.997464418270104,0.9996977952354772,-1.220793390432191,-1.058095011631744,-1.0728566232218022,-0.7134104059673855,0.0,0.0,9.48618019371423,-9.48618019371423,dry_jf,220.92597534518788,,,1,train,True
West Pokot,2011-01-01,2011,1,2,2,Stressed,0.0,1.999918117564205,0.9926957637905496,0.1581245371097797,-0.5538572407112718,-0.0083761212552238,0.3737003472330966,12.342987038112437,14.870709866565006,46.27281168860488,-33.92982465049245,dry_jf,366.78840132412165,,,1,train,False
Baringo,2011-04-01,2011,4,2,2,Stressed,0.0,1.7905838700745127,0.9999705465033716,0.6912309875738737,0.0336334925213677,-0.4302938990482096,-1.3533493994984471,30.67170022995112,4.290810077076152,12.233256145621857,18.438444084329262,long_rains,407.6410955536569,2.0,3.0,1,train,True
Bomet,2011-04-01,2011,4,1,1,Minimal,0.0,1.0015262760758556,1.000004320111171,-0.0690849992563195,-0.4689023065097466,-0.3793742227324163,-0.5278210809344926,53.78760915449242,52.59223238074301,62.94900465391352,-9.161395499421097,long_rains,705.0356352221398,1.0,3.0,1,train,False
Bungoma,2011-04-01,2011,4,1,1,Minimal,0.0,1.0,0.9970604800760164,1.0276030296128642,0.184803567258062,0.5218312832336686,-0.232025014583337,52.07262071241818,31.739847756983316,41.43124907429814,10.641371638120042,long_rains,684.143518918554,1.0,3.0,1,train,False
Busia,2011-04-01,2011,4,1,1,Minimal,0.0,1.0,0.9131560514084084,0.5123296462869898,-0.553053099594444,-0.4859920616499164,-0.8245627016085331,33.24116999079757,4.995802516765752,35.38080598525004,-2.139635994452469,long_rains,504.89251568895395,1.0,3.0,1,train,False
Elgeyo-Marakwet,2011-04-01,2011,4,2,2,Stressed,0.0,1.9977073732362127,0.9999804467311296,0.6527667091217116,-0.1057638251039201,-0.2922726115132794,-1.2005138015707808,34.28969783822693,5.467262837894123,24.62354154097992,9.666156297247007,long_rains,424.00498148048365,2.0,3.0,1,train,False
Embu,2011-04-01,2011,4,2,2,Stressed,0.0,1.744466795362324,0.9999282887249222,-0.6958721459002838,-0.6317844018194827,-0.9275713018379548,-0.903671990257016,18.60648732430586,0.0,0.0,18.60648732430586,long_rains,401.4457023614595,2.0,3.0,1,train,False
Garissa,2011-04-01,2011,4,2,2,Stressed,0.0043636483069202,2.0043636483069203,0.9995464608855014,-1.1293958428556583,-1.1538746347887083,-1.2429221345461614,-0.8903655702118481,0.0,6.850283863411456,10.509001077688666,-10.509001077688666,long_rains,210.6771075185111,2.0,3.0,1,train,False
Homa Bay,2011-04-01,2011,4,1,1,Minimal,0.0,1.0,0.6683932894055674,-0.5557069259618285,-0.8989859239000976,-0.8966709529022636,-0.8140808036114965,36.282591399314704,14.551867805054234,18.51442839971033,17.768162999604375,long_rains,658.3122810444571,1.0,3.0,1,train,False
Isiolo,2011-04-01,2011,4,3,3,Crisis or worse,0.9951347110504184,2.99506312549807,0.999993878242038,-0.946742007474265,-1.0328570990139505,-1.2896974733753075,-1.2084923144000788,0.0,0.4282388512451869,2.003672451337437,-2.003672451337437,long_rains,121.15801476654195,3.0,3.0,1,train,False
Kajiado,2011-04-01,2011,4,2,2,Stressed,0.0,1.9999952052532517,0.9927236162577764,0.2153694537720581,-0.0285092555134272,-0.4623139124487961,-0.8143127264710552,53.41321497724871,27.60077824490491,21.66194265954987,31.751272317698838,long_rains,244.0590119973267,2.0,3.0,1,train,False
Kakamega,2011-04-01,2011,4,1,1,Minimal,0.0,1.0,0.9999218544222171,0.6509204506702275,-0.1673169493571586,0.0991966011561216,-0.4212865643718209,36.8245233456313,11.023200930284208,48.88544968996622,-12.060926344334923,long_rains,521.962946970816,1.0,3.0,1,train,False
Kericho,2011-04-01,2011,4,1,1,Minimal,0.0,1.0,0.9999310645743662,0.1713810638544979,-0.4920095792162286,-0.4540496367302148,-0.5882177508000836,37.49253195687388,19.2121404701562,48.550205105651024,-11.057673148777141,long_rains,577.6437811642602,1.0,3.0,1,train,False
Kiambu,2011-04-01,2011,4,1,1,Minimal,0.0,1.0032990281440006,0.9999994899103124,-0.1098997772817302,-0.1132048848976516,-0.405434530749088,-0.8819517663557151,45.01515473095338,35.798386937325354,32.49828278938232,12.516871941571054,long_rains,365.1581675938478,1.0,3.0,1,train,False
Kilifi,2011-04-01,2011,4,2,2,Stressed,0.0,1.9952219173874604,0.994241227115709,-0.5120657564385258,-0.4689410965206416,-0.820276959598964,-0.3730750471445491,25.65217223462837,20.336341633549004,10.532702714513858,15.119469520114512,long_rains,485.9236308469297,2.0,3.0,1,train,False
Kirinyaga,2011-04-01,2011,4,1,1,Minimal,0.0,1.005365616171106,0.9994983861098944,-0.5660286971145999,-0.56949460497364,-0.9534926490270906,-0.9254834821258868,16.05153338104263,21.360047994894654,19.75424518846816,-3.70271180742553,long_rains,523.427425427593,1.0,3.0,1,train,False
Kisii,2011-04-01,2011,4,1,1,Minimal,0.0,1.0006370727546363,1.0000313807396553,-0.6210503635440848,-0.8734889647098504,-0.7095537705847321,-0.6238266861436047,50.445101437889086,38.622055934409424,54.774968876845705,-4.329867438956619,long_rains,771.8724273402603,1.0,3.0,1,train,False
Kisumu,2011-04-01,2011,4,1,1,Minimal,0.0,1.0,0.7827415653954494,-0.2440613211530491,-0.8115408695147844,-0.6642639281383159,-0.4418835604476385,36.41545077729605,9.426775310744093,39.142433882269536,-2.7269831049734847,long_rains,650.4965825795291,1.0,3.0,1,train,False
Kitui,2011-04-01,2011,4,2,2,Stressed,0.0,2.0,0.999994122656624,0.0559378973928184,0.0274741682396682,-0.834824000707196,-0.7808530701148882,17.589809806543716,17.48534528643178,18.391575010211085,-0.8017652036673688,long_rains,350.0498777837523,2.0,3.0,1,train,False
Kwale,2011-04-01,2011,4,2,2,Stressed,0.0,2.0,0.9912685114672192,-0.641639524867357,-0.5806665691982104,-0.9586322712217116,-0.7453219947378352,27.394443527515044,15.5883446938377,2.323502770465463,25.07094075704958,long_rains,461.4118591660762,2.0,3.0,1,train,False
Laikipia,2011-04-01,2011,4,2,2,Stressed,0.0037013978983079,2.000789708633966,1.0000037896120522,0.1871203243317452,-0.2527423477036132,-0.9013508040577556,-1.4765702581784506,20.83540041330613,0.4337615595670543,6.620044731661342,14.215355681644787,long_rains,378.6133408439104,2.0,3.0,1,train,False
Lamu,2011-04-01,2011,4,2,2,Stressed,0.0,2.0,0.977356380818854,-0.8448122547718097,-0.9011897363084184,-1.0347329486497137,-0.447342077243797,2.984459803528974,21.0532555754026,22.53737161851545,-19.552911814986476,long_rains,394.8891092289726,2.0,3.0,1,train,False
Machakos,2011-04-01,2011,4,2,2,Stressed,0.0,1.9983432164547923,0.9999707917323208,0.1903328608828507,0.0343287209957289,-0.5877357512890501,-0.8477539276076392,52.18022326139006,29.22917781574488,22.089771023500926,30.090452237889135,long_rains,347.0698296320569,2.0,3.0,1,train,False
Makueni,2011-04-01,2011,4,2,2,Stressed,0.0,2.0,0.9999634120593888,0.8223105219897602,0.5406662028773046,-0.1783873160407107,-0.5705970122430359,42.70793274154453,33.8027987590999,31.37305514529925,11.334877596245281,long_rains,210.84898907247097,2.0,3.0,1,train,False
Mandera,2011-04-01,2011,4,3,3,Crisis or worse,1.0,3.0,0.9935598900285671,-1.3652770291776668,-1.3652594956859625,-1.3686849478992356,-1.383203913917355,16.524449911307705,0.3474154644808296,0.92274734373282,15.601702567574886,long_rains,147.72597818452132,3.0,3.0,1,train,False
Marsabit,2011-04-01,2011,4,3,3,Crisis or worse,0.9295718249759154,2.9295718249759157,0.9994534359461124,-1.327666965173505,-1.1945814837992788,-1.452774258394046,-1.4854764749155305,2.1866301686081946,11.467998150795816,1.9119825369326529,0.27464763167554174,long_rains,183.11284628508548,3.0,3.0,1,train,True
Meru,2011-04-01,2011,4,2,2,Stressed,0.0052724504222519,1.5838873659897472,0.9999854823459616,-0.3851608030775117,-0.5570272150664393,-1.188346044622751,-1.3009782633918732,9.555454533712176,13.21978496347066,6.281391775596177,3.274062758115999,long_rains,469.95952152110806,2.0,3.0,1,train,False
Migori,2011-04-01,2011,4,1,1,Minimal,0.0,1.0016690731682976,0.8117135191457311,0.3760809836942113,-0.0324865011148993,-0.3315592465422226,-0.95637985613561,37.666494463233306,12.985348698501417,32.36379099910147,5.302703464131838,long_rains,460.4970135975702,1.0,3.0,1,train,False
Mombasa,2011-04-01,2011,4,1,1,Minimal,0.0,1.341609487598849,0.9455242931112856,-1.3140143550130183,-1.1046568730439144,-1.2404603974117183,-0.6335938310826693,24.588655168060992,32.33827177524659,20.005509188539488,4.583145979521504,long_rains,339.4545465241538,1.0,3.0,1,train,False
Murang'a,2011-04-01,2011,4,1,1,Minimal,0.0,1.0013294323786135,0.9999691888704983,-0.3536721370686237,-0.2088085791036347,-0.6263846283391236,-0.8474405264636538,42.60850718951932,33.70379527185289,37.3758276758427,5.232679513676622,long_rains,600.9606534616394,1.0,3.0,1,train,False
Nairobi,2011-04-01,2011,4,1,1,Minimal,0.0,1.0380403787287664,0.9999545666172184,0.256020997268933,0.0053053947919894,-0.3562054135927902,-0.8437895770434631,52.46953308386813,24.199280512602527,19.472473698758183,32.99705938510995,long_rains,349.07589029272395,1.0,3.0,1,train,False
Nakuru,2011-04-01,2011,4,1,1,Minimal,0.0,1.0036575694214165,0.9999838839897714,0.6005868061248173,0.0224333465856783,-0.4152904556053006,-1.2599696305766583,29.850272235419663,11.595838991312691,23.483375468646184,6.366896766773479,long_rains,337.82261196850334,1.0,3.0,1,train,False
Nandi,2011-04-01,2011,4,1,1,Minimal,0.0,1.0,0.9999550383826554,0.4442352421885464,-0.3377512670354631,-0.0362637188275847,-0.537094740540334,44.41639090827397,14.642869174670684,51.6679801126467,-7.251589204372735,long_rains,636.3375639959971,1.0,3.0,1,train,False
Narok,2011-04-01,2011,4,2,2,Stressed,0.0,1.999313758980872,0.9927452342398364,0.1499471830779983,-0.2326969606279952,-0.2587609264295409,-0.6816332155196493,41.46696551388692,23.15965151798885,38.58604039457084,2.880925119316082,long_rains,449.4351533314782,2.0,3.0,1,train,False
Nyamira,2011-04-01,2011,4,1,1,Minimal,0.0,1.0000002680268931,0.9999126183478936,-0.5349028995626455,-0.7639398778053207,-0.6385338198091534,-0.5584142144881632,60.88682889635484,45.90626843941026,52.38665624302767,8.50017265332717,long_rains,707.0676224501927,1.0,3.0,1,train,False
Nyandarua,2011-04-01,2011,4,1,1,Minimal,0.0,1.0015128223439924,0.9999670976288418,0.2524386568008561,-0.1147135702514588,-0.5694693409652137,-1.2780349612548465,23.913119239345715,14.00182202832442,24.478477045739584,-0.5653578063938696,long_rains,478.59632261521887,1.0,3.0,1,train,False
Nyeri,2011-04-01,2011,4,1,1,Minimal,0.0,1.0011461462883608,0.9999691985825544,-0.1354047844781219,-0.338206354749911,-0.8628917162355436,-1.110468977978406,15.397370104930811,26.429681129150023,32.08858314194367,-16.69121303701286,long_rains,596.5685209899478,1.0,3.0,1,train,False
Samburu,2011-04-01,2011,4,2,2,Stressed,0.0031421361899039,2.003142136189904,0.9999916919048122,-0.4265583441379227,-0.5715104963145485,-1.1523594797459609,-1.3965744167853371,12.40953260031412,0.0,0.0,12.40953260031412,long_rains,233.37064745956647,2.0,3.0,1,train,True
Siaya,2011-04-01,2011,4,1,1,Minimal,0.0,1.0,0.7120528602704334,-0.371194288535715,-0.9959408194988,-1.1563924115745068,-0.9395750198820416,35.123207082862855,13.211621323437434,28.863007378832584,6.260199704030271,long_rains,703.9110029852106,1.0,3.0,1,train,False
Taita Taveta,2011-04-01,2011,4,2,2,Stressed,0.0,2.0,0.9966936121354903,-0.1209400107631737,-0.211917048431855,-0.9372472311355122,-0.923042142141888,22.528736427838258,16.694737525359983,14.619213717139584,7.909522710698674,long_rains,337.281834884778,2.0,3.0,1,train,False
Tana River,2011-04-01,2011,4,2,2,Stressed,7.918485280193308e-06,2.0000079184852804,0.9998867051494884,-0.7797336412590627,-0.7398817927735026,-1.0995234803524452,-0.7879060770084212,3.1976027565225382,8.762210539867088,11.296588177210085,-8.098985420687546,long_rains,208.9215702880231,2.0,3.0,1,train,False
Tharaka-Nithi,2011-04-01,2011,4,2,2,Stressed,0.0,1.5767611213866526,0.9999546855032246,-0.5960898754209664,-0.6812166220890075,-1.207288035268641,-1.2433224095222684,10.299736523979025,12.916435683780264,14.917015948650542,-4.617279424671517,long_rains,386.5660928989662,2.0,3.0,1,train,False
Trans Nzoia,2011-04-01,2011,4,1,1,Minimal,0.0,1.000326702784827,0.997800480250134,0.970389561057953,0.2904002713053809,0.2579702731735233,-0.768388780135426,48.58785030021363,16.504698232900004,17.893625214658535,30.694225085555097,long_rains,575.422482832226,1.0,3.0,1,train,False
Turkana,2011-04-01,2011,4,2,2,Stressed,0.0,2.0,0.99291897176986,0.3441173066420235,0.0328540216775652,-0.5808436133943297,-1.0786630364381873,12.767915893630446,5.97724237434674,7.67416602723135,5.093749866399096,long_rains,134.93439886021372,2.0,3.0,1,train,True
Uasin Gishu,2011-04-01,2011,4,1,1,Minimal,0.0,1.0040316219426806,0.9999854017785704,0.6845635469457567,-0.0643588023213759,-0.2692145137933959,-1.1986155621611567,27.524370649882496,7.338321274772472,20.112745553756337,7.4116250961261585,long_rains,466.5756532543863,1.0,3.0,1,train,False
Vihiga,2011-04-01,2011,4,1,1,Minimal,0.0,1.0,0.999845724163674,-0.0063525524268336,-0.6356561968017062,-0.5161169295125525,-0.5494600831561884,23.492673153131893,7.241730191309789,52.67791131514253,-29.185238162010638,long_rains,638.2354464495623,1.0,3.0,1,train,False
Wajir,2011-04-01,2011,4,3,3,Crisis or worse,0.9989737159437438,2.998973715943744,0.9996977952354784,-1.4569722534128249,-1.3764191667217305,-1.3445326722039048,-1.1517935949541591,9.250545304640818,4.962152060473876,0.0,9.250545304640818,long_rains,220.92597534518788,3.0,3.0,1,train,True
West Pokot,2011-04-01,2011,4,2,2,Stressed,0.0,1.999918117564205,0.9926957637905496,0.4666167556195033,-0.0948957832983955,-0.547977909077827,-0.9529051742489018,31.359930106698418,1.22206418552212,9.934169285507728,21.42576082119069,long_rains,366.78840132412165,2.0,3.0,1,train,False
Baringo,2011-07-01,2011,7,3,3,Crisis or worse,0.4144966194871891,2.2047342732998367,0.9999360613915742,0.8744366189522543,-0.6393612528996574,-0.5019602836771294,-0.6783812063501339,47.05737143698713,37.93970038265791,27.597757126703048,19.459614310284085,dry_jjas,407.6410955536569,2.0,3.0,1,train,True
Bomet,2011-07-01,2011,7,1,1,Minimal,0.0,1.0,0.999729073525429,-0.2031206380183276,-1.193390140947775,-1.0102814542278096,-1.3773945642810397,61.80010059578292,54.38848771128862,44.15852251285599,17.641578082926934,dry_jjas,705.0356352221398,1.0,3.0,1,train,False
Bungoma,2011-07-01,2011,7,1,1,Minimal,0.0,1.0,0.9968273735961646,1.8634044989214955,0.616296211073547,0.4353749967288444,-0.0152587573089092,77.40548480214098,68.19909576406188,62.3860374659001,15.019447336240873,dry_jjas,684.143518918554,1.0,3.0,1,train,False
Busia,2011-07-01,2011,7,1,1,Minimal,0.0,1.0,0.9128634605516268,1.073600240644604,-0.3916538069931357,-0.6864355765061537,-0.876169740918348,66.33740829390098,91.03420598627964,62.990745519038974,3.346662774862004,dry_jjas,504.89251568895395,1.0,3.0,1,train,False
Elgeyo-Marakwet,2011-07-01,2011,7,1,1,Minimal,7.282120590235429e-05,1.001441321055461,0.9998673976024002,1.0703226977870817,-0.6722039445926125,-0.5976799698690364,-0.8052148253220303,86.29891795228474,55.19052134836549,40.625930355728606,45.67298759655613,dry_jjas,424.00498148048365,2.0,3.0,1,train,False
Embu,2011-07-01,2011,7,2,2,Stressed,0.0041861186972257,1.7403841530652242,0.999927179092711,-0.0465482181982166,-0.6102244151564246,-0.906454713556517,-1.1974207605783516,43.37808907041672,0.0,0.0,43.37808907041672,dry_jjas,401.4457023614595,2.0,3.0,1,train,False
Garissa,2011-07-01,2011,7,3,3,Crisis or worse,0.736257448241285,2.856127887896062,0.9995672868461176,-1.1753653858086734,-1.816379233783404,-1.950134210740024,-1.2377363960157517,6.626749337529132,14.684816566176892,15.465589581144162,-8.83884024361503,dry_jjas,210.6771075185111,2.0,3.0,1,train,False
Homa Bay,2011-07-01,2011,7,1,1,Minimal,0.0,1.0,0.66830422924983,0.6948310163142906,-1.2390385235848522,-1.3771676035131653,-1.7283492854611024,9.03311392781535,47.31250541307615,54.958850776428086,-45.925736848612736,dry_jjas,658.3122810444571,1.0,3.0,1,train,False
Isiolo,2011-07-01,2011,7,4,3,Crisis or worse,0.9985666882753425,3.7996434038063134,0.999988876089475,0.9444194456998533,-2.083124770948382,-1.9999503097827456,-2.0209114130895576,0.0,0.0,0.0,0.0,dry_jjas,121.15801476654195,3.0,3.0,1,train,False
Kajiado,2011-07-01,2011,7,2,2,Stressed,0.3942247243168699,2.2232237856239667,0.9867140442911024,0.5219817690820926,-2.211552437758081,-1.3109648077708278,-1.0261637261584515,6.560565639378572,18.858319270228435,40.99844290203984,-34.43787726266127,dry_jjas,244.0590119973267,2.0,3.0,1,train,False
Kakamega,2011-07-01,2011,7,1,1,Minimal,0.0,1.0,0.9996644082966218,1.3892925248818755,0.1612220256904492,-0.1042677830698655,-0.4933328611144944,77.2038734238512,31.061207982591544,34.87571975885048,42.32815366500073,dry_jjas,521.962946970816,1.0,3.0,1,train,False
Kericho,2011-07-01,2011,7,1,1,Minimal,0.0,1.0,0.9997003606571904,0.3955789744479575,-1.2247473067203494,-1.1078037915876724,-1.3802209517570023,83.62234056203944,62.1893862167089,49.79001586118206,33.83232470085738,dry_jjas,577.6437811642602,1.0,3.0,1,train,False
Kiambu,2011-07-01,2011,7,1,1,Minimal,0.0,1.0,0.9996733471934438,1.7538229786099486,-1.4590528401684857,-1.157165402935686,-1.2682225603412665,68.10181477358563,54.739965778865866,62.504804292346975,5.597010481238655,dry_jjas,365.1581675938478,1.0,3.0,1,train,False
Kilifi,2011-07-01,2011,7,2,2,Stressed,0.0,1.8550558579045848,0.9941791880702638,-1.3968827382950324,-1.7454061424675518,-2.19313461760191,-1.2937435112556797,20.470041902632907,52.50049944239298,57.44662041204711,-36.9765785094142,dry_jjas,485.9236308469297,2.0,3.0,1,train,False
Kirinyaga,2011-07-01,2011,7,1,1,Minimal,0.0,1.0053350182541043,0.9997822519337228,0.0645547329820179,-0.7542445165859479,-0.9405822986099392,-0.9364890588223737,78.12501839249117,38.54990470258488,51.156043846520674,26.968974545970497,dry_jjas,523.427425427593,1.0,3.0,1,train,False
Kisii,2011-07-01,2011,7,1,1,Minimal,0.0,1.0,0.9995810852329328,0.3719995784206366,-0.3693204306635799,-0.8720716752285644,-1.3998343927507213,54.90777848728574,53.70031586279883,46.26949522502903,8.638283262256707,dry_jjas,771.8724273402603,1.0,3.0,1,train,False
Kisumu,2011-07-01,2011,7,1,1,Minimal,0.0,1.0,0.7825715876310351,0.6463195170295244,-1.2700077047245362,-1.3728781885249353,-1.7199095145198806,47.76742266307325,24.47070184827778,41.59351561243166,6.1739070506415885,dry_jjas,650.4965825795291,1.0,3.0,1,train,False
Kitui,2011-07-01,2011,7,3,3,Crisis or worse,0.8329439361812834,2.7933365507837498,0.9999619580728186,-0.7400605030414643,-1.321485467645476,-0.8784151423136591,-0.8172760821296698,5.587514217902576,3.4069630675438543,10.956024742395318,-5.368510524492742,dry_jjas,350.0498777837523,2.0,3.0,1,train,False
Kwale,2011-07-01,2011,7,2,2,Stressed,0.0,1.918307576501961,0.9912396776308134,-0.7694557175131638,-1.025758661561222,-1.4941589978503589,-0.8307170366593147,40.77222695303815,74.93915197874817,64.03110773067758,-23.258880777639426,dry_jjas,461.4118591660762,2.0,3.0,1,train,False
Laikipia,2011-07-01,2011,7,2,2,Stressed,0.0037698480331989,2.0008736174688773,0.99996764848774,1.019913147037052,-0.6365705968306226,-0.6449113542205293,-0.8179387340480314,44.68160680502771,37.67562480898539,31.964916308428947,12.716690496598765,dry_jjas,378.6133408439104,2.0,3.0,1,train,False
Lamu,2011-07-01,2011,7,1,1,Minimal,0.0199140680526551,1.0398281361053103,0.9772940962519596,-1.500924850871934,-1.575660830894029,-1.802184245005968,-1.0484134087973649,0.0,54.06221450201996,30.291026057875523,-30.291026057875523,dry_jjas,394.8891092289726,2.0,3.0,1,train,False
Machakos,2011-07-01,2011,7,1,1,Minimal,0.0,1.0093476690726313,0.9999001366016302,0.046675087488812,-1.5369092828680966,-1.0393196458487792,-0.9610006124521364,21.79904458961798,0.0,44.5082081899419,-22.709163600323915,dry_jjas,347.0698296320569,2.0,3.0,1,train,False
Makueni,2011-07-01,2011,7,2,2,Stressed,0.007311565285805,1.8245820877166088,0.999922451590077,-0.6761684453963704,-1.8336559705471875,-0.6040323598859602,-0.2515317555708237,21.82207936120368,22.127461320820707,57.49143329265976,-35.66935393145607,dry_jjas,210.84898907247097,2.0,3.0,1,train,False
Mandera,2011-07-01,2011,7,4,3,Crisis or worse,1.0,3.579946157653965,0.9935254258912298,0.1196683513102477,-2.1846542899529395,-2.331897212512433,-1.9719863127383024,41.58356598597637,0.0,0.0,41.58356598597637,dry_jjas,147.72597818452132,3.0,3.0,1,train,False
Marsabit,2011-07-01,2011,7,4,3,Crisis or worse,0.9999951796304224,3.502237471569558,0.9301411843288736,0.2850435695092847,-2.034903932232836,-2.107149440261737,-1.905271831224868,0.0,0.0,0.0,0.0,dry_jjas,183.11284628508548,3.0,3.0,1,train,True
Meru,2011-07-01,2011,7,1,1,Minimal,0.196993677104981,1.741812199406412,0.9998625323738216,0.6670567757989918,-0.5436601165109369,-0.8009987650620984,-0.8215530428371196,46.3679678270902,4.829690014554665,0.0,46.3679678270902,dry_jjas,469.95952152110806,2.0,3.0,1,train,False
Migori,2011-07-01,2011,7,1,1,Minimal,0.0,1.0,0.8116729345870678,0.7593699798203432,-0.9079442710779092,-0.5283692511194579,-0.3948366173939469,61.5848910865509,24.35860263583959,86.67091477807072,-25.086023691519827,dry_jjas,460.4970135975702,1.0,3.0,1,train,False
Mombasa,2011-07-01,2011,7,1,1,Minimal,0.0,1.0071945914100102,0.945651646601156,-1.1710852801808846,-1.8407531219820263,-2.3839154774793525,-1.7222501528793823,62.96430101745038,60.80913972421171,36.2946454690999,26.669655548350484,dry_jjas,339.4545465241538,1.0,3.0,1,train,False
Murang'a,2011-07-01,2011,7,1,1,Minimal,0.0,1.0,0.9998129313529576,0.8477106017674185,-1.2560064588750264,-1.099213794407376,-1.151991465220059,83.21047607293355,56.18476382708662,68.26636779739616,14.944108275537388,dry_jjas,600.9606534616394,1.0,3.0,1,train,False
Nairobi,2011-07-01,2011,7,1,1,Minimal,0.0,1.0038697666512075,0.9993498446852987,1.4041392850181071,-1.4639331442345065,-1.0493655319511166,-1.026411270709396,26.066608446873623,10.624973332114171,51.2032462768877,-25.136637830014074,dry_jjas,349.07589029272395,1.0,3.0,1,train,False
Nakuru,2011-07-01,2011,7,1,1,Minimal,0.0,1.0000182485625162,0.9757983147730396,1.232637732354609,-0.6614813589152556,-0.4988933928160574,-0.7758493302140735,45.28112207936072,44.354578295872265,39.527212463505606,5.753909615855115,dry_jjas,337.82261196850334,1.0,3.0,1,train,False
Nandi,2011-07-01,2011,7,1,1,Minimal,0.0,1.0,0.9996627597035956,1.3214841053777306,-0.596089542647622,-0.6710472288525392,-0.8617816229399623,92.20831143049708,59.45308970447955,48.20689146145188,44.001419969045195,dry_jjas,636.3375639959971,1.0,3.0,1,train,False
Narok,2011-07-01,2011,7,1,1,Minimal,0.0,1.4492483254725137,0.9926680118238216,0.7472982532062338,-1.3102672296398317,-1.015570040859631,-1.1901552552577623,4.267236746786944,22.424166518161982,29.336634219244573,-25.06939747245763,dry_jjas,449.4351533314782,2.0,3.0,1,train,False
Nyamira,2011-07-01,2011,7,1,1,Minimal,0.0,1.0,0.9997642108519644,-0.1267551202297553,-1.1754753886500984,-1.2332841054673254,-1.6675592811001854,37.43300896111853,73.59213365098395,45.60743810522366,-8.174429144105126,dry_jjas,707.0676224501927,1.0,3.0,1,train,False
Nyandarua,2011-07-01,2011,7,1,1,Minimal,0.0,1.0015295644847502,0.999883629468537,1.8538300830559025,-0.1999821543635007,-0.2581544816508458,-0.816541998631809,62.33610608348268,54.47709430707449,42.15878948019546,20.177316603287224,dry_jjas,478.59632261521887,1.0,3.0,1,train,False
Nyeri,2011-07-01,2011,7,1,1,Minimal,0.0,1.0011457420583507,0.9998423160845348,1.2219669027845053,-0.6190994974653489,-0.7060692477513888,-0.7749042623582212,74.44856417943821,22.507113583234364,28.48419068021529,45.964373499222916,dry_jjas,596.5685209899478,1.0,3.0,1,train,False
Samburu,2011-07-01,2011,7,2,2,Stressed,0.3342227000624625,2.3384849261587246,0.9999582597832056,1.0521334346526012,-1.1478935914976676,-1.1138386757543512,-1.1373780097718256,21.472099659403582,4.203074839509988,1.991062098953012,19.48103756045057,dry_jjas,233.37064745956647,2.0,3.0,1,train,True
Siaya,2011-07-01,2011,7,1,1,Minimal,0.0,1.0,0.7119007907118109,0.9729987100267692,-0.9552823390969432,-1.422612300968773,-1.9099503113424696,47.00826763991883,54.52046170381114,56.88891250543106,-9.880644865512231,dry_jjas,703.9110029852106,1.0,3.0,1,train,False
Taita Taveta,2011-07-01,2011,7,2,2,Stressed,0.0011217540808456,1.9604216516431563,0.9966359028854996,-1.456234618372069,-1.1708700912679184,-0.8664076510675325,-0.5459505656666009,30.63901052389537,41.25679985753991,40.20404202703764,-9.565031503142269,dry_jjas,337.281834884778,2.0,3.0,1,train,False
Tana River,2011-07-01,2011,7,3,3,Crisis or worse,0.9917833148952294,3.1522302739487964,0.9998966140062996,-0.9186987153457408,-1.429926130965065,-1.4165401445175465,-1.0369105882465417,1.4821973320472128,1.7795127663570514,11.70415700680274,-10.221959674755528,dry_jjas,208.9215702880231,2.0,3.0,1,train,False
Tharaka-Nithi,2011-07-01,2011,7,1,1,Minimal,0.3288901749937805,1.9051295791817635,0.9999035697089348,0.2870028283763396,-0.4594115419611012,-0.7905561865534853,-0.8350842204588494,30.18396708340745,18.70224808118845,1.5340289659785455,28.649938117428903,dry_jjas,386.5660928989662,2.0,3.0,1,train,False
Trans Nzoia,2011-07-01,2011,7,1,1,Minimal,0.0,1.000168616014676,0.9977121984288632,1.6944633291412168,-0.3847974308059421,-0.1223157485798087,-0.4335531688097059,84.72320676363623,48.66709276099788,52.38163237299524,32.341574390640986,dry_jjas,575.422482832226,1.0,3.0,1,train,False
Turkana,2011-07-01,2011,7,3,3,Crisis or worse,0.9987737558491996,3.4525124655330357,0.9606070881160972,0.4804931582133923,-0.9346219142465246,-0.6678978977680469,-0.6182282011962148,12.020910180741843,0.0,1.268339663315351,10.752570517426493,dry_jjas,134.93439886021372,2.0,3.0,1,train,True
Uasin Gishu,2011-07-01,2011,7,1,1,Minimal,0.0,1.0,0.9997765773368548,1.277210018294078,-0.5961984892813513,-0.5082040486261036,-0.7770955233750663,72.58285494837033,24.111756888296203,24.03705723101378,48.54579771735655,dry_jjas,466.5756532543863,1.0,3.0,1,train,False
Vihiga,2011-07-01,2011,7,1,1,Minimal,0.0,1.0,0.9994221612948908,0.7890115060337588,-0.3639641353779646,-0.7404888837985535,-1.1872941513597897,94.19787184909688,82.27086406796128,46.217315494639394,47.98055635445749,dry_jjas,638.2354464495623,1.0,3.0,1,train,False
Wajir,2011-07-01,2011,7,3,3,Crisis or worse,1.0,3.329325823822548,0.999694812399084,-0.7221626377443789,-2.362128941975241,-2.361193473564142,-2.197019948101341,3.9825222895588928,0.0,0.0,3.9825222895588928,dry_jjas,220.92597534518788,3.0,3.0,1,train,True
West Pokot,2011-07-01,2011,7,2,2,Stressed,0.0303194155110745,2.0300416296613326,0.992657608687784,1.1748402406884169,-0.8400263794810806,-0.7082436613898166,-0.8699111116860906,51.70366411543539,21.117362886326596,36.17147628177523,15.53218783366016,dry_jjas,366.78840132412165,2.0,3.0,1,train,False
Baringo,2011-10-01,2011,10,2,2,Stressed,0.3189017426180434,2.2163968307566813,0.9999053382274394,1.3221156874054665,1.5662121399836926,0.6112792106527842,0.5817875072885221,92.73262582122904,89.04821052986152,51.47105214572348,41.26157367550555,short_rains,407.6410955536569,3.0,3.0,1,train,True
Bomet,2011-10-01,2011,10,1,1,Minimal,0.0,1.0014930650462457,0.9998019767021984,1.355063332614696,1.7730228577356142,0.2805583541109872,0.4677496673802134,47.87276870525744,83.7674008857271,54.4237981189212,-6.5510294136637555,short_rains,705.0356352221398,1.0,3.0,1,train,False
Bungoma,2011-10-01,2011,10,1,1,Minimal,0.0,1.0,0.9968273735961642,0.492843335460332,1.4020620316157957,1.435544809192175,1.1562903659572892,70.08229737054316,74.42094351194001,59.59034457302888,10.49195279751428,short_rains,684.143518918554,1.0,3.0,1,train,False
Busia,2011-10-01,2011,10,1,1,Minimal,0.0,1.0,0.9128634605516268,-0.0889156011919734,1.0671196370044658,0.472361569912804,0.5044149661121221,83.91200830966523,76.55294439300357,44.842838381904855,39.06916992776037,short_rains,504.89251568895395,1.0,3.0,1,train,False
Elgeyo-Marakwet,2011-10-01,2011,10,1,1,Minimal,0.0001178405959305,1.0014862362935155,0.9998672933259511,1.2245997018803942,1.9406361462760744,0.7149222555065894,0.4617669825386306,84.62606236094423,74.7343854291821,42.09294056756256,42.533121793381675,short_rains,424.00498148048365,1.0,3.0,1,train,False
Embu,2011-10-01,2011,10,3,3,Crisis or worse,0.5595663602775295,2.30927081864858,0.9999466928893666,1.4691101363834531,0.8545335226751398,-0.4809971767085297,0.2007870841665527,5.459719677312465,0.0,26.468289094442216,-21.00856941712975,short_rains,401.4457023614595,2.0,3.0,1,train,False
Garissa,2011-10-01,2011,10,3,3,Crisis or worse,0.9113460907576107,3.2033138908684577,0.9995457420727172,0.9708809204157898,0.3068890373752909,-1.4876854816957834,-1.621167597938363,10.48767723186541,0.0,0.0,10.48767723186541,short_rains,210.6771075185111,3.0,3.0,1,train,False
Homa Bay,2011-10-01,2011,10,1,1,Minimal,0.0,1.0,0.66830422924983,1.0795545264398565,2.2212880449021752,0.9289035646811568,0.3159581738302269,70.91749313139897,53.17303447301037,20.160742308423437,50.75675082297553,short_rains,658.3122810444571,1.0,3.0,1,train,False
Isiolo,2011-10-01,2011,10,4,3,Crisis or worse,0.9327845931782082,3.5841809751854665,0.9999927671998872,-0.4941880148726137,1.0103337778526713,-2.008010857680669,-0.1207634025814852,6.444766788303269,8.917333442603049,1.8717916139036348,4.572975174399635,short_rains,121.15801476654195,3.0,3.0,1,train,False
Kajiado,2011-10-01,2011,10,3,3,Crisis or worse,0.6469069041759696,2.476800504016067,0.9867045158215498,0.4540644864648496,0.9807012161261528,-2.1020435133923976,-0.4408170454530871,22.7504903894423,20.54155882923425,7.571685770373189,15.178804619069112,short_rains,244.0590119973267,2.0,3.0,1,train,False
Kakamega,2011-10-01,2011,10,1,1,Minimal,0.0,1.0,0.9996644082966224,0.5166606775724883,1.6120930464772456,1.44187406562537,0.8940807048845276,74.9003236332484,67.15713144188021,69.33168036661026,5.568643266638148,short_rains,521.962946970816,1.0,3.0,1,train,False
Kericho,2011-10-01,2011,10,1,1,Minimal,0.0,1.0,0.9997003606571924,1.2865024766941673,1.9878833782839649,0.4803721852928309,0.2108588683465874,93.35670520587912,37.24545783285247,66.43840405440538,26.91830115147374,short_rains,577.6437811642602,1.0,3.0,1,train,False
Kiambu,2011-10-01,2011,10,1,1,Minimal,0.0011275029241544,1.291225210145677,0.9997340832735028,1.5490029267638108,2.30650342311404,-0.9761082716521045,-0.3301997450238937,80.45342965335568,21.80781366290343,42.487975963351055,37.96545369000463,short_rains,365.1581675938478,1.0,3.0,1,train,False
Kilifi,2011-10-01,2011,10,2,2,Stressed,0.3077213709094738,2.201544736338375,0.994180498958548,0.2472198318203524,-0.8035778550910891,-1.6551164282479196,-1.3316121120258977,0.0,0.0,1.95577741255834,-1.95577741255834,short_rains,485.9236308469297,2.0,3.0,1,train,False
Kirinyaga,2011-10-01,2011,10,1,1,Minimal,0.0015606815228845,1.006931933670695,0.9997852158056486,2.150014035910173,1.7023370576621129,-0.3176952765912949,-0.3308798268161261,23.89240279676665,0.0,76.73785034861248,-52.84544755184584,short_rains,523.427425427593,1.0,3.0,1,train,False
Kisii,2011-10-01,2011,10,1,1,Minimal,0.0,1.0,0.9995810852329324,1.0384597695252271,1.759424208791621,1.1058261595148935,0.5630483622410312,76.87861169920593,77.73460229134807,65.56417527719022,11.314436422015717,short_rains,771.8724273402603,1.0,3.0,1,train,False
Kisumu,2011-10-01,2011,10,1,1,Minimal,0.0,1.0,0.7825715876310352,0.5261022830845975,1.9464954967764765,0.6570135388435709,0.1852010944925917,67.81233830458297,70.86057394583568,18.844702757372787,48.96763554721018,short_rains,650.4965825795291,1.0,3.0,1,train,False
Kitui,2011-10-01,2011,10,3,3,Crisis or worse,0.8387936604186681,3.1124003849764605,0.9999714576418588,0.6955980589519947,-0.5767480684754294,-1.3007866465869695,-0.3455983035743983,0.0,7.402056346669598,7.198217618301976,-7.198217618301976,short_rains,350.0498777837523,3.0,3.0,1,train,False
Kwale,2011-10-01,2011,10,2,2,Stressed,0.3182272016381544,2.31815974728592,0.9912489626770906,1.0351631968927943,-0.4698346499664906,-1.027851642794886,-0.732862322203145,35.620383416505646,13.153452673394243,13.727311138373867,21.89307227813178,short_rains,461.4118591660762,2.0,3.0,1,train,False
Laikipia,2011-10-01,2011,10,3,3,Crisis or worse,0.5284903059527758,2.5273330895948933,0.9999767764678802,1.3445583862184238,2.0625533991653,0.6400757828732221,0.9592868181512768,95.85916553525998,81.22943515951184,63.576430655634496,32.28273487962548,short_rains,378.6133408439104,2.0,3.0,1,train,False
Lamu,2011-10-01,2011,10,2,2,Stressed,0.0,2.0,0.9772658860263104,0.7562616992653253,0.0556669526017306,-1.2912562943463706,-1.3513449453218915,0.0,0.0,0.0,0.0,short_rains,394.8891092289726,1.0,3.0,1,train,False
Machakos,2011-10-01,2011,10,3,3,Crisis or worse,0.8474774261835553,3.110664875975497,0.9999689407832436,0.2826814652036054,-0.105766610895166,-1.5125943831124995,-0.2032986665574415,15.551006677526466,0.0,6.331762438606844,9.219244238919622,short_rains,347.0698296320569,1.0,3.0,1,train,False
Makueni,2011-10-01,2011,10,3,3,Crisis or worse,0.5525060891442966,2.552576303260418,0.9999778690892982,-0.4218927681950997,-1.1485187578970697,-1.8340287228522156,-0.4343813331344014,23.90601557533584,15.234280202276368,19.121202834205427,4.784812741130413,short_rains,210.84898907247097,2.0,3.0,1,train,False
Mandera,2011-10-01,2011,10,4,3,Crisis or worse,1.0,3.7038459906389063,0.993519705709614,-0.6966686969695234,-1.048267507763508,-2.205002432745787,-0.6805766009581351,0.0,14.41002707843143,13.115379447930138,-13.115379447930138,short_rains,147.72597818452132,3.0,3.0,1,train,False
Marsabit,2011-10-01,2011,10,4,3,Crisis or worse,0.9997789197799574,3.590873931211565,0.930139756544622,0.3823508526660275,0.2704470270769799,-1.92384258771967,-0.7745140634148796,2.0406504296803054,0.0,0.0,2.0406504296803054,short_rains,183.11284628508548,3.0,3.0,1,train,True
Meru,2011-10-01,2011,10,1,1,Minimal,0.1976907221999422,1.5584323874974546,0.9998558408150032,1.498761180155016,2.102982164962849,-0.2654460632916303,0.2480556971546617,49.369658288011294,0.0,17.355658939715134,32.01399934829616,short_rains,469.95952152110806,1.0,3.0,1,train,False
Migori,2011-10-01,2011,10,1,1,Minimal,0.0,1.0011284366230448,0.8116729345870679,1.527768163374973,2.5200060172831384,1.2811430904501706,0.2895831672854837,91.13116324882029,73.94822914390855,57.44389318145056,33.687270067369724,short_rains,460.4970135975702,1.0,3.0,1,train,False
Mombasa,2011-10-01,2011,10,1,1,Minimal,0.0019050304483742,1.0090996218583843,0.945651646601156,0.524507649780815,-0.8427554586399896,-1.8174843498337787,-1.3291614164416954,29.812611777403397,5.558079268651526,21.832685895806357,7.97992588159704,short_rains,339.4545465241538,1.0,3.0,1,train,False
Murang'a,2011-10-01,2011,10,1,1,Minimal,0.0013259354483823,1.1929241866065368,0.9998572525065976,2.0901160742088747,1.9561925852749869,-0.8269511763229371,-0.4033930963805134,74.04713612470302,0.0,60.79908714088727,13.248048983815742,short_rains,600.9606534616394,1.0,3.0,1,train,False
Nairobi,2011-10-01,2011,10,1,1,Minimal,0.0273133770281736,1.0593966393671002,0.9994586270629964,1.0567200027110208,1.7336142756491808,-1.1537621630408816,-0.2481382993815375,63.67318189822152,0.5086839439682461,47.85206160218707,15.82112029603445,short_rains,349.07589029272395,1.0,3.0,1,train,False
Nakuru,2011-10-01,2011,10,1,1,Minimal,0.0006572224895674,1.00456532497177,0.975817888767216,1.879962445821548,2.046971267131371,0.7335995564736979,0.8979522587964933,97.49131538141664,75.84712639714846,65.9992984486127,31.492016932803935,short_rains,337.82261196850334,1.0,3.0,1,train,False
Nandi,2011-10-01,2011,10,1,1,Minimal,0.0,1.0,0.999662759703597,0.6892142753244832,1.894788070287935,1.21832384285435,0.5170203828467056,70.34919524839374,17.00115405216348,74.61001228163424,-4.2608170332404995,short_rains,636.3375639959971,1.0,3.0,1,train,False
Narok,2011-10-01,2011,10,3,3,Crisis or worse,0.5949542500928386,2.533847626369968,0.992679928748272,2.1854589378054188,2.6311158709920037,0.1949919442377023,0.5829367160388524,74.06186222767576,68.98645605383176,21.12131680219077,52.94054542548499,short_rains,449.4351533314782,1.0,3.0,1,train,False
Nyamira,2011-10-01,2011,10,1,1,Minimal,0.0,1.0,0.9997642108519644,1.0670041810840925,1.6696359909821357,0.4892249192721789,0.1111021699082605,64.28028805492859,82.78825885424475,49.091143248224576,15.189144806704014,short_rains,707.0676224501927,1.0,3.0,1,train,False
Nyandarua,2011-10-01,2011,10,1,1,Minimal,0.0009437621077909,1.0026476258756922,0.9998836294685368,2.1298051979228565,2.5652486477246668,1.1588699017319124,1.292148410174991,96.4275262539141,54.393047649347935,57.14846377968749,39.279062474226606,short_rains,478.59632261521887,1.0,3.0,1,train,False
Nyeri,2011-10-01,2011,10,1,1,Minimal,0.0,1.390487735517373,0.9998584883435058,2.1418207814337014,2.640097288914953,0.2652719290644175,0.3140478907504184,80.64077653445412,12.932953798783844,55.1357050853664,25.505071449087716,short_rains,596.5685209899478,1.0,3.0,1,train,False
Samburu,2011-10-01,2011,10,3,3,Crisis or worse,0.8115746007091692,2.947625164208359,0.999963388161756,0.9797690612173324,1.0930986953031183,-0.66750125128475,0.3562390664898309,58.9749537995834,49.89467036996288,40.99803401906305,17.976919780520355,short_rains,233.37064745956647,2.0,3.0,1,train,True
Siaya,2011-10-01,2011,10,1,1,Minimal,0.0,1.0,0.7119007907118109,0.0881142346011572,1.6186694103516015,0.4288752632517086,0.5335225777351056,96.611817669013,74.10866990464571,22.483379247214845,74.12843842179817,short_rains,703.9110029852106,1.0,3.0,1,train,False
Taita Taveta,2011-10-01,2011,10,2,2,Stressed,0.2812166378913571,2.281216637891357,0.9966736387607336,0.6737447005583104,-0.6722590305323832,-1.2420685616270657,-0.5561414651294215,6.714091423316907,45.82577425584129,30.143826077270653,-23.429734653953744,short_rains,337.281834884778,2.0,3.0,1,train,False
Tana River,2011-10-01,2011,10,2,2,Stressed,0.5265553854525842,2.688146033814496,0.9998875993895904,1.6018686163502096,0.4010922658434821,-1.091220494739917,-1.7582306606073252,0.0,0.0,7.253774266652569,-7.253774266652569,short_rains,208.9215702880231,3.0,3.0,1,train,False
Tharaka-Nithi,2011-10-01,2011,10,3,3,Crisis or worse,0.4385850473209337,2.017139474435095,0.9999182538869203,1.17230082132631,1.147100897480494,-0.3417858773653817,0.109619137882254,6.644376946874449,0.0,18.25502125895735,-11.6106443120829,short_rains,386.5660928989662,1.0,3.0,1,train,False
Trans Nzoia,2011-10-01,2011,10,1,1,Minimal,0.0,1.000079835388598,0.9976864050043228,0.9179812664496232,1.622967517430209,1.0129332563770823,0.8889060495084814,65.72627354347242,70.37735310131352,65.98065656510369,-0.2543830216312699,short_rains,575.422482832226,1.0,3.0,1,train,False
Turkana,2011-10-01,2011,10,3,3,Crisis or worse,0.7051155084767105,2.941650061483214,0.960605887697083,1.587982929776477,1.5409072828102175,0.1821749045596419,0.5614939299725785,76.21580288992564,57.96364115139793,22.185341227693804,54.030461662231836,short_rains,134.93439886021372,3.0,3.0,1,train,True
Uasin Gishu,2011-10-01,2011,10,1,1,Minimal,0.0,1.0,0.9997765773368544,1.0200921875620763,1.7491209398867618,0.8528272525991262,0.6768500336610794,77.38351672041226,75.42135730586698,79.54528872004451,-2.1617719996322506,short_rains,466.5756532543863,1.0,3.0,1,train,False
Vihiga,2011-10-01,2011,10,1,1,Minimal,0.0,1.0,0.9994221612948906,0.4329698693466068,1.7224054715178552,1.1248138562963912,0.545582619703702,59.24479203336707,63.56578677089279,60.34175714964718,-1.09696511628011,short_rains,638.2354464495623,1.0,3.0,1,train,False
Wajir,2011-10-01,2011,10,4,3,Crisis or worse,1.0,3.79896456858616,0.9996833252244508,-0.7615561194311357,-1.0212498079965964,-2.337527730429414,-1.167495856740757,0.0,3.421820154959662,4.553841811365907,-4.553841811365907,short_rains,220.92597534518788,3.0,3.0,1,train,True
West Pokot,2011-10-01,2011,10,3,3,Crisis or worse,0.7497770851788289,2.7139841404546163,0.9926656898259488,1.137686937897648,1.505325033494688,0.3783481244950651,0.3550728172625013,87.06031511441948,89.06270281319043,59.13008971244007,27.930225401979413,short_rains,366.78840132412165,2.0,3.0,1,train,False
Baringo,2012-01-01,2012,1,2,2,Stressed,0.0,1.8974936258443185,0.9998910741789016,0.539796926056521,1.9368000649922623,2.554952082310869,1.8272156711332568,93.35074024752944,100.0,85.60613756978881,7.74460267774063,dry_jf,407.6410955536569,2.0,3.0,1,train,True
Bomet,2012-01-01,2012,1,1,1,Minimal,0.0,1.001192068912881,0.9997423525638208,0.8149985179252363,1.431722121069559,2.200403611207724,2.709157772635267,92.5127194822462,89.99585361846911,100.0,-7.487280517753803,dry_jf,705.0356352221398,1.0,3.0,1,train,False
Bungoma,2012-01-01,2012,1,1,1,Minimal,0.0,1.0,0.9968273735961642,0.2187929264352565,1.5334041870712314,2.18660694781087,1.861307999861432,71.46893277569083,79.17266035443562,64.58968921112432,6.879243564566508,dry_jf,684.143518918554,1.0,3.0,1,train,False
Busia,2012-01-01,2012,1,1,1,Minimal,0.0,1.0,0.9128634605516268,0.0827045880351234,1.4106404224269335,1.755968898366138,1.9725054551324344,75.21869778888718,67.80902982645507,100.0,-24.781302211112816,dry_jf,504.89251568895395,1.0,3.0,1,train,False
Elgeyo-Marakwet,2012-01-01,2012,1,1,1,Minimal,0.0,1.0013683956975723,0.9998672933259388,0.636064808483279,2.182905667010445,2.964311189946556,2.0132592097138344,85.9058749389268,71.63216116426725,81.22671931520303,4.679155623723773,dry_jf,424.00498148048365,1.0,3.0,1,train,False
Embu,2012-01-01,2012,1,2,2,Stressed,0.0052023314671401,1.7496828088401877,0.9998602091097708,-0.0202622914980738,1.0676681535447838,1.130993524851537,1.3291153360565642,75.82218114370826,77.7057091787629,62.35319602573048,13.46898511797778,dry_jf,401.4457023614595,3.0,3.0,1,train,False
Garissa,2012-01-01,2012,1,2,2,Stressed,0.2919752441705645,2.2919752441705645,0.9995202581375467,0.1557631102092693,1.2190029601964083,1.266352657283761,1.7606788412403067,81.54592689291539,100.0,85.75884501462212,-4.2129181217067355,dry_jf,210.6771075185111,3.0,3.0,1,train,False
Homa Bay,2012-01-01,2012,1,1,1,Minimal,0.0,1.0,0.66830422924983,-0.0339235045925609,1.502442797862229,2.3299189158218367,2.792750855703389,74.85973056704236,34.44133208111965,66.37944029974099,8.48029026730137,dry_jf,658.3122810444571,1.0,3.0,1,train,False
Isiolo,2012-01-01,2012,1,3,3,Crisis or worse,0.6514829782107734,2.6513972355171385,0.9999913276870134,0.0531525021156058,1.2521047858634595,1.2616436122365189,1.921092459737674,80.79756486341893,82.81107120315257,100.0,-19.202435136581073,dry_jf,121.15801476654195,3.0,3.0,1,train,False
Kajiado,2012-01-01,2012,1,2,2,Stressed,0.0,1.829892885376805,0.9867003715847948,-0.1380946703620258,0.7415028234232771,0.7597111204444196,3.0059249045841323,60.99179552745103,77.15700466691274,43.35385667357441,17.63793885387662,dry_jf,244.0590119973267,3.0,3.0,1,train,False
Kakamega,2012-01-01,2012,1,1,1,Minimal,0.0,1.0,0.9996644082966224,0.1306116389384205,1.7221932277218543,2.6244275318508925,2.358830111644412,76.66779209658276,80.84095352258875,41.43487941848983,35.23291267809293,dry_jf,521.962946970816,1.0,3.0,1,train,False
Kericho,2012-01-01,2012,1,1,1,Minimal,0.0,1.0,0.9997003606571924,0.3128671638821717,1.2121072160483584,2.395845726861749,2.505986468767643,86.96094428159428,85.66568743318834,82.60984047013392,4.351103811460362,dry_jf,577.6437811642602,1.0,3.0,1,train,False
Kiambu,2012-01-01,2012,1,1,1,Minimal,0.0,1.2900795668103835,0.9997085373299688,0.4123843236648808,1.4488256158844433,1.7691659406450584,2.499667340978696,82.92811371230954,40.62891093259273,83.85553924173291,-0.927425529423374,dry_jf,365.1581675938478,1.0,3.0,1,train,False
Kilifi,2012-01-01,2012,1,2,2,Stressed,0.0,1.893822507368624,0.9941724646117835,-0.5621009315311783,0.2795028239042325,0.0133171432516958,0.1342744746198813,55.33484677116119,75.01155381922797,65.69256857032545,-10.35772179916426,dry_jf,485.9236308469297,2.0,3.0,1,train,False
Kirinyaga,2012-01-01,2012,1,1,1,Minimal,0.0,1.0053712521478133,0.9997852158056528,-0.3056592301746802,1.0984819508263624,1.3797690506066398,1.582505062195768,100.0,51.34720902198099,59.482312714367495,40.517687285632505,dry_jf,523.427425427593,1.0,3.0,1,train,False
Kisii,2012-01-01,2012,1,1,1,Minimal,0.0,1.0,0.9995810852329324,0.6683224938113842,1.4606686446923949,2.152243019029651,2.2115099651438763,81.21742038974205,70.65121588232753,100.0,-18.782579610257955,dry_jf,771.8724273402603,1.0,3.0,1,train,False
Kisumu,2012-01-01,2012,1,1,1,Minimal,0.0,1.0,0.7825715876310351,0.0771072600524432,1.3393660094597233,2.2189793107178377,2.598784909544176,81.09466471810467,61.91787239037947,76.02259416450609,5.072070553598579,dry_jf,650.4965825795291,1.0,3.0,1,train,False
Kitui,2012-01-01,2012,1,2,2,Stressed,0.273562437874742,2.273497143074963,0.9999587382900964,-0.5806088236994309,0.2190424650321457,0.1957261450263661,1.115309528635052,67.91523874319921,72.04092049928262,47.725612037923405,20.189626705275806,dry_jf,350.0498777837523,3.0,3.0,1,train,False
Kwale,2012-01-01,2012,1,2,2,Stressed,0.0,1.9999325446876088,0.991234853269192,0.1405449205425844,0.4310499036452165,0.2598310083663176,0.6808283438723525,57.919259408992886,81.02207912770557,83.76811400391041,-25.848854594917526,dry_jf,461.4118591660762,2.0,3.0,1,train,False
Laikipia,2012-01-01,2012,1,2,2,Stressed,0.0,1.998842768950723,0.9999640814636376,0.3410568231182259,1.6700251556500478,2.677738820777182,2.276260830882909,96.72714479834532,100.0,100.0,-3.2728552016546786,dry_jf,378.6133408439104,3.0,3.0,1,train,False
Lamu,2012-01-01,2012,1,2,2,Stressed,0.0,2.0,0.9772658860263062,1.1425045765977977,1.4077452769562666,1.3090205096954977,1.404948287271158,85.27794360039648,90.1603827002586,68.96199765830092,16.315945942095567,dry_jf,394.8891092289726,2.0,3.0,1,train,False
Machakos,2012-01-01,2012,1,2,2,Stressed,0.177099419052482,2.1763404870456893,0.9998992677986888,-0.6681869617025051,0.7099454958224304,0.7050939633763145,1.732474470130342,74.99706374314786,56.28549428781088,32.53352279517333,42.46354094797453,dry_jf,347.0698296320569,3.0,3.0,1,train,False
Makueni,2012-01-01,2012,1,2,2,Stressed,0.0,2.0,0.9998081115992576,-0.9946264913508408,0.165885041055227,0.1344281680104835,1.360357630158309,66.88648888665297,71.67126403393587,38.511981823231984,28.374507063420985,dry_jf,210.84898907247097,3.0,3.0,1,train,False
Mandera,2012-01-01,2012,1,3,3,Crisis or worse,0.7038459906389063,2.7038459906389063,0.993519705709614,1.4223319934617635,2.5360629557399217,2.5648563164538483,1.7650717602709751,92.05805040035898,89.7900239994092,58.274683908052765,33.783366492306214,dry_jf,147.72597818452132,3.0,3.0,1,train,False
Marsabit,2012-01-01,2012,1,3,3,Crisis or worse,0.59131609165165,2.591095011431608,0.930139756544622,0.0447941405556651,2.880420778708183,2.932130064797808,2.557847613202215,90.2522294910423,98.84431676013692,44.0900017376406,46.1622277534017,dry_jf,183.11284628508548,3.0,3.0,1,train,True
Meru,2012-01-01,2012,1,1,1,Minimal,0.0002508628292258,1.230180237709574,0.999887250715959,0.2229450905283935,1.1588031908521776,1.2826611153792693,1.2495202134260754,85.13648393126358,87.17156716068226,63.28583310080172,21.850650830461866,dry_jf,469.95952152110806,1.0,3.0,1,train,False
Migori,2012-01-01,2012,1,1,1,Minimal,0.0,1.0,0.8116729345870678,0.2402203904450392,1.4357775294589885,2.291446113928424,2.616287094608112,83.20517416775606,40.51945540743172,100.0,-16.794825832243944,dry_jf,460.4970135975702,1.0,3.0,1,train,False
Mombasa,2012-01-01,2012,1,1,1,Minimal,0.0,1.0071945914100102,0.945651646601156,-0.55006484947489,0.4893885321719795,0.119011647378523,0.8998067985996017,60.58892042085695,75.45701191261305,82.72379331236237,-22.134872891505424,dry_jf,339.4545465241538,1.0,3.0,1,train,False
Murang'a,2012-01-01,2012,1,1,1,Minimal,0.0,1.191595381888487,0.999853703714295,-0.0197990020214052,1.3192104522812054,1.5844036828674677,1.800952868016956,79.03823442274947,62.347363053775815,100.0,-20.96176557725053,dry_jf,600.9606534616394,1.0,3.0,1,train,False
Nairobi,2012-01-01,2012,1,1,1,Minimal,0.0,1.0320832623389269,0.9994586270629964,0.254099582488732,1.272845455074129,1.464189954252687,2.337437209523956,76.40819852843394,41.04376776661006,94.59822842184316,-18.190029893409218,dry_jf,349.07589029272395,1.0,3.0,1,train,False
Nakuru,2012-01-01,2012,1,1,1,Minimal,0.0,1.0039081024822027,0.975817888767216,0.5322461077790371,1.2521133362792611,2.5270256893893457,2.20428466831384,86.28070973811104,100.0,100.0,-13.719290261888958,dry_jf,337.82261196850334,1.0,3.0,1,train,False
Nandi,2012-01-01,2012,1,1,1,Minimal,0.0,1.0,0.999662759703597,0.1609103280281055,1.750002701380554,2.877936421733848,2.3749490997485565,84.03244117715694,91.1577871940953,66.52792665671389,17.504514520443053,dry_jf,636.3375639959971,1.0,3.0,1,train,False
Narok,2012-01-01,2012,1,2,2,Stressed,0.0,1.8406323221823857,0.9926663120912104,0.908850214095452,1.6630915548840082,2.55549907351134,3.832171630882905,92.64418444448928,90.58317447221462,97.36283681426552,-4.718652369776237,dry_jf,449.4351533314782,3.0,3.0,1,train,False
Nyamira,2012-01-01,2012,1,1,1,Minimal,0.0,1.0,0.9997642108519644,0.5046635979783994,1.3278845810891426,1.988366006893688,2.0651166458609853,76.03763511528913,87.34154794648867,100.0,-23.962364884710865,dry_jf,707.0676224501927,1.0,3.0,1,train,False
Nyandarua,2012-01-01,2012,1,1,1,Minimal,0.0,1.0017038637679014,0.9998836294685368,0.3124725507795568,1.4203849346309636,2.8166361674111515,2.7315742751602445,97.69910233021336,72.45984825269527,99.8767461515273,-2.1776438213139357,dry_jf,478.59632261521887,1.0,3.0,1,train,False
Nyeri,2012-01-01,2012,1,1,1,Minimal,0.0,1.390487735517373,0.9998584883435058,-0.087359981748163,1.4155086140323214,2.0943680524981723,1.9243086506628375,100.0,89.80446707660734,89.11573330388008,10.884266696119923,dry_jf,596.5685209899478,1.0,3.0,1,train,False
Samburu,2012-01-01,2012,1,2,2,Stressed,0.1371890405171198,2.1360516939279783,0.9999550796477686,0.1518689150352943,2.2345974602542884,2.4445186302403448,2.5126920824852466,85.04711636666238,100.0,77.95900914892941,7.0881072177329685,dry_jf,233.37064745956647,3.0,3.0,1,train,True
Siaya,2012-01-01,2012,1,1,1,Minimal,0.0,1.0,0.7119007907118109,-0.1056490130894895,1.4307288659154906,1.931863198403966,2.428974628917763,70.52089042469919,44.19056205979058,90.12492001212937,-19.604029587430176,dry_jf,703.9110029852106,1.0,3.0,1,train,False
Taita Taveta,2012-01-01,2012,1,2,2,Stressed,0.0,2.0,0.996630559288052,-0.5438273106220897,0.6055415638012034,0.5233433469702969,1.276660683753053,49.606984557397695,48.62212303531198,27.27219328938824,22.334791268009454,dry_jf,337.281834884778,2.0,3.0,1,train,False
Tana River,2012-01-01,2012,1,2,2,Stressed,0.1619441098608361,2.1615913058089453,0.9998835312676526,-0.449311525134797,0.2679891774064908,0.2720761932281684,1.455023342407297,58.8907445203229,84.21446801454829,50.493418719155365,8.397325801167533,dry_jf,208.9215702880231,2.0,3.0,1,train,False
Tharaka-Nithi,2012-01-01,2012,1,1,1,Minimal,0.0054881586939852,1.4470611313796582,0.9999077002006204,0.2373043079283992,1.1370932363804425,1.1920120622541022,1.1835689097333506,63.669093639752354,71.08892042817985,44.926350548915096,18.74274309083726,dry_jf,386.5660928989662,3.0,3.0,1,train,False
Trans Nzoia,2012-01-01,2012,1,1,1,Minimal,0.0,1.000079835388598,0.9976864050043228,0.0370338895100441,1.9484575174183627,2.680811347265217,1.4672585750753735,78.57275693430029,100.0,47.48766278757383,31.085094146726455,dry_jf,575.422482832226,1.0,3.0,1,train,False
Turkana,2012-01-01,2012,1,2,2,Stressed,0.340211762077389,2.2365354259597865,0.9606023425027008,0.6620299968129423,2.696617098989187,2.8940093706441075,1.3117830791676734,80.22536106573963,95.9078088969519,43.69684917645653,36.5285118892831,dry_jf,134.93439886021372,3.0,3.0,1,train,True
Uasin Gishu,2012-01-01,2012,1,1,1,Minimal,0.0,1.0,0.9997765773368544,0.259364181179422,1.8839825499554,2.786278860990293,1.877554394214972,84.63717140586884,90.14694777210646,53.54839034777327,31.08878105809557,dry_jf,466.5756532543863,1.0,3.0,1,train,False
Vihiga,2012-01-01,2012,1,1,1,Minimal,0.0,1.0,0.9994221612948908,0.1837265625971363,1.5256935885485945,2.3290380047983565,2.5852383200904314,74.89023479132202,62.215113261299166,98.18216070227616,-23.29192591095415,dry_jf,638.2354464495623,1.0,3.0,1,train,False
Wajir,2012-01-01,2012,1,3,3,Crisis or worse,0.7989645685861596,2.79896456858616,0.9996833252244508,-0.0586591529903857,1.705281967028715,1.7055340367044065,1.7596006118795922,89.18009800712723,100.0,77.73161614092177,11.448481866205455,dry_jf,220.92597534518788,3.0,3.0,1,train,True
West Pokot,2012-01-01,2012,1,2,2,Stressed,0.0,1.964205710791852,0.99262840390401,-0.0433031837782219,2.285083817717364,2.824057877292075,1.5206274300847655,90.36721633779166,100.0,63.54516677120132,26.822049566590337,dry_jf,366.78840132412165,3.0,3.0,1,train,False
Baringo,2012-04-01,2012,4,2,2,Stressed,0.3187452690265081,2.2162261785996518,0.9999205198699418,-1.0529137238266302,-1.5237529183504623,0.7486547020663903,1.4754702948105376,13.975057361893573,29.235515484327543,64.44521793534395,-50.47016057345037,long_rains,407.6410955536569,2.0,3.0,1,train,True
Bomet,2012-04-01,2012,4,1,1,Minimal,0.0,1.0000570618995908,0.9997382065021052,-0.5328235804247305,-1.6517232240085182,0.0461818980557863,0.2216341375340969,35.136141345583496,26.0259445469956,51.47034646183036,-16.334205116246864,long_rains,705.0356352221398,1.0,3.0,1,train,False
Bungoma,2012-04-01,2012,4,1,1,Minimal,0.0,1.0,0.9968273735961642,-1.7390183783571471,-2.435573658372472,0.0586673850619784,0.8700582193536052,0.0,16.860049534235287,47.83961975653424,-47.83961975653424,long_rains,684.143518918554,1.0,3.0,1,train,False
Busia,2012-04-01,2012,4,1,1,Minimal,0.0,1.0,0.9128634605516268,-1.9169838082876605,-2.7605756787923323,-0.0799342796247355,0.4830721906007396,0.214445782283186,6.221568204315771,46.87297912193798,-46.658533339654795,long_rains,504.89251568895395,1.0,3.0,1,train,False
Elgeyo-Marakwet,2012-04-01,2012,4,1,1,Minimal,7.282146486170473e-05,1.0014090582701145,0.9998638419885122,-1.018569034939225,-1.6975554099212102,1.207911285000466,2.001163592055996,4.957440043138627,14.166345625457064,56.2422130849925,-51.284773041853875,long_rains,424.00498148048365,1.0,3.0,1,train,False
Embu,2012-04-01,2012,4,1,1,Minimal,0.0,1.0113976217458436,0.9998694903395686,-1.5041072879051356,-1.4663724113198997,0.4020661307820389,0.4947157601249964,0.0,6.240455415100359,36.38016399363848,-36.38016399363848,long_rains,401.4457023614595,2.0,3.0,1,train,False
Garissa,2012-04-01,2012,4,2,2,Stressed,0.0016132183675917,2.001613218367592,0.9995221214849764,-1.3106983741758915,-1.3454381636340051,0.9050534540849282,0.719107990568926,30.989332818738344,50.9720984267132,68.55462557345828,-37.565292754719934,long_rains,210.6771075185111,2.0,3.0,1,train,False
Homa Bay,2012-04-01,2012,4,1,1,Minimal,0.0,1.0,0.66830422924983,-0.8984464479021049,-1.655236414605887,0.4513069074399157,0.7603697271547643,8.510670690756713,4.261106650766573,25.09818801377799,-16.587517323021274,long_rains,658.3122810444571,1.0,3.0,1,train,False
Isiolo,2012-04-01,2012,4,2,2,Stressed,5.082507054849254e-05,1.9999650820116024,0.999987067266224,-1.446786490772929,-1.5642389311865648,0.7305224932256154,0.6631065887548713,25.96146717064484,52.647382821891405,62.62754783128417,-36.666080660639324,long_rains,121.15801476654195,3.0,3.0,1,train,False
Kajiado,2012-04-01,2012,4,2,2,Stressed,0.0,1.8295659211065247,0.9867003715847946,-0.8365849092197218,-1.295035353697466,-0.2390929248402116,-0.0199486577844942,13.87654868564178,9.950844128547567,26.84312259298244,-12.96657390734066,long_rains,244.0590119973267,2.0,3.0,1,train,False
Kakamega,2012-04-01,2012,4,1,1,Minimal,0.0,1.0,0.9996644082966224,-1.5501723736991817,-2.479287665998714,-0.0417954243290144,0.7169082524773669,7.517744669369332,0.0,39.51492819226318,-31.997183522893845,long_rains,521.962946970816,1.0,3.0,1,train,False
Kericho,2012-04-01,2012,4,1,1,Minimal,0.0,1.0,0.9997003606571904,-0.9029396512240656,-2.012933838889089,-0.1868115638336641,0.3571793420313592,0.0,10.380864331044345,51.69281036478882,-51.69281036478882,long_rains,577.6437811642602,1.0,3.0,1,train,False
Kiambu,2012-04-01,2012,4,1,1,Minimal,0.0,1.289639024224114,0.9997103790162414,-1.8049791120744736,-1.7319359714716624,0.2160499685507357,0.4971287602803801,0.0,31.545534876434925,50.59409020888169,-50.59409020888169,long_rains,365.1581675938478,1.0,3.0,1,train,False
Kilifi,2012-04-01,2012,4,2,2,Stressed,0.0,1.893822507368624,0.9941724646117835,-1.3300013059295464,-1.312925259011914,-0.1169153888002613,0.0450703762594979,7.23499252733123,28.781335490239844,38.46673974060786,-31.231747213276634,long_rains,485.9236308469297,2.0,3.0,1,train,False
Kirinyaga,2012-04-01,2012,4,1,1,Minimal,0.0,1.000036250746341,0.9997566177338548,-1.7949561265792973,-1.6406750711509588,0.316011187403826,0.4549681509481695,0.6189909911826753,20.47280180778602,61.411931117019336,-60.79294012583666,long_rains,523.427425427593,1.0,3.0,1,train,False
Kisii,2012-04-01,2012,4,1,1,Minimal,0.0,1.0,0.9995810852329324,-0.49255147386294,-1.6895766037279918,0.1935985905408981,0.4470387941139374,36.06911738063588,9.567340719097825,44.04377318319497,-7.9746558025590915,long_rains,771.8724273402603,1.0,3.0,1,train,False
Kisumu,2012-04-01,2012,4,1,1,Minimal,0.0,1.0,0.7825715876310351,-1.019291547999496,-2.056684667460303,-0.0161757147420561,0.4703372456201201,6.963931012589527,1.0876019477350276,48.22014732517007,-41.25621631258054,long_rains,650.4965825795291,1.0,3.0,1,train,False
Kitui,2012-04-01,2012,4,2,2,Stressed,0.0432104638405938,1.9093893555349268,0.9999596930305692,-0.7088574349501514,-0.8614637232678939,-0.1273294016072423,-0.1502976306592408,5.524822156979873,20.879312603188197,47.54037618708977,-42.0155540301099,long_rains,350.0498777837523,2.0,3.0,1,train,False
Kwale,2012-04-01,2012,4,2,2,Stressed,0.0,1.9999325446876088,0.991234853269192,-1.525884725966175,-1.58198136987975,-0.1437703796479675,-0.2075552732160958,22.322196246343264,23.27718982004145,35.41025506717291,-13.088058820829648,long_rains,461.4118591660762,2.0,3.0,1,train,False
Laikipia,2012-04-01,2012,4,2,2,Stressed,0.0,1.6552218836201664,0.9999716984817336,-1.3197847602107666,-1.457794372171105,0.6230034503902153,1.101540500412614,17.927544245812477,32.60435790608608,61.49284177686042,-43.565297531047946,long_rains,378.6133408439104,2.0,3.0,1,train,False
Lamu,2012-04-01,2012,4,2,2,Stressed,0.0,2.0,0.9772658860263104,-1.260198987661752,-1.275295879738904,1.0595255833900592,0.8921846546134354,41.67296442794254,64.770941965528,86.131977525403,-44.45901309746046,long_rains,394.8891092289726,2.0,3.0,1,train,False
Machakos,2012-04-01,2012,4,2,2,Stressed,0.0,1.77294744808633,0.9999295423662196,-1.012019102074489,-1.2009282683609046,0.0230267827947748,0.0919292165556401,0.0,10.729427208396874,34.57664799754021,-34.57664799754021,long_rains,347.0698296320569,2.0,3.0,1,train,False
Makueni,2012-04-01,2012,4,2,2,Stressed,0.0,1.70486322554712,0.9998578021084928,-0.3100483968609552,-0.6461080329789661,-0.2267851384568874,-0.2423382767460343,4.714483050013635,16.737248775923604,37.2066198283785,-32.492136778364866,long_rains,210.84898907247097,2.0,3.0,1,train,False
Mandera,2012-04-01,2012,4,2,2,Stressed,0.3116963439741509,2.311696343974151,0.9935412181196072,-1.1661974462451965,-1.0093456163960906,2.338797389417492,2.854387536328223,38.21077413268864,65.82860951284928,71.67351736758737,-33.462743234898724,long_rains,147.72597818452132,3.0,3.0,1,train,False
Marsabit,2012-04-01,2012,4,2,2,Stressed,0.4623549319123792,2.4621338516438023,0.9301395523488092,-1.3613623948219344,-1.743470754154926,2.117955568353381,2.4166094770358835,14.683792946055837,35.99463677851445,61.99847345378485,-47.31468050772901,long_rains,183.11284628508548,3.0,3.0,1,train,True
Meru,2012-04-01,2012,4,1,1,Minimal,0.0002508639458377,1.2274190226113042,0.9998828001518492,-1.565125013574599,-1.5832410989698265,0.5455732314730323,0.7535301370270049,0.0,17.872025358847793,43.81998047215042,-43.81998047215042,long_rains,469.95952152110806,1.0,3.0,1,train,False
Migori,2012-04-01,2012,4,1,1,Minimal,0.0,1.0,0.8116729345870678,-0.8343828032720506,-1.520397058222358,0.4228711358652207,0.8162590030675343,30.625715497263872,3.732407916765244,31.428401232308232,-0.8026857350443599,long_rains,460.4970135975702,1.0,3.0,1,train,False
Mombasa,2012-04-01,2012,4,1,1,Minimal,0.0,1.0071945914100102,0.945651646601156,-1.585585918881466,-1.6057342175771478,0.0561205431543456,-0.7206789379055721,0.0,36.1249919727525,59.24577777936774,-59.24577777936774,long_rains,339.4545465241538,1.0,3.0,1,train,False
Murang'a,2012-04-01,2012,4,1,1,Minimal,0.0,1.0019832357551028,0.9998296005546652,-1.7724486940372857,-1.5686679996230115,0.3512522489305926,0.6030490442612755,0.0,19.003823815178183,36.40849612334824,-36.40849612334824,long_rains,600.9606534616394,1.0,3.0,1,train,False
Nairobi,2012-04-01,2012,4,1,1,Minimal,0.0,1.005556741134495,0.9993502718416222,-1.5158042122086015,-1.5583778176508825,0.0818573325240328,0.383438906622721,0.0,19.917970798634546,43.96338300682142,-43.96338300682142,long_rains,349.07589029272395,1.0,3.0,1,train,False
Nakuru,2012-04-01,2012,4,1,1,Minimal,0.0,1.0006763363886138,0.9758049541717768,-0.8781764125163323,-1.1324563640477097,0.1444622012184275,0.4869540220222504,13.134510780287131,22.359720301400376,47.74736913077696,-34.61285835048983,long_rains,337.82261196850334,1.0,3.0,1,train,False
Nandi,2012-04-01,2012,4,1,1,Minimal,0.0,1.0,0.9996627597035964,-1.360321295005145,-2.459313152213761,0.1486458867191319,0.8333410611382582,3.92242387312937,0.0,43.54547612135952,-39.62305224823015,long_rains,636.3375639959971,1.0,3.0,1,train,False
Narok,2012-04-01,2012,4,2,2,Stressed,0.0,1.534070931837292,0.9926699026877256,-0.6322353509216592,-1.6215083808218913,0.270329644345393,0.4146828037361151,38.70422051455466,23.691523318529416,59.9369794009823,-21.23275888642764,long_rains,449.4351533314782,2.0,3.0,1,train,False
Nyamira,2012-04-01,2012,4,1,1,Minimal,0.0,1.0,0.9997642108519644,-0.708585811866328,-1.9926234500690465,-0.0836936474161738,0.3346946113255229,26.228288637937244,0.0,30.001615624569094,-3.773326986631851,long_rains,707.0676224501927,1.0,3.0,1,train,False
Nyandarua,2012-04-01,2012,4,1,1,Minimal,0.0,1.0012708819238296,0.999877973768995,-1.0449705497658928,-1.0365602778078258,0.4161470257706252,0.697787174975272,3.241027037779222,20.54119396959772,49.65249126094613,-46.41146422316691,long_rains,478.59632261521887,1.0,3.0,1,train,False
Nyeri,2012-04-01,2012,4,1,1,Minimal,0.0,1.3902200484797762,0.9998586120217212,-1.651426820132212,-1.4799836017924892,0.383215316673379,0.7312395842393967,0.0,7.385649039003654,41.90155882585849,-41.90155882585849,long_rains,596.5685209899478,1.0,3.0,1,train,False
Samburu,2012-04-01,2012,4,2,2,Stressed,0.0005788630216545,1.9994415163908508,0.9999550430183348,-1.6720906206285675,-1.7410089917306772,1.1808038600287558,1.6139582348195525,18.19052372502736,30.900369267626303,55.35567233619362,-37.16514861116626,long_rains,233.37064745956647,2.0,3.0,1,train,True
Siaya,2012-04-01,2012,4,1,1,Minimal,0.0,1.0,0.7119007907118109,-1.308304455931132,-2.0741857227936387,0.2507186036369709,0.6203710346202538,30.97901720768629,9.237630056496728,33.058753770106655,-2.079736562420365,long_rains,703.9110029852106,1.0,3.0,1,train,False
Taita Taveta,2012-04-01,2012,4,2,2,Stressed,0.0,2.0,0.996630559288052,-1.325496346953572,-1.5214918675335962,-0.1222340655153565,-0.008943026900515,13.73264866913988,12.354019008071475,24.44327272823292,-10.710624059093039,long_rains,337.281834884778,2.0,3.0,1,train,False
Tana River,2012-04-01,2012,4,2,2,Stressed,0.1546659179472271,2.154313114309772,0.999884705824179,-1.1381324254174483,-1.1895078019466738,-0.1128848104874148,-0.2161926036597385,11.58137543612359,26.51062934262375,39.75744139922719,-28.1760659631036,long_rains,208.9215702880231,2.0,3.0,1,train,False
Tharaka-Nithi,2012-04-01,2012,4,1,1,Minimal,0.00548817035534,1.3343911611951458,0.999905575580255,-1.668789418076735,-1.6395938758863933,0.5604197504599913,0.7262531496937662,0.0,19.689243861107556,45.08583827894128,-45.08583827894128,long_rains,386.5660928989662,1.0,3.0,1,train,False
Trans Nzoia,2012-04-01,2012,4,1,1,Minimal,0.0,1.000079835388598,0.9976864050043228,-1.2343586693178836,-1.8000843567077234,0.7394187441652526,1.836059821622194,8.560614599943642,12.848268293660528,43.18767910052804,-34.627064500584396,long_rains,575.422482832226,1.0,3.0,1,train,False
Turkana,2012-04-01,2012,4,2,2,Stressed,0.2698227882151272,2.166146798387112,0.96060555102368,-0.9224578050158044,-1.310680230288479,1.6269763466355425,2.492795971007158,12.676228411318556,20.88777421484773,59.81492821325767,-47.13869980193912,long_rains,134.93439886021372,2.0,3.0,1,train,True
Uasin Gishu,2012-04-01,2012,4,1,1,Minimal,0.0,1.0,0.9997765773368542,-1.0688378973196455,-1.91588835456737,0.6651336023679779,1.4851632113999378,17.584264236888952,21.59923047579781,54.72736633934917,-37.14310210246022,long_rains,466.5756532543863,1.0,3.0,1,train,False
Vihiga,2012-04-01,2012,4,1,1,Minimal,0.0,1.0,0.9994221612948908,-1.3912668257031051,-2.3425782472650427,0.0707807313801048,0.5547348168806591,7.25208123854038,0.0,30.9673912835824,-23.71531004504202,long_rains,638.2354464495623,1.0,3.0,1,train,False
Wajir,2012-04-01,2012,4,2,2,Stressed,0.4313521573994229,2.431352157399423,0.9996829050290932,-1.3146477720838825,-1.3661945142633,1.4657390891722253,1.3749337124787189,43.90431550755297,70.19371050931517,63.04455141518639,-19.140235907633418,long_rains,220.92597534518788,3.0,3.0,1,train,True
West Pokot,2012-04-01,2012,4,2,2,Stressed,2.610050977131247e-05,1.9159509900442069,0.9926204344836512,-1.4571032673652526,-1.9303929749757651,1.1933929139275588,2.3253666708355363,5.886360485194965,26.126764232025234,67.14080967256128,-61.25444918736631,long_rains,366.78840132412165,2.0,3.0,1,train,False
Baringo,2012-07-01,2012,7,2,2,Stressed,0.0,1.897477892711657,0.9998910957604972,0.3997171939837354,2.5102027086314127,1.4994516743581885,0.5913744274438103,74.51498423466464,100.0,61.07859674551148,13.436387489153155,dry_jjas,407.6410955536569,2.0,3.0,1,train,True
Bomet,2012-07-01,2012,7,1,1,Minimal,0.0,1.0000570618995908,0.9997382065021057,1.597382543094312,2.429582680966493,0.3251030526449082,0.6068776672778209,56.05840982867483,94.19585939305809,13.385975679318255,42.672434149356576,dry_jjas,705.0356352221398,1.0,3.0,1,train,False
Bungoma,2012-07-01,2012,7,1,1,Minimal,0.0,1.0,0.9968273735961642,1.3457124297235616,3.106574540541416,0.5498762684195199,-0.3325979928719395,77.07142776125764,34.28574919274908,19.673160736383355,57.398267024874286,dry_jjas,684.143518918554,1.0,3.0,1,train,False
Busia,2012-07-01,2012,7,1,1,Minimal,0.0,1.0,0.9128634605516268,1.3627205249590468,1.6388325041728236,-0.6196264646671327,-1.044673097197151,50.81544010002225,39.84995967881537,23.88653699823994,26.92890310178231,dry_jjas,504.89251568895395,1.0,3.0,1,train,False
Elgeyo-Marakwet,2012-07-01,2012,7,1,1,Minimal,0.0,1.0013362368052523,0.9998638419885122,0.5169966171963126,2.576956586281047,1.4451838201605216,0.5347327675309467,79.71808318279656,91.54009766794904,47.3651084353231,32.35297474747346,dry_jjas,424.00498148048365,1.0,3.0,1,train,False
Embu,2012-07-01,2012,7,1,1,Minimal,0.0,1.0113976217458436,0.9998694903395686,0.39959974202271,1.0340861123385978,0.2416623252056036,0.2211043607142377,45.173493965098736,75.74496111915484,61.62658632666329,-16.453092361564558,dry_jjas,401.4457023614595,1.0,3.0,1,train,False
Garissa,2012-07-01,2012,7,2,2,Stressed,0.0,2.0,0.9995223749025812,-0.89793908056322,-2.366191768300128,-2.4503384664888173,-1.8955700910641715,9.15908056729508,0.463303015156432,13.507665071380323,-4.3485845040852436,dry_jjas,210.6771075185111,2.0,3.0,1,train,False
Homa Bay,2012-07-01,2012,7,1,1,Minimal,0.0,1.0,0.66830422924983,2.5046315392452083,3.013879310533824,0.7688676741597217,0.399840425899794,70.69099703130803,59.489465146734304,49.28194549558208,21.40905153572595,dry_jjas,658.3122810444571,1.0,3.0,1,train,False
Isiolo,2012-07-01,2012,7,2,2,Stressed,0.0,1.9999142570233488,0.9999880270414891,0.9560793969801517,0.3211025553446697,-0.2914506357505282,-0.1608515345140762,22.01775739343716,19.465594360086005,20.214165590669488,1.8035918027676736,dry_jjas,121.15801476654195,2.0,3.0,1,train,False
Kajiado,2012-07-01,2012,7,2,2,Stressed,0.0,1.8295659211065247,0.9867003715847946,0.5619114405976076,1.9060016672575253,0.4780293416374315,0.7887246093202611,66.04473630955682,88.76963003463548,57.42224599467238,8.622490314884445,dry_jjas,244.0590119973267,2.0,3.0,1,train,False
Kakamega,2012-07-01,2012,7,1,1,Minimal,0.0,1.0,0.9996644082966218,2.17761744018267,3.169584911125151,0.5813886145772246,-0.3021109130901333,63.65453832649403,28.021567027429764,13.265097885056033,50.389440441438,dry_jjas,521.962946970816,1.0,3.0,1,train,False
Kericho,2012-07-01,2012,7,1,1,Minimal,0.0,1.0,0.9997003606571906,1.7819542222586031,2.8477145704492823,0.7628981730524701,0.5983438337596284,73.19156137888356,85.08211218152758,32.0828560101422,41.10870536874136,dry_jjas,577.6437811642602,1.0,3.0,1,train,False
Kiambu,2012-07-01,2012,7,1,1,Minimal,0.0,1.001127542613087,0.999698893136979,1.0162998181114702,2.1300320682227785,1.0457622508592332,0.9443704368399368,39.49588109433762,78.20150105134971,22.68995211081358,16.80592898352404,dry_jjas,365.1581675938478,1.0,3.0,1,train,False
Kilifi,2012-07-01,2012,7,2,2,Stressed,0.0,1.893822507368624,0.9941724646117835,-1.5450642276847404,-1.4634861198407012,-2.302847811379762,-2.169621800310129,10.92485415131628,7.115021237445184,6.971384470500186,3.9534696808160943,dry_jjas,485.9236308469297,2.0,3.0,1,train,False
Kirinyaga,2012-07-01,2012,7,1,1,Minimal,0.0,1.000036250746341,0.9997566177338546,0.3088221584904109,1.4081722575953803,0.6539719487850661,0.4780427704668986,50.404046244175504,49.36150981002806,22.586553654138623,27.81749259003688,dry_jjas,523.427425427593,1.0,3.0,1,train,False
Kisii,2012-07-01,2012,7,1,1,Minimal,0.0,1.0,0.9995810852329328,2.762381597345022,3.522119673738683,1.2097304346586957,1.0471793389287978,59.8439703976212,77.54599920910225,11.781858197995591,48.06211219962561,dry_jjas,771.8724273402603,1.0,3.0,1,train,False
Kisumu,2012-07-01,2012,7,1,1,Minimal,0.0,1.0,0.7825715876310352,2.045878228643768,2.3123113185952286,0.112699616678029,0.1857315624230581,56.87670337197184,36.03530277294829,15.27140836769889,41.60529500427295,dry_jjas,650.4965825795291,1.0,3.0,1,train,False
Kitui,2012-07-01,2012,7,2,2,Stressed,0.0,1.866179093707697,0.9999612025497214,-0.279074536532627,0.2606858539341197,-0.4107096239685178,-0.1815394862939134,25.39727791137354,39.548027006265634,36.93944930505187,-11.542171393678334,dry_jjas,350.0498777837523,2.0,3.0,1,train,False
Kwale,2012-07-01,2012,7,2,2,Stressed,0.0,1.9999325446876088,0.991234853269192,-0.862270178140819,-1.2220750214481535,-2.193141078476155,-1.443824199869602,14.661503336888858,35.97812735251453,34.96718837347902,-20.305685036590162,dry_jjas,461.4118591660762,2.0,3.0,1,train,False
Laikipia,2012-07-01,2012,7,2,2,Stressed,0.0,1.6552218836201664,0.9999716984817336,0.6312743329065177,1.6813919901367609,0.6383854235766624,0.1538861141270754,80.42031118769684,98.24503780471936,57.77343321367368,22.646877974023162,dry_jjas,378.6133408439104,2.0,3.0,1,train,False
Lamu,2012-07-01,2012,7,2,2,Stressed,0.0,2.0,0.9772658860263104,-1.0687081254533302,-1.7788672921699842,-2.068703693868958,-2.726917952841908,29.336468362243952,28.71658291326871,13.703963258860211,15.63250510338374,dry_jjas,394.8891092289726,2.0,3.0,1,train,False
Machakos,2012-07-01,2012,7,2,2,Stressed,0.0,1.772727281803702,0.999933451568632,0.8026957336687762,1.540154352653501,0.4569192769395343,0.7336417544651073,58.79087741740547,79.5783719314206,56.99636114526137,1.7945162721441008,dry_jjas,347.0698296320569,2.0,3.0,1,train,False
Makueni,2012-07-01,2012,7,2,2,Stressed,0.0,1.70486322554712,0.9998578021084928,0.6137290447741892,1.3862305049829104,0.4474045833606311,0.7649241679554736,45.48495434173005,61.08155901776511,65.64535952365776,-20.160405181927707,dry_jjas,210.84898907247097,2.0,3.0,1,train,False
Mandera,2012-07-01,2012,7,2,2,Stressed,0.1935209389388517,2.193520938938852,0.9935398969956112,-1.3075630116878858,-0.4171179808680725,-0.7494120035643572,-0.5198380589986159,62.773240255673066,48.65902155236704,45.883370052068834,16.889870203604232,dry_jjas,147.72597818452132,2.0,3.0,1,train,False
Marsabit,2012-07-01,2012,7,2,2,Stressed,0.0401080086708275,2.0398869269645004,0.9301335034165956,-0.9225439202442092,0.9149326517946942,0.1477450238158295,0.1255934033552327,26.164835710850657,36.69689224336848,31.388934361995435,-5.224098651144779,dry_jjas,183.11284628508548,2.0,3.0,1,train,True
Meru,2012-07-01,2012,7,1,1,Minimal,0.0,1.2271677994659254,0.9998823354229692,0.8764178769034413,0.9408032632667316,0.0579510428693745,0.0186323650148484,43.7593647741926,34.22574761366884,30.936408968713994,12.822955805478603,dry_jjas,469.95952152110806,1.0,3.0,1,train,False
Migori,2012-07-01,2012,7,1,1,Minimal,0.0,1.0,0.8116729345870676,2.4868277615354755,2.733869260316453,0.5710972856206735,0.2301753761528547,69.65011854897622,36.455408586504944,55.48871846488448,14.161400084091746,dry_jjas,460.4970135975702,1.0,3.0,1,train,False
Mombasa,2012-07-01,2012,7,1,1,Minimal,0.0,1.0071945914100102,0.945651646601156,-1.1627706690268964,-1.505130341585437,-2.123649358487284,-2.1335985861034965,1.285745892250564,8.159126795849911,10.53119797456506,-9.245452082314497,dry_jjas,339.4545465241538,1.0,3.0,1,train,False
Murang'a,2012-07-01,2012,7,1,1,Minimal,0.0,1.0013259757425912,0.9998268684991276,0.654846072373188,1.8403002407996607,0.9478735378472404,0.6011499088397365,66.53710779584853,71.78889449566982,43.866285126660905,22.670822669187622,dry_jjas,600.9606534616394,1.0,3.0,1,train,False
Nairobi,2012-07-01,2012,7,1,1,Minimal,0.0,1.004656105633054,0.999349844685299,0.7284754503183147,2.0279981485933547,0.8813933512474743,0.9982243763172328,42.4810918182958,86.21145347596826,60.8824083906614,-18.4013165723656,dry_jjas,349.07589029272395,1.0,3.0,1,train,False
Nakuru,2012-07-01,2012,7,1,1,Minimal,0.0,1.0006763363886138,0.9758049541717768,0.4951357712331954,2.208638382816615,1.0879623256559627,0.9019399870049162,70.30101002817503,95.035424245112,53.1103022440009,17.19070778417413,dry_jjas,337.82261196850334,1.0,3.0,1,train,False
Nandi,2012-07-01,2012,7,1,1,Minimal,0.0,1.0,0.9996627597035966,2.0660332952958838,2.99300954879656,0.616742873397189,0.1622232956115357,75.92914991718773,82.21001237542848,45.10063824789505,30.82851166929268,dry_jjas,636.3375639959971,1.0,3.0,1,train,False
Narok,2012-07-01,2012,7,2,2,Stressed,0.0,1.534070931837292,0.9926699026877256,0.8635905378193021,2.6607608051638283,0.8702757860186456,1.271166787180909,62.9158360388537,97.02209630136028,57.07037831728676,5.845457721566937,dry_jjas,449.4351533314782,2.0,3.0,1,train,False
Nyamira,2012-07-01,2012,7,1,1,Minimal,0.0,1.0,0.9997642108519644,2.353887771581612,3.2351112198093235,0.7665430333920591,0.7944891037695831,42.95095914400478,95.92933553949064,0.0,42.95095914400478,dry_jjas,707.0676224501927,1.0,3.0,1,train,False
Nyandarua,2012-07-01,2012,7,1,1,Minimal,0.0,1.0012708819238296,0.999877973768995,0.6021055397231465,2.290049904122358,1.3033447853796083,0.9294530926113131,70.3226205771201,89.3694719044224,32.777541218789935,37.54507935833017,dry_jjas,478.59632261521887,1.0,3.0,1,train,False
Nyeri,2012-07-01,2012,7,1,1,Minimal,0.0,1.3902200484797762,0.9998586120217212,0.7576695463326144,1.854407364831952,0.9194109400091556,0.3302619941353079,70.01996963972746,66.4418016021913,18.971766581637,51.048203058090465,dry_jjas,596.5685209899478,1.0,3.0,1,train,False
Samburu,2012-07-01,2012,7,2,2,Stressed,0.0,1.9988626385976,0.9999420560007148,0.4032708603905519,1.5477830927581344,0.4949713984300655,0.274656802025046,57.61471948546954,87.73474491307182,54.903196863034886,2.711522622434657,dry_jjas,233.37064745956647,2.0,3.0,1,train,True
Siaya,2012-07-01,2012,7,1,1,Minimal,0.0,1.0,0.7119007907118109,1.9373110623746828,1.9116950588340325,-0.0056246150282888,-0.4512480365408772,71.34616762246537,71.32360720145714,57.99840791541627,13.3477597070491,dry_jjas,703.9110029852106,1.0,3.0,1,train,False
Taita Taveta,2012-07-01,2012,7,2,2,Stressed,0.0,2.0,0.996630559288052,-1.782666433193145,-0.2563617759553556,-1.3181448198243555,-0.7251163247282868,15.86647088946246,30.64383197382532,18.1194490001428,-2.25297811068034,dry_jjas,337.281834884778,2.0,3.0,1,train,False
Tana River,2012-07-01,2012,7,2,2,Stressed,0.0,1.999647197234086,0.9998871758740914,-1.2096685110322545,-2.0108396368970314,-2.0498381098685607,-1.5792289573620657,7.909162830834027,0.1554902880607024,15.183171891747998,-7.274009060913971,dry_jjas,208.9215702880231,2.0,3.0,1,train,False
Tharaka-Nithi,2012-07-01,2012,7,1,1,Minimal,0.0,1.328893947269865,0.9998921012329892,0.5668367262670603,0.5623799086325216,-0.195018805971932,-0.1568055655355727,24.813548322149035,47.755468902682495,42.03527276047512,-17.22172443832608,dry_jjas,386.5660928989662,1.0,3.0,1,train,False
Trans Nzoia,2012-07-01,2012,7,1,1,Minimal,0.0,1.000079835388598,0.9976864050043228,1.200153593497301,3.654543665840808,1.7247306180528676,0.5099016518865426,51.80508151809276,53.42659919245108,41.12668649336995,10.67839502472281,dry_jjas,575.422482832226,1.0,3.0,1,train,False
Turkana,2012-07-01,2012,7,2,2,Stressed,0.1084774534985645,2.004800726384319,0.960598719777502,0.3122858723169898,2.033692439075426,1.0751905597519915,0.4928575310082367,65.54164687680618,100.0,47.88757269958993,17.654074177216252,dry_jjas,134.93439886021372,2.0,3.0,1,train,True
Uasin Gishu,2012-07-01,2012,7,1,1,Minimal,0.0,1.0,0.9997765773368544,1.4504710415846929,3.034775410764904,1.4533533806042829,0.6145233730983476,68.98566546939314,70.13191396830493,47.56063401966019,21.42503144973295,dry_jjas,466.5756532543863,1.0,3.0,1,train,False
Vihiga,2012-07-01,2012,7,1,1,Minimal,0.0,1.0,0.9994221612948906,2.0829476095248074,2.0388243687650665,0.0498148500455251,-0.4288587029076721,86.24571574418435,50.01633679541433,40.9729974469578,45.272718297226554,dry_jjas,638.2354464495623,1.0,3.0,1,train,False
Wajir,2012-07-01,2012,7,2,2,Stressed,0.0026784977467696,2.002678497746769,0.9996810210934666,-1.348426073296151,-0.2820884833585736,-0.5839545026642111,-0.6111046236316766,34.643237798193574,23.900261572272992,29.931325468529376,4.711912329664198,dry_jjas,220.92597534518788,2.0,3.0,1,train,True
West Pokot,2012-07-01,2012,7,2,2,Stressed,0.0,1.9159246822576947,0.9926179873073148,0.1560782260749922,2.7301442311348816,1.501194444492103,0.5441945561692524,78.86826498912234,100.0,45.49975919651253,33.36850579260981,dry_jjas,366.78840132412165,2.0,3.0,1,train,False
Baringo,2012-10-01,2012,10,2,2,Stressed,0.0,1.897477892711657,0.9998910957604972,1.6775306792253146,1.3777872224847456,2.602329852827185,2.752969807469152,86.62473557295458,100.0,83.53418716869442,3.0905484042601614,short_rains,407.6410955536569,2.0,3.0,1,train,True
Bomet,2012-10-01,2012,10,1,1,Minimal,0.0,1.0000570618995908,0.9997382065021057,1.764174398291921,1.899072119788434,3.1110215209012857,1.501031209362906,94.71726955112186,82.5402568126722,52.399667827976735,42.317601723145124,short_rains,705.0356352221398,1.0,3.0,1,train,False
Bungoma,2012-10-01,2012,10,1,1,Minimal,0.0,1.0,0.9968273735961642,2.3850377778781677,1.813200283717548,3.1243855367890574,1.636433794236357,64.24448080484343,95.13105416046594,22.452043120481047,41.79243768436238,short_rains,684.143518918554,1.0,3.0,1,train,False
Busia,2012-10-01,2012,10,1,1,Minimal,0.0,1.0,0.9128634605516268,2.3412539480164893,1.7448727362602463,2.413464939153945,1.2764987529489469,48.016474238184486,80.25566191686961,85.91948684145399,-37.9030126032695,short_rains,504.89251568895395,1.0,3.0,1,train,False
Elgeyo-Marakwet,2012-10-01,2012,10,1,1,Minimal,0.0,1.0013362368052523,0.9998638419885122,2.1641290107204303,1.777920914130077,2.9186303404932383,2.623739566578489,95.32662644274887,99.88977047627904,24.585854014845925,70.74077242790295,short_rains,424.00498148048365,1.0,3.0,1,train,False
Embu,2012-10-01,2012,10,1,1,Minimal,0.0,1.0113976217458436,0.9998694903395686,-0.4158390098412486,0.072174101581516,0.9851642520254124,0.631318990136047,45.55913426206367,66.89433091045154,43.32545348996677,2.2336807720969034,short_rains,401.4457023614595,1.0,3.0,1,train,False
Garissa,2012-10-01,2012,10,3,3,Crisis or worse,0.6977866229439008,2.6977866229439007,0.9995601445935454,-0.5238408803109695,-1.3294213406336184,-2.3672461987056184,-1.6623161475010533,22.466276927903024,39.136375846217504,19.618783202899916,2.8474937250031083,short_rains,210.6771075185111,2.0,3.0,1,train,False
Homa Bay,2012-10-01,2012,10,1,1,Minimal,0.0,1.0,0.66830422924983,2.071586068360633,2.0032417752707508,3.910630630988836,1.8334292320341217,63.8390370645897,76.83387511534663,71.24710245611222,-7.40806539152252,short_rains,658.3122810444571,1.0,3.0,1,train,False
Isiolo,2012-10-01,2012,10,2,2,Stressed,0.0089108400484925,2.008825097695152,0.999995296531766,-0.9688747105613208,0.0261542169886219,0.3143063409774502,0.0977141493616011,32.6841637125831,31.348630466923314,27.156337130397088,5.527826582186012,short_rains,121.15801476654195,2.0,3.0,1,train,False
Kajiado,2012-10-01,2012,10,2,2,Stressed,0.0,1.8295659211065247,0.9867003715847946,-0.4467813491269312,0.1263045842789748,1.903701073246132,0.7810135042787807,46.914035988650994,78.33509937355856,77.24820756545468,-30.334171576803683,short_rains,244.0590119973267,2.0,3.0,1,train,False
Kakamega,2012-10-01,2012,10,1,1,Minimal,0.0,1.0,0.9996644082966218,2.5543967977193613,2.041563040129839,3.676526478761712,1.6468857340097514,57.62060146216078,77.9936135432355,54.88613037532892,2.73447108683186,short_rains,521.962946970816,1.0,3.0,1,train,False
Kericho,2012-10-01,2012,10,1,1,Minimal,0.0,1.0,0.9997003606571906,2.9927863318373804,2.5270966596283837,3.685169614586074,1.872355183437759,87.08949339866535,90.80369131057182,55.986985765633385,31.10250763303197,short_rains,577.6437811642602,1.0,3.0,1,train,False
Kiambu,2012-10-01,2012,10,1,1,Minimal,0.0,1.001127542613087,0.999698893136979,-0.175174065426945,1.209386851584023,2.22620549033274,1.5284300848761805,91.79517622163448,100.0,65.33297504195932,26.462201179675162,short_rains,365.1581675938478,1.0,3.0,1,train,False
Kilifi,2012-10-01,2012,10,2,2,Stressed,0.4070315674764941,2.3008549685212816,0.9941808317144266,-0.7376847901999798,-0.6151524598723944,-1.373016396919876,-1.0054098057343357,27.607995242861552,19.583778203895054,7.920973663664472,19.68702157919708,short_rains,485.9236308469297,2.0,3.0,1,train,False
Kirinyaga,2012-10-01,2012,10,1,1,Minimal,0.0,1.000036250746341,0.9997566177338548,-0.313547673164149,0.6829802615943791,1.3940276344723057,1.0521223844091412,50.42877810971587,70.005945492544,34.35889860252631,16.06987950718956,short_rains,523.427425427593,1.0,3.0,1,train,False
Kisii,2012-10-01,2012,10,1,1,Minimal,0.0,1.0,0.9995810852329328,2.06182425080715,1.9066121778731555,3.757215631337498,2.03105269205146,76.7353173131538,72.84860118112148,88.87013948584543,-12.134822172691628,short_rains,771.8724273402603,1.0,3.0,1,train,False
Kisumu,2012-10-01,2012,10,1,1,Minimal,0.0,1.0,0.7825715876310352,2.415326262471875,2.3414897115783746,4.104794229543497,1.1568163458738736,78.19468424266404,70.73196726492782,72.64326378438633,5.551420458277704,short_rains,650.4965825795291,1.0,3.0,1,train,False
Kitui,2012-10-01,2012,10,3,3,Crisis or worse,0.7738442723348683,2.6395784189500984,0.9999695569562242,-0.7937773173737857,-0.2792991204316122,0.2246030020085954,-0.2822442032312789,15.307078782172145,38.718764935671686,30.39129448825001,-15.084215706077867,short_rains,350.0498777837523,2.0,3.0,1,train,False
Kwale,2012-10-01,2012,10,2,2,Stressed,0.3178554959530725,2.317788041600838,0.9912489626770908,0.3998528206369524,-0.2859422954870108,-1.1340962090190885,-0.99337180560011,39.37434678439694,21.202579857430155,0.0,39.37434678439694,short_rains,461.4118591660762,2.0,3.0,1,train,False
Laikipia,2012-10-01,2012,10,2,2,Stressed,0.0,1.6552218836201664,0.9999716984817336,0.7890468889233427,1.2407634041596052,1.828196200868378,1.9152908059611176,92.78970331529584,100.0,96.2583620815562,-3.4686587662603614,short_rains,378.6133408439104,2.0,3.0,1,train,False
Lamu,2012-10-01,2012,10,2,2,Stressed,0.0191934907568323,2.018472913461009,0.9772940962519598,-0.7692936332734747,-1.7501450832411454,-1.9264540650568407,-1.2603971973795036,18.331260190879465,25.92633940033121,35.15277054662504,-16.821510355745577,short_rains,394.8891092289726,2.0,3.0,1,train,False
Machakos,2012-10-01,2012,10,2,2,Stressed,0.0,1.772727281803702,0.999933451568632,0.1875416582031333,0.2918625403928092,1.539567527900255,0.5369910745046359,57.415616041828216,80.70509760263714,67.76889159455057,-10.353275552722351,short_rains,347.0698296320569,2.0,3.0,1,train,False
Makueni,2012-10-01,2012,10,2,2,Stressed,0.215467683298101,1.920336584560512,0.9998770305403332,-1.332971386962872,-0.212692215365519,1.360874848345428,0.3039665376458221,37.78309417012976,60.73889310930785,50.38592866472745,-12.602834494597694,short_rains,210.84898907247097,2.0,3.0,1,train,False
Mandera,2012-10-01,2012,10,2,2,Stressed,0.0991663936739103,2.0991663936739107,0.9935354757031154,0.1515902001493999,-0.481279838850855,-0.4430517441639035,-0.2844759883791186,47.98919236682589,79.42750381390225,28.27194614211761,19.71724622470828,short_rains,147.72597818452132,2.0,3.0,1,train,False
Marsabit,2012-10-01,2012,10,2,2,Stressed,0.0,1.9997789189795596,0.9301363890826012,0.6833915135051984,0.4191799693315844,0.927687301817017,0.8377191495796428,25.72861087529602,34.92686808800022,31.459780584330574,-5.731169709034553,short_rains,183.11284628508548,2.0,3.0,1,train,True
Meru,2012-10-01,2012,10,1,1,Minimal,0.1304449849668183,1.3576151700141763,0.999885421873166,-0.3162308311436795,0.324185407901756,0.9287132573098822,0.8269682459624529,43.265686817351785,59.63614032726718,12.049865261898768,31.21582155545302,short_rains,469.95952152110806,1.0,3.0,1,train,False
Migori,2012-10-01,2012,10,1,1,Minimal,0.0,1.0,0.8116729345870676,1.898910649780826,1.7422486754698248,3.726609532015928,1.8091542622505423,55.60445949192941,64.8449608387288,73.9417267238691,-18.337267231939684,short_rains,460.4970135975702,1.0,3.0,1,train,False
Mombasa,2012-10-01,2012,10,1,1,Minimal,0.0,1.0071945914100102,0.945651646601156,0.3541492477954157,-0.5020428753895361,-1.4375924280477332,-0.9466900239407132,19.53981437600104,4.643422876766184,2.6123001224843256,16.927514253516716,short_rains,339.4545465241538,1.0,3.0,1,train,False
Murang'a,2012-10-01,2012,10,1,1,Minimal,0.0,1.0013259757425912,0.9998268684991276,0.115881108646195,1.4736152985051747,1.968804117457988,1.5675239455857433,70.60886736943019,79.65039095596589,36.3093668946281,34.29950047480209,short_rains,600.9606534616394,1.0,3.0,1,train,False
Nairobi,2012-10-01,2012,10,1,1,Minimal,0.0,1.004656105633054,0.999349844685299,0.4121626728409007,1.1857128851766807,2.1040861027388877,1.2567423953596446,78.95135987449794,100.0,74.64322830539486,4.308131569103082,short_rains,349.07589029272395,1.0,3.0,1,train,False
Nakuru,2012-10-01,2012,10,1,1,Minimal,0.0,1.0006763363886138,0.9758049541717768,0.9894514868129748,1.1951894284036584,2.302141182313399,2.029504531089476,96.67136716996684,100.0,88.33074501657954,8.3406221533873,short_rains,337.82261196850334,1.0,3.0,1,train,False
Nandi,2012-10-01,2012,10,1,1,Minimal,0.0,1.0,0.9996627597035966,2.6230320912748306,2.115645030357206,3.69629757116791,1.2547080119707106,85.5039115632282,93.92366016625716,41.590038378023536,43.913873185204665,short_rains,636.3375639959971,1.0,3.0,1,train,False
Narok,2012-10-01,2012,10,2,2,Stressed,0.0,1.534070931837292,0.9926699026877256,0.7638517842066074,1.169490094598208,2.8561632120724054,1.1516181296381531,71.49485816889062,90.82274785628351,78.7786977403559,-7.283839571465279,short_rains,449.4351533314782,2.0,3.0,1,train,False
Nyamira,2012-10-01,2012,10,1,1,Minimal,0.0,1.0,0.9997642108519644,2.065569463709434,2.0818800791600243,3.776579765566515,1.842223418820918,73.73885889011814,70.91729743763852,90.07204067374713,-16.333181783628987,short_rains,707.0676224501927,1.0,3.0,1,train,False
Nyandarua,2012-10-01,2012,10,1,1,Minimal,0.0,1.0012708819238296,0.999877973768995,0.6798544057877023,1.5232899899230758,2.4874799798937044,2.2642801039427103,93.2503442399576,93.03929542742792,64.15876830109849,29.09157593885911,short_rains,478.59632261521887,1.0,3.0,1,train,False
Nyeri,2012-10-01,2012,10,1,1,Minimal,0.0,1.3902200484797762,0.9998586120217212,-0.131738077417108,1.2162478342983478,1.9248669051461045,1.8016461043277516,94.5208425593773,100.0,50.80100095031517,43.71984160906213,short_rains,596.5685209899478,1.0,3.0,1,train,False
Samburu,2012-10-01,2012,10,2,2,Stressed,0.0,1.9988626533690264,0.9999550428691704,0.5190210813487109,0.6570175383232465,1.5382822738345032,1.7790207860725549,59.6009173296186,68.30548493795467,79.33547827520312,-19.734560945584512,short_rains,233.37064745956647,2.0,3.0,1,train,True
Siaya,2012-10-01,2012,10,1,1,Minimal,0.0,1.0,0.7119007907118109,1.9105432173434032,1.7240901537898092,2.82391845515373,1.3857980529550995,72.50014910446703,74.10927744621573,75.34471633048778,-2.8445672260207573,short_rains,703.9110029852106,1.0,3.0,1,train,False
Taita Taveta,2012-10-01,2012,10,2,2,Stressed,0.1776360044794052,2.1776360044794054,0.9966516797620268,-0.7552760263967165,-0.3676274188409068,-0.3398696839831704,-1.914062656211606,12.128170226574523,45.0148774810525,19.54722377534293,-7.419053548768405,short_rains,337.281834884778,2.0,3.0,1,train,False
Tana River,2012-10-01,2012,10,3,3,Crisis or worse,0.5573075975592275,2.257735435525899,0.9998937036395128,-0.8921347203337262,-1.6134322071578773,-2.097887049342225,-1.94364988858901,11.833795842801582,32.15365783763287,22.57641354694104,-10.742617704139459,short_rains,208.9215702880231,2.0,3.0,1,train,False
Tharaka-Nithi,2012-10-01,2012,10,1,1,Minimal,0.00548817035534,1.3343911611951458,0.999905575580255,-0.5566150817637053,0.0154790956434025,0.5355656513537566,0.3753855615691989,29.17243473393464,66.54614779024747,17.245110537760162,11.927324196174478,short_rains,386.5660928989662,1.0,3.0,1,train,False
Trans Nzoia,2012-10-01,2012,10,1,1,Minimal,0.0,1.000079835388598,0.9976864050043228,2.6275956168914494,2.171826867824577,3.59648067042542,2.3552411914811886,85.28095279469848,96.49318312694092,16.359029643916877,68.9219231507816,short_rains,575.422482832226,1.0,3.0,1,train,False
Turkana,2012-10-01,2012,10,2,2,Stressed,0.0,1.8963235926233524,0.9606016822598592,1.397254843887976,1.9571715263065208,2.463293552347228,1.9394653537409965,95.9809075887412,98.02387257570028,80.24583520377166,15.735072384969541,short_rains,134.93439886021372,2.0,3.0,1,train,True
Uasin Gishu,2012-10-01,2012,10,1,1,Minimal,0.0,1.0,0.9997765773368544,2.564337518617177,1.878015094106472,3.403817573893361,2.4494229999847086,91.84050773286816,95.34787858747372,64.91569705484395,26.924810678024215,short_rains,466.5756532543863,1.0,3.0,1,train,False
Vihiga,2012-10-01,2012,10,1,1,Minimal,0.0,1.0,0.9994221612948906,2.3322977117875725,1.9356335965193516,3.1583225371418733,1.130761252307393,16.47257949594569,44.650700793229056,65.2909549941052,-48.81837549815951,short_rains,638.2354464495623,1.0,3.0,1,train,False
Wajir,2012-10-01,2012,10,2,2,Stressed,0.4512968020030996,2.4512968020031,0.9996895182570492,-0.7719518924408404,-0.8560881954104352,-0.3155760803990649,0.2648049078306975,54.08151887944829,71.35075094453046,38.95862890135205,15.12288997809624,short_rains,220.92597534518788,2.0,3.0,1,train,True
West Pokot,2012-10-01,2012,10,2,2,Stressed,0.0,1.9159246822576947,0.9926179873073148,1.989889363013365,1.8872711847736143,2.9785709153596422,2.413026081072534,85.17185298096514,100.0,89.77928541666516,-4.607432435700019,short_rains,366.78840132412165,2.0,3.0,1,train,False
Baringo,2013-01-01,2013,1,2,2,Stressed,0.0,1.897477892711657,0.9998910957604972,1.2766893715972938,1.2429730375255987,1.907815375283053,1.5808844879746178,61.17460901171856,70.2779107271752,82.88948443484843,-21.714875423129868,dry_jf,407.6410955536569,2.0,3.0,1,train,True
Bomet,2013-01-01,2013,1,1,1,Minimal,0.0,1.0000570618995908,0.9997382065021052,1.1014363922751989,1.3274718900090057,2.169123804455629,2.3331171403288,63.4730343082913,78.42094757451876,48.836940538021,14.6360937702703,dry_jf,705.0356352221398,1.0,3.0,1,train,False
Bungoma,2013-01-01,2013,1,1,1,Minimal,0.0,1.0,0.9968273735961642,1.5585567489213437,2.0309899056282106,2.8914170957067618,2.5736507839354084,68.1642194844509,67.837993597367,44.10690934803763,24.057310136413264,dry_jf,684.143518918554,1.0,3.0,1,train,False
Busia,2013-01-01,2013,1,1,1,Minimal,0.0,1.0,0.9128634605516268,1.834883483292948,2.185830904762063,2.8040691916751848,2.291220091702628,82.0721959081865,59.43873437796026,48.923763314255176,33.148432593931325,dry_jf,504.89251568895395,1.0,3.0,1,train,False
Elgeyo-Marakwet,2013-01-01,2013,1,1,1,Minimal,0.0,1.0013362368052523,0.9998638419885122,1.349547669932026,1.258284485649094,2.07487101189301,2.1286806967544853,83.16383065775175,92.77866210476752,79.34455427225355,3.819276385498199,dry_jf,424.00498148048365,1.0,3.0,1,train,False
Embu,2013-01-01,2013,1,1,1,Minimal,0.0,1.0113976217458436,0.9998694903395686,0.6496866267725294,0.567923289686836,0.5611634716941624,0.6658583150377886,83.93595751168188,75.02505601454752,57.07780434445529,26.85815316722659,dry_jf,401.4457023614595,1.0,3.0,1,train,False
Garissa,2013-01-01,2013,1,2,2,Stressed,0.0,2.0,0.9995225279256243,0.4362416487610688,0.1067531181457981,-0.0495843628147313,-0.0468962725645242,45.14186435631326,30.887587697284825,47.53685244554363,-2.3949880892303668,dry_jf,210.6771075185111,3.0,3.0,1,train,False
Homa Bay,2013-01-01,2013,1,1,1,Minimal,0.0,1.0,0.66830422924983,1.40303409442317,1.417353754051686,2.1509743569545856,2.070316076252426,63.7655419316127,100.0,74.28149488883571,-10.515952957223007,dry_jf,658.3122810444571,1.0,3.0,1,train,False
Isiolo,2013-01-01,2013,1,2,2,Stressed,0.0,1.9999142572537068,0.9999907136274389,0.2308100052017674,-0.0648122905823021,-0.0704638031658969,0.2451326488536815,32.44927922226367,23.87211806378372,39.75250484274634,-7.303225620482671,dry_jf,121.15801476654195,2.0,3.0,1,train,False
Kajiado,2013-01-01,2013,1,2,2,Stressed,0.0004243181151502,1.8299903382962424,0.9867009451612184,0.741128409804107,0.7724870786730023,0.7723912928039006,0.8054138981349511,39.73538829018514,70.11521464910379,67.31042713562982,-27.57503884544468,dry_jf,244.0590119973267,2.0,3.0,1,train,False
Kakamega,2013-01-01,2013,1,1,1,Minimal,0.0,1.0,0.9996644082966224,1.9588571235640808,2.373024041510461,3.50918324716332,3.042531236403032,68.8809017013216,56.49314120909376,60.46725093854239,8.413650762779213,dry_jf,521.962946970816,1.0,3.0,1,train,False
Kericho,2013-01-01,2013,1,1,1,Minimal,0.0,1.0,0.9997003606571924,1.223136543500955,1.5927757081196388,3.119008181317564,3.258937643141729,77.88788239708255,68.55461701755307,52.36697811443708,25.520904282645468,dry_jf,577.6437811642602,1.0,3.0,1,train,False
Kiambu,2013-01-01,2013,1,1,1,Minimal,0.0,1.001127542613087,0.999698893136979,1.4019124168448698,1.465498245291931,1.6148978284608928,1.6991846878723729,87.03780421483354,100.0,97.27637050609574,-10.238566291262202,dry_jf,365.1581675938478,1.0,3.0,1,train,False
Kilifi,2013-01-01,2013,1,2,2,Stressed,0.0,1.9543449143389475,0.9941537101806583,0.3366518427820168,0.7540424644296614,0.5269896619462362,0.3591856424248282,72.322176658169,79.22396585663617,59.16276217317427,13.159414484994727,dry_jf,485.9236308469297,2.0,3.0,1,train,False
Kirinyaga,2013-01-01,2013,1,1,1,Minimal,0.0,1.000036250746341,0.9997566177338548,0.9110237909407491,0.4779773800149084,0.5699407196871904,0.58893246045263,72.41934107666563,100.0,70.35155711503354,2.067783961632088,dry_jf,523.427425427593,1.0,3.0,1,train,False
Kisii,2013-01-01,2013,1,1,1,Minimal,0.0,1.0,0.9995810852329328,1.4936548679112276,1.5429349688127538,2.3057838560270127,1.9116109552905236,79.0446062416231,89.6893279147538,78.05274781001799,0.9918584316051096,dry_jf,771.8724273402603,1.0,3.0,1,train,False
Kisumu,2013-01-01,2013,1,1,1,Minimal,0.0,1.0,0.7825715876310351,1.7252903274210587,1.689448512939344,2.757124442455043,2.8810421353239644,87.5236788714818,87.28390227301331,97.23017353643604,-9.706494664954235,dry_jf,650.4965825795291,1.0,3.0,1,train,False
Kitui,2013-01-01,2013,1,3,3,Crisis or worse,0.5357967955932548,2.4783935359838223,0.9999579065594504,0.297465742788175,-0.0560028882643833,-0.0730607864549941,-0.5311843609881334,54.219701788533904,31.822439611508525,14.416490244832277,39.80321154370163,dry_jf,350.0498777837523,3.0,3.0,1,train,False
Kwale,2013-01-01,2013,1,2,2,Stressed,0.0035173882733562,2.0034499329609647,0.9912348532691926,0.1411547923594836,0.1161769178293136,0.0028974517666414,-0.15180736328117,38.13580893706225,42.35066927138761,28.055670533112085,10.080138403950166,dry_jf,461.4118591660762,2.0,3.0,1,train,False
Laikipia,2013-01-01,2013,1,2,2,Stressed,0.0,1.6552218836201664,0.9999716984817336,0.4081869221245542,0.0852558215602577,0.7579405437880277,1.183398546976353,58.03387384414741,62.65662354425454,94.10645233766266,-36.07257849351525,dry_jf,378.6133408439104,2.0,3.0,1,train,False
Lamu,2013-01-01,2013,1,2,2,Stressed,0.0,2.0,0.9772658860263062,0.5621990888474697,0.6647600711001915,0.0456895326073116,-0.2360365917138188,52.05476663501442,65.77052275433786,48.92581133494813,3.1289553000662877,dry_jf,394.8891092289726,2.0,3.0,1,train,False
Machakos,2013-01-01,2013,1,2,2,Stressed,0.0,1.7753494833939305,0.99987777916022,0.7741062226315765,0.2608531255000103,0.2617046797604004,0.3356855687365133,63.53263751170853,44.77834387378457,39.584035882547134,23.948601629161395,dry_jf,347.0698296320569,2.0,3.0,1,train,False
Makueni,2013-01-01,2013,1,3,3,Crisis or worse,0.369777090025441,2.074911370347348,0.9998846505079256,0.2444373583835725,-0.1766028926067512,-0.1887434445405389,-0.3939668697877468,45.9064888647796,34.21530324092711,23.7449618042816,22.161527060497995,dry_jf,210.84898907247097,2.0,3.0,1,train,False
Mandera,2013-01-01,2013,1,2,2,Stressed,0.0,2.0,0.9935254519233636,-0.3050164487486184,0.3892120957724473,0.3648779910054937,0.6290344384401914,31.304940508752647,59.996526551476585,58.76402087321074,-27.459080364458092,dry_jf,147.72597818452132,2.0,3.0,1,train,False
Marsabit,2013-01-01,2013,1,2,2,Stressed,0.0,1.9997789189795596,0.9301363890826012,1.0622734859687906,0.8599850857044484,0.8635971075046245,1.355726733441514,22.601960814409523,33.667867944683834,39.09722045523012,-16.4952596408206,dry_jf,183.11284628508548,2.0,3.0,1,train,True
Meru,2013-01-01,2013,1,1,1,Minimal,0.0,1.2271677994659256,0.9998823354229694,0.6560430552731882,0.4348567337916775,0.4411882597816386,0.7476277196155842,88.26459259129452,89.97678660544724,90.44537009644048,-2.1807775051459686,dry_jf,469.95952152110806,1.0,3.0,1,train,False
Migori,2013-01-01,2013,1,1,1,Minimal,0.0,1.0,0.8116729345870678,1.145383943196702,1.080946976646264,1.6464370096269931,2.091070251981145,75.70858319176322,71.46300580055892,81.89160883562764,-6.183025643864411,dry_jf,460.4970135975702,1.0,3.0,1,train,False
Mombasa,2013-01-01,2013,1,1,1,Minimal,0.0,1.0071945914100102,0.945651646601156,-0.4119723242707389,0.3051733147486755,0.0515546639398081,0.3678533768462177,56.89090823439205,75.76071258629759,49.899301972496666,6.9916062618953845,dry_jf,339.4545465241538,1.0,3.0,1,train,False
Murang'a,2013-01-01,2013,1,1,1,Minimal,0.0,1.0013259757425912,0.9998268684991276,1.345690293930821,1.0089370327786218,1.201259212201125,1.2686262036130058,89.08753269206359,97.7940466253125,69.75981315101258,19.32771954105101,dry_jf,600.9606534616394,1.0,3.0,1,train,False
Nairobi,2013-01-01,2013,1,1,1,Minimal,0.0,1.004656105633054,0.999349844685296,1.4229773064567643,1.5369554026993115,1.6735301563993197,1.6046823032612292,66.17304151573876,66.14207753518029,92.17528112985764,-26.002239614118878,dry_jf,349.07589029272395,1.0,3.0,1,train,False
Nakuru,2013-01-01,2013,1,1,1,Minimal,0.0,1.0006763363886138,0.9758049541717768,0.8539339079151955,0.8000052545535924,1.4909166791525656,1.2722977324882458,60.03832478792726,86.02140105226292,81.77813382270432,-21.73980903477706,dry_jf,337.82261196850334,1.0,3.0,1,train,False
Nandi,2013-01-01,2013,1,1,1,Minimal,0.0,1.0,0.999662759703597,1.770563789919848,1.9550727964445425,3.225658052215814,3.015802058682952,73.3367739481248,78.618600384978,76.37378336133357,-3.0370094132087644,dry_jf,636.3375639959971,1.0,3.0,1,train,False
Narok,2013-01-01,2013,1,2,2,Stressed,0.0,1.5340709318372925,0.9926699026877254,1.3414644214300169,1.441674659750309,1.7804557383296684,1.8570259043684367,57.1310136682929,65.69331401575928,86.46382940074731,-29.332815732454414,dry_jf,449.4351533314782,2.0,3.0,1,train,False
Nyamira,2013-01-01,2013,1,1,1,Minimal,0.0,1.0,0.9997642108519644,1.5162000763395618,1.638515913944271,2.47857677251168,1.9488422560573184,78.47691809212866,85.0190132056389,64.81511436633892,13.661803725789738,dry_jf,707.0676224501927,1.0,3.0,1,train,False
Nyandarua,2013-01-01,2013,1,1,1,Minimal,0.0,1.0012708819238296,0.9998779737689952,0.7053074988897223,0.5087128291665935,1.3683170699183391,1.3644102831044824,58.34668092135126,98.37066275204172,86.17560220174583,-27.828921280394574,dry_jf,478.59632261521887,1.0,3.0,1,train,False
Nyeri,2013-01-01,2013,1,1,1,Minimal,0.0,1.3902200484797764,0.9998586120217208,0.9350037172079328,0.4162968345754767,0.7290652566204909,0.8481016229418255,47.87333856808824,100.0,63.65360449144541,-15.780265923357163,dry_jf,596.5685209899478,1.0,3.0,1,train,False
Samburu,2013-01-01,2013,1,2,2,Stressed,0.0,1.9988626533690264,0.9999550428691704,1.1562443868698824,0.8562550714897609,0.9497465759064028,1.9526287392767152,56.194629354986525,69.19885454186229,94.79108948685324,-38.59646013186671,dry_jf,233.37064745956647,2.0,3.0,1,train,True
Siaya,2013-01-01,2013,1,1,1,Minimal,0.0,1.0,0.7119007907118109,1.9825931155142995,1.7285437952075997,2.249347365288666,2.0139921918630925,52.0840429319713,68.24613796164718,76.75276328187817,-24.668720349906877,dry_jf,703.9110029852106,1.0,3.0,1,train,False
Taita Taveta,2013-01-01,2013,1,2,2,Stressed,0.1893618089734393,2.1893618089734392,0.9966571739834468,0.4426888450521278,0.247738983084936,0.1919362878371306,-0.5462128441822859,43.98532810627409,30.94716850556696,4.55980660439561,39.42552150187848,dry_jf,337.281834884778,2.0,3.0,1,train,False
Tana River,2013-01-01,2013,1,2,2,Stressed,0.0009532598349179,2.000953259294244,0.9998778310718937,0.3541883985031345,0.3040061848316092,0.1711888963217367,-0.4230745896680436,46.570766524537405,33.224697814730064,22.801563459860297,23.769203064677107,dry_jf,208.9215702880231,3.0,3.0,1,train,False
Tharaka-Nithi,2013-01-01,2013,1,1,1,Minimal,0.0,1.328893947269865,0.9998921012329892,0.668133232478365,0.3773440826460617,0.3662328401117689,0.6635646977398091,68.87430559107315,63.32732477144674,59.78930032819965,9.085005262873501,dry_jf,386.5660928989662,1.0,3.0,1,train,False
Trans Nzoia,2013-01-01,2013,1,1,1,Minimal,0.0,1.000079835388598,0.9976864050043228,1.5523969944436136,1.801334420003924,2.9994839013017063,2.5055443448301995,71.50908697271736,87.43524928440691,70.52594388905364,0.9831430836637196,dry_jf,575.422482832226,1.0,3.0,1,train,False
Turkana,2013-01-01,2013,1,2,2,Stressed,0.0,1.8963235926233524,0.9606016822598592,1.8492353190998112,1.5222891906206444,2.19615869860355,1.994892880534692,43.88683579055317,64.94514334149713,61.88551481535038,-17.998679024797212,dry_jf,134.93439886021372,2.0,3.0,1,train,True
Uasin Gishu,2013-01-01,2013,1,1,1,Minimal,0.0,1.0,0.9997765773368544,1.618483434852395,1.4947398050410554,2.5481767366549923,2.329176422004276,63.07470737080709,78.41412031359381,74.1578729262212,-11.083165555414112,dry_jf,466.5756532543863,1.0,3.0,1,train,False
Vihiga,2013-01-01,2013,1,1,1,Minimal,0.0,1.0,0.9994221612948908,1.9123200765836592,1.939574202069755,2.827799321755382,2.739590306855671,75.3078737062753,49.828632107805234,67.0062167463054,8.301656959969904,dry_jf,638.2354464495623,1.0,3.0,1,train,False
Wajir,2013-01-01,2013,1,2,2,Stressed,0.0,2.0,0.9996848650533768,-0.4357095072436018,-0.2228547716454284,-0.2542049742566168,0.3706607352338593,19.327012679091837,30.65116575682832,50.20280975722378,-30.875797078131946,dry_jf,220.92597534518788,2.0,3.0,1,train,True
West Pokot,2013-01-01,2013,1,2,2,Stressed,0.0,1.9159246822576947,0.9926179873073148,1.336128452670836,1.5960159020152611,2.520665938900547,2.453063389869261,63.29215792908252,93.37329767587016,71.94366704598339,-8.651509116900868,dry_jf,366.78840132412165,2.0,3.0,1,train,False
Baringo,2013-04-01,2013,4,2,2,Stressed,0.0,1.897477892711657,0.9998910957604972,0.9500969758727748,0.5627005725539016,1.089452363454126,0.7215133819685828,52.94738256255566,39.03016089475173,66.94198698121706,-13.994604418661396,long_rains,407.6410955536569,2.0,3.0,1,train,True
Bomet,2013-04-01,2013,4,1,1,Minimal,0.0,1.0000570618995908,0.9997382065021052,0.9101155870868238,0.1196118658221578,0.8747030688067761,0.5668489732703643,67.21055953317074,85.82659188960237,77.59386622599672,-10.383306692825983,long_rains,705.0356352221398,1.0,3.0,1,train,False
Bungoma,2013-04-01,2013,4,1,1,Minimal,0.0,1.0,0.9968273735961642,1.230281770579056,0.5519268358190677,1.8056411424063752,1.577063102101507,68.43748371392097,61.5477953365013,94.08719191673316,-25.649708202812192,long_rains,684.143518918554,1.0,3.0,1,train,False
Busia,2013-04-01,2013,4,1,1,Minimal,0.0,1.0,0.9128634605516268,0.9554916776907806,0.2942226489126612,1.775198481148843,1.650945900620401,79.62780628463062,66.58090861315534,84.8446456613623,-5.216839376731684,long_rains,504.89251568895395,1.0,3.0,1,train,False
Elgeyo-Marakwet,2013-04-01,2013,4,1,1,Minimal,0.0,1.0013362368052523,0.9998638419885122,0.8628045272650803,0.4929351620150767,1.1881851296321837,0.7792337111956377,53.44947388009915,53.88999273941192,85.94604936971572,-32.496575489616575,long_rains,424.00498148048365,1.0,3.0,1,train,False
Embu,2013-04-01,2013,4,1,1,Minimal,0.0,1.0113976217458436,0.9998694903395686,0.7372228217340784,0.3385408981820734,0.5347521174175451,0.2643182821417906,44.477057204212,23.344021296112764,75.89263361512397,-31.415576410911967,long_rains,401.4457023614595,1.0,3.0,1,train,False
Garissa,2013-04-01,2013,4,2,2,Stressed,0.0,2.0,0.999511246179476,1.583899229549259,1.4226987641033424,0.4561213371157784,0.082545414476473,54.13128273742894,22.3197463897512,41.66121905622402,12.47006368120492,long_rains,210.6771075185111,2.0,3.0,1,train,False
Homa Bay,2013-04-01,2013,4,1,1,Minimal,0.0,1.0,0.66830422924983,0.666736009456618,0.0742122412707042,1.1159995059098788,1.1024271688811305,75.17925359726314,74.11892270333783,73.67802268273738,1.5012309145257632,long_rains,658.3122810444571,1.0,3.0,1,train,False
Isiolo,2013-04-01,2013,4,2,2,Stressed,0.0,1.9997465136250936,0.9999828133487338,1.6298974005685776,1.3774042872542716,0.4830110421807586,-0.1623119693104643,44.38155293288207,12.778505858346737,28.0070337244536,16.374519208428474,long_rains,121.15801476654195,2.0,3.0,1,train,False
Kajiado,2013-04-01,2013,4,2,2,Stressed,0.0,1.8295659211065247,0.9867003715847946,1.1105684930700863,0.3816478176831098,0.6762110789819431,0.4846456387555873,45.64238299356287,30.02792964987777,51.596097054892994,-5.953714061330125,long_rains,244.0590119973267,2.0,3.0,1,train,False
Kakamega,2013-04-01,2013,4,1,1,Minimal,0.0,1.0,0.9996644082966224,1.235358938245597,0.5774891957300694,2.0342395141914347,1.6967990119495076,69.27886785784827,51.55511424437325,80.80378203476951,-11.524914176921243,long_rains,521.962946970816,1.0,3.0,1,train,False
Kericho,2013-04-01,2013,4,1,1,Minimal,0.0,1.0,0.9997003606571924,1.3618147669674034,0.6062558147729606,1.4195861625874993,0.7493108439089853,52.85959492715309,68.13933238440079,86.24365158995217,-33.384056662799075,long_rains,577.6437811642602,1.0,3.0,1,train,False
Kiambu,2013-04-01,2013,4,1,1,Minimal,0.0,1.001127542613087,0.999698893136979,1.301824573675871,0.5299196220146895,1.241562042811736,0.8575796040288549,43.18444952819578,58.805989898206334,83.03733603871851,-39.85288651052273,long_rains,365.1581675938478,1.0,3.0,1,train,False
Kilifi,2013-04-01,2013,4,2,2,Stressed,0.0,1.9543449143389475,0.9941537101806583,1.690379437785252,1.1525572002379387,0.9961677435110926,0.6624857178943384,60.90598827947968,40.683248014443286,32.320945535861576,28.585042743618104,long_rains,485.9236308469297,2.0,3.0,1,train,False
Kirinyaga,2013-04-01,2013,4,1,1,Minimal,0.0,1.000036250746341,0.9997566177338534,0.5889488328855584,0.144300567342991,0.3747210847191827,0.2090432409645183,50.28807574358233,58.0726826345746,100.0,-49.71192425641767,long_rains,523.427425427593,1.0,3.0,1,train,False
Kisii,2013-04-01,2013,4,1,1,Minimal,0.0,1.0,0.9995810852329328,0.7762624231581339,0.0438377239405256,1.1241597611698038,1.0497771041632864,68.87736018631531,49.813854531476494,91.19706039526086,-22.319700208945548,long_rains,771.8724273402603,1.0,3.0,1,train,False
Kisumu,2013-04-01,2013,4,1,1,Minimal,0.0,1.0,0.7825715876310351,1.2653492107858069,0.4740432599410172,1.4857881235018808,1.0851839667469771,84.80745140996765,82.97921749448147,100.0,-15.192548590032345,long_rains,650.4965825795291,1.0,3.0,1,train,False
Kitui,2013-04-01,2013,4,2,2,Stressed,0.0,1.9425962376243808,0.9999491485094084,1.0327323106773438,0.6371082004156541,0.1249463778774409,-0.0407650275698089,36.619872608046464,14.342638403887577,54.50322241676364,-17.883349808717178,long_rains,350.0498777837523,3.0,3.0,1,train,False
Kwale,2013-04-01,2013,4,2,2,Stressed,0.0,1.9999325446876088,0.991234853269192,1.4229922436246651,0.6981731912736624,0.3275902671891696,0.1056258465413184,22.527319442096218,7.8280916245642205,16.91484891819508,5.612470523901138,long_rains,461.4118591660762,2.0,3.0,1,train,False
Laikipia,2013-04-01,2013,4,2,2,Stressed,0.0,1.6552218836201664,0.9999716984817336,0.7989628781665578,0.3474394563119378,0.199755746813032,-0.3318220382873044,36.270468555524346,25.641027261170525,48.96569428244049,-12.695225726916142,long_rains,378.6133408439104,2.0,3.0,1,train,False
Lamu,2013-04-01,2013,4,2,2,Stressed,0.0,2.0,0.9772658860263104,1.6811039035124355,1.492418267782353,0.9726573452631484,0.7002051515378441,42.683323926078856,32.52327938919357,42.51741880968956,0.16590511638929684,long_rains,394.8891092289726,2.0,3.0,1,train,False
Machakos,2013-04-01,2013,4,2,2,Stressed,0.0,1.7753494833939305,0.99987777916022,1.0628191337483706,0.4091850655707404,0.3370047100615777,0.1032875817525687,44.4454657397688,23.75202565479224,50.510986619828486,-6.065520880059687,long_rains,347.0698296320569,2.0,3.0,1,train,False
Makueni,2013-04-01,2013,4,2,2,Stressed,0.0,1.7051250479710196,0.999853344742968,0.8549131907474482,0.2023397923472838,-0.1389449814901949,-0.2742519330634869,24.514533369390985,25.59952331036317,56.9337074105241,-32.41917404113312,long_rains,210.84898907247097,3.0,3.0,1,train,False
Mandera,2013-04-01,2013,4,2,2,Stressed,0.0,2.0,0.9935104441286544,2.108764518647847,2.0878739801583013,1.1055365095205278,0.0956828673882943,64.20831899550718,14.400261646746662,18.548135964136016,45.66018303137117,long_rains,147.72597818452132,2.0,3.0,1,train,False
Marsabit,2013-04-01,2013,4,2,2,Stressed,0.0,2.0,0.9301329759074554,1.7796100538796933,1.3292530941033962,1.183029712353738,0.4584964698504786,34.95803919293192,13.144426013442835,26.743648501067124,8.214390691864796,long_rains,183.11284628508548,2.0,3.0,1,train,True
Meru,2013-04-01,2013,4,1,1,Minimal,0.0,1.007803543687792,0.9998218595446394,0.914627080828875,0.4655431283929344,0.4709214500712657,0.1014347663137963,38.05856599598466,37.58917204181366,71.86627812805133,-33.807712132066676,long_rains,469.95952152110806,1.0,3.0,1,train,False
Migori,2013-04-01,2013,4,1,1,Minimal,0.0,1.0,0.8116729345870678,0.5178287063368886,-0.0790429042138251,0.7455887320842365,0.6876391786075343,61.83884710980783,38.576076510755065,63.972015252624814,-2.1331681428169844,long_rains,460.4970135975702,1.0,3.0,1,train,False
Mombasa,2013-04-01,2013,4,1,1,Minimal,0.0,1.0071945914100102,0.945651646601156,2.6954311936386937,2.077853536488959,0.947723484575442,-0.0576085717806492,89.67397665851898,13.869894373315756,8.128020663034432,81.54595599548455,long_rains,339.4545465241538,1.0,3.0,1,train,False
Murang'a,2013-04-01,2013,4,1,1,Minimal,0.0,1.0013259757425912,0.9998268684991276,1.200414927923383,0.6530635289082022,1.028562862356874,0.694016500007695,50.62089844733954,52.69508053851018,81.61531393626795,-30.99441548892841,long_rains,600.9606534616394,1.0,3.0,1,train,False
Nairobi,2013-04-01,2013,4,1,1,Minimal,0.0,1.004656105633054,0.9993498446852994,1.2254955688908606,0.3996371690053333,1.16101510865189,0.946066125520484,60.1199115385083,41.27633742635601,65.49154231232534,-5.371630773817039,long_rains,349.07589029272395,1.0,3.0,1,train,False
Nakuru,2013-04-01,2013,4,1,1,Minimal,0.0,1.0006763363886138,0.9758049541717768,0.9359431490585663,0.3123914898249508,0.5915938022607228,0.2691567872419232,36.61430664725503,52.40634284770236,67.93558601012539,-31.321279362870364,long_rains,337.82261196850334,1.0,3.0,1,train,False
Nandi,2013-04-01,2013,4,1,1,Minimal,0.0,1.0,0.999662759703597,1.452352542326145,0.8894321298100074,1.9493778606360064,1.3550727071511697,59.09367474414128,72.66649053780188,88.03618403263695,-28.94250928849567,long_rains,636.3375639959971,1.0,3.0,1,train,False
Narok,2013-04-01,2013,4,2,2,Stressed,0.0,1.5340709318372925,0.9926699026877254,1.2893611022789,0.2852206049449695,1.0885726673695388,0.8162452044889493,45.332815776814336,52.10956379530447,72.71967212832298,-27.386856351508648,long_rains,449.4351533314782,2.0,3.0,1,train,False
Nyamira,2013-04-01,2013,4,1,1,Minimal,0.0,1.0,0.9997642108519644,0.9211618699527632,0.1748362484373535,1.2141938339201492,1.0470586221968912,68.84155267641005,62.68396142482175,79.95962713988882,-11.118074463478777,long_rains,707.0676224501927,1.0,3.0,1,train,False
Nyandarua,2013-04-01,2013,4,1,1,Minimal,0.0,1.0012708819238296,0.9998779737689952,0.7629598097020587,0.3391511715978646,0.4607135080216348,0.101768971490129,11.44364658568211,57.146611126151456,77.71317549419474,-66.26952890851263,long_rains,478.59632261521887,1.0,3.0,1,train,False
Nyeri,2013-04-01,2013,4,1,1,Minimal,0.0,1.3902200484797764,0.9998586120217208,0.6596036159363154,0.2037184749416765,0.3346952741441084,0.1630445851467128,12.444741421203576,43.34334135909321,60.92103286183466,-48.47629144063109,long_rains,596.5685209899478,1.0,3.0,1,train,False
Samburu,2013-04-01,2013,4,2,2,Stressed,0.0,2.0,0.9999416421795938,1.5542886167401395,1.1770223771595372,1.1528993278310915,0.1921832304050914,33.748117965869554,24.80737011031638,49.43475312519086,-15.686635159321305,long_rains,233.37064745956647,2.0,3.0,1,train,True
Siaya,2013-04-01,2013,4,1,1,Minimal,0.0,1.0,0.7119007907118109,0.696284915023423,0.1601215565763024,1.432445411406856,1.4072561949470674,60.70852001304001,66.49490705412758,76.00105953754436,-15.292539524504356,long_rains,703.9110029852106,1.0,3.0,1,train,False
Taita Taveta,2013-04-01,2013,4,2,2,Stressed,0.0,2.0,0.996630559288052,0.6500220271760803,0.1874347532304436,0.2118370884317169,0.2812048701010289,23.50014056734195,10.80309092748146,34.80552607245237,-11.305385505110422,long_rains,337.281834884778,2.0,3.0,1,train,False
Tana River,2013-04-01,2013,4,2,2,Stressed,0.0,1.9999999994593225,0.9998706188134212,1.2555489989512332,1.031091722687666,0.591291126127882,0.3110258779177922,52.21459851461825,22.37645389429263,45.1027786770675,7.111819837550755,long_rains,208.9215702880231,2.0,3.0,1,train,False
Tharaka-Nithi,2013-04-01,2013,4,1,1,Minimal,0.0,1.328893947269865,0.9998921012329892,0.850217246725012,0.4504277100195078,0.4178157444213839,0.060344029442487,42.770460143679664,26.451467809699828,60.95389041829689,-18.18343027461723,long_rains,386.5660928989662,1.0,3.0,1,train,False
Trans Nzoia,2013-04-01,2013,4,1,1,Minimal,0.0,1.000079835388598,0.9976864050043228,1.1462953991528906,0.8563498934337704,1.853072756834034,1.5262379011069132,45.89459600916398,49.72930546579698,84.643599894639,-38.74900388547501,long_rains,575.422482832226,1.0,3.0,1,train,False
Turkana,2013-04-01,2013,4,2,2,Stressed,0.0,2.0,0.960595160672016,0.55072368556704,0.3392891302436074,1.2622585319796893,1.2687423338029238,28.013805099756564,23.87674354795061,59.54227506163885,-31.528469961882283,long_rains,134.93439886021372,2.0,3.0,1,train,True
Uasin Gishu,2013-04-01,2013,4,1,1,Minimal,0.0,1.0,0.9997765773368544,1.243396671379387,0.8610149785022347,1.5850643186775042,1.1295299711456468,44.258368140617776,55.231236915467065,76.24720753687856,-31.988839396260786,long_rains,466.5756532543863,1.0,3.0,1,train,False
Vihiga,2013-04-01,2013,4,1,1,Minimal,0.0,1.0,0.9994221612948908,1.2023686380806984,0.5548290002013063,1.7797007761885202,1.4540572225712998,73.13002750340091,53.25783699183574,78.21143989194746,-5.081412388546553,long_rains,638.2354464495623,1.0,3.0,1,train,False
Wajir,2013-04-01,2013,4,2,2,Stressed,0.0,2.0,0.999679542768114,2.160560866979015,2.0840969848499924,0.3918810826605391,-0.6366298157486321,67.6064735991721,9.48695456447158,9.310837275690938,58.29563632348117,long_rains,220.92597534518788,2.0,3.0,1,train,True
West Pokot,2013-04-01,2013,4,2,2,Stressed,0.0,1.9159246822576947,0.9926179873073148,0.6959588250479889,0.453477919116236,1.4910272836884169,1.0445665894794185,60.650194912497305,36.96828657547008,68.79910603444634,-8.148911121949034,long_rains,366.78840132412165,2.0,3.0,1,train,False
Baringo,2013-07-01,2013,7,2,2,Stressed,0.0,1.897477892711657,0.9998910957604972,0.7401760545700126,1.6078647728482836,1.409984793204267,1.430962812774533,64.99965785560903,83.35075439340005,94.82961468714184,-29.82995683153281,dry_jjas,407.6410955536569,2.0,3.0,1,train,True
Bomet,2013-07-01,2013,7,1,1,Minimal,0.0,1.0000570618995908,0.9997382065021052,0.1553858291524104,1.3162144735929109,0.725904351144548,1.627116349669628,52.76297323297205,83.42467442490391,86.13687703426238,-33.37390380129033,dry_jjas,705.0356352221398,1.0,3.0,1,train,False
Bungoma,2013-07-01,2013,7,1,1,Minimal,0.0,1.0,0.9968273735961644,-0.4423761851876092,0.6858000359932269,0.7804977740899793,1.1951053424817206,65.55833391620583,43.64592069717148,68.46663576157246,-2.908301845366637,dry_jjas,684.143518918554,1.0,3.0,1,train,False
Busia,2013-07-01,2013,7,1,1,Minimal,0.0,1.0,0.9128634605516264,-0.5366220636440181,-0.0069422928757562,0.1692068389454831,0.9471591830933,5.104896794376943,51.60165407380892,65.72653486441966,-60.62163807004272,dry_jjas,504.89251568895395,1.0,3.0,1,train,False
Elgeyo-Marakwet,2013-07-01,2013,7,1,1,Minimal,0.0,1.0013684998495582,0.9998673976024002,0.7142331419472487,1.4209730226194597,1.2497290824464549,1.2573535596557035,89.75554217451175,91.87993987126455,95.34997626640704,-5.594434091895295,dry_jjas,424.00498148048365,1.0,3.0,1,train,False
Embu,2013-07-01,2013,7,2,2,Stressed,0.0,1.744469927569261,0.9998189289233734,-0.1902392597241906,0.1055662005569987,0.1835009863302998,0.9847523375060536,33.132340657433204,65.15058703532752,88.52856269422658,-55.396222036793375,dry_jjas,401.4457023614595,1.0,3.0,1,train,False
Garissa,2013-07-01,2013,7,2,2,Stressed,0.0,2.0,0.999511246179476,-1.123295886920264,-0.0869471665158777,0.7071408201567307,1.0329860441714038,47.3578853719081,42.6864395725667,70.95476969089488,-23.59688431898678,dry_jjas,210.6771075185111,2.0,3.0,1,train,False
Homa Bay,2013-07-01,2013,7,1,1,Minimal,0.0,1.0,0.66830422924983,-0.0373458050185665,1.341481714897159,0.7609015299807449,1.372882119965834,13.179521052606905,35.26922257265866,49.506188223580494,-36.32666717097359,dry_jjas,658.3122810444571,1.0,3.0,1,train,False
Isiolo,2013-07-01,2013,7,2,2,Stressed,0.0,1.9999284063821656,0.9999828087914956,-0.0080600237107914,0.5369799452948597,0.9750256148093636,1.1090579452278235,29.213475205592715,36.45571886723119,55.08432671965712,-25.870851514064405,dry_jjas,121.15801476654195,2.0,3.0,1,train,False
Kajiado,2013-07-01,2013,7,2,2,Stressed,0.0,1.82960236656365,0.9867003715847948,-0.3547760396441057,0.8877864281999968,0.7593961625220204,1.4414138529283198,38.14791171625026,73.10298397505008,89.56070656745085,-51.41279485120059,dry_jjas,244.0590119973267,2.0,3.0,1,train,False
Kakamega,2013-07-01,2013,7,1,1,Minimal,0.0,1.0,0.9996644082966224,-0.3401588417437282,0.4705352617678078,0.6823017633227113,1.29942647963749,48.35840921776815,22.363980272576747,69.61173031048091,-21.25332109271276,dry_jjas,521.962946970816,1.0,3.0,1,train,False
Kericho,2013-07-01,2013,7,1,1,Minimal,0.0,1.0,0.9997003606571906,0.7246102491105524,1.443921279506168,1.2118972226233995,1.6413464397596766,82.1258579643202,72.67066830405791,90.9922682366325,-8.866410272312294,dry_jjas,577.6437811642602,1.0,3.0,1,train,False
Kiambu,2013-07-01,2013,7,1,1,Minimal,0.0,1.001127542613087,0.9996988931369788,0.2485303310045258,1.0859957547178023,1.006264841400047,2.1362618498436965,12.24306627094115,85.39559563878986,48.351468850615575,-36.108402579674426,dry_jjas,365.1581675938478,1.0,3.0,1,train,False
Kilifi,2013-07-01,2013,7,2,2,Stressed,0.0,1.9997025253474088,0.9941397039213838,-0.9358396546932114,-0.498111915244547,0.1176708706931673,0.5307616401680706,37.30979605070081,64.61402679697574,42.66790960390187,-5.358113553201058,dry_jjas,485.9236308469297,2.0,3.0,1,train,False
Kirinyaga,2013-07-01,2013,7,1,1,Minimal,0.0,1.0053712521478133,0.9997852158056514,0.273414967441416,0.1725946875691313,0.1401234256260778,1.027932048801764,29.26171761805032,77.69805294300824,61.7237768847564,-32.46205926670608,dry_jjas,523.427425427593,1.0,3.0,1,train,False
Kisii,2013-07-01,2013,7,1,1,Minimal,0.0,1.0,0.9995810852329328,-0.4428190055073007,1.120047254627503,0.6465290984516254,1.7090369221281592,50.8644352102472,31.87715821654125,49.84226621167727,1.0221689985699314,dry_jjas,771.8724273402603,1.0,3.0,1,train,False
Kisumu,2013-07-01,2013,7,1,1,Minimal,0.0,1.0,0.7825715876310351,-0.1567182887205079,0.7644081493511535,0.7407761870165447,1.442379288722922,0.0,12.674184073920518,89.17239958523547,-89.17239958523547,dry_jjas,650.4965825795291,1.0,3.0,1,train,False
Kitui,2013-07-01,2013,7,2,2,Stressed,0.0,2.0,0.999944695629578,-0.91817959905315,-0.0700363159432782,0.3218941034232784,0.7263201917648082,26.96355552782881,50.06127760981745,82.15572773113023,-55.19217220330142,dry_jjas,350.0498777837523,2.0,3.0,1,train,False
Kwale,2013-07-01,2013,7,2,2,Stressed,0.0,1.9999325446876088,0.991234853269192,-0.4267153592769083,-0.2985589709252488,0.060751842678888,0.3646862387943072,41.74903438276338,60.80809806907785,28.93423503181842,12.814799350944956,dry_jjas,461.4118591660762,2.0,3.0,1,train,False
Laikipia,2013-07-01,2013,7,2,2,Stressed,0.0,1.6552218836201664,0.9999716984817336,0.5510757321265947,1.1258376984025242,0.9088265797197596,1.3150093417434647,70.93168091967759,88.0625679850502,100.0,-29.06831908032241,dry_jjas,378.6133408439104,2.0,3.0,1,train,False
Lamu,2013-07-01,2013,7,2,2,Stressed,0.0,2.0,0.9772658860263104,-1.3171253655717048,-0.251700355981803,0.0890464445730488,0.4520661449288834,81.90732889650661,68.70449373271309,54.46952173037929,27.43780716612732,dry_jjas,394.8891092289726,2.0,3.0,1,train,False
Machakos,2013-07-01,2013,7,2,2,Stressed,0.0,1.9983472356641856,0.9998347066074572,-0.1635019389192189,0.4474368515367891,0.4896498888774188,1.188008380002218,35.263591041473816,75.01729357376418,85.43099183116958,-50.16740078969576,dry_jjas,347.0698296320569,2.0,3.0,1,train,False
Makueni,2013-07-01,2013,7,2,2,Stressed,0.0,2.0,0.9998081115992576,-0.6878121313183738,0.3172049193767903,0.2495295566240774,0.7923198323303453,33.75727266735373,62.387326738353934,86.18070734785361,-52.42343468049988,dry_jjas,210.84898907247097,2.0,3.0,1,train,False
Mandera,2013-07-01,2013,7,2,2,Stressed,0.0,2.0,0.9935104441286544,-0.3102068418766642,1.1481999302266432,1.850813954888908,1.9590002151425407,72.77225184513681,67.25124793896592,100.0,-27.227748154863193,dry_jjas,147.72597818452132,2.0,3.0,1,train,False
Marsabit,2013-07-01,2013,7,2,2,Stressed,0.0,2.0,0.9301329759074554,-0.5451608090496853,1.1124474181523023,1.387094897340904,1.605302076422772,40.70023664647394,50.363371071989526,66.61114310484604,-25.910906458372096,dry_jjas,183.11284628508548,2.0,3.0,1,train,True
Meru,2013-07-01,2013,7,2,2,Stressed,0.0,1.5783811497185294,0.9998226856692622,-0.0424846567865226,0.3416601933615927,0.4379271496479893,1.0582525131245486,54.33646206447696,57.98651382594704,98.47299940804209,-44.136537343565124,dry_jjas,469.95952152110806,1.0,3.0,1,train,False
Migori,2013-07-01,2013,7,1,1,Minimal,0.0,1.0,0.8116729345870676,-0.3942485314183389,1.0755920123675375,0.4756925406614578,1.135329100334218,20.141798389161394,14.09713303155994,50.58944452648681,-30.447646137325414,dry_jjas,460.4970135975702,1.0,3.0,1,train,False
Mombasa,2013-07-01,2013,7,1,1,Minimal,0.0,1.0072010314560271,0.945651646601156,-0.7315875423719391,-0.1062577469485241,0.5917220222726519,0.7624665365062957,44.53256933533863,58.86536680147308,80.25062629980481,-35.71805696446618,dry_jjas,339.4545465241538,1.0,3.0,1,train,False
Murang'a,2013-07-01,2013,7,1,1,Minimal,0.0,1.0013259757425912,0.9998268684991276,0.0807885310243039,1.1055302326678458,1.0855948446777894,2.077040710857289,38.3163727680539,71.40895224551544,55.278694474503055,-16.962321706449153,dry_jjas,600.9606534616394,1.0,3.0,1,train,False
Nairobi,2013-07-01,2013,7,1,1,Minimal,0.0,1.0311827358160603,0.9994581999066736,0.3467074928638185,0.7565513813451158,0.6831503517594067,1.761659170827606,7.389885402839198,81.7451464447898,81.70410299028885,-74.31421758744965,dry_jjas,349.07589029272395,1.0,3.0,1,train,False
Nakuru,2013-07-01,2013,7,1,1,Minimal,0.0,1.0006763363886138,0.9758049541717768,0.6722620963306284,1.4908288522753563,1.1457738774177868,1.7452007938216334,69.24651106873908,84.85602398075598,76.75493731875284,-7.5084262500137555,dry_jjas,337.82261196850334,1.0,3.0,1,train,False
Nandi,2013-07-01,2013,7,1,1,Minimal,0.0,1.0,0.999662759703596,-0.0075251906309888,1.0135300237310196,1.2209909266899683,1.4778123231974991,82.10363209656168,65.79572944639212,90.19759851624016,-8.09396641967848,dry_jjas,636.3375639959971,1.0,3.0,1,train,False
Narok,2013-07-01,2013,7,2,2,Stressed,0.0,1.534070931837292,0.9926699026877256,0.1530901530840572,1.9277396072501636,1.3774943524936705,2.3591427658570785,34.56574030153808,83.71937442503956,74.10924290773312,-39.54350260619504,dry_jjas,449.4351533314782,2.0,3.0,1,train,False
Nyamira,2013-07-01,2013,7,1,1,Minimal,0.0,1.0,0.9997642108519644,-0.2892041480477292,1.1094840055315134,0.6932789209629717,1.800203635534068,34.595010836557265,77.85824743452878,73.93528592505106,-39.3402750884938,dry_jjas,707.0676224501927,1.0,3.0,1,train,False
Nyandarua,2013-07-01,2013,7,1,1,Minimal,0.0,1.0012708819238296,0.999877973768995,0.8390143954915064,1.4119010413798687,1.124624971738364,1.643461345066654,82.84463533802877,84.97199888918199,77.14681154556718,5.697823792461591,dry_jjas,478.59632261521887,1.0,3.0,1,train,False
Nyeri,2013-07-01,2013,7,1,1,Minimal,0.0,1.3902200484797762,0.9998586120217212,0.3904203735417482,0.5992187389873121,0.4978179869316483,1.3211862228688118,59.419244429375176,70.7604362777904,75.98945189076608,-16.5702074613909,dry_jjas,596.5685209899478,1.0,3.0,1,train,False
Samburu,2013-07-01,2013,7,2,2,Stressed,0.0,2.0,0.9999416421795938,0.6643403963909802,1.0730794112225306,1.2842939441991088,1.478181138874401,41.78077538758664,60.879405762541936,98.45988223021604,-56.6791068426294,dry_jjas,233.37064745956647,2.0,3.0,1,train,True
Siaya,2013-07-01,2013,7,1,1,Minimal,0.0,1.0,0.7119007907118109,-0.160790102550411,0.6461254198555327,0.476996942728576,1.1526590521251645,0.0,45.61282337520892,56.43028980776834,-56.43028980776834,dry_jjas,703.9110029852106,1.0,3.0,1,train,False
Taita Taveta,2013-07-01,2013,7,2,2,Stressed,0.0,2.0,0.996630559288052,-0.8992803682208971,0.2998740138240007,0.2210375876277699,0.6458591458382592,21.732663092513423,40.050305607200734,45.968536618807335,-24.23587352629391,dry_jjas,337.281834884778,2.0,3.0,1,train,False
Tana River,2013-07-01,2013,7,2,2,Stressed,0.0,2.0,0.9998706188134208,-1.058758887754305,-0.4210377852568254,0.534386324112867,0.7888378711871008,38.48777875725956,43.2897880122253,68.39269785543154,-29.904919098171973,dry_jjas,208.9215702880231,2.0,3.0,1,train,False
Tharaka-Nithi,2013-07-01,2013,7,2,2,Stressed,0.0,1.576766363133104,0.9998879028706624,-0.2734405254893035,-0.0832345124023218,0.0941744599334955,0.8445685298278789,28.42883403980055,54.73376308336292,79.23992709827338,-50.811093058472835,dry_jjas,386.5660928989662,1.0,3.0,1,train,False
Trans Nzoia,2013-07-01,2013,7,1,1,Minimal,0.0,1.000168616014676,0.9977121984288632,0.3003100990588203,1.6471952007611512,1.6138160932892731,1.503680378576977,70.9845506654102,64.93481100620315,78.13352603430421,-7.148975368894014,dry_jjas,575.422482832226,1.0,3.0,1,train,False
Turkana,2013-07-01,2013,7,2,2,Stressed,0.0,2.0,0.960595160672016,-0.2688002647982885,1.2167875118255465,1.0029065339087833,1.4852159534118456,41.29021034582821,73.09724482400398,82.4532292980216,-41.16301895219339,dry_jjas,134.93439886021372,2.0,3.0,1,train,True
Uasin Gishu,2013-07-01,2013,7,1,1,Minimal,0.0,1.0,0.9997765773368542,0.6860367450303054,1.4634457805932215,1.4640104471143291,1.5635754062548328,78.22763267998121,69.51120540520637,86.8619383345991,-8.63430565461789,dry_jjas,466.5756532543863,1.0,3.0,1,train,False
Vihiga,2013-07-01,2013,7,1,1,Minimal,0.0,1.0,0.9994221612948906,-0.3690294780557522,0.0447274968274565,0.390654851992467,1.0892703543437283,79.53477843408928,49.793809839701694,83.39578225281531,-3.861003818726033,dry_jjas,638.2354464495623,1.0,3.0,1,train,False
Wajir,2013-07-01,2013,7,2,2,Stressed,0.0,2.0,0.999679542768114,-0.0509503758114543,0.7608197579964068,1.2968234692480238,1.4747561392949575,53.882378762642766,63.58042995560907,98.78314210096056,-44.900763338317795,dry_jjas,220.92597534518788,2.0,3.0,1,train,True
West Pokot,2013-07-01,2013,7,2,2,Stressed,0.0,1.999722180420104,0.9926181096342616,-0.1681263127302025,1.4666444038537685,1.2626725475696094,1.487769290106955,75.96417964997387,85.75137474176408,100.0,-24.03582035002613,dry_jjas,366.78840132412165,2.0,3.0,1,train,False
Baringo,2013-10-01,2013,10,2,2,Stressed,0.0,1.897477892711657,0.9998910957604972,1.2975239059896555,1.379058209784903,1.933230936741793,1.3634726567096482,83.72214556960806,96.05209250987232,74.84303492243545,8.87911064717261,short_rains,407.6410955536569,2.0,3.0,1,train,True
Bomet,2013-10-01,2013,10,1,1,Minimal,0.0,1.0000570618995908,0.9997382065021052,1.121420941583585,0.4221306367668824,1.295396193047094,-1.1318617748155366,62.28253528571922,42.59606952104635,39.06806182250133,23.214473463217892,short_rains,705.0356352221398,1.0,3.0,1,train,False
Bungoma,2013-10-01,2013,10,1,1,Minimal,0.0,1.0,0.9968273735961644,1.6836536828030635,1.219606175188913,1.3204114125696096,-0.511657198932043,53.82957412227218,64.70805682965663,23.03365937859634,30.795914743675837,short_rains,684.143518918554,1.0,3.0,1,train,False
Busia,2013-10-01,2013,10,1,1,Minimal,0.0,1.0,0.9128634605516264,1.8540558346997456,0.9539909560673242,0.6543903237574851,-1.13065211148531,58.7846360688449,54.47916667005372,0.0,58.7846360688449,short_rains,504.89251568895395,1.0,3.0,1,train,False
Elgeyo-Marakwet,2013-10-01,2013,10,1,1,Minimal,0.0,1.0013684998495582,0.9998673976024002,1.551447356900327,1.6194351996887817,1.9408491414728517,1.0056869002647555,83.46837224515278,77.58277522165531,25.58654503011007,57.881827215042705,short_rains,424.00498148048365,1.0,3.0,1,train,False
Embu,2013-10-01,2013,10,2,2,Stressed,0.0,1.744469927569261,0.9998189289233734,0.654302033552614,0.1231256619102893,0.1028028192390293,-1.665686968168958,50.14183532370615,43.78814051508346,2.332912565331701,47.80892275837444,short_rains,401.4457023614595,2.0,3.0,1,train,False
Garissa,2013-10-01,2013,10,2,2,Stressed,0.0,2.0,0.999511246179476,0.6447423023141516,-0.2744355717891538,-0.1473301398291503,-0.5881229662749713,27.15422378324979,46.27174818660152,24.00118724746585,3.15303653578394,short_rains,210.6771075185111,2.0,3.0,1,train,False
Homa Bay,2013-10-01,2013,10,1,1,Minimal,0.0,1.0,0.66830422924983,1.0898795347566412,0.963432664538702,1.7612815876204972,-0.2993441593376415,59.217769890466975,30.329463874871177,12.337870061117718,46.879899829349256,short_rains,658.3122810444571,1.0,3.0,1,train,False
Isiolo,2013-10-01,2013,10,2,2,Stressed,0.0,1.9999284063821656,0.9999828087914956,4.753424308817087,2.5801720225371945,0.5670098769344452,-1.3788156782797487,36.63863438001098,33.58391370991107,33.94945940113972,2.6891749788712573,short_rains,121.15801476654195,2.0,3.0,1,train,False
Kajiado,2013-10-01,2013,10,2,2,Stressed,0.0,1.82960236656365,0.9867003715847948,2.2911886610977805,1.2777139550771517,0.9155825646933946,-1.3404923003475506,54.88515457589924,59.33560584550496,34.05496153562487,20.830193040274374,short_rains,244.0590119973267,2.0,3.0,1,train,False
Kakamega,2013-10-01,2013,10,1,1,Minimal,0.0,1.0,0.9996644082966224,1.6325948685630078,1.1390432221386704,1.2127331056937258,-0.9259949078087538,76.69938307090626,52.5494058146844,0.0,76.69938307090626,short_rains,521.962946970816,1.0,3.0,1,train,False
Kericho,2013-10-01,2013,10,1,1,Minimal,0.0,1.0,0.9997003606571906,1.6862347976459862,1.1826223257775637,1.789874446435343,0.0866447858868761,96.96697389861583,48.65124966406129,54.44845093884123,42.5185229597746,short_rains,577.6437811642602,1.0,3.0,1,train,False
Kiambu,2013-10-01,2013,10,1,1,Minimal,0.0,1.001127542613087,0.9996988931369788,1.414350736438808,1.3743249647228244,1.2074132801530977,-1.3038838405811797,81.32305650679487,55.22858558770565,40.160919848530966,41.162136658263904,short_rains,365.1581675938478,1.0,3.0,1,train,False
Kilifi,2013-10-01,2013,10,2,2,Stressed,0.0,1.9997025253474088,0.9941397039213838,0.9309353219435283,-0.0204516199016608,-0.4199169205219243,-0.3273799791759461,48.94234058511904,28.72691142910491,19.6754978505864,29.26684273453264,short_rains,485.9236308469297,2.0,3.0,1,train,False
Kirinyaga,2013-10-01,2013,10,1,1,Minimal,0.0,1.0053712521478133,0.9997852158056514,0.5623385072789351,0.4596251147864428,0.2223585851856067,-1.2751438137657636,50.29524253657133,46.30561160896878,29.65072386624369,20.64451867032764,short_rains,523.427425427593,1.0,3.0,1,train,False
Kisii,2013-10-01,2013,10,1,1,Minimal,0.0,1.0,0.9995810852329328,0.4458889300427606,0.3849802404720029,1.004032289292392,-1.1425461696073629,100.0,57.13421036791316,39.6076356281631,60.3923643718369,short_rains,771.8724273402603,1.0,3.0,1,train,False
Kisumu,2013-10-01,2013,10,1,1,Minimal,0.0,1.0,0.7825715876310351,1.57138340106745,0.9851840361324988,1.4935480264261252,-0.8975530821665599,56.729649176537215,48.40227716823317,0.3243045465098931,56.40534463002732,short_rains,650.4965825795291,1.0,3.0,1,train,False
Kitui,2013-10-01,2013,10,2,2,Stressed,0.0,2.0,0.999944695629578,2.167046819934851,1.168217631784609,0.0057265721277519,-1.2491274343352663,43.0379144753623,52.181094055208064,31.45133235959412,11.58658211576818,short_rains,350.0498777837523,2.0,3.0,1,train,False
Kwale,2013-10-01,2013,10,2,2,Stressed,0.0,1.9999325446876088,0.991234853269192,2.3684604608500344,1.2355556869815485,0.1056774268844497,-0.1457653169450641,52.28431346022522,46.44933297066931,19.295646611569524,32.9886668486557,short_rains,461.4118591660762,2.0,3.0,1,train,False
Laikipia,2013-10-01,2013,10,2,2,Stressed,0.0,1.6552218836201664,0.9999716984817336,0.9023964188411608,1.170880799170025,1.3656642004765045,0.2770167296686418,75.627204229705,76.66293336914866,86.43896261078764,-10.81175838108264,short_rains,378.6133408439104,2.0,3.0,1,train,False
Lamu,2013-10-01,2013,10,2,2,Stressed,0.0,2.0,0.9772658860263104,-0.4612021086589929,-1.3332849024042583,-0.5107147032379141,-0.1567915273262261,49.61332542209662,59.79846004949979,58.92251825062202,-9.309192828525397,short_rains,394.8891092289726,2.0,3.0,1,train,False
Machakos,2013-10-01,2013,10,2,2,Stressed,0.0,1.9983472356641856,0.9998347066074572,3.367168242913817,2.110453181694754,0.5293466533069535,-1.4581490500427143,55.23913445006351,60.5014620139628,17.144845876714214,38.094288573349296,short_rains,347.0698296320569,2.0,3.0,1,train,False
Makueni,2013-10-01,2013,10,2,2,Stressed,0.0,2.0,0.9998081115992576,2.6175457454589317,1.0589526184343268,0.3521150318764204,-0.9743267077528434,49.26801500481943,53.25178792840413,21.56662636880507,27.70138863601436,short_rains,210.84898907247097,2.0,3.0,1,train,False
Mandera,2013-10-01,2013,10,2,2,Stressed,0.0,2.0,0.9935104441286544,4.753424308817087,2.6480982123402352,1.2279684271835003,-0.4852982204019447,44.02837820184194,75.29278885832557,48.88092309526776,-4.852544893425822,short_rains,147.72597818452132,2.0,3.0,1,train,False
Marsabit,2013-10-01,2013,10,2,2,Stressed,0.0,2.0,0.9301329759074554,2.879937075800322,0.8649974224772817,1.1554932621874194,-0.4057234780959857,51.55176631427364,46.285739049977664,49.80246959143905,1.7492967228345933,short_rains,183.11284628508548,2.0,3.0,1,train,True
Meru,2013-10-01,2013,10,2,2,Stressed,0.0,1.5783811497185294,0.9998226856692622,0.5928835184617538,-0.4711280052335203,0.2727419192109177,-1.9832063274673015,50.43532456580303,58.93819492237385,32.85542286319385,17.579901702609178,short_rains,469.95952152110806,2.0,3.0,1,train,False
Migori,2013-10-01,2013,10,1,1,Minimal,0.0,1.0,0.8116729345870676,0.8917649940881279,0.6414497570457348,1.3932321647548749,-0.8604061545739715,73.0900663977549,11.943361821151951,5.460294023224378,67.62977237453052,short_rains,460.4970135975702,1.0,3.0,1,train,False
Mombasa,2013-10-01,2013,10,1,1,Minimal,0.0,1.0072010314560271,0.945651646601156,1.694905850582427,0.69223312378413,0.0802565374977281,0.0503594987798508,63.91280584200168,58.84775890354212,23.19913273484756,40.71367310715412,short_rains,339.4545465241538,1.0,3.0,1,train,False
Murang'a,2013-10-01,2013,10,1,1,Minimal,0.0,1.0013259757425912,0.9998268684991276,1.105803508597019,0.5019369397746664,1.1250832697399644,-1.279022101590678,68.05380724615516,62.58795904040292,21.69785610703168,46.355951139123476,short_rains,600.9606534616394,1.0,3.0,1,train,False
Nairobi,2013-10-01,2013,10,1,1,Minimal,0.0,1.0311827358160603,0.9994581999066736,1.8271653109069048,1.9508323456112264,0.9209571022458762,-1.2774007522101154,75.76607997566794,69.39965906564223,40.71272585837651,35.05335411729143,short_rains,349.07589029272395,1.0,3.0,1,train,False
Nakuru,2013-10-01,2013,10,1,1,Minimal,0.0,1.0006763363886138,0.9758049541717768,0.9804308314406714,1.129289787441348,1.6976602169520487,0.5646682850047867,88.8154108152895,73.90701024119934,73.65558680558826,15.15982400970124,short_rains,337.82261196850334,1.0,3.0,1,train,False
Nandi,2013-10-01,2013,10,1,1,Minimal,0.0,1.0,0.999662759703596,1.7005883198556957,1.2242201337870615,1.6389099224214565,-0.4784998473335093,79.73699027096868,67.1810117972845,51.24945215911704,28.487538111851634,short_rains,636.3375639959971,1.0,3.0,1,train,False
Narok,2013-10-01,2013,10,2,2,Stressed,0.0,1.534070931837292,0.9926699026877256,1.207172821144297,0.8527402049737811,2.055210942709842,-1.033839849339702,58.80539802937743,45.78250971121698,24.032070746802223,34.77332728257521,short_rains,449.4351533314782,2.0,3.0,1,train,False
Nyamira,2013-10-01,2013,10,1,1,Minimal,0.0,1.0,0.9997642108519644,0.5595766626650484,0.1590300562518843,0.8754366943255903,-1.228510678017294,100.0,65.19160973236208,49.79365663689422,50.20634336310578,short_rains,707.0676224501927,1.0,3.0,1,train,False
Nyandarua,2013-10-01,2013,10,1,1,Minimal,0.0,1.0012708819238296,0.999877973768995,0.414617127693069,1.006040224646877,1.542777318655736,0.3387421691971148,88.20140763883133,56.793875330124,64.89909747168164,23.302310167149685,short_rains,478.59632261521887,1.0,3.0,1,train,False
Nyeri,2013-10-01,2013,10,1,1,Minimal,0.0,1.3902200484797762,0.9998586120217212,0.6089669748102405,0.8787820743364501,0.7239302200169985,-0.7999832966218725,94.87733234128476,74.25091812937302,48.536878254383474,46.34045408690128,short_rains,596.5685209899478,1.0,3.0,1,train,False
Samburu,2013-10-01,2013,10,2,2,Stressed,0.0,2.0,0.9999416421795938,0.7145799857867936,-0.190759899260593,0.9215854495893164,-0.3952339519210626,48.457775267356176,48.213541097887386,54.79955300506987,-6.3417777377136915,short_rains,233.37064745956647,2.0,3.0,1,train,True
Siaya,2013-10-01,2013,10,1,1,Minimal,0.0,1.0,0.7119007907118109,1.1150498679956915,0.6920109847499017,0.9953132591954644,-0.6714575221606709,66.22429219718852,60.161679270451,13.9714874563991,52.252804740789415,short_rains,703.9110029852106,1.0,3.0,1,train,False
Taita Taveta,2013-10-01,2013,10,2,2,Stressed,0.0,2.0,0.996630559288052,0.8073494558038036,-0.0704380081329863,0.2396904197649836,-1.26725922739557,25.204005516768376,37.3928273613045,11.580477947759237,13.62352756900914,short_rains,337.281834884778,2.0,3.0,1,train,False
Tana River,2013-10-01,2013,10,2,2,Stressed,0.0,2.0,0.9998706188134208,1.2089985998561303,0.4425741904479688,-0.263639783682911,-0.6720150400504243,41.52447423828776,56.28514488158784,41.82077705616568,-0.29630281787792256,short_rains,208.9215702880231,2.0,3.0,1,train,False
Tharaka-Nithi,2013-10-01,2013,10,2,2,Stressed,0.0,1.576766363133104,0.9998879028706624,0.5414520968898069,-0.4772802322196189,-0.1237673150267694,-1.9738028699562544,51.814770585330535,62.08499405689938,23.532548889723007,28.28222169560753,short_rains,386.5660928989662,2.0,3.0,1,train,False
Trans Nzoia,2013-10-01,2013,10,1,1,Minimal,0.0,1.000168616014676,0.9977121984288632,1.7459944502415556,1.887700955393114,2.2718640541928994,0.5153416243208905,70.6969331429397,89.47500949265967,7.701398232246506,62.995534910693195,short_rains,575.422482832226,1.0,3.0,1,train,False
Turkana,2013-10-01,2013,10,2,2,Stressed,0.0,2.0,0.960595160672016,0.4294334942676544,0.2568732163563679,1.0352132177889557,0.0277518534951285,49.43715410051269,58.87616356669932,48.094361863710766,1.3427922368019267,short_rains,134.93439886021372,2.0,3.0,1,train,True
Uasin Gishu,2013-10-01,2013,10,1,1,Minimal,0.0,1.0,0.9997765773368542,1.5797735714855956,1.734980493004657,2.176837788543737,0.554610556921589,92.322699536154,83.00704428132242,58.30882182408286,34.01387771207114,short_rains,466.5756532543863,1.0,3.0,1,train,False
Vihiga,2013-10-01,2013,10,1,1,Minimal,0.0,1.0,0.9994221612948906,1.44782846618463,1.076573267863775,0.8645012619195183,-1.059738696411868,84.66716045071401,58.53881586907672,28.603064178616247,56.06409627209776,short_rains,638.2354464495623,1.0,3.0,1,train,False
Wajir,2013-10-01,2013,10,2,2,Stressed,0.0,2.0,0.999679542768114,1.9825304624651967,1.5749348236805591,0.7947712128662061,-0.7309026685319263,69.97373574083142,82.68767875349718,71.98732503528412,-2.0135892944527,short_rains,220.92597534518788,2.0,3.0,1,train,True
West Pokot,2013-10-01,2013,10,2,2,Stressed,0.0,1.999722180420104,0.9926181096342616,1.373267872259448,1.1701486008848518,1.6691960417370102,0.4101921932137025,72.26678189382486,90.15573268821686,76.9805062263802,-4.713724332555344,short_rains,366.78840132412165,2.0,3.0,1,train,False
Baringo,2014-01-01,2014,1,2,2,Stressed,0.0,1.897477892711657,0.9998910957604972,1.3753963382091916,0.9381483261542896,1.7036260159239112,1.0729109447610246,73.83302705922642,76.07027930032501,67.42364777780712,6.409379281419305,dry_jf,407.6410955536569,2.0,3.0,1,train,True
Bomet,2014-01-01,2014,1,1,1,Minimal,0.0,1.0000570618995908,0.9997382065021057,0.8314217036906665,0.2181110760973227,0.3627963592860198,0.490505944607206,57.94977617410062,36.80631460530493,80.04742675768611,-22.09765058358549,dry_jf,705.0356352221398,1.0,3.0,1,train,False
Bungoma,2014-01-01,2014,1,1,1,Minimal,0.0,1.0,0.9968273735961642,0.7370806822258303,0.4187529026395958,1.1752395035637728,1.6149138141879311,59.3549608218141,77.96543237929114,67.06327890525272,-7.708318083438613,dry_jf,684.143518918554,1.0,3.0,1,train,False
Busia,2014-01-01,2014,1,1,1,Minimal,0.0,1.0,0.9128634605516268,0.4274836036001041,-0.3305512242373949,0.1788628342055591,1.0510630568731243,70.06989627565181,52.31453416241212,70.072275781387,-0.002379505735191856,dry_jf,504.89251568895395,1.0,3.0,1,train,False
Elgeyo-Marakwet,2014-01-01,2014,1,1,1,Minimal,0.0,1.0013684998495582,0.9998673976024002,1.0409469727148843,0.8264121338579872,1.6269696352879877,1.5038252136248509,80.18867974939826,72.68275000321063,83.54923570587596,-3.360555956477697,dry_jf,424.00498148048365,1.0,3.0,1,train,False
Embu,2014-01-01,2014,1,2,2,Stressed,0.0,1.744555193752638,0.9998189289233737,-0.0136053318334898,-1.1469015074642797,-1.1415826338731694,-1.1961543138391728,46.12272167390996,30.91945690873522,17.131995668551532,28.990726005358425,dry_jf,401.4457023614595,2.0,3.0,1,train,False
Garissa,2014-01-01,2014,1,2,2,Stressed,0.0,2.0,0.999511246179476,-0.1596787990103599,-0.6758346347573708,-0.7532897469784122,-0.6329679327518242,35.891639409619714,30.033534289822956,12.585645230609362,23.30599417901035,dry_jf,210.6771075185111,2.0,3.0,1,train,False
Homa Bay,2014-01-01,2014,1,1,1,Minimal,0.0,1.0,0.66830422924983,0.1799165331810371,0.1052688891712594,0.4943202934626868,0.7251103838493247,63.00899508827709,53.82883748364925,43.560543282503765,19.448451805773324,dry_jf,658.3122810444571,1.0,3.0,1,train,False
Isiolo,2014-01-01,2014,1,2,2,Stressed,0.0,1.9999284063821656,0.9999828087914956,-0.7828556983861782,-0.4983670908434,-0.4672109823163209,-0.5105365113691381,31.504698308509465,42.55715259187185,14.430658136323869,17.074040172185597,dry_jf,121.15801476654195,2.0,3.0,1,train,False
Kajiado,2014-01-01,2014,1,2,2,Stressed,0.0,1.8295994094902277,0.9867003715847948,0.9672613897853668,0.359493232085121,0.3836747263843059,-0.5964199318858586,68.35641741283551,16.810265317979255,29.94417688391696,38.41224052891855,dry_jf,244.0590119973267,2.0,3.0,1,train,False
Kakamega,2014-01-01,2014,1,1,1,Minimal,0.0,1.0,0.999664408296622,0.917315823714252,0.4602537096991587,1.22933926112901,1.780624554106793,70.3555477949574,58.111144221668255,88.24769612841492,-17.892148333457513,dry_jf,521.962946970816,1.0,3.0,1,train,False
Kericho,2014-01-01,2014,1,1,1,Minimal,0.0,1.0,0.9997003606571906,0.9380496900030572,0.793204498490249,1.4590179284270164,1.506370666663368,76.39630145005823,56.00756230856415,92.83102018035387,-16.434718730295643,dry_jf,577.6437811642602,1.0,3.0,1,train,False
Kiambu,2014-01-01,2014,1,1,1,Minimal,0.0,1.001127542613087,0.9996988931369788,1.0956619257630762,-0.0908127543264334,0.123047860085939,-0.2652910125065335,51.95358659059452,3.53164230741905,70.35783262018026,-18.404246029585742,dry_jf,365.1581675938478,1.0,3.0,1,train,False
Kilifi,2014-01-01,2014,1,2,2,Stressed,0.0,1.9997025253474088,0.9941397039213838,0.2547765570108077,-0.0417236845921502,-0.0935639332443884,0.3545254952264031,45.85992922476289,33.851089749737696,43.9676822869496,1.8922469378132902,dry_jf,485.9236308469297,2.0,3.0,1,train,False
Kirinyaga,2014-01-01,2014,1,1,1,Minimal,0.0,1.0053712521478133,0.9997852158056526,0.2712091018900898,-0.9015066437031112,-0.777344347091239,-0.9776786756876056,31.75873953299604,36.406336824269786,75.30501922313337,-43.54627969013733,dry_jf,523.427425427593,1.0,3.0,1,train,False
Kisii,2014-01-01,2014,1,1,1,Minimal,0.0,1.0,0.9995810852329324,0.3015034529331082,0.0747239284007702,0.2352359390929952,0.2693331433403154,69.39366886749525,77.50757472482566,79.7702775244177,-10.376608656922443,dry_jf,771.8724273402603,1.0,3.0,1,train,False
Kisumu,2014-01-01,2014,1,1,1,Minimal,0.0,1.0,0.7825715876310352,0.606846599354928,0.4365034088638594,0.8665771470099853,1.456890128832898,54.14102066948199,26.761212370314205,76.70862283707535,-22.567602167593364,dry_jf,650.4965825795291,1.0,3.0,1,train,False
Kitui,2014-01-01,2014,1,2,2,Stressed,0.0,2.0,0.999944695629578,-0.039771769632829,-0.5735788342499567,-0.5418261989130311,-0.6894461741744523,65.30860469860828,24.81090964698834,12.215166468683202,53.09343822992508,dry_jf,350.0498777837523,2.0,3.0,1,train,False
Kwale,2014-01-01,2014,1,2,2,Stressed,0.0,1.5617253829720128,0.9912437907622343,0.4295504680375173,0.4557537540670646,0.6514015702852414,1.1317411920350289,51.838485525250725,52.41188657837381,53.213757415977526,-1.3752718907268005,dry_jf,461.4118591660762,2.0,3.0,1,train,False
Laikipia,2014-01-01,2014,1,2,2,Stressed,0.0,1.6552218836201664,0.9999716984817336,0.7483925358588661,0.1912568046537805,0.8032044308401469,0.3897510954104907,64.08091607437765,53.00150348327413,61.00179450375865,3.0791215706190016,dry_jf,378.6133408439104,2.0,3.0,1,train,False
Lamu,2014-01-01,2014,1,2,2,Stressed,0.0,2.0,0.9772658860263104,-0.3352580638821649,-0.3168868540433563,-0.8322258748562336,-0.8821028265038664,53.20067046792522,47.96273760079935,41.51907786891547,11.681592599009754,dry_jf,394.8891092289726,2.0,3.0,1,train,False
Machakos,2014-01-01,2014,1,2,2,Stressed,0.0,1.8282997852182048,0.9998629511962126,0.407667221812171,-0.7674147542272111,-0.694266183286117,-0.8417076041903849,65.50200314041635,12.087803560016065,12.136798620166385,53.36520452024996,dry_jf,347.0698296320569,2.0,3.0,1,train,False
Makueni,2014-01-01,2014,1,2,2,Stressed,0.0,1.9783283984457152,0.9998137915495175,0.2633818518219584,-0.1783611383943345,-0.1592398521516605,-0.3421866635487116,74.45871880711024,19.85097070943891,17.35583755430087,57.102881252809375,dry_jf,210.84898907247097,2.0,3.0,1,train,False
Mandera,2014-01-01,2014,1,2,2,Stressed,0.0,2.0,0.9935104441286544,-1.053884139752841,0.7549222190804922,0.7910421192783149,0.0677894386164364,34.19846676318161,58.10975437582024,32.50577326765954,1.6926934955220645,dry_jf,147.72597818452132,2.0,3.0,1,train,False
Marsabit,2014-01-01,2014,1,2,2,Stressed,0.0,2.0,0.9301329759074554,-1.0003559107965074,0.4791948870172067,0.5110948392058617,0.0217727404991243,26.95844146773648,54.16564666321266,17.262905821902102,9.69553564583438,dry_jf,183.11284628508548,2.0,3.0,1,train,True
Meru,2014-01-01,2014,1,2,2,Stressed,0.0,1.5783811497185294,0.9998226856692622,-0.3814175617754078,-0.8072467857302942,-0.8529968530192363,-1.502017613184402,66.94874915082839,36.12183995428182,19.41168635725609,47.537062793572304,dry_jf,469.95952152110806,2.0,3.0,1,train,False
Migori,2014-01-01,2014,1,1,1,Minimal,0.0,1.0,0.8116729345870676,0.0289110842396438,-0.0888866989522735,0.1223865039760115,0.1737996454994863,76.21422915329275,31.141234684279677,49.75691544696613,26.457313706326616,dry_jf,460.4970135975702,1.0,3.0,1,train,False
Mombasa,2014-01-01,2014,1,1,1,Minimal,0.0,1.0025156757359792,0.9456274732682326,0.3785050425171505,0.1766130075416664,0.3362187562191933,0.8038620542256516,34.32288121689211,47.78598201838238,53.504322532976296,-19.18144131608419,dry_jf,339.4545465241538,1.0,3.0,1,train,False
Murang'a,2014-01-01,2014,1,1,1,Minimal,0.0,1.0013259757425912,0.9998268684991276,0.9994898644238668,-0.2682275293796573,-0.1941144706977008,-0.8580292298003898,58.44532170845795,35.46406969496972,53.70283619583223,4.742485512625727,dry_jf,600.9606534616394,1.0,3.0,1,train,False
Nairobi,2014-01-01,2014,1,1,1,Minimal,0.0,1.0311827358160603,0.9994581999066764,0.9676821698496704,0.0191861037667246,0.2514279266987189,0.0615078636737848,59.75205618312916,0.0,45.26410374160082,14.487952441528343,dry_jf,349.07589029272395,1.0,3.0,1,train,False
Nakuru,2014-01-01,2014,1,1,1,Minimal,0.0,1.0006763363886138,0.9758049541717768,1.1656986591580831,0.5073458219953112,1.2033202508544354,0.4311536303971402,71.90630530848405,63.57336436973829,76.82388224046947,-4.917576931985423,dry_jf,337.82261196850334,1.0,3.0,1,train,False
Nandi,2014-01-01,2014,1,1,1,Minimal,0.0,1.0,0.9996627597035966,1.2100023961445592,0.8614852520643406,1.5981437878561309,1.7966959823992714,80.81570439185239,74.44137265794164,67.5424775966979,13.273226795154486,dry_jf,636.3375639959971,1.0,3.0,1,train,False
Narok,2014-01-01,2014,1,2,2,Stressed,0.0,1.534070931837292,0.9926699026877256,1.0021859523500027,0.262860630878156,0.5306172287710057,0.5630011737028578,59.74224197647596,15.976242242010033,59.28048615407384,0.4617558224021181,dry_jf,449.4351533314782,2.0,3.0,1,train,False
Nyamira,2014-01-01,2014,1,1,1,Minimal,0.0,1.0,0.9997642108519644,0.3190456898038838,0.2414605886666268,0.2345856798442335,0.3093470582233846,69.69928582208358,61.270000766394425,87.40445750914829,-17.705171687064706,dry_jf,707.0676224501927,1.0,3.0,1,train,False
Nyandarua,2014-01-01,2014,1,1,1,Minimal,0.0,1.0012708819238296,0.999877973768995,1.2609762322689304,0.3736183296357603,0.9018927382737542,0.2350524866802327,58.20206317577896,67.19190813808963,72.21139274635189,-14.00932957057293,dry_jf,478.59632261521887,1.0,3.0,1,train,False
Nyeri,2014-01-01,2014,1,1,1,Minimal,0.0,1.3902200484797762,0.9998586120217212,0.7705862674497764,-0.3571689154862305,-0.0653287594302612,-0.5797300373700737,34.65457762188348,60.25412677581103,70.21827880992801,-35.563701188044526,dry_jf,596.5685209899478,1.0,3.0,1,train,False
Samburu,2014-01-01,2014,1,2,2,Stressed,0.0,2.0,0.9999416421795938,-0.011972083048578,-0.0649602296501621,-0.1562224338543994,-0.5890289237987341,66.95653945676405,70.87289704551016,27.726648799783774,39.229890656980274,dry_jf,233.37064745956647,2.0,3.0,1,train,True
Siaya,2014-01-01,2014,1,1,1,Minimal,0.0,1.0,0.7119007907118109,0.3957228076964193,0.0437865917162408,0.2962363738636453,0.8496079803796946,50.20240451174946,47.67050308015702,55.84830482996668,-5.6459003182172225,dry_jf,703.9110029852106,1.0,3.0,1,train,False
Taita Taveta,2014-01-01,2014,1,2,2,Stressed,0.0,2.0,0.996630559288052,0.77411019454004,0.3000156220728856,0.2672796470320391,0.1089566414239897,52.4686438073947,0.0,6.143446157342788,46.32519765005191,dry_jf,337.281834884778,2.0,3.0,1,train,False
Tana River,2014-01-01,2014,1,2,2,Stressed,0.0,2.0,0.9998706188134208,-0.0692359573038548,-0.4065679834617632,-0.3915284778982373,-0.0864885110760838,36.66691752181558,19.61343118614468,21.125833971958134,15.541083549857444,dry_jf,208.9215702880231,2.0,3.0,1,train,False
Tharaka-Nithi,2014-01-01,2014,1,2,2,Stressed,0.0,1.6578041883830674,0.9999051941607138,-0.1843934586258325,-0.8970949494046191,-0.9371103589622048,-1.4116393122032116,41.56560536062356,24.51344230233797,3.628492672454732,37.937112688168824,dry_jf,386.5660928989662,2.0,3.0,1,train,False
Trans Nzoia,2014-01-01,2014,1,1,1,Minimal,0.0,1.000168616014676,0.9977121984288632,1.1623596443668602,1.27006216370938,2.3808089060940403,2.2741853899994577,74.23751505777098,82.66944917410837,100.0,-25.762484942229023,dry_jf,575.422482832226,1.0,3.0,1,train,False
Turkana,2014-01-01,2014,1,2,2,Stressed,0.231136598393467,2.2311365983934675,0.96060002404762,-0.2822309780458671,0.3687358396376693,0.3377746730717064,-0.1549730630949489,32.64204263210373,52.00503740930746,27.09044629750348,5.5515963346002515,dry_jf,134.93439886021372,2.0,3.0,1,train,True
Uasin Gishu,2014-01-01,2014,1,1,1,Minimal,0.0,1.0,0.9997765773368544,1.096703367633963,1.059106053782485,2.0850627061935247,1.9979798733787104,81.42106510174972,92.50685899984272,93.77629453769498,-12.355229435945262,dry_jf,466.5756532543863,1.0,3.0,1,train,False
Vihiga,2014-01-01,2014,1,1,1,Minimal,0.0,1.0,0.9994221612948906,0.8268884253713819,0.2861631057262984,0.8622653102637149,1.6225956035282896,69.8690076162891,44.34941616048759,85.05568838449122,-15.186680768202123,dry_jf,638.2354464495623,1.0,3.0,1,train,False
Wajir,2014-01-01,2014,1,2,2,Stressed,0.0,2.0,0.999679542768114,-0.4690792918487003,-0.2588331440046458,-0.2345789338028969,-0.3450913873587987,15.268533512728116,32.46682206888915,13.961043282984413,1.3074902297437028,dry_jf,220.92597534518788,2.0,3.0,1,train,True
West Pokot,2014-01-01,2014,1,2,2,Stressed,0.0100093983810478,2.009731581678653,0.9926283907303208,0.0064836481130492,0.303275171177592,1.0202676967523798,1.140977951458785,74.51465996131378,85.12698446806324,54.35390855912036,20.16075140219342,dry_jf,366.78840132412165,2.0,3.0,1,train,False
Baringo,2014-04-01,2014,4,2,2,Stressed,0.0,1.897477892711657,0.9998910957604972,0.3956871019003856,0.3055008020090213,0.7391889059672752,0.7276389079311634,48.77800273289166,33.34924978391931,56.702036927645935,-7.924034194754277,long_rains,407.6410955536569,2.0,3.0,1,train,True
Bomet,2014-04-01,2014,4,1,1,Minimal,0.0,1.0000570618995908,0.9997382065021057,0.1577924273116513,0.4597961540073373,0.3918079817607399,0.0182853531710241,80.67101560236752,70.57799149942558,74.01383597737117,6.6571796249963455,long_rains,705.0356352221398,1.0,3.0,1,train,False
Bungoma,2014-04-01,2014,4,1,1,Minimal,0.0,1.0,0.9968273735961642,0.2288315617960203,-0.0076308300294674,0.2679892053867662,0.2254870265285093,61.07792671698695,44.74409261991919,79.49375852045074,-18.41583180346379,long_rains,684.143518918554,1.0,3.0,1,train,False
Busia,2014-04-01,2014,4,1,1,Minimal,0.0,1.0,0.9128634605516268,-0.1357099768270008,-0.0021840710199334,-0.2796322037903982,-0.28502084296838,44.7241524969528,28.6527014884123,61.49139814819608,-16.767245651243286,long_rains,504.89251568895395,1.0,3.0,1,train,False
Elgeyo-Marakwet,2014-04-01,2014,4,1,1,Minimal,0.0,1.0013684998495582,0.9998673976024002,0.2295382274659936,-0.1151391228695639,0.5362846021347886,0.4882718700857305,51.7441742899467,31.157715976451087,61.46584642311108,-9.721672133164383,long_rains,424.00498148048365,1.0,3.0,1,train,False
Embu,2014-04-01,2014,4,2,2,Stressed,0.0,1.744555193752638,0.9998189289233737,0.9176590943217332,0.6491667629217668,-0.5765840921520509,-0.8565808979453512,57.91228012276831,19.825476512771036,23.148938553628664,34.76334156913964,long_rains,401.4457023614595,2.0,3.0,1,train,False
Garissa,2014-04-01,2014,4,2,2,Stressed,0.0,2.0,0.999511246179476,0.3261129420032276,0.0829429143398766,-0.6226252294166039,-0.592755747047275,43.6593669568435,19.66853636325652,30.82337675353227,12.83599020331123,long_rains,210.6771075185111,2.0,3.0,1,train,False
Homa Bay,2014-04-01,2014,4,1,1,Minimal,0.0,1.0,0.66830422924983,-0.2183119564610577,0.1239979654042559,0.0835636790554858,0.2014359886944464,59.33453472147218,24.29676331831019,54.21263330086902,5.121901420603159,long_rains,658.3122810444571,1.0,3.0,1,train,False
Isiolo,2014-04-01,2014,4,2,2,Stressed,0.0,1.9999284063821656,0.9999828087914956,1.0031777750543849,0.7131561677493006,-0.1537494529339993,-0.4907666404792412,46.20341809592942,24.74116271483353,23.256781365234367,22.946636730695054,long_rains,121.15801476654195,2.0,3.0,1,train,False
Kajiado,2014-04-01,2014,4,2,2,Stressed,0.0,1.8295994094902277,0.9867003715847948,0.6576262139488158,0.4489534258471382,0.4399969006738103,0.0359456218690457,70.53649244746423,54.099837441972056,45.86523472805823,24.671257719405993,long_rains,244.0590119973267,2.0,3.0,1,train,False
Kakamega,2014-04-01,2014,4,1,1,Minimal,0.0,1.0,0.999664408296622,-0.0736133240473885,-0.1338938625756664,0.1848914416269998,0.1242149191833705,54.9904288826508,40.182413837809726,69.73763896184708,-14.747210079196286,long_rains,521.962946970816,1.0,3.0,1,train,False
Kericho,2014-04-01,2014,4,1,1,Minimal,0.0,1.0,0.9997003606571906,0.2390890004486457,0.3066894736108873,0.6760175344744656,0.2431514174869424,63.1163751124177,41.801998304503776,62.53216478266857,0.5842103297491263,long_rains,577.6437811642602,1.0,3.0,1,train,False
Kiambu,2014-04-01,2014,4,1,1,Minimal,0.0,1.001127542613087,0.9996988931369788,0.9850501385702324,0.6419140937741549,0.3086483324309038,-0.0600684947875699,82.3972485749464,71.90516602865074,53.17281605297351,29.224432521972894,long_rains,365.1581675938478,1.0,3.0,1,train,False
Kilifi,2014-04-01,2014,4,2,2,Stressed,0.0,1.9997025253474088,0.9941397039213838,1.4048079733217742,0.9295646510966542,0.2652985859244393,-0.2754230494442681,51.414271329385656,30.184778446206472,35.21867867360595,16.195592655779706,long_rains,485.9236308469297,2.0,3.0,1,train,False
Kirinyaga,2014-04-01,2014,4,1,1,Minimal,0.0,1.0053712521478133,0.9997852158056526,0.9773772546897864,0.7055373186271913,-0.3337376434364006,-0.5417919415729642,79.24659389895626,56.96369612784752,23.979411648399957,55.2671822505563,long_rains,523.427425427593,1.0,3.0,1,train,False
Kisii,2014-04-01,2014,4,1,1,Minimal,0.0,1.0,0.9995810852329328,-0.1376107976851948,0.2837561838940755,0.1775483944785551,0.1446059594970012,63.35685439196656,38.28242812907642,78.35369231180614,-14.996837919839585,long_rains,771.8724273402603,1.0,3.0,1,train,False
Kisumu,2014-04-01,2014,4,1,1,Minimal,0.0,1.0,0.7825715876310352,-0.0279901903351823,0.032730566804359,0.2769315640508824,0.0880061465272206,43.75243851403079,16.24820736319921,44.56062298599621,-0.8081844719654185,long_rains,650.4965825795291,1.0,3.0,1,train,False
Kitui,2014-04-01,2014,4,2,2,Stressed,0.0,1.9979005859844576,0.999947914319168,0.9923252191290282,0.6159370521688461,-0.3218855950160853,-0.5737678542992156,45.1527845762454,28.962884616128985,49.34931307659879,-4.196528500353388,long_rains,350.0498777837523,2.0,3.0,1,train,False
Kwale,2014-04-01,2014,4,2,2,Stressed,0.0,1.5617253829720128,0.9912437907622343,2.0169044064337944,1.219158047009711,0.8339478900686466,0.0644329791986366,43.34702158052456,17.767716970050074,26.045775989635214,17.301245590889348,long_rains,461.4118591660762,2.0,3.0,1,train,False
Laikipia,2014-04-01,2014,4,2,2,Stressed,0.0,1.6552218836201664,0.9999716984817336,0.8062967261128575,0.7610351088490813,0.5168979447362179,0.128720987924427,58.61714135338385,35.44272819505816,42.02147334400667,16.595668009377178,long_rains,378.6133408439104,2.0,3.0,1,train,False
Lamu,2014-04-01,2014,4,2,2,Stressed,0.0,2.0,0.9772658860263104,0.3869253631702271,0.1584414884116368,-0.2737527797111819,-0.1919717468603808,41.44547302628118,32.243175017348726,37.79212013733312,3.6533528889480564,long_rains,394.8891092289726,2.0,3.0,1,train,False
Machakos,2014-04-01,2014,4,2,2,Stressed,0.0,1.826848806877564,0.999871839620852,1.1369026970358724,0.7608566369026113,-0.1810870103101258,-0.7654140358642018,70.19260684917857,46.73263591549368,45.05878986574777,25.133816983430805,long_rains,347.0698296320569,2.0,3.0,1,train,False
Makueni,2014-04-01,2014,4,2,2,Stressed,0.0,1.5951820320479726,0.9999571733721252,0.750586264209441,0.391256779681028,-0.038741216199909,-0.348106353962557,61.95515736733937,46.95668781978331,53.45280486747935,8.502352499860017,long_rains,210.84898907247097,2.0,3.0,1,train,False
Mandera,2014-04-01,2014,4,2,2,Stressed,0.0,2.0,0.9935104441286544,0.3982925121486639,0.339184148293858,0.7496750186599825,1.2129376607813118,47.57891627474012,22.127827723286646,24.76737331591313,22.811542958826994,long_rains,147.72597818452132,2.0,3.0,1,train,False
Marsabit,2014-04-01,2014,4,2,2,Stressed,0.4218062453639331,2.4218062453639333,0.9301349704866002,0.7033183040915999,0.4487274102604057,0.5079560497408261,0.4075862243253489,70.43036896815629,33.502714765799496,21.62104786012284,48.809321108033444,long_rains,183.11284628508548,2.0,3.0,1,train,True
Meru,2014-04-01,2014,4,2,2,Stressed,0.0,1.5783811497185285,0.9998226856692592,0.8574169437594383,0.4885959851783581,-0.477166838407191,-0.5359199263365895,54.97667309026997,29.94717417643573,44.5293712486468,10.447301841623172,long_rains,469.95952152110806,2.0,3.0,1,train,False
Migori,2014-04-01,2014,4,1,1,Minimal,0.0,1.0,0.8116729345870676,-0.0688342748637615,0.3694624646778542,0.0793846112386281,0.1801510683069353,63.3107708916922,33.660482985086205,56.10935062181044,7.201420269881758,long_rains,460.4970135975702,1.0,3.0,1,train,False
Mombasa,2014-04-01,2014,4,1,1,Minimal,0.0,1.0025156757359792,0.9456274732682326,2.039869762505454,1.4846818567104805,0.6083476436840832,0.0315312202001355,43.26092195407448,18.805402872684308,33.59943190964928,9.6614900444252,long_rains,339.4545465241538,1.0,3.0,1,train,False
Murang'a,2014-04-01,2014,4,1,1,Minimal,0.0,1.0013259757425912,0.9998268684991276,0.8553181113299219,0.6977562120074841,0.1772160900539188,0.0168974717665412,79.72994036656432,53.95024406841768,30.108583601185224,49.6213567653791,long_rains,600.9606534616394,1.0,3.0,1,train,False
Nairobi,2014-04-01,2014,4,1,1,Minimal,0.0,1.0311827358160603,0.9994581999066732,1.022690029268774,0.566052680547694,0.3099580904485728,-0.1133083617337451,84.64172487746337,58.39087411812607,47.37849218726003,37.263232690203345,long_rains,349.07589029272395,1.0,3.0,1,train,False
Nakuru,2014-04-01,2014,4,1,1,Minimal,0.0,1.0006763363886138,0.9758049541717768,0.6078468801835355,0.6456956302817788,0.6441202218861096,0.353063687944009,66.9529523551545,58.33629784654223,60.97616168637385,5.9767906687806445,long_rains,337.82261196850334,1.0,3.0,1,train,False
Nandi,2014-04-01,2014,4,1,1,Minimal,0.0,1.0,0.9996627597035966,0.0417238809771108,0.0725107987486291,0.624174760574938,0.2810433327834033,74.0727555865249,55.22008720151927,73.5880375480264,0.4847180384984995,long_rains,636.3375639959971,1.0,3.0,1,train,False
Narok,2014-04-01,2014,4,2,2,Stressed,0.0,1.5340709318372925,0.9926699026877254,0.2777274320094317,0.4903485882520124,0.4415760212355158,0.0168788238350026,64.49220730426622,49.23285585535436,59.3734476889246,5.118759615341617,long_rains,449.4351533314782,2.0,3.0,1,train,False
Nyamira,2014-04-01,2014,4,1,1,Minimal,0.0,1.0,0.9997642108519644,-0.0407149000925395,0.2989159667180402,0.3021367360867112,0.0334737961359208,63.634579353454,35.16099041569849,75.85493466781132,-12.22035531435732,long_rains,707.0676224501927,1.0,3.0,1,train,False
Nyandarua,2014-04-01,2014,4,1,1,Minimal,0.0,1.0012708819238296,0.999877973768995,0.8826388199677779,0.867961442837088,0.7178720293368756,0.3796690016759081,69.47326488059022,65.62179391231419,76.34827585420143,-6.875010973611211,long_rains,478.59632261521887,1.0,3.0,1,train,False
Nyeri,2014-04-01,2014,4,1,1,Minimal,0.0,1.3902200484797762,0.9998586120217212,1.0641540374426743,0.8728978103528685,0.2440908241680915,-0.092767083744614,59.68721007950668,56.63490206316802,49.88122473782126,9.805985341685414,long_rains,596.5685209899478,1.0,3.0,1,train,False
Samburu,2014-04-01,2014,4,2,2,Stressed,0.0005788705401221,2.000578870540122,0.9999420554346252,0.8966325074309854,0.7560203930534177,0.3151017970373104,-0.1520907327578803,62.42817680157735,33.40165600425529,42.50383994245923,19.92433685911812,long_rains,233.37064745956647,2.0,3.0,1,train,True
Siaya,2014-04-01,2014,4,1,1,Minimal,0.0,1.0,0.7119007907118109,-0.2403610903911609,-0.0603319433202083,-0.0774072188004907,-0.0302683231057086,37.08395366901246,19.593530532440862,47.12688138651287,-10.042927717500412,long_rains,703.9110029852106,1.0,3.0,1,train,False
Taita Taveta,2014-04-01,2014,4,2,2,Stressed,0.0,1.999999165447392,0.9966305592880512,1.1517717859457663,0.672076812246267,0.5104125489827747,0.0447569469296017,50.10337567623804,42.510282557555726,40.75326694270063,9.350108733537411,long_rains,337.281834884778,2.0,3.0,1,train,False
Tana River,2014-04-01,2014,4,2,2,Stressed,0.0,2.0,0.9998706188134208,0.8503323131326559,0.5399148937019003,-0.1973954697001964,-0.4886686610921525,46.21373867642767,20.49648328457624,30.510713729258264,15.703024947169403,long_rains,208.9215702880231,2.0,3.0,1,train,False
Tharaka-Nithi,2014-04-01,2014,4,2,2,Stressed,0.0,1.6578041883830674,0.9999051941607138,0.7452384665071353,0.4044188433179469,-0.6139671692293834,-0.6336832668181863,35.78355685419441,18.233267806612183,42.8441651318896,-7.060608277695195,long_rains,386.5660928989662,2.0,3.0,1,train,False
Trans Nzoia,2014-04-01,2014,4,1,1,Minimal,0.0,1.000168616014676,0.9977121984288632,0.3847747895903497,-0.0990990796683666,0.8820854255008899,0.6677610476908459,57.28780241247914,29.400102885122667,61.36292284199018,-4.0751204295110455,long_rains,575.422482832226,1.0,3.0,1,train,False
Turkana,2014-04-01,2014,4,2,2,Stressed,0.2978845759634119,2.297884575963412,0.9606015442014832,0.7798926679297057,0.5313025147592417,0.5296012889160597,0.2748133812183271,42.049369196985616,12.835931704843516,23.306718412486266,18.74265078449935,long_rains,134.93439886021372,2.0,3.0,1,train,True
Uasin Gishu,2014-04-01,2014,4,1,1,Minimal,0.0,1.0,0.9997765773368544,0.3589608297601971,0.1013293562174638,0.8011936143594519,0.4790586649029107,54.07132230252879,42.05124797969387,63.86824773177204,-9.796925429243245,long_rains,466.5756532543863,1.0,3.0,1,train,False
Vihiga,2014-04-01,2014,4,1,1,Minimal,0.0,1.0,0.9994221612948906,-0.2820672227326222,-0.10852671317855,0.0887775304852833,0.0272807153006485,44.55541713491463,40.161052180146775,66.32852484196165,-21.773107707047025,long_rains,638.2354464495623,1.0,3.0,1,train,False
Wajir,2014-04-01,2014,4,2,2,Stressed,0.0,2.0,0.9996810210934668,0.6596435742646547,0.4551076281209266,-0.1806447542050069,-0.164512368294966,44.00227150639149,17.6029519493434,9.625612937462211,34.37665856892927,long_rains,220.92597534518788,2.0,3.0,1,train,True
West Pokot,2014-04-01,2014,4,2,2,Stressed,0.0100093983810478,2.009731581678653,0.9926283907303208,-0.0518493195441727,-0.5950870513570831,-0.1552996003047425,-0.0111298520720852,46.84496511760875,21.99967245619469,51.35752403370655,-4.512558916097795,long_rains,366.78840132412165,2.0,3.0,1,train,False
Baringo,2014-07-01,2014,7,2,2,Stressed,0.0,1.759701294551703,0.9999025772283886,-0.4078242336787601,-1.5381679063307154,-0.9489040594958198,-0.6225631946533383,29.372914223008923,21.017469363125528,26.50082262015297,2.872091602855953,dry_jjas,407.6410955536569,2.0,3.0,1,train,True
Bomet,2014-07-01,2014,7,1,1,Minimal,0.0,1.001192068912881,0.9997423525638208,0.2388739109155156,-2.177680435684328,-0.7274450236126715,-0.4256729198094754,38.85765272261984,0.0,46.33715577517747,-7.479503052557632,dry_jjas,705.0356352221398,1.0,3.0,1,train,False
Bungoma,2014-07-01,2014,7,1,1,Minimal,0.0,1.0,0.9968273735961642,0.9772755051129768,0.0898462012836437,-0.03050541437875,-1.0130934484949952,83.10850981778387,66.89724611215307,66.658729868005,16.449779949778872,dry_jjas,684.143518918554,1.0,3.0,1,train,False
Busia,2014-07-01,2014,7,1,1,Minimal,0.0,1.0,0.9128634605516268,1.027676976936864,0.4006086535548028,0.1756589804042473,-0.817075021390527,38.963633465004335,99.38412676356263,52.88545436105293,-13.921820896048594,dry_jjas,504.89251568895395,1.0,3.0,1,train,False
Elgeyo-Marakwet,2014-07-01,2014,7,1,1,Minimal,0.0,1.0013683956975723,0.9998672933259388,-0.4124232398077541,-1.6748033215466227,-1.3039848509230554,-1.2246844324368082,81.96106981444174,32.12339271754529,39.15523756277332,42.80583225166842,dry_jjas,424.00498148048365,1.0,3.0,1,train,False
Embu,2014-07-01,2014,7,1,1,Minimal,0.0,1.1556016073908435,0.9999079201820218,1.4177612931710477,-1.2071355447020324,-0.5738326672854527,-0.064729466350497,27.18430942859088,6.404485810654446,79.95911458626547,-52.77480515767459,dry_jjas,401.4457023614595,2.0,3.0,1,train,False
Garissa,2014-07-01,2014,7,2,2,Stressed,0.0,1.993170376372002,0.9995409441129928,-0.1177365493546705,0.9334527138693572,0.668063567274497,0.5372219341434216,36.9173181798293,28.017410473052852,45.10977825517013,-8.192460075340826,dry_jjas,210.6771075185111,2.0,3.0,1,train,False
Homa Bay,2014-07-01,2014,7,1,1,Minimal,0.0,1.0,0.66830422924983,0.7319916260524735,-0.874851325578109,-0.4209797975468529,-1.0719200965016384,60.98726214716167,69.0100191178119,45.32787294199704,15.65938920516463,dry_jjas,658.3122810444571,1.0,3.0,1,train,False
Isiolo,2014-07-01,2014,7,2,2,Stressed,0.0021423850584971,2.002056725827115,0.9999828117209584,-0.0366220809829097,-0.1227747426526144,0.1951598465996727,0.401777282025616,12.2919532533027,16.829148151680194,35.00195712191738,-22.710003868614677,dry_jjas,121.15801476654195,2.0,3.0,1,train,False
Kajiado,2014-07-01,2014,7,2,2,Stressed,0.0,1.9993977207889089,0.9866998882124024,0.8581551639461572,-1.8903113383358647,-0.6815886375127572,-0.1053667206802094,3.120660839615353,8.580194130587483,47.77410940429986,-44.6534485646845,dry_jjas,244.0590119973267,2.0,3.0,1,train,False
Kakamega,2014-07-01,2014,7,1,1,Minimal,0.0,1.0,0.9996644082966224,0.8288102054157777,0.5579549872412113,0.1622455468008623,-0.9552196390424894,64.35932904956462,52.70361800664359,42.01345590580858,22.345873143756044,dry_jjas,521.962946970816,1.0,3.0,1,train,False
Kericho,2014-07-01,2014,7,1,1,Minimal,0.0,1.0,0.9997003606571924,0.0477588575539662,-1.4342288425547989,-0.6377958932535236,-0.5620056296499918,81.53032604898368,33.1664399240568,69.83059221826962,11.699733830714067,dry_jjas,577.6437811642602,1.0,3.0,1,train,False
Kiambu,2014-07-01,2014,7,1,1,Minimal,0.0,1.00218406706597,0.9996990996417529,1.5685418817372476,-1.3763136719834843,-0.5506422582677518,-0.2717724852373316,45.68568487895129,36.40403237088512,100.0,-54.31431512104871,dry_jjas,365.1581675938478,1.0,3.0,1,train,False
Kilifi,2014-07-01,2014,7,2,2,Stressed,0.0,1.554578375118668,0.9941559519052248,-0.0401038133567175,-0.4724274092197444,-0.019721269141685,0.1504508877574206,62.65060339247441,77.27084318188334,59.060641163638174,3.589962228836235,dry_jjas,485.9236308469297,2.0,3.0,1,train,False
Kirinyaga,2014-07-01,2014,7,1,1,Minimal,0.0,1.000036250746341,0.9997566177338534,1.855323488528936,-0.9929560955958516,-0.4542602567650282,-0.0529204562158453,44.38995266248832,38.350340703830646,100.0,-55.61004733751168,dry_jjas,523.427425427593,1.0,3.0,1,train,False
Kisii,2014-07-01,2014,7,1,1,Minimal,0.0,1.0,0.9995810852329324,0.2403146162713906,-1.1689204149602992,-0.4830889978290102,-0.6798859311086699,64.43014705882338,30.277161746351403,53.23508643811601,11.195060620707373,dry_jjas,771.8724273402603,1.0,3.0,1,train,False
Kisumu,2014-07-01,2014,7,1,1,Minimal,0.0,1.0,0.7825715876310351,0.5053130791857021,-0.227163246276902,-0.1498584941618942,-0.8034593590579191,67.23327710161598,36.65688462174188,11.123412357042278,56.109864744573706,dry_jjas,650.4965825795291,1.0,3.0,1,train,False
Kitui,2014-07-01,2014,7,2,2,Stressed,0.0,1.995774661324606,0.9999452912168127,1.3472606697928418,-0.9661729913310368,-0.1959082290743906,0.2024231134552951,24.156394702782084,30.99567033059389,66.9501122334754,-42.793717530693314,dry_jjas,350.0498777837523,2.0,3.0,1,train,False
Kwale,2014-07-01,2014,7,2,2,Stressed,0.0,1.876743356461835,0.9912380957227191,0.6990462090606142,-0.1883699388882341,0.5669469413239644,0.5744379218207959,55.71540913368993,68.71267411462856,54.1325469127444,1.582862220945529,dry_jjas,461.4118591660762,2.0,3.0,1,train,False
Laikipia,2014-07-01,2014,7,2,2,Stressed,0.0,1.9073046455295009,0.9999666697850788,-0.4182402524263394,-0.9469073062625842,-0.1772859385067694,0.488202407656716,21.807485857065423,25.77740422859064,47.421079385439015,-25.613593528373592,dry_jjas,378.6133408439104,2.0,3.0,1,train,False
Lamu,2014-07-01,2014,7,1,1,Minimal,0.0,1.019914068052655,0.9772940962519592,0.0962554212164639,0.9142227046922864,0.9025070544430344,-0.2450403145186332,100.0,77.13018764385137,53.58590738074229,46.41409261925771,dry_jjas,394.8891092289726,2.0,3.0,1,train,False
Machakos,2014-07-01,2014,7,1,1,Minimal,0.0,1.462980613501622,0.999906038138186,0.9217522863014106,-1.614020886841454,-0.415733033209297,0.088055103685575,25.770930865164257,26.835141305111875,75.24296624207368,-49.47203537690942,dry_jjas,347.0698296320569,2.0,3.0,1,train,False
Makueni,2014-07-01,2014,7,2,2,Stressed,0.0,1.6971507003875066,0.9999571210942516,0.6759775984066466,-1.528793015811452,-0.6229308098648734,-0.0841324579969225,36.36747024273204,44.99721801467345,86.09442444812038,-49.72695420538834,dry_jjas,210.84898907247097,2.0,3.0,1,train,False
Mandera,2014-07-01,2014,7,2,2,Stressed,0.0,2.0,0.9935104441286544,-0.6949526562082695,-0.0345257186738159,0.0496342191238483,-0.0055499801544513,44.6905169869638,23.40858648556222,40.641953060877896,4.0485639260859045,dry_jjas,147.72597818452132,2.0,3.0,1,train,False
Marsabit,2014-07-01,2014,7,3,3,Crisis or worse,0.7110237826316723,2.7110237826316723,0.9301390891057544,-0.9287322566593528,-0.7857314478721192,-0.3882305269130854,-0.187552904052752,15.563060337781131,21.847527551269746,40.00235196357378,-24.43929162579265,dry_jjas,183.11284628508548,2.0,3.0,1,train,True
Meru,2014-07-01,2014,7,1,1,Minimal,0.0,1.454424140847738,0.9998789761636676,0.4893961336982642,-1.130219635870204,-0.5565270244994479,0.0434605467813023,47.77770056702859,11.27803773516612,84.74987514186886,-36.97217457484027,dry_jjas,469.95952152110806,2.0,3.0,1,train,False
Migori,2014-07-01,2014,7,1,1,Minimal,0.0,1.0,0.8116729345870678,0.094576143004485,-2.2558248911274315,-0.8597371691689156,-1.004138744699395,54.80367695360834,65.36696681746727,47.83393100107247,6.969745952535867,dry_jjas,460.4970135975702,1.0,3.0,1,train,False
Mombasa,2014-07-01,2014,7,1,1,Minimal,0.0,1.0025156757359792,0.9456274732682326,0.0382709684029945,-0.8502093968865062,-0.403273242011863,-0.3930525420309509,51.74350055591509,49.41340382428478,60.33477120776133,-8.591270651846237,dry_jjas,339.4545465241538,1.0,3.0,1,train,False
Murang'a,2014-07-01,2014,7,1,1,Minimal,0.0,1.0011679908651794,0.9998268684991276,1.1869479047978864,-1.442547281526961,-0.6538383357862801,-0.3769078773745419,55.06526387905861,29.71879444011176,100.0,-44.93473612094139,dry_jjas,600.9606534616394,1.0,3.0,1,train,False
Nairobi,2014-07-01,2014,7,1,1,Minimal,0.0,1.0108131895359571,0.999380821442472,1.4396395026336604,-1.535768429127795,-0.6021431028180455,-0.158064638540979,36.26363771090631,8.775349730273419,70.27390461240124,-34.01026690149493,dry_jjas,349.07589029272395,1.0,3.0,1,train,False
Nakuru,2014-07-01,2014,7,1,1,Minimal,0.0,1.0037391504848217,0.9758112434731088,0.524984239295723,-1.1133443481167469,-0.3425841216836888,-0.1436639457807496,27.28064633925715,15.311680136762574,49.074652380681535,-21.794006041424385,dry_jjas,337.82261196850334,1.0,3.0,1,train,False
Nandi,2014-07-01,2014,7,1,1,Minimal,0.0,1.0,0.999662759703597,-0.0127025770968546,-0.6004132339922663,-0.3642734038463336,-0.6971713129541096,89.35262559077907,30.197930281748565,60.17039892238919,29.18222666838988,dry_jjas,636.3375639959971,1.0,3.0,1,train,False
Narok,2014-07-01,2014,7,2,2,Stressed,0.0,1.8406373527905968,0.9926663120912106,1.0065997470091783,-1.5905996777475966,-0.5755233386780415,-0.1824893747331264,16.615836457662983,0.0,44.29177719965956,-27.67594074199658,dry_jjas,449.4351533314782,2.0,3.0,1,train,False
Nyamira,2014-07-01,2014,7,1,1,Minimal,0.0,1.0,0.9997642108519644,0.4097416903840515,-1.3561308399351455,-0.5291046657269649,-0.5839941297247246,29.046217348013872,40.40326849828653,50.90285194054319,-21.856634592529314,dry_jjas,707.0676224501927,1.0,3.0,1,train,False
Nyandarua,2014-07-01,2014,7,1,1,Minimal,0.0,1.0012708819238296,0.999877973768995,0.6549788069282653,-0.9962741161072776,-0.1790032571615265,0.16064878335328,48.354599420442106,24.19085437724645,66.20121426525913,-17.84661484481702,dry_jjas,478.59632261521887,1.0,3.0,1,train,False
Nyeri,2014-07-01,2014,7,1,1,Minimal,0.0,1.3904877355173728,0.9998584883435062,1.046485686483997,-0.868733104969477,-0.1537728154746212,0.4305227157881997,72.18496748846331,19.346803256256862,80.39902523244045,-8.214057743977136,dry_jjas,596.5685209899478,1.0,3.0,1,train,False
Samburu,2014-07-01,2014,7,2,2,Stressed,0.0005788705401221,2.000578870540122,0.9999420554346252,-0.5367528719328681,-0.7872583085467555,-0.0724244365508979,0.3408476985280487,5.718070108990193,10.85155796692782,52.22391994180448,-46.50584983281429,dry_jjas,233.37064745956647,2.0,3.0,1,train,True
Siaya,2014-07-01,2014,7,1,1,Minimal,0.0,1.0,0.7119007907118109,0.8565434261582188,0.0842011759277959,-0.0533831453990858,-1.0066549729001708,8.861927082073723,58.62038861369959,36.93410542527501,-28.072178343201283,dry_jjas,703.9110029852106,1.0,3.0,1,train,False
Taita Taveta,2014-07-01,2014,7,1,1,Minimal,0.0,1.38402227567792,0.9966634652139164,0.4208877130847717,-1.097822282888225,0.00996332143645,0.4624162463334527,30.473195011977744,36.1434375927626,55.94794505284746,-25.474750040869715,dry_jjas,337.281834884778,2.0,3.0,1,train,False
Tana River,2014-07-01,2014,7,2,2,Stressed,0.0,1.9161471737363207,0.999877905038154,0.0647195962993503,0.3910086688350811,0.528219650008866,0.7618987101894868,42.340092075524645,40.751740267496814,51.67175182333548,-9.331659747810832,dry_jjas,208.9215702880231,2.0,3.0,1,train,False
Tharaka-Nithi,2014-07-01,2014,7,2,2,Stressed,0.0,1.5739883968617654,0.99989691380049,1.0097333183687145,-1.443028884620858,-0.9397520311651212,-0.3318473482772827,25.677292948678115,0.0,49.83529812976183,-24.158005181083716,dry_jjas,386.5660928989662,2.0,3.0,1,train,False
Trans Nzoia,2014-07-01,2014,7,1,1,Minimal,0.0,1.000079835388598,0.9976864050043228,0.5334880290486982,-1.3860957628415658,-1.057383387741918,-1.713189100320751,100.0,68.0430430602542,66.34978489082361,33.650215109176386,dry_jjas,575.422482832226,1.0,3.0,1,train,False
Turkana,2014-07-01,2014,7,2,2,Stressed,0.1336766489125,2.1336766489125,0.9606036726415692,-0.7089455778304025,-1.5523299882539918,-0.734735660068245,-0.1969061941078524,5.435035019439627,10.057324770185248,34.688060883234584,-29.253025863794957,dry_jjas,134.93439886021372,2.0,3.0,1,train,True
Uasin Gishu,2014-07-01,2014,7,1,1,Minimal,0.0,1.0,0.9997765773368544,-0.3427841655178266,-1.567421772485201,-1.038283827171362,-1.0026653657693785,88.85976871834346,35.822121961609184,29.894419353720476,58.96534936462298,dry_jjas,466.5756532543863,1.0,3.0,1,train,False
Vihiga,2014-07-01,2014,7,1,1,Minimal,0.0,1.0,0.9994221612948906,0.8527180224271511,0.3852905471359055,0.1152475206591433,-0.9852160918513136,79.74169887454724,58.24067565025423,45.072662212614105,34.669036661933134,dry_jjas,638.2354464495623,1.0,3.0,1,train,False
Wajir,2014-07-01,2014,7,2,2,Stressed,0.0,2.0,0.9996795427681142,0.3161967829948954,0.2993798993305078,0.3433138229834239,0.3182887327653436,9.84768494288668,21.708184599619784,36.33243392289526,-26.484748980008582,dry_jjas,220.92597534518788,2.0,3.0,1,train,True
West Pokot,2014-07-01,2014,7,2,2,Stressed,0.01000929457747,1.9742153761029344,0.9926386850000684,-0.7704506689161461,-2.6221837662109246,-2.2354179336819016,-2.1301366783934466,29.81128646785618,17.290279044704107,35.707787454402755,-5.896500986546574,dry_jjas,366.78840132412165,2.0,3.0,1,train,False
Baringo,2014-10-01,2014,10,2,2,Stressed,0.0,1.7129870071301685,0.9999123624072944,-0.0364667778167592,0.1417307233391655,-0.9523905511064538,-0.9305402677472304,64.72548928508861,66.51425086408975,28.959354102948943,35.76613518213967,short_rains,407.6410955536569,2.0,3.0,1,train,True
Bomet,2014-10-01,2014,10,1,1,Minimal,0.0,1.0,0.999729073525429,0.173687005846564,1.3853077348642964,-0.6907457427256416,-0.3056112184908023,100.0,54.38141025322436,38.26726095912915,61.73273904087085,short_rains,705.0356352221398,1.0,3.0,1,train,False
Bungoma,2014-10-01,2014,10,1,1,Minimal,0.0,1.0,0.9968273735961644,-0.0375695507990177,0.9474232294349514,0.7766189985071368,1.464212918397267,63.991297222786365,69.66775177583114,35.01123607703501,28.980061145751357,short_rains,684.143518918554,1.0,3.0,1,train,False
Busia,2014-10-01,2014,10,1,1,Minimal,0.0,1.0,0.9128634605516268,0.2570297148331252,1.2320935286803671,1.1517546300694614,1.654267864440103,79.28262977359442,61.58350528532706,42.89414069641792,36.3884890771765,short_rains,504.89251568895395,1.0,3.0,1,train,False
Elgeyo-Marakwet,2014-10-01,2014,10,1,1,Minimal,0.0,1.0012773342366463,0.9998671153668504,-0.2850749664280828,0.2491882709344993,-1.050999208989656,-0.7393126915318181,76.05560269325767,56.660401751016096,16.03232280070511,60.02327989255256,short_rains,424.00498148048365,1.0,3.0,1,train,False
Embu,2014-10-01,2014,10,1,1,Minimal,0.0,1.3370725929478269,0.9999483687454,0.6287709576447744,1.6004114845317343,-0.9111143874572024,-0.8575592252682281,27.65176545722555,37.283032076718136,10.593077664235077,17.058687792990476,short_rains,401.4457023614595,1.0,3.0,1,train,False
Garissa,2014-10-01,2014,10,2,2,Stressed,0.0804918702810077,2.0736623098671187,0.9995501958198022,-0.777048246505823,-0.970487588346407,0.6521629523243451,0.5519270669889237,37.18895264419685,35.70522738308677,16.20337875661384,20.985573887583012,short_rains,210.6771075185111,2.0,3.0,1,train,False
Homa Bay,2014-10-01,2014,10,1,1,Minimal,0.0,1.0,0.66830422924983,0.6788186725577464,2.220837392732481,1.1791979649887083,0.6721220606146219,78.91898834875371,57.77340593474129,21.627453060848893,57.29153528790482,short_rains,658.3122810444571,1.0,3.0,1,train,False
Isiolo,2014-10-01,2014,10,2,2,Stressed,0.1579574686709959,2.1578332296694844,0.9999913459442036,-0.1029762178302721,0.6686686906962174,-0.1225534249248245,-0.9203147969124496,22.30006448049914,12.702135191808887,6.232861397720848,16.067203082778292,short_rains,121.15801476654195,2.0,3.0,1,train,False
Kajiado,2014-10-01,2014,10,1,1,Minimal,0.0,1.1046750293820726,0.9867108953580698,0.481603570013343,0.3142973906509174,-1.837145137263788,-0.8029059962963128,50.62190253819501,33.46183414756579,8.630884849978473,41.99101768821654,short_rains,244.0590119973267,2.0,3.0,1,train,False
Kakamega,2014-10-01,2014,10,1,1,Minimal,0.0,1.0,0.9996644082966224,0.2065640723940589,1.6040577508970189,1.6724727693590236,1.742415922256256,90.77377861099912,64.3204386105957,57.67906799597465,33.09471061502447,short_rains,521.962946970816,1.0,3.0,1,train,False
Kericho,2014-10-01,2014,10,1,1,Minimal,0.0,1.0,0.9997003606571904,0.5376760200750113,1.7282627037154834,0.1547358365917319,0.3878180249634767,82.94979237275554,44.00377633690846,33.68387811583288,49.265914256922656,short_rains,577.6437811642602,1.0,3.0,1,train,False
Kiambu,2014-10-01,2014,10,1,1,Minimal,0.0,1.0,0.999673347193444,0.8676136018515735,1.6493866334000762,-1.039288143452608,-0.3403313417455322,76.94376393325109,57.53551492438309,40.83024919628653,36.11351473696456,short_rains,365.1581675938478,1.0,3.0,1,train,False
Kilifi,2014-10-01,2014,10,2,2,Stressed,0.0,1.7632789005706322,0.9941835409370672,0.1733408364777247,-0.0828766711091004,-0.4204177320568335,0.1017284168001198,69.47975520749047,58.3990180509274,47.1070600934192,22.37269511407127,short_rains,485.9236308469297,2.0,3.0,1,train,False
Kirinyaga,2014-10-01,2014,10,1,1,Minimal,0.0,1.000036250746341,0.9997566177338548,0.8437416476884536,1.9928693010088296,-0.4393414870124987,-0.4643877582262377,60.62725908288617,64.98475965616403,45.71563833155238,14.911620751333793,short_rains,523.427425427593,1.0,3.0,1,train,False
Kisii,2014-10-01,2014,10,1,1,Minimal,0.0,1.0,0.9995810852329324,0.3271640986704292,2.087367477945886,0.924060707109256,0.1458783623275942,98.33451082746896,71.68461867722532,76.62979627463754,21.70471455283142,short_rains,771.8724273402603,1.0,3.0,1,train,False
Kisumu,2014-10-01,2014,10,1,1,Minimal,0.0,1.0,0.7825715876310352,0.6227310609592633,2.2975145043693628,1.860604006050596,1.407813426505706,86.91834175950468,100.0,42.488348352116205,44.42999340738848,short_rains,650.4965825795291,1.0,3.0,1,train,False
Kitui,2014-10-01,2014,10,2,2,Stressed,0.0,1.995329541202281,0.9999452921442508,0.3035056082330317,0.6576015695166061,-0.8690664547654287,-0.7927257624003707,31.731031724969053,34.14426575960039,13.061934011450374,18.66909771351868,short_rains,350.0498777837523,2.0,3.0,1,train,False
Kwale,2014-10-01,2014,10,2,2,Stressed,0.0,1.5613557594128606,0.9912437907622342,2.293113631913977,0.9563143568938608,0.1054999417341884,0.4944332823538706,68.33214355279037,66.32161095411355,50.5733090588461,17.75883449394427,short_rains,461.4118591660762,2.0,3.0,1,train,False
Laikipia,2014-10-01,2014,10,1,1,Minimal,0.0,1.434314126646291,0.9999652013738972,0.4243892456186379,0.7248228071920243,-0.3361851071680772,-1.211977997384634,60.64461995137011,41.4085168177602,24.580681312673157,36.06393863869695,short_rains,378.6133408439104,2.0,3.0,1,train,False
Lamu,2014-10-01,2014,10,1,1,Minimal,0.0,1.0,0.9772658860263104,-1.4062390686432875,-1.5910313059616057,0.5002774757978287,0.9858763760662942,74.38100911780847,82.23479446728365,75.77001831024147,-1.3890091924329937,short_rains,394.8891092289726,1.0,3.0,1,train,False
Machakos,2014-10-01,2014,10,1,1,Minimal,0.0,1.4619277803777664,0.999889161632078,0.2328476177677749,0.4548981656965761,-1.5506918436668655,-0.6617140120296636,36.70540167674829,42.90972508551611,21.02242631118576,15.682975365562527,short_rains,347.0698296320569,1.0,3.0,1,train,False
Makueni,2014-10-01,2014,10,2,2,Stressed,0.0,1.679465561535952,0.9998602616695,0.3081570132567147,-0.0096858853299046,-1.4730670802950665,-0.8289300951034578,43.01877225189613,46.49869902980938,20.845599359605576,22.173172892290555,short_rains,210.84898907247097,2.0,3.0,1,train,False
Mandera,2014-10-01,2014,10,2,2,Stressed,0.1796902948955499,2.17969029489555,0.9935191845476448,-0.6913552375240433,1.0291499760306624,-0.0094363645167774,0.4489336475720539,19.40282676635183,28.500119283346383,14.041320408869495,5.361506357482334,short_rains,147.72597818452132,2.0,3.0,1,train,False
Marsabit,2014-10-01,2014,10,2,2,Stressed,0.4108434835350395,2.4108434835350394,0.9301373558344948,-0.6720376805170409,0.6455741088926145,-0.7300738863279628,-0.0798664402585461,69.58078672970976,41.71934253358216,22.1211556022337,47.45963112747606,short_rains,183.11284628508548,3.0,3.0,1,train,True
Meru,2014-10-01,2014,10,1,1,Minimal,0.0,1.4157831718425231,0.9999076296582126,-0.1191550937106646,1.7552256868654164,-0.832410319128756,-1.268292880541868,70.28148434727954,26.567445737010203,0.0,70.28148434727954,short_rains,469.95952152110806,1.0,3.0,1,train,False
Migori,2014-10-01,2014,10,1,1,Minimal,0.0,1.0,0.8116729345870678,0.3925941734090069,1.8651756839464848,-0.406357422718757,-0.3777443589052042,72.43128522981753,60.43183982278458,35.86950599369521,36.56177923612232,short_rains,460.4970135975702,1.0,3.0,1,train,False
Mombasa,2014-10-01,2014,10,1,1,Minimal,0.0,1.0006041684983675,0.9456085030411966,0.741510320733279,-0.056155130754635,-0.7622150931935298,-0.0047473835791673,77.99753700545527,69.71913034677372,45.98900371655053,32.008533288904744,short_rains,339.4545465241538,1.0,3.0,1,train,False
Murang'a,2014-10-01,2014,10,1,1,Minimal,0.0,1.0011679908651794,0.9998268684991276,0.5663302276087671,1.7720154466915436,-1.0246063636166811,-0.5138779568903252,71.59561333430177,62.45425129309992,29.33052543642243,42.26508789787934,short_rains,600.9606534616394,1.0,3.0,1,train,False
Nairobi,2014-10-01,2014,10,1,1,Minimal,0.0,1.0,0.999331868418972,0.2620453954830632,0.7717222950652395,-1.3763589533216356,-0.5092903139913889,70.44624133570255,43.67830290453021,34.9480805986308,35.49816073707175,short_rains,349.07589029272395,1.0,3.0,1,train,False
Nakuru,2014-10-01,2014,10,1,1,Minimal,0.0,1.0,0.9757983118149,0.2871370193531737,0.4637248403512063,-0.5742219491315658,-0.2762056714038253,73.74740256438221,59.50989436520348,37.64053503009555,36.106867534286664,short_rains,337.82261196850334,1.0,3.0,1,train,False
Nandi,2014-10-01,2014,10,1,1,Minimal,0.0,1.0,0.9996627597035964,0.385039272880347,1.6484289157396632,0.9909740599923136,0.8583219652476834,60.50141233463496,56.90000270015542,35.1000611582057,25.401351176429266,short_rains,636.3375639959971,1.0,3.0,1,train,False
Narok,2014-10-01,2014,10,1,1,Minimal,0.0,1.1985651313534358,0.9926597233607634,0.8017945400649507,1.623342556140238,-0.5707984858716953,-0.3076134109232994,67.46412917538056,59.96177590311293,22.963589443418385,44.50053973196218,short_rains,449.4351533314782,2.0,3.0,1,train,False
Nyamira,2014-10-01,2014,10,1,1,Minimal,0.0,1.0,0.9997642108519644,0.0622760420675319,1.99452156235093,0.6614897412543838,0.3319621899634634,76.89955610715474,87.80313772624717,71.5412555660282,5.358300541126539,short_rains,707.0676224501927,1.0,3.0,1,train,False
Nyandarua,2014-10-01,2014,10,1,1,Minimal,0.0,1.0003271183062918,0.9998662713590224,0.3604468161355286,0.278960842874482,-0.6496044150693124,-0.5576815096239749,86.05666986639045,48.02817304078248,19.24751322257645,66.80915664381399,short_rains,478.59632261521887,1.0,3.0,1,train,False
Nyeri,2014-10-01,2014,10,1,1,Minimal,0.0,1.3902200484797762,0.9998586120217212,0.5991498207859937,1.1757996101569537,-0.4154394760953214,-0.6115825219376736,83.09229837380488,28.77076995666845,32.297294896108625,50.795003477696255,short_rains,596.5685209899478,1.0,3.0,1,train,False
Samburu,2014-10-01,2014,10,2,2,Stressed,0.245116103142821,2.245103062352798,0.9999556214490494,-0.4602279297166671,0.1467859423788071,-0.6742404130055177,-1.4823857272675085,66.58471206908413,31.880727549242568,5.971232816819426,60.61347925226471,short_rains,233.37064745956647,2.0,3.0,1,train,True
Siaya,2014-10-01,2014,10,1,1,Minimal,0.0,1.0,0.7119007907118109,0.600814571124105,1.7143733998008623,1.3185665527699693,1.2502365131127289,91.40141733341385,67.30671553020007,23.863249519560316,67.53816781385353,short_rains,703.9110029852106,1.0,3.0,1,train,False
Taita Taveta,2014-10-01,2014,10,1,1,Minimal,0.0,1.3044507704479482,0.9966744675129666,1.217353430706067,0.5587695122402203,-0.8560828447883191,-0.3220106107774406,53.982727420234426,48.96074786615735,11.43662492237378,42.546102497860645,short_rains,337.281834884778,1.0,3.0,1,train,False
Tana River,2014-10-01,2014,10,2,2,Stressed,0.0,1.604131699292017,0.9998808235364138,-0.3050627403647074,-0.1848349832395967,0.2852253429471816,-0.1241187162175252,41.0754838252738,45.33547548864794,28.435740699351825,12.639743125921974,short_rains,208.9215702880231,2.0,3.0,1,train,False
Tharaka-Nithi,2014-10-01,2014,10,2,2,Stressed,0.0,1.5737620624976976,0.9998969138004892,0.1389743547369597,1.4606408474188135,-1.203536106502225,-1.224396564288894,34.87091332231965,35.292601225668164,2.888650881764403,31.98226244055525,short_rains,386.5660928989662,2.0,3.0,1,train,False
Trans Nzoia,2014-10-01,2014,10,1,1,Minimal,0.0,1.000079835388598,0.9976864050043228,-0.0447222539275793,0.970553440174336,-0.0123323378008041,0.7404035270503906,64.61829847475322,70.14981588043536,17.87908509839183,46.73921337636139,short_rains,575.422482832226,1.0,3.0,1,train,False
Turkana,2014-10-01,2014,10,2,2,Stressed,0.1334235522446505,2.1334235522446505,0.9606028976573152,0.2704436146721518,0.7742016046050323,-0.6857923401197766,-0.4977211022879135,78.57269840567945,38.95806487278313,19.621429967228423,58.951268438451024,short_rains,134.93439886021372,2.0,3.0,1,train,True
Uasin Gishu,2014-10-01,2014,10,1,1,Minimal,0.0,1.0,0.9997765773368542,-0.076431079081741,0.8299834863719269,-0.4467761871767194,-0.0360435775014201,68.56098510070352,73.66431988359162,51.995035117974766,16.565949982728753,short_rains,466.5756532543863,1.0,3.0,1,train,False
Vihiga,2014-10-01,2014,10,1,1,Minimal,0.0,1.0,0.9994221612948908,0.3248375489176973,1.8910066101629908,1.8330075365292025,1.6083303080533955,93.93265198644802,71.66015256779338,66.43940469503268,27.493247291415344,short_rains,638.2354464495623,1.0,3.0,1,train,False
Wajir,2014-10-01,2014,10,2,2,Stressed,0.290035605020349,2.290035605020349,0.9996965645251836,-0.4337829363936109,0.1043813523434395,0.2924790962102104,0.5731760331874975,23.30510565025349,22.94342605707408,8.831029857101317,14.474075793152174,short_rains,220.92597534518788,2.0,3.0,1,train,True
West Pokot,2014-10-01,2014,10,2,2,Stressed,0.0,1.964205710791852,0.99262840390401,-0.4443809545962587,0.3790009932862214,-1.4288796950374387,-0.8887323156649068,81.11011038790224,60.31686027450812,32.37252572421628,48.73758466368596,short_rains,366.78840132412165,2.0,3.0,1,train,False
Baringo,2015-01-01,2015,1,1,1,Minimal,0.0,1.4976969435556515,0.9999043327407596,0.1448858090698373,0.6190213134646875,0.4516668328577495,0.8793815093444731,59.41602478581692,74.65179311708728,78.84766246292513,-19.431637677108206,dry_jf,407.6410955536569,2.0,3.0,1,train,True
Bomet,2015-01-01,2015,1,1,1,Minimal,0.0,1.0,0.999729073525429,-0.2029450047904224,-0.4347476313617494,0.3490373569735651,1.5369604548645213,74.16267504801156,31.2420182879534,88.51959011288379,-14.356915064872226,dry_jf,705.0356352221398,1.0,3.0,1,train,False
Bungoma,2015-01-01,2015,1,1,1,Minimal,0.0,1.0,0.9968273735961644,0.190581305855302,0.9848037032908812,1.4109887759133306,1.7538469489260775,60.05051408185974,80.01912177279992,57.6494304095261,2.401083672333641,dry_jf,684.143518918554,1.0,3.0,1,train,False
Busia,2015-01-01,2015,1,1,1,Minimal,0.0,1.0,0.9128634605516264,0.0442564299526563,0.7332702038566562,1.2284901338603715,2.0936456446947087,60.08993959207158,61.75657469430824,92.5934480564251,-32.50350846435352,dry_jf,504.89251568895395,1.0,3.0,1,train,False
Elgeyo-Marakwet,2015-01-01,2015,1,1,1,Minimal,0.0,1.000104991301782,0.9998045959873204,0.0570775691606786,0.777295942221719,0.7196933477444046,1.23069737560549,71.79591494306638,81.37664587645227,75.66268883622426,-3.866773893157884,dry_jf,424.00498148048365,1.0,3.0,1,train,False
Embu,2015-01-01,2015,1,2,2,Stressed,0.0,1.737271367468622,0.9998669115224388,-0.0259405451077906,-0.4840083752528538,-0.3372930291864221,-0.0585698282379296,47.10916668184472,34.83647977547462,14.782884794999012,32.326281886845706,dry_jf,401.4457023614595,1.0,3.0,1,train,False
Garissa,2015-01-01,2015,1,2,2,Stressed,0.120993316776184,2.1209742400319853,0.9995283438126894,-0.2874974237489121,-0.1529517472533217,-0.2928387081060524,-0.9624492544266892,28.80662407588859,26.856184892936785,36.55023095679845,-7.743606880909862,dry_jf,210.6771075185111,2.0,3.0,1,train,False
Homa Bay,2015-01-01,2015,1,1,1,Minimal,0.0,1.0,0.66830422924983,0.0103499210882693,0.2250866928975877,1.2456983344886936,2.941803565281912,46.90027913712035,43.06299376747797,62.792454351893085,-15.892175214772735,dry_jf,658.3122810444571,1.0,3.0,1,train,False
Isiolo,2015-01-01,2015,1,3,3,Crisis or worse,0.6441642735389025,2.6440400343502257,0.999989839465069,-0.0498868156240179,-0.0746558801671065,-0.0732364746716472,-0.4469248202199342,29.651546416206514,18.539743625518746,6.823267414171829,22.828279002034684,dry_jf,121.15801476654195,2.0,3.0,1,train,False
Kajiado,2015-01-01,2015,1,2,2,Stressed,0.0,1.7123234488123646,0.9866998882124024,0.2662726927561434,0.0747301664305169,0.0739861159845965,0.1757867021783307,32.95622996701436,17.482411278321663,51.71424643903989,-18.75801647202553,dry_jf,244.0590119973267,1.0,3.0,1,train,False
Kakamega,2015-01-01,2015,1,1,1,Minimal,0.0,1.0,0.9996644082966216,0.332535441669368,0.8164631472880473,1.8925678158284425,2.324861104692485,67.800182925317,73.80645075877665,91.59757948646588,-23.797396561148872,dry_jf,521.962946970816,1.0,3.0,1,train,False
Kericho,2015-01-01,2015,1,1,1,Minimal,0.0,1.0,0.9997003606571924,0.0918860100774224,-0.103758112339174,1.0362337365318812,1.8684936322514456,73.19082072975556,58.6481066825236,71.95000754887073,1.2408131808848282,dry_jf,577.6437811642602,1.0,3.0,1,train,False
Kiambu,2015-01-01,2015,1,1,1,Minimal,0.0,1.0,0.999673347193444,0.478132057710502,0.0904027878945646,0.3463939994292747,0.9796072017790144,51.43554904935076,59.66466186907774,82.9760985396525,-31.540549490301736,dry_jf,365.1581675938478,1.0,3.0,1,train,False
Kilifi,2015-01-01,2015,1,1,1,Minimal,0.0,1.4150911810161206,0.9941797929276244,1.5250877557625029,0.8535618070141903,0.7452985875227064,-0.3843476071871597,40.66520241514833,70.14599829514462,62.84946258649793,-22.1842601713496,dry_jf,485.9236308469297,2.0,3.0,1,train,False
Kirinyaga,2015-01-01,2015,1,1,1,Minimal,0.0,1.0053350182541043,0.9997822519337244,-0.0326418044475764,-0.3500003395071997,0.1060321613530429,0.6694474630585305,33.250177131195954,41.01422893216205,99.39626518615732,-66.14608805496137,dry_jf,523.427425427593,1.0,3.0,1,train,False
Kisii,2015-01-01,2015,1,1,1,Minimal,0.0,1.0,0.9995810852329328,0.0884958979150377,-0.1604160093908558,1.18510468484928,2.326886405003238,76.64382609760733,57.484732759687766,90.4333765629156,-13.789550465308267,dry_jf,771.8724273402603,1.0,3.0,1,train,False
Kisumu,2015-01-01,2015,1,1,1,Minimal,0.0,1.0,0.7825715876310352,0.3311299308620147,0.4775242200000531,1.6507728466360967,2.854111105049096,59.39320391359864,44.41902734202899,54.53878438248523,4.8544195311134075,dry_jf,650.4965825795291,1.0,3.0,1,train,False
Kitui,2015-01-01,2015,1,2,2,Stressed,0.0,1.996489822796806,0.9999456102629638,-0.2114334712168714,-0.4986448043475561,-0.4853850511983139,-0.7208210435120034,50.43803759189029,45.83569304060736,6.524684899790467,43.91335269209983,dry_jf,350.0498777837523,2.0,3.0,1,train,False
Kwale,2015-01-01,2015,1,2,2,Stressed,0.0,1.5617253829720128,0.9912437907622343,1.4801001905434017,1.1176085598829926,1.1962833012920864,0.7279781258413653,55.20118497350745,65.90595124094389,62.059433914842224,-6.858248941334772,dry_jf,461.4118591660762,2.0,3.0,1,train,False
Laikipia,2015-01-01,2015,1,1,1,Minimal,0.0,1.434314126646291,0.9999652013738972,0.0707826811023777,0.2532621432127209,0.5771649440141033,1.21306902398314,41.79549195491233,44.754490043602914,67.61238878037351,-25.81689682546118,dry_jf,378.6133408439104,1.0,3.0,1,train,False
Lamu,2015-01-01,2015,1,2,2,Stressed,0.0,1.9545114448601848,0.977293826433586,0.3414610999967989,0.3437379269966557,-0.2507211343034266,-1.4685867176837308,56.14574178548377,63.23297337980105,76.55188074359782,-20.40613895811405,dry_jf,394.8891092289726,1.0,3.0,1,train,False
Machakos,2015-01-01,2015,1,1,1,Minimal,0.0,1.0131112762311716,0.999926082286373,-0.3244382414869958,-0.6122453189507148,-0.606815020738257,-0.1981125796490287,59.24681006243205,27.34584593116617,16.037851503544132,43.208958558887915,dry_jf,347.0698296320569,1.0,3.0,1,train,False
Makueni,2015-01-01,2015,1,2,2,Stressed,0.0,1.8768516193409288,0.9999276596696668,-0.1552557894628689,-0.3378927707635961,-0.3442309636269128,-0.3518872104995388,55.05829161886415,37.0469998902104,19.78397976746789,35.27431185139626,dry_jf,210.84898907247097,2.0,3.0,1,train,False
Mandera,2015-01-01,2015,1,2,2,Stressed,0.0,2.0,0.9935104441286544,-0.5708313840461647,0.1825267360492991,0.186867438574576,-0.4135288779003114,21.738988183924278,48.82968622967297,35.99148201249113,-14.252493828566855,dry_jf,147.72597818452132,2.0,3.0,1,train,False
Marsabit,2015-01-01,2015,1,2,2,Stressed,0.0,2.0,0.9301329759074554,0.1321993822333459,-0.0974319143914898,-0.0696294624540611,-0.1463161595109941,21.37682487509468,21.505966956350704,29.290076875082526,-7.913251999987846,dry_jf,183.11284628508548,2.0,3.0,1,train,True
Meru,2015-01-01,2015,1,1,1,Minimal,0.0,1.4157831718425231,0.9999076296582128,-0.1896673987328911,-0.4081068883711877,-0.2833406342950917,-0.2074103254917731,36.08142617855337,30.526279208392143,47.40908393291771,-11.327657754364338,dry_jf,469.95952152110806,1.0,3.0,1,train,False
Migori,2015-01-01,2015,1,1,1,Minimal,0.0,1.0,0.8116729345870678,-0.0754541040810387,-0.0020608095605716,0.7408177064859237,2.5118709018496843,70.13695213186939,55.01242884294805,97.7700706271952,-27.633118495325803,dry_jf,460.4970135975702,1.0,3.0,1,train,False
Mombasa,2015-01-01,2015,1,1,1,Minimal,0.0,1.0025092355253338,0.9456274732682326,2.071912304513428,1.1707074875432617,0.972714152672304,0.0600992581875171,55.325933518626535,74.50746729666335,82.09175471249105,-26.765821193864518,dry_jf,339.4545465241538,1.0,3.0,1,train,False
Murang'a,2015-01-01,2015,1,1,1,Minimal,0.0,1.0,0.9998129313529576,0.1031413965111071,-0.2141381207006141,0.1136223722007301,0.5421243192456027,66.68253317617507,61.18918415361581,79.17139865390192,-12.488865477726847,dry_jf,600.9606534616394,1.0,3.0,1,train,False
Nairobi,2015-01-01,2015,1,1,1,Minimal,0.0,1.0038697666512075,0.9993498446852958,0.3312775519737768,0.1506699889781007,0.2153925958343463,0.9355577529041674,36.10085222375139,46.66395664732433,77.17721252472258,-41.07636030097119,dry_jf,349.07589029272395,1.0,3.0,1,train,False
Nakuru,2015-01-01,2015,1,1,1,Minimal,0.0,1.0,0.9757983118149,0.0340114787386062,-0.1208077895672218,0.1737815865207118,0.820303220178318,51.036743889745765,35.63539916380565,66.42035109001505,-15.383607200269282,dry_jf,337.82261196850334,1.0,3.0,1,train,False
Nandi,2015-01-01,2015,1,1,1,Minimal,0.0,1.0,0.9996627597035956,0.2166054407036997,0.611453968026868,1.7322862903769505,2.321416025284543,80.50787793957456,81.86321435184495,71.25513063883025,9.252747300744304,dry_jf,636.3375639959971,1.0,3.0,1,train,False
Narok,2015-01-01,2015,1,1,1,Minimal,0.0,1.0,0.9926538206670448,0.0842744546829416,-0.1620311746949634,0.4904353010819782,2.197631873834362,46.03652259274232,23.59026988484088,90.73988840428328,-44.703365811540955,dry_jf,449.4351533314782,1.0,3.0,1,train,False
Nyamira,2015-01-01,2015,1,1,1,Minimal,0.0,1.0,0.9997642108519644,0.0752267093551035,-0.0977962653907995,1.1075945863689152,1.966308963565853,71.50828772017518,31.04079205447636,89.14065814358929,-17.632370423414116,dry_jf,707.0676224501927,1.0,3.0,1,train,False
Nyandarua,2015-01-01,2015,1,1,1,Minimal,0.0,1.0003271183062918,0.9998662713590224,-0.0459700759695766,-0.1727825007920668,-0.0374365058903339,0.7009989320721208,61.49640968757697,26.817336901768947,87.94866016780077,-26.452250480223796,dry_jf,478.59632261521887,1.0,3.0,1,train,False
Nyeri,2015-01-01,2015,1,1,1,Minimal,0.0,1.3902200484797762,0.9998586120217212,0.012115368480654,-0.0148453393485283,0.335768826745953,0.8125643025920796,40.088820792605766,42.00230561714374,85.1551397406768,-45.066318948071036,dry_jf,596.5685209899478,1.0,3.0,1,train,False
Samburu,2015-01-01,2015,1,2,2,Stressed,0.0005882230904349,2.0005751821181006,0.9999416421807176,0.1456281007104161,-0.0898719936427292,-0.0999385963273814,0.4181839758031189,44.58649873918765,36.31156472612195,53.97529785909592,-9.38879911990827,dry_jf,233.37064745956647,2.0,3.0,1,train,True
Siaya,2015-01-01,2015,1,1,1,Minimal,0.0,1.0,0.7119007907118109,0.2287363903760579,0.6322480721623853,1.2737161635753074,2.70981645952691,40.53334880047759,39.88411484882306,74.52485029265614,-33.99150149217855,dry_jf,703.9110029852106,1.0,3.0,1,train,False
Taita Taveta,2015-01-01,2015,1,1,1,Minimal,0.0,1.3432643764097074,0.9966754269192268,0.6608137616021342,0.453872650884514,0.4700924159976944,-0.2168695167325897,48.59518558160398,28.367671935343186,18.14019530013347,30.454990281470508,dry_jf,337.281834884778,1.0,3.0,1,train,False
Tana River,2015-01-01,2015,1,2,2,Stressed,0.0047279694077581,1.8905170310598975,0.999891662159616,-0.1940847521363361,-0.0831360464297457,-0.1257475878437916,-0.685441695759629,39.17518583314787,46.58279367521003,17.05831716296937,22.1168686701785,dry_jf,208.9215702880231,2.0,3.0,1,train,False
Tharaka-Nithi,2015-01-01,2015,1,2,2,Stressed,0.0,1.5737620624976976,0.9998969138004892,0.0322412885285273,-0.3773936482854838,-0.2944257732398477,-0.2647933721650805,27.580047552251752,29.017826490137047,14.344919166127845,13.235128386123908,dry_jf,386.5660928989662,2.0,3.0,1,train,False
Trans Nzoia,2015-01-01,2015,1,1,1,Minimal,0.0,1.0,0.997686329629118,0.1101758307342553,1.2700277161979954,1.6471756867195304,1.910524324601104,66.07069757294146,81.72638330268657,84.95798827630911,-18.887290703367654,dry_jf,575.422482832226,1.0,3.0,1,train,False
Turkana,2015-01-01,2015,1,2,2,Stressed,0.0,1.999749038495512,0.9605954412127692,-0.1040316898337931,0.6061977912692356,0.8202665075659652,1.1238240178010654,44.95395752451047,54.10850012537923,59.19382613884114,-14.239868614330668,dry_jf,134.93439886021372,2.0,3.0,1,train,True
Uasin Gishu,2015-01-01,2015,1,1,1,Minimal,0.0,1.0,0.9997765773368542,0.2415268831664244,0.7791249759139245,1.1685385046564876,1.5762822854502168,59.28543885619973,69.63870046195782,94.1388181222437,-34.85337926604397,dry_jf,466.5756532543863,1.0,3.0,1,train,False
Vihiga,2015-01-01,2015,1,1,1,Minimal,0.0,1.0,0.9994221612948908,0.4826932172257904,0.7497070853408488,1.7768905217621116,2.69719581615344,67.85667496397237,72.65780704569681,84.25619121732741,-16.399516253355046,dry_jf,638.2354464495623,1.0,3.0,1,train,False
Wajir,2015-01-01,2015,1,2,2,Stressed,0.2082612594271702,2.20826125942717,0.9996951729683528,-0.5749632641326199,-0.1369804149026094,-0.149101711030908,-0.674909219899869,13.37708559975726,24.26096178679289,11.238295733074478,2.1387898666827816,dry_jf,220.92597534518788,2.0,3.0,1,train,True
West Pokot,2015-01-01,2015,1,1,1,Minimal,0.0,1.3722601842683169,0.992638277323728,-0.2466118174466976,0.8464245946649849,0.8539293269096573,1.5639187420198772,63.15608129614419,84.80773872136945,85.48246470130671,-22.326383405162524,dry_jf,366.78840132412165,2.0,3.0,1,train,False
Baringo,2015-04-01,2015,4,1,1,Minimal,0.0,1.414528727274044,0.9998978463856146,-1.6034473072216768,-1.730373890912502,-0.4025334842104064,-0.2146831652937662,3.6238197872249343,8.694328260400926,29.94068291553065,-26.316863128305716,long_rains,407.6410955536569,1.0,3.0,1,train,True
Bomet,2015-04-01,2015,4,1,1,Minimal,0.0,1.0,0.999729073525429,-1.1424617872333154,-2.087522996992937,-1.5512466987641278,-1.1289518490895831,0.0,33.533954325198216,55.48616462642848,-55.48616462642848,long_rains,705.0356352221398,1.0,3.0,1,train,False
Bungoma,2015-04-01,2015,4,1,1,Minimal,0.0,1.0,0.9968273735961644,-1.2797596318498112,-2.1595690888488206,-0.339689575680654,-0.4457396235638723,6.789924237159995,17.73776757912816,37.35515129058621,-30.565227053426213,long_rains,684.143518918554,1.0,3.0,1,train,False
Busia,2015-04-01,2015,4,1,1,Minimal,0.0,1.0,0.9128634605516264,-0.9557985269506474,-2.018431266075916,-0.4303533148842721,-0.6286127275406284,0.0,12.679528718544889,40.03211689361607,-40.03211689361607,long_rains,504.89251568895395,1.0,3.0,1,train,False
Elgeyo-Marakwet,2015-04-01,2015,4,1,1,Minimal,0.0,1.000104991301782,0.9998045959873204,-1.6239560621807734,-2.129215610620148,-0.2627619361309174,-0.3339168473622793,0.0,5.642785797933897,41.97670042480444,-41.97670042480444,long_rains,424.00498148048365,1.0,3.0,1,train,False
Embu,2015-04-01,2015,4,2,2,Stressed,0.0,1.737271367468622,0.9998669115224388,-0.6728551465921916,-0.7586863557252714,-0.7563699282484017,-0.4319489751369335,16.2681099633675,2.912945852756013,13.144783521805358,3.123326441562142,long_rains,401.4457023614595,2.0,3.0,1,train,False
Garissa,2015-04-01,2015,4,2,2,Stressed,0.2514744989560136,2.021015605152224,0.9995493239719204,0.6231046694213431,0.3927890440187919,-0.0825420375246467,0.060061376126703,41.992411100802784,9.067381809428474,20.958567688574156,21.033843412228627,long_rains,210.6771075185111,2.0,3.0,1,train,False
Homa Bay,2015-04-01,2015,4,1,1,Minimal,0.0,1.0,0.66830422924983,-0.8317031718111706,-2.0036458789152087,-0.8671982545551213,-0.7822362471449114,0.0,0.0,16.932382264603884,-16.932382264603884,long_rains,658.3122810444571,1.0,3.0,1,train,False
Isiolo,2015-04-01,2015,4,3,3,Crisis or worse,0.6514338097597191,2.651348066890511,0.9999892800402972,0.2344022112075804,-0.0179087284300007,-0.1323304650083847,-0.024025369361081,11.075515270188156,3.487756314013517,14.814410740291544,-3.7388954701033885,long_rains,121.15801476654195,3.0,3.0,1,train,False
Kajiado,2015-04-01,2015,4,1,1,Minimal,0.0,1.1358211389162636,0.9867102659870032,-0.6955242715135909,-1.0310115106110702,-0.6557762089165287,-0.3586644058204805,6.9706658964677,11.330743738494563,21.31877448728033,-14.348108590812629,long_rains,244.0590119973267,2.0,3.0,1,train,False
Kakamega,2015-04-01,2015,4,1,1,Minimal,0.0,1.0,0.999664408296622,-1.1590020717394576,-2.0854118280006464,-0.66174023253666,-0.6626867411596394,0.0,2.1026603625224745,33.39703750326464,-33.39703750326464,long_rains,521.962946970816,1.0,3.0,1,train,False
Kericho,2015-04-01,2015,4,1,1,Minimal,0.0,1.0,0.9997003606571904,-0.8821210468157362,-1.8735008975311316,-1.2123579594760696,-0.8938702829077445,1.7845468133337823,9.032973563212568,41.96976650652601,-40.185219693192224,long_rains,577.6437811642602,1.0,3.0,1,train,False
Kiambu,2015-04-01,2015,4,1,1,Minimal,0.0,1.0,0.999673347193444,-0.6684889134132503,-0.8647706608734291,-0.5438515980321806,-0.3574083407877639,9.786633068880793,31.019061394023225,38.30647826686766,-28.519845197986864,long_rains,365.1581675938478,1.0,3.0,1,train,False
Kilifi,2015-04-01,2015,4,2,2,Stressed,0.0,1.6908305032828308,0.9941733284503896,1.2177119865114985,0.7248940918419213,0.9315522172645676,1.264240918635879,31.940366442731985,27.06983612796491,33.06005768717247,-1.1196912444404816,long_rains,485.9236308469297,1.0,3.0,1,train,False
Kirinyaga,2015-04-01,2015,4,1,1,Minimal,0.0,1.0053350182541043,0.9997822519337232,-0.8176311550683298,-0.7884634746387007,-0.6709965534993199,-0.4782421624423312,0.0,26.84319605621332,42.28857236490119,-42.28857236490119,long_rains,523.427425427593,1.0,3.0,1,train,False
Kisii,2015-04-01,2015,4,1,1,Minimal,0.0,1.0,0.9995810852329324,-1.048705410268048,-2.378149659536718,-1.5124264712832345,-1.081584255448778,0.0,8.9194073326324,38.81894579838465,-38.81894579838465,long_rains,771.8724273402603,1.0,3.0,1,train,False
Kisumu,2015-04-01,2015,4,1,1,Minimal,0.0,1.0,0.7825715876310352,-0.875661553125458,-2.0468838966358103,-0.7813481862731525,-0.6184375755557036,0.0,3.3583997255294125,21.07574089343756,-21.07574089343756,long_rains,650.4965825795291,1.0,3.0,1,train,False
Kitui,2015-04-01,2015,4,2,2,Stressed,0.0,1.994644402605614,0.9999464587947052,-0.6632390631720505,-1.0088696631697245,-0.8705540143233331,-0.5013228188318156,12.094357392717871,11.614302636894898,32.610664490330905,-20.516307097613034,long_rains,350.0498777837523,2.0,3.0,1,train,False
Kwale,2015-04-01,2015,4,2,2,Stressed,0.0,1.5613557594128606,0.9912437907622342,1.1584878936599423,0.3850817098408979,1.041348862186057,1.119259933891382,21.176320980619703,16.218269496666146,24.74532776941768,-3.569006788797978,long_rains,461.4118591660762,2.0,3.0,1,train,False
Laikipia,2015-04-01,2015,4,2,2,Stressed,0.0,1.9048136396451507,0.9999614994912924,-0.7005823865127304,-0.6635988898977307,-0.2033115019379569,-0.0218869651996749,4.460209191240079,1.3623812489961424,12.974932851754382,-8.514723660514303,long_rains,378.6133408439104,1.0,3.0,1,train,False
Lamu,2015-04-01,2015,4,1,1,Minimal,0.0,1.0,0.9772658860263104,1.3621954644400978,1.1137326796694875,0.5820290747295936,0.7190520877930627,38.56326945885233,28.06895240554399,43.20716709692381,-4.643897638071479,long_rains,394.8891092289726,2.0,3.0,1,train,False
Machakos,2015-04-01,2015,4,1,1,Minimal,0.0,1.0099720330081918,0.9999220627037928,-0.8774964416381674,-1.0974668754627344,-1.112251862048792,-0.8159957618059711,19.11442808934468,17.714912205465076,29.672281568261383,-10.557853478916702,long_rains,347.0698296320569,1.0,3.0,1,train,False
Makueni,2015-04-01,2015,4,1,1,Minimal,0.0,1.426853184081701,0.9998733257861332,-0.398399600127269,-0.8746575284944291,-0.7806806726601596,-0.552458267772235,6.216307716019898,12.69464012272084,27.19540539713142,-20.979097681111522,long_rains,210.84898907247097,2.0,3.0,1,train,False
Mandera,2015-04-01,2015,4,2,2,Stressed,0.0,2.0,0.9935104441286544,0.2711243179014374,0.1446014761301151,0.1510610473653814,0.5784259161701539,28.507926756802394,1.9287790803492848,8.021963414385596,20.4859633424168,long_rains,147.72597818452132,2.0,3.0,1,train,False
Marsabit,2015-04-01,2015,4,2,2,Stressed,0.2977780536436492,2.297778053643649,0.9301373421877136,-1.1271221899730812,-1.402379928869439,-0.6500926654241819,-0.2118988090765189,1.6744717699637757,5.728424461527406,11.973315841604572,-10.298844071640797,long_rains,183.11284628508548,2.0,3.0,1,train,True
Meru,2015-04-01,2015,4,1,1,Minimal,0.0,1.415992132473732,0.999908101123714,-0.2997240982092655,-0.6178982662464931,-0.6205806707255502,-0.3657471789766242,10.122439104148436,0.0,12.987146436167368,-2.8647073320189325,long_rains,469.95952152110806,1.0,3.0,1,train,False
Migori,2015-04-01,2015,4,1,1,Minimal,0.0,1.0,0.8116729345870676,-0.8384515129212894,-2.228024207523391,-1.1640142787075858,-1.0508869863467885,0.0,0.0,31.837861159696946,-31.837861159696946,long_rains,460.4970135975702,1.0,3.0,1,train,False
Mombasa,2015-04-01,2015,4,1,1,Minimal,0.0,1.0006041684983675,0.9456085030411966,1.4830516513967278,0.9584357514015936,1.241899623322378,1.5324187485726164,40.465911568607176,35.57295519249932,31.848475850794017,8.617435717813159,long_rains,339.4545465241538,1.0,3.0,1,train,False
Murang'a,2015-04-01,2015,4,1,1,Minimal,0.0,1.0,0.9998129313529576,-0.8015006538037862,-0.8435819503891214,-0.6746085319239477,-0.4017828678461099,27.95622012537981,33.546895409405735,41.11807880091671,-13.161858675536902,long_rains,600.9606534616394,1.0,3.0,1,train,False
Nairobi,2015-04-01,2015,4,1,1,Minimal,0.0,1.0,0.9993318684189716,-0.6970172200710246,-0.882343002976115,-0.5345499974897647,-0.4154596044330573,13.519516664571965,18.989546960962823,21.91380563527353,-8.394288970701565,long_rains,349.07589029272395,1.0,3.0,1,train,False
Nakuru,2015-04-01,2015,4,1,1,Minimal,0.0,1.0,0.9757983118149,-0.9743831238509084,-1.135290717835523,-0.7826565212179705,-0.6978886063766327,8.32142276575714,14.867067343705354,30.270933296064705,-21.949510530307563,long_rains,337.82261196850334,1.0,3.0,1,train,False
Nandi,2015-04-01,2015,4,1,1,Minimal,0.0,1.0,0.9996627597035964,-1.028466447748485,-2.009745446577293,-0.7011931037021384,-0.7557941253377705,0.0,8.719584525010715,45.12400229857067,-45.12400229857067,long_rains,636.3375639959971,1.0,3.0,1,train,False
Narok,2015-04-01,2015,4,1,1,Minimal,0.0,1.0,0.9926538206670446,-1.004673412607137,-1.9239976958979623,-1.3310202366088066,-1.026808320431855,0.0,14.944075886779595,41.83388059926615,-41.83388059926615,long_rains,449.4351533314782,1.0,3.0,1,train,False
Nyamira,2015-04-01,2015,4,1,1,Minimal,0.0,1.0,0.9997642108519644,-1.0936236449284034,-2.2619243120584818,-1.3750430483368985,-0.9213224395022128,0.0,4.8765766287120105,35.60611664809393,-35.60611664809393,long_rains,707.0676224501927,1.0,3.0,1,train,False
Nyandarua,2015-04-01,2015,4,1,1,Minimal,0.0,1.0012708819238296,0.999877973768995,-0.7940266658880262,-0.8801015406677645,-0.6515483230609541,-0.6214931823595161,17.88352667989541,25.7647256253784,46.93916999966279,-29.055643319767377,long_rains,478.59632261521887,1.0,3.0,1,train,False
Nyeri,2015-04-01,2015,4,1,1,Minimal,0.0,1.3904877355173728,0.9998584883435062,-0.7513491228178194,-0.7508730861518313,-0.4344869402228534,-0.2964773617268096,10.24592383365567,23.13773364147104,31.938185053301904,-21.692261219646234,long_rains,596.5685209899478,1.0,3.0,1,train,False
Samburu,2015-04-01,2015,4,2,2,Stressed,0.0005882230904349,2.000588223090435,0.9999416421807176,-0.5618808907102628,-0.725140102209271,-0.4520500929621757,-0.269126437052424,12.510337989548448,5.198404721335504,22.11845709544576,-9.60811910589731,long_rains,233.37064745956647,2.0,3.0,1,train,True
Siaya,2015-04-01,2015,4,1,1,Minimal,0.0,1.0,0.7119007907118109,-0.7227225451395571,-1.737719706923485,-0.3876645758181655,-0.5090233787322026,0.0,0.0,30.673812647451776,-30.673812647451776,long_rains,703.9110029852106,1.0,3.0,1,train,False
Taita Taveta,2015-04-01,2015,4,1,1,Minimal,0.0,1.3426340719085608,0.9966744675129676,0.1338104014779929,-0.4393002718077464,0.1066417379200522,0.3546290360505776,9.135257008352443,9.486404990681702,25.505086588448403,-16.36982958009596,long_rains,337.281834884778,1.0,3.0,1,train,False
Tana River,2015-04-01,2015,4,2,2,Stressed,0.0025490177687375,1.5929261667916623,0.9998841708765072,0.0772804082383962,-0.2352189832167829,-0.203176619945804,-0.0291839776571732,34.72157645715432,15.422551520251435,28.678984042160472,6.042592414993848,long_rains,208.9215702880231,2.0,3.0,1,train,False
Tharaka-Nithi,2015-04-01,2015,4,2,2,Stressed,0.0,1.5737620624976976,0.9998969138004892,-0.2524167860024309,-0.5315367347165647,-0.5671894445157062,-0.3138406136073202,29.808437382258507,0.0,16.98547352202525,12.822963860233259,long_rains,386.5660928989662,2.0,3.0,1,train,False
Trans Nzoia,2015-04-01,2015,4,1,1,Minimal,0.0,1.0,0.997686329629118,-1.4986887273260183,-2.115291385889749,0.0114138941032918,-0.5402422275131049,0.0,7.283478325390498,28.28129203427501,-28.28129203427501,long_rains,575.422482832226,1.0,3.0,1,train,False
Turkana,2015-04-01,2015,4,2,2,Stressed,0.0405666353565521,2.040315674133903,0.9605965199981584,-1.342004500724718,-1.5968903074603162,-0.4302238220243617,0.1940616313181994,13.751882947171794,11.829154110147988,29.93519723100908,-16.183314283837287,long_rains,134.93439886021372,2.0,3.0,1,train,True
Uasin Gishu,2015-04-01,2015,4,1,1,Minimal,0.0,1.0,0.9997765773368542,-1.32077970688786,-2.0496042343510013,-0.423919816636537,-0.3671091203772177,0.0,8.270170519259333,34.853779892700864,-34.853779892700864,long_rains,466.5756532543863,1.0,3.0,1,train,False
Vihiga,2015-04-01,2015,4,1,1,Minimal,0.0,1.0,0.9994221612948908,-1.0616126021588368,-1.9828281580729945,-0.5088660703335517,-0.5869388654765381,0.0,7.5901991907036175,22.30427415087241,-22.30427415087241,long_rains,638.2354464495623,1.0,3.0,1,train,False
Wajir,2015-04-01,2015,4,2,2,Stressed,0.2568801722757163,2.256880172275716,0.9996811168520446,0.647265695943314,0.4238841265197718,-0.0828053253237996,0.1199448487180201,32.35120419788386,0.0,2.468304087811217,29.882900110072644,long_rains,220.92597534518788,2.0,3.0,1,train,True
West Pokot,2015-04-01,2015,4,1,1,Minimal,0.0,1.3722601842683169,0.992638277323728,-1.8781444900495796,-2.372796033489166,-0.3627488899464635,-0.4963297748507616,1.665378625196197,9.255191513556593,32.87396217195564,-31.208583546759442,long_rains,366.78840132412165,1.0,3.0,1,train,False
Baringo,2015-07-01,2015,7,1,1,Minimal,0.0,1.4567850854269482,0.9998992301860676,0.3548326787904446,0.4327328994907715,-0.3311882750241519,-0.207938322478063,57.62113534595444,71.51987383727717,46.18527580116938,11.43585954478506,dry_jjas,407.6410955536569,1.0,3.0,1,train,True
Bomet,2015-07-01,2015,7,1,1,Minimal,0.0,1.0,0.999729073525429,1.6070289108562146,3.312940490626352,0.6817139054624813,0.1769969611114896,82.20937202218445,45.787382914532685,3.395127780694504,78.81424424148994,dry_jjas,705.0356352221398,1.0,3.0,1,train,False
Bungoma,2015-07-01,2015,7,1,1,Minimal,0.0,1.0,0.9968273735961646,1.7634298503822174,2.0972027244833003,-0.0413822009038772,-0.6185437534567043,81.22104145832914,24.76713876377948,15.877786774220022,65.34325468410911,dry_jjas,684.143518918554,1.0,3.0,1,train,False
Busia,2015-07-01,2015,7,1,1,Minimal,0.0,1.0,0.9128634605516264,2.382386910679442,2.860230149390862,0.5180965635856885,-0.1737870888352496,100.0,97.41596615216233,31.39557355984781,68.6044264401522,dry_jjas,504.89251568895395,1.0,3.0,1,train,False
Elgeyo-Marakwet,2015-07-01,2015,7,1,1,Minimal,0.0,1.0001078826034402,0.9998045959873204,0.7624240672176921,0.4670611292427811,-0.470738487539125,-0.5544809326374293,90.95207135095464,79.84440515954763,43.71621800055935,47.23585335039529,dry_jjas,424.00498148048365,1.0,3.0,1,train,False
Embu,2015-07-01,2015,7,2,2,Stressed,0.0,1.737271367468622,0.9998669115224388,-0.8762650065084787,0.7788032491925616,0.2304492068639947,0.6992548046890403,70.4295488133069,30.4016604346306,70.92866265989939,-0.49911384659249336,dry_jjas,401.4457023614595,2.0,3.0,1,train,False
Garissa,2015-07-01,2015,7,2,2,Stressed,0.0,1.993151309670935,0.9995423747732204,-0.5944932325958363,0.6017859652187064,0.5665639508246407,0.9118431684441728,44.23838367079536,49.7774868492096,65.69407463263256,-21.455690961837206,dry_jjas,210.6771075185111,2.0,3.0,1,train,False
Homa Bay,2015-07-01,2015,7,1,1,Minimal,0.0,1.0,0.66830422924983,2.3691363457907446,3.100416305318929,0.6626542512961795,0.0480594276786702,77.14874721456842,100.0,56.94370212627816,20.205045088290255,dry_jjas,658.3122810444571,1.0,3.0,1,train,False
Isiolo,2015-07-01,2015,7,2,2,Stressed,0.4928716127210195,2.49278586964221,0.999986835534499,-0.965728708986434,0.5420696032968141,0.34993631172431,0.4736661173239168,11.662197666171554,19.095559296353727,23.26880166111286,-11.606603994941306,dry_jjas,121.15801476654195,3.0,3.0,1,train,False
Kajiado,2015-07-01,2015,7,2,2,Stressed,0.0,1.71251838526459,0.986701352873605,0.1106737869550612,1.236395593053509,0.0754101063842377,0.4186544735137041,40.725173902201306,33.26260560576876,28.681054930889708,12.044118971311597,dry_jjas,244.0590119973267,1.0,3.0,1,train,False
Kakamega,2015-07-01,2015,7,1,1,Minimal,0.0,1.0,0.9996644082966216,1.4007759278810883,2.571942469503587,0.3227156881051919,-0.3133709641441677,87.02821898074953,55.34965892172024,21.95461853989269,65.07360044085684,dry_jjas,521.962946970816,1.0,3.0,1,train,False
Kericho,2015-07-01,2015,7,1,1,Minimal,0.0,1.0,0.9997003606571906,1.2092725532013937,2.1723206640415853,0.3454543537445554,0.1563225910337334,90.03282847140987,61.80181350990628,57.1633435329345,32.869484938475374,dry_jjas,577.6437811642602,1.0,3.0,1,train,False
Kiambu,2015-07-01,2015,7,1,1,Minimal,0.0,1.0,0.9996733471934438,0.5950882798370511,0.6473427460057677,0.0172878048885217,0.3084345809638846,85.80767097558109,21.530135256218365,48.22436100166462,37.58330997391647,dry_jjas,365.1581675938478,1.0,3.0,1,train,False
Kilifi,2015-07-01,2015,7,2,2,Stressed,0.0,1.751349028240912,0.9941545741747292,-0.4625205306815256,1.099550711504139,1.4282737581029568,0.8404002771947072,69.432381908512,69.20617491599127,65.69894354828594,3.73343836022606,dry_jjas,485.9236308469297,2.0,3.0,1,train,False
Kirinyaga,2015-07-01,2015,7,1,1,Minimal,0.0,1.0053350182541043,0.9997822519337244,-0.5566120643493161,0.6792141942261137,0.2095789444424406,0.7569317584005878,98.9642560761001,0.0,44.52701191170678,54.43724416439332,dry_jjas,523.427425427593,1.0,3.0,1,train,False
Kisii,2015-07-01,2015,7,1,1,Minimal,0.0,1.0,0.9995810852329324,1.6170989826346749,2.9946437209191235,0.5408394348066876,0.3200012945805492,76.10323901109341,16.2974614602712,0.0,76.10323901109341,dry_jjas,771.8724273402603,1.0,3.0,1,train,False
Kisumu,2015-07-01,2015,7,1,1,Minimal,0.0,1.0,0.7825715876310352,1.5677795346298595,2.71055858097279,0.3840030817197822,-0.0195208302246781,72.04668045545114,78.09220032265172,59.07625682895003,12.970423626501109,dry_jjas,650.4965825795291,1.0,3.0,1,train,False
Kitui,2015-07-01,2015,7,2,2,Stressed,0.0,1.9951186529605145,0.9999459528514596,-0.8220467022450152,1.1921568376545806,0.2418604562447561,0.252226714473025,47.50749402549645,58.94821529707979,52.4126285844842,-4.905134558987754,dry_jjas,350.0498777837523,2.0,3.0,1,train,False
Kwale,2015-07-01,2015,7,2,2,Stressed,0.0,1.5613557594128606,0.9912437907622342,0.0540234204076409,0.5313699480037942,0.6420327134229239,0.2184462830542785,61.09547848023631,59.7092089267906,50.83082491454228,10.264653565694026,dry_jjas,461.4118591660762,2.0,3.0,1,train,False
Laikipia,2015-07-01,2015,7,2,2,Stressed,0.0,1.9048136396451507,0.9999614994912924,-0.5570550754991056,0.5862758079644717,0.0360755739393843,0.589639063122526,63.31972509441984,73.8707994122669,39.257633832108375,24.062091262311462,dry_jjas,378.6133408439104,2.0,3.0,1,train,False
Lamu,2015-07-01,2015,7,1,1,Minimal,0.0,1.0007205978973983,0.97726615584521,-0.7525229955513639,-0.1762078145765122,0.0451938949821028,0.6148934742027069,72.17782534040975,58.984428158134726,47.3512230522942,24.826602288115552,dry_jjas,394.8891092289726,1.0,3.0,1,train,False
Machakos,2015-07-01,2015,7,1,1,Minimal,0.0,1.0131112762311716,0.999926082286373,-0.4888915131732086,1.144067162705411,0.1667783004032627,0.3979644517673238,62.19235569284189,46.96194211485091,57.32508936449617,4.867266328345721,dry_jjas,347.0698296320569,1.0,3.0,1,train,False
Makueni,2015-07-01,2015,7,2,2,Stressed,0.0,1.7108756719679667,0.9999203027119145,-0.5908084669790931,1.829942626824083,0.6859204779454938,0.8294451200842147,47.93601550703452,46.2217326396278,51.79026699128518,-3.8542514842506606,dry_jjas,210.84898907247097,1.0,3.0,1,train,False
Mandera,2015-07-01,2015,7,2,2,Stressed,0.0,2.0,0.9935104441286544,-0.4321338810996727,0.4380731741346215,0.3356352514732917,0.547879038185408,53.14416971647088,28.26150062098322,46.99915917623511,6.145010540235766,dry_jjas,147.72597818452132,2.0,3.0,1,train,False
Marsabit,2015-07-01,2015,7,2,2,Stressed,0.0001976127764268,2.000197612776427,0.9301329762150664,-0.7351969510565547,0.954834064245024,0.2635710500302309,0.483522103736167,23.614191095339827,37.37927569406274,25.99543184532517,-2.381240749985345,dry_jjas,183.11284628508548,2.0,3.0,1,train,True
Meru,2015-07-01,2015,7,1,1,Minimal,0.0,1.415992132473734,0.9999081011237164,-0.8979989991750049,1.2926590963216866,0.670689974528832,1.0939708198692164,57.848656346043335,38.25015307564084,68.41849912928537,-10.56984278324203,dry_jjas,469.95952152110806,1.0,3.0,1,train,False
Migori,2015-07-01,2015,7,1,1,Minimal,0.0,1.0,0.8116729345870678,2.097194340545488,2.88565340320686,0.3289372351569696,-0.1619245310916623,90.10286524539576,85.46106722735038,54.44617871782766,35.656686527568105,dry_jjas,460.4970135975702,1.0,3.0,1,train,False
Mombasa,2015-07-01,2015,7,1,1,Minimal,0.0,1.0006041684983675,0.9456085030411966,-0.341716297291443,1.1695605062757766,1.4678628673771017,0.5260387029580542,41.93951309130742,54.58575269424552,60.54561217814041,-18.60609908683299,dry_jjas,339.4545465241538,1.0,3.0,1,train,False
Murang'a,2015-07-01,2015,7,1,1,Minimal,0.0,1.0,0.9998129313529576,-0.0921024411145586,0.9313121703694748,0.3470538020082097,0.752114529134311,97.69724874628167,8.151941220545256,62.81050254397357,34.8867462023081,dry_jjas,600.9606534616394,1.0,3.0,1,train,False
Nairobi,2015-07-01,2015,7,1,1,Minimal,0.0,1.0038697666512075,0.9993498446852987,0.2033417140356959,0.5442204590565879,-0.1658877700684441,0.2801481942687764,73.72050555812449,15.97141202645455,44.16203682328612,29.558468734838364,dry_jjas,349.07589029272395,1.0,3.0,1,train,False
Nakuru,2015-07-01,2015,7,1,1,Minimal,0.0,1.0,0.9757983118149,0.5995127929040722,0.9211537356617312,0.0695938324860379,-0.1198919706390323,86.02519187811161,66.22513642753255,37.01236120772122,49.01283067039039,dry_jjas,337.82261196850334,1.0,3.0,1,train,False
Nandi,2015-07-01,2015,7,1,1,Minimal,0.0,1.0,0.9996627597035966,0.8902701580855152,2.0204412432567307,0.0978037316336395,-0.11204678466878,92.42785214210572,76.45851875369256,47.38569213590605,45.04216000619967,dry_jjas,636.3375639959971,1.0,3.0,1,train,False
Narok,2015-07-01,2015,7,1,1,Minimal,0.0,1.1059548101190084,0.9926597233607636,1.619241425902878,2.4507112492086702,0.5790534230389521,0.562292458920382,84.7803865908047,59.127407680292166,26.89875086275194,57.88163572805276,dry_jjas,449.4351533314782,1.0,3.0,1,train,False
Nyamira,2015-07-01,2015,7,1,1,Minimal,0.0,1.0,0.9997642108519644,1.5039404548814097,3.329759122121404,0.7155420410041974,0.5676376865041712,91.733476578753,58.37307799619745,21.19506032444929,70.53841625430371,dry_jjas,707.0676224501927,1.0,3.0,1,train,False
Nyandarua,2015-07-01,2015,7,1,1,Minimal,0.0,1.0012708819238296,0.9998779737689952,-0.4191164052282755,0.61550190632572,0.0128663090052671,0.278043825547717,78.98935601549304,55.75085603745094,38.63120058888404,40.358155426609,dry_jjas,478.59632261521887,1.0,3.0,1,train,False
Nyeri,2015-07-01,2015,7,1,1,Minimal,0.0,1.390487735517373,0.9998584883435058,-0.3333070450329329,0.8806749545109652,0.3071748578056084,0.8963468771065481,89.16641117176323,26.329424022314864,31.800874216862937,57.36553695490029,dry_jjas,596.5685209899478,1.0,3.0,1,train,False
Samburu,2015-07-01,2015,7,2,2,Stressed,0.0005882230904349,2.000588223090435,0.9999416421807176,-0.4399386431253981,0.9634957402045876,0.3131521473075594,0.6323564836673471,31.269454340979465,47.3865526832344,43.78765638213216,-12.518202041152698,dry_jjas,233.37064745956647,2.0,3.0,1,train,True
Siaya,2015-07-01,2015,7,1,1,Minimal,0.0,1.0,0.7119007907118109,2.052927877643934,2.629520088557378,0.6923315943840473,-0.0696996678119069,52.66505172813642,100.0,61.42802839370821,-8.762976665571792,dry_jjas,703.9110029852106,1.0,3.0,1,train,False
Taita Taveta,2015-07-01,2015,7,1,1,Minimal,0.0,1.3437464257800205,0.9966754258458158,-0.7086885339574421,1.369896365505541,0.3464030930401897,0.5456851691321986,65.70610427748812,57.71319872840775,43.369455837892886,22.336648439595237,dry_jjas,337.281834884778,1.0,3.0,1,train,False
Tana River,2015-07-01,2015,7,2,2,Stressed,0.0,1.889950779866,0.9998750731838612,-0.674307419467368,0.8885945456607474,0.2760247323084046,0.3480329779214694,57.181664930402384,43.01149702621949,54.585848639354566,2.595816291047818,dry_jjas,208.9215702880231,2.0,3.0,1,train,False
Tharaka-Nithi,2015-07-01,2015,7,2,2,Stressed,0.0,1.5737620624976976,0.9998969138004892,-0.8313615891756432,0.9498607582815656,0.4870044508008334,0.97690659393081,49.691768388676266,48.44518265908668,71.06309598683208,-21.371327598155816,dry_jjas,386.5660928989662,2.0,3.0,1,train,False
Trans Nzoia,2015-07-01,2015,7,1,1,Minimal,0.0,1.000079835388598,0.9976864050043228,1.7444966153279278,1.5057798130197837,-0.0236103022591815,-0.6945797482078089,93.21465782460808,84.43176096009726,37.02762591060316,56.18703191400492,dry_jjas,575.422482832226,1.0,3.0,1,train,False
Turkana,2015-07-01,2015,7,2,2,Stressed,0.0,1.999749038495512,0.9605954412127692,0.2710448304919089,1.191558262377613,0.2784247338831234,0.4420738484453604,36.72074600064496,47.48128609461989,57.85427925180762,-21.13353325116266,dry_jjas,134.93439886021372,2.0,3.0,1,train,True
Uasin Gishu,2015-07-01,2015,7,1,1,Minimal,0.0,1.0,0.999776577336855,0.5750591783432425,0.9498949944347131,-0.2610578759390369,-0.2602379558449001,100.0,92.35417550478654,40.88317422697648,59.11682577302352,dry_jjas,466.5756532543863,1.0,3.0,1,train,False
Vihiga,2015-07-01,2015,7,1,1,Minimal,0.0,1.0,0.9994221612948908,1.050989349265626,2.462722978583533,0.5218637017371319,-0.0874669663382699,96.8604912613335,51.270062079822594,16.926973548863735,79.93351771246975,dry_jjas,638.2354464495623,1.0,3.0,1,train,False
Wajir,2015-07-01,2015,7,2,2,Stressed,0.1161352925910799,2.11613529259108,0.9996822336657848,-0.5417456355413639,-0.0152686368065378,0.0831353812315994,0.334214389507196,27.80697345949291,33.11049857706331,54.80733377020001,-27.0003603107071,dry_jjas,220.92597534518788,2.0,3.0,1,train,True
West Pokot,2015-07-01,2015,7,1,1,Minimal,0.0,1.4523024832184483,0.992658495186474,0.462850193745266,0.6818102491589604,-0.3419042278805284,-0.3536500204984556,63.00582321875779,60.35375239123739,50.03475056724784,12.97107265150995,dry_jjas,366.78840132412165,1.0,3.0,1,train,False
Baringo,2015-10-01,2015,10,1,1,Minimal,0.0,1.414528727274044,0.9998978463856146,-0.5192403471524651,-1.7806504644029668,-0.6811368326337675,-0.4781457744386987,21.840915703975856,42.41820526610959,42.64897842425745,-20.808062720281594,short_rains,407.6410955536569,1.0,3.0,1,train,True
Bomet,2015-10-01,2015,10,1,1,Minimal,0.0,1.0,0.999729073525429,0.0950996832091511,-1.5543371936032822,2.003019886557305,2.1003101600995837,85.24151676658978,100.0,77.95953614683515,7.281980619754634,short_rains,705.0356352221398,1.0,3.0,1,train,False
Bungoma,2015-10-01,2015,10,1,1,Minimal,0.0,1.0,0.9968273735961644,0.4676273564895488,-0.7455377816257569,0.6675499491037657,1.0064766881192762,59.08551135713952,100.0,89.22853746444626,-30.143026107306746,short_rains,684.143518918554,1.0,3.0,1,train,False
Busia,2015-10-01,2015,10,1,1,Minimal,0.0,1.0,0.9128634605516264,0.9126060929912092,-0.5370362872568532,1.816765242901813,1.726179379178288,23.906909362422667,52.95043406870675,76.40314523182612,-52.49623586940345,short_rains,504.89251568895395,1.0,3.0,1,train,False
Elgeyo-Marakwet,2015-10-01,2015,10,1,1,Minimal,0.0,1.000117847662834,0.9998073348539552,-0.2164106203111515,-1.5992723389282224,-0.4892243571458297,-0.0527234716169723,22.915303122174254,67.3990719283814,69.24810601506539,-46.33280289289114,short_rains,424.00498148048365,1.0,3.0,1,train,False
Embu,2015-10-01,2015,10,1,1,Minimal,0.0,1.1463909094856186,0.9998434838923452,-1.699573229542232,-0.6482988092716849,0.6793385882016696,-0.3310581116472146,36.59352185394751,67.41370285987857,11.342502477708852,25.251019376238656,short_rains,401.4457023614595,2.0,3.0,1,train,False
Garissa,2015-10-01,2015,10,2,2,Stressed,0.0004658275642566,1.9783258091494715,0.999545472615534,-0.171763127516153,-0.493075708484962,0.4301405658181358,-0.5532134169684922,29.39150304492259,61.50388034291925,38.871292833353806,-9.479789788431216,short_rains,210.6771075185111,2.0,3.0,1,train,False
Homa Bay,2015-10-01,2015,10,1,1,Minimal,0.0,1.0,0.66830422924983,0.0588783997792353,-1.2755772143353117,1.8248060237729704,1.5881139243405575,3.812796535817918,24.82707035113668,44.5041727030902,-40.69137616727228,short_rains,658.3122810444571,1.0,3.0,1,train,False
Isiolo,2015-10-01,2015,10,3,3,Crisis or worse,0.6441644193096367,2.6439226323410474,0.9999896131730716,-1.6360742162466884,-1.035726843370146,0.525709190577454,-0.0742171077922121,6.852554423858082,5.421089670623404,3.91373771301721,2.9388167108408716,short_rains,121.15801476654195,2.0,3.0,1,train,False
Kajiado,2015-10-01,2015,10,1,1,Minimal,0.0,1.0004243187455517,0.9866994792406812,-1.0271192988536648,-0.7164084171690813,1.210953245569553,0.6310975636117553,19.539588937075585,30.507977861556935,26.055343522908164,-6.515754585832578,short_rains,244.0590119973267,2.0,3.0,1,train,False
Kakamega,2015-10-01,2015,10,1,1,Minimal,0.0,1.0,0.999664408296622,0.8018542657043507,-0.8199369015290154,1.1085614757276687,1.2073169147754887,29.354060121535877,64.16705036567126,65.98805550541921,-36.63399538388333,short_rains,521.962946970816,1.0,3.0,1,train,False
Kericho,2015-10-01,2015,10,1,1,Minimal,0.0,1.0,0.9997003606571904,0.6148983111056654,-1.698234539616875,0.7893164604438763,0.8103359421287264,36.64176358604338,70.70794203831947,69.80302697353387,-33.16126338749049,short_rains,577.6437811642602,1.0,3.0,1,train,False
Kiambu,2015-10-01,2015,10,1,1,Minimal,0.0,1.0,0.999673347193444,-1.5547345769933407,-0.821237680707382,0.5359391045297011,0.212926929303182,68.55199031680569,96.33948945839042,95.7580553056844,-27.20606498887871,short_rains,365.1581675938478,1.0,3.0,1,train,False
Kilifi,2015-10-01,2015,10,1,1,Minimal,0.0,1.477436060422084,0.994166307858776,-1.174335730655211,-0.0027254065123058,0.8849880773425055,1.2926529134293676,35.02776832038053,46.53515210448772,46.54135211367819,-11.513583793297656,short_rains,485.9236308469297,2.0,3.0,1,train,False
Kirinyaga,2015-10-01,2015,10,1,1,Minimal,0.0,1.0,0.999753653863793,-1.4549642579436295,-0.5402416286681843,0.5254220644584855,-0.276895837933556,56.97639810471819,96.85979963662427,30.29054471212493,26.685853392593263,short_rains,523.427425427593,1.0,3.0,1,train,False
Kisii,2015-10-01,2015,10,1,1,Minimal,0.0,1.0,0.9995810852329324,-0.1574386594076507,-1.13909466094265,1.4579039446863409,1.1778224957783576,51.86447003375203,92.892124077877,80.44568979333405,-28.581219759582027,short_rains,771.8724273402603,1.0,3.0,1,train,False
Kisumu,2015-10-01,2015,10,1,1,Minimal,0.0,1.0,0.7825715876310352,1.0263313743106512,-0.7817202838313877,2.0227621003953864,1.3989133773288505,6.70930671373288,35.459949635435244,47.79062351463615,-41.081316800903274,short_rains,650.4965825795291,1.0,3.0,1,train,False
Kitui,2015-10-01,2015,10,2,2,Stressed,0.0,1.890882995052113,0.9999590660533558,0.1914577506119915,1.0022460557050112,1.2100429450915904,1.201887466521484,20.03408501929872,37.47148220297341,20.94358477477282,-0.9094997554741013,short_rains,350.0498777837523,2.0,3.0,1,train,False
Kwale,2015-10-01,2015,10,1,1,Minimal,0.0,1.247018944855102,0.991235759608234,0.5861293461586943,0.6607789665027394,0.6213776847232283,1.0509310019240847,38.98353733682523,66.86035174246582,53.091996153429406,-14.108458816604177,short_rains,461.4118591660762,2.0,3.0,1,train,False
Laikipia,2015-10-01,2015,10,2,2,Stressed,0.0,1.9034236473503232,0.9999631721820386,-1.4974638147976769,-2.046016071128668,-0.3554052943077621,-1.0016079980149228,19.200980783647005,32.168068298523814,47.34374504178182,-28.142764258134818,short_rains,378.6133408439104,2.0,3.0,1,train,False
Lamu,2015-10-01,2015,10,1,1,Minimal,0.0,1.0,0.9772658860263104,-0.8031592520862462,-0.748790621348803,-0.3282614276101377,-0.2232489899807321,45.242043432591046,57.89126361568634,58.95101897533029,-13.708975542739246,short_rains,394.8891092289726,1.0,3.0,1,train,False
Machakos,2015-10-01,2015,10,1,1,Minimal,0.0,1.008586701010849,0.9999176096053372,-1.3568261114031317,-0.4305041292579754,1.1183166699060672,0.5777854589820075,24.280576651427943,43.66821031272911,33.62226063417271,-9.341683982744769,short_rains,347.0698296320569,1.0,3.0,1,train,False
Makueni,2015-10-01,2015,10,2,2,Stressed,0.0,1.538052658342843,0.999846711095126,0.3138082380241309,0.7649725851896838,1.842792777575284,1.6334661428646362,20.59136791664593,35.202775403073105,20.890033517336477,-0.2986656006905477,short_rains,210.84898907247097,2.0,3.0,1,train,False
Mandera,2015-10-01,2015,10,2,2,Stressed,0.0,2.0,0.9935104441286544,-0.5705955689596905,0.1447016883866483,0.4360750562496766,-0.3329633763235709,5.971918241837581,32.6454251628601,13.391162102723229,-7.419243860885648,short_rains,147.72597818452132,2.0,3.0,1,train,False
Marsabit,2015-10-01,2015,10,2,2,Stressed,0.0,2.0,0.9301329759074554,-0.3856309216388204,-0.5729347163269919,0.9100929800127224,-0.2364463572341001,14.51200457414259,21.87376223633198,13.19130130754668,1.3207032665959098,short_rains,183.11284628508548,2.0,3.0,1,train,True
Meru,2015-10-01,2015,10,1,1,Minimal,0.0,1.2058886450179924,0.9998765603756992,-2.1856784667864573,-1.2301743620719074,1.158316911242634,-0.3604200808406979,36.20005096853816,52.10239730522201,28.53843148535363,7.661619483184527,short_rains,469.95952152110806,1.0,3.0,1,train,False
Migori,2015-10-01,2015,10,1,1,Minimal,0.0,1.0,0.8116729345870676,-0.4822771385380609,-1.606395118385466,1.8066741926844436,1.660418164762186,27.8269798554678,40.97463416399361,73.34316664615484,-45.516186790687044,short_rains,460.4970135975702,1.0,3.0,1,train,False
Mombasa,2015-10-01,2015,10,1,1,Minimal,0.0,1.0006041684983675,0.9456085030411966,-0.725593478984996,0.2987393999922048,1.086194624809817,1.4699022504970058,48.957032506685046,65.71003556474027,39.29795222058113,9.659080286103915,short_rains,339.4545465241538,1.0,3.0,1,train,False
Murang'a,2015-10-01,2015,10,1,1,Minimal,0.0,1.0,0.9998129313529576,-1.5980821237690817,-0.8731144106665709,0.7963040765422519,0.0554346138663434,64.407559129995,100.0,69.6573266927698,-5.249767562774807,short_rains,600.9606534616394,1.0,3.0,1,train,False
Nairobi,2015-10-01,2015,10,1,1,Minimal,0.0,1.0,0.999331868418972,-1.2123758332142804,-0.4920012273623892,0.4804009529069512,0.0165241431530501,42.46466247258653,67.56660160914419,100.0,-57.53533752741347,short_rains,349.07589029272395,1.0,3.0,1,train,False
Nakuru,2015-10-01,2015,10,1,1,Minimal,0.0,1.0,0.9757983118149,-0.9026050399209588,-1.7028827099994,-0.0630586322001888,0.5211033258803333,42.2912663215523,60.86922108976995,70.26861723511865,-27.977350913566355,short_rains,337.82261196850334,1.0,3.0,1,train,False
Nandi,2015-10-01,2015,10,1,1,Minimal,0.0,1.0,0.9996627597035964,0.6240373026340201,-1.1352674133593077,0.5796686261212661,0.6027820147942874,50.73775929767216,99.78141929719948,79.1333448872898,-28.39558558961763,short_rains,636.3375639959971,1.0,3.0,1,train,False
Narok,2015-10-01,2015,10,1,1,Minimal,0.0,1.0,0.9926538206670448,-0.2832498855556591,-0.8045649402454056,1.9994521256692637,1.549084866284575,26.764810547291248,68.5289610735605,73.07950487349748,-46.31469432620624,short_rains,449.4351533314782,1.0,3.0,1,train,False
Nyamira,2015-10-01,2015,10,1,1,Minimal,0.0,1.0,0.9997642108519644,0.3752013616220125,-1.0191633030187226,1.881236850825292,1.2855151327640475,43.92957767624359,100.0,76.90584109566582,-32.97626341942223,short_rains,707.0676224501927,1.0,3.0,1,train,False
Nyandarua,2015-10-01,2015,10,1,1,Minimal,0.0,1.0012708819238296,0.999877973768995,-1.869831559464788,-2.0242555720576547,-0.3068570954010814,-0.2795288085725098,74.0043286152385,80.86111481959321,69.71246711722978,4.291861498008728,short_rains,478.59632261521887,1.0,3.0,1,train,False
Nyeri,2015-10-01,2015,10,1,1,Minimal,0.0,1.1870756040550354,0.9998556256640296,-1.817321129737856,-1.5952341355186583,0.4540692821630807,-0.33152912519241,48.24459733484797,69.52355057989554,55.2591289080798,-7.014531573231835,short_rains,596.5685209899478,1.0,3.0,1,train,False
Samburu,2015-10-01,2015,10,2,2,Stressed,0.0005882230904349,2.000588223090435,0.9999416421807176,-1.121399015957187,-1.4454305858124632,0.5958877039268805,-0.9162096551983896,15.400306803728713,20.271110434159837,26.08483589192108,-10.684529088192368,short_rains,233.37064745956647,2.0,3.0,1,train,True
Siaya,2015-10-01,2015,10,1,1,Minimal,0.0,1.0,0.7119007907118109,1.0167095614444082,-0.5906744951534466,1.951496302485061,1.5893935099864085,40.10351150435841,50.65973496285996,45.12741665946291,-5.023905155104501,short_rains,703.9110029852106,1.0,3.0,1,train,False
Taita Taveta,2015-10-01,2015,10,1,1,Minimal,0.0,1.2953185458403955,0.9966776098967514,0.1350994068376844,0.041516605873075,1.2694098599457102,1.253483571606716,30.144944764702576,61.372545787404135,30.156606469902176,-0.011661705199600192,short_rains,337.281834884778,1.0,3.0,1,train,False
Tana River,2015-10-01,2015,10,2,2,Stressed,0.0,1.5865677698809164,0.9998934212203772,-0.5730175630764481,0.1100559974695966,0.7857506170962252,0.6559777434742651,29.60146459134578,46.72701229357229,32.1262202041036,-2.524755612757822,short_rains,208.9215702880231,2.0,3.0,1,train,False
Tharaka-Nithi,2015-10-01,2015,10,1,1,Minimal,0.0,1.4629715392244436,0.9998924309279584,-1.9867067493946051,-0.8145456659829979,0.860165443598925,-0.4550683321074712,37.62178423176128,69.22786002068531,29.59500191570683,8.026782316054451,short_rains,386.5660928989662,2.0,3.0,1,train,False
Trans Nzoia,2015-10-01,2015,10,1,1,Minimal,0.0,1.000079835388598,0.9976864050043228,0.2237472889431759,-1.1434797300134358,0.1136106235664528,0.7949568187773582,16.87141342655269,95.68328188260008,100.0,-83.12858657344731,short_rains,575.422482832226,1.0,3.0,1,train,False
Turkana,2015-10-01,2015,10,2,2,Stressed,0.0,1.9998377154702995,0.9605954412127689,-0.5136501496746352,-1.028322463301078,0.5308633311330595,-0.1292097296557914,12.145443370032496,22.352642582462597,28.702735683756533,-16.557292313724037,short_rains,134.93439886021372,2.0,3.0,1,train,True
Uasin Gishu,2015-10-01,2015,10,1,1,Minimal,0.0,1.0,0.9997765773368542,0.1895201262860668,-1.608485022198915,-0.3237273215110837,-0.0005572771905637,16.676238302646517,86.72460923667946,72.16153337117538,-55.48529506852886,short_rains,466.5756532543863,1.0,3.0,1,train,False
Vihiga,2015-10-01,2015,10,1,1,Minimal,0.0,1.0,0.9994221612948908,1.1418354386522065,-0.4973981666852979,1.72052336933308,1.3182606996445363,45.74730836062769,73.77392840963168,63.00856167554515,-17.26125331491746,short_rains,638.2354464495623,1.0,3.0,1,train,False
Wajir,2015-10-01,2015,10,2,2,Stressed,0.0665562244072623,2.0665562244072624,0.999693129809748,-0.573539151364813,-0.0609433912051207,-0.026523819538144,-0.9409959380959114,19.48419134665953,37.67415131536657,17.005816456583332,2.4783748900761964,short_rains,220.92597534518788,2.0,3.0,1,train,True
West Pokot,2015-10-01,2015,10,2,2,Stressed,0.0,1.7148583879118129,0.9926381078640412,-0.7316137630909579,-1.9278432980137128,-0.4954297327877907,-0.2894009266022861,15.582666711532177,47.21986605798724,60.28797952288259,-44.70531281135041,short_rains,366.78840132412165,1.0,3.0,1,train,False
Baringo,2016-02-01,2016,2,1,1,Minimal,0.0,1.3188950010897644,0.999884566712633,1.073736906133525,1.3403743130836323,0.1351809432680445,0.764748446618829,75.31612020590381,85.46926979573901,67.7158587434145,7.600261462489314,dry_jf,407.6410955536569,1.0,4.0,1,train,True
Bomet,2016-02-01,2016,2,1,1,Minimal,0.0,1.0,0.999729073525429,0.7371317540796826,1.1385033833242968,0.8851231782469943,1.0410489716684597,85.6626793478345,97.1272415441115,46.46957731017756,39.193102037656935,dry_jf,705.0356352221398,1.0,4.0,1,train,False
Bungoma,2016-02-01,2016,2,1,1,Minimal,0.0,1.0,0.9968273735961646,0.9832049902557066,1.5939660649185143,1.6021881583407425,1.9285905114943152,86.53650716209607,92.0548490868002,69.19674352635923,17.339763635736844,dry_jf,684.143518918554,1.0,4.0,1,train,False
Busia,2016-02-01,2016,2,1,1,Minimal,0.0,1.0,0.9128634605516264,0.8426408820739759,1.9376409652551525,2.415213059435848,3.2620688016082666,83.17390059487904,100.0,100.0,-16.826099405120956,dry_jf,504.89251568895395,1.0,4.0,1,train,False
Elgeyo-Marakwet,2016-02-01,2016,2,1,1,Minimal,0.0,1.0000728260314815,0.9998011446498934,0.92139060180474,1.200940175652375,0.2366081131971586,0.7347408110086175,85.55658220476872,100.0,64.97585657041294,20.580725634355773,dry_jf,424.00498148048365,1.0,4.0,1,train,False
Embu,2016-02-01,2016,2,1,1,Minimal,0.0,1.0,0.9997803988984592,0.7667718946144875,1.1059687631920536,0.8650423009943804,0.9157786862341964,82.30240869874909,100.0,79.28771874005012,3.014689958698966,dry_jf,401.4457023614595,1.0,4.0,1,train,False
Garissa,2016-02-01,2016,2,1,1,Minimal,0.0,1.4851302331110976,0.999523045663964,0.5169130475763524,0.7876376349168341,0.5474532484872373,0.7802471609686145,49.55481174077862,62.55933003787803,49.221179433719634,0.33363230705898417,dry_jf,210.6771075185111,2.0,4.0,1,train,False
Homa Bay,2016-02-01,2016,2,1,1,Minimal,0.0,1.0,0.66830422924983,0.2707473046531032,1.4620892416494669,1.6729538940464448,1.954611141856449,64.76661905560434,100.0,71.86915729156213,-7.102538235957795,dry_jf,658.3122810444571,1.0,4.0,1,train,False
Isiolo,2016-02-01,2016,2,2,2,Stressed,0.0,1.8460617466725573,0.9999864866039166,0.9677431374773257,0.6930980954308809,0.6253534275404848,0.7471491627219117,35.48847843416022,47.23917572381618,30.42957699727811,5.05890143688211,dry_jf,121.15801476654195,3.0,4.0,1,train,False
Kajiado,2016-02-01,2016,2,1,1,Minimal,0.0,1.0,0.9866989056642574,1.1959946099478302,1.2308729286262543,1.1882562638501368,1.1701915655651072,64.0043195289577,76.84459059217758,60.53009996417785,3.474219564779844,dry_jf,244.0590119973267,1.0,4.0,1,train,False
Kakamega,2016-02-01,2016,2,1,1,Minimal,0.0,1.0,0.9996644082966218,0.6700543530667198,1.4252233413751336,1.4201276138188303,1.865543562546611,83.11160316178906,95.48687032437878,84.60547812006202,-1.4938749582729542,dry_jf,521.962946970816,1.0,4.0,1,train,False
Kericho,2016-02-01,2016,2,1,1,Minimal,0.0,1.0,0.9997003606571906,1.013153229081414,1.0204476707007488,0.7957115991029975,1.3583973465953871,86.29622713161906,100.0,55.09083626796638,31.20539086365268,dry_jf,577.6437811642602,1.0,4.0,1,train,False
Kiambu,2016-02-01,2016,2,1,1,Minimal,0.0,1.0,0.9996733471934438,1.1616670242336768,1.378386469730263,1.2598006887405595,1.2889883134444051,83.78398137077983,100.0,88.88911959170714,-5.105138220927316,dry_jf,365.1581675938478,1.0,4.0,1,train,False
Kilifi,2016-02-01,2016,2,1,1,Minimal,0.0,1.0,0.9941353718889928,0.1922934670168702,0.8612941425682188,0.525316399209245,0.9627844899424493,42.8005723102969,71.33401002861355,70.34460859779396,-27.544036287497065,dry_jf,485.9236308469297,1.0,4.0,1,train,False
Kirinyaga,2016-02-01,2016,2,1,1,Minimal,0.0,1.0,0.9997536538637944,1.0665634604316685,1.1220508880428683,0.9075648881619772,0.8498094111100467,74.78976891284354,85.40151387657362,77.0629066981649,-2.273137785321353,dry_jf,523.427425427593,1.0,4.0,1,train,False
Kisii,2016-02-01,2016,2,1,1,Minimal,0.0,1.0,0.9995810852329328,0.1526611206748531,1.2897460757693675,1.2669758437090757,1.2496411545749957,100.0,100.0,17.63442427379714,82.36557572620286,dry_jf,771.8724273402603,1.0,4.0,1,train,False
Kisumu,2016-02-01,2016,2,1,1,Minimal,0.0,1.0,0.7825715876310351,0.4558128282769804,1.1208400832580383,1.4719859815481628,2.023772525021402,79.18197514042873,100.0,86.44681798461632,-7.264842844187584,dry_jf,650.4965825795291,1.0,4.0,1,train,False
Kitui,2016-02-01,2016,2,1,1,Minimal,0.0,1.0,0.999944695629578,0.651848046550347,0.993774306890026,0.9069765743771504,0.9129394310528892,59.35349493119688,77.02972752015786,41.69462479279796,17.658870138398918,dry_jf,350.0498777837523,2.0,4.0,1,train,False
Kwale,2016-02-01,2016,2,1,1,Minimal,0.0,1.0,0.9912318048620204,0.3798879226187999,0.9646384285466642,0.933903687087057,1.497233974223212,18.151048617646477,52.90199320004616,59.13735067734608,-40.9863020596996,dry_jf,461.4118591660762,1.0,4.0,1,train,False
Laikipia,2016-02-01,2016,2,1,1,Minimal,0.0,1.0032393511570936,0.9999548732821334,1.509696643991585,1.590556960904125,0.8460776306762249,0.7099077835790855,77.84126318291236,83.89330711117384,44.33480176913834,33.50646141377402,dry_jf,378.6133408439104,2.0,4.0,1,train,False
Lamu,2016-02-01,2016,2,1,1,Minimal,0.0,1.0,0.9772658860263104,-0.3664952971083494,0.5673895664118933,0.5126055055724773,1.119735571578923,54.81155636014125,75.32807468113644,72.67500391411808,-17.863447553976826,dry_jf,394.8891092289726,1.0,4.0,1,train,False
Machakos,2016-02-01,2016,2,1,1,Minimal,0.0,1.0,0.999829814126306,0.8430460826069607,1.2930009622290308,1.2123513215493245,1.4297497789947742,84.03619136616028,92.07696449256508,43.10096104924085,40.93523031691943,dry_jf,347.0698296320569,1.0,4.0,1,train,False
Makueni,2016-02-01,2016,2,1,1,Minimal,0.0,1.0,0.9998081115992576,0.7407897866147258,0.7840482273033685,0.7428727102272211,0.8182309196696523,61.604145976340895,77.09465620970511,23.503425021557288,38.10072095478361,dry_jf,210.84898907247097,2.0,4.0,1,train,False
Mandera,2016-02-01,2016,2,2,2,Stressed,0.0,1.9999714647550664,0.9935104441286542,-0.3322750646358272,0.3988970916656691,0.4955239361969711,0.6399658734923617,18.75220424891097,27.100897996539377,49.71655668346615,-30.96435243455518,dry_jf,147.72597818452132,2.0,4.0,1,train,False
Marsabit,2016-02-01,2016,2,2,2,Stressed,0.0,1.674752089478686,0.9301345996156104,-0.0773249308085586,0.8235979570613902,0.6322530271485979,0.6668418214318012,33.29080941544277,44.52332102941014,38.89599286559852,-5.605183450155749,dry_jf,183.11284628508548,2.0,4.0,1,train,True
Meru,2016-02-01,2016,2,1,1,Minimal,0.0,1.0,0.9998145827542296,0.4775289716614121,1.132162116059605,0.7318398384833001,0.8076303804418814,73.68320983355933,91.02326944057975,53.90680199930832,19.77640783425101,dry_jf,469.95952152110806,1.0,4.0,1,train,False
Migori,2016-02-01,2016,2,1,1,Minimal,0.0,1.0,0.8116729345870676,0.2996611381349334,1.2397462662048488,1.4095213694463973,1.6033952654156678,69.79036022883852,90.9080260598398,53.17530947643271,16.615050752405814,dry_jf,460.4970135975702,1.0,4.0,1,train,False
Mombasa,2016-02-01,2016,2,1,1,Minimal,0.0,1.0,0.9454967568842269,0.2850486033212527,1.6518951883526067,1.2005824148152482,1.7192840391912507,41.29351454032263,63.70993549393192,70.17572565093626,-28.882211110613625,dry_jf,339.4545465241538,1.0,4.0,1,train,False
Murang'a,2016-02-01,2016,2,1,1,Minimal,0.0,1.0,0.9998129313529576,1.205834372363309,1.5458913457275345,1.3734242168475603,1.4757842055409538,88.23344085717738,100.0,81.15728036293272,7.076160494244661,dry_jf,600.9606534616394,1.0,4.0,1,train,False
Nairobi,2016-02-01,2016,2,1,1,Minimal,0.0,1.0,0.999331868418972,1.0035264168663756,1.2840664952114849,1.2174677109081034,1.3234958473711624,73.74375953345363,85.59223689278699,78.03231125526372,-4.288551721810094,dry_jf,349.07589029272395,1.0,4.0,1,train,False
Nakuru,2016-02-01,2016,2,1,1,Minimal,0.0,1.0,0.9757983118149,1.256099981689821,1.3161164882354108,0.4950967793366709,0.709982392284554,80.85363629380083,100.0,66.36283975208036,14.49079654172047,dry_jf,337.82261196850334,1.0,4.0,1,train,False
Nandi,2016-02-01,2016,2,1,1,Minimal,0.0,1.0,0.999662759703597,0.8413374677987877,1.08200975480037,0.9525633476635892,1.435582938256244,68.26696860679574,100.0,74.35291166604206,-6.085943059246318,dry_jf,636.3375639959971,1.0,4.0,1,train,False
Narok,2016-02-01,2016,2,1,1,Minimal,0.0,1.0,0.9926538206670446,1.0963612968715986,1.4724919355399757,1.4133794364373609,1.4207383912444078,82.09523125503485,100.0,100.0,-17.904768744965153,dry_jf,449.4351533314782,1.0,4.0,1,train,False
Nyamira,2016-02-01,2016,2,1,1,Minimal,0.0,1.0,0.9997642108519644,0.3957639317121083,1.3419898044720506,1.3155057474368763,1.3607396310880624,95.3715019212912,100.0,0.0,95.3715019212912,dry_jf,707.0676224501927,1.0,4.0,1,train,False
Nyandarua,2016-02-01,2016,2,1,1,Minimal,0.0,1.0,0.9998609829390608,1.3749128799447317,1.5418173648435711,0.7329305875977307,0.7812562889738011,74.1056555348777,100.0,0.0,74.1056555348777,dry_jf,478.59632261521887,1.0,4.0,1,train,False
Nyeri,2016-02-01,2016,2,1,1,Minimal,0.0,1.0,0.9998391472325844,1.587301719256858,1.7606134871727042,1.3234268485966507,1.1850009631892826,55.05485977524688,70.4421183915154,15.243429360591106,39.811430414655774,dry_jf,596.5685209899478,1.0,4.0,1,train,False
Samburu,2016-02-01,2016,2,2,2,Stressed,0.0,1.8126886134386109,0.99994995069358,0.9084195237905685,0.9628393310813692,0.6330166302853762,0.5353722110952446,58.52447178381871,70.15883849183328,55.87408793975166,2.6503838440670506,dry_jf,233.37064745956647,2.0,4.0,1,train,True
Siaya,2016-02-01,2016,2,1,1,Minimal,0.0,1.0,0.7119007907118109,0.5753290564469266,1.5713932627455218,2.0240668066073697,2.829491527359802,57.71804287786373,100.0,100.0,-42.28195712213627,dry_jf,703.9110029852106,1.0,4.0,1,train,False
Taita Taveta,2016-02-01,2016,2,1,1,Minimal,0.0,1.0,0.996630559288052,0.8845497164955043,0.928226660534388,0.8880241592746965,1.3632703795106176,36.92681822627452,63.499715807750896,31.87745522973842,5.0493629965361,dry_jf,337.281834884778,1.0,4.0,1,train,False
Tana River,2016-02-01,2016,2,1,1,Minimal,0.0,1.0072814710319482,0.9998718268663852,0.6046934851118088,0.8780733553542259,0.8556550018312118,1.323066777722277,49.13111744433904,65.61038726793716,42.26162107280768,6.869496371531362,dry_jf,208.9215702880231,2.0,4.0,1,train,False
Tharaka-Nithi,2016-02-01,2016,2,1,1,Minimal,0.0,1.0,0.9998764343947174,0.5969770259683527,1.2027260596727591,0.8106558314026607,0.8393023739555309,60.73018815085727,71.9482704470157,49.12859504531321,11.601593105544062,dry_jf,386.5660928989662,1.0,4.0,1,train,False
Trans Nzoia,2016-02-01,2016,2,1,1,Minimal,0.0,1.0,0.997686329629118,1.0307789689496842,1.4338229649165473,0.7987151307244708,1.3149667717949918,76.54218577387446,100.0,61.64029947870513,14.901886295169334,dry_jf,575.422482832226,1.0,4.0,1,train,False
Turkana,2016-02-01,2016,2,2,2,Stressed,0.0,1.999690450272312,0.9605955984339016,-0.506140560286982,1.6134124625808586,1.0570367209944689,1.776330672939706,52.17073000399283,73.65018338426819,73.82619237820892,-21.655462374216086,dry_jf,134.93439886021372,2.0,4.0,1,train,True
Uasin Gishu,2016-02-01,2016,2,1,1,Minimal,0.0,1.0,0.9997765773368544,1.1676138624363903,1.1253608148569865,0.2276136516036021,0.7695343309495493,86.42414306553385,98.0947302573735,79.66350345902352,6.760639606510338,dry_jf,466.5756532543863,1.0,4.0,1,train,False
Vihiga,2016-02-01,2016,2,1,1,Minimal,0.0,1.0,0.9994221612948908,0.338509577201782,1.261776604369688,1.631552083377476,2.0552424803538374,82.9786664985511,93.96176275843509,81.55536668766676,1.4232998108843447,dry_jf,638.2354464495623,1.0,4.0,1,train,False
Wajir,2016-02-01,2016,2,2,2,Stressed,0.0,1.6332853759576738,0.9996870197728416,0.4446970186222864,0.458561128461104,0.3697798525881033,0.4316540470240802,22.735095510594075,33.82259590397212,27.29158666555835,-4.556491154964274,dry_jf,220.92597534518788,2.0,4.0,1,train,True
West Pokot,2016-02-01,2016,2,1,1,Minimal,0.0,1.2093135690913768,0.9926206990557552,0.5796860911253888,1.2145154856785043,0.0327297073404036,0.8128599341629168,64.12018152286848,77.72610150469905,86.98735900613717,-22.86717748326869,dry_jf,366.78840132412165,2.0,4.0,1,train,False
Baringo,2016-06-01,2016,6,1,1,Minimal,0.0,1.407255390196554,0.9999843448378108,1.308972273056646,0.9649094821863105,1.0185105533539982,-0.2766240225931886,80.8989305474078,60.78710629424046,27.00315013703136,53.895780410376446,dry_jjas,407.6410955536569,1.0,4.0,1,train,True
Bomet,2016-06-01,2016,6,1,1,Minimal,0.0,1.0,0.9999591445882084,1.2990702242275454,1.3423967707395552,1.301326045818417,-0.2709615421719051,75.01253778548457,45.37607428907516,67.59335899239902,7.41917879308555,dry_jjas,705.0356352221398,1.0,4.0,1,train,False
Bungoma,2016-06-01,2016,6,1,1,Minimal,0.0,1.0,0.9970207416060456,0.1731210943080447,0.8949576879780866,0.8732403065620348,-0.6867351165713811,75.7417544706937,61.72255688705726,54.85967099948757,20.882083471206137,dry_jjas,684.143518918554,1.0,4.0,1,train,False
Busia,2016-06-01,2016,6,1,1,Minimal,0.0,1.0,0.914162035136638,0.1642890822803951,0.9215578128251762,1.007677739219342,-1.085208865890143,52.11912672692032,51.63778572769564,37.57920549422057,14.539921232699754,dry_jjas,504.89251568895395,1.0,4.0,1,train,False
Elgeyo-Marakwet,2016-06-01,2016,6,1,1,Minimal,0.0,1.000236473294127,0.999951785576505,1.1604444044601014,1.1005126903600442,1.0182056960799055,-0.5376954107617172,87.38410180005431,82.73178511606883,43.53789074348427,43.84621105657004,dry_jjas,424.00498148048365,1.0,4.0,1,train,False
Embu,2016-06-01,2016,6,1,1,Minimal,0.0,1.0,0.9999726484073956,-0.5622784944220393,-0.2128674600453118,0.1402879350917509,-0.2417400943064811,63.38570445348734,54.9425737047582,64.45131009112039,-1.0656056376330483,dry_jjas,401.4457023614595,1.0,4.0,1,train,False
Garissa,2016-06-01,2016,6,2,2,Stressed,0.0,1.812042259597601,0.9994692897705588,-0.5706379976097264,-0.9514843588220228,-0.844464661128065,-0.5009544333488487,32.92765521199525,29.19859925527324,27.83066839305608,5.096986818939172,dry_jjas,210.6771075185111,1.0,4.0,1,train,False
Homa Bay,2016-06-01,2016,6,1,1,Minimal,0.0,1.0,0.6628357436647451,0.137430718769342,0.7492188529976791,1.0561067697633206,-1.343912308010747,79.19486801318914,54.8418888244196,39.28647928660317,39.90838872658597,dry_jjas,658.3122810444571,1.0,4.0,1,train,False
Isiolo,2016-06-01,2016,6,2,2,Stressed,0.0,1.9105875910761407,0.999960508583767,1.2176675387727445,-0.3108487140205203,-0.0872139242228323,-0.3256504261884939,55.62575814561173,23.251509353183952,8.106388462093596,47.51936968351813,dry_jjas,121.15801476654195,2.0,4.0,1,train,False
Kajiado,2016-06-01,2016,6,1,1,Minimal,0.0,1.0,0.9866503538026764,0.2021862203244803,0.0539449045550262,0.5814297477749113,0.0835057093624683,50.65963026274555,58.3501284278196,37.04267411975491,13.616956142990638,dry_jjas,244.0590119973267,1.0,4.0,1,train,False
Kakamega,2016-06-01,2016,6,1,1,Minimal,0.0,1.0,0.999843271229553,0.6340911688885306,1.4299727339136996,1.3940598843421197,-0.7016482519053098,78.00391064918156,60.49936307853266,45.83236330394004,32.17154734524152,dry_jjas,521.962946970816,1.0,4.0,1,train,False
Kericho,2016-06-01,2016,6,1,1,Minimal,0.0,1.0,0.9999526229648772,1.3932877647421649,1.537923383328994,1.4544387128883387,-0.1078497622939327,95.36825370146192,90.9654258452451,46.04930952048704,49.31894418097488,dry_jjas,577.6437811642602,1.0,4.0,1,train,False
Kiambu,2016-06-01,2016,6,1,1,Minimal,0.0,1.0,0.9998305741952528,0.3854376811677897,0.1392648715571399,0.556041528953509,0.2416576992200866,71.01389856480424,29.99981331892569,50.75166780346866,20.262230761335573,dry_jjas,365.1581675938478,1.0,4.0,1,train,False
Kilifi,2016-06-01,2016,6,1,1,Minimal,0.0,1.0,0.994188902228564,-1.0720027123457196,-1.4044441713186548,-1.3190892990814078,-0.6846818052117475,34.907444775023535,47.10260410236743,18.41117113622001,16.496273638803526,dry_jjas,485.9236308469297,1.0,4.0,1,train,False
Kirinyaga,2016-06-01,2016,6,1,1,Minimal,0.0,1.0,0.999907421621526,-0.7196838313987822,-0.1683778188132326,0.2233993333911135,0.0239315323379185,43.910487698536166,26.820257863996076,81.02054398960607,-37.1100562910699,dry_jjas,523.427425427593,1.0,4.0,1,train,False
Kisii,2016-06-01,2016,6,1,1,Minimal,0.0,1.0,0.9995821721572732,0.8150609002876195,1.2292543913157654,1.4200802411003228,-0.8942942516264402,63.115696676849325,36.086990519863726,54.15357692513595,8.962119751713374,dry_jjas,771.8724273402603,1.0,4.0,1,train,False
Kisumu,2016-06-01,2016,6,1,1,Minimal,0.0,1.0,0.7829061444141885,0.6323592077636357,1.2375178466810834,1.300839539644432,-0.8430530061477326,70.63324482245284,82.01678246046119,57.32606103517855,13.30718378727429,dry_jjas,650.4965825795291,1.0,4.0,1,train,False
Kitui,2016-06-01,2016,6,1,1,Minimal,0.0,1.000305724546535,1.000013536122116,-0.049460565254414,0.1020755525748506,0.6076535271046958,-0.3656702784406185,39.036906434201256,36.91500118270295,24.705369348480986,14.33153708572027,dry_jjas,350.0498777837523,1.0,4.0,1,train,False
Kwale,2016-06-01,2016,6,1,1,Minimal,0.0,1.0,0.9912639533016692,-0.9300673746024384,-0.5408920600444868,-0.7329177551727237,-0.4906477221678028,58.59800069129721,78.93526401422082,14.19139752879091,44.4066031625063,dry_jjas,461.4118591660762,1.0,4.0,1,train,False
Laikipia,2016-06-01,2016,6,1,1,Minimal,0.0,1.002478595966523,1.000039198807611,0.393718547610562,0.143074721904634,0.748498268485075,0.2990929817981492,75.08136229873647,43.799457547099166,38.358150654282106,36.72321164445436,dry_jjas,378.6133408439104,1.0,4.0,1,train,False
Lamu,2016-06-01,2016,6,1,1,Minimal,0.0,1.0,0.977248259021535,-0.4697510053638825,-0.8241880567300272,-1.09822570689801,-0.9280235559787972,69.76305867316069,31.506555111709822,26.340446462698733,43.42261221046195,dry_jjas,394.8891092289726,1.0,4.0,1,train,False
Machakos,2016-06-01,2016,6,1,1,Minimal,0.0,1.0,0.9999301224968772,-0.2091134020098038,-0.0552729332931624,0.3567309104117765,-0.091649158589773,53.393644195871296,64.90938868030229,45.95063623622042,7.443007959650878,dry_jjas,347.0698296320569,1.0,4.0,1,train,False
Makueni,2016-06-01,2016,6,1,1,Minimal,0.0,1.0,0.9999538567854908,-0.3584675158799695,0.2338179818600242,0.4640396730351621,-0.2682901934100224,38.20248461403764,55.53244521565917,29.426316720457592,8.776167893580045,dry_jjas,210.84898907247097,1.0,4.0,1,train,False
Mandera,2016-06-01,2016,6,2,2,Stressed,0.0,2.0,0.9934829351220704,-0.1205174545900017,0.5441454260457277,0.6099104046976721,-0.7876535533667338,65.206967425821,53.80082926067858,27.703074725893067,37.50389269992794,dry_jjas,147.72597818452132,2.0,4.0,1,train,False
Marsabit,2016-06-01,2016,6,2,2,Stressed,0.0,1.9947216932087568,0.9337761009255078,-0.1656501292016662,0.3744357812659946,0.5404284305931859,-0.9251177244057756,45.528909404197954,23.92941973188872,9.518205367427194,36.01070403677076,dry_jjas,183.11284628508548,2.0,4.0,1,train,True
Meru,2016-06-01,2016,6,1,1,Minimal,0.0,1.0036520779155684,0.9998940484338894,-0.6144778606027118,-0.2228601972047924,0.1038709720902949,-0.2890791061018986,58.61792471027709,49.08845755380719,48.07904024628318,10.53888446399391,dry_jjas,469.95952152110806,1.0,4.0,1,train,False
Migori,2016-06-01,2016,6,1,1,Minimal,0.0,1.0,0.8093394361863654,-0.5486658936974569,-0.173002714873163,0.2667572137022672,-1.178957439192853,59.25790421143832,66.12262100613695,36.62970714440144,22.62819706703688,dry_jjas,460.4970135975702,1.0,4.0,1,train,False
Mombasa,2016-06-01,2016,6,1,1,Minimal,0.0,1.0,0.945430610879302,-1.063537361995654,-0.1902947190753191,-0.3519998924741194,-0.7080428996922465,61.869817672443006,69.32439404496594,14.845595070058886,47.02422260238412,dry_jjas,339.4545465241538,1.0,4.0,1,train,False
Murang'a,2016-06-01,2016,6,1,1,Minimal,0.0,1.0,0.9998960447776902,0.2027675646577794,0.3298129032341093,0.6324988793085237,0.1172291437253112,45.791550071104176,40.245508559446016,71.49317564526771,-25.701625574163536,dry_jjas,600.9606534616394,1.0,4.0,1,train,False
Nairobi,2016-06-01,2016,6,1,1,Minimal,0.0,1.0,0.9993429938196526,0.1650679629435068,-0.0274088549753525,0.4324078824142214,0.2281633000003462,39.84115083356197,54.30969804700128,44.96925942893287,-5.128108595370904,dry_jjas,349.07589029272395,1.0,4.0,1,train,False
Nakuru,2016-06-01,2016,6,1,1,Minimal,0.0,1.0,0.9758499055944192,1.3089779756229651,0.9829792966202424,1.1152298536695473,0.2821417040600519,91.33051820840548,64.83441718684003,47.79850949347445,43.53200871493103,dry_jjas,337.82261196850334,1.0,4.0,1,train,False
Nandi,2016-06-01,2016,6,1,1,Minimal,0.0,1.0,0.9998151603533768,0.8067453021076374,1.4986358125547652,1.4715390511687718,-0.3428724414693961,93.29759518506856,88.64658207230529,52.276100152512505,41.021495032556054,dry_jjas,636.3375639959971,1.0,4.0,1,train,False
Narok,2016-06-01,2016,6,1,1,Minimal,0.0,1.0,0.9926648706761424,0.3292618504748139,0.7443542862651982,1.0885809386171208,-0.0070571362405881,84.626510336431,66.9849521038948,54.60765440447305,30.018855931957944,dry_jjas,449.4351533314782,1.0,4.0,1,train,False
Nyamira,2016-06-01,2016,6,1,1,Minimal,0.0,1.0,0.999826225293629,0.9191417135365344,1.6270381424016034,1.707635795977473,-0.6643641058181586,90.27909258045788,47.64997685514225,69.22012077457448,21.058971805883402,dry_jjas,707.0676224501927,1.0,4.0,1,train,False
Nyandarua,2016-06-01,2016,6,1,1,Minimal,0.0,1.0,0.9998954460054942,0.5412231463104727,0.6327018395031536,0.904161171180986,0.2734660519025389,93.95357389334642,55.63108166388388,70.32202027632384,23.631553617022576,dry_jjas,478.59632261521887,1.0,4.0,1,train,False
Nyeri,2016-06-01,2016,6,1,1,Minimal,0.0,1.0,0.9998683591640218,-0.3453849154090284,0.1662331297365989,0.6610214977855621,0.3340166250174431,65.83699590824683,55.75373195705397,89.52288795370114,-23.68589204545431,dry_jjas,596.5685209899478,1.0,4.0,1,train,False
Samburu,2016-06-01,2016,6,2,2,Stressed,0.0,1.7911144092679263,0.9998947855593344,0.1408869410127139,-0.2531465905726253,0.1232538843698404,-0.3006906162857276,66.47760559719482,36.58263653334848,23.90550131231716,42.57210428487767,dry_jjas,233.37064745956647,2.0,4.0,1,train,True
Siaya,2016-06-01,2016,6,1,1,Minimal,0.0,1.0,0.7130635075059107,0.558474166692066,1.025728554893415,1.0680613234751173,-1.174500439728937,66.00080106717535,56.58968167203041,40.419962322851504,25.58083874432384,dry_jjas,703.9110029852106,1.0,4.0,1,train,False
Taita Taveta,2016-06-01,2016,6,1,1,Minimal,0.0,1.0,0.9966783872024652,-0.5053873236427578,-0.2219288353752641,0.0307708807028244,-0.2673896870328195,46.50975659723391,49.39212845311576,19.417784140887445,27.091972456346465,dry_jjas,337.281834884778,1.0,4.0,1,train,False
Tana River,2016-06-01,2016,6,2,2,Stressed,0.0,1.5527195312725763,0.999841779090496,-0.7967405620157573,-1.2570737519026918,-0.8231619248536637,-0.6007753402746344,10.782798413859638,19.746774205549727,18.193997135403357,-7.41119872154372,dry_jjas,208.9215702880231,1.0,4.0,1,train,False
Tharaka-Nithi,2016-06-01,2016,6,1,1,Minimal,0.0,1.0,0.999973025042614,-0.4164904176406886,-0.2368340143461842,0.1574296820547803,-0.2983116621935417,52.750462507920986,34.62356099716037,39.924407142172974,12.826055365748012,dry_jjas,386.5660928989662,1.0,4.0,1,train,False
Trans Nzoia,2016-06-01,2016,6,1,1,Minimal,0.0,1.0,0.9977780064560036,1.149085614042919,1.6278203723894784,1.421582512234408,-0.388701822198629,100.0,76.88400706698175,40.20370954042834,59.79629045957166,dry_jjas,575.422482832226,1.0,4.0,1,train,False
Turkana,2016-06-01,2016,6,2,2,Stressed,0.0,1.962669105265914,0.9601525934494932,0.1229955620801399,0.8778325158212064,0.8217070888086655,-0.6042172356071763,58.65632092711865,39.34898888038082,23.14269678438149,35.51362414273716,dry_jjas,134.93439886021372,2.0,4.0,1,train,True
Uasin Gishu,2016-06-01,2016,6,1,1,Minimal,0.0,1.0,0.9999480360329532,1.0918914017662098,1.303091192692472,1.280226687428525,-0.1546424165059656,100.0,87.13179537525255,43.24595551169925,56.75404448830075,dry_jjas,466.5756532543863,1.0,4.0,1,train,False
Vihiga,2016-06-01,2016,6,1,1,Minimal,0.0,1.0,0.9998193553745116,1.020983377904748,1.5579526350993178,1.5609548343037516,-0.8894725312790366,67.33003957134883,53.67935711900832,51.280072603063765,16.04996696828507,dry_jjas,638.2354464495623,1.0,4.0,1,train,False
Wajir,2016-06-01,2016,6,2,2,Stressed,0.0,1.987603536441688,0.9996283481181278,0.4137635263601963,-0.2186484413037046,-0.0345637239058973,-0.5046320994944471,50.107940872908,34.884249726137,20.62651482895856,29.481426043949444,dry_jjas,220.92597534518788,2.0,4.0,1,train,True
West Pokot,2016-06-01,2016,6,1,1,Minimal,0.0,1.0027376219851862,0.9926738576986502,0.6412476142093209,1.491862488046752,1.1985271414693397,-0.87122576089455,71.32482034368991,63.58391569338729,18.59317360390921,52.7316467397807,dry_jjas,366.78840132412165,1.0,4.0,1,train,False
Baringo,2016-10-01,2016,10,1,1,Minimal,0.0,1.4088321500282603,0.9999777826904516,-0.3044073367848985,-0.4871616782836347,0.6502408523610129,1.118183232061888,50.68812883621277,78.38044958264815,72.69958237667367,-22.011453540460906,short_rains,407.6410955536569,1.0,4.0,1,train,True
Bomet,2016-10-01,2016,10,1,1,Minimal,0.0,1.0,0.9999591445882084,0.4749272029124141,-0.6904505047671848,1.3011932608167536,0.8711621663347014,5.190397218311336,74.40586765635979,79.0766630401113,-73.88626582179997,short_rains,705.0356352221398,1.0,4.0,1,train,False
Bungoma,2016-10-01,2016,10,1,1,Minimal,0.0,1.0,0.9970207416060456,-0.5107278968358964,-0.8576438641364479,0.3626970374342896,0.2784054280319271,5.7871725885032,82.2578524513112,37.41095273248328,-31.62378014398008,short_rains,684.143518918554,1.0,4.0,1,train,False
Busia,2016-10-01,2016,10,1,1,Minimal,0.0,1.0,0.914162035136638,-0.7509787984984406,-1.468735677791121,0.7913465839228754,0.0067520514717034,0.0,33.61335459645497,5.02247844522472,-5.02247844522472,short_rains,504.89251568895395,1.0,4.0,1,train,False
Elgeyo-Marakwet,2016-10-01,2016,10,1,1,Minimal,0.0,1.000236473294127,0.999951785576505,-0.3369561247303156,-0.8271344092046731,0.8427232025599529,1.3618791353897046,49.13186568655394,81.49885678574444,12.61562088687279,36.51624479968115,short_rains,424.00498148048365,1.0,4.0,1,train,False
Embu,2016-10-01,2016,10,1,1,Minimal,0.0,1.461137023937188,0.9999846187715652,-0.2367265485003793,-1.0000125204791954,0.0111953213765931,-0.7196616576988966,57.0869051518748,59.99777518552127,60.863878727776,-3.776973575901195,short_rains,401.4457023614595,1.0,4.0,1,train,False
Garissa,2016-10-01,2016,10,2,2,Stressed,0.1711501540489884,2.1711501514252567,0.9994904033204686,-0.6826575463346837,-1.259047516810285,-1.1384692253215318,-1.126591298113926,0.0,26.64525896086579,8.349990663363766,-8.349990663363766,short_rains,210.6771075185111,2.0,4.0,1,train,False
Homa Bay,2016-10-01,2016,10,1,1,Minimal,0.0,1.0,0.6628357436647451,-0.1798762236575627,-1.10519383666511,0.5861975435765676,-0.6818222469264295,28.38184747179477,32.31889742258136,17.41974880190139,10.962098669893379,short_rains,658.3122810444571,1.0,4.0,1,train,False
Isiolo,2016-10-01,2016,10,2,2,Stressed,0.0007006062658415,1.97710719257756,0.9999714398346696,-0.7996498827844432,-1.7490055429616396,-0.0171763182348416,1.136008353429809,23.77358861618972,34.62711450122712,41.29801931845987,-17.524430702270152,short_rains,121.15801476654195,2.0,4.0,1,train,False
Kajiado,2016-10-01,2016,10,1,1,Minimal,0.0,1.3832338946491296,0.986651137538195,-0.714242983597388,-0.9300292929951122,0.5705031066685018,0.1364283535675493,31.11786131437039,35.181194130561906,34.6407342765277,-3.5228729621573116,short_rains,244.0590119973267,1.0,4.0,1,train,False
Kakamega,2016-10-01,2016,10,1,1,Minimal,0.0,1.0,0.999843271229553,-0.6272625656427349,-1.268018790564987,0.6344283543719121,0.3633562143713894,0.0,37.526767573414126,36.245246828414594,-36.245246828414594,short_rains,521.962946970816,1.0,4.0,1,train,False
Kericho,2016-10-01,2016,10,1,1,Minimal,0.0,1.0,0.9999526229648776,0.0312687737433517,-0.4012751522790386,1.484121309639424,1.2162097310013935,0.0,87.70930237181891,61.062483384531255,-61.062483384531255,short_rains,577.6437811642602,1.0,4.0,1,train,False
Kiambu,2016-10-01,2016,10,1,1,Minimal,0.0,1.0,0.9998305741952528,-0.7823779229733969,-1.0518665182005795,0.2405498522431866,0.1830048734049354,69.62294019229519,68.69985790777062,67.53307282702666,2.089867365268532,short_rains,365.1581675938478,1.0,4.0,1,train,False
Kilifi,2016-10-01,2016,10,2,2,Stressed,0.0,1.8795204685217348,0.9942114801855768,-1.1037769535076425,-0.8310304424787435,-1.3223133314498152,-1.5731758174696724,6.674519409087636,0.2523398910616335,0.0,6.674519409087636,short_rains,485.9236308469297,1.0,4.0,1,train,False
Kirinyaga,2016-10-01,2016,10,1,1,Minimal,0.0,1.0004226841207444,0.9999074216215516,-0.0252497338480859,-0.6552488123336457,-0.041481142424159,-0.7985675023526398,46.3812098418424,70.75617969842754,58.86857579915398,-12.487365957311582,short_rains,523.427425427593,1.0,4.0,1,train,False
Kisii,2016-10-01,2016,10,1,1,Minimal,0.0,1.0,0.9995821721572732,0.3481600337955042,-0.6164326842810279,0.70361541758782,-0.3388801765441823,54.12443726733719,51.28395053471474,47.17226919139007,6.952168075947121,short_rains,771.8724273402603,1.0,4.0,1,train,False
Kisumu,2016-10-01,2016,10,1,1,Minimal,0.0,1.0,0.7829061444141889,-0.2344179107513384,-1.1170186195932803,1.3591328342252225,0.1800569367367681,7.396735125756067,45.78337312271668,46.64956916526072,-39.252834039504656,short_rains,650.4965825795291,1.0,4.0,1,train,False
Kitui,2016-10-01,2016,10,2,2,Stressed,0.0003017446832363,1.7380409856398824,1.000020657672542,0.0739792119922492,0.3717361476113756,0.6443099273110477,-0.1128917286750566,31.18808914320827,48.54267490157811,35.8756614909048,-4.687572347696527,short_rains,350.0498777837523,1.0,4.0,1,train,False
Kwale,2016-10-01,2016,10,2,2,Stressed,0.0,1.780177978011436,0.9912706305994284,0.5597572448154969,0.0516662928705977,-0.1274106987383711,-1.0316912217060197,16.61713033028311,10.273467862407696,4.9587057456040124,11.658424584679098,short_rains,461.4118591660762,1.0,4.0,1,train,False
Laikipia,2016-10-01,2016,10,2,2,Stressed,0.0,1.6420992653227566,0.9999884616799976,-0.5039649699542812,-1.061764337959818,-0.2516613737531701,-0.3180995991441864,45.90468801697675,62.763385323048055,72.83985924391932,-26.935171226942572,short_rains,378.6133408439104,1.0,4.0,1,train,False
Lamu,2016-10-01,2016,10,1,1,Minimal,0.0,1.3707604160266555,0.9773061077235968,-1.382960568668739,-2.235215361289514,-1.3594933221934014,-1.0830935638882917,8.180532612492044,7.773118468817559,31.394411992170436,-23.213879379678392,short_rains,394.8891092289726,1.0,4.0,1,train,False
Machakos,2016-10-01,2016,10,1,1,Minimal,0.0,1.003040948640894,0.9999301224551056,-0.637060128963683,-1.0936308261731431,0.3088652469619647,-0.3134603884468722,53.277793747790994,60.43927637634133,50.68635085583784,2.5914428919531574,short_rains,347.0698296320569,1.0,4.0,1,train,False
Makueni,2016-10-01,2016,10,2,2,Stressed,0.0,1.5378207102841086,0.9999590891586948,-0.0558998847649348,0.301258105451788,0.8418013792785944,-0.4547097404651631,36.11724632553435,39.82728249372242,38.99587472523872,-2.8786283997043682,short_rains,210.84898907247097,1.0,4.0,1,train,False
Mandera,2016-10-01,2016,10,2,2,Stressed,0.0,2.0,0.9934829486429042,-0.8694839048731328,-0.4010057681700266,1.0423040498213518,-0.1310469879529909,28.37235336086692,55.79993385377743,39.18834942496498,-10.815996064098062,short_rains,147.72597818452132,2.0,4.0,1,train,False
Marsabit,2016-10-01,2016,10,2,2,Stressed,0.0569491521536986,2.0569491521536984,0.9337764821201532,-0.8026671278132489,-0.9756566277149588,0.7648076278162056,-0.3215678124472095,25.185921729189985,26.802255745524626,37.71954076623537,-12.533619037045383,short_rains,183.11284628508548,2.0,4.0,1,train,True
Meru,2016-10-01,2016,10,1,1,Minimal,0.0,1.0061842148764304,0.999896962690386,-0.8121549849459623,-1.6038346708368345,-0.0965934509912987,-0.8208394137867474,55.4234355294184,83.95899803927735,32.61694649633036,22.80648903308804,short_rains,469.95952152110806,1.0,4.0,1,train,False
Migori,2016-10-01,2016,10,1,1,Minimal,0.0,1.0,0.8093394361863654,-0.0411999079542501,-1.1108976570265532,-0.8208702469568987,-1.7429947720239587,22.702901389142205,36.85837389613251,17.588421262351872,5.114480126790333,short_rains,460.4970135975702,1.0,4.0,1,train,False
Mombasa,2016-10-01,2016,10,1,1,Minimal,0.0,1.0,0.945430610879302,-0.7775534928297043,-0.6474786619588991,-0.3079747170388577,-1.398060689437437,27.1904911806116,0.0,0.0,27.1904911806116,short_rains,339.4545465241538,1.0,4.0,1,train,False
Murang'a,2016-10-01,2016,10,1,1,Minimal,0.0,1.0,0.9998960447776896,-0.5575933924846295,-1.0384676982922465,0.4272896115534429,-0.0119952496079507,80.14535937883588,77.38405674308268,64.2944104281234,15.850948950712478,short_rains,600.9606534616394,1.0,4.0,1,train,False
Nairobi,2016-10-01,2016,10,1,1,Minimal,0.0,1.0,0.999342993819312,-0.7108983363879628,-0.6625111014588023,0.1443715396548895,0.0263625669347509,52.61199554979282,54.83772677487634,64.64321591856405,-12.03122036877123,short_rains,349.07589029272395,1.0,4.0,1,train,False
Nakuru,2016-10-01,2016,10,1,1,Minimal,0.0,1.0,0.9758499055944192,0.0681931508661623,-0.4438723149290048,0.7599628283876122,1.061176669375007,66.86429064183314,80.19918926431247,70.44511046902531,-3.5808198271921725,short_rains,337.82261196850334,1.0,4.0,1,train,False
Nandi,2016-10-01,2016,10,1,1,Minimal,0.0,1.0,0.9998151603533764,-0.331339293472919,-0.9778854980939462,0.9722629776381544,0.6947862498564416,10.5381326023613,69.05129347585543,59.17835532751217,-48.64022272515087,short_rains,636.3375639959971,1.0,4.0,1,train,False
Narok,2016-10-01,2016,10,1,1,Minimal,0.0,1.47520177958783,0.9926655695019648,0.6565874106813326,-0.355189012721907,0.915248459916017,0.0393930122875538,16.76411362425699,26.33392756995759,39.70100029767868,-22.936886673421693,short_rains,449.4351533314782,1.0,4.0,1,train,False
Nyamira,2016-10-01,2016,10,1,1,Minimal,0.0,1.0,0.999826225293629,0.2548757134735441,-0.7516348843911151,1.2519844198848595,0.0519638592682777,47.54948129094256,74.45590897289483,67.69521130677295,-20.145730015830388,short_rains,707.0676224501927,1.0,4.0,1,train,False
Nyandarua,2016-10-01,2016,10,1,1,Minimal,0.0,1.0000488758430504,0.9998954460056082,-0.3707894589256157,-0.87888114042751,0.2280957375909117,-0.0569101697288088,66.47553409623391,82.83177459049374,51.31881609535613,15.156718000877788,short_rains,478.59632261521887,1.0,4.0,1,train,False
Nyeri,2016-10-01,2016,10,1,1,Minimal,0.0,1.000617529631617,0.9998784268825546,-0.401681523306696,-0.8943358001433477,0.1042909871858643,-0.5896368223469409,59.588794167334335,84.51910054922801,39.237988325270834,20.3508058420635,short_rains,596.5685209899478,1.0,4.0,1,train,False
Samburu,2016-10-01,2016,10,2,2,Stressed,0.000676871138425,2.0006768711384253,0.9998824582508856,-0.8429496511373538,-1.376519111535759,-0.3089028263367165,-0.3700833471534631,30.715962886601822,45.93864901133979,62.053300378960735,-31.337337492358913,short_rains,233.37064745956647,2.0,4.0,1,train,True
Siaya,2016-10-01,2016,10,1,1,Minimal,0.0,1.0,0.7130635075059107,-0.9096085726273976,-1.924401027628687,0.5923625485749091,-0.1324559638856872,0.0,28.018072780771583,17.272386814404967,-17.272386814404967,short_rains,703.9110029852106,1.0,4.0,1,train,False
Taita Taveta,2016-10-01,2016,10,2,2,Stressed,0.0,1.7188197103780731,0.9966946413124256,-0.7442249479361129,-0.1720548771142979,0.423632463399923,-1.0428029347373562,27.362942772536304,52.601720674646536,42.97355371966822,-15.610610947131914,short_rains,337.281834884778,1.0,4.0,1,train,False
Tana River,2016-10-01,2016,10,2,2,Stressed,0.2075780895845305,2.207058008871236,0.9998380873466596,-0.5193392353536773,-0.5097513011608732,-1.1494959881405546,-1.3549417366162624,17.47407048292606,35.94061568047535,28.74403519774298,-11.269964714816922,short_rains,208.9215702880231,2.0,4.0,1,train,False
Tharaka-Nithi,2016-10-01,2016,10,1,1,Minimal,0.0,1.000148596214673,0.9999730250426142,-0.6798706982676292,-1.478472733324904,-0.0389348704327693,-0.5676161342823483,71.11039862478232,83.84220681990101,48.72179231777013,22.38860630701219,short_rains,386.5660928989662,1.0,4.0,1,train,False
Trans Nzoia,2016-10-01,2016,10,1,1,Minimal,0.0,1.0,0.9977780064560036,-0.0841762128668523,-0.2655422340803531,1.292490540133448,1.4410558757692522,40.51145907433946,100.0,19.70623064734797,20.805228426991494,short_rains,575.422482832226,1.0,4.0,1,train,False
Turkana,2016-10-01,2016,10,2,2,Stressed,0.0,2.0,0.9601517567107908,-0.9597651542897953,-0.9033727237588588,0.5671192995609508,-0.2256503810933202,27.56141209960446,50.44576783401209,53.56192937782564,-26.00051727822118,short_rains,134.93439886021372,2.0,4.0,1,train,True
Uasin Gishu,2016-10-01,2016,10,1,1,Minimal,0.0,1.0,0.9999480360329532,-0.0483757194025919,-0.5214245315877365,1.124908466702406,1.544915640414821,50.56661124114366,98.74364069518604,63.48624508620103,-12.91963384505737,short_rains,466.5756532543863,1.0,4.0,1,train,False
Vihiga,2016-10-01,2016,10,1,1,Minimal,0.0,1.0,0.9998193553745116,-0.6177704557102246,-1.5931297246111789,0.8511097005734615,0.2941750915249446,2.7593703971766894,10.520199334239612,38.10285121696769,-35.343480819791004,short_rains,638.2354464495623,1.0,4.0,1,train,False
Wajir,2016-10-01,2016,10,2,2,Stressed,0.0,1.9999999861444424,0.9996281767904694,-0.6223468668010782,0.0581738180301758,0.0298066786041639,0.4312336288953993,39.07316106583619,51.19295718114966,41.61581834999141,-2.5426572841552186,short_rains,220.92597534518788,2.0,4.0,1,train,True
West Pokot,2016-10-01,2016,10,2,2,Stressed,0.0,1.5595094754063683,0.9926708452112748,-0.8494334007353708,-1.3574280827772125,0.8500315930747664,0.3535116191405121,40.28096670352856,73.54633541237045,71.79931457667712,-31.518347873148556,short_rains,366.78840132412165,1.0,4.0,1,train,False
Baringo,2017-02-01,2017,2,2,2,Stressed,0.4084128274445774,2.406089599922793,0.9999911252483462,0.0230183326481059,-0.8876913622652266,-1.2699323636533273,-0.6693379484076846,0.0,7.16913983334805,5.312880414099065,-5.312880414099065,dry_jf,407.6410955536569,1.0,4.0,1,train,True
Bomet,2017-02-01,2017,2,1,1,Minimal,0.0,1.0001339296253435,0.9999591929168596,-1.414707541138121,-1.04864976828013,-1.266247909708858,0.3177778959208291,22.72154133774702,47.93267410384463,31.093437806412865,-8.371896468665845,dry_jf,705.0356352221398,1.0,4.0,1,train,False
Bungoma,2017-02-01,2017,2,1,1,Minimal,0.0,1.0,0.9970207416060456,0.2083727377414569,-0.9647578403974344,-2.1226116072786816,-1.285472431331793,0.0,5.114480790575072,27.08227584829456,-27.08227584829456,dry_jf,684.143518918554,1.0,4.0,1,train,False
Busia,2017-02-01,2017,2,1,1,Minimal,0.0,1.0,0.914162035136638,-0.2379149883735941,-1.0015883714424447,-2.2112504728379694,-1.7487140032749195,0.0,0.0,0.0,0.0,dry_jf,504.89251568895395,1.0,4.0,1,train,False
Elgeyo-Marakwet,2017-02-01,2017,2,1,1,Minimal,0.0002364709989949,1.007049764961716,0.9999614908731612,0.24739149320781,-1.0056986025482808,-1.4643539152508411,-0.7701276573513741,0.0,6.943146884249806,3.644056866661313,-3.644056866661313,dry_jf,424.00498148048365,1.0,4.0,1,train,False
Embu,2017-02-01,2017,2,2,2,Stressed,0.0,1.9964141075446744,0.9999831894941442,-1.096206571747946,-0.0393262937132966,-0.616719811897471,-0.1343962204184429,49.98396019682657,82.28586996845314,42.477597333971495,7.506362862855077,dry_jf,401.4457023614595,1.0,4.0,1,train,False
Garissa,2017-02-01,2017,2,3,3,Crisis or worse,0.5528097057466779,2.552809705746678,0.9994889339752476,-0.0397052452214721,0.1141505482908607,-0.3501488779959681,-0.0545093711904199,17.576786083771054,19.967191912005447,1.34603544558251,16.230750638188546,dry_jf,210.6771075185111,2.0,4.0,1,train,False
Homa Bay,2017-02-01,2017,2,1,1,Minimal,0.0,1.0,0.6628357436647451,-1.2157238366014442,-1.0767799088203105,-1.6489079202919856,-0.6330906746241186,3.160376334080889,22.71508058459712,42.64200462067844,-39.481628286597555,dry_jf,658.3122810444571,1.0,4.0,1,train,False
Isiolo,2017-02-01,2017,2,2,2,Stressed,0.0025033193503228,2.0025033193503226,0.9999986948896944,-0.8365096667268946,-0.1257856490498413,-0.4471721376742588,-0.0378110388663586,17.70581576955961,26.44358022214851,17.254304597576592,0.45151117198301804,dry_jf,121.15801476654195,2.0,4.0,1,train,False
Kajiado,2017-02-01,2017,2,2,2,Stressed,0.0,1.9992143574179568,0.9866508734010327,-0.6810600615338994,-0.6152829247180952,-0.6897515933584697,0.2946335089419205,14.502722175704037,29.81034263204812,35.473316769076575,-20.97059459337254,dry_jf,244.0590119973267,1.0,4.0,1,train,False
Kakamega,2017-02-01,2017,2,1,1,Minimal,0.0,1.0,0.9998432712295532,-0.1747304361381908,-1.0595083583913756,-2.5997428399658595,-1.3386805580532308,0.0,5.765417450198906,0.0,0.0,dry_jf,521.962946970816,1.0,4.0,1,train,False
Kericho,2017-02-01,2017,2,1,1,Minimal,0.0,1.001244210964178,0.999952622964877,-1.156010503513656,-1.1075407098129886,-1.6903207277757586,-0.5334947489801183,10.487492564033367,32.67105236595989,2.2906457561966334,8.196846807836733,dry_jf,577.6437811642602,1.0,4.0,1,train,False
Kiambu,2017-02-01,2017,2,1,1,Minimal,0.0,1.0011873030149403,0.9998318358451642,-0.5130566697901219,-0.5102476840630722,-0.6752262392422367,0.0543661427621238,31.142907848299384,48.42607959218413,21.8225894931876,9.320318355111784,dry_jf,365.1581675938478,1.0,4.0,1,train,False
Kilifi,2017-02-01,2017,2,2,2,Stressed,0.2337998972582025,2.233738044275289,0.9942097819008072,0.0842047520441408,-0.8058959715596191,-1.066234513833001,-1.3101783174222503,3.62545994263747,0.0,0.0,3.62545994263747,dry_jf,485.9236308469297,2.0,4.0,1,train,False
Kirinyaga,2017-02-01,2017,2,1,1,Minimal,0.0,1.002576989134379,0.9999074216232388,-0.9852164720876352,-0.0847890478773193,-0.7765486705844526,-0.3683112531104537,33.95909874145421,72.26754800927128,46.471613492889645,-12.512514751435432,dry_jf,523.427425427593,1.0,4.0,1,train,False
Kisii,2017-02-01,2017,2,1,1,Minimal,0.0,1.0,0.9995821721614786,-1.818204584959223,-1.0559427181524423,-1.3583790024461266,-0.168574007998622,21.978486079789835,36.9526331038283,57.91889343368917,-35.94040735389933,dry_jf,771.8724273402603,1.0,4.0,1,train,False
Kisumu,2017-02-01,2017,2,1,1,Minimal,0.0,1.0,0.7829061444141885,-0.6014438209166248,-1.067360519648619,-1.7588632551408807,-0.8346714653778374,2.7488200179517728,18.008925349328845,0.0,2.7488200179517728,dry_jf,650.4965825795291,1.0,4.0,1,train,False
Kitui,2017-02-01,2017,2,2,2,Stressed,0.000305678078178,2.000305678078178,1.000013525092253,-0.6909285406075472,-0.3008246716724115,-0.4611393736412144,0.1048547094069661,23.58723504301128,40.28484655803536,19.464131781334768,4.123103261676512,dry_jf,350.0498777837523,2.0,4.0,1,train,False
Kwale,2017-02-01,2017,2,2,2,Stressed,0.0010275139482869,2.00073952346299,0.9912643250137678,-0.4898956504565725,-0.5764288551767179,-0.3042930717509697,-0.1858502289023436,7.996427236996295,15.387287097124087,0.0,7.996427236996295,dry_jf,461.4118591660762,2.0,4.0,1,train,False
Laikipia,2017-02-01,2017,2,2,2,Stressed,0.0008776660906027,1.9998564590862429,1.0000129629138592,-0.8990661639265789,-0.5408946941752094,-1.177417786340417,-0.5491797185993196,2.628885418969415,20.636401324702035,5.043231879768337,-2.414346460798922,dry_jf,378.6133408439104,2.0,4.0,1,train,False
Lamu,2017-02-01,2017,2,3,3,Crisis or worse,0.9276240592286163,2.9276240592286165,0.9773182172263198,0.4521547128779978,-0.8520255718426598,-1.5622154862241913,-1.4434524100258006,9.539289157834578,0.0,0.0,9.539289157834578,dry_jf,394.8891092289726,1.0,4.0,1,train,False
Machakos,2017-02-01,2017,2,2,2,Stressed,0.0,1.9958984574524976,0.9999541547421954,-0.90372797314456,-0.7107842480732715,-0.8881086777967027,-0.1635288229238296,34.73400351636624,56.24230883478499,23.61642819790279,11.117575318463455,dry_jf,347.0698296320569,1.0,4.0,1,train,False
Makueni,2017-02-01,2017,2,2,2,Stressed,0.0,2.0,0.9999538567848316,-0.8466247074433683,-0.5622856795183139,-0.6142963615915331,0.2262691847361027,33.844714313811494,59.89153836983827,44.38920735976189,-10.544493045950396,dry_jf,210.84898907247097,2.0,4.0,1,train,False
Mandera,2017-02-01,2017,2,3,3,Crisis or worse,0.668186840537849,2.668186840537849,0.9934867127042736,-0.3640307967852325,0.3142517637393167,-0.228029848156379,-0.4660247561392592,11.090338689537813,22.74795296753637,7.5095713645157245,3.580767325022088,dry_jf,147.72597818452132,2.0,4.0,1,train,False
Marsabit,2017-02-01,2017,2,3,3,Crisis or worse,0.5888430157122946,2.5888430157122944,0.933780348655218,-0.6079689795639702,-0.4123368232758515,-0.5873338496060003,-0.233329747094104,6.903707890752453,10.558075039054552,3.480245551239173,3.42346233951328,dry_jf,183.11284628508548,2.0,4.0,1,train,True
Meru,2017-02-01,2017,2,2,2,Stressed,0.0,1.999994138612406,0.9998893642983322,-1.3588678003673784,-0.2450976542858874,-0.936839025594811,-0.446301207756129,34.778495144528854,63.82567519443917,3.752900474468778,31.025594670060077,dry_jf,469.95952152110806,1.0,4.0,1,train,False
Migori,2017-02-01,2017,2,1,1,Minimal,0.0,1.0009600200580766,0.8093461789563474,-2.237526791057131,-1.202751124332519,-1.666313485063024,-0.5430117629610669,0.0,23.575782236608728,27.46331384127008,-27.46331384127008,dry_jf,460.4970135975702,1.0,4.0,1,train,False
Mombasa,2017-02-01,2017,2,1,1,Minimal,0.0,1.024159169166952,0.9454988271665984,0.026545251064903,-0.4414433795487287,-0.6298323403987912,-0.550723049137308,0.0,0.0,0.0,0.0,dry_jf,339.4545465241538,1.0,4.0,1,train,False
Murang'a,2017-02-01,2017,2,1,1,Minimal,0.0,1.0023313694368103,0.9998962306236832,-0.7025753570795074,-0.3874694930831424,-0.7124247349391325,-0.1592482707205248,29.811580303649105,64.29896214475004,34.43364957098976,-4.6220692673406525,dry_jf,600.9606534616394,1.0,4.0,1,train,False
Nairobi,2017-02-01,2017,2,1,1,Minimal,0.0,1.002277321936268,0.9993429939306429,-0.6108886379909116,-0.6240390541177594,-0.7388761067030687,0.1647128734038168,19.538802649404342,38.8948871500499,6.16095224735993,13.377850402044412,dry_jf,349.07589029272395,1.0,4.0,1,train,False
Nakuru,2017-02-01,2017,2,1,1,Minimal,0.0,1.0039616673813203,0.9758811554850996,-0.6418278292199013,-0.7580482186955317,-0.998629222618774,0.0959446671860028,9.020225238526578,20.27202612070751,0.0,9.020225238526578,dry_jf,337.82261196850334,1.0,4.0,1,train,False
Nandi,2017-02-01,2017,2,1,1,Minimal,0.0,1.0,0.9998151603533768,-0.2744321180902673,-0.8811757008117599,-1.9725152834197963,-0.887732274526238,9.836787688237235,28.6601528385419,0.0,9.836787688237235,dry_jf,636.3375639959971,1.0,4.0,1,train,False
Narok,2017-02-01,2017,2,2,2,Stressed,0.0,1.9972573232118724,0.9926950995646184,-1.4164356397359317,-0.8563785716765547,-0.843742535902497,0.7309195865182245,12.073361475156606,25.688885606899188,3.841294275934205,8.232067199222401,dry_jf,449.4351533314782,1.0,4.0,1,train,False
Nyamira,2017-02-01,2017,2,1,1,Minimal,0.0,1.0,0.999826225293641,-1.6353621680056425,-1.0637568685955825,-1.429354911896498,-0.0991620813531368,25.980663400303936,36.9572872598514,39.14684212368852,-13.166178723384586,dry_jf,707.0676224501927,1.0,4.0,1,train,False
Nyandarua,2017-02-01,2017,2,1,1,Minimal,0.0,1.0047154148359967,0.9999166372673338,-0.7172711378517317,-0.6723353484690958,-0.9601680294586608,-0.3287937538717089,15.643064820216022,46.59366318000688,1.7813965541578105,13.861668266058212,dry_jf,478.59632261521887,1.0,4.0,1,train,False
Nyeri,2017-02-01,2017,2,1,1,Minimal,0.0,1.0066168382983696,0.9998946561407625,-0.9195046523165016,-0.4072278826631054,-0.8964414957593186,-0.4005024977397117,0.1812437596265046,45.130347382663246,0.0,0.1812437596265046,dry_jf,596.5685209899478,1.0,4.0,1,train,False
Samburu,2017-02-01,2017,2,3,3,Crisis or worse,0.5305813475848953,2.5305813475848957,0.9999058345140028,-0.781961898187797,-0.5436655766360267,-1.0392965513131966,-0.5118085387407162,9.540440093411462,19.000390281871216,0.0,9.540440093411462,dry_jf,233.37064745956647,2.0,4.0,1,train,True
Siaya,2017-02-01,2017,2,1,1,Minimal,0.0,1.0,0.7130635075059107,-0.5407977074243122,-1.015756381595062,-1.861285211641608,-1.0986332915878905,5.830071923667301,0.0,10.429658159789694,-4.599586236122393,dry_jf,703.9110029852106,1.0,4.0,1,train,False
Taita Taveta,2017-02-01,2017,2,2,2,Stressed,0.0,2.0,0.996678387202398,-0.6395772716483354,-0.6274871248672748,-0.6192977439452555,-0.4348674064341964,18.5457305827883,27.43698540924848,1.953301651241221,16.592428931547076,dry_jf,337.281834884778,2.0,4.0,1,train,False
Tana River,2017-02-01,2017,2,3,3,Crisis or worse,0.5228853487461234,2.522885348746123,0.9998487143801412,-0.0954963329847374,-0.5218593603660487,-0.6979739639084861,-0.4387652015874584,16.54814579431053,19.46329088732119,0.0,16.54814579431053,dry_jf,208.9215702880231,2.0,4.0,1,train,False
Tharaka-Nithi,2017-02-01,2017,2,2,2,Stressed,0.0,2.0,0.999973025042614,-1.2820121096420145,0.1587134782277744,-0.4877286903613336,0.0616766344890352,34.310417015149376,52.49569926681202,9.935731778199733,24.374685236949645,dry_jf,386.5660928989662,1.0,4.0,1,train,False
Trans Nzoia,2017-02-01,2017,2,1,1,Minimal,0.0,1.0000003611851287,0.9977780064560032,0.7468106899768787,-1.0603117271083495,-1.4324564317221724,-0.865296960591081,4.649036444541269,17.537456176325037,29.47353995152377,-24.8245035069825,dry_jf,575.422482832226,1.0,4.0,1,train,False
Turkana,2017-02-01,2017,2,2,2,Stressed,0.4639623535524978,2.463962353552498,0.9601622232894668,0.132539420062329,-0.8111938405435869,-1.2494167066008797,-0.8967772029995477,8.089110506379292,9.248705504475812,5.577523373117636,2.5115871332616564,dry_jf,134.93439886021372,2.0,4.0,1,train,True
Uasin Gishu,2017-02-01,2017,2,1,1,Minimal,0.0,1.0000608491913512,0.9999481856594682,0.2457331629923968,-0.7977102160121006,-1.5243326998906044,-0.5336024022328809,10.967951958978722,23.64332844738654,22.866308034257013,-11.898356075278292,dry_jf,466.5756532543863,1.0,4.0,1,train,False
Vihiga,2017-02-01,2017,2,1,1,Minimal,0.0,1.0,0.9998193553745144,-0.3787532062057741,-0.9827302792423568,-1.9906646065650933,-0.9190921681237424,0.0,23.05095938333193,0.0,0.0,dry_jf,638.2354464495623,1.0,4.0,1,train,False
Wajir,2017-02-01,2017,2,3,3,Crisis or worse,0.5103026639658598,2.5103026639658594,0.9996352109469788,-0.3848253418400392,0.7281292935794857,0.1814193487467824,0.2338681724466277,8.441506922098489,19.85865084517638,8.730250930621166,-0.2887440085226771,dry_jf,220.92597534518788,2.0,4.0,1,train,True
West Pokot,2017-02-01,2017,2,3,3,Crisis or worse,0.501128671582614,2.3703398630777786,0.9926749237017778,0.6633322411907594,-1.370234734831722,-2.131023266936752,-1.6624403385055622,0.0219945771013614,4.805781999994516,0.0,0.0219945771013614,dry_jf,366.78840132412165,2.0,4.0,1,train,False
Baringo,2017-06-01,2017,6,2,2,Stressed,0.4201050309741536,2.3964556114234226,0.9999945640645234,0.1492865627369669,-1.1330338902829689,-1.0176102656597448,-0.4557246540468839,32.387293038442614,3.548867531894402,0.0,32.387293038442614,dry_jjas,407.6410955536569,2.0,4.0,1,train,True
Bomet,2017-06-01,2017,6,1,1,Minimal,0.0,1.0001339296253435,0.9999591929168596,0.40855290890295,-0.5503187168560911,-1.3067101885881418,-1.1158820918270638,23.27934858806882,42.69377703148221,72.00704589661878,-48.727697308549956,dry_jjas,705.0356352221398,1.0,4.0,1,train,False
Bungoma,2017-06-01,2017,6,1,1,Minimal,0.0,1.0,0.9970207416060456,1.2649717752671656,-0.3609693704514362,-0.0883077639479627,0.298854297127934,97.48146359447856,91.75069778565404,77.64800788680537,19.83345570767318,dry_jjas,684.143518918554,1.0,4.0,1,train,False
Busia,2017-06-01,2017,6,1,1,Minimal,0.0,1.0,0.914162035136638,2.2735704019360785,0.5073084785239641,0.8449065136471537,1.030487242557425,86.51896448569009,47.13047471704794,61.38295265368227,25.136011832007824,dry_jjas,504.89251568895395,1.0,4.0,1,train,False
Elgeyo-Marakwet,2017-06-01,2017,6,1,1,Minimal,0.0002464476404714,1.0063367334793665,0.9999614710587812,0.4404742390276776,-1.1359951990160069,-0.9442109651541372,-0.338792550803271,51.86733955095053,12.3802683667879,7.428218079299571,44.439121471650964,dry_jjas,424.00498148048365,1.0,4.0,1,train,False
Embu,2017-06-01,2017,6,2,2,Stressed,0.0005515283293279,1.99696563611247,0.9999832559947072,-0.1220991890152398,-1.408823956761012,-1.9021925002191604,-1.267527316106714,63.00005250520851,41.58919441937572,22.320954469466574,40.67909803574193,dry_jjas,401.4457023614595,2.0,4.0,1,train,False
Garissa,2017-06-01,2017,6,3,3,Crisis or worse,0.6106024058973542,2.610602405897354,0.9994919517599272,1.2732349843499384,0.0923416163452928,-0.2763337854421492,-1.0334262042688918,13.660950808064976,8.84330066193945,1.6101415691322027,12.050809238932773,dry_jjas,210.6771075185111,3.0,4.0,1,train,False
Homa Bay,2017-06-01,2017,6,1,1,Minimal,0.0,1.0,0.6628357436647451,0.6496587892700871,-0.0997027660075569,-0.3326483860771999,0.2112585857833214,79.9709405095499,45.71610615367026,52.96127730753916,27.009663202010742,dry_jjas,658.3122810444571,1.0,4.0,1,train,False
Isiolo,2017-06-01,2017,6,3,3,Crisis or worse,0.7518804591292961,2.751880459129296,0.9999655296366224,1.203118010077873,-1.270626921656341,-1.468981279641184,-1.0676496929922243,7.878092007205066,4.740760829625144,4.096176805762234,3.7819152014428328,dry_jjas,121.15801476654195,2.0,4.0,1,train,False
Kajiado,2017-06-01,2017,6,2,2,Stressed,0.0,1.9992143574179568,0.9866508734010327,-0.3526678103493185,-1.6924971259535575,-2.202650340264234,-1.2640422225914127,20.468441332946924,16.11921330216766,12.191794840612888,8.276646492334036,dry_jjas,244.0590119973267,2.0,4.0,1,train,False
Kakamega,2017-06-01,2017,6,1,1,Minimal,0.0,1.0,0.9998432712295532,1.1902937792090205,-0.1983870967304325,0.0236828520345458,0.3168630270291191,78.62113826375803,65.86329173473598,64.83108185293602,13.790056410822004,dry_jjas,521.962946970816,1.0,4.0,1,train,False
Kericho,2017-06-01,2017,6,1,1,Minimal,0.0,1.0989514108508742,1.0000092589479703,0.817569151036553,-0.2795745472151476,-0.7252330593022978,-0.8248801480038385,44.57581001503058,55.361788298354426,43.965910713712894,0.6098993013176823,dry_jjas,577.6437811642602,1.0,4.0,1,train,False
Kiambu,2017-06-01,2017,6,1,1,Minimal,0.0,1.004124707751241,0.9998415934837052,0.0493130045409085,-1.2871312067856024,-1.7613051979766334,-0.8657324031273775,61.9226639065829,6.9959281563374045,19.28658323013487,42.63608067644803,dry_jjas,365.1581675938478,1.0,4.0,1,train,False
Kilifi,2017-06-01,2017,6,3,3,Crisis or worse,0.7975262198231837,2.797464367468453,0.9942198792549004,1.1953012560261416,0.5125724971756106,0.2203904379302686,-0.3412817006221246,21.038417737001417,0.0,0.0,21.038417737001417,dry_jjas,485.9236308469297,2.0,4.0,1,train,False
Kirinyaga,2017-06-01,2017,6,1,1,Minimal,1.5502378105962137e-05,1.0025924915124855,0.9999074216232394,-0.255698579391645,-1.5039533314290978,-1.76531640683513,-0.9190635233789446,39.94553721582079,0.0,21.92126637975476,18.024270836066034,dry_jjas,523.427425427593,1.0,4.0,1,train,False
Kisii,2017-06-01,2017,6,1,1,Minimal,0.0,1.0,0.9995821721614786,-0.1088729764324812,-0.1250672114880621,-0.8556645275825405,-0.4936555025652018,38.61799132880281,65.90708338814869,80.8600531873971,-42.24206185859429,dry_jjas,771.8724273402603,1.0,4.0,1,train,False
Kisumu,2017-06-01,2017,6,1,1,Minimal,0.0,1.000046794673207,0.7829071177907161,1.307675478951342,0.1781592128874029,0.0615966911950743,0.0899013565610467,94.00083536381396,49.02562291908913,81.44689012518865,12.553945238625317,dry_jjas,650.4965825795291,1.0,4.0,1,train,False
Kitui,2017-06-01,2017,6,2,2,Stressed,0.1870927220271259,2.187092722027126,0.9999823061871131,1.1489827100402623,-0.7241073061298429,-1.3582046939962629,-1.2841046302803336,40.55699251413272,23.864976295588782,0.0,40.55699251413272,dry_jjas,350.0498777837523,2.0,4.0,1,train,False
Kwale,2017-06-01,2017,6,2,2,Stressed,0.001624192670232,2.001336202515908,0.991265464224382,1.3201874973422636,0.6149689011421369,0.245718671860173,-0.633426784563061,46.19211179339431,0.0,0.0,46.19211179339431,dry_jjas,461.4118591660762,2.0,4.0,1,train,False
Laikipia,2017-06-01,2017,6,2,2,Stressed,0.1130319861406154,2.1120108082265427,1.0000414502748185,0.1611157319839816,-1.2074510092089663,-1.2570166228191504,-0.726793309668516,22.45649980571443,8.394703674817059,0.0,22.45649980571443,dry_jjas,378.6133408439104,2.0,4.0,1,train,False
Lamu,2017-06-01,2017,6,2,2,Stressed,0.3443653010937321,2.344365301093732,0.977321130906557,0.4701988154052198,0.3620911888808231,0.1308987518347919,-0.5969254065789369,26.015037320239607,0.0,0.0,26.015037320239607,dry_jjas,394.8891092289726,3.0,4.0,1,train,False
Machakos,2017-06-01,2017,6,2,2,Stressed,0.0003267331384213,1.996225191230823,0.999954310750569,0.1347368627115925,-1.1541873597943957,-1.786755209466451,-1.0860055416122296,70.22823329401102,44.29152982609651,13.087627168984657,57.140606125026366,dry_jjas,347.0698296320569,2.0,4.0,1,train,False
Makueni,2017-06-01,2017,6,2,2,Stressed,0.0,2.0,0.9999538567854904,0.5410813257409086,-0.9339257414179242,-1.673630780144954,-1.2705463385380145,56.59394621968907,37.289862750971125,6.073749749462619,50.52019647022645,dry_jjas,210.84898907247097,2.0,4.0,1,train,False
Mandera,2017-06-01,2017,6,2,2,Stressed,0.4819663641267713,2.4819663641267717,0.9934927341615108,0.2927187602713387,-0.5132303217392393,-0.1089283942666274,-0.7843631439644801,46.325535621120736,31.05714149441457,21.264538734753472,25.060996886367263,dry_jjas,147.72597818452132,3.0,4.0,1,train,False
Marsabit,2017-06-01,2017,6,3,3,Crisis or worse,0.7265387541406899,2.72653875414069,0.9337838572052868,0.6562970486929895,-0.7521586891913081,-0.839070513152746,-0.9306686865488945,20.81569291382187,4.437642861492727,0.0,20.81569291382187,dry_jjas,183.11284628508548,3.0,4.0,1,train,True
Meru,2017-06-01,2017,6,2,2,Stressed,0.2279104628638244,2.2279046015507955,0.9999020844107216,0.1790032557533096,-1.6026513591043163,-2.047440883639384,-1.2561170640093244,15.834570977634655,4.395276361105647,9.322736751042925,6.511834226591731,dry_jjas,469.95952152110806,2.0,4.0,1,train,False
Migori,2017-06-01,2017,6,1,1,Minimal,0.0,1.0009600200580766,0.8093461789563474,0.3817531661824346,-0.3779168057723719,-1.0593268141205756,-0.2741560817885919,28.55809836149324,51.56841141952948,57.34087951607588,-28.78278115458264,dry_jjas,460.4970135975702,1.0,4.0,1,train,False
Mombasa,2017-06-01,2017,6,1,1,Minimal,0.0,1.024159169166952,0.9454988271665984,1.2666064760847355,0.9200873615130192,0.6816669425128827,0.0065544754421775,17.02492035878094,8.257902547218533,0.5370606258821737,16.487859732898766,dry_jjas,339.4545465241538,1.0,4.0,1,train,False
Murang'a,2017-06-01,2017,6,1,1,Minimal,0.0,1.0029760939952872,0.9999002361827064,0.0500811422090426,-1.2104881783539254,-1.4633211361194904,-0.7298516594521736,62.67265700261481,7.256877465839549,22.244147135704956,40.428509866909856,dry_jjas,600.9606534616394,1.0,4.0,1,train,False
Nairobi,2017-06-01,2017,6,1,1,Minimal,0.0,1.002277321936268,0.9993429939306429,-0.2055256420194746,-1.395648457569493,-1.9633407553283035,-0.8967639053967242,22.75005333577152,19.00185193735213,13.084506671099223,9.665546664672295,dry_jjas,349.07589029272395,1.0,4.0,1,train,False
Nakuru,2017-06-01,2017,6,1,1,Minimal,0.0002683395186243,1.0516556427500778,0.9759001841496632,-0.1314977395569453,-1.1900327760624694,-1.408711756737852,-0.8918084834565276,20.66865349475725,4.944328777410865,8.403632951961512,12.265020542795739,dry_jjas,337.82261196850334,1.0,4.0,1,train,False
Nandi,2017-06-01,2017,6,1,1,Minimal,0.0,1.0,0.9998151603533768,0.7951340952237652,-0.3944649326195035,-0.4483841629878549,-0.3574481999858586,83.55216617119808,76.73619336347821,70.759415108565,12.792751062633087,dry_jjas,636.3375639959971,1.0,4.0,1,train,False
Narok,2017-06-01,2017,6,2,2,Stressed,0.0,1.9940301460574568,0.9926970768051132,-0.4867799102101744,-1.2484910964717573,-1.9688236955423652,-1.3027341125509002,42.54740253515792,7.604917093390102,34.42307067206111,8.124331863096813,dry_jjas,449.4351533314782,2.0,4.0,1,train,False
Nyamira,2017-06-01,2017,6,1,1,Minimal,0.0,1.0,0.999826225293641,0.4698287309356415,0.0145204059332413,-0.6969453801211725,-0.6239058487031254,6.6868280876982045,73.34279376858622,81.55435873386135,-74.86753064616315,dry_jjas,707.0676224501927,1.0,4.0,1,train,False
Nyandarua,2017-06-01,2017,6,1,1,Minimal,0.0042158365740844,1.2603173502235003,0.9999272234307192,-0.1297338066707004,-1.2202176420122846,-1.337284536620517,-0.8078189375182954,29.619696658305948,20.87340160357381,14.18471946474544,15.434977193560508,dry_jjas,478.59632261521887,1.0,4.0,1,train,False
Nyeri,2017-06-01,2017,6,1,1,Minimal,0.0059992817880705,1.012922763262743,0.9999008065266486,-0.3119589112134654,-1.3477496274994731,-1.4697750986086902,-0.7472198343425192,28.868585822950276,17.81705256072895,14.765672986072362,14.102912836877914,dry_jjas,596.5685209899478,1.0,4.0,1,train,False
Samburu,2017-06-01,2017,6,2,2,Stressed,0.4363214449160176,2.4363214449160173,0.99992034265564,0.4943040006544958,-0.9918202773361764,-1.1790806178736224,-1.0008670642593778,24.61027540013149,0.5044045535125969,0.0,24.61027540013149,dry_jjas,233.37064745956647,3.0,4.0,1,train,True
Siaya,2017-06-01,2017,6,1,1,Minimal,0.0,1.0,0.7130635075059107,1.3667113301183291,0.3040981158047939,0.5177981276434198,0.8547191716072845,81.42668336020732,46.46351722561269,35.81495777274267,45.61172558746465,dry_jjas,703.9110029852106,1.0,4.0,1,train,False
Taita Taveta,2017-06-01,2017,6,2,2,Stressed,0.1639483164516049,2.163948316451605,0.996693805007888,1.100121915374306,-0.6322286740579117,-0.9372220672534484,-1.0883193239821738,39.29937772721344,0.1312444604581605,0.0,39.29937772721344,dry_jjas,337.281834884778,2.0,4.0,1,train,False
Tana River,2017-06-01,2017,6,2,2,Stressed,0.3384587565280262,2.338458756528026,0.9998433560935056,0.7484169793816098,-0.6701412119947591,-1.0552840311524303,-0.951537846892549,3.683508813923632,6.882263184571486,0.0,3.683508813923632,dry_jjas,208.9215702880231,3.0,4.0,1,train,False
Tharaka-Nithi,2017-06-01,2017,6,2,2,Stressed,0.0001596764744929,2.000159676474493,0.999973025042614,-0.1801955144715549,-1.5030917416332197,-2.094003283339957,-1.3665547954813355,45.78198598945021,29.514953228449887,13.046881195103245,32.73510479434697,dry_jjas,386.5660928989662,2.0,4.0,1,train,False
Trans Nzoia,2017-06-01,2017,6,1,1,Minimal,0.0040020921807144,1.0819359341903891,0.9977844089794708,1.1495293103215602,-0.6377751983943276,-0.1331761593274355,0.4444723813119476,52.53725418721198,45.997357079313474,33.35990970972277,19.177344477489207,dry_jjas,575.422482832226,1.0,4.0,1,train,False
Turkana,2017-06-01,2017,6,3,3,Crisis or worse,0.5585429993667709,2.536684638571286,0.9601816490994464,-0.103152888102754,-1.278002282589378,-0.8839883301582877,0.1374983764081204,8.893457295912057,0.0,8.37023082722011,0.5232264686919468,dry_jjas,134.93439886021372,2.0,4.0,1,train,True
Uasin Gishu,2017-06-01,2017,6,1,1,Minimal,0.0,1.0000608491913512,0.9999481856594682,0.460369021227431,-1.0466199339170572,-1.0266991870886186,-0.5527451528834085,70.8182837046594,33.91494612235381,23.314358427089687,47.50392527756971,dry_jjas,466.5756532543863,1.0,4.0,1,train,False
Vihiga,2017-06-01,2017,6,1,1,Minimal,0.0,1.0,0.9998193553745144,1.3737309968323628,0.1997513642077471,0.4141024845739751,0.5340539500423302,82.42334082515674,93.5683233898467,76.6193366652864,5.804004159870345,dry_jjas,638.2354464495623,1.0,4.0,1,train,False
Wajir,2017-06-01,2017,6,2,2,Stressed,0.4247545909134482,2.424754590913448,0.9996371245657292,1.3750968750933237,-0.2109671248478813,-0.0651805672821477,-0.850687757483666,19.352487297765624,13.911015768984832,13.195647532996809,6.156839764768815,dry_jjas,220.92597534518788,3.0,4.0,1,train,True
West Pokot,2017-06-01,2017,6,3,3,Crisis or worse,0.5670050865258938,2.5646618091915863,0.9926726674589595,0.5617210200463822,-1.4667602337750578,-0.9596866132317527,-0.010163786856617,18.65462811322887,13.145107891027976,2.5464489948957487,16.108179118333123,dry_jjas,366.78840132412165,3.0,4.0,1,train,False
Baringo,2017-10-01,2017,10,2,2,Stressed,0.0,1.5582482141685938,1.0000031537499772,1.6752579467639284,2.2482486236653467,0.8943473179424827,1.2866181861462065,83.67333462190892,86.38599088663106,55.65700244795816,28.016332173950758,short_rains,407.6410955536569,2.0,4.0,1,train,True
Bomet,2017-10-01,2017,10,1,1,Minimal,0.0,1.00000888073496,0.9999591445797522,1.0854400678370335,1.9830963252382292,1.160830449019296,1.5364020672955343,61.69952855997555,40.29975062195431,36.23250416387069,25.467024396104854,short_rains,705.0356352221398,1.0,4.0,1,train,False
Bungoma,2017-10-01,2017,10,1,1,Minimal,0.0,1.0,0.9970207416060456,0.8917754406921108,1.5454392624378783,1.3281116988535604,1.5368224253948457,50.60353462287328,57.658513218564885,0.0,50.60353462287328,short_rains,684.143518918554,1.0,4.0,1,train,False
Busia,2017-10-01,2017,10,1,1,Minimal,0.0,1.0,0.9141620351366326,1.0227512737898488,1.4879965130714197,1.9788965596475,1.7980904586850703,70.521507196775,63.48533034866867,32.86861675771636,37.652890439058645,short_rains,504.89251568895395,1.0,4.0,1,train,False
Elgeyo-Marakwet,2017-10-01,2017,10,1,1,Minimal,0.0,1.0006154999387935,0.9999531832842422,1.8744508434106883,3.0112595968323337,1.284080950162103,1.9401125742281724,86.32296804499431,71.37683693081215,28.47587970421548,57.84708834077883,short_rains,424.00498148048365,1.0,4.0,1,train,False
Embu,2017-10-01,2017,10,2,2,Stressed,0.0,1.667672206524964,0.999984606567881,0.3142827931266467,0.1279505526332713,-0.9157303756796452,-0.3237118515659152,41.97991809057044,38.13498984675719,0.0,41.97991809057044,short_rains,401.4457023614595,2.0,4.0,1,train,False
Garissa,2017-10-01,2017,10,2,2,Stressed,0.3149516427853767,2.3149516427853767,0.9994800167375124,0.4071052142253821,-0.4999146903120541,0.5190469237083638,1.0084905526602284,31.720539077387503,28.04198145931935,22.827235786507234,8.893303290880269,short_rains,210.6771075185111,3.0,4.0,1,train,False
Homa Bay,2017-10-01,2017,10,1,1,Minimal,0.0,1.0,0.662835743664745,0.937566710243388,1.6264753767888278,1.51501676553231,1.0451548396866006,74.49495536793435,18.047232461618293,0.0,74.49495536793435,short_rains,658.3122810444571,1.0,4.0,1,train,False
Isiolo,2017-10-01,2017,10,3,3,Crisis or worse,0.900848482806411,2.9008208423690447,0.9999877316922255,-0.2829585289435601,-0.0094342119645478,-1.0151799881277486,1.1003370036956637,0.0,0.0,0.0,0.0,short_rains,121.15801476654195,3.0,4.0,1,train,False
Kajiado,2017-10-01,2017,10,2,2,Stressed,0.0,1.956093113052931,0.9866578531969143,0.5418778743131598,1.7233684062093777,-1.122218218346379,-0.3660391241807004,12.553481928279748,15.14963689886782,0.2402441727964169,12.31323775548333,short_rains,244.0590119973267,2.0,4.0,1,train,False
Kakamega,2017-10-01,2017,10,1,1,Minimal,0.0,1.0,0.999843271229553,0.7921139211948688,1.7068267690574963,1.5959763899940775,1.507847789762414,81.92559211926883,40.37713348827483,21.934682321413515,59.99090979785531,short_rains,521.962946970816,1.0,4.0,1,train,False
Kericho,2017-10-01,2017,10,1,1,Minimal,0.0,1.0,0.9999526229648776,1.4498721782252262,2.7707228287475094,1.8752881491089437,2.007384365776592,76.92286596444461,60.426106729876025,41.721116743936825,35.201749220507786,short_rains,577.6437811642602,1.0,4.0,1,train,False
Kiambu,2017-10-01,2017,10,1,1,Minimal,0.0,1.0000085802775256,0.9998305741952508,0.3581360808276742,1.641544325799689,-0.719774494893825,-0.015105591414191,53.56046409632761,41.73090818658714,0.0,53.56046409632761,short_rains,365.1581675938478,1.0,4.0,1,train,False
Kilifi,2017-10-01,2017,10,2,2,Stressed,0.0022482066492799,1.8465430872684307,0.9942097520174966,0.8142424358448405,0.2218417490527386,0.5297433093581452,0.7588670558953947,26.81640302789954,21.21859754372692,4.152350269632455,22.664052758267083,short_rains,485.9236308469297,3.0,4.0,1,train,False
Kirinyaga,2017-10-01,2017,10,1,1,Minimal,0.0,1.0002615914004505,0.999907421621526,0.6420855452347295,0.8314912693216897,-0.9299848280718636,-0.4785803220639226,68.64289500029449,48.88266555233688,20.640618347186635,48.002276653107856,short_rains,523.427425427593,1.0,4.0,1,train,False
Kisii,2017-10-01,2017,10,1,1,Minimal,0.0,1.0,0.9995821721614786,0.8339490678323428,1.3671718282921344,1.061569100068296,0.6068459767470905,95.5318205076446,41.58309311860055,32.82427379544268,62.70754671220192,short_rains,771.8724273402603,1.0,4.0,1,train,False
Kisumu,2017-10-01,2017,10,1,1,Minimal,0.0,1.0,0.7829061444141889,0.8059654261216495,1.7024257096352051,2.3173387143344177,1.7165881332314783,44.08884843831877,53.579473652660624,35.36617633587682,8.722672102441948,short_rains,650.4965825795291,1.0,4.0,1,train,False
Kitui,2017-10-01,2017,10,2,2,Stressed,0.0003494092108701,1.9394458318116528,1.0000156437008323,0.5505631740641326,1.806000593338072,0.1314956465228177,1.2026648695379,9.804912469065098,25.75978201569981,17.177692335742154,-7.372779866677057,short_rains,350.0498777837523,2.0,4.0,1,train,False
Kwale,2017-10-01,2017,10,2,2,Stressed,0.0,1.933394791093772,0.9912659128784936,3.150852568820477,1.9207598137217812,1.2289306490580114,1.0741455122522203,54.9056264094493,54.24421807477279,59.44603330390909,-4.540406894459792,short_rains,461.4118591660762,2.0,4.0,1,train,False
Laikipia,2017-10-01,2017,10,3,3,Crisis or worse,0.5564446964726004,2.2581448267827158,1.0000212259067025,0.8441137476687035,1.4924838224538854,-0.0302453452613043,0.114251523003878,65.75308063646918,58.488741178155685,37.00700239229622,28.746078244172956,short_rains,378.6133408439104,2.0,4.0,1,train,False
Lamu,2017-10-01,2017,10,2,2,Stressed,0.0015512757217777,2.001551275721778,0.9772691235251724,-1.0909206944598604,-1.8076204341098676,-0.0688576014792412,0.0132635533430151,74.52153829445713,68.4005422370896,76.10644305731354,-1.5849047628564108,short_rains,394.8891092289726,2.0,4.0,1,train,False
Machakos,2017-10-01,2017,10,1,1,Minimal,0.0,1.003784031239779,0.999932162326225,0.0946573935765791,1.3710917629498935,-0.5452603822338042,0.1156861224562335,48.44734119882243,50.23647179369218,26.467065967833246,21.980275230989182,short_rains,347.0698296320569,2.0,4.0,1,train,False
Makueni,2017-10-01,2017,10,2,2,Stressed,0.0,1.947171346097437,0.9999864750196296,0.9089729122977472,2.7121279490341053,0.0117975511757041,0.5928870600881029,28.486064693720337,47.51008174274102,30.01415102334437,-1.5280863296240312,short_rains,210.84898907247097,2.0,4.0,1,train,False
Mandera,2017-10-01,2017,10,3,3,Crisis or worse,0.5897830130822538,2.589783013082254,0.9934952970820572,1.0136684612779256,0.5637547582609886,-0.1242542889629438,0.250060665940561,16.119697928913524,31.26258812866413,7.890361277566451,8.229336651347072,short_rains,147.72597818452132,2.0,4.0,1,train,False
Marsabit,2017-10-01,2017,10,3,3,Crisis or worse,0.5854380611926675,2.582379618240107,0.9337825383279236,1.242559872791434,1.2012956787694162,-0.2791538234378871,0.6956638599523416,40.48668200774885,21.71805507677272,17.405353546327586,23.08132846142126,short_rains,183.11284628508548,3.0,4.0,1,train,True
Meru,2017-10-01,2017,10,1,1,Minimal,0.0027691493962718,1.3956531605764724,0.9999183907447684,-0.3932899248447247,-0.455479199869192,-1.2235607450526578,-0.0987927992961802,38.3268327617938,41.27240124265712,18.98791699925977,19.338915762534032,short_rains,469.95952152110806,2.0,4.0,1,train,False
Migori,2017-10-01,2017,10,1,1,Minimal,0.0,1.0009600200580808,0.8093461789527345,0.3222165279067584,1.19328910860045,0.4754024737367746,0.9693427088998108,35.62013150579164,0.0,0.0,35.62013150579164,short_rains,460.4970135975702,1.0,4.0,1,train,False
Mombasa,2017-10-01,2017,10,1,1,Minimal,0.0,1.0012155306287127,0.945430610879302,2.509019821708337,0.973928439844816,0.9416764801828802,0.9662236508750748,34.960858450458154,22.680701126726785,11.00300643515783,23.957852015300325,short_rains,339.4545465241538,1.0,4.0,1,train,False
Murang'a,2017-10-01,2017,10,1,1,Minimal,0.0,1.0,0.9998960447776898,0.6988364021850711,1.176795984413472,-0.7423277317510353,-0.054477519715388,54.01766316742281,68.3636979834902,4.628313097363764,49.389350070059045,short_rains,600.9606534616394,1.0,4.0,1,train,False
Nairobi,2017-10-01,2017,10,1,1,Minimal,0.0,1.0004033639580097,0.9993429939949856,0.4532106274985872,2.055073973157482,-0.8257100957215412,-0.1756736474586174,34.466195232835645,28.53184112788327,0.0,34.466195232835645,short_rains,349.07589029272395,1.0,4.0,1,train,False
Nakuru,2017-10-01,2017,10,1,1,Minimal,0.0,1.0000173105892736,0.9758499055944194,1.5535154902969617,2.355115236800972,0.7207352563951441,1.0593012570441651,91.06559742682812,79.3559593429167,52.91766213432993,38.14793529249819,short_rains,337.82261196850334,1.0,4.0,1,train,False
Nandi,2017-10-01,2017,10,1,1,Minimal,0.0,1.0,0.9998151603528128,1.1551681310234534,2.328402328365182,1.987440739433779,1.808378293298667,59.89458664922998,55.75104968653281,32.089685926780135,27.804900722449844,short_rains,636.3375639959971,1.0,4.0,1,train,False
Narok,2017-10-01,2017,10,2,2,Stressed,0.0,1.7611502426846417,0.9926912865777452,0.917847923704734,1.728204636957508,0.0499298355596512,0.4951126128262884,40.25149498528384,35.18589721909779,5.3985827336520416,34.8529122516318,short_rains,449.4351533314782,2.0,4.0,1,train,False
Nyamira,2017-10-01,2017,10,1,1,Minimal,0.0,1.0,0.9998262252936406,1.0462652064623146,1.5002929915684806,1.3868982119984707,1.0423821562478917,71.78543010564367,70.28601204471458,56.73980905403444,15.045621051609231,short_rains,707.0676224501927,1.0,4.0,1,train,False
Nyandarua,2017-10-01,2017,10,1,1,Minimal,0.0,1.0009641685385835,0.9998954460078072,1.2536200128370312,1.796739154181458,0.0921423860728872,0.1539037510244601,93.62946957685756,67.36184752533755,37.75296375126279,55.87650582559477,short_rains,478.59632261521887,1.0,4.0,1,train,False
Nyeri,2017-10-01,2017,10,1,1,Minimal,0.0,1.0053150150421255,0.9998889348338412,0.839105529881835,0.9405157939938888,-0.7286426342273585,-0.6076370924571753,78.97597197724573,48.8539630713043,12.299157469214489,66.67681450803124,short_rains,596.5685209899478,1.0,4.0,1,train,False
Samburu,2017-10-01,2017,10,3,3,Crisis or worse,0.7405524733137204,2.5505230758676367,0.9999250745850734,0.4125451842820022,0.5616590319887614,-0.4912361836544648,0.2151363860937664,43.21599008128677,33.9775448174656,23.400229469560003,19.815760611726766,short_rains,233.37064745956647,2.0,4.0,1,train,True
Siaya,2017-10-01,2017,10,1,1,Minimal,0.0,1.0,0.7130635075059107,0.8959814583347355,1.598163298532023,1.8842325079878093,1.422620167258756,62.08235549744813,39.12742027276652,0.7230659061483771,61.35928959129975,short_rains,703.9110029852106,1.0,4.0,1,train,False
Taita Taveta,2017-10-01,2017,10,2,2,Stressed,0.0002570742612601,1.5551371891580787,0.9966792235069628,0.6318058253539721,1.4965390716260023,0.4384657708115712,0.8225008032134202,24.726544717828645,45.5682977566775,21.50744456623175,3.219100151596894,short_rains,337.281834884778,2.0,4.0,1,train,False
Tana River,2017-10-01,2017,10,3,3,Crisis or worse,0.8205506145885247,2.820550614588525,0.9998446137975115,0.5635789761024009,0.6328181165121128,0.0594053568733907,0.3944248118293962,11.976541917674645,6.249343421923052,0.0,11.976541917674645,short_rains,208.9215702880231,2.0,4.0,1,train,False
Tharaka-Nithi,2017-10-01,2017,10,2,2,Stressed,0.0,1.569479802845253,0.9999939446980428,-0.1977801501058929,-0.4239114741007971,-1.1059119366783374,-0.3639801580839062,22.138610173075552,35.73893579907708,0.0,22.138610173075552,short_rains,386.5660928989662,2.0,4.0,1,train,False
Trans Nzoia,2017-10-01,2017,10,1,1,Minimal,0.0,1.0,0.9977780064560036,1.4348978298295365,3.115419238757227,2.2799908993342526,2.8790538226244484,63.286689777112336,74.14908725268147,2.333722665233762,60.95296711187857,short_rains,575.422482832226,1.0,4.0,1,train,False
Turkana,2017-10-01,2017,10,2,2,Stressed,0.1587353451408945,2.1586275235094083,0.9601573939137472,1.2194410314045592,1.7876662087125226,0.048895780823798,0.7464850646275927,69.20974162977082,48.60838070016399,33.79054772703472,35.4191939027361,short_rains,134.93439886021372,3.0,4.0,1,train,True
Uasin Gishu,2017-10-01,2017,10,1,1,Minimal,0.0,1.0,0.9999480360329528,1.517888653235251,3.1549366525206306,1.7583395783678468,2.3518342479641348,74.01386241647293,79.34767504730955,62.20378599340581,11.810076423067123,short_rains,466.5756532543863,1.0,4.0,1,train,False
Vihiga,2017-10-01,2017,10,1,1,Minimal,0.0,1.0,0.9998193553745144,0.5800577707350159,1.5885157827158292,2.03720633901578,1.6197584724485743,85.91814262097901,45.937200147447015,41.98909265992189,43.929049961057125,short_rains,638.2354464495623,1.0,4.0,1,train,False
Wajir,2017-10-01,2017,10,3,3,Crisis or worse,0.5102840286133313,2.510284028613331,0.9996324712263722,0.0700131165251983,0.649534958522933,0.0885062854643131,1.4020424298209877,14.5641483102607,14.79343613312926,0.0,14.5641483102607,short_rains,220.92597534518788,2.0,4.0,1,train,True
West Pokot,2017-10-01,2017,10,1,1,Minimal,0.0,1.0027376219851862,0.9926738576986502,2.088155856361624,3.048536025710763,1.216758693834776,1.8431942488712447,74.17792965012383,66.51185817361407,42.51011216521693,31.667817484906898,short_rains,366.78840132412165,3.0,4.0,1,train,False
Baringo,2018-02-01,2018,2,1,1,Minimal,0.0012764674251397,1.4105496355612357,0.9999777826893144,-1.1342611513964975,-0.175411725345922,1.3780584516526058,2.289480910645451,19.732627499369645,45.99656368924338,85.85618682554085,-66.1235593261712,dry_jf,407.6410955536569,2.0,4.0,1,train,True
Bomet,2018-02-01,2018,2,1,1,Minimal,0.0,1.0,0.9999591445797528,-0.6872655533882612,-0.390830564228196,0.272966028240922,1.1869753575842623,59.23101486433406,53.69835919409064,82.96785638446094,-23.736841520126887,dry_jf,705.0356352221398,1.0,4.0,1,train,False
Bungoma,2018-02-01,2018,2,1,1,Minimal,0.0,1.0,0.9970207416060456,-1.4313768530589603,-0.7824869234543799,0.4663292782447243,0.9591740577414914,2.752249466181845,25.41579573958437,43.59485892767872,-40.84260946149688,dry_jf,684.143518918554,1.0,4.0,1,train,False
Busia,2018-02-01,2018,2,1,1,Minimal,0.0,1.0,0.9141620351366326,-1.5848616453443718,-0.8241595971053389,-0.1172318426948228,0.6942330748379812,8.320820097894188,22.289881238134186,27.39283658367201,-19.072016485777823,dry_jf,504.89251568895395,1.0,4.0,1,train,False
Elgeyo-Marakwet,2018-02-01,2018,2,1,1,Minimal,0.0,1.0033769993733028,0.9999600733550672,-1.3792355429142211,-0.5142150963264035,1.4306182825539515,2.0174588336698958,22.556625836931996,45.947619318193134,76.24074085447369,-53.684115017541686,dry_jf,424.00498148048365,1.0,4.0,1,train,False
Embu,2018-02-01,2018,2,2,2,Stressed,0.0,1.667672206524964,0.999984606567881,-0.9540931723176204,-0.3958767422500438,-0.2442830541746548,0.405586400196836,4.989513428188944,38.56836436397993,76.05266346181867,-71.06315003362973,dry_jf,401.4457023614595,2.0,4.0,1,train,False
Garissa,2018-02-01,2018,2,3,3,Crisis or worse,0.9126711557574954,2.912671155757496,0.9994811882788398,-0.6724607500746818,-0.5491352339007544,-0.5280921549988177,-0.0148343802313387,0.0,0.0,21.3754586319141,-21.3754586319141,dry_jf,210.6771075185111,2.0,4.0,1,train,False
Homa Bay,2018-02-01,2018,2,1,1,Minimal,0.0,1.0,0.662835743664745,-1.2112220536473908,-0.8475103637874439,-0.1427320584721186,0.3008983309029269,0.0,29.105087970882145,57.53579891380865,-57.53579891380865,dry_jf,658.3122810444571,1.0,4.0,1,train,False
Isiolo,2018-02-01,2018,2,3,3,Crisis or worse,0.7968539350772221,2.796832969174396,0.9999670204220188,-1.0273160973118685,-0.820196718142289,-0.5745465334169606,0.0347044449449776,0.0,3.4173364224866,7.314216952378531,-7.314216952378531,dry_jf,121.15801476654195,3.0,4.0,1,train,False
Kajiado,2018-02-01,2018,2,3,3,Crisis or worse,0.5067498459054262,2.505590538444004,0.9866578025484948,0.6629713089851451,-0.381148911876339,-0.3547661233675418,0.0446308754050418,12.030229053307576,10.6425123134251,18.54166673634861,-6.511437683041034,dry_jf,244.0590119973267,2.0,4.0,1,train,False
Kakamega,2018-02-01,2018,2,1,1,Minimal,0.0,1.0,0.999843271229553,-1.51342591926856,-0.7213452500386619,0.4543459222914358,0.9740867085845376,14.027331022334408,30.50535776590158,52.84954041272284,-38.82220939038843,dry_jf,521.962946970816,1.0,4.0,1,train,False
Kericho,2018-02-01,2018,2,1,1,Minimal,0.0,1.0,0.9999526229648772,-1.3905154692369743,-0.5308553231318278,0.5455295119716257,1.7127592876023467,30.211783586070897,53.4975841644257,75.26253072963158,-45.050747143560685,dry_jf,577.6437811642602,1.0,4.0,1,train,False
Kiambu,2018-02-01,2018,2,1,1,Minimal,0.0,1.001036389650512,0.9998318358451644,0.0613873225440128,-0.701656743863281,-0.2495831240554273,0.2452272007605309,32.108569383931,48.65020540524886,74.08792284410585,-41.97935346017485,dry_jf,365.1581675938478,1.0,4.0,1,train,False
Kilifi,2018-02-01,2018,2,2,2,Stressed,0.0,1.6414381996364524,0.9942093257472656,-0.8412522268164282,0.3040191860647038,0.0981516467210527,0.452922604834809,13.950314032392432,37.99981497605927,55.03934428853129,-41.089030256138855,dry_jf,485.9236308469297,2.0,4.0,1,train,False
Kirinyaga,2018-02-01,2018,2,1,1,Minimal,0.0,1.0002615914004505,0.999907421621526,-0.8480684165379474,-0.495314100051557,-0.1908718587289709,0.316366778322087,34.59698492645028,40.45992356606222,34.784668219318625,-0.18768329286834273,dry_jf,523.427425427593,1.0,4.0,1,train,False
Kisii,2018-02-01,2018,2,1,1,Minimal,0.0,1.0,0.9995821721572732,-1.0282720370656258,-0.506589743977243,0.226176993064186,0.5147689690523327,41.28812719045221,52.042860810718295,78.31565007566888,-37.027522885216676,dry_jf,771.8724273402603,1.0,4.0,1,train,False
Kisumu,2018-02-01,2018,2,1,1,Minimal,0.0,1.0,0.782906144414189,-1.5877771493798951,-0.6546266811218246,0.0403464286746907,0.9040978479317734,0.0,36.79684036334899,66.86340111602279,-66.86340111602279,dry_jf,650.4965825795291,1.0,4.0,1,train,False
Kitui,2018-02-01,2018,2,2,2,Stressed,0.0003056779430127,1.99975325903234,1.0000139672845525,-0.8301150368691153,-1.049983550271732,-0.9134110854822908,-0.327892381745942,0.0,0.0,17.10751152605752,-17.10751152605752,dry_jf,350.0498777837523,2.0,4.0,1,train,False
Kwale,2018-02-01,2018,2,1,1,Minimal,0.0,1.0039046451623332,0.9912690199605956,-0.5653304662962487,0.6758859502463438,0.8858644163786775,1.3490574080900584,33.397867806969394,56.904057834460566,75.81090220248315,-42.413034395513755,dry_jf,461.4118591660762,2.0,4.0,1,train,False
Laikipia,2018-02-01,2018,2,2,2,Stressed,0.0,1.5587327785086555,0.9999886237871276,-0.9898956380293328,-0.4684869916923774,0.7406561711479196,1.3569680119908218,11.826082503814511,41.3245871741286,68.94272223435499,-57.11663973054048,dry_jf,378.6133408439104,3.0,4.0,1,train,False
Lamu,2018-02-01,2018,2,2,2,Stressed,0.0075337346269624,2.0075337346269624,0.9773149393714812,-0.4017074196449806,-1.0336223139744138,-1.156350716309277,-0.517752388382834,0.0,14.684919253385766,61.17784719762138,-61.17784719762138,dry_jf,394.8891092289726,2.0,4.0,1,train,False
Machakos,2018-02-01,2018,2,1,1,Minimal,0.0,1.0044309397763718,0.9999321623180928,-0.2513496256645675,-0.844374860834804,-0.7363344059544953,-0.0255358930185193,12.719885223003262,35.995840136045025,49.37558944605378,-36.65570422305052,dry_jf,347.0698296320569,1.0,4.0,1,train,False
Makueni,2018-02-01,2018,2,2,2,Stressed,0.0,1.8249825681349767,0.9999547361069396,-0.1681041959481342,-0.8363536613872572,-0.7577480098740192,-0.0857347216876924,19.241388630675733,36.36975734701449,29.70961371081077,-10.468225080135038,dry_jf,210.84898907247097,2.0,4.0,1,train,False
Mandera,2018-02-01,2018,2,3,3,Crisis or worse,0.784116946647071,2.784116946647071,0.9934960200048764,-0.5342170401155909,0.7268871808675266,0.438973076977996,0.6814217031055673,3.753963907071257,10.838299857379612,31.45766456084793,-27.703700653776675,dry_jf,147.72597818452132,3.0,4.0,1,train,False
Marsabit,2018-02-01,2018,2,2,2,Stressed,0.3015388599875533,2.2984803990076887,0.9337770343891584,-1.2001827018755733,-0.183777783046477,0.4720377231207694,1.2792060515060413,6.747944723315244,17.612838814267448,45.29893888018286,-38.55099415686762,dry_jf,183.11284628508548,3.0,4.0,1,train,True
Meru,2018-02-01,2018,2,1,1,Minimal,0.0,1.3927768285697637,0.9999183907447664,-1.2530683731316286,-0.6916079077112827,-0.377352751570306,0.3185259624717672,0.0,22.54618175794753,66.68857811457347,-66.68857811457347,dry_jf,469.95952152110806,1.0,4.0,1,train,False
Migori,2018-02-01,2018,2,1,1,Minimal,0.0,1.0,0.8093394357090582,-0.9945261563919596,-0.5370580018759805,-0.1817467071525365,-0.0128493797907068,20.1787610083999,27.24953792834433,38.56995559861406,-18.39119459021416,dry_jf,460.4970135975702,1.0,4.0,1,train,False
Mombasa,2018-02-01,2018,2,1,1,Minimal,0.0,1.002442860047155,0.945430610879302,-0.6978339357721403,1.3140483464820392,1.0054123734957248,1.2768795251934808,35.01196638679512,55.16885125267828,58.46864069321892,-23.4566743064238,dry_jf,339.4545465241538,1.0,4.0,1,train,False
Murang'a,2018-02-01,2018,2,1,1,Minimal,0.0,1.0,0.9998960447776898,0.0218738582618996,-0.498682165788274,-0.1952676400260361,0.2721189267730278,13.050716556964185,49.37885804034889,83.10801485039265,-70.05729829342846,dry_jf,600.9606534616394,1.0,4.0,1,train,False
Nairobi,2018-02-01,2018,2,1,1,Minimal,0.0,1.0004033639580097,0.9993429939949862,-0.0035489575401914,-0.8475169341526108,-0.5143263713718605,0.0917285798422946,16.465831419533355,40.19090560718119,50.8920877931759,-34.426256373642545,dry_jf,349.07589029272395,1.0,4.0,1,train,False
Nakuru,2018-02-01,2018,2,1,1,Minimal,0.0,1.0000173105892736,0.9758499055944192,-0.1336275556951178,-0.2906812064243534,0.8466071712733558,1.9014584007239208,20.52280638496508,36.239999713533,70.17042862163278,-49.6476222366677,dry_jf,337.82261196850334,1.0,4.0,1,train,False
Nandi,2018-02-01,2018,2,1,1,Minimal,0.0,1.0,0.9998151603528128,-1.3658805212834504,-0.3581486777275233,1.0016157138029054,1.7558201050348343,37.99897909061395,62.08953424898019,81.49070282188046,-43.49172373126651,dry_jf,636.3375639959971,1.0,4.0,1,train,False
Narok,2018-02-01,2018,2,2,2,Stressed,0.0001303332425769,1.5989261168410904,0.9926861683141104,0.4889874842507016,-0.1634263638177964,0.3364225889030387,0.8994168921209383,49.44733682704532,31.95183898590713,43.27097163018303,6.176365196862292,dry_jf,449.4351533314782,2.0,4.0,1,train,False
Nyamira,2018-02-01,2018,2,1,1,Minimal,0.0,1.0,0.9998262252936287,-1.144961919412547,-0.5020191114852707,0.2226713259630259,0.7234623821485026,51.49989732202812,46.93278895049975,83.94375232402041,-32.44385500199229,dry_jf,707.0676224501927,1.0,4.0,1,train,False
Nyandarua,2018-02-01,2018,2,1,1,Minimal,0.0,1.0,0.9998954460056042,-0.1321163590283045,-0.4203266478351862,0.8155421288884582,1.362976449762045,36.91500815408405,69.99932480080042,100.0,-63.08499184591595,dry_jf,478.59632261521887,1.0,4.0,1,train,False
Nyeri,2018-02-01,2018,2,1,1,Minimal,0.0,1.0,0.9998683591640212,-0.5954409864570833,-0.6150815330843495,0.0105874398167641,0.5874491540029904,18.626566430880477,43.118125673263584,73.44934554605649,-54.82277911517602,dry_jf,596.5685209899478,1.0,4.0,1,train,False
Samburu,2018-02-01,2018,2,2,2,Stressed,0.2945620934735686,2.206587724070965,0.9999137551252008,-1.0679239384801544,-0.4348454690232715,0.434213879824422,1.2498120892800404,10.668659425467489,27.642129480499698,66.46095589312037,-55.79229646765288,dry_jf,233.37064745956647,3.0,4.0,1,train,True
Siaya,2018-02-01,2018,2,1,1,Minimal,0.0,1.0,0.7130635075059107,-1.2374962718336366,-1.011430979390525,-0.1699820194203675,0.5491777492775172,0.0,5.165506392203524,46.67466610530531,-46.67466610530531,dry_jf,703.9110029852106,1.0,4.0,1,train,False
Taita Taveta,2018-02-01,2018,2,2,2,Stressed,0.0,1.7186710306762238,0.9966946413124252,-0.4294449022817665,-0.262125319331276,-0.2132751425882159,0.2353027302037715,8.714141182709499,27.48745407153336,28.27430453650203,-19.560163353792532,dry_jf,337.281834884778,2.0,4.0,1,train,False
Tana River,2018-02-01,2018,2,2,2,Stressed,0.4060920301653488,2.406092030165349,0.9998447726345154,-1.0034324074977885,-0.931772002418485,-0.8177125295565213,-0.2046873008538908,0.0,0.0,6.274525627995212,-6.274525627995212,dry_jf,208.9215702880231,3.0,4.0,1,train,False
Tharaka-Nithi,2018-02-01,2018,2,2,2,Stressed,0.0,1.569479802845253,0.9999939446980428,-1.1173842578127986,-0.3881169119177632,-0.3003673592712436,0.3432027283676522,0.0,8.359587639221118,41.52481531028832,-41.52481531028832,dry_jf,386.5660928989662,2.0,4.0,1,train,False
Trans Nzoia,2018-02-01,2018,2,1,1,Minimal,0.0,1.0,0.9977780064560036,-1.2473852268588743,-0.4596623489514858,1.7985143389319496,2.0471110780856083,10.100488184958204,40.34849699663663,76.23856787820094,-66.13807969324273,dry_jf,575.422482832226,1.0,4.0,1,train,False
Turkana,2018-02-01,2018,2,3,3,Crisis or worse,0.5421631341493898,2.542098299913616,0.96016524609246,-1.453506424703375,-0.4578567496321913,0.556901032937626,1.610319724336566,22.05078159618818,29.193898984809525,80.56746128375951,-58.51667968757133,dry_jf,134.93439886021372,2.0,4.0,1,train,True
Uasin Gishu,2018-02-01,2018,2,1,1,Minimal,0.0,1.0,0.9999480360329532,-1.1620422234647574,-0.6415645256683403,1.2947548069975128,1.939733177514596,35.120540616948134,58.38054930878186,91.15253547595697,-56.03199485900883,dry_jf,466.5756532543863,1.0,4.0,1,train,False
Vihiga,2018-02-01,2018,2,1,1,Minimal,0.0,1.0,0.999819355374512,-1.298829749199681,-0.4772103078988648,0.3795952101145335,0.7756522042604731,21.86430769759811,45.06543422762476,59.49601000075284,-37.631702303154725,dry_jf,638.2354464495623,1.0,4.0,1,train,False
Wajir,2018-02-01,2018,2,2,2,Stressed,0.4061214214509805,2.4061214214509805,0.9996475883428568,-0.7000639040571591,0.2003213353668942,0.1120265913083473,0.4578050030238567,4.601476361163493,15.306914424944686,30.490595726993305,-25.889119365829814,dry_jf,220.92597534518788,3.0,4.0,1,train,True
West Pokot,2018-02-01,2018,2,2,2,Stressed,0.000233368524481,1.8828414290123747,0.9926709606221884,-1.4016393656156456,-0.3078985926735541,1.9120833210576145,2.6094678209555053,20.09489670284392,41.83424331731842,90.92780238098422,-70.83290567814029,dry_jf,366.78840132412165,1.0,4.0,1,train,False
Baringo,2018-06-01,2018,6,1,1,Minimal,0.0,1.0012764736000923,0.9999729452877796,2.441458944043458,3.225373594938397,2.429754519438858,1.0123494443254573,99.05772733290758,100.0,74.56129455849371,24.49643277441386,dry_jjas,407.6410955536569,1.0,4.0,1,train,True
Bomet,2018-06-01,2018,6,1,1,Minimal,0.0,1.0,0.9999591445882084,1.9097173386956257,3.3857550282169395,1.812181595824,0.7808896216214056,48.99543720264486,28.74373723936632,31.527438645863672,17.467998556781186,dry_jjas,705.0356352221398,1.0,4.0,1,train,False
Bungoma,2018-06-01,2018,6,1,1,Minimal,0.0,1.0,0.9970207416060456,1.977527634619391,3.5487513102075408,1.7181527896454396,0.4798034653430598,34.8460276358994,60.99111878545503,43.660222988995045,-8.814195353095648,dry_jjas,684.143518918554,1.0,4.0,1,train,False
Busia,2018-06-01,2018,6,1,1,Minimal,0.0,1.0,0.914162035136638,1.515678393802118,2.4592004604686712,0.9230605948402236,0.6270996601944645,100.0,86.73602922904175,61.72148704867521,38.27851295132479,dry_jjas,504.89251568895395,1.0,4.0,1,train,False
Elgeyo-Marakwet,2018-06-01,2018,6,1,1,Minimal,0.0,1.0,0.9999517855761754,2.1384607561591875,3.104587466915185,2.210394944398972,0.454769882963677,80.4347388118416,78.27637007612603,57.69239899245207,22.742339819389528,dry_jjas,424.00498148048365,1.0,4.0,1,train,False
Embu,2018-06-01,2018,6,1,1,Minimal,0.0,1.0,0.9999726484073956,1.3017460163432706,2.816332323946509,2.35924173715551,1.1997750620926215,72.39552263333049,94.648085296946,70.75336082000256,1.642161813327931,dry_jjas,401.4457023614595,2.0,4.0,1,train,False
Garissa,2018-06-01,2018,6,1,1,Minimal,2.7710245634647016e-05,1.201392327456651,0.9994779163012129,1.4296034000224906,2.65646222215675,1.9488528505631624,2.136785319206206,100.0,100.0,66.64724798104282,33.352752018957176,dry_jjas,210.6771075185111,3.0,4.0,1,train,False
Homa Bay,2018-06-01,2018,6,1,1,Minimal,0.0,1.0,0.6628357436647451,1.370665841770654,1.763545579558915,0.6758981078279491,-0.0811625415959427,72.46670429239603,85.06922564908186,52.5282047604852,19.93849953191083,dry_jjas,658.3122810444571,1.0,4.0,1,train,False
Isiolo,2018-06-01,2018,6,1,1,Minimal,9.035554237794826e-06,1.3542424366630232,0.9999683040485072,0.2180986576148119,2.3861113808491226,1.95783706302156,2.309309363178841,100.0,100.0,100.0,0.0,dry_jjas,121.15801476654195,3.0,4.0,1,train,False
Kajiado,2018-06-01,2018,6,1,1,Minimal,0.0,1.0,0.9866503538026764,1.2719867198601733,3.270211684948135,2.226053973781229,1.7586866906369356,100.0,100.0,68.85992409958119,31.140075900418807,dry_jjas,244.0590119973267,3.0,4.0,1,train,False
Kakamega,2018-06-01,2018,6,1,1,Minimal,0.0,1.0,0.9998432712295532,1.832154691499975,3.0904583083516237,1.7828585235008612,0.5048929496848829,95.0132512311748,100.0,67.326730096226,27.686521134948805,dry_jjas,521.962946970816,1.0,4.0,1,train,False
Kericho,2018-06-01,2018,6,1,1,Minimal,0.0,1.0,0.9999526229648776,1.9446097373959763,3.2113919094435874,1.8110124891758657,0.6216737675645505,74.63956172953259,82.27472740317613,54.5715171074164,20.06804462211619,dry_jjas,577.6437811642602,1.0,4.0,1,train,False
Kiambu,2018-06-01,2018,6,1,1,Minimal,0.0,1.0,0.9998305741952528,2.497003857402964,3.1985636528365555,2.7311806522768505,1.1732273451456146,26.12167361421419,18.600462969063443,49.69105687343217,-23.56938325921798,dry_jjas,365.1581675938478,1.0,4.0,1,train,False
Kilifi,2018-06-01,2018,6,1,1,Minimal,0.0,1.0,0.9941889022288122,0.9035159627934222,1.9164646395169216,1.2600343855716742,0.9836956061359816,91.34722950998648,88.17541222089808,75.19635426028654,16.150875249699936,dry_jjas,485.9236308469297,2.0,4.0,1,train,False
Kirinyaga,2018-06-01,2018,6,1,1,Minimal,0.0,1.0,0.999907421621526,2.084706874283249,3.0866816495641327,2.695153510342892,1.063307324728887,27.589640610401776,51.37487562067794,42.90530003210131,-15.315659421699532,dry_jjas,523.427425427593,1.0,4.0,1,train,False
Kisii,2018-06-01,2018,6,1,1,Minimal,0.0,1.0,0.9995821721572732,1.5171458089071874,2.28579684611848,1.2514317301961355,0.2168910480583591,52.70656417717719,65.46193850127405,49.51969319926701,3.186870977910182,dry_jjas,771.8724273402603,1.0,4.0,1,train,False
Kisumu,2018-06-01,2018,6,1,1,Minimal,0.0,1.0,0.7829061444141889,1.5374912224139603,2.663574407713565,1.3430484629277275,0.4978420787759441,55.200725950518354,82.85439344140254,62.88306003531602,-7.682334084797667,dry_jjas,650.4965825795291,1.0,4.0,1,train,False
Kitui,2018-06-01,2018,6,1,1,Minimal,0.0,1.0000039313980478,0.999974023606502,0.3765310864200886,2.887330382000924,1.810901632984369,1.6293488554941706,100.0,97.28055758381878,69.01891912386412,30.981080876135877,dry_jjas,350.0498777837523,2.0,4.0,1,train,False
Kwale,2018-06-01,2018,6,1,1,Minimal,0.0,1.0,0.9912639533016692,0.9624309898107744,2.012555655846982,1.3906644533631276,1.1592952417199465,82.53244424608783,95.08614072556708,81.53282811772036,0.999616128367478,dry_jjas,461.4118591660762,1.0,4.0,1,train,False
Laikipia,2018-06-01,2018,6,1,1,Minimal,0.0,1.0,0.9999849939485792,2.085530397118072,2.9579871649823706,2.1466753131535405,1.2538902158366323,100.0,95.254975401066,61.20948969632754,38.79051030367246,dry_jjas,378.6133408439104,2.0,4.0,1,train,False
Lamu,2018-06-01,2018,6,1,1,Minimal,0.0,1.0038874100092874,0.9772908784413918,1.0187982765844523,1.405630575705377,1.066750665747522,1.067775978913046,84.34723760675898,70.3039156486604,57.52281619367053,26.82442141308845,dry_jjas,394.8891092289726,2.0,4.0,1,train,False
Machakos,2018-06-01,2018,6,1,1,Minimal,0.0,1.0,0.9999301224968772,1.4620635712904064,2.920954420535623,1.9713729714356396,1.220833941057379,100.0,100.0,69.30575661050737,30.694243389492627,dry_jjas,347.0698296320569,1.0,4.0,1,train,False
Makueni,2018-06-01,2018,6,1,1,Minimal,0.0,1.0,0.9999538567854904,0.5156268788583659,2.9376288264015726,1.6510734088053127,1.388005449830251,100.0,98.34745936940573,63.32854362757514,36.67145637242486,dry_jjas,210.84898907247097,2.0,4.0,1,train,False
Mandera,2018-06-01,2018,6,1,1,Minimal,0.0,1.0271392075607624,0.9934882032250836,0.6351045748387486,2.057135195683562,2.170335739530256,1.6985493825273723,81.78517846924495,76.93434900859982,69.26925282982019,12.515925639424765,dry_jjas,147.72597818452132,3.0,4.0,1,train,False
Marsabit,2018-06-01,2018,6,1,1,Minimal,0.0,1.2223726945264235,0.933784182899158,0.6417015136985299,2.2943352762624487,1.9148123547872615,1.762935434673607,100.0,100.0,100.0,0.0,dry_jjas,183.11284628508548,2.0,4.0,1,train,True
Meru,2018-06-01,2018,6,1,1,Minimal,0.0,1.0,0.9998893642983472,1.4219435278753414,3.0119883185355647,2.2077422708669285,1.48252188452614,75.47768328504556,94.61265445178734,69.48873601196645,5.988947273079106,dry_jjas,469.95952152110806,1.0,4.0,1,train,False
Migori,2018-06-01,2018,6,1,1,Minimal,0.0,1.0,0.8093394361863654,1.7321075328987003,1.5609861365225304,0.7860559950007681,0.0635209380412094,65.00967391507868,78.17084377383509,51.52996852593744,13.479705389141238,dry_jjas,460.4970135975702,1.0,4.0,1,train,False
Mombasa,2018-06-01,2018,6,1,1,Minimal,0.0,1.0,0.945430610879302,0.985051048459395,1.3095672698181455,1.1687563653282698,0.7972332943729552,48.937288658939785,59.660760921019794,98.280946971001,-49.343658312061216,dry_jjas,339.4545465241538,1.0,4.0,1,train,False
Murang'a,2018-06-01,2018,6,1,1,Minimal,0.0,1.0,0.9998960447776898,2.762213139926515,3.4840754297680223,3.0843050253677107,1.2668464629367304,31.182298117650635,6.534617530228468,59.06229068535652,-27.879992567705887,dry_jjas,600.9606534616394,1.0,4.0,1,train,False
Nairobi,2018-06-01,2018,6,1,1,Minimal,0.0,1.0,0.9993429938196526,1.7468365012092189,2.5703904610974337,1.8683978382993232,1.1005525622645589,51.07098229252384,78.43262487752087,64.81942828416324,-13.7484459916394,dry_jjas,349.07589029272395,1.0,4.0,1,train,False
Nakuru,2018-06-01,2018,6,1,1,Minimal,0.0,1.0,0.9758499055944192,2.626915830523793,3.5451299635860747,2.514250790502158,1.1211632325205567,86.50370616173122,77.15841992646763,57.84184747724242,28.6618586844888,dry_jjas,337.82261196850334,1.0,4.0,1,train,False
Nandi,2018-06-01,2018,6,1,1,Minimal,0.0,1.0,0.9998151603533766,1.4918058580087912,3.062057647635588,2.023586249578133,0.6646696709316253,61.311701170806025,87.81696079697689,54.845621912780345,6.46607925802568,dry_jjas,636.3375639959971,1.0,4.0,1,train,False
Narok,2018-06-01,2018,6,1,1,Minimal,0.0,1.0,0.9926648706761424,1.8480790500234396,4.181161587729027,2.8059538126199444,1.4938807435989705,84.67589589710862,59.53339667812114,65.50555428199944,19.17034161510918,dry_jjas,449.4351533314782,2.0,4.0,1,train,False
Nyamira,2018-06-01,2018,6,1,1,Minimal,0.0,1.0,0.999826225293629,1.3956513710677505,2.638079293624283,1.388127503899632,0.2631891614863658,56.460630947333776,38.135152199206985,43.67412300953277,12.786507937801005,dry_jjas,707.0676224501927,1.0,4.0,1,train,False
Nyandarua,2018-06-01,2018,6,1,1,Minimal,0.0,1.0,0.9998954460054942,2.641730729438732,3.3407056760190845,2.561016133272911,1.234331575645311,75.22312924879105,61.64387156920184,49.70165634478238,25.521472904008675,dry_jjas,478.59632261521887,1.0,4.0,1,train,False
Nyeri,2018-06-01,2018,6,1,1,Minimal,0.0,1.0,0.9998683591640218,1.8265959958916973,3.19372130480045,2.434826260539096,1.1417597795849144,52.02015872440146,49.94243915096203,21.174991199955347,30.845167524446115,dry_jjas,596.5685209899478,1.0,4.0,1,train,False
Samburu,2018-06-01,2018,6,1,1,Minimal,0.0,1.001524467023262,0.9998984255574848,2.1421293357897437,2.63888456323026,2.1540924782179567,1.5065246826538818,80.43089546562166,97.6980946898117,81.51304196119517,-1.082146495573511,dry_jjas,233.37064745956647,2.0,4.0,1,train,True
Siaya,2018-06-01,2018,6,1,1,Minimal,0.0,1.0,0.7130635075059107,1.2781578741949828,2.1230356012708262,0.8628782415811008,0.4368723012901633,93.38511825234048,87.29793584906292,60.20263042343621,33.182487828904264,dry_jjas,703.9110029852106,1.0,4.0,1,train,False
Taita Taveta,2018-06-01,2018,6,1,1,Minimal,0.0,1.0,0.996678387201969,-0.1610196312473947,2.6986106267013943,1.3973087562747355,1.5673379799701783,100.0,97.75977028481648,65.9401151535282,34.0598848464718,dry_jjas,337.281834884778,2.0,4.0,1,train,False
Tana River,2018-06-01,2018,6,1,1,Minimal,0.0500027799312209,1.2984171442959,0.9998503051966292,1.1107241735359883,2.6636667186459277,1.4147501026166716,1.8740114699445507,100.0,100.0,81.58553243937436,18.41446756062564,dry_jjas,208.9215702880231,2.0,4.0,1,train,False
Tharaka-Nithi,2018-06-01,2018,6,1,1,Minimal,0.0,1.0,0.999973025042614,0.9988242740571884,2.834257588360542,2.2956060671421565,1.3402723801012366,67.10741942493415,72.15229284852671,52.856976612291824,14.250442812642326,dry_jjas,386.5660928989662,2.0,4.0,1,train,False
Trans Nzoia,2018-06-01,2018,6,1,1,Minimal,0.0,1.0,0.9977780064560036,2.9356991554660925,4.043075219777768,2.5566437267066173,0.5610179954453755,52.46739567771368,65.83680492577446,52.04400574078437,0.42338993692931126,dry_jjas,575.422482832226,1.0,4.0,1,train,False
Turkana,2018-06-01,2018,6,1,1,Minimal,0.0,1.178119873566163,0.9601611531053416,1.6308948527589409,3.3401012531786805,2.7793892507484115,1.7968994826254374,96.54492449073445,96.0148069703351,50.72054681606966,45.82437767466479,dry_jjas,134.93439886021372,3.0,4.0,1,train,True
Uasin Gishu,2018-06-01,2018,6,1,1,Minimal,0.0,1.0,0.9999480360329528,1.896286638977141,3.126142550983375,2.1500823806366243,0.4983717406211733,82.75480752545006,100.0,64.68472902653957,18.07007849891049,dry_jjas,466.5756532543863,1.0,4.0,1,train,False
Vihiga,2018-06-01,2018,6,1,1,Minimal,0.0,1.0,0.9998193553745116,1.6142707860860783,2.560736677491944,1.6091632661092048,0.7960255176357873,95.44574698759432,100.0,68.056315431478,27.38943155611632,dry_jjas,638.2354464495623,1.0,4.0,1,train,False
Wajir,2018-06-01,2018,6,2,2,Stressed,0.0,1.9992107164002184,0.999645050191986,1.288068894378514,1.927486317549107,1.8110699946263336,2.100445087884818,100.0,100.0,81.65567433243878,18.344325667561222,dry_jjas,220.92597534518788,2.0,4.0,1,train,True
West Pokot,2018-06-01,2018,6,1,1,Minimal,0.0,1.0000006155948602,0.9926708452112756,2.254791377211469,3.708809794881279,2.718177584701115,0.8534514994957436,77.02113113430549,96.94530156400516,62.80384060498886,14.217290529316635,dry_jjas,366.78840132412165,2.0,4.0,1,train,False
Baringo,2018-12-01,2018,12,1,1,Minimal,0.0,1.4030805453274384,0.999984344827388,-1.1974256228007576,-1.4158561050593097,0.3261171407136078,-0.614268179746969,33.96367444061642,53.62691632534728,66.68299820175405,-32.71932376113762,short_rains,407.6410955536569,1.0,6.0,1,train,True
Bomet,2018-12-01,2018,12,1,1,Minimal,0.0,1.0,0.9999591445797528,-0.2838992202567199,-0.4416297114001848,0.483321090150255,-0.5667259738896786,43.2358558397191,56.68601442155013,92.15774085915204,-48.92188501943294,short_rains,705.0356352221398,1.0,6.0,1,train,False
Bungoma,2018-12-01,2018,12,1,1,Minimal,0.0,1.0,0.9970207416060456,-0.9876663345048108,-1.503183185660432,-0.7062017015761329,-0.6950461758689533,52.86126819408797,60.68914063158898,56.21626684547595,-3.35499865138798,short_rains,684.143518918554,1.0,6.0,1,train,False
Busia,2018-12-01,2018,12,1,1,Minimal,0.0,1.0,0.9141620351366326,-0.8382684931130205,-0.9666940227916584,-0.9019376592066756,-1.3338810235512792,5.18684074402018,40.25569227677288,31.276567789249142,-26.089727045228962,short_rains,504.89251568895395,1.0,6.0,1,train,False
Elgeyo-Marakwet,2018-12-01,2018,12,1,1,Minimal,0.0,1.002897735743547,0.9999529587040916,-1.555585825773605,-1.5503577668905812,0.1446857863642745,-0.2454368582766808,63.36199315826856,65.85699959893154,72.36549446837982,-9.003501310111261,short_rains,424.00498148048365,1.0,6.0,1,train,False
Embu,2018-12-01,2018,12,1,1,Minimal,0.0,1.000006174930676,0.9999726484073932,-0.8567566796734086,-1.1507243844725157,-0.9133877838829436,1.215513770430419,45.060176333952406,44.25436336073598,91.93423162430192,-46.87405529034951,short_rains,401.4457023614595,1.0,6.0,1,train,False
Garissa,2018-12-01,2018,12,2,2,Stressed,0.0,1.9769091279810795,0.9994683527553622,-1.2400911974442683,-0.8920796851887586,-0.5974401663003231,0.1722104669980727,18.368986830914608,35.95827219084305,54.50930434174375,-36.14031751082914,short_rains,210.6771075185111,1.0,6.0,1,train,False
Homa Bay,2018-12-01,2018,12,1,1,Minimal,0.0,1.0,0.662835743664745,-0.5768109185395031,0.1766416533381162,0.4356553378299483,-0.6145261668249552,23.72105775852011,52.08156538937938,37.6054698669257,-13.884412108405591,short_rains,658.3122810444571,1.0,6.0,1,train,False
Isiolo,2018-12-01,2018,12,2,2,Stressed,0.0,1.999628372830561,0.9999614613791876,-0.858721909551103,-0.9536995361580052,-0.8696570365071199,1.036926379297059,13.855643645989645,48.92624441840565,100.0,-86.14435635401036,short_rains,121.15801476654195,1.0,6.0,1,train,False
Kajiado,2018-12-01,2018,12,1,1,Minimal,0.0,1.3535339981449663,0.9866551215963256,-0.6359406776575998,-0.5724990336956042,-0.4398994453657677,1.8466390347171815,28.500922395059423,67.47284931455575,89.7132061963258,-61.21228380126638,short_rains,244.0590119973267,1.0,6.0,1,train,False
Kakamega,2018-12-01,2018,12,1,1,Minimal,0.0,1.0,0.999843271229553,-1.3804236947385342,-1.1049324614354683,-0.4030990110099885,-0.841650819448937,18.093876822973435,53.86086778519434,23.471843290343838,-5.377966467370403,short_rains,521.962946970816,1.0,6.0,1,train,False
Kericho,2018-12-01,2018,12,1,1,Minimal,0.0,1.0,0.9999526229648772,-0.4408329809417105,-0.2866783341442243,1.1387149509635397,-0.7287311268986781,36.12276417365959,43.48653065787855,44.90247118700622,-8.77970701334663,short_rains,577.6437811642602,1.0,6.0,1,train,False
Kiambu,2018-12-01,2018,12,1,1,Minimal,0.0,1.0010278093838136,0.9998318358451644,-0.6704533846434627,-0.7674183519626568,0.5277503660403975,2.6240190071538425,39.53758362779146,65.04906638684842,87.01973507071642,-47.48215144292496,short_rains,365.1581675938478,1.0,6.0,1,train,False
Kilifi,2018-12-01,2018,12,1,1,Minimal,0.0,1.0026545860559617,0.9941917902689664,-0.9537013184050782,0.8011976537722013,1.3447027692597795,2.1139663113404583,69.35081269608725,48.64153366774788,54.53795583911039,14.812856856976858,short_rains,485.9236308469297,1.0,6.0,1,train,False
Kirinyaga,2018-12-01,2018,12,1,1,Minimal,0.0,1.000015502378106,0.9999074216214424,-0.4774067444999316,-0.6596900279505091,0.1329732512779391,1.4934812945297722,99.91254945662234,81.53365609502322,100.0,-0.08745054337765623,short_rains,523.427425427593,1.0,6.0,1,train,False
Kisii,2018-12-01,2018,12,1,1,Minimal,0.0,1.0,0.9995821721572732,-0.2950120394028925,0.128809210715074,0.1004420267396332,-0.8455334394438951,69.690986407272,54.93476370995342,52.44885528792649,17.242131119345515,short_rains,771.8724273402603,1.0,6.0,1,train,False
Kisumu,2018-12-01,2018,12,1,1,Minimal,0.0,1.0,0.782906144414189,-0.692074001280632,0.2845733249711726,0.5207818164734982,-0.8759699371260318,40.31158935325107,46.61999038162904,39.57413700159486,0.7374523516562093,short_rains,650.4965825795291,1.0,6.0,1,train,False
Kitui,2018-12-01,2018,12,1,1,Minimal,0.0,1.0004103029377842,1.0000138028372103,-1.0716649702165078,-1.0599292604784054,-0.9102451430922036,2.5959858581348696,0.0,28.058981428513963,76.67383431329144,-76.67383431329144,short_rains,350.0498777837523,1.0,6.0,1,train,False
Kwale,2018-12-01,2018,12,1,1,Minimal,0.0,1.0,0.9912639533016688,-0.481964025245004,1.6282880377817806,1.8109360400143304,2.6564992809779087,77.703370721491,46.94460710598496,58.74598884749936,18.957381873991636,short_rains,461.4118591660762,1.0,6.0,1,train,False
Laikipia,2018-12-01,2018,12,1,1,Minimal,0.0,1.0643428687394545,1.000041290541423,-0.5501468773890378,-0.72849219911593,1.1974461223778858,-0.3077272965914102,8.662374665622197,42.48374628377014,52.33852538836392,-43.676150722741724,short_rains,378.6133408439104,1.0,6.0,1,train,False
Lamu,2018-12-01,2018,12,2,2,Stressed,0.0,1.985499942588752,0.977248259021535,-1.2398124423282395,-0.578320993037619,0.1955081961149253,-0.6224332613971164,85.99953464332009,62.37258240607113,92.64686301475656,-6.647328371436473,short_rains,394.8891092289726,1.0,6.0,1,train,False
Machakos,2018-12-01,2018,12,1,1,Minimal,0.0,1.000035658662376,0.9999301225275004,-0.6966685271828351,-0.8719043313734864,-0.6538639559006165,2.608388047443712,22.423086319906663,43.09524369075419,85.97473669009642,-63.55165037018976,short_rains,347.0698296320569,1.0,6.0,1,train,False
Makueni,2018-12-01,2018,12,2,2,Stressed,0.0,1.5414309205828918,0.9999573840658262,-0.6057401197507698,-0.478327090676647,-0.3380675648240737,3.220089648813853,28.06697336196402,54.904447301030345,100.0,-71.93302663803598,short_rains,210.84898907247097,1.0,6.0,1,train,False
Mandera,2018-12-01,2018,12,2,2,Stressed,0.0,2.0,0.9934829486429024,-0.0312306673380273,0.2790990161856134,0.2828730835823042,1.679340056628911,50.68975712561621,31.057646635022213,51.61307567855434,-0.9233185529381274,short_rains,147.72597818452132,1.0,6.0,1,train,False
Marsabit,2018-12-01,2018,12,2,2,Stressed,0.0,2.0,0.9337761009249728,-0.7208204501064019,-0.3113418853962766,-0.297215987442404,0.2079380597408111,26.013104624013923,34.92567056362291,100.0,-73.98689537598608,short_rains,183.11284628508548,1.0,6.0,1,train,True
Meru,2018-12-01,2018,12,1,1,Minimal,0.0,1.230176242249032,0.999905007336138,-0.959465048389682,-1.2721394736590663,-1.0900537900041645,0.6052090904734013,28.86530244997212,47.44588335664447,86.21508886076657,-57.34978641079445,short_rains,469.95952152110806,1.0,6.0,1,train,False
Migori,2018-12-01,2018,12,1,1,Minimal,0.0,1.0,0.8093394357090582,-0.7949069227971916,-0.4320750902523977,-0.4291352656721348,-0.8349369676126398,13.360078269258588,60.171027852868,19.34075711818132,-5.9806788489227305,short_rains,460.4970135975702,1.0,6.0,1,train,False
Mombasa,2018-12-01,2018,12,1,1,Minimal,0.0,1.0,0.945430610879302,-0.3588919132968063,1.6532288843433716,1.8855511225311143,2.570812522299101,59.22459491272157,71.53269880066465,56.00942994821485,3.2151649645067195,short_rains,339.4545465241538,1.0,6.0,1,train,False
Murang'a,2018-12-01,2018,12,1,1,Minimal,0.0,1.0,0.9998960447776898,-0.413536037650881,-0.6267263656289668,0.512096503600322,2.02736012673071,70.10668318517834,84.53335197827842,100.0,-29.89331681482166,short_rains,600.9606534616394,1.0,6.0,1,train,False
Nairobi,2018-12-01,2018,12,1,1,Minimal,0.0,1.0,0.999342993819312,-0.530379141621197,-0.6190951195273822,0.2272911363619901,2.645596832571177,10.342421440451586,55.48673637371899,75.18849349277254,-64.84607205232095,short_rains,349.07589029272395,1.0,6.0,1,train,False
Nakuru,2018-12-01,2018,12,1,1,Minimal,0.0,1.0,0.9758499055944192,-0.7910630939243366,-1.250908013400177,1.0289342150935883,-0.0881898202726154,34.570827838033445,55.14735565481016,72.82473680121079,-38.253908963177345,short_rains,337.82261196850334,1.0,6.0,1,train,False
Nandi,2018-12-01,2018,12,1,1,Minimal,0.0,1.0,0.9998151603528128,-1.2527737089369004,-0.588231083516884,0.4823740001486702,-0.5701849855490658,46.11515539076963,57.382584867489925,41.89646226078309,4.218693129986541,short_rains,636.3375639959971,1.0,6.0,1,train,False
Narok,2018-12-01,2018,12,1,1,Minimal,0.0,1.0001312284969692,0.992664870675866,-0.7132934988388941,-0.9235451736953528,0.7429235637299525,0.9347999888056252,3.558561318712348,60.64057228322517,64.11652388703682,-60.55796256832447,short_rains,449.4351533314782,1.0,6.0,1,train,False
Nyamira,2018-12-01,2018,12,1,1,Minimal,0.0,1.0,0.999826225293629,-0.0892344363002638,0.2270168201467814,0.1404252750941124,-1.1773263093057451,74.41514168362671,69.28533696809443,51.70936278606583,22.705778897560883,short_rains,707.0676224501927,1.0,6.0,1,train,False
Nyandarua,2018-12-01,2018,12,1,1,Minimal,0.0,1.0009152926955351,0.999895446005605,-0.610774035983001,-0.7084821214286692,1.4879317136857022,0.231917429150408,49.75809501096946,69.73502636189073,80.13601822524367,-30.37792321427421,short_rains,478.59632261521887,1.0,6.0,1,train,False
Nyeri,2018-12-01,2018,12,1,1,Minimal,0.0,1.0059993790962796,0.999884588422221,-0.20848503278303,-0.3975315447468258,0.7184700352573463,0.7073779750772068,69.8273123030282,77.29142413300438,84.85561664377757,-15.028304340749372,short_rains,596.5685209899478,1.0,6.0,1,train,False
Samburu,2018-12-01,2018,12,2,2,Stressed,0.0,1.804867462936009,0.9999030070946312,-0.823114827847737,-0.861544966875678,-0.1547259505444466,-0.4787119423776108,13.198171252099373,40.1450989877711,53.36148507238304,-40.16331382028367,short_rains,233.37064745956647,1.0,6.0,1,train,True
Siaya,2018-12-01,2018,12,1,1,Minimal,0.0,1.0,0.7130635075059107,-1.027174681825762,-0.2994444667193561,-0.1944964323059885,-1.0576888028399771,0.0,51.65641332761025,68.5109883458377,-68.5109883458377,short_rains,703.9110029852106,1.0,6.0,1,train,False
Taita Taveta,2018-12-01,2018,12,1,1,Minimal,0.0,1.0007523106734126,0.9966783869663584,-0.9852104667663448,0.2432915445515649,0.4975770322822742,2.075760922708369,49.87104972757384,27.572496882393825,66.39536167738557,-16.524311949811725,short_rains,337.281834884778,1.0,6.0,1,train,False
Tana River,2018-12-01,2018,12,2,2,Stressed,0.0,1.9946676040459537,0.9998371256400296,-1.405656945034253,-0.9173424339843158,-0.4929747635944382,1.563285479893893,14.49343930594342,24.77524831097863,63.82184984089992,-49.328410534956504,short_rains,208.9215702880231,1.0,6.0,1,train,False
Tharaka-Nithi,2018-12-01,2018,12,1,1,Minimal,0.0,1.00001108025982,0.999973025042614,-1.1386256041920346,-1.4320311966625447,-1.3110909358140432,0.703374778851807,4.423159195702722,19.005948023588303,90.92444939412252,-86.5012901984198,short_rains,386.5660928989662,1.0,6.0,1,train,False
Trans Nzoia,2018-12-01,2018,12,1,1,Minimal,0.0,1.0040020921807145,0.9977844089794712,-1.367566095438683,-1.362182395851833,0.5398578931348683,0.22739595795212,57.129830341712605,81.97474740333271,47.69843723567423,9.431393106038378,short_rains,575.422482832226,1.0,6.0,1,train,False
Turkana,2018-12-01,2018,12,2,2,Stressed,0.0,1.978067905515098,0.9601558585378815,-0.5822905635112714,-0.934293682889233,-0.3097400645487712,-0.6002097141591227,16.786757089890195,25.6813483626276,46.64729520784773,-29.86053811795754,short_rains,134.93439886021372,1.0,6.0,1,train,True
Uasin Gishu,2018-12-01,2018,12,1,1,Minimal,0.0,1.0,0.9999480360329528,-1.669504065309421,-1.785969380559354,0.5595959953051142,-0.1042634512534903,32.09004002711438,39.471278980230814,46.06863700017527,-13.978596973060895,short_rains,466.5756532543863,1.0,6.0,1,train,False
Vihiga,2018-12-01,2018,12,1,1,Minimal,0.0,1.0,0.9998193553745144,-0.91941031485883,-0.1035564801050518,-0.1896971974944881,-1.0931642106523132,62.01898122283377,64.45274674197437,39.97087988374462,22.04810133908915,short_rains,638.2354464495623,1.0,6.0,1,train,False
Wajir,2018-12-01,2018,12,2,2,Stressed,0.0,2.0,0.9996281763295088,-0.96138095863266,-0.4088211869023062,-0.4036216797571786,0.7596687842806773,31.022469033169862,27.495423475272364,99.52911603604754,-68.50664700287768,short_rains,220.92597534518788,2.0,6.0,1,train,True
West Pokot,2018-12-01,2018,12,2,2,Stressed,0.0,1.5674394774088425,0.992676144225466,-1.6368165449559844,-2.055408001649319,-0.1605093506857785,-0.3252830437692785,29.766235908190808,44.65652015889466,58.82817529322899,-29.06193938503818,short_rains,366.78840132412165,1.0,6.0,1,train,False
Baringo,2019-02-01,2019,2,1,1,Minimal,0.0,1.409273168136767,0.999977782690452,-0.4723899529571668,-0.1632009803538564,-0.6469782526322797,-1.4158561050593097,37.34818371281296,48.50823796240252,33.96367444061642,3.3845092721965386,dry_jf,407.6410955536569,1.0,2.0,1,train,True
Bomet,2019-02-01,2019,2,1,1,Minimal,0.0,1.0,0.9999591445882084,-1.4228436358363667,-0.309297266030726,-0.2698853770171786,-0.4416297114001848,79.65147662597577,70.09662621026105,43.2358558397191,36.415620786256675,dry_jf,705.0356352221398,1.0,2.0,1,train,False
Bungoma,2019-02-01,2019,2,1,1,Minimal,0.0,1.0,0.9970207416060456,-1.203612964825315,-0.8024014296648136,-1.6643181664502955,-1.503183185660432,39.98042093148034,42.04613203845647,52.86126819408797,-12.880847262607631,dry_jf,684.143518918554,1.0,2.0,1,train,False
Busia,2019-02-01,2019,2,1,1,Minimal,0.0,1.0,0.914162035136638,-1.7956102527619668,-0.1673771520585583,-0.5849166956588658,-0.9666940227916584,47.058474590294544,61.34415194621303,5.18684074402018,41.871633846274364,dry_jf,504.89251568895395,1.0,2.0,1,train,False
Elgeyo-Marakwet,2019-02-01,2019,2,1,1,Minimal,0.0,1.0033769993733028,0.9999600733550672,-0.7132007860502253,-0.6644718067896994,-0.7756792711407628,-1.5503577668905812,50.05423184959818,59.27333145831566,63.36199315826856,-13.30776130867038,dry_jf,424.00498148048365,1.0,2.0,1,train,False
Embu,2019-02-01,2019,2,1,1,Minimal,0.0,1.0010373646871171,0.9999727149136658,0.4405766395902598,0.3171316933863645,-0.1010748892827129,-1.1507243844725157,64.2019081903545,75.39964651724246,45.060176333952406,19.141731856402096,dry_jf,401.4457023614595,1.0,2.0,1,train,False
Garissa,2019-02-01,2019,2,2,2,Stressed,0.0,2.0,0.9994639736822264,0.4802599269776064,0.2578123230421142,0.1758401076996031,-0.8920796851887586,22.654529221362115,22.386903325122805,18.368986830914608,4.285542390447507,dry_jf,210.6771075185111,2.0,2.0,1,train,False
Homa Bay,2019-02-01,2019,2,1,1,Minimal,0.0,1.0,0.6628357436647451,-1.6309980324534186,0.0594492969306284,0.4708943397227768,0.1766416533381162,42.648705239260686,70.93182550352442,23.72105775852011,18.927647480740575,dry_jf,658.3122810444571,1.0,2.0,1,train,False
Isiolo,2019-02-01,2019,2,2,2,Stressed,0.0,1.9998806818054955,0.9999614613791968,0.2870247727811084,0.3372834908911367,0.0985594218436362,-0.9536995361580052,20.87438904602576,26.329841149425224,13.855643645989645,7.018745400036117,dry_jf,121.15801476654195,2.0,2.0,1,train,False
Kajiado,2019-02-01,2019,2,2,2,Stressed,0.0,1.6504514514603872,0.9866531151747178,-0.6597369279363051,0.3834405058890253,0.372819487704781,-0.5724990336956042,37.42275267065205,51.9391273621756,28.500922395059423,8.92183027559263,dry_jf,244.0590119973267,1.0,2.0,1,train,False
Kakamega,2019-02-01,2019,2,1,1,Minimal,0.0,1.0,0.9998432712295532,-1.2694031736950253,-0.5834670512828718,-1.1754129505838151,-1.1049324614354683,46.92485842801704,49.66554435101315,18.093876822973435,28.830981605043604,dry_jf,521.962946970816,1.0,2.0,1,train,False
Kericho,2019-02-01,2019,2,1,1,Minimal,0.0,1.0,0.9999526229648772,-1.5739963056170605,-0.4288525698376085,-0.4002998431212779,-0.2866783341442243,47.80626201591173,57.86249889493197,36.12276417365959,11.683497842252137,dry_jf,577.6437811642602,1.0,2.0,1,train,False
Kiambu,2019-02-01,2019,2,1,1,Minimal,0.0,1.001036389650512,0.9998318358451644,-0.6576036140543922,0.0541760355649944,0.1744729126409052,-0.7674183519626568,64.40576249899415,69.67866541968662,39.53758362779146,24.868178871202687,dry_jf,365.1581675938478,1.0,2.0,1,train,False
Kilifi,2019-02-01,2019,2,2,2,Stressed,0.0,1.7867460357960596,0.9942079983445016,0.6151503150745012,0.1675468208462501,0.91348101375813,0.8011976537722013,23.516270552881256,51.653157989411696,69.35081269608725,-45.834542143205994,dry_jf,485.9236308469297,1.0,2.0,1,train,False
Kirinyaga,2019-02-01,2019,2,1,1,Minimal,0.0,1.0000357004800202,0.9999074216214416,0.4106662396273685,0.5487191294315585,0.1354058282939453,-0.6596900279505091,80.04144396633036,48.688474899224936,99.91254945662234,-19.87110549029198,dry_jf,523.427425427593,1.0,2.0,1,train,False
Kisii,2019-02-01,2019,2,1,1,Minimal,0.0,1.0,0.9995821721572732,-1.6455508488306154,0.0415223681193026,0.3310377102173462,0.128809210715074,80.19760921542486,84.87279082859652,69.690986407272,10.506622808152855,dry_jf,771.8724273402603,1.0,2.0,1,train,False
Kisumu,2019-02-01,2019,2,1,1,Minimal,0.0,1.0,0.7829061444141889,-1.907655080714772,-0.2711481122541838,0.1961048062930749,0.2845733249711726,70.83788138724857,77.5660871673208,40.31158935325107,30.5262920339975,dry_jf,650.4965825795291,1.0,2.0,1,train,False
Kitui,2019-02-01,2019,2,2,2,Stressed,0.0,1.87192505668924,0.9999806960673304,-0.0546622207979237,0.1023184016805026,0.0184020166439202,-1.0599292604784054,35.02164659238602,47.804471192143446,0.0,35.02164659238602,dry_jf,350.0498777837523,1.0,2.0,1,train,False
Kwale,2019-02-01,2019,2,2,2,Stressed,0.0,1.7795817214135905,0.9912711781892202,-0.0362051703437615,0.2664218744398035,1.460382785778318,1.6282880377817806,43.11894344098237,68.64027042125308,77.703370721491,-34.58442728050863,dry_jf,461.4118591660762,1.0,2.0,1,train,False
Laikipia,2019-02-01,2019,2,2,2,Stressed,0.0,1.559002304935304,0.9999887843276124,0.174302971982951,0.5985700026572374,0.0600534400396122,-0.72849219911593,25.11951169003054,45.33748470411511,8.662374665622197,16.45713702440834,dry_jf,378.6133408439104,1.0,2.0,1,train,False
Lamu,2019-02-01,2019,2,2,2,Stressed,0.0,1.9606881562898664,0.9772482590215352,1.1428934571441731,-0.670354251763887,-0.5907884985861522,-0.578320993037619,39.33969264767914,52.95929716507632,85.99953464332009,-46.659841995640946,dry_jf,394.8891092289726,2.0,2.0,1,train,False
Machakos,2019-02-01,2019,2,1,1,Minimal,0.0,1.0001944164401406,0.9999301225275002,-0.4786311475028682,0.1295607459648056,0.0035928195687267,-0.8719043313734864,63.40423637090161,78.90726641991373,22.423086319906663,40.98115005099494,dry_jf,347.0698296320569,1.0,2.0,1,train,False
Makueni,2019-02-01,2019,2,2,2,Stressed,0.0,1.8236232850789764,0.9999559308274716,-0.716507558266533,0.2848279912250397,0.3005331979453006,-0.478327090676647,56.74294319625078,76.0596051188222,28.06697336196402,28.675969834286757,dry_jf,210.84898907247097,2.0,2.0,1,train,False
Mandera,2019-02-01,2019,2,2,2,Stressed,0.0,2.0,0.9934829486429044,-0.4807528998593169,1.2864901085221647,0.9863916850751252,0.2790990161856134,23.505465072086867,30.558274610271194,50.68975712561621,-27.184292053529344,dry_jf,147.72597818452132,2.0,2.0,1,train,False
Marsabit,2019-02-01,2019,2,2,2,Stressed,0.0,2.0,0.933776100925728,-0.7096228474197944,0.1901534864671555,0.185946620798352,-0.3113418853962766,17.50111823883107,21.71900256716995,26.013104624013923,-8.511986385182855,dry_jf,183.11284628508548,2.0,2.0,1,train,True
Meru,2019-02-01,2019,2,1,1,Minimal,0.0,1.0063868217876983,0.9999023457853312,0.3753956710615112,0.1372029042350575,-0.3409379674697373,-1.2721394736590663,43.51444985202764,64.81414607079981,28.86530244997212,14.649147402055519,dry_jf,469.95952152110806,1.0,2.0,1,train,False
Migori,2019-02-01,2019,2,1,1,Minimal,0.0,1.0,0.8093394361863654,-1.5164967192825602,-0.042458560370157,0.1551261549881449,-0.4320750902523977,53.88306227673045,79.49711779204175,13.360078269258588,40.52298400747186,dry_jf,460.4970135975702,1.0,2.0,1,train,False
Mombasa,2019-02-01,2019,2,1,1,Minimal,0.0,1.0,0.945430610879302,0.0788276527751671,0.4162185393704983,1.5230749881140089,1.6532288843433716,38.97697230738412,55.65731699591129,59.22459491272157,-20.247622605337448,dry_jf,339.4545465241538,1.0,2.0,1,train,False
Murang'a,2019-02-01,2019,2,1,1,Minimal,0.0,1.0,0.9998960447776896,-0.3748966108582812,0.3377253279453698,0.2060347088778428,-0.6267263656289668,69.73276406504291,88.35649437879084,70.10668318517834,-0.37391912013542594,dry_jf,600.9606534616394,1.0,2.0,1,train,False
Nairobi,2019-02-01,2019,2,1,1,Minimal,0.0,1.000239301956672,0.9993429939949856,-0.7664381154210527,0.0965623348970949,0.1608367022255752,-0.6190951195273822,43.81379096185936,52.970272157965326,10.342421440451586,33.47136952140777,dry_jf,349.07589029272395,1.0,2.0,1,train,False
Nakuru,2019-02-01,2019,2,1,1,Minimal,0.0,1.0000173105892736,0.9758499055944194,-0.7223959605661318,-0.1139875534790786,-0.4226009431873115,-1.250908013400177,32.86388107239145,44.41547558212326,34.570827838033445,-1.7069467656419945,dry_jf,337.82261196850334,1.0,2.0,1,train,False
Nandi,2019-02-01,2019,2,1,1,Minimal,0.0,1.0,0.9998151603533764,-1.4659433208496342,-0.7261536176722397,-0.7074036087381707,-0.588231083516884,56.94784038831124,61.98755247576223,46.11515539076963,10.832684997541612,dry_jf,636.3375639959971,1.0,2.0,1,train,False
Narok,2019-02-01,2019,2,1,1,Minimal,0.0,1.1203773706155338,0.9926845368134688,-1.2838535871685626,-0.2859380157556543,0.0386463433624051,-0.9235451736953528,59.08011048880358,54.868626915620666,3.558561318712348,55.52154917009123,dry_jf,449.4351533314782,1.0,2.0,1,train,False
Nyamira,2019-02-01,2019,2,1,1,Minimal,0.0,1.0,0.999826225293629,-1.7541799970134968,0.03157365833717,0.1446210993036643,0.2270168201467814,68.34044582952843,71.5874785457233,74.41514168362671,-6.07469585409828,dry_jf,707.0676224501927,1.0,2.0,1,train,False
Nyandarua,2019-02-01,2019,2,1,1,Minimal,0.0,1.0004524528776464,0.9998954682962914,-0.3468891807436512,0.2539041284649972,0.0386332020535523,-0.7084821214286692,52.85930383159577,65.44533270170913,49.75809501096946,3.1012088206263044,dry_jf,478.59632261521887,1.0,2.0,1,train,False
Nyeri,2019-02-01,2019,2,2,2,Stressed,0.0,1.542618854043296,0.9999111969797384,0.2552490314521012,0.8089807566796872,0.386428443016188,-0.3975315447468258,56.4954469791226,72.85752326010157,69.8273123030282,-13.331865323905596,dry_jf,596.5685209899478,1.0,2.0,1,train,False
Samburu,2019-02-01,2019,2,2,2,Stressed,0.0,2.0,0.9998822673449894,-0.0037177644613909,0.47126994740822,0.1748287905902294,-0.861544966875678,26.862764394166717,46.29035285512212,13.198171252099373,13.664593142067345,dry_jf,233.37064745956647,2.0,2.0,1,train,True
Siaya,2019-02-01,2019,2,1,1,Minimal,0.0,1.0,0.7130635075059107,-1.592366308998443,-0.2110673479185408,0.0471423192330601,-0.2994444667193561,44.35132306535692,62.52252451197584,0.0,44.35132306535692,dry_jf,703.9110029852106,1.0,2.0,1,train,False
Taita Taveta,2019-02-01,2019,2,2,2,Stressed,0.0,1.5548801148968168,0.9966792235069584,0.0641043131560928,0.3068929011039992,0.649294969098063,0.2432915445515649,27.361830127944604,51.96432104406068,49.87104972757384,-22.509219599629237,dry_jf,337.281834884778,1.0,2.0,1,train,False
Tana River,2019-02-01,2019,2,2,2,Stressed,0.0,1.9998674011089053,0.999836010177741,0.5503120443533468,0.1541208496652059,0.1998187832988725,-0.9173424339843158,21.68577977901809,24.264623517805056,14.49343930594342,7.192340473074671,dry_jf,208.9215702880231,2.0,2.0,1,train,False
Tharaka-Nithi,2019-02-01,2019,2,2,2,Stressed,0.0,1.565559833092684,1.0000040869620983,0.2217093335218348,0.0343500608983119,-0.4188985953347631,-1.4320311966625447,44.81448319951363,36.3178522940721,4.423159195702722,40.39132400381091,dry_jf,386.5660928989662,1.0,2.0,1,train,False
Trans Nzoia,2019-02-01,2019,2,1,1,Minimal,0.0,1.0,0.9977780064560036,-0.6565621246730816,-0.7125904142641117,-0.8744344807912804,-1.362182395851833,29.712841958333836,49.10818716444032,57.129830341712605,-27.41698838337877,dry_jf,575.422482832226,1.0,2.0,1,train,False
Turkana,2019-02-01,2019,2,2,2,Stressed,0.0,2.0,0.9601517567107872,-1.127742741512071,-0.1293914350846826,-0.3650518881111479,-0.934293682889233,30.264155113569025,30.541103108053367,16.786757089890195,13.47739802367883,dry_jf,134.93439886021372,2.0,2.0,1,train,True
Uasin Gishu,2019-02-01,2019,2,1,1,Minimal,0.0,1.0,0.9999480360329532,-0.9822343107217008,-0.8219993709004424,-1.0380072497135844,-1.785969380559354,39.79430463640251,41.40515034033025,32.09004002711438,7.704264609288131,dry_jf,466.5756532543863,1.0,2.0,1,train,False
Vihiga,2019-02-01,2019,2,1,1,Minimal,0.0,1.0,0.9998193553745128,-1.3458170485821546,-0.2208418524933671,-0.0178191652633112,-0.1035564801050518,72.46532135890993,74.20030734258427,62.01898122283377,10.44634013607616,dry_jf,638.2354464495623,1.0,2.0,1,train,False
Wajir,2019-02-01,2019,2,2,2,Stressed,0.0,2.0,0.9996281763295088,-0.061388018706127,1.0616082293882485,0.7789704425266396,-0.4088211869023062,13.010713181018184,21.069470953152045,31.022469033169862,-18.01175585215168,dry_jf,220.92597534518788,2.0,2.0,1,train,True
West Pokot,2019-02-01,2019,2,2,2,Stressed,0.0,1.866622174532857,0.9926709606222024,-0.8633197855065344,-0.6495847093127776,-1.0056570305533934,-2.055408001649319,24.182734456194368,30.33970665489643,29.766235908190808,-5.58350145199644,dry_jf,366.78840132412165,2.0,2.0,1,train,False
Baringo,2019-06-01,2019,6,3,3,Crisis or worse,0.4071333097242653,2.1614134160481626,0.9999986591429504,-0.8868180886211187,-1.1692469826280223,-0.7950213554276774,-1.0929040431827886,0.0,0.0,10.981055142220171,-10.981055142220171,dry_jjas,407.6410955536569,1.0,4.0,1,train,True
Bomet,2019-06-01,2019,6,1,1,Minimal,0.0,1.0,0.9999591445797528,0.605158656924187,-0.3982325115602947,-0.7044131110178385,-2.088372041141947,21.483557184443143,27.93292278760712,57.56373380788832,-36.080176623445176,dry_jjas,705.0356352221398,1.0,4.0,1,train,False
Bungoma,2019-06-01,2019,6,1,1,Minimal,0.0,1.0,0.9970207416060456,-0.0396029098414925,-1.1004564803383718,-0.9123443346078568,-0.9063321243058896,17.384960016558278,21.00870605760909,30.127658430977547,-12.74269841441927,dry_jjas,684.143518918554,1.0,4.0,1,train,False
Busia,2019-06-01,2019,6,1,1,Minimal,0.0,1.0,0.914162035136638,0.5115838442486633,-0.2080334976309727,0.2411146615950464,-0.3792984953111346,25.338284197478767,0.0,38.57241311943397,-13.2341289219552,dry_jjas,504.89251568895395,1.0,4.0,1,train,False
Elgeyo-Marakwet,2019-06-01,2019,6,1,1,Minimal,0.0002364729635908,1.0008519729023844,0.9999531832842424,-0.9636420583778148,-1.4523863849620304,-1.143924305944924,-1.2247399774781198,0.0,0.0,14.130858130057897,-14.130858130057897,dry_jjas,424.00498148048365,1.0,4.0,1,train,False
Embu,2019-06-01,2019,6,2,2,Stressed,0.0,1.7327388021201426,0.9999856347404928,-0.0247078700243669,-1.112978088093585,-0.1878279181901526,-0.7672517836339356,36.78601604487107,24.885797474713357,22.972021405450857,13.813994639420212,dry_jjas,401.4457023614595,1.0,4.0,1,train,False
Garissa,2019-06-01,2019,6,2,2,Stressed,0.4886160993210588,2.4886160993210584,0.9994912654837664,-0.3893118066033724,-1.226108114115048,0.4114643411743404,-0.681599632443323,9.182246714214282,0.0,12.78844355035706,-3.6061968361427787,dry_jjas,210.6771075185111,2.0,4.0,1,train,False
Homa Bay,2019-06-01,2019,6,1,1,Minimal,0.0,1.0,0.6628357436647451,1.1253634307419702,-0.0541601585598349,0.3210831330001196,-0.9531627431217128,33.508588709319405,0.0,49.544598698450834,-16.03600998913143,dry_jjas,658.3122810444571,1.0,4.0,1,train,False
Isiolo,2019-06-01,2019,6,2,2,Stressed,0.3554072917197808,2.3554061449923727,0.9999649089951362,-0.0318407221072494,-0.835317369016074,0.0286028768249247,-0.5155344791044286,15.341404742336792,7.93995479595644,13.230247963691449,2.111156778645343,dry_jjas,121.15801476654195,2.0,4.0,1,train,False
Kajiado,2019-06-01,2019,6,2,2,Stressed,0.0,1.9308429473131024,0.98665740186772,-0.6776682531212378,-1.6114927751672052,-0.5975941082675219,-1.7856118597424029,39.66729003395599,13.10182967945459,10.69201618289622,28.975273851059775,dry_jjas,244.0590119973267,2.0,4.0,1,train,False
Kakamega,2019-06-01,2019,6,1,1,Minimal,0.0,1.0,0.9998432712295532,0.1828981404270627,-1.1830826994500985,-0.7232776826737287,-1.178299507966341,3.7700692177755233,0.0,27.80142801822789,-24.031358800452367,dry_jjas,521.962946970816,1.0,4.0,1,train,False
Kericho,2019-06-01,2019,6,1,1,Minimal,0.0,1.0,0.9999526229648772,0.3277905537822162,-1.0494844842081124,-1.0328317211034932,-2.1420043572352347,0.0,15.613047292791832,31.956206369245454,-31.956206369245454,dry_jjas,577.6437811642602,1.0,4.0,1,train,False
Kiambu,2019-06-01,2019,6,1,1,Minimal,0.0,1.0,0.9998305741952528,-0.8531125835104322,-1.3579734593258548,-0.9618054431569968,-1.4068203670076982,0.0,0.5847510113717459,10.344060273723272,-10.344060273723272,dry_jjas,365.1581675938478,1.0,4.0,1,train,False
Kilifi,2019-06-01,2019,6,2,2,Stressed,0.0,1.999938145718068,0.9941889022287776,1.141441244927925,-0.1875969553554958,0.2802334419958356,-0.8558305078863845,7.434720992865396,4.008404186780047,8.584244773133944,-1.1495237802685487,dry_jjas,485.9236308469297,2.0,4.0,1,train,False
Kirinyaga,2019-06-01,2019,6,1,1,Minimal,0.0,1.0004583846007646,0.9999074216214672,0.3577961179804772,-0.6080436849254098,0.0718905001235476,-0.7276113590055268,30.37752725007793,19.891483273181763,29.846992014169984,0.5305352359079443,dry_jjas,523.427425427593,1.0,4.0,1,train,False
Kisii,2019-06-01,2019,6,1,1,Minimal,0.0,1.0,0.9995821721572732,0.6659434893855539,0.0187384133012457,0.0304165431429292,-1.6534167804729478,49.604357991074885,34.424493171133825,50.68760363512212,-1.0832456440472384,dry_jjas,771.8724273402603,1.0,4.0,1,train,False
Kisumu,2019-06-01,2019,6,1,1,Minimal,0.0,1.0,0.7829061444141889,0.3860105286194878,-1.1247929241637356,-0.7122983046646785,-1.759174466115626,31.173526938304672,0.0,70.09191182748602,-38.91838488918134,dry_jjas,650.4965825795291,1.0,4.0,1,train,False
Kitui,2019-06-01,2019,6,2,2,Stressed,0.000301746701996,1.9997493277913236,1.0000139672845514,-0.3901109623942882,-1.3372976015570843,0.0123599936158999,-1.19396493027479,33.81126205817449,3.133004899125301,3.0988908178234253,30.712371240351068,dry_jjas,350.0498777837523,2.0,4.0,1,train,False
Kwale,2019-06-01,2019,6,2,2,Stressed,0.0,1.99971200940671,0.9912639533016692,1.6437412215871785,0.2250655033298353,0.5005479109904138,-1.0727249026245065,36.67764163816891,6.647585268501171,21.523287312396075,15.154354325772832,dry_jjas,461.4118591660762,2.0,4.0,1,train,False
Laikipia,2019-06-01,2019,6,2,2,Stressed,0.0008776521216658,1.5604636927878526,1.0000288793773966,-0.2418381306641527,-0.9269327485798315,-0.1488821204334037,-0.7880544626624579,12.614136394510746,10.298127222211637,5.859127881790959,6.755008512719787,dry_jjas,378.6133408439104,2.0,4.0,1,train,False
Lamu,2019-06-01,2019,6,2,2,Stressed,0.0,2.0,0.9772482590215352,0.1772436108830147,-0.4558581500220049,-0.456408590197369,-0.441833419895983,39.15326438633616,31.60426024578667,38.274463364691975,0.8788010216441862,dry_jjas,394.8891092289726,2.0,4.0,1,train,False
Machakos,2019-06-01,2019,6,1,1,Minimal,0.0,1.0053594702105009,0.9999321623277222,-0.7448168194143834,-1.2679765628027804,-0.4592535608913362,-1.429662340515772,23.404711740710844,7.349163165410712,16.13958787803895,7.265123862671896,dry_jjas,347.0698296320569,1.0,4.0,1,train,False
Makueni,2019-06-01,2019,6,2,2,Stressed,0.0,1.9970632263425647,0.9999721487558016,-0.1940708939800356,-1.2311916804370333,-0.1568973783613983,-1.7892650443455764,38.45450386193627,17.524456441728,11.998358891423068,26.4561449705132,dry_jjas,210.84898907247097,2.0,4.0,1,train,False
Mandera,2019-06-01,2019,6,2,2,Stressed,3.195631878386583e-07,2.000000319563188,0.9934831235411702,0.7997337471892961,-0.606462847565634,0.6634770626711003,-0.6592647752645739,14.95490429572761,20.33982717468272,29.79322032689678,-14.83831603116917,dry_jjas,147.72597818452132,2.0,4.0,1,train,False
Marsabit,2019-06-01,2019,6,3,3,Crisis or worse,0.8394399720432647,2.839439972043265,0.9337773063821072,-0.2438757548177233,-0.6783936581690918,-0.1922738976581237,-0.88662768821435,12.099124675763845,12.155927096905106,17.112282665366937,-5.0131579896030924,dry_jjas,183.11284628508548,2.0,4.0,1,train,True
Meru,2019-06-01,2019,6,1,1,Minimal,0.0,1.4892330802156213,0.9998998814068304,0.0394361384679971,-1.1183330732675767,-0.1630467586961043,-0.578618289997997,1.6995437149763946,4.861506246621058,8.285150009561457,-6.585606294585062,dry_jjas,469.95952152110806,1.0,4.0,1,train,False
Migori,2019-06-01,2019,6,1,1,Minimal,0.0,1.0,0.8093394361863654,1.3098934030499163,-0.1527023492321146,0.1193440217062743,-0.98688217074046,5.607626370960536,0.0,47.11254149848146,-41.504915127520924,dry_jjas,460.4970135975702,1.0,4.0,1,train,False
Mombasa,2019-06-01,2019,6,1,1,Minimal,0.0,1.024159169166952,0.9454988271665984,1.4284134066850296,0.3043567499906582,0.4925257558938792,-1.157344893575707,0.0,0.0,10.873871082498477,-10.873871082498477,dry_jjas,339.4545465241538,1.0,4.0,1,train,False
Murang'a,2019-06-01,2019,6,1,1,Minimal,0.0,1.0,0.9998960447776896,-0.6316293600141555,-0.956488515793757,-0.4923152181460613,-1.143269994644474,31.94311283392185,29.22518029613604,31.884226538755268,0.058886295166583835,dry_jjas,600.9606534616394,1.0,4.0,1,train,False
Nairobi,2019-06-01,2019,6,1,1,Minimal,0.0,1.0001640620013663,0.9993429938196526,-0.880776465571617,-1.3627160956699775,-0.8833787121056956,-1.4537129885223,0.0,0.0,1.8672895188133016,-1.8672895188133016,dry_jjas,349.07589029272395,1.0,4.0,1,train,False
Nakuru,2019-06-01,2019,6,1,1,Minimal,0.0,1.0,0.9758499055944192,-0.4488984756477215,-0.9593550998180458,-0.7161728267262422,-1.5148630241389025,0.0,0.0,9.286415671191088,-9.286415671191088,dry_jjas,337.82261196850334,1.0,4.0,1,train,False
Nandi,2019-06-01,2019,6,1,1,Minimal,0.0,1.0,0.9998151603533764,-0.0389963063617991,-1.4951333752181877,-1.3103268272843684,-2.024547336454744,0.0,13.660539693004386,37.76639867374136,-37.76639867374136,dry_jjas,636.3375639959971,1.0,4.0,1,train,False
Narok,2019-06-01,2019,6,1,1,Minimal,0.0,1.0001303360388785,0.9926648706760623,-0.5152105044325705,-0.8911224792137139,-0.9426611055753376,-2.0661028506798,25.456085049565814,0.0,26.994475885409965,-1.538390835844151,dry_jjas,449.4351533314782,1.0,4.0,1,train,False
Nyamira,2019-06-01,2019,6,1,1,Minimal,0.0,1.0,0.999826225293629,0.4792098893709923,-0.3249222599925739,-0.2934638623259209,-1.8538960762010237,60.888847082387386,36.54704642862473,52.92107051876635,7.967776563621037,dry_jjas,707.0676224501927,1.0,4.0,1,train,False
Nyandarua,2019-06-01,2019,6,1,1,Minimal,0.0,1.0004524528776464,0.9998954682961814,-0.7849247809206651,-1.0054422456662713,-0.59658225178051,-1.3064307975497995,0.0,14.54101443025016,16.80337734990196,-16.80337734990196,dry_jjas,478.59632261521887,1.0,4.0,1,train,False
Nyeri,2019-06-01,2019,6,2,2,Stressed,0.0,1.542618854043296,0.9999111969797384,-0.1151824017001946,-0.666094553972471,-0.0374350799404445,-0.8502845570625924,16.287962465338406,21.106428962918397,32.808578725126445,-16.52061625978804,dry_jjas,596.5685209899478,2.0,4.0,1,train,False
Samburu,2019-06-01,2019,6,2,2,Stressed,0.0016001566707906,2.001600156670791,0.9998865771346582,-0.0508692278103765,-0.5184751035841134,0.1584310689027557,-0.6897437395316548,11.92013375406409,7.7413777438201885,11.390239295866214,0.5298944581978748,dry_jjas,233.37064745956647,2.0,4.0,1,train,True
Siaya,2019-06-01,2019,6,1,1,Minimal,0.0,1.0,0.7130635075059107,0.8363836929127552,-0.5128682061246482,0.1281019887900606,-0.5661133728165001,49.62668250811464,0.0,34.746945875233905,14.879736632880736,dry_jjas,703.9110029852106,1.0,4.0,1,train,False
Taita Taveta,2019-06-01,2019,6,2,2,Stressed,0.0,1.999581103555802,0.9966896338404326,1.558933449360377,-0.6901474783224307,0.2653906326964609,-1.2344976956794356,52.936880407938965,5.019583850663764,3.8623214186044135,49.07455898933455,dry_jjas,337.281834884778,2.0,4.0,1,train,False
Tana River,2019-06-01,2019,6,2,2,Stressed,0.3140059230637367,2.314005923063737,0.9998429736972364,0.0169424650102165,-1.5100966409430312,0.1664460286515799,-0.8396418551722056,4.716798696788064,0.0,5.330865782991546,-0.6140670862034812,dry_jjas,208.9215702880231,2.0,4.0,1,train,False
Tharaka-Nithi,2019-06-01,2019,6,2,2,Stressed,0.0,1.5708060749682615,0.9999875926821788,-0.1278067594209535,-1.4482982908947115,-0.4478759264078548,-0.7280384981141923,16.28722577078093,0.0,7.802282791907114,8.484942978873814,dry_jjas,386.5660928989662,2.0,4.0,1,train,False
Trans Nzoia,2019-06-01,2019,6,1,1,Minimal,0.0,1.0,0.9977780064560036,-0.2741599121273796,-1.0640795688722722,-0.8263500973186828,-0.8599656394650238,0.0,23.27908340362894,22.00809352969932,-22.00809352969932,dry_jjas,575.422482832226,1.0,4.0,1,train,False
Turkana,2019-06-01,2019,6,3,3,Crisis or worse,0.5729218043025175,2.572921804302517,0.9601635027037968,-0.874074064414862,-0.5339184543190043,-0.4056502944567475,-0.6461259237838533,12.207434789029737,5.340988910732566,15.05135136902216,-2.843916579992424,dry_jjas,134.93439886021372,2.0,4.0,1,train,True
Uasin Gishu,2019-06-01,2019,6,1,1,Minimal,0.0,1.0,0.9999480360329532,-0.6478854986923249,-1.5918826687565633,-1.362822170685135,-1.5249878345206374,0.0,0.0,6.075094287735706,-6.075094287735706,dry_jjas,466.5756532543863,1.0,4.0,1,train,False
Vihiga,2019-06-01,2019,6,1,1,Minimal,0.0,1.0,0.9998193553745144,0.8008905868836373,-0.7182544331512187,-0.1626340642293735,-1.0775651375388284,53.35696393033583,42.06718851704316,42.51678298929437,10.84018094104146,dry_jjas,638.2354464495623,1.0,4.0,1,train,False
Wajir,2019-06-01,2019,6,3,3,Crisis or worse,0.5091758278655049,2.509175827865505,0.9996307141713952,0.395626931336023,-0.8031854129190844,0.8367555442113438,-0.5854581737005546,8.499936453135994,8.610977085483286,26.659280243728325,-18.15934379059233,dry_jjas,220.92597534518788,2.0,4.0,1,train,True
West Pokot,2019-06-01,2019,6,2,2,Stressed,0.0001110351718193,1.559620510578188,0.9926708452112752,-0.8605565962960948,-1.548629801030461,-1.179333301715883,-0.9513476314820892,0.3121383446917319,0.0,5.390013825226906,-5.077875480535174,dry_jjas,366.78840132412165,2.0,4.0,1,train,False
Baringo,2019-10-01,2019,10,1,1,Minimal,0.4084151830583695,1.81784139284956,0.999985357608342,0.8364473537138143,1.0722451005221896,0.6951424024745102,0.8686995704404123,76.16567250362114,97.68596527461918,100.0,-23.83432749637886,short_rains,407.6410955536569,3.0,4.0,1,train,True
Bomet,2019-10-01,2019,10,1,1,Minimal,0.0,1.0,0.9999591445882084,0.917473873052448,0.5839544414162707,1.5486405923295632,1.776178863458848,82.43713844924807,47.664039699050285,100.0,-17.562861550751933,short_rains,705.0356352221398,1.0,4.0,1,train,False
Bungoma,2019-10-01,2019,10,1,1,Minimal,0.0,1.0,0.9970207416060456,0.9585295844739294,1.2029948667359929,0.7940550229197187,0.5244166110611783,100.0,81.76561015214574,100.0,0.0,short_rains,684.143518918554,1.0,4.0,1,train,False
Busia,2019-10-01,2019,10,1,1,Minimal,0.0,1.0,0.914162035136638,0.8897465674175696,1.008566111995778,1.0493868398590718,0.977264794826944,74.13107112658925,72.95827131074844,79.74943190464462,-5.618360778055376,short_rains,504.89251568895395,1.0,4.0,1,train,False
Elgeyo-Marakwet,2019-10-01,2019,10,1,1,Minimal,0.0002364713342102,1.003613470707513,0.9999600733550674,0.9161126808268166,1.4949011325837114,0.7006711379544778,0.7453851587020198,87.63905574336071,62.46517912021436,100.0,-12.360944256639286,short_rains,424.00498148048365,1.0,4.0,1,train,False
Embu,2019-10-01,2019,10,2,2,Stressed,0.0034762105975149,1.6770004612549387,0.9999892619296415,1.3043456890403626,0.0643807346311047,-0.5128097154948794,-0.0352441670954659,57.024323301361086,63.74947579330362,62.23188921436173,-5.207565913000643,short_rains,401.4457023614595,2.0,4.0,1,train,False
Garissa,2019-10-01,2019,10,3,3,Crisis or worse,1.0,3.0,0.9994639736822264,1.7189376623291426,1.6637973346494244,-0.7376661591322997,-0.5451714842284973,57.94225351814121,9.957371411293366,7.304054516126787,50.63819900201442,short_rains,210.6771075185111,2.0,4.0,1,train,False
Homa Bay,2019-10-01,2019,10,1,1,Minimal,0.0,1.0,0.6628357436647451,1.0104192857016476,1.2750754580791115,1.916512552208209,1.6824011899634814,58.79362170686287,39.883920791042144,73.69364414893124,-14.90002244206837,short_rains,658.3122810444571,1.0,4.0,1,train,False
Isiolo,2019-10-01,2019,10,3,3,Crisis or worse,0.9995827766204604,2.99958277662046,0.9999614170642658,2.566372169578781,0.6123707202492308,-0.6249671023665352,0.0942236165960233,14.872951971943577,10.462096807623466,11.695940823731943,3.1770111482116334,short_rains,121.15801476654195,2.0,4.0,1,train,False
Kajiado,2019-10-01,2019,10,2,2,Stressed,0.0010385364351125,1.999879231209137,0.986659705085567,1.8472580206254412,2.838393599948939,-0.411084721875638,-0.2323150001037408,37.10256369877495,42.15563178722469,29.56034419183926,7.542219506935691,short_rains,244.0590119973267,2.0,4.0,1,train,False
Kakamega,2019-10-01,2019,10,1,1,Minimal,0.0,1.0,0.9998432712295532,0.978842263224978,1.3468794280652878,1.124507618576371,0.9129654415188478,96.18792530211536,83.95590019440729,100.0,-3.81207469788464,short_rains,521.962946970816,1.0,4.0,1,train,False
Kericho,2019-10-01,2019,10,1,1,Minimal,0.0,1.0,0.9999526229648772,0.8600149459419736,0.979471898176866,1.1598951849662975,1.6992310283125065,100.0,97.07034700627692,100.0,0.0,short_rains,577.6437811642602,1.0,4.0,1,train,False
Kiambu,2019-10-01,2019,10,1,1,Minimal,0.0,1.001036389650512,0.9998318358451644,1.882246608180624,3.263438620321384,0.0302941483760156,0.0977029891048072,65.97879660024977,56.64914641644543,100.0,-34.021203399750235,short_rains,365.1581675938478,1.0,4.0,1,train,False
Kilifi,2019-10-01,2019,10,2,2,Stressed,0.0025432885968681,2.0024814344946176,0.9941917902689468,1.1743223093115505,1.1215396411526664,0.4036380445382403,1.1169708172007944,54.656147146911714,23.231164199870435,31.392071126803756,23.264076020107957,short_rains,485.9236308469297,2.0,4.0,1,train,False
Kirinyaga,2019-10-01,2019,10,1,1,Minimal,0.0,1.0002781852410034,0.9999074216214424,1.9721797813955215,0.916774672318752,0.0877958167942002,0.3270843914964955,73.97775255969711,75.13726278606282,90.19022547074653,-16.212472911049417,short_rains,523.427425427593,1.0,4.0,1,train,False
Kisii,2019-10-01,2019,10,1,1,Minimal,0.0,1.0,0.9995821721572732,0.6838962570708851,0.5016957989063492,1.3244915699382291,1.0824239961417317,81.00357707853131,87.10640453721652,100.0,-18.996422921468692,short_rains,771.8724273402603,1.0,4.0,1,train,False
Kisumu,2019-10-01,2019,10,1,1,Minimal,0.0,1.0,0.782906144414189,0.5073055521365617,0.7629350340432361,0.8938727909349916,1.353197371121725,52.37647116855264,80.93789854836,87.16853812783107,-34.79206695927843,short_rains,650.4965825795291,1.0,4.0,1,train,False
Kitui,2019-10-01,2019,10,3,3,Crisis or worse,0.9034973610298836,2.9029449207235247,0.9999752373351396,1.413362437662134,2.954519912613707,-0.3845138939674577,0.0082014540645131,12.372298569074664,24.462201634673715,14.6951612317965,-2.322862662721837,short_rains,350.0498777837523,2.0,4.0,1,train,False
Kwale,2019-10-01,2019,10,2,2,Stressed,0.0,1.99971200940671,0.9912639533016692,2.818190276363904,2.5187308309537904,1.2604707238574688,1.6405116939758964,54.27233305328188,47.50390197311704,46.59226214628934,7.68007090699254,short_rains,461.4118591660762,2.0,4.0,1,train,False
Laikipia,2019-10-01,2019,10,2,2,Stressed,0.0024785651186265,1.8910574847906545,1.000051645164342,1.12083333634734,0.669004308308361,0.5092372568371497,0.847248976138087,82.11188946821981,90.37763771160182,88.43818854563597,-6.326299077416152,short_rains,378.6133408439104,2.0,4.0,1,train,False
Lamu,2019-10-01,2019,10,3,3,Crisis or worse,0.999993004020605,2.9999930040206046,0.9772482590215352,0.3023163153127042,0.2632604578458289,-0.5858711442330152,-0.1326984463925188,87.07700114365277,47.84333980084671,61.05502728487678,26.021973858775986,short_rains,394.8891092289726,2.0,4.0,1,train,False
Machakos,2019-10-01,2019,10,1,1,Minimal,0.0014924574711276,1.0062477897631077,0.9999321623263784,1.5229306794268926,3.0860907319301694,-0.3472213432070271,-0.3158616814210109,43.74164794053807,54.12222501001932,39.60514974768012,4.13649819285795,short_rains,347.0698296320569,1.0,4.0,1,train,False
Makueni,2019-10-01,2019,10,3,3,Crisis or worse,0.823592054448046,2.820655282097079,0.9999725936085484,1.9179403374332809,4.20121091222715,-0.0893339050939585,0.1474361720177969,39.264677419810496,48.84214274033754,32.29369666796609,6.970980751844408,short_rains,210.84898907247097,2.0,4.0,1,train,False
Mandera,2019-10-01,2019,10,3,3,Crisis or worse,1.0,3.0,0.9934829486427996,2.21007922110661,1.9978370485774304,-0.3496375151283545,0.825820243939914,32.15098529840319,26.10319985632446,23.301686105753884,8.849299192649308,short_rains,147.72597818452132,2.0,4.0,1,train,False
Marsabit,2019-10-01,2019,10,3,3,Crisis or worse,0.9999748456374024,2.9999748456374022,0.9337761009257282,0.8982620786565333,0.3857234067065322,-0.4105435613574498,-0.0877201140386574,19.51692978751764,21.33092190498211,20.81950871150412,-1.3025789239864807,short_rains,183.11284628508548,3.0,4.0,1,train,True
Meru,2019-10-01,2019,10,2,2,Stressed,0.4989614488215854,2.4989555875145903,0.9999031138648642,1.3730653782307431,0.0527491114774267,-0.4983643042222975,0.176833364575838,55.463944106314806,42.36047587671237,42.61342488853108,12.850519217783727,short_rains,469.95952152110806,1.0,4.0,1,train,False
Migori,2019-10-01,2019,10,1,1,Minimal,0.0,1.000836252688988,0.8093461784823975,1.052563897179579,1.413258414210382,1.7687764620511215,1.694645915624411,47.55925449238406,43.547357594561696,73.80972810250968,-26.250473610125617,short_rains,460.4970135975702,1.0,4.0,1,train,False
Mombasa,2019-10-01,2019,10,1,1,Minimal,0.0,1.024159169166952,0.9454988271665984,1.7043627022843586,0.938698885931492,0.4691576321507029,1.2641249048444116,56.39392691963101,20.59553875521058,18.62939331357054,37.76453360606047,short_rains,339.4545465241538,1.0,4.0,1,train,False
Murang'a,2019-10-01,2019,10,1,1,Minimal,0.0,1.0,0.9998960447776896,1.0562793331658924,1.807666769039824,-0.0514706112586091,-0.0672380134289824,61.92907139828915,83.34493693868168,100.0,-38.07092860171085,short_rains,600.9606534616394,1.0,4.0,1,train,False
Nairobi,2019-10-01,2019,10,1,1,Minimal,0.0,1.0004033639580097,0.9993429939949856,2.0864946709399828,3.249550244465264,-0.0849022025884531,-0.0793819317253008,39.59323824617008,35.75948481030387,79.18009089456461,-39.58685264839453,short_rains,349.07589029272395,1.0,4.0,1,train,False
Nakuru,2019-10-01,2019,10,1,1,Minimal,0.0,1.0000238338747447,0.9758499055944194,0.9601337145963748,1.0673474686316535,0.7659977161635256,0.976476723616984,81.64297761205499,86.02007572056327,100.0,-18.35702238794501,short_rains,337.82261196850334,1.0,4.0,1,train,False
Nandi,2019-10-01,2019,10,1,1,Minimal,0.0,1.0,0.9998151603533764,0.9688935097261544,1.5146610986878182,1.2287987318524956,1.1969721054954956,100.0,77.45165050241351,100.0,0.0,short_rains,636.3375639959971,1.0,4.0,1,train,False
Narok,2019-10-01,2019,10,2,2,Stressed,0.0,1.878156445241992,0.9926876485807352,1.491642857246493,1.5815169565560327,1.2091276706845446,0.954558551570465,54.97051579197864,62.60189767656527,91.75580332607318,-36.785287534094536,short_rains,449.4351533314782,1.0,4.0,1,train,False
Nyamira,2019-10-01,2019,10,1,1,Minimal,0.0,1.0,0.9998262252936287,0.7758060766830278,0.4831902919660277,1.219344552700539,1.1834331054901417,71.45844072003716,61.79951741254653,100.0,-28.54155927996284,short_rains,707.0676224501927,1.0,4.0,1,train,False
Nyandarua,2019-10-01,2019,10,1,1,Minimal,0.0,1.0004995442155116,0.9998954460056082,0.3910357124420538,0.9631972642743064,0.5104605864502999,0.553365621591706,96.41602162869538,72.66855445169529,100.0,-3.5839783713046245,short_rains,478.59632261521887,1.0,4.0,1,train,False
Nyeri,2019-10-01,2019,10,1,1,Minimal,0.0,1.0019193934478114,0.9998841481894756,0.9440214038952506,0.6954607524670232,0.325224685443813,0.3452358525571164,84.2527593374626,71.64505649094274,100.0,-15.747240662537394,short_rains,596.5685209899478,2.0,4.0,1,train,False
Samburu,2019-10-01,2019,10,3,3,Crisis or worse,0.7295502081813671,2.729550208181367,0.9998972988695696,1.0672081207490005,-0.0468177575602978,-0.017905660055865,0.4672019942023133,45.32759700820874,39.32580257548177,66.03316372844448,-20.705566720235737,short_rains,233.37064745956647,2.0,4.0,1,train,True
Siaya,2019-10-01,2019,10,1,1,Minimal,0.0,1.0,0.7130635075059107,0.7587547348759318,0.9879462348558076,0.9007058579563586,1.1047837281273392,83.51599909933654,61.835532912274886,79.16948723329686,4.346511866039677,short_rains,703.9110029852106,1.0,4.0,1,train,False
Taita Taveta,2019-10-01,2019,10,2,2,Stressed,0.0012260282171291,2.001226028217129,0.9966783869663588,2.150547413147028,3.2889683884067087,1.4541505003224962,2.4135295926874627,34.8978901964674,52.98442872108973,37.0588468961855,-2.160956699718099,short_rains,337.281834884778,2.0,4.0,1,train,False
Tana River,2019-10-01,2019,10,3,3,Crisis or worse,0.974921459186734,2.974921459186734,0.9998362886165332,1.909846405563415,2.7106527839453904,-0.175094040978269,0.6815377920187361,60.67102021699823,16.388408351977663,18.96270917552328,41.70831104147495,short_rains,208.9215702880231,2.0,4.0,1,train,False
Tharaka-Nithi,2019-10-01,2019,10,3,3,Crisis or worse,0.6794010097769551,2.6793891945579738,0.999983557438948,1.036037560476684,-0.5479006401032576,-0.9600119544686652,-0.1543208689209632,37.30659795754634,48.34858986431205,37.053912206727816,0.2526857508185216,short_rains,386.5660928989662,2.0,4.0,1,train,False
Trans Nzoia,2019-10-01,2019,10,1,1,Minimal,0.0,1.0,0.9977780064560036,1.1784889642014589,1.808606168017541,1.5315861147422176,1.219615116713385,100.0,66.07536494713881,97.53546019557368,2.464539804426323,short_rains,575.422482832226,1.0,4.0,1,train,False
Turkana,2019-10-01,2019,10,3,3,Crisis or worse,0.9998187861479574,2.9998187861479573,0.960152161114866,0.3515285526241052,0.8456776472895711,0.5954104706794029,0.6381071803761121,55.55395148648487,65.04995320596244,61.22435095267111,-5.67039946618624,short_rains,134.93439886021372,3.0,4.0,1,train,True
Uasin Gishu,2019-10-01,2019,10,1,1,Minimal,0.0,1.0,0.9999480360329532,1.322923520856014,1.874474571281746,1.189302447744413,1.1472413097751215,100.0,100.0,100.0,0.0,short_rains,466.5756532543863,1.0,4.0,1,train,False
Vihiga,2019-10-01,2019,10,1,1,Minimal,0.0,1.0,0.9998193553745128,0.6162319717002616,0.979135133071842,1.0400226746901675,1.2317928806188807,98.46316755895118,100.0,100.0,-1.5368324410488157,short_rains,638.2354464495623,1.0,4.0,1,train,False
Wajir,2019-10-01,2019,10,3,3,Crisis or worse,1.0,3.0,0.9996281763295088,2.4899007082244804,2.0444895812012187,-0.6701292455949008,0.3873131184965247,38.17377412373322,10.719416109454198,18.69835216498046,19.475421958752758,short_rains,220.92597534518788,3.0,4.0,1,train,True
West Pokot,2019-10-01,2019,10,2,2,Stressed,0.0027376216669029,1.8853460384064435,0.9926739731095776,0.8781947523416194,1.830749973552932,0.9145919201221792,1.2350485444942318,74.484339347607,92.345637835357,100.0,-25.515660652392995,short_rains,366.78840132412165,2.0,4.0,1,train,False
Baringo,2020-02-01,2020,2,2,2,Stressed,0.0,1.5637547358202473,0.9999994222488416,1.0263556228374942,1.999544784384683,2.546086383812694,2.350362722482356,100.0,100.0,94.29599097645978,5.704009023540223,dry_jf,407.6410955536569,1.0,4.0,1,train,True
Bomet,2020-02-01,2020,2,1,1,Minimal,0.0,1.0,0.9999591445882084,1.751565337464518,2.772686935611865,3.3736186789631453,2.9304939259901666,91.88119228647984,96.71307359341075,41.69220295650684,50.188989329973005,dry_jf,705.0356352221398,1.0,4.0,1,train,False
Bungoma,2020-02-01,2020,2,1,1,Minimal,0.0,1.0,0.9970207416060456,1.4004755247301035,2.399673139292542,3.6771074929975938,2.495986754612696,97.87457997719964,100.0,98.93218825646456,-1.0576082792649117,dry_jf,684.143518918554,1.0,4.0,1,train,False
Busia,2020-02-01,2020,2,1,1,Minimal,0.0,1.0,0.914162035136638,1.503432212423916,2.421943105739332,3.917608834531571,3.82500863786324,87.39135975699477,93.51467360684138,79.78799844983531,7.60336130715946,dry_jf,504.89251568895395,1.0,4.0,1,train,False
Elgeyo-Marakwet,2020-02-01,2020,2,1,1,Minimal,0.0,1.000236473294127,0.999951785576505,1.150463520358736,1.88885601517325,2.754041859377363,2.343770731075641,100.0,87.75996946297835,90.66440563083344,9.335594369166557,dry_jf,424.00498148048365,1.0,4.0,1,train,False
Embu,2020-02-01,2020,2,1,1,Minimal,0.0,1.0058427967454584,0.9999774223655316,1.7489523535948368,2.4251379769124237,3.161859907568111,3.1456964714297317,93.74113077357842,91.42095869128951,100.0,-6.258869226421581,dry_jf,401.4457023614595,2.0,4.0,1,train,False
Garissa,2020-02-01,2020,2,2,2,Stressed,2.7710632195238797e-05,2.0000277106321955,0.9994639736826514,3.2879563516307244,2.249622199471574,2.495932892405513,2.578389195996205,91.2631514195347,87.37023044277734,89.73570678555787,1.5274446339768275,dry_jf,210.6771075185111,3.0,4.0,1,train,False
Homa Bay,2020-02-01,2020,2,1,1,Minimal,0.0,1.0,0.6628357436647451,1.6308779731031948,2.118115538755193,3.4644481463174324,3.5023476762006447,73.11379576284503,75.00853523836174,49.72714629123322,23.38664947161181,dry_jf,658.3122810444571,1.0,4.0,1,train,False
Isiolo,2020-02-01,2020,2,2,2,Stressed,9.035616054739908e-06,1.9998897174217187,0.9999614627899412,1.9848130937387496,1.9288078426919515,2.2956346311994897,2.552958078956828,100.0,100.0,90.62260907431391,9.377390925686086,dry_jf,121.15801476654195,3.0,4.0,1,train,False
Kajiado,2020-02-01,2020,2,2,2,Stressed,0.0,1.9804692398059605,0.9866599014537054,1.642634069957508,2.5244715804124205,2.944221394458241,2.8548629910609096,100.0,100.0,100.0,0.0,dry_jf,244.0590119973267,2.0,4.0,1,train,False
Kakamega,2020-02-01,2020,2,1,1,Minimal,0.0,1.0,0.9998432712295532,1.4142602733613363,2.7230269526827704,4.357124270455935,3.007353314655603,94.6958767885004,100.0,100.0,-5.304123211499601,dry_jf,521.962946970816,1.0,4.0,1,train,False
Kericho,2020-02-01,2020,2,1,1,Minimal,0.0,1.0,0.9999526229648772,1.3125700255224293,2.1809848934051037,3.133412887406508,3.096898372460189,89.30811115066705,94.6175350471926,82.36593735786745,6.9421737927995935,dry_jf,577.6437811642602,1.0,4.0,1,train,False
Kiambu,2020-02-01,2020,2,1,1,Minimal,0.0,1.001036389650512,0.9998318358451644,1.4197071992846166,2.43538229448107,3.3101931897199326,3.3525454942217467,93.8234664375139,84.90187049355967,68.39434462438462,25.429121813129285,dry_jf,365.1581675938478,1.0,4.0,1,train,False
Kilifi,2020-02-01,2020,2,2,2,Stressed,0.0,1.9992691542415924,0.9941942173456786,1.601175407297533,1.844549511032888,2.433632400267285,2.6317917457717703,91.63888888129668,99.37600262499548,100.0,-8.36111111870332,dry_jf,485.9236308469297,2.0,4.0,1,train,False
Kirinyaga,2020-02-01,2020,2,1,1,Minimal,0.0,1.0000006781059771,0.9999074216215268,1.6175646417961855,2.498538003675663,3.427010209111959,3.4466459182228526,81.90760422693886,78.25630306570132,27.844837533287155,54.0627666936517,dry_jf,523.427425427593,1.0,4.0,1,train,False
Kisii,2020-02-01,2020,2,1,1,Minimal,0.0,1.0,0.9995821721572732,1.8592681624360037,2.7518006424290635,3.3820661860780845,3.107235220835124,99.74413859640394,91.07743259126968,14.053274046414018,85.69086454998993,dry_jf,771.8724273402603,1.0,4.0,1,train,False
Kisumu,2020-02-01,2020,2,1,1,Minimal,0.0,1.0,0.7829061444141889,1.3631676017087728,1.9752008135505843,3.0113764840960093,2.960961111203743,93.32016215947618,87.94650843238938,74.96365361198073,18.35650854749545,dry_jf,650.4965825795291,1.0,4.0,1,train,False
Kitui,2020-02-01,2020,2,1,1,Minimal,0.0,1.0003494564396398,1.0000134770408124,1.9886508757159995,1.9623115204164447,2.421166969456448,2.333370133916683,98.21868823207424,95.07550819283908,79.02124903656411,19.19743919551013,dry_jf,350.0498777837523,3.0,4.0,1,train,False
Kwale,2020-02-01,2020,2,2,2,Stressed,0.0,1.996402448510419,0.991267775862953,1.596389297656662,1.7711173321361535,2.992523777181214,2.9219616772221464,93.6986577529826,95.62029786364955,95.98315389319325,-2.284496140210649,dry_jf,461.4118591660762,2.0,4.0,1,train,False
Laikipia,2020-02-01,2020,2,2,2,Stressed,0.0,1.8890791181135551,0.9999851536805716,1.244272508019966,2.5069794896837445,2.9242564006444565,2.724295473743386,95.93244527328253,98.62427139164076,89.77791257422136,6.154532699061164,dry_jf,378.6133408439104,2.0,4.0,1,train,False
Lamu,2020-02-01,2020,2,2,2,Stressed,0.0,2.0,0.977248259021535,2.847761099676899,1.682514043526682,1.769328360051312,1.937974021857092,100.0,100.0,99.963380719754,0.036619280246000585,dry_jf,394.8891092289726,3.0,4.0,1,train,False
Machakos,2020-02-01,2020,2,1,1,Minimal,0.0,1.000501677864983,0.9999320063209604,1.8279719645811892,2.2165142244165503,2.9702975189477367,3.0244297261457604,100.0,100.0,100.0,0.0,dry_jf,347.0698296320569,1.0,4.0,1,train,False
Makueni,2020-02-01,2020,2,1,1,Minimal,0.0,1.0009538483783504,0.9999541062673236,1.7341092086600882,2.039481510097773,2.502922284860688,2.223941094495764,94.46866319187238,99.14550539125568,100.0,-5.5313368081276195,dry_jf,210.84898907247097,3.0,4.0,1,train,False
Mandera,2020-02-01,2020,2,2,2,Stressed,0.0,2.0,0.9934829486429042,-0.0663768392403205,2.1727110993513152,2.381148282141966,2.371755569359482,91.84319025073604,100.0,100.0,-8.156809749263957,dry_jf,147.72597818452132,3.0,4.0,1,train,False
Marsabit,2020-02-01,2020,2,2,2,Stressed,0.0,2.0,0.9337761009249728,0.937787963801363,1.7087064143378696,2.2670678592733764,2.5920502322339933,100.0,100.0,100.0,0.0,dry_jf,183.11284628508548,3.0,4.0,1,train,True
Meru,2020-02-01,2020,2,1,1,Minimal,0.0,1.0062019977837415,0.9998973898141076,1.6911596230227073,2.338173073704109,2.690428586694697,2.727395905237227,100.0,100.0,100.0,0.0,dry_jf,469.95952152110806,2.0,4.0,1,train,False
Migori,2020-02-01,2020,2,1,1,Minimal,0.0,1.0,0.8093394361863654,2.251211358557051,2.4157313252691384,3.5302462702317072,3.1129186138167606,77.72102620068569,83.23547526599744,30.68496617181209,47.03606002887359,dry_jf,460.4970135975702,1.0,4.0,1,train,False
Mombasa,2020-02-01,2020,2,1,1,Minimal,0.0,1.024159169166952,0.9454988271665984,1.636815666920349,1.839126866811423,2.6311446075296354,2.731971387765733,83.00290126747113,82.91442021699122,72.77404436133538,10.228856906135746,dry_jf,339.4545465241538,1.0,4.0,1,train,False
Murang'a,2020-02-01,2020,2,1,1,Minimal,0.0,1.0,0.9998960447776898,1.841169928217525,2.6483035586646597,3.783517959291526,3.8922983642355753,100.0,91.16063420429036,77.15199030443986,22.848009695560137,dry_jf,600.9606534616394,1.0,4.0,1,train,False
Nairobi,2020-02-01,2020,2,1,1,Minimal,0.0,1.0004033639580097,0.9993429939950748,1.3797415881369703,2.395319648034675,3.144740547644073,3.192525067871108,85.30286950557418,74.18267397885354,87.67272794936474,-2.3698584437905623,dry_jf,349.07589029272395,1.0,4.0,1,train,False
Nakuru,2020-02-01,2020,2,1,1,Minimal,0.0,1.0,0.9758499055944192,1.2712753734470297,2.301668399312158,2.99887389813398,2.9865077346010933,93.33517829242268,93.003770644576,66.6712424357109,26.663935856711788,dry_jf,337.82261196850334,1.0,4.0,1,train,False
Nandi,2020-02-01,2020,2,1,1,Minimal,0.0,1.0,0.9998151603533766,1.2063371724226315,2.1601566444641724,3.493134437033849,3.0003713538018246,100.0,96.46589175614528,71.8704165428621,28.129583457137898,dry_jf,636.3375639959971,1.0,4.0,1,train,False
Narok,2020-02-01,2020,2,1,1,Minimal,0.0,1.0001312284969692,0.9926648706761406,2.133126243829878,3.0396616750029133,3.880153593651656,3.220128214819126,94.44852222479491,98.97078217521351,61.99199541477121,32.4565268100237,dry_jf,449.4351533314782,2.0,4.0,1,train,False
Nyamira,2020-02-01,2020,2,1,1,Minimal,0.0,1.0,0.999826225293629,1.5389192079923075,2.6346824578445647,3.3301066960709766,3.152088270863835,100.0,92.63779555243974,63.16589033746915,36.83410966253085,dry_jf,707.0676224501927,1.0,4.0,1,train,False
Nyandarua,2020-02-01,2020,2,1,1,Minimal,0.0,1.0004995442155116,0.9998954460054982,1.2921308705966343,2.234324477249116,2.7383427161501066,2.481172119023134,100.0,90.42237485031826,36.47466700256685,63.52533299743315,dry_jf,478.59632261521887,1.0,4.0,1,train,False
Nyeri,2020-02-01,2020,2,1,1,Minimal,0.0,1.000617529631617,0.9998784268825492,1.4609814251397553,2.7050588460190808,3.269005736571847,3.110213567724319,100.0,51.90589578410104,67.88634997423341,32.11365002576659,dry_jf,596.5685209899478,1.0,4.0,1,train,False
Samburu,2020-02-01,2020,2,2,2,Stressed,0.0,2.0,0.999882267341486,1.2294751362772502,2.037394101010745,2.4396941757494277,2.4046216121810957,100.0,100.0,92.10732806836494,7.892671931635064,dry_jf,233.37064745956647,3.0,4.0,1,train,True
Siaya,2020-02-01,2020,2,1,1,Minimal,0.0,1.0,0.7130635075059107,1.4443058480598316,1.768306603374208,3.0187966637090358,3.119902595798352,71.53711549861133,72.67452126378068,61.74208988436055,9.795025614250775,dry_jf,703.9110029852106,1.0,4.0,1,train,False
Taita Taveta,2020-02-01,2020,2,1,1,Minimal,0.0,1.0006033595281998,0.9966783869663574,2.1760075874544924,2.2082480726299885,2.795534901618401,2.695715789649431,96.54550549799607,100.0,100.0,-3.454494502003925,dry_jf,337.281834884778,2.0,4.0,1,train,False
Tana River,2020-02-01,2020,2,2,2,Stressed,0.0500030091898961,2.049405867159142,0.9998457209853984,2.771171702947129,2.1368164929674505,2.561324666470772,2.58943140412605,100.0,100.0,100.0,0.0,dry_jf,208.9215702880231,3.0,4.0,1,train,False
Tharaka-Nithi,2020-02-01,2020,2,1,1,Minimal,0.0,1.4208633366911712,0.999973025042523,1.8259605865355155,2.1849735052215737,2.76058909626192,2.7664869174010662,86.22362873184083,75.59039183801417,73.3165714828974,12.907057248943431,dry_jf,386.5660928989662,3.0,4.0,1,train,False
Trans Nzoia,2020-02-01,2020,2,1,1,Minimal,0.0,1.0,0.9977780064560036,1.495279824293094,2.02186794118164,3.422924623695072,2.4085156783060477,99.48521264042792,97.37807231118144,95.63493199916608,3.8502806412618327,dry_jf,575.422482832226,1.0,4.0,1,train,False
Turkana,2020-02-01,2020,2,2,2,Stressed,0.0,1.999957012896412,0.9601520759250542,1.3681683163230751,2.009956569160968,2.4521862081995067,2.3292618067219104,100.0,100.0,99.83966035337222,0.16033964662777578,dry_jf,134.93439886021372,3.0,4.0,1,train,True
Uasin Gishu,2020-02-01,2020,2,1,1,Minimal,0.0,1.0,0.9999480360329528,1.0951197358220846,2.05072317903995,3.1692716434750947,2.47911625687014,100.0,100.0,100.0,0.0,dry_jf,466.5756532543863,1.0,4.0,1,train,False
Vihiga,2020-02-01,2020,2,1,1,Minimal,0.0,1.0,0.9998193553745128,1.5582911241001485,2.4224535060562955,3.6759748400461496,3.083889961778577,100.0,100.0,84.5315217865056,15.468478213494393,dry_jf,638.2354464495623,1.0,4.0,1,train,False
Wajir,2020-02-01,2020,2,2,2,Stressed,0.0,2.0,0.9996281763295078,1.583233007143635,2.128728833367712,2.1731321403186463,2.339741937651852,85.48061835112158,100.0,95.96622562141472,-10.485607270293144,dry_jf,220.92597534518788,3.0,4.0,1,train,True
West Pokot,2020-02-01,2020,2,1,1,Minimal,0.0,1.0027376219851862,0.9926738576986502,1.2530855298332235,1.521913739678253,2.813412737070875,2.4265378517637237,100.0,100.0,98.05576504281343,1.9442349571865662,dry_jf,366.78840132412165,2.0,4.0,1,train,False
Baringo,2020-06-01,2020,6,1,1,Minimal,0.0,1.4086425788824593,0.9999777827017622,0.5677988640605769,1.9248973263872915,2.17912142778826,1.6700714850317475,94.0103818792701,84.79327147595043,84.08811566299252,9.922266216277578,dry_jjas,407.6410955536569,2.0,4.0,1,train,True
Bomet,2020-06-01,2020,6,1,1,Minimal,0.0,1.0,0.9999591445797528,0.2883802640640238,2.7092575247895367,3.5109877771853517,2.5309497800098386,89.64157648448523,57.106162500189946,98.31008842720968,-8.66851194272445,dry_jjas,705.0356352221398,1.0,4.0,1,train,False
Bungoma,2020-06-01,2020,6,1,1,Minimal,0.0,1.0,0.9970207416060456,0.3934057419369579,2.5559583036539704,2.7794780175457414,1.9974112139929003,100.0,76.69874333319402,100.0,0.0,dry_jjas,684.143518918554,1.0,4.0,1,train,False
Busia,2020-06-01,2020,6,1,1,Minimal,0.0,1.0,0.914162035136638,0.055386068586996,2.618997335831698,3.1305698446597203,2.544579343874672,83.66848656950242,64.1033704328827,95.0250711484569,-11.356584578954482,dry_jjas,504.89251568895395,1.0,4.0,1,train,False
Elgeyo-Marakwet,2020-06-01,2020,6,1,1,Minimal,0.0,1.000236473294127,0.999951785576505,0.3398597385233931,1.7850171633438765,2.023185853881673,1.6089388692357012,100.0,92.80011032791636,100.0,0.0,dry_jjas,424.00498148048365,1.0,4.0,1,train,False
Embu,2020-06-01,2020,6,1,1,Minimal,0.0,1.0058427967454584,0.9999774223655316,0.5135669040597923,1.9945271384948555,3.29140384404402,1.6096451646987615,92.2540454771139,97.0314127720634,100.0,-7.745954522886095,dry_jjas,401.4457023614595,1.0,4.0,1,train,False
Garissa,2020-06-01,2020,6,2,2,Stressed,2.7710632195238783e-05,2.0000277106321955,0.9994639736826516,-0.8382468330928492,1.1326931123184234,1.863659144799644,1.7085397484589266,71.70567440329913,80.18336866371683,84.21900957479748,-12.513335171498355,dry_jjas,210.6771075185111,2.0,4.0,1,train,False
Homa Bay,2020-06-01,2020,6,1,1,Minimal,0.0,1.0,0.6628357436647451,0.0358136251246361,1.953660685794532,2.7487220328289386,2.5142965211366604,53.60074950462926,77.84084732410369,100.0,-46.39925049537074,dry_jjas,658.3122810444571,1.0,4.0,1,train,False
Isiolo,2020-06-01,2020,6,2,2,Stressed,9.035616054739991e-06,1.99963626171578,0.999961462789932,-0.1050740017191,1.4214658411863177,1.8916608753619448,1.5111743710270928,53.73042786897011,51.936412192461496,56.99772091793127,-3.2672930489611574,dry_jjas,121.15801476654195,2.0,4.0,1,train,False
Kajiado,2020-06-01,2020,6,2,2,Stressed,0.0,1.980772460103143,0.9866593818366564,-0.4306914499866779,1.903360920492544,3.047198203370161,1.9157148428522444,83.71410765415452,82.61198715245254,100.0,-16.285892345845483,dry_jjas,244.0590119973267,2.0,4.0,1,train,False
Kakamega,2020-06-01,2020,6,1,1,Minimal,0.0,1.0,0.999843271229553,0.3825413709170769,2.5665120514404216,3.32648523925139,2.157190534644456,100.0,82.606371523918,100.0,0.0,dry_jjas,521.962946970816,1.0,4.0,1,train,False
Kericho,2020-06-01,2020,6,1,1,Minimal,0.0,1.0,0.9999526229648776,0.2364352743213992,2.214121510549856,2.720257092514819,1.987807684170576,100.0,89.18975502495492,100.0,0.0,dry_jjas,577.6437811642602,1.0,4.0,1,train,False
Kiambu,2020-06-01,2020,6,1,1,Minimal,0.0,1.001680687685102,0.9998318358919256,0.0257649127423781,1.7823634616014512,2.801143100866614,1.627391875785393,97.83662498726125,59.33936587733523,100.0,-2.1633750127387543,dry_jjas,365.1581675938478,1.0,4.0,1,train,False
Kilifi,2020-06-01,2020,6,2,2,Stressed,0.0,1.9993310081928424,0.9941942173457334,-0.5297570217529539,1.432316415537857,1.7845345359919778,1.2309850364338122,100.0,100.0,100.0,0.0,dry_jjas,485.9236308469297,2.0,4.0,1,train,False
Kirinyaga,2020-06-01,2020,6,1,1,Minimal,0.0,1.0000006781059771,0.9999074216215268,1.0090330275122406,2.316374361522121,3.2913539738610487,1.54113094279305,100.0,76.97617550308294,100.0,0.0,dry_jjas,523.427425427593,1.0,4.0,1,train,False
Kisii,2020-06-01,2020,6,1,1,Minimal,0.0,1.0,0.9995821721572732,0.3120874268666075,1.93054159902674,3.089120455761744,2.475315151299847,100.0,64.70490021827635,100.0,0.0,dry_jjas,771.8724273402603,1.0,4.0,1,train,False
Kisumu,2020-06-01,2020,6,1,1,Minimal,0.0,1.0,0.7829061444141889,-0.1807312895062417,2.042199114391694,2.777327862031196,2.2915689110086053,33.023431425195135,68.85770356973977,100.0,-66.97656857480487,dry_jjas,650.4965825795291,1.0,4.0,1,train,False
Kitui,2020-06-01,2020,6,1,1,Minimal,0.0,1.0003494564396398,1.0000134770408124,-0.5064530862609231,1.598677314763394,2.815612750238146,1.9627549448890949,85.37343941517433,98.89863688561856,100.0,-14.626560584825668,dry_jjas,350.0498777837523,1.0,4.0,1,train,False
Kwale,2020-06-01,2020,6,2,2,Stressed,0.0,1.9966904379931496,0.9912677758629528,-0.2644949610193,2.5293644762963017,3.007443739826416,1.5218570348840113,98.57039481950274,100.0,100.0,-1.429605180497262,dry_jjas,461.4118591660762,2.0,4.0,1,train,False
Laikipia,2020-06-01,2020,6,1,1,Minimal,0.0,1.0039006686789995,1.0000412897327209,1.181057406857839,2.427835347480734,2.905143317129343,1.6654759587637136,99.806865556922,84.54303895771585,76.81036718207649,22.996498374845515,dry_jjas,378.6133408439104,2.0,4.0,1,train,False
Lamu,2020-06-01,2020,6,2,2,Stressed,0.0,2.0,0.9772482590215352,-0.5032663174628804,0.4801179911831679,0.7533523144930001,1.5901532433394054,95.51294629960692,100.0,100.0,-4.487053700393076,dry_jjas,394.8891092289726,2.0,4.0,1,train,False
Machakos,2020-06-01,2020,6,1,1,Minimal,0.0,1.00202195513026,0.9999329661391688,-0.2383490833460154,1.7741651308681732,2.9460250161996835,1.970347460140798,94.00156501490314,97.38871646816536,100.0,-5.998434985096864,dry_jjas,347.0698296320569,1.0,4.0,1,train,False
Makueni,2020-06-01,2020,6,1,1,Minimal,0.0,1.0009538483783504,0.9999541062673144,-0.857102300587986,1.5464949502273413,2.9142734924640847,1.9782143790798576,75.89457471926436,100.0,100.0,-24.105425280735645,dry_jjas,210.84898907247097,1.0,4.0,1,train,False
Mandera,2020-06-01,2020,6,2,2,Stressed,0.0269041551666194,2.026904155166619,0.9934830264784478,-0.6524239486397163,1.4308796541101043,1.9401528085038715,0.7763159690571612,100.0,85.41731968509934,60.53597335860238,39.46402664139762,dry_jjas,147.72597818452132,2.0,4.0,1,train,False
Marsabit,2020-06-01,2020,6,2,2,Stressed,0.0,2.0,0.9337761009258776,-0.12284673798749,1.4565914691894752,1.7657104991741857,1.2932705372471502,64.52551348066788,56.07950529647843,53.663746623011946,10.861766857655937,dry_jjas,183.11284628508548,2.0,4.0,1,train,True
Meru,2020-06-01,2020,6,1,1,Minimal,0.0,1.004616683210704,0.9998973748035022,0.2787241307156377,2.164901470332615,3.050124139455245,1.5541258875192343,89.06612544378999,100.0,95.65527524619355,-6.589149802403568,dry_jjas,469.95952152110806,1.0,4.0,1,train,False
Migori,2020-06-01,2020,6,1,1,Minimal,0.0,1.0,0.8093394361863654,0.5713180532588047,1.5275563365377836,2.7056835491825764,2.505503452159876,49.0817524008411,98.93097029132684,100.0,-50.9182475991589,dry_jjas,460.4970135975702,1.0,4.0,1,train,False
Mombasa,2020-06-01,2020,6,2,2,Stressed,0.0,2.0,0.945430610879302,0.2306588315937367,2.2315438007395407,2.5184995873657408,1.7796119947135756,64.3018559102697,73.06703402496692,93.43156493499043,-29.12970902472074,dry_jjas,339.4545465241538,1.0,4.0,1,train,False
Murang'a,2020-06-01,2020,6,1,1,Minimal,0.0,1.0,0.9998960447776896,0.4816913470657736,2.273508248081085,3.108035337795949,1.8323998255773597,100.0,67.5374622772762,100.0,0.0,dry_jjas,600.9606534616394,1.0,4.0,1,train,False
Nairobi,2020-06-01,2020,6,2,2,Stressed,0.0,1.975405021464036,0.9994329544443415,-0.3727178570720353,1.352733447058914,2.5004162697600654,1.5633775271506245,71.59107209980388,71.52357757360302,98.9499758778242,-27.35890377802032,dry_jjas,349.07589029272395,1.0,4.0,1,train,False
Nakuru,2020-06-01,2020,6,1,1,Minimal,0.0,1.0,0.9758499055944192,0.5986579175447817,2.230321123089141,2.6257244739425105,1.6799844080753537,100.0,82.57882196253041,89.75393271309436,10.246067286905642,dry_jjas,337.82261196850334,1.0,4.0,1,train,False
Nandi,2020-06-01,2020,6,1,1,Minimal,0.0,1.0,0.9998151603533766,0.4289313024961134,2.022457414084444,2.581602666787303,1.6439737067056317,100.0,67.42089351713047,100.0,0.0,dry_jjas,636.3375639959971,1.0,4.0,1,train,False
Narok,2020-06-01,2020,6,1,1,Minimal,0.0,1.0001312284969692,0.9926648706760628,0.009656967298743,2.7754397418575376,3.770574331548128,2.5694319223232225,96.11752887858056,85.41313632371977,100.0,-3.8824711214194423,dry_jjas,449.4351533314782,1.0,4.0,1,train,False
Nyamira,2020-06-01,2020,6,1,1,Minimal,0.0,1.0,0.999826225293629,0.3590278709372021,2.1601208019169285,3.1186132090376124,2.4132202238157543,100.0,69.8387878655341,100.0,0.0,dry_jjas,707.0676224501927,1.0,4.0,1,train,False
Nyandarua,2020-06-01,2020,6,1,1,Minimal,0.0,1.0,0.9998954460054936,0.5989324049132504,2.239966616153686,2.5347183654471155,1.6892125956589217,100.0,76.15113932200467,100.0,0.0,dry_jjas,478.59632261521887,1.0,4.0,1,train,False
Nyeri,2020-06-01,2020,6,1,1,Minimal,0.0,1.0,0.9998683591640218,0.7634582212986168,2.6768383125648216,3.275217135970231,1.722228946772563,100.0,74.1679472957199,100.0,0.0,dry_jjas,596.5685209899478,1.0,4.0,1,train,False
Samburu,2020-06-01,2020,6,2,2,Stressed,0.0,1.999967941333963,0.9998822673449888,0.862655554708324,2.02117480216804,2.5723743245637483,1.6572517200173902,98.86851239163047,100.0,71.1921256619563,27.676386729674178,dry_jjas,233.37064745956647,2.0,4.0,1,train,True
Siaya,2020-06-01,2020,6,1,1,Minimal,0.0,1.0,0.7130635075059107,-0.0900789428989138,1.887855452066433,2.580971350925059,2.187806526266459,70.20341941578916,74.20070251088143,100.0,-29.796580584210844,dry_jjas,703.9110029852106,1.0,4.0,1,train,False
Taita Taveta,2020-06-01,2020,6,1,1,Minimal,0.0,1.0006033595281998,0.9966783869663574,-1.3125739235288618,1.9329037500013144,2.9367088145585694,2.2696116815782794,91.109411529203,100.0,100.0,-8.890588470796999,dry_jjas,337.281834884778,1.0,4.0,1,train,False
Tana River,2020-06-01,2020,6,2,2,Stressed,0.0500030091898961,2.049405867159142,0.9998457209853984,-1.0955804383867234,1.1028292981706838,2.2939489459137743,1.7286339898335437,80.14452589591447,89.07633435389639,100.0,-19.85547410408553,dry_jjas,208.9215702880231,2.0,4.0,1,train,False
Tharaka-Nithi,2020-06-01,2020,6,1,1,Minimal,0.0,1.4208633366911712,0.999973025042523,0.3115172145618218,2.1461970325162185,3.274820821987708,1.615168358997425,67.57112773677542,63.376083984059214,87.48570551740194,-19.914577780626516,dry_jjas,386.5660928989662,1.0,4.0,1,train,False
Trans Nzoia,2020-06-01,2020,6,1,1,Minimal,0.0,1.0,0.9977780064560036,0.799266590775698,2.626735915481586,2.575002426417856,2.002929585481247,87.47243364546932,80.93870228179807,100.0,-12.527566354530677,dry_jjas,575.422482832226,1.0,4.0,1,train,False
Turkana,2020-06-01,2020,6,2,2,Stressed,0.0,1.999957012896412,0.960152075925058,0.074058420457356,2.315574744057876,2.661523308881886,2.715026971773077,85.07910006991308,100.0,100.0,-14.920899930086918,dry_jjas,134.93439886021372,2.0,4.0,1,train,True
Uasin Gishu,2020-06-01,2020,6,1,1,Minimal,0.0,1.0,0.9999480360329528,0.3945165745812567,2.0051561099329334,2.307216102736914,1.4463292954774147,91.99588268696608,79.67188450422803,88.79474653049206,3.2011361564740213,dry_jjas,466.5756532543863,1.0,4.0,1,train,False
Vihiga,2020-06-01,2020,6,1,1,Minimal,0.0,1.0,0.9998193553745144,0.1319054160004873,2.0531357016242864,3.039888724740784,2.2588625858677243,100.0,95.87082516888198,100.0,0.0,dry_jjas,638.2354464495623,1.0,4.0,1,train,False
Wajir,2020-06-01,2020,6,2,2,Stressed,0.0,2.0,0.9996281763295074,-1.131138320320038,1.695208079360057,1.9838031123338693,1.4328889737497612,54.56358321934109,66.16106244595508,62.73880579060415,-8.175222571263056,dry_jjas,220.92597534518788,2.0,4.0,1,train,True
West Pokot,2020-06-01,2020,6,1,1,Minimal,0.0,1.0027376219851862,0.9926738576986502,0.3507591844892578,2.3022152819996218,2.3173178595347697,2.2290474409012937,94.79876171316327,84.85209666169553,100.0,-5.201238286836727,dry_jjas,366.78840132412165,1.0,4.0,1,train,False
Baringo,2020-10-01,2020,10,1,1,Minimal,0.0,1.4089813166210838,0.9999787954714,1.578530925583887,2.4675110789199133,2.880559103806477,2.600898584283137,100.0,93.55083527754684,99.731942947632,0.26805705236799326,short_rains,407.6410955536569,1.0,4.0,1,train,True
Bomet,2020-10-01,2020,10,1,1,Minimal,0.0,1.0,0.9999591445797528,1.088421944382904,0.8035863972096283,1.8811136516265887,0.7502556046935939,80.64097741229999,2.642540367976306,60.68149647434432,19.959480937955668,short_rains,705.0356352221398,1.0,4.0,1,train,False
Bungoma,2020-10-01,2020,10,1,1,Minimal,0.0,1.0,0.9970207416060456,1.54362840535098,2.6159351317664954,3.219081410171112,2.0010591303393697,30.64389006735499,0.0,39.859576177345176,-9.215686109990184,short_rains,684.143518918554,1.0,4.0,1,train,False
Busia,2020-10-01,2020,10,1,1,Minimal,0.0,1.0,0.914162035136638,2.3652863335664165,2.664669295904697,3.15453672894014,1.5120976396063477,63.74473589210619,0.0,54.38882251690056,9.355913375205631,short_rains,504.89251568895395,1.0,4.0,1,train,False
Elgeyo-Marakwet,2020-10-01,2020,10,1,1,Minimal,0.0,1.000236473294127,0.9999517855765052,1.83185426969806,3.4775503255872486,3.4750261178247466,2.9736119399790395,96.17746100936291,0.0,65.32747146359277,30.849989545770143,short_rains,424.00498148048365,1.0,4.0,1,train,False
Embu,2020-10-01,2020,10,2,2,Stressed,0.0,1.6735118101649862,0.999989010318564,1.3321944481247563,1.3844551191739558,1.9812516353454104,0.6285604257621611,100.0,15.629986676515973,79.11762963642519,20.882370363574807,short_rains,401.4457023614595,1.0,4.0,1,train,False
Garissa,2020-10-01,2020,10,2,2,Stressed,0.0,2.0,0.9994639736822262,-0.7293909337526802,2.76498466590112,1.4872952823707566,0.5166055267299255,66.08566056692992,62.43527881904125,77.69485825716899,-11.609197690239071,short_rains,210.6771075185111,2.0,4.0,1,train,False
Homa Bay,2020-10-01,2020,10,1,1,Minimal,0.0,1.0,0.6628357436647451,1.6622578101450736,1.809250541256033,2.369867551350648,0.8296721851164599,84.34320888398261,41.24587913262933,53.67277009362786,30.67043879035475,short_rains,658.3122810444571,1.0,4.0,1,train,False
Isiolo,2020-10-01,2020,10,2,2,Stressed,0.0,1.999998853267544,0.9999605072168152,0.9149459539686792,1.7156497140807176,1.4463143454837768,0.1029882849815231,76.10734994923304,61.11564284220236,64.65675947325707,11.450590475975972,short_rains,121.15801476654195,2.0,4.0,1,train,False
Kajiado,2020-10-01,2020,10,2,2,Stressed,0.0,1.9986619500880909,0.9866568585689732,1.6317481166002992,1.248729812961145,1.2752010396507736,-0.3071082485693913,100.0,57.62337457749657,83.83769890498064,16.16230109501936,short_rains,244.0590119973267,2.0,4.0,1,train,False
Kakamega,2020-10-01,2020,10,1,1,Minimal,0.0,1.0,0.9998432712295532,1.957179750087364,3.086746262107349,4.19743251450389,2.145853014455076,72.5167806975961,0.0,56.72101521320906,15.795765484387047,short_rains,521.962946970816,1.0,4.0,1,train,False
Kericho,2020-10-01,2020,10,1,1,Minimal,0.0,1.0,0.9999526229648772,1.494483408020951,2.550055947054488,3.1076432848011333,1.93986904567304,91.83335885346816,0.0,69.12323338184231,22.710125471625844,short_rains,577.6437811642602,1.0,4.0,1,train,False
Kiambu,2020-10-01,2020,10,1,1,Minimal,0.0,1.001036389650512,0.9998318358451644,1.4021765373542037,1.0373762067154553,1.7251787181436424,0.4696556255766588,100.0,0.0,72.80452573000638,27.195474269993625,short_rains,365.1581675938478,1.0,4.0,1,train,False
Kilifi,2020-10-01,2020,10,2,2,Stressed,0.0,1.999938145718068,0.9941889022285504,0.329869884680934,0.6814459787570624,1.3254007636646896,0.1749420903246041,65.23618779839067,21.13819289855805,51.598551513087045,13.637636285303628,short_rains,485.9236308469297,2.0,4.0,1,train,False
Kirinyaga,2020-10-01,2020,10,1,1,Minimal,0.0,1.0002622695064276,0.9999074216215268,1.8462741654592556,1.6821023845029337,2.4664287966044665,1.2125450047369994,96.78591494150038,23.65961901249895,66.65871841540239,30.12719652609799,short_rains,523.427425427593,1.0,4.0,1,train,False
Kisii,2020-10-01,2020,10,1,1,Minimal,0.0,1.0,0.9995821721572732,1.0133517449213962,0.7106424221642467,1.3764486631418842,0.4808087835247107,98.61006792693738,0.0,82.73976902913532,15.870298897802058,short_rains,771.8724273402603,1.0,4.0,1,train,False
Kisumu,2020-10-01,2020,10,1,1,Minimal,0.0,1.0,0.7829061444141889,1.828397770897158,2.871922192713716,4.009764453786239,1.4478969820801977,100.0,85.71029205467367,100.0,0.0,short_rains,650.4965825795291,1.0,4.0,1,train,False
Kitui,2020-10-01,2020,10,2,2,Stressed,0.0,1.999447559261309,0.99997445476895,0.8767071203224054,2.96749462557718,1.2432192165359006,0.1735006658507675,100.0,47.0226482617718,100.0,0.0,short_rains,350.0498777837523,1.0,4.0,1,train,False
Kwale,2020-10-01,2020,10,2,2,Stressed,0.0,1.99971200940671,0.9912639533016692,1.959353989420378,1.8199540584324725,2.66163988378604,0.3812128473700628,41.04649327757131,11.062973592785834,34.58405133006642,6.462441947504885,short_rains,461.4118591660762,2.0,4.0,1,train,False
Laikipia,2020-10-01,2020,10,2,2,Stressed,0.0,1.8885021220908655,0.999997440305309,1.0813776557603092,1.7634617745515575,2.7943512748255626,1.8270070928393531,95.40129312572287,74.79742347189972,100.0,-4.598706874277127,short_rains,378.6133408439104,1.0,4.0,1,train,False
Lamu,2020-10-01,2020,10,2,2,Stressed,0.0,2.0,0.977248259021535,-0.4760157330469377,0.1698853776268591,0.1422965820271137,-0.501389519065112,81.45441272547058,57.46675557579556,62.73660956410037,18.717803161370206,short_rains,394.8891092289726,2.0,4.0,1,train,False
Machakos,2020-10-01,2020,10,1,1,Minimal,0.0,1.0047553322918272,0.9999321623262246,0.9250420625536644,1.2528696740888474,1.388300701041783,0.0106998288755145,100.0,47.99107839284096,91.22863784302228,8.771362156977716,short_rains,347.0698296320569,1.0,4.0,1,train,False
Makueni,2020-10-01,2020,10,2,2,Stressed,0.0,1.9970632263425647,0.9999721487558016,1.4755373840664223,2.3772990141272343,1.0551842891960144,-0.4154569127033572,93.02817601845364,35.37992262487549,78.51849093909374,14.509685079359897,short_rains,210.84898907247097,1.0,4.0,1,train,False
Mandera,2020-10-01,2020,10,2,2,Stressed,0.0,2.0,0.9934829486429028,0.5298576250580174,3.948306212244171,1.5598179098067608,-0.3214684856247864,100.0,100.0,100.0,0.0,short_rains,147.72597818452132,2.0,4.0,1,train,False
Marsabit,2020-10-01,2020,10,2,2,Stressed,0.0003693065773483,2.0003693065773485,0.9337761009247731,2.432719268104345,1.5035895672839874,1.3289808578616014,0.0618874197074401,83.67609140041111,62.71571911627355,73.6596952830849,10.01639611732621,short_rains,183.11284628508548,2.0,4.0,1,train,True
Meru,2020-10-01,2020,10,2,2,Stressed,0.0,1.5221369049015685,0.999899881406569,1.8697457938266904,1.931023755521385,2.3562292505251747,0.4890929216887179,100.0,28.95470374743657,81.69606091820053,18.30393908179947,short_rains,469.95952152110806,1.0,4.0,1,train,False
Migori,2020-10-01,2020,10,1,1,Minimal,0.0,1.0,0.8093394361863654,1.1040081160940405,0.63339189039062,1.1312275022742837,0.6171925966138265,72.90721218389733,10.948945063802126,51.11474425213242,21.79246793176491,short_rains,460.4970135975702,1.0,4.0,1,train,False
Mombasa,2020-10-01,2020,10,1,1,Minimal,0.0,1.024159169166952,0.9454988271665984,0.5609998343699161,0.6468618213896862,2.2191315622992147,0.8265737638871682,31.19821917192185,0.0310691311705799,27.45037070963209,3.7478484622897597,short_rains,339.4545465241538,2.0,4.0,1,train,False
Murang'a,2020-10-01,2020,10,1,1,Minimal,0.0,1.0,0.9998960447776896,1.1150304179484385,0.7380043361376131,2.3269611291327013,0.9086427916009184,91.8660116338766,10.75296873189849,63.757611745055456,28.10839988882114,short_rains,600.9606534616394,1.0,4.0,1,train,False
Nairobi,2020-10-01,2020,10,1,1,Minimal,0.0,1.0004033639580097,0.9993429939949854,1.7366880917974674,1.2322360803867176,1.161629080472117,0.0231367448945054,79.13795242440263,0.0,84.19285552372145,-5.054903099318821,short_rains,349.07589029272395,2.0,4.0,1,train,False
Nakuru,2020-10-01,2020,10,1,1,Minimal,0.0,1.0,0.9758499055944192,1.196915685259457,1.3845813335109312,2.2817420666651365,1.4928318990364309,95.9703891512344,59.08572250548809,89.92017817480767,6.050210976426726,short_rains,337.82261196850334,1.0,4.0,1,train,False
Nandi,2020-10-01,2020,10,1,1,Minimal,0.0,1.0,0.9998151603533764,1.8294139344364344,3.4572996656990296,4.753424308817087,2.7091793261835533,76.60605189826718,0.0,51.71934549053974,24.886706407727445,short_rains,636.3375639959971,1.0,4.0,1,train,False
Narok,2020-10-01,2020,10,2,2,Stressed,0.0,1.5907436668769412,0.9926670244595848,1.4626299790053567,0.6983840295264151,2.0640656028254187,0.393847395160766,100.0,37.945829762186186,100.0,0.0,short_rains,449.4351533314782,1.0,4.0,1,train,False
Nyamira,2020-10-01,2020,10,1,1,Minimal,0.0,1.0,0.999826225293629,1.1133308774574524,1.0657561819083932,1.8047812042981264,0.8476407532341578,86.58963182416467,18.018232291963777,84.87430777243767,1.715324051726995,short_rains,707.0676224501927,1.0,4.0,1,train,False
Nyandarua,2020-10-01,2020,10,1,1,Minimal,0.0,1.0004995442155116,0.9998954460054982,0.971307818821082,1.2061661370748529,2.306103326294,1.3029932927304384,87.87079347160456,10.01046582730828,62.73071474440593,25.140078727198627,short_rains,478.59632261521887,1.0,4.0,1,train,False
Nyeri,2020-10-01,2020,10,1,1,Minimal,0.0,1.000617529631617,0.9998784268825546,1.5110395238340386,1.1231153321626586,2.631849471301496,1.0800439241695317,100.0,23.89752710216367,72.34464558749727,27.65535441250273,short_rains,596.5685209899478,1.0,4.0,1,train,False
Samburu,2020-10-01,2020,10,2,2,Stressed,9.004278884646083e-05,2.0000900427888464,0.9998856198827256,1.032917999166688,1.153637779652557,2.254811291551812,1.38858457373754,84.20820894434758,59.0479138095635,100.0,-15.791791055652425,short_rains,233.37064745956647,2.0,4.0,1,train,True
Siaya,2020-10-01,2020,10,1,1,Minimal,0.0,1.0,0.7130635075059107,2.3255961081596235,2.558757197956299,2.7229063048581352,0.761280195674621,85.87931795964467,0.0,70.08408060249978,15.795237357144885,short_rains,703.9110029852106,1.0,4.0,1,train,False
Taita Taveta,2020-10-01,2020,10,2,2,Stressed,0.0,2.0,0.9966783872024652,1.2151953002303646,1.347188016966121,1.3654464236906736,-0.3706099839737279,98.22266179592494,50.29775107961905,100.0,-1.7773382040750647,short_rains,337.281834884778,1.0,4.0,1,train,False
Tana River,2020-10-01,2020,10,2,2,Stressed,0.0,2.0,0.9998360101777364,0.3088243612223155,2.556014954743123,1.300166594012309,0.7856137797638293,93.45050764259854,70.51192887633317,100.0,-6.549492357401462,short_rains,208.9215702880231,2.0,4.0,1,train,False
Tharaka-Nithi,2020-10-01,2020,10,2,2,Stressed,0.0,1.9941209719593045,0.9999734151748034,1.357240022499266,1.3753300661162675,2.18265486656698,0.4215072530512447,98.45787669804314,4.875089584575286,63.30509911211165,35.15277758593149,short_rains,386.5660928989662,1.0,4.0,1,train,False
Trans Nzoia,2020-10-01,2020,10,1,1,Minimal,0.0,1.0,0.9977780064560036,1.699768191584024,3.825859642248864,4.450715316825175,3.4233225543894004,51.69071505962473,0.0,0.0,51.69071505962473,short_rains,575.422482832226,1.0,4.0,1,train,False
Turkana,2020-10-01,2020,10,2,2,Stressed,0.0293371451880573,2.029337145188057,0.9601518049314632,1.8032347977918537,1.5541335363893984,1.816252164094713,0.8131517584363557,95.78661465906148,100.0,97.22172533837926,-1.4351106793177735,short_rains,134.93439886021372,2.0,4.0,1,train,True
Uasin Gishu,2020-10-01,2020,10,1,1,Minimal,0.0,1.0,0.9999480360329532,1.760208012983476,3.805620664494819,4.5001767806570525,3.4312755055073167,79.08394831521522,0.0,68.1137528146267,10.970195500588531,short_rains,466.5756532543863,1.0,4.0,1,train,False
Vihiga,2020-10-01,2020,10,1,1,Minimal,0.0,1.0,0.999819355374512,2.004658990106496,2.7398382198281697,3.5380795257721784,1.3528830431594177,99.98591870587252,47.20681630803996,55.999500003086446,43.986418702786075,short_rains,638.2354464495623,1.0,4.0,1,train,False
Wajir,2020-10-01,2020,10,2,2,Stressed,0.0,2.0,0.9996281763295076,-0.0892539812323591,1.45105146092486,1.6651724637970535,-0.8249937825797623,100.0,64.5224422163717,91.72802510556453,8.271974894435473,short_rains,220.92597534518788,2.0,4.0,1,train,True
West Pokot,2020-10-01,2020,10,2,2,Stressed,0.0,1.5595094754063683,0.992670845211275,2.005964543611333,3.3150572313343623,3.2949326333340903,2.310668220183138,100.0,88.89933992460853,94.48262347457522,5.51737652542478,short_rains,366.78840132412165,1.0,4.0,1,train,False
Baringo,2021-02-01,2021,2,2,2,Stressed,0.0012764398029468,1.565220742668019,0.9999994222363934,0.6568864556879139,0.4769632996316506,1.874723958883684,2.1039690270832128,39.08345647590116,57.69662718901069,97.48583974770698,-58.40238327180582,dry_jf,407.6410955536569,1.0,4.0,1,test,True
Bomet,2021-02-01,2021,2,1,1,Minimal,0.0,1.0,0.9999591445882084,0.4559620550658191,1.4585266542794162,2.297670621744013,4.425774905856421,66.94027405937997,100.0,100.0,-33.05972594062003,dry_jf,705.0356352221398,1.0,4.0,1,test,False
Bungoma,2021-02-01,2021,2,1,1,Minimal,0.0,1.0,0.9970207416060456,0.3638750742526698,1.3027366457121548,3.149413369212114,3.0579403472499704,58.561404151751184,66.04424079362069,100.0,-41.438595848248816,dry_jf,684.143518918554,1.0,4.0,1,test,False
Busia,2021-02-01,2021,2,1,1,Minimal,0.0,1.0,0.914162035136638,0.6129992478023873,2.2469920530891283,3.623178873587688,4.753424308817087,81.7749527182806,77.3741783113033,74.92524350713435,6.849709211146248,dry_jf,504.89251568895395,1.0,4.0,1,test,False
Elgeyo-Marakwet,2021-02-01,2021,2,1,1,Minimal,0.0,1.000236473294127,0.999951785576505,0.6393590387106065,0.786269566498549,2.23026042689607,2.0719547330797896,53.7874490771798,69.72187691535467,100.0,-46.2125509228202,dry_jf,424.00498148048365,1.0,4.0,1,test,False
Embu,2021-02-01,2021,2,2,2,Stressed,0.0,1.6735118101649862,0.999989010318564,0.2429658448326061,-0.3344308088444233,-0.4446531113380508,-0.5504141927161289,78.68456559366106,75.69927346383868,83.79201488923482,-5.107449295573758,dry_jf,401.4457023614595,2.0,4.0,1,test,False
Garissa,2021-02-01,2021,2,2,2,Stressed,0.0007286948917126,2.0007286948917127,0.9994687456476156,-0.4426088652538407,-0.9364313789979164,-1.004731161587424,-0.943289156396358,30.511923774302947,30.771296012526975,65.51720703483267,-35.00528326052972,dry_jf,210.6771075185111,2.0,4.0,1,test,False
Homa Bay,2021-02-01,2021,2,1,1,Minimal,0.0,1.0,0.6628357436647451,0.4715260287898891,2.2702801459767965,3.4183253332857606,4.753424308817087,56.39666093799397,72.61904954520321,78.31161393932553,-21.914953001331554,dry_jf,658.3122810444571,1.0,4.0,1,test,False
Isiolo,2021-02-01,2021,2,3,3,Crisis or worse,0.9990888782109564,2.9990877314818016,0.9999633859889622,0.0003534209410555,-0.7509050601609588,-0.4834769061533285,-0.422365810185149,20.805826727253045,21.834485532937908,44.50364799568642,-23.697821268433376,dry_jf,121.15801476654195,2.0,4.0,1,test,False
Kajiado,2021-02-01,2021,2,2,2,Stressed,0.0,1.9988406914293937,0.986656858550284,0.1488991218985366,-0.040755368399543,-0.1222689175425121,0.2321589281656647,44.18889168727192,44.58284936303585,74.74725279962914,-30.55836111235722,dry_jf,244.0590119973267,2.0,4.0,1,test,False
Kakamega,2021-02-01,2021,2,1,1,Minimal,0.0,1.0,0.999843271229553,0.3417836477178902,1.5637666109714257,3.98256660726734,3.929276385385176,71.9934060978723,68.82925864344685,97.60051953498554,-25.60711343711324,dry_jf,521.962946970816,1.0,4.0,1,test,False
Kericho,2021-02-01,2021,2,1,1,Minimal,0.0,1.0,0.9999526229648776,0.3824962165078654,1.3692550111196284,2.8877066603514225,4.521521026551103,60.6651144206775,77.70050808770647,100.0,-39.3348855793225,dry_jf,577.6437811642602,1.0,4.0,1,test,False
Kiambu,2021-02-01,2021,2,1,1,Minimal,0.0,1.001036389650512,0.9998318358451616,0.3212691541559833,-0.1952025538492305,-0.0555215363735529,0.1654334051865357,62.12302197454828,61.01834887113744,90.29480968562105,-28.171787711072767,dry_jf,365.1581675938478,1.0,4.0,1,test,False
Kilifi,2021-02-01,2021,2,2,2,Stressed,0.0,1.8519079410971755,0.9942000599716618,-0.1717167721586223,0.4663105963450312,-0.2034285804159667,0.1384177430045534,12.991196536741084,36.02882102033031,67.85931480396631,-54.86811826722523,dry_jf,485.9236308469297,2.0,4.0,1,test,False
Kirinyaga,2021-02-01,2021,2,1,1,Minimal,0.0,1.0002979699864478,0.9999074216214424,0.8286547362520055,0.0063801898723679,0.1227452847610676,-0.0486842550449279,86.35848985422801,77.42804089361813,55.78038982294294,30.578100031285075,dry_jf,523.427425427593,1.0,4.0,1,test,False
Kisii,2021-02-01,2021,2,1,1,Minimal,0.0,1.0,0.9995821721572732,0.2506918053904819,2.1911108489649576,3.047986890714391,4.71261054855313,83.3746964617015,93.13101096017516,76.71907879954456,6.655617662156942,dry_jf,771.8724273402603,1.0,4.0,1,test,False
Kisumu,2021-02-01,2021,2,1,1,Minimal,0.0,1.0,0.7829061444141889,0.4881791600022904,2.138405502927279,3.3972009883984837,4.730347186841545,79.94158939783684,76.5364886474344,100.0,-20.058410602163164,dry_jf,650.4965825795291,1.0,4.0,1,test,False
Kitui,2021-02-01,2021,2,2,2,Stressed,4.6473543592997e-08,1.9037540129938384,0.9999744547689636,-0.5282913181093174,-0.2878284458525633,-0.4162934138639853,-0.3513034932369078,50.10039532311991,58.9060266689709,51.014974711359365,-0.9145793882394528,dry_jf,350.0498777837523,2.0,4.0,1,test,False
Kwale,2021-02-01,2021,2,2,2,Stressed,0.0,1.9962703910501145,0.9912677758629532,0.6345723297928513,0.990882833690494,0.6536828120751469,0.811653895864451,47.145397328664586,68.25714424195078,82.27693777132596,-35.131540442661375,dry_jf,461.4118591660762,2.0,4.0,1,test,False
Laikipia,2021-02-01,2021,2,2,2,Stressed,0.0016009974195492,1.890952635011048,1.0000113911910384,0.6554276028810349,-0.4276239204805691,0.5476547026719576,0.0671729301256394,25.660906644687778,44.77881830804738,79.63389508343816,-53.972988438750384,dry_jf,378.6133408439104,2.0,4.0,1,test,False
Lamu,2021-02-01,2021,2,2,2,Stressed,0.0,2.0,0.9772482590215352,-0.1298383497475735,-0.726964234334493,-1.0651671983322228,-0.6254147227492068,21.907644704260612,35.562197662458665,81.08722067953258,-59.179575975271966,dry_jf,394.8891092289726,2.0,4.0,1,test,False
Machakos,2021-02-01,2021,2,1,1,Minimal,0.0,1.004755332291827,0.9999321623262248,-0.1314450314676948,-0.5482503288025606,-0.6544449939729049,-0.5372815537229509,57.19872037283808,59.89416856675097,61.85708992788309,-4.658369555045006,dry_jf,347.0698296320569,1.0,4.0,1,test,False
Makueni,2021-02-01,2021,2,2,2,Stressed,0.0,1.996641026254191,0.9999721487558012,-0.4414753995424179,0.032525270817218,-0.070734439661702,0.2597291166666391,77.65140205953523,86.48831794354653,84.92303351981556,-7.271631460280332,dry_jf,210.84898907247097,2.0,4.0,1,test,False
Mandera,2021-02-01,2021,2,2,2,Stressed,0.2088552585930461,2.2088552585930463,0.993484616553572,0.2950794309021916,-0.6070478790345549,-0.3754267233321858,-0.2645972908038674,14.202109201807076,21.984387249318598,46.27485163172182,-32.07274242991475,dry_jf,147.72597818452132,2.0,4.0,1,test,False
Marsabit,2021-02-01,2021,2,3,3,Crisis or worse,0.8396304411062729,2.839630441106273,0.9337778665062122,-0.8808236079718716,-0.499053553175143,0.0205970664378528,0.1266078838943962,18.929527352845845,20.27036102898954,43.526873557941286,-24.59734620509544,dry_jf,183.11284628508548,2.0,4.0,1,test,True
Meru,2021-02-01,2021,2,2,2,Stressed,0.0045985762816944,1.526743128259189,0.99990361804116,0.2733600718047931,-0.5267232507909371,-0.474045222586006,-0.4794392855508617,40.26082546794945,52.91345573921809,80.89987114044156,-40.63904567249211,dry_jf,469.95952152110806,2.0,4.0,1,test,False
Migori,2021-02-01,2021,2,1,1,Minimal,0.0,1.0001493995224389,0.8093394361863654,0.2543508904632755,2.1166349957387034,3.209786409386353,4.753424308817087,55.26195727768373,94.31100113616596,100.0,-44.73804272231627,dry_jf,460.4970135975702,1.0,4.0,1,test,False
Mombasa,2021-02-01,2021,2,1,1,Minimal,0.0,1.004160143081516,0.945430610879302,0.5580301716404532,0.3514431660488954,-0.2472535672939723,0.0075231614226994,29.45627171031684,44.961103052139286,63.804189032381984,-34.34791732206514,dry_jf,339.4545465241538,1.0,4.0,1,test,False
Murang'a,2021-02-01,2021,2,1,1,Minimal,0.0,1.0,0.9998960447776898,0.8784583883378562,-0.0529107772843111,0.0258046190785314,-0.0476382295273792,77.98857473369999,88.48387094903941,100.0,-22.01142526630001,dry_jf,600.9606534616394,1.0,4.0,1,test,False
Nairobi,2021-02-01,2021,2,1,1,Minimal,0.0,1.0004033639580097,0.9993429939949856,0.0810758057889229,-0.4372847280471807,-0.363960492701663,0.1274116640879483,34.61492525089828,36.7436895939254,56.698900629125234,-22.083975378226953,dry_jf,349.07589029272395,1.0,4.0,1,test,False
Nakuru,2021-02-01,2021,2,1,1,Minimal,0.0,1.0000173105892736,0.9758499055944192,0.8165339974611492,0.8149393481978112,1.602065837847867,2.6287324823303795,37.80874897372834,60.41868310492581,96.1398611813866,-58.331112207658265,dry_jf,337.82261196850334,1.0,4.0,1,test,False
Nandi,2021-02-01,2021,2,1,1,Minimal,0.0,1.0,0.9998151603533764,0.5450033362289171,1.5061306842429076,3.721493773811896,3.983928369609132,57.8526177211063,74.7563497805866,100.0,-42.1473822788937,dry_jf,636.3375639959971,1.0,4.0,1,test,False
Narok,2021-02-01,2021,2,2,2,Stressed,0.0,1.7058339229792878,0.9926859917708906,0.0391161803423115,0.6645670229279077,1.2292101578986614,2.913349302745267,68.30576660109287,68.22713431696617,86.39372918505414,-18.08796258396127,dry_jf,449.4351533314782,2.0,4.0,1,test,False
Nyamira,2021-02-01,2021,2,1,1,Minimal,0.0,1.0,0.999826225293629,0.0600127079423971,1.9606426840524325,2.867167027672778,4.630079884870813,85.07387783629405,87.89597441227572,97.65487081522656,-12.580992978932514,dry_jf,707.0676224501927,1.0,4.0,1,test,False
Nyandarua,2021-02-01,2021,2,1,1,Minimal,0.0,1.0009519970820215,0.999895468296296,1.0731902750947762,0.1639391647818668,0.9702147496403996,0.9816262920210618,47.78422617576364,88.79009696335092,98.18920393032424,-50.4049777545606,dry_jf,478.59632261521887,1.0,4.0,1,test,False
Nyeri,2021-02-01,2021,2,2,2,Stressed,0.0,1.5432317644141675,0.9999011292611956,1.223221644689641,0.4165111687897161,0.7170005187321604,0.578574446962451,32.870919656186814,78.50059226321963,98.41302605754905,-65.54210640136223,dry_jf,596.5685209899478,1.0,4.0,1,test,False
Samburu,2021-02-01,2021,2,2,2,Stressed,0.3777053423123708,2.377705342312371,0.9999064872720288,0.1258151771130699,-0.7341192476013318,-0.1155202727233069,-0.1114787230639032,23.97678752854184,34.47668551379924,75.21737194092424,-51.2405844123824,dry_jf,233.37064745956647,2.0,4.0,1,test,True
Siaya,2021-02-01,2021,2,1,1,Minimal,0.0,1.0,0.7130635075059107,0.6075111102412587,2.2740996964738343,3.2771769005280262,4.616208738297107,69.86177392344415,71.17118345429516,84.50294172940141,-14.641167805957267,dry_jf,703.9110029852106,1.0,4.0,1,test,False
Taita Taveta,2021-02-01,2021,2,1,1,Minimal,0.0,1.001991192206985,0.996689633840372,0.6382259845709778,0.5285291590334971,0.3162735448981985,0.5354084224688977,61.96157392354068,73.74828171836378,62.99582496496483,-1.0342510414241488,dry_jf,337.281834884778,2.0,4.0,1,test,False
Tana River,2021-02-01,2021,2,2,2,Stressed,0.0007261701376578,2.0006960040565374,0.999836851891433,-0.4931975227567503,-0.503861351739189,-0.6113146396497312,-0.6530709703688985,29.626834984401903,35.30625304079975,55.44957134082362,-25.822736356421714,dry_jf,208.9215702880231,2.0,4.0,1,test,False
Tharaka-Nithi,2021-02-01,2021,2,2,2,Stressed,0.0,1.9941209719593045,0.9999734151748034,0.145727626988937,-0.5386277798981535,-0.6812610639962642,-0.7510356847736875,53.056980933497954,43.35740980738885,55.34069099216208,-2.283710058664127,dry_jf,386.5660928989662,2.0,4.0,1,test,False
Trans Nzoia,2021-02-01,2021,2,1,1,Minimal,0.0,1.0,0.9977780064560036,0.7666554463410642,1.1932628270851118,3.530143010959629,2.787309379096919,41.6582188596987,62.74319777817932,95.72504214166128,-54.06682328196258,dry_jf,575.422482832226,1.0,4.0,1,test,False
Turkana,2021-02-01,2021,2,3,3,Crisis or worse,0.9997793342202268,2.999779334220227,0.9601531475982532,-0.1437782637453289,0.4867000037963714,1.7360741017039478,1.6181967235251606,49.21466270953732,56.42785550991261,100.0,-50.78533729046268,dry_jf,134.93439886021372,2.0,4.0,1,test,True
Uasin Gishu,2021-02-01,2021,2,1,1,Minimal,0.0,1.0,0.9999480360329532,0.5608927093762899,0.8676304769204509,2.875391126138148,2.530777519997248,42.683095445692,53.00485728748546,89.05435275222973,-46.371257306537736,dry_jf,466.5756532543863,1.0,4.0,1,test,False
Vihiga,2021-02-01,2021,2,1,1,Minimal,0.0,1.0,0.9998193553745144,0.73967216941372,2.3275899847573425,3.825273831425487,4.277980122076809,93.08757873259869,83.05880228453263,100.0,-6.912421267401314,dry_jf,638.2354464495623,1.0,4.0,1,test,False
Wajir,2021-02-01,2021,2,2,2,Stressed,0.2272400688044887,2.227240068804489,0.9996402656839408,-0.4528209174108141,-0.6517642693231904,-0.6177341790316565,-0.535504765691962,17.15723331624727,20.74499002856456,47.7503813192192,-30.59314800297193,dry_jf,220.92597534518788,2.0,4.0,1,test,True
West Pokot,2021-02-01,2021,2,2,2,Stressed,0.0026265871503274,1.5621373993221743,0.9926738576986508,0.6643181769990537,0.3940578412644068,2.901742892004061,2.6904642227053808,44.64572348319351,61.17114165754739,96.6669229251126,-52.021199441919094,dry_jf,366.78840132412165,2.0,4.0,1,test,False
Baringo,2021-06-01,2021,6,2,2,Stressed,0.0012764558744314,1.756144249456091,0.9999868315345604,1.6826301942679611,0.2462314233634029,0.1086261912627409,-0.4272809459894146,65.05777394985319,30.49303853067809,28.55121887942544,36.506555070427744,dry_jjas,407.6410955536569,2.0,4.0,1,test,True
Bomet,2021-06-01,2021,6,1,1,Minimal,0.0,1.0,0.9999591445882084,0.988272613423602,0.983187370179886,0.9616787425439048,0.5148220931800263,63.05764501127557,53.69983119684868,70.37157361806638,-7.31392860679081,dry_jjas,705.0356352221398,1.0,4.0,1,test,False
Bungoma,2021-06-01,2021,6,1,1,Minimal,0.0,1.0,0.9970207416060456,0.9549561989246668,1.0408330708136708,0.5463187948374378,-0.311201580331211,72.96860615285816,64.1140701124585,60.70450049509662,12.26410565776154,dry_jjas,684.143518918554,1.0,4.0,1,test,False
Busia,2021-06-01,2021,6,1,1,Minimal,0.0,1.0,0.914162035136638,1.289516895053019,1.5573160868393543,1.0277984817843753,-0.2213669299934874,72.15573906435105,50.93885911994376,71.08169743155347,1.074041632797588,dry_jjas,504.89251568895395,1.0,4.0,1,test,False
Elgeyo-Marakwet,2021-06-01,2021,6,1,1,Minimal,0.0,1.0037560184868533,0.9999614710628044,1.5707198983564614,0.2163213997188595,0.0791267187215945,-0.618959738026959,79.69799365716699,57.34916415543516,36.05632069209561,43.64167296507138,dry_jjas,424.00498148048365,1.0,4.0,1,test,False
Embu,2021-06-01,2021,6,2,2,Stressed,0.0,1.6735118101649862,0.999989010318564,0.9780479397569712,0.124579622266519,0.1264990197250516,-0.126298210978573,54.62595270811807,70.41051028217042,48.4189664845475,6.206986223570574,dry_jjas,401.4457023614595,2.0,4.0,1,test,False
Garissa,2021-06-01,2021,6,2,2,Stressed,0.3203242908954425,2.3203242908954422,0.9994999510838876,-2.129323329089047,-1.9685948546142733,-2.065984196825779,-0.9165843983958664,6.761745940818395,33.38040984301123,19.431145091148924,-12.669399150330529,dry_jjas,210.6771075185111,2.0,4.0,1,test,False
Homa Bay,2021-06-01,2021,6,1,1,Minimal,0.0,1.0,0.6628357436647451,0.9458817270953906,0.9413837873582608,0.8826873149967528,0.0356455718020119,85.35109461191661,47.85711421931086,49.84430206116008,35.50679255075653,dry_jjas,658.3122810444571,1.0,4.0,1,test,False
Isiolo,2021-06-01,2021,6,3,3,Crisis or worse,0.9991128008294966,2.9991116541003144,0.9999633623582426,0.8836087525892221,-0.8890463334997841,-0.9595648993613716,-0.5125035779695631,18.95495219409961,12.950021855831256,13.830326999986085,5.124625194113527,dry_jjas,121.15801476654195,3.0,4.0,1,test,False
Kajiado,2021-06-01,2021,6,2,2,Stressed,0.0,1.9988406914293937,0.986656858550284,1.6535654846621042,-0.232119111033141,-0.2514244022514546,-0.4408362274196746,58.6009153283116,64.79653780996075,57.45765443667707,1.143260891634533,dry_jjas,244.0590119973267,2.0,4.0,1,test,False
Kakamega,2021-06-01,2021,6,1,1,Minimal,0.0,1.0,0.999843271229553,1.1904837874385834,1.4073093357699311,1.0935759180055418,-0.1967057271154589,60.17043177002795,61.41885803095657,65.41586136151945,-5.245429591491494,dry_jjas,521.962946970816,1.0,4.0,1,test,False
Kericho,2021-06-01,2021,6,1,1,Minimal,0.0,1.0,0.9999526229648776,1.5058166816833192,1.3767803580892055,1.2542428681785611,0.3740422986747952,72.79271475214965,77.68643582463868,49.64709476228221,23.14561998986744,dry_jjas,577.6437811642602,1.0,4.0,1,test,False
Kiambu,2021-06-01,2021,6,1,1,Minimal,0.0,1.001036389650512,0.9998318358451616,0.944994830997953,-0.2574732136679868,-0.1752094048119804,0.0319866766528852,58.41650602539302,39.02685901406023,57.38715439358307,1.029351631809952,dry_jjas,365.1581675938478,1.0,4.0,1,test,False
Kilifi,2021-06-01,2021,6,2,2,Stressed,0.0,1.8525761408265788,0.9941947448545106,-1.0828097387335551,-2.3114283936074123,-1.8899566975259048,-1.1147899585964076,-3.385020446950413,17.966898709282244,1.520647039606235,-4.9056674865566485,dry_jjas,485.9236308469297,2.0,4.0,1,test,False
Kirinyaga,2021-06-01,2021,6,1,1,Minimal,0.0,1.0002979699864478,0.9999074216214424,0.7656017605184275,-0.1537198477331461,0.0548563658238416,0.2259016732311073,44.63156898162565,48.9792093564664,61.97908642955323,-17.34751744792758,dry_jjas,523.427425427593,1.0,4.0,1,test,False
Kisii,2021-06-01,2021,6,1,1,Minimal,0.0,1.0,0.9995821721572732,0.2265854761158391,0.7902583792279612,0.865720979428669,0.0728230240742596,30.51360383072605,71.71255936831322,67.8748405033975,-37.36123667267144,dry_jjas,771.8724273402603,1.0,4.0,1,test,False
Kisumu,2021-06-01,2021,6,1,1,Minimal,0.0,1.0,0.7829061444141889,1.531605518756614,1.6566265590547342,1.5602158812104507,0.3113533107924924,61.68653246971113,74.56261477989415,55.42263515991284,6.263897309798288,dry_jjas,650.4965825795291,1.0,4.0,1,test,False
Kitui,2021-06-01,2021,6,2,2,Stressed,4.647354359299758e-08,1.9994476057348527,0.9999744547689507,1.2279230982260927,-0.2844160020423651,-0.4699822448117433,-1.0052690358061136,44.10102597476336,44.52773299966182,17.250946254169417,26.850079720593943,dry_jjas,350.0498777837523,2.0,4.0,1,test,False
Kwale,2021-06-01,2021,6,2,2,Stressed,0.0,1.999579951437159,0.9912639533016692,-0.15995635694565,-1.2236626836366356,-0.846332997742606,-0.3693951442529654,45.06256976751053,39.64388185700632,23.41127437195796,21.651295395552573,dry_jjas,461.4118591660762,2.0,4.0,1,test,False
Laikipia,2021-06-01,2021,6,2,2,Stressed,0.0016009974195492,1.890952635011048,1.0000113911910384,1.7631507974197451,-0.0008316103785436,0.0658713722955229,0.2193205860102493,48.57160274858183,26.16623111386488,31.64113307847115,16.930469670110682,dry_jjas,378.6133408439104,2.0,4.0,1,test,False
Lamu,2021-06-01,2021,6,2,2,Stressed,0.0,2.0,0.977248259021535,-2.4360013864238854,-2.7630859591065287,-3.0009213549618456,-0.7184465054786701,29.483315587497867,47.69497731741685,23.180828642937158,6.302486944560709,dry_jjas,394.8891092289726,2.0,4.0,1,test,False
Machakos,2021-06-01,2021,6,1,1,Minimal,0.0,1.004755332291827,0.9999321623262248,1.6929414551892836,0.1415497956783302,-0.0694268555546835,-0.2943831588621676,54.95433251147603,52.38661537810673,41.87435727377239,13.079975237703643,dry_jjas,347.0698296320569,1.0,4.0,1,test,False
Makueni,2021-06-01,2021,6,2,2,Stressed,0.0,1.9970632263425647,0.9999721487558016,1.7019684539939162,-0.2442006723054892,-0.3705188320868876,-0.6413707733919416,50.35926863773111,62.37247103355158,37.51391512850669,12.845353509224424,dry_jjas,210.84898907247097,2.0,4.0,1,test,False
Mandera,2021-06-01,2021,6,2,2,Stressed,3.195631878386586e-07,2.000000319563188,0.9934831235411702,0.0989273527874666,0.2669163168478646,0.2314796286333516,-0.7612848758030689,55.7402272429573,56.81025631935947,38.57702686571154,17.163200377245765,dry_jjas,147.72597818452132,2.0,4.0,1,test,False
Marsabit,2021-06-01,2021,6,3,3,Crisis or worse,0.8396304411062723,2.8396304411062725,0.9337778665062132,0.9636779915909977,-0.7727959135133684,-0.6650644966055423,-0.9275351299434984,34.626501379731025,15.972072355632388,24.675531886611253,9.950969493119771,dry_jjas,183.11284628508548,3.0,4.0,1,test,True
Meru,2021-06-01,2021,6,2,2,Stressed,0.0045985560789824,1.58274854094354,0.9999080108906668,1.5703152522778407,0.0685644538008441,-0.1220539054113531,-0.2263486164009954,50.12949520276777,49.05783185501531,38.84291344895815,11.286581753809621,dry_jjas,469.95952152110806,2.0,4.0,1,test,False
Migori,2021-06-01,2021,6,1,1,Minimal,0.0,1.0001493995224389,0.8093394361863654,0.3500511914159332,0.3185354253489303,0.4143442334744019,-0.3501736316422462,34.2181181661429,49.96044352471046,59.23170929824845,-25.013591132105546,dry_jjas,460.4970135975702,1.0,4.0,1,test,False
Mombasa,2021-06-01,2021,6,1,1,Minimal,0.0,1.004160143081516,0.945430610879302,-0.5585874547936522,-1.6404054335389646,-1.6035826702928242,-0.5398638682837525,-26.25667442368372,0.9503800349983144,9.771749234000088,-36.02842365768381,dry_jjas,339.4545465241538,1.0,4.0,1,test,False
Murang'a,2021-06-01,2021,6,1,1,Minimal,0.0,1.0,0.9998960447776898,0.7879024747935091,-0.2991173401594181,-0.0256750615191983,0.3367136010355636,53.178700857837455,64.5556279951344,66.79683550916292,-13.618134651325462,dry_jjas,600.9606534616394,1.0,4.0,1,test,False
Nairobi,2021-06-01,2021,6,1,1,Minimal,0.0,1.0004033639580097,0.9993429939949856,1.133318564697946,-0.0424970693727178,-0.2246065247441432,-0.1439493128024317,44.28344152875562,54.65869974503801,57.192817267423735,-12.909375738668118,dry_jjas,349.07589029272395,1.0,4.0,1,test,False
Nakuru,2021-06-01,2021,6,1,1,Minimal,0.0,1.0000238338747447,0.9758499055944194,1.604999191432475,0.3213569843962032,0.3278593531360113,0.2375105951151191,62.2702782767896,47.747466949673125,46.1092437414508,16.1610345353388,dry_jjas,337.82261196850334,1.0,4.0,1,test,False
Nandi,2021-06-01,2021,6,1,1,Minimal,0.0,1.0,0.9998151603533764,1.6082291650796132,1.5418537556436651,1.477455480510608,0.1859266980921143,56.575617048521984,88.15964874921255,69.63279752599951,-13.057180477477523,dry_jjas,636.3375639959971,1.0,4.0,1,test,False
Narok,2021-06-01,2021,6,2,2,Stressed,0.0,1.7911628785045806,0.9926859190856234,1.4347539596153205,0.3738346990179486,0.3498044937561478,-0.0786333055718434,68.19874848353271,67.44453822076764,65.34224857537106,2.856499908161652,dry_jjas,449.4351533314782,2.0,4.0,1,test,False
Nyamira,2021-06-01,2021,6,1,1,Minimal,0.0,1.0,0.999826225293629,0.5482301033478866,1.4123819400335127,1.2133632427122305,0.3799138663523423,47.63422156039064,70.90875661288871,73.67597266133248,-26.041751100941838,dry_jjas,707.0676224501927,1.0,4.0,1,test,False
Nyandarua,2021-06-01,2021,6,1,1,Minimal,0.0,1.0009519970820218,0.999895468296186,1.2248429005788124,-0.0800042156988138,0.0510468040374366,0.3025571013006723,54.53061887873256,57.39737421801695,64.23504836925669,-9.704429490524127,dry_jjas,478.59632261521887,1.0,4.0,1,test,False
Nyeri,2021-06-01,2021,6,2,2,Stressed,0.0,1.5432317644141675,0.9999011292611956,0.9960245704040868,0.0104023411163583,0.3121731362609826,0.5847820947017821,46.08414965066737,55.51242539377895,83.51947624415524,-37.43532659348787,dry_jjas,596.5685209899478,2.0,4.0,1,test,False
Samburu,2021-06-01,2021,6,2,2,Stressed,0.3777053423123708,2.37770534231237,0.9999064872720288,2.0827213989922884,-0.374333052385931,-0.3940881246840078,-0.1867957963318529,42.96404348707539,18.80856392494244,29.115013229745085,13.849030257330302,dry_jjas,233.37064745956647,2.0,4.0,1,test,True
Siaya,2021-06-01,2021,6,1,1,Minimal,0.0,1.0,0.7130635075059107,1.429063232423718,1.4764930231888431,1.2254934771694808,0.1524049669966238,95.72132994324724,54.16045921131524,70.22584700795342,25.495482935293822,dry_jjas,703.9110029852106,1.0,4.0,1,test,False
Taita Taveta,2021-06-01,2021,6,2,2,Stressed,0.0,1.9500685733696892,0.9966839432888632,0.5662853032833569,-1.174764855281227,-0.5609568475182102,-0.5678797946795507,51.797041454916176,49.96313547840702,28.729528317483968,23.067513137432208,dry_jjas,337.281834884778,1.0,4.0,1,test,False
Tana River,2021-06-01,2021,6,2,2,Stressed,0.0007261701376578,2.000722145263786,0.999836851891428,-1.3219599893719378,-1.6374866091058329,-1.3905942613544011,-1.17261896261327,11.495000394115952,23.04599770445933,15.39686177900944,-3.901861384893488,dry_jjas,208.9215702880231,2.0,4.0,1,test,False
Tharaka-Nithi,2021-06-01,2021,6,2,2,Stressed,0.0,1.99416725435674,0.9999730250426144,1.2193277974256644,0.0705659999007317,-0.0798375206829287,-0.3190581620134635,65.71733653056071,57.00274544075899,30.053744165063137,35.66359236549758,dry_jjas,386.5660928989662,2.0,4.0,1,test,False
Trans Nzoia,2021-06-01,2021,6,1,1,Minimal,0.0,1.0,0.9977780064560036,1.8725330204797568,0.8301887603580119,0.4930355502979831,-0.3322259545454777,63.06964775492305,69.14053255715515,45.396046641360975,17.67360111356207,dry_jjas,575.422482832226,1.0,4.0,1,test,False
Turkana,2021-06-01,2021,6,3,3,Crisis or worse,0.9997793342202268,2.999779334220227,0.9601531475982534,1.0321516432571445,-0.1664251131643496,0.1850578437963321,-0.5787308968142593,68.78607824724695,30.05640525393849,25.494990407261955,43.291087839984996,dry_jjas,134.93439886021372,3.0,4.0,1,test,True
Uasin Gishu,2021-06-01,2021,6,1,1,Minimal,0.0,1.0,0.9999480360329532,1.6457500032798027,0.5868991293783723,0.4570856100777136,-0.3931680531944723,59.99903529744616,41.58131443177132,32.407100352981395,27.591934944464768,dry_jjas,466.5756532543863,1.0,4.0,1,test,False
Vihiga,2021-06-01,2021,6,1,1,Minimal,0.0,1.0,0.9998193553745144,1.049304173071357,1.3398698547864458,1.404342337831539,0.2276902012967022,52.59482767156128,84.33673176868143,84.17602546282596,-31.581197791264678,dry_jjas,638.2354464495623,1.0,4.0,1,test,False
Wajir,2021-06-01,2021,6,2,2,Stressed,0.2272431949323607,2.227243194932361,0.9996402654708704,-0.4158133341311828,-0.8575546124485994,-0.988162217821322,-0.9122196234349572,25.287447119930945,38.47887595206093,30.104392110717114,-4.816944990786169,dry_jjas,220.92597534518788,2.0,4.0,1,test,True
West Pokot,2021-06-01,2021,6,2,2,Stressed,0.0026265868449534,1.86924916614214,0.992673973109578,1.6781334179394036,0.097926849503146,-0.1125667100627026,-0.9084625097036392,56.23305110471151,40.03470624170088,28.063685746165092,28.169365358546415,dry_jjas,366.78840132412165,2.0,4.0,1,test,False
Baringo,2021-10-01,2021,10,2,2,Stressed,0.4084085336769249,2.241932814124245,1.0000016385703907,1.5810277281383098,0.1910157414033393,0.400974919734018,0.8980016129925887,79.9446075828501,74.0249425926711,50.38810183667616,29.55650574617394,short_rains,407.6410955536569,2.0,4.0,1,test,True
Bomet,2021-10-01,2021,10,1,1,Minimal,0.0,1.0001339296253446,0.999959192908404,1.961659562969869,2.1714978057192065,2.5914311623139725,0.6354096432864194,78.10847614656754,84.64683370721798,46.84175603608813,31.26672011047941,short_rains,705.0356352221398,1.0,4.0,1,test,False
Bungoma,2021-10-01,2021,10,1,1,Minimal,0.0,1.0,0.9970207416060456,1.1109547108032047,0.4660788979711275,1.4256212828613088,0.034628328782393,43.59411774742867,88.96801023189823,-21.31269405302167,64.90681180045034,short_rains,684.143518918554,1.0,4.0,1,test,False
Busia,2021-10-01,2021,10,1,1,Minimal,0.0,1.0,0.914162035136638,1.4811090529499098,0.6160259157226657,2.4736306667291394,0.433828599566392,62.64993754978651,39.59524639180865,8.677174571522203,53.972762978264306,short_rains,504.89251568895395,1.0,4.0,1,test,False
Elgeyo-Marakwet,2021-10-01,2021,10,1,1,Minimal,0.0002364710036806,1.00611566438125,0.9999614710587814,1.4846216118010735,0.2382904166086546,0.5422541166349029,1.07772601350986,84.74502821440798,90.88509284426466,-38.5342513758219,123.27927959022989,short_rains,424.00498148048365,1.0,4.0,1,test,False
Embu,2021-10-01,2021,10,2,2,Stressed,0.0,1.667672206524964,0.999984606567881,-0.578615243026024,-0.411737206696826,0.3020494982781947,0.8536486467000522,48.92010543138076,61.02238423275653,13.435341942050057,35.4847634893307,short_rains,401.4457023614595,2.0,4.0,1,test,False
Garissa,2021-10-01,2021,10,3,3,Crisis or worse,0.9999999973761992,2.9999999973761997,0.999463976304146,-0.8075534204020349,-1.2620626920107694,-2.294391173109582,-2.3371711591678728,20.43795374431153,9.7564567326813,-2.1506408904535883,22.588594634765116,short_rains,210.6771075185111,2.0,4.0,1,test,False
Homa Bay,2021-10-01,2021,10,1,1,Minimal,0.0,1.0,0.6628357436647451,1.3000828296203737,0.642663576907864,1.839039364289676,0.3113530417237594,68.53725686427511,44.414000330315936,34.141411288830426,34.39584557544468,short_rains,658.3122810444571,1.0,4.0,1,test,False
Isiolo,2021-10-01,2021,10,3,3,Crisis or worse,0.999620550779009,2.999619404047647,0.9999614613825724,-0.4433566058400698,-1.1934809683510197,-0.8542006177935297,0.7565317147540872,16.85516486469976,14.687158879368493,14.209690035831771,2.6454748288679877,short_rains,121.15801476654195,3.0,4.0,1,test,False
Kajiado,2021-10-01,2021,10,2,2,Stressed,0.0,1.9988406914293937,0.986656858550284,-0.6912659396144654,0.5987307675286725,0.4817916715914976,1.5694520350479777,49.05749588157392,59.63026055522744,29.48805434460112,19.5694415369728,short_rains,244.0590119973267,2.0,4.0,1,test,False
Kakamega,2021-10-01,2021,10,1,1,Minimal,0.0,1.0,0.9998432712295532,1.3026221000366862,1.0542647123487767,2.417881301727202,0.3260629307097247,65.14648852269205,65.5882288453951,22.74455698758336,42.401931535108695,short_rains,521.962946970816,1.0,4.0,1,test,False
Kericho,2021-10-01,2021,10,1,1,Minimal,0.0,1.0,0.9999526229648772,2.289462933079814,1.7827562198604978,2.4963381918564216,0.7380930642157947,32.731560940938465,68.81760524954527,29.9000843643252,2.831476576613266,short_rains,577.6437811642602,1.0,4.0,1,test,False
Kiambu,2021-10-01,2021,10,1,1,Minimal,0.0,1.001036389650512,0.9998318358451616,-1.0043071592712431,1.2871019595538598,0.0324911205856496,0.9252004777919556,50.494496596459264,53.63549710411616,19.66701750743464,30.827479089024624,short_rains,365.1581675938478,1.0,4.0,1,test,False
Kilifi,2021-10-01,2021,10,2,2,Stressed,0.0025432885968681,2.0024814344946176,0.9941917902689316,-0.5914976075286041,0.2683645135014538,-1.4590352607803208,-1.0672337084542791,-7.749833530926689,-13.483163277077464,-3.099458209658279,-4.65037532126841,short_rains,485.9236308469297,2.0,4.0,1,test,False
Kirinyaga,2021-10-01,2021,10,1,1,Minimal,0.0,1.000297291880471,0.9999074216214416,-0.3803692554899638,-0.055566048332338,-0.0858755802868266,0.6012505121723053,46.93687857812466,68.26222972862571,11.036320832098964,35.9005577460257,short_rains,523.427425427593,1.0,4.0,1,test,False
Kisii,2021-10-01,2021,10,1,1,Minimal,0.0,1.0,0.9995821721614786,1.47001550741537,1.331613547548768,1.790605217541979,-0.4204141435852357,75.96967228890763,85.70733485376488,42.57801789964571,33.39165438926192,short_rains,771.8724273402603,1.0,4.0,1,test,False
Kisumu,2021-10-01,2021,10,1,1,Minimal,0.0,1.0,0.7829061444141889,1.7642600114205855,1.3715963772196904,3.597482816738018,0.7064711080314976,69.19295476379094,89.45204052853896,58.62227992533497,10.570674838455965,short_rains,650.4965825795291,1.0,4.0,1,test,False
Kitui,2021-10-01,2021,10,2,2,Stressed,0.0003494562889704,1.9997970373456608,1.0000139082032498,-0.1223600558083025,1.1309173771630796,0.4323511094925389,1.3588019472248345,38.3636559501644,52.88998713466054,31.8532595874542,6.5103963627102,short_rains,350.0498777837523,2.0,4.0,1,test,False
Kwale,2021-10-01,2021,10,2,2,Stressed,0.0,1.99971200940671,0.9912639533016686,0.9779646588115024,1.0051626730539742,-0.4667250892483626,-0.1871916647458849,14.409103622351909,3.3547727220278505,-12.93598722917486,27.34509085152677,short_rains,461.4118591660762,2.0,4.0,1,test,False
Laikipia,2021-10-01,2021,10,2,2,Stressed,0.0024785541807146,1.6940534145803936,1.0000560584133351,0.8903881638935793,-0.1513862322935591,-0.2090359479876301,0.5948952237756544,61.74461572327608,45.00895221314751,39.064956627846,22.679659095430075,short_rains,378.6133408439104,2.0,4.0,1,test,False
Lamu,2021-10-01,2021,10,2,2,Stressed,0.0078360899683419,2.007836089968342,0.9773409282733216,-0.8319075676067892,-1.3595768088894176,-2.631406060189101,-2.2037583430080945,9.300831208733705,3.5098271619278885,16.577780625436258,-7.2769494167025535,short_rains,394.8891092289726,2.0,4.0,1,test,False
Machakos,2021-10-01,2021,10,1,1,Minimal,0.0,1.004755332291827,0.9999321623262248,-1.2773284670240512,1.4548071706295924,0.6009939998096475,1.6845759058813807,54.12263513874103,68.8833959383929,21.609835461742996,32.512799676998036,short_rains,347.0698296320569,1.0,4.0,1,test,False
Makueni,2021-10-01,2021,10,2,2,Stressed,0.0,1.947624889737296,0.9999852802990984,-0.4684548633753077,1.9214762652140864,0.3792812462440118,1.8362700027717545,57.31377374200347,64.65248467711706,29.386048974821566,27.927724767181903,short_rains,210.84898907247097,2.0,4.0,1,test,False
Mandera,2021-10-01,2021,10,3,3,Crisis or worse,1.0,3.0,0.9934829486429024,-0.3163457995410019,-0.3621888664625691,0.6695007581372394,0.0418761823754134,37.95113201290255,40.392004485487625,8.696443348242163,29.254688664660385,short_rains,147.72597818452132,2.0,4.0,1,test,False
Marsabit,2021-10-01,2021,10,3,3,Crisis or worse,1.0,3.0,0.9337760885726984,1.2545105352941093,-0.2792389443425019,-0.5869762099587569,0.7849255618451321,33.8457633295159,29.61218235923024,27.16380464279761,6.681958686718286,short_rains,183.11284628508548,3.0,4.0,1,test,True
Meru,2021-10-01,2021,10,1,1,Minimal,0.0045985762816944,1.49394074942472,0.9999036180411602,-0.6591955068327889,-1.214783260554766,0.1674463158969976,1.371953514838302,35.38247595159853,60.51015438610982,11.951636733000337,23.430839218598194,short_rains,469.95952152110806,2.0,4.0,1,test,False
Migori,2021-10-01,2021,10,1,1,Minimal,0.0,1.0009600200580766,0.8093461789563474,0.7986598631758298,0.3727069348942795,1.1532491100432225,-0.1835386474511589,64.00675243125504,38.387181949458046,49.79514156583304,14.211610865421996,short_rains,460.4970135975702,1.0,4.0,1,test,False
Mombasa,2021-10-01,2021,10,1,1,Minimal,0.0,1.024159169166952,0.9454988271665984,-0.1208326494663599,0.6074925374021147,-1.1944039569080973,-0.6418552410980182,-12.939715441107776,-41.37961064729701,-8.048884509610758,-4.8908309314970175,short_rains,339.4545465241538,1.0,4.0,1,test,False
Murang'a,2021-10-01,2021,10,1,1,Minimal,0.0,1.0,0.9998960447776896,-0.9871097743313352,1.0021827543912138,-0.0870737435395175,0.7244319892399876,62.583015203150175,85.94464483123127,8.73672939843441,53.84628580471576,short_rains,600.9606534616394,1.0,4.0,1,test,False
Nairobi,2021-10-01,2021,10,1,1,Minimal,0.0,1.0004033639580097,0.9993429939949852,-1.252696489729748,1.6211541601572106,0.3363352202493553,1.1860728278389738,44.39762122012533,36.54536321038282,42.32827826767694,2.0693429524483875,short_rains,349.07589029272395,1.0,4.0,1,test,False
Nakuru,2021-10-01,2021,10,1,1,Minimal,0.0,1.0025313403769145,0.975865112804788,1.5265513446306984,0.9625328443870014,0.8024520834827511,1.168111516186774,78.04174117736773,75.92320139048483,53.99026582912646,24.05147534824127,short_rains,337.82261196850334,1.0,4.0,1,test,False
Nandi,2021-10-01,2021,10,1,1,Minimal,0.0,1.0,0.9998151603533766,1.753954725114374,1.6394118417117485,3.029311324183181,0.8647695230388475,38.4237679019428,71.88978705034148,13.403062576343714,25.02070532559909,short_rains,636.3375639959971,1.0,4.0,1,test,False
Narok,2021-10-01,2021,10,2,2,Stressed,0.0,1.9972573232118724,0.9926950995646184,0.8936245215649337,1.5379488033027384,1.3391569466475504,1.2587247822051872,56.09229310002503,58.73251392005888,46.619112102696015,9.473180997329017,short_rains,449.4351533314782,2.0,4.0,1,test,False
Nyamira,2021-10-01,2021,10,1,1,Minimal,0.0,1.0,0.999826225293641,1.742781835612834,1.6704817729070436,2.620468503194826,0.0857132678194209,38.89091846283988,84.05446084741423,54.32238343964919,-15.431464976809309,short_rains,707.0676224501927,1.0,4.0,1,test,False
Nyandarua,2021-10-01,2021,10,1,1,Minimal,0.0,1.0038019259309914,0.9999166595559328,0.5621185783187023,0.5511053158450859,-0.006618763879844,0.6580942494360469,73.81248898971401,74.58245477276401,30.06511929317116,43.74736969654285,short_rains,478.59632261521887,1.0,4.0,1,test,False
Nyeri,2021-10-01,2021,10,2,2,Stressed,0.0,1.5432317644141689,0.9999011292611988,-0.4143417894984461,-0.3910385154727543,-0.2047295530551913,0.5444062327977142,49.0333275719434,69.65297710827869,8.027526259697426,41.00580131224598,short_rains,596.5685209899478,2.0,4.0,1,test,False
Samburu,2021-10-01,2021,10,3,3,Crisis or worse,0.8831148110700653,2.8831148110700653,0.9998918531987876,0.7583311959767743,-0.7598653071494306,-0.4577242865501189,1.3272439789943238,59.09549256369152,26.219313046245325,28.78348172647568,30.31201083721584,short_rains,233.37064745956647,2.0,4.0,1,test,True
Siaya,2021-10-01,2021,10,1,1,Minimal,0.0,1.0,0.7130635075059107,1.5902643311878408,0.7174505883998009,2.2753829308606472,0.5233255667286576,81.76159741023042,48.86640399226879,23.191170760206447,58.570426650023975,short_rains,703.9110029852106,1.0,4.0,1,test,False
Taita Taveta,2021-10-01,2021,10,2,2,Stressed,0.000257074476969,2.000257074476969,0.996678387202404,-0.7700223911485358,-0.0033805124226428,-0.2684289946925647,0.4920331791960691,52.06330086672721,79.173965706823,33.340571064472044,18.722729802255166,short_rains,337.281834884778,2.0,4.0,1,test,False
Tana River,2021-10-01,2021,10,3,3,Crisis or worse,0.9790898750080568,2.9790898750080568,0.9998371308066,-0.7001534694861575,-0.2716196573776931,-1.354491645873774,-1.1826720425028203,24.578567555934008,27.72611334505424,19.72192351413568,4.856644041798329,short_rains,208.9215702880231,2.0,4.0,1,test,False
Tharaka-Nithi,2021-10-01,2021,10,2,2,Stressed,0.0,1.5708060749682615,0.9999875926821788,-0.8128741019543956,-0.8867887482118983,0.2300106862222878,1.1063999675340568,19.21098660385584,61.609978234358834,0.2879194834745279,18.92306712038131,short_rains,386.5660928989662,2.0,4.0,1,test,False
Trans Nzoia,2021-10-01,2021,10,1,1,Minimal,0.0,1.0040024533635254,0.9977844089794712,1.321415898826256,0.6961697434032698,1.3567088753543042,1.1420566802567982,35.415964997222936,95.88552896561184,-100.84482186546292,136.26078686268585,short_rains,575.422482832226,1.0,4.0,1,test,False
Turkana,2021-10-01,2021,10,3,3,Crisis or worse,0.9998921777858758,2.999892177785876,0.9601522055179108,1.2762645823641814,0.0839687534035188,-0.0173555339330264,0.3262354771411678,67.8680561783689,51.89225928607226,44.772579799594766,23.095476378774137,short_rains,134.93439886021372,3.0,4.0,1,test,True
Uasin Gishu,2021-10-01,2021,10,1,1,Minimal,0.0,1.0,0.9999480360329528,1.707149446927397,0.8696754168234434,1.3529736135150972,1.2624594747502964,91.2247173007918,98.19920440734508,3.737763219751941,87.48695408103985,short_rains,466.5756532543863,1.0,4.0,1,test,False
Vihiga,2021-10-01,2021,10,1,1,Minimal,0.0,1.0,0.9998193553745128,1.5037182750993252,1.2975943300059387,2.611904072582418,0.1986285945204678,96.2867627386426,80.31025682151426,60.47894766081694,35.80781507782565,short_rains,638.2354464495623,1.0,4.0,1,test,False
Wajir,2021-10-01,2021,10,3,3,Crisis or worse,0.9999999861444424,2.999999986144443,0.9996281767904694,-0.2854363608403464,-0.379445975267408,-0.7602671179022754,-0.4460873586719804,41.0552589398989,24.70550516174021,4.975238441397298,36.0800204985016,short_rains,220.92597534518788,2.0,4.0,1,test,True
West Pokot,2021-10-01,2021,10,2,2,Stressed,0.0027376216669028,2.000851966950456,0.9926739731095784,1.399985414344815,0.0056742164866723,0.2124543429277728,0.6519333155766376,80.13009295362177,77.54249542687594,45.23476300195681,34.89532995166496,short_rains,366.78840132412165,2.0,4.0,1,test,False
Baringo,2022-02-01,2022,2,3,3,Crisis or worse,0.7540862630939753,2.627970066909002,0.9999899880038844,0.5989592640169606,-0.6534268051333026,0.0275001197081972,0.4934718477922184,16.95524950680605,17.844420864167407,28.298390608300668,-11.343141101494616,dry_jf,407.6410955536569,2.0,4.0,1,test,True
Bomet,2022-02-01,2022,2,1,1,Minimal,0.0,1.0,0.9999591445797528,1.293573311280064,0.4474579657918228,1.3053238630565458,0.8434790630297722,69.7113683526646,73.94392039409738,33.80256635459362,35.908801998070984,dry_jf,705.0356352221398,1.0,4.0,1,test,False
Bungoma,2022-02-01,2022,2,1,1,Minimal,0.0,1.0,0.9970207416060456,0.9515106611434208,-0.551164772320437,0.2285672187475785,0.1217168389170183,29.897015713522283,42.17735441502643,60.90344191910441,-31.006426205582127,dry_jf,684.143518918554,1.0,4.0,1,test,False
Busia,2022-02-01,2022,2,1,1,Minimal,0.0,1.0,0.914162035136638,1.3434015798115453,-0.3492720645533025,0.2201915178809993,-0.0362583468770209,44.92868096498886,55.14684125718676,32.890142620752,12.038538344236855,dry_jf,504.89251568895395,1.0,4.0,1,test,False
Elgeyo-Marakwet,2022-02-01,2022,2,1,1,Minimal,0.0006154999387937,1.0012309998775877,0.9999531832842422,0.8716274598690298,-0.6758106943568314,0.0978428325249376,0.3915147269272358,32.28480979383231,31.89993033697429,52.88717563329566,-20.602365839463353,dry_jf,424.00498148048365,1.0,4.0,1,test,False
Embu,2022-02-01,2022,2,2,2,Stressed,0.0,1.667672206524964,0.999984606567881,-0.0142440695918766,0.007550019445362,-0.3887471277018351,-1.3970191153118736,91.50927105570922,89.87683217860223,27.84258521406536,63.66668584164386,dry_jf,401.4457023614595,2.0,4.0,1,test,False
Garissa,2022-02-01,2022,2,3,3,Crisis or worse,0.9999999973762296,2.99999999737623,0.9994755532207806,0.1057754375557161,0.5649189162000205,0.0963365854870915,-1.2768771381024977,71.3675905402219,52.28606091876959,-22.90138395393792,94.26897449415982,dry_jf,210.6771075185111,3.0,4.0,1,test,False
Homa Bay,2022-02-01,2022,2,1,1,Minimal,0.0,1.0,0.6628357436647451,1.9237726214836783,0.5310590137779704,0.7519134024264046,0.3318024146779207,32.82043718465197,47.756950813511786,20.93081896757636,11.889618217075611,dry_jf,658.3122810444571,1.0,4.0,1,test,False
Isiolo,2022-02-01,2022,2,3,3,Crisis or worse,0.9996958383469756,2.999694691618864,0.999964295840184,0.4933032555593056,0.4325772068299277,0.1484955937137537,-0.788055030197937,38.15773910695171,16.685618209886318,-9.483840291943697,47.6415793988954,dry_jf,121.15801476654195,3.0,4.0,1,test,False
Kajiado,2022-02-01,2022,2,2,2,Stressed,0.0003473326511887,1.9982292008514904,0.9866570549192348,-0.0767227093040466,0.0704611851869083,-0.0407336151731988,-0.1920469756896096,32.880739422773466,39.44812594423195,3.839236349539472,29.041503073233994,dry_jf,244.0590119973267,2.0,4.0,1,test,False
Kakamega,2022-02-01,2022,2,1,1,Minimal,0.0,1.0,0.9998432712295532,0.9999670253427108,-0.1607480065912074,1.1110757472769932,0.5847618240217,42.38470933348855,49.75533175107358,52.49116623854817,-10.106456905059616,dry_jf,521.962946970816,1.0,4.0,1,test,False
Kericho,2022-02-01,2022,2,1,1,Minimal,0.0,1.0,0.9999526229648772,0.886002403758039,0.0634395913915987,1.1010243662247392,1.036675426815173,39.420702324772726,57.93360611403756,39.669693508496565,-0.2489911837238381,dry_jf,577.6437811642602,1.0,4.0,1,test,False
Kiambu,2022-02-01,2022,2,1,1,Minimal,0.0,1.001036389650512,0.9998318358451616,0.1183293932892897,-0.0665572866548823,-0.1963213828168787,-0.5623213066013912,54.75370960603315,54.18999753337042,26.33857042592648,28.415139180106667,dry_jf,365.1581675938478,1.0,4.0,1,test,False
Kilifi,2022-02-01,2022,2,2,2,Stressed,0.0026957456765992,2.0026338916386943,0.9941928245142966,-0.5124157217492629,0.4403791663791034,-0.2073612692441112,-1.6771400840372972,49.399709204464685,30.92791254328837,-21.64362909218072,71.0433382966454,dry_jf,485.9236308469297,2.0,4.0,1,test,False
Kirinyaga,2022-02-01,2022,2,1,1,Minimal,0.0,1.000297291880471,0.9999074216214416,0.0507768712962467,-0.2601357914572585,-0.6071230264424867,-1.4115459047906964,89.68446133070677,75.0603990272046,43.49362643435579,46.19083489635098,dry_jf,523.427425427593,1.0,4.0,1,test,False
Kisii,2022-02-01,2022,2,1,1,Minimal,0.0,1.0,0.9995821721572732,1.5415319498959204,0.848669986651347,1.469261483868497,1.115203715890503,71.84034723805092,76.910705073998,38.36130887726965,33.479038360781274,dry_jf,771.8724273402603,1.0,4.0,1,test,False
Kisumu,2022-02-01,2022,2,1,1,Minimal,0.0,1.0,0.7829061444141889,1.1245106352086145,0.1057847579707507,0.9038832952620892,0.6904996371143658,28.412807302557397,43.975778250161625,43.91510797321682,-15.502300670659423,dry_jf,650.4965825795291,1.0,4.0,1,test,False
Kitui,2022-02-01,2022,2,3,3,Crisis or worse,0.7171754668500476,2.716623051191437,1.0000198543517862,-0.436367516720028,0.1864229897023248,0.0066284579784524,-1.2524794110145778,87.6896918542684,70.69619836142657,-30.31551707277628,118.00520892704469,dry_jf,350.0498777837523,2.0,4.0,1,test,False
Kwale,2022-02-01,2022,2,2,2,Stressed,0.0,1.99971200940671,0.9912639533016692,-0.1615997420407401,0.2362047378529994,0.0269723285624041,-0.8397831937746892,18.260927219384893,26.57862996481713,-14.574270321091982,32.83519754047688,dry_jf,461.4118591660762,2.0,4.0,1,test,False
Laikipia,2022-02-01,2022,2,2,2,Stressed,0.0044789414982201,2.003460408300666,1.0000548405307417,0.2130508964658797,-0.3062748310857993,-0.2740741976476696,-0.488771967576134,19.11636509895934,28.145928347384015,-6.323607158736565,25.439972257695903,dry_jf,378.6133408439104,2.0,4.0,1,test,False
Lamu,2022-02-01,2022,2,2,2,Stressed,0.0078360899683419,2.007836089968342,0.9773409282733216,-0.120267452804106,0.673291990864704,-0.2704438905572928,-1.6669961685084749,73.59041650020728,43.29349825104418,-26.533799848973224,100.1242163491805,dry_jf,394.8891092289726,2.0,4.0,1,test,False
Machakos,2022-02-01,2022,2,1,1,Minimal,0.0,1.0047553322918272,0.9999321623262246,-0.2843424395601178,-0.0229561181938655,-0.1830920253646457,-0.7595674907508149,80.53548966759801,73.81319886957664,-6.6510377592146455,87.18652742681266,dry_jf,347.0698296320569,1.0,4.0,1,test,False
Makueni,2022-02-01,2022,2,3,3,Crisis or worse,0.5807681490964668,2.5283933083762946,0.9999904266357796,-0.5288902374035387,0.1555339698465821,0.0458387997898851,-0.3735106849954327,78.26838673020981,73.40855754518806,-26.05139282279508,104.31977955300489,dry_jf,210.84898907247097,2.0,4.0,1,test,False
Mandera,2022-02-01,2022,2,3,3,Crisis or worse,1.0,3.0,0.993483110020438,-0.0750414256119442,0.099775728885249,-0.3254603249915353,-0.3246266223428569,14.962857012724736,21.02125895086055,9.290418782082426,5.67243823064231,dry_jf,147.72597818452132,3.0,4.0,1,test,False
Marsabit,2022-02-01,2022,2,3,3,Crisis or worse,1.0,3.0,0.9337760885721446,0.7164279765526459,-0.3422296859752415,-0.5520138247813647,-0.64074076354193,15.22925950369472,9.746326905949031,2.406061659277754,12.823197844416967,dry_jf,183.11284628508548,3.0,4.0,1,test,True
Meru,2022-02-01,2022,2,1,1,Minimal,0.3688172711205229,1.858168535798204,0.9999214202166412,0.2038806174642358,-0.022543622914406,-0.4897647576454295,-1.4045802735661392,75.5939297148783,60.37239700084652,1.9093719477444089,73.6845577671339,dry_jf,469.95952152110806,1.0,4.0,1,test,False
Migori,2022-02-01,2022,2,1,1,Minimal,0.0,1.0,0.8093394361863654,2.402765654226727,1.048297867066733,1.0877687050940814,0.5852246524879879,46.95812484739934,65.85500127039272,27.63381109935054,19.324313748048798,dry_jf,460.4970135975702,1.0,4.0,1,test,False
Mombasa,2022-02-01,2022,2,1,1,Minimal,0.0,1.024159169166952,0.9454988271665984,-0.4726428193710777,-0.059514760699393,-0.4576496818896349,-1.2050856956134235,21.0846304371935,21.182226799501613,-12.401222148945209,33.485852586138705,dry_jf,339.4545465241538,1.0,4.0,1,test,False
Murang'a,2022-02-01,2022,2,1,1,Minimal,0.0,1.0,0.9998960447776896,-0.0023831333649378,-0.3061744109620605,-0.472172436022571,-1.1545892536032687,68.34307783133491,54.06315025391204,81.28275784586938,-12.939680014534474,dry_jf,600.9606534616394,1.0,4.0,1,test,False
Nairobi,2022-02-01,2022,2,1,1,Minimal,0.0,1.0004033639580097,0.999342993994985,0.1218607452397174,-0.0054521750642331,-0.1379131737787735,-0.2297569132268745,46.767626012209625,58.55410601226082,-3.905290549380144,50.67291656158977,dry_jf,349.07589029272395,1.0,4.0,1,test,False
Nakuru,2022-02-01,2022,2,1,1,Minimal,0.0,1.002054489930805,0.9758551681458982,0.4574275220989341,-0.3882849225277218,0.1383226972815459,-0.0173437635575795,21.300227973278503,24.600019204195075,28.59858918405562,-7.2983612107771165,dry_jf,337.82261196850334,1.0,4.0,1,test,False
Nandi,2022-02-01,2022,2,1,1,Minimal,0.0,1.0,0.9998151603533764,0.9024153341339228,0.0893816998207873,1.5401516253824188,1.1150703794758563,42.095293755362725,53.666362317987534,63.01885919016839,-20.923565434805667,dry_jf,636.3375639959971,1.0,4.0,1,test,False
Narok,2022-02-01,2022,2,1,1,Minimal,0.0,1.0001312284969692,0.9926648706758656,1.0329945538257883,0.2507543053155213,0.6272762109495548,0.152689281109345,32.239244310219384,24.105299476274936,23.328797819579545,8.910446490639838,dry_jf,449.4351533314782,2.0,4.0,1,test,False
Nyamira,2022-02-01,2022,2,1,1,Minimal,0.0,1.0,0.999826225293629,1.12551788680909,0.5167160748787042,1.3101563621151762,1.1972419096381777,58.986630558739776,68.84609122415283,5.048722817833512,53.93790774090626,dry_jf,707.0676224501927,1.0,4.0,1,test,False
Nyandarua,2022-02-01,2022,2,1,1,Minimal,0.0,1.005167858019678,0.9999166595580216,-0.0858514409192445,-0.5559721767889287,-0.3732062334921543,-0.5548087139366513,43.45848008276523,53.63676742235038,59.95776028964404,-16.499280206878815,dry_jf,478.59632261521887,1.0,4.0,1,test,False
Nyeri,2022-02-01,2022,2,2,2,Stressed,0.0,1.5479244481678869,0.9998906213099183,-0.0955583062374429,-0.1657819155654148,-0.42911416292802,-1.0502420858157415,65.83532001412253,34.5982428021935,47.50128473859245,18.334035275530077,dry_jf,596.5685209899478,2.0,4.0,1,test,False
Samburu,2022-02-01,2022,2,3,3,Crisis or worse,0.9999679421104064,2.9999679421104064,0.999906484533704,0.3224405696392282,-0.2483071373963735,-0.542325039154477,-0.9158911950727712,15.923294930626549,18.26671313402915,-0.3189576411056526,16.2422525717322,dry_jf,233.37064745956647,3.0,4.0,1,test,True
Siaya,2022-02-01,2022,2,1,1,Minimal,0.0,1.0,0.7130635075059107,1.6830311720480429,0.0930708684168604,0.5966304732432091,0.3673372052395252,41.36231449775757,47.66362446526389,34.31811640288126,7.0441980948763145,dry_jf,703.9110029852106,1.0,4.0,1,test,False
Taita Taveta,2022-02-01,2022,2,2,2,Stressed,0.0018167650223726,2.001816765022373,0.9966783872024708,-0.2424266734484566,0.108400379030161,-0.1494779360002607,-1.2188417680752366,52.94684821959187,55.05804030925539,-10.878176973121723,63.825025192713596,dry_jf,337.281834884778,2.0,4.0,1,test,False
Tana River,2022-02-01,2022,2,3,3,Crisis or worse,0.9996131649090032,2.999613164909003,0.999837137284476,-0.3948886870210373,0.5390025622985567,0.2457921463482583,-1.4291170604974486,68.1744201667535,70.04664525068677,-19.622712869072483,87.797133035826,dry_jf,208.9215702880231,3.0,4.0,1,test,False
Tharaka-Nithi,2022-02-01,2022,2,2,2,Stressed,0.0013293880020487,1.5721383566756897,0.9999943348302318,0.0798377793220577,0.2042469477892581,-0.2386282213726269,-1.4418392284298471,83.85313749224132,53.80699590855637,-19.36659596734718,103.2197334595885,dry_jf,386.5660928989662,2.0,4.0,1,test,False
Trans Nzoia,2022-02-01,2022,2,1,1,Minimal,0.0,1.0,0.9977780064560036,0.6328722975001538,-0.8903638006587813,0.5427213655951902,0.7288079368230365,27.652157406091785,42.55732377777236,62.75408692594844,-35.101929519856654,dry_jf,575.422482832226,1.0,4.0,1,test,False
Turkana,2022-02-01,2022,2,3,3,Crisis or worse,0.999957012944392,2.999957012944392,0.960153147598736,0.9380363020935866,-0.5927364416964055,-0.5695560548084042,-0.1395975754757698,27.395551603054983,15.231208907561744,27.86049855916585,-0.4649469561108681,dry_jf,134.93439886021372,3.0,4.0,1,test,True
Uasin Gishu,2022-02-01,2022,2,1,1,Minimal,0.0,1.0,0.9999480360329532,0.9701519192110138,-0.2050577258119037,0.7438200456636298,0.9157610645803724,30.814554504648697,36.2194103740998,65.83914547683779,-35.02459097218909,dry_jf,466.5756532543863,1.0,4.0,1,test,False
Vihiga,2022-02-01,2022,2,1,1,Minimal,0.0,1.0,0.999819355374512,1.3027475671393565,0.1127949000084066,1.2088323735483175,0.7465119140643032,62.239396770268094,81.70514940461213,59.10835205502792,3.131044715240172,dry_jf,638.2354464495623,1.0,4.0,1,test,False
Wajir,2022-02-01,2022,2,3,3,Crisis or worse,0.9999999861444424,2.9999999861444424,0.9996281752813864,0.8208506538673974,0.5068017755081056,0.036209226662371,-0.714402582024198,15.32579207917916,14.98920821962611,-3.499963532574033,18.825755611753195,dry_jf,220.92597534518788,3.0,4.0,1,test,True
West Pokot,2022-02-01,2022,2,2,2,Stressed,0.0027376157628745,1.5628820575595537,0.992676113941505,0.8632990532846776,-1.321977367577733,-0.5422424905032642,-0.0968669741121903,23.881109074325327,21.050108616235807,45.23155937196524,-21.350450297639913,dry_jf,366.78840132412165,2.0,4.0,1,test,False
Baringo,2022-06-01,2022,6,3,3,Crisis or worse,0.7540862630939753,2.629687531479987,0.9999899880038844,0.045146847075491,-0.5056370495545611,-0.3886448004165586,-0.2607833913842405,52.30316741865553,33.86524016311635,-13.74291443091276,66.0460818495683,dry_jjas,407.6410955536569,3.0,4.0,1,test,True
Bomet,2022-06-01,2022,6,1,1,Minimal,0.0,1.0,0.9999591445797528,1.7261024130600426,0.4785660072373692,1.9591702140984404,2.076884467603568,74.23364461519542,42.33451399476888,28.53036322752428,45.70328138767114,dry_jjas,705.0356352221398,1.0,4.0,1,test,False
Bungoma,2022-06-01,2022,6,1,1,Minimal,0.0,1.0,0.9970207416060456,0.2849734273776509,-0.4841474662212176,0.1586683330988509,0.7932383282938527,39.65956400908193,49.238214696088,18.2612276229274,21.398336386154533,dry_jjas,684.143518918554,1.0,4.0,1,test,False
Busia,2022-06-01,2022,6,1,1,Minimal,0.0,1.0,0.914162035136638,0.3365190785588207,-0.3070950200723369,0.848580506484188,1.7348230068901769,26.63329548459691,58.0458953636761,35.171565058615094,-8.538269574018184,dry_jjas,504.89251568895395,1.0,4.0,1,test,False
Elgeyo-Marakwet,2022-06-01,2022,6,1,1,Minimal,0.0006154948374724,1.0064946882150418,0.9999614710587814,-0.2868072104181876,-0.8870944550088998,-0.7468693819146145,-0.3318377803615195,47.462573415941655,34.53042583460879,-19.89454157013946,67.35711498608111,dry_jjas,424.00498148048365,1.0,4.0,1,test,False
Embu,2022-06-01,2022,6,2,2,Stressed,0.0005220277862749,1.6681942343131395,0.9999846065735996,-1.9030007925550056,-1.3336723307450713,-0.5665650390775859,-0.7028870630312946,73.81364652181664,61.55985888588953,32.56569431531219,41.24795220650444,dry_jjas,401.4457023614595,2.0,4.0,1,test,False
Garissa,2022-06-01,2022,6,3,3,Crisis or worse,0.9999999973762116,2.999999997376212,0.9994687482700096,-0.6034075458861481,-1.5847343364256603,0.3676810082190221,-0.8100420700896387,17.17649363171529,14.03988340812545,-3.201469367032129,20.377962998747417,dry_jjas,210.6771075185111,3.0,4.0,1,test,False
Homa Bay,2022-06-01,2022,6,1,1,Minimal,0.0,1.0,0.6628357436647451,1.0504722280732146,0.3726542558891825,1.8833006030913628,2.3871275349810044,7.3190670700044675,24.393830679748312,51.66400730890115,-44.34494023889668,dry_jjas,658.3122810444571,1.0,4.0,1,test,False
Isiolo,2022-06-01,2022,6,3,3,Crisis or worse,0.9996958397818996,2.999694693059198,0.9999690133295828,0.0780585591614537,-0.7362011245197946,0.0479133824972814,-0.5628613395726728,13.15641203403597,3.676960175305404,-4.937629860082946,18.094041894118917,dry_jjas,121.15801476654195,3.0,4.0,1,test,False
Kajiado,2022-06-01,2022,6,2,2,Stressed,0.0007334442010598,1.998615313750276,0.9866576832636166,-0.838592549300212,-1.367314026853817,-0.6892288765279239,-0.5304236964363572,25.872610922544435,24.6886682702272,21.63174251025849,4.240868412285945,dry_jjas,244.0590119973267,2.0,4.0,1,test,False
Kakamega,2022-06-01,2022,6,1,1,Minimal,0.0,1.0,0.9998432712295532,0.3802001336494547,-0.2848602956029133,0.6914553284915197,1.2588197543949136,30.208243858443463,57.798877815262976,20.30862696183338,9.899616896610084,dry_jjas,521.962946970816,1.0,4.0,1,test,False
Kericho,2022-06-01,2022,6,1,1,Minimal,0.0,1.0,0.9999526229648772,0.925489058685912,0.2237868387057855,1.1179575533210433,1.5460306419974257,57.6319712206668,59.864026887816,17.506542323307603,40.1254288973592,dry_jjas,577.6437811642602,1.0,4.0,1,test,False
Kiambu,2022-06-01,2022,6,1,1,Minimal,0.0,1.001036389650512,0.9998318358451644,-1.1380979816164165,-1.3574657736363225,-1.028612936090596,-0.42601535436373,69.91174094682694,43.70552597941671,22.94096237558057,46.97077857124637,dry_jjas,365.1581675938478,1.0,4.0,1,test,False
Kilifi,2022-06-01,2022,6,2,2,Stressed,0.0026957456765992,2.0026338916386943,0.9941928245142966,-0.3015449569781113,-1.0955171002493462,0.0729485306279984,-1.0356564470635123,-10.984734113687669,-12.169668121238177,-18.154556583945386,7.169822470257717,dry_jjas,485.9236308469297,2.0,4.0,1,test,False
Kirinyaga,2022-06-01,2022,6,1,1,Minimal,0.0,1.000297291880471,0.9999074216214416,-2.0245067903690237,-1.4075163593217457,-0.8752048763315543,-0.6106235251866979,50.55113048894419,1.29549493626525,-0.4409167729747725,50.99204726191896,dry_jjas,523.427425427593,1.0,4.0,1,test,False
Kisii,2022-06-01,2022,6,1,1,Minimal,0.0,1.0,0.9995821721572732,1.152353678839439,0.8375503606154133,2.5120737278352165,2.629262750971326,35.70407841913057,32.54947471292448,15.505214683578908,20.19886373555166,dry_jjas,771.8724273402603,1.0,4.0,1,test,False
Kisumu,2022-06-01,2022,6,1,1,Minimal,0.0,1.0,0.7829061444141889,1.0970364449135228,0.4763216263568179,1.582594862550594,2.0555524410869497,-8.218371636561555,43.315312694985145,42.64755570377099,-50.86592734033255,dry_jjas,650.4965825795291,1.0,4.0,1,test,False
Kitui,2022-06-01,2022,6,3,3,Crisis or worse,0.7177364139867464,2.717183998823179,1.0000207505125442,-1.176825752400213,-1.0000478110970092,0.3202308893232922,-1.143804927124267,35.74204843324818,17.009300417088475,6.139504562984751,29.60254387026343,dry_jjas,350.0498777837523,3.0,4.0,1,test,False
Kwale,2022-06-01,2022,6,2,2,Stressed,0.0,1.99971200940671,0.9912639533016692,-0.6328443116222383,-1.0897614689448174,-0.2053277292643921,-0.8452753586353493,4.456557103350869,9.014149713555344,-6.96039683705155,11.416953940402419,dry_jjas,461.4118591660762,2.0,4.0,1,test,False
Laikipia,2022-06-01,2022,6,2,2,Stressed,0.0044789414982201,2.003460408300666,1.0000548405307417,-1.131419099763136,-0.9580908607940556,-0.583386189625881,-0.402144859635073,14.263427244346351,12.26668809106115,-2.8771177955396268,17.14054503988598,dry_jjas,378.6133408439104,2.0,4.0,1,test,False
Lamu,2022-06-01,2022,6,2,2,Stressed,0.0078360899683419,2.007836089968342,0.9773409282733216,-0.2443829672996348,-0.7673457815520313,-0.0783554561258257,-0.980619101248323,62.622600724623375,25.74456159908346,-9.734925843145216,72.35752656776859,dry_jjas,394.8891092289726,2.0,4.0,1,test,False
Machakos,2022-06-01,2022,6,1,1,Minimal,0.000194416043543,1.004949748335363,0.9999321623277224,-1.3400744449901405,-0.9262972431220068,-0.3896806099468957,-0.6614912624309991,53.366034896437775,55.52089897612695,25.51989184241265,27.846143054025124,dry_jjas,347.0698296320569,1.0,4.0,1,test,False
Makueni,2022-06-01,2022,6,3,3,Crisis or worse,0.7107858691494797,2.6584108316939385,0.9999866703905442,-1.1262665743781666,-0.9857668755116396,-0.253803124200179,-0.9487534657963326,40.709162235598,44.92067089683052,12.08860730685698,28.620554928741022,dry_jjas,210.84898907247097,3.0,4.0,1,test,False
Mandera,2022-06-01,2022,6,3,3,Crisis or worse,1.0,3.0,0.9934883002876458,-0.1448762851164795,-0.3190445708719595,-0.2811091288714564,-0.5320284027175674,14.539654015755069,22.672774043860528,14.11063338338588,0.4290206323691894,dry_jjas,147.72597818452132,3.0,4.0,1,test,False
Marsabit,2022-06-01,2022,6,3,3,Crisis or worse,1.0,3.0003693063135155,0.9337767680154548,-0.2246504711375645,-0.465714787656062,-0.490191418069408,-0.5905883796175001,13.22341940793461,5.529255302864427,-7.366506880678859,20.58992628861347,dry_jjas,183.11284628508548,3.0,4.0,1,test,True
Meru,2022-06-01,2022,6,1,1,Minimal,0.3691178321802993,1.8584663477565373,0.9999160371222248,-1.957198240504185,-1.572248756286465,-0.6115808042596764,-0.6116814260981297,10.424008208862988,22.457714544089733,-1.0641821593954142,11.488190368258403,dry_jjas,469.95952152110806,1.0,4.0,1,test,False
Migori,2022-06-01,2022,6,1,1,Minimal,0.0,1.0,0.8093394361863654,1.4167445105907708,0.6455578714402582,2.044916670357541,2.283731380977475,8.280822178892285,41.93401969849752,40.00009000711903,-31.71926782822674,dry_jjas,460.4970135975702,1.0,4.0,1,test,False
Mombasa,2022-06-01,2022,6,1,1,Minimal,0.0,1.024159169166952,0.9454988271665984,-0.376274066355218,-0.961842579805264,-0.6320029306246674,-1.2953415971833944,15.553497059111482,-3.525363147508915,-9.848865631562674,25.402362690674156,dry_jjas,339.4545465241538,1.0,4.0,1,test,False
Murang'a,2022-06-01,2022,6,1,1,Minimal,0.0,1.0,0.99989604477769,-1.3938389691438444,-1.1213008049341076,-0.7312068369830795,-0.4625421465503093,71.9675023319111,58.11561132656293,20.99726160234965,50.97024072956145,dry_jjas,600.9606534616394,1.0,4.0,1,test,False
Nairobi,2022-06-01,2022,6,1,1,Minimal,0.0,1.0004033639580097,0.9993429939948012,-1.0686982483582053,-1.271463815994419,-0.9920007256249868,-0.2857295326671524,51.64158361525092,37.88295602033545,11.02996622895395,40.61161738629697,dry_jjas,349.07589029272395,1.0,4.0,1,test,False
Nakuru,2022-06-01,2022,6,1,1,Minimal,0.0,1.002054489930805,0.9758551681458985,0.0949592896107342,-0.3568768660129864,0.1432577793982895,0.3427653928481808,48.76601831725621,30.084200687873192,5.560364371458927,43.20565394579729,dry_jjas,337.82261196850334,1.0,4.0,1,test,False
Nandi,2022-06-01,2022,6,1,1,Minimal,0.0,1.0,0.9998151603533764,0.3868562385065572,-0.1423317740669006,0.7653741584066803,1.1775295788535802,58.50710276553392,52.1559692735352,25.440087782509885,33.06701498302404,dry_jjas,636.3375639959971,1.0,4.0,1,test,False
Narok,2022-06-01,2022,6,1,1,Minimal,0.0,1.0001312284969692,0.9926648706760623,0.5999693833887224,-0.162996965432402,1.0045702042773637,1.2207703518330972,70.34199908598082,46.069980734152765,56.06287396505879,14.279125120922025,dry_jjas,449.4351533314782,1.0,4.0,1,test,False
Nyamira,2022-06-01,2022,6,1,1,Minimal,0.0,1.0,0.999826225293629,1.3745440259126596,0.8998554891706266,2.16678392137048,2.417714141264206,71.62812786989946,22.4957081779711,15.235703977927402,56.39242389197206,dry_jjas,707.0676224501927,1.0,4.0,1,test,False
Nyandarua,2022-06-01,2022,6,1,1,Minimal,0.0,1.005167858019678,0.9999166595580216,-1.0498705832573256,-0.927185138564689,-0.5284371060025939,-0.2364701277092058,33.92118419536044,32.50921497880888,7.535685160988802,26.385499034371637,dry_jjas,478.59632261521887,1.0,4.0,1,test,False
Nyeri,2022-06-01,2022,6,2,2,Stressed,0.0,1.5479244481678869,0.9998906213099183,-1.6991983583037733,-1.1298835078922629,-0.5777821318697766,-0.4578035256661507,44.223984727639255,25.67649917787132,-28.55963003169279,72.78361475933204,dry_jjas,596.5685209899478,2.0,4.0,1,test,False
Samburu,2022-06-01,2022,6,3,3,Crisis or worse,0.9999679421103188,3.001591352163933,0.9999064817953808,-0.2747466543671946,-0.3460143841929654,-0.1766353804845854,-0.4571440700160364,16.302646343576377,2.77107319435707,-9.413924358658166,25.71657070223454,dry_jjas,233.37064745956647,3.0,4.0,1,test,True
Siaya,2022-06-01,2022,6,1,1,Minimal,0.0,1.0,0.7130635075059107,1.0062287640778809,0.2662465023716236,1.575322047154783,2.086218871265354,29.155203276694195,36.38850480550781,38.35333492942588,-9.198131652731682,dry_jjas,703.9110029852106,1.0,4.0,1,test,False
Taita Taveta,2022-06-01,2022,6,2,2,Stressed,0.0018167650223726,2.001816765022373,0.9966783872024708,-0.8813282901283341,-1.4386222523244134,-0.2231497031546075,-0.8536334418089427,13.760528115765815,2.932098499913328,7.530955987753837,6.229572128011979,dry_jjas,337.281834884778,2.0,4.0,1,test,False
Tana River,2022-06-01,2022,6,3,3,Crisis or worse,0.9996131649089994,3.000061541186792,0.9998371372749084,-0.5110779403281785,-1.695875831850011,0.4639029123587379,-1.0740870771547335,5.866239571504476,9.280415754909432,1.923262385299656,3.94297718620482,dry_jjas,208.9215702880231,3.0,4.0,1,test,False
Tharaka-Nithi,2022-06-01,2022,6,3,3,Crisis or worse,0.5667374743216017,2.137547902297861,0.9999977349462787,-2.023816879763032,-1.3424932318582192,-0.1993799008595071,-0.6820980679151465,44.7512693746863,28.87083422418833,14.765235053300549,29.986034321385752,dry_jjas,386.5660928989662,2.0,4.0,1,test,False
Trans Nzoia,2022-06-01,2022,6,1,1,Minimal,0.0,1.0040024533635254,0.9977844089794712,0.4461685481580059,-0.2607586564749314,-0.1789419163348934,0.076997413382372,43.53614735724047,30.776475510758235,7.767092582714103,35.76905477452637,dry_jjas,575.422482832226,1.0,4.0,1,test,False
Turkana,2022-06-01,2022,6,4,3,Crisis or worse,0.999957012944392,3.9997363471646192,0.96015314759874,0.1847180065795624,-0.1852467681649141,-0.3391547308287319,-0.6385879024282958,53.26979593696049,31.49470498221099,6.4680472646810045,46.80174867227949,dry_jjas,134.93439886021372,3.0,4.0,1,test,True
Uasin Gishu,2022-06-01,2022,6,1,1,Minimal,0.0,1.0,0.9999480360329532,-0.3002430513041117,-0.8429302750829645,-0.4626703791764353,0.0943358542110261,55.18841645116537,37.64826201649595,15.58527384241512,39.60314260875025,dry_jjas,466.5756532543863,1.0,4.0,1,test,False
Vihiga,2022-06-01,2022,6,1,1,Minimal,0.0,1.0,0.999819355374512,0.8394405614841859,0.201624363571465,1.4863004168087783,1.9828773498354784,45.90689016722921,85.9407302982372,44.70901475720112,1.1978754100280895,dry_jjas,638.2354464495623,1.0,4.0,1,test,False
Wajir,2022-06-01,2022,6,3,3,Crisis or worse,0.9999999861447002,2.9999999861447004,0.9996467725523936,0.3265706619024673,-0.6347425470699444,0.1749494904508856,-0.4964551152039139,20.709733495688532,6.388140648677214,-2.359474941801294,23.069208437489827,dry_jjas,220.92597534518788,3.0,4.0,1,test,True
West Pokot,2022-06-01,2022,6,2,2,Stressed,0.0027376216669028,2.003478553795409,0.9926739731095784,0.0534484266706651,-0.9082878813190464,-0.937852310368371,-0.7887115790230308,21.27084058488969,16.7127857680118,-13.624579401714549,34.89541998660424,dry_jjas,366.78840132412165,2.0,4.0,1,test,False
Baringo,2022-10-01,2022,10,3,3,Crisis or worse,0.7540862630961843,2.629687531483313,0.9999899880128668,1.359220679231135,0.5145627660522658,-0.0328366480412318,-1.0310335428973556,81.558725485958,80.24898405751995,39.27020299459588,42.28852249136213,short_rains,407.6410955536569,3.0,4.0,1,test,True
Bomet,2022-10-01,2022,10,1,1,Minimal,0.0,1.0,0.9999591445797528,1.4656865257138474,1.9764247702207,2.1542880238348374,1.0000194597501284,62.16468313642583,57.47555999071024,24.354041368980702,37.81064176744513,short_rains,705.0356352221398,1.0,4.0,1,test,False
Bungoma,2022-10-01,2022,10,1,1,Minimal,0.0,1.0,0.9970207416060456,0.677145682977492,1.6329152556730482,0.8391759871407317,-0.1695095346352207,43.9977811040244,81.62586858760015,-24.03177041492071,68.02955151894511,short_rains,684.143518918554,1.0,4.0,1,test,False
Busia,2022-10-01,2022,10,1,1,Minimal,0.0,1.0,0.914162035136638,1.1537872912338138,1.4685073694607675,0.6057000099806401,-0.3930366529173308,69.65393982155125,72.90942641181454,4.092421647187535,65.56151817436371,short_rains,504.89251568895395,1.0,4.0,1,test,False
Elgeyo-Marakwet,2022-10-01,2022,10,1,1,Minimal,0.0006154948374724,1.0064946882150418,0.9999614710587814,0.9375595223308656,1.255217352994991,0.1436604446648152,-0.9148271238614234,82.27109563114304,61.65298700648311,11.89072498262622,70.38037064851682,short_rains,424.00498148048365,1.0,4.0,1,test,False
Embu,2022-10-01,2022,10,2,2,Stressed,0.0010673804428921,1.668739609070081,0.999984673074163,-0.1665139860153936,0.4020672465582805,-0.9824241315474072,-1.7930296930156333,50.99029714018131,48.51158691739801,-20.628830039571,71.61912717975231,short_rains,401.4457023614595,2.0,4.0,1,test,False
Garissa,2022-10-01,2022,10,3,3,Crisis or worse,0.9999999973762296,2.99999999737623,0.9994755532207824,-0.4905149562680768,-0.976491275320482,-1.795836758490219,-1.0667971764042896,2.06842755670686,12.00942780543269,10.808799410972815,-8.740371854265955,short_rains,210.6771075185111,3.0,4.0,1,test,False
Homa Bay,2022-10-01,2022,10,1,1,Minimal,0.0,1.0,0.6628357436647451,1.1626309936879415,1.5996228154137513,2.094570926542171,0.8890295410357437,78.00396711265962,60.20114868468259,43.98341128941767,34.020555823241956,short_rains,658.3122810444571,1.0,4.0,1,test,False
Isiolo,2022-10-01,2022,10,3,3,Crisis or worse,0.9996958482791126,3.001225298658614,0.9999969498802184,-0.0483536970080102,0.2887862207194575,-0.5248760539384033,-0.0292192039351063,-0.6681039738756351,3.648894286730976,2.8372177046129634,-3.5053216784885985,short_rains,121.15801476654195,3.0,4.0,1,test,False
Kajiado,2022-10-01,2022,10,2,2,Stressed,0.0007334442010598,1.998615313750276,0.9866576832636166,-0.6008877072259035,-1.2376770524510947,-0.8223215941424827,-1.0177770963040158,22.217881556018007,25.51961963620172,4.792732816548001,17.425148739470007,short_rains,244.0590119973267,2.0,4.0,1,test,False
Kakamega,2022-10-01,2022,10,1,1,Minimal,0.0,1.0,0.9998432712295532,0.8982804591432569,1.9875631161800464,1.2150533236264942,-0.073184673276351,49.51460154648889,64.3598134370173,20.68838008241404,28.82622146407485,short_rains,521.962946970816,1.0,4.0,1,test,False
Kericho,2022-10-01,2022,10,1,1,Minimal,0.0,1.0,0.9999526229648772,1.684255665879424,2.349135089637876,1.720774240220513,0.1905165509162158,84.43364726907976,34.539912622215176,57.38187842009804,27.051768848981716,short_rains,577.6437811642602,1.0,4.0,1,test,False
Kiambu,2022-10-01,2022,10,1,1,Minimal,0.0,1.001036389650512,0.9998318358451644,-0.1117855648631331,-0.4975967140374562,-1.2563167557621209,-1.4067423160435626,49.22741674997708,21.942712721754685,-33.287007119633785,82.51442386961087,short_rains,365.1581675938478,1.0,4.0,1,test,False
Kilifi,2022-10-01,2022,10,2,2,Stressed,0.0026957456765992,2.0026338916386943,0.9941928245142966,-0.7499981083869075,0.8389197958201852,-0.3000931486897321,0.1677871169776684,-16.815054779822592,-3.76162722713222,1.1884791900028784,-18.00353396982547,short_rains,485.9236308469297,2.0,4.0,1,test,False
Kirinyaga,2022-10-01,2022,10,1,1,Minimal,0.0,1.000297291880471,0.9999074216214416,0.1799669849109564,0.7005398866190516,-0.9820841715602724,-1.7353371457455804,51.69306872386816,28.6860184556728,-43.13818369345326,94.83125241732142,short_rains,523.427425427593,1.0,4.0,1,test,False
Kisii,2022-10-01,2022,10,1,1,Minimal,0.0,1.0,0.9995821721572732,1.056468231057244,1.5949654858296434,2.28895278959119,0.9088633622713256,83.81747510832153,52.19645998167484,35.52703556485084,48.29043954347069,short_rains,771.8724273402603,1.0,4.0,1,test,False
Kisumu,2022-10-01,2022,10,1,1,Minimal,0.0,1.0,0.7829061444141889,1.1041001676877258,1.987068853867082,2.1835865908079257,0.6069614036220533,89.40283493191349,76.80180648357523,41.74968544763458,47.653149484278906,short_rains,650.4965825795291,1.0,4.0,1,test,False
Kitui,2022-10-01,2022,10,3,3,Crisis or worse,0.904552407411128,2.903999969874561,0.9999802509751528,0.0050987247592399,0.7984861408174704,-0.335528735512446,-0.9383012984110904,23.07729193645482,44.778957254902274,16.316266978160083,6.761024958294737,short_rains,350.0498777837523,3.0,4.0,1,test,False
Kwale,2022-10-01,2022,10,2,2,Stressed,0.0,1.99971200940671,0.9912639533016692,0.7862406511985185,2.2762627621428293,0.2498349061699714,0.3376002666872822,16.734062078975306,34.71842305492749,9.032035350413322,7.702026728561984,short_rains,461.4118591660762,2.0,4.0,1,test,False
Laikipia,2022-10-01,2022,10,2,2,Stressed,0.0044789414982201,2.003460408300666,1.0000548405307417,1.3209208062910858,0.2684652809825588,-0.6810507929892166,-1.8380641591551257,54.4961017641891,34.244689558316374,16.432709383736526,38.06339238045257,short_rains,378.6133408439104,2.0,4.0,1,test,False
Lamu,2022-10-01,2022,10,2,2,Stressed,0.0078360899683419,2.007836089968342,0.9773409282733216,-1.5515464678920186,-1.144601779466604,-1.0308253615703018,-0.501890674127118,38.16305880905604,59.350180466282254,75.97231200515235,-37.80925319609631,short_rains,394.8891092289726,2.0,4.0,1,test,False
Machakos,2022-10-01,2022,10,1,1,Minimal,0.0005211564190789,1.0052764887110517,0.999932162327876,-0.4768147554793283,-0.5715691362823394,-0.6298649931418927,-1.4422788857540076,33.669965762351765,43.16490769651222,-4.718543925687154,38.38850968803892,short_rains,347.0698296320569,1.0,4.0,1,test,False
Makueni,2022-10-01,2022,10,3,3,Crisis or worse,0.7107858691494797,2.6584108316939385,0.9999866703905442,-0.2576650406192177,-0.3513860761665073,-0.3680007895548755,-1.133521950194481,31.63029586355525,43.251427755272566,12.548531786176913,19.081764077378338,short_rains,210.84898907247097,3.0,4.0,1,test,False
Mandera,2022-10-01,2022,10,3,3,Crisis or worse,1.0,3.0,0.993483110020438,-0.6944860515120287,1.1994167187940392,-0.079254551444492,-0.0880967557452069,-8.059263613799375,14.557575701580468,21.088572384568973,-29.14783599836835,short_rains,147.72597818452132,3.0,4.0,1,test,False
Marsabit,2022-10-01,2022,10,4,3,Crisis or worse,1.0,3.999923873921991,0.9337767803562236,0.799748360307244,-0.2854745139513639,-0.2180128218394158,-0.4785375408251965,0.6634241842115822,8.17733920855757,6.042808567110602,-5.37938438289902,short_rains,183.11284628508548,3.0,4.0,1,test,True
Meru,2022-10-01,2022,10,1,1,Minimal,0.3691181248416206,1.8584666404178587,0.9999160371222248,0.2786004851720874,0.8997890009236172,-1.1697898542693537,-1.9031043740068936,34.539104225226446,34.81975406685112,3.753908417721669,30.785195807504778,short_rains,469.95952152110806,1.0,4.0,1,test,False
Migori,2022-10-01,2022,10,1,1,Minimal,0.0,1.0,0.8093394361863654,1.2490571822675458,1.7690319333645077,2.8403869114974416,1.368560996830106,67.86446457182254,50.90120237959503,46.091553249568335,21.772911322254203,short_rains,460.4970135975702,1.0,4.0,1,test,False
Mombasa,2022-10-01,2022,10,1,1,Minimal,0.0,1.024159169166952,0.9454988271665984,-0.3162592742716015,2.261228487570269,0.0605790836858802,0.4615761042874413,22.04276339685697,31.05689181587301,30.25322545742568,-8.210462060568709,short_rains,339.4545465241538,1.0,4.0,1,test,False
Murang'a,2022-10-01,2022,10,1,1,Minimal,0.0,1.0,0.99989604477769,0.0799514341856156,-0.2416530484727908,-1.0247208855322012,-1.5464286862339052,60.2282947929011,35.76449038546893,-21.45176987648776,81.68006466938886,short_rains,600.9606534616394,1.0,4.0,1,test,False
Nairobi,2022-10-01,2022,10,1,1,Minimal,0.0,1.0004033639580097,0.9993429939948012,-0.0983440606246112,-0.708031533470621,-1.2629668831526402,-1.3248185257392144,14.79733948038242,-0.7269148734671779,-22.720668294296257,37.51800777467868,short_rains,349.07589029272395,1.0,4.0,1,test,False
Nakuru,2022-10-01,2022,10,1,1,Minimal,0.0,1.002054489930805,0.9758551681458985,1.5998526106887554,0.7835157678789598,0.2138565989807364,-0.7263013221474746,82.97977805633505,48.26898483278285,36.604248008784886,46.375530047550164,short_rains,337.82261196850334,1.0,4.0,1,test,False
Nandi,2022-10-01,2022,10,1,1,Minimal,0.0,1.0,0.9998151603533764,1.1460545443182473,2.518806079742005,1.8432590157675373,-0.0230105226883172,55.735870270345785,52.77159902793297,38.95602774949472,16.779842520851062,short_rains,636.3375639959971,1.0,4.0,1,test,False
Narok,2022-10-01,2022,10,1,1,Minimal,0.0,1.0001312284969692,0.9926648706760623,1.5333543018253906,1.502767559627041,0.932489343691996,0.221536740648421,69.54130132226311,48.32927925647144,13.053072596073948,56.48822872618916,short_rains,449.4351533314782,1.0,4.0,1,test,False
Nyamira,2022-10-01,2022,10,1,1,Minimal,0.0,1.0,0.999826225293629,1.2825408622916468,1.8312284845236884,2.342530697260496,0.9293629057054992,61.44878217222261,64.8646195130186,33.03226159392196,28.41652057830065,short_rains,707.0676224501927,1.0,4.0,1,test,False
Nyandarua,2022-10-01,2022,10,1,1,Minimal,0.0,1.005167858019678,0.9999166595580216,1.344390053554974,0.0846229167228132,-0.7964698829570743,-1.7949281745724688,75.76589046398384,25.889141765119053,11.403779131795307,64.36211133218853,short_rains,478.59632261521887,1.0,4.0,1,test,False
Nyeri,2022-10-01,2022,10,2,2,Stressed,0.0,1.5479244481678869,0.9998906213099183,0.8747424143288666,0.3650393795637193,-0.8441221121230947,-1.814699216731377,57.41540821667008,4.778983135198653,-4.925422093973317,62.3408303106434,short_rains,596.5685209899478,2.0,4.0,1,test,False
Samburu,2022-10-01,2022,10,3,3,Crisis or worse,0.9999679421103186,3.0031888325837457,0.9999064817942824,0.6354704097266615,-0.3742259142083309,-0.2962494469765848,-1.0091650677708666,31.52164379516646,29.22972433815541,0.3447709051212426,31.176872890045217,short_rains,233.37064745956647,3.0,4.0,1,test,True
Siaya,2022-10-01,2022,10,1,1,Minimal,0.0,1.0,0.7130635075059107,1.1513662262472049,1.310825217427677,1.2549173766280957,0.5095777830607804,81.75512224197543,92.05344699355533,54.17167996756953,27.583442274405897,short_rains,703.9110029852106,1.0,4.0,1,test,False
Taita Taveta,2022-10-01,2022,10,2,2,Stressed,0.0018167650223726,2.001816765022373,0.9966783872024708,-0.8442797950125713,-0.4716025911194863,-0.7082557932110543,-0.4611843564724742,2.352480517781997,38.560544021218,-16.099556913119816,18.452037430901814,short_rains,337.281834884778,2.0,4.0,1,test,False
Tana River,2022-10-01,2022,10,3,3,Crisis or worse,0.9996164902527008,3.000064866530492,0.9998371372781136,-0.4695141654524604,-0.0482707012637201,-1.370353482732477,-0.4169793168633778,14.562456027476948,17.620082262314416,9.50369011813479,5.058765909342158,short_rains,208.9215702880231,3.0,4.0,1,test,False
Tharaka-Nithi,2022-10-01,2022,10,3,3,Crisis or worse,0.5668860668644681,2.137696494840727,0.9999977349462787,-0.2257185308321725,0.333121197538218,-1.001399204120433,-1.9053940960687847,30.44152271155266,38.72277365276852,10.856472884662814,19.585049826889847,short_rains,386.5660928989662,3.0,4.0,1,test,False
Trans Nzoia,2022-10-01,2022,10,1,1,Minimal,0.0,1.0040024533635254,0.9977844089794712,0.8524955129586256,2.3228034153785404,1.612898484441224,0.3020156540765388,41.60254802335667,61.13433818737612,-9.95664681924803,51.5591948426047,short_rains,575.422482832226,1.0,4.0,1,test,False
Turkana,2022-10-01,2022,10,4,3,Crisis or worse,0.999957012944392,3.999736347164619,0.9601531475982584,1.1734476634746474,-0.0017142108545454,-0.0965862713399143,-0.7447767138002311,53.92926224207754,56.87781970933321,31.39409018495312,22.53517205712442,short_rains,134.93439886021372,3.0,4.0,1,test,True
Uasin Gishu,2022-10-01,2022,10,1,1,Minimal,0.0,1.0,0.9999480360329532,1.131498353205397,2.413811757829585,1.172057393564838,-0.2538148606328196,81.15787869770615,64.6816710698635,58.22365297018548,22.93422572752067,short_rains,466.5756532543863,1.0,4.0,1,test,False
Vihiga,2022-10-01,2022,10,1,1,Minimal,0.0,1.0,0.999819355374512,0.940890400771758,1.571454407839901,1.1761470627617947,0.0902063667521162,94.87835170003449,78.79752267272221,49.90571045857743,44.972641241457055,short_rains,638.2354464495623,1.0,4.0,1,test,False
Wajir,2022-10-01,2022,10,3,3,Crisis or worse,0.999999986144517,3.000434346663185,0.9996335592546268,-0.3499528978185588,0.3592032241609482,-0.5283319622619472,0.3483994576779334,4.804816381918348,8.39781382273646,18.69522759711682,-13.89041121519847,short_rains,220.92597534518788,3.0,4.0,1,test,True
West Pokot,2022-10-01,2022,10,2,2,Stressed,0.0027376216669028,2.003478553795409,0.9926739731095784,0.8782777082301356,0.8082787319104593,-0.1888893916237503,-1.1552679282708231,68.6706494911905,73.1368389240668,31.31122390321117,37.35942558797933,short_rains,366.78840132412165,2.0,4.0,1,test,False
Baringo,2023-02-01,2023,2,2,2,Stressed,0.4084127813952499,2.2827377550307406,0.9999912379992753,-1.2750911779688463,0.3335245192369649,0.8445558155290557,1.0229017026917435,25.305888446178933,23.17721147221559,9.46840951063713,15.837478935541803,dry_jf,407.6410955536569,3.0,4.0,1,test,True
Bomet,2023-02-01,2023,2,1,1,Minimal,0.0,1.0,0.9999591445797528,-1.8685775019691373,1.4205304715253486,2.204069890388956,1.9564889110759516,79.5062024863769,81.94349730360976,17.24486377576437,62.261338710612534,dry_jf,705.0356352221398,1.0,4.0,1,test,False
Bungoma,2023-02-01,2023,2,1,1,Minimal,0.0,1.0,0.9970207416060456,-2.007500617488524,0.3003758422335115,1.2091017282243377,0.3944712998463288,69.50602948225097,74.68389966770627,26.36485432819095,43.141175154060015,dry_jf,684.143518918554,1.0,4.0,1,test,False
Busia,2023-02-01,2023,2,1,1,Minimal,0.0,1.0,0.914162035136638,-1.8547063900679923,0.5096772250242788,0.8177307822233737,0.1170296889238079,63.848376889968016,74.32055220826796,32.683134215819685,31.16524267414833,dry_jf,504.89251568895395,1.0,4.0,1,test,False
Elgeyo-Marakwet,2023-02-01,2023,2,1,1,Minimal,0.0002364710036797,1.003992489490533,0.9999614710628044,-1.6058750973840934,0.3463672904334688,1.0528775785902131,0.6484925654777604,55.34937259878549,40.48026223174504,6.9929754163301086,48.35639718245538,dry_jf,424.00498148048365,1.0,4.0,1,test,False
Embu,2023-02-01,2023,2,2,2,Stressed,0.000545352691336,1.6682175813166242,0.9999846730684444,-0.1348638695689364,-0.1008022506880022,-0.5510658648195744,-0.4984471515814984,44.72725320335959,80.2629309157212,45.98573502002554,-1.2584818166659488,dry_jf,401.4457023614595,2.0,4.0,1,test,False
Garissa,2023-02-01,2023,2,3,3,Crisis or worse,0.9999999973761992,2.9999999973761997,0.9994639763046206,-0.2708294101105297,-0.2945629503471187,-0.5755440407479034,-0.2811273334104819,24.49433613241345,24.65236776589497,13.686564410924646,10.807771721488805,dry_jf,210.6771075185111,3.0,4.0,1,test,False
Homa Bay,2023-02-01,2023,2,1,1,Minimal,0.0,1.0,0.6628357436647451,-1.3992796247249624,1.1718665442879956,1.4800787582008128,0.7201891752427595,57.84156711403011,62.98656750309837,26.75375495700335,31.087812157026764,dry_jf,658.3122810444571,1.0,4.0,1,test,False
Isiolo,2023-02-01,2023,2,3,3,Crisis or worse,0.9996205631696322,2.999619416475716,0.999994115423234,-0.0244035209193798,-0.0454881740811849,-0.3314545547969587,-0.3465260097239419,5.782751947300037,3.460401886379855,-7.798942621229642,13.581694568529679,dry_jf,121.15801476654195,3.0,4.0,1,test,False
Kajiado,2023-02-01,2023,2,2,2,Stressed,0.0007334443470187,1.999395395287236,0.9866574869141682,-0.7065038513940956,-0.4162994580126923,-0.5236005714217307,0.0093894263427961,16.775130863971693,19.513281925298227,0.5102815566811734,16.26484930729052,dry_jf,244.0590119973267,2.0,4.0,1,test,False
Kakamega,2023-02-01,2023,2,1,1,Minimal,0.0,1.0,0.9998432712295532,-2.299639938921562,1.1700090800678031,2.35413403323026,0.992069929257264,64.6635646454052,71.48775391572843,34.07971963645391,30.583845008951293,dry_jf,521.962946970816,1.0,4.0,1,test,False
Kericho,2023-02-01,2023,2,1,1,Minimal,0.0,1.0,0.9999526229648772,-2.017907853766154,1.4907959647435818,2.6633048384335734,2.4941863588555826,58.57774828869672,67.80240987226692,35.97716543175312,22.600582856943596,dry_jf,577.6437811642602,1.0,4.0,1,test,False
Kiambu,2023-02-01,2023,2,1,1,Minimal,0.0,1.001036389650512,0.9998318358451644,-0.2630541132370798,-0.1806810820132456,-0.504695509214847,0.1534813333094808,37.7203454251784,36.22126823726104,-23.876574309100707,61.59691973427911,dry_jf,365.1581675938478,1.0,4.0,1,test,False
Kilifi,2023-02-01,2023,2,2,2,Stressed,0.0026957456765993,2.0026338916386948,0.994192824514285,-0.3000314467036751,-0.4556254889767375,-0.908150403271284,-0.6807360253811306,4.181301118846454,-3.2469927826878062,16.13597137234763,-11.954670253501176,dry_jf,485.9236308469297,2.0,4.0,1,test,False
Kirinyaga,2023-02-01,2023,2,1,1,Minimal,0.0,1.000297291880471,0.9999074216214416,0.0355557259398534,0.3398105080014927,-0.2511480785911806,-0.1691280543007513,56.72114501342908,100.24913862148354,13.197175165260283,43.5239698481688,dry_jf,523.427425427593,1.0,4.0,1,test,False
Kisii,2023-02-01,2023,2,1,1,Minimal,0.0,1.0,0.9995821721572732,-1.5369940633876285,1.33378661825679,1.870180030365025,1.0930526713171165,85.64544519587082,85.98129256107221,23.73321640123461,61.912228794636206,dry_jf,771.8724273402603,1.0,4.0,1,test,False
Kisumu,2023-02-01,2023,2,1,1,Minimal,0.0,1.0,0.7829061444141889,-2.011799765582256,1.30430000463393,1.91406069140064,1.1414700573234966,64.02219154419386,74.29765927452115,20.44859677718783,43.57359476700603,dry_jf,650.4965825795291,1.0,4.0,1,test,False
Kitui,2023-02-01,2023,2,3,3,Crisis or worse,0.9985514478087336,2.9979990090340243,0.9999780097898878,-0.3770663516218888,-0.5216282573935825,-0.7026687410821143,-0.5188153055603211,33.169936432911335,32.68745765358534,12.441626832062676,20.72830960084866,dry_jf,350.0498777837523,3.0,4.0,1,test,False
Kwale,2023-02-01,2023,2,2,2,Stressed,0.0,1.99971200940671,0.9912639533016686,-0.1247168734447626,-0.1335666594980091,-0.3602595412253668,-0.1493198399993476,9.76098423426744,10.081903383419386,2.977415869177956,6.783568365089484,dry_jf,461.4118591660762,2.0,4.0,1,test,False
Laikipia,2023-02-01,2023,2,2,2,Stressed,0.0024785928332754,2.001460044992302,1.0000404629806947,-0.1862315382215912,0.0735891186921678,0.0020755591528222,0.046240996390967,8.071004804648295,19.783472308765145,-16.03766720089719,24.108672005545486,dry_jf,378.6133408439104,2.0,4.0,1,test,False
Lamu,2023-02-01,2023,2,2,2,Stressed,0.0078360899683419,2.007836089968342,0.9773409282733216,-0.0497986337374773,-0.5111155243230975,-1.2965520552347307,-0.6280817866013099,49.35454639025857,43.541743905956366,35.80948437620024,13.545062014058331,dry_jf,394.8891092289726,2.0,4.0,1,test,False
Machakos,2023-02-01,2023,2,1,1,Minimal,0.0014924574711276,1.0062477897631077,0.999932162326378,-0.2605750141581431,-0.4239499253669874,-0.6519624244685372,-0.0932867802073963,27.642161300710367,48.532212315549394,7.941559985414941,19.700601315295426,dry_jf,347.0698296320569,1.0,4.0,1,test,False
Makueni,2023-02-01,2023,2,3,3,Crisis or worse,0.7112391302820438,2.6588640302520616,0.9999854756700132,-0.6633204796508959,-0.8335379658952332,-0.9397632153140894,-0.5504018847604875,41.97391114038489,64.78751814128302,23.32831083711355,18.645600303271344,dry_jf,210.84898907247097,3.0,4.0,1,test,False
Mandera,2023-02-01,2023,2,3,3,Crisis or worse,1.0,3.0,0.993482948642904,1.2110610712471852,-0.6369872935737081,-0.3832343228238162,-0.3059848638827184,3.7214704762903703,-1.1487428582695425,0.9613736632062662,2.760096813084104,dry_jf,147.72597818452132,3.0,4.0,1,test,False
Marsabit,2023-02-01,2023,2,3,3,Crisis or worse,1.0,3.0,0.9337767803562236,-0.7475675431391064,-0.6926963070776349,-0.5515295131762724,-0.449030525850574,1.464786696605734,-1.6115628015885826,-7.902085714050865,9.3668724106566,dry_jf,183.11284628508548,3.0,4.0,1,test,True
Meru,2023-02-01,2023,2,1,1,Minimal,0.0045988689466513,1.493941042089677,0.999903618041161,-0.1947519103311483,0.0938172872032455,-0.4632256949453029,-0.5551654832255918,38.50328870185207,48.05763011075441,4.332668136330568,34.1706205655215,dry_jf,469.95952152110806,1.0,4.0,1,test,False
Migori,2023-02-01,2023,2,1,1,Minimal,0.0,1.0,0.8093394361863654,-1.4476571612560003,0.7595235155582155,1.1865937863252385,0.6327893819953478,55.40256471752118,66.83716618340972,30.54877004636017,24.853794671161012,dry_jf,460.4970135975702,1.0,4.0,1,test,False
Mombasa,2023-02-01,2023,2,1,1,Minimal,0.0,1.024159169166952,0.9454988271665984,-0.0605809392709122,-0.2915776454281164,-0.7498495211408247,-0.7391121592582123,21.055832406191783,19.06343015470516,21.16780338762329,-0.11197098143150797,dry_jf,339.4545465241538,1.0,4.0,1,test,False
Murang'a,2023-02-01,2023,2,1,1,Minimal,0.0,1.0,0.9998960447776896,-0.0576458570565428,0.3441188472275587,-0.2171684077820327,0.2710710657576205,68.0603429495113,90.63524208795542,15.071119157982835,52.98922379152846,dry_jf,600.9606534616394,1.0,4.0,1,test,False
Nairobi,2023-02-01,2023,2,1,1,Minimal,0.0,1.0004033639580097,0.9993429939949854,-0.4031941952670002,-0.4781792234220581,-0.7218375121328201,0.0527279220049324,15.448545796408078,19.42678076935587,-21.386704492429597,36.83525028883768,dry_jf,349.07589029272395,1.0,4.0,1,test,False
Nakuru,2023-02-01,2023,2,1,1,Minimal,0.0,1.002054489930805,0.9758551681458985,-0.7618604634974044,0.7202777012331399,1.1254000268549047,2.117458370296248,24.364545756480595,41.68191616468119,22.841098386002265,1.5234473704783298,dry_jf,337.82261196850334,1.0,4.0,1,test,False
Nandi,2023-02-01,2023,2,1,1,Minimal,0.0,1.0,0.9998151603533764,-2.3689299006283253,1.541969432376701,2.907584312377506,1.8643147260786024,70.25464484083714,76.10027389058737,22.264340864952096,47.99030397588505,dry_jf,636.3375639959971,1.0,4.0,1,test,False
Narok,2023-02-01,2023,2,2,2,Stressed,0.0,1.5198887031932586,0.992665047219088,-1.3507146639166483,0.5544398439254457,1.0429479022932415,1.7126645685855424,46.62052517639436,48.14347581891538,8.913204244102147,37.70732093229221,dry_jf,449.4351533314782,1.0,4.0,1,test,False
Nyamira,2023-02-01,2023,2,1,1,Minimal,0.0,1.0,0.999826225293629,-1.925146680780052,1.658486132102201,2.236112193593594,1.5103520799586605,79.90961971275021,88.75374880749467,34.22138581148401,45.6882339012662,dry_jf,707.0676224501927,1.0,4.0,1,test,False
Nyandarua,2023-02-01,2023,2,1,1,Minimal,0.0,1.0051678580196777,0.9999166595581316,-0.3059147361593498,0.4257130112402941,0.2583494300460992,0.8952282859744379,52.9395391072818,77.21607532087926,42.78488342133696,10.154655685944846,dry_jf,478.59632261521887,1.0,4.0,1,test,False
Nyeri,2023-02-01,2023,2,2,2,Stressed,0.0,1.5479244481678864,0.9998906213099176,0.0272400290939383,0.480687623768299,-0.021605666120853,0.1671015313949002,52.49787022391756,44.6935582973397,-18.89703880863981,71.39490903255736,dry_jf,596.5685209899478,2.0,4.0,1,test,False
Samburu,2023-02-01,2023,2,3,3,Crisis or worse,0.8831169733268573,2.883116973326857,0.9999103505205332,-0.288612927617848,-0.3935272619802385,-0.6387749595826535,-0.8197814598520057,10.874625499495924,13.23234573085965,-8.922549126824395,19.79717462632032,dry_jf,233.37064745956647,3.0,4.0,1,test,True
Siaya,2023-02-01,2023,2,1,1,Minimal,0.0,1.0,0.7130635075059107,-1.5300148446784103,0.9403475370093952,1.1251481060875652,0.5458336125722612,54.055946173784335,59.3118527182781,32.11963573234489,21.936310441439446,dry_jf,703.9110029852106,1.0,4.0,1,test,False
Taita Taveta,2023-02-01,2023,2,2,2,Stressed,0.0018167650223728,2.001816765022373,0.9966783872024052,-0.3868956109520043,-0.4116537807635856,-0.7002336334754986,-0.3624069306662137,13.495907724635536,20.23240930036695,-0.496402309610508,13.992310034246044,dry_jf,337.281834884778,2.0,4.0,1,test,False
Tana River,2023-02-01,2023,2,3,3,Crisis or worse,0.9996164899298422,2.9996164899298425,0.9998362955636796,-0.2257127139970975,-0.6609777395504302,-0.7692490529903913,-0.370892447610083,22.31374535916851,15.78285519139893,15.746828195397429,6.566917163771082,dry_jf,208.9215702880231,3.0,4.0,1,test,False
Tharaka-Nithi,2023-02-01,2023,2,2,2,Stressed,0.0001485940499499,1.5709546690182117,0.9999875926821788,-0.1900602172348917,-0.0112991268345272,-0.5452031375599439,-0.6081122683124287,45.974994117878886,52.01719173124295,2.3961372668412344,43.57885685103765,dry_jf,386.5660928989662,3.0,4.0,1,test,False
Trans Nzoia,2023-02-01,2023,2,1,1,Minimal,0.0,1.0,0.9977780064560036,-1.5180171363616948,0.1528063787126748,1.9923598356131271,0.7980411039529224,56.32677558861797,58.52655650021946,17.529286505169804,38.79748908344817,dry_jf,575.422482832226,1.0,4.0,1,test,False
Turkana,2023-02-01,2023,2,3,3,Crisis or worse,0.9999268569640768,2.999926856964077,0.9601531920015408,-1.1862217874583036,-0.0776080952505751,0.1764315476823997,0.2635670071762174,21.60732830117858,18.87545913735909,10.715057982283671,10.892270318894909,dry_jf,134.93439886021372,3.0,4.0,1,test,True
Uasin Gishu,2023-02-01,2023,2,1,1,Minimal,0.0,1.0,0.9999480360329532,-1.900212256269143,0.947690650621646,2.2676972848603336,1.5802224999658137,42.21892293156975,35.4591724372579,25.9033065231406,16.31561640842915,dry_jf,466.5756532543863,1.0,4.0,1,test,False
Vihiga,2023-02-01,2023,2,1,1,Minimal,0.0,1.0,0.999819355374512,-1.929658819530155,1.37013391106615,1.9918871520814891,1.0168588841788857,79.33246600910499,82.56108197808709,22.989894247189756,56.34257176191524,dry_jf,638.2354464495623,1.0,4.0,1,test,False
Wajir,2023-02-01,2023,2,3,3,Crisis or worse,0.9999999861445172,2.999999986144517,0.99963356076371,-0.1319259839633991,-0.1897857801567277,-0.4359050695106317,-0.4839872176472035,-0.5559550824570884,1.7092099301723962,-6.653865159198569,6.0979100767414804,dry_jf,220.92597534518788,3.0,4.0,1,test,True
West Pokot,2023-02-01,2023,2,2,2,Stressed,0.3760207752654645,2.258629192005005,0.9926739731095792,-1.5755891633265782,-0.7460760138116002,0.4325438638845732,-0.0798938308462625,17.036547563565062,13.069054264590443,-0.9103137900885444,17.946861353653606,dry_jf,366.78840132412165,2.0,4.0,1,test,False
Baringo,2023-06-01,2023,6,2,2,Stressed,0.4087889277586709,2.28311320396872,0.9999856886432824,-0.1202736599112818,0.6123462563962326,0.2292168043006179,0.1426326346828159,73.98459001446966,69.35348579595882,37.2896290078038,36.69496100666586,dry_jjas,407.6410955536569,2.0,4.0,1,test,True
Bomet,2023-06-01,2023,6,1,1,Minimal,0.0,1.0,0.9999591445797528,0.1041721564429163,1.652453587509644,1.2786579613382585,-0.4055450816746281,73.78632081615083,71.94857907103575,63.38272013684861,10.403600679302222,dry_jjas,705.0356352221398,1.0,4.0,1,test,False
Bungoma,2023-06-01,2023,6,1,1,Minimal,0.0,1.0,0.9970207416060456,0.2515297481109387,0.7315314442300938,0.0911106193203328,-0.0122761505513723,103.77980970943317,84.7015153180217,57.448411130123695,46.33139857930947,dry_jjas,684.143518918554,1.0,4.0,1,test,False
Busia,2023-06-01,2023,6,1,1,Minimal,0.0,1.0,0.914162035136638,0.3225365332434275,1.7513067789857062,0.9501399030347506,-0.2255626521049907,87.84109533881143,63.65063671693935,47.07055772351485,40.770537615296575,dry_jjas,504.89251568895395,1.0,4.0,1,test,False
Elgeyo-Marakwet,2023-06-01,2023,6,1,1,Minimal,0.0002364710036797,1.003992489490533,0.9999614710628044,-0.1772931316684126,0.4490638579641378,0.0745574587625355,-0.1396743049169587,83.91411191457621,78.71682403667947,29.309648046960103,54.604463867616104,dry_jjas,424.00498148048365,1.0,4.0,1,test,False
Embu,2023-06-01,2023,6,3,3,Crisis or worse,0.6676722065249641,2.335344413049928,0.999984606567881,-1.0427881184357002,0.4532764787578567,0.1393330242611194,-0.0420571339055902,92.26256591055592,101.58552888568629,39.54884839353202,52.7137175170239,dry_jjas,401.4457023614595,2.0,4.0,1,test,False
Garissa,2023-06-01,2023,6,3,3,Crisis or worse,0.999999997376217,2.999999997376217,0.9994707812555468,-2.402821028035341,1.5679173687994434,1.0808200960408347,0.7644021729464752,54.63513908679796,62.93898175864952,30.34974567796993,24.285393408828032,dry_jjas,210.6771075185111,3.0,4.0,1,test,False
Homa Bay,2023-06-01,2023,6,1,1,Minimal,0.0,1.0,0.6628357436647451,-0.263541441490492,1.873377044969848,1.5911331701360396,0.6974840684817734,116.56794680263836,62.61459092841287,64.387621956171,52.18032484646736,dry_jjas,658.3122810444571,1.0,4.0,1,test,False
Isiolo,2023-06-01,2023,6,3,3,Crisis or worse,0.9999988531338484,2.9999977064437453,0.9999974409255082,0.0189701844480903,1.935358270821911,1.7667263057905185,1.1036454113924146,85.04589002124855,56.11635671808821,19.32769416435438,65.71819585689417,dry_jjas,121.15801476654195,3.0,4.0,1,test,False
Kajiado,2023-06-01,2023,6,2,2,Stressed,0.0010385364350929,1.9997004903834876,0.9866597051042564,-0.6499345157774687,-0.1190944480449997,-0.8610284682029372,-0.736222154749962,43.49005664190221,47.457775482438144,16.062750063741504,27.427306578160703,dry_jjas,244.0590119973267,2.0,4.0,1,test,False
Kakamega,2023-06-01,2023,6,1,1,Minimal,0.0,1.0,0.9998432712295532,0.2093969766612653,1.3493303310657103,1.056453984521606,0.0201355724822314,95.60275654240402,74.5638215717676,59.73132041509656,35.87143612730746,dry_jjas,521.962946970816,1.0,4.0,1,test,False
Kericho,2023-06-01,2023,6,1,1,Minimal,0.0,1.0,0.9999526229648772,0.4937895974836267,1.6457214930070607,1.2260817873810788,-0.0974587697758789,84.84451728344824,72.61446097515366,55.82181692828097,29.022700355167274,dry_jjas,577.6437811642602,1.0,4.0,1,test,False
Kiambu,2023-06-01,2023,6,1,1,Minimal,0.0,1.001036389650512,0.9998318358451644,-0.8657235399018712,-0.2393195976515857,-0.8703891873359135,-0.0959232974605184,72.79488648261648,18.1755988069979,7.1317369382108255,65.66314954440566,dry_jjas,365.1581675938478,1.0,4.0,1,test,False
Kilifi,2023-06-01,2023,6,2,2,Stressed,0.0026957456765993,2.0026338916386948,0.9941928245142848,-0.8983059399125592,0.8593491760986909,0.2648780968777405,-0.410432125122098,51.15474860583078,18.69338485236092,-11.67691408388343,62.831662689714214,dry_jjas,485.9236308469297,2.0,4.0,1,test,False
Kirinyaga,2023-06-01,2023,6,1,1,Minimal,0.0002972918804706,1.0005945837609411,0.9999074216214416,-0.9448640578959884,0.3837866282025969,0.1110003358440029,-0.050478838733382,75.29886016817171,85.21764282429498,18.51600011838748,56.78286004978423,dry_jjas,523.427425427593,1.0,4.0,1,test,False
Kisii,2023-06-01,2023,6,1,1,Minimal,0.0,1.0,0.9995821721572732,0.0491099924541777,1.599698820484987,1.4481594997924223,-0.0990216788029153,95.4167078018158,56.03301535991502,74.49408688173028,20.92262092008552,dry_jjas,771.8724273402603,1.0,4.0,1,test,False
Kisumu,2023-06-01,2023,6,1,1,Minimal,0.0,1.0,0.7829061444141889,0.5962949963118352,1.9393023541660817,1.6737188479537355,0.0348405246010876,96.08952500398752,82.99289192733318,73.63075783591748,22.45876716807004,dry_jjas,650.4965825795291,1.0,4.0,1,test,False
Kitui,2023-06-01,2023,6,3,3,Crisis or worse,0.999426101429152,2.998873660690461,0.9999744547689444,-0.1271120914346067,1.2292551904277365,0.514820381225425,-0.2329478347310469,73.71647118518929,73.33419358375797,15.569215265518148,58.147255919671146,dry_jjas,350.0498777837523,3.0,4.0,1,test,False
Kwale,2023-06-01,2023,6,2,2,Stressed,0.0,1.99971200940671,0.9912639533016686,-0.9000554239762092,0.6973915132851246,0.2453818649550156,-0.5806250673769332,55.35939820398137,4.868439990628554,-11.281794370309871,66.64119257429124,dry_jjas,461.4118591660762,2.0,4.0,1,test,False
Laikipia,2023-06-01,2023,6,3,3,Crisis or worse,0.8887705938356851,2.887752003299746,0.9999985455548964,-0.5196091047981433,1.0163570288952666,0.6022395680030377,0.2556069845483016,66.06215342019053,55.82665874306609,12.837170960012312,53.22498246017821,dry_jjas,378.6133408439104,2.0,4.0,1,test,False
Lamu,2023-06-01,2023,6,2,2,Stressed,0.0078360899683419,2.007836089968342,0.9773409282733216,-2.105879917257535,0.3068804688632854,-0.0369736218275755,0.3184731875594662,84.29772748282967,59.60499790979595,34.629958447075374,49.6677690357543,dry_jjas,394.8891092289726,2.0,4.0,1,test,False
Machakos,2023-06-01,2023,6,1,1,Minimal,0.0042536545051138,1.009008986796941,0.9999321623262246,-0.4978611157223666,0.125956372760476,-0.704349517537408,-0.2378613607931445,83.57704305191655,70.88522651328739,23.494542588814223,60.08250046310232,dry_jjas,347.0698296320569,1.0,4.0,1,test,False
Makueni,2023-06-01,2023,6,3,3,Crisis or worse,0.946669863887708,2.894294766691832,0.999985529780931,-0.1928536741741688,0.19300296695905,-0.7684111916856509,-0.9088711404230498,67.50107398532434,72.78691089401552,11.400776261935926,56.100297723388415,dry_jjas,210.84898907247097,3.0,4.0,1,test,False
Mandera,2023-06-01,2023,6,3,3,Crisis or worse,1.0,3.0,0.993483110020438,-0.287062059106438,1.6667800154967156,1.7559586026739693,2.5799120860682643,96.54407532717538,83.86813153977137,68.09095949596585,28.45311583120953,dry_jjas,147.72597818452132,3.0,4.0,1,test,False
Marsabit,2023-06-01,2023,6,3,3,Crisis or worse,1.0,3.0,0.9337761009250708,-0.0116125220952775,1.9916130189660384,1.6815442618542875,1.4060165133482088,71.2118928851949,56.59594406089857,38.57573079934957,32.63616208584533,dry_jjas,183.11284628508548,3.0,4.0,1,test,True
Meru,2023-06-01,2023,6,1,1,Minimal,0.4893402648102665,1.978680529620533,0.9998998814065708,-1.2873008316595356,1.571726406202969,1.2174247905739142,0.2429080628439285,78.25691620636181,110.44600776467271,33.43791299372986,44.81900321263195,dry_jjas,469.95952152110806,1.0,4.0,1,test,False
Migori,2023-06-01,2023,6,1,1,Minimal,0.0,1.0,0.8093394361863654,-0.6605575133903652,1.1758264268061325,0.8732611584157175,0.2694939523511881,109.10263734365564,56.99215897031147,65.94643961641329,43.15619772724236,dry_jjas,460.4970135975702,1.0,4.0,1,test,False
Mombasa,2023-06-01,2023,6,1,1,Minimal,0.0,1.024159169166952,0.9454988271665984,-0.7484018351052867,0.7333974907764077,0.4960276670392793,0.291771119340072,38.53912021870272,28.84457658941858,9.12934210073326,29.40977811796946,dry_jjas,339.4545465241538,1.0,4.0,1,test,False
Murang'a,2023-06-01,2023,6,1,1,Minimal,0.0,1.0,0.9998960447776896,-0.8195081968242206,0.1018686117966588,-0.3284189924864681,-0.009839487492116,74.61049436518476,46.23391113232061,40.562367268523445,34.04812709666132,dry_jjas,600.9606534616394,1.0,4.0,1,test,False
Nairobi,2023-06-01,2023,6,1,1,Minimal,0.0,1.0004033639580097,0.9993429939949854,-0.9119376377997952,-0.3354195778620624,-1.0766606932384526,-0.1660175359751443,69.65859010697645,45.21452462666274,15.755986961862575,53.90260314511387,dry_jjas,349.07589029272395,1.0,4.0,1,test,False
Nakuru,2023-06-01,2023,6,1,1,Minimal,0.0,1.002054489930805,0.9758551681458985,-0.2221764710089987,0.6038892125492858,0.0626305611994074,-0.0035216946830127,85.51727633804533,58.06448294115225,20.89489568949249,64.62238064855285,dry_jjas,337.82261196850334,1.0,4.0,1,test,False
Nandi,2023-06-01,2023,6,1,1,Minimal,0.0,1.0,0.9998151603533764,0.4795953137583844,1.4272895002504762,1.2295072970816947,0.0489486118683474,91.49733259744414,86.92299981497864,56.88075455350936,34.61657804393478,dry_jjas,636.3375639959971,1.0,4.0,1,test,False
Narok,2023-06-01,2023,6,2,2,Stressed,0.0,1.5198887031932586,0.992665047219088,-0.2351684801104026,1.0110390266857954,0.256189905517654,-0.3266925815168381,84.37770485633918,65.63138825778034,44.81564917123504,39.56205568510414,dry_jjas,449.4351533314782,2.0,4.0,1,test,False
Nyamira,2023-06-01,2023,6,1,1,Minimal,0.0,1.0,0.999826225293629,0.4304256053104703,1.9485762381662304,1.7629041046859544,-0.2490489878185858,103.9396458714291,37.22409932485052,59.48638470858036,44.45326116284873,dry_jjas,707.0676224501927,1.0,4.0,1,test,False
Nyandarua,2023-06-01,2023,6,1,1,Minimal,0.0009519769063207,1.0061198349259983,0.9999166595581316,-0.7681723582950097,0.1532848679554319,-0.302341955914596,-0.0962227314703537,71.05208821551206,70.37155860781222,15.147096906329937,55.90499130918212,dry_jjas,478.59632261521887,1.0,4.0,1,test,False
Nyeri,2023-06-01,2023,6,3,3,Crisis or worse,0.5432317644141675,2.0911609634396475,0.9999011292611956,-0.9952385500033242,0.4891097851607296,0.0984803070986214,-0.1562699918546566,62.7025516579673,71.45890686410746,-22.518244950484643,85.22079660845193,dry_jjas,596.5685209899478,2.0,4.0,1,test,False
Samburu,2023-06-01,2023,6,3,3,Crisis or worse,1.0,3.0,0.9999064845337344,0.2077588380092775,1.5659076613089362,1.3129291436098969,0.6466169715018683,57.86247999366689,65.07284582046867,18.9959701921712,38.86650980149569,dry_jjas,233.37064745956647,3.0,4.0,1,test,True
Siaya,2023-06-01,2023,6,1,1,Minimal,0.0,1.0,0.7130635075059107,0.0498460694663353,2.1529984673377744,1.6798473628270254,0.3707914816958927,116.99072095583844,60.60523715383355,52.23437213144245,64.75634882439599,dry_jjas,703.9110029852106,1.0,4.0,1,test,False
Taita Taveta,2023-06-01,2023,6,2,2,Stressed,0.0022386165941925,2.0022386165941923,0.9966783869663586,-0.8423125549617319,0.2751311014700033,-0.4843637483804023,-1.4227889997957566,30.145232266100937,6.358610543045612,-10.34615537324455,40.49138763934549,dry_jjas,337.281834884778,2.0,4.0,1,test,False
Tana River,2023-06-01,2023,6,3,3,Crisis or worse,0.999616489929842,2.999616489929842,0.9998362955636696,-1.4499398682158458,1.527932108496253,0.5886011804471339,0.065454218377453,50.43038923158586,48.76824612351679,15.203789717397198,35.22659951418866,dry_jjas,208.9215702880231,3.0,4.0,1,test,False
Tharaka-Nithi,2023-06-01,2023,6,3,3,Crisis or worse,0.5708060749682616,2.1416121499365235,0.9999875926821788,-1.3238328325913469,1.2352625105835628,1.0281482085235636,0.2483700028020704,64.57104529293149,74.19132563218578,28.788532577296834,35.78251271563465,dry_jjas,386.5660928989662,2.0,4.0,1,test,False
Trans Nzoia,2023-06-01,2023,6,1,1,Minimal,0.0,1.0,0.9977780064560036,0.1528526296193918,0.6597207557076428,0.1416685291473026,0.2695718412246788,87.77963423027653,86.72242327228881,42.76078533012727,45.01884890014926,dry_jjas,575.422482832226,1.0,4.0,1,test,False
Turkana,2023-06-01,2023,6,3,3,Crisis or worse,0.9999916920134178,2.9999916920134178,0.9601531475987374,-0.8354026154064449,1.6470741299088745,1.3165121184698096,0.9086415636753868,74.28806728354571,75.5613190681679,46.52342589614979,27.764641387395926,dry_jjas,134.93439886021372,3.0,4.0,1,test,True
Uasin Gishu,2023-06-01,2023,6,1,1,Minimal,0.0,1.0,0.9999480360329532,-0.1095799545939759,0.7722744412795872,0.4060061687312258,0.0827262758010668,81.25858196321555,70.0383557153799,45.71583743733387,35.54274452588168,dry_jjas,466.5756532543863,1.0,4.0,1,test,False
Vihiga,2023-06-01,2023,6,1,1,Minimal,0.0,1.0,0.999819355374512,0.4941522003160004,1.6655664336405611,1.598632232274501,0.024215726468492,92.10363468945232,76.09988229699627,57.38969066067303,34.71394402877929,dry_jjas,638.2354464495623,1.0,4.0,1,test,False
Wajir,2023-06-01,2023,6,3,3,Crisis or worse,0.9999999861444664,2.9999999861444664,0.9996299030073112,-0.875226428414257,1.7741103739203137,1.847776639553296,2.2251669784279144,78.8768153006792,80.45715831246,52.09828069775514,26.778534602924054,dry_jjas,220.92597534518788,3.0,4.0,1,test,True
West Pokot,2023-06-01,2023,6,2,2,Stressed,0.3760207752654645,2.258629192005005,0.9926739731095792,-0.4607711570631714,0.4197217331720794,-0.0398752414378319,0.1837896473362505,51.848226681745686,65.02595886211225,28.95080786934791,22.897418812397778,dry_jjas,366.78840132412165,2.0,4.0,1,test,False
Baringo,2023-10-01,2023,10,2,2,Stressed,0.0015073178848095,1.8758317570552243,0.9999869852997916,1.2703285068311323,-0.5443641693690877,-0.2214988570941985,-0.6822243452475005,54.53851705767072,44.76348644111659,35.08859802922884,19.449919028441876,short_rains,407.6410955536569,2.0,4.0,1,test,True
Bomet,2023-10-01,2023,10,1,1,Minimal,0.0,1.0,0.9999591445797528,3.0977536512474364,0.7576406365061966,1.9196960506185383,0.2426490466409796,83.11650109225413,53.60726817565717,73.25458885273413,9.861912239519995,short_rains,705.0356352221398,1.0,4.0,1,test,False
Bungoma,2023-10-01,2023,10,1,1,Minimal,0.0,1.0,0.9970207416060456,1.185508038199646,0.4801249948446275,0.8091971314887894,0.7037786773639566,82.22363726859471,88.8034897896056,65.88208632781154,16.34155094078318,short_rains,684.143518918554,1.0,4.0,1,test,False
Busia,2023-10-01,2023,10,1,1,Minimal,0.0,1.0,0.914162035136638,1.4053635019644737,0.3913155578362198,1.913267881500727,0.7696774778726644,79.62413231832286,32.31180649060276,54.08275563538479,25.541376682938072,short_rains,504.89251568895395,1.0,4.0,1,test,False
Elgeyo-Marakwet,2023-10-01,2023,10,1,1,Minimal,0.0,1.0037560184868533,0.9999614710628044,1.3695303849666025,-0.1328848696171369,0.0032659714258614,-0.543822331767292,69.54161173796392,87.56801475545925,50.14275594862423,19.39885578933969,short_rains,424.00498148048365,1.0,4.0,1,test,False
Embu,2023-10-01,2023,10,2,2,Stressed,0.0,1.667672206524964,0.999984606567881,0.0936061631620555,0.0897218247682182,0.4871348691183773,-0.7639773093253117,74.09997146557912,90.35178663142422,42.19026413571846,31.90970732986066,short_rains,401.4457023614595,3.0,4.0,1,test,False
Garissa,2023-10-01,2023,10,3,3,Crisis or worse,0.9999999973761992,2.9999999973761997,0.9994639763046193,-0.3445027729050739,-0.426234131240561,1.2422895390293662,-2.786214249403985,43.55011880814546,48.43311952316503,27.394401826704243,16.15571698144122,short_rains,210.6771075185111,3.0,4.0,1,test,False
Homa Bay,2023-10-01,2023,10,1,1,Minimal,0.0,1.0,0.6628357436647451,1.662564585090308,0.708803869117056,1.5272894335767129,0.0766325199654552,75.92169232618367,35.52271292522215,56.06622565805331,19.85546666813036,short_rains,658.3122810444571,1.0,4.0,1,test,False
Isiolo,2023-10-01,2023,10,3,3,Crisis or worse,0.9996272380957968,2.9996260914018804,0.9999941154232336,0.5555600363475188,0.772574229145612,1.9420507394869444,0.1034690786518415,55.867833807970186,59.19604761049359,54.221533381411774,1.6463004265584118,short_rains,121.15801476654195,3.0,4.0,1,test,False
Kajiado,2023-10-01,2023,10,2,2,Stressed,0.0,1.9986619500880909,0.9866568585689732,1.4956852127046518,-0.07546418155466,-0.1646525407237299,-0.7728735594335646,50.17827245411351,32.13530661994937,20.97204208792973,29.20623036618378,short_rains,244.0590119973267,2.0,4.0,1,test,False
Kakamega,2023-10-01,2023,10,1,1,Minimal,0.0,1.0,0.9998432712295532,1.4202079416794011,0.6510247678947445,1.946576863771435,1.1955869252285531,97.30069097292576,58.07214393950488,55.59413497630665,41.706555996619116,short_rains,521.962946970816,1.0,4.0,1,test,False
Kericho,2023-10-01,2023,10,1,1,Minimal,0.0,1.0,0.9999526229648772,2.800736052407775,0.3552356525389786,1.4208191733343722,0.3921122719315401,49.01323923640733,103.28137568898316,83.77949870072815,-34.766259464320825,short_rains,577.6437811642602,1.0,4.0,1,test,False
Kiambu,2023-10-01,2023,10,1,1,Minimal,0.0,1.001036389650512,0.9998318358451644,1.4335907878603027,-0.3743636558587133,-0.6526435850860827,-1.0693648092951742,64.56328409533351,84.50292841566258,70.17151461055587,-5.60823051522236,short_rains,365.1581675938478,1.0,4.0,1,test,False
Kilifi,2023-10-01,2023,10,2,2,Stressed,0.0026957456765986,2.002633891638694,0.9941928245145446,-0.3547103352094153,0.7846532076719237,0.915953503951214,-0.6636459066576964,20.926599321366403,31.79721644285088,45.811037672032505,-24.8844383506661,short_rains,485.9236308469297,2.0,4.0,1,test,False
Kirinyaga,2023-10-01,2023,10,1,1,Minimal,0.0,1.000297291880471,0.9999074216214416,0.4705590157495277,0.3379203170889763,0.5075918621657669,-0.4174337610448504,56.47520201433402,108.10093435893764,33.30277137055959,23.172430643774433,short_rains,523.427425427593,1.0,4.0,1,test,False
Kisii,2023-10-01,2023,10,1,1,Minimal,0.0,1.0,0.9995821721572732,2.158711454922244,1.114194917692298,2.109845585707052,0.5625945287276776,98.6152903677062,95.98278479658173,75.92713516921458,22.688155198491614,short_rains,771.8724273402603,1.0,4.0,1,test,False
Kisumu,2023-10-01,2023,10,1,1,Minimal,0.0,1.0,0.7829061444141889,2.013809714726907,0.648105776221488,2.585272168695435,0.8407622009481887,76.90068344755393,55.2853406922157,61.39553993274342,15.505143514810513,short_rains,650.4965825795291,1.0,4.0,1,test,False
Kitui,2023-10-01,2023,10,2,2,Stressed,0.0003494562889693,1.99979703734566,1.0000139082032486,-0.2289163374749322,0.889018067448063,1.7497136427599829,0.1732554833866352,47.14733273908773,70.44186102455006,54.74969921444082,-7.602366475353087,short_rains,350.0498777837523,3.0,4.0,1,test,False
Kwale,2023-10-01,2023,10,2,2,Stressed,0.0,1.99971200940671,0.9912639533016692,0.1701060893820634,1.3704256348023924,1.133955006134688,-0.3058439479948037,45.43737038846484,51.8143969929951,74.23422842777666,-28.796858039311815,short_rains,461.4118591660762,2.0,4.0,1,test,False
Laikipia,2023-10-01,2023,10,2,2,Stressed,0.0030231076916906,2.0020045336566,1.0000147454807928,0.509507815638517,-1.0337626374522333,0.2684798803614677,-0.5416998085285614,32.34548832139953,24.332504182331824,34.184693311668475,-1.8392049902689465,short_rains,378.6133408439104,3.0,4.0,1,test,False
Lamu,2023-10-01,2023,10,2,2,Stressed,0.0078360899683419,2.007836089968342,0.9773409282733216,0.0799944364703012,0.2821940927804888,-0.0826591247108648,-2.2719169017639538,80.25584339295499,69.45687228496321,59.93079288129521,20.325050511659775,short_rains,394.8891092289726,2.0,4.0,1,test,False
Machakos,2023-10-01,2023,10,1,1,Minimal,0.0,1.0047553322918272,0.9999321623262246,0.0846897692248098,-1.3004261436604891,-0.060858380102461,-0.6453117951440916,48.67200322697275,62.28294158523538,36.96592186039899,11.706081366573756,short_rains,347.0698296320569,1.0,4.0,1,test,False
Makueni,2023-10-01,2023,10,2,2,Stressed,0.0,1.947624889737296,0.9999852802990984,-0.0636557443715368,0.1276502899409894,0.5709924736265338,-0.0808340177202127,57.43560790222743,69.50908402176758,52.30514974438962,5.130458157837815,short_rains,210.84898907247097,3.0,4.0,1,test,False
Mandera,2023-10-01,2023,10,3,3,Crisis or worse,1.0,3.0,0.993482948642904,-1.0806147533222243,-0.3392403665845635,0.2836978904263196,-0.3414932894579079,57.32224432988575,77.33891886228663,23.91661023660622,33.40563409327953,short_rains,147.72597818452132,3.0,4.0,1,test,False
Marsabit,2023-10-01,2023,10,3,3,Crisis or worse,1.0,3.0,0.9337767803562236,-0.5443584120014964,-1.13106657742384,1.4695977242001894,-0.3115962924244955,56.23288896765276,54.39317809095508,50.07995955416389,6.15292941348887,short_rains,183.11284628508548,3.0,4.0,1,test,True
Meru,2023-10-01,2023,10,1,1,Minimal,0.0045985762816944,1.4939407494247172,0.9999036180411556,0.0760666249099722,0.3440450600822389,1.6044491989271954,-0.8172303818946868,62.44681041823031,105.00623926948892,61.20360606473906,1.2432043534912438,short_rains,469.95952152110806,1.0,4.0,1,test,False
Migori,2023-10-01,2023,10,1,1,Minimal,0.0,1.0,0.8093394361863654,1.915389968436904,0.850443832749955,1.5522764319473747,0.0166276523271633,89.8490848947353,41.21491289050898,55.28108338500491,34.56800150973039,short_rains,460.4970135975702,1.0,4.0,1,test,False
Mombasa,2023-10-01,2023,10,1,1,Minimal,0.0,1.024159169166952,0.9454988271665984,-0.6296709048839988,1.1148185643673632,0.7416207427951296,-0.3253370027198876,45.11016019842327,36.65875031481029,44.28913880654398,0.8210213918792917,short_rains,339.4545465241538,1.0,4.0,1,test,False
Murang'a,2023-10-01,2023,10,1,1,Minimal,0.0,1.0,0.9998960447776896,0.4133335154846081,-0.8908965316058314,-0.1630841233333593,-0.8123571666303621,84.00669876491494,125.4645718850613,47.5611625563199,36.445536208595044,short_rains,600.9606534616394,1.0,4.0,1,test,False
Nairobi,2023-10-01,2023,10,1,1,Minimal,0.0,1.0004033639580097,0.9993429939949854,1.571267291621279,0.0464174015795246,-0.7758641087243243,-1.1150661674063354,55.55245401719253,43.15841918455756,61.452616036734426,-5.900162019541895,short_rains,349.07589029272395,1.0,4.0,1,test,False
Nakuru,2023-10-01,2023,10,1,1,Minimal,0.0,1.002054489930805,0.9758551681458985,1.947864953655721,-0.4436861455658061,-0.0651647008331386,-0.7439742453524407,57.15559796089903,51.16684895704234,55.92494903553579,1.2306489253632407,short_rains,337.82261196850334,1.0,4.0,1,test,False
Nandi,2023-10-01,2023,10,1,1,Minimal,0.0,1.0,0.9998151603533764,2.030543160064303,0.6717900879302525,1.9917794895964416,1.128749856804314,72.38449777190027,104.16831116286414,80.2708125375991,-7.8863147656988275,short_rains,636.3375639959971,1.0,4.0,1,test,False
Narok,2023-10-01,2023,10,2,2,Stressed,0.0,1.5198887031932586,0.992665047219088,3.2068719410974635,0.9211008873705548,0.8280533433796827,-0.2724288368093738,76.27456124046732,38.82182739660409,57.92408267546796,18.350478564999364,short_rains,449.4351533314782,2.0,4.0,1,test,False
Nyamira,2023-10-01,2023,10,1,1,Minimal,0.0,1.0,0.999826225293629,2.461946511820892,1.1697677600009388,2.4975148306130244,0.7463634820291412,75.20205381762834,94.7149593032431,83.91809633004004,-8.716042512411704,short_rains,707.0676224501927,1.0,4.0,1,test,False
Nyandarua,2023-10-01,2023,10,1,1,Minimal,0.0,1.0051678580196777,0.9999166595581316,1.2321635673217295,-1.0450774590383447,-0.5198487836576874,-1.037638061755416,53.24813918679085,81.1902225815004,52.535265090129165,0.712874096661686,short_rains,478.59632261521887,1.0,4.0,1,test,False
Nyeri,2023-10-01,2023,10,2,2,Stressed,0.0,1.5479244481678869,0.9998906213099183,0.5631511747319501,-0.6218079984088192,0.2776349528780978,-0.8002711213785628,56.694286023039616,98.23006439923816,45.05922238959064,11.63506363344898,short_rains,596.5685209899478,3.0,4.0,1,test,False
Samburu,2023-10-01,2023,10,3,3,Crisis or worse,0.9999652977143032,2.9999652977143034,0.9999065224702568,0.1241405922269798,-0.981269128047462,1.2435525912220502,-0.1743910099383163,26.18549528792836,23.180766017455444,20.864358860488032,5.321136427440329,short_rains,233.37064745956647,3.0,4.0,1,test,True
Siaya,2023-10-01,2023,10,1,1,Minimal,0.0,1.0,0.7130635075059107,1.4207923239332194,0.4920956273154158,2.0882818721442584,0.488486972081778,89.10858507902526,52.61220386478155,74.80724533669455,14.301339742330711,short_rains,703.9110029852106,1.0,4.0,1,test,False
Taita Taveta,2023-10-01,2023,10,2,2,Stressed,0.000257074476969,2.000257074476969,0.9966783872024696,0.1968827083437727,1.2802071455279658,1.859661640068984,0.3904283261360471,12.442713943813748,41.160321258943306,16.432485891664196,-3.989771947850448,short_rains,337.281834884778,2.0,4.0,1,test,False
Tana River,2023-10-01,2023,10,3,3,Crisis or worse,0.9990219475993868,2.9990219475993865,0.9998364505696868,0.0883261652470737,1.1939439838430477,2.4324274383690145,-0.9440854027595732,34.29898366456371,43.80980407406633,33.249712414869045,1.0492712496946623,short_rains,208.9215702880231,3.0,4.0,1,test,False
Tharaka-Nithi,2023-10-01,2023,10,2,2,Stressed,0.0,1.5708060749682615,0.9999875926821788,0.0653203245238369,0.3511245378187177,1.21908071310133,-0.9670946292495408,55.51537175779648,92.55948503419216,34.17532981026173,21.34004194753475,short_rains,386.5660928989662,3.0,4.0,1,test,False
Trans Nzoia,2023-10-01,2023,10,1,1,Minimal,0.0,1.0,0.9977780064560036,1.433267528862371,0.6257769609095816,0.7172943971622299,0.5159526719477051,25.682068752296445,81.20209959395469,69.16118624284968,-43.479117490553236,short_rains,575.422482832226,1.0,4.0,1,test,False
Turkana,2023-10-01,2023,10,3,3,Crisis or worse,0.9999523071884676,2.9999523071884675,0.9601531475982584,-0.1142262055605343,-1.1063719659205653,0.3225546380337606,-1.3011125952462756,37.37161280120086,34.392562509351336,27.66697029260176,9.7046425085991,short_rains,134.93439886021372,3.0,4.0,1,test,True
Uasin Gishu,2023-10-01,2023,10,1,1,Minimal,0.0,1.0,0.9999480360329532,1.903129716523997,0.1428032692589481,0.5888917014189703,0.0079283269488338,64.4818966256481,100.25699397614753,72.50410481372482,-8.022208188076718,short_rains,466.5756532543863,1.0,4.0,1,test,False
Vihiga,2023-10-01,2023,10,1,1,Minimal,0.0,1.0,0.999819355374512,1.5919679154328803,0.8083875936777916,2.5437650357294266,1.2418766073183862,122.03750693503714,110.81284135707152,83.99238276306922,38.04512417196793,short_rains,638.2354464495623,1.0,4.0,1,test,False
Wajir,2023-10-01,2023,10,3,3,Crisis or worse,0.9999999861445172,2.999999986144517,0.9996335607637094,-0.84754808694917,-0.1466482149515147,1.2558881113729514,-0.8597654871511131,72.99833960982697,82.28612604239243,59.249833959203485,13.748505650623486,short_rains,220.92597534518788,3.0,4.0,1,test,True
West Pokot,2023-10-01,2023,10,2,2,Stressed,0.0026265868449534,1.885235003584494,0.9926739731095776,1.1960307375184465,-0.4778065933950883,-0.4748355600157647,-0.9723594975508548,41.1699844642857,25.483917199923678,24.00029922102304,17.169685243262656,short_rains,366.78840132412165,2.0,4.0,1,test,False
Baringo,2024-02-01,2024,2,2,2,Stressed,0.0012764640545953,1.874969490924025,0.9999804231628514,1.650524712403632,0.7306433967358272,0.6816816358422246,1.7011021718366397,50.09770809726141,57.7080587821514,66.48142668437468,-16.383718587113272,dry_jf,407.6410955536569,2.0,4.0,1,test,True
Bomet,2024-02-01,2024,2,1,1,Minimal,0.0,1.0,0.9999591445797528,2.844623034353741,2.3872828023208914,3.0882495180696248,3.673417304840231,90.2959082928743,67.55292443454645,58.80500806433901,31.49090022853529,dry_jf,705.0356352221398,1.0,4.0,1,test,False
Bungoma,2024-02-01,2024,2,1,1,Minimal,0.0,1.0,0.9970207416060456,2.578588613022535,0.9454805513449,1.398855187246025,0.9064704996224392,86.9769101149947,92.5120741385894,113.09966273480823,-26.12275261981354,dry_jf,684.143518918554,1.0,4.0,1,test,False
Busia,2024-02-01,2024,2,1,1,Minimal,0.0,1.0,0.914162035136638,2.1308513496850385,1.4454360910358457,2.325483205509018,2.610326447724004,95.97927343621606,90.19707880283848,88.12604672202083,7.85322671419523,dry_jf,504.89251568895395,1.0,4.0,1,test,False
Elgeyo-Marakwet,2024-02-01,2024,2,1,1,Minimal,0.0,1.0006154999387935,0.9999531832842424,1.355745544274778,0.2886823734835744,0.7244672267662285,1.2678930239707351,72.80962300423329,78.01683561716814,74.95148841444795,-2.1418654102146633,dry_jf,424.00498148048365,1.0,4.0,1,test,False
Embu,2024-02-01,2024,2,2,2,Stressed,0.0,1.667672206524964,0.999984606567881,0.9136856784658104,1.5707073852045972,1.4291147064388303,2.059697122543054,84.09727067171183,96.03347330244736,87.810358746345,-3.713088074633177,dry_jf,401.4457023614595,2.0,4.0,1,test,False
Garissa,2024-02-01,2024,2,3,3,Crisis or worse,0.9998398312964832,2.999839831296484,0.999466245753788,0.3905823858309637,1.6313188096417108,1.3705997837521782,1.5120285293863165,101.3444658621685,96.77063365499303,90.14814847595729,11.19631738621122,dry_jf,210.6771075185111,3.0,4.0,1,test,False
Homa Bay,2024-02-01,2024,2,1,1,Minimal,0.0,1.0,0.6628357436647451,1.387552202879863,1.7256095844286805,2.517523255767764,3.242815223806457,64.51649595006543,89.06129555326355,61.42660085826403,3.0898950918014023,dry_jf,658.3122810444571,1.0,4.0,1,test,False
Isiolo,2024-02-01,2024,2,3,3,Crisis or worse,0.9981047146050628,2.998103567875343,0.99996289383669,0.479792107069496,1.4540630640694243,1.4108431946599194,2.152007120694421,108.13981521759258,106.53886610135434,96.39269457315837,11.747120644434219,dry_jf,121.15801476654195,3.0,4.0,1,test,False
Kajiado,2024-02-01,2024,2,2,2,Stressed,0.0,1.9978818682003,0.9866570549184218,1.650557432748878,1.6152137470348096,1.597955947774584,2.3863746667674577,89.23844402627948,84.73854463559643,106.67871803559544,-17.440274009315957,dry_jf,244.0590119973267,2.0,4.0,1,test,False
Kakamega,2024-02-01,2024,2,1,1,Minimal,0.0,1.0,0.9998432712295532,2.2765508444762474,1.2910551074693328,2.4760378880219336,2.074007532645033,98.45375850636556,90.48264835136877,110.97998752463606,-12.526229018270499,dry_jf,521.962946970816,1.0,4.0,1,test,False
Kericho,2024-02-01,2024,2,1,1,Minimal,0.0,1.0,0.9999526229648772,2.259443974652793,1.6830295028671378,2.565184047272977,3.529624836470934,86.46338996930605,71.42530470296145,77.19225551760678,9.271134451699268,dry_jf,577.6437811642602,1.0,4.0,1,test,False
Kiambu,2024-02-01,2024,2,1,1,Minimal,0.0,1.001036389650512,0.9998318358451616,1.5236565882162325,1.625293701332578,1.5065744042863372,1.9701463461625557,61.83384442502931,80.66175892669682,68.4338304513696,-6.599986026340289,dry_jf,365.1581675938478,1.0,4.0,1,test,False
Kilifi,2024-02-01,2024,2,2,2,Stressed,0.0,1.9992691542415924,0.9941942173456324,-0.0941744194589081,3.311046151188991,2.4400520373259087,2.577730446378521,87.95513560056912,101.8908360906847,71.71063763841937,16.24449796214975,dry_jf,485.9236308469297,2.0,4.0,1,test,False
Kirinyaga,2024-02-01,2024,2,1,1,Minimal,0.0,1.000297291880471,0.9999074216214416,1.1769966377006045,1.540809270641157,1.2727369456610695,1.679030693446474,42.25080099396441,42.01537824051096,66.84588208144422,-24.595081087479805,dry_jf,523.427425427593,1.0,4.0,1,test,False
Kisii,2024-02-01,2024,2,1,1,Minimal,0.0,1.0,0.9995821721572732,2.229057163746446,2.521483427367573,3.396525524114495,3.764160048737639,90.11121991304616,89.17545467179518,34.7594903150948,55.351729597951355,dry_jf,771.8724273402603,1.0,4.0,1,test,False
Kisumu,2024-02-01,2024,2,1,1,Minimal,0.0,1.0,0.7829061444141889,1.6546995968782718,1.5847288962264303,2.443885383906927,3.11652523108254,87.43375511285173,101.55134641640772,78.30272199400915,9.13103311884258,dry_jf,650.4965825795291,1.0,4.0,1,test,False
Kitui,2024-02-01,2024,2,2,2,Stressed,4.64735441056077e-08,1.999426147896366,0.9999744437390836,0.2912194590574223,1.312777837591684,1.3201144117589634,2.0995240669477813,80.18861357177927,89.47944369801071,71.66620116695194,8.522412404827335,dry_jf,350.0498777837523,2.0,4.0,1,test,False
Kwale,2024-02-01,2024,2,2,2,Stressed,0.0,1.9964024485104197,0.9912677758629524,0.3223412557262738,3.405379480503873,2.74430892876648,3.201602076769197,94.99569634873224,94.6895443414264,78.49650149614791,16.499194852584324,dry_jf,461.4118591660762,2.0,4.0,1,test,False
Laikipia,2024-02-01,2024,2,2,2,Stressed,0.0016009953969313,2.000582419232105,1.0000126545556758,1.2771814712086624,1.2518218967818562,0.9615589253354684,1.6796890098874966,72.88839513187416,90.11492496110466,79.5944851345952,-6.706090002721041,dry_jf,378.6133408439104,2.0,4.0,1,test,False
Lamu,2024-02-01,2024,2,2,2,Stressed,0.0075337346269623,2.0075337346269624,0.9773149393714956,0.3370418198122148,2.7613884489248397,2.168200243819255,1.635077140524987,110.3223370121038,96.3730880134276,77.3024427405598,33.019894271544004,dry_jf,394.8891092289726,2.0,4.0,1,test,False
Machakos,2024-02-01,2024,2,1,1,Minimal,0.0,1.004755332291827,0.9999321623262248,1.30203626786108,1.3238682997084943,1.2240664288486214,1.8467874291505133,82.31608391052438,97.03626208124176,58.619691695136446,23.696392215387938,dry_jf,347.0698296320569,1.0,4.0,1,test,False
Makueni,2024-02-01,2024,2,2,2,Stressed,0.0,1.9476236692252251,0.9999852802990988,0.8367237352079467,1.3538215612448037,1.3166676959575765,2.218770073301648,90.37249762680412,103.63556664781936,75.48815313149795,14.884344495306166,dry_jf,210.84898907247097,2.0,4.0,1,test,False
Mandera,2024-02-01,2024,2,3,3,Crisis or worse,1.0,3.0,0.9934829486429037,-0.2922043352400697,3.734668585966045,3.32546530112559,3.587160768385591,101.357365295588,94.13967618377248,103.41526172534216,-2.057896429754166,dry_jf,147.72597818452132,3.0,4.0,1,test,False
Marsabit,2024-02-01,2024,2,3,3,Crisis or worse,0.9999393117411808,2.999939311741181,0.9337760885726988,0.0103120524806505,1.5488975538089849,2.0384313531678853,2.9558097382588246,89.71563185877125,93.9877805252038,124.10276850622002,-34.38713664744877,dry_jf,183.11284628508548,3.0,4.0,1,test,True
Meru,2024-02-01,2024,2,1,1,Minimal,0.0045985762816944,1.49394074942472,0.9999036180411602,0.8124140231976775,1.368847220923207,1.3802837542882245,1.9481691509106076,97.92759557671504,92.2226206870274,95.19870306218364,2.7288925145313954,dry_jf,469.95952152110806,1.0,4.0,1,test,False
Migori,2024-02-01,2024,2,1,1,Minimal,0.0,1.0,0.8093394361863654,1.4667504436870746,1.855058241267868,2.571215320901583,3.117995038822348,76.33880769563338,95.79288004747012,63.789224730633535,12.549582964999843,dry_jf,460.4970135975702,1.0,4.0,1,test,False
Mombasa,2024-02-01,2024,2,1,1,Minimal,0.0,1.024159169166952,0.9454988271665984,-0.0068473033991803,3.6400187235700336,2.524302647904256,2.968026957050004,88.7324573485063,80.34359918193765,54.17433988095739,34.55811746754891,dry_jf,339.4545465241538,1.0,4.0,1,test,False
Murang'a,2024-02-01,2024,2,1,1,Minimal,0.0,1.0,0.9998960447776896,1.6169724029204726,2.105092302227701,1.704567616130063,2.159230654054964,75.12282568257365,83.60596287004851,83.03158834946733,-7.908762666893679,dry_jf,600.9606534616394,1.0,4.0,1,test,False
Nairobi,2024-02-01,2024,2,1,1,Minimal,0.0,1.0004033639580097,0.9993429939949852,1.3792625155474387,1.2491781708005294,1.2201548764526289,1.7066406617730376,65.10632253529299,86.56434924722379,75.70815954380065,-10.601837008507658,dry_jf,349.07589029272395,1.0,4.0,1,test,False
Nakuru,2024-02-01,2024,2,1,1,Minimal,0.0,1.002054489930805,0.9758551681458985,2.079556791268169,1.7737439613687025,1.7863064291224189,3.045977751667212,73.87762535778589,74.7117270022194,64.2106752282765,9.666950129509388,dry_jf,337.82261196850334,1.0,4.0,1,test,False
Nandi,2024-02-01,2024,2,1,1,Minimal,0.0,1.0,0.9998151603533764,2.000996552165838,1.4867278124857848,2.5800114909644942,2.8174063226189245,76.30277072111447,80.48830022597957,101.39991645889005,-25.097145737775577,dry_jf,636.3375639959971,1.0,4.0,1,test,False
Narok,2024-02-01,2024,2,1,1,Minimal,0.0,1.0001312284969692,0.992664870675866,2.9238659132286378,2.574460969981176,3.0709442158763225,3.653512109769284,85.09101233935156,86.76937617210841,88.34304816283243,-3.252035823480867,dry_jf,449.4351533314782,2.0,4.0,1,test,False
Nyamira,2024-02-01,2024,2,1,1,Minimal,0.0,1.0,0.999826225293629,2.2227239874004234,2.312181250775544,3.113884137419292,3.5958811021909134,79.97963011074427,77.93713308656515,44.76379439056026,35.21583572018401,dry_jf,707.0676224501927,1.0,4.0,1,test,False
Nyandarua,2024-02-01,2024,2,1,1,Minimal,0.0,1.0051678580196777,0.9999166595581316,1.8032252468716623,1.5933149023784396,1.1330341316302248,1.825487068251187,72.1368618602062,77.72250348331616,29.55403100715344,42.582830853052755,dry_jf,478.59632261521887,1.0,4.0,1,test,False
Nyeri,2024-02-01,2024,2,2,2,Stressed,0.0,1.5479244481678869,0.9998906213099183,1.5140708213296294,1.6760201980551863,1.3370524721850705,1.7438023749713856,67.4437913048884,51.10370730169163,86.30898296851316,-18.865191663624756,dry_jf,596.5685209899478,2.0,4.0,1,test,False
Samburu,2024-02-01,2024,2,2,2,Stressed,0.0033704837250453,2.0033704837250457,0.9999064817953814,0.8286869350626334,0.917732519294922,1.369376754713202,2.183631034735096,77.66489160928283,85.81539630833619,100.56141123677013,-22.896519627487294,dry_jf,233.37064745956647,3.0,4.0,1,test,True
Siaya,2024-02-01,2024,2,1,1,Minimal,0.0,1.0,0.7130635075059107,1.4739942365104248,1.3449229888893408,2.1382003030291945,2.760028112584888,73.04208964672868,86.9684358670046,77.67606843656442,-4.633978789835737,dry_jf,703.9110029852106,1.0,4.0,1,test,False
Taita Taveta,2024-02-01,2024,2,1,1,Minimal,0.0,1.0030037691577696,0.996689633840372,0.3764878003531262,1.986555057458609,1.9123884694026223,2.8640869945197864,100.08015635588472,102.76451025699735,58.129521912788455,41.95063444309627,dry_jf,337.281834884778,2.0,4.0,1,test,False
Tana River,2024-02-01,2024,2,2,2,Stressed,0.0016345853063484,2.001631980153994,0.9998461025339648,0.1078072415186023,1.9670112446363484,1.8739918561639888,2.4342703717071954,77.19590283081318,90.91050055721963,85.67454080043414,-8.478637969620962,dry_jf,208.9215702880231,3.0,4.0,1,test,False
Tharaka-Nithi,2024-02-01,2024,2,2,2,Stressed,0.0,1.5708060749682615,0.9999875926821788,0.736273042560034,1.5446785908848886,1.454272492202617,2.0539421115456773,75.21723883708536,68.54828628915001,65.19245003700972,10.02478880007564,dry_jf,386.5660928989662,2.0,4.0,1,test,False
Trans Nzoia,2024-02-01,2024,2,1,1,Minimal,0.0,1.0,0.9977780064560036,2.003506057065531,0.6767881326825529,1.1766476412109177,1.1096825114924544,80.39871027962872,81.43653974423154,98.8961649316164,-18.49745465198768,dry_jf,575.422482832226,1.0,4.0,1,test,False
Turkana,2024-02-01,2024,2,3,3,Crisis or worse,0.9997793342202268,2.9997363471646192,0.9601531475987404,1.0185083348962327,0.6995299572765208,0.7880030861835711,1.6569964029406663,53.062997264856186,52.92151551741261,87.81568162545055,-34.752684360594365,dry_jf,134.93439886021372,3.0,4.0,1,test,True
Uasin Gishu,2024-02-01,2024,2,1,1,Minimal,0.0,1.0,0.9999480360329532,1.4247847370751154,0.4798903850686024,0.9963387238896232,1.4868026150353864,81.84417924516934,72.216348851404,96.12834747094082,-14.28416822577148,dry_jf,466.5756532543863,1.0,4.0,1,test,False
Vihiga,2024-02-01,2024,2,1,1,Minimal,0.0,1.0,0.9998193553745144,2.006943056436575,1.6451360921317488,2.78207851696005,2.8260769720516343,82.00502818803753,96.0696088463676,93.32091163756388,-11.315883449526353,dry_jf,638.2354464495623,1.0,4.0,1,test,False
Wajir,2024-02-01,2024,2,3,3,Crisis or worse,0.9999999861444424,2.999999986144443,0.9996281767904702,-0.326157369565289,2.427018548407859,2.243248991047037,2.637524973284675,96.70045047072426,93.67009977810046,82.83550663673888,13.864943833985379,dry_jf,220.92597534518788,3.0,4.0,1,test,True
West Pokot,2024-02-01,2024,2,1,1,Minimal,0.0026265871503274,1.0053642091355135,0.9926738576986502,1.4550308286748836,0.1163871463334425,0.4361225158489814,1.2685132958039138,43.654522119385646,51.62196250506531,82.4089442712096,-38.75442215182396,dry_jf,366.78840132412165,2.0,4.0,1,test,False
Baringo,2024-06-01,2024,6,2,2,Stressed,0.0,1.8736930268695733,0.999980423163988,1.7055633637736518,1.6743926056907117,1.547854334391769,0.5807188707514573,96.70361260213105,79.4714805662111,37.51236853382061,59.19124406831043,dry_jjas,407.6410955536569,2.0,4.0,1,test,True
Bomet,2024-06-01,2024,6,1,1,Minimal,0.0,1.0,0.9999591445797528,0.9117229038916784,0.971685056543312,2.30369745873839,2.014468356918166,109.781165055912,60.70413031419132,93.960945798673,15.820219257239003,dry_jjas,705.0356352221398,1.0,4.0,1,test,False
Bungoma,2024-06-01,2024,6,1,1,Minimal,0.0,1.0,0.9970207416060456,0.4693678453233803,0.3528895644998733,1.3736071992067962,1.4188491745430891,121.94244712893304,111.97103447433764,101.67373392021096,20.268713208722076,dry_jjas,684.143518918554,1.0,4.0,1,test,False
Busia,2024-06-01,2024,6,1,1,Minimal,0.0,1.0,0.914162035136638,0.0360491012788679,0.5642666731939613,1.6758940479206912,1.614981925701379,89.5658678919875,91.3124680227828,93.2591885269671,-3.6933206349795995,dry_jjas,504.89251568895395,1.0,4.0,1,test,False
Elgeyo-Marakwet,2024-06-01,2024,6,1,1,Minimal,0.0,1.0006154999387935,0.9999531832842424,1.489063686645218,1.6101345468370136,1.4529261354078746,0.5600729244644563,104.20161908484496,100.41239798674133,83.91555999056331,20.286059094281654,dry_jjas,424.00498148048365,1.0,4.0,1,test,False
Embu,2024-06-01,2024,6,2,2,Stressed,0.0,1.667672206524964,0.999984606567881,1.4214394984230243,1.9514397732401667,2.1516818906509143,0.3706832520089617,120.13451201132176,115.35018202134646,69.69284958627328,50.44166242504848,dry_jjas,401.4457023614595,2.0,4.0,1,test,False
Garissa,2024-06-01,2024,6,2,2,Stressed,2.771063219523922e-05,2.0000277106321955,0.999463973682636,-0.2784115526472025,0.4994660938400758,0.8113171835058595,-0.1925998074542608,84.14850248160045,105.98603365055811,81.84301993581519,2.305482545785253,dry_jjas,210.6771075185111,3.0,4.0,1,test,False
Homa Bay,2024-06-01,2024,6,1,1,Minimal,0.0,1.0,0.6628357436647451,-0.2999407334698131,0.1404481691740337,1.082826531829357,0.9142612196180278,113.12150658360392,99.29093726800822,83.79697318693215,29.324533396671768,dry_jjas,658.3122810444571,1.0,4.0,1,test,False
Isiolo,2024-06-01,2024,6,2,2,Stressed,9.035624676525336e-06,2.0000078888922217,0.9999605086275588,1.9205485216852791,0.8449332799077084,0.7252393936402193,-0.1667365619483004,93.3061942117164,69.22753872504096,67.19044474476792,26.115749466948486,dry_jjas,121.15801476654195,3.0,4.0,1,test,False
Kajiado,2024-06-01,2024,6,2,2,Stressed,0.0,1.9978818682003,0.9866570549184218,2.3459465297501363,2.6269834856131085,2.452959375201137,1.3160870276727783,93.18713276045123,93.0897370773977,79.95746927443288,13.229663486018353,dry_jjas,244.0590119973267,2.0,4.0,1,test,False
Kakamega,2024-06-01,2024,6,1,1,Minimal,0.0,1.0,0.9998432712295532,0.2610274887243381,0.4417413099252195,1.7213561208715331,1.7911611800419127,99.98109097329628,112.91822809092228,100.99164237134669,-1.01055139805041,dry_jjas,521.962946970816,1.0,4.0,1,test,False
Kericho,2024-06-01,2024,6,1,1,Minimal,0.0,1.0,0.9999526229648772,0.8605470438543675,0.8440597367610467,1.6948929780804125,1.751077205298558,109.82804937230142,109.15350923188552,99.36344346278187,10.464605909519548,dry_jjas,577.6437811642602,1.0,4.0,1,test,False
Kiambu,2024-06-01,2024,6,1,1,Minimal,0.0,1.001036389650512,0.9998318358451616,2.183170377492986,3.4982345602076137,3.5911479231907464,1.066510297860746,65.58311503350039,99.06817318293449,80.02529948518448,-14.442184451684085,dry_jjas,365.1581675938478,1.0,4.0,1,test,False
Kilifi,2024-06-01,2024,6,2,2,Stressed,0.0,1.9992691542415924,0.9941942173456992,-1.1127607271328115,-0.5940931359057837,0.3695252295546509,0.3955555214952927,32.701399396039086,87.89892775412943,74.2741556171279,-41.57275622108882,dry_jjas,485.9236308469297,2.0,4.0,1,test,False
Kirinyaga,2024-06-01,2024,6,1,1,Minimal,0.0,1.000297291880471,0.9999074216214416,1.187289829871963,2.20987764800146,2.408592460002528,0.4065133213021722,79.7598156337588,86.1649162833049,83.84047615975905,-4.080660526000244,dry_jjas,523.427425427593,1.0,4.0,1,test,False
Kisii,2024-06-01,2024,6,1,1,Minimal,0.0,1.0,0.9995821721572732,0.4323912890918275,0.5500633606690911,1.910180472849497,1.48723219620116,121.65141035193795,103.2054190617593,101.00602958314086,20.645380768797096,dry_jjas,771.8724273402603,1.0,4.0,1,test,False
Kisumu,2024-06-01,2024,6,1,1,Minimal,0.0,1.0,0.7829061444141889,0.1217692553605522,0.903297220426036,1.898598325193108,1.8141587174044216,103.45555505610562,121.56973796866926,98.83623226211698,4.619322793988644,dry_jjas,650.4965825795291,1.0,4.0,1,test,False
Kitui,2024-06-01,2024,6,2,2,Stressed,0.0,1.999426101429152,0.999974454768937,1.85803578319062,1.7694629757826144,1.4578557715470497,0.6142847052817559,95.23616760877886,102.40409899309168,58.39329333308832,36.842874275690534,dry_jjas,350.0498777837523,2.0,4.0,1,test,False
Kwale,2024-06-01,2024,6,2,2,Stressed,0.0,1.996402448510419,0.991267775862953,-1.7639804564460553,-0.875283653974574,-0.2466373659448144,0.6874493578095213,61.80470613090986,101.93583948121676,78.99291281918802,-17.188206688278164,dry_jjas,461.4118591660762,2.0,4.0,1,test,False
Laikipia,2024-06-01,2024,6,2,2,Stressed,0.0,1.998981396948026,0.9999862581216884,1.7692545060795255,1.5071211589222715,1.6588136500252757,0.6344293365470614,118.44189579962271,106.2195641934066,39.21375351231912,79.2281422873036,dry_jjas,378.6133408439104,2.0,4.0,1,test,False
Lamu,2024-06-01,2024,6,2,2,Stressed,0.0,2.0,0.977248259021535,-0.4331343376153144,-0.3037672189332951,0.5153925242264711,0.2247191664905189,91.32330535638836,120.27916995680272,110.84755469230494,-19.52424933591658,dry_jjas,394.8891092289726,2.0,4.0,1,test,False
Machakos,2024-06-01,2024,6,1,1,Minimal,0.0,1.004755332291827,0.9999321623262248,2.152640822461655,3.3669906902636253,3.0388113789143527,0.9622216096644572,117.7257125875452,101.56105615197345,61.736104906942025,55.98960768060318,dry_jjas,347.0698296320569,1.0,4.0,1,test,False
Makueni,2024-06-01,2024,6,2,2,Stressed,0.0,1.947623669225225,0.9999852802990986,1.7514862490735674,2.517702088353736,2.0582135785913014,1.1228977481116669,89.37191590837195,109.7366901121685,70.65951501600226,18.712400892369686,dry_jjas,210.84898907247097,2.0,4.0,1,test,False
Mandera,2024-06-01,2024,6,2,2,Stressed,0.0,2.0,0.9934829486429028,0.3955673665322864,1.8487865706209567,1.9195900908219548,-0.6629712583548032,131.95786433923712,99.27117005044596,76.20180565603889,55.75605868319823,dry_jjas,147.72597818452132,3.0,4.0,1,test,False
Marsabit,2024-06-01,2024,6,2,2,Stressed,0.0,2.0,0.9337761009358352,0.9946031092446584,1.4605855788741997,1.3526819242193158,-0.2409764510686118,104.703059982612,75.10348230585551,55.80296637597597,48.900093606636034,dry_jjas,183.11284628508548,3.0,4.0,1,test,True
Meru,2024-06-01,2024,6,1,1,Minimal,0.0,1.4893402648102658,0.9998998814065696,0.875218189396367,1.450953771027964,1.5831452261523478,0.4570130817336713,109.11938994750494,130.1651039842826,72.29562057707845,36.82376937042649,dry_jjas,469.95952152110806,1.0,4.0,1,test,False
Migori,2024-06-01,2024,6,1,1,Minimal,0.0,1.0,0.8093394361863654,-0.5325462923095537,-0.818224754192409,0.3833341113185552,0.2015854443004777,112.3464765849223,127.29956142845292,80.96537163048762,31.381104954434676,dry_jjas,460.4970135975702,1.0,4.0,1,test,False
Mombasa,2024-06-01,2024,6,1,1,Minimal,0.0,1.024159169166952,0.9454988271665984,-1.5084516765163896,-0.6455415110435351,-0.3851443269127303,0.5795296505304988,57.025623260005766,87.05226877436714,77.84762626088752,-20.822003000881757,dry_jjas,339.4545465241538,1.0,4.0,1,test,False
Murang'a,2024-06-01,2024,6,1,1,Minimal,0.0,1.0,0.9998960447776896,2.011653297276527,3.513807807829279,3.5458467033254712,0.8266711242075383,77.67417975340315,100.14766471975948,83.60589389461381,-5.931714141210662,dry_jjas,600.9606534616394,1.0,4.0,1,test,False
Nairobi,2024-06-01,2024,6,1,1,Minimal,0.0,1.0004033639580097,0.9993429939949852,1.786137841473272,3.0489075191698536,2.924283160827512,1.1001450949499194,75.91531295398899,80.43956900133892,76.74596916415648,-0.8306562101674899,dry_jjas,349.07589029272395,1.0,4.0,1,test,False
Nakuru,2024-06-01,2024,6,1,1,Minimal,0.0,1.002054489930805,0.9758551681458985,2.7281506060720875,2.4588161894144256,2.334777945441508,1.1556255565986415,104.44733255053583,85.68370992160874,64.76449257884636,39.682839971689475,dry_jjas,337.82261196850334,1.0,4.0,1,test,False
Nandi,2024-06-01,2024,6,1,1,Minimal,0.0,1.0,0.9998151603533764,0.6362128109053596,0.6903204163166824,1.7198181320778438,1.7638548896915716,105.00337217171976,116.99604324206754,98.73949504825003,6.263877123469726,dry_jjas,636.3375639959971,1.0,4.0,1,test,False
Narok,2024-06-01,2024,6,1,1,Minimal,0.0,1.0001312284969692,0.992664870675866,2.102631367530766,3.098003291313461,3.3985855461323258,1.934031567899502,101.439846774922,95.14775415875634,88.96192892230575,12.477917852616258,dry_jjas,449.4351533314782,1.0,4.0,1,test,False
Nyamira,2024-06-01,2024,6,1,1,Minimal,0.0,1.0,0.999826225293629,0.5534709598773992,1.0056331643041452,2.100451287142871,1.712080541991461,107.95065355467034,92.13591194991474,85.76283665132554,22.187816903344796,dry_jjas,707.0676224501927,1.0,4.0,1,test,False
Nyandarua,2024-06-01,2024,6,1,1,Minimal,0.0,1.0051678580196777,0.9999166595581316,2.659118507805664,2.591313124825529,2.427291406243404,0.7151735505357018,106.12325638710622,79.45556271687596,60.55281907812376,45.57043730898246,dry_jjas,478.59632261521887,1.0,4.0,1,test,False
Nyeri,2024-06-01,2024,6,2,2,Stressed,0.0,1.5479244481678869,0.9998906213099183,1.66375004658135,2.533450376849131,2.558943716561105,0.7186423737152675,94.38465993829946,71.25526903571752,87.56546591781954,6.819194020479927,dry_jjas,596.5685209899478,2.0,4.0,1,test,False
Samburu,2024-06-01,2024,6,2,2,Stressed,0.0,2.0,0.9998822673449894,1.6114880277947232,1.094889164223197,1.259482249579748,0.3440288301407776,129.08246057446317,129.74789633163826,64.91451238022776,64.16794819423541,dry_jjas,233.37064745956647,2.0,4.0,1,test,True
Siaya,2024-06-01,2024,6,1,1,Minimal,0.0,1.0,0.7130635075059107,-0.4471997546119278,0.5080117846673569,1.360070443105352,1.1596744152624034,112.77802314376662,96.27637598233554,72.75540997581199,40.02261316795463,dry_jjas,703.9110029852106,1.0,4.0,1,test,False
Taita Taveta,2024-06-01,2024,6,1,1,Minimal,0.0,1.0030037691577696,0.996689633840372,-1.613744411609784,0.4446195967332421,0.8332854672298221,1.2262506033577545,73.93845629364495,98.49476169001646,73.04583093859004,0.8926253550549035,dry_jjas,337.281834884778,1.0,4.0,1,test,False
Tana River,2024-06-01,2024,6,2,2,Stressed,0.0416259149784954,2.041623309824743,0.9998455659868808,-0.0463698825856383,0.4052053405441971,0.7793510692364101,0.2782574652349753,68.14943110697149,84.6338447580476,66.72284454774329,1.4265865592281983,dry_jjas,208.9215702880231,2.0,4.0,1,test,False
Tharaka-Nithi,2024-06-01,2024,6,2,2,Stressed,0.0,1.5708060749682615,0.9999875926821788,0.9548617171243868,1.6982152576573644,1.885316541889484,0.4214590886084414,88.59510479715867,84.22848917958319,55.47265544371714,33.12244935344153,dry_jjas,386.5660928989662,2.0,4.0,1,test,False
Trans Nzoia,2024-06-01,2024,6,1,1,Minimal,0.0,1.0,0.9977780064560036,0.7899959211380616,1.0806409512134505,1.3726458994875324,0.9682428744273616,114.8169996900084,98.40970356871073,84.98667471735808,29.830324972650317,dry_jjas,575.422482832226,1.0,4.0,1,test,False
Turkana,2024-06-01,2024,6,2,2,Stressed,0.0,1.999957012896412,0.960152075925058,0.3045877162404027,1.911628014406601,2.038925046811367,0.908913083345654,104.24166154242594,107.24652841125848,47.39760804053378,56.84405350189216,dry_jjas,134.93439886021372,3.0,4.0,1,test,True
Uasin Gishu,2024-06-01,2024,6,1,1,Minimal,0.0,1.0,0.9999480360329532,1.3194924471663891,1.449435063765042,1.5252555326639312,0.9630839602443148,112.43473493236296,107.5632577775118,81.55217096113793,30.882563971225025,dry_jjas,466.5756532543863,1.0,4.0,1,test,False
Vihiga,2024-06-01,2024,6,1,1,Minimal,0.0,1.0,0.9998193553745144,0.1926974059394263,0.6480303404769324,2.0037554477201334,2.1865059803733016,115.1767179212996,125.35150703688583,90.95086354764288,24.225854373656716,dry_jjas,638.2354464495623,1.0,4.0,1,test,False
Wajir,2024-06-01,2024,6,2,2,Stressed,0.0,2.0,0.9996281763295084,0.5137719140216561,0.8386128536138093,0.6935636545592015,-0.9515833170038251,91.32882613434958,111.22664173649798,83.37184763142982,7.9569785029197675,dry_jjas,220.92597534518788,3.0,4.0,1,test,True
West Pokot,2024-06-01,2024,6,1,1,Minimal,0.0,1.0027376219851862,0.9926738576986502,0.8839120870842468,1.2968642324644006,1.2616269700424727,0.513172789390823,76.70437717700199,76.1583621424385,52.98905232738095,23.715324849621034,dry_jjas,366.78840132412165,1.0,4.0,1,test,False
Baringo,2024-10-01,2024,10,2,2,Stressed,0.0012764640545953,1.874969490924025,0.9999804231628514,-0.3280498203844732,0.810323314685876,1.6736336423505755,1.471768461411762,102.67733689267284,112.93963107346048,78.39409930448943,24.28323758818341,short_rains,407.6410955536569,2.0,4.0,1,test,True
Bomet,2024-10-01,2024,10,1,1,Minimal,0.0,1.0,0.9999591445797528,0.4062659231118765,0.5368581818849678,1.1512614407409762,1.0176246805851588,64.44922348004525,115.8191556928066,94.84764561983272,-30.39842213978747,short_rains,705.0356352221398,1.0,4.0,1,test,False
Bungoma,2024-10-01,2024,10,1,1,Minimal,0.0,1.0,0.9970207416060456,1.008066280168427,1.0929556686369677,0.8924996962768712,0.3039521928873226,97.39054638498256,113.25521097803605,36.7830622923773,60.607484092605254,short_rains,684.143518918554,1.0,4.0,1,test,False
Busia,2024-10-01,2024,10,1,1,Minimal,0.0,1.0,0.914162035136638,0.8956966166452719,0.7585413133984411,1.028010780448163,-0.2430571758602405,73.11162058754178,83.77060001523121,63.17961056330835,9.932010024233428,short_rains,504.89251568895395,1.0,4.0,1,test,False
Elgeyo-Marakwet,2024-10-01,2024,10,1,1,Minimal,0.0,1.0006154999387935,0.9999531832842424,0.157597251118075,1.320694552570631,1.9708009050324269,1.7355980574951224,98.6257879037279,93.10413977539471,-2.333467489367716,100.95925539309562,short_rains,424.00498148048365,1.0,4.0,1,test,False
Embu,2024-10-01,2024,10,2,2,Stressed,0.0,1.667672206524964,0.999984606567881,-1.1781119257085186,-0.2146779259455755,2.3441271087915494,1.340595312695516,127.9279256128769,109.65552567755276,112.91388601019948,15.014039602677428,short_rains,401.4457023614595,2.0,4.0,1,test,False
Garissa,2024-10-01,2024,10,2,2,Stressed,2.771063219571933e-05,2.000027710632196,0.9994639736826518,-1.354303431864324,-0.4800182389082873,0.5306588998763385,-0.8434989746485925,70.74317939500067,89.83959344407643,66.52743271581826,4.215746679182402,short_rains,210.6771075185111,2.0,4.0,1,test,False
Homa Bay,2024-10-01,2024,10,1,1,Minimal,0.0,1.0,0.6628357436647451,-0.2578356955577226,0.4447520896885515,0.5554122874404318,-0.2732772290496599,63.35579353133889,76.45816827516619,62.24891069143751,1.106882839901381,short_rains,658.3122810444571,1.0,4.0,1,test,False
Isiolo,2024-10-01,2024,10,2,2,Stressed,0.0015396381965284,2.0015384915015195,0.9999931626679,-1.4660243771390158,0.2728551011340219,1.361024230592852,1.9178596612357843,115.826237858104,126.09625778011072,102.7420485971122,13.084189260991792,short_rains,121.15801476654195,2.0,4.0,1,test,False
Kajiado,2024-10-01,2024,10,2,2,Stressed,0.0,1.9978818682003,0.9866570549184218,1.4672290538452275,1.6171489950602056,3.0196944548964986,2.4665689841899336,109.5216287958364,130.31511500096866,106.93660585720616,2.585022938630246,short_rains,244.0590119973267,2.0,4.0,1,test,False
Kakamega,2024-10-01,2024,10,1,1,Minimal,0.0,1.0,0.9998432712295532,0.9557293162875644,1.14615796863091,1.014335624847141,0.1933672142983503,109.85564537940736,83.11812691545026,80.24657603392077,29.60906934548659,short_rains,521.962946970816,1.0,4.0,1,test,False
Kericho,2024-10-01,2024,10,1,1,Minimal,0.0,1.0,0.9999526229648772,0.2818613575959235,1.1286830483471113,1.105216916483709,0.7314976830984189,84.26466588811265,90.69317655424672,48.793736140969976,35.47092974714267,short_rains,577.6437811642602,1.0,4.0,1,test,False
Kiambu,2024-10-01,2024,10,1,1,Minimal,0.0,1.001036389650512,0.9998318358451616,1.0705016521116268,2.0118270887209366,3.941065324889432,2.4813979476020247,113.2270456068018,102.19003127764071,80.77640946015084,32.45063614665095,short_rains,365.1581675938478,1.0,4.0,1,test,False
Kilifi,2024-10-01,2024,10,2,2,Stressed,0.0,1.9992691542415924,0.9941942173456784,-1.2443131079856125,-1.4211315549379022,-1.3663332560662718,-1.7059099703416176,13.113242033971238,8.489236875336426,8.019850966411786,5.093391067559452,short_rains,485.9236308469297,2.0,4.0,1,test,False
Kirinyaga,2024-10-01,2024,10,1,1,Minimal,0.0,1.000297291880471,0.9999074216214416,-0.6547584708465923,0.6133469364605351,2.496479930496384,1.2164619577482434,78.56606827662708,89.08464430013177,75.5790381331405,2.987030143486578,short_rains,523.427425427593,1.0,4.0,1,test,False
Kisii,2024-10-01,2024,10,1,1,Minimal,0.0,1.0,0.9995821721572732,0.0877229250454644,0.1996126500631113,0.3308434448961886,0.192368829579573,103.28292015416136,96.88562434651602,76.0070703204162,27.275849833745156,short_rains,771.8724273402603,1.0,4.0,1,test,False
Kisumu,2024-10-01,2024,10,1,1,Minimal,0.0,1.0,0.7829061444141889,0.0280965585282246,0.8884831444552395,1.3937821602452978,0.1396029604443273,44.619407788227946,143.71505989973,102.02398249424007,-57.40457470601213,short_rains,650.4965825795291,1.0,4.0,1,test,False
Kitui,2024-10-01,2024,10,2,2,Stressed,0.0,1.999426101429152,0.9999744547689494,-0.6277470016185571,0.0039909462719154,2.1731905699644214,1.925276232458475,94.56941626820112,147.36247771669147,96.10942250957773,-1.5400062413766022,short_rains,350.0498777837523,2.0,4.0,1,test,False
Kwale,2024-10-01,2024,10,2,2,Stressed,0.0,1.996402448510419,0.991267775862953,-0.2867123090007697,-0.7201949370567058,-1.4817183025872551,-2.199564092686254,34.20715529656061,29.026970597134063,13.230299193445113,20.976856103115495,short_rains,461.4118591660762,2.0,4.0,1,test,False
Laikipia,2024-10-01,2024,10,2,2,Stressed,0.0,1.998981396948026,0.9999862581216886,-0.9075691424842346,0.6027587326234518,1.6478109949874469,1.0378093936087909,110.00315764818636,114.96623526539376,106.72781006115224,3.275347587034119,short_rains,378.6133408439104,2.0,4.0,1,test,False
Lamu,2024-10-01,2024,10,2,2,Stressed,0.0,2.0,0.977248259021535,-0.7894455090135576,-1.331367934361846,-1.048830674737956,-1.1044745697670402,63.6718266216588,62.66998470531611,76.1434606086143,-12.471633986955503,short_rains,394.8891092289726,2.0,4.0,1,test,False
Machakos,2024-10-01,2024,10,1,1,Minimal,0.0,1.004755332291827,0.9999321623262248,0.8158304913967817,1.8751125803633089,3.875977176342098,2.2703956182974925,131.33134683277848,156.66323255312355,114.3476241559509,16.983722676827583,short_rains,347.0698296320569,1.0,4.0,1,test,False
Makueni,2024-10-01,2024,10,2,2,Stressed,0.0,1.947623669225225,0.9999852802990986,-0.4433535434492729,0.1987785611475406,2.7661965353931794,1.889167139172378,112.23548088984208,139.15697683645217,97.64046620300536,14.59501468683672,short_rains,210.84898907247097,2.0,4.0,1,test,False
Mandera,2024-10-01,2024,10,2,2,Stressed,0.0,2.0,0.993482948642902,-0.8021263856704067,4.447463641258933,2.6222135919303957,0.3657316965430303,143.52793102408612,141.1229227193532,118.19607229225156,25.331858731834558,short_rains,147.72597818452132,2.0,4.0,1,test,False
Marsabit,2024-10-01,2024,10,3,3,Crisis or worse,0.8396059031619905,2.8396059031619907,0.933777306370601,1.3574026583304586,1.1128032692409944,2.047970802533247,0.9330170012866534,117.78131201336258,110.19609745896352,108.35778533067142,9.423526682691161,short_rains,183.11284628508548,2.0,4.0,1,test,True
Meru,2024-10-01,2024,10,1,1,Minimal,0.0,1.4893402648102645,0.9998998814065664,-1.8233397748758384,-0.4860976285289396,1.9044000401855912,0.710869849419173,134.7332655564078,141.05112314623506,99.49406197919662,35.23920357721117,short_rains,469.95952152110806,1.0,4.0,1,test,False
Migori,2024-10-01,2024,10,1,1,Minimal,0.0,1.0,0.8093394361863654,-0.2109315424704019,-0.0239476311170944,-0.8957744033189273,-0.5785931841906717,60.03543750650381,43.185430492579314,88.55481759430265,-28.519380087798837,short_rains,460.4970135975702,1.0,4.0,1,test,False
Mombasa,2024-10-01,2024,10,1,1,Minimal,0.0,1.024159169166952,0.9454988271665984,-1.1123507190369804,-0.908564977735522,-1.2065492142318592,-2.168736179807664,42.95953701237376,17.283694904270266,33.81556749352393,9.14396951884983,short_rains,339.4545465241538,1.0,4.0,1,test,False
Murang'a,2024-10-01,2024,10,1,1,Minimal,0.0,1.0,0.9998960447776896,0.2128588485019253,1.4806593527586394,3.96345692387495,2.142641660210605,103.638181251148,95.02151535446951,75.04335530491252,28.594825946235474,short_rains,600.9606534616394,1.0,4.0,1,test,False
Nairobi,2024-10-01,2024,10,1,1,Minimal,0.0,1.0004033639580097,0.9993429939949852,1.8310158556591276,2.599574216930455,3.441296903573985,2.07662369446008,115.02585282300032,116.92612814410369,93.73585578756092,21.2899970354394,short_rains,349.07589029272395,1.0,4.0,1,test,False
Nakuru,2024-10-01,2024,10,1,1,Minimal,0.0,1.002054489930805,0.9758551681458985,0.1166919196292826,0.7893678674226815,2.4120142049357973,2.559704755958511,95.64075748690205,94.3863973284961,80.36871950549646,15.272037981405589,short_rains,337.82261196850334,1.0,4.0,1,test,False
Nandi,2024-10-01,2024,10,1,1,Minimal,0.0,1.0,0.9998151603533764,0.563385701506173,1.2544591352745211,1.1704024512051188,0.5987736151255749,72.09324567785055,62.5107448549956,42.706383950219454,29.386861727631093,short_rains,636.3375639959971,1.0,4.0,1,test,False
Narok,2024-10-01,2024,10,1,1,Minimal,0.0,1.0001312284969692,0.992664870675866,0.8676886307164053,0.9982134530373988,3.624076584782509,2.569836376671708,82.33983118146213,122.82540973327498,107.95638572529236,-25.616554543830233,short_rains,449.4351533314782,1.0,4.0,1,test,False
Nyamira,2024-10-01,2024,10,1,1,Minimal,0.0,1.0,0.999826225293629,0.3922832134604022,0.5134799529891348,1.0405078584182514,0.4793067318333557,61.61472903519666,128.88752516880518,70.1289346847185,-8.514205649521841,short_rains,707.0676224501927,1.0,4.0,1,test,False
Nyandarua,2024-10-01,2024,10,1,1,Minimal,0.0,1.0051678580196777,0.9999166595581316,-0.2949840640835792,0.6359763838551006,2.556850318233693,2.0360594193254324,89.51174849930557,77.44596989108764,60.55756482803563,28.954183671269938,short_rains,478.59632261521887,1.0,4.0,1,test,False
Nyeri,2024-10-01,2024,10,2,2,Stressed,0.0,1.5479244481678869,0.9998906213099183,-0.3886848548055519,0.6761278298577087,2.6887386983620174,1.5306913888438538,109.05832756437606,111.31332681165696,79.64899444365959,29.409333120716468,short_rains,596.5685209899478,2.0,4.0,1,test,False
Samburu,2024-10-01,2024,10,2,2,Stressed,0.0032208904646018,2.003220890464602,0.9999064845337337,-0.6632937899896443,0.4713514937828552,1.7289869509256004,1.3564479644572658,108.69643403324964,121.97463517876568,120.4209094168222,-11.724475383572553,short_rains,233.37064745956647,2.0,4.0,1,test,True
Siaya,2024-10-01,2024,10,1,1,Minimal,0.0,1.0,0.7130635075059107,0.1824922728907194,0.577728400680575,1.03194520760148,-0.3294693031049787,79.31601629144667,110.47143427970926,85.60845820066085,-6.292441909214176,short_rains,703.9110029852106,1.0,4.0,1,test,False
Taita Taveta,2024-10-01,2024,10,1,1,Minimal,0.0,1.0030037691577696,0.996689633840372,-1.3725364246994551,-1.5414576371189368,-1.0448932309105252,-2.284548801397463,81.46824252148778,92.70536375005656,90.12248317090165,-8.654240649413865,short_rains,337.281834884778,1.0,4.0,1,test,False
Tana River,2024-10-01,2024,10,2,2,Stressed,0.0420742874764704,2.0420716823227183,0.9998455659868885,-1.2726734245729645,-0.9586646437324572,0.2402658836525188,-0.3106999721660123,69.28371016690622,94.33689837615528,72.12447464453363,-2.840764477627417,short_rains,208.9215702880231,2.0,4.0,1,test,False
Tharaka-Nithi,2024-10-01,2024,10,2,2,Stressed,0.0,1.5708060749682615,0.9999875926821788,-1.917584581408685,-1.179837003599268,2.054430442152185,0.8027651641446347,116.573278140973,127.43232326350844,90.06583466518228,26.507443475790723,short_rains,386.5660928989662,2.0,4.0,1,test,False
Trans Nzoia,2024-10-01,2024,10,1,1,Minimal,0.0,1.0,0.9977780064560036,0.8752470906082513,1.7603466456639598,1.825642076388404,1.2147715147845584,63.68959259319521,75.94122455399464,1.0363277858598463,62.65326480733536,short_rains,575.422482832226,1.0,4.0,1,test,False
Turkana,2024-10-01,2024,10,3,3,Crisis or worse,0.889722975234102,2.8896799887848537,0.9601666913562482,0.5604933846572451,1.9331314139698128,2.4412851888003178,1.018046202461412,94.22997856904932,125.413761010376,71.1675749714469,23.062403597602426,short_rains,134.93439886021372,2.0,4.0,1,test,True
Uasin Gishu,2024-10-01,2024,10,1,1,Minimal,0.0,1.0,0.9999480360329532,0.6390280619277542,1.8154552056864823,2.212011371005348,1.560264383123748,70.88971118029718,91.24377616588876,42.01370590488829,28.876005275408893,short_rains,466.5756532543863,1.0,4.0,1,test,False
Vihiga,2024-10-01,2024,10,1,1,Minimal,0.0,1.0,0.9998193553745144,0.3740810619003168,0.4655341314709103,0.4838805877814026,-0.0156749642517151,129.4268068412558,165.9577601254613,100.24274541515167,29.184061426104122,short_rains,638.2354464495623,1.0,4.0,1,test,False
Wajir,2024-10-01,2024,10,2,2,Stressed,8.05865442511218e-07,2.0000008058654424,0.9996281763295076,-0.3769919593189578,2.999827889735604,1.2735275120238012,0.5016176885820057,152.12460795801832,150.64523030113008,138.18462047094596,13.939987487072358,short_rains,220.92597534518788,2.0,4.0,1,test,True
West Pokot,2024-10-01,2024,10,1,1,Minimal,0.0014133087065048,1.004150930691691,0.9926738576986502,0.2004367517926664,1.8016113460727536,1.8587339181690712,1.3933170906905592,92.40130918635587,110.96707976382892,79.1983260192358,13.202983167120081,short_rains,366.78840132412165,1.0,4.0,1,test,False
Baringo,2026-02-01,2026,2,2,2,Stressed,0.0015073180547497,1.999184080652868,0.999986872557846,-1.218914432568155,-0.5227375665443571,1.276324212724881,1.8654076116560965,52.718748137636965,66.24385276458797,73.8616174999923,-21.14286936235534,dry_jf,407.6410955536569,2.0,4.0,1,test,True
Bomet,2026-02-01,2026,2,1,1,Minimal,0.0,1.0001339296253435,0.9999591929168596,-1.8018794713961523,-0.8593797912923322,-0.5414062830269676,-0.1688479176899072,56.972753292561165,87.7210055666899,104.2784981193586,-47.30574482679744,dry_jf,705.0356352221398,1.0,4.0,1,test,False
Bungoma,2026-02-01,2026,2,1,1,Minimal,0.0,1.0,0.9970207416060456,-1.766656486997077,-0.4634979815252871,0.4361353353083307,0.6445232922951737,74.1407903032896,86.24688696844152,138.20313974561608,-64.06234944232648,dry_jf,684.143518918554,1.0,4.0,1,test,False
Busia,2026-02-01,2026,2,1,1,Minimal,0.0,1.0,0.914162035136638,-1.9826530570771184,-0.4559899176541552,-0.0554576365057548,-0.1773335208087617,72.62121669111231,75.51771496902846,83.05026816930769,-10.429051478195376,dry_jf,504.89251568895395,1.0,4.0,1,test,False
Elgeyo-Marakwet,2026-02-01,2026,2,1,1,Minimal,0.0,1.006823270599314,0.9999614908731612,-1.4330492069296938,-0.8069347568039524,1.4021985956249308,1.753703174057145,64.26201540611078,80.61034500386404,84.04509714041971,-19.783081734308936,dry_jf,424.00498148048365,1.0,4.0,1,test,False
Embu,2026-02-01,2026,2,2,2,Stressed,0.000551526980686,1.7332965217241776,0.9999857012410563,-1.178234686290584,-1.361536353904191,-0.583826196139078,-0.9112384611060764,40.96483860195224,43.65290943717959,71.47647275595101,-30.51163415399877,dry_jf,401.4457023614595,2.0,4.0,1,test,False
Garissa,2026-02-01,2026,2,3,3,Crisis or worse,1.0,3.0,0.9994639736822264,-0.7395772144731186,-0.894421237688995,-0.9178529695416456,-0.9164341632056976,17.01293157223908,16.42681394376377,13.638141164480942,3.3747904077581374,dry_jf,210.6771075185111,2.0,4.0,1,test,False
Homa Bay,2026-02-01,2026,2,1,1,Minimal,0.0,1.0,0.6628357436647451,-1.4178785281525914,-0.3512543087577957,-0.2885619043957552,-0.8073701962207095,70.14247525867886,70.56062600452805,68.94633372158454,1.19614153709432,dry_jf,658.3122810444571,1.0,4.0,1,test,False
Isiolo,2026-02-01,2026,2,3,3,Crisis or worse,0.9997465440518558,2.999746544051856,0.9999605072168064,-1.0610551078249468,-1.25551986763624,-0.8830006414034558,-0.7106892319470144,12.744451745268575,17.150289012548026,22.651833069550158,-9.907381324281582,dry_jf,121.15801476654195,2.0,4.0,1,test,False
Kajiado,2026-02-01,2026,2,2,2,Stressed,0.0010385364351125,1.999879231209137,0.986659705085567,-1.3246062803728338,-0.6686511170087025,-0.4776984604942639,-1.188853149139155,39.131079104648265,31.98592733151023,68.54186114923168,-29.410782044583414,dry_jf,244.0590119973267,2.0,4.0,1,test,False
Kakamega,2026-02-01,2026,2,1,1,Minimal,0.0,1.0,0.9998432712295532,-1.656080456774346,-0.2564430334024456,0.451734949346523,0.6761582144901828,74.46834532359826,83.53193734920673,102.55383266391968,-28.08548734032142,dry_jf,521.962946970816,1.0,4.0,1,test,False
Kericho,2026-02-01,2026,2,1,1,Minimal,0.0,1.001244210964178,0.999952622964877,-1.695536003000993,-0.2856882102450903,0.2286303768351273,0.9144278883580308,58.920184927772574,77.43882447202121,81.22674083230699,-22.306555904534413,dry_jf,577.6437811642602,1.0,4.0,1,test,False
Kiambu,2026-02-01,2026,2,1,1,Minimal,0.0,1.001036389650512,0.9998318358451644,-1.0751045479412278,-1.027025132404209,-0.1270723993079116,-0.5056904593181136,45.73095333210717,42.2021997625793,99.2980059791043,-53.56705264699713,dry_jf,365.1581675938478,1.0,4.0,1,test,False
Kilifi,2026-02-01,2026,2,2,2,Stressed,0.0026957456765993,2.0026338916386948,0.9941928245142848,-1.0432922016616244,-2.3923981140990787,-1.764839239987716,-1.8050998662496327,-28.470685948854666,-4.402767376273983,20.2738927089088,-48.74457865776347,dry_jf,485.9236308469297,2.0,4.0,1,test,False
Kirinyaga,2026-02-01,2026,2,1,1,Minimal,1.5502378105989598e-05,1.0004893893569766,0.9999074216214682,-1.06492571568731,-1.113391759281714,-0.1855350073866002,-0.5186593669061772,77.46914239594722,94.62176420314084,87.66476684409818,-10.195624448150966,dry_jf,523.427425427593,1.0,4.0,1,test,False
Kisii,2026-02-01,2026,2,1,1,Minimal,0.0,1.0,0.9995821721614786,-1.5322959307596342,-0.3807957878745214,-0.2779354158573885,-0.479978943346209,73.39939832105468,76.81394083436744,98.8620479744098,-25.46264965335513,dry_jf,771.8724273402603,1.0,4.0,1,test,False
Kisumu,2026-02-01,2026,2,1,1,Minimal,0.0,1.0,0.7829061444141885,-1.3666022436658891,-0.2082883846791219,0.0398061057377688,-0.0640287179183387,80.98027697915559,87.4814541108994,62.12015571002142,18.86012126913417,dry_jf,650.4965825795291,1.0,4.0,1,test,False
Kitui,2026-02-01,2026,2,3,3,Crisis or worse,0.9986587531809274,2.998106313353966,0.9999761050948583,-1.3302788166494404,-1.1062844948219148,-0.7016840236639406,-1.033575476922793,25.6513764123883,20.702773694008627,21.46238488744628,4.188991524942018,dry_jf,350.0498777837523,2.0,4.0,1,test,False
Kwale,2026-02-01,2026,2,2,2,Stressed,0.0,1.99971200940671,0.9912639533016692,-1.2562056430647832,-2.3008056641558934,-1.3644187485237902,-0.9594000352677452,-1.4099814473467338,22.47080913416013,44.78772140281672,-46.19770285016345,dry_jf,461.4118591660762,2.0,4.0,1,test,False
Laikipia,2026-02-01,2026,2,2,2,Stressed,0.0030938683801064,2.002342271373398,1.0000134813077062,-1.0043834543476766,-0.3815816087874984,0.9262732697129412,0.6333400880475002,35.14224389460044,51.35243986670231,62.26083811607985,-27.118594221479412,dry_jf,378.6133408439104,2.0,4.0,1,test,False
Lamu,2026-02-01,2026,2,3,3,Crisis or worse,1.0,3.0,0.9772482590215352,-0.5979738022051034,-1.0819673441982058,-1.1710224838426104,-1.076439547791824,-10.261651060693264,13.0224315860905,-0.9310343604567832,-9.330616700236481,dry_jf,394.8891092289726,2.0,4.0,1,test,False
Machakos,2026-02-01,2026,2,1,1,Minimal,0.0018168499866163,1.0071763201972697,0.9999321623278756,-1.373686563786639,-0.8310668258086457,-0.2852525552416065,-0.7142273997649002,38.0748210524685,34.12752652245628,54.8511638567219,-16.776342804253396,dry_jf,347.0698296320569,1.0,4.0,1,test,False
Makueni,2026-02-01,2026,2,3,3,Crisis or worse,0.9961081756173604,2.9931714026926177,0.9999723982376342,-1.3051382231911817,-0.5943734383794339,-0.3841998544732532,-1.2317936051479197,53.211806908346766,50.956479513884496,57.12608735528715,-3.9142804469403814,dry_jf,210.84898907247097,2.0,4.0,1,test,False
Mandera,2026-02-01,2026,2,3,3,Crisis or worse,1.0,3.0,0.9934829486429042,-0.7952266954174272,-1.5005838052843328,-1.09586124753328,-1.0755796335175756,7.116551823603001,9.587327887135524,7.141461616433112,-0.024909792830110966,dry_jf,147.72597818452132,3.0,4.0,1,test,False
Marsabit,2026-02-01,2026,2,3,3,Crisis or worse,1.0,3.0,0.9337761009255282,-1.422567017979271,-0.9955309097433568,-0.1039637445240882,-0.0562986597463625,27.39772418357739,16.500629068786345,17.936242100215843,9.461482083361549,dry_jf,183.11284628508548,3.0,4.0,1,test,True
Meru,2026-02-01,2026,2,3,3,Crisis or worse,0.7912306547993863,2.5843564430649977,0.9999012133419,-1.2091582610346414,-1.5599981894516854,-0.9822246562280346,-1.1268877095967444,21.14912162520161,32.17315402834347,54.90709101052066,-33.75796938531905,dry_jf,469.95952152110806,2.0,4.0,1,test,False
Migori,2026-02-01,2026,2,1,1,Minimal,0.0,1.0009600200580766,0.8093461789563474,-1.6765678550945822,-0.3930778360293293,-0.3690257120096413,-0.9449884464786856,65.01054940208196,57.33066958871734,68.84465557428379,-3.834106172201828,dry_jf,460.4970135975702,1.0,4.0,1,test,False
Mombasa,2026-02-01,2026,2,1,1,Minimal,0.0,1.024159169166952,0.9454988271665984,-0.9519528560977488,-2.098436763860073,-1.487877207992146,-1.1450992736678245,-21.27453049669741,14.956900422746,35.102054445733785,-56.376584942431194,dry_jf,339.4545465241538,1.0,4.0,1,test,False
Murang'a,2026-02-01,2026,2,1,1,Minimal,0.0,1.0,0.9998960447776896,-0.9939898112905288,-1.0649259894983054,-0.0006037371708717,-0.3519905274500251,54.579211812077695,73.41488062142646,108.48750385087372,-53.90829203879603,dry_jf,600.9606534616394,1.0,4.0,1,test,False
Nairobi,2026-02-01,2026,2,1,1,Minimal,0.0,1.0004033639580097,0.9993429939950746,-1.0818868443473777,-0.6992333187491666,-0.0001359163694569,-0.304617662593441,38.02801541504712,21.186099226782478,55.65268048585688,-17.624665070809755,dry_jf,349.07589029272395,1.0,4.0,1,test,False
Nakuru,2026-02-01,2026,2,1,1,Minimal,0.0,1.0039616673813203,0.9758811554850996,-1.0617817339339437,-0.6398143249772205,0.5200476000913419,0.8341354661472622,43.76184738827027,69.88994671284021,99.34329884021712,-55.58145145194685,dry_jf,337.82261196850334,1.0,4.0,1,test,False
Nandi,2026-02-01,2026,2,1,1,Minimal,0.0,1.0,0.9998151603533764,-1.6186628924301412,-0.1819861211175698,0.6357690134178844,0.8846202548047812,73.57526949445634,88.49403489361653,90.35659996296636,-16.78133046851002,dry_jf,636.3375639959971,1.0,4.0,1,test,False
Narok,2026-02-01,2026,2,2,2,Stressed,0.0,1.9972573232118724,0.9926950995646184,-1.624413180793754,-0.7553221298578837,-0.3241380373891988,-0.8527921582906923,50.59467630107035,31.988456353409152,49.29272288173022,1.3019534193401299,dry_jf,449.4351533314782,2.0,4.0,1,test,False
Nyamira,2026-02-01,2026,2,1,1,Minimal,0.0,1.0,0.999826225293641,-1.6730620372723397,-0.5453867099574468,-0.3891408769324589,-0.1854737647399275,55.25471534529666,78.97775679004515,94.62592854365238,-39.37121319835572,dry_jf,707.0676224501927,1.0,4.0,1,test,False
Nyandarua,2026-02-01,2026,2,1,1,Minimal,0.0,1.005167858019678,0.9999166595580216,-0.9795299658817748,-0.2960724298440781,1.1234916644998338,0.9120912577089856,59.94852351459723,116.23580113247912,140.5292858755612,-80.58076236096396,dry_jf,478.59632261521887,1.0,4.0,1,test,False
Nyeri,2026-02-01,2026,2,2,2,Stressed,0.001301858921614,1.5505281660111143,0.9998906213099178,-1.0453737380411812,-0.3412751835555423,0.7108018459136851,0.2933112561185319,58.34873458117362,116.60720579954086,169.1664882969608,-110.81775371578718,dry_jf,596.5685209899478,2.0,4.0,1,test,False
Samburu,2026-02-01,2026,2,3,3,Crisis or worse,0.9999652968738124,2.9999652968738126,0.9998823052815132,-1.0603345330229137,-1.0393579333481358,-0.3357163198951416,-0.2786314945092221,25.66935514531715,34.86608787681857,45.88868537807948,-20.219330232762328,dry_jf,233.37064745956647,2.0,4.0,1,test,True
Siaya,2026-02-01,2026,2,1,1,Minimal,0.0,1.0,0.7130635075059107,-1.370131448700795,-0.4478681651315059,-0.3352435279402321,-0.8880425900145914,63.380435128477885,73.33185559098953,34.80697915415635,28.573455974321533,dry_jf,703.9110029852106,1.0,4.0,1,test,False
Taita Taveta,2026-02-01,2026,2,2,2,Stressed,0.0022386165941926,2.0022386165941923,0.9966783869663586,-1.338458604592302,-1.7937537591239836,-1.5971254121612004,-1.878192064452314,22.40385741600871,19.695010259715445,27.7678005069988,-5.363943090990091,dry_jf,337.281834884778,2.0,4.0,1,test,False
Tana River,2026-02-01,2026,2,3,3,Crisis or worse,0.9999933699440892,2.999993369944089,0.9998360101777328,-0.9547029497361882,-1.4136288867465177,-0.8881123327529391,-0.744994450106467,6.339275771350058,11.813890321212638,18.481367460592683,-12.142091689242624,dry_jf,208.9215702880231,2.0,4.0,1,test,False
Tharaka-Nithi,2026-02-01,2026,2,2,2,Stressed,0.005114449798286,1.5759806147805295,0.9999939446980431,-1.15891393832207,-1.6461043641332491,-0.9819779213381092,-1.1009248202218682,14.273991219229368,15.97306246361441,45.32181017421277,-31.047818954983406,dry_jf,386.5660928989662,2.0,4.0,1,test,False
Trans Nzoia,2026-02-01,2026,2,1,1,Minimal,0.0,1.0040024533635254,0.9977844089794712,-1.288218789920588,-0.8514279008638167,1.895158477659205,2.0877296298437438,66.92039104968669,84.45274787217959,109.9932941948705,-43.072903145183815,dry_jf,575.422482832226,1.0,4.0,1,test,False
Turkana,2026-02-01,2026,2,3,3,Crisis or worse,0.9999523071352352,2.9999523071352354,0.9601520759250544,-1.3823223064244168,0.1526125981747655,2.320839324013299,1.9854172028810892,47.38322304852845,44.14253255020049,58.63153748204162,-11.248314433513173,dry_jf,134.93439886021372,3.0,4.0,1,test,True
Uasin Gishu,2026-02-01,2026,2,1,1,Minimal,0.0,1.0000608491913512,0.9999481856594682,-1.6295654268901103,-0.4377250107590692,1.041369374588598,1.4195943848730088,66.79296559935256,75.71471656951438,84.76812492600959,-17.975159326657035,dry_jf,466.5756532543863,1.0,4.0,1,test,False
Vihiga,2026-02-01,2026,2,1,1,Minimal,0.0,1.0,0.9998193553745128,-1.30774096679899,-0.3891247056224446,0.0556631114875578,0.0106944066480909,86.04967564493738,95.90593475697608,97.63611365356364,-11.58643800862626,dry_jf,638.2354464495623,1.0,4.0,1,test,False
Wajir,2026-02-01,2026,2,3,3,Crisis or worse,1.0,3.0,0.9996281763295036,-0.9130595910616224,-1.329532698619802,-1.2426456654396016,-1.207465497083022,7.301653162252983,9.82448879336552,10.331530800565467,-3.0298776383124837,dry_jf,220.92597534518788,2.0,4.0,1,test,True
West Pokot,2026-02-01,2026,2,2,2,Stressed,0.0026265868449534,2.0007409321285063,0.9926739731095784,-1.5805319986672612,-1.150522362574668,2.737017399104589,2.9507225467045424,30.645025766095497,47.279560541483285,68.79669603247694,-38.151670266381444,dry_jf,366.78840132412165,2.0,4.0,1,test,False
Baringo,2026-06-01,2026,6,2,2,Stressed,0.0015073180547497,1.999184080652868,0.999986872557846,0.6438380590112202,1.1884574536579031,1.4918515721788643,2.394787448249659,98.2399985645331,90.57815212257177,140.3994549620046,-42.1594563974715,dry_jjas,407.6410955536569,2.0,4.0,1,test,True
Bomet,2026-06-01,2026,6,1,1,Minimal,0.0,1.0001339296253435,0.9999591929168596,-0.89204260591709,0.7879541086802359,1.0542275582662517,2.0060908219561706,121.01251907472528,-1.0956260731377352,106.421784684573,14.590734390152278,dry_jjas,705.0356352221398,1.0,4.0,1,test,False
Bungoma,2026-06-01,2026,6,1,1,Minimal,0.0,1.0,0.9970207416060456,-0.928830962480132,0.8777157446907702,2.317076403028532,3.0619957879728457,160.15381066239547,110.58666836770992,128.15694785848882,31.99686280390665,dry_jjas,684.143518918554,1.0,4.0,1,test,False
Busia,2026-06-01,2026,6,1,1,Minimal,0.0,1.0,0.914162035136638,-1.863409484669948,0.7145159838027832,2.6894275051804213,3.5243214031619714,77.36860595979466,61.05783561624295,127.11456732025404,-49.745961360459376,dry_jjas,504.89251568895395,1.0,4.0,1,test,False
Elgeyo-Marakwet,2026-06-01,2026,6,1,1,Minimal,0.0,1.006823270599314,0.9999614908731612,0.4855228119277532,0.9709189129269712,1.3320997410164008,2.3968725615653463,114.8389671766649,80.02744203778016,124.56700793758957,-9.72804076092467,dry_jjas,424.00498148048365,1.0,4.0,1,test,False
Embu,2026-06-01,2026,6,2,2,Stressed,0.0,1.732744976970628,0.9999856347404928,-0.898111264322843,0.6399838548727322,1.1875126502551123,1.966227584096232,106.96493797351091,81.61339867058066,107.97619599174428,-1.011258018233363,dry_jjas,401.4457023614595,2.0,4.0,1,test,False
Garissa,2026-06-01,2026,6,3,3,Crisis or worse,0.9999999973761992,2.9999999973761997,0.9994639763041464,-2.4169659248027147,-0.379067517947918,-0.5181939556883847,1.4501568579483055,38.04484932649344,69.44699782754812,131.93936634947232,-93.89451702297887,dry_jjas,210.6771075185111,3.0,4.0,1,test,False
Homa Bay,2026-06-01,2026,6,1,1,Minimal,0.0,1.0,0.6628357436647451,-0.9803294083530838,0.0892862929905203,1.540605238156826,2.4878135203662284,54.23021007011528,27.54880858741333,146.9869192488349,-92.75670917871963,dry_jjas,658.3122810444571,1.0,4.0,1,test,False
Isiolo,2026-06-01,2026,6,3,3,Crisis or worse,0.9996272259231452,2.999627225923145,0.999961461382572,-0.6429147107485794,0.4891855054735942,0.2765733543969042,1.7575610630188874,40.90657410155666,53.816586447543216,118.8690270329794,-77.96245293142275,dry_jjas,121.15801476654195,3.0,4.0,1,test,False
Kajiado,2026-06-01,2026,6,2,2,Stressed,0.0,1.9988406914293937,0.986656858550284,-0.4701422528524483,2.1457313874082637,2.629543549696803,2.994491292179736,85.58609812733606,93.79417386839395,126.6546389345712,-41.06854080723514,dry_jjas,244.0590119973267,2.0,4.0,1,test,False
Kakamega,2026-06-01,2026,6,1,1,Minimal,0.0,1.0,0.9998432712295532,-0.6563696851392415,1.0703920820805302,2.9041590546603486,3.3434159561282404,119.59822195499189,80.93350615064215,137.16218033494718,-17.563958379955295,dry_jjas,521.962946970816,1.0,4.0,1,test,False
Kericho,2026-06-01,2026,6,1,1,Minimal,0.0,1.001244210964178,0.999952622964877,-0.0087777054852999,1.0879243620254666,1.6724562126497906,2.3402512112340883,111.4259996161385,47.13186415174216,115.88395169843125,-4.457952082292749,dry_jjas,577.6437811642602,1.0,4.0,1,test,False
Kiambu,2026-06-01,2026,6,1,1,Minimal,0.0,1.001036389650512,0.9998318358451644,-0.2841390661251518,0.7914974798663273,1.4229551030581615,2.0262063844695914,102.2822557298524,19.92916551363593,101.67906816716923,0.6031875626831606,dry_jjas,365.1581675938478,1.0,4.0,1,test,False
Kilifi,2026-06-01,2026,6,2,2,Stressed,0.0026957456765993,2.0026338916386948,0.994192824514285,-2.095350018754731,-1.0981028894453535,-1.33324227649698,1.7234820635792278,53.55022022661763,104.42395004348148,115.55137724036686,-62.00115701374923,dry_jjas,485.9236308469297,2.0,4.0,1,test,False
Kirinyaga,2026-06-01,2026,6,1,1,Minimal,0.0,1.000473886978955,0.9999074216215526,-0.777218266065164,0.3583205556201664,0.9570737761545858,1.8758797288758045,119.38982746807812,42.24598858066497,102.91027836950364,16.47954909857448,dry_jjas,523.427425427593,1.0,4.0,1,test,False
Kisii,2026-06-01,2026,6,1,1,Minimal,0.0,1.0,0.9995821721614786,-0.7672466198096694,0.3894215792087988,1.503563588485717,2.265165236435411,118.36482677183812,-74.67832375296337,79.10056502302898,39.26426174880915,dry_jjas,771.8724273402603,1.0,4.0,1,test,False
Kisumu,2026-06-01,2026,6,1,1,Minimal,0.0,1.0,0.7829061444141885,-0.7739718970596552,1.197122056447732,2.4251643097568456,3.018308469062044,70.24295902894107,63.817382355025856,151.22033083381658,-80.9773718048755,dry_jjas,650.4965825795291,1.0,4.0,1,test,False
Kitui,2026-06-01,2026,6,2,2,Stressed,0.0003494562889704,1.9997970373456608,1.0000139082032498,-1.2168200495969068,1.3132694820120192,1.4654262497919572,2.315017226966841,76.61389606109287,85.52755839118146,111.60295549922262,-34.98905943812974,dry_jjas,350.0498777837523,3.0,4.0,1,test,False
Kwale,2026-06-01,2026,6,2,2,Stressed,0.0,1.99971200940671,0.9912639533016686,-1.592157434595439,-0.2848609506947989,-0.7275120555808849,1.7197721627945275,90.61926022198423,105.86763463871888,104.23220198068536,-13.612941758701126,dry_jjas,461.4118591660762,2.0,4.0,1,test,False
Laikipia,2026-06-01,2026,6,2,2,Stressed,0.0030231115133704,2.0022715145066625,1.0000134813077062,0.2789734412149069,0.6066496250019594,1.3140148862511891,1.9804665679591127,86.25541778388009,79.71033549145949,111.87460873129096,-25.61919094741087,dry_jjas,378.6133408439104,2.0,4.0,1,test,False
Lamu,2026-06-01,2026,6,2,2,Stressed,0.0078360899683419,2.007836089968342,0.9773409282733216,-2.0792330547972657,-1.4595184378713884,-1.6430310153458882,1.3467374142979374,102.40970563338122,122.8212661531254,150.22640547778556,-47.81669984440434,dry_jjas,394.8891092289726,3.0,4.0,1,test,False
Machakos,2026-06-01,2026,6,1,1,Minimal,0.0,1.0053594702105009,0.9999321623277222,-0.8137655135672219,1.579788353221685,2.1389568566594264,2.411616428764905,113.550131339041,88.95141610666711,113.94865753393444,-0.3985261948934351,dry_jjas,347.0698296320569,1.0,4.0,1,test,False
Makueni,2026-06-01,2026,6,2,2,Stressed,0.0,1.9970632263425647,0.9999721487558016,-0.9872178635718704,1.7803129793419632,2.4555031760458665,2.7883648238499243,86.3251062260179,114.00896362495163,110.34563259666054,-24.020526370642642,dry_jjas,210.84898907247097,3.0,4.0,1,test,False
Mandera,2026-06-01,2026,6,3,3,Crisis or worse,1.0,3.0,0.9934829486429024,-1.3371265965702166,1.1885660564840177,1.240486650343962,2.3887719877358577,48.95386322877072,91.1219857944106,123.7618887183525,-74.80802548958178,dry_jjas,147.72597818452132,3.0,4.0,1,test,False
Marsabit,2026-06-01,2026,6,3,3,Crisis or worse,1.0,3.0,0.9337760885719434,-0.1622611888214517,0.8286644703770799,0.82421557212183,2.376162993900654,59.66939563987047,75.92670109576976,188.4071848308786,-128.73778919100812,dry_jjas,183.11284628508548,3.0,4.0,1,test,True
Meru,2026-06-01,2026,6,2,2,Stressed,0.0045985772908258,1.7977248176773926,0.9999033986180448,-0.1780824675876981,0.4813516384924455,0.7448640361655244,1.8605341971059357,72.31624295803563,94.3046457355247,136.92121335844823,-64.6049704004126,dry_jjas,469.95952152110806,3.0,4.0,1,test,False
Migori,2026-06-01,2026,6,1,1,Minimal,0.0,1.0009600200580766,0.8093461789563474,-0.8861500722116786,-0.4631505304574517,0.8981941802705142,2.0957729820397795,91.5923388488543,73.86263587136037,115.80820268624896,-24.215863837394664,dry_jjas,460.4970135975702,1.0,4.0,1,test,False
Mombasa,2026-06-01,2026,6,1,1,Minimal,0.0,1.024159169166952,0.9454988271665984,-1.6078134495924916,-1.0241726928246109,-1.321743124405186,1.725572831506881,65.2744703764789,83.06198107537406,109.6323233118083,-44.357852935329404,dry_jjas,339.4545465241538,1.0,4.0,1,test,False
Murang'a,2026-06-01,2026,6,1,1,Minimal,0.0,1.0,0.9998960447776896,-0.5375600939158688,0.5468847113444192,1.1759387911259207,2.0917954469817945,99.12029603804416,7.784138644872386,93.4233487029378,5.696947335106358,dry_jjas,600.9606534616394,1.0,4.0,1,test,False
Nairobi,2026-06-01,2026,6,1,1,Minimal,0.0,1.0004033639580097,0.9993429939950746,-0.3027102957401261,0.8615165924396821,1.4463164791483378,1.8322478062497427,73.89533997744662,38.05490789048435,99.6770871763269,-25.781747198880282,dry_jjas,349.07589029272395,1.0,4.0,1,test,False
Nakuru,2026-06-01,2026,6,1,1,Minimal,0.0,1.0039616673813203,0.9758811554850996,0.4253733332440739,1.2412912939395468,1.518778187309232,2.160938135485029,119.49347249197676,87.29197275010213,108.37550473387589,11.117967758100875,dry_jjas,337.82261196850334,1.0,4.0,1,test,False
Nandi,2026-06-01,2026,6,1,1,Minimal,0.0,1.0,0.9998151603533764,0.2498067546324929,1.1747966259331872,2.4718675992081045,2.851372399564977,120.03438731615782,77.86139328348555,125.11169181864864,-5.0773045024908185,dry_jjas,636.3375639959971,1.0,4.0,1,test,False
Narok,2026-06-01,2026,6,2,2,Stressed,0.0,1.9972573232118724,0.9926950995646184,-0.4391861221738726,1.7957298409601672,2.017946756081409,2.9323836431092016,91.71915110136293,81.53741705829893,99.6011812255976,-7.882030124234674,dry_jjas,449.4351533314782,2.0,4.0,1,test,False
Nyamira,2026-06-01,2026,6,1,1,Minimal,0.0,1.0,0.999826225293641,-1.1596442091681929,0.7432485568582974,1.4297379976854596,2.2667164110013034,102.89881722570811,-98.90763561610908,64.00708746772749,38.89172975798063,dry_jjas,707.0676224501927,1.0,4.0,1,test,False
Nyandarua,2026-06-01,2026,6,1,1,Minimal,0.0,1.005167858019678,0.9999166595580216,0.2711874366510744,0.9153821204934408,1.5378731676801791,2.338756924467488,120.05329675180796,96.28652586584606,108.92448841395056,11.128808337857407,dry_jjas,478.59632261521887,1.0,4.0,1,test,False
Nyeri,2026-06-01,2026,6,2,2,Stressed,0.0,1.5492237277779726,0.9998849000029968,-0.5006879279578452,0.3913758560726293,1.305433297219111,2.0857979279955536,101.91504584675562,43.385121907467145,89.96379868348478,11.951247163270835,dry_jjas,596.5685209899478,2.0,4.0,1,test,False
Samburu,2026-06-01,2026,6,3,3,Crisis or worse,0.9999652968738124,2.999965296873812,0.9998823052813662,0.2170854475334046,0.5604319595435154,0.8884131134285458,2.142322304658954,73.1948274405931,100.99510344487908,138.66804184179637,-65.47321440120326,dry_jjas,233.37064745956647,3.0,4.0,1,test,True
Siaya,2026-06-01,2026,6,1,1,Minimal,0.0,1.0,0.7130635075059107,-1.376536944794848,0.5526068065650468,2.3976797127234644,3.131583809935552,92.16200691443834,67.22897507323422,130.50996717493612,-38.347960260497786,dry_jjas,703.9110029852106,1.0,4.0,1,test,False
Taita Taveta,2026-06-01,2026,6,2,2,Stressed,0.000257074476969,2.000257074476969,0.996678387202404,-2.210501950754165,0.3721833774531172,0.4266314758131077,1.9331315108872216,75.59477662438135,102.7523958972548,123.49351158651706,-47.898734962135705,dry_jjas,337.281834884778,2.0,4.0,1,test,False
Tana River,2026-06-01,2026,6,3,3,Crisis or worse,0.9990219475993868,2.9990219475993865,0.9998364505696812,-2.1679429548338645,0.6070951802390765,0.0674389235421227,1.786302960888936,51.18114657561436,82.77628051551207,148.5108855432537,-97.32973896763933,dry_jjas,208.9215702880231,3.0,4.0,1,test,False
Tharaka-Nithi,2026-06-01,2026,6,2,2,Stressed,0.0,1.5708632716613662,0.99998720254999,-0.6878907662489178,0.3422880927848512,0.6429475925796387,1.8950462209269432,83.38324403960088,77.54177283675294,120.07294765214462,-36.68970361254374,dry_jjas,386.5660928989662,2.0,4.0,1,test,False
Trans Nzoia,2026-06-01,2026,6,1,1,Minimal,0.0,1.0040024533635254,0.9977844089794712,0.3495698201846393,1.0671007302909608,1.8287729095659764,2.847003607033195,153.6650515366165,104.3918163506005,123.02057449486334,30.64447704175315,dry_jjas,575.422482832226,1.0,4.0,1,test,False
Turkana,2026-06-01,2026,6,3,3,Crisis or worse,0.9999523071352352,2.9999523071352354,0.9601520759248608,0.8392911844400545,1.7930187080419455,2.253431905750757,3.104835148433904,90.35579855178172,89.52481038049761,137.22338876918272,-46.867590217401,dry_jjas,134.93439886021372,3.0,4.0,1,test,True
Uasin Gishu,2026-06-01,2026,6,1,1,Minimal,0.0,1.0000608491913512,0.9999481856594682,0.5349888926987884,1.0476262459703798,1.6822223302597763,2.463901650583061,110.96222627540652,95.10547821729466,117.48186444927704,-6.5196381738705185,dry_jjas,466.5756532543863,1.0,4.0,1,test,False
Vihiga,2026-06-01,2026,6,1,1,Minimal,0.0,1.0,0.9998193553745128,-0.7319026032390971,1.2940502813163273,2.9655074292664443,3.466044822835526,102.293092010812,82.72624102472427,134.4444978411306,-32.15140583031861,dry_jjas,638.2354464495623,1.0,4.0,1,test,False
Wajir,2026-06-01,2026,6,3,3,Crisis or worse,0.9999999861444424,2.999999986144443,0.9996281767904694,-1.439169402096616,0.6675559632745466,0.5209945876459471,2.3530731017897124,71.1548629501776,107.1977202010357,138.1309361547248,-66.97607320454719,dry_jjas,220.92597534518788,3.0,4.0,1,test,True
West Pokot,2026-06-01,2026,6,2,2,Stressed,0.0026265868449534,2.0007409321285063,0.9926739731095784,0.8344240609475532,1.0606839936678865,1.451276555291961,2.7901425471933,80.15878612404987,96.68078195759152,142.00940347033878,-61.850617346288914,dry_jjas,366.78840132412165,2.0,4.0,1,test,False
