county,reporting_date,year,month,ipc_phase,ipc_class,class_name,share_crisis_plus,mean_phase,classified_share,spi1_recent,spi3_recent,spi6_recent,spi3_prior,vci_recent,vci_prior1,vci_prior2,vci_trend,season,mean_annual_rain_mm,previous_class,months_since_previous,lead_months,split,is_study_county
Baringo,2011-01-01,2011,1,2,2,Stressed,0.0,1.790583870074513,0.9999705465033718,0.550785748414045,1.1331947472323756,1.8984143583521924,1.5427706018488323,55.08892113200934,65.33654646487507,78.65781148989063,-23.568890357881294,dry_jf,407.6410955536569,,,6,train,True
Bomet,2011-01-01,2011,1,1,1,Minimal,0.0,1.0015262760758556,1.000004320111171,-0.5800762631606611,1.162721870491083,1.911413164869644,1.4659330086483633,24.223522892458668,67.49707201997114,69.9020302540363,-45.67850736157764,dry_jf,705.0356352221398,,,6,train,False
Bungoma,2011-01-01,2011,1,1,1,Minimal,0.0,1.0,0.9970604800760164,-0.0061483868683289,1.1172318983747225,2.328785908628499,1.6549069975374424,36.33383633323934,69.20198246088295,63.8528126394684,-27.518976306229057,dry_jf,684.143518918554,,,6,train,False
Busia,2011-01-01,2011,1,1,1,Minimal,0.0,1.0,0.9131560514084084,-0.6919885711348122,0.6183244081960348,1.5652162577215951,1.0669012026690243,31.477880914771266,37.710199800383926,58.09544389855533,-26.617562983784065,dry_jf,504.89251568895395,,,6,train,False
Elgeyo-Marakwet,2011-01-01,2011,1,2,2,Stressed,0.0,1.9977073732362127,0.9999804467311296,0.7117415737888046,1.741677294832395,2.055255795091944,1.5492263393988923,48.3863433624495,93.77578157983945,84.37690361127727,-35.99056024882777,dry_jf,424.00498148048365,,,6,train,False
Embu,2011-01-01,2011,1,2,2,Stressed,0.0,1.744466795362324,0.9999282887249222,0.3992116223451011,0.052982314142834,0.6898159607628112,0.4646530207653062,43.98002053083559,49.157851445850966,71.02493727723815,-27.044916746402563,dry_jf,401.4457023614595,,,6,train,False
Garissa,2011-01-01,2011,1,2,2,Stressed,0.0043636483069202,2.0043636483069203,0.9995464608855014,1.431197871072749,1.293728050459561,1.5074188650237017,1.3502314948064282,54.243362900711865,43.9942679788466,50.09944044731259,4.143922453399277,dry_jf,210.6771075185111,,,6,train,False
Homa Bay,2011-01-01,2011,1,1,1,Minimal,0.0,1.0,0.6683932894055674,-0.5980199881096505,0.8117914324729986,1.5563250013479528,0.9141686604746267,45.939820630101416,63.11713431359178,41.31692500615831,4.6228956239431085,dry_jf,658.3122810444571,,,6,train,False
Isiolo,2011-01-01,2011,1,3,3,Crisis or worse,0.9951347110504184,2.99506312549807,0.999993878242038,0.4991854970680556,0.1898297512098428,0.6952789689923708,0.6124409499129877,17.611069073997967,19.53880317520257,21.45737865294837,-3.846309578950404,dry_jf,121.15801476654195,,,6,train,False
Kajiado,2011-01-01,2011,1,2,2,Stressed,0.0,1.9999952052532517,0.9927236162577764,-1.3039889937061069,0.7903343629090313,0.8686667210146354,0.704855461098082,35.63905781454537,38.23818494463109,56.0549288610592,-20.415871046513836,dry_jf,244.0590119973267,,,6,train,False
Kakamega,2011-01-01,2011,1,1,1,Minimal,0.0,1.0,0.9999218544222171,-0.0127237265907472,0.8886575659220924,2.0339953834701165,1.3179956387054852,38.02258119778359,63.979341266713625,56.07521080284019,-18.0526296050566,dry_jf,521.962946970816,,,6,train,False
Kericho,2011-01-01,2011,1,1,1,Minimal,0.0,1.0,0.9999310645743662,-0.1951624368798164,1.1770375853803126,2.124665286326697,1.627926395083532,56.57972582362813,89.09705866236716,64.74895101356434,-8.169225189936206,dry_jf,577.6437811642602,,,6,train,False
Kiambu,2011-01-01,2011,1,1,1,Minimal,0.0,1.0032990281440006,0.9999994899103124,-1.109214152511735,0.9266146791124992,1.1389038822835853,0.9437199131622134,58.77773301895086,23.9058273602344,71.99688731988594,-13.219154300935081,dry_jf,365.1581675938478,,,6,train,False
Kilifi,2011-01-01,2011,1,2,2,Stressed,0.0,1.9952219173874604,0.994241227115709,-0.8567297481989284,0.3924516957195487,0.7926713077290082,1.0167836252782352,72.82549022464295,65.30027780478322,98.46726130258432,-25.64177107794137,dry_jf,485.9236308469297,,,6,train,False
Kirinyaga,2011-01-01,2011,1,1,1,Minimal,0.0,1.005365616171106,0.9994983861098944,0.3571243744222062,0.4004886334562852,0.7805160017978244,0.5110643765971459,60.02634430486382,43.50306241468055,65.14600062285875,-5.119656317994931,dry_jf,523.427425427593,,,6,train,False
Kisii,2011-01-01,2011,1,1,1,Minimal,0.0,1.0006370727546363,1.0000313807396553,-0.6585548506125191,1.2232705626267153,2.020485135331948,1.4096765850862445,35.42868950061366,63.57839960352249,51.00861549288559,-15.579925992271932,dry_jf,771.8724273402603,,,6,train,False
Kisumu,2011-01-01,2011,1,1,1,Minimal,0.0,1.0,0.7827415653954494,-0.1642411482964585,0.6327349988595175,1.4965439522934771,0.69568015165398,30.30886469346636,74.80070089950108,36.13100609609779,-5.822141402631431,dry_jf,650.4965825795291,,,6,train,False
Kitui,2011-01-01,2011,1,2,2,Stressed,0.0,2.0,0.9999941226566244,-0.0798888323372891,-0.3901882662521844,1.245209971833238,1.2225825667687853,45.608286838479486,46.0596527472652,63.25474332277255,-17.64645648429306,dry_jf,350.0498777837523,,,6,train,False
Kwale,2011-01-01,2011,1,2,2,Stressed,0.0,2.0,0.9912685114672192,-1.300768534130086,0.5410810253529911,0.5996222022948923,0.6788895086855945,88.64239790306152,90.2951123270255,100.0,-11.357602096938479,dry_jf,461.4118591660762,,,6,train,False
Laikipia,2011-01-01,2011,1,2,2,Stressed,0.0037013978983079,2.000789708633966,1.0000037896120522,-0.1544807854079153,0.3396451991673854,1.572399451628931,1.3534820660485467,60.40850233898169,70.53439734614804,89.3000008161181,-28.89149847713641,dry_jf,378.6133408439104,,,6,train,False
Lamu,2011-01-01,2011,1,2,2,Stressed,0.0,2.0,0.977356380818854,0.4378550352258402,0.7529188204716679,1.1031087373249626,0.9383058133792908,86.97076949039,90.8587064530192,100.0,-13.029230509610002,dry_jf,394.8891092289726,,,6,train,False
Machakos,2011-01-01,2011,1,2,2,Stressed,0.0,1.9983432164547923,0.9999707917323208,-0.7502080485426763,0.372747088096189,0.7882782061594777,0.5579825546768055,44.18151441852205,64.522197266193,95.03700887810284,-50.85549445958079,dry_jf,347.0698296320569,,,6,train,False
Makueni,2011-01-01,2011,1,2,2,Stressed,0.0,2.0,0.9999634120593888,-0.3366570669853814,0.0352029978566642,0.814483577746088,0.7973879882002884,34.8859485311746,45.988859000131896,60.82898656720288,-25.943038036028284,dry_jf,210.84898907247097,,,6,train,False
Mandera,2011-01-01,2011,1,3,3,Crisis or worse,1.0,3.0,0.9935598900285671,-0.0692564085106621,-1.0805746178806506,0.7453208127119526,0.7117056343863193,21.19231884947477,50.24889422544125,52.58636495453865,-31.394046105063882,dry_jf,147.72597818452132,,,6,train,False
Marsabit,2011-01-01,2011,1,3,3,Crisis or worse,0.8023274179471376,2.802327417947138,0.9994535327492756,0.1276107297049314,-0.0019603410765348,0.2927904424336643,0.1692909129809243,30.04071408205692,24.322750012394646,34.26143280749899,-4.220718725442072,dry_jf,183.11284628508548,,,6,train,True
Meru,2011-01-01,2011,1,2,2,Stressed,0.0052724504222519,1.5838873659897472,0.9999854823459616,0.8188296516153717,-0.1377110937881812,0.8611468027720461,0.5532761955856924,26.19562107500074,60.759475888297096,49.31768675066481,-23.12206567566407,dry_jf,469.95952152110806,,,6,train,False
Migori,2011-01-01,2011,1,1,1,Minimal,0.0,1.0016690731682976,0.8117135191457311,-1.0032019909289691,0.7335240524361064,1.7535248129751535,1.0657833654936242,61.127023952717934,96.19862708927452,50.87414147849955,10.252882474218382,dry_jf,460.4970135975702,,,6,train,False
Mombasa,2011-01-01,2011,1,1,1,Minimal,0.0,1.341609487598849,0.9455242931112856,-1.1210703506195283,0.6225408982931753,0.5907325762329837,0.6933481577705801,78.8488567772948,73.28779591619553,73.36571699690475,5.483139780390047,dry_jf,339.4545465241538,,,6,train,False
Murang'a,2011-01-01,2011,1,1,1,Minimal,0.0,1.0013294323786135,0.9999691888704983,-0.5349946435380676,0.7368008276196213,1.028520036874723,0.8458298711487388,44.59788183982664,45.08404887423528,51.61825083719433,-7.02036899736769,dry_jf,600.9606534616394,,,6,train,False
Nairobi,2011-01-01,2011,1,1,1,Minimal,0.0,1.0380403787287664,0.9999545666172184,-1.203539603308911,1.0341901659134864,1.1430965295290094,0.9329821253403892,60.68364157961823,37.81458246803997,85.24098625460965,-24.55734467499142,dry_jf,349.07589029272395,,,6,train,False
Nakuru,2011-01-01,2011,1,1,1,Minimal,0.0,1.0036575694214165,0.9999838839897714,-0.117046444582297,0.8180699020229104,1.8389449052151456,1.609641899585428,68.81101821454807,81.0306771821824,96.24523493003814,-27.434216715490066,dry_jf,337.82261196850334,,,6,train,False
Nandi,2011-01-01,2011,1,1,1,Minimal,0.0,1.0,0.9999550383826554,0.2586518509100485,1.0502233536672618,2.003012443042598,1.2286708309932552,22.94899205609822,79.90586818403364,40.48592258200526,-17.53693052590704,dry_jf,636.3375639959971,,,6,train,False
Narok,2011-01-01,2011,1,2,2,Stressed,0.0,1.999313758980872,0.9927452342398364,-0.9874656726843296,0.7423560986380727,1.3477125116063378,0.9714448034557862,31.51967725715649,62.80807223952895,84.54518263190012,-53.02550537474363,dry_jf,449.4351533314782,,,6,train,False
Nyamira,2011-01-01,2011,1,1,1,Minimal,0.0,1.0000002680268931,0.9999126183478936,-0.4809004585085007,1.1006136392055377,1.9247524317327984,1.4654081702437485,26.91000101433679,56.367279599741,72.01884970275921,-45.10884868842243,dry_jf,707.0676224501927,,,6,train,False
Nyandarua,2011-01-01,2011,1,1,1,Minimal,0.0,1.0015128223439924,0.9999670976288418,-0.3081916098761482,0.4419578038368971,1.6400934978008257,1.5946213374650444,64.41405510105828,82.64820458957394,84.6417255721365,-20.227670471078213,dry_jf,478.59632261521887,,,6,train,False
Nyeri,2011-01-01,2011,1,1,1,Minimal,0.0,1.0011461462883608,0.9999691985825544,-0.3942221844048687,0.3757136255324994,1.111005358327036,0.8981984279494862,57.43685240771604,58.17188517666889,69.33199908998874,-11.895146682272703,dry_jf,596.5685209899478,,,6,train,False
Samburu,2011-01-01,2011,1,2,2,Stressed,0.0031421361899039,2.003142136189904,0.9999916919048122,-0.0602908661456573,0.3813287850040301,1.1159039771739274,0.8488153794478034,39.964366261467696,41.274451243617705,64.82892754717373,-24.86456128570604,dry_jf,233.37064745956647,,,6,train,True
Siaya,2011-01-01,2011,1,1,1,Minimal,0.0,1.0,0.7120528602704334,-0.6732435362464959,0.6079662251900988,1.412034965307035,0.7455863693355832,34.838591652795394,66.81216142299019,57.57332534532061,-22.734733692525218,dry_jf,703.9110029852106,,,6,train,False
Taita Taveta,2011-01-01,2011,1,2,2,Stressed,0.0,2.0,0.9966936121354903,-1.5104195207662414,0.1319306086424922,0.1191652834814782,0.3049213868562846,39.3451199061326,37.379938410303296,55.97963893618051,-16.634519030047905,dry_jf,337.281834884778,,,6,train,False
Tana River,2011-01-01,2011,1,2,2,Stressed,7.918485280193308e-06,2.0000079184852804,0.9998867051494884,0.4586930319312806,0.9764834829384372,1.6824676437128252,1.6321689800975288,57.11555040618472,39.57549860340749,50.39781540211156,6.717735004073155,dry_jf,208.9215702880231,,,6,train,False
Tharaka-Nithi,2011-01-01,2011,1,2,2,Stressed,0.0,1.5767611213866526,0.9999546855032246,0.6332116853442927,0.0080845904077719,0.6761412015007688,0.469318844413887,40.391284366361546,47.67622146732421,63.324901994497104,-22.933617628135558,dry_jf,386.5660928989662,,,6,train,False
Trans Nzoia,2011-01-01,2011,1,1,1,Minimal,0.0,1.000326702784827,0.997800480250134,0.6321553264792318,1.6674932013367236,2.4487834114985016,1.7699419322662262,32.52015228103523,86.36840047717503,63.85869519828379,-31.33854291724856,dry_jf,575.422482832226,,,6,train,False
Turkana,2011-01-01,2011,1,2,2,Stressed,0.0,2.0,0.99291897176986,-0.0288605799967971,0.553885549298609,1.4152384873165134,1.5554312830607866,36.16865815689128,48.66039077343931,74.49823645981772,-38.329578302926436,dry_jf,134.93439886021372,,,6,train,True
Uasin Gishu,2011-01-01,2011,1,1,1,Minimal,0.0,1.0040316219426806,0.9999854017785704,0.5447379969687033,1.635714997163725,2.1582217715301946,1.5338606541865891,68.94087764717987,87.4700494300802,82.72105854615364,-13.780180898973768,dry_jf,466.5756532543863,,,6,train,False
Vihiga,2011-01-01,2011,1,1,1,Minimal,0.0,1.0,0.999845724163674,-0.1497202587907565,0.7265844640328468,1.6607287922431444,1.03625484671464,14.152227455386074,78.49303580544003,30.09955544114301,-15.947327985756937,dry_jf,638.2354464495623,,,6,train,False
Wajir,2011-01-01,2011,1,3,3,Crisis or worse,0.9974644182701038,2.997464418270104,0.9996977952354772,-0.1665169209221334,-0.5709948784058168,0.4140068320867465,0.4335995905633848,25.235496509700614,19.640935582619093,28.96823257221936,-3.7327360625187467,dry_jf,220.92597534518788,,,6,train,True
West Pokot,2011-01-01,2011,1,2,2,Stressed,0.0,1.999918117564205,0.9926957637905496,0.7055042533983502,1.323722505842696,1.7733892304554577,1.4840466099085443,41.54663826468328,56.094666099045824,49.05991962649681,-7.513281361813526,dry_jf,366.78840132412165,,,6,train,False
Baringo,2011-04-01,2011,4,2,2,Stressed,0.0,1.7905838700745127,0.9999705465033716,0.4743205188401673,0.7809368130921256,1.1577735776192002,0.459991978444816,56.78794666764039,73.05041198397348,75.44869686162158,-18.660750193981194,long_rains,407.6410955536569,2.0,3.0,6,train,True
Bomet,2011-04-01,2011,4,1,1,Minimal,0.0,1.0015262760758556,1.000004320111171,0.903738984976364,0.9239639720324904,1.465204617252857,-0.1666252347774464,64.35396715288185,27.457068033374355,0.0,64.35396715288185,long_rains,705.0356352221398,1.0,3.0,6,train,False
Bungoma,2011-04-01,2011,4,1,1,Minimal,0.0,1.0,0.9970604800760164,1.1621466421608533,0.745901574417057,1.163199142523324,-0.0926057464341415,33.8685795274586,13.649223477168611,63.40188021542383,-29.53330068796523,long_rains,684.143518918554,1.0,3.0,6,train,False
Busia,2011-04-01,2011,4,1,1,Minimal,0.0,1.0,0.9131560514084084,0.6368939300541635,0.522773507180693,0.7317396430933908,-0.0345718368954536,61.56808587529368,62.37036581482446,57.334262335050575,4.233823540243108,long_rains,504.89251568895395,1.0,3.0,6,train,False
Elgeyo-Marakwet,2011-04-01,2011,4,2,2,Stressed,0.0,1.9977073732362127,0.9999804467311296,0.7587497350409905,0.9750790238808632,1.6981795366561512,0.7279959906931794,67.155158995633,71.87761065389259,49.83790516823351,17.31725382739949,long_rains,424.00498148048365,2.0,3.0,6,train,False
Embu,2011-04-01,2011,4,2,2,Stressed,0.0,1.744466795362324,0.9999282887249222,-0.1012049571443467,-0.2201359570630738,-0.2037773956078245,-0.0012599011815825,34.67960507140786,36.87781299355096,34.75290760041267,-0.07330252900480616,long_rains,401.4457023614595,2.0,3.0,6,train,False
Garissa,2011-04-01,2011,4,2,2,Stressed,0.0043636483069202,2.0043636483069203,0.9995464608855014,-0.919833834507605,-0.9302539454332002,0.1138728494025,0.9464156639174204,11.586283332914704,37.17612009267268,63.59132005132447,-52.00503671840977,long_rains,210.6771075185111,2.0,3.0,6,train,False
Homa Bay,2011-04-01,2011,4,1,1,Minimal,0.0,1.0,0.6683932894055674,0.3744109556158899,0.7790415611293579,1.1155679730320205,0.242299041339398,47.22843513286963,39.9494107782695,16.41168062097683,30.816754511892796,long_rains,658.3122810444571,1.0,3.0,6,train,False
Isiolo,2011-04-01,2011,4,3,3,Crisis or worse,0.9951347110504184,2.99506312549807,0.999993878242038,-0.2722866510595947,-0.2882735400517376,-0.2755470664319049,0.279388480227725,8.166634271548432,23.747206442205847,21.26837435635213,-13.101740084803698,long_rains,121.15801476654195,3.0,3.0,6,train,False
Kajiado,2011-04-01,2011,4,2,2,Stressed,0.0,1.9999952052532517,0.9927236162577764,-0.267156278786286,-0.4030597031447024,0.5762901758950864,-0.3345669989721427,22.669141070842137,42.751131823057854,47.01468400756071,-24.345542936718573,long_rains,244.0590119973267,2.0,3.0,6,train,False
Kakamega,2011-04-01,2011,4,1,1,Minimal,0.0,1.0,0.9999218544222171,1.06688313921139,0.9920170444550044,1.2091784672502977,0.1944237176167032,27.66794316215601,54.45980396895502,54.18767875501285,-26.519735592856836,long_rains,521.962946970816,1.0,3.0,6,train,False
Kericho,2011-04-01,2011,4,1,1,Minimal,0.0,1.0,0.9999310645743662,0.7257465805251941,1.1535745946692673,1.5056392342049991,0.4690660438875964,75.08178089964072,22.62252521351228,32.1139931350883,42.96778776455242,long_rains,577.6437811642602,1.0,3.0,6,train,False
Kiambu,2011-04-01,2011,4,1,1,Minimal,0.0,1.0032990281440006,0.9999994899103124,0.560228700740334,0.5392111182783287,1.0589332032137009,0.2507340167041358,62.53585285973029,57.46753358624253,45.01169884255006,17.52415401718023,long_rains,365.1581675938478,1.0,3.0,6,train,False
Kilifi,2011-04-01,2011,4,2,2,Stressed,0.0,1.9952219173874604,0.994241227115709,-1.361102793776474,-1.1917623006399674,-0.4561857638614436,-1.1328466436970803,19.92115370851468,61.51341879150473,62.46338393704976,-42.54223022853508,long_rains,485.9236308469297,2.0,3.0,6,train,False
Kirinyaga,2011-04-01,2011,4,1,1,Minimal,0.0,1.005365616171106,0.9994983861098944,-0.3385149085327045,-0.5030378077229556,-0.0720435319504201,-0.0139274642657465,0.0,37.21205894664474,49.930755919392666,-49.930755919392666,long_rains,523.427425427593,1.0,3.0,6,train,False
Kisii,2011-04-01,2011,4,1,1,Minimal,0.0,1.0006370727546363,1.0000313807396553,0.5519919143523595,0.3384383353139915,1.0454426131420738,-0.2707690338583925,62.52054592786842,77.97984255221205,7.412268674883944,55.10827725298447,long_rains,771.8724273402603,1.0,3.0,6,train,False
Kisumu,2011-04-01,2011,4,1,1,Minimal,0.0,1.0,0.7827415653954494,0.2978307449986477,0.6723588729691291,1.0040958529375463,0.3197998954536487,58.5126579123102,45.59182516852376,8.449629305586972,50.06302860672323,long_rains,650.4965825795291,1.0,3.0,6,train,False
Kitui,2011-04-01,2011,4,2,2,Stressed,0.0,2.0,0.999994122656624,-0.9860489365495764,-0.9515092383109124,-0.9839037237793276,-0.7376127921399143,18.60265229902419,62.76057052933879,78.60034648163078,-59.997694182606594,long_rains,350.0498777837523,2.0,3.0,6,train,False
Kwale,2011-04-01,2011,4,2,2,Stressed,0.0,2.0,0.9912685114672192,-1.0593743352871672,-0.895063171778317,-0.1337739509438024,-0.5168304807857257,20.948871381340144,54.388433803324254,61.26001003341074,-40.311138652070596,long_rains,461.4118591660762,2.0,3.0,6,train,False
Laikipia,2011-04-01,2011,4,2,2,Stressed,0.0037013978983079,2.000789708633966,1.0000037896120522,-0.3148500673712249,0.2022122561999626,0.3187556951310507,0.147520176940069,71.83961457036756,90.72529937256428,79.51124468768883,-7.671630117321271,long_rains,378.6133408439104,2.0,3.0,6,train,False
Lamu,2011-04-01,2011,4,2,2,Stressed,0.0,2.0,0.977356380818854,-1.309860144039373,-0.5797915461111368,0.4557025009731571,0.8593192823516952,29.26760279776606,70.9849649744447,72.09668645194283,-42.82908365417677,long_rains,394.8891092289726,2.0,3.0,6,train,False
Machakos,2011-04-01,2011,4,2,2,Stressed,0.0,1.9983432164547923,0.9999707917323208,-0.2288476215088747,-0.3318315290749608,0.0198014836066518,-0.5284540448904815,25.105783432658804,57.45724731780819,66.36028285645523,-41.254499423796425,long_rains,347.0698296320569,2.0,3.0,6,train,False
Makueni,2011-04-01,2011,4,2,2,Stressed,0.0,2.0,0.9999634120593888,-0.7228020215921627,-0.9038200896894862,-0.5958765959822144,-1.110176500726666,23.144793566509428,59.192074689701045,62.33198440905739,-39.18719084254796,long_rains,210.84898907247097,2.0,3.0,6,train,False
Mandera,2011-04-01,2011,4,3,3,Crisis or worse,1.0,3.0,0.9935598900285671,-0.3817009196825946,-0.4348837528299981,-1.016311131336002,-0.9029890874412332,15.702904092751291,26.70613387195548,51.06143927861679,-35.3585351858655,long_rains,147.72597818452132,3.0,3.0,6,train,False
Marsabit,2011-04-01,2011,4,3,3,Crisis or worse,0.9295718249759154,2.9295718249759157,0.9994534359461124,-0.3870436915773778,-0.4510859456170091,-0.4056080297146719,-0.2343718977619262,4.089418039894932,33.746963296669634,29.054848440186014,-24.965430400291083,long_rains,183.11284628508548,3.0,3.0,6,train,True
Meru,2011-04-01,2011,4,2,2,Stressed,0.0052724504222519,1.5838873659897472,0.9999854823459616,-0.5070123010005614,-0.5375938607430261,-0.6170184729292821,0.3654853562091252,23.004063487022727,41.34996530553129,30.722339516195227,-7.7182760291725,long_rains,469.95952152110806,2.0,3.0,6,train,False
Migori,2011-04-01,2011,4,1,1,Minimal,0.0,1.0016690731682976,0.8117135191457311,1.032834769148706,0.87467443934203,1.1923160439469505,-0.2453148018961413,60.41269460756804,52.2602699971487,26.05827328417642,34.35442132339162,long_rains,460.4970135975702,1.0,3.0,6,train,False
Mombasa,2011-04-01,2011,4,1,1,Minimal,0.0,1.341609487598849,0.9455242931112856,-1.3666486358426322,-1.3875608349001654,-0.0903280067089788,-0.7586392538422867,30.94900356755755,63.37834986284029,74.0504496785992,-43.10144611104164,long_rains,339.4545465241538,1.0,3.0,6,train,False
Murang'a,2011-04-01,2011,4,1,1,Minimal,0.0,1.0013294323786135,0.9999691888704983,-0.1302730702871682,-0.1836733035213482,0.46880351195139,-0.1100906391197272,43.61801834196498,54.02799177028985,49.4632646638747,-5.845246321909727,long_rains,600.9606534616394,1.0,3.0,6,train,False
Nairobi,2011-04-01,2011,4,1,1,Minimal,0.0,1.0380403787287664,0.9999545666172184,0.5411442457322471,0.4700971541899449,1.154913975720954,0.1721518325136785,39.47373220091145,51.3592742000032,46.1678648779966,-6.69413267708515,long_rains,349.07589029272395,1.0,3.0,6,train,False
Nakuru,2011-04-01,2011,4,1,1,Minimal,0.0,1.0036575694214165,0.9999838839897714,0.6258523219541238,1.317905644016126,1.292428379280022,0.2865107589534796,77.04638668774591,93.36445396884544,59.55566846234056,17.490718225405345,long_rains,337.82261196850334,1.0,3.0,6,train,False
Nandi,2011-04-01,2011,4,1,1,Minimal,0.0,1.0,0.9999550383826554,1.1313328370462754,0.9969867599468158,1.334098588469901,0.3034456308680396,12.541366689144937,0.0,52.62826539565279,-40.08689870650785,long_rains,636.3375639959971,1.0,3.0,6,train,False
Narok,2011-04-01,2011,4,2,2,Stressed,0.0,1.999313758980872,0.9927452342398364,1.4644252471252288,1.5104006762252251,1.4229976557926691,-0.2813125343955552,79.94684981113846,52.19957636945209,11.205894130641685,68.74095568049678,long_rains,449.4351533314782,2.0,3.0,6,train,False
Nyamira,2011-04-01,2011,4,1,1,Minimal,0.0,1.0000002680268931,0.9999126183478936,0.5014639246461334,0.4644489289660204,1.0855790392521547,-0.2093397359499187,54.27016019772236,63.5415342578184,20.153926878377952,34.11623331934441,long_rains,707.0676224501927,1.0,3.0,6,train,False
Nyandarua,2011-04-01,2011,4,1,1,Minimal,0.0,1.0015128223439924,0.9999670976288418,0.142948392631155,0.7621492698752571,0.6882372315831267,-0.0863086875363511,47.18402144900306,74.80247397378142,32.56805560327754,14.615965845725519,long_rains,478.59632261521887,1.0,3.0,6,train,False
Nyeri,2011-04-01,2011,4,1,1,Minimal,0.0,1.0011461462883608,0.9999691985825544,-0.5020399629015918,-0.5267112389441806,-0.0492408126737334,-0.4155883230002902,35.25139132271194,63.50782070837247,19.80762511462963,15.443766208082309,long_rains,596.5685209899478,1.0,3.0,6,train,False
Samburu,2011-04-01,2011,4,2,2,Stressed,0.0031421361899039,2.003142136189904,0.9999916919048122,-0.4256342045123282,-0.3486296476479072,-0.0144467113668582,0.030994365166598,30.685287547711752,51.15439723450473,53.30671163807395,-22.621424090362197,long_rains,233.37064745956647,2.0,3.0,6,train,True
Siaya,2011-04-01,2011,4,1,1,Minimal,0.0,1.0,0.7120528602704334,-0.1818144529783139,0.5476708810215625,0.794909572343328,0.5265319237632384,49.630727823589,90.67661742023655,55.51509229034637,-5.8843644667573685,long_rains,703.9110029852106,1.0,3.0,6,train,False
Taita Taveta,2011-04-01,2011,4,2,2,Stressed,0.0,2.0,0.9966936121354903,-1.453689161617938,-1.5429515468413415,-1.184679247097672,-1.7674206738920013,3.868793662752486,44.26101100198746,69.49529095197136,-65.62649728921888,long_rains,337.281834884778,2.0,3.0,6,train,False
Tana River,2011-04-01,2011,4,2,2,Stressed,7.918485280193308e-06,2.0000079184852804,0.9998867051494884,-1.048569316848765,-0.7326172322461462,-0.1810768126657109,0.5673367071150632,9.8809056777959,50.46369541902685,71.99098762655373,-62.11008194875783,long_rains,208.9215702880231,2.0,3.0,6,train,False
Tharaka-Nithi,2011-04-01,2011,4,2,2,Stressed,0.0,1.5767611213866526,0.9999546855032246,-0.3690050523732943,-0.4195240223982203,-0.4035837949705648,0.2334015139107811,19.07193507733689,42.28608514200846,42.99878050663016,-23.926845429293273,long_rains,386.5660928989662,2.0,3.0,6,train,False
Trans Nzoia,2011-04-01,2011,4,1,1,Minimal,0.0,1.000326702784827,0.997800480250134,0.853699837887206,0.6549319627102517,1.4126696410757575,0.3251733984280163,40.1131834171524,42.78135268871511,47.270926115206,-7.157742698053603,long_rains,575.422482832226,1.0,3.0,6,train,False
Turkana,2011-04-01,2011,4,2,2,Stressed,0.0,2.0,0.99291897176986,-0.2371541561706922,-0.3271114218736828,0.3045342700194163,-0.3868817132461645,24.08041076649555,42.96475157169704,51.9056106193954,-27.825199852899846,long_rains,134.93439886021372,2.0,3.0,6,train,True
Uasin Gishu,2011-04-01,2011,4,1,1,Minimal,0.0,1.0040316219426806,0.9999854017785704,0.998426980304538,1.035978678316518,1.582680516683962,0.53124176967758,82.47680297774205,69.6185683132955,76.44908260687264,6.027720370869417,long_rains,466.5756532543863,1.0,3.0,6,train,False
Vihiga,2011-04-01,2011,4,1,1,Minimal,0.0,1.0,0.999845724163674,0.6808653773405479,0.9281313483161352,1.166444447992161,0.3267520553000784,18.28226950854081,83.36492236982545,15.422515989791863,2.8597535187489473,long_rains,638.2354464495623,1.0,3.0,6,train,False
Wajir,2011-04-01,2011,4,3,3,Crisis or worse,0.9989737159437438,2.998973715943744,0.9996977952354784,-0.6628895287293111,-0.7134104059673855,-0.9119665886139556,-0.8590815176014145,9.48618019371423,46.0636593001352,48.63920448284731,-39.153024289133086,long_rains,220.92597534518788,3.0,3.0,6,train,True
West Pokot,2011-04-01,2011,4,2,2,Stressed,0.0,1.999918117564205,0.9926957637905496,0.1023364118966798,0.3737003472330966,1.125401422249448,0.3478527217877981,46.27281168860488,65.68165584282907,65.13264902629616,-18.859837337691282,long_rains,366.78840132412165,2.0,3.0,6,train,False
Baringo,2011-07-01,2011,7,3,3,Crisis or worse,0.4144966194871891,2.2047342732998367,0.9999360613915742,-0.9813717364505744,-1.3533493994984471,-0.1594175801609067,-0.1689382252512683,12.233256145621857,15.445376352678272,26.590488152901933,-14.357232007280077,dry_jjas,407.6410955536569,2.0,3.0,6,train,True
Bomet,2011-07-01,2011,7,1,1,Minimal,0.0,1.0,0.999729073525429,-0.5173844992756391,-0.5278210809344926,-0.1235322631818895,0.1679876351051977,62.94900465391352,79.10243818871854,86.30752887172454,-23.358524217811024,dry_jjas,705.0356352221398,1.0,3.0,6,train,False
Bungoma,2011-07-01,2011,7,1,1,Minimal,0.0,1.0,0.9968273735961646,-1.286480936732382,-0.232025014583337,0.3192905455554908,0.5109056086638397,41.43124907429814,51.78798421150245,55.486858476892365,-14.055609402594229,dry_jjas,684.143518918554,1.0,3.0,6,train,False
Busia,2011-07-01,2011,7,1,1,Minimal,0.0,1.0,0.9128634605516268,-1.3635358527015546,-0.8245627016085331,-0.4217150231398306,-0.1692381096122389,35.38080598525004,50.53492916525812,29.45113976632189,5.929666218928151,dry_jjas,504.89251568895395,1.0,3.0,6,train,False
Elgeyo-Marakwet,2011-07-01,2011,7,1,1,Minimal,7.282120590235429e-05,1.001441321055461,0.9998673976024002,-1.070746477499052,-1.2005138015707808,0.023343703864447,0.0704680710708437,24.62354154097992,30.418500048716368,49.28406502939309,-24.66052348841317,dry_jjas,424.00498148048365,2.0,3.0,6,train,False
Embu,2011-07-01,2011,7,2,2,Stressed,0.0041861186972257,1.7403841530652242,0.999927179092711,-0.6141101768877348,-0.903671990257016,-0.8660474909639415,-0.5744105543738551,0.0,7.530303485576694,55.14450137369356,-55.14450137369356,dry_jjas,401.4457023614595,2.0,3.0,6,train,False
Garissa,2011-07-01,2011,7,3,3,Crisis or worse,0.736257448241285,2.856127887896062,0.9995672868461176,-0.4188148983231474,-0.8903655702118481,-1.098360830280683,-0.9254907991163048,10.509001077688666,4.377253081234988,6.735363093476874,3.773637984211792,dry_jjas,210.6771075185111,2.0,3.0,6,train,False
Homa Bay,2011-07-01,2011,7,1,1,Minimal,0.0,1.0,0.66830422924983,-0.7241422791267931,-0.8140808036114965,-0.3427568637586234,-0.2835671976780905,18.51442839971033,48.68615289732718,38.30681293038428,-19.792384530673953,dry_jjas,658.3122810444571,1.0,3.0,6,train,False
Isiolo,2011-07-01,2011,7,4,3,Crisis or worse,0.9985666882753425,3.7996434038063134,0.999988876089475,-0.7264851546721031,-1.2084923144000788,-1.0808034843454652,-0.6794903208318381,2.003672451337437,0.0,0.0,2.003672451337437,dry_jjas,121.15801476654195,3.0,3.0,6,train,False
Kajiado,2011-07-01,2011,7,2,2,Stressed,0.3942247243168699,2.2232237856239667,0.9867140442911024,-1.0670396789950278,-0.8143127264710552,-0.833806944821079,-0.676031524155216,21.66194265954987,41.72543115710303,33.1482411194703,-11.48629845992043,dry_jjas,244.0590119973267,2.0,3.0,6,train,False
Kakamega,2011-07-01,2011,7,1,1,Minimal,0.0,1.0,0.9996644082966218,-0.9480682485312024,-0.4212865643718209,0.335498583975902,0.4180271513413977,48.88544968996622,52.18076745514424,42.24785643945221,6.637593250514016,dry_jjas,521.962946970816,1.0,3.0,6,train,False
Kericho,2011-07-01,2011,7,1,1,Minimal,0.0,1.0,0.9997003606571904,-0.5229722270674098,-0.5882177508000836,0.0661571359183181,-0.1950777642923387,48.550205105651024,61.62025264468058,74.65411528707456,-26.103910181423537,dry_jjas,577.6437811642602,1.0,3.0,6,train,False
Kiambu,2011-07-01,2011,7,1,1,Minimal,0.0,1.0,0.9996733471934438,-0.7885302399845945,-0.8819517663557151,-0.5752695040505147,-0.2687247745413511,32.49828278938232,54.33652303965811,49.865947800645536,-17.367665011263213,dry_jjas,365.1581675938478,1.0,3.0,6,train,False
Kilifi,2011-07-01,2011,7,2,2,Stressed,0.0,1.8550558579045848,0.9941791880702638,-0.8751512802450183,-0.3730750471445491,-0.9002229637392075,-0.4689575769491693,10.532702714513858,10.314419531250753,47.10173825570551,-36.56903554119165,dry_jjas,485.9236308469297,2.0,3.0,6,train,False
Kirinyaga,2011-07-01,2011,7,1,1,Minimal,0.0,1.0053350182541043,0.9997822519337228,-0.7297218860454645,-0.9254834821258868,-0.999221602064336,-0.8049664002481466,19.75424518846816,27.949770636903843,36.190519207236456,-16.436274018768295,dry_jjas,523.427425427593,1.0,3.0,6,train,False
Kisii,2011-07-01,2011,7,1,1,Minimal,0.0,1.0,0.9995810852329328,-0.6084945086090812,-0.6238266861436047,-0.326350143388863,-0.0650434409391491,54.774968876845705,59.30404181496537,81.17805739012341,-26.40308851327771,dry_jjas,771.8724273402603,1.0,3.0,6,train,False
Kisumu,2011-07-01,2011,7,1,1,Minimal,0.0,1.0,0.7825715876310351,-0.5426844374087582,-0.4418835604476385,-0.1202291009857738,-0.3506919420272057,39.142433882269536,42.43241262019741,28.001041646939957,11.14139223532958,dry_jjas,650.4965825795291,1.0,3.0,6,train,False
Kitui,2011-07-01,2011,7,3,3,Crisis or worse,0.8329439361812834,2.7933365507837498,0.9999619580728186,-0.2895589087804175,-0.7808530701148882,-0.9210730092314294,-0.6745401751446142,18.391575010211085,16.59536479032594,37.06255512535216,-18.670980115141077,dry_jjas,350.0498777837523,2.0,3.0,6,train,False
Kwale,2011-07-01,2011,7,2,2,Stressed,0.0,1.918307576501961,0.9912396776308134,-0.9191839760786468,-0.7453219947378352,-0.9540913993292184,-0.4739755753125213,2.323502770465463,25.37861559377979,48.23087885327441,-45.90737608280895,dry_jjas,461.4118591660762,2.0,3.0,6,train,False
Laikipia,2011-07-01,2011,7,2,2,Stressed,0.0037698480331989,2.0008736174688773,0.99996764848774,-0.8456947376036371,-1.4765702581784506,-0.9067447386040508,-0.77546415296686,6.620044731661342,11.583871495999947,23.22013812806896,-16.60009339640762,dry_jjas,378.6133408439104,2.0,3.0,6,train,False
Lamu,2011-07-01,2011,7,1,1,Minimal,0.0199140680526551,1.0398281361053103,0.9772940962519596,-0.3920393300735512,-0.447342077243797,-0.6946710444232133,-0.5223284183927568,22.53737161851545,22.210905796286088,39.61725372578055,-17.0798821072651,dry_jjas,394.8891092289726,2.0,3.0,6,train,False
Machakos,2011-07-01,2011,7,1,1,Minimal,0.0,1.0093476690726313,0.9999001366016302,-0.868098819539831,-0.8477539276076392,-0.8701260291974798,-0.5015166200692396,22.089771023500926,47.94052894020063,47.3821986946667,-25.292427671165772,dry_jjas,347.0698296320569,2.0,3.0,6,train,False
Makueni,2011-07-01,2011,7,2,2,Stressed,0.007311565285805,1.8245820877166088,0.999922451590077,-0.7902209036202537,-0.5705970122430359,-0.6748491825248846,-0.3278375609002932,31.37305514529925,65.5666981279621,56.20840295454381,-24.835347809244556,dry_jjas,210.84898907247097,2.0,3.0,6,train,False
Mandera,2011-07-01,2011,7,4,3,Crisis or worse,1.0,3.579946157653965,0.9935254258912298,-0.7949359826938291,-1.383203913917355,-1.0155079010866996,-0.8525415116606643,0.92274734373282,1.4397343472866078,7.942574696726193,-7.019827352993373,dry_jjas,147.72597818452132,3.0,3.0,6,train,False
Marsabit,2011-07-01,2011,7,4,3,Crisis or worse,0.9999951796304224,3.502237471569558,0.9301411843288736,-0.7951006900453771,-1.4854764749155305,-1.235663586350454,-0.8840105829098418,1.9119825369326529,0.0,0.3649006933278508,1.547081843604802,dry_jjas,183.11284628508548,3.0,3.0,6,train,True
Meru,2011-07-01,2011,7,1,1,Minimal,0.196993677104981,1.741812199406412,0.9998625323738216,-0.6817716014269439,-1.3009782633918732,-1.1983609632336052,-0.8949655778882711,6.281391775596177,0.0,22.72249216672272,-16.441100391126543,dry_jjas,469.95952152110806,2.0,3.0,6,train,False
Migori,2011-07-01,2011,7,1,1,Minimal,0.0,1.0,0.8116729345870678,-0.8078658969781289,-0.95637985613561,-0.45925261091262,0.069837997892485,32.36379099910147,43.87284623581385,39.736370370013525,-7.372579370912057,dry_jjas,460.4970135975702,1.0,3.0,6,train,False
Mombasa,2011-07-01,2011,7,1,1,Minimal,0.0,1.0071945914100102,0.945651646601156,-0.9804990306955896,-0.6335938310826693,-1.2573110992923158,-0.8813803332218656,20.005509188539488,35.18204161461724,49.24817804639831,-29.24266885785882,dry_jjas,339.4545465241538,1.0,3.0,6,train,False
Murang'a,2011-07-01,2011,7,1,1,Minimal,0.0,1.0,0.9998129313529576,-0.7300422761032114,-0.8474405264636538,-0.7515283280990458,-0.6207635315959241,37.3758276758427,56.13622277738848,70.83823483060745,-33.46240715476475,dry_jjas,600.9606534616394,1.0,3.0,6,train,False
Nairobi,2011-07-01,2011,7,1,1,Minimal,0.0,1.0038697666512075,0.9993498446852987,-0.8178962225488615,-0.8437895770434631,-0.6750731999716197,-0.4043961123358426,19.472473698758183,40.30158337676055,58.48782352048688,-39.01534982172869,dry_jjas,349.07589029272395,1.0,3.0,6,train,False
Nakuru,2011-07-01,2011,7,1,1,Minimal,0.0,1.0000182485625162,0.9757983147730396,-0.8645577668366076,-1.2599696305766583,-0.0678895925787559,0.3300214805112844,23.483375468646184,34.51423191438732,71.61305061007866,-48.12967514143247,dry_jjas,337.82261196850334,1.0,3.0,6,train,False
Nandi,2011-07-01,2011,7,1,1,Minimal,0.0,1.0,0.9996627597035956,-0.6624233887935393,-0.537094740540334,0.2610198722771705,0.2597947614701168,51.6679801126467,59.9085874052599,68.87382062776375,-17.205840515117046,dry_jjas,636.3375639959971,1.0,3.0,6,train,False
Narok,2011-07-01,2011,7,1,1,Minimal,0.0,1.4492483254725137,0.9926680118238216,-0.826252551813576,-0.6816332155196493,-0.1325772156674806,0.6554220272561162,38.58604039457084,43.74307789524638,26.108182986920628,12.477857407650209,dry_jjas,449.4351533314782,2.0,3.0,6,train,False
Nyamira,2011-07-01,2011,7,1,1,Minimal,0.0,1.0,0.9997642108519644,-0.491742792434453,-0.5584142144881632,-0.232911609936448,-0.180927016824045,52.38665624302767,59.24355452131485,81.79126253551678,-29.404606292489106,dry_jjas,707.0676224501927,1.0,3.0,6,train,False
Nyandarua,2011-07-01,2011,7,1,1,Minimal,0.0,1.0015295644847502,0.999883629468537,-0.8376314550320448,-1.2780349612548465,-0.3818017763629565,-0.1721227596965572,24.478477045739584,41.14685496311324,74.79849133934063,-50.32001429360105,dry_jjas,478.59632261521887,1.0,3.0,6,train,False
Nyeri,2011-07-01,2011,7,1,1,Minimal,0.0,1.0011457420583507,0.9998423160845348,-0.751406946024896,-1.110468977978406,-1.0633696359237843,-0.8149996860134899,32.08858314194367,43.16687442238712,45.67494778812814,-13.586364646184464,dry_jjas,596.5685209899478,1.0,3.0,6,train,False
Samburu,2011-07-01,2011,7,2,2,Stressed,0.3342227000624625,2.3384849261587246,0.9999582597832056,-0.7824172980382234,-1.3965744167853371,-1.1955561804080634,-0.839982219276239,0.0,0.0,0.4560047550834013,-0.4560047550834013,dry_jjas,233.37064745956647,2.0,3.0,6,train,True
Siaya,2011-07-01,2011,7,1,1,Minimal,0.0,1.0,0.7119007907118109,-0.9498844468354024,-0.9395750198820416,-0.5320738507303459,-0.5768581465157593,28.863007378832584,43.5444639298884,39.40907934189003,-10.546071963057443,dry_jjas,703.9110029852106,1.0,3.0,6,train,False
Taita Taveta,2011-07-01,2011,7,2,2,Stressed,0.0011217540808456,1.9604216516431563,0.9966359028854996,-0.9704790950103452,-0.923042142141888,-1.1821214974445473,-0.9668917983675356,14.619213717139584,34.26364125416427,13.272803111076897,1.3464106060626868,dry_jjas,337.281834884778,2.0,3.0,6,train,False
Tana River,2011-07-01,2011,7,3,3,Crisis or worse,0.9917833148952294,3.1522302739487964,0.9998966140062996,-0.1664112461414435,-0.7879060770084212,-0.8770313592658795,-0.6622507235393149,11.296588177210085,6.545982544769903,20.20428714204441,-8.907698964834326,dry_jjas,208.9215702880231,2.0,3.0,6,train,False
Tharaka-Nithi,2011-07-01,2011,7,1,1,Minimal,0.3288901749937805,1.9051295791817635,0.9999035697089348,-0.7051128196876181,-1.2433224095222684,-1.154882500840971,-0.8522031713687924,14.917015948650542,0.0,27.74727596351385,-12.830260014863308,dry_jjas,386.5660928989662,2.0,3.0,6,train,False
Trans Nzoia,2011-07-01,2011,7,1,1,Minimal,0.0,1.000168616014676,0.9977121984288632,-1.1435961423514396,-0.768388780135426,0.0660746754842412,0.3171232180997574,17.893625214658535,40.93260168684273,67.39181041143588,-49.49818519677735,dry_jjas,575.422482832226,1.0,3.0,6,train,False
Turkana,2011-07-01,2011,7,3,3,Crisis or worse,0.9987737558491996,3.4525124655330357,0.9606070881160972,-1.0740577216959717,-1.0786630364381873,-0.9959065104650816,-0.8223915975673323,7.67416602723135,6.812409140531933,9.373170473091028,-1.6990044458596776,dry_jjas,134.93439886021372,2.0,3.0,6,train,True
Uasin Gishu,2011-07-01,2011,7,1,1,Minimal,0.0,1.0,0.9997765773368548,-0.978525668262763,-1.1986155621611567,-0.0217096572939647,0.1944229661349434,20.112745553756337,31.0630401498408,49.456204274836224,-29.343458721079887,dry_jjas,466.5756532543863,1.0,3.0,6,train,False
Vihiga,2011-07-01,2011,7,1,1,Minimal,0.0,1.0,0.9994221612948908,-0.5992704819838495,-0.5494600831561884,0.0473365394231617,-0.1179787975625703,52.67791131514253,55.59802564256901,42.9152749216462,9.76263639349633,dry_jjas,638.2354464495623,1.0,3.0,6,train,False
Wajir,2011-07-01,2011,7,3,3,Crisis or worse,1.0,3.329325823822548,0.999694812399084,-0.519399902323584,-1.1517935949541591,-1.1113059204902194,-0.8959293196252945,0.0,0.0,0.0,0.0,dry_jjas,220.92597534518788,3.0,3.0,6,train,True
West Pokot,2011-07-01,2011,7,2,2,Stressed,0.0303194155110745,2.0300416296613326,0.992657608687784,-0.9088799769374196,-0.9529051742489018,-0.3520339761259856,-0.3173653357664342,9.934169285507728,12.342987038112437,14.870709866565006,-4.936540581057278,dry_jjas,366.78840132412165,2.0,3.0,6,train,False
Baringo,2011-10-01,2011,10,2,2,Stressed,0.3189017426180434,2.2163968307566813,0.9999053382274394,-1.4754984249732124,-0.6783812063501339,-1.2589974163486026,-0.8664852726174052,27.597757126703048,30.67170022995112,4.290810077076152,23.306947049626896,short_rains,407.6410955536569,3.0,3.0,6,train,True
Bomet,2011-10-01,2011,10,1,1,Minimal,0.0,1.0014930650462457,0.9998019767021984,-2.511104994311378,-1.3773945642810397,-1.2642424994713468,-0.3142811690828396,44.15852251285599,53.78760915449242,52.59223238074301,-8.433709867887025,short_rains,705.0356352221398,1.0,3.0,6,train,False
Bungoma,2011-10-01,2011,10,1,1,Minimal,0.0,1.0,0.9968273735961642,-0.8181517307524614,-0.0152587573089092,-0.1626351820551429,-0.0673582009337784,62.3860374659001,52.07262071241818,31.739847756983316,30.646189708916786,short_rains,684.143518918554,1.0,3.0,6,train,False
Busia,2011-10-01,2011,10,1,1,Minimal,0.0,1.0,0.9128634605516268,-1.4364966697869226,-0.876169740918348,-1.1372720319835383,-0.7323018937463198,62.990745519038974,33.24116999079757,4.995802516765752,57.994943002273224,short_rains,504.89251568895395,1.0,3.0,6,train,False
Elgeyo-Marakwet,2011-10-01,2011,10,1,1,Minimal,0.0001178405959305,1.0014862362935155,0.9998672933259511,-1.4211550580119818,-0.8052148253220303,-1.342167761219792,-0.8149108126956444,40.625930355728606,34.28969783822693,5.467262837894123,35.15866751783448,short_rains,424.00498148048365,1.0,3.0,6,train,False
Embu,2011-10-01,2011,10,3,3,Crisis or worse,0.5595663602775295,2.30927081864858,0.9999466928893666,-1.0761704771922036,-1.1974207605783516,-1.4600851034595848,-0.9221915381043388,0.0,18.60648732430586,0.0,0.0,short_rains,401.4457023614595,2.0,3.0,6,train,False
Garissa,2011-10-01,2011,10,3,3,Crisis or worse,0.9113460907576107,3.2033138908684577,0.9995457420727172,-1.0455041512462335,-1.2377363960157517,-1.4534426690393778,-0.9006079843957367,15.465589581144162,0.0,6.850283863411456,8.615305717732706,short_rains,210.6771075185111,3.0,3.0,6,train,False
Homa Bay,2011-10-01,2011,10,1,1,Minimal,0.0,1.0,0.66830422924983,-2.1817029340241474,-1.7283492854611024,-1.6247688900114277,-0.3589285851043151,54.958850776428086,36.282591399314704,14.551867805054234,40.40698297137385,short_rains,658.3122810444571,1.0,3.0,6,train,False
Isiolo,2011-10-01,2011,10,4,3,Crisis or worse,0.9327845931782082,3.5841809751854665,0.9999927671998872,-2.290728579748035,-2.0209114130895576,-2.273388791245292,-1.2866185474347602,0.0,0.0,0.4282388512451869,-0.4282388512451869,short_rains,121.15801476654195,3.0,3.0,6,train,False
Kajiado,2011-10-01,2011,10,3,3,Crisis or worse,0.6469069041759696,2.476800504016067,0.9867045158215498,-2.777723082222664,-1.0261637261584515,-1.353096703543942,-0.2208741351627816,40.99844290203984,53.41321497724871,27.60077824490491,13.397664657134932,short_rains,244.0590119973267,2.0,3.0,6,train,False
Kakamega,2011-10-01,2011,10,1,1,Minimal,0.0,1.0,0.9996644082966224,-1.1322047776038184,-0.4933328611144944,-0.6167428729867516,-0.2465366332638429,34.87571975885048,36.8245233456313,11.023200930284208,23.85251882856627,short_rains,521.962946970816,1.0,3.0,6,train,False
Kericho,2011-10-01,2011,10,1,1,Minimal,0.0,1.0,0.9997003606571924,-2.121631258714058,-1.3802209517570023,-1.3367688510088764,-0.3312525521983611,49.79001586118206,37.49253195687388,19.2121404701562,30.577875391025863,short_rains,577.6437811642602,1.0,3.0,6,train,False
Kiambu,2011-10-01,2011,10,1,1,Minimal,0.0011275029241544,1.291225210145677,0.9997340832735028,-2.2756763975538394,-1.2682225603412665,-1.6264434625317197,-0.2119059359057764,62.504804292346975,45.01515473095338,35.798386937325354,26.70641735502162,short_rains,365.1581675938478,1.0,3.0,6,train,False
Kilifi,2011-10-01,2011,10,2,2,Stressed,0.3077213709094738,2.201544736338375,0.994180498958548,-1.355640171693235,-1.2937435112556797,-0.9940594372798645,-0.8963020280742953,57.44662041204711,25.65217223462837,20.336341633549004,37.110278778498106,short_rains,485.9236308469297,2.0,3.0,6,train,False
Kirinyaga,2011-10-01,2011,10,1,1,Minimal,0.0015606815228845,1.006931933670695,0.9997852158056486,-0.8793629083913579,-0.9364890588223737,-1.3656332853535431,-0.8464885404436665,51.156043846520674,16.05153338104263,21.360047994894654,29.79599585162602,short_rains,523.427425427593,1.0,3.0,6,train,False
Kisii,2011-10-01,2011,10,1,1,Minimal,0.0,1.0,0.9995810852329324,-1.6005667953002316,-1.3998343927507213,-1.3773672684888578,-0.258151949778474,46.26949522502903,50.445101437889086,38.622055934409424,7.647439290619609,short_rains,771.8724273402603,1.0,3.0,6,train,False
Kisumu,2011-10-01,2011,10,1,1,Minimal,0.0,1.0,0.7825715876310352,-2.272148666809282,-1.7199095145198806,-1.339819357743261,-0.1774111379503098,41.59351561243166,36.41545077729605,9.426775310744093,32.16674030168757,short_rains,650.4965825795291,1.0,3.0,6,train,False
Kitui,2011-10-01,2011,10,3,3,Crisis or worse,0.8387936604186681,3.1124003849764605,0.9999714576418588,-1.5488678359321222,-0.8172760821296698,-1.1296160420946784,-0.7029678184796643,10.956024742395318,17.589809806543716,17.48534528643178,-6.529320544036462,short_rains,350.0498777837523,3.0,3.0,6,train,False
Kwale,2011-10-01,2011,10,2,2,Stressed,0.3182272016381544,2.31815974728592,0.9912489626770906,-0.7989339103078037,-0.8307170366593147,-1.2561360244749906,-0.8532923911343634,64.03110773067758,27.394443527515044,15.5883446938377,48.44276303683988,short_rains,461.4118591660762,2.0,3.0,6,train,False
Laikipia,2011-10-01,2011,10,3,3,Crisis or worse,0.5284903059527758,2.5273330895948933,0.9999767764678802,-1.3961290719613542,-0.8179387340480314,-1.5217615095194152,-1.188371999635609,31.964916308428947,20.83540041330613,0.4337615595670543,31.531154748861894,short_rains,378.6133408439104,2.0,3.0,6,train,False
Lamu,2011-10-01,2011,10,2,2,Stressed,0.0,2.0,0.9772658860263104,-0.7961311056745584,-1.0484134087973649,-0.9794442148459964,-0.9865611672029976,30.291026057875523,2.984459803528974,21.0532555754026,9.237770482472925,short_rains,394.8891092289726,1.0,3.0,6,train,False
Machakos,2011-10-01,2011,10,3,3,Crisis or worse,0.8474774261835553,3.110664875975497,0.9999689407832436,-2.054628144168421,-0.9610006124521364,-1.3110390669226335,-0.4814805334979132,44.5082081899419,52.18022326139006,29.22917781574488,15.279030374197017,short_rains,347.0698296320569,1.0,3.0,6,train,False
Makueni,2011-10-01,2011,10,3,3,Crisis or worse,0.5525060891442966,2.552576303260418,0.9999778690892982,-2.2558922484529327,-0.2515317555708237,-0.7189396860286047,-0.2933282564664874,57.49143329265976,42.70793274154453,33.8027987590999,23.688634533559856,short_rains,210.84898907247097,2.0,3.0,6,train,False
Mandera,2011-10-01,2011,10,4,3,Crisis or worse,1.0,3.7038459906389063,0.993519705709614,-1.868534910260902,-1.9719863127383024,-2.4620184386151367,-1.3247880193394097,0.0,16.524449911307705,0.3474154644808296,-0.3474154644808296,short_rains,147.72597818452132,3.0,3.0,6,train,False
Marsabit,2011-10-01,2011,10,4,3,Crisis or worse,0.9997789197799574,3.590873931211565,0.930139756544622,-1.929431544315021,-1.905271831224868,-2.455703293432999,-1.0083626199918725,0.0,2.1866301686081946,11.467998150795816,-11.467998150795816,short_rains,183.11284628508548,3.0,3.0,6,train,True
Meru,2011-10-01,2011,10,1,1,Minimal,0.1976907221999422,1.5584323874974546,0.9998558408150032,-0.7327843401973593,-0.8215530428371196,-1.515740290824517,-1.2746703506454131,0.0,9.555454533712176,13.21978496347066,-13.21978496347066,short_rains,469.95952152110806,1.0,3.0,6,train,False
Migori,2011-10-01,2011,10,1,1,Minimal,0.0,1.0011284366230448,0.8116729345870679,-1.3444849109612051,-0.3948366173939469,-0.9454958743339807,-0.4896480051850974,86.67091477807072,37.666494463233306,12.985348698501417,73.68556607956931,short_rains,460.4970135975702,1.0,3.0,6,train,False
Mombasa,2011-10-01,2011,10,1,1,Minimal,0.0019050304483742,1.0090996218583843,0.945651646601156,-1.3419089076966868,-1.7222501528793823,-1.7308476535197284,-0.7611824709441809,36.2946454690999,24.588655168060992,32.33827177524659,3.9563736938533083,short_rains,339.4545465241538,1.0,3.0,6,train,False
Murang'a,2011-10-01,2011,10,1,1,Minimal,0.0013259354483823,1.1929241866065368,0.9998572525065976,-1.67958387832838,-1.151991465220059,-1.50261040787853,-0.2168068252735212,68.26636779739616,42.60850718951932,33.70379527185289,34.56257252554327,short_rains,600.9606534616394,1.0,3.0,6,train,False
Nairobi,2011-10-01,2011,10,1,1,Minimal,0.0273133770281736,1.0593966393671002,0.9994586270629964,-2.193316588479926,-1.026411270709396,-1.368694262286247,-0.2222102856147105,51.2032462768877,52.46953308386813,24.199280512602527,27.00396576428517,short_rains,349.07589029272395,1.0,3.0,6,train,False
Nakuru,2011-10-01,2011,10,1,1,Minimal,0.0006572224895674,1.00456532497177,0.975817888767216,-1.9091421556238912,-0.7758493302140735,-1.2726431696287377,-0.7497987006033713,39.527212463505606,29.850272235419663,11.595838991312691,27.931373472192917,short_rains,337.82261196850334,1.0,3.0,6,train,False
Nandi,2011-10-01,2011,10,1,1,Minimal,0.0,1.0,0.999662759703597,-1.441395310870744,-0.8617816229399623,-0.9649221935037336,-0.2387392916536329,48.20689146145188,44.41639090827397,14.642869174670684,33.564022286781196,short_rains,636.3375639959971,1.0,3.0,6,train,False
Narok,2011-10-01,2011,10,3,3,Crisis or worse,0.5949542500928386,2.533847626369968,0.992679928748272,-2.502155191119427,-1.1901552552577623,-1.276255017075194,-0.4253629590348563,29.336634219244573,41.46696551388692,23.15965151798885,6.176982701255724,short_rains,449.4351533314782,1.0,3.0,6,train,False
Nyamira,2011-10-01,2011,10,1,1,Minimal,0.0,1.0,0.9997642108519644,-2.2601865455815355,-1.6675592811001854,-1.453071433708153,-0.1390988190787839,45.60743810522366,60.88682889635484,45.90626843941026,-0.2988303341866043,short_rains,707.0676224501927,1.0,3.0,6,train,False
Nyandarua,2011-10-01,2011,10,1,1,Minimal,0.0009437621077909,1.0026476258756922,0.9998836294685368,-1.606431043088258,-0.816541998631809,-1.3381400468911928,-0.7384326790443748,42.15878948019546,23.913119239345715,14.00182202832442,28.15696745187104,short_rains,478.59632261521887,1.0,3.0,6,train,False
Nyeri,2011-10-01,2011,10,1,1,Minimal,0.0,1.390487735517373,0.9998584883435058,-0.992016159157332,-0.7749042623582212,-1.277882488079913,-0.861546560555148,28.48419068021529,15.397370104930811,26.429681129150023,2.054509551065266,short_rains,596.5685209899478,1.0,3.0,6,train,False
Samburu,2011-10-01,2011,10,3,3,Crisis or worse,0.8115746007091692,2.947625164208359,0.999963388161756,-1.4658659701401036,-1.1373780097718256,-1.7685552127064168,-1.04647407416384,1.991062098953012,12.40953260031412,0.0,1.991062098953012,short_rains,233.37064745956647,2.0,3.0,6,train,True
Siaya,2011-10-01,2011,10,1,1,Minimal,0.0,1.0,0.7119007907118109,-2.1032410634738308,-1.9099503113424696,-1.8270849156925877,-0.6917675289241806,56.88891250543106,35.123207082862855,13.211621323437434,43.677291181993624,short_rains,703.9110029852106,1.0,3.0,6,train,False
Taita Taveta,2011-10-01,2011,10,2,2,Stressed,0.2812166378913571,2.281216637891357,0.9966736387607336,-1.1295413285662097,-0.5459505656666009,-1.1838219947767583,-0.5444772394504297,40.20404202703764,22.528736427838258,16.694737525359983,23.509304501677654,short_rains,337.281834884778,2.0,3.0,6,train,False
Tana River,2011-10-01,2011,10,2,2,Stressed,0.5265553854525842,2.688146033814496,0.9998875993895904,-0.8969415808551472,-1.0369105882465417,-1.2078906228329664,-0.7800980675706557,11.70415700680274,3.1976027565225382,8.762210539867088,2.9419464669356525,short_rains,208.9215702880231,3.0,3.0,6,train,False
Tharaka-Nithi,2011-10-01,2011,10,3,3,Crisis or worse,0.4385850473209337,2.017139474435095,0.9999182538869203,-0.6369861623679967,-0.8350842204588494,-1.4974370270655328,-1.2681640114418236,1.5340289659785455,10.299736523979025,12.916435683780264,-11.382406717801718,short_rains,386.5660928989662,1.0,3.0,6,train,False
Trans Nzoia,2011-10-01,2011,10,1,1,Minimal,0.0,1.000079835388598,0.9976864050043228,-1.5965621551758915,-0.4335531688097059,-0.7763931815672399,-0.2275572896408612,52.38163237299524,48.58785030021363,16.504698232900004,35.87693414009524,short_rains,575.422482832226,1.0,3.0,6,train,False
Turkana,2011-10-01,2011,10,3,3,Crisis or worse,0.7051155084767105,2.941650061483214,0.960605887697083,-1.3440972066431192,-0.6182282011962148,-1.1543603526597908,-0.6472004579777294,1.268339663315351,12.767915893630446,5.97724237434674,-4.708902711031389,short_rains,134.93439886021372,3.0,3.0,6,train,True
Uasin Gishu,2011-10-01,2011,10,1,1,Minimal,0.0,1.0,0.9997765773368544,-1.5183278282469526,-0.7770955233750663,-1.312646373626256,-0.7251089009492351,24.03705723101378,27.524370649882496,7.338321274772472,16.698735956241308,short_rains,466.5756532543863,1.0,3.0,6,train,False
Vihiga,2011-10-01,2011,10,1,1,Minimal,0.0,1.0,0.9994221612948906,-1.489289110212772,-1.1872941513597897,-1.161020121663218,-0.1755287808061195,46.217315494639394,23.492673153131893,7.241730191309789,38.9755853033296,short_rains,638.2354464495623,1.0,3.0,6,train,False
Wajir,2011-10-01,2011,10,4,3,Crisis or worse,1.0,3.79896456858616,0.9996833252244508,-2.188472355165104,-2.197019948101341,-2.4988926718432336,-1.263220284843043,0.0,9.250545304640818,4.962152060473876,-4.962152060473876,short_rains,220.92597534518788,3.0,3.0,6,train,True
West Pokot,2011-10-01,2011,10,3,3,Crisis or worse,0.7497770851788289,2.7139841404546163,0.9926656898259488,-1.4068955602093005,-0.8699111116860906,-1.259623398513444,-0.5061236700310047,36.17147628177523,31.359930106698418,1.22206418552212,34.949412096253106,short_rains,366.78840132412165,2.0,3.0,6,train,False
Baringo,2012-01-01,2012,1,2,2,Stressed,0.0,1.8974936258443185,0.9998910741789016,0.8941025959330041,0.5817875072885221,-0.1228255431831751,-0.5959289453946754,51.47105214572348,47.05737143698713,37.93970038265791,13.531351763065572,dry_jf,407.6410955536569,2.0,3.0,6,train,True
Bomet,2012-01-01,2012,1,1,1,Minimal,0.0,1.001192068912881,0.9997423525638208,0.3958734703059047,0.4677496673802134,-0.8210086545804459,-0.8731326633038262,54.4237981189212,61.80010059578292,54.38848771128862,0.0353104076325792,dry_jf,705.0356352221398,1.0,3.0,6,train,False
Bungoma,2012-01-01,2012,1,1,1,Minimal,0.0,1.0,0.9968273735961642,0.5165669213126939,1.1562903659572892,0.7858886989326269,0.3767369595383921,59.59034457302888,77.40548480214098,68.19909576406188,-8.608751191033,dry_jf,684.143518918554,1.0,3.0,6,train,False
Busia,2012-01-01,2012,1,1,1,Minimal,0.0,1.0,0.9128634605516268,-0.1392989509749265,0.5044149661121221,-0.3945833431210279,-0.4303223728921254,44.842838381904855,66.33740829390098,91.03420598627964,-46.19136760437479,dry_jf,504.89251568895395,1.0,3.0,6,train,False
Elgeyo-Marakwet,2012-01-01,2012,1,1,1,Minimal,0.0,1.0013683956975723,0.9998672933259388,0.7046064844239887,0.4617669825386306,-0.292899823541157,-0.6337453823773782,42.09294056756256,86.29891795228474,55.19052134836549,-13.097580780802936,dry_jf,424.00498148048365,1.0,3.0,6,train,False
Embu,2012-01-01,2012,1,2,2,Stressed,0.0052023314671401,1.7496828088401877,0.9998602091097708,-1.0478782019583357,0.2007870841665527,-0.8351072446543522,-0.8628359463872232,26.468289094442216,43.37808907041672,0.0,26.468289094442216,dry_jf,401.4457023614595,3.0,3.0,6,train,False
Garissa,2012-01-01,2012,1,2,2,Stressed,0.2919752441705645,2.2919752441705645,0.9995202581375467,-0.5014650296525472,-1.621167597938363,-1.8592157401696143,-1.5611076415907108,0.0,6.626749337529132,14.684816566176892,-14.684816566176892,dry_jf,210.6771075185111,3.0,3.0,6,train,False
Homa Bay,2012-01-01,2012,1,1,1,Minimal,0.0,1.0,0.66830422924983,0.3166694817995744,0.3159581738302269,-1.15290020877147,-1.4527194286483276,20.160742308423437,9.03311392781535,47.31250541307615,-27.151763104652716,dry_jf,658.3122810444571,1.0,3.0,6,train,False
Isiolo,2012-01-01,2012,1,3,3,Crisis or worse,0.6514829782107734,2.6513972355171385,0.9999913276870134,0.6813694716591915,-0.1207634025814852,-1.8923578358045683,-2.034542975143179,1.8717916139036348,0.0,0.0,1.8717916139036348,dry_jf,121.15801476654195,3.0,3.0,6,train,False
Kajiado,2012-01-01,2012,1,2,2,Stressed,0.0,1.829892885376805,0.9867003715847948,0.1017188279965252,-0.4408170454530871,-1.0940930596686065,-1.4646324926773249,7.571685770373189,6.560565639378572,18.858319270228435,-11.286633499855245,dry_jf,244.0590119973267,3.0,3.0,6,train,False
Kakamega,2012-01-01,2012,1,1,1,Minimal,0.0,1.0,0.9996644082966224,0.3645543163625847,0.8940807048845276,0.2240820710786118,-0.0774686931481563,69.33168036661026,77.2038734238512,31.061207982591544,38.27047238401872,dry_jf,521.962946970816,1.0,3.0,6,train,False
Kericho,2012-01-01,2012,1,1,1,Minimal,0.0,1.0,0.9997003606571924,0.1575653886688313,0.2108588683465874,-0.9375844271364754,-0.998471849378527,66.43840405440538,83.62234056203944,62.1893862167089,4.249017837696485,dry_jf,577.6437811642602,1.0,3.0,6,train,False
Kiambu,2012-01-01,2012,1,1,1,Minimal,0.0,1.2900795668103835,0.9997085373299688,-0.3140392793268736,-0.3301997450238937,-1.069356683708898,-1.7607713038712036,42.487975963351055,68.10181477358563,54.739965778865866,-12.251989815514811,dry_jf,365.1581675938478,1.0,3.0,6,train,False
Kilifi,2012-01-01,2012,1,2,2,Stressed,0.0,1.893822507368624,0.9941724646117835,-1.060773371019645,-1.3316121120258977,-2.0446359371016607,-1.4390537463530828,1.95577741255834,20.470041902632907,52.50049944239298,-50.54472202983464,dry_jf,485.9236308469297,2.0,3.0,6,train,False
Kirinyaga,2012-01-01,2012,1,1,1,Minimal,0.0,1.0053712521478133,0.9997852158056528,-0.5866533985755271,-0.3308798268161261,-0.8698941571681912,-0.9290553031116534,76.73785034861248,78.12501839249117,38.54990470258488,38.1879456460276,dry_jf,523.427425427593,1.0,3.0,6,train,False
Kisii,2012-01-01,2012,1,1,1,Minimal,0.0,1.0,0.9995810852329324,0.0812471047477868,0.5630483622410312,-0.6645621947789611,-0.7660850983973271,65.56417527719022,54.90777848728574,53.70031586279883,11.863859414391385,dry_jf,771.8724273402603,1.0,3.0,6,train,False
Kisumu,2012-01-01,2012,1,1,1,Minimal,0.0,1.0,0.7825715876310351,-0.0686905312364079,0.1852010944925917,-1.3023107921112669,-1.2423760899668546,18.844702757372787,47.76742266307325,24.47070184827778,-5.625999090904994,dry_jf,650.4965825795291,1.0,3.0,6,train,False
Kitui,2012-01-01,2012,1,2,2,Stressed,0.273562437874742,2.273497143074963,0.9999587382900964,-1.3712453187648497,-0.3455983035743983,-0.814383135559768,-0.9235124722181312,7.198217618301976,5.587514217902576,3.4069630675438543,3.791254550758122,dry_jf,350.0498777837523,3.0,3.0,6,train,False
Kwale,2012-01-01,2012,1,2,2,Stressed,0.0,1.9999325446876088,0.991234853269192,-1.005094885986845,-0.732862322203145,-1.3197953490127596,-1.0364524762637513,13.727311138373867,40.77222695303815,74.93915197874817,-61.21184084037431,dry_jf,461.4118591660762,2.0,3.0,6,train,False
Laikipia,2012-01-01,2012,1,2,2,Stressed,0.0,1.998842768950723,0.9999640814636376,1.7475337759914078,0.9592868181512768,-0.0771185355353227,-0.8598232259828942,63.576430655634496,44.68160680502771,37.67562480898539,25.900805846649106,dry_jf,378.6133408439104,3.0,3.0,6,train,False
Lamu,2012-01-01,2012,1,2,2,Stressed,0.0,2.0,0.9772658860263062,-0.4435849164559232,-1.3513449453218915,-1.6733379388896492,-1.0943081801849586,0.0,0.0,54.06221450201996,-54.06221450201996,dry_jf,394.8891092289726,2.0,3.0,6,train,False
Machakos,2012-01-01,2012,1,2,2,Stressed,0.177099419052482,2.1763404870456893,0.9998992677986888,-1.1769590579648777,-0.2032986665574415,-0.8901876653813179,-1.118154995714188,6.331762438606844,21.79904458961798,0.0,6.331762438606844,dry_jf,347.0698296320569,3.0,3.0,6,train,False
Makueni,2012-01-01,2012,1,2,2,Stressed,0.0,2.0,0.9998081115992576,-1.7428749791744775,-0.4343813331344014,-0.3571534288477978,-0.6157511839620664,19.121202834205427,21.82207936120368,22.127461320820707,-3.0062584866152804,dry_jf,210.84898907247097,3.0,3.0,6,train,False
Mandera,2012-01-01,2012,1,3,3,Crisis or worse,0.7038459906389063,2.7038459906389063,0.993519705709614,-0.5271762138391886,-0.6805766009581351,-2.3270271306818016,-2.3413519034484525,13.115379447930138,41.58356598597637,0.0,13.115379447930138,dry_jf,147.72597818452132,3.0,3.0,6,train,False
Marsabit,2012-01-01,2012,1,3,3,Crisis or worse,0.59131609165165,2.591095011431608,0.930139756544622,0.5206983830758846,-0.7745140634148796,-1.9841948470907715,-2.235599728595446,0.0,0.0,0.0,0.0,dry_jf,183.11284628508548,3.0,3.0,6,train,True
Meru,2012-01-01,2012,1,1,1,Minimal,0.0002508628292258,1.230180237709574,0.999887250715959,0.3727485436144371,0.2480556971546617,-0.6443779286591982,-0.74703284469911,17.355658939715134,46.3679678270902,4.829690014554665,12.52596892516047,dry_jf,469.95952152110806,1.0,3.0,6,train,False
Migori,2012-01-01,2012,1,1,1,Minimal,0.0,1.0,0.8116729345870678,0.6192179929369473,0.2895831672854837,-0.2067700491294047,-0.5057059727904425,57.44389318145056,61.5848910865509,24.35860263583959,33.085290545610974,dry_jf,460.4970135975702,1.0,3.0,6,train,False
Mombasa,2012-01-01,2012,1,1,1,Minimal,0.0,1.0071945914100102,0.945651646601156,-0.988050971231154,-1.3291614164416954,-2.205724257223684,-1.6958676109531736,21.832685895806357,62.96430101745038,60.80913972421171,-38.976453828405354,dry_jf,339.4545465241538,1.0,3.0,6,train,False
Murang'a,2012-01-01,2012,1,1,1,Minimal,0.0,1.191595381888487,0.999853703714295,-0.1548362986039306,-0.4033930963805134,-1.0271670684374812,-1.441495105025814,60.79908714088727,83.21047607293355,56.18476382708662,4.614323313800654,dry_jf,600.9606534616394,1.0,3.0,6,train,False
Nairobi,2012-01-01,2012,1,1,1,Minimal,0.0,1.0320832623389269,0.9994586270629964,0.1580886018892423,-0.2481382993815375,-0.910957389429296,-1.361081767088221,47.85206160218707,26.066608446873623,10.624973332114171,37.2270882700729,dry_jf,349.07589029272395,1.0,3.0,6,train,False
Nakuru,2012-01-01,2012,1,1,1,Minimal,0.0,1.0039081024822027,0.975817888767216,1.2678520574669312,0.8979522587964933,-0.0307287759012267,-0.7238305668378068,65.9992984486127,45.28112207936072,44.354578295872265,21.64472015274044,dry_jf,337.82261196850334,1.0,3.0,6,train,False
Nandi,2012-01-01,2012,1,1,1,Minimal,0.0,1.0,0.999662759703597,0.2836411736232037,0.5170203828467056,-0.3654564021088835,-0.6414623508214005,74.61001228163424,92.20831143049708,59.45308970447955,15.156922577154688,dry_jf,636.3375639959971,1.0,3.0,6,train,False
Narok,2012-01-01,2012,1,2,2,Stressed,0.0,1.8406323221823857,0.9926663120912104,0.906212631839442,0.5829367160388524,-0.6851847624309408,-1.2195187014283038,21.12131680219077,4.267236746786944,22.424166518161982,-1.3028497159712131,dry_jf,449.4351533314782,3.0,3.0,6,train,False
Nyamira,2012-01-01,2012,1,1,1,Minimal,0.0,1.0,0.9997642108519644,-0.164291495612411,0.1111021699082605,-1.1584525109252954,-1.1126190182409554,49.091143248224576,37.43300896111853,73.59213365098395,-24.500990402759378,dry_jf,707.0676224501927,1.0,3.0,6,train,False
Nyandarua,2012-01-01,2012,1,1,1,Minimal,0.0,1.0017038637679014,0.9998836294685368,1.65608377095228,1.292148410174991,0.2498160479888999,-0.8137415465210422,57.14846377968749,62.33610608348268,54.47709430707449,2.6713694726130015,dry_jf,478.59632261521887,1.0,3.0,6,train,False
Nyeri,2012-01-01,2012,1,1,1,Minimal,0.0,1.390487735517373,0.9998584883435058,1.6380599196119656,0.3140478907504184,-0.3457832224976875,-0.9443013248999046,55.1357050853664,74.44856417943821,22.507113583234364,32.62859150213204,dry_jf,596.5685209899478,1.0,3.0,6,train,False
Samburu,2012-01-01,2012,1,2,2,Stressed,0.1371890405171198,2.1360516939279783,0.9999550796477686,0.7965451218451938,0.3562390664898309,-0.8687544886750261,-1.2825463232791534,40.99803401906305,21.472099659403582,4.203074839509988,36.79495917955306,dry_jf,233.37064745956647,3.0,3.0,6,train,True
Siaya,2012-01-01,2012,1,1,1,Minimal,0.0,1.0,0.7119007907118109,0.3211353249232686,0.5335225777351056,-1.0625536866141312,-1.4765374881235598,22.483379247214845,47.00826763991883,54.52046170381114,-32.037082456596295,dry_jf,703.9110029852106,1.0,3.0,6,train,False
Taita Taveta,2012-01-01,2012,1,2,2,Stressed,0.0,2.0,0.996630559288052,-1.636492700499968,-0.5561414651294215,-0.6815627067015974,-0.808438710747793,30.143826077270653,30.63901052389537,41.25679985753991,-11.112973780269257,dry_jf,337.281834884778,2.0,3.0,6,train,False
Tana River,2012-01-01,2012,1,2,2,Stressed,0.1619441098608361,2.1615913058089453,0.9998835312676526,-1.0626191248972523,-1.7582306606073252,-1.4119967428781393,-1.2632801300573493,7.253774266652569,1.4821973320472128,1.7795127663570514,5.474261500295518,dry_jf,208.9215702880231,2.0,3.0,6,train,False
Tharaka-Nithi,2012-01-01,2012,1,1,1,Minimal,0.0054881586939852,1.4470611313796582,0.9999077002006204,-0.8165749156293782,0.109619137882254,-0.6806365557888355,-0.7069216615265238,18.25502125895735,30.18396708340745,18.70224808118845,-0.44722682223110155,dry_jf,386.5660928989662,3.0,3.0,6,train,False
Trans Nzoia,2012-01-01,2012,1,1,1,Minimal,0.0,1.000079835388598,0.9976864050043228,0.7344210202960106,0.8889060495084814,0.2822370437280149,-0.4353022002667259,65.98065656510369,84.72320676363623,48.66709276099788,17.313563804105804,dry_jf,575.422482832226,1.0,3.0,6,train,False
Turkana,2012-01-01,2012,1,2,2,Stressed,0.340211762077389,2.2365354259597865,0.9606023425027008,1.628550033169215,0.5614939299725785,-0.0924534515203337,-0.7694042983824143,22.185341227693804,12.020910180741843,0.0,22.185341227693804,dry_jf,134.93439886021372,3.0,3.0,6,train,True
Uasin Gishu,2012-01-01,2012,1,1,1,Minimal,0.0,1.0,0.9997765773368544,0.4586703319105747,0.6768500336610794,-0.1979062933971223,-0.5395335727337475,79.54528872004451,72.58285494837033,24.111756888296203,55.43353183174831,dry_jf,466.5756532543863,1.0,3.0,6,train,False
Vihiga,2012-01-01,2012,1,1,1,Minimal,0.0,1.0,0.9994221612948908,0.0861819994915901,0.545582619703702,-0.5371109838444624,-0.6149150822987568,60.34175714964718,94.19787184909688,82.27086406796128,-21.929106918314105,dry_jf,638.2354464495623,1.0,3.0,6,train,False
Wajir,2012-01-01,2012,1,3,3,Crisis or worse,0.7989645685861596,2.79896456858616,0.9996833252244508,-0.5983595206756885,-1.167495856740757,-2.350771547869907,-2.402728082808349,4.553841811365907,3.9825222895588928,0.0,4.553841811365907,dry_jf,220.92597534518788,3.0,3.0,6,train,True
West Pokot,2012-01-01,2012,1,2,2,Stressed,0.0,1.964205710791852,0.99262840390401,0.7767170256186332,0.3550728172625013,-0.4035553040873461,-1.0620951022277192,59.13008971244007,51.70366411543539,21.117362886326596,38.01272682611347,dry_jf,366.78840132412165,3.0,3.0,6,train,False
Baringo,2012-04-01,2012,4,2,2,Stressed,0.3187452690265081,2.2162261785996518,0.9999205198699418,1.1206700641011964,1.8272156711332568,1.474325024944761,1.4655683155303694,85.60613756978881,92.73262582122904,89.04821052986152,-3.442072960072707,long_rains,407.6410955536569,2.0,3.0,6,train,True
Bomet,2012-04-01,2012,4,1,1,Minimal,0.0,1.0000570618995908,0.9997382065021052,1.8049287086488168,2.709157772635267,2.237121754058845,0.9826983250857902,100.0,47.87276870525744,83.7674008857271,16.2325991142729,long_rains,705.0356352221398,1.0,3.0,6,train,False
Bungoma,2012-04-01,2012,4,1,1,Minimal,0.0,1.0,0.9968273735961642,1.0802983175555514,1.861307999861432,1.9047156283629445,2.2477479732396786,64.58968921112432,70.08229737054316,74.42094351194001,-9.831254300815687,long_rains,684.143518918554,1.0,3.0,6,train,False
Busia,2012-04-01,2012,4,1,1,Minimal,0.0,1.0,0.9128634605516268,1.537529919568796,1.9725054551324344,1.6089364710341123,1.8044243662965704,100.0,83.91200830966523,76.55294439300357,23.44705560699643,long_rains,504.89251568895395,1.0,3.0,6,train,False
Elgeyo-Marakwet,2012-04-01,2012,4,1,1,Minimal,7.282146486170473e-05,1.0014090582701145,0.9998638419885122,0.8679572118671316,2.0132592097138344,1.6417966809499864,1.9479013633730844,81.22671931520303,84.62606236094423,74.7343854291821,6.49233388602093,long_rains,424.00498148048365,1.0,3.0,6,train,False
Embu,2012-04-01,2012,4,1,1,Minimal,0.0,1.0113976217458436,0.9998694903395686,1.1733153653424004,1.3291153360565642,1.0427490784261968,0.0689310104667695,62.35319602573048,5.459719677312465,0.0,62.35319602573048,long_rains,401.4457023614595,2.0,3.0,6,train,False
Garissa,2012-04-01,2012,4,2,2,Stressed,0.0016132183675917,2.001613218367592,0.9995221214849764,1.6561093406397616,1.7606788412403067,0.8208769246409676,-1.055364422719569,85.75884501462212,10.48767723186541,0.0,85.75884501462212,long_rains,210.6771075185111,2.0,3.0,6,train,False
Homa Bay,2012-04-01,2012,4,1,1,Minimal,0.0,1.0,0.66830422924983,1.140625348464766,2.792750855703389,2.191459627512219,2.3030122587371133,66.37944029974099,70.91749313139897,53.17303447301037,13.206405826730624,long_rains,658.3122810444571,1.0,3.0,6,train,False
Isiolo,2012-04-01,2012,4,2,2,Stressed,5.082507054849254e-05,1.9999650820116024,0.999987067266224,1.8878456895632645,1.921092459737674,1.807017449410814,1.4252944774511822,100.0,6.444766788303269,8.917333442603049,91.08266655739695,long_rains,121.15801476654195,3.0,3.0,6,train,False
Kajiado,2012-04-01,2012,4,2,2,Stressed,0.0,1.8295659211065247,0.9867003715847946,2.771717126060251,3.0059249045841323,0.8165116085183453,0.7414617478424097,43.35385667357441,22.7504903894423,20.54155882923425,22.81229784434016,long_rains,244.0590119973267,2.0,3.0,6,train,False
Kakamega,2012-04-01,2012,4,1,1,Minimal,0.0,1.0,0.9996644082966224,1.367605995646245,2.358830111644412,2.06882922064781,2.2191799104707086,41.43487941848983,74.9003236332484,67.15713144188021,-25.722252023390382,long_rains,521.962946970816,1.0,3.0,6,train,False
Kericho,2012-04-01,2012,4,1,1,Minimal,0.0,1.0,0.9997003606571904,0.9290103693099075,2.505986468767643,1.7306715557291052,1.5648776066885297,82.60984047013392,93.35670520587912,37.24545783285247,45.364382637281444,long_rains,577.6437811642602,1.0,3.0,6,train,False
Kiambu,2012-04-01,2012,4,1,1,Minimal,0.0,1.289639024224114,0.9997103790162414,1.759284556462622,2.499667340978696,0.952158364976128,2.322763363802792,83.85553924173291,80.45342965335568,21.80781366290343,62.047725578829485,long_rains,365.1581675938478,1.0,3.0,6,train,False
Kilifi,2012-04-01,2012,4,2,2,Stressed,0.0,1.893822507368624,0.9941724646117835,0.4239215138470277,0.1342744746198813,-0.8968968043543523,-2.3770041224234624,65.69256857032545,0.0,0.0,65.69256857032545,long_rains,485.9236308469297,2.0,3.0,6,train,False
Kirinyaga,2012-04-01,2012,4,1,1,Minimal,0.0,1.000036250746341,0.9997566177338548,1.0983979336702885,1.582505062195768,0.84013130621235,0.4605390420456783,59.482312714367495,23.89240279676665,0.0,59.482312714367495,long_rains,523.427425427593,1.0,3.0,6,train,False
Kisii,2012-04-01,2012,4,1,1,Minimal,0.0,1.0,0.9995810852329324,1.0090154323847385,2.2115099651438763,2.00806560579592,1.6591007013841792,100.0,76.87861169920593,77.73460229134807,22.265397708651932,long_rains,771.8724273402603,1.0,3.0,6,train,False
Kisumu,2012-04-01,2012,4,1,1,Minimal,0.0,1.0,0.7825715876310351,1.124067070383342,2.598784909544176,2.1751041991008018,2.136958928639098,76.02259416450609,67.81233830458297,70.86057394583568,5.162020218670406,long_rains,650.4965825795291,1.0,3.0,6,train,False
Kitui,2012-04-01,2012,4,2,2,Stressed,0.0432104638405938,1.9093893555349268,0.9999596930305692,1.1390488615408016,1.115309528635052,0.736218735990877,-1.3968854059429692,47.725612037923405,0.0,7.402056346669598,40.32355569125381,long_rains,350.0498777837523,2.0,3.0,6,train,False
Kwale,2012-04-01,2012,4,2,2,Stressed,0.0,1.9999325446876088,0.991234853269192,0.8622885695800622,0.6808283438723525,-0.1403252377784386,-1.708836694179823,83.76811400391041,35.620383416505646,13.153452673394243,70.61466133051617,long_rains,461.4118591660762,2.0,3.0,6,train,False
Laikipia,2012-04-01,2012,4,2,2,Stressed,0.0,1.6552218836201664,0.9999716984817336,1.354870968170987,2.276260830882909,2.0021015987099657,1.864054933321775,100.0,95.85916553525998,81.22943515951184,18.770564840488163,long_rains,378.6133408439104,2.0,3.0,6,train,False
Lamu,2012-04-01,2012,4,2,2,Stressed,0.0,2.0,0.9772658860263104,1.4566676094027036,1.404948287271158,-0.4991769330930975,-1.40553977425697,68.96199765830092,0.0,0.0,68.96199765830092,long_rains,394.8891092289726,2.0,3.0,6,train,False
Machakos,2012-04-01,2012,4,2,2,Stressed,0.0,1.77294744808633,0.9999295423662196,1.6908176567146975,1.732474470130342,0.9691018950312642,-0.1165845513134701,32.53352279517333,15.551006677526466,0.0,32.53352279517333,long_rains,347.0698296320569,2.0,3.0,6,train,False
Makueni,2012-04-01,2012,4,2,2,Stressed,0.0,1.70486322554712,0.9998578021084928,1.455116492136317,1.360357630158309,0.6208418301288579,-1.182397475154567,38.511981823231984,23.90601557533584,15.234280202276368,23.277701620955618,long_rains,210.84898907247097,2.0,3.0,6,train,False
Mandera,2012-04-01,2012,4,2,2,Stressed,0.3116963439741509,2.311696343974151,0.9935412181196072,1.7616050612677403,1.7650717602709751,1.2997039391242744,-0.7352322472683366,58.274683908052765,0.0,14.41002707843143,43.86465682962134,long_rains,147.72597818452132,3.0,3.0,6,train,False
Marsabit,2012-04-01,2012,4,2,2,Stressed,0.4623549319123792,2.4621338516438023,0.9301395523488092,2.5607681346157283,2.557847613202215,1.7100283037590769,0.2576854114251103,44.0900017376406,2.0406504296803054,0.0,44.0900017376406,long_rains,183.11284628508548,3.0,3.0,6,train,True
Meru,2012-04-01,2012,4,1,1,Minimal,0.0002508639458377,1.2274190226113042,0.9998828001518492,1.013399450932804,1.2495202134260754,1.1662376895106177,1.6578880809969307,63.28583310080172,49.369658288011294,0.0,63.28583310080172,long_rains,469.95952152110806,1.0,3.0,6,train,False
Migori,2012-04-01,2012,4,1,1,Minimal,0.0,1.0,0.8116729345870678,0.7903948549277262,2.616287094608112,2.2712027363363125,2.4986917123960275,100.0,91.13116324882029,73.94822914390855,26.05177085609145,long_rains,460.4970135975702,1.0,3.0,6,train,False
Mombasa,2012-04-01,2012,4,1,1,Minimal,0.0,1.0071945914100102,0.945651646601156,1.290400809550416,0.8998067985996017,-0.533661882429806,-2.176640857642295,82.72379331236237,29.812611777403397,5.558079268651526,77.16571404371085,long_rains,339.4545465241538,1.0,3.0,6,train,False
Murang'a,2012-04-01,2012,4,1,1,Minimal,0.0,1.0019832357551028,0.9998296005546652,1.3133534210296929,1.800952868016956,0.7748596255619193,1.1331340269430716,100.0,74.04713612470302,0.0,100.0,long_rains,600.9606534616394,1.0,3.0,6,train,False
Nairobi,2012-04-01,2012,4,1,1,Minimal,0.0,1.005556741134495,0.9993502718416222,1.8618666206541767,2.337437209523956,0.7391688257901924,1.886446127254936,94.59822842184316,63.67318189822152,0.5086839439682461,94.08954447787491,long_rains,349.07589029272395,1.0,3.0,6,train,False
Nakuru,2012-04-01,2012,4,1,1,Minimal,0.0,1.0006763363886138,0.9758049541717768,1.1208990078334555,2.20428466831384,1.893837448457243,1.814996968622224,100.0,97.49131538141664,75.84712639714846,24.152873602851543,long_rains,337.82261196850334,1.0,3.0,6,train,False
Nandi,2012-04-01,2012,4,1,1,Minimal,0.0,1.0,0.9996627597035964,1.0623902353227257,2.3749490997485565,1.9472482805847653,2.390469346337565,66.52792665671389,70.34919524839374,17.00115405216348,49.52677260455041,long_rains,636.3375639959971,1.0,3.0,6,train,False
Narok,2012-04-01,2012,4,2,2,Stressed,0.0,1.534070931837292,0.9926699026877256,3.2518563089742383,3.832171630882905,2.731549894119852,2.038302851015754,97.36283681426552,74.06186222767576,68.98645605383176,28.37638076043376,long_rains,449.4351533314782,2.0,3.0,6,train,False
Nyamira,2012-04-01,2012,4,1,1,Minimal,0.0,1.0,0.9997642108519644,0.8127173893195112,2.0651166458609853,1.6615384296205913,1.12024786627952,100.0,64.28028805492859,82.78825885424475,17.211741145755255,long_rains,707.0676224501927,1.0,3.0,6,train,False
Nyandarua,2012-04-01,2012,4,1,1,Minimal,0.0,1.0012708819238296,0.999877973768995,1.2967246768169274,2.7315742751602445,2.374370160295064,2.486698526770877,99.8767461515273,96.4275262539141,54.393047649347935,45.483698502179365,long_rains,478.59632261521887,1.0,3.0,6,train,False
Nyeri,2012-04-01,2012,4,1,1,Minimal,0.0,1.3902200484797762,0.9998586120217212,1.1433383741055274,1.9243086506628375,1.3562737320508491,2.0722906179373397,89.11573330388008,80.64077653445412,12.932953798783844,76.18277950509624,long_rains,596.5685209899478,1.0,3.0,6,train,False
Samburu,2012-04-01,2012,4,2,2,Stressed,0.0005788630216545,1.9994415163908508,0.9999550430183348,2.342233496931171,2.5126920824852466,2.03669433303986,1.158621405944245,77.95900914892941,58.9749537995834,49.89467036996288,28.06433877896653,long_rains,233.37064745956647,2.0,3.0,6,train,True
Siaya,2012-04-01,2012,4,1,1,Minimal,0.0,1.0,0.7119007907118109,1.6509871465417216,2.428974628917763,1.9740464996173896,2.3264961384889,90.12492001212937,96.611817669013,74.10866990464571,16.016250107483657,long_rains,703.9110029852106,1.0,3.0,6,train,False
Taita Taveta,2012-04-01,2012,4,2,2,Stressed,0.0,2.0,0.996630559288052,1.4768939481490069,1.276660683753053,0.9095312843455606,-2.4295512027271093,27.27219328938824,6.714091423316907,45.82577425584129,-18.553580966453048,long_rains,337.281834884778,2.0,3.0,6,train,False
Tana River,2012-04-01,2012,4,2,2,Stressed,0.1546659179472271,2.154313114309772,0.999884705824179,1.3195049504958756,1.455023342407297,0.7095389486563036,-1.613520743730969,50.493418719155365,0.0,0.0,50.493418719155365,long_rains,208.9215702880231,2.0,3.0,6,train,False
Tharaka-Nithi,2012-04-01,2012,4,1,1,Minimal,0.00548817035534,1.3343911611951458,0.999905575580255,1.0444662493130892,1.1835689097333506,0.943826021647366,0.7189377384721161,44.926350548915096,6.644376946874449,0.0,44.926350548915096,long_rains,386.5660928989662,1.0,3.0,6,train,False
Trans Nzoia,2012-04-01,2012,4,1,1,Minimal,0.0,1.000079835388598,0.9976864050043228,0.277785752109327,1.4672585750753735,1.4871972948708914,2.076910881750988,47.48766278757383,65.72627354347242,70.37735310131352,-22.889690313739685,long_rains,575.422482832226,1.0,3.0,6,train,False
Turkana,2012-04-01,2012,4,2,2,Stressed,0.2698227882151272,2.166146798387112,0.96060555102368,0.9527843149651446,1.3117830791676734,0.9814346109962482,1.154579243166817,43.69684917645653,76.21580288992564,57.96364115139793,-14.266791974941398,long_rains,134.93439886021372,2.0,3.0,6,train,True
Uasin Gishu,2012-04-01,2012,4,1,1,Minimal,0.0,1.0,0.9997765773368542,0.4981804196928026,1.877554394214972,1.5685050072443374,1.91340804121286,53.54839034777327,77.38351672041226,75.42135730586698,-21.872966958093706,long_rains,466.5756532543863,1.0,3.0,6,train,False
Vihiga,2012-04-01,2012,4,1,1,Minimal,0.0,1.0,0.9994221612948908,1.5974441928200098,2.5852383200904314,2.194173163797483,1.9633839875076424,98.18216070227616,59.24479203336707,63.56578677089279,34.61637393138337,long_rains,638.2354464495623,1.0,3.0,6,train,False
Wajir,2012-04-01,2012,4,2,2,Stressed,0.4313521573994229,2.431352157399423,0.9996829050290932,1.756414563316344,1.7596006118795922,1.4343736346025104,-0.9622039134648888,77.73161614092177,0.0,3.421820154959662,74.30979598596211,long_rains,220.92597534518788,3.0,3.0,6,train,True
West Pokot,2012-04-01,2012,4,2,2,Stressed,2.610050977131247e-05,1.9159509900442069,0.9926204344836512,0.3486326585580276,1.5206274300847655,1.1283770917039,1.5713882285039709,63.54516677120132,87.06031511441948,89.06270281319043,-25.517536041989104,long_rains,366.78840132412165,2.0,3.0,6,train,False
Baringo,2012-07-01,2012,7,2,2,Stressed,0.0,1.897477892711657,0.9998910957604972,-1.453891118286369,1.4754702948105376,2.190233305112803,2.754938252388752,64.44521793534395,93.35074024752944,100.0,-35.55478206465605,dry_jjas,407.6410955536569,2.0,3.0,6,train,True
Bomet,2012-07-01,2012,7,1,1,Minimal,0.0,1.0000570618995908,0.9997382065021057,-2.077695468324169,0.2216341375340969,1.23521193300405,2.199677673461405,51.47034646183036,92.5127194822462,89.99585361846911,-38.52550715663875,dry_jjas,705.0356352221398,1.0,3.0,6,train,False
Bungoma,2012-07-01,2012,7,1,1,Minimal,0.0,1.0,0.9968273735961642,-2.236546272116969,0.8700582193536052,1.918942934766995,1.8149470366862956,47.83961975653424,71.46893277569083,79.17266035443562,-31.33304059790138,dry_jjas,684.143518918554,1.0,3.0,6,train,False
Busia,2012-07-01,2012,7,1,1,Minimal,0.0,1.0,0.9128634605516268,-2.666857168419277,0.4830721906007396,1.3448227813885878,1.9026753320059917,46.87297912193798,75.21869778888718,67.80902982645507,-20.936050704517093,dry_jjas,504.89251568895395,1.0,3.0,6,train,False
Elgeyo-Marakwet,2012-07-01,2012,7,1,1,Minimal,0.0,1.0013362368052523,0.9998638419885122,-1.7529781884154565,2.001163592055996,2.595928266914295,2.7860578808712466,56.2422130849925,85.9058749389268,71.63216116426725,-15.389948079274745,dry_jjas,424.00498148048365,1.0,3.0,6,train,False
Embu,2012-07-01,2012,7,1,1,Minimal,0.0,1.0113976217458436,0.9998694903395686,-1.0881130170360185,0.4947157601249964,0.911207031915086,1.4823342341921952,36.38016399363848,75.82218114370826,77.7057091787629,-41.32554518512442,dry_jjas,401.4457023614595,1.0,3.0,6,train,False
Garissa,2012-07-01,2012,7,2,2,Stressed,0.0,2.0,0.9995223749025812,-0.8335886265976461,0.719107990568926,1.1710864290036032,1.5030565594285057,68.55462557345828,81.54592689291539,100.0,-31.44537442654172,dry_jjas,210.6771075185111,2.0,3.0,6,train,False
Homa Bay,2012-07-01,2012,7,1,1,Minimal,0.0,1.0,0.66830422924983,-2.1393672923191414,0.7603697271547643,1.7642326165634217,2.48534852503466,25.09818801377799,74.85973056704236,34.44133208111965,-9.343144067341658,dry_jjas,658.3122810444571,1.0,3.0,6,train,False
Isiolo,2012-07-01,2012,7,2,2,Stressed,0.0,1.9999142570233488,0.9999880270414891,-1.1064496063464917,0.6631065887548713,1.0851777239633766,1.6570956452868748,62.62754783128417,80.79756486341893,82.81107120315257,-20.183523371868397,dry_jjas,121.15801476654195,2.0,3.0,6,train,False
Kajiado,2012-07-01,2012,7,2,2,Stressed,0.0,1.8295659211065247,0.9867003715847946,-1.0247979246040466,-0.0199486577844942,0.316108605954232,1.46299119729591,26.84312259298244,60.99179552745103,77.15700466691274,-50.3138820739303,dry_jjas,244.0590119973267,2.0,3.0,6,train,False
Kakamega,2012-07-01,2012,7,1,1,Minimal,0.0,1.0,0.9996644082966218,-2.362436322815621,0.7169082524773669,2.220947709938926,2.1306597888965984,39.51492819226318,76.66779209658276,80.84095352258875,-41.32602533032557,dry_jjas,521.962946970816,1.0,3.0,6,train,False
Kericho,2012-07-01,2012,7,1,1,Minimal,0.0,1.0,0.9997003606571906,-1.950341043261972,0.3571793420313592,1.5366279031192345,2.2975665012373563,51.69281036478882,86.96094428159428,85.66568743318834,-33.97287706839952,dry_jjas,577.6437811642602,1.0,3.0,6,train,False
Kiambu,2012-07-01,2012,7,1,1,Minimal,0.0,1.001127542613087,0.999698893136979,-1.1172791422360742,0.4971287602803801,1.1983681605555114,2.0167803920964813,50.59409020888169,82.92811371230954,40.62891093259273,9.965179276288957,dry_jjas,365.1581675938478,1.0,3.0,6,train,False
Kilifi,2012-07-01,2012,7,2,2,Stressed,0.0,1.893822507368624,0.9941724646117835,-0.671269334307264,0.0450703762594979,0.0386417258567479,0.5983881729653748,38.46673974060786,55.33484677116119,75.01155381922797,-36.54481407862011,dry_jjas,485.9236308469297,2.0,3.0,6,train,False
Kirinyaga,2012-07-01,2012,7,1,1,Minimal,0.0,1.000036250746341,0.9997566177338546,-1.0256103848844589,0.4549681509481695,1.1076388556460597,1.7085490867801407,61.411931117019336,100.0,51.34720902198099,10.064722095038348,dry_jjas,523.427425427593,1.0,3.0,6,train,False
Kisii,2012-07-01,2012,7,1,1,Minimal,0.0,1.0,0.9995810852329328,-2.5017026221309404,0.4470387941139374,1.52224304252481,1.96013893018531,44.04377318319497,81.21742038974205,70.65121588232753,-26.607442699132562,dry_jjas,771.8724273402603,1.0,3.0,6,train,False
Kisumu,2012-07-01,2012,7,1,1,Minimal,0.0,1.0,0.7825715876310352,-2.1174632174745023,0.4703372456201201,1.487094757631881,1.9816941963672607,48.22014732517007,81.09466471810467,61.91787239037947,-13.697725065209404,dry_jjas,650.4965825795291,1.0,3.0,6,train,False
Kitui,2012-07-01,2012,7,2,2,Stressed,0.0,1.866179093707697,0.9999612025497214,-0.9774417477896205,-0.1502976306592408,0.0755412214378409,0.7234041644134336,47.54037618708977,67.91523874319921,72.04092049928262,-24.50054431219285,dry_jjas,350.0498777837523,2.0,3.0,6,train,False
Kwale,2012-07-01,2012,7,2,2,Stressed,0.0,1.9999325446876088,0.991234853269192,-0.91598105579378,-0.2075552732160958,0.1797255449421115,0.6377120083719926,35.41025506717291,57.919259408992886,81.02207912770557,-45.611824060532655,dry_jjas,461.4118591660762,2.0,3.0,6,train,False
Laikipia,2012-07-01,2012,7,2,2,Stressed,0.0,1.6552218836201664,0.9999716984817336,-1.1444588608317363,1.101540500412614,1.847911789729789,2.2496713444547014,61.49284177686042,96.72714479834532,100.0,-38.50715822313958,dry_jjas,378.6133408439104,2.0,3.0,6,train,False
Lamu,2012-07-01,2012,7,2,2,Stressed,0.0,2.0,0.9772658860263104,-0.7231874314099771,0.8921846546134354,1.3068790493628204,1.30099421183857,86.131977525403,85.27794360039648,90.1603827002586,-4.0284051748555925,dry_jjas,394.8891092289726,2.0,3.0,6,train,False
Machakos,2012-07-01,2012,7,2,2,Stressed,0.0,1.772727281803702,0.999933451568632,-0.9160168894112026,0.0919292165556401,0.4295574434991331,1.3839555356008428,34.57664799754021,74.99706374314786,56.28549428781088,-21.708846290270664,dry_jjas,347.0698296320569,2.0,3.0,6,train,False
Makueni,2012-07-01,2012,7,2,2,Stressed,0.0,1.70486322554712,0.9998578021084928,-0.5493903953953927,-0.2423382767460343,-0.0386671707813598,0.9328042430772912,37.2066198283785,66.88648888665297,71.67126403393587,-34.46464420555737,dry_jjas,210.84898907247097,2.0,3.0,6,train,False
Mandera,2012-07-01,2012,7,2,2,Stressed,0.1935209389388517,2.193520938938852,0.9935398969956112,-1.014955429246791,2.854387536328223,2.499419294694961,2.574414140370516,71.67351736758737,92.05805040035898,89.7900239994092,-18.116506631821835,dry_jjas,147.72597818452132,2.0,3.0,6,train,False
Marsabit,2012-07-01,2012,7,2,2,Stressed,0.0401080086708275,2.0398869269645004,0.9301335034165956,-1.3057830412034377,2.4166094770358835,2.6111351062375974,3.5947578263655777,61.99847345378485,90.2522294910423,98.84431676013692,-36.84584330635207,dry_jjas,183.11284628508548,2.0,3.0,6,train,True
Meru,2012-07-01,2012,7,1,1,Minimal,0.0,1.2271677994659254,0.9998823354229692,-1.170203126534333,0.7535301370270049,1.0245476460454732,1.4680061420652486,43.81998047215042,85.13648393126358,87.17156716068226,-43.35158668853184,dry_jjas,469.95952152110806,1.0,3.0,6,train,False
Migori,2012-07-01,2012,7,1,1,Minimal,0.0,1.0,0.8116729345870676,-2.2026443338259885,0.8162590030675343,1.7294172520211095,2.5383858202931004,31.428401232308232,83.20517416775606,40.51945540743172,-9.091054175123489,dry_jjas,460.4970135975702,1.0,3.0,6,train,False
Mombasa,2012-07-01,2012,7,1,1,Minimal,0.0,1.0071945914100102,0.945651646601156,-0.5962165311368224,-0.7206789379055721,0.1759430337329056,0.7832418242679129,59.24577777936774,60.58892042085695,75.45701191261305,-16.211234133245313,dry_jjas,339.4545465241538,1.0,3.0,6,train,False
Murang'a,2012-07-01,2012,7,1,1,Minimal,0.0,1.0013259757425912,0.9998268684991276,-1.0730666811405347,0.6030490442612755,1.2165205433730646,1.911849416851928,36.40849612334824,79.03823442274947,62.347363053775815,-25.938866930427572,dry_jjas,600.9606534616394,1.0,3.0,6,train,False
Nairobi,2012-07-01,2012,7,1,1,Minimal,0.0,1.004656105633054,0.999349844685299,-0.9331705066360656,0.383438906622721,0.8478661501917877,1.909251124405484,43.96338300682142,76.40819852843394,41.04376776661006,2.919615240211357,dry_jjas,349.07589029272395,1.0,3.0,6,train,False
Nakuru,2012-07-01,2012,7,1,1,Minimal,0.0,1.0006763363886138,0.9758049541717768,-1.3026683883503922,0.4869540220222504,1.6643508174275443,2.480589966061128,47.74736913077696,86.28070973811104,100.0,-52.25263086922304,dry_jjas,337.82261196850334,1.0,3.0,6,train,False
Nandi,2012-07-01,2012,7,1,1,Minimal,0.0,1.0,0.9996627597035966,-2.1942767651795827,0.8333410611382582,2.2344385524994577,2.4094468276563963,43.54547612135952,84.03244117715694,91.1577871940953,-47.612311072735785,dry_jjas,636.3375639959971,1.0,3.0,6,train,False
Narok,2012-07-01,2012,7,2,2,Stressed,0.0,1.534070931837292,0.9926699026877256,-1.9959128554246417,0.4146828037361151,1.607806774260025,2.740634189140144,59.9369794009823,92.64418444448928,90.58317447221462,-30.64619507123232,dry_jjas,449.4351533314782,2.0,3.0,6,train,False
Nyamira,2012-07-01,2012,7,1,1,Minimal,0.0,1.0,0.9997642108519644,-2.479322072739232,0.3346946113255229,1.2915204507195377,1.8750129094498773,30.001615624569094,76.03763511528913,87.34154794648867,-57.33993232191958,dry_jjas,707.0676224501927,1.0,3.0,6,train,False
Nyandarua,2012-07-01,2012,7,1,1,Minimal,0.0,1.0012708819238296,0.999877973768995,-1.0427310052993144,0.697787174975272,2.0023515372953606,2.4385780486846667,49.65249126094613,97.69910233021336,72.45984825269527,-22.80735699174914,dry_jjas,478.59632261521887,1.0,3.0,6,train,False
Nyeri,2012-07-01,2012,7,1,1,Minimal,0.0,1.3902200484797762,0.9998586120217212,-0.9981905165429034,0.7312395842393967,1.4501239550605494,2.0688346801885693,41.90155882585849,100.0,89.80446707660734,-47.90290825074885,dry_jjas,596.5685209899478,1.0,3.0,6,train,False
Samburu,2012-07-01,2012,7,2,2,Stressed,0.0,1.9988626385976,0.9999420560007148,-1.139300369699087,1.6139582348195525,2.0190585912461145,2.848988552540944,55.35567233619362,85.04711636666238,100.0,-44.64432766380638,dry_jjas,233.37064745956647,2.0,3.0,6,train,True
Siaya,2012-07-01,2012,7,1,1,Minimal,0.0,1.0,0.7119007907118109,-2.2093541174677065,0.6203710346202538,1.4607456861639263,2.062578265846218,33.058753770106655,70.52089042469919,44.19056205979058,-11.131808289683924,dry_jjas,703.9110029852106,1.0,3.0,6,train,False
Taita Taveta,2012-07-01,2012,7,2,2,Stressed,0.0,2.0,0.996630559288052,-1.1408939046683724,-0.008943026900515,0.3128174121860781,1.451993853613333,24.44327272823292,49.606984557397695,48.62212303531198,-24.17885030707906,dry_jjas,337.281834884778,2.0,3.0,6,train,False
Tana River,2012-07-01,2012,7,2,2,Stressed,0.0,1.999647197234086,0.9998871758740914,-0.9584929258201204,-0.2161926036597385,0.2002479721311365,0.8384188610739061,39.75744139922719,58.8907445203229,84.21446801454829,-44.4570266153211,dry_jjas,208.9215702880231,2.0,3.0,6,train,False
Tharaka-Nithi,2012-07-01,2012,7,1,1,Minimal,0.0,1.328893947269865,0.9998921012329892,-1.130130810369364,0.7262531496937662,0.9876632030670454,1.4155428383932784,45.08583827894128,63.669093639752354,71.08892042817985,-26.003082149238566,dry_jjas,386.5660928989662,1.0,3.0,6,train,False
Trans Nzoia,2012-07-01,2012,7,1,1,Minimal,0.0,1.000079835388598,0.9976864050043228,-1.7769126851504922,1.836059821622194,2.4422718578338785,2.412027786913926,43.18767910052804,78.57275693430029,100.0,-56.81232089947196,dry_jjas,575.422482832226,1.0,3.0,6,train,False
Turkana,2012-07-01,2012,7,2,2,Stressed,0.1084774534985645,2.004800726384319,0.960598719777502,-1.3812034697368312,2.492795971007158,2.5979006021271718,3.6297989580213295,59.81492821325767,80.22536106573963,95.9078088969519,-36.09288068369423,dry_jjas,134.93439886021372,2.0,3.0,6,train,True
Uasin Gishu,2012-07-01,2012,7,1,1,Minimal,0.0,1.0,0.9997765773368544,-1.9225820352807237,1.4851632113999378,2.355137506073657,2.708200623768992,54.72736633934917,84.63717140586884,90.14694777210646,-35.41958143275729,dry_jjas,466.5756532543863,1.0,3.0,6,train,False
Vihiga,2012-07-01,2012,7,1,1,Minimal,0.0,1.0,0.9994221612948906,-2.292175753340325,0.5547348168806591,1.836668761485056,1.8858057921382696,30.9673912835824,74.89023479132202,62.215113261299166,-31.247721977716765,dry_jjas,638.2354464495623,1.0,3.0,6,train,False
Wajir,2012-07-01,2012,7,2,2,Stressed,0.0026784977467696,2.002678497746769,0.9996810210934666,-0.9869459103318284,1.3749337124787189,1.6260913177782694,1.9310903628843905,63.04455141518639,89.18009800712723,100.0,-36.95544858481361,dry_jjas,220.92597534518788,2.0,3.0,6,train,True
West Pokot,2012-07-01,2012,7,2,2,Stressed,0.0,1.9159246822576947,0.9926179873073148,-1.517439961613463,2.3253666708355363,2.672879504947112,3.1342299267416003,67.14080967256128,90.36721633779166,100.0,-32.859190327438725,dry_jjas,366.78840132412165,2.0,3.0,6,train,False
Baringo,2012-10-01,2012,10,2,2,Stressed,0.0,1.897477892711657,0.9998910957604972,1.5597488186856892,0.5913744274438103,1.2672037074086937,-0.3153044916584057,61.07859674551148,13.975057361893573,29.235515484327543,31.84308126118394,short_rains,407.6410955536569,2.0,3.0,6,train,True
Bomet,2012-10-01,2012,10,1,1,Minimal,0.0,1.0000570618995908,0.9997382065021057,2.475573663567121,0.6068776672778209,0.5102924861416694,-0.6040815645465388,13.385975679318255,35.136141345583496,26.0259445469956,-12.639968867677345,short_rains,705.0356352221398,1.0,3.0,6,train,False
Bungoma,2012-10-01,2012,10,1,1,Minimal,0.0,1.0,0.9968273735961642,1.7247120631938198,-0.3325979928719395,0.3555110687578508,-0.9547354756074368,19.673160736383355,0.0,16.860049534235287,2.813111202148068,short_rains,684.143518918554,1.0,3.0,6,train,False
Busia,2012-10-01,2012,10,1,1,Minimal,0.0,1.0,0.9128634605516268,0.7466913047969871,-1.044673097197151,-0.2617030334357007,-1.1944841019268584,23.88653699823994,0.214445782283186,6.221568204315771,17.664968793924167,short_rains,504.89251568895395,1.0,3.0,6,train,False
Elgeyo-Marakwet,2012-10-01,2012,10,1,1,Minimal,0.0,1.0013362368052523,0.9998638419885122,1.5918718202511972,0.5347327675309467,1.705671431240244,-0.4321118832496732,47.3651084353231,4.957440043138627,14.166345625457064,33.19876280986604,short_rains,424.00498148048365,1.0,3.0,6,train,False
Embu,2012-10-01,2012,10,1,1,Minimal,0.0,1.0113976217458436,0.9998694903395686,1.0376444778894622,0.2211043607142377,0.4811634552993147,-0.4802104139993622,61.62658632666329,0.0,6.240455415100359,55.38613091156294,short_rains,401.4457023614595,1.0,3.0,6,train,False
Garissa,2012-10-01,2012,10,3,3,Crisis or worse,0.6977866229439008,2.6977866229439007,0.9995601445935454,-1.9485183917457527,-1.8955700910641715,-0.109150617778912,-0.0566476569914649,13.507665071380323,30.989332818738344,50.9720984267132,-37.46443335533288,short_rains,210.6771075185111,2.0,3.0,6,train,False
Homa Bay,2012-10-01,2012,10,1,1,Minimal,0.0,1.0,0.66830422924983,1.935157594944095,0.399840425899794,0.7742094612203778,-0.8524594576731899,49.28194549558208,8.510670690756713,4.261106650766573,45.02083884481551,short_rains,658.3122810444571,1.0,3.0,6,train,False
Isiolo,2012-10-01,2012,10,2,2,Stressed,0.0089108400484925,2.008825097695152,0.999995296531766,0.3514192373042874,-0.1608515345140762,0.305900335789994,-0.3001453392308734,20.214165590669488,25.96146717064484,52.647382821891405,-32.43321723122192,short_rains,121.15801476654195,2.0,3.0,6,train,False
Kajiado,2012-10-01,2012,10,2,2,Stressed,0.0,1.8295659211065247,0.9867003715847946,2.01149734663958,0.7887246093202611,0.4204902325596071,-0.7132671818334424,57.42224599467238,13.87654868564178,9.950844128547567,47.471401866124815,short_rains,244.0590119973267,2.0,3.0,6,train,False
Kakamega,2012-10-01,2012,10,1,1,Minimal,0.0,1.0,0.9996644082966218,1.685613090189085,-0.3021109130901333,0.2647800939705733,-1.288311904445839,13.265097885056033,7.517744669369332,0.0,13.265097885056033,short_rains,521.962946970816,1.0,3.0,6,train,False
Kericho,2012-10-01,2012,10,1,1,Minimal,0.0,1.0,0.9997003606571906,2.2361398570279736,0.5983438337596284,0.6065709491328332,-1.001756497661887,32.0828560101422,0.0,10.380864331044345,21.70199167909786,short_rains,577.6437811642602,1.0,3.0,6,train,False
Kiambu,2012-10-01,2012,10,1,1,Minimal,0.0,1.001127542613087,0.999698893136979,2.063748579764176,0.9443704368399368,1.0239899413246152,-0.4749814781947577,22.68995211081358,0.0,31.545534876434925,-8.855582765621346,short_rains,365.1581675938478,1.0,3.0,6,train,False
Kilifi,2012-10-01,2012,10,2,2,Stressed,0.4070315674764941,2.3008549685212816,0.9941808317144266,-1.5723943025436993,-2.169621800310129,-0.991558846292831,-0.7860086107445966,6.971384470500186,7.23499252733123,28.781335490239844,-21.809951019739657,short_rains,485.9236308469297,2.0,3.0,6,train,False
Kirinyaga,2012-10-01,2012,10,1,1,Minimal,0.0,1.000036250746341,0.9997566177338548,1.29105545347229,0.4780427704668986,0.6320236401619548,-0.8109065398213264,22.586553654138623,0.6189909911826753,20.47280180778602,2.113751846352603,short_rains,523.427425427593,1.0,3.0,6,train,False
Kisii,2012-10-01,2012,10,1,1,Minimal,0.0,1.0,0.9995810852329328,2.954595727311745,1.0471793389287978,0.9679920611764292,-0.7079784683344181,11.781858197995591,36.06911738063588,9.567340719097825,2.2145174788977666,short_rains,771.8724273402603,1.0,3.0,6,train,False
Kisumu,2012-10-01,2012,10,1,1,Minimal,0.0,1.0,0.7825715876310352,1.937296310580979,0.1857315624230581,0.422390417653238,-1.1051480241895943,15.27140836769889,6.963931012589527,1.0876019477350276,14.183806419963862,short_rains,650.4965825795291,1.0,3.0,6,train,False
Kitui,2012-10-01,2012,10,3,3,Crisis or worse,0.7738442723348683,2.6395784189500984,0.9999695569562242,0.4173871066204614,-0.1815394862939134,-0.260372750068366,-0.7844726213708424,36.93944930505187,5.524822156979873,20.879312603188197,16.060136701863676,short_rains,350.0498777837523,2.0,3.0,6,train,False
Kwale,2012-10-01,2012,10,2,2,Stressed,0.3178554959530725,2.317788041600838,0.9912489626770908,-0.7380600460714186,-1.443824199869602,-1.1727578438338786,-0.3983212332036095,34.96718837347902,22.322196246343264,23.27718982004145,11.689998553437569,short_rains,461.4118591660762,2.0,3.0,6,train,False
Laikipia,2012-10-01,2012,10,2,2,Stressed,0.0,1.6552218836201664,0.9999716984817336,1.1321466332522163,0.1538861141270754,0.787803709155634,-0.3977470493337864,57.77343321367368,17.927544245812477,32.60435790608608,25.169075307587597,short_rains,378.6133408439104,2.0,3.0,6,train,False
Lamu,2012-10-01,2012,10,2,2,Stressed,0.0191934907568323,2.018472913461009,0.9772940962519598,-2.7655388912109955,-2.726917952841908,-0.4074274346827253,0.9622929621316284,13.703963258860211,41.67296442794254,64.770941965528,-51.06697870666778,short_rains,394.8891092289726,2.0,3.0,6,train,False
Machakos,2012-10-01,2012,10,2,2,Stressed,0.0,1.772727281803702,0.999933451568632,1.736050337520442,0.7336417544651073,0.4640723218513603,-0.979310530218948,56.99636114526137,0.0,10.729427208396874,46.26693393686449,short_rains,347.0698296320569,2.0,3.0,6,train,False
Makueni,2012-10-01,2012,10,2,2,Stressed,0.215467683298101,1.920336584560512,0.9998770305403332,1.5694423923003682,0.7649241679554736,0.1409175846309864,-1.0499399042311288,65.64535952365776,4.714483050013635,16.737248775923604,48.908110747734156,short_rains,210.84898907247097,2.0,3.0,6,train,False
Mandera,2012-10-01,2012,10,2,2,Stressed,0.0991663936739103,2.0991663936739107,0.9935354757031154,-0.1859547492849106,-0.5198380589986159,1.8234638206432117,1.246848416733493,45.883370052068834,38.21077413268864,65.82860951284928,-19.94523946078045,short_rains,147.72597818452132,2.0,3.0,6,train,False
Marsabit,2012-10-01,2012,10,2,2,Stressed,0.0,1.9997789189795596,0.9301363890826012,0.7942475336663422,0.1255934033552327,1.815690578924443,-0.5575458212247123,31.388934361995435,14.683792946055837,35.99463677851445,-4.605702416519012,short_rains,183.11284628508548,2.0,3.0,6,train,True
Meru,2012-10-01,2012,10,1,1,Minimal,0.1304449849668183,1.3576151700141763,0.999885421873166,0.7765866307551136,0.0186323650148484,0.5490673133743249,-0.3021601530349454,30.936408968713994,0.0,17.872025358847793,13.064383609866201,short_rains,469.95952152110806,1.0,3.0,6,train,False
Migori,2012-10-01,2012,10,1,1,Minimal,0.0,1.0,0.8116729345870676,1.6227257126294925,0.2301753761528547,0.7126558460102169,-0.5726575184812366,55.48871846488448,30.625715497263872,3.732407916765244,51.75631054811923,short_rains,460.4970135975702,1.0,3.0,6,train,False
Mombasa,2012-10-01,2012,10,1,1,Minimal,0.0,1.0071945914100102,0.945651646601156,-1.4672464131193883,-2.1335985861034965,-2.0545933364493343,-0.7973532547267924,10.53119797456506,0.0,36.1249919727525,-25.593793998187437,short_rains,339.4545465241538,1.0,3.0,6,train,False
Murang'a,2012-10-01,2012,10,1,1,Minimal,0.0,1.0013259757425912,0.9998268684991276,1.5722840183639848,0.6011499088397365,0.832905412289797,-0.6530352189090146,43.866285126660905,0.0,19.003823815178183,24.862461311482722,short_rains,600.9606534616394,1.0,3.0,6,train,False
Nairobi,2012-10-01,2012,10,1,1,Minimal,0.0,1.004656105633054,0.999349844685299,2.028469600374431,0.9982243763172328,0.9003463685837673,-0.5219863638296603,60.8824083906614,0.0,19.917970798634546,40.964437592026854,short_rains,349.07589029272395,1.0,3.0,6,train,False
Nakuru,2012-10-01,2012,10,1,1,Minimal,0.0,1.0006763363886138,0.9758049541717768,2.035422837927296,0.9019399870049162,0.8735469398542871,-0.2649880746982269,53.1103022440009,13.134510780287131,22.359720301400376,30.750581942600522,short_rains,337.82261196850334,1.0,3.0,6,train,False
Nandi,2012-10-01,2012,10,1,1,Minimal,0.0,1.0,0.9996627597035966,1.9680376030604516,0.1622232956115357,0.6787395360636025,-1.3145944358005863,45.10063824789505,3.92242387312937,0.0,45.10063824789505,short_rains,636.3375639959971,1.0,3.0,6,train,False
Narok,2012-10-01,2012,10,2,2,Stressed,0.0,1.534070931837292,0.9926699026877256,2.7468699809463177,1.271166787180909,1.0952944158002578,-0.4229891286643765,57.07037831728676,38.70422051455466,23.691523318529416,33.37885499875735,short_rains,449.4351533314782,2.0,3.0,6,train,False
Nyamira,2012-10-01,2012,10,1,1,Minimal,0.0,1.0,0.9997642108519644,2.7638530563943418,0.7944891037695831,0.7125403191183537,-0.9545967924560382,0.0,26.228288637937244,0.0,0.0,short_rains,707.0676224501927,1.0,3.0,6,train,False
Nyandarua,2012-10-01,2012,10,1,1,Minimal,0.0,1.0012708819238296,0.999877973768995,2.014135007555219,0.9294530926113131,1.0622604064370311,-0.2925578010780897,32.777541218789935,3.241027037779222,20.54119396959772,12.236347249192214,short_rains,478.59632261521887,1.0,3.0,6,train,False
Nyeri,2012-10-01,2012,10,1,1,Minimal,0.0,1.3902200484797762,0.9998586120217212,1.362611561475468,0.3302619941353079,0.6783447506065929,-0.7196403608313422,18.971766581637,0.0,7.385649039003654,11.586117542633344,short_rains,596.5685209899478,1.0,3.0,6,train,False
Samburu,2012-10-01,2012,10,2,2,Stressed,0.0,1.9988626533690264,0.9999550428691704,1.1726034062665152,0.274656802025046,1.1832398235702204,-0.3595270625974074,54.903196863034886,18.19052372502736,30.900369267626303,24.002827595408583,short_rains,233.37064745956647,2.0,3.0,6,train,True
Siaya,2012-10-01,2012,10,1,1,Minimal,0.0,1.0,0.7119007907118109,0.9895870990152782,-0.4512480365408772,0.2065039493144941,-1.150444482856349,57.99840791541627,30.97901720768629,9.237630056496728,48.760777858919546,short_rains,703.9110029852106,1.0,3.0,6,train,False
Taita Taveta,2012-10-01,2012,10,2,2,Stressed,0.1776360044794052,2.1776360044794054,0.9966516797620268,0.3267233984817141,-0.7251163247282868,-0.4870959969755043,-0.8962764416075119,18.1194490001428,13.73264866913988,12.354019008071475,5.765429992071326,short_rains,337.281834884778,2.0,3.0,6,train,False
Tana River,2012-10-01,2012,10,3,3,Crisis or worse,0.5573075975592275,2.257735435525899,0.9998937036395128,-1.5671394109105636,-1.5792289573620657,-0.8912804876454399,-0.6311369075732864,15.183171891747998,11.58137543612359,26.51062934262375,-11.327457450875754,short_rains,208.9215702880231,2.0,3.0,6,train,False
Tharaka-Nithi,2012-10-01,2012,10,1,1,Minimal,0.00548817035534,1.3343911611951458,0.999905575580255,0.5497852604935336,-0.1568055655355727,0.4475282763874365,-0.2442894009091639,42.03527276047512,0.0,19.689243861107556,22.34602889936756,short_rains,386.5660928989662,1.0,3.0,6,train,False
Trans Nzoia,2012-10-01,2012,10,1,1,Minimal,0.0,1.000079835388598,0.9976864050043228,2.174332185025962,0.5099016518865426,1.5462052341728525,-0.8122318187137356,41.12668649336995,8.560614599943642,12.848268293660528,28.278418199709424,short_rains,575.422482832226,1.0,3.0,6,train,False
Turkana,2012-10-01,2012,10,2,2,Stressed,0.0,1.8963235926233524,0.9606016822598592,1.6694849841927042,0.4928575310082367,2.113157766867502,-0.0793194701136249,47.88757269958993,12.676228411318556,20.88777421484773,26.9997984847422,short_rains,134.93439886021372,2.0,3.0,6,train,True
Uasin Gishu,2012-10-01,2012,10,1,1,Minimal,0.0,1.0,0.9997765773368544,1.8476933111497915,0.6145233730983476,1.4070272230593366,-0.8549294235461474,47.56063401966019,17.584264236888952,21.59923047579781,25.96140354386238,short_rains,466.5756532543863,1.0,3.0,6,train,False
Vihiga,2012-10-01,2012,10,1,1,Minimal,0.0,1.0,0.9994221612948906,1.221598513338252,-0.4288587029076721,0.1146452689001491,-1.1461167270116022,40.9729974469578,7.25208123854038,0.0,40.9729974469578,short_rains,638.2354464495623,1.0,3.0,6,train,False
Wajir,2012-10-01,2012,10,2,2,Stressed,0.4512968020030996,2.4512968020031,0.9996895182570492,-0.3440661816428665,-0.6111046236316766,0.655938111106899,-0.3345367176568439,29.931325468529376,43.90431550755297,70.19371050931517,-40.26238504078579,short_rains,220.92597534518788,2.0,3.0,6,train,True
West Pokot,2012-10-01,2012,10,2,2,Stressed,0.0,1.9159246822576947,0.9926179873073148,1.7737225519612243,0.5441945561692524,1.86286456806892,-0.705004438763976,45.49975919651253,5.886360485194965,26.126764232025234,19.372994964487294,short_rains,366.78840132412165,2.0,3.0,6,train,False
Baringo,2013-01-01,2013,1,2,2,Stressed,0.0,1.897477892711657,0.9998910957604972,1.4495634098702832,2.752969807469152,1.961295444701512,1.9838024481219088,83.53418716869442,74.51498423466464,100.0,-16.465812831305584,dry_jf,407.6410955536569,2.0,3.0,6,train,True
Bomet,2013-01-01,2013,1,1,1,Minimal,0.0,1.0000570618995908,0.9997382065021052,1.143931039913357,1.501031209362906,1.1609975513154915,0.9942639200450232,52.399667827976735,56.05840982867483,94.19585939305809,-41.79619156508135,dry_jf,705.0356352221398,1.0,3.0,6,train,False
Bungoma,2013-01-01,2013,1,1,1,Minimal,0.0,1.0,0.9968273735961642,0.3650073249978486,1.636433794236357,0.922454314542481,1.057547001423682,22.452043120481047,77.07142776125764,34.28574919274908,-11.833706072268033,dry_jf,684.143518918554,1.0,3.0,6,train,False
Busia,2013-01-01,2013,1,1,1,Minimal,0.0,1.0,0.9128634605516268,0.5821037916418841,1.2764987529489469,0.0052075638157296,-0.2736023361392481,85.91948684145399,50.81544010002225,39.84995967881537,46.06952716263862,dry_jf,504.89251568895395,1.0,3.0,6,train,False
Elgeyo-Marakwet,2013-01-01,2013,1,1,1,Minimal,0.0,1.0013362368052523,0.9998638419885122,1.0572850727969194,2.623739566578489,1.8548963958570384,1.9522295927911717,24.585854014845925,79.71808318279656,91.54009766794904,-66.95424365310312,dry_jf,424.00498148048365,1.0,3.0,6,train,False
Embu,2013-01-01,2013,1,1,1,Minimal,0.0,1.0113976217458436,0.9998694903395686,0.1273024845175956,0.631318990136047,0.403577892717774,0.4507010570045939,43.32545348996677,45.173493965098736,75.74496111915484,-32.41950762918807,dry_jf,401.4457023614595,1.0,3.0,6,train,False
Garissa,2013-01-01,2013,1,2,2,Stressed,0.0,2.0,0.9995225279256243,-1.3638126690310275,-1.6623161475010533,-2.401139225160983,-2.0854950503352447,19.618783202899916,9.15908056729508,0.463303015156432,19.155480187743485,dry_jf,210.6771075185111,3.0,3.0,6,train,False
Homa Bay,2013-01-01,2013,1,1,1,Minimal,0.0,1.0,0.66830422924983,0.858788577511017,1.8334292320341217,1.4948725923105752,0.8356111704392092,71.24710245611222,70.69099703130803,59.489465146734304,11.757637309377913,dry_jf,658.3122810444571,1.0,3.0,6,train,False
Isiolo,2013-01-01,2013,1,2,2,Stressed,0.0,1.9999142572537068,0.9999907136274389,0.2408300878718746,0.0977141493616011,-0.1672206002974321,-0.1371961727221328,27.156337130397088,22.01775739343716,19.465594360086005,7.690742770311083,dry_jf,121.15801476654195,2.0,3.0,6,train,False
Kajiado,2013-01-01,2013,1,2,2,Stressed,0.0004243181151502,1.8299903382962424,0.9867009451612184,-0.6567810775403417,0.7810135042787807,0.9037854416334776,1.092928773535195,77.24820756545468,66.04473630955682,88.76963003463548,-11.521422469180806,dry_jf,244.0590119973267,2.0,3.0,6,train,False
Kakamega,2013-01-01,2013,1,1,1,Minimal,0.0,1.0,0.9996644082966224,0.1945039390524748,1.6468857340097514,0.9469861775354342,0.6669708525106661,54.88613037532892,63.65453832649403,28.021567027429764,26.864563347899153,dry_jf,521.962946970816,1.0,3.0,6,train,False
Kericho,2013-01-01,2013,1,1,1,Minimal,0.0,1.0,0.9997003606571924,1.1276439724438938,1.872355183437759,1.4939099377138398,1.2493001029966204,55.986985765633385,73.19156137888356,85.08211218152758,-29.095126415894192,dry_jf,577.6437811642602,1.0,3.0,6,train,False
Kiambu,2013-01-01,2013,1,1,1,Minimal,0.0,1.001127542613087,0.999698893136979,0.8445994056870241,1.5284300848761805,1.394961177622262,1.4826972908949614,65.33297504195932,39.49588109433762,78.20150105134971,-12.868526009390393,dry_jf,365.1581675938478,1.0,3.0,6,train,False
Kilifi,2013-01-01,2013,1,2,2,Stressed,0.0,1.9543449143389475,0.9941537101806583,-1.4497189823295962,-1.0054098057343357,-2.236690606329581,-1.376798234783079,7.920973663664472,10.92485415131628,7.115021237445184,0.8059524262192879,dry_jf,485.9236308469297,2.0,3.0,6,train,False
Kirinyaga,2013-01-01,2013,1,1,1,Minimal,0.0,1.000036250746341,0.9997566177338548,0.581150551673913,1.0521223844091412,0.8459774759262141,0.9141783146596556,34.35889860252631,50.404046244175504,49.36150981002806,-15.00261120750175,dry_jf,523.427425427593,1.0,3.0,6,train,False
Kisii,2013-01-01,2013,1,1,1,Minimal,0.0,1.0,0.9995810852329328,0.8853381300067749,2.03105269205146,1.9782061838114051,1.3359711882647576,88.87013948584543,59.8439703976212,77.54599920910225,11.32414027674318,dry_jf,771.8724273402603,1.0,3.0,6,train,False
Kisumu,2013-01-01,2013,1,1,1,Minimal,0.0,1.0,0.7825715876310351,0.6472295935368495,1.1568163458738736,0.8539244673720245,0.3772972289211062,72.64326378438633,56.87670337197184,36.03530277294829,36.60796101143804,dry_jf,650.4965825795291,1.0,3.0,6,train,False
Kitui,2013-01-01,2013,1,3,3,Crisis or worse,0.5357967955932548,2.4783935359838223,0.9999579065594504,-0.7349770923640869,-0.2822442032312789,-0.23971581235614,-0.225808790475136,30.39129448825001,25.39727791137354,39.548027006265634,-9.156732518015623,dry_jf,350.0498777837523,3.0,3.0,6,train,False
Kwale,2013-01-01,2013,1,2,2,Stressed,0.0035173882733562,2.0034499329609647,0.9912348532691926,-1.030078436920384,-0.99337180560011,-1.9757463948266016,-1.4537600887365143,0.0,14.661503336888858,35.97812735251453,-35.97812735251453,dry_jf,461.4118591660762,2.0,3.0,6,train,False
Laikipia,2013-01-01,2013,1,2,2,Stressed,0.0,1.6552218836201664,0.9999716984817336,1.4573289760214192,1.9152908059611176,1.0524846727530783,0.949548992853304,96.2583620815562,80.42031118769684,98.24503780471936,-1.9866757231631595,dry_jf,378.6133408439104,2.0,3.0,6,train,False
Lamu,2013-01-01,2013,1,2,2,Stressed,0.0,2.0,0.9772658860263062,-1.4790466883704063,-1.2603971973795036,-2.0733097721223666,-1.4641212129147134,35.15277054662504,29.336468362243952,28.71658291326871,6.436187633356333,dry_jf,394.8891092289726,2.0,3.0,6,train,False
Machakos,2013-01-01,2013,1,2,2,Stressed,0.0,1.7753494833939305,0.99987777916022,-0.2563889522625924,0.5369910745046359,0.7480383245214977,0.8522503383953646,67.76889159455057,58.79087741740547,79.5783719314206,-11.809480336870038,dry_jf,347.0698296320569,2.0,3.0,6,train,False
Makueni,2013-01-01,2013,1,3,3,Crisis or worse,0.369777090025441,2.074911370347348,0.9998846505079256,-1.3932745146728476,0.3039665376458221,0.727548456799733,0.827269068476466,50.38592866472745,45.48495434173005,61.08155901776511,-10.695630353037657,dry_jf,210.84898907247097,2.0,3.0,6,train,False
Mandera,2013-01-01,2013,1,2,2,Stressed,0.0,2.0,0.9935254519233636,-0.5879269247591239,-0.2844759883791186,-0.7472244277472246,-0.7460715092282284,28.27194614211761,62.773240255673066,48.65902155236704,-20.387075410249427,dry_jf,147.72597818452132,2.0,3.0,6,train,False
Marsabit,2013-01-01,2013,1,2,2,Stressed,0.0,1.9997789189795596,0.9301363890826012,0.5199269668644295,0.8377191495796428,0.3003034594301496,0.4310950427136227,31.459780584330574,26.164835710850657,36.69689224336848,-5.237111659037907,dry_jf,183.11284628508548,2.0,3.0,6,train,True
Meru,2013-01-01,2013,1,1,1,Minimal,0.0,1.2271677994659256,0.9998823354229694,0.2673517855769396,0.8269682459624529,0.2632454196318149,0.2936415303581698,12.049865261898768,43.7593647741926,34.22574761366884,-22.17588235177007,dry_jf,469.95952152110806,1.0,3.0,6,train,False
Migori,2013-01-01,2013,1,1,1,Minimal,0.0,1.0,0.8116729345870678,0.396529872254703,1.8091542622505423,1.100419504404771,0.6150201925188326,73.9417267238691,69.65011854897622,36.455408586504944,37.48631813736415,dry_jf,460.4970135975702,1.0,3.0,6,train,False
Mombasa,2013-01-01,2013,1,1,1,Minimal,0.0,1.0071945914100102,0.945651646601156,-1.0818374061843168,-0.9466900239407132,-2.017278029034124,-1.3945649700191467,2.6123001224843256,1.285745892250564,8.159126795849911,-5.546826673365585,dry_jf,339.4545465241538,1.0,3.0,6,train,False
Murang'a,2013-01-01,2013,1,1,1,Minimal,0.0,1.0013259757425912,0.9998268684991276,0.6720530277662009,1.5675239455857433,1.177467031072045,1.2709263243628133,36.3093668946281,66.53710779584853,71.78889449566982,-35.479527601041724,dry_jf,600.9606534616394,1.0,3.0,6,train,False
Nairobi,2013-01-01,2013,1,1,1,Minimal,0.0,1.004656105633054,0.999349844685296,0.658546979076958,1.2567423953596446,1.3049096324793803,1.4052235932870558,74.64322830539486,42.4810918182958,86.21145347596826,-11.568225170573399,dry_jf,349.07589029272395,1.0,3.0,6,train,False
Nakuru,2013-01-01,2013,1,1,1,Minimal,0.0,1.0006763363886138,0.9758049541717768,1.357103456133706,2.029504531089476,1.6269891476634175,1.6236846621173946,88.33074501657954,70.30101002817503,95.035424245112,-6.704679228532456,dry_jf,337.82261196850334,1.0,3.0,6,train,False
Nandi,2013-01-01,2013,1,1,1,Minimal,0.0,1.0,0.999662759703597,-0.1709739611905101,1.2547080119707106,0.952969745690774,0.8443378603329129,41.590038378023536,75.92914991718773,82.21001237542848,-40.61997399740494,dry_jf,636.3375639959971,1.0,3.0,6,train,False
Narok,2013-01-01,2013,1,2,2,Stressed,0.0,1.5340709318372925,0.9926699026877254,0.5770280590465391,1.1516181296381531,1.5610757411549363,1.7753711993958363,78.7786977403559,62.9158360388537,97.02209630136028,-18.243398561004383,dry_jf,449.4351533314782,2.0,3.0,6,train,False
Nyamira,2013-01-01,2013,1,1,1,Minimal,0.0,1.0,0.9997642108519644,1.0143673701005171,1.842223418820918,1.6462389293742188,1.0971253076893674,90.07204067374713,42.95095914400478,95.92933553949064,-5.857294865743512,dry_jf,707.0676224501927,1.0,3.0,6,train,False
Nyandarua,2013-01-01,2013,1,1,1,Minimal,0.0,1.0012708819238296,0.9998779737689952,1.8271534568718029,2.2642801039427103,1.8241970733533943,1.69936591529579,64.15876830109849,70.3226205771201,89.3694719044224,-25.210703603323907,dry_jf,478.59632261521887,1.0,3.0,6,train,False
Nyeri,2013-01-01,2013,1,1,1,Minimal,0.0,1.3902200484797764,0.9998586120217208,1.2554809674837295,1.8016461043277516,1.2398193778997548,1.2874313336989798,50.80100095031517,70.01996963972746,66.4418016021913,-15.640800651876134,dry_jf,596.5685209899478,1.0,3.0,6,train,False
Samburu,2013-01-01,2013,1,2,2,Stressed,0.0,1.9988626533690264,0.9999550428691704,1.0404140356730065,1.7790207860725549,0.6889505400082734,0.7210609774680995,79.33547827520312,57.61471948546954,87.73474491307182,-8.399266637868706,dry_jf,233.37064745956647,2.0,3.0,6,train,True
Siaya,2013-01-01,2013,1,1,1,Minimal,0.0,1.0,0.7119007907118109,0.620122079443148,1.3857980529550995,0.6050796895433511,0.0986015152066631,75.34471633048778,71.34616762246537,71.32360720145714,4.021109129030648,dry_jf,703.9110029852106,1.0,3.0,6,train,False
Taita Taveta,2013-01-01,2013,1,2,2,Stressed,0.1893618089734393,2.1893618089734392,0.9966571739834468,-1.681117734629422,-1.914062656211606,-1.138475328814824,-0.940160666674264,19.54722377534293,15.86647088946246,30.64383197382532,-11.096608198482393,dry_jf,337.281834884778,2.0,3.0,6,train,False
Tana River,2013-01-01,2013,1,2,2,Stressed,0.0009532598349179,2.000953259294244,0.9998778310718937,-1.543502097443334,-1.94364988858901,-1.9367132738515296,-1.770560002104767,22.57641354694104,7.909162830834027,0.1554902880607024,22.42092325888034,dry_jf,208.9215702880231,3.0,3.0,6,train,False
Tharaka-Nithi,2013-01-01,2013,1,1,1,Minimal,0.0,1.328893947269865,0.9998921012329892,0.0998200009689043,0.3753855615691989,-0.022899330961231,-0.0021630444286102,17.245110537760162,24.813548322149035,47.755468902682495,-30.510358364922332,dry_jf,386.5660928989662,1.0,3.0,6,train,False
Trans Nzoia,2013-01-01,2013,1,1,1,Minimal,0.0,1.000079835388598,0.9976864050043228,0.7862800929235982,2.3552411914811886,2.0120399118982237,2.1514359825563587,16.359029643916877,51.80508151809276,53.42659919245108,-37.0675695485342,dry_jf,575.422482832226,1.0,3.0,6,train,False
Turkana,2013-01-01,2013,1,2,2,Stressed,0.0,1.8963235926233524,0.9606016822598592,1.8413714346769796,1.9394653537409965,1.4775917356291337,1.4236542733045094,80.24583520377166,65.54164687680618,100.0,-19.754164796228338,dry_jf,134.93439886021372,2.0,3.0,6,train,True
Uasin Gishu,2013-01-01,2013,1,1,1,Minimal,0.0,1.0,0.9997765773368544,0.7158521772743492,2.4494229999847086,1.9191777193008204,1.7954156698640498,64.91569705484395,68.98566546939314,70.13191396830493,-5.216216913460983,dry_jf,466.5756532543863,1.0,3.0,6,train,False
Vihiga,2013-01-01,2013,1,1,1,Minimal,0.0,1.0,0.9994221612948908,-0.0481734103238637,1.130761252307393,0.4422268826730349,0.1013142373841389,65.2909549941052,86.24571574418435,50.01633679541433,15.274618198690874,dry_jf,638.2354464495623,1.0,3.0,6,train,False
Wajir,2013-01-01,2013,1,2,2,Stressed,0.0,2.0,0.9996848650533768,-0.587315449102347,0.2648049078306975,-0.552532631194516,-0.520944012132585,38.95862890135205,34.643237798193574,23.900261572272992,15.058367329079058,dry_jf,220.92597534518788,2.0,3.0,6,train,True
West Pokot,2013-01-01,2013,1,2,2,Stressed,0.0,1.9159246822576947,0.9926179873073148,1.5517571636801817,2.413026081072534,1.875266469291777,2.068091919024171,89.77928541666516,78.86826498912234,100.0,-10.22071458333484,dry_jf,366.78840132412165,2.0,3.0,6,train,False
Baringo,2013-04-01,2013,4,2,2,Stressed,0.0,1.897477892711657,0.9998910957604972,1.793292469701313,1.5808844879746178,2.690409092801623,0.9678431145535552,82.88948443484843,86.62473557295458,100.0,-17.110515565151573,long_rains,407.6410955536569,2.0,3.0,6,train,True
Bomet,2013-04-01,2013,4,1,1,Minimal,0.0,1.0000570618995908,0.9997382065021052,1.5624268968216617,2.3331171403288,2.68712369084991,1.914590522345841,48.836940538021,94.71726955112186,82.5402568126722,-33.7033162746512,long_rains,705.0356352221398,1.0,3.0,6,train,False
Bungoma,2013-04-01,2013,4,1,1,Minimal,0.0,1.0,0.9968273735961642,1.4829209246162325,2.5736507839354084,2.672193166358058,1.063852200697437,44.10690934803763,64.24448080484343,95.13105416046594,-51.024144812428304,long_rains,684.143518918554,1.0,3.0,6,train,False
Busia,2013-04-01,2013,4,1,1,Minimal,0.0,1.0,0.9128634605516268,1.453822901602993,2.291220091702628,2.328482595094621,1.233359080678014,48.923763314255176,48.016474238184486,80.25566191686961,-31.331898602614437,long_rains,504.89251568895395,1.0,3.0,6,train,False
Elgeyo-Marakwet,2013-04-01,2013,4,1,1,Minimal,0.0,1.0013362368052523,0.9998638419885122,1.5681626914335645,2.1286806967544853,3.0028284077513074,1.0831806057288789,79.34455427225355,95.32662644274887,99.88977047627904,-20.545216204025493,long_rains,424.00498148048365,1.0,3.0,6,train,False
Embu,2013-04-01,2013,4,1,1,Minimal,0.0,1.0113976217458436,0.9998694903395686,0.7110291440609736,0.6658583150377886,0.8014480219470215,0.4011907852403117,57.07780434445529,45.55913426206367,66.89433091045154,-9.816526565996256,long_rains,401.4457023614595,1.0,3.0,6,train,False
Garissa,2013-04-01,2013,4,2,2,Stressed,0.0,2.0,0.999511246179476,0.151073965890111,-0.0468962725645242,-0.9879818321747428,-1.5864435707019908,47.53685244554363,22.466276927903024,39.136375846217504,8.400476599326126,long_rains,210.6771075185111,2.0,3.0,6,train,False
Homa Bay,2013-04-01,2013,4,1,1,Minimal,0.0,1.0,0.66830422924983,0.6059322574202962,2.070316076252426,2.79243887487261,2.199021872273339,74.28149488883571,63.8390370645897,76.83387511534663,-2.5523802265109197,long_rains,658.3122810444571,1.0,3.0,6,train,False
Isiolo,2013-04-01,2013,4,2,2,Stressed,0.0,1.9997465136250936,0.9999828133487338,0.2629332759242141,0.2451326488536815,0.1779602774620903,0.7763208269216201,39.75250484274634,32.6841637125831,31.348630466923314,8.403874375823026,long_rains,121.15801476654195,2.0,3.0,6,train,False
Kajiado,2013-04-01,2013,4,2,2,Stressed,0.0,1.8295659211065247,0.9867003715847946,0.7804380344259692,0.8054138981349511,0.9308415179769398,0.6246869301566798,67.31042713562982,46.914035988650994,78.33509937355856,-11.02467223792874,long_rains,244.0590119973267,2.0,3.0,6,train,False
Kakamega,2013-04-01,2013,4,1,1,Minimal,0.0,1.0,0.9996644082966224,1.6125888458297215,3.042531236403032,3.019277363667571,1.6751561074087933,60.46725093854239,57.62060146216078,77.9936135432355,-17.526362604693105,long_rains,521.962946970816,1.0,3.0,6,train,False
Kericho,2013-04-01,2013,4,1,1,Minimal,0.0,1.0,0.9997003606571924,2.1045931489602148,3.258937643141729,3.309589797890596,1.811837372501708,52.36697811443708,87.08949339866535,90.80369131057182,-38.43671319613474,long_rains,577.6437811642602,1.0,3.0,6,train,False
Kiambu,2013-04-01,2013,4,1,1,Minimal,0.0,1.001127542613087,0.999698893136979,1.5161918821711091,1.6991846878723729,2.1516048805888706,1.569063540164001,97.27637050609574,91.79517622163448,100.0,-2.723629493904255,long_rains,365.1581675938478,1.0,3.0,6,train,False
Kilifi,2013-04-01,2013,4,2,2,Stressed,0.0,1.9543449143389475,0.9941537101806583,0.5199072654727569,0.3591856424248282,-0.5105678025979669,-1.6561549466211485,59.16276217317427,27.607995242861552,19.583778203895054,39.57898396927922,long_rains,485.9236308469297,2.0,3.0,6,train,False
Kirinyaga,2013-04-01,2013,4,1,1,Minimal,0.0,1.000036250746341,0.9997566177338534,0.54860104393656,0.58893246045263,1.0841292076901112,0.8391733945643273,70.35155711503354,50.42877810971587,70.005945492544,0.34561162248954247,long_rains,523.427425427593,1.0,3.0,6,train,False
Kisii,2013-04-01,2013,4,1,1,Minimal,0.0,1.0,0.9995810852329328,0.6630058397375368,1.9116109552905236,2.72209899001438,2.3732150419277134,78.05274781001799,76.7353173131538,72.84860118112148,5.20414662889651,long_rains,771.8724273402603,1.0,3.0,6,train,False
Kisumu,2013-04-01,2013,4,1,1,Minimal,0.0,1.0,0.7825715876310351,1.4672405727330886,2.8810421353239644,3.180754796702823,1.9873549805337152,97.23017353643604,78.19468424266404,70.73196726492782,26.498206271508224,long_rains,650.4965825795291,1.0,3.0,6,train,False
Kitui,2013-04-01,2013,4,2,2,Stressed,0.0,1.9425962376243808,0.9999491485094084,-0.4974578233980231,-0.5311843609881334,-0.6181350807579815,0.0817684683872055,14.416490244832277,15.307078782172145,38.718764935671686,-24.30227469083941,long_rains,350.0498777837523,3.0,3.0,6,train,False
Kwale,2013-04-01,2013,4,2,2,Stressed,0.0,1.9999325446876088,0.991234853269192,-0.2223543885973209,-0.15180736328117,-0.924694832149123,-1.195682126308688,28.055670533112085,39.37434678439694,21.202579857430155,6.85309067568193,long_rains,461.4118591660762,2.0,3.0,6,train,False
Laikipia,2013-04-01,2013,4,2,2,Stressed,0.0,1.6552218836201664,0.9999716984817336,0.8879481302857075,1.183398546976353,2.0674802257982314,1.1299251268883617,94.10645233766266,92.78970331529584,100.0,-5.89354766233734,long_rains,378.6133408439104,2.0,3.0,6,train,False
Lamu,2013-04-01,2013,4,2,2,Stressed,0.0,2.0,0.9772658860263104,0.3822706301273597,-0.2360365917138188,-1.2502197110690614,-1.8831030676191451,48.92581133494813,18.331260190879465,25.92633940033121,22.99947193461692,long_rains,394.8891092289726,2.0,3.0,6,train,False
Machakos,2013-04-01,2013,4,2,2,Stressed,0.0,1.7753494833939305,0.99987777916022,0.3135364213699755,0.3356855687365133,0.5547840745495153,0.6677431170249631,39.584035882547134,57.415616041828216,80.70509760263714,-41.121061720090005,long_rains,347.0698296320569,2.0,3.0,6,train,False
Makueni,2013-04-01,2013,4,2,2,Stressed,0.0,1.7051250479710196,0.999853344742968,-0.4034391629648359,-0.3939668697877468,-0.0968720355711898,0.6232327787352371,23.7449618042816,37.78309417012976,60.73889310930785,-36.99393130502625,long_rains,210.84898907247097,3.0,3.0,6,train,False
Mandera,2013-04-01,2013,4,2,2,Stressed,0.0,2.0,0.9935104441286544,0.6558370232821943,0.6290344384401914,0.2977308187999736,-0.98283034024009,58.76402087321074,47.98919236682589,79.42750381390225,-20.66348294069151,long_rains,147.72597818452132,2.0,3.0,6,train,False
Marsabit,2013-04-01,2013,4,2,2,Stressed,0.0,2.0,0.9301329759074554,1.377390851543489,1.355726733441514,1.4448046031200144,-0.0957873699108228,39.09722045523012,25.72861087529602,34.92686808800022,4.170352367229903,long_rains,183.11284628508548,2.0,3.0,6,train,True
Meru,2013-04-01,2013,4,1,1,Minimal,0.0,1.007803543687792,0.9998218595446394,0.7480803312416411,0.7476277196155842,0.9900856822440584,0.8439449327059941,90.44537009644048,43.265686817351785,59.63614032726718,30.809229769173307,long_rains,469.95952152110806,1.0,3.0,6,train,False
Migori,2013-04-01,2013,4,1,1,Minimal,0.0,1.0,0.8116729345870678,1.044427103784285,2.091070251981145,2.9759916410274982,2.1866445980989244,81.89160883562764,55.60445949192941,64.8449608387288,17.04664799689884,long_rains,460.4970135975702,1.0,3.0,6,train,False
Mombasa,2013-04-01,2013,4,1,1,Minimal,0.0,1.0071945914100102,0.945651646601156,0.5305518872391093,0.3678533768462177,-0.6098282085037074,-1.7087328710643923,49.899301972496666,19.53981437600104,4.643422876766184,45.25587909573048,long_rains,339.4545465241538,1.0,3.0,6,train,False
Murang'a,2013-04-01,2013,4,1,1,Minimal,0.0,1.0013259757425912,0.9998268684991276,1.010961728363939,1.2686262036130058,1.963805780655374,1.3853644281533506,69.75981315101258,70.60886736943019,79.65039095596589,-9.89057780495331,long_rains,600.9606534616394,1.0,3.0,6,train,False
Nairobi,2013-04-01,2013,4,1,1,Minimal,0.0,1.004656105633054,0.9993498446852994,1.3725155436491114,1.6046823032612292,1.7955838258086196,1.1937495637315807,92.17528112985764,78.95135987449794,100.0,-7.8247188701423624,long_rains,349.07589029272395,1.0,3.0,6,train,False
Nakuru,2013-04-01,2013,4,1,1,Minimal,0.0,1.0006763363886138,0.9758049541717768,1.400646247014568,1.2722977324882458,2.0935194378206523,1.0128443876878075,81.77813382270432,96.67136716996684,100.0,-18.22186617729568,long_rains,337.82261196850334,1.0,3.0,6,train,False
Nandi,2013-04-01,2013,4,1,1,Minimal,0.0,1.0,0.999662759703597,1.5351725496777644,3.015802058682952,2.862215510155661,1.5517641303211085,76.37378336133357,85.5039115632282,93.92366016625716,-17.5498768049236,long_rains,636.3375639959971,1.0,3.0,6,train,False
Narok,2013-04-01,2013,4,2,2,Stressed,0.0,1.5340709318372925,0.9926699026877254,1.9222500404674416,1.8570259043684367,1.957113790022292,1.3234011824835077,86.46382940074731,71.49485816889062,90.82274785628351,-4.358918455536198,long_rains,449.4351533314782,2.0,3.0,6,train,False
Nyamira,2013-04-01,2013,4,1,1,Minimal,0.0,1.0,0.9997642108519644,0.66911877985224,1.9488422560573184,2.714623969055572,2.2518155806498323,64.81511436633892,73.73885889011814,70.91729743763852,-6.102183071299606,long_rains,707.0676224501927,1.0,3.0,6,train,False
Nyandarua,2013-04-01,2013,4,1,1,Minimal,0.0,1.0012708819238296,0.9998779737689952,1.165739763204916,1.3644102831044824,2.37430829391898,1.429507548747475,86.17560220174583,93.2503442399576,93.03929542742792,-6.863693225682084,long_rains,478.59632261521887,1.0,3.0,6,train,False
Nyeri,2013-04-01,2013,4,1,1,Minimal,0.0,1.3902200484797764,0.9998586120217208,0.6740495067314486,0.8481016229418255,1.854326466807449,1.4165600902922977,63.65360449144541,94.5208425593773,100.0,-36.34639550855459,long_rains,596.5685209899478,1.0,3.0,6,train,False
Samburu,2013-04-01,2013,4,2,2,Stressed,0.0,2.0,0.9999416421795938,2.096121899635859,1.9526287392767152,2.5572065501897523,0.587877400136464,94.79108948685324,59.6009173296186,68.30548493795467,26.485604548898564,long_rains,233.37064745956647,2.0,3.0,6,train,True
Siaya,2013-04-01,2013,4,1,1,Minimal,0.0,1.0,0.7119007907118109,0.928174544242338,2.0139921918630925,2.3567340277300763,1.834285162425755,76.75276328187817,72.50014910446703,74.10927744621573,2.643485835662446,long_rains,703.9110029852106,1.0,3.0,6,train,False
Taita Taveta,2013-04-01,2013,4,2,2,Stressed,0.0,2.0,0.996630559288052,-0.64468225185392,-0.5462128441822859,-1.3668347529504403,-0.7047049671667688,4.55980660439561,12.128170226574523,45.0148774810525,-40.45507087665689,long_rains,337.281834884778,2.0,3.0,6,train,False
Tana River,2013-04-01,2013,4,2,2,Stressed,0.0,1.9999999994593225,0.9998706188134212,-0.0818760063925131,-0.4230745896680436,-1.2310735551652514,-2.2715969182028664,22.801563459860297,11.833795842801582,32.15365783763287,-9.352094377772573,long_rains,208.9215702880231,2.0,3.0,6,train,False
Tharaka-Nithi,2013-04-01,2013,4,1,1,Minimal,0.0,1.328893947269865,0.9998921012329892,0.6944356210746345,0.6635646977398091,0.6502069772566396,0.4578615116582206,59.78930032819965,29.17243473393464,66.54614779024747,-6.756847462047823,long_rains,386.5660928989662,1.0,3.0,6,train,False
Trans Nzoia,2013-04-01,2013,4,1,1,Minimal,0.0,1.000079835388598,0.9976864050043228,1.2623084418637984,2.5055443448301995,3.048421158866116,1.2433858564023077,70.52594388905364,85.28095279469848,96.49318312694092,-25.967239237887284,long_rains,575.422482832226,1.0,3.0,6,train,False
Turkana,2013-04-01,2013,4,2,2,Stressed,0.0,2.0,0.960595160672016,1.529031980234565,1.994892880534692,2.4281433699303108,1.4910138963202018,61.88551481535038,95.9809075887412,98.02387257570028,-36.1383577603499,long_rains,134.93439886021372,2.0,3.0,6,train,True
Uasin Gishu,2013-04-01,2013,4,1,1,Minimal,0.0,1.0,0.9997765773368544,1.4305460030120438,2.329176422004276,2.860503871128498,1.25200564865086,74.1578729262212,91.84050773286816,95.34787858747372,-21.190005661252513,long_rains,466.5756532543863,1.0,3.0,6,train,False
Vihiga,2013-04-01,2013,4,1,1,Minimal,0.0,1.0,0.9994221612948908,1.3601589580852993,2.739590306855671,2.745933032658036,1.5639731228188627,67.0062167463054,16.47257949594569,44.650700793229056,22.355515953076342,long_rains,638.2354464495623,1.0,3.0,6,train,False
Wajir,2013-04-01,2013,4,2,2,Stressed,0.0,2.0,0.999679542768114,0.4263042929408522,0.3706607352338593,0.3182232827357211,-0.8887731636038095,50.20280975722378,54.08151887944829,71.35075094453046,-21.147941187306678,long_rains,220.92597534518788,2.0,3.0,6,train,True
West Pokot,2013-04-01,2013,4,2,2,Stressed,0.0,1.9159246822576947,0.9926179873073148,1.8252224759569469,2.453063389869261,3.0807408598057164,1.176483862618346,71.94366704598339,85.17185298096514,100.0,-28.05633295401661,long_rains,366.78840132412165,2.0,3.0,6,train,False
Baringo,2013-07-01,2013,7,2,2,Stressed,0.0,1.897477892711657,0.9998910957604972,0.5194586915958861,0.7215133819685828,1.5339889719047837,1.7050092293345869,66.94198698121706,61.17460901171856,70.2779107271752,-3.335923745958141,dry_jjas,407.6410955536569,2.0,3.0,6,train,True
Bomet,2013-07-01,2013,7,1,1,Minimal,0.0,1.0000570618995908,0.9997382065021052,-0.317908814888559,0.5668489732703643,1.3695263643785671,2.0020523603251994,77.59386622599672,63.4730343082913,78.42094757451876,-0.827081348522043,dry_jjas,705.0356352221398,1.0,3.0,6,train,False
Bungoma,2013-07-01,2013,7,1,1,Minimal,0.0,1.0,0.9968273735961644,0.2354730782024945,1.577063102101507,2.96330384966184,2.7763241851349822,94.08719191673316,68.1642194844509,67.837993597367,26.249198319366158,dry_jjas,684.143518918554,1.0,3.0,6,train,False
Busia,2013-07-01,2013,7,1,1,Minimal,0.0,1.0,0.9128634605516264,-0.2394975289978737,1.650945900620401,2.4988155597986275,2.680296130287427,84.8446456613623,82.0721959081865,59.43873437796026,25.405911283402048,dry_jjas,504.89251568895395,1.0,3.0,6,train,False
Elgeyo-Marakwet,2013-07-01,2013,7,1,1,Minimal,0.0,1.0013684998495582,0.9998673976024002,0.6750430252356238,0.7792337111956377,1.8713034222421985,1.810174168028695,85.94604936971572,83.16383065775175,92.77866210476752,-6.8326127350517964,dry_jjas,424.00498148048365,1.0,3.0,6,train,False
Embu,2013-07-01,2013,7,2,2,Stressed,0.0,1.744469927569261,0.9998189289233734,-0.16148823057203,0.2643182821417906,0.4339672900474168,0.4610561504979965,75.89263361512397,83.93595751168188,75.02505601454752,0.8675776005764533,dry_jjas,401.4457023614595,1.0,3.0,6,train,False
Garissa,2013-07-01,2013,7,2,2,Stressed,0.0,2.0,0.999511246179476,-0.1207134139085403,0.082545414476473,-0.0059236006637678,-0.0417846059759237,41.66121905622402,45.14186435631326,30.887587697284825,10.773631358939195,dry_jjas,210.6771075185111,2.0,3.0,6,train,False
Homa Bay,2013-07-01,2013,7,1,1,Minimal,0.0,1.0,0.66830422924983,-0.305726153806299,1.1024271688811305,1.742689039203823,1.8870552013141453,73.67802268273738,63.7655419316127,100.0,-26.321977317262622,dry_jjas,658.3122810444571,1.0,3.0,6,train,False
Isiolo,2013-07-01,2013,7,2,2,Stressed,0.0,1.9999284063821656,0.9999828087914956,0.1668193689418125,-0.1623119693104643,-0.0985432256552919,-0.1692347335051197,28.0070337244536,32.44927922226367,23.87211806378372,4.134915660669879,dry_jjas,121.15801476654195,2.0,3.0,6,train,False
Kajiado,2013-07-01,2013,7,2,2,Stressed,0.0,1.82960236656365,0.9867003715847948,-0.0859308411957738,0.4846456387555873,0.5232567090633583,0.6268097808054421,51.596097054892994,39.73538829018514,70.11521464910379,-18.519117594210798,dry_jjas,244.0590119973267,2.0,3.0,6,train,False
Kakamega,2013-07-01,2013,7,1,1,Minimal,0.0,1.0,0.9996644082966224,0.1298368344594656,1.6967990119495076,3.528187037895248,3.145522696435464,80.80378203476951,68.8809017013216,56.49314120909376,24.310640825675755,dry_jjas,521.962946970816,1.0,3.0,6,train,False
Kericho,2013-07-01,2013,7,1,1,Minimal,0.0,1.0,0.9997003606571906,-0.0530953867807954,0.7493108439089853,2.255818179011932,3.212189456747133,86.24365158995217,77.88788239708255,68.55461701755307,17.689034572399095,dry_jjas,577.6437811642602,1.0,3.0,6,train,False
Kiambu,2013-07-01,2013,7,1,1,Minimal,0.0,1.001127542613087,0.9996988931369788,0.0483067105281525,0.8575796040288549,1.215448242863753,1.116306207970824,83.03733603871851,87.03780421483354,100.0,-16.962663961281493,dry_jjas,365.1581675938478,1.0,3.0,6,train,False
Kilifi,2013-07-01,2013,7,2,2,Stressed,0.0,1.9997025253474088,0.9941397039213838,-0.6527947576647354,0.6624857178943384,0.5536865145504535,0.7163549850996799,32.320945535861576,72.322176658169,79.22396585663617,-46.903020320774594,dry_jjas,485.9236308469297,2.0,3.0,6,train,False
Kirinyaga,2013-07-01,2013,7,1,1,Minimal,0.0,1.0053712521478133,0.9997852158056514,-0.0795467594511335,0.2090432409645183,0.3928036724708653,0.1873626243338814,100.0,72.41934107666563,100.0,0.0,dry_jjas,523.427425427593,1.0,3.0,6,train,False
Kisii,2013-07-01,2013,7,1,1,Minimal,0.0,1.0,0.9995810852329328,-0.3833273792352749,1.0497771041632864,1.800454949379186,2.122854612029326,91.19706039526086,79.0446062416231,89.6893279147538,1.5077324805070589,dry_jjas,771.8724273402603,1.0,3.0,6,train,False
Kisumu,2013-07-01,2013,7,1,1,Minimal,0.0,1.0,0.7825715876310351,-0.1708058577164395,1.0851839667469771,2.119807244499172,2.284153245244034,100.0,87.5236788714818,87.28390227301331,12.716097726986689,dry_jjas,650.4965825795291,1.0,3.0,6,train,False
Kitui,2013-07-01,2013,7,2,2,Stressed,0.0,2.0,0.999944695629578,-0.5035156048134809,-0.0407650275698089,-0.162610993191185,-0.26492956887857,54.50322241676364,54.219701788533904,31.822439611508525,22.680782805255117,dry_jjas,350.0498777837523,2.0,3.0,6,train,False
Kwale,2013-07-01,2013,7,2,2,Stressed,0.0,1.9999325446876088,0.991234853269192,-0.6866478338333786,0.1056258465413184,-0.0493663743871679,0.1668901896015622,16.91484891819508,38.13580893706225,42.35066927138761,-25.43582035319253,dry_jjas,461.4118591660762,2.0,3.0,6,train,False
Laikipia,2013-07-01,2013,7,2,2,Stressed,0.0,1.6552218836201664,0.9999716984817336,0.2051308086135908,-0.3318220382873044,0.3239069781344308,0.1270410713561175,48.96569428244049,58.03387384414741,62.65662354425454,-13.690929261814055,dry_jjas,378.6133408439104,2.0,3.0,6,train,False
Lamu,2013-07-01,2013,7,2,2,Stressed,0.0,2.0,0.9772658860263104,-0.1419381111501935,0.7002051515378441,0.3127753433031893,0.4468802490333417,42.51741880968956,52.05476663501442,65.77052275433786,-23.253103944648302,dry_jjas,394.8891092289726,2.0,3.0,6,train,False
Machakos,2013-07-01,2013,7,2,2,Stressed,0.0,1.9983472356641856,0.9998347066074572,-0.136958590649518,0.1032875817525687,0.1280448674624362,-0.1497451767345436,50.510986619828486,63.53263751170853,44.77834387378457,5.732642746043915,dry_jjas,347.0698296320569,2.0,3.0,6,train,False
Makueni,2013-07-01,2013,7,2,2,Stressed,0.0,2.0,0.9998081115992576,-0.4647190823965825,-0.2742519330634869,-0.3316178603103502,-0.4537913205845996,56.9337074105241,45.9064888647796,34.21530324092711,22.718404169596987,dry_jjas,210.84898907247097,2.0,3.0,6,train,False
Mandera,2013-07-01,2013,7,2,2,Stressed,0.0,2.0,0.9935104441286544,0.5262870191301958,0.0956828673882943,0.3470794970770995,0.484462871384183,18.548135964136016,31.304940508752647,59.996526551476585,-41.44839058734057,dry_jjas,147.72597818452132,2.0,3.0,6,train,False
Marsabit,2013-07-01,2013,7,2,2,Stressed,0.0,2.0,0.9301329759074554,0.2406826369612755,0.4584964698504786,0.7635038632065733,0.648134522248356,26.743648501067124,22.601960814409523,33.667867944683834,-6.92421944361671,dry_jjas,183.11284628508548,2.0,3.0,6,train,True
Meru,2013-07-01,2013,7,2,2,Stressed,0.0,1.5783811497185294,0.9998226856692622,0.0576977730717757,0.1014347663137963,0.3480665975269656,0.2889961405469419,71.86627812805133,88.26459259129452,89.97678660544724,-18.11050847739591,dry_jjas,469.95952152110806,1.0,3.0,6,train,False
Migori,2013-07-01,2013,7,1,1,Minimal,0.0,1.0,0.8116729345870676,-0.2486245540055658,0.6876391786075343,1.4009709811420168,1.531044809055027,63.972015252624814,75.70858319176322,71.46300580055892,-7.4909905479341035,dry_jjas,460.4970135975702,1.0,3.0,6,train,False
Mombasa,2013-07-01,2013,7,1,1,Minimal,0.0,1.0072010314560271,0.945651646601156,-0.510711519148275,-0.0576085717806492,0.1266045050675501,0.5244241023146629,8.128020663034432,56.89090823439205,75.76071258629759,-67.63269192326315,dry_jjas,339.4545465241538,1.0,3.0,6,train,False
Murang'a,2013-07-01,2013,7,1,1,Minimal,0.0,1.0013259757425912,0.9998268684991276,0.3396935933578836,0.694016500007695,1.030341885061843,0.6816815271096884,81.61531393626795,89.08753269206359,97.7940466253125,-16.17873268904455,dry_jjas,600.9606534616394,1.0,3.0,6,train,False
Nairobi,2013-07-01,2013,7,1,1,Minimal,0.0,1.0311827358160603,0.9994581999066736,-0.0372299801819695,0.946066125520484,1.1722152219743935,1.1233654163693756,65.49154231232534,66.17304151573876,66.14207753518029,-0.6505352228549555,dry_jjas,349.07589029272395,1.0,3.0,6,train,False
Nakuru,2013-07-01,2013,7,1,1,Minimal,0.0,1.0006763363886138,0.9758049541717768,0.093437248950242,0.2691567872419232,0.9213585224424344,1.0362564572618769,67.93558601012539,60.03832478792726,86.02140105226292,-18.085815042137526,dry_jjas,337.82261196850334,1.0,3.0,6,train,False
Nandi,2013-07-01,2013,7,1,1,Minimal,0.0,1.0,0.999662759703596,0.4155004683340594,1.3550727071511697,3.084976748961381,3.121327931251565,88.03618403263695,73.3367739481248,78.618600384978,9.417583647658958,dry_jjas,636.3375639959971,1.0,3.0,6,train,False
Narok,2013-07-01,2013,7,2,2,Stressed,0.0,1.534070931837292,0.9926699026877256,-0.2624510031433747,0.8162452044889493,1.3005279399568344,1.3610552350599925,72.71967212832298,57.1310136682929,65.69331401575928,7.026358112563699,dry_jjas,449.4351533314782,2.0,3.0,6,train,False
Nyamira,2013-07-01,2013,7,1,1,Minimal,0.0,1.0,0.9997642108519644,-0.4446608034634035,1.0470586221968912,1.777344176716666,2.1972530632682448,79.95962713988882,78.47691809212866,85.0190132056389,-5.0593860657500755,dry_jjas,707.0676224501927,1.0,3.0,6,train,False
Nyandarua,2013-07-01,2013,7,1,1,Minimal,0.0,1.0012708819238296,0.999877973768995,0.5113066453454932,0.101768971490129,0.8079750574550237,0.537692317496914,77.71317549419474,58.34668092135126,98.37066275204172,-20.65748725784698,dry_jjas,478.59632261521887,1.0,3.0,6,train,False
Nyeri,2013-07-01,2013,7,1,1,Minimal,0.0,1.3902200484797762,0.9998586120217212,0.3725756247453475,0.1630445851467128,0.5018808185488843,0.0901716465177663,60.92103286183466,47.87333856808824,100.0,-39.07896713816534,dry_jjas,596.5685209899478,1.0,3.0,6,train,False
Samburu,2013-07-01,2013,7,2,2,Stressed,0.0,2.0,0.9999416421795938,0.2567788725166036,0.1921832304050914,0.7487676198200425,0.5693958140631716,49.43475312519086,56.194629354986525,69.19885454186229,-19.76410141667143,dry_jjas,233.37064745956647,2.0,3.0,6,train,True
Siaya,2013-07-01,2013,7,1,1,Minimal,0.0,1.0,0.7119007907118109,-0.1937508640598146,1.4072561949470674,1.953371539124637,1.6935902503077087,76.00105953754436,52.0840429319713,68.24613796164718,7.7549215758971854,dry_jjas,703.9110029852106,1.0,3.0,6,train,False
Taita Taveta,2013-07-01,2013,7,2,2,Stressed,0.0,2.0,0.996630559288052,-0.2836489892670975,0.2812048701010289,0.0842130677616984,-0.0207771635614948,34.80552607245237,43.98532810627409,30.94716850556696,3.858357566885413,dry_jjas,337.281834884778,2.0,3.0,6,train,False
Tana River,2013-07-01,2013,7,2,2,Stressed,0.0,2.0,0.9998706188134208,-0.3785163471233718,0.3110258779177922,0.1480445402189619,0.2034602373871733,45.1027786770675,46.570766524537405,33.224697814730064,11.878080862337434,dry_jjas,208.9215702880231,2.0,3.0,6,train,False
Tharaka-Nithi,2013-07-01,2013,7,2,2,Stressed,0.0,1.576766363133104,0.9998879028706624,-0.0741865812204881,0.060344029442487,0.2729110959708014,0.2110727489116711,60.95389041829689,68.87430559107315,63.32732477144674,-2.3734343531498467,dry_jjas,386.5660928989662,1.0,3.0,6,train,False
Trans Nzoia,2013-07-01,2013,7,1,1,Minimal,0.0,1.000168616014676,0.9977121984288632,1.2124592037249775,1.5262379011069132,3.065582230601652,2.827444137421691,84.643599894639,71.50908697271736,87.43524928440691,-2.7916493897679118,dry_jjas,575.422482832226,1.0,3.0,6,train,False
Turkana,2013-07-01,2013,7,2,2,Stressed,0.0,2.0,0.960595160672016,0.2868108519726776,1.2687423338029238,1.8231238283588476,1.2827527542251933,59.54227506163885,43.88683579055317,64.94514334149713,-5.402868279858282,dry_jjas,134.93439886021372,2.0,3.0,6,train,True
Uasin Gishu,2013-07-01,2013,7,1,1,Minimal,0.0,1.0,0.9997765773368542,0.7237288731761345,1.1295299711456468,2.3891291247974102,2.3964949352348555,76.24720753687856,63.07470737080709,78.41412031359381,-2.1669127767152503,dry_jjas,466.5756532543863,1.0,3.0,6,train,False
Vihiga,2013-07-01,2013,7,1,1,Minimal,0.0,1.0,0.9994221612948906,0.063281680884021,1.4540572225712998,2.6505760804891394,2.4026915681378216,78.21143989194746,75.3078737062753,49.828632107805234,28.38280778414223,dry_jjas,638.2354464495623,1.0,3.0,6,train,False
Wajir,2013-07-01,2013,7,2,2,Stressed,0.0,2.0,0.999679542768114,0.3690673674657856,-0.6366298157486321,-0.263849852364404,-0.1250620647659409,9.310837275690938,19.327012679091837,30.65116575682832,-21.340328481137384,dry_jjas,220.92597534518788,2.0,3.0,6,train,True
West Pokot,2013-07-01,2013,7,2,2,Stressed,0.0,1.999722180420104,0.9926181096342616,1.0665753601042334,1.0445665894794185,2.336205177384932,2.219234718579729,68.79910603444634,63.29215792908252,93.37329767587016,-24.574191641423823,dry_jjas,366.78840132412165,2.0,3.0,6,train,False
Baringo,2013-10-01,2013,10,2,2,Stressed,0.0,1.897477892711657,0.9998910957604972,1.697534400106211,1.430962812774533,1.4892922933696089,0.559407264517905,94.82961468714184,52.94738256255566,39.03016089475173,55.79945379239011,short_rains,407.6410955536569,2.0,3.0,6,train,True
Bomet,2013-10-01,2013,10,1,1,Minimal,0.0,1.0000570618995908,0.9997382065021052,2.622608170499323,1.627116349669628,1.3999001822090371,0.1795894305974951,86.13687703426238,67.21055953317074,85.82659188960237,0.3102851446600141,short_rains,705.0356352221398,1.0,3.0,6,train,False
Bungoma,2013-10-01,2013,10,1,1,Minimal,0.0,1.0,0.9968273735961644,1.4730584337700257,1.1951053424817206,1.8234462493536856,0.5486958986325993,68.46663576157246,68.43748371392097,61.5477953365013,6.91884042507116,short_rains,684.143518918554,1.0,3.0,6,train,False
Busia,2013-10-01,2013,10,1,1,Minimal,0.0,1.0,0.9128634605516264,1.1333678326016217,0.9471591830933,1.7731790794873747,0.9700651701789506,65.72653486441966,79.62780628463062,66.58090861315534,-0.8543737487356822,short_rains,504.89251568895395,1.0,3.0,6,train,False
Elgeyo-Marakwet,2013-10-01,2013,10,1,1,Minimal,0.0,1.0013684998495582,0.9998673976024002,1.5132184954377337,1.2573535596557035,1.3821049610041547,0.5763087178999334,95.34997626640704,53.44947388009915,53.88999273941192,41.45998352699512,short_rains,424.00498148048365,1.0,3.0,6,train,False
Embu,2013-10-01,2013,10,2,2,Stressed,0.0,1.744469927569261,0.9998189289233734,1.0220196927938987,0.9847523375060536,0.8079379209154054,0.1967921236094985,88.52856269422658,44.477057204212,23.344021296112764,65.18454139811382,short_rains,401.4457023614595,2.0,3.0,6,train,False
Garissa,2013-10-01,2013,10,2,2,Stressed,0.0,2.0,0.999511246179476,0.3076402677601068,1.0329860441714038,0.5817907720431506,0.2953528402352003,70.95476969089488,54.13128273742894,22.3197463897512,48.635023301143676,short_rains,210.6771075185111,2.0,3.0,6,train,False
Homa Bay,2013-10-01,2013,10,1,1,Minimal,0.0,1.0,0.66830422924983,2.091848321367403,1.372882119965834,1.5657530302309248,0.6264171706436314,49.506188223580494,75.17925359726314,74.11892270333783,-24.612734479757336,short_rains,658.3122810444571,1.0,3.0,6,train,False
Isiolo,2013-10-01,2013,10,2,2,Stressed,0.0,1.9999284063821656,0.9999828087914956,0.693980255952781,1.1090579452278235,0.7223260207480289,0.0418985880376742,55.08432671965712,44.38155293288207,12.778505858346737,42.30582086131038,short_rains,121.15801476654195,2.0,3.0,6,train,False
Kajiado,2013-10-01,2013,10,2,2,Stressed,0.0,1.82960236656365,0.9867003715847948,1.552648898783737,1.4414138529283198,1.2232985825035367,0.1109456459749729,89.56070656745085,45.64238299356287,30.02792964987777,59.53277691757308,short_rains,244.0590119973267,2.0,3.0,6,train,False
Kakamega,2013-10-01,2013,10,1,1,Minimal,0.0,1.0,0.9996644082966224,1.5754956022216628,1.29942647963749,2.0109122821866543,0.8382674528962762,69.61173031048091,69.27886785784827,51.55511424437325,18.056616066107658,short_rains,521.962946970816,1.0,3.0,6,train,False
Kericho,2013-10-01,2013,10,1,1,Minimal,0.0,1.0,0.9997003606571906,1.819383120267506,1.6413464397596766,1.5610629555817472,0.3087144689100498,90.9922682366325,52.85959492715309,68.13933238440079,22.85293585223171,short_rains,577.6437811642602,1.0,3.0,6,train,False
Kiambu,2013-10-01,2013,10,1,1,Minimal,0.0,1.001127542613087,0.9996988931369788,2.327145091769209,2.1362618498436965,2.205504828361045,0.528828528836096,48.351468850615575,43.18444952819578,58.805989898206334,-10.45452104759076,short_rains,365.1581675938478,1.0,3.0,6,train,False
Kilifi,2013-10-01,2013,10,2,2,Stressed,0.0,1.9997025253474088,0.9941397039213838,-0.8206567831628535,0.5307616401680706,0.7704133986557961,-0.0252663657203201,42.66790960390187,60.90598827947968,40.683248014443286,1.9846615894585824,short_rains,485.9236308469297,2.0,3.0,6,train,False
Kirinyaga,2013-10-01,2013,10,1,1,Minimal,0.0,1.0053712521478133,0.9997852158056514,1.2103085804551594,1.027932048801764,0.8862631013314065,0.2695044469640268,61.7237768847564,50.28807574358233,58.0726826345746,3.6510942501817993,short_rains,523.427425427593,1.0,3.0,6,train,False
Kisii,2013-10-01,2013,10,1,1,Minimal,0.0,1.0,0.9995810852329328,2.750739561355406,1.7090369221281592,1.8437921772165524,0.487730433765204,49.84226621167727,68.87736018631531,49.813854531476494,0.02841168020077589,short_rains,771.8724273402603,1.0,3.0,6,train,False
Kisumu,2013-10-01,2013,10,1,1,Minimal,0.0,1.0,0.7825715876310351,1.6690778767507666,1.442379288722922,1.5960230111552496,0.6837604985864263,89.17239958523547,84.80745140996765,82.97921749448147,6.193182090753993,short_rains,650.4965825795291,1.0,3.0,6,train,False
Kitui,2013-10-01,2013,10,2,2,Stressed,0.0,2.0,0.999944695629578,0.3265106924877213,0.7263201917648082,0.2960163408704113,0.0190646710978714,82.15572773113023,36.619872608046464,14.342638403887577,67.81308932724265,short_rains,350.0498777837523,2.0,3.0,6,train,False
Kwale,2013-10-01,2013,10,2,2,Stressed,0.0,1.9999325446876088,0.991234853269192,-0.5577004053960195,0.3646862387943072,0.2479199463533282,-0.322137240234084,28.93423503181842,22.527319442096218,7.8280916245642205,21.1061434072542,short_rains,461.4118591660762,2.0,3.0,6,train,False
Laikipia,2013-10-01,2013,10,2,2,Stressed,0.0,1.6552218836201664,0.9999716984817336,1.753290250754233,1.3150093417434647,0.8597733258095321,-0.0719877545916058,100.0,36.270468555524346,25.641027261170525,74.35897273882948,short_rains,378.6133408439104,2.0,3.0,6,train,False
Lamu,2013-10-01,2013,10,2,2,Stressed,0.0,2.0,0.9772658860263104,-0.599917091083584,0.4520661449288834,0.7183256773876637,0.4337003975607327,54.46952173037929,42.683323926078856,32.52327938919357,21.946242341185723,short_rains,394.8891092289726,2.0,3.0,6,train,False
Machakos,2013-10-01,2013,10,2,2,Stressed,0.0,1.9983472356641856,0.9998347066074572,1.1558902380955924,1.188008380002218,0.754833697088893,0.2210053821461165,85.43099183116958,44.4454657397688,23.75202565479224,61.67896617637734,short_rains,347.0698296320569,2.0,3.0,6,train,False
Makueni,2013-10-01,2013,10,2,2,Stressed,0.0,2.0,0.9998081115992576,0.7262912965245523,0.7923198323303453,0.1296794899840102,-0.1633862230480371,86.18070734785361,24.514533369390985,25.59952331036317,60.581184037490445,short_rains,210.84898907247097,2.0,3.0,6,train,False
Mandera,2013-10-01,2013,10,2,2,Stressed,0.0,2.0,0.9935104441286544,1.46109471625501,1.9590002151425407,1.7658365765416455,-0.4015717230244996,100.0,64.20831899550718,14.400261646746662,85.59973835325334,short_rains,147.72597818452132,2.0,3.0,6,train,False
Marsabit,2013-10-01,2013,10,2,2,Stressed,0.0,2.0,0.9301329759074554,1.3748854248364633,1.605302076422772,1.5867498385200125,0.6122926153110122,66.61114310484604,34.95803919293192,13.144426013442835,53.4667170914032,short_rains,183.11284628508548,2.0,3.0,6,train,True
Meru,2013-10-01,2013,10,2,2,Stressed,0.0,1.5783811497185294,0.9998226856692622,1.0822470645897395,1.0582525131245486,0.7524971432166353,0.2202783866133429,98.47299940804209,38.05856599598466,37.58917204181366,60.883827366228424,short_rains,469.95952152110806,2.0,3.0,6,train,False
Migori,2013-10-01,2013,10,1,1,Minimal,0.0,1.0,0.8116729345870676,2.1156304139775512,1.135329100334218,1.1110450713828757,0.3925645711828893,50.58944452648681,61.83884710980783,38.576076510755065,12.013368015731743,short_rains,460.4970135975702,1.0,3.0,6,train,False
Mombasa,2013-10-01,2013,10,1,1,Minimal,0.0,1.0072010314560271,0.945651646601156,-0.600006261741735,0.7624665365062957,0.4525954136118056,-0.6609699431053061,80.25062629980481,89.67397665851898,13.869894373315756,66.38073192648905,short_rains,339.4545465241538,1.0,3.0,6,train,False
Murang'a,2013-10-01,2013,10,1,1,Minimal,0.0,1.0013259757425912,0.9998268684991276,2.3647831252335947,2.077040710857289,2.11121037380574,0.6059517482671896,55.278694474503055,50.62089844733954,52.69508053851018,2.5836139359928723,short_rains,600.9606534616394,1.0,3.0,6,train,False
Nairobi,2013-10-01,2013,10,1,1,Minimal,0.0,1.0311827358160603,0.9994581999066736,1.7739885993369264,1.761659170827606,1.8309700938244344,0.586842273740898,81.70410299028885,60.1199115385083,41.27633742635601,40.42776556393284,short_rains,349.07589029272395,1.0,3.0,6,train,False
Nakuru,2013-10-01,2013,10,1,1,Minimal,0.0,1.0006763363886138,0.9758049541717768,2.323728043994148,1.7452007938216334,1.3537108785232328,0.1556574248464617,76.75493731875284,36.61430664725503,52.40634284770236,24.348594471050475,short_rains,337.82261196850334,1.0,3.0,6,train,False
Nandi,2013-10-01,2013,10,1,1,Minimal,0.0,1.0,0.999662759703596,1.482447202181384,1.4778123231974991,1.926318136065983,0.7682136731260057,90.19759851624016,59.09367474414128,72.66649053780188,17.531107978438285,short_rains,636.3375639959971,1.0,3.0,6,train,False
Narok,2013-10-01,2013,10,2,2,Stressed,0.0,1.534070931837292,0.9926699026877256,2.994184002616554,2.3591427658570785,2.0929017368771423,0.3052292671099655,74.10924290773312,45.332815776814336,52.10956379530447,21.99967911242865,short_rains,449.4351533314782,2.0,3.0,6,train,False
Nyamira,2013-10-01,2013,10,1,1,Minimal,0.0,1.0,0.9997642108519644,2.591181379423929,1.800203635534068,1.8692523143022364,0.4761496474548825,73.93528592505106,68.84155267641005,62.68396142482175,11.251324500229309,short_rains,707.0676224501927,1.0,3.0,6,train,False
Nyandarua,2013-10-01,2013,10,1,1,Minimal,0.0,1.0012708819238296,0.999877973768995,2.325015817481033,1.643461345066654,1.3207035081949248,0.1579843422152491,77.14681154556718,11.44364658568211,57.146611126151456,20.00020041941572,short_rains,478.59632261521887,1.0,3.0,6,train,False
Nyeri,2013-10-01,2013,10,1,1,Minimal,0.0,1.3902200484797762,0.9998586120217212,1.787780032844891,1.3211862228688118,1.0777082385860808,0.2264450288836743,75.98945189076608,12.444741421203576,43.34334135909321,32.64611053167287,short_rains,596.5685209899478,1.0,3.0,6,train,False
Samburu,2013-10-01,2013,10,2,2,Stressed,0.0,2.0,0.9999416421795938,1.340250764977316,1.478181138874401,1.3089050841297083,0.5888192416350247,98.45988223021604,33.748117965869554,24.80737011031638,73.65251211989965,short_rains,233.37064745956647,2.0,3.0,6,train,True
Siaya,2013-10-01,2013,10,1,1,Minimal,0.0,1.0,0.7119007907118109,1.4827523000108591,1.1526590521251645,1.6905980357103387,1.2152242315207245,56.43028980776834,60.70852001304001,66.49490705412758,-10.06461724635924,short_rains,703.9110029852106,1.0,3.0,6,train,False
Taita Taveta,2013-10-01,2013,10,2,2,Stressed,0.0,2.0,0.996630559288052,0.7165729755526938,0.6458591458382592,0.5639305983763356,0.0708625356184728,45.968536618807335,23.50014056734195,10.80309092748146,35.16544569132587,short_rains,337.281834884778,2.0,3.0,6,train,False
Tana River,2013-10-01,2013,10,2,2,Stressed,0.0,2.0,0.9998706188134208,-0.1913555221836862,0.7888378711871008,0.6266020564131966,0.1832682632337589,68.39269785543154,52.21459851461825,22.37645389429263,46.016243961138905,short_rains,208.9215702880231,2.0,3.0,6,train,False
Tharaka-Nithi,2013-10-01,2013,10,2,2,Stressed,0.0,1.576766363133104,0.9998879028706624,0.7751961016215622,0.8445685298278789,0.5683630141501804,0.2650627683941889,79.23992709827338,42.770460143679664,26.451467809699828,52.788459288573556,short_rains,386.5660928989662,2.0,3.0,6,train,False
Trans Nzoia,2013-10-01,2013,10,1,1,Minimal,0.0,1.000168616014676,0.9977121984288632,1.8356085337951116,1.503680378576977,2.005176049651772,0.7879417780273127,78.13352603430421,45.89459600916398,49.72930546579698,28.404220568507228,short_rains,575.422482832226,1.0,3.0,6,train,False
Turkana,2013-10-01,2013,10,2,2,Stressed,0.0,2.0,0.960595160672016,2.0776364525658546,1.4852159534118456,1.9364028462221323,1.1762393543080982,82.4532292980216,28.013805099756564,23.87674354795061,58.57648575007099,short_rains,134.93439886021372,2.0,3.0,6,train,True
Uasin Gishu,2013-10-01,2013,10,1,1,Minimal,0.0,1.0,0.9997765773368542,1.6496970728549532,1.5635754062548328,1.829291589862873,0.8409945583062713,86.8619383345991,44.258368140617776,55.231236915467065,31.630701419132038,short_rains,466.5756532543863,1.0,3.0,6,train,False
Vihiga,2013-10-01,2013,10,1,1,Minimal,0.0,1.0,0.9994221612948906,1.1101857057579276,1.0892703543437283,1.694664288851874,0.9218276627670908,83.39578225281531,73.13002750340091,53.25783699183574,30.13794526097957,short_rains,638.2354464495623,1.0,3.0,6,train,False
Wajir,2013-10-01,2013,10,2,2,Stressed,0.0,2.0,0.999679542768114,0.9964536256515084,1.4747561392949575,0.8823742915957765,-0.5141552122921688,98.78314210096056,67.6064735991721,9.48695456447158,89.29618753648899,short_rains,220.92597534518788,2.0,3.0,6,train,True
West Pokot,2013-10-01,2013,10,2,2,Stressed,0.0,1.999722180420104,0.9926181096342616,1.940456549552576,1.487769290106955,1.7296979276311115,0.6504573809406934,100.0,60.650194912497305,36.96828657547008,63.03171342452992,short_rains,366.78840132412165,2.0,3.0,6,train,False
Baringo,2014-01-01,2014,1,2,2,Stressed,0.0,1.897477892711657,0.9998910957604972,1.4094002175721574,1.3634726567096482,1.706100059498152,1.6277898761383722,74.84303492243545,64.99965785560903,83.35075439340005,-8.507719470964602,dry_jf,407.6410955536569,2.0,3.0,6,train,True
Bomet,2014-01-01,2014,1,1,1,Minimal,0.0,1.0000570618995908,0.9997382065021057,-0.5604163100181987,-1.1318617748155366,0.8682167110245912,1.4366799148632765,39.06806182250133,52.76297323297205,83.42467442490391,-44.356612602402585,dry_jf,705.0356352221398,1.0,3.0,6,train,False
Bungoma,2014-01-01,2014,1,1,1,Minimal,0.0,1.0,0.9968273735961642,-0.2372685658066732,-0.511657198932043,0.6405128383630571,1.690135881976743,23.03365937859634,65.55833391620583,43.64592069717148,-20.612261318575143,dry_jf,684.143518918554,1.0,3.0,6,train,False
Busia,2014-01-01,2014,1,1,1,Minimal,0.0,1.0,0.9128634605516268,-0.5937451714506781,-1.13065211148531,0.1170754119013741,0.8527610030893794,0.0,5.104896794376943,51.60165407380892,-51.60165407380892,dry_jf,504.89251568895395,1.0,3.0,6,train,False
Elgeyo-Marakwet,2014-01-01,2014,1,1,1,Minimal,0.0,1.0013684998495582,0.9998673976024002,0.9744083570872892,1.0056869002647555,1.4132455826106407,1.436620880457598,25.58654503011007,89.75554217451175,91.87993987126455,-66.29339484115448,dry_jf,424.00498148048365,1.0,3.0,6,train,False
Embu,2014-01-01,2014,1,2,2,Stressed,0.0,1.744555193752638,0.9998189289233737,-0.1124845798124515,-1.665686968168958,0.2424599899006796,0.3626589806521105,2.332912565331701,33.132340657433204,65.15058703532752,-62.817674469995815,dry_jf,401.4457023614595,2.0,3.0,6,train,False
Garissa,2014-01-01,2014,1,2,2,Stressed,0.0,2.0,0.999511246179476,-0.4520677357722307,-0.5881229662749713,0.6606094906912607,0.9060624620583582,24.00118724746585,47.3578853719081,42.6864395725667,-18.685252325100848,dry_jf,210.6771075185111,2.0,3.0,6,train,False
Homa Bay,2014-01-01,2014,1,1,1,Minimal,0.0,1.0,0.66830422924983,-0.012320048782659,-0.2993441593376415,0.93203388496145,1.292147300450765,12.337870061117718,13.179521052606905,35.26922257265866,-22.931352511540943,dry_jf,658.3122810444571,1.0,3.0,6,train,False
Isiolo,2014-01-01,2014,1,2,2,Stressed,0.0,1.9999284063821656,0.9999828087914956,-0.5866363680832204,-1.3788156782797487,0.9911278264488396,1.0552510090602292,33.94945940113972,29.213475205592715,36.45571886723119,-2.506259466091471,dry_jf,121.15801476654195,2.0,3.0,6,train,False
Kajiado,2014-01-01,2014,1,2,2,Stressed,0.0,1.8295994094902277,0.9867003715847948,-1.0614742638036248,-1.3404923003475506,1.0009724059388592,1.2860961700017597,34.05496153562487,38.14791171625026,73.10298397505008,-39.04802243942521,dry_jf,244.0590119973267,2.0,3.0,6,train,False
Kakamega,2014-01-01,2014,1,1,1,Minimal,0.0,1.0,0.999664408296622,-0.5420533151635116,-0.9259949078087538,0.4621659184464802,1.338349315553575,0.0,48.35840921776815,22.363980272576747,-22.363980272576747,dry_jf,521.962946970816,1.0,3.0,6,train,False
Kericho,2014-01-01,2014,1,1,1,Minimal,0.0,1.0,0.9997003606571906,0.0568626567753145,0.0866447858868761,1.379876702978822,1.6481817777411534,54.44845093884123,82.1258579643202,72.67066830405791,-18.22221736521668,dry_jf,577.6437811642602,1.0,3.0,6,train,False
Kiambu,2014-01-01,2014,1,1,1,Minimal,0.0,1.001127542613087,0.9996988931369788,-0.693643489197496,-1.3038838405811797,1.1410039424592613,1.392031725641567,40.160919848530966,12.24306627094115,85.39559563878986,-45.23467579025889,dry_jf,365.1581675938478,1.0,3.0,6,train,False
Kilifi,2014-01-01,2014,1,2,2,Stressed,0.0,1.9997025253474088,0.9941397039213838,-1.5047616501244914,-0.3273799791759461,0.0028717912155303,0.5785882455048699,19.6754978505864,37.30979605070081,64.61402679697574,-44.93852894638934,dry_jf,485.9236308469297,2.0,3.0,6,train,False
Kirinyaga,2014-01-01,2014,1,1,1,Minimal,0.0,1.0053712521478133,0.9997852158056526,0.2977695417138432,-1.2751438137657636,0.2064205141234633,0.2944636776292778,29.65072386624369,29.26171761805032,77.69805294300824,-48.04732907676454,dry_jf,523.427425427593,1.0,3.0,6,train,False
Kisii,2014-01-01,2014,1,1,1,Minimal,0.0,1.0,0.9995810852329324,-0.3904157147363007,-1.1425461696073629,0.722584606073139,1.3462069244044634,39.6076356281631,50.8644352102472,31.87715821654125,7.730477411621852,dry_jf,771.8724273402603,1.0,3.0,6,train,False
Kisumu,2014-01-01,2014,1,1,1,Minimal,0.0,1.0,0.7825715876310352,-0.7393000227309338,-0.8975530821665599,0.7368872410734254,1.3207705473103013,0.3243045465098931,0.0,12.674184073920518,-12.349879527410625,dry_jf,650.4965825795291,1.0,3.0,6,train,False
Kitui,2014-01-01,2014,1,2,2,Stressed,0.0,2.0,0.999944695629578,0.1619855142312758,-1.2491274343352663,0.4462861618123561,0.5422402736604252,31.45133235959412,26.96355552782881,50.06127760981745,-18.609945250223333,dry_jf,350.0498777837523,2.0,3.0,6,train,False
Kwale,2014-01-01,2014,1,2,2,Stressed,0.0,1.5617253829720128,0.9912437907622343,-1.5084795064550969,-0.1457653169450641,0.062799758573366,0.4576522136054438,19.295646611569524,41.74903438276338,60.80809806907785,-41.51245145750833,dry_jf,461.4118591660762,2.0,3.0,6,train,False
Laikipia,2014-01-01,2014,1,2,2,Stressed,0.0,1.6552218836201664,0.9999716984817336,1.192134112396796,0.2770167296686418,1.1018191230653098,1.1604599140699978,86.43896261078764,70.93168091967759,88.0625679850502,-1.623605374262553,dry_jf,378.6133408439104,2.0,3.0,6,train,False
Lamu,2014-01-01,2014,1,2,2,Stressed,0.0,2.0,0.9772658860263104,-0.7450798228452913,-0.1567915273262261,-0.0175415270137812,0.521105095948473,58.92251825062202,81.90732889650661,68.70449373271309,-9.78197548209107,dry_jf,394.8891092289726,2.0,3.0,6,train,False
Machakos,2014-01-01,2014,1,2,2,Stressed,0.0,1.8282997852182048,0.9998629511962126,-0.399007535218039,-1.4581490500427143,0.6466732454452971,0.8553349838098142,17.144845876714214,35.263591041473816,75.01729357376418,-57.872447697049964,dry_jf,347.0698296320569,2.0,3.0,6,train,False
Makueni,2014-01-01,2014,1,2,2,Stressed,0.0,1.9783283984457152,0.9998137915495175,-0.653601869388924,-0.9743267077528434,0.5016748223046326,0.692496807839377,21.56662636880507,33.75727266735373,62.387326738353934,-40.82070036954886,dry_jf,210.84898907247097,2.0,3.0,6,train,False
Mandera,2014-01-01,2014,1,2,2,Stressed,0.0,2.0,0.9935104441286544,0.7909092747634258,-0.4852982204019447,1.8628069108849683,1.8882269940543128,48.88092309526776,72.77225184513681,67.25124793896592,-18.370324843698157,dry_jf,147.72597818452132,2.0,3.0,6,train,False
Marsabit,2014-01-01,2014,1,2,2,Stressed,0.0,2.0,0.9301329759074554,0.7688020628219044,-0.4057234780959857,1.4397796171202095,1.553121115024258,49.80246959143905,40.70023664647394,50.363371071989526,-0.5609014805504771,dry_jf,183.11284628508548,2.0,3.0,6,train,True
Meru,2014-01-01,2014,1,2,2,Stressed,0.0,1.5783811497185294,0.9998226856692622,-0.3858964244259489,-1.9832063274673015,0.4725754044783803,0.6507324410145452,32.85542286319385,54.33646206447696,57.98651382594704,-25.13109096275319,dry_jf,469.95952152110806,2.0,3.0,6,train,False
Migori,2014-01-01,2014,1,1,1,Minimal,0.0,1.0,0.8116729345870676,-0.2393791852779008,-0.8604061545739715,0.5446688971194047,1.0257276738943149,5.460294023224378,20.141798389161394,14.09713303155994,-8.636839008335562,dry_jf,460.4970135975702,1.0,3.0,6,train,False
Mombasa,2014-01-01,2014,1,1,1,Minimal,0.0,1.0025156757359792,0.9456274732682326,-1.7030867803316332,0.0503594987798508,0.4077202041586083,0.8486173340277803,23.19913273484756,44.53256933533863,58.86536680147308,-35.66623406662552,dry_jf,339.4545465241538,1.0,3.0,6,train,False
Murang'a,2014-01-01,2014,1,1,1,Minimal,0.0,1.0013259757425912,0.9998268684991276,-0.5065727809457499,-1.279022101590678,1.1097011946700088,1.3600653578258617,21.69785610703168,38.3163727680539,71.40895224551544,-49.711096138483754,dry_jf,600.9606534616394,1.0,3.0,6,train,False
Nairobi,2014-01-01,2014,1,1,1,Minimal,0.0,1.0311827358160603,0.9994581999066764,-0.299549555884427,-1.2774007522101154,0.8928936914134619,1.0835083248418866,40.71272585837651,7.389885402839198,81.7451464447898,-41.03242058641329,dry_jf,349.07589029272395,1.0,3.0,6,train,False
Nakuru,2014-01-01,2014,1,1,1,Minimal,0.0,1.0006763363886138,0.9758049541717768,1.3341978566385486,0.5646682850047867,1.5058464023094265,1.5322292486692728,73.65558680558826,69.24651106873908,84.85602398075598,-11.200437175167721,dry_jf,337.82261196850334,1.0,3.0,6,train,False
Nandi,2014-01-01,2014,1,1,1,Minimal,0.0,1.0,0.9996627597035966,-0.5968734629848039,-0.4784998473335093,0.9502242640374964,1.528212451825271,51.24945215911704,82.10363209656168,65.79572944639212,-14.546277287275075,dry_jf,636.3375639959971,1.0,3.0,6,train,False
Narok,2014-01-01,2014,1,2,2,Stressed,0.0,1.534070931837292,0.9926699026877256,-0.1958677431710676,-1.033839849339702,1.6817856726381255,2.1781317296484484,24.032070746802223,34.56574030153808,83.71937442503956,-59.68730367823734,dry_jf,449.4351533314782,2.0,3.0,6,train,False
Nyamira,2014-01-01,2014,1,1,1,Minimal,0.0,1.0,0.9997642108519644,-0.5441668569345429,-1.228510678017294,0.7952078628143116,1.3982121462065686,49.79365663689422,34.595010836557265,77.85824743452878,-28.06459079763456,dry_jf,707.0676224501927,1.0,3.0,6,train,False
Nyandarua,2014-01-01,2014,1,1,1,Minimal,0.0,1.0012708819238296,0.999877973768995,1.0490160251120744,0.3387421691971148,1.2943682343762084,1.3270245784620516,64.89909747168164,82.84463533802877,84.97199888918199,-20.072901417500347,dry_jf,478.59632261521887,1.0,3.0,6,train,False
Nyeri,2014-01-01,2014,1,1,1,Minimal,0.0,1.3902200484797762,0.9998586120217212,0.5527850018691084,-0.7999832966218725,0.5284097214741867,0.7019438597729623,48.536878254383474,59.419244429375176,70.7604362777904,-22.22355802340693,dry_jf,596.5685209899478,1.0,3.0,6,train,False
Samburu,2014-01-01,2014,1,2,2,Stressed,0.0,2.0,0.9999416421795938,0.1662046864567768,-0.3952339519210626,1.2774991800273738,1.428648132768732,54.79955300506987,41.78077538758664,60.879405762541936,-6.079852757472068,dry_jf,233.37064745956647,2.0,3.0,6,train,True
Siaya,2014-01-01,2014,1,1,1,Minimal,0.0,1.0,0.7119007907118109,-0.3357708764676761,-0.6714575221606709,0.4892860257296241,0.9965287787429948,13.9714874563991,0.0,45.61282337520892,-31.64133591880982,dry_jf,703.9110029852106,1.0,3.0,6,train,False
Taita Taveta,2014-01-01,2014,1,2,2,Stressed,0.0,2.0,0.996630559288052,-1.0586361400707316,-1.26725922739557,0.3688686143561485,0.6187542200947842,11.580477947759237,21.732663092513423,40.050305607200734,-28.4698276594415,dry_jf,337.281834884778,2.0,3.0,6,train,False
Tana River,2014-01-01,2014,1,2,2,Stressed,0.0,2.0,0.9998706188134208,-0.5346503314478941,-0.6720150400504243,0.5752731712798232,0.7394064019925765,41.82077705616568,38.48777875725956,43.2897880122253,-1.4690109560596198,dry_jf,208.9215702880231,2.0,3.0,6,train,False
Tharaka-Nithi,2014-01-01,2014,1,2,2,Stressed,0.0,1.6578041883830674,0.9999051941607138,-0.3974345849028937,-1.9738028699562544,0.1354203458065413,0.2563562528194598,23.532548889723007,28.42883403980055,54.73376308336292,-31.201214193639917,dry_jf,386.5660928989662,2.0,3.0,6,train,False
Trans Nzoia,2014-01-01,2014,1,1,1,Minimal,0.0,1.000168616014676,0.9977121984288632,0.4508970786363619,0.5153416243208905,1.473077459631296,1.9332325730321396,7.701398232246506,70.9845506654102,64.93481100620315,-57.233412773956644,dry_jf,575.422482832226,1.0,3.0,6,train,False
Turkana,2014-01-01,2014,1,2,2,Stressed,0.231136598393467,2.2311365983934675,0.96060002404762,0.5683296855235433,0.0277518534951285,1.0282551341493245,1.339675140856816,48.094361863710766,41.29021034582821,73.09724482400398,-25.002882960293213,dry_jf,134.93439886021372,2.0,3.0,6,train,True
Uasin Gishu,2014-01-01,2014,1,1,1,Minimal,0.0,1.0,0.9997765773368544,0.6138073058777195,0.554610556921589,1.5597917670939907,1.5880866049701974,58.30882182408286,78.22763267998121,69.51120540520637,-11.202383581123506,dry_jf,466.5756532543863,1.0,3.0,6,train,False
Vihiga,2014-01-01,2014,1,1,1,Minimal,0.0,1.0,0.9994221612948906,-0.7615523118360562,-1.059738696411868,0.1925529362501992,0.9113613837489848,28.603064178616247,79.53477843408928,49.793809839701694,-21.190745661085447,dry_jf,638.2354464495623,1.0,3.0,6,train,False
Wajir,2014-01-01,2014,1,2,2,Stressed,0.0,2.0,0.999679542768114,0.8334253222399972,-0.7309026685319263,1.3107926304363229,1.3339314527505617,71.98732503528412,53.882378762642766,63.58042995560907,8.406895079675046,dry_jf,220.92597534518788,2.0,3.0,6,train,True
West Pokot,2014-01-01,2014,1,2,2,Stressed,0.0100093983810478,2.009731581678653,0.9926283907303208,0.8751969410534676,0.4101921932137025,1.3163895405274642,1.6906059887846985,76.9805062263802,75.96417964997387,85.75137474176408,-8.770868515383881,dry_jf,366.78840132412165,2.0,3.0,6,train,False
Baringo,2014-04-01,2014,4,2,2,Stressed,0.0,1.897477892711657,0.9998910957604972,0.3208926889521017,1.0729109447610246,1.4791925341280008,1.2337762485770725,67.42364777780712,83.72214556960806,96.05209250987232,-28.628444732065205,long_rains,407.6410955536569,2.0,3.0,6,train,True
Bomet,2014-04-01,2014,4,1,1,Minimal,0.0,1.0000570618995908,0.9997382065021057,-0.4416716010284456,0.490505944607206,-0.5063002784834287,-0.1990082776415645,80.04742675768611,62.28253528571922,42.59606952104635,37.45135723663976,long_rains,705.0356352221398,1.0,3.0,6,train,False
Bungoma,2014-04-01,2014,4,1,1,Minimal,0.0,1.0,0.9968273735961642,0.4025495718125967,1.6149138141879311,0.7511743193553299,0.0582639920799537,67.06327890525272,53.82957412227218,64.70805682965663,2.355222075596089,long_rains,684.143518918554,1.0,3.0,6,train,False
Busia,2014-04-01,2014,4,1,1,Minimal,0.0,1.0,0.9128634605516268,-0.2128006842854725,1.0510630568731243,-0.0603291915310133,-0.495588338423312,70.072275781387,58.7846360688449,54.47916667005372,15.593109111333284,long_rains,504.89251568895395,1.0,3.0,6,train,False
Elgeyo-Marakwet,2014-04-01,2014,4,1,1,Minimal,0.0,1.0013684998495582,0.9998673976024002,0.6623629540505438,1.5038252136248509,1.590153294649843,1.3131769683699248,83.54923570587596,83.46837224515278,77.58277522165531,5.966460484220647,long_rains,424.00498148048365,1.0,3.0,6,train,False
Embu,2014-04-01,2014,4,2,2,Stressed,0.0,1.744555193752638,0.9998189289233737,-1.3914276539101882,-1.1961543138391728,-2.033842040148247,-0.2537280515292727,17.131995668551532,50.14183532370615,43.78814051508346,-26.65614484653193,long_rains,401.4457023614595,2.0,3.0,6,train,False
Garissa,2014-04-01,2014,4,2,2,Stressed,0.0,2.0,0.999511246179476,-0.6632667119097782,-0.6329679327518242,-0.8696704757826492,-1.395573835274035,12.585645230609362,27.15422378324979,46.27174818660152,-33.686102955992155,long_rains,210.6771075185111,2.0,3.0,6,train,False
Homa Bay,2014-04-01,2014,4,1,1,Minimal,0.0,1.0,0.66830422924983,-0.4935973421906364,0.7251103838493247,0.2236323868035877,0.3050694659464673,43.560543282503765,59.217769890466975,30.329463874871177,13.231079407632588,long_rains,658.3122810444571,1.0,3.0,6,train,False
Isiolo,2014-04-01,2014,4,2,2,Stressed,0.0,1.9999284063821656,0.9999828087914956,-0.6567930453283619,-0.5105365113691381,-0.9591501876907162,-0.7000939908372242,14.430658136323869,36.63863438001098,33.58391370991107,-19.153255573587202,long_rains,121.15801476654195,2.0,3.0,6,train,False
Kajiado,2014-04-01,2014,4,2,2,Stressed,0.0,1.8295994094902277,0.9867003715847948,-1.0074133290781266,-0.5964199318858586,-1.450392324318607,-0.5108887375749013,29.94417688391696,54.88515457589924,59.33560584550496,-29.391428961587998,long_rains,244.0590119973267,2.0,3.0,6,train,False
Kakamega,2014-04-01,2014,4,1,1,Minimal,0.0,1.0,0.999664408296622,0.4301932612591232,1.780624554106793,0.5027034957323696,-0.0048970681953221,88.24769612841492,76.69938307090626,52.5494058146844,35.69829031373052,long_rains,521.962946970816,1.0,3.0,6,train,False
Kericho,2014-04-01,2014,4,1,1,Minimal,0.0,1.0,0.9997003606571906,0.5393137048531199,1.506370666663368,0.982143348860291,0.6547639005026382,92.83102018035387,96.96697389861583,48.65124966406129,44.179770516292585,long_rains,577.6437811642602,1.0,3.0,6,train,False
Kiambu,2014-04-01,2014,4,1,1,Minimal,0.0,1.001127542613087,0.9996988931369788,-1.4652932937332794,-0.2652910125065335,-1.4009591024914585,0.5686688199772068,70.35783262018026,81.32305650679487,55.22858558770565,15.12924703247461,long_rains,365.1581675938478,1.0,3.0,6,train,False
Kilifi,2014-04-01,2014,4,2,2,Stressed,0.0,1.9997025253474088,0.9941397039213838,0.2077579088051026,0.3545254952264031,-0.0619780650202868,-1.511370181770198,43.9676822869496,48.94234058511904,28.72691142910491,15.240770857844687,long_rains,485.9236308469297,2.0,3.0,6,train,False
Kirinyaga,2014-04-01,2014,4,1,1,Minimal,0.0,1.0053712521478133,0.9997852158056526,-1.419403687448559,-0.9776786756876056,-1.64068022148187,0.2862999061287055,75.30501922313337,50.29524253657133,46.30561160896878,28.99940761416459,long_rains,523.427425427593,1.0,3.0,6,train,False
Kisii,2014-04-01,2014,4,1,1,Minimal,0.0,1.0,0.9995810852329328,-0.4990901912581482,0.2693331433403154,-0.5821548099744691,-0.0844922375745177,79.7702775244177,100.0,57.13421036791316,22.63606715650453,long_rains,771.8724273402603,1.0,3.0,6,train,False
Kisumu,2014-04-01,2014,4,1,1,Minimal,0.0,1.0,0.7825715876310352,0.2468762972709121,1.456890128832898,0.36931548977147,-0.1822597809730049,76.70862283707535,56.729649176537215,48.40227716823317,28.306345668842184,long_rains,650.4965825795291,1.0,3.0,6,train,False
Kitui,2014-04-01,2014,4,2,2,Stressed,0.0,1.9979005859844576,0.999947914319168,-0.9166273400739596,-0.6894461741744523,-1.198502027084512,-0.3374814750347287,12.215166468683202,43.0379144753623,52.181094055208064,-39.96592758652486,long_rains,350.0498777837523,2.0,3.0,6,train,False
Kwale,2014-04-01,2014,4,2,2,Stressed,0.0,1.5617253829720128,0.9912437907622343,0.5401981744173603,1.1317411920350289,0.5960833586558762,-0.4100022738196772,53.213757415977526,52.28431346022522,46.44933297066931,6.764424445308215,long_rains,461.4118591660762,2.0,3.0,6,train,False
Laikipia,2014-04-01,2014,4,2,2,Stressed,0.0,1.6552218836201664,0.9999716984817336,-0.5510412600233234,0.3897510954104907,0.3807907926887841,1.0006478560590375,61.00179450375865,75.627204229705,76.66293336914866,-15.661138865390008,long_rains,378.6133408439104,2.0,3.0,6,train,False
Lamu,2014-04-01,2014,4,2,2,Stressed,0.0,2.0,0.9772658860263104,-0.3012376031835383,-0.8821028265038664,-0.4866944712308572,-1.896167899447092,41.51907786891547,49.61332542209662,59.79846004949979,-18.27938218058432,long_rains,394.8891092289726,2.0,3.0,6,train,False
Machakos,2014-04-01,2014,4,2,2,Stressed,0.0,1.826848806877564,0.999871839620852,-1.4148120493207352,-0.8417076041903849,-1.84937937102405,-0.1459618612057819,12.136798620166385,55.23913445006351,60.5014620139628,-48.36466339379642,long_rains,347.0698296320569,2.0,3.0,6,train,False
Makueni,2014-04-01,2014,4,2,2,Stressed,0.0,1.5951820320479726,0.9999571733721252,-0.577353789083116,-0.3421866635487116,-0.9711239298211636,-0.716058335194532,17.35583755430087,49.26801500481943,53.25178792840413,-35.89595037410326,long_rains,210.84898907247097,2.0,3.0,6,train,False
Mandera,2014-04-01,2014,4,2,2,Stressed,0.0,2.0,0.9935104441286544,-0.0028543512516876,0.0677894386164364,-0.2995538006342801,0.3490218820239216,32.50577326765954,44.02837820184194,75.29278885832557,-42.78701559066602,long_rains,147.72597818452132,2.0,3.0,6,train,False
Marsabit,2014-04-01,2014,4,2,2,Stressed,0.4218062453639331,2.4218062453639333,0.9301349704866002,-0.0321512568571375,0.0217727404991243,-0.3314894382811931,-0.0150736323329415,17.262905821902102,51.55176631427364,46.285739049977664,-29.022833228075562,long_rains,183.11284628508548,2.0,3.0,6,train,True
Meru,2014-04-01,2014,4,2,2,Stressed,0.0,1.5783811497185285,0.9998226856692592,-1.5211079866926682,-1.502017613184402,-2.425440447672908,-0.735153098011809,19.41168635725609,50.43532456580303,58.93819492237385,-39.526508565117766,long_rains,469.95952152110806,2.0,3.0,6,train,False
Migori,2014-04-01,2014,4,1,1,Minimal,0.0,1.0,0.8116729345870676,-0.8676272846743487,0.1737996454994863,-0.5948789464293295,-0.2178774541259772,49.75691544696613,73.0900663977549,11.943361821151951,37.81355362581418,long_rains,460.4970135975702,1.0,3.0,6,train,False
Mombasa,2014-04-01,2014,4,1,1,Minimal,0.0,1.0025156757359792,0.9456274732682326,0.1791718553350741,0.8038620542256516,0.4046072350926079,-0.7161576053180517,53.504322532976296,63.91280584200168,58.84775890354212,-5.343436370565826,long_rains,339.4545465241538,1.0,3.0,6,train,False
Murang'a,2014-04-01,2014,4,1,1,Minimal,0.0,1.0013259757425912,0.9998268684991276,-1.470539126427493,-0.8580292298003898,-1.639885002713882,-0.0459235209437477,53.70283619583223,68.05380724615516,62.58795904040292,-8.885122844570695,long_rains,600.9606534616394,1.0,3.0,6,train,False
Nairobi,2014-04-01,2014,4,1,1,Minimal,0.0,1.0311827358160603,0.9994581999066732,-1.3756659687964683,0.0615078636737848,-1.2587905086432392,0.8383327639920661,45.26410374160082,75.76607997566794,69.39965906564223,-24.135555324041405,long_rains,349.07589029272395,1.0,3.0,6,train,False
Nakuru,2014-04-01,2014,4,1,1,Minimal,0.0,1.0006763363886138,0.9758049541717768,-0.551675544580841,0.4311536303971402,0.5987509654408755,1.0201421928857275,76.82388224046947,88.8154108152895,73.90701024119934,2.9168719992701284,long_rains,337.82261196850334,1.0,3.0,6,train,False
Nandi,2014-04-01,2014,4,1,1,Minimal,0.0,1.0,0.9996627597035966,0.5598452216701446,1.7966959823992714,0.9253850615306016,0.2228134432456811,67.5424775966979,79.73699027096868,67.1810117972845,0.3614657994134092,long_rains,636.3375639959971,1.0,3.0,6,train,False
Narok,2014-04-01,2014,4,2,2,Stressed,0.0,1.5340709318372925,0.9926699026877254,-1.2357310448569097,0.5630011737028578,-0.5425522862625008,0.3131449575904453,59.28048615407384,58.80539802937743,45.78250971121698,13.49797644285686,long_rains,449.4351533314782,2.0,3.0,6,train,False
Nyamira,2014-04-01,2014,4,1,1,Minimal,0.0,1.0,0.9997642108519644,-0.1072069647357811,0.3093470582233846,-0.6366880302180783,-0.393904329659334,87.40445750914829,100.0,65.19160973236208,22.212847776786205,long_rains,707.0676224501927,1.0,3.0,6,train,False
Nyandarua,2014-04-01,2014,4,1,1,Minimal,0.0,1.0012708819238296,0.999877973768995,-0.5662542826986219,0.2350524866802327,0.3338260186252466,1.1543437586846386,72.21139274635189,88.20140763883133,56.793875330124,15.417517416227888,long_rains,478.59632261521887,1.0,3.0,6,train,False
Nyeri,2014-04-01,2014,4,1,1,Minimal,0.0,1.3902200484797762,0.9998586120217212,-1.2725421160192627,-0.5797300373700737,-1.010523458681637,0.7147358245142286,70.21827880992801,94.87733234128476,74.25091812937302,-4.0326393194450105,long_rains,596.5685209899478,1.0,3.0,6,train,False
Samburu,2014-04-01,2014,4,2,2,Stressed,0.0005788705401221,2.000578870540122,0.9999420554346252,-0.4032262571864076,-0.5890289237987341,-0.7550457110838372,0.0254207676539475,27.726648799783774,48.457775267356176,48.213541097887386,-20.486892298103612,long_rains,233.37064745956647,2.0,3.0,6,train,True
Siaya,2014-04-01,2014,4,1,1,Minimal,0.0,1.0,0.7119007907118109,-0.010397452116641,0.8496079803796946,-0.0118834433073399,-0.1498768043020052,55.84830482996668,66.22429219718852,60.161679270451,-4.313374440484324,long_rains,703.9110029852106,1.0,3.0,6,train,False
Taita Taveta,2014-04-01,2014,4,2,2,Stressed,0.0,1.999999165447392,0.9966305592880512,0.1116858384105145,0.1089566414239897,-0.4945250979181282,-1.3088659017596085,6.143446157342788,25.204005516768376,37.3928273613045,-31.24938120396171,long_rains,337.281834884778,2.0,3.0,6,train,False
Tana River,2014-04-01,2014,4,2,2,Stressed,0.0,2.0,0.9998706188134208,-0.2771884993277536,-0.0864885110760838,-0.4192221532128754,-1.2409629256050052,21.125833971958134,41.52447423828776,56.28514488158784,-35.15931090962971,long_rains,208.9215702880231,2.0,3.0,6,train,False
Tharaka-Nithi,2014-04-01,2014,4,2,2,Stressed,0.0,1.6578041883830674,0.9999051941607138,-1.4395123802498748,-1.4116393122032116,-2.376707412407111,-0.8055262254985851,3.628492672454732,51.814770585330535,62.08499405689938,-58.45650138444465,long_rains,386.5660928989662,2.0,3.0,6,train,False
Trans Nzoia,2014-04-01,2014,4,1,1,Minimal,0.0,1.000168616014676,0.9977121984288632,1.111206561446043,2.2741853899994577,1.8623675714858632,1.2573797167078675,100.0,70.6969331429397,89.47500949265967,10.524990507340334,long_rains,575.422482832226,1.0,3.0,6,train,False
Turkana,2014-04-01,2014,4,2,2,Stressed,0.2978845759634119,2.297884575963412,0.9606015442014832,-0.0947974832888113,-0.1549730630949489,-0.0965867155437795,-0.0060422533581672,27.09044629750348,49.43715410051269,58.87616356669932,-31.78571726919584,long_rains,134.93439886021372,2.0,3.0,6,train,True
Uasin Gishu,2014-04-01,2014,4,1,1,Minimal,0.0,1.0,0.9997765773368544,0.9578838159950376,1.9979798733787104,1.5837873812597592,1.39852489235348,93.77629453769498,92.322699536154,83.00704428132242,10.769250256372558,long_rains,466.5756532543863,1.0,3.0,6,train,False
Vihiga,2014-04-01,2014,4,1,1,Minimal,0.0,1.0,0.9994221612948906,0.3257435023177397,1.6225956035282896,0.3200815366262514,-0.0410891736063784,85.05568838449122,84.66716045071401,58.53881586907672,26.516872515414498,long_rains,638.2354464495623,1.0,3.0,6,train,False
Wajir,2014-04-01,2014,4,2,2,Stressed,0.0,2.0,0.9996810210934668,-0.4040657366081679,-0.3450913873587987,-0.6669867181285525,0.4155436089591492,13.961043282984413,69.97373574083142,82.68767875349718,-68.72663547051278,long_rains,220.92597534518788,2.0,3.0,6,train,True
West Pokot,2014-04-01,2014,4,2,2,Stressed,0.0100093983810478,2.009731581678653,0.9926283907303208,0.443621523948864,1.140977951458785,0.9271879503592144,0.567546559722633,54.35390855912036,72.26678189382486,90.15573268821686,-35.801824129096495,long_rains,366.78840132412165,2.0,3.0,6,train,False
Baringo,2014-07-01,2014,7,2,2,Stressed,0.0,1.759701294551703,0.9999025772283886,-0.6361736506280087,0.7276389079311634,1.170615094110772,1.0297189078730695,56.702036927645935,73.83302705922642,76.07027930032501,-19.368242372679077,dry_jjas,407.6410955536569,2.0,3.0,6,train,True
Bomet,2014-07-01,2014,7,1,1,Minimal,0.0,1.001192068912881,0.9997423525638208,-0.6721754122943594,0.0182853531710241,0.155653305086296,0.1936004886143911,74.01383597737117,57.94977617410062,36.80631460530493,37.207521372066246,dry_jjas,705.0356352221398,1.0,3.0,6,train,False
Bungoma,2014-07-01,2014,7,1,1,Minimal,0.0,1.0,0.9968273735961642,-0.1823049789284518,0.2254870265285093,1.2785031996217886,1.1253584443540363,79.49375852045074,59.3549608218141,77.96543237929114,1.5283261411595959,dry_jjas,684.143518918554,1.0,3.0,6,train,False
Busia,2014-07-01,2014,7,1,1,Minimal,0.0,1.0,0.9128634605516268,-0.0038071772586367,-0.28502084296838,0.2617355926296502,0.2268610208995971,61.49139814819608,70.06989627565181,52.31453416241212,9.17686398578396,dry_jjas,504.89251568895395,1.0,3.0,6,train,False
Elgeyo-Marakwet,2014-07-01,2014,7,1,1,Minimal,0.0,1.0013683956975723,0.9998672933259388,-0.7878835914630221,0.4882718700857305,1.2696510839167263,1.1675323654544445,61.46584642311108,80.18867974939826,72.68275000321063,-11.216903580099547,dry_jjas,424.00498148048365,1.0,3.0,6,train,False
Embu,2014-07-01,2014,7,1,1,Minimal,0.0,1.1556016073908435,0.9999079201820218,-1.161802396019068,-0.8565808979453512,-1.2194040380091478,-1.4078176732108574,23.148938553628664,46.12272167390996,30.91945690873522,-7.770518355106557,dry_jjas,401.4457023614595,2.0,3.0,6,train,False
Garissa,2014-07-01,2014,7,2,2,Stressed,0.0,1.993170376372002,0.9995409441129928,-0.8358634080806393,-0.592755747047275,-0.7552404681237764,-0.6710859986072231,30.82337675353227,35.891639409619714,30.033534289822956,0.7898424637093129,dry_jjas,210.6771075185111,2.0,3.0,6,train,False
Homa Bay,2014-07-01,2014,7,1,1,Minimal,0.0,1.0,0.66830422924983,-0.0055332383714334,0.2014359886944464,0.4238634660425559,0.5534910887594092,54.21263330086902,63.00899508827709,53.82883748364925,0.3837958172197702,dry_jjas,658.3122810444571,1.0,3.0,6,train,False
Isiolo,2014-07-01,2014,7,2,2,Stressed,0.0021423850584971,2.002056725827115,0.9999828117209584,-1.0854740592441268,-0.4907666404792412,-0.5769707499578137,-0.1705281995420215,23.256781365234367,31.504698308509465,42.55715259187185,-19.30037122663748,dry_jjas,121.15801476654195,2.0,3.0,6,train,False
Kajiado,2014-07-01,2014,7,2,2,Stressed,0.0,1.9993977207889089,0.9866998882124024,-1.2184405000347744,0.0359456218690457,-0.0361489685298411,-0.4668560882987188,45.86523472805823,68.35641741283551,16.810265317979255,29.05496941007898,dry_jjas,244.0590119973267,2.0,3.0,6,train,False
Kakamega,2014-07-01,2014,7,1,1,Minimal,0.0,1.0,0.9996644082966224,-0.460823517202316,0.1242149191833705,1.3333523269994407,1.1118890615718755,69.73763896184708,70.3555477949574,58.111144221668255,11.626494740178828,dry_jjas,521.962946970816,1.0,3.0,6,train,False
Kericho,2014-07-01,2014,7,1,1,Minimal,0.0,1.0,0.9997003606571924,-0.9278351242176444,0.2431514174869424,0.9166753060134368,1.438482961973139,62.53216478266857,76.39630145005823,56.00756230856415,6.524602474104427,dry_jjas,577.6437811642602,1.0,3.0,6,train,False
Kiambu,2014-07-01,2014,7,1,1,Minimal,0.0,1.00218406706597,0.9996990996417529,-0.903661171527826,-0.0600684947875699,-0.1621561738475542,-0.8702081915903841,53.17281605297351,51.95358659059452,3.53164230741905,49.64117374555446,dry_jjas,365.1581675938478,1.0,3.0,6,train,False
Kilifi,2014-07-01,2014,7,2,2,Stressed,0.0,1.554578375118668,0.9941559519052248,-0.8377646211370123,-0.2754230494442681,-0.0330954174102091,0.0288720312269636,35.21867867360595,45.85992922476289,33.851089749737696,1.3675889238682544,dry_jjas,485.9236308469297,2.0,3.0,6,train,False
Kirinyaga,2014-07-01,2014,7,1,1,Minimal,0.0,1.000036250746341,0.9997566177338534,-1.111612289023879,-0.5417919415729642,-0.9460216527318336,-1.1216974679595264,23.979411648399957,31.75873953299604,36.406336824269786,-12.42692517586983,dry_jjas,523.427425427593,1.0,3.0,6,train,False
Kisii,2014-07-01,2014,7,1,1,Minimal,0.0,1.0,0.9995810852329324,-0.1991178575710089,0.1446059594970012,0.2080544569766514,0.1495317742253819,78.35369231180614,69.39366886749525,77.50757472482566,0.8461175869804833,dry_jjas,771.8724273402603,1.0,3.0,6,train,False
Kisumu,2014-07-01,2014,7,1,1,Minimal,0.0,1.0,0.7825715876310351,-0.707806554652371,0.0880061465272206,0.6604804575583814,1.0045148628233933,44.56062298599621,54.14102066948199,26.761212370314205,17.799410615682007,dry_jjas,650.4965825795291,1.0,3.0,6,train,False
Kitui,2014-07-01,2014,7,2,2,Stressed,0.0,1.995774661324606,0.9999452912168127,-1.299673089800173,-0.5737678542992156,-0.6841420585296075,-0.7216110511775211,49.34931307659879,65.30860469860828,24.81090964698834,24.53840342961045,dry_jjas,350.0498777837523,2.0,3.0,6,train,False
Kwale,2014-07-01,2014,7,2,2,Stressed,0.0,1.876743356461835,0.9912380957227191,-1.147251116328792,0.0644329791986366,0.5817278167065066,0.7651444536903333,26.045775989635214,51.838485525250725,52.41188657837381,-26.366110588738596,dry_jjas,461.4118591660762,2.0,3.0,6,train,False
Laikipia,2014-07-01,2014,7,2,2,Stressed,0.0,1.9073046455295009,0.9999666697850788,-0.9868760355608266,0.128720987924427,0.2377633383455442,0.1173848496835851,42.02147334400667,64.08091607437765,53.00150348327413,-10.980030139267456,dry_jjas,378.6133408439104,2.0,3.0,6,train,False
Lamu,2014-07-01,2014,7,1,1,Minimal,0.0,1.019914068052655,0.9772940962519592,-0.6346527268749851,-0.1919717468603808,-0.6626058903813996,-0.2574905136497964,37.79212013733312,53.20067046792522,47.96273760079935,-10.170617463466229,dry_jjas,394.8891092289726,2.0,3.0,6,train,False
Machakos,2014-07-01,2014,7,1,1,Minimal,0.0,1.462980613501622,0.999906038138186,-1.1874227705357967,-0.7654140358642018,-0.8925156118802852,-1.338021773654996,45.05878986574777,65.50200314041635,12.087803560016065,32.97098630573171,dry_jjas,347.0698296320569,2.0,3.0,6,train,False
Makueni,2014-07-01,2014,7,2,2,Stressed,0.0,1.6971507003875066,0.9999571210942516,-1.2325096963279267,-0.348106353962557,-0.3949677754734095,-0.3933220646042843,53.45280486747935,74.45871880711024,19.85097070943891,33.60183415804044,dry_jjas,210.84898907247097,2.0,3.0,6,train,False
Mandera,2014-07-01,2014,7,2,2,Stressed,0.0,2.0,0.9935104441286544,-0.4988263019535836,1.2129376607813118,0.7404956643982908,0.9736193236859112,24.76737331591313,34.19846676318161,58.10975437582024,-33.34238105990711,dry_jjas,147.72597818452132,2.0,3.0,6,train,False
Marsabit,2014-07-01,2014,7,3,3,Crisis or worse,0.7110237826316723,2.7110237826316723,0.9301390891057544,-1.121548987669053,0.4075862243253489,0.2933349942281936,1.030661356760371,21.62104786012284,26.95844146773648,54.16564666321266,-32.544598803089826,dry_jjas,183.11284628508548,2.0,3.0,6,train,True
Meru,2014-07-01,2014,7,1,1,Minimal,0.0,1.454424140847738,0.9998789761636676,-1.339127542118145,-0.5359199263365895,-0.987082949419972,-0.8032610083350674,44.5293712486468,66.94874915082839,36.12183995428182,8.40753129436498,dry_jjas,469.95952152110806,2.0,3.0,6,train,False
Migori,2014-07-01,2014,7,1,1,Minimal,0.0,1.0,0.8116729345870678,0.2753813881919241,0.1801510683069353,0.1838356475613775,0.2614181104486244,56.10935062181044,76.21422915329275,31.141234684279677,24.968115937530765,dry_jjas,460.4970135975702,1.0,3.0,6,train,False
Mombasa,2014-07-01,2014,7,1,1,Minimal,0.0,1.0025156757359792,0.9456274732682326,-0.8324697035118327,0.0315312202001355,0.4566707810626094,0.4121556095477218,33.59943190964928,34.32288121689211,47.78598201838238,-14.186550108733094,dry_jjas,339.4545465241538,1.0,3.0,6,train,False
Murang'a,2014-07-01,2014,7,1,1,Minimal,0.0,1.0011679908651794,0.9998268684991276,-0.9905933713758884,0.0168974717665412,-0.3683496659822434,-0.7451816826892806,30.108583601185224,58.44532170845795,35.46406969496972,-5.355486093784499,dry_jjas,600.9606534616394,1.0,3.0,6,train,False
Nairobi,2014-07-01,2014,7,1,1,Minimal,0.0,1.0108131895359571,0.999380821442472,-0.8534319400268195,-0.1133083617337451,-0.1247454361082156,-0.7696728020682786,47.37849218726003,59.75205618312916,0.0,47.37849218726003,dry_jjas,349.07589029272395,1.0,3.0,6,train,False
Nakuru,2014-07-01,2014,7,1,1,Minimal,0.0,1.0037391504848217,0.9758112434731088,-0.6735876877878889,0.353063687944009,0.4875370363019786,0.2378434930050998,60.97616168637385,71.90630530848405,63.57336436973829,-2.5972026833644435,dry_jjas,337.82261196850334,1.0,3.0,6,train,False
Nandi,2014-07-01,2014,7,1,1,Minimal,0.0,1.0,0.999662759703597,-1.0970636096366646,0.2810433327834033,1.4130433573198138,1.5030911503062665,73.5880375480264,80.81570439185239,74.44137265794164,-0.8533351099152355,dry_jjas,636.3375639959971,1.0,3.0,6,train,False
Narok,2014-07-01,2014,7,2,2,Stressed,0.0,1.8406373527905968,0.9926663120912106,-0.9358884805917588,0.0168788238350026,0.1517692559968466,-0.2406439242089043,59.3734476889246,59.74224197647596,15.976242242010033,43.39720544691457,dry_jjas,449.4351533314782,2.0,3.0,6,train,False
Nyamira,2014-07-01,2014,7,1,1,Minimal,0.0,1.0,0.9997642108519644,-0.5300022136790838,0.0334737961359208,0.134223306086882,0.4022546946614812,75.85493466781132,69.69928582208358,61.270000766394425,14.584933901416896,dry_jjas,707.0676224501927,1.0,3.0,6,train,False
Nyandarua,2014-07-01,2014,7,1,1,Minimal,0.0,1.0012708819238296,0.999877973768995,-0.7674635065017857,0.3796690016759081,0.364394107941972,-0.1134636530270161,76.34827585420143,58.20206317577896,67.19190813808963,9.156367716111802,dry_jjas,478.59632261521887,1.0,3.0,6,train,False
Nyeri,2014-07-01,2014,7,1,1,Minimal,0.0,1.3904877355173728,0.9998584883435062,-1.070750415935022,-0.092767083744614,-0.3949392232478222,-0.6665877542800419,49.88122473782126,34.65457762188348,60.25412677581103,-10.372902037989768,dry_jjas,596.5685209899478,1.0,3.0,6,train,False
Samburu,2014-07-01,2014,7,2,2,Stressed,0.0005788705401221,2.000578870540122,0.9999420554346252,-0.988249176678268,-0.1520907327578803,-0.3297377854598229,0.0165332133325492,42.50383994245923,66.95653945676405,70.87289704551016,-28.369057103050928,dry_jjas,233.37064745956647,2.0,3.0,6,train,True
Siaya,2014-07-01,2014,7,1,1,Minimal,0.0,1.0,0.7119007907118109,-0.1263176586669654,-0.0302683231057086,0.2772262248003098,0.3198369642716595,47.12688138651287,50.20240451174946,47.67050308015702,-0.5436216936441483,dry_jjas,703.9110029852106,1.0,3.0,6,train,False
Taita Taveta,2014-07-01,2014,7,1,1,Minimal,0.0,1.38402227567792,0.9966634652139164,-1.4030833947907138,0.0447569469296017,0.0310319315364801,-0.1856040168280532,40.75326694270063,52.4686438073947,0.0,40.75326694270063,dry_jjas,337.281834884778,2.0,3.0,6,train,False
Tana River,2014-07-01,2014,7,2,2,Stressed,0.0,1.9161471737363207,0.999877905038154,-1.1231121059542568,-0.4886686610921525,-0.4635332425447124,-0.3895208254599676,30.510713729258264,36.66691752181558,19.61343118614468,10.897282543113583,dry_jjas,208.9215702880231,2.0,3.0,6,train,False
Tharaka-Nithi,2014-07-01,2014,7,2,2,Stressed,0.0,1.5739883968617654,0.99989691380049,-1.2555728362497918,-0.6336832668181863,-1.0451386403728715,-1.0046973016445166,42.8441651318896,41.56560536062356,24.51344230233797,18.330722829551632,dry_jjas,386.5660928989662,2.0,3.0,6,train,False
Trans Nzoia,2014-07-01,2014,7,1,1,Minimal,0.0,1.000079835388598,0.9976864050043228,-0.4187306418912194,0.6677610476908459,2.318950525246813,1.8792804524522309,61.36292284199018,74.23751505777098,82.66944917410837,-21.30652633211818,dry_jjas,575.422482832226,1.0,3.0,6,train,False
Turkana,2014-07-01,2014,7,2,2,Stressed,0.1336766489125,2.1336766489125,0.9606036726415692,-1.1158789384715608,0.2748133812183271,0.0697654035348269,0.7429104294041695,23.306718412486266,32.64204263210373,52.00503740930746,-28.698318996821197,dry_jjas,134.93439886021372,2.0,3.0,6,train,True
Uasin Gishu,2014-07-01,2014,7,1,1,Minimal,0.0,1.0,0.9997765773368544,-0.9719752416824092,0.4790586649029107,1.695206057471344,1.5774536630821814,63.86824773177204,81.42106510174972,92.50685899984272,-28.638611268070683,dry_jjas,466.5756532543863,1.0,3.0,6,train,False
Vihiga,2014-07-01,2014,7,1,1,Minimal,0.0,1.0,0.9994221612948906,-0.4098317210287552,0.0272807153006485,0.8799005249541672,0.6887334375812155,66.32852484196165,69.8690076162891,44.34941616048759,21.97910868147406,dry_jjas,638.2354464495623,1.0,3.0,6,train,False
Wajir,2014-07-01,2014,7,2,2,Stressed,0.0,2.0,0.9996795427681142,-0.6941083246295778,-0.164512368294966,-0.296558869408141,-0.1123877152174092,9.625612937462211,15.268533512728116,32.46682206888915,-22.84120913142694,dry_jjas,220.92597534518788,2.0,3.0,6,train,True
West Pokot,2014-07-01,2014,7,2,2,Stressed,0.01000929457747,1.9742153761029344,0.9926386850000684,-0.8856661595098905,-0.0111298520720852,0.7385264509861994,0.958136747054832,51.35752403370655,74.51465996131378,85.12698446806324,-33.769460434356695,dry_jjas,366.78840132412165,2.0,3.0,6,train,False
Baringo,2014-10-01,2014,10,2,2,Stressed,0.0,1.7129870071301685,0.9999123624072944,-1.803737370001084,-0.6225631946533383,-0.0388802583832076,0.7839188524266306,26.50082262015297,48.77800273289166,33.34924978391931,-6.848427163766342,short_rains,407.6410955536569,2.0,3.0,6,train,True
Bomet,2014-10-01,2014,10,1,1,Minimal,0.0,1.0,0.999729073525429,-3.269306871431183,-0.4256729198094754,-0.2697235010439428,0.7288453881760685,46.33715577517747,80.67101560236752,70.57799149942558,-24.240835724248107,short_rains,705.0356352221398,1.0,3.0,6,train,False
Bungoma,2014-10-01,2014,10,1,1,Minimal,0.0,1.0,0.9968273735961644,-2.131397579789289,-1.0130934484949952,-0.533171966981675,0.249246937514318,66.658729868005,61.07792671698695,44.74409261991919,21.914637248085803,short_rains,684.143518918554,1.0,3.0,6,train,False
Busia,2014-10-01,2014,10,1,1,Minimal,0.0,1.0,0.9128634605516268,-1.614026115296491,-0.817075021390527,-0.7245175651743526,0.3133443669807888,52.88545436105293,44.7241524969528,28.6527014884123,24.232752872640628,short_rains,504.89251568895395,1.0,3.0,6,train,False
Elgeyo-Marakwet,2014-10-01,2014,10,1,1,Minimal,0.0,1.0012773342366463,0.9998671153668504,-2.185398255367205,-1.2246844324368082,-0.5382214920913164,0.3023041488806725,39.15523756277332,51.7441742899467,31.157715976451087,7.997521586322236,short_rains,424.00498148048365,1.0,3.0,6,train,False
Embu,2014-10-01,2014,10,1,1,Minimal,0.0,1.3370725929478269,0.9999483687454,-1.0155709714856282,-0.064729466350497,-0.6716167194726206,-0.1095010171418504,79.95911458626547,57.91228012276831,19.825476512771036,60.13363807349444,short_rains,401.4457023614595,1.0,3.0,6,train,False
Garissa,2014-10-01,2014,10,2,2,Stressed,0.0804918702810077,2.0736623098671187,0.9995501958198022,0.7034832532610698,0.5372219341434216,-0.2200056911194538,-0.3600218630153798,45.10977825517013,43.6593669568435,19.66853636325652,25.441241891913606,short_rains,210.6771075185111,2.0,3.0,6,train,False
Homa Bay,2014-10-01,2014,10,1,1,Minimal,0.0,1.0,0.66830422924983,-2.513534568855974,-1.0719200965016384,-0.4516937223665527,0.3333167905542906,45.32787294199704,59.33453472147218,24.29676331831019,21.031109623686852,short_rains,658.3122810444571,1.0,3.0,6,train,False
Isiolo,2014-10-01,2014,10,2,2,Stressed,0.1579574686709959,2.1578332296694844,0.9999913459442036,0.0055144465649636,0.401777282025616,-0.0504939772913306,-0.8382990475024891,35.00195712191738,46.20341809592942,24.74116271483353,10.26079440708385,short_rains,121.15801476654195,2.0,3.0,6,train,False
Kajiado,2014-10-01,2014,10,1,1,Minimal,0.0,1.1046750293820726,0.9867108953580698,-1.952666024849758,-0.1053667206802094,-0.1022424887017536,0.6195353974924213,47.77410940429986,70.53649244746423,54.099837441972056,-6.325728037672199,short_rains,244.0590119973267,2.0,3.0,6,train,False
Kakamega,2014-10-01,2014,10,1,1,Minimal,0.0,1.0,0.9996644082966224,-1.9674311496215369,-0.9552196390424894,-0.5821606747623782,0.4330301104448231,42.01345590580858,54.9904288826508,40.182413837809726,1.831042067998851,short_rains,521.962946970816,1.0,3.0,6,train,False
Kericho,2014-10-01,2014,10,1,1,Minimal,0.0,1.0,0.9997003606571904,-2.5626067150336165,-0.5620056296499918,-0.2057338218660697,0.6237664138847603,69.83059221826962,63.1163751124177,41.801998304503776,28.02859391376584,short_rains,577.6437811642602,1.0,3.0,6,train,False
Kiambu,2014-10-01,2014,10,1,1,Minimal,0.0,1.0,0.999673347193444,-2.0915683606747297,-0.2717724852373316,-0.2885298741515816,0.672723173128226,100.0,82.3972485749464,71.90516602865074,28.09483397134926,short_rains,365.1581675938478,1.0,3.0,6,train,False
Kilifi,2014-10-01,2014,10,2,2,Stressed,0.0,1.7632789005706322,0.9941835409370672,-1.1399730755863304,0.1504508877574206,-0.165892419922166,-0.0580895475302477,59.060641163638174,51.414271329385656,30.184778446206472,28.8758627174317,short_rains,485.9236308469297,2.0,3.0,6,train,False
Kirinyaga,2014-10-01,2014,10,1,1,Minimal,0.0,1.000036250746341,0.9997566177338548,-1.0507779910377333,-0.0529204562158453,-0.4390032474936263,0.1681903264739089,100.0,79.24659389895626,56.96369612784752,43.03630387215248,short_rains,523.427425427593,1.0,3.0,6,train,False
Kisii,2014-10-01,2014,10,1,1,Minimal,0.0,1.0,0.9995810852329324,-2.4516107120917865,-0.6798859311086699,-0.3236518785481986,0.4961341273623281,53.23508643811601,63.35685439196656,38.28242812907642,14.952658309039585,short_rains,771.8724273402603,1.0,3.0,6,train,False
Kisumu,2014-10-01,2014,10,1,1,Minimal,0.0,1.0,0.7825715876310352,-2.4513322890585227,-0.8034593590579191,-0.4206374570422881,0.3812789452869409,11.123412357042278,43.75243851403079,16.24820736319921,-5.124795006156932,short_rains,650.4965825795291,1.0,3.0,6,train,False
Kitui,2014-10-01,2014,10,2,2,Stressed,0.0,1.995329541202281,0.9999452921442508,-0.8304157629840919,0.2024231134552951,-0.4245295969436932,-0.2885125893996806,66.9501122334754,45.1527845762454,28.962884616128985,37.987227617346406,short_rains,350.0498777837523,2.0,3.0,6,train,False
Kwale,2014-10-01,2014,10,2,2,Stressed,0.0,1.5613557594128606,0.9912437907622342,-1.2346025582541733,0.5744379218207959,0.3612462939719046,-0.0297969821589069,54.1325469127444,43.34702158052456,17.767716970050074,36.36482994269433,short_rains,461.4118591660762,2.0,3.0,6,train,False
Laikipia,2014-10-01,2014,10,1,1,Minimal,0.0,1.434314126646291,0.9999652013738972,-0.5117294010214651,0.488202407656716,0.4190241778101388,0.6308876413388069,47.421079385439015,58.61714135338385,35.44272819505816,11.978351190380856,short_rains,378.6133408439104,2.0,3.0,6,train,False
Lamu,2014-10-01,2014,10,1,1,Minimal,0.0,1.0,0.9772658860263104,-0.4381185421894691,-0.2450403145186332,-0.3372194561651167,-0.4869889070871107,53.58590738074229,41.44547302628118,32.243175017348726,21.342732363393566,short_rains,394.8891092289726,1.0,3.0,6,train,False
Machakos,2014-10-01,2014,10,1,1,Minimal,0.0,1.4619277803777664,0.999889161632078,-1.7382134380898264,0.088055103685575,-0.6035274386720586,0.2481657883211869,75.24296624207368,70.19260684917857,46.73263591549368,28.510330326579997,short_rains,347.0698296320569,1.0,3.0,6,train,False
Makueni,2014-10-01,2014,10,2,2,Stressed,0.0,1.679465561535952,0.9998602616695,-1.5167571367963597,-0.0841324579969225,-0.4263251063990168,0.0759061365138409,86.09442444812038,61.95515736733937,46.95668781978331,39.137736628337066,short_rains,210.84898907247097,2.0,3.0,6,train,False
Mandera,2014-10-01,2014,10,2,2,Stressed,0.1796902948955499,2.17969029489555,0.9935191845476448,-0.1519550751542874,-0.0055499801544513,0.7714385443112788,-0.8802172580915849,40.641953060877896,47.57891627474012,22.127827723286646,18.51412533759125,short_rains,147.72597818452132,2.0,3.0,6,train,False
Marsabit,2014-10-01,2014,10,2,2,Stressed,0.4108434835350395,2.4108434835350394,0.9301373558344948,-0.7742875489140185,-0.187552904052752,0.0895836332591181,-0.7135628719246264,40.00235196357378,70.43036896815629,33.502714765799496,6.499637197774284,short_rains,183.11284628508548,3.0,3.0,6,train,True
Meru,2014-10-01,2014,10,1,1,Minimal,0.0,1.4157831718425231,0.9999076296582126,-0.6863467988999801,0.0434605467813023,-0.391876375784385,-0.486242367784984,84.74987514186886,54.97667309026997,29.94717417643573,54.802700965433125,short_rains,469.95952152110806,1.0,3.0,6,train,False
Migori,2014-10-01,2014,10,1,1,Minimal,0.0,1.0,0.8116729345870678,-2.958457161821721,-1.004138744699395,-0.4541257954553408,0.3770502768567068,47.83393100107247,63.3107708916922,33.660482985086205,14.173448015986267,short_rains,460.4970135975702,1.0,3.0,6,train,False
Mombasa,2014-10-01,2014,10,1,1,Minimal,0.0,1.0006041684983675,0.9456085030411966,-1.883142276456536,-0.3930525420309509,-0.3536198310988781,0.0211633694622204,60.33477120776133,43.26092195407448,18.805402872684308,41.529368335077024,short_rains,339.4545465241538,1.0,3.0,6,train,False
Murang'a,2014-10-01,2014,10,1,1,Minimal,0.0,1.0011679908651794,0.9998268684991276,-1.9367249972081255,-0.3769078773745419,-0.318687122276239,0.7345746346733246,100.0,79.72994036656432,53.95024406841768,46.04975593158232,short_rains,600.9606534616394,1.0,3.0,6,train,False
Nairobi,2014-10-01,2014,10,1,1,Minimal,0.0,1.0,0.999331868418972,-1.947076262477824,-0.158064638540979,-0.2413683642083371,0.5448404034194334,70.27390461240124,84.64172487746337,58.39087411812607,11.883030494275168,short_rains,349.07589029272395,1.0,3.0,6,train,False
Nakuru,2014-10-01,2014,10,1,1,Minimal,0.0,1.0,0.9757983118149,-1.9842105662096836,-0.1436639457807496,0.1046811405444284,0.8725772177034377,49.074652380681535,66.9529523551545,58.33629784654223,-9.261645465860695,short_rains,337.82261196850334,1.0,3.0,6,train,False
Nandi,2014-10-01,2014,10,1,1,Minimal,0.0,1.0,0.9996627597035964,-2.240167575991303,-0.6971713129541096,-0.2853711276283866,0.6758710795869859,60.17039892238919,74.0727555865249,55.22008720151927,4.950311720869919,short_rains,636.3375639959971,1.0,3.0,6,train,False
Narok,2014-10-01,2014,10,1,1,Minimal,0.0,1.1985651313534358,0.9926597233607634,-2.162965166352227,-0.1824893747331264,-0.1249085709291679,0.8109975734813617,44.29177719965956,64.49220730426622,49.23285585535436,-4.941078655694795,short_rains,449.4351533314782,2.0,3.0,6,train,False
Nyamira,2014-10-01,2014,10,1,1,Minimal,0.0,1.0,0.9997642108519644,-2.6318514538883773,-0.5839941297247246,-0.3439870881824764,0.4528675775731631,50.90285194054319,63.634579353454,35.16099041569849,15.741861524844694,short_rains,707.0676224501927,1.0,3.0,6,train,False
Nyandarua,2014-10-01,2014,10,1,1,Minimal,0.0,1.0003271183062918,0.9998662713590224,-1.57158142209726,0.16064878335328,0.3151804013483472,0.96409047492355,66.20121426525913,69.47326488059022,65.62179391231419,0.5794203529449362,short_rains,478.59632261521887,1.0,3.0,6,train,False
Nyeri,2014-10-01,2014,10,1,1,Minimal,0.0,1.3902200484797762,0.9998586120217212,-0.9108472595248258,0.4305227157881997,0.2388995295561743,0.643542197151926,80.39902523244045,59.68721007950668,56.63490206316802,23.76412316927243,short_rains,596.5685209899478,1.0,3.0,6,train,False
Samburu,2014-10-01,2014,10,2,2,Stressed,0.245116103142821,2.245103062352798,0.9999556214490494,-0.3902499539348311,0.3408476985280487,0.1409565329647724,0.0437782836080393,52.22391994180448,62.42817680157735,33.40165600425529,18.822263937549195,short_rains,233.37064745956647,2.0,3.0,6,train,True
Siaya,2014-10-01,2014,10,1,1,Minimal,0.0,1.0,0.7119007907118109,-1.7111962180141476,-1.0066549729001708,-0.6223330257415388,0.3079003161214288,36.93410542527501,37.08395366901246,19.593530532440862,17.340574892834145,short_rains,703.9110029852106,1.0,3.0,6,train,False
Taita Taveta,2014-10-01,2014,10,1,1,Minimal,0.0,1.3044507704479482,0.9966744675129666,-1.0552900131026923,0.4624162463334527,0.2508689228715275,0.4135019718484533,55.94794505284746,50.10337567623804,42.510282557555726,13.437662495291733,short_rains,337.281834884778,1.0,3.0,6,train,False
Tana River,2014-10-01,2014,10,2,2,Stressed,0.0,1.604131699292017,0.9998808235364138,0.508408246022185,0.7618987101894868,-0.0234307943605602,-0.3169222327710393,51.67175182333548,46.21373867642767,20.49648328457624,31.175268538759237,short_rains,208.9215702880231,2.0,3.0,6,train,False
Tharaka-Nithi,2014-10-01,2014,10,2,2,Stressed,0.0,1.5737620624976976,0.9998969138004892,-1.0284772111415728,-0.3318473482772827,-0.7225244987348423,-0.3888807296730069,49.83529812976183,35.78355685419441,18.233267806612183,31.60203032314965,short_rains,386.5660928989662,2.0,3.0,6,train,False
Trans Nzoia,2014-10-01,2014,10,1,1,Minimal,0.0,1.000079835388598,0.9976864050043228,-3.401564985228509,-1.713189100320751,-0.721313649228698,0.2343656041774841,66.34978489082361,57.28780241247914,29.400102885122667,36.94968200570095,short_rains,575.422482832226,1.0,3.0,6,train,False
Turkana,2014-10-01,2014,10,2,2,Stressed,0.1334235522446505,2.1334235522446505,0.9606028976573152,-1.3215633556961728,-0.1969061941078524,-0.0441102219774565,-0.3526509639672721,34.688060883234584,42.049369196985616,12.835931704843516,21.852129178391067,short_rains,134.93439886021372,2.0,3.0,6,train,True
Uasin Gishu,2014-10-01,2014,10,1,1,Minimal,0.0,1.0,0.9997765773368542,-2.3204773777995262,-1.0026653657693785,-0.3873979089901084,0.4594786507367769,29.894419353720476,54.07132230252879,42.05124797969387,-12.156828625973393,short_rains,466.5756532543863,1.0,3.0,6,train,False
Vihiga,2014-10-01,2014,10,1,1,Minimal,0.0,1.0,0.9994221612948908,-2.034284726150597,-0.9852160918513136,-0.6156680287347346,0.5498351212586851,45.072662212614105,44.55541713491463,40.161052180146775,4.91161003246733,short_rains,638.2354464495623,1.0,3.0,6,train,False
Wajir,2014-10-01,2014,10,2,2,Stressed,0.290035605020349,2.290035605020349,0.9996965645251836,0.2170141756932729,0.3182887327653436,0.0938390803158083,-0.646101157434746,36.33243392289526,44.00227150639149,17.6029519493434,18.729481973551863,short_rains,220.92597534518788,2.0,3.0,6,train,True
West Pokot,2014-10-01,2014,10,2,2,Stressed,0.0,1.964205710791852,0.99262840390401,-3.1740414223388167,-2.1301366783934466,-1.6224969226957588,-0.5921042899353629,35.707787454402755,46.84496511760875,21.99967245619469,13.708114998208064,short_rains,366.78840132412165,2.0,3.0,6,train,False
Baringo,2015-01-01,2015,1,1,1,Minimal,0.0,1.4976969435556515,0.9999043327407596,-0.4784277781067325,-0.9305402677472304,-1.0024595839063002,-1.0723460037744497,28.959354102948943,29.372914223008923,21.017469363125528,7.941884739823415,dry_jf,407.6410955536569,2.0,3.0,6,train,True
Bomet,2015-01-01,2015,1,1,1,Minimal,0.0,1.0,0.999729073525429,0.177890728514657,-0.3056112184908023,-0.5115741069990076,-1.5897999334024406,38.26726095912915,38.85765272261984,0.0,38.26726095912915,dry_jf,705.0356352221398,1.0,3.0,6,train,False
Bungoma,2015-01-01,2015,1,1,1,Minimal,0.0,1.0,0.9968273735961644,0.8317846079107424,1.464212918397267,0.3040011796067603,-0.2951950402729482,35.01123607703501,83.10850981778387,66.89724611215307,-31.886010035118062,dry_jf,684.143518918554,1.0,3.0,6,train,False
Busia,2015-01-01,2015,1,1,1,Minimal,0.0,1.0,0.9128634605516264,0.8635255926287022,1.654267864440103,0.4226756306856257,-0.2420885385964145,42.89414069641792,38.963633465004335,99.38412676356263,-56.48998606714471,dry_jf,504.89251568895395,1.0,3.0,6,train,False
Elgeyo-Marakwet,2015-01-01,2015,1,1,1,Minimal,0.0,1.000104991301782,0.9998045959873204,-0.2963526182878286,-0.7393126915318181,-1.2887484827958513,-1.2959354236191027,16.03232280070511,81.96106981444174,32.12339271754529,-16.091069916840183,dry_jf,424.00498148048365,1.0,3.0,6,train,False
Embu,2015-01-01,2015,1,2,2,Stressed,0.0,1.737271367468622,0.9998669115224388,-0.510215255693436,-0.8575592252682281,-0.4267619473595264,-0.6618500049315009,10.593077664235077,27.18430942859088,6.404485810654446,4.188591853580631,dry_jf,401.4457023614595,1.0,3.0,6,train,False
Garissa,2015-01-01,2015,1,2,2,Stressed,0.120993316776184,2.1209742400319853,0.9995283438126894,-0.6957577561760625,0.5519270669889237,0.6478683607574154,0.7875318470405588,16.20337875661384,36.9173181798293,28.017410473052852,-11.814031716439011,dry_jf,210.6771075185111,2.0,3.0,6,train,False
Homa Bay,2015-01-01,2015,1,1,1,Minimal,0.0,1.0,0.66830422924983,0.0804613550387947,0.6721220606146219,-0.419660216433755,-0.9877858645697872,21.627453060848893,60.98726214716167,69.0100191178119,-47.382566056963,dry_jf,658.3122810444571,1.0,3.0,6,train,False
Isiolo,2015-01-01,2015,1,3,3,Crisis or worse,0.6441642735389025,2.6440400343502257,0.999989839465069,-1.2498708966759582,-0.9203147969124496,0.3011830588748195,0.2954157810738678,6.232861397720848,12.2919532533027,16.829148151680194,-10.596286753959346,dry_jf,121.15801476654195,2.0,3.0,6,train,False
Kajiado,2015-01-01,2015,1,2,2,Stressed,0.0,1.7123234488123646,0.9866998882124024,-0.8791511550463545,-0.8029059962963128,-0.3635907282620334,-0.9056248615663136,8.630884849978473,3.120660839615353,8.580194130587483,0.05069071939099068,dry_jf,244.0590119973267,1.0,3.0,6,train,False
Kakamega,2015-01-01,2015,1,1,1,Minimal,0.0,1.0,0.9996644082966216,0.8900603139097119,1.742415922256256,0.5749039024558908,-0.0343216396839381,57.67906799597465,64.35932904956462,52.70361800664359,4.975449989331061,dry_jf,521.962946970816,1.0,3.0,6,train,False
Kericho,2015-01-01,2015,1,1,1,Minimal,0.0,1.0,0.9997003606571924,0.5333252636475107,0.3878180249634767,-0.2488001190700347,-0.9791394081695832,33.68387811583288,81.53032604898368,33.1664399240568,0.5174381917760797,dry_jf,577.6437811642602,1.0,3.0,6,train,False
Kiambu,2015-01-01,2015,1,1,1,Minimal,0.0,1.0,0.999673347193444,-0.4778057146979854,-0.3403313417455322,-0.4014944728419176,-0.9777232821065824,40.83024919628653,45.68568487895129,36.40403237088512,4.426216825401411,dry_jf,365.1581675938478,1.0,3.0,6,train,False
Kilifi,2015-01-01,2015,1,1,1,Minimal,0.0,1.4150911810161206,0.9941797929276244,-0.0154993837274099,0.1017284168001198,0.1078594036616771,0.2054556170657628,47.1070600934192,62.65060339247441,77.27084318188334,-30.163783088464136,dry_jf,485.9236308469297,2.0,3.0,6,train,False
Kirinyaga,2015-01-01,2015,1,1,1,Minimal,0.0,1.0053350182541043,0.9997822519337244,-0.1934659696689539,-0.4643877582262377,-0.3123791870184777,-0.7731568603356685,45.71563833155238,44.38995266248832,38.350340703830646,7.365297627721731,dry_jf,523.427425427593,1.0,3.0,6,train,False
Kisii,2015-01-01,2015,1,1,1,Minimal,0.0,1.0,0.9995810852329328,-0.1128769100003786,0.1458783623275942,-0.445047254740425,-1.0145753006152711,76.62979627463754,64.43014705882338,30.277161746351403,46.35263452828614,dry_jf,771.8724273402603,1.0,3.0,6,train,False
Kisumu,2015-01-01,2015,1,1,1,Minimal,0.0,1.0,0.7825715876310352,0.5584680540112551,1.407813426505706,0.2579438449937571,-0.3468938143797949,42.488348352116205,67.23327710161598,36.65688462174188,5.831463730374324,dry_jf,650.4965825795291,1.0,3.0,6,train,False
Kitui,2015-01-01,2015,1,2,2,Stressed,0.0,1.996489822796806,0.9999456102629638,0.50033698497216,-0.7927257624003707,0.0194143332911683,-0.0207398959926374,13.061934011450374,24.156394702782084,30.99567033059389,-17.933736319143513,dry_jf,350.0498777837523,2.0,3.0,6,train,False
Kwale,2015-01-01,2015,1,2,2,Stressed,0.0,1.5617253829720128,0.9912437907622343,-0.1641342999963736,0.4944332823538706,0.7463052992785734,0.6219615091420615,50.5733090588461,55.71540913368993,68.71267411462856,-18.139365055782456,dry_jf,461.4118591660762,2.0,3.0,6,train,False
Laikipia,2015-01-01,2015,1,1,1,Minimal,0.0,1.434314126646291,0.9999652013738972,-1.0072802986953016,-1.211977997384634,-0.1902458842510981,-0.2366328536861372,24.580681312673157,21.807485857065423,25.77740422859064,-1.1967229159174835,dry_jf,378.6133408439104,1.0,3.0,6,train,False
Lamu,2015-01-01,2015,1,2,2,Stressed,0.0,1.9545114448601848,0.977293826433586,-0.457028220110158,0.9858763760662942,0.7816072594892974,0.920002756580073,75.77001831024147,100.0,77.13018764385137,-1.3601693336099032,dry_jf,394.8891092289726,1.0,3.0,6,train,False
Machakos,2015-01-01,2015,1,1,1,Minimal,0.0,1.0131112762311716,0.999926082286373,-0.3904010572169663,-0.6617140120296636,-0.1608467975657412,-0.5108516428480244,21.02242631118576,25.770930865164257,26.835141305111875,-5.8127149939261145,dry_jf,347.0698296320569,1.0,3.0,6,train,False
Makueni,2015-01-01,2015,1,2,2,Stressed,0.0,1.8768516193409288,0.9999276596696668,-0.1011044804902188,-0.8289300951034578,-0.290021700153813,-0.5583069968415286,20.845599359605576,36.36747024273204,44.99721801467345,-24.151618655067875,dry_jf,210.84898907247097,2.0,3.0,6,train,False
Mandera,2015-01-01,2015,1,2,2,Stressed,0.0,2.0,0.9935104441286544,1.1149774767432932,0.4489336475720539,0.0772851344822904,0.064380820445995,14.041320408869495,44.6905169869638,23.40858648556222,-9.367266076692726,dry_jf,147.72597818452132,2.0,3.0,6,train,False
Marsabit,2015-01-01,2015,1,2,2,Stressed,0.0,2.0,0.9301329759074554,0.5100919666988307,-0.0798664402585461,-0.2452901348424758,-0.3260941883556421,22.1211556022337,15.563060337781131,21.847527551269746,0.2736280509639535,dry_jf,183.11284628508548,2.0,3.0,6,train,True
Meru,2015-01-01,2015,1,1,1,Minimal,0.0,1.4157831718425231,0.9999076296582128,-1.0315661994625676,-1.268292880541868,-0.3753001820452171,-0.517447949569507,0.0,47.77770056702859,11.27803773516612,-11.27803773516612,dry_jf,469.95952152110806,1.0,3.0,6,train,False
Migori,2015-01-01,2015,1,1,1,Minimal,0.0,1.0,0.8116729345870678,-0.3575328926247797,-0.3777443589052042,-1.042193857450189,-1.454092260562628,35.86950599369521,54.80367695360834,65.36696681746727,-29.49746082377206,dry_jf,460.4970135975702,1.0,3.0,6,train,False
Mombasa,2015-01-01,2015,1,1,1,Minimal,0.0,1.0025092355253338,0.9456274732682326,-0.0870932658667843,-0.0047473835791673,-0.3000828062967324,-0.2100467385900162,45.98900371655053,51.74350055591509,49.41340382428478,-3.4244001077342503,dry_jf,339.4545465241538,1.0,3.0,6,train,False
Murang'a,2015-01-01,2015,1,1,1,Minimal,0.0,1.0,0.9998129313529576,-0.4531791207157478,-0.5138779568903252,-0.5517560376570007,-1.0766707918920813,29.33052543642243,55.06526387905861,29.71879444011176,-0.3882690036893308,dry_jf,600.9606534616394,1.0,3.0,6,train,False
Nairobi,2015-01-01,2015,1,1,1,Minimal,0.0,1.0038697666512075,0.9993498446852958,-0.2987799314454695,-0.5092903139913889,-0.4124825513125523,-0.9023358875350516,34.9480805986308,36.26363771090631,8.775349730273419,26.172730868357384,dry_jf,349.07589029272395,1.0,3.0,6,train,False
Nakuru,2015-01-01,2015,1,1,1,Minimal,0.0,1.0,0.9757983118149,-0.2283036569730111,-0.2762056714038253,-0.2753473679758744,-0.856991264042621,37.64053503009555,27.28064633925715,15.311680136762574,22.328854893332974,dry_jf,337.82261196850334,1.0,3.0,6,train,False
Nandi,2015-01-01,2015,1,1,1,Minimal,0.0,1.0,0.9996627597035956,0.2695817616400129,0.8583219652476834,0.0112155630937212,-0.4001228463393805,35.1000611582057,89.35262559077907,30.197930281748565,4.902130876457132,dry_jf,636.3375639959971,1.0,3.0,6,train,False
Narok,2015-01-01,2015,1,1,1,Minimal,0.0,1.0,0.9926538206670448,-0.0731120055688843,-0.3076134109232994,-0.3363607620414867,-1.4486681286212502,22.963589443418385,16.615836457662983,0.0,22.963589443418385,dry_jf,449.4351533314782,1.0,3.0,6,train,False
Nyamira,2015-01-01,2015,1,1,1,Minimal,0.0,1.0,0.9997642108519644,0.2968026213909484,0.3319621899634634,-0.268178416365489,-1.1665607639839402,71.5412555660282,29.046217348013872,40.40326849828653,31.13798706774167,dry_jf,707.0676224501927,1.0,3.0,6,train,False
Nyandarua,2015-01-01,2015,1,1,1,Minimal,0.0,1.0003271183062918,0.9998662713590224,-0.7932762863343785,-0.5576815096239749,-0.2221834139893381,-0.6706530996608397,19.24751322257645,48.354599420442106,24.19085437724645,-4.943341154669998,dry_jf,478.59632261521887,1.0,3.0,6,train,False
Nyeri,2015-01-01,2015,1,1,1,Minimal,0.0,1.3902200484797762,0.9998586120217212,-0.821719220754416,-0.6115825219376736,-0.0576759621506085,-0.5517053539770518,32.297294896108625,72.18496748846331,19.346803256256862,12.950491639851762,dry_jf,596.5685209899478,1.0,3.0,6,train,False
Samburu,2015-01-01,2015,1,2,2,Stressed,0.0005882230904349,2.0005751821181006,0.9999416421807176,-1.358442043025022,-1.4823857272675085,-0.0505321194514524,-0.0167299589363535,5.971232816819426,5.718070108990193,10.85155796692782,-4.880325150108393,dry_jf,233.37064745956647,2.0,3.0,6,train,True
Siaya,2015-01-01,2015,1,1,1,Minimal,0.0,1.0,0.7119007907118109,0.4243541213862059,1.2502365131127289,0.1137117462400532,-0.4525180620981575,23.863249519560316,8.861927082073723,58.62038861369959,-34.757139094139276,dry_jf,703.9110029852106,1.0,3.0,6,train,False
Taita Taveta,2015-01-01,2015,1,1,1,Minimal,0.0,1.3432643764097074,0.9966754269192268,-0.3794221939277299,-0.3220106107774406,0.3530682478241397,0.2642072702928792,11.43662492237378,30.473195011977744,36.1434375927626,-24.70681267038882,dry_jf,337.281834884778,1.0,3.0,6,train,False
Tana River,2015-01-01,2015,1,2,2,Stressed,0.0047279694077581,1.8905170310598975,0.999891662159616,-0.2380701665780269,-0.1241187162175252,0.6573409119336505,0.7173211202105637,28.435740699351825,42.340092075524645,40.751740267496814,-12.315999568144989,dry_jf,208.9215702880231,2.0,3.0,6,train,False
Tharaka-Nithi,2015-01-01,2015,1,2,2,Stressed,0.0,1.5737620624976976,0.9998969138004892,-0.7250649258878487,-1.224396564288894,-0.7736781730031247,-0.9243074311512228,2.888650881764403,25.677292948678115,0.0,2.888650881764403,dry_jf,386.5660928989662,2.0,3.0,6,train,False
Trans Nzoia,2015-01-01,2015,1,1,1,Minimal,0.0,1.0,0.997686329629118,0.7069933095433404,0.7404035270503906,-0.628150831587559,-1.1881548025739428,17.87908509839183,100.0,68.0430430602542,-50.16395796186238,dry_jf,575.422482832226,1.0,3.0,6,train,False
Turkana,2015-01-01,2015,1,2,2,Stressed,0.0,1.999749038495512,0.9605954412127692,0.6031930666606186,-0.4977211022879135,-0.4709022475143042,-0.5385522164209646,19.621429967228423,5.435035019439627,10.057324770185248,9.564105197043174,dry_jf,134.93439886021372,2.0,3.0,6,train,True
Uasin Gishu,2015-01-01,2015,1,1,1,Minimal,0.0,1.0,0.9997765773368542,0.1700730241454154,-0.0360435775014201,-0.8184683511908794,-0.9834382100367324,51.995035117974766,88.85976871834346,35.822121961609184,16.17291315636558,dry_jf,466.5756532543863,1.0,3.0,6,train,False
Vihiga,2015-01-01,2015,1,1,1,Minimal,0.0,1.0,0.9994221612948908,0.6974202458925237,1.6083303080533955,0.4370953892831145,-0.2114566465871566,66.43940469503268,79.74169887454724,58.24067565025423,8.198729044778446,dry_jf,638.2354464495623,1.0,3.0,6,train,False
Wajir,2015-01-01,2015,1,2,2,Stressed,0.2082612594271702,2.20826125942717,0.9996951729683528,0.4377623214901187,0.5731760331874975,0.3803667469259699,0.3931008450585912,8.831029857101317,9.84768494288668,21.708184599619784,-12.877154742518467,dry_jf,220.92597534518788,2.0,3.0,6,train,True
West Pokot,2015-01-01,2015,1,1,1,Minimal,0.0,1.3722601842683169,0.992638277323728,-0.0347595712527367,-0.8887323156649068,-2.018994893618746,-2.1844341891751102,32.37252572421628,29.81128646785618,17.290279044704107,15.082246679512174,dry_jf,366.78840132412165,2.0,3.0,6,train,False
Baringo,2015-04-01,2015,4,1,1,Minimal,0.0,1.414528727274044,0.9998978463856146,1.3289859606137528,0.8793815093444731,-0.0306583810373981,0.0013049457232417,78.84766246292513,64.72548928508861,66.51425086408975,12.333411598835383,long_rains,407.6410955536569,1.0,3.0,6,train,True
Bomet,2015-04-01,2015,4,1,1,Minimal,0.0,1.0,0.999729073525429,0.2406478943435607,1.5369604548645213,0.8361026490076663,1.5046223989342613,88.51959011288379,100.0,54.38141025322436,34.13817985965943,long_rains,705.0356352221398,1.0,3.0,6,train,False
Bungoma,2015-04-01,2015,4,1,1,Minimal,0.0,1.0,0.9968273735961644,1.9554186080444012,1.7538469489260775,2.026049554806994,1.5961860513438042,57.6494304095261,63.991297222786365,69.66775177583114,-12.018321366305038,long_rains,684.143518918554,1.0,3.0,6,train,False
Busia,2015-04-01,2015,4,1,1,Minimal,0.0,1.0,0.9128634605516264,2.118655422465678,2.0936456446947087,2.452547227161139,1.7777642059107683,92.5934480564251,79.28262977359442,61.58350528532706,31.009942771098046,long_rains,504.89251568895395,1.0,3.0,6,train,False
Elgeyo-Marakwet,2015-04-01,2015,4,1,1,Minimal,0.0,1.000104991301782,0.9998045959873204,1.5081969701170623,1.23069737560549,0.3995043295428551,0.2271546438511703,75.66268883622426,76.05560269325767,56.660401751016096,19.002287085208167,long_rains,424.00498148048365,1.0,3.0,6,train,False
Embu,2015-04-01,2015,4,2,2,Stressed,0.0,1.737271367468622,0.9998669115224388,-0.4826894892975051,-0.0585698282379296,-0.6721100755092941,1.7616690400974877,14.782884794999012,27.65176545722555,37.283032076718136,-22.500147281719123,long_rains,401.4457023614595,2.0,3.0,6,train,False
Garissa,2015-04-01,2015,4,2,2,Stressed,0.2514744989560136,2.021015605152224,0.9995493239719204,-0.8448287067828781,-0.9624492544266892,-0.3773794046789329,-0.5895679896317805,36.55023095679845,37.18895264419685,35.70522738308677,0.8450035737116792,long_rains,210.6771075185111,2.0,3.0,6,train,False
Homa Bay,2015-04-01,2015,4,1,1,Minimal,0.0,1.0,0.66830422924983,1.2734593305014474,2.941803565281912,2.55000398663014,2.595556021288816,62.792454351893085,78.91898834875371,57.77340593474129,5.019048417151794,long_rains,658.3122810444571,1.0,3.0,6,train,False
Isiolo,2015-04-01,2015,4,3,3,Crisis or worse,0.6514338097597191,2.651348066890511,0.9999892800402972,-0.4940575027576671,-0.4469248202199342,-0.7768293924755915,0.5612508123567013,6.823267414171829,22.30006448049914,12.702135191808887,-5.878867777637058,long_rains,121.15801476654195,3.0,3.0,6,train,False
Kajiado,2015-04-01,2015,4,1,1,Minimal,0.0,1.1358211389162636,0.9867102659870032,0.1048976044793624,0.1757867021783307,-0.7006473010250357,0.7374437443254511,51.71424643903989,50.62190253819501,33.46183414756579,18.2524122914741,long_rains,244.0590119973267,2.0,3.0,6,train,False
Kakamega,2015-04-01,2015,4,1,1,Minimal,0.0,1.0,0.999664408296622,1.8260763745412811,2.324861104692485,2.6338510235693904,2.10909776336604,91.59757948646588,90.77377861099912,64.3204386105957,27.277140875870174,long_rains,521.962946970816,1.0,3.0,6,train,False
Kericho,2015-04-01,2015,4,1,1,Minimal,0.0,1.0,0.9997003606571904,0.4951270348896422,1.8684936322514456,1.418274214455557,1.5126730043912986,71.95000754887073,82.94979237275554,44.00377633690846,27.94623121196227,long_rains,577.6437811642602,1.0,3.0,6,train,False
Kiambu,2015-04-01,2015,4,1,1,Minimal,0.0,1.0,0.999673347193444,0.2434506283688074,0.9796072017790144,0.0820557992068874,1.980135681325995,82.9760985396525,76.94376393325109,57.53551492438309,25.44058361526941,long_rains,365.1581675938478,1.0,3.0,6,train,False
Kilifi,2015-04-01,2015,4,2,2,Stressed,0.0,1.6908305032828308,0.9941733284503896,-0.3619042326847506,-0.3843476071871597,-0.2449664479979475,-0.2866549728534355,62.84946258649793,69.47975520749047,58.3990180509274,4.450444535570526,long_rains,485.9236308469297,1.0,3.0,6,train,False
Kirinyaga,2015-04-01,2015,4,1,1,Minimal,0.0,1.0053350182541043,0.9997822519337232,-0.140324567240339,0.6694474630585305,0.0657433653437794,2.2342252682036,99.39626518615732,60.62725908288617,64.98475965616403,34.41150552999329,long_rains,523.427425427593,1.0,3.0,6,train,False
Kisii,2015-04-01,2015,4,1,1,Minimal,0.0,1.0,0.9995810852329324,0.4311775046635404,2.326886405003238,1.8525770826500103,2.496220269734918,90.4333765629156,98.33451082746896,71.68461867722532,18.74875788569028,long_rains,771.8724273402603,1.0,3.0,6,train,False
Kisumu,2015-04-01,2015,4,1,1,Minimal,0.0,1.0,0.7825715876310352,1.4281579471260455,2.854111105049096,3.364111287525541,2.3954412837686045,54.53878438248523,86.91834175950468,100.0,-45.46121561751477,long_rains,650.4965825795291,1.0,3.0,6,train,False
Kitui,2015-04-01,2015,4,2,2,Stressed,0.0,1.994644402605614,0.9999464587947052,-0.811109789192849,-0.7208210435120034,-1.015273611030871,0.9866457765115682,6.524684899790467,31.731031724969053,34.14426575960039,-27.619580859809922,long_rains,350.0498777837523,2.0,3.0,6,train,False
Kwale,2015-04-01,2015,4,2,2,Stressed,0.0,1.5613557594128606,0.9912437907622342,0.4139541490523485,0.7279781258413653,0.7675784215419501,0.2643658620743019,62.059433914842224,68.33214355279037,66.32161095411355,-4.262177039271329,long_rains,461.4118591660762,2.0,3.0,6,train,False
Laikipia,2015-04-01,2015,4,2,2,Stressed,0.0,1.9048136396451507,0.9999614994912924,0.1429304712312602,1.21306902398314,-0.0651613794813521,0.3556775457680978,67.61238878037351,60.64461995137011,41.4085168177602,26.203871962613306,long_rains,378.6133408439104,1.0,3.0,6,train,False
Lamu,2015-04-01,2015,4,1,1,Minimal,0.0,1.0,0.9772658860263104,-0.5944096812956424,-1.4685867176837308,0.4744920819036782,-0.5876937458126882,76.55188074359782,74.38100911780847,82.23479446728365,-5.682913723685829,long_rains,394.8891092289726,2.0,3.0,6,train,False
Machakos,2015-04-01,2015,4,1,1,Minimal,0.0,1.0099720330081918,0.9999220627037928,-0.2718763074053617,-0.1981125796490287,-0.7865720566330501,0.8260492095485231,16.037851503544132,36.70540167674829,42.90972508551611,-26.871873581971975,long_rains,347.0698296320569,1.0,3.0,6,train,False
Makueni,2015-04-01,2015,4,1,1,Minimal,0.0,1.426853184081701,0.9998733257861332,-0.3314101705780988,-0.3518872104995388,-0.8834374742894993,0.2573770141509198,19.78397976746789,43.01877225189613,46.49869902980938,-26.71471926234149,long_rains,210.84898907247097,2.0,3.0,6,train,False
Mandera,2015-04-01,2015,4,2,2,Stressed,0.0,2.0,0.9935104441286544,-0.4116229009936326,-0.4135288779003114,-0.1674006717035081,0.950346085932132,35.99148201249113,19.40282676635183,28.500119283346383,7.49136272914475,long_rains,147.72597818452132,2.0,3.0,6,train,False
Marsabit,2015-04-01,2015,4,2,2,Stressed,0.2977780536436492,2.297778053643649,0.9301373421877136,-0.2027756951374321,-0.1463161595109941,-0.2483700424147096,0.2916196100527558,29.290076875082526,69.58078672970976,41.71934253358216,-12.42926565849963,long_rains,183.11284628508548,2.0,3.0,6,train,True
Meru,2015-04-01,2015,4,1,1,Minimal,0.0,1.415992132473732,0.999908101123714,-0.5927719661442622,-0.2074103254917731,-0.8904346099301932,1.7970630936678271,47.40908393291771,70.28148434727954,26.567445737010203,20.841638195907507,long_rains,469.95952152110806,1.0,3.0,6,train,False
Migori,2015-04-01,2015,4,1,1,Minimal,0.0,1.0,0.8116729345870676,1.2209926810795966,2.5118709018496843,1.722544464007528,2.2004255081590536,97.7700706271952,72.43128522981753,60.43183982278458,37.338230804410614,long_rains,460.4970135975702,1.0,3.0,6,train,False
Mombasa,2015-04-01,2015,4,1,1,Minimal,0.0,1.0006041684983675,0.9456085030411966,0.1537546876061175,0.0600992581875171,-0.0419168365984264,-0.395779016183966,82.09175471249105,77.99753700545527,69.71913034677372,12.372624365717328,long_rains,339.4545465241538,1.0,3.0,6,train,False
Murang'a,2015-04-01,2015,4,1,1,Minimal,0.0,1.0,0.9998129313529576,-0.2168062641438308,0.5421243192456027,-0.164746206283979,1.7978768937835208,79.17139865390192,71.59561333430177,62.45425129309992,16.717147360801995,long_rains,600.9606534616394,1.0,3.0,6,train,False
Nairobi,2015-04-01,2015,4,1,1,Minimal,0.0,1.0,0.9993318684189716,0.689120281126212,0.9355577529041674,-0.1780944431396258,1.601104512575502,77.17721252472258,70.44624133570255,43.67830290453021,33.498909620192364,long_rains,349.07589029272395,1.0,3.0,6,train,False
Nakuru,2015-04-01,2015,4,1,1,Minimal,0.0,1.0,0.9757983118149,0.4879035141729779,0.820303220178318,0.28306167629639,0.560985211768559,66.42035109001505,73.74740256438221,59.50989436520348,6.910456724811567,long_rains,337.82261196850334,1.0,3.0,6,train,False
Nandi,2015-04-01,2015,4,1,1,Minimal,0.0,1.0,0.9996627597035964,1.419130758656748,2.321416025284543,2.118942013317763,1.722586734464788,71.25513063883025,60.50141233463496,56.90000270015542,14.355127938674833,long_rains,636.3375639959971,1.0,3.0,6,train,False
Narok,2015-04-01,2015,4,1,1,Minimal,0.0,1.0,0.9926538206670446,1.0302838276524455,2.197631873834362,1.0311791340886394,1.843899622379753,90.73988840428328,67.46412917538056,59.96177590311293,30.778112501170348,long_rains,449.4351533314782,1.0,3.0,6,train,False
Nyamira,2015-04-01,2015,4,1,1,Minimal,0.0,1.0,0.9997642108519644,0.2785894161606226,1.966308963565853,1.719524059636429,2.3998826993511817,89.14065814358929,76.89955610715474,87.80313772624717,1.3375204173421196,long_rains,707.0676224501927,1.0,3.0,6,train,False
Nyandarua,2015-04-01,2015,4,1,1,Minimal,0.0,1.0012708819238296,0.999877973768995,0.1389409776210193,0.7009989320721208,-0.0383119545304324,0.4409486654419359,87.94866016780077,86.05666986639045,48.02817304078248,39.92048712701829,long_rains,478.59632261521887,1.0,3.0,6,train,False
Nyeri,2015-04-01,2015,4,1,1,Minimal,0.0,1.3904877355173728,0.9998584883435062,0.0120066718370154,0.8125643025920796,0.002907600364272,1.3174562822636382,85.1551397406768,83.09229837380488,28.77076995666845,56.384369784008356,long_rains,596.5685209899478,1.0,3.0,6,train,False
Samburu,2015-04-01,2015,4,2,2,Stressed,0.0005882230904349,2.000588223090435,0.9999416421807176,-0.0305745227941475,0.4181839758031189,-0.7071199637713343,-0.0547786419380934,53.97529785909592,66.58471206908413,31.880727549242568,22.09457030985335,long_rains,233.37064745956647,2.0,3.0,6,train,True
Siaya,2015-04-01,2015,4,1,1,Minimal,0.0,1.0,0.7119007907118109,2.04452928454454,2.70981645952691,2.707183365771777,2.067276933123685,74.52485029265614,91.40141733341385,67.30671553020007,7.218134762456074,long_rains,703.9110029852106,1.0,3.0,6,train,False
Taita Taveta,2015-04-01,2015,4,1,1,Minimal,0.0,1.3426340719085608,0.9966744675129676,-0.515628704718795,-0.2168695167325897,-0.3937929281169491,-0.091992947543297,18.14019530013347,53.982727420234426,48.96074786615735,-30.820552566023878,long_rains,337.281834884778,1.0,3.0,6,train,False
Tana River,2015-04-01,2015,4,2,2,Stressed,0.0025490177687375,1.5929261667916623,0.9998841708765072,-0.7077125510287372,-0.685441695759629,-0.6705465138133361,0.0093067483810807,17.05831716296937,41.0754838252738,45.33547548864794,-28.277158325678567,long_rains,208.9215702880231,2.0,3.0,6,train,False
Tharaka-Nithi,2015-04-01,2015,4,2,2,Stressed,0.0,1.5737620624976976,0.9998969138004892,-0.5475692561495484,-0.2647933721650805,-1.001893007294754,1.6945180102123047,14.344919166127845,34.87091332231965,35.292601225668164,-20.94768205954032,long_rains,386.5660928989662,2.0,3.0,6,train,False
Trans Nzoia,2015-04-01,2015,4,1,1,Minimal,0.0,1.0,0.997686329629118,2.0999326494965493,1.910524324601104,1.717985758157393,1.373533900454608,84.95798827630911,64.61829847475322,70.14981588043536,14.808172395873754,long_rains,575.422482832226,1.0,3.0,6,train,False
Turkana,2015-04-01,2015,4,2,2,Stressed,0.0405666353565521,2.040315674133903,0.9605965199981584,1.192393099325622,1.1238240178010654,0.0720552660685705,0.3224021639533634,59.19382613884114,78.57269840567945,38.95806487278313,20.235761266058006,long_rains,134.93439886021372,2.0,3.0,6,train,True
Uasin Gishu,2015-04-01,2015,4,1,1,Minimal,0.0,1.0,0.9997765773368542,1.5642219280309788,1.5762822854502168,0.9804845615699368,0.8271988297537818,94.1388181222437,68.56098510070352,73.66431988359162,20.47449823865209,long_rains,466.5756532543863,1.0,3.0,6,train,False
Vihiga,2015-04-01,2015,4,1,1,Minimal,0.0,1.0,0.9994221612948908,1.9713253242320696,2.69719581615344,3.086248593493471,2.228505568861185,84.25619121732741,93.93265198644802,71.66015256779338,12.596038649534037,long_rains,638.2354464495623,1.0,3.0,6,train,False
Wajir,2015-04-01,2015,4,2,2,Stressed,0.2568801722757163,2.256880172275716,0.9996811168520446,-0.6743129070022037,-0.674909219899869,-0.3758203289132641,0.6145280912693507,11.238295733074478,23.30510565025349,22.94342605707408,-11.705130323999603,long_rains,220.92597534518788,2.0,3.0,6,train,True
West Pokot,2015-04-01,2015,4,1,1,Minimal,0.0,1.3722601842683169,0.992638277323728,1.8609928852350135,1.5639187420198772,0.392043508386498,0.218414788372414,85.48246470130671,81.11011038790224,60.31686027450812,25.165604426798588,long_rains,366.78840132412165,1.0,3.0,6,train,False
Baringo,2015-07-01,2015,7,1,1,Minimal,0.0,1.4567850854269482,0.9998992301860676,-1.3092574360037288,-0.2146831652937662,0.4657458136658884,0.6727418302094692,29.94068291553065,59.41602478581692,74.65179311708728,-44.71111020155663,dry_jjas,407.6410955536569,1.0,3.0,6,train,True
Bomet,2015-07-01,2015,7,1,1,Minimal,0.0,1.0,0.999729073525429,-2.3069657798782868,-1.1289518490895831,-0.2944766706547315,-0.3813781799133228,55.48616462642848,74.16267504801156,31.2420182879534,24.244146338475083,dry_jjas,705.0356352221398,1.0,3.0,6,train,False
Bungoma,2015-07-01,2015,7,1,1,Minimal,0.0,1.0,0.9968273735961646,-2.6000386138912592,-0.4457396235638723,0.9560845541583554,0.9742466655042477,37.35515129058621,60.05051408185974,80.01912177279992,-42.66397048221371,dry_jjas,684.143518918554,1.0,3.0,6,train,False
Busia,2015-07-01,2015,7,1,1,Minimal,0.0,1.0,0.9128634605516264,-2.909794809474442,-0.6286127275406284,0.5934598890227062,1.1177926322575402,40.03211689361607,60.08993959207158,61.75657469430824,-21.72445780069217,dry_jjas,504.89251568895395,1.0,3.0,6,train,False
Elgeyo-Marakwet,2015-07-01,2015,7,1,1,Minimal,0.0,1.0001078826034402,0.9998045959873204,-1.6403519318703708,-0.3339168473622793,0.6198616725980339,0.7971813258180942,41.97670042480444,71.79591494306638,81.37664587645227,-39.39994545164783,dry_jjas,424.00498148048365,1.0,3.0,6,train,False
Embu,2015-07-01,2015,7,2,2,Stressed,0.0,1.737271367468622,0.9998669115224388,-0.7825773803937524,-0.4319489751369335,-0.4266603464970482,-0.5282897622888962,13.144783521805358,47.10916668184472,34.83647977547462,-21.691696253669264,dry_jjas,401.4457023614595,2.0,3.0,6,train,False
Garissa,2015-07-01,2015,7,2,2,Stressed,0.0,1.993151309670935,0.9995423747732204,-0.6365578903888498,0.060061376126703,-0.2905107249322802,-0.0739786836835722,20.958567688574156,28.80662407588859,26.856184892936785,-5.8976172043626285,dry_jjas,210.6771075185111,2.0,3.0,6,train,False
Homa Bay,2015-07-01,2015,7,1,1,Minimal,0.0,1.0,0.66830422924983,-2.502373520277111,-0.7822362471449114,0.7396239926948117,0.6169833214135391,16.932382264603884,46.90027913712035,43.06299376747797,-26.130611502874086,dry_jjas,658.3122810444571,1.0,3.0,6,train,False
Isiolo,2015-07-01,2015,7,2,2,Stressed,0.4928716127210195,2.49278586964221,0.999986835534499,-0.6359836681810532,-0.024025369361081,-0.1664483837839916,-0.0129534307699752,14.814410740291544,29.651546416206514,18.539743625518746,-3.7253328852272016,dry_jjas,121.15801476654195,3.0,3.0,6,train,False
Kajiado,2015-07-01,2015,7,2,2,Stressed,0.0,1.71251838526459,0.986701352873605,-1.4814846571146032,-0.3586644058204805,-0.3430535053519494,-0.0406886506652187,21.31877448728033,32.95622996701436,17.482411278321663,3.836363208958666,dry_jjas,244.0590119973267,1.0,3.0,6,train,False
Kakamega,2015-07-01,2015,7,1,1,Minimal,0.0,1.0,0.9996644082966216,-2.9554349788048877,-0.6626867411596394,1.2071781086387603,0.856901597937171,33.39703750326464,67.800182925317,73.80645075877665,-40.40941325551201,dry_jjas,521.962946970816,1.0,3.0,6,train,False
Kericho,2015-07-01,2015,7,1,1,Minimal,0.0,1.0,0.9997003606571906,-2.238244703564421,-0.8938702829077445,0.258637120850973,0.0686566707975953,41.96976650652601,73.19082072975556,58.6481066825236,-16.67834017599759,dry_jjas,577.6437811642602,1.0,3.0,6,train,False
Kiambu,2015-07-01,2015,7,1,1,Minimal,0.0,1.0,0.9996733471934438,-1.1075110910588335,-0.3574083407877639,-0.0108812281302582,-0.0445659280901458,38.30647826686766,51.43554904935076,59.66466186907774,-21.358183602210083,dry_jjas,365.1581675938478,1.0,3.0,6,train,False
Kilifi,2015-07-01,2015,7,2,2,Stressed,0.0,1.751349028240912,0.9941545741747292,-0.6903491399479185,1.264240918635879,0.6336651808608281,0.3329159074436003,33.06005768717247,40.66520241514833,70.14599829514462,-37.085940607972155,dry_jjas,485.9236308469297,2.0,3.0,6,train,False
Kirinyaga,2015-07-01,2015,7,1,1,Minimal,0.0,1.0053350182541043,0.9997822519337244,-0.7077696235284262,-0.4782421624423312,-0.0402304005579369,-0.2625640271482214,42.28857236490119,33.250177131195954,41.01422893216205,1.274343432739144,dry_jjas,523.427425427593,1.0,3.0,6,train,False
Kisii,2015-07-01,2015,7,1,1,Minimal,0.0,1.0,0.9995810852329324,-2.7907670270564497,-1.081584255448778,0.62196652869633,-0.0676246219432719,38.81894579838465,76.64382609760733,57.484732759687766,-18.66578696130312,dry_jjas,771.8724273402603,1.0,3.0,6,train,False
Kisumu,2015-07-01,2015,7,1,1,Minimal,0.0,1.0,0.7825715876310352,-2.7084348234937794,-0.6184375755557036,0.8174859415395681,0.7299804908760498,21.07574089343756,59.39320391359864,44.41902734202899,-23.34328644859143,dry_jjas,650.4965825795291,1.0,3.0,6,train,False
Kitui,2015-07-01,2015,7,2,2,Stressed,0.0,1.9951186529605145,0.9999459528514596,-1.1316545528676811,-0.5013228188318156,-0.6226758437876285,-0.5258319756949055,32.610664490330905,50.43803759189029,45.83569304060736,-13.225028550276456,dry_jjas,350.0498777837523,2.0,3.0,6,train,False
Kwale,2015-07-01,2015,7,2,2,Stressed,0.0,1.5613557594128606,0.9912437907622342,-0.9687371102041334,1.119259933891382,1.0262883716847313,1.0150580817453387,24.74532776941768,55.20118497350745,65.90595124094389,-41.16062347152621,dry_jjas,461.4118591660762,2.0,3.0,6,train,False
Laikipia,2015-07-01,2015,7,2,2,Stressed,0.0,1.9048136396451507,0.9999614994912924,-0.7317879228508534,-0.0218869651996749,0.5416380072853115,0.3885655142896022,12.974932851754382,41.79549195491233,44.754490043602914,-31.779557191848532,dry_jjas,378.6133408439104,2.0,3.0,6,train,False
Lamu,2015-07-01,2015,7,1,1,Minimal,0.0,1.0007205978973983,0.97726615584521,-0.60089012478423,0.7190520877930627,-0.1586095783638675,0.0790563471800041,43.20716709692381,56.14574178548377,63.23297337980105,-20.02580628287724,dry_jjas,394.8891092289726,1.0,3.0,6,train,False
Machakos,2015-07-01,2015,7,1,1,Minimal,0.0,1.0131112762311716,0.999926082286373,-1.2045774138503995,-0.8159957618059711,-0.8135531948545125,-0.5685811922233737,29.672281568261383,59.24681006243205,27.34584593116617,2.326435637095212,dry_jjas,347.0698296320569,1.0,3.0,6,train,False
Makueni,2015-07-01,2015,7,2,2,Stressed,0.0,1.7108756719679667,0.9999203027119145,-1.4022417084711918,-0.552458267772235,-0.5883543877437395,-0.3004247922129329,27.19540539713142,55.05829161886415,37.0469998902104,-9.85159449307898,dry_jjas,210.84898907247097,1.0,3.0,6,train,False
Mandera,2015-07-01,2015,7,2,2,Stressed,0.0,2.0,0.9935104441286544,-0.3337701373621847,0.5784259161701539,0.136869104794813,0.2897827553240704,8.021963414385596,21.738988183924278,48.82968622967297,-40.80772281528738,dry_jjas,147.72597818452132,2.0,3.0,6,train,False
Marsabit,2015-07-01,2015,7,2,2,Stressed,0.0001976127764268,2.000197612776427,0.9301329762150664,-0.8907043950263702,-0.2118988090765189,-0.2363243995024882,-0.1488310545453249,11.973315841604572,21.37682487509468,21.505966956350704,-9.532651114746132,dry_jjas,183.11284628508548,2.0,3.0,6,train,True
Meru,2015-07-01,2015,7,1,1,Minimal,0.0,1.415992132473734,0.9999081011237164,-0.8204126206162847,-0.3657471789766242,-0.3931424036539737,-0.4061119630895607,12.987146436167368,36.08142617855337,30.526279208392143,-17.539132772224775,dry_jjas,469.95952152110806,1.0,3.0,6,train,False
Migori,2015-07-01,2015,7,1,1,Minimal,0.0,1.0,0.8116729345870678,-3.0036838907609447,-1.0508869863467885,0.2709729305722613,0.2298949723123717,31.837861159696946,70.13695213186939,55.01242884294805,-23.1745676832511,dry_jjas,460.4970135975702,1.0,3.0,6,train,False
Mombasa,2015-07-01,2015,7,1,1,Minimal,0.0,1.0006041684983675,0.9456085030411966,-0.4103745247245743,1.5324187485726164,0.9212027359724188,0.6870183031855207,31.848475850794017,55.325933518626535,74.50746729666335,-42.65899144586933,dry_jjas,339.4545465241538,1.0,3.0,6,train,False
Murang'a,2015-07-01,2015,7,1,1,Minimal,0.0,1.0,0.9998129313529576,-0.9868313443753468,-0.4017828678461099,-0.0918025513698752,-0.2253263766070681,41.11807880091671,66.68253317617507,61.18918415361581,-20.0711053526991,dry_jjas,600.9606534616394,1.0,3.0,6,train,False
Nairobi,2015-07-01,2015,7,1,1,Minimal,0.0,1.0038697666512075,0.9993498446852987,-1.117505809205838,-0.4154596044330573,-0.191418046999367,0.0623604262457268,21.91380563527353,36.10085222375139,46.66395664732433,-24.750151012050804,dry_jjas,349.07589029272395,1.0,3.0,6,train,False
Nakuru,2015-07-01,2015,7,1,1,Minimal,0.0,1.0,0.9757983118149,-1.2435655912061243,-0.6978886063766327,-0.0637025426068465,-0.0425931348912526,30.270933296064705,51.036743889745765,35.63539916380565,-5.364465867740947,dry_jjas,337.82261196850334,1.0,3.0,6,train,False
Nandi,2015-07-01,2015,7,1,1,Minimal,0.0,1.0,0.9996627597035966,-2.405060775556213,-0.7557941253377705,1.1363317955907626,0.8378157646396125,45.12400229857067,80.50787793957456,81.86321435184495,-36.73921205327427,dry_jjas,636.3375639959971,1.0,3.0,6,train,False
Narok,2015-07-01,2015,7,1,1,Minimal,0.0,1.1059548101190084,0.9926597233607636,-2.1978743906185634,-1.026808320431855,-0.1376197457504636,-0.0236704121241922,41.83388059926615,46.03652259274232,23.59026988484088,18.243610714425273,dry_jjas,449.4351533314782,1.0,3.0,6,train,False
Nyamira,2015-07-01,2015,7,1,1,Minimal,0.0,1.0,0.9997642108519644,-2.7296413302301623,-0.9213224395022128,0.3913789845273917,-0.1368868950574443,35.60611664809393,71.50828772017518,31.04079205447636,4.5653245936175715,dry_jjas,707.0676224501927,1.0,3.0,6,train,False
Nyandarua,2015-07-01,2015,7,1,1,Minimal,0.0,1.0012708819238296,0.9998779737689952,-1.0468837592858595,-0.6214931823595161,-0.0462112888424804,-0.0717372140365241,46.93916999966279,61.49640968757697,26.817336901768947,20.12183309789384,dry_jjas,478.59632261521887,1.0,3.0,6,train,False
Nyeri,2015-07-01,2015,7,1,1,Minimal,0.0,1.390487735517373,0.9998584883435058,-0.791038218472745,-0.2964773617268096,0.18882835979255,0.0990813640535161,31.938185053301904,40.088820792605766,42.00230561714374,-10.064120563841836,dry_jjas,596.5685209899478,1.0,3.0,6,train,False
Samburu,2015-07-01,2015,7,2,2,Stressed,0.0005882230904349,2.000588223090435,0.9999416421807176,-0.7556953605739664,-0.269126437052424,-0.1128625922986356,-0.1903495797202028,22.11845709544576,44.58649873918765,36.31156472612195,-14.193107630676192,dry_jjas,233.37064745956647,2.0,3.0,6,train,True
Siaya,2015-07-01,2015,7,1,1,Minimal,0.0,1.0,0.7119007907118109,-2.53166518770844,-0.5090233787322026,0.7730872255570829,0.9831976294906196,30.673812647451776,40.53334880047759,39.88411484882306,-9.210302201371285,dry_jjas,703.9110029852106,1.0,3.0,6,train,False
Taita Taveta,2015-07-01,2015,7,1,1,Minimal,0.0,1.3437464257800205,0.9966754258458158,-1.4149894393813238,0.3546290360505776,0.2188528705317005,0.2884267094969847,25.505086588448403,48.59518558160398,28.367671935343186,-2.8625853468947824,dry_jjas,337.281834884778,1.0,3.0,6,train,False
Tana River,2015-07-01,2015,7,2,2,Stressed,0.0,1.889950779866,0.9998750731838612,-0.9253695641738142,-0.0291839776571732,-0.2074160681549715,0.0632305949664031,28.678984042160472,39.17518583314787,46.58279367521003,-17.903809633049555,dry_jjas,208.9215702880231,2.0,3.0,6,train,False
Tharaka-Nithi,2015-07-01,2015,7,2,2,Stressed,0.0,1.5737620624976976,0.9998969138004892,-0.7828760991392133,-0.3138406136073202,-0.3936988572270332,-0.4481273658934038,16.98547352202525,27.580047552251752,29.017826490137047,-12.032352968111798,dry_jjas,386.5660928989662,2.0,3.0,6,train,False
Trans Nzoia,2015-07-01,2015,7,1,1,Minimal,0.0,1.000079835388598,0.9976864050043228,-1.7553625575988498,-0.5402422275131049,1.3427672259799133,1.2265747811776526,28.28129203427501,66.07069757294146,81.72638330268657,-53.44509126841156,dry_jjas,575.422482832226,1.0,3.0,6,train,False
Turkana,2015-07-01,2015,7,2,2,Stressed,0.0,1.999749038495512,0.9605954412127692,-1.299677155052524,0.1940616313181994,0.6061465954848763,0.9370748939699888,29.93519723100908,44.95395752451047,54.10850012537923,-24.17330289437015,dry_jjas,134.93439886021372,2.0,3.0,6,train,True
Uasin Gishu,2015-07-01,2015,7,1,1,Minimal,0.0,1.0,0.999776577336855,-1.8355894181844528,-0.3671091203772177,0.8484506363121318,0.8194467442303666,34.853779892700864,59.28543885619973,69.63870046195782,-34.78492056925696,dry_jjas,466.5756532543863,1.0,3.0,6,train,False
Vihiga,2015-07-01,2015,7,1,1,Minimal,0.0,1.0,0.9994221612948908,-2.861366485228418,-0.5869388654765381,1.1074561113087125,0.7836892005062067,22.30427415087241,67.85667496397237,72.65780704569681,-50.353532894824404,dry_jjas,638.2354464495623,1.0,3.0,6,train,False
Wajir,2015-07-01,2015,7,2,2,Stressed,0.1161352925910799,2.11613529259108,0.9996822336657848,-0.4299572249138947,0.1199448487180201,-0.2001111616168043,0.0014232589723242,2.468304087811217,13.37708559975726,24.26096178679289,-21.792657698981674,dry_jjas,220.92597534518788,2.0,3.0,6,train,True
West Pokot,2015-07-01,2015,7,1,1,Minimal,0.0,1.4523024832184483,0.992658495186474,-1.7176033520092138,-0.4963297748507616,0.7932705515568087,0.9191497732909656,32.87396217195564,63.15608129614419,84.80773872136945,-51.93377654941381,dry_jjas,366.78840132412165,1.0,3.0,6,train,False
Baringo,2015-10-01,2015,10,1,1,Minimal,0.0,1.414528727274044,0.9998978463856146,0.7415108270076585,-0.207938322478063,-0.3088423041597612,-0.454955858208161,46.18527580116938,3.6238197872249343,8.694328260400926,37.49094754076846,short_rains,407.6410955536569,1.0,3.0,6,train,True
Bomet,2015-10-01,2015,10,1,1,Minimal,0.0,1.0,0.999729073525429,2.17736404389908,0.1769969611114896,-0.6925390571904619,-1.290889619703974,3.395127780694504,0.0,33.533954325198216,-30.13882654450371,short_rains,705.0356352221398,1.0,3.0,6,train,False
Bungoma,2015-10-01,2015,10,1,1,Minimal,0.0,1.0,0.9968273735961644,1.0558898354126678,-0.6185437534567043,-0.7134588580195348,-1.0360658015721018,15.877786774220022,6.789924237159995,17.73776757912816,-1.8599808049081386,short_rains,684.143518918554,1.0,3.0,6,train,False
Busia,2015-10-01,2015,10,1,1,Minimal,0.0,1.0,0.9128634605516264,1.3834628521487042,-0.1737870888352496,-0.5640627998154718,-1.2261355777768943,31.39557355984781,0.0,12.679528718544889,18.716044841302924,short_rains,504.89251568895395,1.0,3.0,6,train,False
Elgeyo-Marakwet,2015-10-01,2015,10,1,1,Minimal,0.0,1.000117847662834,0.9998073348539552,0.5666608399989012,-0.5544809326374293,-0.6525515279551619,-0.7938538083939656,43.71621800055935,0.0,5.642785797933897,38.073432202625455,short_rains,424.00498148048365,1.0,3.0,6,train,False
Embu,2015-10-01,2015,10,1,1,Minimal,0.0,1.1463909094856186,0.9998434838923452,1.303120287554563,0.6992548046890403,0.1449735935348626,-0.3628680445373647,70.92866265989939,16.2681099633675,2.912945852756013,68.01571680714338,short_rains,401.4457023614595,2.0,3.0,6,train,False
Garissa,2015-10-01,2015,10,2,2,Stressed,0.0004658275642566,1.9783258091494715,0.999545472615534,1.0680406355881735,0.9118431684441728,0.4945015804190196,-0.46560692105032,65.69407463263256,41.992411100802784,9.067381809428474,56.62669282320409,short_rains,210.6771075185111,2.0,3.0,6,train,False
Homa Bay,2015-10-01,2015,10,1,1,Minimal,0.0,1.0,0.66830422924983,1.6662829033750266,0.0480594276786702,-0.5812278264640736,-1.139261041559279,56.94370212627816,0.0,0.0,56.94370212627816,short_rains,658.3122810444571,1.0,3.0,6,train,False
Isiolo,2015-10-01,2015,10,3,3,Crisis or worse,0.6441644193096367,2.6439226323410474,0.9999896131730716,0.5943756712244217,0.4736661173239168,0.280364379633934,-0.2511341906814422,23.26880166111286,11.075515270188156,3.487756314013517,19.781045347099344,short_rains,121.15801476654195,2.0,3.0,6,train,False
Kajiado,2015-10-01,2015,10,1,1,Minimal,0.0,1.0004243187455517,0.9866994792406812,1.2894469535818758,0.4186544735137041,-0.0721915486790061,-0.304509382457964,28.681054930889708,6.9706658964677,11.330743738494563,17.350311192395147,short_rains,244.0590119973267,2.0,3.0,6,train,False
Kakamega,2015-10-01,2015,10,1,1,Minimal,0.0,1.0,0.999664408296622,1.296039886871316,-0.3133709641441677,-0.6276966977080564,-1.061089210728191,21.95461853989269,0.0,2.1026603625224745,19.851958177370214,short_rains,521.962946970816,1.0,3.0,6,train,False
Kericho,2015-10-01,2015,10,1,1,Minimal,0.0,1.0,0.9997003606571904,1.4919765843042656,0.1563225910337334,-0.5020807505817783,-1.0554585960915683,57.1633435329345,1.7845468133337823,9.032973563212568,48.130369969721926,short_rains,577.6437811642602,1.0,3.0,6,train,False
Kiambu,2015-10-01,2015,10,1,1,Minimal,0.0,1.0,0.999673347193444,0.9234293198544732,0.3084345809638846,-0.0537831409526722,-0.2395232529115552,48.22436100166462,9.786633068880793,31.019061394023225,17.205299607641393,short_rains,365.1581675938478,1.0,3.0,6,train,False
Kilifi,2015-10-01,2015,10,1,1,Minimal,0.0,1.477436060422084,0.994166307858776,0.2651821249239521,0.8404002771947072,1.4224934166770309,1.0969517495691576,65.69894354828594,31.940366442731985,27.06983612796491,38.629107420321034,short_rains,485.9236308469297,2.0,3.0,6,train,False
Kirinyaga,2015-10-01,2015,10,1,1,Minimal,0.0,1.0,0.999753653863793,1.30974378911082,0.7569317584005878,0.2468668798719755,-0.3638157734924568,44.52701191170678,0.0,26.84319605621332,17.68381585549346,short_rains,523.427425427593,1.0,3.0,6,train,False
Kisii,2015-10-01,2015,10,1,1,Minimal,0.0,1.0,0.9995810852329324,2.42736096963871,0.3200012945805492,-0.586129475491576,-1.3400781492044502,0.0,0.0,8.9194073326324,-8.9194073326324,short_rains,771.8724273402603,1.0,3.0,6,train,False
Kisumu,2015-10-01,2015,10,1,1,Minimal,0.0,1.0,0.7825715876310352,1.4941852389435053,-0.0195208302246781,-0.484255570874289,-0.9992810164888534,59.07625682895003,0.0,3.3583997255294125,55.71785710342062,short_rains,650.4965825795291,1.0,3.0,6,train,False
Kitui,2015-10-01,2015,10,2,2,Stressed,0.0,1.890882995052113,0.9999590660533558,1.103294959109859,0.252226714473025,-0.3383777195875689,-0.5548220910845623,52.4126285844842,12.094357392717871,11.614302636894898,40.798325947589305,short_rains,350.0498777837523,2.0,3.0,6,train,False
Kwale,2015-10-01,2015,10,1,1,Minimal,0.0,1.247018944855102,0.991235759608234,-0.4173147633648858,0.2184462830542785,1.028143651756782,0.7917131150211784,50.83082491454228,21.176320980619703,16.218269496666146,34.61255541787614,short_rains,461.4118591660762,2.0,3.0,6,train,False
Laikipia,2015-10-01,2015,10,2,2,Stressed,0.0,1.9034236473503232,0.9999631721820386,1.3093921692888113,0.589639063122526,0.4133565330792859,-0.1986357056496091,39.257633832108375,4.460209191240079,1.3623812489961424,37.89525258311223,short_rains,378.6133408439104,2.0,3.0,6,train,False
Lamu,2015-10-01,2015,10,1,1,Minimal,0.0,1.0,0.9772658860263104,0.0140477394871728,0.6148934742027069,0.8242055481480904,0.1630075708504719,47.3512230522942,38.56326945885233,28.06895240554399,19.282270646750213,short_rains,394.8891092289726,1.0,3.0,6,train,False
Machakos,2015-10-01,2015,10,1,1,Minimal,0.0,1.008586701010849,0.9999176096053372,1.2471536875144715,0.3979644517673238,-0.4382886939869829,-0.7175800593513073,57.32508936449617,19.11442808934468,17.714912205465076,39.610177159031096,short_rains,347.0698296320569,1.0,3.0,6,train,False
Makueni,2015-10-01,2015,10,2,2,Stressed,0.0,1.538052658342843,0.999846711095126,1.6653993162481404,0.8294451200842147,-0.0785462144495365,-0.5414674735705085,51.79026699128518,6.216307716019898,12.69464012272084,39.09562686856434,short_rains,210.84898907247097,2.0,3.0,6,train,False
Mandera,2015-10-01,2015,10,2,2,Stressed,0.0,2.0,0.9935104441286544,0.7191719472209529,0.547879038185408,0.7682318139461873,-0.7186000607216527,46.99915917623511,28.507926756802394,1.9287790803492848,45.070380095885824,short_rains,147.72597818452132,2.0,3.0,6,train,False
Marsabit,2015-10-01,2015,10,2,2,Stressed,0.0,2.0,0.9301329759074554,1.1254973207072507,0.483522103736167,0.2617957795376488,-0.37831327509759,25.99543184532517,1.6744717699637757,5.728424461527406,20.267007383797765,short_rains,183.11284628508548,2.0,3.0,6,train,True
Meru,2015-10-01,2015,10,1,1,Minimal,0.0,1.2058886450179924,0.9998765603756992,1.6417111208508697,1.0939708198692164,0.4811944108425923,-0.546863224402426,68.41849912928537,10.122439104148436,0.0,68.41849912928537,short_rains,469.95952152110806,1.0,3.0,6,train,False
Migori,2015-10-01,2015,10,1,1,Minimal,0.0,1.0,0.8116729345870676,1.535491951260446,-0.1619245310916623,-0.862014748597255,-1.387653002761868,54.44617871782766,0.0,0.0,54.44617871782766,short_rains,460.4970135975702,1.0,3.0,6,train,False
Mombasa,2015-10-01,2015,10,1,1,Minimal,0.0,1.0006041684983675,0.9456085030411966,0.0467021881476051,0.5260387029580542,1.3609718529298038,1.483485591783824,60.54561217814041,40.465911568607176,35.57295519249932,24.972656985641088,short_rains,339.4545465241538,1.0,3.0,6,train,False
Murang'a,2015-10-01,2015,10,1,1,Minimal,0.0,1.0,0.9998129313529576,1.4405178082380643,0.752114529134311,0.3414782045080117,-0.3904603646414624,62.81050254397357,27.95622012537981,33.546895409405735,29.263607134567835,short_rains,600.9606534616394,1.0,3.0,6,train,False
Nairobi,2015-10-01,2015,10,1,1,Minimal,0.0,1.0,0.999331868418972,0.9084764475626572,0.2801481942687764,-0.1674222320319706,-0.303130295056454,44.16203682328612,13.519516664571965,18.989546960962823,25.1724898623233,short_rains,349.07589029272395,1.0,3.0,6,train,False
Nakuru,2015-10-01,2015,10,1,1,Minimal,0.0,1.0,0.9757983118149,0.7190321143086119,-0.1198919706390323,-0.5026958655199466,-0.5296999473613994,37.01236120772122,8.32142276575714,14.867067343705354,22.145293864015866,short_rains,337.82261196850334,1.0,3.0,6,train,False
Nandi,2015-10-01,2015,10,1,1,Minimal,0.0,1.0,0.9996627597035964,1.2643926610575702,-0.11204678466878,-0.5547418061980396,-1.1167906670639316,47.38569213590605,0.0,8.719584525010715,38.66610761089533,short_rains,636.3375639959971,1.0,3.0,6,train,False
Narok,2015-10-01,2015,10,1,1,Minimal,0.0,1.0,0.9926538206670448,2.047275673625161,0.562292458920382,-0.3172802188846344,-1.0575876689599524,26.89875086275194,0.0,14.944075886779595,11.954674975972344,short_rains,449.4351533314782,1.0,3.0,6,train,False
Nyamira,2015-10-01,2015,10,1,1,Minimal,0.0,1.0,0.9997642108519644,2.6161899489979343,0.5676376865041712,-0.3175140586547382,-1.2354308501447733,21.19506032444929,0.0,4.8765766287120105,16.318483695737278,short_rains,707.0676224501927,1.0,3.0,6,train,False
Nyandarua,2015-10-01,2015,10,1,1,Minimal,0.0,1.0012708819238296,0.999877973768995,1.0493019142148263,0.278043825547717,-0.1378977608299454,-0.4689517998597344,38.63120058888404,17.88352667989541,25.7647256253784,12.866474963505642,short_rains,478.59632261521887,1.0,3.0,6,train,False
Nyeri,2015-10-01,2015,10,1,1,Minimal,0.0,1.1870756040550354,0.9998556256640296,1.6574981800500574,0.8963468771065481,0.4879120409769767,-0.4038081270645611,31.800874216862937,10.24592383365567,23.13773364147104,8.663140575391896,short_rains,596.5685209899478,1.0,3.0,6,train,False
Samburu,2015-10-01,2015,10,2,2,Stressed,0.0005882230904349,2.000588223090435,0.9999416421807176,1.275720265556385,0.6323564836673471,0.3300367240806182,-0.185169724008973,43.78765638213216,12.510337989548448,5.198404721335504,38.589251660796656,short_rains,233.37064745956647,2.0,3.0,6,train,True
Siaya,2015-10-01,2015,10,1,1,Minimal,0.0,1.0,0.7119007907118109,1.150423548887276,-0.0696996678119069,-0.4605295124726756,-0.9655098186441862,61.42802839370821,0.0,0.0,61.42802839370821,short_rains,703.9110029852106,1.0,3.0,6,train,False
Taita Taveta,2015-10-01,2015,10,1,1,Minimal,0.0,1.2953185458403955,0.9966776098967514,1.091671660812495,0.5456851691321986,0.5667022415108482,0.1330200597018696,43.369455837892886,9.135257008352443,9.486404990681702,33.88305084721118,short_rains,337.281834884778,1.0,3.0,6,train,False
Tana River,2015-10-01,2015,10,2,2,Stressed,0.0,1.5865677698809164,0.9998934212203772,0.7846085385818939,0.3480329779214694,0.1181093096977046,-0.4470031596706917,54.585848639354566,34.72157645715432,15.422551520251435,39.163297119103134,short_rains,208.9215702880231,2.0,3.0,6,train,False
Tharaka-Nithi,2015-10-01,2015,10,1,1,Minimal,0.0,1.4629715392244436,0.9998924309279584,1.4347587224541425,0.97690659393081,0.4092467051913477,-0.3389543266878971,71.06309598683208,29.808437382258507,0.0,71.06309598683208,short_rains,386.5660928989662,2.0,3.0,6,train,False
Trans Nzoia,2015-10-01,2015,10,1,1,Minimal,0.0,1.000079835388598,0.9976864050043228,0.7322080751789941,-0.6945797482078089,-0.8507255635620116,-0.8643119845430263,37.02762591060316,0.0,7.283478325390498,29.744147585212666,short_rains,575.422482832226,1.0,3.0,6,train,False
Turkana,2015-10-01,2015,10,2,2,Stressed,0.0,1.9998377154702995,0.9605954412127689,1.7509885923244946,0.4420738484453604,0.4307480724420837,-0.5975767732148234,57.85427925180762,13.751882947171794,11.829154110147988,46.02512514165963,short_rains,134.93439886021372,2.0,3.0,6,train,True
Uasin Gishu,2015-10-01,2015,10,1,1,Minimal,0.0,1.0,0.9997765773368542,0.8880933936740617,-0.2602379558449001,-0.4435991699499245,-0.8166644997005177,40.88317422697648,0.0,8.270170519259333,32.61300370771715,short_rains,466.5756532543863,1.0,3.0,6,train,False
Vihiga,2015-10-01,2015,10,1,1,Minimal,0.0,1.0,0.9994221612948908,1.334041402834809,-0.0874669663382699,-0.4757354624905596,-0.8255078372657608,16.926973548863735,0.0,7.5901991907036175,9.336774358160117,short_rains,638.2354464495623,1.0,3.0,6,train,False
Wajir,2015-10-01,2015,10,2,2,Stressed,0.0665562244072623,2.0665562244072624,0.999693129809748,0.2608335532483234,0.334214389507196,0.2870856170358984,-0.766580187902762,54.80733377020001,32.35120419788386,0.0,54.80733377020001,short_rains,220.92597534518788,2.0,3.0,6,train,True
West Pokot,2015-10-01,2015,10,2,2,Stressed,0.0,1.7148583879118129,0.9926381078640412,0.894040979957844,-0.3536500204984556,-0.597647140644757,-0.9238804791977412,50.03475056724784,1.665378625196197,9.255191513556593,40.779559053691244,short_rains,366.78840132412165,1.0,3.0,6,train,False
Baringo,2016-02-01,2016,2,1,1,Minimal,0.0,1.3188950010897644,0.999884566712633,-2.4701385928384654,-1.3389138448693307,-0.9669573297636994,0.4327328994907715,42.41820526610959,42.64897842425745,57.62113534595444,-15.202930079844855,dry_jf,407.6410955536569,1.0,4.0,6,train,True
Bomet,2016-02-01,2016,2,1,1,Minimal,0.0,1.0,0.999729073525429,-2.497624605230444,-0.4725835449066,1.1927630855233775,3.312940490626352,100.0,77.95953614683515,82.20937202218445,17.790627977815547,dry_jf,705.0356352221398,1.0,4.0,6,train,False
Bungoma,2016-02-01,2016,2,1,1,Minimal,0.0,1.0,0.9968273735961646,-2.7838569149499457,-0.1779495273547811,-0.1067292721626879,2.0972027244833003,100.0,89.22853746444626,81.22104145832914,18.77895854167086,dry_jf,684.143518918554,1.0,4.0,6,train,False
Busia,2016-02-01,2016,2,1,1,Minimal,0.0,1.0,0.9128634605516264,-2.6817571967235616,0.4849958025226204,0.8155335335546838,2.860230149390862,52.95043406870675,76.40314523182612,100.0,-47.04956593129325,dry_jf,504.89251568895395,1.0,4.0,6,train,False
Elgeyo-Marakwet,2016-02-01,2016,2,1,1,Minimal,0.0,1.0000728260314815,0.9998011446498934,-2.8060442626133497,-1.1426633719822257,-0.8660837275930021,0.4670611292427811,67.3990719283814,69.24810601506539,90.95207135095464,-23.552999422573237,dry_jf,424.00498148048365,1.0,4.0,6,train,False
Embu,2016-02-01,2016,2,1,1,Minimal,0.0,1.0,0.9997803988984592,-0.4717378086563573,-0.338794233806535,0.3811713263688642,0.7788032491925616,67.41370285987857,11.342502477708852,70.4295488133069,-3.0158459534283253,dry_jf,401.4457023614595,1.0,4.0,6,train,False
Garissa,2016-02-01,2016,2,1,1,Minimal,0.0,1.4851302331110976,0.999523045663964,0.0280005113565365,-0.8233827376480638,0.5528566646423579,0.6017859652187064,61.50388034291925,38.871292833353806,44.23838367079536,17.265496672123895,dry_jf,210.6771075185111,2.0,4.0,6,train,False
Homa Bay,2016-02-01,2016,2,1,1,Minimal,0.0,1.0,0.66830422924983,-2.1413859646790847,0.1525383213514338,0.9864438962419402,3.100416305318929,24.82707035113668,44.5041727030902,77.14874721456842,-52.32167686343173,dry_jf,658.3122810444571,1.0,4.0,6,train,False
Isiolo,2016-02-01,2016,2,2,2,Stressed,0.0,1.8460617466725573,0.9999864866039166,-1.0759882841035897,-0.8758646548373314,0.4422049367191535,0.5420696032968141,5.421089670623404,3.91373771301721,11.662197666171554,-6.24110799554815,dry_jf,121.15801476654195,3.0,4.0,6,train,False
Kajiado,2016-02-01,2016,2,1,1,Minimal,0.0,1.0,0.9866989056642574,-0.871750073633982,0.0081476307797633,0.5684876164625577,1.236395593053509,30.507977861556935,26.055343522908164,40.725173902201306,-10.217196040644371,dry_jf,244.0590119973267,1.0,4.0,6,train,False
Kakamega,2016-02-01,2016,2,1,1,Minimal,0.0,1.0,0.9996644082966218,-3.0367751002505647,-0.669242486316353,0.1366356353295898,2.571942469503587,64.16705036567126,65.98805550541921,87.02821898074953,-22.86116861507827,dry_jf,521.962946970816,1.0,4.0,6,train,False
Kericho,2016-02-01,2016,2,1,1,Minimal,0.0,1.0,0.9997003606571906,-3.2155261401578787,-1.2610445483997916,0.1283842170463735,2.1723206640415853,70.70794203831947,69.80302697353387,90.03282847140987,-19.3248864330904,dry_jf,577.6437811642602,1.0,4.0,6,train,False
Kiambu,2016-02-01,2016,2,1,1,Minimal,0.0,1.0,0.9996733471934438,-0.5395891894609348,0.3560207421606068,0.2948959889595226,0.6473427460057677,96.33948945839042,95.7580553056844,85.80767097558109,10.531818482809328,dry_jf,365.1581675938478,1.0,4.0,6,train,False
Kilifi,2016-02-01,2016,2,1,1,Minimal,0.0,1.0,0.9941353718889928,0.1921099531779726,0.0462518649585531,1.544359819604928,1.099550711504139,46.53515210448772,46.54135211367819,69.432381908512,-22.897229804024278,dry_jf,485.9236308469297,1.0,4.0,6,train,False
Kirinyaga,2016-02-01,2016,2,1,1,Minimal,0.0,1.0,0.9997536538637944,-0.4003421931517789,-0.1689206643053081,0.3436015488556326,0.6792141942261137,96.85979963662427,30.29054471212493,98.9642560761001,-2.1044564394758254,dry_jf,523.427425427593,1.0,4.0,6,train,False
Kisii,2016-02-01,2016,2,1,1,Minimal,0.0,1.0,0.9995810852329328,-1.3014081400385056,-0.1364151993918361,1.0661541989775425,2.9946437209191235,92.892124077877,80.44568979333405,76.10323901109341,16.788885066783592,dry_jf,771.8724273402603,1.0,4.0,6,train,False
Kisumu,2016-02-01,2016,2,1,1,Minimal,0.0,1.0,0.7825715876310351,-2.245306008043236,-0.5813725558306428,0.6236332129017046,2.71055858097279,35.459949635435244,47.79062351463615,72.04668045545114,-36.586730820015894,dry_jf,650.4965825795291,1.0,4.0,6,train,False
Kitui,2016-02-01,2016,2,1,1,Minimal,0.0,1.0,0.999944695629578,0.1413678326752229,0.9482205030179998,0.5438284774153759,1.1921568376545806,37.47148220297341,20.94358477477282,47.50749402549645,-10.036011822523037,dry_jf,350.0498777837523,2.0,4.0,6,train,False
Kwale,2016-02-01,2016,2,1,1,Minimal,0.0,1.0,0.9912318048620204,-0.0941461829771244,0.366936167417325,0.9746456307680224,0.5313699480037942,66.86035174246582,53.091996153429406,61.09547848023631,5.764873262229514,dry_jf,461.4118591660762,1.0,4.0,6,train,False
Laikipia,2016-02-01,2016,2,1,1,Minimal,0.0,1.0032393511570936,0.9999548732821334,-1.835151772390268,-1.6100076286565397,-0.4095301108613782,0.5862758079644717,32.168068298523814,47.34374504178182,63.31972509441984,-31.151656795896024,dry_jf,378.6133408439104,2.0,4.0,6,train,False
Lamu,2016-02-01,2016,2,1,1,Minimal,0.0,1.0,0.9772658860263104,-0.0583969416156543,-0.9611902043857096,-0.0174700581107923,-0.1762078145765122,57.89126361568634,58.95101897533029,72.17782534040975,-14.286561724723413,dry_jf,394.8891092289726,1.0,4.0,6,train,False
Machakos,2016-02-01,2016,2,1,1,Minimal,0.0,1.0,0.999829814126306,-0.6226202360414504,-0.2540455870767686,0.5551764628502276,1.144067162705411,43.66821031272911,33.62226063417271,62.19235569284189,-18.524145380112785,dry_jf,347.0698296320569,1.0,4.0,6,train,False
Makueni,2016-02-01,2016,2,1,1,Minimal,0.0,1.0,0.9998081115992576,-0.2212378601150139,0.2221754733116346,1.191462330949571,1.829942626824083,35.202775403073105,20.890033517336477,47.93601550703452,-12.733240103961414,dry_jf,210.84898907247097,2.0,4.0,6,train,False
Mandera,2016-02-01,2016,2,2,2,Stressed,0.0,1.9999714647550664,0.9935104441286542,0.0847644927334504,0.1524150092397944,0.3773978226620876,0.4380731741346215,32.6454251628601,13.391162102723229,53.14416971647088,-20.498744553610777,dry_jf,147.72597818452132,2.0,4.0,6,train,False
Marsabit,2016-02-01,2016,2,2,2,Stressed,0.0,1.674752089478686,0.9301345996156104,-0.4255603910920106,-0.6997570079696304,0.4451302227362634,0.954834064245024,21.87376223633198,13.19130130754668,23.614191095339827,-1.7404288590078458,dry_jf,183.11284628508548,2.0,4.0,6,train,True
Meru,2016-02-01,2016,2,1,1,Minimal,0.0,1.0,0.9998145827542296,-1.0136228568626229,-0.86526372996894,0.8799922802365884,1.2926590963216866,52.10239730522201,28.53843148535363,57.848656346043335,-5.746259040821322,dry_jf,469.95952152110806,1.0,4.0,6,train,False
Migori,2016-02-01,2016,2,1,1,Minimal,0.0,1.0,0.8116729345870676,-1.8063659606556317,0.1635904602745171,0.9160443234598136,2.88565340320686,40.97463416399361,73.34316664615484,90.10286524539576,-49.12823108140215,dry_jf,460.4970135975702,1.0,4.0,6,train,False
Mombasa,2016-02-01,2016,2,1,1,Minimal,0.0,1.0,0.9454967568842269,0.1009785244964927,0.1168203999189693,1.5061084143133876,1.1695605062757766,65.71003556474027,39.29795222058113,41.93951309130742,23.770522473432848,dry_jf,339.4545465241538,1.0,4.0,6,train,False
Murang'a,2016-02-01,2016,2,1,1,Minimal,0.0,1.0,0.9998129313529576,-0.5581841051543449,-0.2121151553556255,0.5309429659296029,0.9313121703694748,100.0,69.6573266927698,97.69724874628167,2.302751253718327,dry_jf,600.9606534616394,1.0,4.0,6,train,False
Nairobi,2016-02-01,2016,2,1,1,Minimal,0.0,1.0,0.999331868418972,-0.4844613561913428,0.1915420035396352,0.1870655101393208,0.5442204590565879,67.56660160914419,100.0,73.72050555812449,-6.1539039489803,dry_jf,349.07589029272395,1.0,4.0,6,train,False
Nakuru,2016-02-01,2016,2,1,1,Minimal,0.0,1.0,0.9757983118149,-2.604094505139818,-0.9546637019422278,-0.2296806409831691,0.9211537356617312,60.86922108976995,70.26861723511865,86.02519187811161,-25.155970788341662,dry_jf,337.82261196850334,1.0,4.0,6,train,False
Nandi,2016-02-01,2016,2,1,1,Minimal,0.0,1.0,0.999662759703597,-2.811892655849059,-1.293297033539908,-0.1972432047830998,2.0204412432567307,99.78141929719948,79.1333448872898,92.42785214210572,7.3535671550937565,dry_jf,636.3375639959971,1.0,4.0,6,train,False
Narok,2016-02-01,2016,2,1,1,Minimal,0.0,1.0,0.9926538206670446,-1.1299673587527588,0.5540950488360393,1.442090748660983,2.4507112492086702,68.5289610735605,73.07950487349748,84.7803865908047,-16.2514255172442,dry_jf,449.4351533314782,1.0,4.0,6,train,False
Nyamira,2016-02-01,2016,2,1,1,Minimal,0.0,1.0,0.9997642108519644,-1.7955302169396203,-0.336202511295056,1.1652342181404147,3.329759122121404,100.0,76.90584109566582,91.733476578753,8.266523421247001,dry_jf,707.0676224501927,1.0,4.0,6,train,False
Nyandarua,2016-02-01,2016,2,1,1,Minimal,0.0,1.0,0.9998609829390608,-2.185419388225638,-1.4122310841470975,-0.3012513617499657,0.61550190632572,80.86111481959321,69.71246711722978,78.98935601549304,1.8717588041001676,dry_jf,478.59632261521887,1.0,4.0,6,train,False
Nyeri,2016-02-01,2016,2,1,1,Minimal,0.0,1.0,0.9998391472325844,-1.2064028196578485,-0.9063391768795804,0.3237417769531429,0.8806749545109652,69.52355057989554,55.2591289080798,89.16641117176323,-19.642860591867688,dry_jf,596.5685209899478,1.0,4.0,6,train,False
Samburu,2016-02-01,2016,2,2,2,Stressed,0.0,1.8126886134386109,0.99994995069358,-1.009961992055075,-1.1727168995190604,0.2532039405001734,0.9634957402045876,20.271110434159837,26.08483589192108,31.269454340979465,-10.998343906819628,dry_jf,233.37064745956647,2.0,4.0,6,train,True
Siaya,2016-02-01,2016,2,1,1,Minimal,0.0,1.0,0.7119007907118109,-2.622795942667065,0.0928297872892439,0.8778842589482212,2.629520088557378,50.65973496285996,45.12741665946291,52.66505172813642,-2.0053167652764614,dry_jf,703.9110029852106,1.0,4.0,6,train,False
Taita Taveta,2016-02-01,2016,2,1,1,Minimal,0.0,1.0,0.996630559288052,-0.7380281721985433,-0.3822885464863712,0.8480923950729766,1.369896365505541,61.372545787404135,30.156606469902176,65.70610427748812,-4.333558490083988,dry_jf,337.281834884778,1.0,4.0,6,train,False
Tana River,2016-02-01,2016,2,1,1,Minimal,0.0,1.0072814710319482,0.9998718268663852,0.8675861320201687,0.0031961330055339,0.5075513312856238,0.8885945456607474,46.72701229357229,32.1262202041036,57.181664930402384,-10.454652636830097,dry_jf,208.9215702880231,2.0,4.0,6,train,False
Tharaka-Nithi,2016-02-01,2016,2,1,1,Minimal,0.0,1.0,0.9998764343947174,-0.8473635025389733,-0.5098804538355288,0.6473963640432706,0.9498607582815656,69.22786002068531,29.59500191570683,49.691768388676266,19.536091632009047,dry_jf,386.5660928989662,1.0,4.0,6,train,False
Trans Nzoia,2016-02-01,2016,2,1,1,Minimal,0.0,1.0,0.997686329629118,-2.936839281520596,-0.5038574487577889,-0.4883611924620205,1.5057798130197837,95.68328188260008,100.0,93.21465782460808,2.4686240579920025,dry_jf,575.422482832226,1.0,4.0,6,train,False
Turkana,2016-02-01,2016,2,2,2,Stressed,0.0,1.999690450272312,0.9605955984339016,-0.9833405305361363,-0.5807689390794416,0.081042628449204,1.191558262377613,22.352642582462597,28.702735683756533,36.72074600064496,-14.368103418182361,dry_jf,134.93439886021372,2.0,4.0,6,train,True
Uasin Gishu,2016-02-01,2016,2,1,1,Minimal,0.0,1.0,0.9997765773368544,-3.131138611171603,-1.5382006810207918,-0.814144940146619,0.9498949944347131,86.72460923667946,72.16153337117538,100.0,-13.275390763320544,dry_jf,466.5756532543863,1.0,4.0,6,train,False
Vihiga,2016-02-01,2016,2,1,1,Minimal,0.0,1.0,0.9994221612948908,-2.246662050338112,-0.7746204782515577,0.4796486380444396,2.462722978583533,73.77392840963168,63.00856167554515,96.8604912613335,-23.086562851701814,dry_jf,638.2354464495623,1.0,4.0,6,train,False
Wajir,2016-02-01,2016,2,2,2,Stressed,0.0,1.6332853759576738,0.9996870197728416,0.0450970336874742,0.2709015781760708,0.1374890848379284,-0.0152686368065378,37.67415131536657,17.005816456583332,27.80697345949291,9.867177855873663,dry_jf,220.92597534518788,2.0,4.0,6,train,True
West Pokot,2016-02-01,2016,2,1,1,Minimal,0.0,1.2093135690913768,0.9926206990557552,-2.305543720919998,-1.2805289381160947,-0.8926383811792276,0.6818102491589604,47.21986605798724,60.28797952288259,63.00582321875779,-15.78595716077055,dry_jf,366.78840132412165,2.0,4.0,6,train,False
Baringo,2016-06-01,2016,6,1,1,Minimal,0.0,1.407255390196554,0.9999843448378108,1.0637395228180868,1.199034514085096,-0.4290303104633527,-1.3497849010259588,85.46926979573901,67.7158587434145,11.762648875471076,73.70662092026794,dry_jjas,407.6410955536569,1.0,4.0,6,train,True
Bomet,2016-06-01,2016,6,1,1,Minimal,0.0,1.0,0.9999591445882084,1.3544159913758476,1.4063797404339295,0.6066866491600681,-0.4790515588238206,97.1272415441115,46.46957731017756,0.0,97.1272415441115,dry_jjas,705.0356352221398,1.0,4.0,6,train,False
Bungoma,2016-06-01,2016,6,1,1,Minimal,0.0,1.0,0.9970207416060456,1.2986770812562884,2.097547720566049,1.2868397098898408,0.5195556799157252,92.0548490868002,69.19674352635923,13.697202384628667,78.35764670217154,dry_jjas,684.143518918554,1.0,4.0,6,train,False
Busia,2016-06-01,2016,6,1,1,Minimal,0.0,1.0,0.914162035136638,1.344862204545397,2.6975649048705197,2.3391680080564226,1.528323777101636,100.0,100.0,40.23107054379376,59.76892945620624,dry_jjas,504.89251568895395,1.0,4.0,6,train,False
Elgeyo-Marakwet,2016-06-01,2016,6,1,1,Minimal,0.0,1.000236473294127,0.999951785576505,1.0376545598130955,1.011107849113007,-0.0796224720815698,-1.0189535943953447,100.0,64.97585657041294,0.0,100.0,dry_jjas,424.00498148048365,1.0,4.0,6,train,False
Embu,2016-06-01,2016,6,1,1,Minimal,0.0,1.0,0.9999726484073956,0.7030738419944895,0.9596772153789416,0.9120662863212023,-0.0292872805202473,100.0,79.28771874005012,35.19040249989996,64.80959750010004,dry_jjas,401.4457023614595,1.0,4.0,6,train,False
Garissa,2016-06-01,2016,6,2,2,Stressed,0.0,1.812042259597601,0.9994692897705588,-0.0373298701477035,0.6038279832420774,0.5466761729531627,-0.2018431640132408,62.55933003787803,49.221179433719634,44.8880673993373,17.671262638540725,dry_jjas,210.6771075185111,1.0,4.0,6,train,False
Homa Bay,2016-06-01,2016,6,1,1,Minimal,0.0,1.0,0.6628357436647451,1.6712040300883133,2.2111745586191964,1.6814857885937906,1.0553797268975642,100.0,71.86915729156213,19.48603945865187,80.51396054134813,dry_jjas,658.3122810444571,1.0,4.0,6,train,False
Isiolo,2016-06-01,2016,6,2,2,Stressed,0.0,1.9105875910761407,0.999960508583767,0.2846672117322306,0.6201906937385815,0.6085101098501435,0.3179005843679411,47.23917572381618,30.42957699727811,19.932888239195744,27.306287484620437,dry_jjas,121.15801476654195,2.0,4.0,6,train,False
Kajiado,2016-06-01,2016,6,1,1,Minimal,0.0,1.0,0.9866503538026764,0.7086887088035313,1.0555850007100778,1.0435681023900347,-0.0055639700967727,76.84459059217758,60.53009996417785,4.228703496021364,72.61588709615621,dry_jjas,244.0590119973267,1.0,4.0,6,train,False
Kakamega,2016-06-01,2016,6,1,1,Minimal,0.0,1.0,0.999843271229553,1.5401017116891422,2.0164066884024097,1.1139959786383036,0.2600069440365889,95.48687032437878,84.60547812006202,0.0,95.48687032437878,dry_jjas,521.962946970816,1.0,4.0,6,train,False
Kericho,2016-06-01,2016,6,1,1,Minimal,0.0,1.0,0.9999526229648772,1.0857199572645295,1.2067847206616948,0.1571294935007712,-0.2712724079757592,100.0,55.09083626796638,0.0,100.0,dry_jjas,577.6437811642602,1.0,4.0,6,train,False
Kiambu,2016-06-01,2016,6,1,1,Minimal,0.0,1.0,0.9998305741952528,0.7125177745781432,1.272517080300057,1.1567647502865102,0.1886056662671662,100.0,88.88911959170714,55.78567786163725,44.21432213836275,dry_jjas,365.1581675938478,1.0,4.0,6,train,False
Kilifi,2016-06-01,2016,6,1,1,Minimal,0.0,1.0,0.994188902228564,-0.4789563846542323,0.7577802488143668,0.6696551018573855,0.0274986983806266,71.33401002861355,70.34460859779396,55.23524184419593,16.098768184417615,dry_jjas,485.9236308469297,1.0,4.0,6,train,False
Kirinyaga,2016-06-01,2016,6,1,1,Minimal,0.0,1.0,0.999907421621526,0.8162442983562628,1.0356928949656172,0.9048413530564288,0.2067723147494652,85.40151387657362,77.0629066981649,46.49700665828533,38.90450721828829,dry_jjas,523.427425427593,1.0,4.0,6,train,False
Kisii,2016-06-01,2016,6,1,1,Minimal,0.0,1.0,0.9995821721572732,1.947330412129307,2.1044503493772693,1.214348818108924,0.4962514765135297,100.0,17.63442427379714,0.0,100.0,dry_jjas,771.8724273402603,1.0,4.0,6,train,False
Kisumu,2016-06-01,2016,6,1,1,Minimal,0.0,1.0,0.7829061444141885,1.5138057450833824,1.896671841462895,1.4871476925371685,1.2571179951204874,100.0,86.44681798461632,37.54411859004251,62.45588140995749,dry_jjas,650.4965825795291,1.0,4.0,6,train,False
Kitui,2016-06-01,2016,6,1,1,Minimal,0.0,1.000305724546535,1.000013536122116,0.7842856254711048,0.9272308013446462,0.945533501870484,0.0994588907704334,77.02972752015786,41.69462479279796,2.3952076304941667,74.6345198896637,dry_jjas,350.0498777837523,1.0,4.0,6,train,False
Kwale,2016-06-01,2016,6,1,1,Minimal,0.0,1.0,0.9912639533016692,-0.536938922233746,1.038517730726546,1.062025308701902,0.7482832407154287,52.90199320004616,59.13735067734608,45.99752359225918,6.904469607786979,dry_jjas,461.4118591660762,1.0,4.0,6,train,False
Laikipia,2016-06-01,2016,6,1,1,Minimal,0.0,1.002478595966523,1.000039198807611,1.3827452582217106,1.267068165415587,0.2814166491622737,-1.0561908238035127,83.89330711117384,44.33480176913834,0.0,83.89330711117384,dry_jjas,378.6133408439104,1.0,4.0,6,train,False
Lamu,2016-06-01,2016,6,1,1,Minimal,0.0,1.0,0.977248259021535,-0.8233667133717925,0.7885735931371797,0.4449598250000596,0.3657718672908032,75.32807468113644,72.67500391411808,70.28961562435533,5.038459056781107,dry_jjas,394.8891092289726,1.0,4.0,6,train,False
Machakos,2016-06-01,2016,6,1,1,Minimal,0.0,1.0,0.9999301224968772,0.649326003608279,1.255869467680539,1.252496447168265,0.1341764338764752,92.07696449256508,43.10096104924085,5.725099101163675,86.3518653914014,dry_jjas,347.0698296320569,1.0,4.0,6,train,False
Makueni,2016-06-01,2016,6,1,1,Minimal,0.0,1.0,0.9999538567854908,0.4801291969826883,0.7194700884059589,0.7282339313434782,0.1520372800740894,77.09465620970511,23.503425021557288,0.0,77.09465620970511,dry_jjas,210.84898907247097,1.0,4.0,6,train,False
Mandera,2016-06-01,2016,6,2,2,Stressed,0.0,2.0,0.9934829351220704,-0.2063294218004365,0.5499354879144194,0.5382538334306664,0.6045287011073543,27.100897996539377,49.71655668346615,61.07588982668538,-33.97499183014601,dry_jjas,147.72597818452132,2.0,4.0,6,train,False
Marsabit,2016-06-01,2016,6,2,2,Stressed,0.0,1.9947216932087568,0.9337761009255078,0.8169747844309708,0.7761071999198117,0.7248889446247514,0.0387117246209161,44.52332102941014,38.89599286559852,23.166721866367,21.356599163043143,dry_jjas,183.11284628508548,2.0,4.0,6,train,True
Meru,2016-06-01,2016,6,1,1,Minimal,0.0,1.0036520779155684,0.9998940484338894,0.6854045117428533,0.8656309162839954,0.797252801781564,-0.2846654948642266,91.02326944057975,53.90680199930832,40.79364863195495,50.2296208086248,dry_jjas,469.95952152110806,1.0,4.0,6,train,False
Migori,2016-06-01,2016,6,1,1,Minimal,0.0,1.0,0.8093394361863654,1.3932533252396566,1.865326858025608,1.3585266901576083,0.804915988584249,90.9080260598398,53.17530947643271,52.216883366448975,38.69114269339082,dry_jjas,460.4970135975702,1.0,4.0,6,train,False
Mombasa,2016-06-01,2016,6,1,1,Minimal,0.0,1.0,0.945430610879302,-0.5004817269234689,1.4784426236312962,1.3585013239426529,0.4540772269478945,63.70993549393192,70.17572565093626,62.136294624346434,1.573640869585489,dry_jjas,339.4545465241538,1.0,4.0,6,train,False
Murang'a,2016-06-01,2016,6,1,1,Minimal,0.0,1.0,0.9998960447776902,0.7257372628403148,1.4559135956877114,1.309959697861977,0.4949115898951691,100.0,81.15728036293272,41.52858586413495,58.47141413586505,dry_jjas,600.9606534616394,1.0,4.0,6,train,False
Nairobi,2016-06-01,2016,6,1,1,Minimal,0.0,1.0,0.9993429938196526,0.7149929559575926,1.2495798711524646,1.219030051595069,0.0949019252934625,85.59223689278699,78.03231125526372,24.440351397815885,61.1518854949711,dry_jjas,349.07589029272395,1.0,4.0,6,train,False
Nakuru,2016-06-01,2016,6,1,1,Minimal,0.0,1.0,0.9758499055944192,0.8866713127150514,1.1579359737054815,-0.1296799494208243,-1.3523661484541631,100.0,66.36283975208036,8.091650975322484,91.90834902467752,dry_jjas,337.82261196850334,1.0,4.0,6,train,False
Nandi,2016-06-01,2016,6,1,1,Minimal,0.0,1.0,0.9998151603533768,1.3902089272156646,1.486356381305787,0.4821426904892936,0.1325665478413227,100.0,74.35291166604206,0.0,100.0,dry_jjas,636.3375639959971,1.0,4.0,6,train,False
Narok,2016-06-01,2016,6,1,1,Minimal,0.0,1.0,0.9926648706761424,1.1970801000935742,1.5432391497573592,1.230208191257938,-0.1239687787748902,100.0,100.0,31.836093198137075,68.16390680186292,dry_jjas,449.4351533314782,1.0,4.0,6,train,False
Nyamira,2016-06-01,2016,6,1,1,Minimal,0.0,1.0,0.999826225293629,2.0320030182640565,2.0350098071470057,1.254782802218255,0.4603582310013618,100.0,0.0,0.0,100.0,dry_jjas,707.0676224501927,1.0,4.0,6,train,False
Nyandarua,2016-06-01,2016,6,1,1,Minimal,0.0,1.0,0.9998954460054942,1.1185671724558102,1.3706305105501324,0.1491492887941234,-1.0050460233974072,100.0,0.0,0.0,100.0,dry_jjas,478.59632261521887,1.0,4.0,6,train,False
Nyeri,2016-06-01,2016,6,1,1,Minimal,0.0,1.0,0.9998683591640218,1.0998694193953693,1.485335530561775,1.0175270062502106,0.1441495361096731,70.4421183915154,15.243429360591106,0.0,70.4421183915154,dry_jjas,596.5685209899478,1.0,4.0,6,train,False
Samburu,2016-06-01,2016,6,2,2,Stressed,0.0,1.7911144092679263,0.9998947855593344,0.9500657319742664,0.8026389566125077,0.4953930541623361,-0.5931942068220212,70.15883849183328,55.87408793975166,8.250822567281105,61.908015924552174,dry_jjas,233.37064745956647,2.0,4.0,6,train,True
Siaya,2016-06-01,2016,6,1,1,Minimal,0.0,1.0,0.7130635075059107,1.2144241275069056,2.3024854183588506,1.9672727021516376,1.8112879603407916,100.0,100.0,35.11067247321849,64.8893275267815,dry_jjas,703.9110029852106,1.0,4.0,6,train,False
Taita Taveta,2016-06-01,2016,6,1,1,Minimal,0.0,1.0,0.9966783872024652,0.1700363685039282,0.876724694996555,0.8448036615461764,0.5569203184134994,63.499715807750896,31.87745522973842,19.26329821457405,44.236417593176846,dry_jjas,337.281834884778,1.0,4.0,6,train,False
Tana River,2016-06-01,2016,6,2,2,Stressed,0.0,1.5527195312725763,0.999841779090496,0.0458082127594236,0.8999954568745975,0.8966324992819862,0.5645435407077652,65.61038726793716,42.26162107280768,29.47390577438208,36.13648149355508,dry_jjas,208.9215702880231,1.0,4.0,6,train,False
Tharaka-Nithi,2016-06-01,2016,6,1,1,Minimal,0.0,1.0,0.999973025042614,0.7787222995819811,0.9110572785021546,0.8713659207167523,-0.3388293241724615,71.9482704470157,49.12859504531321,24.06274874445912,47.88552170255658,dry_jjas,386.5660928989662,1.0,4.0,6,train,False
Trans Nzoia,2016-06-01,2016,6,1,1,Minimal,0.0,1.0,0.9977780064560036,1.4295540674823015,1.692663468467997,0.4815195874040129,-0.2499676549994422,100.0,61.64029947870513,0.0,100.0,dry_jjas,575.422482832226,1.0,4.0,6,train,False
Turkana,2016-06-01,2016,6,2,2,Stressed,0.0,1.962669105265914,0.9601525934494932,0.930252609873566,1.6841877160833345,0.8484611966954498,-0.8219280358042786,73.65018338426819,73.82619237820892,8.022616266929651,65.62756711733854,dry_jjas,134.93439886021372,2.0,4.0,6,train,True
Uasin Gishu,2016-06-01,2016,6,1,1,Minimal,0.0,1.0,0.9999480360329532,1.063610931934796,0.9890399471543068,-0.3485936940476298,-1.0430475235380618,98.0947302573735,79.66350345902352,0.0,98.0947302573735,dry_jjas,466.5756532543863,1.0,4.0,6,train,False
Vihiga,2016-06-01,2016,6,1,1,Minimal,0.0,1.0,0.9998193553745116,1.58101568542085,2.010607246724082,1.5569471985520065,1.108940350787179,93.96176275843509,81.55536668766676,0.0,93.96176275843509,dry_jjas,638.2354464495623,1.0,4.0,6,train,False
Wajir,2016-06-01,2016,6,2,2,Stressed,0.0,1.987603536441688,0.9996283481181278,0.321895133193664,0.4178980858340783,0.403309699481492,0.2707851261316427,33.82259590397212,27.29158666555835,34.100602814341,-0.27800691036888026,dry_jjas,220.92597534518788,2.0,4.0,6,train,True
West Pokot,2016-06-01,2016,6,1,1,Minimal,0.0,1.0027376219851862,0.9926738576986502,0.7178744030077351,1.1045537799868383,-0.3440578293567542,-1.3627824043224177,77.72610150469905,86.98735900613717,5.135036632500026,72.59106487219901,dry_jjas,366.78840132412165,1.0,4.0,6,train,False
Baringo,2016-10-01,2016,10,1,1,Minimal,0.0,1.4088321500282603,0.9999777826904516,0.9529723645586572,0.2221745605728953,0.9259874129895944,0.6537182829555478,60.78710629424046,27.00315013703136,37.94688499531999,22.84022129892047,short_rains,407.6410955536569,1.0,4.0,6,train,True
Bomet,2016-10-01,2016,10,1,1,Minimal,0.0,1.0,0.9999591445882084,2.0157160565483347,0.4311790899639969,1.1411979931313954,0.672128354729886,45.37607428907516,67.59335899239902,96.51168111447244,-51.135606825397275,short_rains,705.0356352221398,1.0,4.0,6,train,False
Bungoma,2016-10-01,2016,10,1,1,Minimal,0.0,1.0,0.9970207416060456,2.0578792674774564,0.3181969663681196,1.2872996594251536,0.5653289122085284,61.72255688705726,54.85967099948757,67.07565996892747,-5.353103081870209,short_rains,684.143518918554,1.0,4.0,6,train,False
Busia,2016-10-01,2016,10,1,1,Minimal,0.0,1.0,0.914162035136638,2.569259516064055,0.3432314698461656,1.6908037252180037,0.7061719019409032,51.63778572769564,37.57920549422057,48.0100150284126,3.6277706992830403,short_rains,504.89251568895395,1.0,4.0,6,train,False
Elgeyo-Marakwet,2016-10-01,2016,10,1,1,Minimal,0.0,1.000236473294127,0.999951785576505,1.2333260533958044,0.3356464393259928,0.9931433146338872,0.4317203901775802,82.73178511606883,43.53789074348427,50.76317395284604,31.968611163222796,short_rains,424.00498148048365,1.0,4.0,6,train,False
Embu,2016-10-01,2016,10,1,1,Minimal,0.0,1.461137023937188,0.9999846187715652,0.5725872111097267,0.0511090154466774,0.8670175917269738,0.6566022274080977,54.9425737047582,64.45131009112039,55.29492040626528,-0.3523467015070736,short_rains,401.4457023614595,1.0,4.0,6,train,False
Garissa,2016-10-01,2016,10,2,2,Stressed,0.1711501540489884,2.1711501514252567,0.9994904033204686,-0.4720052142758996,-0.6670538705456193,0.3809294948903078,0.0355683909580053,29.19859925527324,27.83066839305608,30.14317064987468,-0.9445713946014394,short_rains,210.6771075185111,2.0,4.0,6,train,False
Homa Bay,2016-10-01,2016,10,1,1,Minimal,0.0,1.0,0.6628357436647451,2.601049498103518,0.3781767869695501,1.3663889852416622,0.8716680639798223,54.8418888244196,39.28647928660317,71.64186956234097,-16.799980737921373,short_rains,658.3122810444571,1.0,4.0,6,train,False
Isiolo,2016-10-01,2016,10,2,2,Stressed,0.0007006062658415,1.97710719257756,0.9999714398346696,-0.1549273287250462,-0.4465089677464979,0.1568625868284503,0.4086760000276,23.251509353183952,8.106388462093596,21.225498365343952,2.0260109878399994,short_rains,121.15801476654195,2.0,4.0,6,train,False
Kajiado,2016-10-01,2016,10,1,1,Minimal,0.0,1.3832338946491296,0.986651137538195,0.727522007702278,-0.1614369484200766,0.9281121951965884,0.7415475340656571,58.3501284278196,37.04267411975491,59.03538239332188,-0.6852539655022838,short_rains,244.0590119973267,1.0,4.0,6,train,False
Kakamega,2016-10-01,2016,10,1,1,Minimal,0.0,1.0,0.999843271229553,2.5041053879546324,0.6784867041909428,1.40955831005125,0.6349789167909197,60.49936307853266,45.83236330394004,57.42368388948694,3.0756791890457222,short_rains,521.962946970816,1.0,4.0,6,train,False
Kericho,2016-10-01,2016,10,1,1,Minimal,0.0,1.0,0.9999526229648776,2.0085965157351717,0.7230772272574533,1.1720569658829831,0.7045954327565974,90.9654258452451,46.04930952048704,77.99384203068576,12.971583814559338,short_rains,577.6437811642602,1.0,4.0,6,train,False
Kiambu,2016-10-01,2016,10,1,1,Minimal,0.0,1.0,0.9998305741952528,0.3902609557112428,-0.113842524919135,0.9774336042149318,0.7991795048575766,29.99981331892569,50.75166780346866,84.18664744253662,-54.186834123610936,short_rains,365.1581675938478,1.0,4.0,6,train,False
Kilifi,2016-10-01,2016,10,2,2,Stressed,0.0,1.8795204685217348,0.9942114801855768,-0.1530856884794518,-0.750512946598328,0.3431912729730235,-0.4117677341542798,47.10260410236743,18.41117113622001,22.51708318412164,24.58552091824579,short_rains,485.9236308469297,1.0,4.0,6,train,False
Kirinyaga,2016-10-01,2016,10,1,1,Minimal,0.0,1.0004226841207444,0.9999074216215516,0.6627455004811363,0.2102926472971394,0.9333757025926844,0.8289815400509711,26.820257863996076,81.02054398960607,100.0,-73.17974213600392,short_rains,523.427425427593,1.0,4.0,6,train,False
Kisii,2016-10-01,2016,10,1,1,Minimal,0.0,1.0,0.9995821721572732,2.433229234264067,0.5414534941610939,1.3469661455013773,0.8582334579960766,36.086990519863726,54.15357692513595,71.3146876132466,-35.22769709338288,short_rains,771.8724273402603,1.0,4.0,6,train,False
Kisumu,2016-10-01,2016,10,1,1,Minimal,0.0,1.0,0.7829061444141889,2.6719648581547624,0.7156243958957391,1.2272091762736483,0.71141160918254,82.01678246046119,57.32606103517855,76.71910954956749,5.297672910893695,short_rains,650.4965825795291,1.0,4.0,6,train,False
Kitui,2016-10-01,2016,10,2,2,Stressed,0.0003017446832363,1.7380409856398824,1.000020657672542,0.8418774168451643,0.1040292886764814,0.9352936867446512,0.7152000976192099,36.91500118270295,24.705369348480986,32.94756628426496,3.9674348984379932,short_rains,350.0498777837523,1.0,4.0,6,train,False
Kwale,2016-10-01,2016,10,2,2,Stressed,0.0,1.780177978011436,0.9912706305994284,0.9265872387499008,0.2552553892583764,0.9097917262322336,-0.3757155985237165,78.93526401422082,14.19139752879091,16.07045937220783,62.86480464201299,short_rains,461.4118591660762,1.0,4.0,6,train,False
Laikipia,2016-10-01,2016,10,2,2,Stressed,0.0,1.6420992653227566,0.9999884616799976,0.4273327441495789,-0.035857695592451,1.0064991771766771,1.210079694996664,43.799457547099166,38.358150654282106,62.5077190151714,-18.708261468072237,short_rains,378.6133408439104,1.0,4.0,6,train,False
Lamu,2016-10-01,2016,10,1,1,Minimal,0.0,1.3707604160266555,0.9773061077235968,-0.5394425737941502,-0.8473057190753615,-0.0514090440597941,-0.8271222161215819,31.506555111709822,26.340446462698733,34.04467513612016,-2.5381200244103397,short_rains,394.8891092289726,1.0,4.0,6,train,False
Machakos,2016-10-01,2016,10,1,1,Minimal,0.0,1.003040948640894,0.9999301224551056,0.635509166681517,-0.0330607056162813,1.113136590893972,0.5946695279305437,64.90938868030229,45.95063623622042,63.79699482141809,1.1123938588841966,short_rains,347.0698296320569,1.0,4.0,6,train,False
Makueni,2016-10-01,2016,10,2,2,Stressed,0.0,1.5378207102841086,0.9999590891586948,1.1771418069455954,0.2249796684651478,0.818330296621723,0.4206213713936187,55.53244521565917,29.426316720457592,43.22503656775923,12.30740864789994,short_rains,210.84898907247097,1.0,4.0,6,train,False
Mandera,2016-10-01,2016,10,2,2,Stressed,0.0,2.0,0.9934829486429042,1.2379269525606027,0.6883272968552362,0.779997115931291,-0.1129976313074521,53.80082926067858,27.703074725893067,14.159501123934977,39.64132813674361,short_rains,147.72597818452132,2.0,4.0,6,train,False
Marsabit,2016-10-01,2016,10,2,2,Stressed,0.0569491521536986,2.0569491521536984,0.9337764821201532,1.0155048849971198,0.4469867064579449,0.8453346295594242,0.4634704006085654,23.92941973188872,9.518205367427194,14.090136065563511,9.83928366632521,short_rains,183.11284628508548,2.0,4.0,6,train,True
Meru,2016-10-01,2016,10,1,1,Minimal,0.0,1.0061842148764304,0.999896962690386,0.4323641190073432,-0.0039224091899419,0.8413687964493759,0.5177850074406564,49.08845755380719,48.07904024628318,51.069358361992215,-1.9809008081850266,short_rains,469.95952152110806,1.0,4.0,6,train,False
Migori,2016-10-01,2016,10,1,1,Minimal,0.0,1.0,0.8093394361863654,1.39149726589065,-0.3393488155769862,0.7761203950476585,0.6244810799484006,66.12262100613695,36.62970714440144,42.11937182810019,24.00324917803676,short_rains,460.4970135975702,1.0,4.0,6,train,False
Mombasa,2016-10-01,2016,10,1,1,Minimal,0.0,1.0,0.945430610879302,1.33430573325211,1.0321912416089978,1.7812082545660215,-0.357782662226433,69.32439404496594,14.845595070058886,25.905740237932704,43.41865380703324,short_rains,339.4545465241538,1.0,4.0,6,train,False
Murang'a,2016-10-01,2016,10,1,1,Minimal,0.0,1.0,0.9998960447776896,0.8413110540137575,0.2887471372284933,1.2713103976154412,0.787827169658037,40.245508559446016,71.49317564526771,79.12695978928133,-38.881451229835314,short_rains,600.9606534616394,1.0,4.0,6,train,False
Nairobi,2016-10-01,2016,10,1,1,Minimal,0.0,1.0,0.999342993819312,0.3453619180973865,-0.1926196517293842,0.925753161814916,0.7313272087315619,54.30969804700128,44.96925942893287,73.98712454166093,-19.677426494659656,short_rains,349.07589029272395,1.0,4.0,6,train,False
Nakuru,2016-10-01,2016,10,1,1,Minimal,0.0,1.0,0.9758499055944192,0.9868144457299628,0.3509218983321539,1.04756670889569,0.7674490429119624,64.83441718684003,47.79850949347445,69.22811017440515,-4.393692987565117,short_rains,337.82261196850334,1.0,4.0,6,train,False
Nandi,2016-10-01,2016,10,1,1,Minimal,0.0,1.0,0.9998151603533764,2.3094168859304127,0.8660269566021765,1.3230217458895857,0.6203574181808379,88.64658207230529,52.276100152512505,72.69539222065993,15.951189851645367,short_rains,636.3375639959971,1.0,4.0,6,train,False
Narok,2016-10-01,2016,10,1,1,Minimal,0.0,1.47520177958783,0.9926655695019648,1.447435249560936,0.3838141147536018,1.368155204316382,0.8219223755191639,66.9849521038948,54.60765440447305,72.64985489537348,-5.664902791478681,short_rains,449.4351533314782,1.0,4.0,6,train,False
Nyamira,2016-10-01,2016,10,1,1,Minimal,0.0,1.0,0.999826225293629,2.992126265076993,1.0000465511017982,1.643846482491382,0.965441321613296,47.64997685514225,69.22012077457448,84.40935206313178,-36.75937520798953,short_rains,707.0676224501927,1.0,4.0,6,train,False
Nyandarua,2016-10-01,2016,10,1,1,Minimal,0.0,1.0000488758430504,0.9998954460056082,1.0247012944360938,0.4009473216265293,1.202978850337595,0.8912555017337207,55.63108166388388,70.32202027632384,78.20344868940188,-22.572367025518,short_rains,478.59632261521887,1.0,4.0,6,train,False
Nyeri,2016-10-01,2016,10,1,1,Minimal,0.0,1.000617529631617,0.9998784268825546,0.9808270361656324,0.3408346848232647,1.391971790638198,1.0862291701141442,55.75373195705397,89.52288795370114,81.94096070600881,-26.187228748954837,short_rains,596.5685209899478,1.0,4.0,6,train,False
Samburu,2016-10-01,2016,10,2,2,Stressed,0.000676871138425,2.0006768711384253,0.9998824582508856,0.0842400336797513,-0.313166781313588,0.3444388662378683,0.722989063887101,36.58263653334848,23.90550131231716,37.39812912750608,-0.8154925941576039,short_rains,233.37064745956647,2.0,4.0,6,train,True
Siaya,2016-10-01,2016,10,1,1,Minimal,0.0,1.0,0.7130635075059107,2.2825608866304425,0.3677672922268896,1.4411983718511134,0.620170058643048,56.58968167203041,40.419962322851504,61.87142397318495,-5.281742301154544,short_rains,703.9110029852106,1.0,4.0,6,train,False
Taita Taveta,2016-10-01,2016,10,2,2,Stressed,0.0,1.7188197103780731,0.9966946413124256,0.858859129408715,-0.1262303126377367,0.7250514902625022,0.2982283649395186,49.39212845311576,19.417784140887445,23.40248607520896,25.9896423779068,short_rains,337.281834884778,1.0,4.0,6,train,False
Tana River,2016-10-01,2016,10,2,2,Stressed,0.2075780895845305,2.207058008871236,0.9998380873466596,-0.7860272801871226,-1.0693480623266507,0.3808256264721029,0.0780616828301067,19.746774205549727,18.193997135403357,30.607653824027302,-10.860879618477576,short_rains,208.9215702880231,2.0,4.0,6,train,False
Tharaka-Nithi,2016-10-01,2016,10,1,1,Minimal,0.0,1.000148596214673,0.9999730250426142,0.412071050458369,-0.0210244498221034,0.925272395925232,0.6795676695021725,34.62356099716037,39.924407142172974,49.87506631059105,-15.251505313430684,short_rains,386.5660928989662,1.0,4.0,6,train,False
Trans Nzoia,2016-10-01,2016,10,1,1,Minimal,0.0,1.0,0.9977780064560036,2.012340020697037,0.739380146472345,1.4146152269937362,0.6299713732255481,76.88400706698175,40.20370954042834,48.47643231758846,28.40757474939329,short_rains,575.422482832226,1.0,4.0,6,train,False
Turkana,2016-10-01,2016,10,2,2,Stressed,0.0,2.0,0.9601517567107908,1.866569410824103,0.905366787463966,1.7168783241348209,0.293998093410135,39.34898888038082,23.14269678438149,17.510511722008577,21.838477158372246,short_rains,134.93439886021372,2.0,4.0,6,train,True
Uasin Gishu,2016-10-01,2016,10,1,1,Minimal,0.0,1.0,0.9999480360329532,1.5273743926012728,0.6288763334963243,1.1617246490094335,0.6167955508019418,87.13179537525255,43.24595551169925,59.33529443136752,27.79650094388503,short_rains,466.5756532543863,1.0,4.0,6,train,False
Vihiga,2016-10-01,2016,10,1,1,Minimal,0.0,1.0,0.9998193553745116,2.4900631444345795,0.748336914233817,1.3471568957853792,0.6565521177684643,53.67935711900832,51.280072603063765,63.28621142035146,-9.606854301343134,short_rains,638.2354464495623,1.0,4.0,6,train,False
Wajir,2016-10-01,2016,10,2,2,Stressed,0.0,1.9999999861444424,0.9996281767904694,-0.0169419263536433,-0.2032648764545829,0.1276262429013264,0.4414574014513935,34.884249726137,20.62651482895856,17.235004982431974,17.649244743705026,short_rains,220.92597534518788,2.0,4.0,6,train,True
West Pokot,2016-10-01,2016,10,2,2,Stressed,0.0,1.5595094754063683,0.9926708452112748,2.1963931683755784,1.1122676498384074,1.5315404359832316,0.1255183614133728,63.58391569338729,18.59317360390921,30.487736782229213,33.09617891115808,short_rains,366.78840132412165,1.0,4.0,6,train,False
Baringo,2017-02-01,2017,2,2,2,Stressed,0.4084128274445774,2.406089599922793,0.9999911252483462,-1.0601140450603272,-0.3242533034312239,0.5078516028972241,1.288584774478101,78.38044958264815,72.69958237667367,67.72801708554186,10.65243249710629,dry_jf,407.6410955536569,1.0,4.0,6,train,True
Bomet,2017-02-01,2017,2,1,1,Minimal,0.0,1.0001339296253435,0.9999591929168596,-2.0816578049774823,-1.180978353417868,0.7581626905116766,2.0633147895168884,74.40586765635979,79.0766630401113,95.99723983119988,-21.59137217484009,dry_jf,705.0356352221398,1.0,4.0,6,train,False
Bungoma,2017-02-01,2017,2,1,1,Minimal,0.0,1.0,0.9970207416060456,-2.142409313013775,-0.6254022734262409,0.2262133813576799,1.7263276871961244,82.2578524513112,37.41095273248328,80.19682356343839,2.0610288878728085,dry_jf,684.143518918554,1.0,4.0,6,train,False
Busia,2017-02-01,2017,2,1,1,Minimal,0.0,1.0,0.914162035136638,-1.828586184827937,-0.912516899571095,0.2710288302994302,2.251957477449832,33.61335459645497,5.02247844522472,4.357414226094243,29.255940370360726,dry_jf,504.89251568895395,1.0,4.0,6,train,False
Elgeyo-Marakwet,2017-02-01,2017,2,1,1,Minimal,0.0002364709989949,1.007049764961716,0.9999614908731612,-2.0201204077837263,-0.408925116203505,0.6755222297812576,1.6071712216269771,81.49885678574444,12.61562088687279,83.1655367759526,-1.6666799902081664,dry_jf,424.00498148048365,1.0,4.0,6,train,False
Embu,2017-02-01,2017,2,2,2,Stressed,0.0,1.9964141075446744,0.9999831894941442,-0.288562559274948,-0.8061599837012029,-0.2911600874062204,0.1176291139354118,59.99777518552127,60.863878727776,66.81711722675641,-6.819342041235139,dry_jf,401.4457023614595,1.0,4.0,6,train,False
Garissa,2017-02-01,2017,2,3,3,Crisis or worse,0.5528097057466779,2.552809705746678,0.9994889339752476,-0.6895424487434959,-1.2505345343278202,-1.226376860580307,-0.9759531742227032,26.64525896086579,8.349990663363766,32.44928570149752,-5.804026740631734,dry_jf,210.6771075185111,2.0,4.0,6,train,False
Homa Bay,2017-02-01,2017,2,1,1,Minimal,0.0,1.0,0.6628357436647451,-1.5315860118363185,-2.0166426391536523,-0.134869903169221,1.6255871663415056,32.31889742258136,17.41974880190139,37.60872239634396,-5.289824973762599,dry_jf,658.3122810444571,1.0,4.0,6,train,False
Isiolo,2017-02-01,2017,2,2,2,Stressed,0.0025033193503228,2.0025033193503226,0.9999986948896944,-1.4798102447328825,-1.2731396473066308,-0.3341801388764122,0.0143493198297673,34.62711450122712,41.29801931845987,58.781140352367096,-24.154025851139977,dry_jf,121.15801476654195,2.0,4.0,6,train,False
Kajiado,2017-02-01,2017,2,2,2,Stressed,0.0,1.9992143574179568,0.9866508734010327,-0.0036549499108962,-0.1879733888902818,0.0340071144357107,0.6039757350249062,35.181194130561906,34.6407342765277,35.55668521847884,-0.3754910879169344,dry_jf,244.0590119973267,1.0,4.0,6,train,False
Kakamega,2017-02-01,2017,2,1,1,Minimal,0.0,1.0,0.9998432712295532,-2.345673691256617,-1.1065588497849377,0.5150096688574279,2.333893468329549,37.526767573414126,36.245246828414594,64.25663307119484,-26.729865497780715,dry_jf,521.962946970816,1.0,4.0,6,train,False
Kericho,2017-02-01,2017,2,1,1,Minimal,0.0,1.001244210964178,0.999952622964877,-1.831755509841131,-0.5681754680025024,1.086374761132908,2.215812022477482,87.70930237181891,61.062483384531255,87.05951550549337,0.6497868663255417,dry_jf,577.6437811642602,1.0,4.0,6,train,False
Kiambu,2017-02-01,2017,2,1,1,Minimal,0.0,1.0011873030149403,0.9998318358451642,0.162296079358851,-0.4711488282203551,0.0444986843039454,0.3765413775831543,68.69985790777062,67.53307282702666,82.5074347753656,-13.807576867594975,dry_jf,365.1581675938478,1.0,4.0,6,train,False
Kilifi,2017-02-01,2017,2,2,2,Stressed,0.2337998972582025,2.233738044275289,0.9942097819008072,0.365290222907473,-1.0496184412609977,-1.7143419217724558,-1.3028491507461988,0.2523398910616335,0.0,7.437467123619924,-7.1851272325582904,dry_jf,485.9236308469297,2.0,4.0,6,train,False
Kirinyaga,2017-02-01,2017,2,1,1,Minimal,0.0,1.002576989134379,0.9999074216232388,0.0758628210064378,-0.360902488129137,-0.2367913053619951,0.0918724328116587,70.75617969842754,58.86857579915398,38.31764360078064,32.4385360976469,dry_jf,523.427425427593,1.0,4.0,6,train,False
Kisii,2017-02-01,2017,2,1,1,Minimal,0.0,1.0,0.9995821721614786,-1.1592746326832,-1.9317378008166035,0.2507787828060621,1.6201399571341204,51.28395053471474,47.17226919139007,81.61907666501449,-30.33512613029975,dry_jf,771.8724273402603,1.0,4.0,6,train,False
Kisumu,2017-02-01,2017,2,1,1,Minimal,0.0,1.0,0.7829061444141885,-1.6657692897332212,-1.3332449089195368,0.6178293682938665,2.292229948913728,45.78337312271668,46.64956916526072,72.4064481202845,-26.623074997567812,dry_jf,650.4965825795291,1.0,4.0,6,train,False
Kitui,2017-02-01,2017,2,2,2,Stressed,0.000305678078178,2.000305678078178,1.000013525092253,0.777567411393122,0.3908862248219584,0.106692072196407,0.6511316130454972,48.54267490157811,35.8756614909048,34.526815391173365,14.015859510404745,dry_jf,350.0498777837523,2.0,4.0,6,train,False
Kwale,2017-02-01,2017,2,2,2,Stressed,0.0010275139482869,2.00073952346299,0.9912643250137678,0.5813337332273197,-0.0464109383966255,-0.5623087621264501,-0.1416665515517099,10.273467862407696,4.9587057456040124,18.14560585762341,-7.872137995215713,dry_jf,461.4118591660762,2.0,4.0,6,train,False
Laikipia,2017-02-01,2017,2,2,2,Stressed,0.0008776660906027,1.9998564590862429,1.0000129629138592,-0.5876413390264882,-0.865898287592682,-0.3103075187229627,0.3083900946180103,62.763385323048055,72.83985924391932,59.70807208978378,3.055313233264279,dry_jf,378.6133408439104,2.0,4.0,6,train,False
Lamu,2017-02-01,2017,2,3,3,Crisis or worse,0.9276240592286163,2.9276240592286165,0.9773182172263198,-0.9914331395615952,-1.718213554000685,-1.4217069055858491,-1.0162067464231372,7.773118468817559,31.394411992170436,47.03120365128128,-39.258085182463724,dry_jf,394.8891092289726,1.0,4.0,6,train,False
Machakos,2017-02-01,2017,2,2,2,Stressed,0.0,1.9958984574524976,0.9999541547421954,0.0483997322344175,-0.3920114780605827,-0.0911802604212306,0.359605377235547,60.43927637634133,50.68635085583784,65.1054376114789,-4.666161235137572,dry_jf,347.0698296320569,1.0,4.0,6,train,False
Makueni,2017-02-01,2017,2,2,2,Stressed,0.0,2.0,0.9999538567848316,1.1395871777632958,0.2345114235215373,0.2326388517140489,0.8482867077607368,39.82728249372242,38.99587472523872,32.127845964755814,7.699436528966608,dry_jf,210.84898907247097,2.0,4.0,6,train,False
Mandera,2017-02-01,2017,2,3,3,Crisis or worse,0.668186840537849,2.668186840537849,0.9934867127042736,-0.8632197591869056,-0.0535613056469616,0.5359552858655378,1.050948190547932,55.79993385377743,39.18834942496498,76.21408256201022,-20.414148708232787,dry_jf,147.72597818452132,2.0,4.0,6,train,False
Marsabit,2017-02-01,2017,2,3,3,Crisis or worse,0.5888430157122946,2.5888430157122944,0.933780348655218,-0.9603823115340064,-0.6136547706792514,0.3171266798376577,0.8336862355789912,26.802255745524626,37.71954076623537,36.780378013514735,-9.97812226799011,dry_jf,183.11284628508548,2.0,4.0,6,train,True
Meru,2017-02-01,2017,2,2,2,Stressed,0.0,1.999994138612406,0.9998893642983322,-1.1170666352579133,-1.3284673423651212,-0.3472982519660908,0.0625160768187046,83.95899803927735,32.61694649633036,81.01072095016546,2.9482770891118832,dry_jf,469.95952152110806,1.0,4.0,6,train,False
Migori,2017-02-01,2017,2,1,1,Minimal,0.0,1.0009600200580766,0.8093461789563474,-1.399997195760329,-2.80831692330068,-1.1625862485324483,-0.0080544749240677,36.85837389613251,17.588421262351872,47.71612113817795,-10.857747242045434,dry_jf,460.4970135975702,1.0,4.0,6,train,False
Mombasa,2017-02-01,2017,2,1,1,Minimal,0.0,1.024159169166952,0.9454988271665984,0.2819419758445021,-0.7400230984276882,-0.4629253016991415,-0.1340378504962067,0.0,0.0,0.0,0.0,dry_jf,339.4545465241538,1.0,4.0,6,train,False
Murang'a,2017-02-01,2017,2,1,1,Minimal,0.0,1.0023313694368103,0.9998962306236832,0.0257316950215136,-0.507530265223168,0.2141430922049841,0.5817212411995989,77.38405674308268,64.2944104281234,70.98345419236858,6.400602550714098,dry_jf,600.9606534616394,1.0,4.0,6,train,False
Nairobi,2017-02-01,2017,2,1,1,Minimal,0.0,1.002277321936268,0.9993429939306429,0.5101827253706127,-0.1990818456073656,-0.0752823360061385,0.2233092753889341,54.83772677487634,64.64321591856405,50.89190136388237,3.9458254109939688,dry_jf,349.07589029272395,1.0,4.0,6,train,False
Nakuru,2017-02-01,2017,2,1,1,Minimal,0.0,1.0039616673813203,0.9758811554850996,-1.144845720316249,-0.330882747666256,0.6220324801607433,1.2667919626751107,80.19918926431247,70.44511046902531,62.93803533268813,17.261153931624335,dry_jf,337.82261196850334,1.0,4.0,6,train,False
Nandi,2017-02-01,2017,2,1,1,Minimal,0.0,1.0,0.9998151603533768,-2.605424210599381,-0.995999602867746,0.8336192360610214,2.392727099935068,69.05129347585543,59.17835532751217,86.48069834952524,-17.42940487366981,dry_jf,636.3375639959971,1.0,4.0,6,train,False
Narok,2017-02-01,2017,2,2,2,Stressed,0.0,1.9972573232118724,0.9926950995646184,-0.8558232918563935,-0.7065719599509555,0.4721006507313985,1.1822097273647607,26.33392756995759,39.70100029767868,58.315690323008845,-31.981762753051253,dry_jf,449.4351533314782,1.0,4.0,6,train,False
Nyamira,2017-02-01,2017,2,1,1,Minimal,0.0,1.0,0.999826225293641,-1.6586711772726126,-1.5787108467658617,0.7783565903372026,2.3600518536931085,74.45590897289483,67.69521130677295,63.5761260394094,10.87978293348543,dry_jf,707.0676224501927,1.0,4.0,6,train,False
Nyandarua,2017-02-01,2017,2,1,1,Minimal,0.0,1.0047154148359967,0.9999166372673338,-0.5728946707137633,-0.6973089396490949,0.182953284280053,0.7659007513167672,82.83177459049374,51.31881609535613,68.57447506869399,14.257299521799752,dry_jf,478.59632261521887,1.0,4.0,6,train,False
Nyeri,2017-02-01,2017,2,1,1,Minimal,0.0,1.0066168382983696,0.9998946561407625,-0.0112275648653355,-0.5869631035721039,-0.0252059841605451,0.3677482914750914,84.51910054922801,39.237988325270834,76.34778653259438,8.17131401663363,dry_jf,596.5685209899478,1.0,4.0,6,train,False
Samburu,2017-02-01,2017,2,3,3,Crisis or worse,0.5305813475848953,2.5305813475848957,0.9999058345140028,-0.7519661168329194,-0.9217991533029184,-0.4794248820413902,0.0206488208599354,45.93864901133979,62.053300378960735,59.03237789949235,-13.093728888152562,dry_jf,233.37064745956647,2.0,4.0,6,train,True
Siaya,2017-02-01,2017,2,1,1,Minimal,0.0,1.0,0.7130635075059107,-2.0298909353935923,-1.8629332030157508,0.0983988588429078,1.9572822444189608,28.018072780771583,17.272386814404967,17.14989348646639,10.868179294305193,dry_jf,703.9110029852106,1.0,4.0,6,train,False
Taita Taveta,2017-02-01,2017,2,2,2,Stressed,0.0,2.0,0.996678387202398,1.1350882057696408,-0.0233390188700944,-0.2416115679385623,0.5202934128265031,52.601720674646536,42.97355371966822,36.65288620420994,15.948834470436594,dry_jf,337.281834884778,2.0,4.0,6,train,False
Tana River,2017-02-01,2017,2,3,3,Crisis or worse,0.5228853487461234,2.522885348746123,0.9998487143801412,0.5424116938300145,-0.7488520491365662,-1.3195880622626288,-1.2011517018872926,35.94061568047535,28.74403519774298,21.874515843102863,14.066099837372484,dry_jf,208.9215702880231,2.0,4.0,6,train,False
Tharaka-Nithi,2017-02-01,2017,2,2,2,Stressed,0.0,2.0,0.999973025042614,-0.9638812773032824,-1.236365737161773,-0.324816443548246,0.0739167527415263,83.84220681990101,48.72179231777013,66.58136136498467,17.260845454916335,dry_jf,386.5660928989662,1.0,4.0,6,train,False
Trans Nzoia,2017-02-01,2017,2,1,1,Minimal,0.0,1.0000003611851287,0.9977780064560032,-1.565916450350066,0.1376800189148896,1.2564478878094267,2.519196456477239,100.0,19.70623064734797,69.2549354165573,30.745064583442698,dry_jf,575.422482832226,1.0,4.0,6,train,False
Turkana,2017-02-01,2017,2,2,2,Stressed,0.4639623535524978,2.463962353552498,0.9601622232894668,-0.6484731094725591,-0.5252945774676395,0.4188519595672276,1.1857534186802563,50.44576783401209,53.56192937782564,45.298556078126055,5.147211755886033,dry_jf,134.93439886021372,2.0,4.0,6,train,True
Uasin Gishu,2017-02-01,2017,2,1,1,Minimal,0.0,1.0000608491913512,0.9999481856594682,-2.3968739476146763,-0.2452386764496925,0.9449950757998252,1.9782060454347972,98.74364069518604,63.48624508620103,70.26633931627586,28.477301378910184,dry_jf,466.5756532543863,1.0,4.0,6,train,False
Vihiga,2017-02-01,2017,2,1,1,Minimal,0.0,1.0,0.9998193553745144,-1.868791554794949,-1.5900244836013129,0.5804506188895477,2.2632959736553584,10.520199334239612,38.10285121696769,89.22676778725771,-78.70656845301811,dry_jf,638.2354464495623,1.0,4.0,6,train,False
Wajir,2017-02-01,2017,2,3,3,Crisis or worse,0.5103026639658598,2.5103026639658594,0.9996352109469788,-0.2085334995231837,0.6362960785492674,-0.2136022651178818,0.0377670373739274,51.19295718114966,41.61581834999141,42.62443756164989,8.568519619499767,dry_jf,220.92597534518788,2.0,4.0,6,train,True
West Pokot,2017-02-01,2017,2,3,3,Crisis or worse,0.501128671582614,2.3703398630777786,0.9926749237017778,-1.5233504130613142,-0.7672470582557123,0.7344612682085075,2.019459730621933,73.54633541237045,71.79931457667712,64.20024154515367,9.34609386721678,dry_jf,366.78840132412165,2.0,4.0,6,train,False
Baringo,2017-06-01,2017,6,2,2,Stressed,0.4201050309741536,2.3964556114234226,0.9999945640645234,-1.2588799269445994,-0.813705364256912,-1.044510617038174,-0.9099481255691856,7.16913983334805,5.312880414099065,31.974308942191964,-24.805169108843913,dry_jjas,407.6410955536569,2.0,4.0,6,train,True
Bomet,2017-06-01,2017,6,1,1,Minimal,0.0,1.0001339296253435,0.9999591929168596,-1.725242726445828,-0.6661330108772012,-1.0382701146204671,-0.7830324139184343,47.93267410384463,31.093437806412865,93.66454836234593,-45.73187425850129,dry_jjas,705.0356352221398,1.0,4.0,6,train,False
Bungoma,2017-06-01,2017,6,1,1,Minimal,0.0,1.0,0.9970207416060456,-1.5330480408405025,-1.4715790270053173,-1.8354630400329432,-1.8717691538183443,5.114480790575072,27.08227584829456,64.036810949077,-58.92233015850192,dry_jjas,684.143518918554,1.0,4.0,6,train,False
Busia,2017-06-01,2017,6,1,1,Minimal,0.0,1.0,0.914162035136638,-1.6312957995421646,-1.7510544001967103,-2.3364609224601853,-2.624233251352919,0.0,0.0,0.0,0.0,dry_jjas,504.89251568895395,1.0,4.0,6,train,False
Elgeyo-Marakwet,2017-06-01,2017,6,1,1,Minimal,0.0002464476404714,1.0063367334793665,0.9999614710587812,-1.4619578581561223,-0.8811285579497872,-1.3136278367522085,-1.1875708980904174,6.943146884249806,3.644056866661313,25.66453495729748,-18.721388073047674,dry_jjas,424.00498148048365,1.0,4.0,6,train,False
Embu,2017-06-01,2017,6,2,2,Stressed,0.0005515283293279,1.99696563611247,0.9999832559947072,-1.0888243487424851,-0.4373708952098474,-0.5454381659508242,-1.5913528202118237,82.28586996845314,42.477597333971495,23.681475177958674,58.60439479049447,dry_jjas,401.4457023614595,2.0,4.0,6,train,False
Garissa,2017-06-01,2017,6,3,3,Crisis or worse,0.6106024058973542,2.610602405897354,0.9994919517599272,-0.6234934004008496,-0.2308213710435208,-0.4002808852525701,-1.4450228973924313,19.967191912005447,1.34603544558251,0.0,19.967191912005447,dry_jjas,210.6771075185111,3.0,4.0,6,train,False
Homa Bay,2017-06-01,2017,6,1,1,Minimal,0.0,1.0,0.6628357436647451,-1.6814035573089408,-1.105939320850969,-1.5732628392420516,-1.678647984740248,22.71508058459712,42.64200462067844,42.87602207386812,-20.160941489271,dry_jjas,658.3122810444571,1.0,4.0,6,train,False
Isiolo,2017-06-01,2017,6,3,3,Crisis or worse,0.7518804591292961,2.751880459129296,0.9999655296366224,-0.733858965725284,-0.3293971754917237,-0.353447332163222,-1.4507297904028378,26.44358022214851,17.254304597576592,2.874482059094936,23.56909816305357,dry_jjas,121.15801476654195,2.0,4.0,6,train,False
Kajiado,2017-06-01,2017,6,2,2,Stressed,0.0,1.9992143574179568,0.9866508734010327,-1.142862157160018,-0.458220696188471,-0.4912528247515491,-0.8461699526159275,29.81034263204812,35.473316769076575,13.808649521352564,16.001693110695555,dry_jjas,244.0590119973267,2.0,4.0,6,train,False
Kakamega,2017-06-01,2017,6,1,1,Minimal,0.0,1.0,0.9998432712295532,-1.7380397749671286,-1.5325530038090671,-2.312873075093352,-2.317293500562052,5.765417450198906,0.0,34.380793474230856,-28.61537602403195,dry_jjas,521.962946970816,1.0,4.0,6,train,False
Kericho,2017-06-01,2017,6,1,1,Minimal,0.0,1.0989514108508742,1.0000092589479703,-1.536495036590564,-0.9479854234168604,-1.2199420222056734,-1.3287817887818856,32.67105236595989,2.2906457561966334,69.47653973853181,-36.805487372571925,dry_jjas,577.6437811642602,1.0,4.0,6,train,False
Kiambu,2017-06-01,2017,6,1,1,Minimal,0.0,1.004124707751241,0.9998415934837052,-1.3813188741132434,-0.4436474078819881,-0.6337865946611797,-0.6820998514579303,48.42607959218413,21.8225894931876,59.29391281012781,-10.867833217943677,dry_jjas,365.1581675938478,1.0,4.0,6,train,False
Kilifi,2017-06-01,2017,6,3,3,Crisis or worse,0.7975262198231837,2.797464367468453,0.9942198792549004,-0.4556638427698327,-1.061693558408922,-1.2295056594831708,-0.9274928620952076,0.0,0.0,0.0,0.0,dry_jjas,485.9236308469297,2.0,4.0,6,train,False
Kirinyaga,2017-06-01,2017,6,1,1,Minimal,1.5502378105962137e-05,1.0025924915124855,0.9999074216232394,-1.128432063156911,-0.6209164529101929,-0.768306739517847,-1.4590111511716408,72.26754800927128,46.471613492889645,55.20255868563959,17.064989323631693,dry_jjas,523.427425427593,1.0,4.0,6,train,False
Kisii,2017-06-01,2017,6,1,1,Minimal,0.0,1.0,0.9995821721614786,-1.4398859454634407,-0.9343287190048638,-1.1601250226018296,-0.915126302842006,36.9526331038283,57.91889343368917,75.93706651655089,-38.98443341272259,dry_jjas,771.8724273402603,1.0,4.0,6,train,False
Kisumu,2017-06-01,2017,6,1,1,Minimal,0.0,1.000046794673207,0.7829071177907161,-1.826909613624278,-1.2705807709341128,-1.8296516002344585,-1.8292370086715863,18.008925349328845,0.0,5.262508802197757,12.746416547131087,dry_jjas,650.4965825795291,1.0,4.0,6,train,False
Kitui,2017-06-01,2017,6,2,2,Stressed,0.1870927220271259,2.187092722027126,0.9999823061871131,-0.9862658200480748,-0.3591578362944466,-0.356632556077804,-0.8778908340934569,40.28484655803536,19.464131781334768,0.0,40.28484655803536,dry_jjas,350.0498777837523,2.0,4.0,6,train,False
Kwale,2017-06-01,2017,6,2,2,Stressed,0.001624192670232,2.001336202515908,0.991265464224382,-0.1107808694604086,-0.2936177983835674,-0.2864886541913441,0.1799551738354711,15.387287097124087,0.0,0.0,15.387287097124087,dry_jjas,461.4118591660762,2.0,4.0,6,train,False
Laikipia,2017-06-01,2017,6,2,2,Stressed,0.1130319861406154,2.1120108082265427,1.0000414502748185,-1.0976274786214333,-0.6863236011419265,-1.3498563464912587,-1.5914217980495644,20.636401324702035,5.043231879768337,31.060689506380804,-10.424288181678769,dry_jjas,378.6133408439104,2.0,4.0,6,train,False
Lamu,2017-06-01,2017,6,2,2,Stressed,0.3443653010937321,2.344365301093732,0.977321130906557,-0.7070400205868803,-1.3090169662275466,-2.0687058156991647,-1.7465308197764988,0.0,0.0,0.0,0.0,dry_jjas,394.8891092289726,3.0,4.0,6,train,False
Machakos,2017-06-01,2017,6,2,2,Stressed,0.0003267331384213,1.996225191230823,0.999954310750569,-1.425929839634022,-0.6976871911018814,-0.7414857097112169,-1.118836947586507,56.24230883478499,23.61642819790279,10.354336096586222,45.88797273819877,dry_jjas,347.0698296320569,2.0,4.0,6,train,False
Makueni,2017-06-01,2017,6,2,2,Stressed,0.0,2.0,0.9999538567854904,-1.1983384854761798,-0.433958151719627,-0.4314667474699367,-0.4780887686404581,59.89153836983827,44.38920735976189,6.649866442553385,53.241671927284884,dry_jjas,210.84898907247097,2.0,4.0,6,train,False
Mandera,2017-06-01,2017,6,2,2,Stressed,0.4819663641267713,2.4819663641267717,0.9934927341615108,1.1981048527857925,-0.1680109470980027,-0.191909307001306,-0.9388767386630246,22.74795296753637,7.5095713645157245,8.928601090562127,13.819351876974244,dry_jjas,147.72597818452132,3.0,4.0,6,train,False
Marsabit,2017-06-01,2017,6,3,3,Crisis or worse,0.7265387541406899,2.72653875414069,0.9337838572052868,-0.6576485560783265,-0.4442862089414883,-0.52702417129223,-0.7907321088731211,10.558075039054552,3.480245551239173,0.0,10.558075039054552,dry_jjas,183.11284628508548,3.0,4.0,6,train,True
Meru,2017-06-01,2017,6,2,2,Stressed,0.2279104628638244,2.2279046015507955,0.9999020844107216,-1.1711711584471631,-0.7040043911638553,-0.8257581025184938,-2.2351758460259536,63.82567519443917,3.752900474468778,25.07980693921225,38.745868255226924,dry_jjas,469.95952152110806,2.0,4.0,6,train,False
Migori,2017-06-01,2017,6,1,1,Minimal,0.0,1.0009600200580766,0.8093461789563474,-1.4682911387788624,-1.011181855739561,-1.4436090782295778,-1.401761173617103,23.575782236608728,27.46331384127008,60.05448626870523,-36.4787040320965,dry_jjas,460.4970135975702,1.0,4.0,6,train,False
Mombasa,2017-06-01,2017,6,1,1,Minimal,0.0,1.024159169166952,0.9454988271665984,-0.755905565583163,-0.5830764248135056,-0.7520039736813638,-0.5048374563178687,0.0,0.0,0.0,0.0,dry_jjas,339.4545465241538,1.0,4.0,6,train,False
Murang'a,2017-06-01,2017,6,1,1,Minimal,0.0,1.0029760939952872,0.9999002361827064,-1.5138784835904326,-0.5060387782636266,-0.6935185342538563,-0.90483828171691,64.29896214475004,34.43364957098976,57.400187115344266,6.898775029405769,dry_jjas,600.9606534616394,1.0,4.0,6,train,False
Nairobi,2017-06-01,2017,6,1,1,Minimal,0.0,1.002277321936268,0.9993429939306429,-1.2848743233317803,-0.487165356467245,-0.6015243461905266,-0.6297538666425345,38.8948871500499,6.16095224735993,21.262170688886386,17.63271646116351,dry_jjas,349.07589029272395,1.0,4.0,6,train,False
Nakuru,2017-06-01,2017,6,1,1,Minimal,0.0002683395186243,1.0516556427500778,0.9759001841496632,-1.3377205582138862,-0.4947903984504525,-0.8445058825627697,-0.5727307899114762,20.27202612070751,0.0,62.97740169724101,-42.7053755765335,dry_jjas,337.82261196850334,1.0,4.0,6,train,False
Nandi,2017-06-01,2017,6,1,1,Minimal,0.0,1.0,0.9998151603533768,-1.6248611658849987,-1.0682177083719224,-1.7249353756276908,-1.762336949722723,28.6601528385419,0.0,61.69252612581717,-33.03237328727526,dry_jjas,636.3375639959971,1.0,4.0,6,train,False
Narok,2017-06-01,2017,6,2,2,Stressed,0.0,1.9940301460574568,0.9926970768051132,-1.3750479093578918,-0.3491646105320019,-0.5297434307710499,-0.0805643837578246,25.688885606899188,3.841294275934205,56.021065146818025,-30.332179539918837,dry_jjas,449.4351533314782,2.0,4.0,6,train,False
Nyamira,2017-06-01,2017,6,1,1,Minimal,0.0,1.0,0.999826225293641,-1.7494091756883008,-0.8903541397132138,-1.207086526001829,-1.0580920596628085,36.9572872598514,39.14684212368852,88.80765872657426,-51.85037146672286,dry_jjas,707.0676224501927,1.0,4.0,6,train,False
Nyandarua,2017-06-01,2017,6,1,1,Minimal,0.0042158365740844,1.2603173502235003,0.9999272234307192,-1.3181869941230215,-0.5516978799179051,-1.120243713754394,-0.7948358240221254,46.59366318000688,1.7813965541578105,76.77218358979509,-30.178520409788213,dry_jjas,478.59632261521887,1.0,4.0,6,train,False
Nyeri,2017-06-01,2017,6,1,1,Minimal,0.0059992817880705,1.012922763262743,0.9999008065266486,-1.3601877450137096,-0.6703050054989521,-0.9322399257499956,-1.1620676299879913,45.130347382663246,0.0,58.31000176840526,-13.179654385742012,dry_jjas,596.5685209899478,1.0,4.0,6,train,False
Samburu,2017-06-01,2017,6,2,2,Stressed,0.4363214449160176,2.4363214449160173,0.99992034265564,-1.0063912702759183,-0.7418409193080342,-1.0964878033071177,-1.9857049387567656,19.000390281871216,0.0,16.869693302343514,2.130696979527702,dry_jjas,233.37064745956647,3.0,4.0,6,train,True
Siaya,2017-06-01,2017,6,1,1,Minimal,0.0,1.0,0.7130635075059107,-1.7212070507022612,-1.2010748744045112,-1.9756823291190992,-2.3825976830493887,0.0,10.429658159789694,0.0,0.0,dry_jjas,703.9110029852106,1.0,4.0,6,train,False
Taita Taveta,2017-06-01,2017,6,2,2,Stressed,0.1639483164516049,2.163948316451605,0.996693805007888,-0.3477510766110467,-0.452869622967584,-0.4676954875874719,-0.2546388082710344,27.43698540924848,1.953301651241221,0.0,27.43698540924848,dry_jjas,337.281834884778,2.0,4.0,6,train,False
Tana River,2017-06-01,2017,6,2,2,Stressed,0.3384587565280262,2.338458756528026,0.9998433560935056,-0.7185020214435807,-0.6544307040671068,-0.7181484259378523,-0.9526051361554676,19.46329088732119,0.0,0.0,19.46329088732119,dry_jjas,208.9215702880231,3.0,4.0,6,train,False
Tharaka-Nithi,2017-06-01,2017,6,2,2,Stressed,0.0001596764744929,2.000159676474493,0.999973025042614,-1.1863051300805385,-0.2755144406629413,-0.3693371612189405,-1.932198693139384,52.49569926681202,9.935731778199733,14.74085223569556,37.754847031116455,dry_jjas,386.5660928989662,2.0,4.0,6,train,False
Trans Nzoia,2017-06-01,2017,6,1,1,Minimal,0.0040020921807144,1.0819359341903891,0.9977844089794708,-1.0882175236975986,-1.1240016531715822,-1.0587936583092166,-0.8200281147334212,17.537456176325037,29.47353995152377,70.11873928693197,-52.58128311060693,dry_jjas,575.422482832226,1.0,4.0,6,train,False
Turkana,2017-06-01,2017,6,3,3,Crisis or worse,0.5585429993667709,2.536684638571286,0.9601816490994464,-1.202486351752917,-0.952840601518988,-1.3117875940786008,-1.1780272142426362,9.248705504475812,5.577523373117636,8.045806737925393,1.202898766550419,dry_jjas,134.93439886021372,2.0,4.0,6,train,True
Uasin Gishu,2017-06-01,2017,6,1,1,Minimal,0.0,1.0000608491913512,0.9999481856594682,-1.405930569008215,-0.8250882538334674,-1.1201418880220049,-1.258306858230879,23.64332844738654,22.866308034257013,46.39109307291543,-22.74776462552889,dry_jjas,466.5756532543863,1.0,4.0,6,train,False
Vihiga,2017-06-01,2017,6,1,1,Minimal,0.0,1.0,0.9998193553745144,-1.8868605452187803,-1.176444020052796,-2.0849291592764225,-2.052808622777996,23.05095938333193,0.0,50.07707110436587,-27.026111721033942,dry_jjas,638.2354464495623,1.0,4.0,6,train,False
Wajir,2017-06-01,2017,6,2,2,Stressed,0.4247545909134482,2.424754590913448,0.9996371245657292,0.3473615110830904,0.2547387858573799,0.2411156314627373,-1.0559863497611173,19.85865084517638,8.730250930621166,2.1085773989517507,17.75007344622463,dry_jjas,220.92597534518788,3.0,4.0,6,train,True
West Pokot,2017-06-01,2017,6,3,3,Crisis or worse,0.5670050865258938,2.5646618091915863,0.9926726674589595,-1.6030748705142728,-1.509821729081415,-2.208423521536155,-1.680767012079968,4.805781999994516,0.0,10.648931606848969,-5.843149606854452,dry_jjas,366.78840132412165,3.0,4.0,6,train,False
Baringo,2017-10-01,2017,10,2,2,Stressed,0.0,1.5582482141685938,1.0000031537499772,-1.316441099140497,-1.2203149014282753,-1.4596968574325653,-0.2237634515166019,3.548867531894402,0.0,4.769219373148887,-1.2203518412544856,short_rains,407.6410955536569,2.0,4.0,6,train,True
Bomet,2017-10-01,2017,10,1,1,Minimal,0.0,1.00000888073496,0.9999591445797522,-0.6661350881528784,-0.890204345796651,-1.3511397275595638,-1.4386738056299762,42.69377703148221,72.00704589661878,46.42766762311111,-3.7338905916288994,short_rains,705.0356352221398,1.0,4.0,6,train,False
Bungoma,2017-10-01,2017,10,1,1,Minimal,0.0,1.0,0.9970207416060456,-1.137261440137278,-0.3469487788883281,-0.8162009500970546,0.2467197054022438,91.75069778565404,77.64800788680537,38.54121027347843,53.20948751217561,short_rains,684.143518918554,1.0,4.0,6,train,False
Busia,2017-10-01,2017,10,1,1,Minimal,0.0,1.0,0.9141620351366326,-0.3555963570547343,0.907911540518458,-0.0737216694838825,0.8181021888793358,47.13047471704794,61.38295265368227,27.648485723521496,19.481988993526443,short_rains,504.89251568895395,1.0,4.0,6,train,False
Elgeyo-Marakwet,2017-10-01,2017,10,1,1,Minimal,0.0,1.0006154999387935,0.9999531832842422,-1.7459760199100396,-1.483750368643758,-1.756457139691581,-0.0845757162415104,12.3802683667879,7.428218079299571,7.640091197157289,4.740177169630612,short_rains,424.00498148048365,1.0,4.0,6,train,False
Embu,2017-10-01,2017,10,2,2,Stressed,0.0,1.667672206524964,0.999984606567881,-1.119115391246948,-1.5549193973540143,-0.9695177212222136,-1.0470491086604616,41.58919441937572,22.320954469466574,16.790536786709634,24.79865763266609,short_rains,401.4457023614595,2.0,4.0,6,train,False
Garissa,2017-10-01,2017,10,2,2,Stressed,0.3149516427853767,2.3149516427853767,0.9994800167375124,-0.0675040295746011,-0.5372726480852895,-0.2120353447876138,-0.6229547356692786,8.84330066193945,1.6101415691322027,9.35479955143011,-0.5114988894906602,short_rains,210.6771075185111,3.0,4.0,6,train,False
Homa Bay,2017-10-01,2017,10,1,1,Minimal,0.0,1.0,0.662835743664745,-0.3849166353375574,0.4133779004340746,-0.5469062936006422,-0.3437322172090508,45.71610615367026,52.96127730753916,41.43452695204474,4.281579201625519,short_rains,658.3122810444571,1.0,4.0,6,train,False
Isiolo,2017-10-01,2017,10,3,3,Crisis or worse,0.900848482806411,2.9008208423690447,0.9999877316922255,-1.3638179668313908,-1.4329111120802385,-1.0589345792768574,-0.7092222980877063,4.740760829625144,4.096176805762234,10.31367099013186,-5.572910160506716,short_rains,121.15801476654195,3.0,4.0,6,train,False
Kajiado,2017-10-01,2017,10,2,2,Stressed,0.0,1.956093113052931,0.9866578531969143,-1.2652762122918166,-1.8857769941289009,-1.6918868569454206,-1.1244538305115348,16.11921330216766,12.191794840612888,11.381226587697594,4.737986714470065,short_rains,244.0590119973267,2.0,4.0,6,train,False
Kakamega,2017-10-01,2017,10,1,1,Minimal,0.0,1.0,0.999843271229553,-0.8312534368846485,-0.0670538646089108,-0.6569674864444965,0.2895610513071212,65.86329173473598,64.83108185293602,26.309704629853936,39.55358710488204,short_rains,521.962946970816,1.0,4.0,6,train,False
Kericho,2017-10-01,2017,10,1,1,Minimal,0.0,1.0,0.9999526229648776,-0.3547950562952171,-0.5358092409144143,-1.1197305410451748,-0.873142690183962,55.361788298354426,43.965910713712894,25.27574643858698,30.086041859767445,short_rains,577.6437811642602,1.0,4.0,6,train,False
Kiambu,2017-10-01,2017,10,1,1,Minimal,0.0,1.0000085802775256,0.9998305741952508,-1.6167251535377776,-1.7904797407605963,-1.6862311570326325,-1.034249566322277,6.9959281563374045,19.28658323013487,38.9103081792285,-31.914380022891095,short_rains,365.1581675938478,1.0,4.0,6,train,False
Kilifi,2017-10-01,2017,10,2,2,Stressed,0.0022482066492799,1.8465430872684307,0.9942097520174966,-0.5043593756027636,-0.7627351690012194,-1.0717515541137972,-0.3456334300651356,0.0,0.0,0.0,0.0,short_rains,485.9236308469297,3.0,4.0,6,train,False
Kirinyaga,2017-10-01,2017,10,1,1,Minimal,0.0,1.0002615914004505,0.999907421621526,-1.4558592699590798,-1.554370682453306,-1.1515094601370082,-0.8041320219228664,0.0,21.92126637975476,31.560265502285784,-31.560265502285784,short_rains,523.427425427593,1.0,4.0,6,train,False
Kisii,2017-10-01,2017,10,1,1,Minimal,0.0,1.0,0.9995821721614786,-0.0313417600330024,0.1289738388097856,-0.700834979993071,-1.2215150104664887,65.90708338814869,80.8600531873971,45.9811282739634,19.925955114185292,short_rains,771.8724273402603,1.0,4.0,6,train,False
Kisumu,2017-10-01,2017,10,1,1,Minimal,0.0,1.0,0.7829061444141889,0.0677719404393495,0.3719377879875076,-0.5193034620768823,-0.0358785349581735,49.02562291908913,81.44689012518865,53.98293710426044,-4.957314185171306,short_rains,650.4965825795291,1.0,4.0,6,train,False
Kitui,2017-10-01,2017,10,2,2,Stressed,0.0003494092108701,1.9394458318116528,1.0000156437008323,-0.4655289273803752,-1.0806617946264043,-0.8072225033541088,-1.000028776064941,23.864976295588782,0.0,7.913305576523923,15.95167071906486,short_rains,350.0498777837523,2.0,4.0,6,train,False
Kwale,2017-10-01,2017,10,2,2,Stressed,0.0,1.933394791093772,0.9912659128784936,-0.4910107226410383,-0.7344731947036025,-1.053248743175237,-0.4031755928768948,0.0,0.0,0.0,0.0,short_rains,461.4118591660762,2.0,4.0,6,train,False
Laikipia,2017-10-01,2017,10,3,3,Crisis or worse,0.5564446964726004,2.2581448267827158,1.0000212259067025,-1.2805328141079555,-1.1409297880175555,-1.186657216072549,-0.5801849290433394,8.394703674817059,0.0,1.2710898382593216,7.1236138365577375,short_rains,378.6133408439104,2.0,4.0,6,train,False
Lamu,2017-10-01,2017,10,2,2,Stressed,0.0015512757217777,2.001551275721778,0.9772691235251724,0.440566298664076,0.0197276979504298,-0.6106414534553436,-0.6472849921361931,0.0,0.0,0.0,0.0,short_rains,394.8891092289726,2.0,4.0,6,train,False
Machakos,2017-10-01,2017,10,1,1,Minimal,0.0,1.003784031239779,0.999932162326225,-0.8001861813175027,-1.3069770465873043,-1.38739122872096,-1.1204004692867442,44.29152982609651,13.087627168984657,15.27806240703754,29.01346741905897,short_rains,347.0698296320569,2.0,4.0,6,train,False
Makueni,2017-10-01,2017,10,2,2,Stressed,0.0,1.947171346097437,0.9999864750196296,-0.3460647672503801,-1.117023814544035,-1.156033335733008,-1.0471453859211648,37.289862750971125,6.073749749462619,16.8989656611164,20.390897089854725,short_rains,210.84898907247097,2.0,4.0,6,train,False
Mandera,2017-10-01,2017,10,3,3,Crisis or worse,0.5897830130822538,2.589783013082254,0.9934952970820572,-0.1619468775457241,-0.4471753258508586,-0.1829152246939676,1.2305756673992183,31.05714149441457,21.264538734753472,7.341125065101433,23.716016429313136,short_rains,147.72597818452132,2.0,4.0,6,train,False
Marsabit,2017-10-01,2017,10,3,3,Crisis or worse,0.5854380611926675,2.582379618240107,0.9337825383279236,-0.5967490259840411,-0.84248481039652,-0.9476938500706532,-0.4086818068843315,4.437642861492727,0.0,5.443464192019271,-1.005821330526544,short_rains,183.11284628508548,3.0,4.0,6,train,True
Meru,2017-10-01,2017,10,1,1,Minimal,0.0027691493962718,1.3956531605764724,0.9999183907447684,-1.5049572356463776,-1.7295467166163314,-1.221456578198235,-1.158837688014787,4.395276361105647,9.322736751042925,24.441517340000978,-20.04624097889533,short_rains,469.95952152110806,2.0,4.0,6,train,False
Migori,2017-10-01,2017,10,1,1,Minimal,0.0,1.0009600200580808,0.8093461789527345,-1.4827691048987617,-0.3590658133060289,-1.0810416041925297,-1.2569692144944618,51.56841141952948,57.34087951607588,27.47697355665239,24.091437862877093,short_rains,460.4970135975702,1.0,4.0,6,train,False
Mombasa,2017-10-01,2017,10,1,1,Minimal,0.0,1.0012155306287127,0.945430610879302,-0.2529696593643799,-0.3085811358805184,-0.6077061081985511,-0.5230275431484315,8.257902547218533,0.5370606258821737,0.0,8.257902547218533,short_rains,339.4545465241538,1.0,4.0,6,train,False
Murang'a,2017-10-01,2017,10,1,1,Minimal,0.0,1.0,0.9998960447776898,-1.489123745512386,-1.4693660059921634,-1.4050254897646566,-0.8558174562940702,7.256877465839549,22.244147135704956,26.372511257282195,-19.115633791442647,short_rains,600.9606534616394,1.0,4.0,6,train,False
Nairobi,2017-10-01,2017,10,1,1,Minimal,0.0,1.0004033639580097,0.9993429939949856,-1.4253076343230628,-1.7868232681580951,-1.6491223790465137,-1.1339984844163171,19.00185193735213,13.084506671099223,16.022605102134598,2.9792468352175305,short_rains,349.07589029272395,1.0,4.0,6,train,False
Nakuru,2017-10-01,2017,10,1,1,Minimal,0.0,1.0000173105892736,0.9758499055944194,-1.192905048879222,-1.3906242501353565,-1.3959317875110728,-0.9027972625567784,4.944328777410865,8.403632951961512,7.8618299068208675,-2.9175011294100024,short_rains,337.82261196850334,1.0,4.0,6,train,False
Nandi,2017-10-01,2017,10,1,1,Minimal,0.0,1.0,0.9998151603528128,-0.569469840337065,-0.5474706039551575,-0.952286244173856,-0.2405887718879723,76.73619336347821,70.759415108565,41.00514024408627,35.73105311939194,short_rains,636.3375639959971,1.0,4.0,6,train,False
Narok,2017-10-01,2017,10,2,2,Stressed,0.0,1.7611502426846417,0.9926912865777452,-1.0242557096142084,-1.357725998083893,-1.510832402536873,-1.5837712690321308,7.604917093390102,34.42307067206111,20.604264529706164,-12.99934743631606,short_rains,449.4351533314782,2.0,4.0,6,train,False
Nyamira,2017-10-01,2017,10,1,1,Minimal,0.0,1.0,0.9998262252936406,0.0492220220524428,0.0405976158025112,-0.7615858865915175,-1.1282219715324957,73.34279376858622,81.55435873386135,51.298810521152205,22.043983247434014,short_rains,707.0676224501927,1.0,4.0,6,train,False
Nyandarua,2017-10-01,2017,10,1,1,Minimal,0.0,1.0009641685385835,0.9998954460078072,-1.410261241196331,-1.3707455996252005,-1.3979602759416794,-0.7693474075650296,20.87340160357381,14.18471946474544,15.194882751631551,5.678518851942259,short_rains,478.59632261521887,1.0,4.0,6,train,False
Nyeri,2017-10-01,2017,10,1,1,Minimal,0.0,1.0053150150421255,0.9998889348338412,-1.2601119261139373,-1.2503762631076525,-1.165491276443558,-0.7634111941473499,17.81705256072895,14.765672986072362,18.1522863745803,-0.33523381385134954,short_rains,596.5685209899478,1.0,4.0,6,train,False
Samburu,2017-10-01,2017,10,3,3,Crisis or worse,0.7405524733137204,2.5505230758676367,0.9999250745850734,-0.7954427127427993,-0.9984573229467149,-1.1400883317473145,-0.6382973096033331,0.5044045535125969,0.0,2.084504330853166,-1.5800997773405692,short_rains,233.37064745956647,2.0,4.0,6,train,True
Siaya,2017-10-01,2017,10,1,1,Minimal,0.0,1.0,0.7130635075059107,-0.095055444013293,0.9764213134720005,-0.1401152068255686,0.5189021178595664,46.46351722561269,35.81495777274267,24.668519967587937,21.794997258024754,short_rains,703.9110029852106,1.0,4.0,6,train,False
Taita Taveta,2017-10-01,2017,10,2,2,Stressed,0.0002570742612601,1.5551371891580787,0.9966792235069628,-0.2971874065483764,-0.9461574193585982,-1.1768647225871434,-0.5593029179180063,0.1312444604581605,0.0,3.4159691799495837,-3.284724719491423,short_rains,337.281834884778,2.0,4.0,6,train,False
Tana River,2017-10-01,2017,10,3,3,Crisis or worse,0.8205506145885247,2.820550614588525,0.9998446137975115,-0.3600386291259689,-0.886766750344357,-0.90148513754125,-0.7235052273890253,6.882263184571486,0.0,7.512413789334195,-0.6301506047627088,short_rains,208.9215702880231,2.0,4.0,6,train,False
Tharaka-Nithi,2017-10-01,2017,10,2,2,Stressed,0.0,1.569479802845253,0.9999939446980428,-1.157830627050734,-1.5397880541060904,-0.7842685227145386,-1.2372630231954078,29.514953228449887,13.046881195103245,18.023047516184217,11.49190571226567,short_rains,386.5660928989662,2.0,4.0,6,train,False
Trans Nzoia,2017-10-01,2017,10,1,1,Minimal,0.0,1.0,0.9977780064560036,-1.9181071502657567,-0.7863764312805848,-1.2028274250264843,0.5815641320219939,45.997357079313474,33.35990970972277,18.961718188175105,27.03563889113837,short_rains,575.422482832226,1.0,4.0,6,train,False
Turkana,2017-10-01,2017,10,2,2,Stressed,0.1587353451408945,2.1586275235094083,0.9601573939137472,-1.48462171073993,-0.7093205635069157,-1.104624921304426,0.3383010385700758,0.0,8.37023082722011,11.0845035075553,-11.0845035075553,short_rains,134.93439886021372,3.0,4.0,6,train,True
Uasin Gishu,2017-10-01,2017,10,1,1,Minimal,0.0,1.0,0.9999480360329528,-1.3561074179476185,-1.459516464784099,-1.5955406351885513,-0.3795098119622041,33.91494612235381,23.314358427089687,22.934508184273582,10.980437938080229,short_rains,466.5756532543863,1.0,4.0,6,train,False
Vihiga,2017-10-01,2017,10,1,1,Minimal,0.0,1.0,0.9998193553745144,-0.1744719977793929,0.5183761920968724,-0.293612974013486,0.4643535146321191,93.5683233898467,76.6193366652864,39.64950538607732,53.918818003769374,short_rains,638.2354464495623,1.0,4.0,6,train,False
Wajir,2017-10-01,2017,10,3,3,Crisis or worse,0.5102840286133313,2.510284028613331,0.9996324712263722,-0.3398409232709676,-0.5213730889730038,0.1353957069141665,0.3395468594360893,13.911015768984832,13.195647532996809,10.108159549769764,3.8028562192150677,short_rains,220.92597534518788,2.0,4.0,6,train,True
West Pokot,2017-10-01,2017,10,1,1,Minimal,0.0,1.0027376219851862,0.9926738576986502,-2.177803199478461,-1.429330735734741,-1.9365132494952308,0.3877616787201062,13.145107891027976,2.5464489948957487,9.020769081139171,4.124338809888805,short_rains,366.78840132412165,3.0,4.0,6,train,False
Baringo,2018-02-01,2018,2,1,1,Minimal,0.0012764674251397,1.4105496355612357,0.9999777826893144,0.9451896490353314,1.5172075720704494,0.253085240097132,-1.1055258226654543,86.38599088663106,55.65700244795816,20.118835029211144,66.26715585741992,dry_jf,407.6410955536569,2.0,4.0,6,train,True
Bomet,2018-02-01,2018,2,1,1,Minimal,0.0,1.0,0.9999591445797528,0.4968449765227559,1.5801695602974386,0.3223480524813864,-0.1765461475573096,40.29975062195431,36.23250416387069,63.89011593375936,-23.59036531180505,dry_jf,705.0356352221398,1.0,4.0,6,train,False
Bungoma,2018-02-01,2018,2,1,1,Minimal,0.0,1.0,0.9970207416060456,1.063002490155837,1.366343547660213,0.7054506676559794,0.1762302976115932,57.658513218564885,0.0,89.04301412694734,-31.384500908382456,dry_jf,684.143518918554,1.0,4.0,6,train,False
Busia,2018-02-01,2018,2,1,1,Minimal,0.0,1.0,0.9141620351366326,1.3216230228326376,1.0766022512400597,0.9709504308565726,1.2968952347439118,63.48533034866867,32.86861675771636,19.395135688196152,44.09019466047252,dry_jf,504.89251568895395,1.0,4.0,6,train,False
Elgeyo-Marakwet,2018-02-01,2018,2,1,1,Minimal,0.0,1.0033769993733028,0.9999600733550672,1.1452317458390686,2.248942965049183,0.4804339719508805,-1.0019074236172067,71.37683693081215,28.47587970421548,80.69485250859954,-9.318015577787392,dry_jf,424.00498148048365,1.0,4.0,6,train,False
Embu,2018-02-01,2018,2,2,2,Stressed,0.0,1.667672206524964,0.999984606567881,0.4626034863871744,-0.5030974099807266,-1.3906912717690931,-0.9899506008767232,38.13498984675719,0.0,64.19707953691844,-26.062089690161244,dry_jf,401.4457023614595,2.0,4.0,6,train,False
Garissa,2018-02-01,2018,2,3,3,Crisis or worse,0.9126711557574954,2.912671155757496,0.9994811882788398,0.1743317334090532,-0.3678306595782472,-0.0207547052591472,0.700780549502628,28.04198145931935,22.827235786507234,33.81591121209734,-5.773929752777992,dry_jf,210.6771075185111,2.0,4.0,6,train,False
Homa Bay,2018-02-01,2018,2,1,1,Minimal,0.0,1.0,0.662835743664745,1.349847520589478,1.5033588095456325,0.6436963498304676,0.3326715150315905,18.047232461618293,0.0,31.38022256011257,-13.332990098494278,dry_jf,658.3122810444571,1.0,4.0,6,train,False
Isiolo,2018-02-01,2018,2,3,3,Crisis or worse,0.7968539350772221,2.796832969174396,0.9999670204220188,0.9661481935569876,-0.5290436819909567,-1.2790394704263908,-1.0104681026151536,0.0,0.0,10.198676021642916,-10.198676021642916,dry_jf,121.15801476654195,3.0,4.0,6,train,False
Kajiado,2018-02-01,2018,2,3,3,Crisis or worse,0.5067498459054262,2.505590538444004,0.9866578025484948,1.5044820058927035,0.4088946410693904,-1.656933700589044,-1.216531439180819,15.14963689886782,0.2402441727964169,6.223026823708892,8.926610075158928,dry_jf,244.0590119973267,2.0,4.0,6,train,False
Kakamega,2018-02-01,2018,2,1,1,Minimal,0.0,1.0,0.999843271229553,1.1453853666929787,1.4638290116353043,0.8028499139828787,0.2773509527938407,40.37713348827483,21.934682321413515,69.62328937118177,-29.24615588290694,dry_jf,521.962946970816,1.0,4.0,6,train,False
Kericho,2018-02-01,2018,2,1,1,Minimal,0.0,1.0,0.9999526229648772,0.9735218076326464,1.993036278080692,0.9140424093220604,0.0489334563509725,60.426106729876025,41.721116743936825,93.52872890073044,-33.10262217085442,dry_jf,577.6437811642602,1.0,4.0,6,train,False
Kiambu,2018-02-01,2018,2,1,1,Minimal,0.0,1.001036389650512,0.9998318358451644,2.031127923117699,0.7894901120374426,-1.0659876374895407,-1.0087773120842105,41.73090818658714,0.0,64.45540282108257,-22.72449463449543,dry_jf,365.1581675938478,1.0,4.0,6,train,False
Kilifi,2018-02-01,2018,2,2,2,Stressed,0.0,1.6414381996364524,0.9942093257472656,0.6791766707204772,-0.752478608667841,0.2266454765414599,0.5908831799987051,21.21859754372692,4.152350269632455,36.71355059275809,-15.49495304903117,dry_jf,485.9236308469297,2.0,4.0,6,train,False
Kirinyaga,2018-02-01,2018,2,1,1,Minimal,0.0,1.0002615914004505,0.999907421621526,1.226868603665389,0.0480822500213354,-1.3220723816665034,-1.2499857035827675,48.88266555233688,20.640618347186635,77.05015255814017,-28.167487005803288,dry_jf,523.427425427593,1.0,4.0,6,train,False
Kisii,2018-02-01,2018,2,1,1,Minimal,0.0,1.0,0.9995821721572732,1.1559357069934435,1.4218640543483383,0.7325330499967593,0.086715185858942,41.58309311860055,32.82427379544268,63.45396429796799,-21.87087117936744,dry_jf,771.8724273402603,1.0,4.0,6,train,False
Kisumu,2018-02-01,2018,2,1,1,Minimal,0.0,1.0,0.782906144414189,0.7359063554059669,1.3271779074132375,0.9206322856951984,0.9654796916142756,53.579473652660624,35.36617633587682,96.3244784718318,-42.74500481917117,dry_jf,650.4965825795291,1.0,4.0,6,train,False
Kitui,2018-02-01,2018,2,2,2,Stressed,0.0003056779430127,1.99975325903234,1.0000139672845525,2.094947869926966,1.77698791429031,-0.6321441681570565,0.011932062964953,25.75978201569981,17.177692335742154,31.43078301403425,-5.671000998334442,dry_jf,350.0498777837523,2.0,4.0,6,train,False
Kwale,2018-02-01,2018,2,1,1,Minimal,0.0,1.0039046451623332,0.9912690199605956,1.2214473914396349,0.0656578041633134,0.5759995504969696,0.8098359358719477,54.24421807477279,59.44603330390909,70.28516847892503,-16.04095040415224,dry_jf,461.4118591660762,2.0,4.0,6,train,False
Laikipia,2018-02-01,2018,2,2,2,Stressed,0.0,1.5587327785086555,0.9999886237871276,1.2740521716882165,0.7120696962453674,-0.5096214069420963,-1.1853623788177274,58.488741178155685,37.00700239229622,12.886963807561443,45.60177737059424,dry_jf,378.6133408439104,3.0,4.0,6,train,False
Lamu,2018-02-01,2018,2,2,2,Stressed,0.0075337346269624,2.0075337346269624,0.9773149393714812,-0.6056334502761187,-1.1847376747404523,-0.0983724499489278,0.3298805222119582,68.4005422370896,76.10644305731354,81.46987444652635,-13.069332209436752,dry_jf,394.8891092289726,2.0,4.0,6,train,False
Machakos,2018-02-01,2018,2,1,1,Minimal,0.0,1.0044309397763718,0.9999321623180928,1.0727050208271738,0.4079585173310771,-1.1114051459838237,-0.6195669125559189,50.23647179369218,26.467065967833246,68.31871484750833,-18.08224305381615,dry_jf,347.0698296320569,1.0,4.0,6,train,False
Makueni,2018-02-01,2018,2,2,2,Stressed,0.0,1.8249825681349767,0.9999547361069396,2.433011941026125,1.80424758028456,-0.8311612316583225,-0.1327340988065331,47.51008174274102,30.01415102334437,48.10938267712056,-0.599300934379535,dry_jf,210.84898907247097,2.0,4.0,6,train,False
Mandera,2018-02-01,2018,2,3,3,Crisis or worse,0.784116946647071,2.784116946647071,0.9934960200048764,0.3867379540240936,-0.0320144696607434,-0.5180462368088411,-0.1334917402502099,31.26258812866413,7.890361277566451,57.1874085525686,-25.924820423904468,dry_jf,147.72597818452132,3.0,4.0,6,train,False
Marsabit,2018-02-01,2018,2,2,2,Stressed,0.3015388599875533,2.2984803990076887,0.9337770343891584,0.1980508417410708,0.4804561923113963,-0.7157849937646195,-0.369466684501465,21.71805507677272,17.405353546327586,19.12958634905264,2.5884687277200804,dry_jf,183.11284628508548,3.0,4.0,6,train,True
Meru,2018-02-01,2018,2,1,1,Minimal,0.0,1.3927768285697637,0.9999183907447664,0.1557556996257379,-0.8537494627414749,-1.634592468961237,-1.2275333812589466,41.27240124265712,18.98791699925977,67.15059499232652,-25.8781937496694,dry_jf,469.95952152110806,1.0,4.0,6,train,False
Migori,2018-02-01,2018,2,1,1,Minimal,0.0,1.0,0.8093394357090582,1.5355783269639487,1.8235652832840292,0.3414241481375095,-0.4376262187805079,0.0,0.0,20.086231497286587,-20.086231497286587,dry_jf,460.4970135975702,1.0,4.0,6,train,False
Mombasa,2018-02-01,2018,2,1,1,Minimal,0.0,1.002442860047155,0.945430610879302,0.5637721613471806,-0.6870278209385668,0.6809757800628711,0.812422713639394,22.680701126726785,11.00300643515783,22.899215557777435,-0.21851443105065016,dry_jf,339.4545465241538,1.0,4.0,6,train,False
Murang'a,2018-02-01,2018,2,1,1,Minimal,0.0,1.0,0.9998960447776898,1.256220939568601,0.261980259285938,-1.069961311846356,-0.978475491229112,68.3636979834902,4.628313097363764,83.38438210765722,-15.020684124167019,dry_jf,600.9606534616394,1.0,4.0,6,train,False
Nairobi,2018-02-01,2018,2,1,1,Minimal,0.0,1.0004033639580097,0.9993429939949862,2.2307073625622107,1.1230102172582517,-1.1756558496841094,-1.148725905183638,28.53184112788327,0.0,0.0,28.53184112788327,dry_jf,349.07589029272395,1.0,4.0,6,train,False
Nakuru,2018-02-01,2018,2,1,1,Minimal,0.0,1.0000173105892736,0.9758499055944192,1.160793885254238,1.6025583621965458,0.0415059466476868,-1.040578013978998,79.3559593429167,52.91766213432993,16.984237627132398,62.371721715784304,dry_jf,337.82261196850334,1.0,4.0,6,train,False
Nandi,2018-02-01,2018,2,1,1,Minimal,0.0,1.0,0.9998151603528128,1.1010178508971724,1.9730247627199535,0.9197161540940773,0.0334742906082993,55.75104968653281,32.089685926780135,100.0,-44.24895031346719,dry_jf,636.3375639959971,1.0,4.0,6,train,False
Narok,2018-02-01,2018,2,2,2,Stressed,0.0001303332425769,1.5989261168410904,0.9926861683141104,1.0196049690457685,1.682387704887112,-0.4854979733125716,-0.8519606066599553,35.18589721909779,5.3985827336520416,9.538931171485194,25.646966047612594,dry_jf,449.4351533314782,2.0,4.0,6,train,False
Nyamira,2018-02-01,2018,2,1,1,Minimal,0.0,1.0,0.9998262252936287,0.7252884756032096,1.1707363299072484,0.7091303941291393,0.4278471747466638,70.28601204471458,56.73980905403444,56.534744259315694,13.751267785398888,dry_jf,707.0676224501927,1.0,4.0,6,train,False
Nyandarua,2018-02-01,2018,2,1,1,Minimal,0.0,1.0,0.9998954460056042,1.495128522106382,0.9074290334628328,-0.4555521920505386,-1.1835325169028328,67.36184752533755,37.75296375126279,52.18731537141478,15.174532153922769,dry_jf,478.59632261521887,1.0,4.0,6,train,False
Nyeri,2018-02-01,2018,2,1,1,Minimal,0.0,1.0,0.9998683591640212,1.3588332639261846,-0.0285421137469258,-1.1363068336158435,-1.1719179432178666,48.8539630713043,12.299157469214489,82.83336886855541,-33.97940579725111,dry_jf,596.5685209899478,1.0,4.0,6,train,False
Samburu,2018-02-01,2018,2,2,2,Stressed,0.2945620934735686,2.206587724070965,0.9999137551252008,0.3570088262515767,0.0372261525350805,-0.910709485450186,-0.7106691488401095,33.9775448174656,23.400229469560003,26.409618656474223,7.567926160991377,dry_jf,233.37064745956647,3.0,4.0,6,train,True
Siaya,2018-02-01,2018,2,1,1,Minimal,0.0,1.0,0.7130635075059107,1.17633649459688,1.2554563314883198,0.8815038053777269,0.8978580258481315,39.12742027276652,0.7230659061483771,10.225346778604296,28.902073494162224,dry_jf,703.9110029852106,1.0,4.0,6,train,False
Taita Taveta,2018-02-01,2018,2,2,2,Stressed,0.0,1.7186710306762238,0.9966946413124252,2.776945509623424,1.403930539062521,-0.4650358121642398,0.1042871068862646,45.5682977566775,21.50744456623175,41.46553926401272,4.102758492664783,dry_jf,337.281834884778,2.0,4.0,6,train,False
Tana River,2018-02-01,2018,2,2,2,Stressed,0.4060920301653488,2.406092030165349,0.9998447726345154,1.5311228068223122,0.1815821343084598,-0.644016925376232,-0.090322567305238,6.249343421923052,0.0,11.897377117136685,-5.648033695213633,dry_jf,208.9215702880231,3.0,4.0,6,train,False
Tharaka-Nithi,2018-02-01,2018,2,2,2,Stressed,0.0,1.569479802845253,0.9999939446980428,0.0164420611935947,-0.870930580441774,-1.5204599212397918,-1.1187398749370396,35.73893579907708,0.0,49.20826309713262,-13.46932729805554,dry_jf,386.5660928989662,2.0,4.0,6,train,False
Trans Nzoia,2018-02-01,2018,2,1,1,Minimal,0.0,1.0,0.9977780064560036,1.4339726980629706,2.910192976742324,1.6487503285143288,-0.3580542071240774,74.14908725268147,2.333722665233762,90.98441899879506,-16.835331746113596,dry_jf,575.422482832226,1.0,4.0,6,train,False
Turkana,2018-02-01,2018,2,3,3,Crisis or worse,0.5421631341493898,2.542098299913616,0.96016524609246,-0.0077317208084745,0.941868177376904,-0.3904218500209506,-1.4677320604389514,48.60838070016399,33.79054772703472,14.38053453719668,34.22784616296731,dry_jf,134.93439886021372,2.0,4.0,6,train,True
Uasin Gishu,2018-02-01,2018,2,1,1,Minimal,0.0,1.0,0.9999480360329532,1.4020926268147722,2.6001606509494177,0.9187856219799728,-1.0177457089783288,79.34767504730955,62.20378599340581,88.35127531148267,-9.003600264173116,dry_jf,466.5756532543863,1.0,4.0,6,train,False
Vihiga,2018-02-01,2018,2,1,1,Minimal,0.0,1.0,0.999819355374512,1.1718386669074028,1.4883139508314744,1.0531115036930272,0.9902533061162908,45.937200147447015,41.98909265992189,87.53038479301871,-41.5931846455717,dry_jf,638.2354464495623,1.0,4.0,6,train,False
Wajir,2018-02-01,2018,2,2,2,Stressed,0.4061214214509805,2.4061214214509805,0.9996475883428568,0.5753964187591787,0.9151344521629504,-0.2006271304066517,0.0790966056225911,14.79343613312926,0.0,16.715595292306237,-1.9221591591769762,dry_jf,220.92597534518788,3.0,4.0,6,train,True
West Pokot,2018-02-01,2018,2,2,2,Stressed,0.000233368524481,1.8828414290123747,0.9926709606221884,0.954845421281732,2.01540246862566,0.3351409612334967,-1.3852280012972578,66.51185817361407,42.51011216521693,35.213649036729166,31.298209136884907,dry_jf,366.78840132412165,1.0,4.0,6,train,False
Baringo,2018-06-01,2018,6,1,1,Minimal,0.0,1.0012764736000923,0.9999729452877796,-0.7579951396120841,1.042397956705547,2.530969312570633,2.0119719937636344,45.99656368924338,85.85618682554085,87.62667613714494,-41.63011244790156,dry_jjas,407.6410955536569,1.0,4.0,6,train,True
Bomet,2018-06-01,2018,6,1,1,Minimal,0.0,1.0,0.9999591445882084,-0.2322139682086331,0.304900162694215,1.309238902994819,1.5959812848599304,53.69835919409064,82.96785638446094,90.66725904685846,-36.96889985276782,dry_jjas,705.0356352221398,1.0,4.0,6,train,False
Bungoma,2018-06-01,2018,6,1,1,Minimal,0.0,1.0,0.9970207416060456,-1.3540340915071252,0.0671715689629541,1.1771060373171336,1.3797888398466105,25.41579573958437,43.59485892767872,38.847525781890695,-13.431730042306324,dry_jjas,684.143518918554,1.0,4.0,6,train,False
Busia,2018-06-01,2018,6,1,1,Minimal,0.0,1.0,0.914162035136638,-1.623714278082378,-0.3860433254519697,0.4395601753714638,1.069430148852359,22.289881238134186,27.39283658367201,57.68864322611312,-35.398761987978936,dry_jjas,504.89251568895395,1.0,4.0,6,train,False
Elgeyo-Marakwet,2018-06-01,2018,6,1,1,Minimal,0.0,1.0,0.9999517855761754,-0.7983677368564361,1.0008807627555971,2.699248462355144,2.431872741212212,45.947619318193134,76.24074085447369,62.09846180368604,-16.15084248549291,dry_jjas,424.00498148048365,1.0,4.0,6,train,False
Embu,2018-06-01,2018,6,1,1,Minimal,0.0,1.0,0.9999726484073956,-1.6996131740652385,-0.108480117401669,-0.1177847993043076,0.2917648797355544,38.56836436397993,76.05266346181867,62.06604840410736,-23.49768404012743,dry_jjas,401.4457023614595,2.0,4.0,6,train,False
Garissa,2018-06-01,2018,6,1,1,Minimal,2.7710245634647016e-05,1.201392327456651,0.9994779163012129,-1.885392827481368,-0.4655549840178951,-0.5680018141913348,-0.0933013016103948,0.0,21.3754586319141,19.11426058969317,-19.11426058969317,dry_jjas,210.6771075185111,3.0,4.0,6,train,False
Homa Bay,2018-06-01,2018,6,1,1,Minimal,0.0,1.0,0.6628357436647451,-0.638777060483853,-0.4208329303857888,0.4123371070573161,1.2478937869100708,29.105087970882145,57.53579891380865,56.37632916251991,-27.271241191637763,dry_jjas,658.3122810444571,1.0,4.0,6,train,False
Isiolo,2018-06-01,2018,6,1,1,Minimal,9.035554237794826e-06,1.3542424366630232,0.9999683040485072,-1.5167517892251914,-0.4634487432288122,-0.4688139537454274,0.328749298884917,3.4173364224866,7.314216952378531,3.4284068943936137,-0.011070471907013602,dry_jjas,121.15801476654195,3.0,4.0,6,train,False
Kajiado,2018-06-01,2018,6,1,1,Minimal,0.0,1.0,0.9866503538026764,-1.3526956151941123,-0.7326766501022337,-0.6829764650621212,0.2645223208026083,10.6425123134251,18.54166673634861,13.137456482672768,-2.4949441692476686,dry_jjas,244.0590119973267,3.0,4.0,6,train,False
Kakamega,2018-06-01,2018,6,1,1,Minimal,0.0,1.0,0.9998432712295532,-1.0432461223942266,0.0722007088205037,1.4322685258376011,1.4176343006443222,30.50535776590158,52.84954041272284,68.0539623501418,-37.54860458424022,dry_jjas,521.962946970816,1.0,4.0,6,train,False
Kericho,2018-06-01,2018,6,1,1,Minimal,0.0,1.0,0.9999526229648776,-0.5489463164004246,0.4142246858416955,2.2289078150446686,1.9339536397989732,53.4975841644257,75.26253072963158,48.85009351356124,4.647490650864462,dry_jjas,577.6437811642602,1.0,4.0,6,train,False
Kiambu,2018-06-01,2018,6,1,1,Minimal,0.0,1.0,0.9998305741952528,-1.631654433802986,-0.4492587198605882,-0.1549355890966967,1.046016086295594,48.65020540524886,74.08792284410585,61.95892798109078,-13.30872257584192,dry_jjas,365.1581675938478,1.0,4.0,6,train,False
Kilifi,2018-06-01,2018,6,1,1,Minimal,0.0,1.0,0.9941889022288122,-0.5459800027302577,0.0701010217687554,0.074626695577871,-0.0735241530691173,37.99981497605927,55.03934428853129,21.03727358565102,16.96254139040825,dry_jjas,485.9236308469297,2.0,4.0,6,train,False
Kirinyaga,2018-06-01,2018,6,1,1,Minimal,0.0,1.0,0.999907421621526,-1.7278049578623231,-0.1963033854438134,-0.0401282230277658,0.4254612061882769,40.45992356606222,34.784668219318625,99.75857676940598,-59.298653203343754,dry_jjas,523.427425427593,1.0,4.0,6,train,False
Kisii,2018-06-01,2018,6,1,1,Minimal,0.0,1.0,0.9995821721572732,-0.0218655810109325,0.0092069507984937,0.8120773111531641,1.1354836561442334,52.042860810718295,78.31565007566888,98.96296507429824,-46.920104263579944,dry_jjas,771.8724273402603,1.0,4.0,6,train,False
Kisumu,2018-06-01,2018,6,1,1,Minimal,0.0,1.0,0.7829061444141889,-0.6413590262723526,0.1220026730873064,1.0012325830098658,1.345776703108449,36.79684036334899,66.86340111602279,85.16488203110602,-48.368041667757026,dry_jjas,650.4965825795291,1.0,4.0,6,train,False
Kitui,2018-06-01,2018,6,1,1,Minimal,0.0,1.0000039313980478,0.999974023606502,-1.5357295628803953,-0.8512032324392608,-0.7873364399884315,0.2074421908714423,0.0,17.10751152605752,4.812889079910518,-4.812889079910518,dry_jjas,350.0498777837523,2.0,4.0,6,train,False
Kwale,2018-06-01,2018,6,1,1,Minimal,0.0,1.0,0.9912639533016692,-0.302774757797724,0.6167765015197263,0.9552811304641762,1.0254677449467815,56.904057834460566,75.81090220248315,55.49427116966868,1.4097866647918877,dry_jjas,461.4118591660762,1.0,4.0,6,train,False
Laikipia,2018-06-01,2018,6,1,1,Minimal,0.0,1.0,0.9999849939485792,-1.4038635707386655,0.6041950573420297,1.3679540596683353,2.0978485530114184,41.3245871741286,68.94272223435499,77.75736560001609,-36.432778425887484,dry_jjas,378.6133408439104,2.0,4.0,6,train,False
Lamu,2018-06-01,2018,6,1,1,Minimal,0.0,1.0038874100092874,0.9772908784413918,-1.8084260417539808,-0.882802438917644,-1.526673047824615,-0.7064747512484788,14.684919253385766,61.17784719762138,41.39736629063034,-26.712447037244573,dry_jjas,394.8891092289726,2.0,4.0,6,train,False
Machakos,2018-06-01,2018,6,1,1,Minimal,0.0,1.0,0.9999301224968772,-1.8183944790871545,-0.687607371867683,-0.6471366760666772,0.2584106288705013,35.995840136045025,49.37558944605378,40.05079432905095,-4.054954193005926,dry_jjas,347.0698296320569,1.0,4.0,6,train,False
Makueni,2018-06-01,2018,6,1,1,Minimal,0.0,1.0,0.9999538567854904,-1.4177482522191274,-0.7546587411440941,-0.6706660044776085,0.256605561658596,36.36975734701449,29.70961371081077,10.718237176147692,25.6515201708668,dry_jjas,210.84898907247097,2.0,4.0,6,train,False
Mandera,2018-06-01,2018,6,1,1,Minimal,0.0,1.0271392075607624,0.9934882032250836,-1.4053868875892668,0.4842417353733609,0.4795160229856311,0.0913149006356198,10.838299857379612,31.45766456084793,18.727008457134747,-7.888708599755136,dry_jjas,147.72597818452132,3.0,4.0,6,train,False
Marsabit,2018-06-01,2018,6,1,1,Minimal,0.0,1.2223726945264235,0.933784182899158,-1.2891019738329383,0.6751761338767047,0.7277369758531914,1.69714344339853,17.612838814267448,45.29893888018286,21.181146122384344,-3.5683073081168963,dry_jjas,183.11284628508548,2.0,4.0,6,train,True
Meru,2018-06-01,2018,6,1,1,Minimal,0.0,1.0,0.9998893642983472,-1.7847323011974066,-0.1790814781194818,-0.2255812640219172,0.3426222481978697,22.54618175794753,66.68857811457347,63.7719235464444,-41.22574178849687,dry_jjas,469.95952152110806,1.0,4.0,6,train,False
Migori,2018-06-01,2018,6,1,1,Minimal,0.0,1.0,0.8093394361863654,-0.2481645873011758,-0.2357323714423398,0.2341969837327168,0.7702351837942426,27.24953792834433,38.56995559861406,67.67017214914836,-40.420634220804025,dry_jjas,460.4970135975702,1.0,4.0,6,train,False
Mombasa,2018-06-01,2018,6,1,1,Minimal,0.0,1.0,0.945430610879302,0.4099369107930239,0.8256960186597901,0.973000268029599,0.4982625235678694,55.16885125267828,58.46864069321892,56.34485904874137,-1.1760077960630895,dry_jjas,339.4545465241538,1.0,4.0,6,train,False
Murang'a,2018-06-01,2018,6,1,1,Minimal,0.0,1.0,0.9998960447776898,-1.8377892916170917,-0.3110601958266672,-0.1002540966313886,0.4676673508336982,49.37885804034889,83.10801485039265,61.17696217240262,-11.79810413205373,dry_jjas,600.9606534616394,1.0,4.0,6,train,False
Nairobi,2018-06-01,2018,6,1,1,Minimal,0.0,1.0,0.9993429938196526,-1.5251668194286794,-0.6961236928011628,-0.4060192400202315,1.0692605767963246,40.19090560718119,50.8920877931759,74.10538287209175,-33.91447726491056,dry_jjas,349.07589029272395,1.0,4.0,6,train,False
Nakuru,2018-06-01,2018,6,1,1,Minimal,0.0,1.0,0.9758499055944192,-1.158898902097683,0.3132583108557822,2.0821792747880674,1.78361437654925,36.239999713533,70.17042862163278,80.94932652429856,-44.70932681076555,dry_jjas,337.82261196850334,1.0,4.0,6,train,False
Nandi,2018-06-01,2018,6,1,1,Minimal,0.0,1.0,0.9998151603533766,-0.551812102917908,0.7393839963755102,2.387703056606226,1.8320595769419463,62.08953424898019,81.49070282188046,50.86288282458995,11.22665142439024,dry_jjas,636.3375639959971,1.0,4.0,6,train,False
Narok,2018-06-01,2018,6,1,1,Minimal,0.0,1.0,0.9926648706761424,-0.8508960340238413,-0.0961345805397659,0.594213273920473,1.61059312227475,31.95183898590713,43.27097163018303,85.92958993256967,-53.97775094666254,dry_jjas,449.4351533314782,2.0,4.0,6,train,False
Nyamira,2018-06-01,2018,6,1,1,Minimal,0.0,1.0,0.999826225293629,0.097492097649388,0.1557227759191502,0.9733888513313548,1.2113405617405784,46.93278895049975,83.94375232402041,88.9772033687228,-42.04441441822305,dry_jjas,707.0676224501927,1.0,4.0,6,train,False
Nyandarua,2018-06-01,2018,6,1,1,Minimal,0.0,1.0,0.9998954460054942,-1.5279337191131348,0.3407099278985673,1.4342558073096974,1.898110314608315,69.99932480080042,100.0,87.71585472160957,-17.71652992080915,dry_jjas,478.59632261521887,1.0,4.0,6,train,False
Nyeri,2018-06-01,2018,6,1,1,Minimal,0.0,1.0,0.9998683591640218,-1.8929460842643564,-0.0761598461277408,0.2004207926969848,0.8410059276453475,43.118125673263584,73.44934554605649,71.44975473203625,-28.33162905877267,dry_jjas,596.5685209899478,1.0,4.0,6,train,False
Samburu,2018-06-01,2018,6,1,1,Minimal,0.0,1.001524467023262,0.9998984255574848,-1.0338020587775074,0.6464005815286715,0.7195037275822203,2.2597002716700274,27.642129480499698,66.46095589312037,69.77607439350227,-42.13394491300257,dry_jjas,233.37064745956647,2.0,4.0,6,train,True
Siaya,2018-06-01,2018,6,1,1,Minimal,0.0,1.0,0.7130635075059107,-1.333496059499969,-0.3796839125927412,0.4019624936465555,1.416631081971548,5.165506392203524,46.67466610530531,71.21437850486961,-66.04887211266609,dry_jjas,703.9110029852106,1.0,4.0,6,train,False
Taita Taveta,2018-06-01,2018,6,1,1,Minimal,0.0,1.0,0.996678387201969,-0.5873451379163707,-0.2318299019559845,-0.0872279362952466,0.1460065513276536,27.48745407153336,28.27430453650203,9.76906393309572,17.71839013843764,dry_jjas,337.281834884778,2.0,4.0,6,train,False
Tana River,2018-06-01,2018,6,1,1,Minimal,0.0500027799312209,1.2984171442959,0.9998503051966292,-1.520232953174631,-0.8173963205851268,-0.7648137791584462,-0.0684205060052574,0.0,6.274525627995212,2.21346704037469,-2.21346704037469,dry_jjas,208.9215702880231,2.0,4.0,6,train,False
Tharaka-Nithi,2018-06-01,2018,6,1,1,Minimal,0.0,1.0,0.999973025042614,-1.7295091390226047,-0.1281295428122634,-0.1665738498309511,0.1022975598490134,8.359587639221118,41.52481531028832,36.30743110411531,-27.94784346489419,dry_jjas,386.5660928989662,2.0,4.0,6,train,False
Trans Nzoia,2018-06-01,2018,6,1,1,Minimal,0.0,1.0,0.9977780064560036,-0.7791317996905268,1.105394727689523,3.301943529337953,2.356996000932754,40.34849699663663,76.23856787820094,48.97362719544284,-8.625130198806211,dry_jjas,575.422482832226,1.0,4.0,6,train,False
Turkana,2018-06-01,2018,6,1,1,Minimal,0.0,1.178119873566163,0.9601611531053416,-0.975746126811188,0.7286007163462697,1.5420281522107362,1.796703560102248,29.193898984809525,80.56746128375951,70.27404025833513,-41.08014127352561,dry_jjas,134.93439886021372,3.0,4.0,6,train,True
Uasin Gishu,2018-06-01,2018,6,1,1,Minimal,0.0,1.0,0.9999480360329528,-0.8740130555496978,0.7504610633347013,2.991256286775126,2.340906104669432,58.38054930878186,91.15253547595697,92.87617640798824,-34.49562709920638,dry_jjas,466.5756532543863,1.0,4.0,6,train,False
Vihiga,2018-06-01,2018,6,1,1,Minimal,0.0,1.0,0.9998193553745116,-0.578230173758691,0.2074171437405417,1.140697752545294,1.3976555655283869,45.06543422762476,59.49601000075284,60.62111123239824,-15.555677004773479,dry_jjas,638.2354464495623,1.0,4.0,6,train,False
Wajir,2018-06-01,2018,6,2,2,Stressed,0.0,1.9992107164002184,0.999645050191986,-1.536426182324495,0.1816417156249389,0.1790560809539706,0.0636926438460248,15.306914424944686,30.490595726993305,2.2769557040251467,13.02995872091954,dry_jjas,220.92597534518788,2.0,4.0,6,train,True
West Pokot,2018-06-01,2018,6,1,1,Minimal,0.0,1.0000006155948602,0.9926708452112756,-0.992544831643518,1.312983145033102,3.18310488602174,2.8858169291978326,41.83424331731842,90.92780238098422,72.09302170844329,-30.25877839112487,dry_jjas,366.78840132412165,2.0,4.0,6,train,False
Baringo,2018-12-01,2018,12,1,1,Minimal,0.0,1.4030805453274384,0.999984344827388,3.0119245490779525,3.6841562925829257,3.2083278766450727,2.3214614957575166,100.0,99.05772733290758,100.0,0.0,short_rains,407.6410955536569,1.0,6.0,6,train,True
Bomet,2018-12-01,2018,12,1,1,Minimal,0.0,1.0,0.9999591445797528,1.8063586737896908,3.7246124311726088,2.471928904711502,2.386734493921118,100.0,48.99543720264486,28.74373723936632,71.25626276063367,short_rains,705.0356352221398,1.0,6.0,6,train,False
Bungoma,2018-12-01,2018,12,1,1,Minimal,0.0,1.0,0.9970207416060456,1.4125370226414515,4.056656905917357,2.7393986390796714,1.9668270203046057,83.15016947422346,34.8460276358994,60.99111878545503,22.15905068876843,short_rains,684.143518918554,1.0,6.0,6,train,False
Busia,2018-12-01,2018,12,1,1,Minimal,0.0,1.0,0.9141620351366326,0.6832282914907394,2.3074343863298528,1.74452359517565,1.67128204106965,97.92201016396946,100.0,86.73602922904175,11.185980934927713,short_rains,504.89251568895395,1.0,6.0,6,train,False
Elgeyo-Marakwet,2018-12-01,2018,12,1,1,Minimal,0.0,1.002897735743547,0.9999529587040916,3.1344236258219245,3.7046975553608568,3.023936252740242,2.2373325171729546,95.76312611172204,80.4347388118416,78.27637007612603,17.486756035596017,short_rains,424.00498148048365,1.0,6.0,6,train,False
Embu,2018-12-01,2018,12,1,1,Minimal,0.0,1.000006174930676,0.9999726484073932,2.3774868046780333,2.556837938645616,2.60624629169594,2.761224837339701,70.20868011336171,72.39552263333049,94.648085296946,-24.439405183584284,short_rains,401.4457023614595,1.0,6.0,6,train,False
Garissa,2018-12-01,2018,12,2,2,Stressed,0.0,1.9769091279810795,0.9994683527553622,1.6107542090809626,2.575376539680098,2.9525809183545992,2.377285462966487,100.0,100.0,100.0,0.0,short_rains,210.6771075185111,1.0,6.0,6,train,False
Homa Bay,2018-12-01,2018,12,1,1,Minimal,0.0,1.0,0.662835743664745,1.2215574139884429,2.6225821183569358,1.403673255334768,1.1101878302734387,100.0,72.46670429239603,85.06922564908186,14.930774350918142,short_rains,658.3122810444571,1.0,6.0,6,train,False
Isiolo,2018-12-01,2018,12,2,2,Stressed,0.0,1.999628372830561,0.9999614613791876,4.456584184139688,1.799139747092101,2.296721333431736,2.3672738288566952,100.0,100.0,100.0,0.0,short_rains,121.15801476654195,1.0,6.0,6,train,False
Kajiado,2018-12-01,2018,12,1,1,Minimal,0.0,1.3535339981449663,0.9866551215963256,0.9122654512357848,2.4688707632317355,2.841665419140487,3.133259955444668,97.72585219052486,100.0,100.0,-2.2741478094751386,short_rains,244.0590119973267,1.0,6.0,6,train,False
Kakamega,2018-12-01,2018,12,1,1,Minimal,0.0,1.0,0.999843271229553,1.3675719898488354,3.8438695928555697,2.65746030827379,1.912955283858244,86.3213515449231,95.0132512311748,100.0,-13.678648455076896,short_rains,521.962946970816,1.0,6.0,6,train,False
Kericho,2018-12-01,2018,12,1,1,Minimal,0.0,1.0,0.9999526229648772,3.2771131754677585,4.343139422514467,2.9968056942355608,2.3631255957497097,100.0,74.63956172953259,82.27472740317613,17.72527259682387,short_rains,577.6437811642602,1.0,6.0,6,train,False
Kiambu,2018-12-01,2018,12,1,1,Minimal,0.0,1.0010278093838136,0.9998318358451644,1.854162593630162,3.038282343469401,2.804238288186809,2.619326093286204,41.326941133518325,26.12167361421419,18.600462969063443,22.726478164454882,short_rains,365.1581675938478,1.0,6.0,6,train,False
Kilifi,2018-12-01,2018,12,1,1,Minimal,0.0,1.0026545860559617,0.9941917902689664,0.8234648693988742,1.72045537383209,2.2178147340770216,2.0259694336194287,73.23358656674567,91.34722950998648,88.17541222089808,-14.94182565415241,short_rains,485.9236308469297,1.0,6.0,6,train,False
Kirinyaga,2018-12-01,2018,12,1,1,Minimal,0.0,1.000015502378106,0.9999074216214424,2.982704218639453,3.0671493126365874,2.944066492212261,2.6769156638888543,69.25244607148507,27.589640610401776,51.37487562067794,17.877570450807127,short_rains,523.427425427593,1.0,6.0,6,train,False
Kisii,2018-12-01,2018,12,1,1,Minimal,0.0,1.0,0.9995821721572732,0.3558199943606271,2.4112886438515373,1.5451410299555846,1.5698885772116338,100.0,52.70656417717719,65.46193850127405,34.53806149872595,short_rains,771.8724273402603,1.0,6.0,6,train,False
Kisumu,2018-12-01,2018,12,1,1,Minimal,0.0,1.0,0.782906144414189,1.2174280748797726,3.183149450136279,2.152039827669925,2.0716284023340616,100.0,55.200725950518354,82.85439344140254,17.145606558597464,short_rains,650.4965825795291,1.0,6.0,6,train,False
Kitui,2018-12-01,2018,12,1,1,Minimal,0.0,1.0004103029377842,1.0000138028372103,3.2676891841913127,2.567763669460842,2.679696881163285,2.9864529875572985,100.0,100.0,97.28055758381878,2.7194424161812236,short_rains,350.0498777837523,1.0,6.0,6,train,False
Kwale,2018-12-01,2018,12,1,1,Minimal,0.0,1.0,0.9912639533016688,0.718842239021612,1.4813274373930172,2.072853769696263,1.7764652183780083,64.4279814444135,82.53244424608783,95.08614072556708,-30.658159281153573,short_rains,461.4118591660762,1.0,6.0,6,train,False
Laikipia,2018-12-01,2018,12,1,1,Minimal,0.0,1.0643428687394545,1.000041290541423,3.878584371064849,3.63660599545512,3.172223507894369,2.3203339656848736,100.0,100.0,95.254975401066,4.745024598933995,short_rains,378.6133408439104,1.0,6.0,6,train,False
Lamu,2018-12-01,2018,12,2,2,Stressed,0.0,1.985499942588752,0.977248259021535,1.367853061713173,1.7117063978700813,1.8799769006542864,1.4868289092416442,96.18771022713668,84.34723760675898,70.3039156486604,25.88379457847627,short_rains,394.8891092289726,1.0,6.0,6,train,False
Machakos,2018-12-01,2018,12,1,1,Minimal,0.0,1.000035658662376,0.9999301225275004,1.5580209358386856,2.556255589720465,2.4998166864956683,2.876434421089633,76.70888050300613,100.0,100.0,-23.291119496993872,short_rains,347.0698296320569,1.0,6.0,6,train,False
Makueni,2018-12-01,2018,12,2,2,Stressed,0.0,1.5414309205828918,0.9999573840658262,1.5895142633197072,2.363912689360253,2.526031228571913,3.055007346036848,100.0,100.0,98.34745936940573,1.6525406305942738,short_rains,210.84898907247097,1.0,6.0,6,train,False
Mandera,2018-12-01,2018,12,2,2,Stressed,0.0,2.0,0.9934829486429024,-0.3977451893212657,1.777092634559883,2.079044750891992,1.8990837047972764,95.90174171945488,81.78517846924495,76.93434900859982,18.96739271085505,short_rains,147.72597818452132,1.0,6.0,6,train,False
Marsabit,2018-12-01,2018,12,2,2,Stressed,0.0,2.0,0.9337761009249728,0.9743649162338204,1.8811636191040744,2.1581699491541797,2.2617002562223183,100.0,100.0,100.0,0.0,short_rains,183.11284628508548,1.0,6.0,6,train,True
Meru,2018-12-01,2018,12,1,1,Minimal,0.0,1.230176242249032,0.999905007336138,2.582839679223301,2.5737758112379527,2.684408635223735,2.677985560043307,100.0,75.47768328504556,94.61265445178734,5.387345548212664,short_rains,469.95952152110806,1.0,6.0,6,train,False
Migori,2018-12-01,2018,12,1,1,Minimal,0.0,1.0,0.8093394357090582,0.2344206626558311,2.194067476591433,1.1808913039790303,0.841883602229405,100.0,65.00967391507868,78.17084377383509,21.829156226164912,short_rains,460.4970135975702,1.0,6.0,6,train,False
Mombasa,2018-12-01,2018,12,1,1,Minimal,0.0,1.0,0.945430610879302,0.3005522932997871,1.1388631152119435,1.386424673827973,0.9960694087093316,32.65279259750921,48.937288658939785,59.660760921019794,-27.007968323510582,short_rains,339.4545465241538,1.0,6.0,6,train,False
Murang'a,2018-12-01,2018,12,1,1,Minimal,0.0,1.0,0.9998960447776898,2.421830165869459,3.496056648476421,3.210928414042689,2.8611731942885275,60.90377538606462,31.182298117650635,6.534617530228468,54.36915785583616,short_rains,600.9606534616394,1.0,6.0,6,train,False
Nairobi,2018-12-01,2018,12,1,1,Minimal,0.0,1.0,0.999342993819312,1.317054264899585,2.213636481712713,2.1604194441869766,2.3700573855009206,15.578586225824552,51.07098229252384,78.43262487752087,-62.854038651696314,short_rains,349.07589029272395,1.0,6.0,6,train,False
Nakuru,2018-12-01,2018,12,1,1,Minimal,0.0,1.0,0.9758499055944192,3.6190090394345984,4.069198375569315,3.417397351690701,2.8468860794771738,87.47421719288192,86.50370616173122,77.15841992646763,10.315797266414293,short_rains,337.82261196850334,1.0,6.0,6,train,False
Nandi,2018-12-01,2018,12,1,1,Minimal,0.0,1.0,0.9998151603528128,2.4889103323330186,4.451326378062918,3.157221359163041,2.415317481959179,91.10311052726328,61.311701170806025,87.81696079697689,3.2861497302863967,short_rains,636.3375639959971,1.0,6.0,6,train,False
Narok,2018-12-01,2018,12,1,1,Minimal,0.0,1.0001312284969692,0.992664870675866,1.522102763976478,3.966270964994086,3.514239558267607,3.475141585659415,88.00979642416226,84.67589589710862,59.53339667812114,28.476399746041118,short_rains,449.4351533314782,1.0,6.0,6,train,False
Nyamira,2018-12-01,2018,12,1,1,Minimal,0.0,1.0,0.999826225293629,0.7262985063531311,2.875905756374534,1.7582052513597093,1.968435556088438,100.0,56.460630947333776,38.135152199206985,61.864847800793015,short_rains,707.0676224501927,1.0,6.0,6,train,False
Nyandarua,2018-12-01,2018,12,1,1,Minimal,0.0,1.0009152926955351,0.999895446005605,3.595552576541867,3.9135724279637434,3.381248286339257,2.6986803703378577,72.41775060253447,75.22312924879105,61.64387156920184,10.773879033332626,short_rains,478.59632261521887,1.0,6.0,6,train,False
Nyeri,2018-12-01,2018,12,1,1,Minimal,0.0,1.0059993790962796,0.999884588422221,2.9776110051269096,3.121794585759078,2.9178325023490013,2.853907815609164,87.21473408862546,52.02015872440146,49.94243915096203,37.27229493766343,short_rains,596.5685209899478,1.0,6.0,6,train,False
Samburu,2018-12-01,2018,12,2,2,Stressed,0.0,1.804867462936009,0.9999030070946312,2.90157735287031,2.8295661293910914,2.6144518675709127,2.188860189635938,100.0,80.43089546562166,97.6980946898117,2.301905310188303,short_rains,233.37064745956647,1.0,6.0,6,train,True
Siaya,2018-12-01,2018,12,1,1,Minimal,0.0,1.0,0.7130635075059107,0.6764511507472418,2.1692589208410724,1.678485863490064,1.590302565665623,100.0,93.38511825234048,87.29793584906292,12.702064150937076,short_rains,703.9110029852106,1.0,6.0,6,train,False
Taita Taveta,2018-12-01,2018,12,1,1,Minimal,0.0,1.0007523106734126,0.9966783869663584,1.956600165975384,1.792987645438234,2.177752461978212,2.522587718576462,100.0,100.0,97.75977028481648,2.240229715183517,short_rains,337.281834884778,1.0,6.0,6,train,False
Tana River,2018-12-01,2018,12,2,2,Stressed,0.0,1.9946676040459537,0.9998371256400296,2.334212563347222,2.6598847943158628,2.784996885590494,2.5538778565129325,100.0,100.0,100.0,0.0,short_rains,208.9215702880231,1.0,6.0,6,train,False
Tharaka-Nithi,2018-12-01,2018,12,1,1,Minimal,0.0,1.00001108025982,0.999973025042614,2.174122445687736,2.4673182413639942,2.603547125737369,2.752924740375098,68.24743187177764,67.10741942493415,72.15229284852671,-3.9048609767490774,short_rains,386.5660928989662,1.0,6.0,6,train,False
Trans Nzoia,2018-12-01,2018,12,1,1,Minimal,0.0,1.0040020921807145,0.9977844089794712,2.8655947150959467,4.753424308817087,3.9029815379160953,2.1986459169945967,83.2691426315391,52.46739567771368,65.83680492577446,17.43233770576464,short_rains,575.422482832226,1.0,6.0,6,train,False
Turkana,2018-12-01,2018,12,2,2,Stressed,0.0,1.978067905515098,0.9601558585378815,1.1399499669648785,3.119550714877,3.0814256625631,3.1075009739013817,100.0,96.54492449073445,96.0148069703351,3.9851930296648987,short_rains,134.93439886021372,1.0,6.0,6,train,True
Uasin Gishu,2018-12-01,2018,12,1,1,Minimal,0.0,1.0,0.9999480360329528,3.859056462895057,4.418159655085606,3.3916625004537853,2.3602225299764985,84.0589693086532,82.75480752545006,100.0,-15.941030691346796,short_rains,466.5756532543863,1.0,6.0,6,train,False
Vihiga,2018-12-01,2018,12,1,1,Minimal,0.0,1.0,0.9998193553745144,0.5241546880747937,2.449151307841584,2.0939823631306678,1.8575179602619825,95.93998395682917,95.44574698759432,100.0,-4.060016043170833,short_rains,638.2354464495623,1.0,6.0,6,train,False
Wajir,2018-12-01,2018,12,2,2,Stressed,0.0,2.0,0.9996281763295088,-0.314463724629112,1.5522132800368451,1.887069475600801,1.7778949276497364,100.0,100.0,100.0,0.0,short_rains,220.92597534518788,2.0,6.0,6,train,True
West Pokot,2018-12-01,2018,12,2,2,Stressed,0.0,1.5674394774088425,0.992676144225466,2.1841542173838717,4.012395664564653,3.396080400059404,2.631537373594296,97.79271015500268,77.02113113430549,96.94530156400516,0.8474085909975173,short_rains,366.78840132412165,1.0,6.0,6,train,False
Baringo,2019-02-01,2019,2,1,1,Minimal,0.0,1.409273168136767,0.999977782690452,-0.3301891682581265,1.1265925710853018,3.142037386229765,3.6841562925829257,68.97190686390188,83.63023451967143,100.0,-31.02809313609812,dry_jf,407.6410955536569,1.0,2.0,6,train,True
Bomet,2019-02-01,2019,2,1,1,Minimal,0.0,1.0,0.9999591445882084,0.6204915943274338,1.31050790359616,4.00220222909402,3.7246124311726088,26.195959393156755,68.5260444681695,100.0,-73.80404060684324,dry_jf,705.0356352221398,1.0,2.0,6,train,False
Bungoma,2019-02-01,2019,2,1,1,Minimal,0.0,1.0,0.9970207416060456,-1.0619862270802645,0.4841256787785408,3.022229773503279,4.056656905917357,59.69258585448307,39.83544846603095,83.15016947422346,-23.45758361974039,dry_jf,684.143518918554,1.0,2.0,6,train,False
Busia,2019-02-01,2019,2,1,1,Minimal,0.0,1.0,0.914162035136638,-0.6732367998201826,-0.2249883813523939,1.914299052265251,2.3074343863298528,38.81893725695127,47.13319926003412,97.92201016396946,-59.10307290701819,dry_jf,504.89251568895395,1.0,2.0,6,train,False
Elgeyo-Marakwet,2019-02-01,2019,2,1,1,Minimal,0.0,1.0033769993733028,0.9999600733550672,0.2339999430655617,1.573405117235521,3.315915142332321,3.7046975553608568,35.53215606617179,51.97550344975471,95.76312611172204,-60.23097004555026,dry_jf,424.00498148048365,1.0,2.0,6,train,False
Embu,2019-02-01,2019,2,1,1,Minimal,0.0,1.0010373646871171,0.9999727149136658,-0.8941275838506124,1.5902981653978667,2.8447817554208137,2.556837938645616,35.76923685932775,100.0,70.20868011336171,-34.43944325403396,dry_jf,401.4457023614595,1.0,2.0,6,train,False
Garissa,2019-02-01,2019,2,2,2,Stressed,0.0,2.0,0.9994639736822264,-0.1435150865734253,1.400983063035297,2.8793054490260905,2.575376539680098,73.3367495234048,100.0,100.0,-26.663250476595195,dry_jf,210.6771075185111,2.0,2.0,6,train,False
Homa Bay,2019-02-01,2019,2,1,1,Minimal,0.0,1.0,0.6628357436647451,0.7173953098309155,0.6611301293165504,1.9904449143599496,2.6225821183569358,46.90969098340837,53.67314396033724,100.0,-53.09030901659163,dry_jf,658.3122810444571,1.0,2.0,6,train,False
Isiolo,2019-02-01,2019,2,2,2,Stressed,0.0,1.9998806818054955,0.9999614613791968,-0.7576621780143149,3.133386431034043,2.429310831805178,1.799139747092101,100.0,100.0,100.0,0.0,dry_jf,121.15801476654195,2.0,2.0,6,train,False
Kajiado,2019-02-01,2019,2,2,2,Stressed,0.0,1.6504514514603872,0.9866531151747178,1.7448633312471509,1.3860346614838692,3.3512523009694286,2.4688707632317355,100.0,100.0,97.72585219052486,2.2741478094751386,dry_jf,244.0590119973267,1.0,2.0,6,train,False
Kakamega,2019-02-01,2019,2,1,1,Minimal,0.0,1.0,0.9998432712295532,-1.0670080051916688,0.4980354465964463,2.8888503308294595,3.8438695928555697,41.84459946696308,41.4572161022007,86.3213515449231,-44.47675207796002,dry_jf,521.962946970816,1.0,2.0,6,train,False
Kericho,2019-02-01,2019,2,1,1,Minimal,0.0,1.0,0.9999526229648772,-0.1654041049144279,1.8662896230030184,3.8875375508923646,4.343139422514467,34.14321566873474,87.84592830722845,100.0,-65.85678433126526,dry_jf,577.6437811642602,1.0,2.0,6,train,False
Kiambu,2019-02-01,2019,2,1,1,Minimal,0.0,1.001036389650512,0.9998318358451644,2.895727065446914,2.9332834132201704,3.497926912104734,3.038282343469401,38.62842863922915,86.37605328806018,41.326941133518325,-2.698512494289176,dry_jf,365.1581675938478,1.0,2.0,6,train,False
Kilifi,2019-02-01,2019,2,2,2,Stressed,0.0,1.7867460357960596,0.9942079983445016,0.2276609709787905,2.2744977170462253,2.548505579205781,1.72045537383209,26.425202715714818,57.460065917380106,73.23358656674567,-46.808383851030854,dry_jf,485.9236308469297,1.0,2.0,6,train,False
Kirinyaga,2019-02-01,2019,2,1,1,Minimal,0.0,1.0000357004800202,0.9999074216214416,-0.4089506301676178,2.2110575238763888,3.203788806090201,3.0671493126365874,33.65561392125859,79.232423726895,69.25244607148507,-35.596832150226476,dry_jf,523.427425427593,1.0,2.0,6,train,False
Kisii,2019-02-01,2019,2,1,1,Minimal,0.0,1.0,0.9995821721572732,0.6606216683849234,0.0713706887110529,2.387927650500836,2.4112886438515373,60.08952039540161,94.0462551010814,100.0,-39.91047960459839,dry_jf,771.8724273402603,1.0,2.0,6,train,False
Kisumu,2019-02-01,2019,2,1,1,Minimal,0.0,1.0,0.7829061444141889,0.128080285046784,0.5560972953280602,3.1614578747789834,3.183149450136279,42.049706271110544,86.36695411337084,100.0,-57.950293728889456,dry_jf,650.4965825795291,1.0,2.0,6,train,False
Kitui,2019-02-01,2019,2,2,2,Stressed,0.0,1.87192505668924,0.9999806960673304,0.7630118250698669,3.15459037860283,2.9842454590882035,2.567763669460842,100.0,94.0281368134467,100.0,0.0,dry_jf,350.0498777837523,1.0,2.0,6,train,False
Kwale,2019-02-01,2019,2,2,2,Stressed,0.0,1.7795817214135905,0.9912711781892202,0.2535925985803657,1.397322634806662,2.332907364898597,1.4813274373930172,44.29763444896216,70.53842836948648,64.4279814444135,-20.130346995451347,dry_jf,461.4118591660762,1.0,2.0,6,train,False
Laikipia,2019-02-01,2019,2,2,2,Stressed,0.0,1.559002304935304,0.9999887843276124,-0.4964414667777487,2.1480401994347296,3.251651272428421,3.63660599545512,65.08737966596337,89.83271467907316,100.0,-34.91262033403663,dry_jf,378.6133408439104,1.0,2.0,6,train,False
Lamu,2019-02-01,2019,2,2,2,Stressed,0.0,1.9606881562898664,0.9772482590215352,-1.0249761836135265,1.0580592814520269,1.6228375217113007,1.7117063978700813,76.46191892861458,100.0,96.18771022713668,-19.725791298522097,dry_jf,394.8891092289726,2.0,2.0,6,train,False
Machakos,2019-02-01,2019,2,1,1,Minimal,0.0,1.0001944164401406,0.9999301225275002,1.9325798217727248,2.1845426565185897,3.029800610038059,2.556255589720465,100.0,100.0,76.70888050300613,23.291119496993872,dry_jf,347.0698296320569,1.0,2.0,6,train,False
Makueni,2019-02-01,2019,2,2,2,Stressed,0.0,1.8236232850789764,0.9999559308274716,1.5820911610424426,2.767033765821496,3.058296390222128,2.363912689360253,100.0,100.0,100.0,0.0,dry_jf,210.84898907247097,2.0,2.0,6,train,False
Mandera,2019-02-01,2019,2,2,2,Stressed,0.0,2.0,0.9934829486429044,0.6744967575075437,1.0247923139835218,2.084974356442072,1.777092634559883,64.82910429242663,59.19853975032557,95.90174171945488,-31.07263742702824,dry_jf,147.72597818452132,2.0,2.0,6,train,False
Marsabit,2019-02-01,2019,2,2,2,Stressed,0.0,2.0,0.933776100925728,-0.1611679621911964,0.2987844550241178,2.329765525485253,1.8811636191040744,82.90912450221843,100.0,100.0,-17.090875497781568,dry_jf,183.11284628508548,2.0,2.0,6,train,True
Meru,2019-02-01,2019,2,1,1,Minimal,0.0,1.0063868217876983,0.9999023457853312,-1.1018469583190162,1.609670194919654,3.0849992824734573,2.5737758112379527,95.48487418528096,100.0,100.0,-4.515125814719042,dry_jf,469.95952152110806,1.0,2.0,6,train,False
Migori,2019-02-01,2019,2,1,1,Minimal,0.0,1.0,0.8093394361863654,0.9421027724911956,0.0287297085616912,1.6568172322882186,2.194067476591433,27.411299702053192,43.40206785885424,100.0,-72.58870029794681,dry_jf,460.4970135975702,1.0,2.0,6,train,False
Mombasa,2019-02-01,2019,2,1,1,Minimal,0.0,1.0,0.945430610879302,0.1842060922386097,1.4588708384037752,1.6735737354618978,1.1388631152119435,26.093127366961696,40.69318184205607,32.65279259750921,-6.559665230547516,dry_jf,339.4545465241538,1.0,2.0,6,train,False
Murang'a,2019-02-01,2019,2,1,1,Minimal,0.0,1.0,0.9998960447776896,2.0429673865072107,2.8498589789048085,3.7162360522561375,3.496056648476421,39.848588281810905,82.09477005834691,60.90377538606462,-21.05518710425372,dry_jf,600.9606534616394,1.0,2.0,6,train,False
Nairobi,2019-02-01,2019,2,1,1,Minimal,0.0,1.000239301956672,0.9993429939949856,2.717952695370171,2.5574409803511164,2.827393279338388,2.213636481712713,43.06140936004803,83.03846482573591,15.578586225824552,27.48282313422348,dry_jf,349.07589029272395,1.0,2.0,6,train,False
Nakuru,2019-02-01,2019,2,1,1,Minimal,0.0,1.0000173105892736,0.9758499055944194,0.0030690565340343,1.941157443955852,3.9079786844498905,4.069198375569315,68.07234205016564,88.99006168919496,87.47421719288192,-19.40187514271628,dry_jf,337.82261196850334,1.0,2.0,6,train,False
Nandi,2019-02-01,2019,2,1,1,Minimal,0.0,1.0,0.9998151603533764,-0.6675008588368174,1.3178859866207644,3.677209756181144,4.451326378062918,42.87003516664704,56.87446569891132,91.10311052726328,-48.23307536061624,dry_jf,636.3375639959971,1.0,2.0,6,train,False
Narok,2019-02-01,2019,2,1,1,Minimal,0.0,1.1203773706155338,0.9926845368134688,2.3400804225213623,2.203282973648529,4.753424308817087,3.966270964994086,76.78270296670598,93.33412002555151,88.00979642416226,-11.227093457456277,dry_jf,449.4351533314782,1.0,2.0,6,train,False
Nyamira,2019-02-01,2019,2,1,1,Minimal,0.0,1.0,0.999826225293629,-0.0484494035182641,0.0166404826293275,2.651542194389287,2.875905756374534,47.74347698994668,97.8621437143632,100.0,-52.25652301005332,dry_jf,707.0676224501927,1.0,2.0,6,train,False
Nyandarua,2019-02-01,2019,2,1,1,Minimal,0.0,1.0004524528776464,0.9998954682962914,0.311504332420054,2.3174395976720885,3.76296829990378,3.9135724279637434,50.51579232021536,81.52962782529221,72.41775060253447,-21.901958282319107,dry_jf,478.59632261521887,1.0,2.0,6,train,False
Nyeri,2019-02-01,2019,2,2,2,Stressed,0.0,1.542618854043296,0.9999111969797384,0.0899500892259182,2.1689082524053003,3.293297236269361,3.121794585759078,46.57017712274802,71.74014105903788,87.21473408862546,-40.64455696587744,dry_jf,596.5685209899478,1.0,2.0,6,train,False
Samburu,2019-02-01,2019,2,2,2,Stressed,0.0,2.0,0.9998822673449894,-0.2475942073583915,1.4404034111546764,2.7941336690888168,2.8295661293910914,59.59168768077077,93.79284804549091,100.0,-40.40831231922923,dry_jf,233.37064745956647,2.0,2.0,6,train,True
Siaya,2019-02-01,2019,2,1,1,Minimal,0.0,1.0,0.7130635075059107,0.3164934954930045,0.1698595465897845,1.9740648441963475,2.1692589208410724,72.68523122215863,79.04586862198305,100.0,-27.314768777841365,dry_jf,703.9110029852106,1.0,2.0,6,train,False
Taita Taveta,2019-02-01,2019,2,2,2,Stressed,0.0,1.5548801148968168,0.9966792235069584,0.293225426563187,2.4645111806161712,2.9444465328582936,1.792987645438234,75.73785973884227,83.24241505405506,100.0,-24.262140261157725,dry_jf,337.281834884778,1.0,2.0,6,train,False
Tana River,2019-02-01,2019,2,2,2,Stressed,0.0,1.9998674011089053,0.999836010177741,0.7415151652591575,3.224375299901713,2.9969896796078594,2.6598847943158628,89.19371394659542,93.69014906841645,100.0,-10.806286053404577,dry_jf,208.9215702880231,2.0,2.0,6,train,False
Tharaka-Nithi,2019-02-01,2019,2,2,2,Stressed,0.0,1.565559833092684,1.0000040869620983,-1.441314318562893,1.2837986323578514,2.8469232478956688,2.4673182413639942,62.88677235609229,73.29482484755151,68.24743187177764,-5.360659515685349,dry_jf,386.5660928989662,1.0,2.0,6,train,False
Trans Nzoia,2019-02-01,2019,2,1,1,Minimal,0.0,1.0,0.9977780064560036,0.1891656760041357,1.9754054810978252,4.222730079620468,4.753424308817087,38.45767083185306,48.58598785981265,83.2691426315391,-44.81147179968604,dry_jf,575.422482832226,1.0,2.0,6,train,False
Turkana,2019-02-01,2019,2,2,2,Stressed,0.0,2.0,0.9601517567107872,0.2113198779650599,0.2488121364759214,2.9009302286600085,3.119550714877,48.043535386800414,60.75676277072091,100.0,-51.956464613199586,dry_jf,134.93439886021372,2.0,2.0,6,train,True
Uasin Gishu,2019-02-01,2019,2,1,1,Minimal,0.0,1.0,0.9999480360329532,0.0029246159991295,2.0307814144532577,3.8278186852720326,4.418159655085606,70.2912652451409,52.71378169518048,84.0589693086532,-13.767704063512298,dry_jf,466.5756532543863,1.0,2.0,6,train,False
Vihiga,2019-02-01,2019,2,1,1,Minimal,0.0,1.0,0.9998193553745128,-0.3444114237478071,-0.0786108267228494,2.2771291887979577,2.449151307841584,63.95719547643014,54.83438373837184,95.93998395682917,-31.98278848039903,dry_jf,638.2354464495623,1.0,2.0,6,train,False
Wajir,2019-02-01,2019,2,2,2,Stressed,0.0,2.0,0.9996281763295088,0.2340275071740402,0.9417196604806286,1.9475899117900053,1.5522132800368451,100.0,100.0,100.0,0.0,dry_jf,220.92597534518788,2.0,2.0,6,train,True
West Pokot,2019-02-01,2019,2,2,2,Stressed,0.0,1.866622174532857,0.9926709606222024,0.2927012790311696,1.17587553801166,3.4921555219246376,4.012395664564653,64.16472412053507,79.70354503149201,97.79271015500268,-33.62798603446761,dry_jf,366.78840132412165,2.0,2.0,6,train,False
Baringo,2019-06-01,2019,6,3,3,Crisis or worse,0.4071333097242653,2.1614134160481626,0.9999986591429504,1.1675559645054827,-0.0774874926625405,-0.6619109729661709,-0.685000676068078,48.50823796240252,33.96367444061642,53.62691632534728,-5.118678362944763,dry_jjas,407.6410955536569,1.0,4.0,6,train,True
Bomet,2019-06-01,2019,6,1,1,Minimal,0.0,1.0,0.9999591445797528,0.7118027194909812,0.5064544285292099,0.1249249139732027,0.1390429427777051,70.09662621026105,43.2358558397191,56.68601442155013,13.410611788710924,dry_jjas,705.0356352221398,1.0,4.0,6,train,False
Bungoma,2019-06-01,2019,6,1,1,Minimal,0.0,1.0,0.9970207416060456,0.4034754013209447,-0.7405021746868236,-1.1696897294217403,-1.402220859134402,42.04613203845647,52.86126819408797,60.68914063158898,-18.643008593132507,dry_jjas,684.143518918554,1.0,4.0,6,train,False
Busia,2019-06-01,2019,6,1,1,Minimal,0.0,1.0,0.914162035136638,1.145392596939249,0.367084893891871,-0.3565248196430594,-0.777415361209186,61.34415194621303,5.18684074402018,40.25569227677288,21.088459669440148,dry_jjas,504.89251568895395,1.0,4.0,6,train,False
Elgeyo-Marakwet,2019-06-01,2019,6,1,1,Minimal,0.0002364729635908,1.0008519729023844,0.9999531832842424,0.9661263412794114,-0.476687582019053,-0.6166472391423249,-0.4796691477858306,59.27333145831566,63.36199315826856,65.85699959893154,-6.5836681406158775,dry_jjas,424.00498148048365,1.0,4.0,6,train,False
Embu,2019-06-01,2019,6,2,2,Stressed,0.0,1.7327388021201426,0.9999856347404928,1.5809463805899937,-0.1522491907765774,-0.0570147167437763,-0.8984509306783975,75.39964651724246,45.060176333952406,44.25436336073598,31.14528315650648,dry_jjas,401.4457023614595,1.0,4.0,6,train,False
Garissa,2019-06-01,2019,6,2,2,Stressed,0.4886160993210588,2.4886160993210584,0.9994912654837664,1.838702582676224,0.2193457883202946,0.2008761597432788,0.0664584006421949,22.386903325122805,18.368986830914608,35.95827219084305,-13.571368865720242,dry_jjas,210.6771075185111,2.0,4.0,6,train,False
Homa Bay,2019-06-01,2019,6,1,1,Minimal,0.0,1.0,0.6628357436647451,1.3128757179045183,1.104012811461156,0.7413871083207897,1.1086911997958704,70.93182550352442,23.72105775852011,52.08156538937938,18.850260114145044,dry_jjas,658.3122810444571,1.0,4.0,6,train,False
Isiolo,2019-06-01,2019,6,2,2,Stressed,0.3554072917197808,2.3554061449923727,0.9999649089951362,1.4227951125084806,0.1255539612929591,0.130830355517108,-0.690176079096667,26.329841149425224,13.855643645989645,48.92624441840565,-22.596403268980428,dry_jjas,121.15801476654195,2.0,4.0,6,train,False
Kajiado,2019-06-01,2019,6,2,2,Stressed,0.0,1.9308429473131024,0.98665740186772,1.4196164361717634,0.726559483716597,0.7656735516944823,0.2278568852449065,51.9391273621756,28.500922395059423,67.47284931455575,-15.533721952380148,dry_jjas,244.0590119973267,2.0,4.0,6,train,False
Kakamega,2019-06-01,2019,6,1,1,Minimal,0.0,1.0,0.9998432712295532,0.9892358332097442,0.1802532289355649,-0.5960046555412534,-0.8786349907834157,49.66554435101315,18.093876822973435,53.86086778519434,-4.195323434181184,dry_jjas,521.962946970816,1.0,4.0,6,train,False
Kericho,2019-06-01,2019,6,1,1,Minimal,0.0,1.0,0.9999526229648772,0.740396198171825,0.6203930201367749,0.0648846027933565,0.061080427549662,57.86249889493197,36.12276417365959,43.48653065787855,14.375968237053414,dry_jjas,577.6437811642602,1.0,4.0,6,train,False
Kiambu,2019-06-01,2019,6,1,1,Minimal,0.0,1.0,0.9998305741952528,1.2789389508093751,0.210241859644853,0.6529756511880033,0.5333011934148119,69.67866541968662,39.53758362779146,65.04906638684842,4.6295990328382,dry_jjas,365.1581675938478,1.0,4.0,6,train,False
Kilifi,2019-06-01,2019,6,2,2,Stressed,0.0,1.999938145718068,0.9941889022287776,1.0672377732081175,0.8274022642449748,1.284947017967966,1.5124117527684873,51.653157989411696,69.35081269608725,48.64153366774788,3.0116243216638168,dry_jjas,485.9236308469297,2.0,4.0,6,train,False
Kirinyaga,2019-06-01,2019,6,1,1,Minimal,0.0,1.0004583846007646,0.9999074216214672,1.763912305404639,0.0123564099045138,0.3078857302722705,-0.5077774572313138,48.688474899224936,99.91254945662234,81.53365609502322,-32.84518119579828,dry_jjas,523.427425427593,1.0,4.0,6,train,False
Kisii,2019-06-01,2019,6,1,1,Minimal,0.0,1.0,0.9995821721572732,1.3078219953134,1.2895042575785742,0.5893729465739902,0.6390871975440231,84.87279082859652,69.690986407272,54.93476370995342,29.9380271186431,dry_jjas,771.8724273402603,1.0,4.0,6,train,False
Kisumu,2019-06-01,2019,6,1,1,Minimal,0.0,1.0,0.7829061444141889,1.1819157015018795,1.1652039340691265,0.6553721999568131,1.066756733031179,77.5660871673208,40.31158935325107,46.61999038162904,30.946096785691765,dry_jjas,650.4965825795291,1.0,4.0,6,train,False
Kitui,2019-06-01,2019,6,2,2,Stressed,0.000301746701996,1.9997493277913236,1.0000139672845514,1.214104341879751,0.0593324532623447,0.1261284046089482,-0.2421856656984342,47.804471192143446,0.0,28.058981428513963,19.745489763629482,dry_jjas,350.0498777837523,2.0,4.0,6,train,False
Kwale,2019-06-01,2019,6,2,2,Stressed,0.0,1.99971200940671,0.9912639533016692,1.0960018424707223,1.2984784157960114,1.729490502120631,2.460761077440985,68.64027042125308,77.703370721491,46.94460710598496,21.69566331526812,dry_jjas,461.4118591660762,2.0,4.0,6,train,False
Laikipia,2019-06-01,2019,6,2,2,Stressed,0.0008776521216658,1.5604636927878526,1.0000288793773966,1.8891527631348717,0.3392429764740907,0.0616471832059186,-0.8450084060890013,45.33748470411511,8.662374665622197,42.48374628377014,2.8537384203449747,dry_jjas,378.6133408439104,2.0,4.0,6,train,False
Lamu,2019-06-01,2019,6,2,2,Stressed,0.0,2.0,0.9772482590215352,0.0422832006792333,-0.3617246684527453,-0.6248341201828871,-0.137673998313612,52.95929716507632,85.99953464332009,62.37258240607113,-9.41328524099481,dry_jjas,394.8891092289726,2.0,4.0,6,train,False
Machakos,2019-06-01,2019,6,1,1,Minimal,0.0,1.0053594702105009,0.9999321623277222,1.2587083350045931,0.1575430136669248,0.2337079101174263,-0.5181009201308437,78.90726641991373,22.423086319906663,43.09524369075419,35.81202272915954,dry_jjas,347.0698296320569,1.0,4.0,6,train,False
Makueni,2019-06-01,2019,6,2,2,Stressed,0.0,1.9970632263425647,0.9999721487558016,1.2741114220048726,0.489283662737515,0.5566369322941241,0.4262763280381912,76.0596051188222,28.06697336196402,54.904447301030345,21.15515781779186,dry_jjas,210.84898907247097,2.0,4.0,6,train,False
Mandera,2019-06-01,2019,6,2,2,Stressed,3.195631878386583e-07,2.000000319563188,0.9934831235411702,3.5009496556175854,1.025671536569489,1.0459952157854284,0.5440962341303829,30.558274610271194,50.68975712561621,31.057646635022213,-0.4993720247510183,dry_jjas,147.72597818452132,2.0,4.0,6,train,False
Marsabit,2019-06-01,2019,6,3,3,Crisis or worse,0.8394399720432647,2.839439972043265,0.9337773063821072,1.285954274520926,0.3394006722218604,0.3289592145656391,0.2260996802441526,21.71900256716995,26.013104624013923,34.92567056362291,-13.206667996452957,dry_jjas,183.11284628508548,2.0,4.0,6,train,True
Meru,2019-06-01,2019,6,1,1,Minimal,0.0,1.4892330802156213,0.9998998814068304,1.3227701169217507,-0.3675717661429385,-0.3386905573210135,-1.1693730118894765,64.81414607079981,28.86530244997212,47.44588335664447,17.368262714155335,dry_jjas,469.95952152110806,1.0,4.0,6,train,False
Migori,2019-06-01,2019,6,1,1,Minimal,0.0,1.0,0.8093394361863654,1.2175567236292193,0.7147162981373552,0.3508620356048915,0.5942865597035425,79.49711779204175,13.360078269258588,60.171027852868,19.326089939173748,dry_jjas,460.4970135975702,1.0,4.0,6,train,False
Mombasa,2019-06-01,2019,6,1,1,Minimal,0.0,1.024159169166952,0.9454988271665984,1.335591263594481,1.3178308704738462,1.924280766705974,2.0997593924550766,55.65731699591129,59.22459491272157,71.53269880066465,-15.87538180475336,dry_jjas,339.4545465241538,1.0,4.0,6,train,False
Murang'a,2019-06-01,2019,6,1,1,Minimal,0.0,1.0,0.9998960447776896,1.603090467945237,0.1935697033951813,0.5381847673030931,-0.0273003188806423,88.35649437879084,70.10668318517834,84.53335197827842,3.823142400512424,dry_jjas,600.9606534616394,1.0,4.0,6,train,False
Nairobi,2019-06-01,2019,6,1,1,Minimal,0.0,1.0001640620013663,0.9993429938196526,1.1822972289042872,0.3915012146164954,0.7172217992959289,0.5032114447513837,52.970272157965326,10.342421440451586,55.48673637371899,-2.5164642157536647,dry_jjas,349.07589029272395,1.0,4.0,6,train,False
Nakuru,2019-06-01,2019,6,1,1,Minimal,0.0,1.0,0.9758499055944192,1.0098879946023314,0.0523553201317653,-0.1165532378126089,-0.471997859726076,44.41547558212326,34.570827838033445,55.14735565481016,-10.731880072686906,dry_jjas,337.82261196850334,1.0,4.0,6,train,False
Nandi,2019-06-01,2019,6,1,1,Minimal,0.0,1.0,0.9998151603533764,0.9082512380890584,0.4762424899417795,-0.1048196976043223,-0.1440861052959298,61.98755247576223,46.11515539076963,57.382584867489925,4.604967608272304,dry_jjas,636.3375639959971,1.0,4.0,6,train,False
Narok,2019-06-01,2019,6,1,1,Minimal,0.0,1.0001303360388785,0.9926648706760623,0.8831842254228424,0.2647296230204158,0.5662590748096538,1.0509172173401575,54.868626915620666,3.558561318712348,60.64057228322517,-5.771945367604502,dry_jjas,449.4351533314782,1.0,4.0,6,train,False
Nyamira,2019-06-01,2019,6,1,1,Minimal,0.0,1.0,0.999826225293629,1.310594600506986,1.3191657425194523,0.4992869498419108,0.3325955388723821,71.5874785457233,74.41514168362671,69.28533696809443,2.3021415776288734,dry_jjas,707.0676224501927,1.0,4.0,6,train,False
Nyandarua,2019-06-01,2019,6,1,1,Minimal,0.0,1.0004524528776464,0.9998954682961814,1.4884614159286886,0.2072849079635923,0.2462321799440408,-0.1992552218517243,65.44533270170913,49.75809501096946,69.73502636189073,-4.289693660181598,dry_jjas,478.59632261521887,1.0,4.0,6,train,False
Nyeri,2019-06-01,2019,6,2,2,Stressed,0.0,1.542618854043296,0.9999111969797384,2.010836373016127,0.3943591734910602,0.5437851645616576,-0.3325408751752617,72.85752326010157,69.8273123030282,77.29142413300438,-4.433900872902811,dry_jjas,596.5685209899478,2.0,4.0,6,train,False
Samburu,2019-06-01,2019,6,2,2,Stressed,0.0016001566707906,2.001600156670791,0.9998865771346582,1.8234243317719048,0.3530582713550947,0.1998774131925935,-0.6855633718950404,46.29035285512212,13.198171252099373,40.1450989877711,6.145253867351023,dry_jjas,233.37064745956647,2.0,4.0,6,train,True
Siaya,2019-06-01,2019,6,1,1,Minimal,0.0,1.0,0.7130635075059107,1.172467264496809,0.7885728527720088,0.2563761086685064,0.6428461719460367,62.52252451197584,0.0,51.65641332761025,10.866111184365586,dry_jjas,703.9110029852106,1.0,4.0,6,train,False
Taita Taveta,2019-06-01,2019,6,2,2,Stressed,0.0,1.999581103555802,0.9966896338404326,1.0977628148201364,0.689547303892641,0.8346889575282973,1.579751015698422,51.96432104406068,49.87104972757384,27.572496882393825,24.391824161666857,dry_jjas,337.281834884778,2.0,4.0,6,train,False
Tana River,2019-06-01,2019,6,2,2,Stressed,0.3140059230637367,2.314005923063737,0.9998429736972364,1.2229819651360163,0.1763931393952411,0.2764878612722865,0.4118272218456015,24.264623517805056,14.49343930594342,24.77524831097863,-0.510624793173573,dry_jjas,208.9215702880231,2.0,4.0,6,train,False
Tharaka-Nithi,2019-06-01,2019,6,2,2,Stressed,0.0,1.5708060749682615,0.9999875926821788,1.4372461823619267,-0.4068221938012546,-0.3760123716990459,-1.1932903680407998,36.3178522940721,4.423159195702722,19.005948023588303,17.311904270483794,dry_jjas,386.5660928989662,2.0,4.0,6,train,False
Trans Nzoia,2019-06-01,2019,6,1,1,Minimal,0.0,1.0,0.9977780064560036,0.8253315179787672,-0.5165059502707453,-0.2410671469866596,-0.4167086455142036,49.10818716444032,57.129830341712605,81.97474740333271,-32.8665602388924,dry_jjas,575.422482832226,1.0,4.0,6,train,False
Turkana,2019-06-01,2019,6,3,3,Crisis or worse,0.5729218043025175,2.572921804302517,0.9601635027037968,0.7055087273710499,-0.1105463982097512,-0.5203607894843381,-0.4027757567737203,30.541103108053367,16.786757089890195,25.6813483626276,4.859754745425768,dry_jjas,134.93439886021372,2.0,4.0,6,train,True
Uasin Gishu,2019-06-01,2019,6,1,1,Minimal,0.0,1.0,0.9999480360329532,0.796151984670503,-0.4886467000863396,-0.5413540596477984,-0.5633187041749868,41.40515034033025,32.09004002711438,39.471278980230814,1.9338713600994382,dry_jjas,466.5756532543863,1.0,4.0,6,train,False
Vihiga,2019-06-01,2019,6,1,1,Minimal,0.0,1.0,0.9998193553745144,1.286037059414601,1.0120018862415563,0.2396544360437155,0.3895824126612916,74.20030734258427,62.01898122283377,64.45274674197437,9.747560600609901,dry_jjas,638.2354464495623,1.0,4.0,6,train,False
Wajir,2019-06-01,2019,6,3,3,Crisis or worse,0.5091758278655049,2.509175827865505,0.9996307141713952,3.054566839735621,0.8384541074006742,0.8417794443939223,0.2418213355103497,21.069470953152045,31.022469033169862,27.495423475272364,-6.425952522120319,dry_jjas,220.92597534518788,2.0,4.0,6,train,True
West Pokot,2019-06-01,2019,6,2,2,Stressed,0.0001110351718193,1.559620510578188,0.9926708452112752,0.9895138615469656,-0.6837618577372968,-0.8304235398106038,-0.7276611148772385,30.33970665489643,29.766235908190808,44.65652015889466,-14.31681350399823,dry_jjas,366.78840132412165,2.0,4.0,6,train,False
Baringo,2019-10-01,2019,10,1,1,Minimal,0.4084151830583695,1.81784139284956,0.999985357608342,-0.4349266243333662,-0.98311031017771,-0.8565859589985121,0.2354739122473115,0.0,10.981055142220171,16.7914632313568,-16.7914632313568,short_rains,407.6410955536569,3.0,4.0,6,train,True
Bomet,2019-10-01,2019,10,1,1,Minimal,0.0,1.0,0.9999591445882084,0.1326840993714559,-1.278291522905335,-1.0308062004312506,-0.6061927125365959,27.93292278760712,57.56373380788832,53.26184737836079,-25.328924590753672,short_rains,705.0356352221398,1.0,4.0,6,train,False
Bungoma,2019-10-01,2019,10,1,1,Minimal,0.0,1.0,0.9970207416060456,-0.9310565945401896,-1.1007112431166548,-1.265994281457792,-0.3360993286288895,21.00870605760909,30.127658430977547,21.24052706506424,-0.23182100745514944,short_rains,684.143518918554,1.0,4.0,6,train,False
Busia,2019-10-01,2019,10,1,1,Minimal,0.0,1.0,0.914162035136638,-0.3333425983668698,-0.0842452121448671,-0.1973719890095139,0.5736016103756855,0.0,38.57241311943397,17.571951634107627,-17.571951634107627,short_rains,504.89251568895395,1.0,4.0,6,train,False
Elgeyo-Marakwet,2019-10-01,2019,10,1,1,Minimal,0.0002364713342102,1.003613470707513,0.9999600733550674,-0.73435817560555,-1.291800015891459,-1.4006934009369925,-0.0259026194409091,0.0,14.130858130057897,10.745210969281036,-10.745210969281036,short_rains,424.00498148048365,1.0,4.0,6,train,False
Embu,2019-10-01,2019,10,2,2,Stressed,0.0034762105975149,1.6770004612549387,0.9999892619296415,-0.740896224787661,-1.2937058931936734,-0.525799692042644,1.2666991710140536,24.885797474713357,22.972021405450857,29.202962245803267,-4.31716477108991,short_rains,401.4457023614595,2.0,4.0,6,train,False
Garissa,2019-10-01,2019,10,3,3,Crisis or worse,1.0,3.0,0.9994639736822264,-0.9326278845531568,-1.068986834957694,-0.30360350438526,1.815368037992452,0.0,12.78844355035706,18.687972373623342,-18.687972373623342,short_rains,210.6771075185111,2.0,4.0,6,train,False
Homa Bay,2019-10-01,2019,10,1,1,Minimal,0.0,1.0,0.6628357436647451,-0.5720562689852217,-0.6655964353239462,-0.359344129120868,0.5656132737649078,0.0,49.544598698450834,46.828735556395685,-46.828735556395685,short_rains,658.3122810444571,1.0,4.0,6,train,False
Isiolo,2019-10-01,2019,10,3,3,Crisis or worse,0.9995827766204604,2.99958277662046,0.9999614170642658,-0.6485451672212992,-0.8000140892085776,-0.3315832730940604,1.209067494800879,7.93995479595644,13.230247963691449,18.52532465227536,-10.58536985631892,short_rains,121.15801476654195,2.0,4.0,6,train,False
Kajiado,2019-10-01,2019,10,2,2,Stressed,0.0010385364351125,1.999879231209137,0.986659705085567,-0.4343823613850507,-1.73128030153489,-0.6628960733535001,0.5663122106127074,13.10182967945459,10.69201618289622,18.440823049816142,-5.3389933703615515,short_rains,244.0590119973267,2.0,4.0,6,train,False
Kakamega,2019-10-01,2019,10,1,1,Minimal,0.0,1.0,0.9998432712295532,-0.8330063160343156,-1.1831406538592295,-1.2096220282710002,0.1916832361220266,0.0,27.80142801822789,18.898809546587582,-18.898809546587582,short_rains,521.962946970816,1.0,4.0,6,train,False
Kericho,2019-10-01,2019,10,1,1,Minimal,0.0,1.0,0.9999526229648772,-0.6846978116258827,-1.6466030381431107,-1.380476713649552,-0.4617982478587348,15.613047292791832,31.956206369245454,17.551751446270497,-1.9387041534786658,short_rains,577.6437811642602,1.0,4.0,6,train,False
Kiambu,2019-10-01,2019,10,1,1,Minimal,0.0,1.001036389650512,0.9998318358451644,-0.5090322412375216,-1.3169476252567895,-0.9076462524534608,0.3366664975305506,0.5847510113717459,10.344060273723272,41.65075048630644,-41.0659994749347,short_rains,365.1581675938478,1.0,4.0,6,train,False
Kilifi,2019-10-01,2019,10,2,2,Stressed,0.0025432885968681,2.0024814344946176,0.9941917902689468,-1.7530411111308732,-2.4657341902055205,-0.9812163715356028,0.9382258022318212,4.008404186780047,8.584244773133944,24.98894430175772,-20.98054011497767,short_rains,485.9236308469297,2.0,4.0,6,train,False
Kirinyaga,2019-10-01,2019,10,1,1,Minimal,0.0,1.0002781852410034,0.9999074216214424,-0.4928594737572053,-1.0198577693908095,-0.306405058202519,1.2329788905711825,19.891483273181763,29.846992014169984,64.39272945727342,-44.501246184091656,short_rains,523.427425427593,1.0,4.0,6,train,False
Kisii,2019-10-01,2019,10,1,1,Minimal,0.0,1.0,0.9995821721572732,0.5251766878446903,-0.594386081738571,-0.3575329990074653,0.0604167341362451,34.424493171133825,50.68760363512212,27.38934246709102,7.035150704042806,short_rains,771.8724273402603,1.0,4.0,6,train,False
Kisumu,2019-10-01,2019,10,1,1,Minimal,0.0,1.0,0.782906144414189,-0.9991753366407252,-1.4874383943736622,-1.0777268075439248,0.1252615298392078,0.0,70.09191182748602,51.92917525145125,-51.92917525145125,short_rains,650.4965825795291,1.0,4.0,6,train,False
Kitui,2019-10-01,2019,10,3,3,Crisis or worse,0.9034973610298836,2.9029449207235247,0.9999752373351396,-0.6640777767212782,-1.314563432841961,-0.5030826285610119,1.0401187395918674,3.133004899125301,3.0988908178234253,17.11956586016396,-13.98656096103866,short_rains,350.0498777837523,2.0,4.0,6,train,False
Kwale,2019-10-01,2019,10,2,2,Stressed,0.0,1.99971200940671,0.9912639533016692,-1.8157603716395132,-2.2815860060734665,-1.1325213319828744,0.7249746611314581,6.647585268501171,21.523287312396075,32.04809593159657,-25.4005106630954,short_rains,461.4118591660762,2.0,4.0,6,train,False
Laikipia,2019-10-01,2019,10,2,2,Stressed,0.0024785651186265,1.8910574847906545,1.000051645164342,-0.4666141264076044,-0.9724346337321704,-0.2772431622212454,0.9515768285760052,10.298127222211637,5.859127881790959,6.674907917781319,3.623219304430318,short_rains,378.6133408439104,2.0,4.0,6,train,False
Lamu,2019-10-01,2019,10,3,3,Crisis or worse,0.999993004020605,2.9999930040206046,0.9772482590215352,-1.505701443784432,-1.6721762668129116,-1.479560021498035,0.1771235187447978,31.60426024578667,38.274463364691975,48.90341470679246,-17.29915446100579,short_rains,394.8891092289726,2.0,4.0,6,train,False
Machakos,2019-10-01,2019,10,1,1,Minimal,0.0014924574711276,1.0062477897631077,0.9999321623263784,-0.3020644101077419,-1.2748156016660714,-0.5926458376857939,0.6233780774363639,7.349163165410712,16.13958787803895,34.11769064904049,-26.76852748362978,short_rains,347.0698296320569,1.0,4.0,6,train,False
Makueni,2019-10-01,2019,10,3,3,Crisis or worse,0.823592054448046,2.820655282097079,0.9999725936085484,-0.3168515730794236,-1.4950687608589988,-0.4348526620664736,0.6921263404396294,17.524456441728,11.998358891423068,33.645547490752165,-16.121091049024166,short_rains,210.84898907247097,2.0,4.0,6,train,False
Mandera,2019-10-01,2019,10,3,3,Crisis or worse,1.0,3.0,0.9934829486427996,-0.8690997779213144,-0.9539735500513646,0.2157573702617711,3.289954639445469,20.33982717468272,29.79322032689678,20.782107077316297,-0.44227990263357597,short_rains,147.72597818452132,2.0,4.0,6,train,False
Marsabit,2019-10-01,2019,10,3,3,Crisis or worse,0.9999748456374024,2.9999748456374022,0.9337761009257282,-0.3518569014157611,-0.6197952520357468,-0.3779337230148726,0.708282399259795,12.155927096905106,17.112282665366937,19.12092820210989,-6.965001105204784,short_rains,183.11284628508548,3.0,4.0,6,train,True
Meru,2019-10-01,2019,10,2,2,Stressed,0.4989614488215854,2.4989555875145903,0.9999031138648642,-0.724846290134386,-1.105396780324781,-0.5778957196210323,1.059264759787574,4.861506246621058,8.285150009561457,25.744783132433856,-20.883276885812798,short_rains,469.95952152110806,1.0,4.0,6,train,False
Migori,2019-10-01,2019,10,1,1,Minimal,0.0,1.000836252688988,0.8093461784823975,-1.154740115711712,-1.0033869153804107,-0.6327722506795257,0.3999088082923909,0.0,47.11254149848146,40.83335366295992,-40.83335366295992,short_rains,460.4970135975702,1.0,4.0,6,train,False
Mombasa,2019-10-01,2019,10,1,1,Minimal,0.0,1.024159169166952,0.9454988271665984,-2.412751874096293,-3.0073629906825614,-1.4437104165978665,0.9698570832342956,0.0,10.873871082498477,43.293859096238926,-43.293859096238926,short_rains,339.4545465241538,1.0,4.0,6,train,False
Murang'a,2019-10-01,2019,10,1,1,Minimal,0.0,1.0,0.9998960447776896,-0.2491505668852013,-0.8803645628975665,-0.4496491414608255,0.6802375968054087,29.22518029613604,31.884226538755268,44.63334206964236,-15.408161773506322,short_rains,600.9606534616394,1.0,4.0,6,train,False
Nairobi,2019-10-01,2019,10,1,1,Minimal,0.0,1.0004033639580097,0.9993429939949856,-0.4035886367311647,-1.3743990529507644,-0.7795850818655816,0.2934150896708877,0.0,1.8672895188133016,20.64856002604048,-20.64856002604048,short_rains,349.07589029272395,1.0,4.0,6,train,False
Nakuru,2019-10-01,2019,10,1,1,Minimal,0.0,1.0000238338747447,0.9758499055944194,-0.2224734618138595,-1.1753247995546268,-0.836869306581122,0.0147733276047894,0.0,9.286415671191088,15.071182374329249,-15.071182374329249,short_rains,337.82261196850334,1.0,4.0,6,train,False
Nandi,2019-10-01,2019,10,1,1,Minimal,0.0,1.0,0.9998151603533764,-1.0697897388832456,-1.845724185814121,-1.7681956234578875,-0.3151576920137267,13.660539693004386,37.76639867374136,27.79590092574036,-14.135361232735972,short_rains,636.3375639959971,1.0,4.0,6,train,False
Narok,2019-10-01,2019,10,2,2,Stressed,0.0,1.878156445241992,0.9926876485807352,0.1582075063774709,-1.2190217086967547,-0.9917445633708531,-0.4272214581745341,0.0,26.994475885409965,34.525361039637644,-34.525361039637644,short_rains,449.4351533314782,1.0,4.0,6,train,False
Nyamira,2019-10-01,2019,10,1,1,Minimal,0.0,1.0,0.9998262252936287,0.1635656157692652,-0.90604819170067,-0.5304039416492605,-0.0883560574831813,36.54704642862473,52.92107051876635,21.033758959761837,15.513287468862895,short_rains,707.0676224501927,1.0,4.0,6,train,False
Nyandarua,2019-10-01,2019,10,1,1,Minimal,0.0,1.0004995442155116,0.9998954460056082,-0.2050754936535266,-1.034646498839876,-0.5741812251696444,0.3467111275812617,14.54101443025016,16.80337734990196,25.716765177311448,-11.175750747061288,short_rains,478.59632261521887,1.0,4.0,6,train,False
Nyeri,2019-10-01,2019,10,1,1,Minimal,0.0,1.0019193934478114,0.9998841481894756,-0.1320508370046001,-0.8826759290146559,-0.0605633656726068,0.9563216409967256,21.106428962918397,32.808578725126445,40.767765454422445,-19.66133649150405,short_rains,596.5685209899478,2.0,4.0,6,train,False
Samburu,2019-10-01,2019,10,3,3,Crisis or worse,0.7295502081813671,2.729550208181367,0.9998972988695696,-0.182712186218572,-0.5266724884181886,-0.1361358147959064,1.1234403786169296,7.7413777438201885,11.390239295866214,10.484943075726198,-2.7435653319060096,short_rains,233.37064745956647,2.0,4.0,6,train,True
Siaya,2019-10-01,2019,10,1,1,Minimal,0.0,1.0,0.7130635075059107,-0.8993764882179403,-0.6244157199071013,-0.5584564158080904,0.6964374352880854,0.0,34.746945875233905,38.44281940646816,-38.44281940646816,short_rains,703.9110029852106,1.0,4.0,6,train,False
Taita Taveta,2019-10-01,2019,10,2,2,Stressed,0.0012260282171291,2.001226028217129,0.9966783869663588,-0.069699587546869,-1.1596753254284553,-0.4022834624555659,0.8480342130067189,5.019583850663764,3.8623214186044135,12.54656292946355,-7.526979078799785,short_rains,337.281834884778,2.0,4.0,6,train,False
Tana River,2019-10-01,2019,10,3,3,Crisis or worse,0.974921459186734,2.974921459186734,0.9998362886165332,-1.3219407540227353,-1.5557407123311344,-0.5125577897960498,1.2147528968097658,0.0,5.330865782991546,13.78206247601646,-13.78206247601646,short_rains,208.9215702880231,2.0,4.0,6,train,False
Tharaka-Nithi,2019-10-01,2019,10,3,3,Crisis or worse,0.6794010097769551,2.6793891945579738,0.999983557438948,-1.1200484199343068,-1.45853470338964,-0.8536424770442875,1.188572523923887,0.0,7.802282791907114,23.357689792331183,-23.357689792331183,short_rains,386.5660928989662,2.0,4.0,6,train,False
Trans Nzoia,2019-10-01,2019,10,1,1,Minimal,0.0,1.0,0.9977780064560036,-0.9012299441043724,-1.1570814648112109,-1.2952101230789357,-0.1082800951137159,23.27908340362894,22.00809352969932,13.420397025275005,9.858686378353934,short_rains,575.422482832226,1.0,4.0,6,train,False
Turkana,2019-10-01,2019,10,3,3,Crisis or worse,0.9998187861479574,2.9998187861479573,0.960152161114866,0.3006903018065203,-0.1818741586033623,-0.2792407998519132,0.1386004775356596,5.340988910732566,15.05135136902216,17.01973823190987,-11.678749321177303,short_rains,134.93439886021372,3.0,4.0,6,train,True
Uasin Gishu,2019-10-01,2019,10,1,1,Minimal,0.0,1.0,0.9999480360329532,-1.0759895457915876,-1.668680667469823,-1.7608488016295274,-0.2535406288984978,0.0,6.075094287735706,12.56910622019253,-12.56910622019253,short_rains,466.5756532543863,1.0,4.0,6,train,False
Vihiga,2019-10-01,2019,10,1,1,Minimal,0.0,1.0,0.9998193553745128,-0.8587266865743773,-1.0393553256396406,-0.8330221156614428,0.5894421617065336,42.06718851704316,42.51678298929437,46.73037329860256,-4.663184781559401,short_rains,638.2354464495623,1.0,4.0,6,train,False
Wajir,2019-10-01,2019,10,3,3,Crisis or worse,1.0,3.0,0.9996281763295088,-0.8983834242546472,-0.928138723822228,0.1963224005387505,2.9821385714380484,8.610977085483286,26.659280243728325,18.815738478277595,-10.204761392794309,short_rains,220.92597534518788,3.0,4.0,6,train,True
West Pokot,2019-10-01,2019,10,2,2,Stressed,0.0027376216669029,1.8853460384064435,0.9926739731095776,-1.0700589489371422,-1.2890933911055582,-1.4366294212424977,0.0861337256162916,0.0,5.390013825226906,8.793810377945142,-8.793810377945142,short_rains,366.78840132412165,2.0,4.0,6,train,False
Baringo,2020-02-01,2020,2,2,2,Stressed,0.0,1.5637547358202473,0.9999994222488416,0.9383763051850504,1.6133500629571769,0.3056719648846329,0.083153523019963,97.68596527461918,100.0,74.07679066104551,23.60917461357367,dry_jf,407.6410955536569,1.0,4.0,6,train,True
Bomet,2020-02-01,2020,2,1,1,Minimal,0.0,1.0,0.9999591445882084,0.2233098012085647,1.5598644480471804,0.4450411631885581,1.5048758123914088,47.664039699050285,100.0,50.3880577828481,-2.724018083797816,dry_jf,705.0356352221398,1.0,4.0,6,train,False
Bungoma,2020-02-01,2020,2,1,1,Minimal,0.0,1.0,0.9970207416060456,1.4103823149763497,1.2300115369283824,0.10963523862871,-0.2890018265839029,81.76561015214574,100.0,88.4747367147519,-6.7091265626061585,dry_jf,684.143518918554,1.0,4.0,6,train,False
Busia,2020-02-01,2020,2,1,1,Minimal,0.0,1.0,0.914162035136638,0.6333049869485292,1.1176544311081271,0.439959199158152,0.4927116014199001,72.95827131074844,79.74943190464462,76.45355046400158,-3.4952791532531364,dry_jf,504.89251568895395,1.0,4.0,6,train,False
Elgeyo-Marakwet,2020-02-01,2020,2,1,1,Minimal,0.0,1.000236473294127,0.999951785576505,1.4806263218424682,2.142555216767527,0.2298053008388968,-0.2287950571730726,62.46517912021436,100.0,77.47494514925623,-15.00976602904187,dry_jf,424.00498148048365,1.0,4.0,6,train,False
Embu,2020-02-01,2020,2,1,1,Minimal,0.0,1.0058427967454584,0.9999774223655316,-0.324053747325307,-0.0842899133834422,-1.065478378584675,-0.544591499479683,63.74947579330362,62.23188921436173,66.79912544351944,-3.0496496502158266,dry_jf,401.4457023614595,2.0,4.0,6,train,False
Garissa,2020-02-01,2020,2,2,2,Stressed,2.7710632195238797e-05,2.0000277106321955,0.9994639736826514,0.3404492973536344,-0.16595474863724,-1.2277995332114156,-1.3608689068719275,9.957371411293366,7.304054516126787,28.028313377966104,-18.070941966672738,dry_jf,210.6771075185111,3.0,4.0,6,train,False
Homa Bay,2020-02-01,2020,2,1,1,Minimal,0.0,1.0,0.6628357436647451,1.001746401045562,1.6597541206813262,0.7722957676849563,1.229674254455242,39.883920791042144,73.69364414893124,62.059323339955725,-22.17540254891358,dry_jf,658.3122810444571,1.0,4.0,6,train,False
Isiolo,2020-02-01,2020,2,2,2,Stressed,9.035616054739908e-06,1.9998897174217187,0.9999614627899412,-0.2412520700339374,1.15592700336815,-0.8184643893620431,-0.6269684695624884,10.462096807623466,11.695940823731943,17.02886100693352,-6.566764199310056,dry_jf,121.15801476654195,3.0,4.0,6,train,False
Kajiado,2020-02-01,2020,2,2,2,Stressed,0.0,1.9804692398059605,0.9866599014537054,1.7343158666707408,2.256902709021434,-1.4098378453778715,-0.5312180231698552,42.15563178722469,29.56034419183926,41.24518085340111,0.9104509338235829,dry_jf,244.0590119973267,2.0,4.0,6,train,False
Kakamega,2020-02-01,2020,2,1,1,Minimal,0.0,1.0,0.9998432712295532,1.0012062481445745,1.4212897717307795,0.0573928404136054,0.0266611127464924,83.95590019440729,100.0,100.0,-16.044099805592708,dry_jf,521.962946970816,1.0,4.0,6,train,False
Kericho,2020-02-01,2020,2,1,1,Minimal,0.0,1.0,0.9999526229648772,0.4581429041981876,1.781898554104215,0.1880522942847659,0.772264676217008,97.07034700627692,100.0,73.31137061815946,23.75897638811746,dry_jf,577.6437811642602,1.0,4.0,6,train,False
Kiambu,2020-02-01,2020,2,1,1,Minimal,0.0,1.001036389650512,0.9998318358451644,2.2097715730511016,2.8633520717565726,-0.6016250475088317,-0.4977210379307314,56.64914641644543,100.0,34.53705709194823,22.112089324497205,dry_jf,365.1581675938478,1.0,4.0,6,train,False
Kilifi,2020-02-01,2020,2,2,2,Stressed,0.0,1.9992691542415924,0.9941942173456786,-0.1012264122502592,0.0422269565961527,-0.2064350209269878,0.0590374483590298,23.231164199870435,31.392071126803756,46.52863939787454,-23.297475198004108,dry_jf,485.9236308469297,2.0,4.0,6,train,False
Kirinyaga,2020-02-01,2020,2,1,1,Minimal,0.0,1.0000006781059771,0.9999074216215268,0.2491527935158428,0.2159777735793434,-0.5148604514632824,-0.0761119409490038,75.13726278606282,90.19022547074653,71.44841429895446,3.688848487108359,dry_jf,523.427425427593,1.0,4.0,6,train,False
Kisii,2020-02-01,2020,2,1,1,Minimal,0.0,1.0,0.9995821721572732,0.5211895072327344,0.993456390170639,0.583128724188305,1.4607218114981542,87.10640453721652,100.0,76.3033243109295,10.803080226287022,dry_jf,771.8724273402603,1.0,4.0,6,train,False
Kisumu,2020-02-01,2020,2,1,1,Minimal,0.0,1.0,0.7829061444141889,0.1641731490489517,1.404013705603588,-0.2936804626206377,0.3227247266669933,80.93789854836,87.16853812783107,87.06204540565271,-6.124146857292715,dry_jf,650.4965825795291,1.0,4.0,6,train,False
Kitui,2020-02-01,2020,2,1,1,Minimal,0.0,1.0003494564396398,1.0000134770408124,2.2458618602332363,3.1975866826305146,-1.1151447813077924,-0.6629961501473319,24.462201634673715,14.6951612317965,23.96343912771383,0.4987625069598849,dry_jf,350.0498777837523,3.0,4.0,6,train,False
Kwale,2020-02-01,2020,2,2,2,Stressed,0.0,1.996402448510419,0.991267775862953,1.447371769612427,0.8662709867801529,0.4502506193854906,0.6130032921482301,47.50390197311704,46.59226214628934,57.49339764086005,-9.989495667743014,dry_jf,461.4118591660762,2.0,4.0,6,train,False
Laikipia,2020-02-01,2020,2,2,2,Stressed,0.0,1.8890791181135551,0.9999851536805716,0.5659691525290449,1.2313299341518762,-0.033599003286329,0.3068463509950812,90.37763771160182,88.43818854563597,66.79171864617682,23.585919065425003,dry_jf,378.6133408439104,2.0,4.0,6,train,False
Lamu,2020-02-01,2020,2,2,2,Stressed,0.0,2.0,0.977248259021535,-0.952295203531048,-0.8551682592745914,-0.7797957238345765,-0.7632686804043656,47.84333980084671,61.05502728487678,80.20887951405064,-32.36553971320393,dry_jf,394.8891092289726,3.0,4.0,6,train,False
Machakos,2020-02-01,2020,2,1,1,Minimal,0.0,1.000501677864983,0.9999320063209604,1.0889319104885864,1.7739702947246212,-1.0794858085373729,-0.5239501203095579,54.12222501001932,39.60514974768012,52.31856602922514,1.8036589807941823,dry_jf,347.0698296320569,1.0,4.0,6,train,False
Makueni,2020-02-01,2020,2,1,1,Minimal,0.0,1.0009538483783504,0.9999541062673236,2.77135588971917,3.143950557138596,-1.017470908820287,-0.3494862394400019,48.84214274033754,32.29369666796609,48.54504522385765,0.29709751647989435,dry_jf,210.84898907247097,3.0,4.0,6,train,False
Mandera,2020-02-01,2020,2,2,2,Stressed,0.0,2.0,0.9934829486429042,-0.1230043152493595,0.9012296210097346,-0.581190733687953,-0.4150199835313633,26.10319985632446,23.301686105753884,45.85722433152326,-19.754024475198804,dry_jf,147.72597818452132,3.0,4.0,6,train,False
Marsabit,2020-02-01,2020,2,2,2,Stressed,0.0,2.0,0.9337761009249728,-0.4672764275685663,0.5544249890551358,-0.6374178994159879,-0.4294389314090455,21.33092190498211,20.81950871150412,18.69558201390593,2.6353398910761783,dry_jf,183.11284628508548,3.0,4.0,6,train,True
Meru,2020-02-01,2020,2,1,1,Minimal,0.0,1.0062019977837415,0.9998973898141076,-0.3637076402386282,0.4477574217026195,-1.0257266204051525,-0.5148657403500648,42.36047587671237,42.61342488853108,57.51870757993576,-15.158231703223386,dry_jf,469.95952152110806,2.0,4.0,6,train,False
Migori,2020-02-01,2020,2,1,1,Minimal,0.0,1.0,0.8093394361863654,1.7179807387618051,1.800910628362932,0.5540290604796404,0.8372240181643311,43.547357594561696,73.80972810250968,57.71196319732559,-14.164605602763892,dry_jf,460.4970135975702,1.0,4.0,6,train,False
Mombasa,2020-02-01,2020,2,1,1,Minimal,0.0,1.024159169166952,0.9454988271665984,0.053290599020917,-0.5716450225682459,0.0792402336022325,0.2711052023877827,20.59553875521058,18.62939331357054,9.195421613189708,11.400117142020871,dry_jf,339.4545465241538,1.0,4.0,6,train,False
Murang'a,2020-02-01,2020,2,1,1,Minimal,0.0,1.0,0.9998960447776898,1.5610104885655025,1.6983981800186687,-0.5181405747972493,-0.3399827887789593,83.34493693868168,100.0,64.89981587782948,18.445121060852202,dry_jf,600.9606534616394,1.0,4.0,6,train,False
Nairobi,2020-02-01,2020,2,1,1,Minimal,0.0,1.0004033639580097,0.9993429939950748,2.234619469904028,2.805656807598223,-0.7738622473162805,-0.5288565630288445,35.75948481030387,79.18009089456461,43.01791816960024,-7.258433359296376,dry_jf,349.07589029272395,1.0,4.0,6,train,False
Nakuru,2020-02-01,2020,2,1,1,Minimal,0.0,1.0,0.9758499055944192,0.8114046815984661,1.547921812761803,0.1512208839776651,0.298262480843758,86.02007572056327,100.0,59.992837170216816,26.027238550346453,dry_jf,337.82261196850334,1.0,4.0,6,train,False
Nandi,2020-02-01,2020,2,1,1,Minimal,0.0,1.0,0.9998151603533766,1.2084782053875625,1.9650053209453744,0.0687852060604246,-0.0140461602151307,77.45165050241351,100.0,91.27522498012956,-13.82357447771605,dry_jf,636.3375639959971,1.0,4.0,6,train,False
Narok,2020-02-01,2020,2,1,1,Minimal,0.0,1.0001312284969692,0.9926648706761406,1.4983333064023496,2.479323090511995,0.2140896272996676,0.645144010620578,62.60189767656527,91.75580332607318,48.85968057190133,13.742217104663943,dry_jf,449.4351533314782,2.0,4.0,6,train,False
Nyamira,2020-02-01,2020,2,1,1,Minimal,0.0,1.0,0.999826225293629,0.1534964945439204,1.036881855039989,0.3068758739695112,1.271399042469695,61.79951741254653,100.0,51.63997375213979,10.15954366040674,dry_jf,707.0676224501927,1.0,4.0,6,train,False
Nyandarua,2020-02-01,2020,2,1,1,Minimal,0.0,1.0004995442155116,0.9998954460054982,1.2791686096010966,1.5626307769041237,0.0678352564381801,0.1158901613137994,72.66855445169529,100.0,33.11597723031343,39.55257722138185,dry_jf,478.59632261521887,1.0,4.0,6,train,False
Nyeri,2020-02-01,2020,2,1,1,Minimal,0.0,1.000617529631617,0.9998784268825492,1.0610087548450255,1.2871945622325431,-0.1694985845188565,0.1951239690819211,71.64505649094274,100.0,74.3334136447592,-2.688357153816469,dry_jf,596.5685209899478,1.0,4.0,6,train,False
Samburu,2020-02-01,2020,2,2,2,Stressed,0.0,2.0,0.999882267341486,-0.1478488859270854,0.5612862696051814,-0.3612167140926695,0.0267803350552688,39.32580257548177,66.03316372844448,48.82276102446043,-9.496958448978667,dry_jf,233.37064745956647,3.0,4.0,6,train,True
Siaya,2020-02-01,2020,2,1,1,Minimal,0.0,1.0,0.7130635075059107,0.6370496967527293,1.0770208544727582,0.0953955167053357,0.272258082011284,61.835532912274886,79.16948723329686,71.91386601457822,-10.078333102303333,dry_jf,703.9110029852106,1.0,4.0,6,train,False
Taita Taveta,2020-02-01,2020,2,1,1,Minimal,0.0,1.0006033595281998,0.9966783869663574,2.8766423934293464,3.66602897787152,-0.187174443356498,0.7144219366959716,52.98442872108973,37.0588468961855,67.02247373670852,-14.038045015618792,dry_jf,337.281834884778,2.0,4.0,6,train,False
Tana River,2020-02-01,2020,2,2,2,Stressed,0.0500030091898961,2.049405867159142,0.9998457209853984,1.5564287311165046,2.038437991419601,-1.0840650427241274,-1.132855107913694,16.388408351977663,18.96270917552328,26.077073850033766,-9.688665498056103,dry_jf,208.9215702880231,3.0,4.0,6,train,False
Tharaka-Nithi,2020-02-01,2020,2,1,1,Minimal,0.0,1.4208633366911712,0.999973025042523,-0.8818782130364885,-0.4430663413104936,-1.4298065218454266,-0.9523814517241168,48.34858986431205,37.053912206727816,38.32046502612038,10.028124838191673,dry_jf,386.5660928989662,3.0,4.0,6,train,False
Trans Nzoia,2020-02-01,2020,2,1,1,Minimal,0.0,1.0,0.9977780064560036,2.11072178573691,2.3687322894917853,0.9847877852836712,0.3510767531019236,66.07536494713881,97.53546019557368,59.80179527429157,6.273569672847238,dry_jf,575.422482832226,1.0,4.0,6,train,False
Turkana,2020-02-01,2020,2,2,2,Stressed,0.0,1.999957012896412,0.9601520759250542,0.4012654412335699,1.3008225099852528,0.3236338784723661,0.2959102425078103,65.04995320596244,61.22435095267111,57.1796708500675,7.870282355894936,dry_jf,134.93439886021372,3.0,4.0,6,train,True
Uasin Gishu,2020-02-01,2020,2,1,1,Minimal,0.0,1.0,0.9999480360329528,1.8836123731257293,2.3750319137782787,0.4222832853151445,-0.2017916518616009,100.0,100.0,82.0336782157646,17.966321784235404,dry_jf,466.5756532543863,1.0,4.0,6,train,False
Vihiga,2020-02-01,2020,2,1,1,Minimal,0.0,1.0,0.9998193553745128,0.4378031962981079,1.0877347434650302,0.0412238361185676,0.3735105167437084,100.0,100.0,100.0,0.0,dry_jf,638.2354464495623,1.0,4.0,6,train,False
Wajir,2020-02-01,2020,2,2,2,Stressed,0.0,2.0,0.9996281763295078,-0.2930038561959424,0.2549574785030561,-0.7989549678006304,-0.7486533904807252,10.719416109454198,18.69835216498046,20.742272370893108,-10.02285626143891,dry_jf,220.92597534518788,3.0,4.0,6,train,True
West Pokot,2020-02-01,2020,2,1,1,Minimal,0.0,1.0027376219851862,0.9926738576986502,1.3680808274260066,2.3337799162538966,0.5239802699145567,-0.3126417632964972,92.345637835357,100.0,72.07133136707772,20.274306468279278,dry_jf,366.78840132412165,2.0,4.0,6,train,False
Baringo,2020-06-01,2020,6,1,1,Minimal,0.0,1.4086425788824593,0.9999777827017622,2.281204264665388,2.523933435085917,2.631497509860328,1.8190108053496488,100.0,94.29599097645978,85.74396894926943,14.25603105073057,dry_jjas,407.6410955536569,2.0,4.0,6,train,True
Bomet,2020-06-01,2020,6,1,1,Minimal,0.0,1.0,0.9999591445797528,2.9511871112462598,3.329582079752824,3.591148943843107,1.9026701700280733,96.71307359341075,41.69220295650684,45.00652117918175,51.706552414229,dry_jjas,705.0356352221398,1.0,4.0,6,train,False
Bungoma,2020-06-01,2020,6,1,1,Minimal,0.0,1.0,0.9970207416060456,2.554949518069062,3.0742304047395463,3.3985849617050814,2.6290271469972657,100.0,98.93218825646456,49.03915248041095,50.96084751958905,dry_jjas,684.143518918554,1.0,4.0,6,train,False
Busia,2020-06-01,2020,6,1,1,Minimal,0.0,1.0,0.914162035136638,2.349189336804205,3.6488039335988,3.929670307203871,3.8203965398247353,93.51467360684138,79.78799844983531,72.33904071166702,21.17563289517436,dry_jjas,504.89251568895395,1.0,4.0,6,train,False
Elgeyo-Marakwet,2020-06-01,2020,6,1,1,Minimal,0.0,1.000236473294127,0.999951785576505,2.2143552519808325,2.406116076727138,2.9118361863051008,2.3920892185381586,87.75996946297835,90.66440563083344,71.08422621997005,16.6757432430083,dry_jjas,424.00498148048365,1.0,4.0,6,train,False
Embu,2020-06-01,2020,6,1,1,Minimal,0.0,1.0058427967454584,0.9999774223655316,2.349143700841034,3.1935505720548374,3.2848944846791377,3.029995267181893,91.42095869128951,100.0,100.0,-8.579041308710487,dry_jjas,401.4457023614595,1.0,4.0,6,train,False
Garissa,2020-06-01,2020,6,2,2,Stressed,2.7710632195238783e-05,2.0000277106321955,0.9994639736826516,0.9401528489807588,2.296417061225621,2.524911261064074,2.124040188539655,87.37023044277734,89.73570678555787,100.0,-12.629769557222659,dry_jjas,210.6771075185111,2.0,4.0,6,train,False
Homa Bay,2020-06-01,2020,6,1,1,Minimal,0.0,1.0,0.6628357436647451,1.9745136360994384,3.1749889359947465,3.5420358543878883,4.1574322819751135,75.00853523836174,49.72714629123322,63.07860285218754,11.929932386174208,dry_jjas,658.3122810444571,1.0,4.0,6,train,False
Isiolo,2020-06-01,2020,6,2,2,Stressed,9.035616054739991e-06,1.99963626171578,0.999961462789932,1.1047694604159062,2.270509949428833,2.287786771633016,2.668052410372056,100.0,90.62260907431391,83.00251686077706,16.997483139222936,dry_jjas,121.15801476654195,2.0,4.0,6,train,False
Kajiado,2020-06-01,2020,6,2,2,Stressed,0.0,1.980772460103143,0.9866593818366564,2.2743505598596685,2.9949546787182344,3.0762967509060744,4.753424308817087,100.0,100.0,100.0,0.0,dry_jjas,244.0590119973267,2.0,4.0,6,train,False
Kakamega,2020-06-01,2020,6,1,1,Minimal,0.0,1.0,0.999843271229553,2.93495552270642,3.716913464286308,4.224438367688477,2.8559186866238537,100.0,100.0,94.42011185267552,5.579888147324482,dry_jjas,521.962946970816,1.0,4.0,6,train,False
Kericho,2020-06-01,2020,6,1,1,Minimal,0.0,1.0,0.9999526229648776,2.4662819207765727,2.929914892716296,3.590617321151873,2.3255982015083894,94.6175350471926,82.36593735786745,76.2521683745889,18.3653666726037,dry_jjas,577.6437811642602,1.0,4.0,6,train,False
Kiambu,2020-06-01,2020,6,1,1,Minimal,0.0,1.001680687685102,0.9998318358919256,2.3490328737425803,3.314141214112553,3.7729674274410168,4.14202709284871,84.90187049355967,68.39434462438462,86.63687126163258,-1.7350007680729078,dry_jjas,365.1581675938478,1.0,4.0,6,train,False
Kilifi,2020-06-01,2020,6,2,2,Stressed,0.0,1.9993310081928424,0.9941942173457334,1.3684576648321527,2.4125083423207987,2.5780213772458573,2.4622795108024085,99.37600262499548,100.0,100.0,-0.6239973750045209,dry_jjas,485.9236308469297,2.0,4.0,6,train,False
Kirinyaga,2020-06-01,2020,6,1,1,Minimal,0.0,1.0000006781059771,0.9999074216215268,2.5634885004222374,3.4266936642525203,3.5990784784751564,3.219300352922355,78.25630306570132,27.844837533287155,77.473645514347,0.782657551354319,dry_jjas,523.427425427593,1.0,4.0,6,train,False
Kisii,2020-06-01,2020,6,1,1,Minimal,0.0,1.0,0.9995821721572732,2.4907466832197174,3.4603296984326763,3.206519095631729,2.2581852131895146,91.07743259126968,14.053274046414018,42.55542650020905,48.52200609106063,dry_jjas,771.8724273402603,1.0,4.0,6,train,False
Kisumu,2020-06-01,2020,6,1,1,Minimal,0.0,1.0,0.7829061444141889,2.207221954777882,3.0538684555615667,3.399778803876229,3.1266427448503493,87.94650843238938,74.96365361198073,74.5696349177499,13.376873514639485,dry_jjas,650.4965825795291,1.0,4.0,6,train,False
Kitui,2020-06-01,2020,6,1,1,Minimal,0.0,1.0003494564396398,1.0000134770408124,1.7293636493358828,2.2971599981158306,2.3716887689612838,3.3428801784024835,95.07550819283908,79.02124903656411,100.0,-4.924491807160919,dry_jjas,350.0498777837523,1.0,4.0,6,train,False
Kwale,2020-06-01,2020,6,2,2,Stressed,0.0,1.9966904379931496,0.9912677758629528,1.6593626691951604,2.665648753260845,2.9852231861474774,3.745733127593723,95.62029786364955,95.98315389319325,96.72494951290923,-1.1046516492596794,dry_jjas,461.4118591660762,2.0,4.0,6,train,False
Laikipia,2020-06-01,2020,6,1,1,Minimal,0.0,1.0039006686789995,1.0000412897327209,2.418831938823293,2.812081770966447,3.08893400811317,2.299622599625789,98.62427139164076,89.77791257422136,95.0182546700911,3.606016721549665,dry_jjas,378.6133408439104,2.0,4.0,6,train,False
Lamu,2020-06-01,2020,6,2,2,Stressed,0.0,2.0,0.9772482590215352,0.735904273623374,1.828285298812028,1.8012464668261277,1.2690242460686596,100.0,99.963380719754,100.0,0.0,dry_jjas,394.8891092289726,2.0,4.0,6,train,False
Machakos,2020-06-01,2020,6,1,1,Minimal,0.0,1.00202195513026,0.9999329661391688,1.851049400194367,2.908026061468626,3.0078478607571766,4.646982062364952,100.0,100.0,100.0,0.0,dry_jjas,347.0698296320569,1.0,4.0,6,train,False
Makueni,2020-06-01,2020,6,1,1,Minimal,0.0,1.0009538483783504,0.9999541062673144,1.818943008674245,2.33555120097573,2.419151395209821,4.329065403945501,99.14550539125568,100.0,100.0,-0.8544946087443179,dry_jjas,210.84898907247097,1.0,4.0,6,train,False
Mandera,2020-06-01,2020,6,2,2,Stressed,0.0269041551666194,2.026904155166619,0.9934830264784478,1.902176388839678,2.40172081236224,2.457841779344548,2.3143756378273,100.0,100.0,100.0,0.0,dry_jjas,147.72597818452132,2.0,4.0,6,train,False
Marsabit,2020-06-01,2020,6,2,2,Stressed,0.0,2.0,0.9337761009258776,1.2462275516229182,2.368239033318281,2.405193641937284,3.0906856154760303,100.0,100.0,100.0,0.0,dry_jjas,183.11284628508548,2.0,4.0,6,train,True
Meru,2020-06-01,2020,6,1,1,Minimal,0.0,1.004616683210704,0.9998973748035022,1.8669589697185776,2.6811030241095817,2.729359610433015,2.514260414993126,100.0,100.0,89.01922581546243,10.980774184537566,dry_jjas,469.95952152110806,1.0,4.0,6,train,False
Migori,2020-06-01,2020,6,1,1,Minimal,0.0,1.0,0.8093394361863654,2.1312096294482945,2.9020777389777748,3.3093711370784145,3.563558817401238,83.23547526599744,30.68496617181209,51.81293221534508,31.422543050652358,dry_jjas,460.4970135975702,1.0,4.0,6,train,False
Mombasa,2020-06-01,2020,6,2,2,Stressed,0.0,2.0,0.945430610879302,1.7546131661278452,2.608517125279587,2.6068085620027253,2.711390978329088,82.91442021699122,72.77404436133538,85.2103798986369,-2.2959596816456838,dry_jjas,339.4545465241538,1.0,4.0,6,train,False
Murang'a,2020-06-01,2020,6,1,1,Minimal,0.0,1.0,0.9998960447776896,2.452111849136941,3.757401326721337,3.997791186799844,4.167948610235418,91.16063420429036,77.15199030443986,86.30139221140732,4.859241992883042,dry_jjas,600.9606534616394,1.0,4.0,6,train,False
Nairobi,2020-06-01,2020,6,2,2,Stressed,0.0,1.975405021464036,0.9994329544443415,2.2453875434353496,3.238666924240311,3.6408914552777936,4.589897924667693,74.18267397885354,87.67272794936474,100.0,-25.817326021146457,dry_jjas,349.07589029272395,1.0,4.0,6,train,False
Nakuru,2020-06-01,2020,6,1,1,Minimal,0.0,1.0,0.9758499055944192,2.312966682634763,2.90882629945338,3.2907341645940837,1.8664006917408733,93.003770644576,66.6712424357109,79.96160834501235,13.042162299563643,dry_jjas,337.82261196850334,1.0,4.0,6,train,False
Nandi,2020-06-01,2020,6,1,1,Minimal,0.0,1.0,0.9998151603533766,2.460130560909695,3.039720531863001,3.814660248327764,2.6089541369369944,96.46589175614528,71.8704165428621,100.0,-3.5341082438547176,dry_jjas,636.3375639959971,1.0,4.0,6,train,False
Narok,2020-06-01,2020,6,1,1,Minimal,0.0,1.0001312284969692,0.9926648706760628,2.8736029333553565,3.337566270214932,3.8663429866864,3.200143798673685,98.97078217521351,61.99199541477121,90.29219237083709,8.67858980437643,dry_jjas,449.4351533314782,1.0,4.0,6,train,False
Nyamira,2020-06-01,2020,6,1,1,Minimal,0.0,1.0,0.999826225293629,2.801204418027777,3.638922815026813,3.456728001763852,2.3659052011016417,92.63779555243974,63.16589033746915,32.36207476988508,60.27572078255466,dry_jjas,707.0676224501927,1.0,4.0,6,train,False
Nyandarua,2020-06-01,2020,6,1,1,Minimal,0.0,1.0,0.9998954460054936,2.123895280672475,2.5994010048340463,2.85561215539322,2.0503295897124576,90.42237485031826,36.47466700256685,62.1938742306042,28.22850061971406,dry_jjas,478.59632261521887,1.0,4.0,6,train,False
Nyeri,2020-06-01,2020,6,1,1,Minimal,0.0,1.0,0.9998683591640218,2.789831755354721,3.3482514783901496,3.4009961069173134,2.8789653840253977,51.90589578410104,67.88634997423341,85.42521624319494,-33.5193204590939,dry_jjas,596.5685209899478,1.0,4.0,6,train,False
Samburu,2020-06-01,2020,6,2,2,Stressed,0.0,1.999967941333963,0.9998822673449888,2.0019355550639792,2.514783532374125,2.54805905985171,2.772219218543033,100.0,92.10732806836494,92.884619755196,7.115380244804001,dry_jjas,233.37064745956647,2.0,4.0,6,train,True
Siaya,2020-06-01,2020,6,1,1,Minimal,0.0,1.0,0.7130635075059107,1.739187215564599,2.823349066325665,3.0295078663113166,3.934851232300442,72.67452126378068,61.74208988436055,97.74453439827272,-25.070013134492044,dry_jjas,703.9110029852106,1.0,4.0,6,train,False
Taita Taveta,2020-06-01,2020,6,1,1,Minimal,0.0,1.0006033595281998,0.9966783869663574,1.647249700590964,2.3661032282161614,2.564864772149893,3.801006265747921,100.0,100.0,100.0,0.0,dry_jjas,337.281834884778,1.0,4.0,6,train,False
Tana River,2020-06-01,2020,6,2,2,Stressed,0.0500030091898961,2.049405867159142,0.9998457209853984,1.526435230533986,2.333856952228252,2.545247422550843,3.1793426314534114,100.0,100.0,100.0,0.0,dry_jjas,208.9215702880231,2.0,4.0,6,train,False
Tharaka-Nithi,2020-06-01,2020,6,1,1,Minimal,0.0,1.4208633366911712,0.999973025042523,1.9276293916914384,2.752757189623705,2.7814559200172035,2.7900419733528223,75.59039183801417,73.3165714828974,47.08907086198161,28.50132097603256,dry_jjas,386.5660928989662,1.0,4.0,6,train,False
Trans Nzoia,2020-06-01,2020,6,1,1,Minimal,0.0,1.0,0.9977780064560036,2.1726699794560007,2.5660969578472264,3.3161169167280344,2.516463139340198,97.37807231118144,95.63493199916608,61.96949201007356,35.40858030110788,dry_jjas,575.422482832226,1.0,4.0,6,train,False
Turkana,2020-06-01,2020,6,2,2,Stressed,0.0,1.999957012896412,0.960152075925058,2.3439435175882983,2.577114919163499,2.4580112366900044,2.0518743290566315,100.0,99.83966035337222,91.2960057809134,8.703994219086596,dry_jjas,134.93439886021372,2.0,4.0,6,train,True
Uasin Gishu,2020-06-01,2020,6,1,1,Minimal,0.0,1.0,0.9999480360329528,2.338589287211734,2.449669841417708,3.3844246354194576,2.415978700230463,100.0,100.0,100.0,0.0,dry_jjas,466.5756532543863,1.0,4.0,6,train,False
Vihiga,2020-06-01,2020,6,1,1,Minimal,0.0,1.0,0.9998193553745144,2.4847018174133835,3.467949911451778,3.789808687432895,3.059751640983257,100.0,84.5315217865056,36.04638879401109,63.95361120598891,dry_jjas,638.2354464495623,1.0,4.0,6,train,False
Wajir,2020-06-01,2020,6,2,2,Stressed,0.0,2.0,0.9996281763295074,0.7923827078540873,2.171546314172337,2.217981548194211,1.9226896753849527,100.0,95.96622562141472,100.0,0.0,dry_jjas,220.92597534518788,2.0,4.0,6,train,True
West Pokot,2020-06-01,2020,6,1,1,Minimal,0.0,1.0027376219851862,0.9926738576986502,1.8613789475215563,2.3407885527949257,3.088496832199691,2.6814048873158387,100.0,98.05576504281343,83.1983611923716,16.801638807628393,dry_jjas,366.78840132412165,1.0,4.0,6,train,False
Baringo,2020-10-01,2020,10,1,1,Minimal,0.0,1.4089813166210838,0.9999787954714,1.55383095090516,1.9667486306723956,2.588084150311393,1.5305807806024778,84.79327147595043,84.08811566299252,100.0,-15.206728524049566,short_rains,407.6410955536569,1.0,4.0,6,train,True
Bomet,2020-10-01,2020,10,1,1,Minimal,0.0,1.0,0.9999591445797528,1.8935851954936167,2.816842249393257,3.8525396322449703,2.4202597851408303,57.106162500189946,98.31008842720968,96.97784323549932,-39.871680735309376,short_rains,705.0356352221398,1.0,4.0,6,train,False
Bungoma,2020-10-01,2020,10,1,1,Minimal,0.0,1.0,0.9970207416060456,0.655221263853133,1.9597502506414437,2.8894588522839046,1.86529951888984,76.69874333319402,100.0,100.0,-23.301256666805983,short_rains,684.143518918554,1.0,4.0,6,train,False
Busia,2020-10-01,2020,10,1,1,Minimal,0.0,1.0,0.914162035136638,0.8654865880086822,2.461062370920717,3.227104193883524,2.1790754500268545,64.1033704328827,95.0250711484569,100.0,-35.8966295671173,short_rains,504.89251568895395,1.0,4.0,6,train,False
Elgeyo-Marakwet,2020-10-01,2020,10,1,1,Minimal,0.0,1.000236473294127,0.9999517855765052,1.4642643770998236,1.9111750464698245,2.5558219378910527,1.4267699344546627,92.80011032791636,100.0,100.0,-7.199889672083643,short_rains,424.00498148048365,1.0,4.0,6,train,False
Embu,2020-10-01,2020,10,2,2,Stressed,0.0,1.6735118101649862,0.999989010318564,2.257089957574819,2.4066656935717994,3.303349992352022,2.530225310932485,97.0314127720634,100.0,100.0,-2.9685872279365952,short_rains,401.4457023614595,1.0,4.0,6,train,False
Garissa,2020-10-01,2020,10,2,2,Stressed,0.0,2.0,0.9994639736822262,1.8008947448654204,1.5889356973636284,2.7425031538057536,1.505358292875097,80.18336866371683,84.21900957479748,100.0,-19.816631336283166,short_rains,210.6771075185111,2.0,4.0,6,train,False
Homa Bay,2020-10-01,2020,10,1,1,Minimal,0.0,1.0,0.6628357436647451,1.0966813809039102,2.448257134354403,2.9659577585925145,2.108474153665852,77.84084732410369,100.0,100.0,-22.15915267589631,short_rains,658.3122810444571,1.0,4.0,6,train,False
Isiolo,2020-10-01,2020,10,2,2,Stressed,0.0,1.999998853267544,0.9999605072168152,1.4577664328650817,1.502985254781008,2.3292867083652355,1.424609363945725,51.936412192461496,56.99772091793127,100.0,-48.063587807538504,short_rains,121.15801476654195,2.0,4.0,6,train,False
Kajiado,2020-10-01,2020,10,2,2,Stressed,0.0,1.9986619500880909,0.9866568585689732,1.6803078877665905,2.3247812061974176,3.440908583393847,2.1157071435961288,82.61198715245254,100.0,100.0,-17.388012847547458,short_rains,244.0590119973267,2.0,4.0,6,train,False
Kakamega,2020-10-01,2020,10,1,1,Minimal,0.0,1.0,0.9998432712295532,1.2472277177614086,2.2822454171574598,3.38063117117658,2.304190636057797,82.606371523918,100.0,100.0,-17.393628476082,short_rains,521.962946970816,1.0,4.0,6,train,False
Kericho,2020-10-01,2020,10,1,1,Minimal,0.0,1.0,0.9999526229648772,1.725395820483248,2.308518710194494,3.0267264736416624,1.9160806500176717,89.18975502495492,100.0,100.0,-10.81024497504508,short_rains,577.6437811642602,1.0,4.0,6,train,False
Kiambu,2020-10-01,2020,10,1,1,Minimal,0.0,1.001036389650512,0.9998318358451644,2.1599690554135766,2.440282229441165,3.5482428545119213,2.145443026556424,59.33936587733523,100.0,100.0,-40.66063412266477,short_rains,365.1581675938478,1.0,4.0,6,train,False
Kilifi,2020-10-01,2020,10,2,2,Stressed,0.0,1.999938145718068,0.9941889022285504,2.685974076990925,2.636992143531892,2.814620925410068,1.5494509694265717,100.0,100.0,100.0,0.0,short_rains,485.9236308469297,2.0,4.0,6,train,False
Kirinyaga,2020-10-01,2020,10,1,1,Minimal,0.0,1.0002622695064276,0.9999074216215268,2.5361308904745674,2.5554151089094383,3.5797835210313598,2.527923185835588,76.97617550308294,100.0,98.71762623894536,-21.741450735862415,short_rains,523.427425427593,1.0,4.0,6,train,False
Kisii,2020-10-01,2020,10,1,1,Minimal,0.0,1.0,0.9995821721572732,1.3160099798062002,2.343388904099811,3.626154130385456,2.4594212513808404,64.70490021827635,100.0,100.0,-35.29509978172365,short_rains,771.8724273402603,1.0,4.0,6,train,False
Kisumu,2020-10-01,2020,10,1,1,Minimal,0.0,1.0,0.7829061444141889,1.582860592459476,2.5293983038786023,2.8906260199047265,1.994342628759764,68.85770356973977,100.0,95.3838104419947,-26.52610687225493,short_rains,650.4965825795291,1.0,4.0,6,train,False
Kitui,2020-10-01,2020,10,2,2,Stressed,0.0,1.999447559261309,0.99997445476895,1.4314260550212603,1.9513033876090025,2.659075160494897,2.0289224800853227,98.89863688561856,100.0,100.0,-1.1013631143814422,short_rains,350.0498777837523,1.0,4.0,6,train,False
Kwale,2020-10-01,2020,10,2,2,Stressed,0.0,1.99971200940671,0.9912639533016692,3.580843205573572,3.387830236472788,3.677479363543789,1.86858822598926,100.0,100.0,100.0,0.0,short_rains,461.4118591660762,2.0,4.0,6,train,False
Laikipia,2020-10-01,2020,10,2,2,Stressed,0.0,1.8885021220908655,0.999997440305309,2.3409180806392422,2.366100824358835,3.26238155662968,2.007192289501306,84.54303895771585,76.81036718207649,100.0,-15.45696104228415,short_rains,378.6133408439104,1.0,4.0,6,train,False
Lamu,2020-10-01,2020,10,2,2,Stressed,0.0,2.0,0.977248259021535,2.0424801421452963,1.9522920420528904,2.29961333784352,1.161842302801153,100.0,100.0,100.0,0.0,short_rains,394.8891092289726,2.0,4.0,6,train,False
Machakos,2020-10-01,2020,10,1,1,Minimal,0.0,1.0047553322918272,0.9999321623262246,1.773340925404066,2.3589291105400387,3.1868616577970608,2.0608567615624405,97.38871646816536,100.0,100.0,-2.611283531834644,short_rains,347.0698296320569,1.0,4.0,6,train,False
Makueni,2020-10-01,2020,10,2,2,Stressed,0.0,1.9970632263425647,0.9999721487558016,1.3983858223499377,2.1250781643986683,2.967600045913103,2.0132882436196278,100.0,100.0,100.0,0.0,short_rains,210.84898907247097,1.0,4.0,6,train,False
Mandera,2020-10-01,2020,10,2,2,Stressed,0.0,2.0,0.9934829486429028,1.7696901777876592,1.5740180924861935,2.596894184144767,1.6346940242075143,85.41731968509934,60.53597335860238,100.0,-14.582680314900657,short_rains,147.72597818452132,2.0,4.0,6,train,False
Marsabit,2020-10-01,2020,10,2,2,Stressed,0.0003693065773483,2.0003693065773485,0.9337761009247731,1.4106705299511169,1.5349947110778008,2.25668578290173,1.0823826234027365,56.07950529647843,53.663746623011946,100.0,-43.92049470352157,short_rains,183.11284628508548,2.0,4.0,6,train,True
Meru,2020-10-01,2020,10,2,2,Stressed,0.0,1.5221369049015685,0.999899881406569,2.393318795440722,2.397593394825812,3.226467643592614,2.122397328560175,100.0,95.65527524619355,100.0,0.0,short_rains,469.95952152110806,1.0,4.0,6,train,False
Migori,2020-10-01,2020,10,1,1,Minimal,0.0,1.0,0.8093394361863654,0.181007518995657,1.6951875491564083,2.7943750576939768,2.4110822744595417,98.93097029132684,100.0,96.17460966621633,2.756360625110517,short_rains,460.4970135975702,1.0,4.0,6,train,False
Mombasa,2020-10-01,2020,10,1,1,Minimal,0.0,1.024159169166952,0.9454988271665984,2.939943514370237,3.3690269291627226,3.616131960272202,1.8538977426519616,73.06703402496692,93.43156493499043,97.77520377316296,-24.708169748196042,short_rains,339.4545465241538,2.0,4.0,6,train,False
Murang'a,2020-10-01,2020,10,1,1,Minimal,0.0,1.0,0.9998960447776896,2.7538511793813494,2.797446373555383,3.912915171498812,2.4432206199036792,67.5374622772762,100.0,100.0,-32.462537722723795,short_rains,600.9606534616394,1.0,4.0,6,train,False
Nairobi,2020-10-01,2020,10,1,1,Minimal,0.0,1.0004033639580097,0.9993429939949854,1.5879079692673626,2.111109090729346,3.193519395990378,2.040910999156076,71.52357757360302,98.9499758778242,80.88069485021624,-9.357117276613224,short_rains,349.07589029272395,2.0,4.0,6,train,False
Nakuru,2020-10-01,2020,10,1,1,Minimal,0.0,1.0,0.9758499055944192,2.232264586483213,2.4714981796004447,3.0104168686384885,1.800374938871221,82.57882196253041,89.75393271309436,100.0,-17.421178037469588,short_rains,337.82261196850334,1.0,4.0,6,train,False
Nandi,2020-10-01,2020,10,1,1,Minimal,0.0,1.0,0.9998151603533764,1.6913504360120732,1.991685526853496,2.8415208787707367,1.7972617706083645,67.42089351713047,100.0,100.0,-32.579106482869534,short_rains,636.3375639959971,1.0,4.0,6,train,False
Narok,2020-10-01,2020,10,2,2,Stressed,0.0,1.5907436668769412,0.9926670244595848,2.292998221464442,2.9801088614959186,4.142800753638199,2.554849496152636,85.41313632371977,100.0,92.23654661728727,-6.823410293567505,short_rains,449.4351533314782,1.0,4.0,6,train,False
Nyamira,2020-10-01,2020,10,1,1,Minimal,0.0,1.0,0.999826225293629,1.3945093971037128,2.4987274157140065,3.5799828885887326,2.3936658904271537,69.8387878655341,100.0,100.0,-30.1612121344659,short_rains,707.0676224501927,1.0,4.0,6,train,False
Nyandarua,2020-10-01,2020,10,1,1,Minimal,0.0,1.0004995442155116,0.9998954460054982,2.493214770200794,2.5411267277462226,3.126160200287828,1.6888156002154533,76.15113932200467,100.0,100.0,-23.848860677995333,short_rains,478.59632261521887,1.0,4.0,6,train,False
Nyeri,2020-10-01,2020,10,1,1,Minimal,0.0,1.000617529631617,0.9998784268825546,3.1231918089119897,3.10315729407786,3.927171353170212,2.3270946132956847,74.1679472957199,100.0,100.0,-25.832052704280102,short_rains,596.5685209899478,1.0,4.0,6,train,False
Samburu,2020-10-01,2020,10,2,2,Stressed,9.004278884646083e-05,2.0000900427888464,0.9998856198827256,1.9370119757820112,2.0100989625846943,2.736955737576751,1.863135241652255,100.0,71.1921256619563,100.0,0.0,short_rains,233.37064745956647,2.0,4.0,6,train,True
Siaya,2020-10-01,2020,10,1,1,Minimal,0.0,1.0,0.7130635075059107,0.9068688608926564,2.2081473904889384,2.538733578843382,1.8764769719073928,74.20070251088143,100.0,99.06889501511428,-24.86819250423285,short_rains,703.9110029852106,1.0,4.0,6,train,False
Taita Taveta,2020-10-01,2020,10,2,2,Stressed,0.0,2.0,0.9966783872024652,1.50206003657983,2.1784306807975526,3.169394895424676,2.0693368664835474,100.0,100.0,100.0,0.0,short_rains,337.281834884778,1.0,4.0,6,train,False
Tana River,2020-10-01,2020,10,2,2,Stressed,0.0,2.0,0.9998360101777364,1.3119010387301089,1.406744849596722,2.53323507123383,1.9262408840632053,89.07633435389639,100.0,100.0,-10.923665646103615,short_rains,208.9215702880231,2.0,4.0,6,train,False
Tharaka-Nithi,2020-10-01,2020,10,2,2,Stressed,0.0,1.9941209719593045,0.9999734151748034,2.446064885225666,2.490122861289584,3.210075413400665,2.2489105868703607,63.376083984059214,87.48570551740194,100.0,-36.623916015940786,short_rains,386.5660928989662,1.0,4.0,6,train,False
Trans Nzoia,2020-10-01,2020,10,1,1,Minimal,0.0,1.0,0.9977780064560036,1.2982677331786607,2.162069353043494,2.787978047761924,1.4766651855569837,80.93870228179807,100.0,100.0,-19.061297718201928,short_rains,575.422482832226,1.0,4.0,6,train,False
Turkana,2020-10-01,2020,10,2,2,Stressed,0.0293371451880573,2.029337145188057,0.9601518049314632,1.5497043264907402,2.66027515097465,3.3504161888433224,1.9382403088883149,100.0,100.0,100.0,0.0,short_rains,134.93439886021372,2.0,4.0,6,train,True
Uasin Gishu,2020-10-01,2020,10,1,1,Minimal,0.0,1.0,0.9999480360329532,1.7111625488819848,1.9567734701822448,2.714868440116954,1.5283369169255732,79.67188450422803,88.79474653049206,100.0,-20.328115495771968,short_rains,466.5756532543863,1.0,4.0,6,train,False
Vihiga,2020-10-01,2020,10,1,1,Minimal,0.0,1.0,0.999819355374512,1.2799778724969395,2.2610495595193654,3.1249464870827603,2.2617058470140314,95.87082516888198,100.0,100.0,-4.129174831118021,short_rains,638.2354464495623,1.0,4.0,6,train,False
Wajir,2020-10-01,2020,10,2,2,Stressed,0.0,2.0,0.9996281763295076,1.884584128748882,1.862713634864344,2.859498978168194,0.8457717233474684,66.16106244595508,62.73880579060415,98.82822730500736,-32.66716485905228,short_rains,220.92597534518788,2.0,4.0,6,train,True
West Pokot,2020-10-01,2020,10,2,2,Stressed,0.0,1.5595094754063683,0.992670845211275,1.4095326792049678,2.261605564144375,2.6158820221147283,1.3340176988999228,84.85209666169553,100.0,100.0,-15.147903338304474,short_rains,366.78840132412165,1.0,4.0,6,train,False
Baringo,2021-02-01,2021,2,2,2,Stressed,0.0012764398029468,1.565220742668019,0.9999994222363934,1.8473028164390808,2.8214467045842,3.0506211118299595,1.991396936489989,93.55083527754684,99.731942947632,92.90018782351066,0.6506474540361751,dry_jf,407.6410955536569,1.0,4.0,6,test,True
Bomet,2021-02-01,2021,2,1,1,Minimal,0.0,1.0,0.9999591445882084,0.1433283628739893,0.6711469113727528,3.0098410473734747,1.7472926159406166,2.642540367976306,60.68149647434432,61.11351467052136,-58.47097430254505,dry_jf,705.0356352221398,1.0,4.0,6,test,False
Bungoma,2021-02-01,2021,2,1,1,Minimal,0.0,1.0,0.9970207416060456,3.0049852521500537,3.2122257321629606,4.092924869351281,2.0603584282609937,0.0,39.859576177345176,62.64385932410672,-62.64385932410672,dry_jf,684.143518918554,1.0,4.0,6,test,False
Busia,2021-02-01,2021,2,1,1,Minimal,0.0,1.0,0.914162035136638,2.055980708366988,2.693401767658407,3.547913173347351,1.694164306589795,0.0,54.38882251690056,43.16274754827317,-43.16274754827317,dry_jf,504.89251568895395,1.0,4.0,6,test,False
Elgeyo-Marakwet,2021-02-01,2021,2,1,1,Minimal,0.0,1.000236473294127,0.999951785576505,2.758966131979264,4.092016997165901,3.5082398140972213,2.0171244053540924,0.0,65.32747146359277,100.0,-100.0,dry_jf,424.00498148048365,1.0,4.0,6,test,False
Embu,2021-02-01,2021,2,2,2,Stressed,0.0,1.6735118101649862,0.999989010318564,1.0057169937588957,1.1987826762377756,2.0159078747995545,1.9523457735432217,15.629986676515973,79.11762963642519,93.55802530394132,-77.92803862742535,dry_jf,401.4457023614595,2.0,4.0,6,test,False
Garissa,2021-02-01,2021,2,2,2,Stressed,0.0007286948917126,2.0007286948917127,0.9994687456476156,-0.215279154090461,2.139657433949855,1.5350528764331872,1.0013075587434708,62.43527881904125,77.69485825716899,78.35963856297637,-15.92435974393512,dry_jf,210.6771075185111,2.0,4.0,6,test,False
Homa Bay,2021-02-01,2021,2,1,1,Minimal,0.0,1.0,0.6628357436647451,0.8824960980409772,1.574208050171444,2.6037305911087927,1.25167179450347,41.24587913262933,53.67277009362786,54.015319341881856,-12.76944020925253,dry_jf,658.3122810444571,1.0,4.0,6,test,False
Isiolo,2021-02-01,2021,2,3,3,Crisis or worse,0.9990888782109564,2.9990877314818016,0.9999633859889622,2.50492669038102,2.6504891827496806,1.4522866244776695,1.4204326992401044,61.11564284220236,64.65675947325707,58.232944915516185,2.882697926686177,dry_jf,121.15801476654195,2.0,4.0,6,test,False
Kajiado,2021-02-01,2021,2,2,2,Stressed,0.0,1.9988406914293937,0.986656858550284,-0.4305434583337224,0.5750015902134111,1.9340611514217192,1.2500016207838365,57.62337457749657,83.83769890498064,83.64862144330606,-26.025246865809486,dry_jf,244.0590119973267,2.0,4.0,6,test,False
Kakamega,2021-02-01,2021,2,1,1,Minimal,0.0,1.0,0.999843271229553,2.733994457540613,3.4995308074759635,4.325908483642647,2.568069611439747,0.0,56.72101521320906,75.25515708559162,-75.25515708559162,dry_jf,521.962946970816,1.0,4.0,6,test,False
Kericho,2021-02-01,2021,2,1,1,Minimal,0.0,1.0,0.9999526229648776,1.6770439957763914,2.6214275099154616,3.3735930252046766,2.047269703449069,0.0,69.12323338184231,73.52606544562336,-73.52606544562336,dry_jf,577.6437811642602,1.0,4.0,6,test,False
Kiambu,2021-02-01,2021,2,1,1,Minimal,0.0,1.001036389650512,0.9998318358451616,0.3617316494349769,1.609740082854075,1.9349285785972992,1.647392749752229,0.0,72.80452573000638,82.99043166191046,-82.99043166191046,dry_jf,365.1581675938478,1.0,4.0,6,test,False
Kilifi,2021-02-01,2021,2,2,2,Stressed,0.0,1.8519079410971755,0.9942000599716618,-1.0942300372833806,1.105511212241676,1.706904634781124,1.3931511497413358,21.13819289855805,51.598551513087045,58.84725504380848,-37.70906214525043,dry_jf,485.9236308469297,2.0,4.0,6,test,False
Kirinyaga,2021-02-01,2021,2,1,1,Minimal,0.0,1.0002979699864478,0.9999074216214424,1.1347521527497628,1.4584458809818426,2.364473659459937,2.3912000963994497,23.65961901249895,66.65871841540239,100.0,-76.34038098750105,dry_jf,523.427425427593,1.0,4.0,6,test,False
Kisii,2021-02-01,2021,2,1,1,Minimal,0.0,1.0,0.9995821721572732,0.369310487124777,0.5123511904121931,2.2394437640618805,1.3216692055788584,0.0,82.73976902913532,70.23869658038177,-70.23869658038177,dry_jf,771.8724273402603,1.0,4.0,6,test,False
Kisumu,2021-02-01,2021,2,1,1,Minimal,0.0,1.0,0.7829061444141889,1.5005346494039289,2.693709385551021,3.656791005548414,1.6541901296145494,85.71029205467367,100.0,66.74370023175115,18.966591822922524,dry_jf,650.4965825795291,1.0,4.0,6,test,False
Kitui,2021-02-01,2021,2,2,2,Stressed,4.6473543592997e-08,1.9037540129938384,0.9999744547689636,1.1384282868083084,3.614078637724083,1.7115266085823893,1.0964762897413314,47.0226482617718,100.0,95.80760215872014,-48.784953896948345,dry_jf,350.0498777837523,2.0,4.0,6,test,False
Kwale,2021-02-01,2021,2,2,2,Stressed,0.0,1.9962703910501145,0.9912677758629532,0.1339708834828389,1.6316107332753442,2.911967291302635,2.515770274125005,11.062973592785834,34.58405133006642,51.83527828100796,-40.77230468822212,dry_jf,461.4118591660762,2.0,4.0,6,test,False
Laikipia,2021-02-01,2021,2,2,2,Stressed,0.0016009974195492,1.890952635011048,1.0000113911910384,1.9650014679135035,2.052419851582401,2.782592415337941,2.608868998980358,74.79742347189972,100.0,94.75603810345606,-19.958614631556344,dry_jf,378.6133408439104,2.0,4.0,6,test,False
Lamu,2021-02-01,2021,2,2,2,Stressed,0.0,2.0,0.9772482590215352,-0.7071781852720247,-0.1798984165303744,0.3306719011747545,0.1381527078868731,57.46675557579556,62.73660956410037,86.33238986866903,-28.865634292873466,dry_jf,394.8891092289726,2.0,4.0,6,test,False
Machakos,2021-02-01,2021,2,1,1,Minimal,0.0,1.004755332291827,0.9999321623262248,-0.0587951925960692,1.188906626211081,1.827025592670369,1.355126056002927,47.99107839284096,91.22863784302228,90.08135136591974,-42.09027297307878,dry_jf,347.0698296320569,1.0,4.0,6,test,False
Makueni,2021-02-01,2021,2,2,2,Stressed,0.0,1.996641026254191,0.9999721487558012,0.222668321203169,1.9203267724018431,1.619369565357286,0.9692451263383576,35.37992262487549,78.51849093909374,88.4404847146657,-53.06056208979021,dry_jf,210.84898907247097,2.0,4.0,6,test,False
Mandera,2021-02-01,2021,2,2,2,Stressed,0.2088552585930461,2.2088552585930463,0.993484616553572,0.4081694240797662,3.63539020426334,1.5154063188847635,1.4370463691052908,100.0,100.0,100.0,0.0,dry_jf,147.72597818452132,2.0,4.0,6,test,False
Marsabit,2021-02-01,2021,2,3,3,Crisis or worse,0.8396304411062729,2.839630441106273,0.9337778665062122,0.824657587672984,1.0195379619185176,1.5167167132833508,1.2425992104553718,62.71571911627355,73.6596952830849,58.3954911274361,4.320227988837445,dry_jf,183.11284628508548,2.0,4.0,6,test,True
Meru,2021-02-01,2021,2,2,2,Stressed,0.0045985762816944,1.526743128259189,0.99990361804116,1.5733547357444868,1.69567871998037,2.2523573373761274,2.2556964727785607,28.95470374743657,81.69606091820053,97.09798518100908,-68.14328143357251,dry_jf,469.95952152110806,2.0,4.0,6,test,False
Migori,2021-02-01,2021,2,1,1,Minimal,0.0,1.0001493995224389,0.8093394361863654,0.1927775066231618,0.2996498542250988,1.7125740569402816,0.7967457727234005,10.948945063802126,51.11474425213242,68.84329946568187,-57.89435440187974,dry_jf,460.4970135975702,1.0,4.0,6,test,False
Mombasa,2021-02-01,2021,2,1,1,Minimal,0.0,1.004160143081516,0.945430610879302,-0.6253458228973231,1.5438485427864836,2.627018481335651,2.32790123589746,0.0310691311705799,27.45037070963209,37.39865404165586,-37.36758491048528,dry_jf,339.4545465241538,1.0,4.0,6,test,False
Murang'a,2021-02-01,2021,2,1,1,Minimal,0.0,1.0,0.9998960447776898,0.361890761758223,1.6308157589424157,2.382256775507104,2.285436258201647,10.75296873189849,63.757611745055456,100.0,-89.24703126810151,dry_jf,600.9606534616394,1.0,4.0,6,test,False
Nairobi,2021-02-01,2021,2,1,1,Minimal,0.0,1.0004033639580097,0.9993429939949856,-0.0804381393369607,1.4040435527422952,1.4829558820194602,1.0786509747002853,0.0,84.19285552372145,49.19091236945869,-49.19091236945869,dry_jf,349.07589029272395,1.0,4.0,6,test,False
Nakuru,2021-02-01,2021,2,1,1,Minimal,0.0,1.0000173105892736,0.9758499055944192,1.1647504209162634,1.5835999470824382,2.592019111853149,2.0669664088167328,59.08572250548809,89.92017817480767,81.2437030262581,-22.15798052077001,dry_jf,337.82261196850334,1.0,4.0,6,test,False
Nandi,2021-02-01,2021,2,1,1,Minimal,0.0,1.0,0.9998151603533764,3.1363658195283355,4.187210589083204,4.446891715756323,2.9916301388424933,0.0,51.71934549053974,77.5736131704618,-77.5736131704618,dry_jf,636.3375639959971,1.0,4.0,6,test,False
Narok,2021-02-01,2021,2,2,2,Stressed,0.0,1.7058339229792878,0.9926859917708906,0.1238597314095331,0.6565056832299846,3.0611927636545877,1.99896202000139,37.945829762186186,100.0,73.92881364338052,-35.982983881194336,dry_jf,449.4351533314782,2.0,4.0,6,test,False
Nyamira,2021-02-01,2021,2,1,1,Minimal,0.0,1.0,0.999826225293629,0.3700548784367235,0.8623510722215342,2.6085262251441668,1.50628881213331,18.018232291963777,84.87430777243767,58.89239412362571,-40.87416183166193,dry_jf,707.0676224501927,1.0,4.0,6,test,False
Nyandarua,2021-02-01,2021,2,1,1,Minimal,0.0,1.0009519970820215,0.999895468296296,1.411363693105385,1.6209938079927122,2.5274764126961946,2.2309244135511483,10.01046582730828,62.73071474440593,71.61175245937034,-61.601286632062056,dry_jf,478.59632261521887,1.0,4.0,6,test,False
Nyeri,2021-02-01,2021,2,2,2,Stressed,0.0,1.5432317644141675,0.9999011292611956,1.219725969614155,1.4968679898220498,2.6796997750295466,2.643805777346977,23.89752710216367,72.34464558749727,100.0,-76.10247289783632,dry_jf,596.5685209899478,1.0,4.0,6,test,False
Samburu,2021-02-01,2021,2,2,2,Stressed,0.3777053423123708,2.377705342312371,0.9999064872720288,1.3360796632455685,1.60120696579106,2.2189715825678755,2.201520900410177,59.0479138095635,100.0,84.9045503410247,-25.856636531461206,dry_jf,233.37064745956647,2.0,4.0,6,test,True
Siaya,2021-02-01,2021,2,1,1,Minimal,0.0,1.0,0.7130635075059107,1.4924843794973557,1.913569385643378,2.595260290479987,0.9900225405123412,0.0,70.08408060249978,56.166562398978655,-56.166562398978655,dry_jf,703.9110029852106,1.0,4.0,6,test,False
Taita Taveta,2021-02-01,2021,2,1,1,Minimal,0.0,1.001991192206985,0.996689633840372,0.1860555676868682,1.768747552142098,2.1015615997386696,1.1784534753206386,50.29775107961905,100.0,92.51441621583356,-42.216665136214516,dry_jf,337.281834884778,2.0,4.0,6,test,False
Tana River,2021-02-01,2021,2,2,2,Stressed,0.0007261701376578,2.0006960040565374,0.999836851891433,0.1591319875078941,3.0363302122708475,1.4202532274534847,0.8242593749222095,70.51192887633317,100.0,88.79109920431152,-18.27917032797835,dry_jf,208.9215702880231,2.0,4.0,6,test,False
Tharaka-Nithi,2021-02-01,2021,2,2,2,Stressed,0.0,1.9941209719593045,0.9999734151748034,0.949518315343838,1.2512508232523527,2.168606804500443,2.1625065918792887,4.875089584575286,63.30509911211165,78.77334394283699,-73.8982543582617,dry_jf,386.5660928989662,2.0,4.0,6,test,False
Trans Nzoia,2021-02-01,2021,2,1,1,Minimal,0.0,1.0,0.9977780064560036,3.9191864273041546,4.753424308817087,4.753424308817087,2.9364783283360145,0.0,0.0,79.01327102662559,-79.01327102662559,dry_jf,575.422482832226,1.0,4.0,6,test,False
Turkana,2021-02-01,2021,2,3,3,Crisis or worse,0.9997793342202268,2.999779334220227,0.9601531475982532,1.736182312293772,1.5884719179124347,2.5886886187397176,1.4458544503685815,100.0,97.22172533837926,76.75213096800024,23.247869031999755,dry_jf,134.93439886021372,2.0,4.0,6,test,True
Uasin Gishu,2021-02-01,2021,2,1,1,Minimal,0.0,1.0,0.9999480360329532,3.603700200661356,4.64154113746784,4.435599412788947,2.720161974962877,0.0,68.1137528146267,97.2380035564996,-97.2380035564996,dry_jf,466.5756532543863,1.0,4.0,6,test,False
Vihiga,2021-02-01,2021,2,1,1,Minimal,0.0,1.0,0.9998193553745144,1.6961018099362106,2.413794768442138,3.201103498178357,1.652255803026016,47.20681630803996,55.999500003086446,89.08327560222662,-41.87645929418666,dry_jf,638.2354464495623,1.0,4.0,6,test,False
Wajir,2021-02-01,2021,2,2,2,Stressed,0.2272400688044887,2.227240068804489,0.9996402656839408,-0.22369638342457,1.9645912879302192,1.725563199164777,1.6302080288305394,64.5224422163717,91.72802510556453,65.84089299389983,-1.3184507775281276,dry_jf,220.92597534518788,2.0,4.0,6,test,True
West Pokot,2021-02-01,2021,2,2,2,Stressed,0.0026265871503274,1.5621373993221743,0.9926738576986508,2.762360226567236,3.490975811342353,3.666328472822382,1.941763824846846,88.89933992460853,94.48262347457522,100.0,-11.100660075391474,dry_jf,366.78840132412165,2.0,4.0,6,test,False
Baringo,2021-06-01,2021,6,2,2,Stressed,0.0012764558744314,1.756144249456091,0.9999868315345604,-1.012239388941442,0.8686583625266906,2.625428576083316,2.2189618036529697,57.69662718901069,97.48583974770698,100.0,-42.30337281098931,dry_jjas,407.6410955536569,2.0,4.0,6,test,True
Bomet,2021-06-01,2021,6,1,1,Minimal,0.0,1.0,0.9999591445882084,-0.1916999773276704,2.5673465070584065,2.865673404443246,2.646392338354917,100.0,100.0,95.55182667973156,4.448173320268438,dry_jjas,705.0356352221398,1.0,4.0,6,test,False
Bungoma,2021-06-01,2021,6,1,1,Minimal,0.0,1.0,0.9970207416060456,-0.9451854018814836,1.9300214689729684,3.3945619978594213,3.126481079902756,66.04424079362069,100.0,43.75423155969014,22.290009233930547,dry_jjas,684.143518918554,1.0,4.0,6,test,False
Busia,2021-06-01,2021,6,1,1,Minimal,0.0,1.0,0.914162035136638,-0.4048242816601606,2.9241433948071385,3.934122136012786,3.531704805606427,77.3741783113033,74.92524350713435,66.44077152091216,10.933406790391132,dry_jjas,504.89251568895395,1.0,4.0,6,test,False
Elgeyo-Marakwet,2021-06-01,2021,6,1,1,Minimal,0.0,1.0037560184868533,0.9999614710628044,-0.7229651282522966,1.0809290398643336,3.081574858946692,2.6391488169268142,69.72187691535467,100.0,93.6087425705635,-23.886865655208837,dry_jjas,424.00498148048365,1.0,4.0,6,test,False
Embu,2021-06-01,2021,6,2,2,Stressed,0.0,1.6735118101649862,0.999989010318564,-0.1484770405751408,-0.5863070746454822,-0.4600949524816767,-0.2919730065529478,75.69927346383868,83.79201488923482,59.588652129756326,16.110621334082353,dry_jjas,401.4457023614595,2.0,4.0,6,test,False
Garissa,2021-06-01,2021,6,2,2,Stressed,0.3203242908954425,2.3203242908954422,0.9994999510838876,-0.3832195315411711,-0.8942743705308914,-0.5241746729719146,-0.5576646697793071,30.771296012526975,65.51720703483267,50.34446849021333,-19.573172477686356,dry_jjas,210.6771075185111,2.0,4.0,6,test,False
Homa Bay,2021-06-01,2021,6,1,1,Minimal,0.0,1.0,0.6628357436647451,0.1167099176194525,3.267802939347786,3.834996971526517,3.710525462644602,72.61904954520321,78.31161393932553,77.93083869050479,-5.311789145301574,dry_jjas,658.3122810444571,1.0,4.0,6,test,False
Isiolo,2021-06-01,2021,6,3,3,Crisis or worse,0.9991128008294966,2.9991116541003144,0.9999633623582426,-0.3067273166620618,-0.4805156641252293,-0.4627617024494114,0.4400660952893754,21.834485532937908,44.50364799568642,70.13051807534465,-48.29603254240675,dry_jjas,121.15801476654195,3.0,4.0,6,test,False
Kajiado,2021-06-01,2021,6,2,2,Stressed,0.0,1.9988406914293937,0.986656858550284,-0.2576252411760577,-0.1168016539170924,-0.0918905748411453,-0.7307270125847305,44.58284936303585,74.74725279962914,70.02346811939081,-25.440618756354965,dry_jjas,244.0590119973267,2.0,4.0,6,test,False
Kakamega,2021-06-01,2021,6,1,1,Minimal,0.0,1.0,0.999843271229553,-0.347724001138403,2.485124471811631,4.4301364764737405,3.8449676945278153,68.82925864344685,97.60051953498554,100.0,-31.17074135655315,dry_jjas,521.962946970816,1.0,4.0,6,test,False
Kericho,2021-06-01,2021,6,1,1,Minimal,0.0,1.0,0.9999526229648776,0.0519748673107552,2.5348554544894766,4.075971039823704,3.453341958815607,77.70050808770647,100.0,84.86921086350753,-7.168702775801066,dry_jjas,577.6437811642602,1.0,4.0,6,test,False
Kiambu,2021-06-01,2021,6,1,1,Minimal,0.0,1.001036389650512,0.9998318358451616,-0.3622156083299423,-0.2376947680762579,-0.0797933057828304,0.4642105012970292,61.01834887113744,90.29480968562105,63.89022265914132,-2.8718737880038816,dry_jjas,365.1581675938478,1.0,4.0,6,test,False
Kilifi,2021-06-01,2021,6,2,2,Stressed,0.0,1.8525761408265788,0.9941947448545106,-0.2009078914065923,-0.0162007941096825,0.1259867707206297,-0.9869070878512382,36.02882102033031,67.85931480396631,42.38080284079576,-6.351981820465447,dry_jjas,485.9236308469297,2.0,4.0,6,test,False
Kirinyaga,2021-06-01,2021,6,1,1,Minimal,0.0,1.0002979699864478,0.9999074216214424,-0.1067603085523311,-0.3482823274973211,0.0272059038740367,0.3530227983506314,77.42804089361813,55.78038982294294,71.88046781200313,5.547573081614999,dry_jjas,523.427425427593,1.0,4.0,6,test,False
Kisii,2021-06-01,2021,6,1,1,Minimal,0.0,1.0,0.9995821721572732,0.1637383387806791,3.514661566177653,3.3523017599579488,2.546096133161848,93.13101096017516,76.71907879954456,95.82455974708348,-2.6935487869083232,dry_jjas,771.8724273402603,1.0,4.0,6,test,False
Kisumu,2021-06-01,2021,6,1,1,Minimal,0.0,1.0,0.7829061444141889,0.3127280507694686,3.110376734505953,4.412505957913655,3.7100556403161367,76.5364886474344,100.0,100.0,-23.463511352565604,dry_jjas,650.4965825795291,1.0,4.0,6,test,False
Kitui,2021-06-01,2021,6,2,2,Stressed,4.647354359299758e-08,1.9994476057348527,0.9999744547689507,-0.1114383466478361,-0.345035482449131,-0.254483753364867,-0.6729756729406634,58.9060266689709,51.014974711359365,42.24716790858179,16.658858760389116,dry_jjas,350.0498777837523,2.0,4.0,6,test,False
Kwale,2021-06-01,2021,6,2,2,Stressed,0.0,1.999579951437159,0.9912639533016692,0.2074133015671858,0.4777624487085851,0.8105113436604148,0.0795950998837436,68.25714424195078,82.27693777132596,40.41566968671944,27.841474555231343,dry_jjas,461.4118591660762,2.0,4.0,6,test,False
Laikipia,2021-06-01,2021,6,2,2,Stressed,0.0016009974195492,1.890952635011048,1.0000113911910384,-0.7672483450164417,-0.456558780230023,0.6830802128282376,1.707499896694526,44.77881830804738,79.63389508343816,89.95324833499294,-45.17443002694556,dry_jjas,378.6133408439104,2.0,4.0,6,test,False
Lamu,2021-06-01,2021,6,2,2,Stressed,0.0,2.0,0.977248259021535,-1.00074607362093,-0.8794236473934245,-0.7372061163882454,-0.9117063441511356,35.562197662458665,81.08722067953258,57.05695824142166,-21.494760578962996,dry_jjas,394.8891092289726,2.0,4.0,6,test,False
Machakos,2021-06-01,2021,6,1,1,Minimal,0.0,1.004755332291827,0.9999321623262248,-0.3598032508187772,-0.6200425050605554,-0.5852423743329757,-0.6393281759678279,59.89416856675097,61.85708992788309,55.312446294534745,4.581722272216226,dry_jjas,347.0698296320569,1.0,4.0,6,test,False
Makueni,2021-06-01,2021,6,2,2,Stressed,0.0,1.9970632263425647,0.9999721487558016,-0.0150301900239775,0.0827871789536747,0.1334568034550206,-0.6789548595060364,86.48831794354653,84.92303351981556,39.10112339809776,47.38719454544877,dry_jjas,210.84898907247097,2.0,4.0,6,test,False
Mandera,2021-06-01,2021,6,2,2,Stressed,3.195631878386586e-07,2.000000319563188,0.9934831235411702,-0.5960375116330578,-0.3497192961237741,-0.2525006960405236,-0.00287130601476,21.984387249318598,46.27485163172182,59.43168245851894,-37.44729520920035,dry_jjas,147.72597818452132,2.0,4.0,6,test,False
Marsabit,2021-06-01,2021,6,3,3,Crisis or worse,0.8396304411062723,2.8396304411062725,0.9337778665062132,0.3328425562336137,0.1418077434217483,0.229143244613385,1.0852533757086875,20.27036102898954,43.526873557941286,42.06290247643231,-21.792541447442773,dry_jjas,183.11284628508548,3.0,4.0,6,test,True
Meru,2021-06-01,2021,6,2,2,Stressed,0.0045985560789824,1.58274854094354,0.9999080108906668,-0.4560275168129868,-0.6289471807928336,-0.4782087616313241,-0.1234058833070837,52.91345573921809,80.89987114044156,83.61189820989634,-30.698442470678252,dry_jjas,469.95952152110806,2.0,4.0,6,test,False
Migori,2021-06-01,2021,6,1,1,Minimal,0.0,1.0001493995224389,0.8093394361863654,0.2951901300886245,3.2084199589479856,3.3947300410408894,3.446201435172767,94.31100113616596,100.0,88.66345792556822,5.647543210597732,dry_jjas,460.4970135975702,1.0,4.0,6,test,False
Mombasa,2021-06-01,2021,6,1,1,Minimal,0.0,1.004160143081516,0.945430610879302,-0.4190725569728566,-0.2039780312994946,0.0194808574717677,-0.6855847420126201,44.961103052139286,63.804189032381984,47.63156992277741,-2.6704668706381227,dry_jjas,339.4545465241538,1.0,4.0,6,test,False
Murang'a,2021-06-01,2021,6,1,1,Minimal,0.0,1.0,0.9998960447776898,-0.3731121519463707,-0.2978307215249083,-0.1763238922308189,0.2533076196019926,88.48387094903941,100.0,74.37381284137322,14.110058107666191,dry_jjas,600.9606534616394,1.0,4.0,6,test,False
Nairobi,2021-06-01,2021,6,1,1,Minimal,0.0,1.0004033639580097,0.9993429939949856,-0.6192092810812071,-0.4749049763289679,-0.3353221785404376,0.3060595798716184,36.7436895939254,56.698900629125234,45.3666002974181,-8.6229107034927,dry_jjas,349.07589029272395,1.0,4.0,6,test,False
Nakuru,2021-06-01,2021,6,1,1,Minimal,0.0,1.0000238338747447,0.9758499055944194,-0.7111784416037255,1.1282025566100633,1.9075505796673005,1.688964232097516,60.41868310492581,96.1398611813866,80.99584817417448,-20.57716506924867,dry_jjas,337.82261196850334,1.0,4.0,6,test,False
Nandi,2021-06-01,2021,6,1,1,Minimal,0.0,1.0,0.9998151603533764,0.0282554011501559,2.4987863072705783,4.722358134021549,3.763680583289336,74.7563497805866,100.0,64.45538244454283,10.300967336043769,dry_jjas,636.3375639959971,1.0,4.0,6,test,False
Narok,2021-06-01,2021,6,2,2,Stressed,0.0,1.7911628785045806,0.9926859190856234,-0.3465456428174704,1.3129648144971098,1.482024543036776,2.0789532027051085,68.22713431696617,86.39372918505414,100.0,-31.772865683033828,dry_jjas,449.4351533314782,2.0,4.0,6,test,False
Nyamira,2021-06-01,2021,6,1,1,Minimal,0.0,1.0,0.999826225293629,-0.0417747247103369,3.425661480055872,3.515344260785327,2.6326664832209863,87.89597441227572,97.65487081522656,88.46743357939114,-0.571459167115421,dry_jjas,707.0676224501927,1.0,4.0,6,test,False
Nyandarua,2021-06-01,2021,6,1,1,Minimal,0.0,1.0009519970820218,0.999895468296186,-0.8488932021137272,0.248141631283433,0.9409250780842412,1.5708392950269507,88.79009696335092,98.18920393032424,52.209288709301184,36.580808254049735,dry_jjas,478.59632261521887,1.0,4.0,6,test,False
Nyeri,2021-06-01,2021,6,2,2,Stressed,0.0,1.5432317644141675,0.9999011292611956,-0.2764347424883254,0.1485707938029852,0.4604711439876002,0.938419969009993,78.50059226321963,98.41302605754905,57.04410238835151,21.45648987486812,dry_jjas,596.5685209899478,2.0,4.0,6,test,False
Samburu,2021-06-01,2021,6,2,2,Stressed,0.3777053423123708,2.37770534231237,0.9999064872720288,-0.4977002047130521,-0.3693853789053112,-0.0901776890143934,1.339480566917228,34.47668551379924,75.21737194092424,100.0,-65.52331448620076,dry_jjas,233.37064745956647,2.0,4.0,6,test,True
Siaya,2021-06-01,2021,6,1,1,Minimal,0.0,1.0,0.7130635075059107,-0.0834666866318559,2.7824895450026577,3.5777452987351794,3.4709995892648924,71.17118345429516,84.50294172940141,74.39163711566479,-3.220453661369632,dry_jjas,703.9110029852106,1.0,4.0,6,test,False
Taita Taveta,2021-06-01,2021,6,2,2,Stressed,0.0,1.9500685733696892,0.9966839432888632,0.026231018704408,0.2285130771069549,0.3265083812167926,-0.479531333088806,73.74828171836378,62.99582496496483,22.88570763471804,50.86257408364574,dry_jjas,337.281834884778,1.0,4.0,6,test,False
Tana River,2021-06-01,2021,6,2,2,Stressed,0.0007261701376578,2.000722145263786,0.999836851891428,-0.1288761333613604,-0.5564918453460311,-0.3167024427895011,-0.6345620670502279,35.30625304079975,55.44957134082362,46.73125122647717,-11.424998185677417,dry_jjas,208.9215702880231,2.0,4.0,6,test,False
Tharaka-Nithi,2021-06-01,2021,6,2,2,Stressed,0.0,1.99416725435674,0.9999730250426144,-0.2836352925812062,-0.7628689107795973,-0.6738425400472603,-0.5601346967810339,43.35740980738885,55.34069099216208,39.65982599084951,3.6975838165393355,dry_jjas,386.5660928989662,2.0,4.0,6,test,False
Trans Nzoia,2021-06-01,2021,6,1,1,Minimal,0.0,1.0,0.9977780064560036,-1.0872640151177269,1.697297399326617,4.299009392510006,3.292871191848512,62.74319777817932,95.72504214166128,82.75168541797215,-20.008487639792833,dry_jjas,575.422482832226,1.0,4.0,6,test,False
Turkana,2021-06-01,2021,6,3,3,Crisis or worse,0.9997793342202268,2.999779334220227,0.9601531475982534,0.9513547986673294,1.2348359618873963,1.745262019488747,2.916199055951482,56.42785550991261,100.0,100.0,-43.57214449008739,dry_jjas,134.93439886021372,3.0,4.0,6,test,True
Uasin Gishu,2021-06-01,2021,6,1,1,Minimal,0.0,1.0,0.9999480360329532,-0.2998318621453812,1.2885025606457243,3.8991441135502742,3.26123888540704,53.00485728748546,89.05435275222973,88.57534806031414,-35.570490772828684,dry_jjas,466.5756532543863,1.0,4.0,6,test,False
Vihiga,2021-06-01,2021,6,1,1,Minimal,0.0,1.0,0.9998193553745144,0.2219964027222592,3.023687546490146,4.295328261975799,3.524081720118124,83.05880228453263,100.0,100.0,-16.941197715467368,dry_jjas,638.2354464495623,1.0,4.0,6,test,False
Wajir,2021-06-01,2021,6,2,2,Stressed,0.2272431949323607,2.227243194932361,0.9996402654708704,-0.2993561187889264,-0.5641145906331821,-0.5324639752656691,-0.327649599323759,20.74499002856456,47.7503813192192,35.0599064055948,-14.314916377030244,dry_jjas,220.92597534518788,2.0,4.0,6,test,True
West Pokot,2021-06-01,2021,6,2,2,Stressed,0.0026265868449534,1.86924916614214,0.992673973109578,-0.9737454124840736,1.4271697215672328,3.470117800532741,3.7242397820235698,61.17114165754739,96.6669229251126,100.0,-38.82885834245261,dry_jjas,366.78840132412165,2.0,4.0,6,test,False
Baringo,2021-10-01,2021,10,2,2,Stressed,0.4084085336769249,2.241932814124245,1.0000016385703907,-0.7061020923652387,-1.0157994206720222,-0.4614899594883465,-0.1275388367568233,30.49303853067809,28.55121887942544,31.61245998194613,-1.1194214512680425,short_rains,407.6410955536569,2.0,4.0,6,test,True
Bomet,2021-10-01,2021,10,1,1,Minimal,0.0,1.0001339296253446,0.999959192908404,1.4873813515035006,1.0744965845269874,1.770296895656434,0.5150214381368645,53.69983119684868,70.37157361806638,80.6505079761564,-26.950676779307727,short_rains,705.0356352221398,1.0,4.0,6,test,False
Bungoma,2021-10-01,2021,10,1,1,Minimal,0.0,1.0,0.9970207416060456,1.726616624797685,0.575223909987595,1.2354870781238207,-0.1092374326909669,64.1140701124585,60.70450049509662,45.454577366364965,18.65949274609354,short_rains,684.143518918554,1.0,4.0,6,test,False
Busia,2021-10-01,2021,10,1,1,Minimal,0.0,1.0,0.914162035136638,2.5007216933328245,1.039856973780458,2.3157013536885755,0.1556054328217281,50.93885911994376,71.08169743155347,66.07215606527934,-15.133296945335587,short_rains,504.89251568895395,1.0,4.0,6,test,False
Elgeyo-Marakwet,2021-10-01,2021,10,1,1,Minimal,0.0002364710036806,1.00611566438125,0.9999614710587814,-0.6368703612513267,-1.1436994094278807,-0.2573308229766599,-0.1231417015092898,57.34916415543516,36.05632069209561,32.50590516611253,24.843258989322635,short_rains,424.00498148048365,1.0,4.0,6,test,False
Embu,2021-10-01,2021,10,2,2,Stressed,0.0,1.667672206524964,0.999984606567881,-0.0525920115514409,-0.2408443212117093,-0.4291408393807599,0.0743843151645482,70.41051028217042,48.4189664845475,59.5412460287989,10.869264253371519,short_rains,401.4457023614595,2.0,4.0,6,test,False
Garissa,2021-10-01,2021,10,3,3,Crisis or worse,0.9999999973761992,2.9999999973761997,0.999463976304146,-1.1431125505343456,-1.19278057080273,-1.4706136748309635,-0.534996316402893,33.38040984301123,19.431145091148924,23.319616260537284,10.060793582473945,short_rains,210.6771075185111,2.0,4.0,6,test,False
Homa Bay,2021-10-01,2021,10,1,1,Minimal,0.0,1.0,0.6628357436647451,1.66435427084593,0.7892727729487156,2.2981715776361926,0.447021974796628,47.85711421931086,49.84430206116008,65.23016941032085,-17.373055191009996,short_rains,658.3122810444571,1.0,4.0,6,test,False
Isiolo,2021-10-01,2021,10,3,3,Crisis or worse,0.999620550779009,2.999619404047647,0.9999614613825724,-1.0255692942967811,-1.0279024367041192,-1.3029084512129456,-0.339175441484583,12.950021855831256,13.830326999986085,20.13766569071865,-7.187643834887393,short_rains,121.15801476654195,3.0,4.0,6,test,False
Kajiado,2021-10-01,2021,10,2,2,Stressed,0.0,1.9988406914293937,0.986656858550284,-0.321338833032276,-0.7899647629790395,-0.5703345419276356,0.0060480826377567,64.79653780996075,57.45765443667707,72.01217501001587,-7.215637200055113,short_rains,244.0590119973267,2.0,4.0,6,test,False
Kakamega,2021-10-01,2021,10,1,1,Minimal,0.0,1.0,0.9998432712295532,2.086492790633727,0.8922061210923438,1.6479111135736215,0.1564476351335497,61.41885803095657,65.41586136151945,53.59790982996154,7.8209482009950335,short_rains,521.962946970816,1.0,4.0,6,test,False
Kericho,2021-10-01,2021,10,1,1,Minimal,0.0,1.0,0.9999526229648772,1.5545546676918138,1.1221027195761568,1.682344074482374,0.5593364377886252,77.68643582463868,49.64709476228221,51.679574546451306,26.006861278187372,short_rains,577.6437811642602,1.0,4.0,6,test,False
Kiambu,2021-10-01,2021,10,1,1,Minimal,0.0,1.001036389650512,0.9998318358451616,-0.94267498221075,-0.7977839770064099,-0.7671034733017331,0.1700966328880237,39.02685901406023,57.38715439358307,76.7414643494289,-37.71460533536867,short_rains,365.1581675938478,1.0,4.0,6,test,False
Kilifi,2021-10-01,2021,10,2,2,Stressed,0.0025432885968681,2.0024814344946176,0.9941917902689316,-1.4274113532977353,-2.049506250345724,-0.5398997739919679,-0.2356233238677332,17.966898709282244,1.520647039606235,22.01559748811127,-4.048698778829024,short_rains,485.9236308469297,2.0,4.0,6,test,False
Kirinyaga,2021-10-01,2021,10,1,1,Minimal,0.0,1.000297291880471,0.9999074216214416,-0.5452597327053074,-0.540156232651147,-0.4168625693207493,0.4636558710151726,48.9792093564664,61.97908642955323,85.581710168145,-36.602500811678595,short_rains,523.427425427593,1.0,4.0,6,test,False
Kisii,2021-10-01,2021,10,1,1,Minimal,0.0,1.0,0.9995821721614786,2.2266248409167564,1.1874378897152065,2.494715476968837,0.4962277662120364,71.71255936831322,67.8748405033975,73.85904242700143,-2.1464830586882044,short_rains,771.8724273402603,1.0,4.0,6,test,False
Kisumu,2021-10-01,2021,10,1,1,Minimal,0.0,1.0,0.7829061444141889,2.2699152275662406,1.3870066417451128,2.4271476752413093,0.6638807437238048,74.56261477989415,55.42263515991284,51.103127030594415,23.459487749299733,short_rains,650.4965825795291,1.0,4.0,6,test,False
Kitui,2021-10-01,2021,10,2,2,Stressed,0.0003494562889704,1.9997970373456608,1.0000139082032498,0.0040163154713535,-0.6170254018258868,-0.5900999997199202,-0.2547302175122116,44.52773299966182,17.250946254169417,32.92048054451539,11.60725245514643,short_rains,350.0498777837523,2.0,4.0,6,test,False
Kwale,2021-10-01,2021,10,2,2,Stressed,0.0,1.99971200940671,0.9912639533016686,-0.891014807888007,-1.3107030954297243,0.0778081886049415,0.3637866527419577,39.64388185700632,23.41127437195796,43.22448172359456,-3.580599866588237,short_rains,461.4118591660762,2.0,4.0,6,test,False
Laikipia,2021-10-01,2021,10,2,2,Stressed,0.0024785541807146,1.6940534145803936,1.0000560584133351,-1.2913473973133276,-0.768596206430151,-0.8553217645402967,0.1640800602338429,26.16623111386488,31.64113307847115,37.27448796228545,-11.108256848420567,short_rains,378.6133408439104,2.0,4.0,6,test,False
Lamu,2021-10-01,2021,10,2,2,Stressed,0.0078360899683419,2.007836089968342,0.9773409282733216,-1.5687444287295491,-1.6106642822176336,-1.49449032541397,-0.9799942821362856,47.69497731741685,23.180828642937158,32.605180879770884,15.089796437645965,short_rains,394.8891092289726,2.0,4.0,6,test,False
Machakos,2021-10-01,2021,10,1,1,Minimal,0.0,1.004755332291827,0.9999321623262248,-0.2811774995629736,-0.4712581759732807,-0.7763476579670665,-0.1709212820371095,52.38661537810673,41.87435727377239,61.0558355945605,-8.669220216453766,short_rains,347.0698296320569,1.0,4.0,6,test,False
Makueni,2021-10-01,2021,10,2,2,Stressed,0.0,1.947624889737296,0.9999852802990984,-0.4519268586012607,-0.7837384293471181,-0.4047306556776284,-0.1179488989469149,62.37247103355158,37.51391512850669,62.64242204342452,-0.2699510098729405,short_rains,210.84898907247097,2.0,4.0,6,test,False
Mandera,2021-10-01,2021,10,3,3,Crisis or worse,1.0,3.0,0.9934829486429024,0.7967945550766141,0.3232705164063226,-0.0556980551913625,-0.557874506380494,56.81025631935947,38.57702686571154,20.657263869287952,36.152992450071515,short_rains,147.72597818452132,2.0,4.0,6,test,False
Marsabit,2021-10-01,2021,10,3,3,Crisis or worse,1.0,3.0,0.9337760885726984,-1.0342487098557234,-1.1351439231550675,-1.2281001597268004,-0.0095884911363197,15.972072355632388,24.675531886611253,23.13191562034689,-7.159843264714503,short_rains,183.11284628508548,3.0,4.0,6,test,True
Meru,2021-10-01,2021,10,1,1,Minimal,0.0045985762816944,1.49394074942472,0.9999036180411602,-0.4345224598822562,-0.5981147949397567,-0.8116855717850013,-0.2888122216938402,49.05783185501531,38.84291344895815,43.87990850618149,5.177923348833815,short_rains,469.95952152110806,2.0,4.0,6,test,False
Migori,2021-10-01,2021,10,1,1,Minimal,0.0,1.0009600200580766,0.8093461789563474,1.4584588076395215,0.381348743247867,1.895725573881913,0.3706797646175828,49.96044352471046,59.23170929824845,59.06632690731305,-9.105883382602585,short_rains,460.4970135975702,1.0,4.0,6,test,False
Mombasa,2021-10-01,2021,10,1,1,Minimal,0.0,1.024159169166952,0.9454988271665984,-1.4843749460862588,-1.9256240472789208,-1.029451105798222,-0.1060252865396164,0.9503800349983144,9.771749234000088,48.51501868267514,-47.56463864767683,short_rains,339.4545465241538,1.0,4.0,6,test,False
Murang'a,2021-10-01,2021,10,1,1,Minimal,0.0,1.0,0.9998960447776896,-0.8614037687372129,-0.6471494892782117,-0.5700797875566888,0.5421236502590584,64.5556279951344,66.79683550916292,80.89699962614257,-16.341371631008172,short_rains,600.9606534616394,1.0,4.0,6,test,False
Nairobi,2021-10-01,2021,10,1,1,Minimal,0.0,1.0004033639580097,0.9993429939949852,-0.6527002639735574,-0.7304646684871345,-0.8615995314443713,-0.1736748897386416,54.65869974503801,57.192817267423735,57.33993048478142,-2.6812307397434125,short_rains,349.07589029272395,1.0,4.0,6,test,False
Nakuru,2021-10-01,2021,10,1,1,Minimal,0.0,1.0025313403769145,0.975865112804788,-0.4597857942037762,-0.422262780777153,0.2480074457324419,0.2336012867103084,47.747466949673125,46.1092437414508,51.39921881591745,-3.651751866244325,short_rains,337.82261196850334,1.0,4.0,6,test,False
Nandi,2021-10-01,2021,10,1,1,Minimal,0.0,1.0,0.9998151603533766,1.7456272104210768,1.0051993741881649,1.7201884458159094,0.5727347458988714,88.15964874921255,69.63279752599951,51.890648798452354,36.2689999507602,short_rains,636.3375639959971,1.0,4.0,6,test,False
Narok,2021-10-01,2021,10,2,2,Stressed,0.0,1.9972573232118724,0.9926950995646184,0.2822786441145722,0.069229528962435,0.5269270763104902,0.1651927893114901,67.44453822076764,65.34224857537106,70.76290608722708,-3.3183678664594396,short_rains,449.4351533314782,2.0,4.0,6,test,False
Nyamira,2021-10-01,2021,10,1,1,Minimal,0.0,1.0,0.999826225293641,2.591317470083753,1.789384677853889,2.6093107729452045,0.44545189531445,70.90875661288871,73.67597266133248,75.4588117326433,-4.550055119754589,short_rains,707.0676224501927,1.0,4.0,6,test,False
Nyandarua,2021-10-01,2021,10,1,1,Minimal,0.0,1.0038019259309914,0.9999166595559328,-1.0737359427748665,-0.7674392124197277,-0.4605307254058392,0.2767855942373884,57.39737421801695,64.23504836925669,59.38491820690484,-1.987543988887893,short_rains,478.59632261521887,1.0,4.0,6,test,False
Nyeri,2021-10-01,2021,10,2,2,Stressed,0.0,1.5432317644141689,0.9999011292611988,-0.8446995320922532,-0.534539188066514,-0.1221823282861207,0.6500588067895001,55.51242539377895,83.51947624415524,75.97693480440032,-20.464509410621368,short_rains,596.5685209899478,2.0,4.0,6,test,False
Samburu,2021-10-01,2021,10,3,3,Crisis or worse,0.8831148110700653,2.8831148110700653,0.9998918531987876,-1.4044757377453727,-0.9844876890757118,-1.2514236024582115,-0.0904421361231549,18.80856392494244,29.115013229745085,29.678950258930545,-10.870386333988105,short_rains,233.37064745956647,2.0,4.0,6,test,True
Siaya,2021-10-01,2021,10,1,1,Minimal,0.0,1.0,0.7130635075059107,1.6809437596404482,0.9848277613831896,2.370180294418079,0.406022396601804,54.16045921131524,70.22584700795342,68.74663191024754,-14.586172698932302,short_rains,703.9110029852106,1.0,4.0,6,test,False
Taita Taveta,2021-10-01,2021,10,2,2,Stressed,0.000257074476969,2.000257074476969,0.996678387202404,-0.3654781062689751,-1.0805493585265329,-0.1404479054389016,0.2787104608932809,49.96313547840702,28.729528317483968,48.45176962559987,1.5113658528071454,short_rains,337.281834884778,2.0,4.0,6,test,False
Tana River,2021-10-01,2021,10,3,3,Crisis or worse,0.9790898750080568,2.9790898750080568,0.9998371308066,-1.0582736586652923,-1.3643911854786095,-1.088417858847373,-0.2927428593557608,23.04599770445933,15.39686177900944,25.97729155303916,-2.931293848579827,short_rains,208.9215702880231,2.0,4.0,6,test,False
Tharaka-Nithi,2021-10-01,2021,10,2,2,Stressed,0.0,1.5708060749682615,0.9999875926821788,-0.3126518391220472,-0.5245327345365002,-0.7788205801108863,-0.2303230310468808,57.00274544075899,30.053744165063137,40.70138898504906,16.301356455709936,short_rains,386.5660928989662,2.0,4.0,6,test,False
Trans Nzoia,2021-10-01,2021,10,1,1,Minimal,0.0,1.0040024533635254,0.9977844089794712,0.1830400485035663,-0.3758930008842461,0.5080173465314809,-0.1231868669442963,69.14053255715515,45.396046641360975,28.185819939110285,40.954712618044866,short_rains,575.422482832226,1.0,4.0,6,test,False
Turkana,2021-10-01,2021,10,3,3,Crisis or worse,0.9998921777858758,2.999892177785876,0.9601522055179108,-0.4531730618695541,-0.6978347213774055,-0.2836742908357366,0.7973548815155372,30.05640525393849,25.494990407261955,28.385919803044903,1.6704854508935867,short_rains,134.93439886021372,3.0,4.0,6,test,True
Uasin Gishu,2021-10-01,2021,10,1,1,Minimal,0.0,1.0,0.9999480360329528,0.1106277127289331,-0.4267991990349966,0.2731019295108418,0.073807371487945,41.58131443177132,32.407100352981395,35.437751069361084,6.143563362410234,short_rains,466.5756532543863,1.0,4.0,6,test,False
Vihiga,2021-10-01,2021,10,1,1,Minimal,0.0,1.0,0.9998193553745128,2.0160619648306395,1.1224614596177658,2.4081082877182416,0.6711773249119892,84.33673176868143,84.17602546282596,67.19208681024263,17.144644958438803,short_rains,638.2354464495623,1.0,4.0,6,test,False
Wajir,2021-10-01,2021,10,3,3,Crisis or worse,0.9999999861444424,2.999999986144443,0.9996281767904694,-0.6193044082368068,-0.7701962082305457,-1.094229803355956,-0.5135503497626345,38.47887595206093,30.104392110717114,23.971003857048032,14.5078720950129,short_rains,220.92597534518788,2.0,4.0,6,test,True
West Pokot,2021-10-01,2021,10,2,2,Stressed,0.0027376216669028,2.000851966950456,0.9926739731095784,-0.6899240897535505,-1.2325818080730664,-0.7247944172419594,-0.4057640073022919,40.03470624170088,28.063685746165092,29.159204928833237,10.875501312867645,short_rains,366.78840132412165,2.0,4.0,6,test,False
Baringo,2022-02-01,2022,2,3,3,Crisis or worse,0.7540862630939753,2.627970066909002,0.9999899880038844,-0.3770486029290643,-0.6377868351573799,-0.2404934909048999,0.4764182896895559,74.0249425926711,50.38810183667616,40.98416276914621,33.040779823524886,dry_jf,407.6410955536569,2.0,4.0,6,test,True
Bomet,2022-02-01,2022,2,1,1,Minimal,0.0,1.0,0.9999591445797528,2.3903865668322064,1.1277397310982011,1.491177213089676,1.551707489061482,84.64683370721798,46.84175603608813,77.35946074839225,7.287372958825728,dry_jf,705.0356352221398,1.0,4.0,6,test,False
Bungoma,2022-02-01,2022,2,1,1,Minimal,0.0,1.0,0.9970207416060456,0.7317874142314746,-0.2528293273986003,0.5777250232787362,1.9358619563356707,88.96801023189823,-21.31269405302167,80.76921259232192,8.198797639576313,dry_jf,684.143518918554,1.0,4.0,6,test,False
Busia,2022-02-01,2022,2,1,1,Minimal,0.0,1.0,0.914162035136638,0.620596244918289,-0.2079573065302821,1.15092272875778,2.78434373431718,39.59524639180865,8.677174571522203,19.019327905617903,20.575918486190748,dry_jf,504.89251568895395,1.0,4.0,6,test,False
Elgeyo-Marakwet,2022-02-01,2022,2,1,1,Minimal,0.0006154999387937,1.0012309998775877,0.9999531832842422,-0.4233349380528834,-0.631927034577587,-0.1851538991422592,0.5971061230408309,90.88509284426466,-38.5342513758219,87.05732248776641,3.827770356498249,dry_jf,424.00498148048365,1.0,4.0,6,test,False
Embu,2022-02-01,2022,2,2,2,Stressed,0.0,1.667672206524964,0.999984606567881,-0.6419002099080335,-0.6754628016787817,0.0457199596827729,0.367250318999003,61.02238423275653,13.435341942050057,54.303429907474765,6.718954325281764,dry_jf,401.4457023614595,2.0,4.0,6,test,False
Garissa,2022-02-01,2022,2,3,3,Crisis or worse,0.9999999973762296,2.99999999737623,0.9994755532207806,-0.9772716767823788,-1.1212650164230888,-2.15328600712132,-2.299664772818127,9.7564567326813,-2.1506408904535883,10.410157621019778,-0.6537008883384772,dry_jf,210.6771075185111,3.0,4.0,6,test,False
Homa Bay,2022-02-01,2022,2,1,1,Minimal,0.0,1.0,0.6628357436647451,0.0839806631628717,-0.689593259538086,0.5782341738334781,1.731831773340482,44.414000330315936,34.141411288830426,78.84469416371837,-34.43069383340244,dry_jf,658.3122810444571,1.0,4.0,6,test,False
Isiolo,2022-02-01,2022,2,3,3,Crisis or worse,0.9996958383469756,2.999694691618864,0.999964295840184,-1.3518108201286072,-1.5454880394220407,-0.917075737317918,-0.8256929503267969,14.687158879368493,14.209690035831771,18.10776886382284,-3.420609984454348,dry_jf,121.15801476654195,3.0,4.0,6,test,False
Kajiado,2022-02-01,2022,2,2,2,Stressed,0.0003473326511887,1.9982292008514904,0.9866570549192348,0.2726409290508835,-0.4036242241266056,-0.2640015192369276,0.4724019190991008,59.63026055522744,29.48805434460112,44.24731166697979,15.382948888247647,dry_jf,244.0590119973267,2.0,4.0,6,test,False
Kakamega,2022-02-01,2022,2,1,1,Minimal,0.0,1.0,0.9998432712295532,1.5426531480445722,0.3087655476832256,1.3179498456400875,2.4632588178154737,65.5882288453951,22.74455698758336,69.77116651488049,-4.182937669485398,dry_jf,521.962946970816,1.0,4.0,6,test,False
Kericho,2022-02-01,2022,2,1,1,Minimal,0.0,1.0,0.9999526229648772,1.51877766724045,0.3521831364162064,1.3918792138483955,1.884595623131788,68.81760524954527,29.9000843643252,89.38934511603955,-20.571739866494283,dry_jf,577.6437811642602,1.0,4.0,6,test,False
Kiambu,2022-02-01,2022,2,1,1,Minimal,0.0,1.001036389650512,0.9998318358451616,0.5665068339006832,0.4612565793366602,-0.1934222454849777,-0.1233551414339246,53.63549710411616,19.66701750743464,57.16731747185744,-3.5318203677412754,dry_jf,365.1581675938478,1.0,4.0,6,test,False
Kilifi,2022-02-01,2022,2,2,2,Stressed,0.0026957456765992,2.0026338916386943,0.9941928245142966,0.1777367353050638,-0.0977722703089343,-2.106385892501832,-2.036463504447608,-13.483163277077464,-3.099458209658279,-5.343700254113449,-8.139463022964016,dry_jf,485.9236308469297,2.0,4.0,6,test,False
Kirinyaga,2022-02-01,2022,2,1,1,Minimal,0.0,1.000297291880471,0.9999074216214416,-0.4133365946787221,-0.3670072691428853,-0.2245679489538105,-0.0663909837509052,68.26222972862571,11.036320832098964,47.88816119058019,20.37406853804552,dry_jf,523.427425427593,1.0,4.0,6,test,False
Kisii,2022-02-01,2022,2,1,1,Minimal,0.0,1.0,0.9995821721572732,1.2474714381337455,0.1163976124105879,0.8185212149299234,1.251532921535624,85.70733485376488,42.57801789964571,70.14970359498255,15.557631258782322,dry_jf,771.8724273402603,1.0,4.0,6,test,False
Kisumu,2022-02-01,2022,2,1,1,Minimal,0.0,1.0,0.7829061444141889,1.0295818491987063,-0.0265678530589966,1.7327789776083395,2.6610555428936,89.45204052853896,58.62227992533497,61.00425053250632,28.44778999603264,dry_jf,650.4965825795291,1.0,4.0,6,test,False
Kitui,2022-02-01,2022,2,3,3,Crisis or worse,0.7171754668500476,2.716623051191437,1.0000198543517862,0.404670099348703,1.202053022097414,-0.2377516486695982,0.3813503277520019,52.88998713466054,31.8532595874542,33.86861634030528,19.021370794355256,dry_jf,350.0498777837523,2.0,4.0,6,test,False
Kwale,2022-02-01,2022,2,2,2,Stressed,0.0,1.99971200940671,0.9912639533016692,0.2783436212328126,0.1659411212883624,-1.1059683741360926,-0.9208997799484268,3.3547727220278505,-12.93598722917486,6.006442117014336,-2.6516693949864854,dry_jf,461.4118591660762,2.0,4.0,6,test,False
Laikipia,2022-02-01,2022,2,2,2,Stressed,0.0044789414982201,2.003460408300666,1.0000548405307417,-0.2886966337754464,-0.9829341743483504,-0.4772822799853575,-0.1259611590288396,45.00895221314751,39.064956627846,34.75985066853073,10.249101544616778,dry_jf,378.6133408439104,2.0,4.0,6,test,False
Lamu,2022-02-01,2022,2,2,2,Stressed,0.0078360899683419,2.007836089968342,0.9773409282733216,-1.7139804869824369,-1.0198796578170046,-2.736112627154221,-2.765843907517779,3.5098271619278885,16.577780625436258,15.02836009086356,-11.51853292893567,dry_jf,394.8891092289726,2.0,4.0,6,test,False
Machakos,2022-02-01,2022,2,1,1,Minimal,0.0,1.0047553322918272,0.9999321623262246,0.5524255674031062,0.3982437486772049,0.1546576502056772,0.5522535133521025,68.8833959383929,21.609835461742996,58.21277804297971,10.670617895413187,dry_jf,347.0698296320569,1.0,4.0,6,test,False
Makueni,2022-02-01,2022,2,3,3,Crisis or worse,0.5807681490964668,2.5283933083762946,0.9999904266357796,0.4644147738129354,1.159863372055705,-0.1991195677569099,0.2993006547889834,64.65248467711706,29.386048974821566,40.35555179397437,24.296932883142688,dry_jf,210.84898907247097,2.0,4.0,6,test,False
Mandera,2022-02-01,2022,2,3,3,Crisis or worse,1.0,3.0,0.993483110020438,-0.5561263302713362,-0.5984257810933942,0.2448234385615499,0.6830890714104731,40.392004485487625,8.696443348242163,61.436982368623895,-21.04497788313627,dry_jf,147.72597818452132,3.0,4.0,6,test,False
Marsabit,2022-02-01,2022,2,3,3,Crisis or worse,1.0,3.0,0.9337760885721446,-0.8449971389697185,-0.8588262053967637,-0.8531039227093609,-0.5532619245503217,29.61218235923024,27.16380464279761,31.65094885062781,-2.0387664913975705,dry_jf,183.11284628508548,3.0,4.0,6,test,True
Meru,2022-02-01,2022,2,1,1,Minimal,0.3688172711205229,1.858168535798204,0.9999214202166412,-1.3857730598017632,-1.5156192446950616,-0.072353855327635,0.2981591660902494,60.51015438610982,11.951636733000337,73.07113834839127,-12.560983962281455,dry_jf,469.95952152110806,1.0,4.0,6,test,False
Migori,2022-02-01,2022,2,1,1,Minimal,0.0,1.0,0.8093394361863654,-0.0861692640495709,-0.830822355995563,-0.0012956823987864,1.0253911265257127,38.387181949458046,49.79514156583304,57.48792623424529,-19.100744284787247,dry_jf,460.4970135975702,1.0,4.0,6,test,False
Mombasa,2022-02-01,2022,2,1,1,Minimal,0.0,1.024159169166952,0.9454988271665984,0.1917974370704908,-0.0647459783923272,-1.548291074458186,-1.6738476479753943,-41.37961064729701,-8.048884509610758,-80.58050404823724,39.20089340094024,dry_jf,339.4545465241538,1.0,4.0,6,test,False
Murang'a,2022-02-01,2022,2,1,1,Minimal,0.0,1.0,0.9998960447776896,0.6173605208634534,0.3497890796063889,-0.2349061971430871,-0.2280604327263215,85.94464483123127,8.73672939843441,66.84696702172947,19.097677809501803,dry_jf,600.9606534616394,1.0,4.0,6,test,False
Nairobi,2022-02-01,2022,2,1,1,Minimal,0.0,1.0004033639580097,0.999342993994985,0.9171877199493368,0.8648293651431392,0.0449049586703646,0.1867323476022261,36.54536321038282,42.32827826767694,39.894084924147904,-3.3487217137650873,dry_jf,349.07589029272395,1.0,4.0,6,test,False
Nakuru,2022-02-01,2022,2,1,1,Minimal,0.0,1.002054489930805,0.9758551681458982,0.3076809990143087,0.0867522423831599,0.2531699816808561,0.429736252220115,75.92320139048483,53.99026582912646,45.07259731468474,30.850604075800092,dry_jf,337.82261196850334,1.0,4.0,6,test,False
Nandi,2022-02-01,2022,2,1,1,Minimal,0.0,1.0,0.9998151603533764,1.9688697234365595,0.6121636078087445,1.7701308723361675,2.575046746775705,71.88978705034148,13.403062576343714,94.26637538028956,-22.376588329948078,dry_jf,636.3375639959971,1.0,4.0,6,test,False
Narok,2022-02-01,2022,2,1,1,Minimal,0.0,1.0001312284969692,0.9926648706758656,1.538586825046083,0.7909896213214184,0.6279935688874494,0.8185759454947299,58.73251392005888,46.619112102696015,58.53129324724474,0.2012206728141379,dry_jf,449.4351533314782,2.0,4.0,6,test,False
Nyamira,2022-02-01,2022,2,1,1,Minimal,0.0,1.0,0.999826225293629,1.3971005409532402,0.4740849537251866,1.6281218318929218,2.030946746645107,84.05446084741423,54.32238343964919,56.04528790880332,28.009172938610917,dry_jf,707.0676224501927,1.0,4.0,6,test,False
Nyandarua,2022-02-01,2022,2,1,1,Minimal,0.0,1.005167858019678,0.9999166595580216,-0.2051506936988379,-0.293771897740412,-0.2494786375997043,-0.3019392058255384,74.58245477276401,30.06511929317116,74.90236605928784,-0.3199112865238334,dry_jf,478.59632261521887,1.0,4.0,6,test,False
Nyeri,2022-02-01,2022,2,2,2,Stressed,0.0,1.5479244481678869,0.9998906213099183,-0.5481757476827421,-0.8928468181934845,-0.2346754825869099,-0.0969397414828463,69.65297710827869,8.027526259697426,76.85880065798213,-7.205823549703439,dry_jf,596.5685209899478,2.0,4.0,6,test,False
Samburu,2022-02-01,2022,2,3,3,Crisis or worse,0.9999679421104064,2.9999679421104064,0.999906484533704,-0.5052853676029228,-1.1224077713570628,-0.6368492441688676,-0.2763291126316984,26.219313046245325,28.78348172647568,37.09126690226907,-10.871953856023744,dry_jf,233.37064745956647,3.0,4.0,6,test,True
Siaya,2022-02-01,2022,2,1,1,Minimal,0.0,1.0,0.7130635075059107,0.2983787510830029,-0.7717322298104838,0.9646480477059036,2.097741028226146,48.86640399226879,23.191170760206447,72.27069713665139,-23.4042931443826,dry_jf,703.9110029852106,1.0,4.0,6,test,False
Taita Taveta,2022-02-01,2022,2,2,2,Stressed,0.0018167650223726,2.001816765022373,0.9966783872024708,0.255361640135508,0.0175638874162673,-1.1636657503285728,-0.2698848114734225,79.173965706823,33.340571064472044,30.249055659482373,48.924910047340624,dry_jf,337.281834884778,2.0,4.0,6,test,False
Tana River,2022-02-01,2022,2,3,3,Crisis or worse,0.9996131649090032,2.999613164909003,0.999837137284476,0.0517889796632794,0.0440853077254848,-1.5354050242216597,-1.528609067142896,27.72611334505424,19.72192351413568,17.46847494226546,10.257638402788782,dry_jf,208.9215702880231,3.0,4.0,6,test,False
Tharaka-Nithi,2022-02-01,2022,2,2,2,Stressed,0.0013293880020487,1.5721383566756897,0.9999943348302318,-1.0570356745120684,-1.111563434195494,-0.0155619821275413,0.3107921061253734,61.609978234358834,0.2879194834745279,64.93928004592202,-3.329301811563184,dry_jf,386.5660928989662,2.0,4.0,6,test,False
Trans Nzoia,2022-02-01,2022,2,1,1,Minimal,0.0,1.0,0.9977780064560036,0.4029892325756151,0.0613298769283698,0.6062019657579584,1.5667219127990242,95.88552896561184,-100.84482186546292,79.46835344508575,16.417175520526087,dry_jf,575.422482832226,1.0,4.0,6,test,False
Turkana,2022-02-01,2022,2,3,3,Crisis or worse,0.999957012944392,2.999957012944392,0.960153147598736,-0.4923936536468671,-0.6888371298162903,-0.5387215275903796,-0.0067908558280344,51.89225928607226,44.772579799594766,43.19281556054781,8.699443725524453,dry_jf,134.93439886021372,3.0,4.0,6,test,True
Uasin Gishu,2022-02-01,2022,2,1,1,Minimal,0.0,1.0,0.9999480360329532,0.2726418735491542,0.0229381928289681,0.4551958429411333,1.1351906690509863,98.19920440734508,3.737763219751941,66.37128495731638,31.827919450028702,dry_jf,466.5756532543863,1.0,4.0,6,test,False
Vihiga,2022-02-01,2022,2,1,1,Minimal,0.0,1.0,0.999819355374512,1.3800651488339306,0.1873936883219685,1.264046188177896,1.996431571856148,80.31025682151426,60.47894766081694,91.61075864751209,-11.300501825997827,dry_jf,638.2354464495623,1.0,4.0,6,test,False
Wajir,2022-02-01,2022,2,3,3,Crisis or worse,0.9999999861444424,2.9999999861444424,0.9996281752813864,-0.662905046076019,-0.4454161704531538,-0.8674253246640281,-0.7457643141828998,24.70550516174021,4.975238441397298,21.392867299373123,3.3126378623670867,dry_jf,220.92597534518788,3.0,4.0,6,test,True
West Pokot,2022-02-01,2022,2,2,2,Stressed,0.0027376157628745,1.5628820575595537,0.992676113941505,-0.553216421544269,-1.00908515356572,-0.518819203502054,0.3491617592142222,77.54249542687594,45.23476300195681,43.280511920549344,34.2619835063266,dry_jf,366.78840132412165,2.0,4.0,6,test,False
Baringo,2022-06-01,2022,6,3,3,Crisis or worse,0.7540862630939753,2.629687531479987,0.9999899880038844,-0.3284258874669257,-0.4828696533709569,-0.2366097011607026,0.6151644068796039,17.844420864167407,28.298390608300668,74.80067511426164,-56.95625425009423,dry_jjas,407.6410955536569,3.0,4.0,6,test,True
Bomet,2022-06-01,2022,6,1,1,Minimal,0.0,1.0,0.9999591445797528,0.0241341712483344,-0.1880267019055338,1.017293831364038,2.427005935881236,73.94392039409738,33.80256635459362,63.584617921590365,10.35930247250701,dry_jjas,705.0356352221398,1.0,4.0,6,test,False
Bungoma,2022-06-01,2022,6,1,1,Minimal,0.0,1.0,0.9970207416060456,-0.6528276957203891,-0.8345800887315579,-0.3222464453847178,0.8986984963473583,42.17735441502643,60.90344191910441,69.77096708796252,-27.59361267293609,dry_jjas,684.143518918554,1.0,4.0,6,test,False
Busia,2022-06-01,2022,6,1,1,Minimal,0.0,1.0,0.914162035136638,-0.4470309916780109,-0.8389005696533901,-0.4205426901572384,1.0635397531434714,55.14684125718676,32.890142620752,63.70631828113012,-8.559477023943366,dry_jjas,504.89251568895395,1.0,4.0,6,test,False
Elgeyo-Marakwet,2022-06-01,2022,6,1,1,Minimal,0.0006154948374724,1.0064946882150418,0.9999614710587814,-0.5133573483375568,-0.3570366756587993,-0.1990873406875531,0.7531357977730577,31.89993033697429,52.88717563329566,90.6027633344159,-58.702832997441604,dry_jjas,424.00498148048365,1.0,4.0,6,test,False
Embu,2022-06-01,2022,6,2,2,Stressed,0.0005220277862749,1.6681942343131395,0.9999846065735996,1.4319643671775772,-0.2925393082598602,-0.349874496302359,-0.9462957245534298,89.87683217860223,27.84258521406536,33.75451506725186,56.12231711135037,dry_jjas,401.4457023614595,2.0,4.0,6,test,False
Garissa,2022-06-01,2022,6,3,3,Crisis or worse,0.9999999973762116,2.999999997376212,0.9994687482700096,2.08655633490644,0.2219285043565472,0.0785674052710337,-1.2927792953613917,52.28606091876959,-22.90138395393792,8.373156354799317,43.91290456397027,dry_jjas,210.6771075185111,3.0,4.0,6,test,False
Homa Bay,2022-06-01,2022,6,1,1,Minimal,0.0,1.0,0.6628357436647451,0.1204957732694532,-0.1897205056029705,0.0813080973113754,0.8412726335184164,47.756950813511786,20.93081896757636,47.07688601065825,0.6800648028535363,dry_jjas,658.3122810444571,1.0,4.0,6,test,False
Isiolo,2022-06-01,2022,6,3,3,Crisis or worse,0.9996958397818996,2.999694693059198,0.9999690133295828,1.343930854507336,0.1665186366588732,0.1500666952856488,-0.8892163937496235,16.685618209886318,-9.483840291943697,2.598189573093566,14.087428636792751,dry_jjas,121.15801476654195,3.0,4.0,6,test,False
Kajiado,2022-06-01,2022,6,2,2,Stressed,0.0007334442010598,1.998615313750276,0.9866576832636166,0.4051243581956933,0.1079253705293945,0.1144210222142399,-1.085834019308399,39.44812594423195,3.839236349539472,32.960833736776124,6.487292207455823,dry_jjas,244.0590119973267,2.0,4.0,6,test,False
Kakamega,2022-06-01,2022,6,1,1,Minimal,0.0,1.0,0.9998432712295532,-0.3054121612263838,-0.4610858649559348,0.4825234544394436,1.7652215863317149,49.75533175107358,52.49116623854817,73.78235655357844,-24.02702480250486,dry_jjas,521.962946970816,1.0,4.0,6,test,False
Kericho,2022-06-01,2022,6,1,1,Minimal,0.0,1.0,0.9999526229648772,-0.130160090751451,-0.3368698593121975,0.8855391325348685,2.13136156105933,57.93360611403756,39.669693508496565,69.48503496909794,-11.55142885506038,dry_jjas,577.6437811642602,1.0,4.0,6,test,False
Kiambu,2022-06-01,2022,6,1,1,Minimal,0.0,1.001036389650512,0.9998318358451644,0.4380666556813858,-0.1166588938293828,0.081980437596361,-0.3663150346288905,54.18999753337042,26.33857042592648,66.40505065241157,-12.215053119041151,dry_jjas,365.1581675938478,1.0,4.0,6,test,False
Kilifi,2022-06-01,2022,6,2,2,Stressed,0.0026957456765992,2.0026338916386943,0.9941928245142966,1.9450484667682144,-0.0228675143757,0.002954108945487,-0.9496923363926372,30.92791254328837,-21.64362909218072,-5.644623256830648,36.57253580011902,dry_jjas,485.9236308469297,2.0,4.0,6,test,False
Kirinyaga,2022-06-01,2022,6,1,1,Minimal,0.0,1.000297291880471,0.9999074216214416,1.2811114780513777,-0.5157053895450158,-0.5396656471574428,-0.7213881746099027,75.0603990272046,43.49362643435579,29.562150870078085,45.49824815712651,dry_jjas,523.427425427593,1.0,4.0,6,test,False
Kisii,2022-06-01,2022,6,1,1,Minimal,0.0,1.0,0.9995821721572732,0.4054074427329378,0.395253272047673,1.0713103477713215,1.5885168472906654,76.910705073998,38.36130887726965,69.7068701782393,7.203834895758703,dry_jjas,771.8724273402603,1.0,4.0,6,test,False
Kisumu,2022-06-01,2022,6,1,1,Minimal,0.0,1.0,0.7829061444141889,-0.0252682247845308,-0.2543760154454616,0.4918494499110652,1.9577566528557289,43.975778250161625,43.91510797321682,57.643662133765,-13.667883883603373,dry_jjas,650.4965825795291,1.0,4.0,6,test,False
Kitui,2022-06-01,2022,6,3,3,Crisis or worse,0.7177364139867464,2.717183998823179,1.0000207505125442,1.368809666323551,0.1084782942123715,0.1294077627210967,-0.8335742404069703,70.69619836142657,-30.31551707277628,8.390622725616835,62.30557563580973,dry_jjas,350.0498777837523,3.0,4.0,6,test,False
Kwale,2022-06-01,2022,6,2,2,Stressed,0.0,1.99971200940671,0.9912639533016692,1.5625326326681972,0.0312904175126761,0.2267746119136751,-0.1741051524937038,26.57862996481713,-14.574270321091982,2.945372622747493,23.633257342069637,dry_jjas,461.4118591660762,2.0,4.0,6,test,False
Laikipia,2022-06-01,2022,6,2,2,Stressed,0.0044789414982201,2.003460408300666,1.0000548405307417,0.6625521024177107,-0.3129323562063852,-0.4693683182539416,-0.0231751234086998,28.145928347384015,-6.323607158736565,62.04985930628775,-33.903930958903736,dry_jjas,378.6133408439104,2.0,4.0,6,test,False
Lamu,2022-06-01,2022,6,2,2,Stressed,0.0078360899683419,2.007836089968342,0.9773409282733216,1.8549377743914424,0.1715433424241148,-0.360353966191031,-1.6955110649068186,43.29349825104418,-26.533799848973224,-0.1337859733982137,43.42728422444239,dry_jjas,394.8891092289726,2.0,4.0,6,test,False
Machakos,2022-06-01,2022,6,1,1,Minimal,0.000194416043543,1.004949748335363,0.9999321623277224,0.8578416393230345,-0.032925231880823,0.0035859489635756,-0.7892985023227109,73.81319886957664,-6.6510377592146455,19.525169840191005,54.28802902938563,dry_jjas,347.0698296320569,1.0,4.0,6,test,False
Makueni,2022-06-01,2022,6,3,3,Crisis or worse,0.7107858691494797,2.6584108316939385,0.9999866703905442,0.8166777848980147,0.2383701466188718,0.2750000445635905,-0.7017174960667005,73.40855754518806,-26.05139282279508,24.314131636737443,49.09442590845062,dry_jjas,210.84898907247097,3.0,4.0,6,test,False
Mandera,2022-06-01,2022,6,3,3,Crisis or worse,1.0,3.0,0.9934883002876458,0.1832909953753048,-0.2773042637165137,-0.299216488994766,-0.7961113510086876,21.02125895086055,9.290418782082426,17.102726316332802,3.9185326345277467,dry_jjas,147.72597818452132,3.0,4.0,6,test,False
Marsabit,2022-06-01,2022,6,3,3,Crisis or worse,1.0,3.0003693063135155,0.9337767680154548,-0.3524511169095721,-0.6894309952722675,-0.7140857745975895,-0.8617153297248,9.746326905949031,2.406061659277754,4.945312077192264,4.8010148287567675,dry_jjas,183.11284628508548,3.0,4.0,6,test,True
Meru,2022-06-01,2022,6,1,1,Minimal,0.3691178321802993,1.8584663477565373,0.9999160371222248,1.2503825613851036,-0.4188967719092223,-0.5142895821992833,-1.2327837908469634,60.37239700084652,1.9093719477444089,32.83056241399562,27.541834586850896,dry_jjas,469.95952152110806,1.0,4.0,6,test,False
Migori,2022-06-01,2022,6,1,1,Minimal,0.0,1.0,0.8093394361863654,0.3236574915933619,0.3252006589814116,0.3956618322035561,0.418060090795586,65.85500127039272,27.63381109935054,61.392363840373314,4.462637430019406,dry_jjas,460.4970135975702,1.0,4.0,6,test,False
Mombasa,2022-06-01,2022,6,1,1,Minimal,0.0,1.024159169166952,0.9454988271665984,1.3509006454072174,-0.381640224163856,-0.1302090316854217,-0.5939965197911946,21.182226799501613,-12.401222148945209,-12.006343248295998,33.18857004779761,dry_jjas,339.4545465241538,1.0,4.0,6,test,False
Murang'a,2022-06-01,2022,6,1,1,Minimal,0.0,1.0,0.99989604477769,0.8714614264936876,-0.4160563404355433,-0.2326053071873438,-0.4630905663933299,54.06315025391204,81.28275784586938,70.91272001451658,-16.84956976060454,dry_jjas,600.9606534616394,1.0,4.0,6,test,False
Nairobi,2022-06-01,2022,6,1,1,Minimal,0.0,1.0004033639580097,0.9993429939948012,0.1900176219996671,-0.0378201104536105,0.1463401826708549,-0.5270561612461202,58.55410601226082,-3.905290549380144,35.361767665631625,23.192338346629192,dry_jjas,349.07589029272395,1.0,4.0,6,test,False
Nakuru,2022-06-01,2022,6,1,1,Minimal,0.0,1.002054489930805,0.9758551681458985,0.1383432645308248,-0.6041253761224684,0.2314183414948321,0.8011127196542754,24.600019204195075,28.59858918405562,71.54680480326113,-46.94678559906605,dry_jjas,337.82261196850334,1.0,4.0,6,test,False
Nandi,2022-06-01,2022,6,1,1,Minimal,0.0,1.0,0.9998151603533764,0.0511260474068058,-0.0704176348788674,1.2066896585190554,2.1579045611333885,53.666362317987534,63.01885919016839,80.8088576362227,-27.142495318235163,dry_jjas,636.3375639959971,1.0,4.0,6,test,False
Narok,2022-06-01,2022,6,1,1,Minimal,0.0,1.0001312284969692,0.9926648706760623,-0.0431816982100661,-0.156487745603239,0.4561348884162432,1.3815052040003148,24.105299476274936,23.328797819579545,75.26841232881416,-51.16311285253923,dry_jjas,449.4351533314782,1.0,4.0,6,test,False
Nyamira,2022-06-01,2022,6,1,1,Minimal,0.0,1.0,0.999826225293629,0.1144332579367126,0.1883809528481576,1.1048717648541944,1.8467743333823272,68.84609122415283,5.048722817833512,33.05070875107091,35.79538247308192,dry_jjas,707.0676224501927,1.0,4.0,6,test,False
Nyandarua,2022-06-01,2022,6,1,1,Minimal,0.0,1.005167858019678,0.9999166595580216,0.4799381734284297,-0.3921673045171392,-0.0210898899556619,0.0867143528924919,53.63676742235038,59.95776028964404,78.68952470677398,-25.0527572844236,dry_jjas,478.59632261521887,1.0,4.0,6,test,False
Nyeri,2022-06-01,2022,6,2,2,Stressed,0.0,1.5479244481678869,0.9998906213099183,1.339948847800685,-0.2218350609727686,-0.363647953132293,-0.5415877636722152,34.5982428021935,47.50128473859245,30.35619195830749,4.242050843886005,dry_jjas,596.5685209899478,2.0,4.0,6,test,False
Samburu,2022-06-01,2022,6,3,3,Crisis or worse,0.9999679421103188,3.001591352163933,0.9999064817953808,0.4590061308381504,-0.5236397784987171,-0.7400249592133411,-1.0614287344625877,18.26671313402915,-0.3189576411056526,49.14598145430717,-30.87926832027802,dry_jjas,233.37064745956647,3.0,4.0,6,test,True
Siaya,2022-06-01,2022,6,1,1,Minimal,0.0,1.0,0.7130635075059107,-0.1536859588866749,-0.4032616749999672,-0.0618567544073884,1.3722975852262267,47.66362446526389,34.31811640288126,68.43760858464539,-20.773984119381502,dry_jjas,703.9110029852106,1.0,4.0,6,test,False
Taita Taveta,2022-06-01,2022,6,2,2,Stressed,0.0018167650223726,2.001816765022373,0.9966783872024708,0.9492986683236988,0.0297138585909877,0.0101391369255698,-0.9456020194796873,55.05804030925539,-10.878176973121723,9.90075606037244,45.157284248882945,dry_jjas,337.281834884778,2.0,4.0,6,test,False
Tana River,2022-06-01,2022,6,3,3,Crisis or worse,0.9996131649089994,3.000061541186792,0.9998371372749084,1.68143562241158,0.3781305587061725,0.334690476049704,-1.0258828662059232,70.04664525068677,-19.622712869072483,4.600419579645028,65.44622567104173,dry_jjas,208.9215702880231,3.0,4.0,6,test,False
Tharaka-Nithi,2022-06-01,2022,6,3,3,Crisis or worse,0.5667374743216017,2.137547902297861,0.9999977349462787,1.776592366104887,-0.1413428316112895,-0.2041755282064692,-1.06359592532576,53.80699590855637,-19.36659596734718,11.825696809584944,41.98129909897142,dry_jjas,386.5660928989662,2.0,4.0,6,test,False
Trans Nzoia,2022-06-01,2022,6,1,1,Minimal,0.0,1.0040024533635254,0.9977844089794712,-0.8910429470928749,-0.3373800260204423,0.2790960962904031,1.23066388567104,42.55732377777236,62.75408692594844,73.80638157140176,-31.249057793629397,dry_jjas,575.422482832226,1.0,4.0,6,test,False
Turkana,2022-06-01,2022,6,4,3,Crisis or worse,0.999957012944392,3.9997363471646192,0.96015314759874,-1.0615349261813436,-0.8680063438111529,-0.5985696138066894,-0.119005357915162,15.231208907561744,27.86049855916585,51.25904554374726,-36.02783663618552,dry_jjas,134.93439886021372,3.0,4.0,6,test,True
Uasin Gishu,2022-06-01,2022,6,1,1,Minimal,0.0,1.0,0.9999480360329532,-0.1942199336490447,-0.1257917864985417,0.5076583442664664,1.3086825571980762,36.2194103740998,65.83914547683779,112.2714761270255,-76.0520657529257,dry_jjas,466.5756532543863,1.0,4.0,6,test,False
Vihiga,2022-06-01,2022,6,1,1,Minimal,0.0,1.0,0.999819355374512,-0.0676869558557023,-0.1427674601854759,0.6698337255566791,2.077145189318435,81.70514940461213,59.10835205502792,55.60880450436818,26.09634490024395,dry_jjas,638.2354464495623,1.0,4.0,6,test,False
Wajir,2022-06-01,2022,6,3,3,Crisis or worse,0.9999999861447002,2.9999999861447004,0.9996467725523936,1.7792428769954922,0.0614252652262172,0.0391569594897815,-0.91081503558861,14.98920821962611,-3.499963532574033,4.077803951322742,10.911404268303368,dry_jjas,220.92597534518788,3.0,4.0,6,test,True
West Pokot,2022-06-01,2022,6,2,2,Stressed,0.0027376216669028,2.003478553795409,0.9926739731095784,-1.2475860390085574,-1.0784018455212905,-0.8326126294756604,0.3535176673823511,21.050108616235807,45.23155937196524,79.98071789240674,-58.93060927617094,dry_jjas,366.78840132412165,2.0,4.0,6,test,False
Baringo,2022-10-01,2022,10,3,3,Crisis or worse,0.7540862630961843,2.629687531483313,0.9999899880128668,-0.2019600835492017,-0.5169313183992307,-0.7851578237822044,0.0825815049384906,33.86524016311635,-13.74291443091276,15.84363809739257,18.021602065723776,short_rains,407.6410955536569,3.0,4.0,6,test,True
Bomet,2022-10-01,2022,10,1,1,Minimal,0.0,1.0,0.9999591445797528,0.0330592991610527,1.763603160794653,1.4010887212764958,2.052183159932091,42.33451399476888,28.53036322752428,89.8901551276932,-47.55564113292432,short_rains,705.0356352221398,1.0,4.0,6,test,False
Bungoma,2022-10-01,2022,10,1,1,Minimal,0.0,1.0,0.9970207416060456,-0.7352233111820925,0.1505328712849328,-0.2270332749268989,0.6889691351805086,49.238214696088,18.2612276229274,36.05516371649792,13.183050979590078,short_rains,684.143518918554,1.0,4.0,6,test,False
Busia,2022-10-01,2022,10,1,1,Minimal,0.0,1.0,0.914162035136638,-0.716481664647376,0.9301005799822124,0.3244099499940011,1.3935818461998029,58.0458953636761,35.171565058615094,61.388789860197775,-3.342894496521673,short_rains,504.89251568895395,1.0,4.0,6,test,False
Elgeyo-Marakwet,2022-10-01,2022,10,1,1,Minimal,0.0006154948374724,1.0064946882150418,0.9999614710587814,-0.5262050682522283,-0.9132279135743302,-1.1292343104262217,-0.0625884904643458,34.53042583460879,-19.89454157013946,13.815774754422536,20.714651080186258,short_rains,424.00498148048365,1.0,4.0,6,test,False
Embu,2022-10-01,2022,10,2,2,Stressed,0.0010673804428921,1.668739609070081,0.999984673074163,-0.2879086067761281,-0.7437839962945964,-0.4793236752566186,1.003367388603359,61.55985888588953,32.56569431531219,45.20440278562854,16.355456100260994,short_rains,401.4457023614595,2.0,4.0,6,test,False
Garissa,2022-10-01,2022,10,3,3,Crisis or worse,0.9999999973762296,2.99999999737623,0.9994755532207824,-1.5071951487103772,-1.4586481068207875,-0.1356992755791692,1.990220711230548,14.03988340812545,-3.201469367032129,43.66727164291233,-29.627388234786885,short_rains,210.6771075185111,3.0,4.0,6,test,False
Homa Bay,2022-10-01,2022,10,1,1,Minimal,0.0,1.0,0.6628357436647451,0.0549308652516959,1.6650659588472851,1.2848684229548215,2.17703967836092,24.393830679748312,51.66400730890115,61.198656250614434,-36.80482557086612,short_rains,658.3122810444571,1.0,4.0,6,test,False
Isiolo,2022-10-01,2022,10,3,3,Crisis or worse,0.9996958482791126,3.001225298658614,0.9999969498802184,-0.5046569685233302,-0.7469982240434987,-0.2245900492146498,1.1428565173320413,3.676960175305404,-4.937629860082946,20.702232509432232,-17.02527233412683,short_rains,121.15801476654195,3.0,4.0,6,test,False
Kajiado,2022-10-01,2022,10,2,2,Stressed,0.0007334442010598,1.998615313750276,0.9866576832636166,-0.4113615456965611,-0.8262892723127792,-0.4932760795735475,0.342316331355228,24.6886682702272,21.63174251025849,39.22343214531383,-14.534763875086629,short_rains,244.0590119973267,2.0,4.0,6,test,False
Kakamega,2022-10-01,2022,10,1,1,Minimal,0.0,1.0,0.9998432712295532,-0.7283852008091277,0.5940482087832238,0.3348028276640459,1.2939508659810368,57.798877815262976,20.30862696183338,52.0094957077522,5.789382107510775,short_rains,521.962946970816,1.0,4.0,6,test,False
Kericho,2022-10-01,2022,10,1,1,Minimal,0.0,1.0,0.9999526229648772,-0.231428862809548,1.053932768083892,0.7122382800419563,1.4212907169926448,59.864026887816,17.506542323307603,49.569353085148535,10.294673802667468,short_rains,577.6437811642602,1.0,4.0,6,test,False
Kiambu,2022-10-01,2022,10,1,1,Minimal,0.0,1.001036389650512,0.9998318358451644,-0.5829812697264948,-0.9066194281037396,-0.7401951527981097,0.2454286651748253,43.70552597941671,22.94096237558057,57.79526301621109,-14.089737036794375,short_rains,365.1581675938478,1.0,4.0,6,test,False
Kilifi,2022-10-01,2022,10,2,2,Stressed,0.0026957456765992,2.0026338916386943,0.9941928245142966,-0.6289995001827167,-1.2124885868561308,-0.2368262228966464,1.5813357002004138,-12.169668121238177,-18.154556583945386,27.116324223184005,-39.28599234442218,short_rains,485.9236308469297,2.0,4.0,6,test,False
Kirinyaga,2022-10-01,2022,10,1,1,Minimal,0.0,1.000297291880471,0.9999074216214416,-0.2806055307736554,-0.6597573464453178,-0.6956317118383889,0.7463360364336609,1.29549493626525,-0.4409167729747725,47.05506225660678,-45.75956732034153,short_rains,523.427425427593,1.0,4.0,6,test,False
Kisii,2022-10-01,2022,10,1,1,Minimal,0.0,1.0,0.9995821721572732,0.9374941400660514,2.529922793631124,2.2140179149919312,2.56976265429754,32.54947471292448,15.505214683578908,70.51729461250885,-37.96781989958437,short_rains,771.8724273402603,1.0,4.0,6,test,False
Kisumu,2022-10-01,2022,10,1,1,Minimal,0.0,1.0,0.7829061444141889,-0.2903580143002315,1.5314594791674203,0.944908398847737,1.7347073375176032,43.315312694985145,42.64755570377099,46.78883149561607,-3.473518800630927,short_rains,650.4965825795291,1.0,4.0,6,test,False
Kitui,2022-10-01,2022,10,3,3,Crisis or worse,0.904552407411128,2.903999969874561,0.9999802509751528,-0.0923417206030836,-0.7809895099592828,-0.2119952271161524,1.1558881219113033,17.009300417088475,6.139504562984751,36.61455647851582,-19.605256061427347,short_rains,350.0498777837523,3.0,4.0,6,test,False
Kwale,2022-10-01,2022,10,2,2,Stressed,0.0,1.99971200940671,0.9912639533016692,-0.0445399445946478,-0.6145833420264797,-0.2745845156379756,1.1340550892026051,9.014149713555344,-6.96039683705155,15.941317869864752,-6.927168156309408,short_rains,461.4118591660762,2.0,4.0,6,test,False
Laikipia,2022-10-01,2022,10,2,2,Stressed,0.0044789414982201,2.003460408300666,1.0000548405307417,-0.2662998719183265,-0.5619095917222515,-0.6307443094039047,0.2946957139305158,12.26668809106115,-2.8771177955396268,4.760600053541931,7.506088037519219,short_rains,378.6133408439104,2.0,4.0,6,test,False
Lamu,2022-10-01,2022,10,2,2,Stressed,0.0078360899683419,2.007836089968342,0.9773409282733216,-1.0020877492525884,-1.2855828639632532,-0.1481078655174113,1.7401233216058096,25.74456159908346,-9.734925843145216,66.57535828982385,-40.83079669074039,short_rains,394.8891092289726,2.0,4.0,6,test,False
Machakos,2022-10-01,2022,10,1,1,Minimal,0.0005211564190789,1.0052764887110517,0.999932162327876,-0.0344986926165029,-0.5530307840219207,-0.3709130412325289,0.4557593982582362,55.52089897612695,25.51989184241265,45.35161412729646,10.169284848830493,short_rains,347.0698296320569,1.0,4.0,6,test,False
Makueni,2022-10-01,2022,10,3,3,Crisis or worse,0.7107858691494797,2.6584108316939385,0.9999866703905442,0.0382002855176806,-0.6647753941908742,-0.2255960784860364,0.4836771791418048,44.92067089683052,12.08860730685698,42.03269407187493,2.8879768249555937,short_rains,210.84898907247097,3.0,4.0,6,test,False
Mandera,2022-10-01,2022,10,3,3,Crisis or worse,1.0,3.0,0.993483110020438,0.0958420557656155,-0.170236578925474,-0.1043696818293964,-0.0364471187517449,22.672774043860528,14.11063338338588,3.1594450235636558,19.513329020296872,short_rains,147.72597818452132,3.0,4.0,6,test,False
Marsabit,2022-10-01,2022,10,4,3,Crisis or worse,1.0,3.999923873921991,0.9337767803562236,-0.0034650827893273,-0.4259595371802897,-0.5742930991380659,-0.1903266479515477,5.529255302864427,-7.366506880678859,12.06183174271456,-6.532576439850133,short_rains,183.11284628508548,3.0,4.0,6,test,True
Meru,2022-10-01,2022,10,1,1,Minimal,0.3691181248416206,1.8584666404178587,0.9999160371222248,-0.6295536526254284,-0.9942765050829658,-0.6510707550260137,0.8768936696762343,22.457714544089733,-1.0641821593954142,37.79419890304198,-15.336484358952248,short_rains,469.95952152110806,1.0,4.0,6,test,False
Migori,2022-10-01,2022,10,1,1,Minimal,0.0,1.0,0.8093394361863654,0.4267844669143062,1.4750296135732208,1.5731043256902408,2.248245202700285,41.93401969849752,40.00009000711903,61.48918635979058,-19.555166661293057,short_rains,460.4970135975702,1.0,4.0,6,test,False
Mombasa,2022-10-01,2022,10,1,1,Minimal,0.0,1.024159169166952,0.9454988271665984,-0.4370779549779098,-0.95811588067861,-0.8021950594495032,0.9048971582467432,-3.525363147508915,-9.848865631562674,7.903843598979449,-11.429206746488365,short_rains,339.4545465241538,1.0,4.0,6,test,False
Murang'a,2022-10-01,2022,10,1,1,Minimal,0.0,1.0,0.99989604477769,-0.2257783504934448,-0.5385002272284698,-0.6631320022053088,0.4908668926802374,58.11561132656293,20.99726160234965,46.7653728087164,11.350238517846527,short_rains,600.9606534616394,1.0,4.0,6,test,False
Nairobi,2022-10-01,2022,10,1,1,Minimal,0.0,1.0004033639580097,0.9993429939948012,-0.5778372844999818,-0.8643559572908814,-0.5875145754762297,0.0926301610809848,37.88295602033545,11.02996622895395,37.79506998815656,0.08788603217888635,short_rains,349.07589029272395,1.0,4.0,6,test,False
Nakuru,2022-10-01,2022,10,1,1,Minimal,0.0,1.002054489930805,0.9758551681458985,-0.0162907856805025,0.1141366630847426,-0.1680239181064883,0.69874232216293,30.084200687873192,5.560364371458927,27.89692314043186,2.187277547441333,short_rains,337.82261196850334,1.0,4.0,6,test,False
Nandi,2022-10-01,2022,10,1,1,Minimal,0.0,1.0,0.9998151603533764,-0.3295150279428211,0.612662911334653,0.4857846877756077,1.3356945396490143,52.1559692735352,25.440087782509885,59.41604415751599,-7.260074883980792,short_rains,636.3375639959971,1.0,4.0,6,test,False
Narok,2022-10-01,2022,10,1,1,Minimal,0.0,1.0001312284969692,0.9926648706760623,0.2533528227985595,0.9192519764975868,0.7500057221492494,1.398276667145636,46.069980734152765,56.06287396505879,71.83028343744566,-25.760302703292894,short_rains,449.4351533314782,1.0,4.0,6,test,False
Nyamira,2022-10-01,2022,10,1,1,Minimal,0.0,1.0,0.999826225293629,0.4450848128234103,2.317872328909489,1.7975278893101572,2.130502468925893,22.4957081779711,15.235703977927402,67.39217322593608,-44.89646504796498,short_rains,707.0676224501927,1.0,4.0,6,test,False
Nyandarua,2022-10-01,2022,10,1,1,Minimal,0.0,1.005167858019678,0.9999166595580216,-0.2256165404591727,-0.345678513708768,-0.5907540706783163,0.3684465076653545,32.50921497880888,7.535685160988802,29.487789139500745,3.021425839308133,short_rains,478.59632261521887,1.0,4.0,6,test,False
Nyeri,2022-10-01,2022,10,2,2,Stressed,0.0,1.5479244481678869,0.9998906213099183,0.0069923145185399,-0.3637704932957215,-0.3928628489368969,0.610827781043752,25.67649917787132,-28.55963003169279,55.50057856380788,-29.824079385936557,short_rains,596.5685209899478,2.0,4.0,6,test,False
Samburu,2022-10-01,2022,10,3,3,Crisis or worse,0.9999679421103186,3.0031888325837457,0.9999064817942824,0.1159199029879813,-0.2500710254793065,-0.3938328590465734,0.3007426972636287,2.77107319435707,-9.413924358658166,3.7468054542047913,-0.9757322598477214,short_rains,233.37064745956647,3.0,4.0,6,test,True
Siaya,2022-10-01,2022,10,1,1,Minimal,0.0,1.0,0.7130635075059107,-0.3691885668475522,1.305116943740253,0.7654382923066577,1.8492457476532285,36.38850480550781,38.35333492942588,61.8576180651999,-25.469113259692094,short_rains,703.9110029852106,1.0,4.0,6,test,False
Taita Taveta,2022-10-01,2022,10,2,2,Stressed,0.0018167650223726,2.001816765022373,0.9966783872024708,-0.3481876384220851,-0.9090954128892548,-0.4728197315045798,0.7590029213796902,2.932098499913328,7.530955987753837,34.81019462802576,-31.878096128112436,short_rains,337.281834884778,2.0,4.0,6,test,False
Tana River,2022-10-01,2022,10,3,3,Crisis or worse,0.9996164902527008,3.000064866530492,0.9998371372781136,-1.5885961588151165,-1.6169057447032351,-0.1373467733407558,1.562823698855691,9.280415754909432,1.923262385299656,36.75307750837228,-27.472661753462845,short_rains,208.9215702880231,3.0,4.0,6,test,False
Tharaka-Nithi,2022-10-01,2022,10,3,3,Crisis or worse,0.5668860668644681,2.137696494840727,0.9999977349462787,-0.2714792920211683,-0.6825063562160062,-0.2859897942611584,1.389700773018058,28.87083422418833,14.765235053300549,43.10248095913193,-14.231646734943602,short_rains,386.5660928989662,3.0,4.0,6,test,False
Trans Nzoia,2022-10-01,2022,10,1,1,Minimal,0.0,1.0040024533635254,0.9977844089794712,-0.3969097463967729,-0.3409599266339287,-0.7666217946845458,0.0689969180124532,30.776475510758235,7.767092582714103,20.025814029675026,10.75066148108321,short_rains,575.422482832226,1.0,4.0,6,test,False
Turkana,2022-10-01,2022,10,4,3,Crisis or worse,0.999957012944392,3.999736347164619,0.9601531475982584,0.4652520527138304,-0.2769209469898992,-0.6140529494555742,-0.4274701928774689,31.49470498221099,6.4680472646810045,19.850904272668963,11.643800709542028,short_rains,134.93439886021372,3.0,4.0,6,test,True
Uasin Gishu,2022-10-01,2022,10,1,1,Minimal,0.0,1.0,0.9999480360329532,-0.5103167521845414,-0.6116157270025401,-0.6020613287305391,0.3427800359781998,37.64826201649595,15.58527384241512,30.74120601879463,6.907055997701317,short_rains,466.5756532543863,1.0,4.0,6,test,False
Vihiga,2022-10-01,2022,10,1,1,Minimal,0.0,1.0,0.999819355374512,-0.5040610986895661,1.2504619657343783,0.8590641557304252,1.8892672759222096,85.9407302982372,44.70901475720112,60.98278702403999,24.957943274197206,short_rains,638.2354464495623,1.0,4.0,6,test,False
Wajir,2022-10-01,2022,10,3,3,Crisis or worse,0.999999986144517,3.000434346663185,0.9996335592546268,-0.6252446818873534,-0.7385185837978108,-0.1874682728625543,1.6817392857543914,6.388140648677214,-2.359474941801294,6.9327440647585865,-0.5446034160813724,short_rains,220.92597534518788,3.0,4.0,6,test,True
West Pokot,2022-10-01,2022,10,2,2,Stressed,0.0027376216669028,2.003478553795409,0.9926739731095784,-0.5297788627688956,-1.0774473405421552,-1.613929914394348,-0.4620667764742205,16.7127857680118,-13.624579401714549,17.08501386724244,-0.37222809923064304,short_rains,366.78840132412165,2.0,4.0,6,test,False
Baringo,2023-02-01,2023,2,2,2,Stressed,0.4084127813952499,2.2827377550307406,0.9999912379992753,1.0276132318815938,-0.2205422305903879,-0.5570356885046442,-0.4618073740123686,80.24898405751995,39.27020299459588,42.13026145107614,38.11872260644381,dry_jf,407.6410955536569,3.0,4.0,6,test,True
Bomet,2023-02-01,2023,2,1,1,Minimal,0.0,1.0,0.9999591445797528,3.172215235917285,1.28859413391931,1.0949582445307608,1.15400378534875,57.47555999071024,24.354041368980702,82.78405347645115,-25.30849348574091,dry_jf,705.0356352221398,1.0,4.0,6,test,False
Bungoma,2023-02-01,2023,2,1,1,Minimal,0.0,1.0,0.9970207416060456,3.017280399649677,1.2092928166854744,0.5024230025538982,-0.9527480111791669,81.62586858760015,-24.03177041492071,76.63547824245832,4.990390345141833,dry_jf,684.143518918554,1.0,4.0,6,test,False
Busia,2023-02-01,2023,2,1,1,Minimal,0.0,1.0,0.914162035136638,2.536271294922551,0.6818758105291162,0.1085212522565174,-0.6604003441309778,72.90942641181454,4.092421647187535,35.945033139914536,36.9643932719,dry_jf,504.89251568895395,1.0,4.0,6,test,False
Elgeyo-Marakwet,2023-02-01,2023,2,1,1,Minimal,0.0002364710036797,1.003992489490533,0.9999614710628044,2.124315762571195,0.717074803318724,-0.3043204266951868,-0.846862897335954,61.65298700648311,11.89072498262622,78.02910852833885,-16.376121521855744,dry_jf,424.00498148048365,1.0,4.0,6,test,False
Embu,2023-02-01,2023,2,2,2,Stressed,0.000545352691336,1.6682175813166242,0.9999846730684444,0.7324589070466496,-0.0241419005338042,-1.2614922954414958,-1.1009855669408524,48.51158691739801,-20.628830039571,59.836034341103336,-11.324447423705323,dry_jf,401.4457023614595,2.0,4.0,6,test,False
Garissa,2023-02-01,2023,2,3,3,Crisis or worse,0.9999999973761992,2.9999999973761997,0.9994639763046206,-1.0948359096312288,-1.1600155318830576,-1.8095244396369976,-1.795785684165128,12.00942780543269,10.808799410972815,26.6332483406209,-14.623820535188209,dry_jf,210.6771075185111,3.0,4.0,6,test,False
Homa Bay,2023-02-01,2023,2,1,1,Minimal,0.0,1.0,0.6628357436647451,2.241271164296828,1.4166160494956417,1.028016293343468,1.120496559572346,60.20114868468259,43.98341128941767,71.2186991073415,-11.0175504226589,dry_jf,658.3122810444571,1.0,4.0,6,test,False
Isiolo,2023-02-01,2023,2,3,3,Crisis or worse,0.9996205631696322,2.999619416475716,0.999994115423234,0.5800941565697879,-0.289815654783996,-0.7460900608472414,-0.5201041330384142,3.648894286730976,2.8372177046129634,9.9615994353764,-6.312705148645423,dry_jf,121.15801476654195,3.0,4.0,6,test,False
Kajiado,2023-02-01,2023,2,2,2,Stressed,0.0007334443470187,1.999395395287236,0.9866574869141682,-1.2121743988303784,-1.4009815015489329,-1.4534446863309076,-0.7829217752921384,25.51961963620172,4.792732816548001,16.650945608895167,8.868674027306554,dry_jf,244.0590119973267,2.0,4.0,6,test,False
Kakamega,2023-02-01,2023,2,1,1,Minimal,0.0,1.0,0.9998432712295532,3.006188345057786,1.4106792516255735,0.7005987471796362,-0.8336846849988552,64.3598134370173,20.68838008241404,65.91693959399788,-1.557126156980587,dry_jf,521.962946970816,1.0,4.0,6,test,False
Kericho,2023-02-01,2023,2,1,1,Minimal,0.0,1.0,0.9999526229648772,3.4888544753108546,1.46892727007637,0.9975567872294728,0.2681890099557346,34.539912622215176,57.38187842009804,91.00984484217966,-56.469932219964484,dry_jf,577.6437811642602,1.0,4.0,6,test,False
Kiambu,2023-02-01,2023,2,1,1,Minimal,0.0,1.001036389650512,0.9998318358451644,-0.2462376379519532,-1.1528472253098323,-1.5014219836723917,-1.213789290883586,21.942712721754685,-33.287007119633785,62.54604467711876,-40.60333195536407,dry_jf,365.1581675938478,1.0,4.0,6,test,False
Kilifi,2023-02-01,2023,2,2,2,Stressed,0.0026957456765993,2.0026338916386948,0.994192824514285,0.0200937048544784,1.133550396782805,-0.6117325833433829,-0.7385020948233226,-3.76162722713222,1.1884791900028784,1.835590510409413,-5.597217737541633,dry_jf,485.9236308469297,2.0,4.0,6,test,False
Kirinyaga,2023-02-01,2023,2,1,1,Minimal,0.0,1.000297291880471,0.9999074216214416,0.9506205229833576,0.1669222238580349,-1.212207968674028,-1.2759595942129534,28.6860184556728,-43.13818369345326,60.82380357061872,-32.13778511494592,dry_jf,523.427425427593,1.0,4.0,6,test,False
Kisii,2023-02-01,2023,2,1,1,Minimal,0.0,1.0,0.9995821721572732,2.5157453161818184,1.6270025759403692,1.791933715526514,1.6982215276740402,52.19645998167484,35.52703556485084,76.30755356257863,-24.11109358090379,dry_jf,771.8724273402603,1.0,4.0,6,test,False
Kisumu,2023-02-01,2023,2,1,1,Minimal,0.0,1.0,0.7829061444141889,2.4746581306614788,1.420787754650491,1.2800400137888877,0.5119493158293293,76.80180648357523,41.74968544763458,66.405126985308,10.396679498267233,dry_jf,650.4965825795291,1.0,4.0,6,test,False
Kitui,2023-02-01,2023,2,3,3,Crisis or worse,0.9985514478087336,2.9979990090340243,0.9999780097898878,0.6947060810135041,1.038238873418566,-0.9339763997093276,-0.4029436720929434,44.778957254902274,16.316266978160083,33.60388277075,11.175074484152276,dry_jf,350.0498777837523,3.0,4.0,6,test,False
Kwale,2023-02-01,2023,2,2,2,Stressed,0.0,1.99971200940671,0.9912639533016686,0.0208721852585269,2.096549917338222,-0.243068313601357,-0.5774899286701093,34.71842305492749,9.032035350413322,-2.983268302258964,37.701691357186455,dry_jf,461.4118591660762,2.0,4.0,6,test,False
Laikipia,2023-02-01,2023,2,2,2,Stressed,0.0024785928332754,2.001460044992302,1.0000404629806947,0.5811403996725396,-0.629918128174883,-1.0674385665047532,-1.083494009429061,34.244689558316374,16.432709383736526,13.867049255615663,20.377640302700712,dry_jf,378.6133408439104,2.0,4.0,6,test,False
Lamu,2023-02-01,2023,2,2,2,Stressed,0.0078360899683419,2.007836089968342,0.9773409282733216,-1.6775257953345184,-0.9297665330602556,-1.0918470254284305,-0.8901342052165773,59.350180466282254,75.97231200515235,98.21708219643878,-38.86690173015653,dry_jf,394.8891092289726,2.0,4.0,6,test,False
Machakos,2023-02-01,2023,2,1,1,Minimal,0.0014924574711276,1.0062477897631077,0.999932162326378,-0.4913948738368691,-0.8912916015177852,-0.9883808170978988,-0.60434387256211,43.16490769651222,-4.718543925687154,41.94071666814765,1.2241910283645723,dry_jf,347.0698296320569,1.0,4.0,6,test,False
Makueni,2023-02-01,2023,2,3,3,Crisis or worse,0.7112391302820438,2.6588640302520616,0.9999854756700132,-0.5483199396252472,-0.5280609067747785,-1.0138817041155606,-0.3477740229000453,43.251427755272566,12.548531786176913,37.94693948781261,5.304488267459959,dry_jf,210.84898907247097,3.0,4.0,6,test,False
Mandera,2023-02-01,2023,2,3,3,Crisis or worse,1.0,3.0,0.993482948642904,0.1681432178010587,1.188641711161374,-0.2894969352288544,-0.1107130247425898,14.557575701580468,21.088572384568973,49.67848795290968,-35.12091225132921,dry_jf,147.72597818452132,3.0,4.0,6,test,False
Marsabit,2023-02-01,2023,2,3,3,Crisis or worse,1.0,3.0,0.9337767803562236,-0.0350602619890776,-0.6992542521605194,-0.5349934448496317,-0.1797785081266287,8.17733920855757,6.042808567110602,11.91200187058134,-3.734662662023771,dry_jf,183.11284628508548,3.0,4.0,6,test,True
Meru,2023-02-01,2023,2,1,1,Minimal,0.0045988689466513,1.493941042089677,0.999903618041161,1.3729895558220622,0.2589484807692505,-1.4662686097147382,-1.369797273349378,34.81975406685112,3.753908417721669,40.72993294882388,-5.910178881972762,dry_jf,469.95952152110806,1.0,4.0,6,test,False
Migori,2023-02-01,2023,2,1,1,Minimal,0.0,1.0,0.8093394361863654,2.6056890681034472,1.7590847042404814,1.3416191753917468,1.7267850834478589,50.90120237959503,46.091553249568335,70.91967442699422,-20.018472047399193,dry_jf,460.4970135975702,1.0,4.0,6,test,False
Mombasa,2023-02-01,2023,2,1,1,Minimal,0.0,1.024159169166952,0.9454988271665984,0.0580227878595187,2.099591371808224,-0.1287282409694985,-0.8005079826257115,31.05689181587301,30.25322545742568,-6.237729962556196,37.2946217784292,dry_jf,339.4545465241538,1.0,4.0,6,test,False
Murang'a,2023-02-01,2023,2,1,1,Minimal,0.0,1.0,0.9998960447776896,-0.0632986716753001,-0.8929372771589992,-1.2151102953017705,-1.0158822033524153,35.76449038546893,-21.45176987648776,80.14319717696134,-44.378706791492405,dry_jf,600.9606534616394,1.0,4.0,6,test,False
Nairobi,2023-02-01,2023,2,1,1,Minimal,0.0,1.0004033639580097,0.9993429939949854,-0.9135827047043308,-1.391426068147976,-1.450670829527379,-1.1998733281340743,-0.7269148734671779,-22.720668294296257,25.809516964412296,-26.536431837879473,dry_jf,349.07589029272395,1.0,4.0,6,test,False
Nakuru,2023-02-01,2023,2,1,1,Minimal,0.0,1.002054489930805,0.9758551681458985,1.1062459644979374,-0.15643884198856,-0.4218708124074393,-0.2449419725226851,48.26898483278285,36.604248008784886,38.562798064059976,9.706186768722873,dry_jf,337.82261196850334,1.0,4.0,6,test,False
Nandi,2023-02-01,2023,2,1,1,Minimal,0.0,1.0,0.9998151603533764,3.866801503775589,1.9545870084842665,1.1118595262647926,-0.5170973267724016,52.77159902793297,38.95602774949472,90.47712489962277,-37.705525871689794,dry_jf,636.3375639959971,1.0,4.0,6,test,False
Narok,2023-02-01,2023,2,2,2,Stressed,0.0,1.5198887031932586,0.992665047219088,1.7968487322601807,0.6134457519284854,0.0323848843260538,0.3627199377399529,48.32927925647144,13.053072596073948,49.29338120384915,-0.9641019473777135,dry_jf,449.4351533314782,1.0,4.0,6,test,False
Nyamira,2023-02-01,2023,2,1,1,Minimal,0.0,1.0,0.999826225293629,2.6585149260253385,1.4897982851142948,1.7475564003100168,1.4560129323773952,64.8646195130186,33.03226159392196,60.10076859861695,4.763850914401644,dry_jf,707.0676224501927,1.0,4.0,6,test,False
Nyandarua,2023-02-01,2023,2,1,1,Minimal,0.0,1.0051678580196777,0.9999166595581316,0.1976408413474273,-1.0445433380994704,-1.2812912928390046,-1.058366868322933,25.889141765119053,11.403779131795307,36.5152813856876,-10.626139620568548,dry_jf,478.59632261521887,1.0,4.0,6,test,False
Nyeri,2023-02-01,2023,2,2,2,Stressed,0.0,1.5479244481678864,0.9998906213099176,0.6638618594027135,-0.5918841588494674,-1.1336333092453152,-1.0886424628747946,4.778983135198653,-4.925422093973317,67.21998868101328,-62.441005545814626,dry_jf,596.5685209899478,2.0,4.0,6,test,False
Samburu,2023-02-01,2023,2,3,3,Crisis or worse,0.8831169733268573,2.883116973326857,0.9999103505205332,-0.0076864184225321,-0.8375197050780193,-0.5498127902370553,-0.1965024127900288,29.22972433815541,0.3447709051212426,13.609812807146676,15.619911531008734,dry_jf,233.37064745956647,3.0,4.0,6,test,True
Siaya,2023-02-01,2023,2,1,1,Minimal,0.0,1.0,0.7130635075059107,1.798919192959365,0.6973119748622665,0.5517535213397193,0.4015755211068237,92.05344699355533,54.17167996756953,70.58702992040354,21.46641707315179,dry_jf,703.9110029852106,1.0,4.0,6,test,False
Taita Taveta,2023-02-01,2023,2,2,2,Stressed,0.0018167650223728,2.001816765022373,0.9966783872024052,-0.5859356840869341,0.5557452868312278,-1.3392189023245584,-0.6330272762801301,38.560544021218,-16.099556913119816,16.294126799994956,22.266417221223044,dry_jf,337.281834884778,2.0,4.0,6,test,False
Tana River,2023-02-01,2023,2,3,3,Crisis or worse,0.9996164899298422,2.9996164899298425,0.9998362955636796,-0.1460049934066704,0.1312576834707913,-1.5710033987824237,-1.6249419319438267,17.620082262314416,9.50369011813479,18.584430222194687,-0.9643479598802713,dry_jf,208.9215702880231,3.0,4.0,6,test,False
Tharaka-Nithi,2023-02-01,2023,2,2,2,Stressed,0.0001485940499499,1.5709546690182117,0.9999875926821788,0.6278834783325663,-0.0924371062841039,-1.2970722852466077,-1.083921892376742,38.72277365276852,10.856472884662814,49.44700370761468,-10.72423005484616,dry_jf,386.5660928989662,3.0,4.0,6,test,False
Trans Nzoia,2023-02-01,2023,2,1,1,Minimal,0.0,1.0,0.9977780064560036,3.732401846207006,2.095000440817958,1.2564903815528017,-0.3387116449131843,61.13433818737612,-9.95664681924803,83.21798627917718,-22.08364809180106,dry_jf,575.422482832226,1.0,4.0,6,test,False
Turkana,2023-02-01,2023,2,3,3,Crisis or worse,0.9999268569640768,2.999926856964077,0.9601531920015408,0.3961753883746782,-0.7307581191443671,-0.5739540079768505,-0.0556526955455843,56.87781970933321,31.39409018495312,43.07080103290557,13.807018676427639,dry_jf,134.93439886021372,3.0,4.0,6,test,True
Uasin Gishu,2023-02-01,2023,2,1,1,Minimal,0.0,1.0,0.9999480360329532,3.429643489684535,1.9697158137008897,0.6021865599309465,-0.9645094748217564,64.6816710698635,58.22365297018548,83.66124243730047,-18.979571367436975,dry_jf,466.5756532543863,1.0,4.0,6,test,False
Vihiga,2023-02-01,2023,2,1,1,Minimal,0.0,1.0,0.999819355374512,2.1219030503677425,0.7936533634744161,0.6101601206476476,-0.1120551995240324,78.79752267272221,49.90571045857743,89.39532742652955,-10.597804753807338,dry_jf,638.2354464495623,1.0,4.0,6,test,False
Wajir,2023-02-01,2023,2,3,3,Crisis or worse,0.9999999861445172,2.999999986144517,0.99963356076371,-0.43306815870635,0.6028475921778582,-0.6257232856134683,-0.5356304344181226,8.39781382273646,18.69522759711682,26.562020165719304,-18.164206342982844,dry_jf,220.92597534518788,3.0,4.0,6,test,True
West Pokot,2023-02-01,2023,2,2,2,Stressed,0.3760207752654645,2.258629192005005,0.9926739731095792,1.6405781485061348,-0.1073291311300205,-0.7504863119963733,-0.9947458587254736,73.1368389240668,31.31122390321117,47.113275080727846,26.02356384333895,dry_jf,366.78840132412165,2.0,4.0,6,test,False
Baringo,2023-06-01,2023,6,2,2,Stressed,0.4087889277586709,2.28311320396872,0.9999856886432824,0.2662009951033212,0.3752069603801309,0.5914732813582609,0.9621959320591807,23.17721147221559,9.46840951063713,46.741006762427936,-23.563795290212347,dry_jjas,407.6410955536569,2.0,4.0,6,test,True
Bomet,2023-06-01,2023,6,1,1,Minimal,0.0,1.0,0.9999591445797528,2.3788419209469938,2.245479568927111,3.0868778810710964,2.4906844416696887,81.94349730360976,17.24486377576437,51.15692669158845,30.786570612021308,dry_jjas,705.0356352221398,1.0,4.0,6,test,False
Bungoma,2023-06-01,2023,6,1,1,Minimal,0.0,1.0,0.9970207416060456,0.7217048095396938,0.3308591693737072,1.4342906873128445,1.4513258366865052,74.68389966770627,26.36485432819095,108.9789302252816,-34.29503055757533,dry_jjas,684.143518918554,1.0,4.0,6,test,False
Busia,2023-06-01,2023,6,1,1,Minimal,0.0,1.0,0.914162035136638,1.1929177333310377,0.370929419169614,1.0433005312970334,0.8888483145933137,74.32055220826796,32.683134215819685,39.27138210906081,35.049170099207146,dry_jjas,504.89251568895395,1.0,4.0,6,test,False
Elgeyo-Marakwet,2023-06-01,2023,6,1,1,Minimal,0.0002364710036797,1.003992489490533,0.9999614710628044,0.5750638879070054,0.4428132077604188,1.0888624876929238,1.3106945690372251,40.48026223174504,6.9929754163301086,34.8693152167319,5.610947015013139,dry_jjas,424.00498148048365,1.0,4.0,6,test,False
Embu,2023-06-01,2023,6,3,3,Crisis or worse,0.6676722065249641,2.335344413049928,0.999984606567881,-0.3630434955342578,-0.5416640306502856,-0.5219395596084968,-1.1621100713632284,80.2629309157212,45.98573502002554,12.377790419912714,67.88514049580849,dry_jjas,401.4457023614595,2.0,4.0,6,test,False
Garissa,2023-06-01,2023,6,3,3,Crisis or worse,0.999999997376217,2.999999997376217,0.9994707812555468,-0.6691298791724806,-0.4446687906465052,-0.5956486996741291,-0.8658223223134577,24.65236776589497,13.686564410924646,-7.604054152079689,32.256421917974656,dry_jjas,210.6771075185111,3.0,4.0,6,test,False
Homa Bay,2023-06-01,2023,6,1,1,Minimal,0.0,1.0,0.6628357436647451,1.9028275112084012,1.2817292038287311,1.8407274496114323,1.2518504368202192,62.98656750309837,26.75375495700335,30.992573899964547,31.993993603133823,dry_jjas,658.3122810444571,1.0,4.0,6,test,False
Isiolo,2023-06-01,2023,6,3,3,Crisis or worse,0.9999988531338484,2.9999977064437453,0.9999974409255082,-0.0050633448661348,-0.2955026082176287,-0.2979268349036491,-1.1820400243876992,3.460401886379855,-7.798942621229642,-12.741647287686453,16.202049174066307,dry_jjas,121.15801476654195,3.0,4.0,6,test,False
Kajiado,2023-06-01,2023,6,2,2,Stressed,0.0010385364350929,1.9997004903834876,0.9866597051042564,-0.3088803255705624,-0.2425820451706733,-0.2814496684220737,-1.1433157768213054,19.513281925298227,0.5102815566811734,3.188624567788287,16.32465735750994,dry_jjas,244.0590119973267,2.0,4.0,6,test,False
Kakamega,2023-06-01,2023,6,1,1,Minimal,0.0,1.0,0.9998432712295532,1.8987732696903965,1.4650337248728167,2.7173827105600905,2.0152626360797967,71.48775391572843,34.07971963645391,46.48818903720122,24.999564878527217,dry_jjas,521.962946970816,1.0,4.0,6,test,False
Kericho,2023-06-01,2023,6,1,1,Minimal,0.0,1.0,0.9999526229648772,2.10464154074977,2.1354546150995626,3.5404074915166754,2.77263265816065,67.80240987226692,35.97716543175312,66.88970241603408,0.9127074562328374,dry_jjas,577.6437811642602,1.0,4.0,6,test,False
Kiambu,2023-06-01,2023,6,1,1,Minimal,0.0,1.001036389650512,0.9998318358451644,-1.0699187190554709,-0.3372980886358095,-0.4432095331349718,-1.1446059954174368,36.22126823726104,-23.876574309100707,33.02879873010895,3.19246950715209,dry_jjas,365.1581675938478,1.0,4.0,6,test,False
Kilifi,2023-06-01,2023,6,2,2,Stressed,0.0026957456765993,2.0026338916386948,0.9941928245142848,-1.0225536980043688,-0.7982477365853003,-0.4795555008214471,-1.0838032309410668,-3.2469927826878062,16.13597137234763,-16.923950590210367,13.67695780752256,dry_jjas,485.9236308469297,2.0,4.0,6,test,False
Kirinyaga,2023-06-01,2023,6,1,1,Minimal,0.0002972918804706,1.0005945837609411,0.9999074216214416,-0.5067487699821056,-0.3259375875204824,-0.1910889054799917,-1.0305822259354334,100.24913862148354,13.197175165260283,35.4084459248486,64.84069269663493,dry_jjas,523.427425427593,1.0,4.0,6,test,False
Kisii,2023-06-01,2023,6,1,1,Minimal,0.0,1.0,0.9995821721572732,2.261247090482542,1.759014179838991,2.2921205066094834,1.6206400680663813,85.98129256107221,23.73321640123461,79.04600387641106,6.9352886846611455,dry_jjas,771.8724273402603,1.0,4.0,6,test,False
Kisumu,2023-06-01,2023,6,1,1,Minimal,0.0,1.0,0.7829061444141889,2.294228639139299,1.7830609128612622,2.660780094818469,1.9346157964439648,74.29765927452115,20.44859677718783,55.906635249400864,18.391024025120288,dry_jjas,650.4965825795291,1.0,4.0,6,test,False
Kitui,2023-06-01,2023,6,3,3,Crisis or worse,0.999426101429152,2.998873660690461,0.9999744547689444,-0.5264398390672533,-0.6346402211521432,-0.6141953514901481,-1.0977303745058775,32.68745765358534,12.441626832062676,-6.146869092211141,38.83432674579648,dry_jjas,350.0498777837523,3.0,4.0,6,test,False
Kwale,2023-06-01,2023,6,2,2,Stressed,0.0,1.99971200940671,0.9912639533016686,-0.296703819387506,-0.365949129054499,0.2498220949658725,-0.483190364291635,10.081903383419386,2.977415869177956,-2.0079452663844504,12.089848649803836,dry_jjas,461.4118591660762,2.0,4.0,6,test,False
Laikipia,2023-06-01,2023,6,3,3,Crisis or worse,0.8887705938356851,2.887752003299746,0.9999985455548964,-0.0519703286455561,-0.3082064627773567,-0.2072435957966761,-0.0236270968469726,19.783472308765145,-16.03766720089719,27.13437874441341,-7.350906435648266,dry_jjas,378.6133408439104,2.0,4.0,6,test,False
Lamu,2023-06-01,2023,6,2,2,Stressed,0.0078360899683419,2.007836089968342,0.9773409282733216,-1.3420619257495874,-0.8214167805076777,-1.228125293887495,-1.760091557492483,43.541743905956366,35.80948437620024,4.398713659081276,39.14303024687509,dry_jjas,394.8891092289726,2.0,4.0,6,test,False
Machakos,2023-06-01,2023,6,1,1,Minimal,0.0042536545051138,1.009008986796941,0.9999321623262246,-1.1028858411976752,-0.5535030871073462,-0.5814241414012948,-1.373085190159346,48.532212315549394,7.941559985414941,-0.9874088609557332,49.519621176505126,dry_jjas,347.0698296320569,1.0,4.0,6,test,False
Makueni,2023-06-01,2023,6,3,3,Crisis or worse,0.946669863887708,2.894294766691832,0.999985529780931,-0.7017740321768227,-0.7803684555601146,-0.7905334459362602,-1.0255351861333906,64.78751814128302,23.32831083711355,5.518036977476871,59.26948116380615,dry_jjas,210.84898907247097,3.0,4.0,6,test,False
Mandera,2023-06-01,2023,6,3,3,Crisis or worse,1.0,3.0,0.993483110020438,-0.4833813431001088,-0.3636999528967106,-0.3453952523877059,0.0103132718148122,-1.1487428582695425,0.9613736632062662,1.8373651640466029,-2.986108022316145,dry_jjas,147.72597818452132,3.0,4.0,6,test,False
Marsabit,2023-06-01,2023,6,3,3,Crisis or worse,1.0,3.0,0.9337761009250708,-0.105335699420605,-0.4370487107208632,-0.4705776875633335,-0.0476544100231508,-1.6115628015885826,-7.902085714050865,-10.759735632286478,9.148172830697895,dry_jjas,183.11284628508548,3.0,4.0,6,test,True
Meru,2023-06-01,2023,6,1,1,Minimal,0.4893402648102665,1.978680529620533,0.9998998814065708,0.0147439517851629,-0.4604266201858447,-0.406411342608691,-1.4764452048900674,48.05763011075441,4.332668136330568,6.34569842263776,41.71193168811665,dry_jjas,469.95952152110806,1.0,4.0,6,test,False
Migori,2023-06-01,2023,6,1,1,Minimal,0.0,1.0,0.8093394361863654,1.4432681581936722,0.9029564010939438,1.4939871145154422,1.4030638667204425,66.83716618340972,30.54877004636017,50.42474085843467,16.412425324975054,dry_jjas,460.4970135975702,1.0,4.0,6,test,False
Mombasa,2023-06-01,2023,6,1,1,Minimal,0.0,1.024159169166952,0.9454988271665984,-0.4268396318959598,-0.7271294109352229,0.3282405804413807,-0.8588424956039329,19.06343015470516,21.16780338762329,8.432134829358908,10.631295325346251,dry_jjas,339.4545465241538,1.0,4.0,6,test,False
Murang'a,2023-06-01,2023,6,1,1,Minimal,0.0,1.0,0.9998960447776896,-1.1571533152781872,-0.1264823073842713,-0.1915323542632592,-1.2172540685016355,90.63524208795542,15.071119157982835,38.26735186840685,52.36789021954857,dry_jjas,600.9606534616394,1.0,4.0,6,test,False
Nairobi,2023-06-01,2023,6,1,1,Minimal,0.0,1.0004033639580097,0.9993429939949854,-0.9410526484623564,-0.493251754336307,-0.6128680568301959,-1.2633307376756404,19.42678076935587,-21.386704492429597,-10.740544868872592,30.167325638228462,dry_jjas,349.07589029272395,1.0,4.0,6,test,False
Nakuru,2023-06-01,2023,6,1,1,Minimal,0.0,1.002054489930805,0.9758551681458985,0.0496795687824116,0.8809831347187613,1.24275735960471,1.0061121371597606,41.68191616468119,22.841098386002265,53.921664941889794,-12.239748777208604,dry_jjas,337.82261196850334,1.0,4.0,6,test,False
Nandi,2023-06-01,2023,6,1,1,Minimal,0.0,1.0,0.9998151603533764,2.316742871003697,2.0563093658163494,3.62031450849362,2.5306890410638543,76.10027389058737,22.264340864952096,48.30713280607474,27.793141084512634,dry_jjas,636.3375639959971,1.0,4.0,6,test,False
Narok,2023-06-01,2023,6,2,2,Stressed,0.0,1.5198887031932586,0.992665047219088,0.8447582743135666,1.1621290122231724,1.635090287239661,1.8117197109801688,48.14347581891538,8.913204244102147,46.81660315554626,1.326872663369116,dry_jjas,449.4351533314782,2.0,4.0,6,test,False
Nyamira,2023-06-01,2023,6,1,1,Minimal,0.0,1.0,0.999826225293629,2.835461422272142,2.329629703600954,2.9149100322872115,1.8512643749561173,88.75374880749467,34.22138581148401,69.42979683107936,19.323951976415316,dry_jjas,707.0676224501927,1.0,4.0,6,test,False
Nyandarua,2023-06-01,2023,6,1,1,Minimal,0.0009519769063207,1.0061198349259983,0.9999166595581316,-0.6785380098521953,0.0870100338571959,0.0482116494990127,-0.02983180183832,77.21607532087926,42.78488342133696,54.13960711950353,23.076468201375725,dry_jjas,478.59632261521887,1.0,4.0,6,test,False
Nyeri,2023-06-01,2023,6,3,3,Crisis or worse,0.5432317644141675,2.0911609634396475,0.9999011292611956,-0.4711720921495033,-0.1518050004575286,-0.0605891641930518,-0.6953621214068965,44.6935582973397,-18.89703880863981,17.85120861613033,26.84234968120937,dry_jjas,596.5685209899478,2.0,4.0,6,test,False
Samburu,2023-06-01,2023,6,3,3,Crisis or worse,1.0,3.0,0.9999064845337344,0.1892493573207397,-0.5858223800783627,-0.7069528292773992,-0.972515624302572,13.23234573085965,-8.922549126824395,8.348574332934414,4.883771397925237,dry_jjas,233.37064745956647,3.0,4.0,6,test,True
Siaya,2023-06-01,2023,6,1,1,Minimal,0.0,1.0,0.7130635075059107,1.6519349662643663,0.9874137189716576,1.3989843693949764,0.9257018353540156,59.3118527182781,32.11963573234489,26.757583276973747,32.55426944130435,dry_jjas,703.9110029852106,1.0,4.0,6,test,False
Taita Taveta,2023-06-01,2023,6,2,2,Stressed,0.0022386165941925,2.0022386165941923,0.9966783869663586,-0.5029646998386483,-0.4869282416654543,-0.528867998724572,-1.3919312236044632,20.23240930036695,-0.496402309610508,-3.7990807326010727,24.031490032968023,dry_jjas,337.281834884778,2.0,4.0,6,test,False
Tana River,2023-06-01,2023,6,3,3,Crisis or worse,0.999616489929842,2.999616489929842,0.9998362955636696,-0.9356094120598482,-0.6950420266711685,-0.7155771050926517,-0.7338491651973481,15.78285519139893,15.746828195397429,-4.979540760324038,20.76239595172297,dry_jjas,208.9215702880231,3.0,4.0,6,test,False
Tharaka-Nithi,2023-06-01,2023,6,3,3,Crisis or worse,0.5708060749682616,2.1416121499365235,0.9999875926821788,0.0091692967680356,-0.4996453660830767,-0.4919487576965881,-1.5248370055698928,52.01719173124295,2.3961372668412344,-6.280011548809051,58.297203280052,dry_jjas,386.5660928989662,2.0,4.0,6,test,False
Trans Nzoia,2023-06-01,2023,6,1,1,Minimal,0.0,1.0,0.9977780064560036,0.4773803810362281,0.4787844709925232,2.2132377518739634,2.23575086004758,58.52655650021946,17.529286505169804,67.52072698821144,-8.994170487991973,dry_jjas,575.422482832226,1.0,4.0,6,test,False
Turkana,2023-06-01,2023,6,3,3,Crisis or worse,0.9999916920134178,2.9999916920134178,0.9601531475987374,0.3643654701657357,0.1060880050711818,-0.0089639940974646,0.6479066272600923,18.87545913735909,10.715057982283671,17.207681087187595,1.6677780501714956,dry_jjas,134.93439886021372,3.0,4.0,6,test,True
Uasin Gishu,2023-06-01,2023,6,1,1,Minimal,0.0,1.0,0.9999480360329532,1.0552102333669344,1.238898864117169,2.752236818724464,2.3435534566748366,35.4591724372579,25.9033065231406,56.29119272610872,-20.83202028885082,dry_jjas,466.5756532543863,1.0,4.0,6,test,False
Vihiga,2023-06-01,2023,6,1,1,Minimal,0.0,1.0,0.999819355374512,2.2314519710582124,1.6668107598673685,2.363345898898007,1.6241550042029478,82.56108197808709,22.989894247189756,91.02788468648671,-8.466802708399626,dry_jjas,638.2354464495623,1.0,4.0,6,test,False
Wajir,2023-06-01,2023,6,3,3,Crisis or worse,0.9999999861444664,2.9999999861444664,0.9996299030073112,0.203315104228043,-0.3833850942376919,-0.3862416126821705,-0.6964533200010538,1.7092099301723962,-6.653865159198569,-11.118407455407665,12.82761738558006,dry_jjas,220.92597534518788,3.0,4.0,6,test,True
West Pokot,2023-06-01,2023,6,2,2,Stressed,0.3760207752654645,2.258629192005005,0.9926739731095792,-0.1775636835172731,-0.4743128873886131,0.2061222857461441,1.2559608598945633,13.069054264590443,-0.9103137900885444,20.154315117527037,-7.085260852936594,dry_jjas,366.78840132412165,2.0,4.0,6,test,False
Baringo,2023-10-01,2023,10,2,2,Stressed,0.0015073178848095,1.8758317570552243,0.9999869852997916,0.5878323919310621,0.6089458167744448,0.6270064622380958,-0.6456457601007323,69.35348579595882,37.2896290078038,-2.458381013102482,71.8118668090613,short_rains,407.6410955536569,2.0,4.0,6,test,True
Bomet,2023-10-01,2023,10,1,1,Minimal,0.0,1.0,0.9999591445797528,1.6635192363264522,1.0468163023052603,1.7228619717368197,0.3618779853946788,71.94857907103575,63.38272013684861,32.83615715429468,39.11242191674107,short_rains,705.0356352221398,1.0,4.0,6,test,False
Bungoma,2023-10-01,2023,10,1,1,Minimal,0.0,1.0,0.9970207416060456,-0.3527647031256223,0.0991619898186867,0.2463009081622428,-0.5999870201983559,84.7015153180217,57.448411130123695,29.325255309329037,55.37626000869267,short_rains,684.143518918554,1.0,4.0,6,test,False
Busia,2023-10-01,2023,10,1,1,Minimal,0.0,1.0,0.914162035136638,1.4806681496939746,1.0288910396170727,0.956786936889932,-0.1814540076455535,63.65063671693935,47.07055772351485,24.760926489929112,38.88971022701024,short_rains,504.89251568895395,1.0,4.0,6,test,False
Elgeyo-Marakwet,2023-10-01,2023,10,1,1,Minimal,0.0,1.0037560184868533,0.9999614710628044,0.4578759338188018,0.3928001260792537,0.4703425716587406,-0.6305399055711995,78.71682403667947,29.309648046960103,0.7638124596272917,77.95301157705218,short_rains,424.00498148048365,1.0,4.0,6,test,False
Embu,2023-10-01,2023,10,2,2,Stressed,0.0,1.667672206524964,0.999984606567881,1.1847377552252776,0.8772712326885876,0.4869121833304016,-0.6344807578023164,101.58552888568629,39.54884839353202,12.95403114460819,88.63149774107809,short_rains,401.4457023614595,3.0,4.0,6,test,False
Garissa,2023-10-01,2023,10,3,3,Crisis or worse,0.9999999973761992,2.9999999973761997,0.9994639763046193,2.853795449617914,2.2403744931982503,1.07818152780614,-0.7797307029367242,62.93898175864952,30.34974567796993,13.668460297319124,49.2705214613304,short_rains,210.6771075185111,3.0,4.0,6,test,False
Homa Bay,2023-10-01,2023,10,1,1,Minimal,0.0,1.0,0.6628357436647451,1.339187742128247,1.7769288314358165,1.8373943840473317,0.5761101369447774,62.61459092841287,64.387621956171,25.33429046464237,37.2803004637705,short_rains,658.3122810444571,1.0,4.0,6,test,False
Isiolo,2023-10-01,2023,10,3,3,Crisis or worse,0.9996272380957968,2.9996260914018804,0.9999941154232336,1.9548059068229744,1.9221950090531912,1.4926993374122943,-0.1992039016974323,56.11635671808821,19.32769416435438,-4.894440059626827,61.01079677771504,short_rains,121.15801476654195,3.0,4.0,6,test,False
Kajiado,2023-10-01,2023,10,2,2,Stressed,0.0,1.9986619500880909,0.9866568585689732,0.2146434643102994,-0.3352863207839802,-0.6061141307668213,-0.9691118408718856,47.457775482438144,16.062750063741504,3.1264879833358705,44.331287499102274,short_rains,244.0590119973267,2.0,4.0,6,test,False
Kakamega,2023-10-01,2023,10,1,1,Minimal,0.0,1.0,0.9998432712295532,0.7715165581328136,0.7974258499711959,1.3125350351359089,0.165878888723062,74.5638215717676,59.73132041509656,24.60993885914867,49.953882712618935,short_rains,521.962946970816,1.0,4.0,6,test,False
Kericho,2023-10-01,2023,10,1,1,Minimal,0.0,1.0,0.9999526229648772,1.1283420377418718,1.0741497154391069,1.7481381149207802,0.1945461589054433,72.61446097515366,55.82181692828097,14.967041318462428,57.647419656691234,short_rains,577.6437811642602,1.0,4.0,6,test,False
Kiambu,2023-10-01,2023,10,1,1,Minimal,0.0,1.001036389650512,0.9998318358451644,-0.0230758321043688,-0.0544186737864875,-0.2147696704278867,-1.2998800927452296,18.1755988069979,7.1317369382108255,14.330488750182932,3.8451100568149688,short_rains,365.1581675938478,1.0,4.0,6,test,False
Kilifi,2023-10-01,2023,10,2,2,Stressed,0.0026957456765986,2.002633891638694,0.9941928245145446,2.6731081675343407,2.0881334159146894,0.8953001508782747,-1.1132465312338304,18.69338485236092,-11.67691408388343,5.2641813478189565,13.429203504541965,short_rains,485.9236308469297,2.0,4.0,6,test,False
Kirinyaga,2023-10-01,2023,10,1,1,Minimal,0.0,1.000297291880471,0.9999074216214416,1.160803486113179,0.8596408122640405,0.8402463220989222,-0.6897597504105919,85.21764282429498,18.51600011838748,35.617174509523046,49.60046831477194,short_rains,523.427425427593,1.0,4.0,6,test,False
Kisii,2023-10-01,2023,10,1,1,Minimal,0.0,1.0,0.9995821721572732,1.6512398687139798,1.288065710931471,1.8166216573987783,0.5125163574350267,56.03301535991502,74.49408688173028,36.60041437480347,19.43260098511155,short_rains,771.8724273402603,1.0,4.0,6,test,False
Kisumu,2023-10-01,2023,10,1,1,Minimal,0.0,1.0,0.7829061444141889,1.4761626124641518,1.4120040590052736,1.7501884283600109,0.5299940923184348,82.99289192733318,73.63075783591748,6.258549860875919,76.73434206645726,short_rains,650.4965825795291,1.0,4.0,6,test,False
Kitui,2023-10-01,2023,10,2,2,Stressed,0.0003494562889693,1.99979703734566,1.0000139082032486,2.0905230897421663,1.2635202445533409,0.2289101863017142,-0.7927838085919802,73.33419358375797,15.569215265518148,10.779868078816076,62.554325504941886,short_rains,350.0498777837523,3.0,4.0,6,test,False
Kwale,2023-10-01,2023,10,2,2,Stressed,0.0,1.99971200940671,0.9912639533016692,2.307555720038362,1.58536634554001,0.966389717751979,-0.5786971464811203,4.868439990628554,-11.281794370309871,1.1758849919674688,3.692554998661085,short_rains,461.4118591660762,2.0,4.0,6,test,False
Laikipia,2023-10-01,2023,10,2,2,Stressed,0.0030231076916906,2.0020045336566,1.0000147454807928,1.4064873203754913,1.0932884037069208,0.8748684306424065,-0.5868681060650087,55.82665874306609,12.837170960012312,-10.43356660552264,66.26022534858873,short_rains,378.6133408439104,3.0,4.0,6,test,False
Lamu,2023-10-01,2023,10,2,2,Stressed,0.0078360899683419,2.007836089968342,0.9773409282733216,3.4320157027519067,2.9394333080822417,1.7048919092533854,-1.2864197545852478,59.60499790979595,34.629958447075374,29.133112607718903,30.471885302077045,short_rains,394.8891092289726,2.0,4.0,6,test,False
Machakos,2023-10-01,2023,10,1,1,Minimal,0.0,1.0047553322918272,0.9999321623262246,0.3492592524690793,0.0805745306721451,-0.3447231461827389,-1.2599821103711826,70.88522651328739,23.494542588814223,6.83716375103821,64.04806276224919,short_rains,347.0698296320569,1.0,4.0,6,test,False
Makueni,2023-10-01,2023,10,2,2,Stressed,0.0,1.947624889737296,0.9999852802990984,0.7973004417671704,-0.0060194288148057,-0.8098426686585118,-1.087457984119087,72.78691089401552,11.400776261935926,18.370668065494403,54.41624282852112,short_rains,210.84898907247097,3.0,4.0,6,test,False
Mandera,2023-10-01,2023,10,3,3,Crisis or worse,1.0,3.0,0.993482948642904,0.5796642300590475,1.7113090829154674,1.2487432152899631,-0.5063706543199691,83.86813153977137,68.09095949596585,-4.403015479562662,88.27114701933404,short_rains,147.72597818452132,3.0,4.0,6,test,False
Marsabit,2023-10-01,2023,10,3,3,Crisis or worse,1.0,3.0,0.9337767803562236,1.7074401583270449,1.962347028774776,1.4221780232473993,-0.5857739989264571,56.59594406089857,38.57573079934957,-5.27343893523885,61.86938299613742,short_rains,183.11284628508548,3.0,4.0,6,test,True
Meru,2023-10-01,2023,10,1,1,Minimal,0.0045985762816944,1.4939407494247172,0.9999036180411556,2.1347221027608105,1.818220201200912,1.3114476768588266,-0.3816818782855491,110.44600776467271,33.43791299372986,15.4702761320342,94.97573163263851,short_rains,469.95952152110806,1.0,4.0,6,test,False
Migori,2023-10-01,2023,10,1,1,Minimal,0.0,1.0,0.8093394361863654,1.0605922794316611,1.1468866067162518,1.1712287851367107,0.163329699026648,56.99215897031147,65.94643961641329,26.845619766772884,30.146539203538588,short_rains,460.4970135975702,1.0,4.0,6,test,False
Mombasa,2023-10-01,2023,10,1,1,Minimal,0.0,1.024159169166952,0.9454988271665984,1.9364223501505256,2.0258693506003933,1.383352336998783,-0.5407925622495783,28.84457658941858,9.12934210073326,5.591324705925303,23.253251883493277,short_rains,339.4545465241538,1.0,4.0,6,test,False
Murang'a,2023-10-01,2023,10,1,1,Minimal,0.0,1.0,0.9998960447776896,0.5915677844144083,0.3947159830914896,0.4994898110106765,-1.165023815605262,46.23391113232061,40.562367268523445,28.567759389085644,17.666151743234963,short_rains,600.9606534616394,1.0,4.0,6,test,False
Nairobi,2023-10-01,2023,10,1,1,Minimal,0.0,1.0004033639580097,0.9993429939949854,-0.2058532734846204,-0.2097567757497808,-0.5509997644128485,-1.2889927453192804,45.21452462666274,15.755986961862575,0.7983399951714305,44.416184631491305,short_rains,349.07589029272395,1.0,4.0,6,test,False
Nakuru,2023-10-01,2023,10,1,1,Minimal,0.0,1.002054489930805,0.9758551681458985,0.5970719669857154,0.520749710958424,0.7614204880220317,-0.7820156336312378,58.06448294115225,20.89489568949249,-1.0810296717488304,59.14551261290108,short_rains,337.82261196850334,1.0,4.0,6,test,False
Nandi,2023-10-01,2023,10,1,1,Minimal,0.0,1.0,0.9998151603533764,0.7317121398920154,0.907321100761056,1.6833489324055433,0.2793144935537255,86.92299981497864,56.88075455350936,30.03319260755248,56.88980720742616,short_rains,636.3375639959971,1.0,4.0,6,test,False
Narok,2023-10-01,2023,10,2,2,Stressed,0.0,1.5198887031932586,0.992665047219088,0.6971600698896623,0.571671979195847,0.74809650450233,-0.6890815512121312,65.63138825778034,44.81564917123504,19.436580309473893,46.19480794830645,short_rains,449.4351533314782,2.0,4.0,6,test,False
Nyamira,2023-10-01,2023,10,1,1,Minimal,0.0,1.0,0.999826225293629,1.8538415075200936,1.4036116995912722,2.1374840652984863,0.737010891420452,37.22409932485052,59.48638470858036,36.647555032258616,0.5765442925919047,short_rains,707.0676224501927,1.0,4.0,6,test,False
Nyandarua,2023-10-01,2023,10,1,1,Minimal,0.0,1.0051678580196777,0.9999166595581316,0.4902081211715612,0.2695774112871482,0.4208349146221116,-1.0588869364508735,70.37155860781222,15.147096906329937,16.633254662710826,53.73830394510139,short_rains,478.59632261521887,1.0,4.0,6,test,False
Nyeri,2023-10-01,2023,10,2,2,Stressed,0.0,1.5479244481678869,0.9998906213099183,1.430657557551693,0.8958090215402599,0.9317339048257808,-0.8010378842943857,71.45890686410746,-22.518244950484643,15.220686906193215,56.23821995791425,short_rains,596.5685209899478,3.0,4.0,6,test,False
Samburu,2023-10-01,2023,10,3,3,Crisis or worse,0.9999652977143032,2.9999652977143034,0.9999065224702568,1.659008770519323,1.459436127491294,1.0286596590290775,-0.2838225647492505,65.07284582046867,18.9959701921712,-4.871437515692663,69.94428333616133,short_rains,233.37064745956647,3.0,4.0,6,test,True
Siaya,2023-10-01,2023,10,1,1,Minimal,0.0,1.0,0.7130635075059107,1.7062872228737471,1.791109547493564,1.659688747505788,0.3869220475739255,60.60523715383355,52.23437213144245,20.532291448608863,40.07294570522468,short_rains,703.9110029852106,1.0,4.0,6,test,False
Taita Taveta,2023-10-01,2023,10,2,2,Stressed,0.000257074476969,2.000257074476969,0.9966783872024696,1.824807610897295,0.2681983012075518,-0.2476382353685526,-0.8549205080215242,6.358610543045612,-10.34615537324455,1.165225267363829,5.193385275681782,short_rains,337.281834884778,2.0,4.0,6,test,False
Tana River,2023-10-01,2023,10,3,3,Crisis or worse,0.9990219475993868,2.9990219475993865,0.9998364505696868,3.016961373320272,1.7657025981515229,0.4725998760791771,-1.049617941062686,48.76824612351679,15.203789717397198,14.231915470409746,34.53633065310704,short_rains,208.9215702880231,3.0,4.0,6,test,False
Tharaka-Nithi,2023-10-01,2023,10,2,2,Stressed,0.0,1.5708060749682615,0.9999875926821788,1.951056064478561,1.696601830107106,1.1296056628257596,-0.3363205034860391,74.19132563218578,28.788532577296834,17.39751163986627,56.793813992319514,short_rains,386.5660928989662,3.0,4.0,6,test,False
Trans Nzoia,2023-10-01,2023,10,1,1,Minimal,0.0,1.0,0.9977780064560036,-0.2132525827694545,0.2679815284890056,0.2675272088943128,-0.6760782727477339,86.72242327228881,42.76078533012727,18.09267677211025,68.62974650017856,short_rains,575.422482832226,1.0,4.0,6,test,False
Turkana,2023-10-01,2023,10,3,3,Crisis or worse,0.9999523071884676,2.9999523071884675,0.9601531475982584,2.32260638842939,2.0591410296876345,1.733009775737642,-0.2676663840705952,75.5613190681679,46.52342589614979,9.295386633309503,66.2659324348584,short_rains,134.93439886021372,3.0,4.0,6,test,True
Uasin Gishu,2023-10-01,2023,10,1,1,Minimal,0.0,1.0,0.9999480360329532,0.49640508603017,0.6449317265907516,1.051631977949285,-0.3683778325757086,70.0383557153799,45.71583743733387,12.478859101049617,57.55949661433028,short_rains,466.5756532543863,1.0,4.0,6,test,False
Vihiga,2023-10-01,2023,10,1,1,Minimal,0.0,1.0,0.999819355374512,1.252412335268375,1.1443779379653436,1.663770164737766,0.5842652055469314,76.09988229699627,57.38969066067303,42.46479307872828,33.63508921826799,short_rains,638.2354464495623,1.0,4.0,6,test,False
Wajir,2023-10-01,2023,10,3,3,Crisis or worse,0.9999999861445172,2.999999986144517,0.9996335607637094,1.4990238198928298,1.907968439953588,1.481337844768052,-0.021789767667265,80.45715831246,52.09828069775514,-4.870754714649271,85.32791302710926,short_rains,220.92597534518788,3.0,4.0,6,test,True
West Pokot,2023-10-01,2023,10,2,2,Stressed,0.0026265868449534,1.885235003584494,0.9926739731095776,0.4215429533443224,0.4836700439618793,0.0009951762618667,-1.0452181204815223,65.02595886211225,28.95080786934791,-2.5870968875959117,67.61305574970815,short_rains,366.78840132412165,2.0,4.0,6,test,False
Baringo,2024-02-01,2024,2,2,2,Stressed,0.0012764640545953,1.874969490924025,0.9999804231628514,-1.1863540827079864,-1.038722341436329,-0.1515786312154277,0.2150695860976802,44.76348644111659,35.08859802922884,44.487033177076526,0.27645326404006454,dry_jf,407.6410955536569,2.0,4.0,6,test,True
Bomet,2024-02-01,2024,2,1,1,Minimal,0.0,1.0,0.9999591445797528,-1.6672346934477764,-0.5319385877501505,1.368464012339493,1.827474510600288,53.60726817565717,73.25458885273413,54.70561180760427,-1.0983436319471025,dry_jf,705.0356352221398,1.0,4.0,6,test,False
Bungoma,2024-02-01,2024,2,1,1,Minimal,0.0,1.0,0.9970207416060456,-0.0440446700243831,0.6090556600164492,0.9217766578609188,0.8385472051181665,88.8034897896056,65.88208632781154,70.66009406622747,18.143395723378134,dry_jf,684.143518918554,1.0,4.0,6,test,False
Busia,2024-02-01,2024,2,1,1,Minimal,0.0,1.0,0.914162035136638,0.0638860610038069,0.7441776571401278,1.7917832967529237,2.244689944726863,32.31180649060276,54.08275563538479,83.27177056538478,-50.95996407478202,dry_jf,504.89251568895395,1.0,4.0,6,test,False
Elgeyo-Marakwet,2024-02-01,2024,2,1,1,Minimal,0.0,1.0006154999387935,0.9999531832842424,-0.7418197148586787,-0.7114706332897522,-0.0260032575270708,0.1619534339510505,87.56801475545925,50.14275594862423,75.92294595211877,11.645068803340479,dry_jf,424.00498148048365,1.0,4.0,6,test,False
Embu,2024-02-01,2024,2,2,2,Stressed,0.0,1.667672206524964,0.999984606567881,-0.3475560932442547,0.4629286698931331,0.4682044598215316,0.5134771815998707,90.35178663142422,42.19026413571846,69.35561541862936,20.996171212794863,dry_jf,401.4457023614595,2.0,4.0,6,test,False
Garissa,2024-02-01,2024,2,3,3,Crisis or worse,0.9998398312964832,2.999839831296484,0.999466245753788,0.3158720689969146,-1.1525683408445464,1.34690187771085,1.4749760278479689,48.43311952316503,27.394401826704243,46.14523324945523,2.287886273709802,dry_jf,210.6771075185111,3.0,4.0,6,test,False
Homa Bay,2024-02-01,2024,2,1,1,Minimal,0.0,1.0,0.6628357436647451,-0.362841847337185,0.2380586084423505,1.9142948087778284,1.292224979965766,35.52271292522215,56.06622565805331,80.15452874915854,-44.63181582393639,dry_jf,658.3122810444571,1.0,4.0,6,test,False
Isiolo,2024-02-01,2024,2,3,3,Crisis or worse,0.9981047146050628,2.998103567875343,0.99996289383669,-0.2484834276827235,0.8812591629122625,1.9536748228021688,1.9173174766100145,59.19604761049359,54.221533381411774,65.52004750716765,-6.323999896674053,dry_jf,121.15801476654195,3.0,4.0,6,test,False
Kajiado,2024-02-01,2024,2,2,2,Stressed,0.0,1.9978818682003,0.9866570549184218,-1.652484840105462,-1.123255665252048,-0.1827865620554605,-0.1574686485177853,32.13530661994937,20.97204208792973,22.706701798878708,9.42860482107066,dry_jf,244.0590119973267,2.0,4.0,6,test,False
Kakamega,2024-02-01,2024,2,1,1,Minimal,0.0,1.0,0.9998432712295532,0.0172131917883597,1.2554715132671457,1.8659924527924736,2.2314096534713714,58.07214393950488,55.59413497630665,84.93192940797493,-26.85978546847005,dry_jf,521.962946970816,1.0,4.0,6,test,False
Kericho,2024-02-01,2024,2,1,1,Minimal,0.0,1.0,0.9999526229648772,-1.6873314675365827,-0.6696657557904088,1.143339299755819,1.6129331000383862,103.28137568898316,83.77949870072815,79.30197130358312,23.979404385400045,dry_jf,577.6437811642602,1.0,4.0,6,test,False
Kiambu,2024-02-01,2024,2,1,1,Minimal,0.0,1.001036389650512,0.9998318358451616,-1.6825780272058286,-1.38228736419456,-0.4447261281050756,-0.6007336675814382,84.50292841566258,70.17151461055587,48.0240129112584,36.47891550440418,dry_jf,365.1581675938478,1.0,4.0,6,test,False
Kilifi,2024-02-01,2024,2,2,2,Stressed,0.0,1.9992691542415924,0.9941942173456324,0.4335158407315326,0.571889806083658,0.9752765677867088,0.852955051902584,31.79721644285088,45.811037672032505,37.651167697326464,-5.853951254475586,dry_jf,485.9236308469297,2.0,4.0,6,test,False
Kirinyaga,2024-02-01,2024,2,1,1,Minimal,0.0,1.000297291880471,0.9999074216214416,-0.1624278742871522,0.7727440775191107,0.4776125570934857,0.5100884636939125,108.10093435893764,33.30277137055959,67.02469561941933,41.0762387395183,dry_jf,523.427425427593,1.0,4.0,6,test,False
Kisii,2024-02-01,2024,2,1,1,Minimal,0.0,1.0,0.9995821721572732,0.0947460882242756,0.6766261118744495,1.9828199532959565,1.9627108710605423,95.98278479658173,75.92713516921458,87.27185867866254,8.710926117919186,dry_jf,771.8724273402603,1.0,4.0,6,test,False
Kisumu,2024-02-01,2024,2,1,1,Minimal,0.0,1.0,0.7829061444141889,-0.6669535024852322,0.1270042903462303,2.128397924614746,2.2181066979747945,55.2853406922157,61.39553993274342,95.88462498234252,-40.59928429012682,dry_jf,650.4965825795291,1.0,4.0,6,test,False
Kitui,2024-02-01,2024,2,2,2,Stressed,4.64735441056077e-08,1.999426147896366,0.9999744437390836,0.0739827457278161,1.736318703277913,1.2756020476386745,1.746635973456736,70.44186102455006,54.74969921444082,67.27669144172965,3.165169582820411,dry_jf,350.0498777837523,2.0,4.0,6,test,False
Kwale,2024-02-01,2024,2,2,2,Stressed,0.0,1.9964024485104197,0.9912677758629524,0.2049877959757191,1.2268944575289518,1.0097151944943752,0.8938485030906773,51.8143969929951,74.23422842777666,68.5756591049845,-16.761262111989396,dry_jf,461.4118591660762,2.0,4.0,6,test,False
Laikipia,2024-02-01,2024,2,2,2,Stressed,0.0016009953969313,2.000582419232105,1.0000126545556758,-1.2864756206526788,-0.7450879368095613,0.4786077804921515,0.9063174493542918,24.332504182331824,34.184693311668475,46.2133231254353,-21.880818943103478,dry_jf,378.6133408439104,2.0,4.0,6,test,False
Lamu,2024-02-01,2024,2,2,2,Stressed,0.0075337346269623,2.0075337346269624,0.9773149393714956,0.6034518979047079,-0.8097228546986983,-0.0391708881822491,-0.1594099660626081,69.45687228496321,59.93079288129521,78.9499176323978,-9.493045347434588,dry_jf,394.8891092289726,2.0,4.0,6,test,False
Machakos,2024-02-01,2024,2,1,1,Minimal,0.0,1.004755332291827,0.9999321623262248,-1.7465415486327307,-1.150178589662254,0.0494265799992625,-0.0023501031345528,62.28294158523538,36.96592186039899,54.26212909437446,8.02081249086092,dry_jf,347.0698296320569,1.0,4.0,6,test,False
Makueni,2024-02-01,2024,2,2,2,Stressed,0.0,1.9476236692252251,0.9999852802990988,-0.5579443427968059,0.5472975449442024,0.2051892107189893,0.5832495149746754,69.50908402176758,52.30514974438962,62.8931668758839,6.615917145883678,dry_jf,210.84898907247097,2.0,4.0,6,test,False
Mandera,2024-02-01,2024,2,3,3,Crisis or worse,1.0,3.0,0.9934829486429037,-0.0251060444007965,-0.4394271382390686,1.6614693812439851,0.3012794945748998,77.33891886228663,23.91661023660622,77.03807606433942,0.3008427979472117,dry_jf,147.72597818452132,3.0,4.0,6,test,False
Marsabit,2024-02-01,2024,2,3,3,Crisis or worse,0.9999393117411808,2.999939311741181,0.9337760885726988,-1.014345737355166,-1.195592655212765,1.9502322054876675,1.5247898946402303,54.39317809095508,50.07995955416389,49.90729357822112,4.485884512733961,dry_jf,183.11284628508548,3.0,4.0,6,test,True
Meru,2024-02-01,2024,2,1,1,Minimal,0.0045985762816944,1.49394074942472,0.9999036180411602,-0.2055300777859345,0.8015542036464587,1.5949665963381288,1.6255246042224358,105.00623926948892,61.20360606473906,83.12135706742929,21.88488220205963,dry_jf,469.95952152110806,1.0,4.0,6,test,False
Migori,2024-02-01,2024,2,1,1,Minimal,0.0,1.0,0.8093394361863654,-0.5851984842413902,0.5942118497472368,1.4360392772619075,1.0808070760251194,41.21491289050898,55.28108338500491,82.94542475291166,-41.730511862402686,dry_jf,460.4970135975702,1.0,4.0,6,test,False
Mombasa,2024-02-01,2024,2,1,1,Minimal,0.0,1.024159169166952,0.9454988271665984,-0.0506272479228968,0.9103030995749916,0.9426959378956652,0.5334802528431943,36.65875031481029,44.28913880654398,7.083504868806879,29.57524544600341,dry_jf,339.4545465241538,1.0,4.0,6,test,False
Murang'a,2024-02-01,2024,2,1,1,Minimal,0.0,1.0,0.9998960447776896,-1.3967246655010657,-0.6487720309602973,-0.0242496475349022,-0.0277073074765635,125.4645718850613,47.5611625563199,75.01888826479335,50.44568362026796,dry_jf,600.9606534616394,1.0,4.0,6,test,False
Nairobi,2024-02-01,2024,2,1,1,Minimal,0.0,1.0004033639580097,0.9993429939949852,-1.7181951655691377,-1.3993178153091226,-0.5077120882839405,-0.7827539977610563,43.15841918455756,61.452616036734426,31.014633606474508,12.143785578083051,dry_jf,349.07589029272395,1.0,4.0,6,test,False
Nakuru,2024-02-01,2024,2,1,1,Minimal,0.0,1.002054489930805,0.9758551681458985,-1.9652208256623345,-1.3147335148905084,-0.1425943712245501,0.2672654206080392,51.16684895704234,55.92494903553579,56.03458632947002,-4.867737372427676,dry_jf,337.82261196850334,1.0,4.0,6,test,False
Nandi,2024-02-01,2024,2,1,1,Minimal,0.0,1.0,0.9998151603533764,-0.6395836302891625,0.6543979255369672,1.6839640081646643,2.1708298804288373,104.16831116286414,80.2708125375991,79.44063998294935,24.727671179914793,dry_jf,636.3375639959971,1.0,4.0,6,test,False
Narok,2024-02-01,2024,2,1,1,Minimal,0.0,1.0001312284969692,0.992664870675866,-1.2540002422149927,-0.6039816457827256,0.7871662226989463,0.5400987384233618,38.82182739660409,57.92408267546796,57.03372715258162,-18.211899755977527,dry_jf,449.4351533314782,2.0,4.0,6,test,False
Nyamira,2024-02-01,2024,2,1,1,Minimal,0.0,1.0,0.999826225293629,-0.4359249047672179,0.3075905052721842,2.0820336795186445,2.364056538705261,94.7149593032431,83.91809633004004,82.51143168828823,12.20352761495488,dry_jf,707.0676224501927,1.0,4.0,6,test,False
Nyandarua,2024-02-01,2024,2,1,1,Minimal,0.0,1.0051678580196777,0.9999166595581316,-2.184045115900196,-1.3571451292476662,-0.4998328517529112,-0.0283137453938075,81.1902225815004,52.535265090129165,60.970900190372895,20.2193223911275,dry_jf,478.59632261521887,1.0,4.0,6,test,False
Nyeri,2024-02-01,2024,2,2,2,Stressed,0.0,1.5479244481678869,0.9998906213099183,-1.1071074082268084,-0.4461680041350314,0.2926879377336315,0.4932283019476614,98.23006439923816,45.05922238959064,81.81116734937444,16.418897049863716,dry_jf,596.5685209899478,2.0,4.0,6,test,False
Samburu,2024-02-01,2024,2,2,2,Stressed,0.0033704837250453,2.0033704837250457,0.9999064817953814,-0.7508564612119027,-0.7397549364540934,1.3602706564071478,1.5450250894047193,23.180766017455444,20.864358860488032,29.831036801018247,-6.650270783562803,dry_jf,233.37064745956647,3.0,4.0,6,test,True
Siaya,2024-02-01,2024,2,1,1,Minimal,0.0,1.0,0.7130635075059107,-0.0323792787514155,0.6508775639227945,2.21713236387048,2.0557763482371425,52.61220386478155,74.80724533669455,77.13704478290698,-24.524840918125435,dry_jf,703.9110029852106,1.0,4.0,6,test,False
Taita Taveta,2024-02-01,2024,2,1,1,Minimal,0.0,1.0030037691577696,0.996689633840372,1.145593307875607,2.995818134038228,0.6072312330582664,1.729117091268636,41.160321258943306,16.432485891664196,35.71488580243659,5.445435456506715,dry_jf,337.281834884778,2.0,4.0,6,test,False
Tana River,2024-02-01,2024,2,2,2,Stressed,0.0016345853063484,2.001631980153994,0.9998461025339648,1.5786593703361718,1.2988048233166107,1.6434496167050336,2.489027512269029,43.80980407406633,33.249712414869045,47.78900899466174,-3.9792049205954143,dry_jf,208.9215702880231,3.0,4.0,6,test,False
Tharaka-Nithi,2024-02-01,2024,2,2,2,Stressed,0.0,1.5708060749682615,0.9999875926821788,-0.3940571726397926,0.7286106398919853,1.2436560805719536,1.242539645858365,92.55948503419216,34.17532981026173,60.231227925127925,32.32825710906424,dry_jf,386.5660928989662,2.0,4.0,6,test,False
Trans Nzoia,2024-02-01,2024,2,1,1,Minimal,0.0,1.0,0.9977780064560036,-0.1521696750562185,0.3851140063942443,0.6877200592744565,0.5240655440759089,81.20209959395469,69.16118624284968,79.77852513641518,1.4235744575395017,dry_jf,575.422482832226,1.0,4.0,6,test,False
Turkana,2024-02-01,2024,2,3,3,Crisis or worse,0.9997793342202268,2.9997363471646192,0.9601531475987404,-1.175314204177098,-1.228227024416615,0.8561283253330827,0.9858430019438678,34.392562509351336,27.66697029260176,40.697993868233326,-6.3054313588819895,dry_jf,134.93439886021372,3.0,4.0,6,test,True
Uasin Gishu,2024-02-01,2024,2,1,1,Minimal,0.0,1.0,0.9999480360329532,-0.8104020627216357,-0.2362947050229049,0.470787124921628,0.7475653726877343,100.25699397614753,72.50410481372482,78.44536393113276,21.811630045014766,dry_jf,466.5756532543863,1.0,4.0,6,test,False
Vihiga,2024-02-01,2024,2,1,1,Minimal,0.0,1.0,0.9998193553745144,0.1122411083732403,1.1782480419543964,2.119774627709645,2.3594913099587327,110.81284135707152,83.99238276306922,102.43025170762527,8.382589649446246,dry_jf,638.2354464495623,1.0,4.0,6,test,False
Wajir,2024-02-01,2024,2,3,3,Crisis or worse,0.9999999861444424,2.999999986144443,0.9996281767904702,1.0909273178357577,0.2648390076306187,1.7842635316743016,1.2611159854683152,82.28612604239243,59.249833959203485,66.16035958264003,16.1257664597524,dry_jf,220.92597534518788,3.0,4.0,6,test,True
West Pokot,2024-02-01,2024,2,1,1,Minimal,0.0026265871503274,1.0053642091355135,0.9926738576986502,-1.1697470987812992,-1.2463285077505857,-0.3802244564339893,-0.2302887702062301,25.483917199923678,24.00029922102304,42.83505712451035,-17.351139924586672,dry_jf,366.78840132412165,2.0,4.0,6,test,False
Baringo,2024-06-01,2024,6,2,2,Stressed,0.0,1.8736930268695733,0.999980423163988,-0.9238803095968676,0.6650468356172902,-0.0499451063704121,0.3656509515861544,57.7080587821514,66.48142668437468,55.998380929742765,1.7096778524086318,dry_jjas,407.6410955536569,2.0,4.0,6,test,True
Bomet,2024-06-01,2024,6,1,1,Minimal,0.0,1.0,0.9999591445797528,0.9352523386409468,1.867875084233368,2.122468522892301,2.2793202417697485,67.55292443454645,58.80500806433901,101.1334858803179,-33.58056144577145,dry_jjas,705.0356352221398,1.0,4.0,6,test,False
Bungoma,2024-06-01,2024,6,1,1,Minimal,0.0,1.0,0.9970207416060456,0.3282265237997431,0.3317333939646192,0.5466103342510562,1.0401467179351782,92.5120741385894,113.09966273480823,127.94159996808796,-35.42952582949856,dry_jjas,684.143518918554,1.0,4.0,6,test,False
Busia,2024-06-01,2024,6,1,1,Minimal,0.0,1.0,0.914162035136638,0.4196782827759482,1.6565831096488726,1.6719174874510891,2.3121715115271986,90.19707880283848,88.12604672202083,101.65763781989286,-11.46055901705438,dry_jjas,504.89251568895395,1.0,4.0,6,test,False
Elgeyo-Marakwet,2024-06-01,2024,6,1,1,Minimal,0.0,1.0006154999387935,0.9999531832842424,-0.7530310493824527,0.4978095652799173,0.2463392547183008,0.880284093071009,78.01683561716814,74.95148841444795,76.33147879376476,1.6853568234033816,dry_jjas,424.00498148048365,1.0,4.0,6,test,False
Embu,2024-06-01,2024,6,2,2,Stressed,0.0,1.667672206524964,0.999984606567881,-0.3917745700799933,1.4984600954649197,1.5178116008198257,0.4567448154070236,96.03347330244736,87.810358746345,43.5060546554784,52.52741864696896,dry_jjas,401.4457023614595,2.0,4.0,6,test,False
Garissa,2024-06-01,2024,6,2,2,Stressed,2.771063219523922e-05,2.0000277106321955,0.999463973682636,0.728067287320087,1.4265047263031267,1.4384995841231565,0.1045184774539406,96.77063365499303,90.14814847595729,32.103398268583426,64.6672353864096,dry_jjas,210.6771075185111,3.0,4.0,6,test,False
Homa Bay,2024-06-01,2024,6,1,1,Minimal,0.0,1.0,0.6628357436647451,0.7431347267372755,2.2106582870200286,2.355586193420441,2.646735957473825,89.06129555326355,61.42660085826403,71.21884626169546,17.842449291568087,dry_jjas,658.3122810444571,1.0,4.0,6,test,False
Isiolo,2024-06-01,2024,6,2,2,Stressed,9.035624676525336e-06,2.0000078888922217,0.9999605086275588,-0.6553842929982541,1.498422589520758,1.5082783599203924,0.8998177494606954,106.53886610135434,96.39269457315837,27.708105892293613,78.83076020906073,dry_jjas,121.15801476654195,3.0,4.0,6,test,False
Kajiado,2024-06-01,2024,6,2,2,Stressed,0.0,1.9978818682003,0.9866570549184218,-0.2284267825125239,1.297569472114105,1.3006582773540891,0.3867421354214642,84.73854463559643,106.67871803559544,20.345695037295474,64.39284959830096,dry_jjas,244.0590119973267,2.0,4.0,6,test,False
Kakamega,2024-06-01,2024,6,1,1,Minimal,0.0,1.0,0.9998432712295532,0.5452422043369144,1.3375936648611848,1.5482538658194234,2.038291537279837,90.48264835136877,110.97998752463606,99.1443038561366,-8.661655504767836,dry_jjas,521.962946970816,1.0,4.0,6,test,False
Kericho,2024-06-01,2024,6,1,1,Minimal,0.0,1.0,0.9999526229648772,0.4678197101635649,1.5397078103524338,1.693927808486114,2.1749872877991323,71.42530470296145,77.19225551760678,89.3420421918046,-17.91673748884314,dry_jjas,577.6437811642602,1.0,4.0,6,test,False
Kiambu,2024-06-01,2024,6,1,1,Minimal,0.0,1.001036389650512,0.9998318358451616,-0.1092266942216568,1.2241417509906607,1.1581269821896405,0.2572532902058789,80.66175892669682,68.4338304513696,28.139793696320968,52.521965230375855,dry_jjas,365.1581675938478,1.0,4.0,6,test,False
Kilifi,2024-06-01,2024,6,2,2,Stressed,0.0,1.9992691542415924,0.9941942173456992,1.8674006758423745,2.672063782466733,2.781797737234211,0.2728445914735262,101.8908360906847,71.71063763841937,28.16472350832818,73.72611258235652,dry_jjas,485.9236308469297,2.0,4.0,6,test,False
Kirinyaga,2024-06-01,2024,6,1,1,Minimal,0.0,1.000297291880471,0.9999074216214416,-0.3284780294549757,1.2615506081869337,1.2810032622245346,0.265499970783658,42.01537824051096,66.84588208144422,51.97833906944277,-9.962960828931806,dry_jjas,523.427425427593,1.0,4.0,6,test,False
Kisii,2024-06-01,2024,6,1,1,Minimal,0.0,1.0,0.9995821721572732,1.5051888864663518,2.8389156285478103,2.940925948039294,2.6914136992795465,89.17545467179518,34.7594903150948,66.55102159578962,22.62443307600556,dry_jjas,771.8724273402603,1.0,4.0,6,test,False
Kisumu,2024-06-01,2024,6,1,1,Minimal,0.0,1.0,0.7829061444141889,0.7619841202421753,1.971529983052423,2.19413969080378,2.607979819996204,101.55134641640772,78.30272199400915,66.92339410311753,34.627952313290194,dry_jjas,650.4965825795291,1.0,4.0,6,test,False
Kitui,2024-06-01,2024,6,2,2,Stressed,0.0,1.999426101429152,0.999974454768937,-0.1176495287590289,1.3891381244328884,1.4095376544863574,0.8131143441296835,89.47944369801071,71.66620116695194,15.627604162217128,73.85183953579359,dry_jjas,350.0498777837523,2.0,4.0,6,test,False
Kwale,2024-06-01,2024,6,2,2,Stressed,0.0,1.996402448510419,0.991267775862953,1.0933021590555514,2.935483580167352,3.0594692932441823,0.9479620878816748,94.6895443414264,78.49650149614791,51.41498047504008,43.274563866386316,dry_jjas,461.4118591660762,2.0,4.0,6,test,False
Laikipia,2024-06-01,2024,6,2,2,Stressed,0.0,1.998981396948026,0.9999862581216884,-0.570969518356673,1.1217296225127809,0.5179345154163435,0.0415581320394598,90.11492496110466,79.5944851345952,34.54118063983099,55.57374432127367,dry_jjas,378.6133408439104,2.0,4.0,6,test,False
Lamu,2024-06-01,2024,6,2,2,Stressed,0.0,2.0,0.977248259021535,2.2914826651868254,2.29346294613919,2.2961577548892094,0.2579407272223291,96.3730880134276,77.3024427405598,84.03013065291407,12.342957360513537,dry_jjas,394.8891092289726,2.0,4.0,6,test,False
Machakos,2024-06-01,2024,6,1,1,Minimal,0.0,1.004755332291827,0.9999321623262248,-0.5391216627343388,1.1086548252240338,1.0855959159372115,0.0071030905287115,97.03626208124176,58.619691695136446,10.845830953240132,86.19043112800162,dry_jjas,347.0698296320569,1.0,4.0,6,test,False
Makueni,2024-06-01,2024,6,2,2,Stressed,0.0,1.947623669225225,0.9999852802990986,-0.3487127028142676,1.331870031309038,1.3333947907636678,0.3771390359036543,103.63556664781936,75.48815313149795,18.832016295780843,84.80355035203851,dry_jjas,210.84898907247097,2.0,4.0,6,test,False
Mandera,2024-06-01,2024,6,2,2,Stressed,0.0,2.0,0.9934829486429028,-0.7790983472338984,3.338843305487837,3.405194953520034,2.399106342227264,94.13967618377248,103.41526172534216,42.95033062069909,51.18934556307339,dry_jjas,147.72597818452132,3.0,4.0,6,test,False
Marsabit,2024-06-01,2024,6,2,2,Stressed,0.0,2.0,0.9337761009358352,-0.593064900067946,2.2383466486930224,2.215002091505621,2.767448642798521,93.9877805252038,124.10276850622002,26.235518118165835,67.75226240703796,dry_jjas,183.11284628508548,3.0,4.0,6,test,True
Meru,2024-06-01,2024,6,1,1,Minimal,0.0,1.4893402648102658,0.9998998814065696,-0.3332458545416488,1.447798628403978,1.4712826714347629,1.0376779260186284,92.2226206870274,95.19870306218364,34.8434908918526,57.3791297951748,dry_jjas,469.95952152110806,1.0,4.0,6,test,False
Migori,2024-06-01,2024,6,1,1,Minimal,0.0,1.0,0.8093394361863654,1.1288947908354003,2.143264122668319,2.3533910988109694,2.394722289648116,95.79288004747012,63.789224730633535,108.72873182869456,-12.935851781224443,dry_jjas,460.4970135975702,1.0,4.0,6,test,False
Mombasa,2024-06-01,2024,6,1,1,Minimal,0.0,1.024159169166952,0.9454988271665984,1.1837153802846188,2.872457715326187,2.9075445731157616,0.2222650947869322,80.34359918193765,54.17433988095739,54.17366824520441,26.169930936733238,dry_jjas,339.4545465241538,1.0,4.0,6,test,False
Murang'a,2024-06-01,2024,6,1,1,Minimal,0.0,1.0,0.9998960447776896,-0.2433589994931253,1.618906317092495,1.476312977051407,0.0909073044930156,83.60596287004851,83.03158834946733,23.638894021797885,59.96706884825063,dry_jjas,600.9606534616394,1.0,4.0,6,test,False
Nairobi,2024-06-01,2024,6,1,1,Minimal,0.0,1.0004033639580097,0.9993429939949852,-0.2838746297871236,0.8476535098275711,0.8464058030975585,0.3276392086133914,86.56434924722379,75.70815954380065,-7.182799478108901,93.74714872533269,dry_jjas,349.07589029272395,1.0,4.0,6,test,False
Nakuru,2024-06-01,2024,6,1,1,Minimal,0.0,1.002054489930805,0.9758551681458985,-0.2705763685084205,1.2902943333325343,0.7579483237780187,0.4497303721068107,74.7117270022194,64.2106752282765,55.102556942278746,19.60917005994066,dry_jjas,337.82261196850334,1.0,4.0,6,test,False
Nandi,2024-06-01,2024,6,1,1,Minimal,0.0,1.0,0.9998151603533764,0.7809084874660663,1.611601543395211,1.8475970923423293,2.107359649258461,80.48830022597957,101.39991645889005,93.63243382304236,-13.14413359706279,dry_jjas,636.3375639959971,1.0,4.0,6,test,False
Narok,2024-06-01,2024,6,1,1,Minimal,0.0,1.0001312284969692,0.992664870675866,0.6543556965396148,1.8504352549620775,2.102850307858349,1.910439281286346,86.76937617210841,88.34304816283243,81.10306626762555,5.666309904482858,dry_jjas,449.4351533314782,1.0,4.0,6,test,False
Nyamira,2024-06-01,2024,6,1,1,Minimal,0.0,1.0,0.999826225293629,1.1876012676254106,2.448510026868057,2.6721148114992253,2.517729204680361,77.93713308656515,44.76379439056026,76.62191640596538,1.3152166805997751,dry_jjas,707.0676224501927,1.0,4.0,6,test,False
Nyandarua,2024-06-01,2024,6,1,1,Minimal,0.0,1.0051678580196777,0.9999166595581316,-0.370563932860262,0.9985913574184794,0.2266389319102394,-0.1933378268162704,77.72250348331616,29.55403100715344,92.74006498275848,-15.017561499442323,dry_jjas,478.59632261521887,1.0,4.0,6,test,False
Nyeri,2024-06-01,2024,6,2,2,Stressed,0.0,1.5479244481678869,0.9998906213099183,-0.4109786324128722,1.2943755880359666,1.0364821595394578,0.3328168632060044,51.10370730169163,86.30898296851316,45.87528561528168,5.228421686409945,dry_jjas,596.5685209899478,2.0,4.0,6,test,False
Samburu,2024-06-01,2024,6,2,2,Stressed,0.0,2.0,0.9998822673449894,-0.5906927373901927,1.5411574877896816,1.3597286560472912,2.1878932627969583,85.81539630833619,100.56141123677013,33.87324756636303,51.94214874197316,dry_jjas,233.37064745956647,2.0,4.0,6,test,True
Siaya,2024-06-01,2024,6,1,1,Minimal,0.0,1.0,0.7130635075059107,0.3761961761372117,1.7752458281840064,1.8045934400309445,2.627898143543719,86.9684358670046,77.67606843656442,98.16241431175202,-11.193978444747415,dry_jjas,703.9110029852106,1.0,4.0,6,test,False
Taita Taveta,2024-06-01,2024,6,1,1,Minimal,0.0,1.0030037691577696,0.996689633840372,0.5345528731715335,1.997636205866705,2.0510832527377487,1.032844787566501,102.76451025699735,58.129521912788455,4.101841174496328,98.66266908250103,dry_jjas,337.281834884778,1.0,4.0,6,test,False
Tana River,2024-06-01,2024,6,2,2,Stressed,0.0416259149784954,2.041623309824743,0.9998455659868808,0.7320170823644114,1.9284712187810045,2.0320165684696967,0.8244992317350431,90.91050055721963,85.67454080043414,22.82291886070996,68.08758169650967,dry_jjas,208.9215702880231,2.0,4.0,6,test,False
Tharaka-Nithi,2024-06-01,2024,6,2,2,Stressed,0.0,1.5708060749682615,0.9999875926821788,-0.3782013913778401,1.537478223180881,1.5617005191050852,0.781761692962123,68.54828628915001,65.19245003700972,20.34038035303184,48.20790593611817,dry_jjas,386.5660928989662,2.0,4.0,6,test,False
Trans Nzoia,2024-06-01,2024,6,1,1,Minimal,0.0,1.0,0.9977780064560036,0.283883661811997,0.3336008924818345,0.6762950098610261,0.9439934472055984,81.43653974423154,98.8961649316164,94.2005478492159,-12.764008104984356,dry_jjas,575.422482832226,1.0,4.0,6,test,False
Turkana,2024-06-01,2024,6,2,2,Stressed,0.0,1.999957012896412,0.960152075925058,0.0487855925816162,1.2499416344411776,0.4053075392344163,0.6978408191940608,52.92151551741261,87.81568162545055,33.29811336711496,19.62340215029765,dry_jjas,134.93439886021372,3.0,4.0,6,test,True
Uasin Gishu,2024-06-01,2024,6,1,1,Minimal,0.0,1.0,0.9999480360329532,0.0516868805174654,0.3810417542397785,0.322756853223573,1.015587125195898,72.216348851404,96.12834747094082,95.2169226623544,-23.0005738109504,dry_jjas,466.5756532543863,1.0,4.0,6,test,False
Vihiga,2024-06-01,2024,6,1,1,Minimal,0.0,1.0,0.9998193553745144,0.6336667644207614,2.041480335339125,2.273189906279073,2.6771316860255543,96.0696088463676,93.32091163756388,87.14527925180747,8.924329594560135,dry_jjas,638.2354464495623,1.0,4.0,6,test,False
Wajir,2024-06-01,2024,6,2,2,Stressed,0.0,2.0,0.9996281763295084,-0.7883070796440355,2.3021941816934457,2.3288766381936856,1.6223428277615828,93.67009977810046,82.83550663673888,24.77316179840667,68.8969379796938,dry_jjas,220.92597534518788,3.0,4.0,6,test,True
West Pokot,2024-06-01,2024,6,1,1,Minimal,0.0,1.0027376219851862,0.9926738576986502,-0.9101401143465244,0.4581275553085034,-0.0559423233923231,0.6143355947679844,51.62196250506531,82.4089442712096,43.03006178575308,8.591900719312235,dry_jjas,366.78840132412165,1.0,4.0,6,test,False
Baringo,2024-10-01,2024,10,2,2,Stressed,0.0012764640545953,1.874969490924025,0.9999804231628514,1.6381524099287763,1.1392779523037682,1.2571970568949618,0.5723587698055967,79.4714805662111,37.51236853382061,41.957279639822325,37.514200926388774,short_rains,407.6410955536569,2.0,4.0,6,test,True
Bomet,2024-10-01,2024,10,1,1,Minimal,0.0,1.0,0.9999591445797528,1.3776385578038242,1.0708698372414571,2.58398261239402,2.141380025809687,60.70413031419132,93.960945798673,113.07197442775325,-52.36784411356193,short_rains,705.0356352221398,1.0,4.0,6,test,False
Bungoma,2024-10-01,2024,10,1,1,Minimal,0.0,1.0,0.9970207416060456,0.5046920414143834,0.8174796562459604,1.148356609116684,1.623612637529882,111.97103447433764,101.67373392021096,113.45442135302578,-1.4833868786881368,short_rains,684.143518918554,1.0,4.0,6,test,False
Busia,2024-10-01,2024,10,1,1,Minimal,0.0,1.0,0.914162035136638,1.4595777657851887,1.4550266479525036,1.8968934481867132,1.8011641743768343,91.3124680227828,93.2591885269671,108.18660910767488,-16.874141084892088,short_rains,504.89251568895395,1.0,4.0,6,test,False
Elgeyo-Marakwet,2024-10-01,2024,10,1,1,Minimal,0.0,1.0006154999387935,0.9999531832842424,1.5439306185298314,1.1634872348297929,1.028845328338455,0.5057798511666348,100.41239798674133,83.91555999056331,78.7274570072953,21.684940979446026,short_rains,424.00498148048365,1.0,4.0,6,test,False
Embu,2024-10-01,2024,10,2,2,Stressed,0.0,1.667672206524964,0.999984606567881,2.4909994083373745,1.996194360195124,2.405410244284307,0.5883245375492269,115.35018202134646,69.69284958627328,65.66840138130493,49.681780640041524,short_rains,401.4457023614595,2.0,4.0,6,test,False
Garissa,2024-10-01,2024,10,2,2,Stressed,2.771063219571933e-05,2.000027710632196,0.9994639736826518,1.3710410789277083,0.7698176793562171,1.7967943128406945,0.714498236456117,105.98603365055811,81.84301993581519,89.63362120487433,16.352412445683782,short_rains,210.6771075185111,2.0,4.0,6,test,False
Homa Bay,2024-10-01,2024,10,1,1,Minimal,0.0,1.0,0.6628357436647451,1.33758152805825,0.9854485320958668,1.895530825172348,1.3908360190302695,99.29093726800822,83.79697318693215,92.14442551929127,7.1465117487169465,short_rains,658.3122810444571,1.0,4.0,6,test,False
Isiolo,2024-10-01,2024,10,2,2,Stressed,0.0015396381965284,2.0015384915015195,0.9999931626679,1.1672735200585749,0.7935328924057173,1.5096042650113732,-0.0688570098579363,69.22753872504096,67.19044474476792,106.1028980175924,-36.87535929255144,short_rains,121.15801476654195,2.0,4.0,6,test,False
Kajiado,2024-10-01,2024,10,2,2,Stressed,0.0,1.9978818682003,0.9866570549184218,2.5517404594789133,2.2531748396337723,2.6217110628563773,0.762052430060277,93.0897370773977,79.95746927443288,74.56910692119965,18.520630156198052,short_rains,244.0590119973267,2.0,4.0,6,test,False
Kakamega,2024-10-01,2024,10,1,1,Minimal,0.0,1.0,0.9998432712295532,0.4447048211809969,1.1669015818581494,1.6455619486691715,1.9998155332288212,112.91822809092228,100.99164237134669,115.39063565494727,-2.4724075640249907,short_rains,521.962946970816,1.0,4.0,6,test,False
Kericho,2024-10-01,2024,10,1,1,Minimal,0.0,1.0,0.9999526229648772,0.7242132916966423,0.9176156404070446,1.8096916042908373,1.6806586838384767,109.15350923188552,99.36344346278187,101.73510179488208,7.418407437003438,short_rains,577.6437811642602,1.0,4.0,6,test,False
Kiambu,2024-10-01,2024,10,1,1,Minimal,0.0,1.001036389650512,0.9998318358451616,3.9058678965324094,3.321822558021124,3.658596769166464,0.7676315192285801,99.06817318293449,80.02529948518448,87.04755994993201,12.020613233002479,short_rains,365.1581675938478,1.0,4.0,6,test,False
Kilifi,2024-10-01,2024,10,2,2,Stressed,0.0,1.9992691542415924,0.9941942173456784,0.1629055025916106,0.3944286194080151,3.1113991707656616,1.546261762982151,87.89892775412943,74.2741556171279,59.35435216254692,28.544575591582515,short_rains,485.9236308469297,2.0,4.0,6,test,False
Kirinyaga,2024-10-01,2024,10,1,1,Minimal,0.0,1.000297291880471,0.9999074216214416,2.9136642186635027,2.348566523090126,2.7724380251127254,0.7606931698792863,86.1649162833049,83.84047615975905,92.28609873793611,-6.12118245463121,short_rains,523.427425427593,1.0,4.0,6,test,False
Kisii,2024-10-01,2024,10,1,1,Minimal,0.0,1.0,0.9995821721572732,0.970237848862611,0.7781853904305474,2.579069346800961,2.066658286057424,103.2054190617593,101.00602958314086,99.85408175685016,3.351337304909137,short_rains,771.8724273402603,1.0,4.0,6,test,False
Kisumu,2024-10-01,2024,10,1,1,Minimal,0.0,1.0,0.7829061444141889,1.5270706493942012,1.8312345412792963,2.2008336587860526,1.7977343838651292,121.56973796866926,98.83623226211698,99.80937941705577,21.760358551613493,short_rains,650.4965825795291,1.0,4.0,6,test,False
Kitui,2024-10-01,2024,10,2,2,Stressed,0.0,1.999426101429152,0.9999744547689494,2.050981446007245,1.6417599472690207,1.9264197869042627,0.0303732112523052,102.40409899309168,58.39329333308832,49.10490786162393,53.29919113146775,short_rains,350.0498777837523,2.0,4.0,6,test,False
Kwale,2024-10-01,2024,10,2,2,Stressed,0.0,1.996402448510419,0.991267775862953,-0.015691894262067,0.436965194898938,3.4044611216464595,0.8652505186631466,101.93583948121676,78.99291281918802,69.76317790709793,32.172661574118834,short_rains,461.4118591660762,2.0,4.0,6,test,False
Laikipia,2024-10-01,2024,10,2,2,Stressed,0.0,1.998981396948026,0.9999862581216886,1.893128088304714,1.3312542825974072,1.726957356266639,0.9629082714582544,106.2195641934066,39.21375351231912,53.90179062986087,52.31777356354573,short_rains,378.6133408439104,2.0,4.0,6,test,False
Lamu,2024-10-01,2024,10,2,2,Stressed,0.0,2.0,0.977248259021535,0.3357765535475367,0.2873907694193074,2.3629972238345776,2.182157059440544,120.27916995680272,110.84755469230494,107.26286502541588,13.016304931386841,short_rains,394.8891092289726,2.0,4.0,6,test,False
Machakos,2024-10-01,2024,10,1,1,Minimal,0.0,1.004755332291827,0.9999321623262248,3.832295710936847,3.257696231507613,2.9972525983770635,0.2841718026434275,101.56105615197345,61.736104906942025,57.95708418872424,43.60397196324921,short_rains,347.0698296320569,1.0,4.0,6,test,False
Makueni,2024-10-01,2024,10,2,2,Stressed,0.0,1.947623669225225,0.9999852802990986,2.7053513216238034,2.580389430953421,2.5619820438176824,0.2063027510328684,109.7366901121685,70.65951501600226,68.10015532196222,41.636534790206284,short_rains,210.84898907247097,2.0,4.0,6,test,False
Mandera,2024-10-01,2024,10,2,2,Stressed,0.0,2.0,0.993482948642902,2.450361163438772,1.7172877709782193,3.848866435210688,-0.7832132191311343,99.27117005044596,76.20180565603889,109.06077578920896,-9.789605738763,short_rains,147.72597818452132,2.0,4.0,6,test,False
Marsabit,2024-10-01,2024,10,3,3,Crisis or worse,0.8396059031619905,2.8396059031619907,0.933777306370601,1.9164046738204863,1.444539652600672,2.0837409349273184,0.0384385149898843,75.10348230585551,55.80296637597597,74.14747437071556,0.9560079351399509,short_rains,183.11284628508548,2.0,4.0,6,test,True
Meru,2024-10-01,2024,10,1,1,Minimal,0.0,1.4893402648102645,0.9998998814065664,2.0153644301191167,1.652671999449654,2.035772878322778,0.6435152560297198,130.1651039842826,72.29562057707845,78.95958570505961,51.205518279223,short_rains,469.95952152110806,1.0,4.0,6,test,False
Migori,2024-10-01,2024,10,1,1,Minimal,0.0,1.0,0.8093394361863654,0.0622470737066879,-0.4289975762356392,1.2842540913999168,1.2893261665785047,127.29956142845292,80.96537163048762,87.68214968632907,39.61741174212385,short_rains,460.4970135975702,1.0,4.0,6,test,False
Mombasa,2024-10-01,2024,10,1,1,Minimal,0.0,1.024159169166952,0.9454988271665984,0.5583820412149708,0.7451264368777778,3.2294882395085427,0.8489922063575994,87.05226877436714,77.84762626088752,59.12811011242897,27.924158661938165,short_rains,339.4545465241538,1.0,4.0,6,test,False
Murang'a,2024-10-01,2024,10,1,1,Minimal,0.0,1.0,0.9998960447776896,4.30332433101022,3.430299822151382,4.088734832663073,0.7577504864267853,100.14766471975948,83.60589389461381,83.45466899116128,16.69299572859819,short_rains,600.9606534616394,1.0,4.0,6,test,False
Nairobi,2024-10-01,2024,10,1,1,Minimal,0.0,1.0004033639580097,0.9993429939949852,3.2903657546822545,3.0490974898061207,2.945975108227487,0.5934358248558916,80.43956900133892,76.74596916415648,64.1821215241835,16.257447477155424,short_rains,349.07589029272395,1.0,4.0,6,test,False
Nakuru,2024-10-01,2024,10,1,1,Minimal,0.0,1.002054489930805,0.9758551681458985,2.183147431108045,1.593875330339516,2.114332271142473,1.0021648725263623,85.68370992160874,64.76449257884636,78.44098545305476,7.242724468553973,short_rains,337.82261196850334,1.0,4.0,6,test,False
Nandi,2024-10-01,2024,10,1,1,Minimal,0.0,1.0,0.9998151603533764,0.4028815612108734,1.0563899480105174,1.7393489694819222,1.8748484779695151,116.99604324206754,98.73949504825003,116.5896368849306,0.4064063571369445,short_rains,636.3375639959971,1.0,4.0,6,test,False
Narok,2024-10-01,2024,10,1,1,Minimal,0.0,1.0001312284969692,0.992664870675866,3.261876066173268,2.4550324825900782,3.460387697329045,1.8045485329314013,95.14775415875634,88.96192892230575,90.75291661917495,4.394837539581388,short_rains,449.4351533314782,1.0,4.0,6,test,False
Nyamira,2024-10-01,2024,10,1,1,Minimal,0.0,1.0,0.999826225293629,1.6225399395206384,1.3203038658894024,2.665301346960029,1.9782229077637388,92.13591194991474,85.76283665132554,106.67904839528798,-14.543136445373236,short_rains,707.0676224501927,1.0,4.0,6,test,False
Nyandarua,2024-10-01,2024,10,1,1,Minimal,0.0,1.0051678580196777,0.9999166595581316,2.810885263243199,1.8723243056205183,2.267682135126326,0.7901282789574109,79.45556271687596,60.55281907812376,85.41454201134516,-5.958979294469202,short_rains,478.59632261521887,1.0,4.0,6,test,False
Nyeri,2024-10-01,2024,10,2,2,Stressed,0.0,1.5479244481678869,0.9998906213099183,3.212904815669115,2.452037439208553,2.819657939319621,0.9801308384839488,71.25526903571752,87.56546591781954,88.87046294774197,-17.615193912024452,short_rains,596.5685209899478,2.0,4.0,6,test,False
Samburu,2024-10-01,2024,10,2,2,Stressed,0.0032208904646018,2.003220890464602,0.9999064845337337,1.6059628931984586,1.145768863894066,1.398705830321839,0.745195324157957,129.74789633163826,64.91451238022776,64.60971425681785,65.1381820748204,short_rains,233.37064745956647,2.0,4.0,6,test,True
Siaya,2024-10-01,2024,10,1,1,Minimal,0.0,1.0,0.7130635075059107,1.72546119253059,1.576628475049945,1.860783871870681,1.4295481818729374,96.27637598233554,72.75540997581199,98.19676311292156,-1.9203871305860218,short_rains,703.9110029852106,1.0,4.0,6,test,False
Taita Taveta,2024-10-01,2024,10,1,1,Minimal,0.0,1.0030037691577696,0.996689633840372,-0.0794307026683834,1.0943347506432597,2.378691679739373,0.7402575602227659,98.49476169001646,73.04583093859004,66.80760195565884,31.68715973435762,short_rains,337.281834884778,1.0,4.0,6,test,False
Tana River,2024-10-01,2024,10,2,2,Stressed,0.0420742874764704,2.0420716823227183,0.9998455659868885,0.7305024217486338,0.5375130829279288,2.0255661773609406,0.6900557646425273,84.6338447580476,66.72284454774329,55.5633299120192,29.070514846028402,short_rains,208.9215702880231,2.0,4.0,6,test,False
Tharaka-Nithi,2024-10-01,2024,10,2,2,Stressed,0.0,1.5708060749682615,0.9999875926821788,2.25233065748348,1.88909154700834,2.341213564988063,0.5592959472626312,84.22848917958319,55.47265544371714,61.1266903530566,23.10179882652659,short_rains,386.5660928989662,2.0,4.0,6,test,False
Trans Nzoia,2024-10-01,2024,10,1,1,Minimal,0.0,1.0,0.9977780064560036,1.2843160183801985,1.0686895153518252,1.167884683188894,1.1847810889153405,98.40970356871073,84.98667471735808,83.26700676835715,15.142696800353576,short_rains,575.422482832226,1.0,4.0,6,test,False
Turkana,2024-10-01,2024,10,3,3,Crisis or worse,0.889722975234102,2.8896799887848537,0.9601666913562482,3.1785467335504825,2.510287937884307,2.492774098958746,1.224451655851605,107.24652841125848,47.39760804053378,36.122502475900006,71.12402593535847,short_rains,134.93439886021372,2.0,4.0,6,test,True
Uasin Gishu,2024-10-01,2024,10,1,1,Minimal,0.0,1.0,0.9999480360329532,1.2181165140990378,1.134666342176113,1.1134910345800524,0.8710836449169456,107.5632577775118,81.55217096113793,83.2557187770051,24.307539000506694,short_rains,466.5756532543863,1.0,4.0,6,test,False
Vihiga,2024-10-01,2024,10,1,1,Minimal,0.0,1.0,0.9998193553745144,0.6854219820647479,1.6899850569756376,2.1961019089782456,2.1589226882394024,125.35150703688583,90.95086354764288,116.99419376585485,8.35731327103099,short_rains,638.2354464495623,1.0,4.0,6,test,False
Wajir,2024-10-01,2024,10,2,2,Stressed,8.05865442511218e-07,2.0000008058654424,0.9996281763295076,1.1983019794415108,0.800016656323627,2.4003947543099056,-0.83729585126428,111.22664173649798,83.37184763142982,116.590034170725,-5.363392434227023,short_rains,220.92597534518788,2.0,4.0,6,test,True
West Pokot,2024-10-01,2024,10,1,1,Minimal,0.0014133087065048,1.004150930691691,0.9926738576986502,1.6847640875498568,1.2728670628612675,1.073535558836226,0.6911919597544709,76.1583621424385,52.98905232738095,36.19728253345574,39.961079608982764,short_rains,366.78840132412165,1.0,4.0,6,test,False
Baringo,2025-10-01,2025,10,2,2,Stressed,0.0012764641984947,1.9989532115509372,0.9999803104322158,0.2663231222417128,0.6038704374919327,0.8321507600425264,-0.7523006102348258,102.88301894467168,75.38442711805943,36.05940200133311,66.82361694333856,short_rains,407.6410955536569,2.0,12.0,6,test,True
Bomet,2025-10-01,2025,10,1,1,Minimal,0.0,1.0001339296253435,0.9999591929168596,2.190705204801588,1.193249877540231,1.5124175285685175,0.0085995867898674,75.16410943846493,58.62618811129994,91.5816431546433,-16.41753371617837,short_rains,705.0356352221398,1.0,12.0,6,test,False
Bungoma,2025-10-01,2025,10,1,1,Minimal,0.0,1.0,0.9970207416060456,-0.4075787813741289,0.1451801417638791,0.9035824854834552,-0.7128581101481757,93.21803712232342,69.55479017015696,64.017369485091,29.200667637232428,short_rains,684.143518918554,1.0,12.0,6,test,False
Busia,2025-10-01,2025,10,1,1,Minimal,0.0,1.0,0.914162035136638,0.0196325112989108,-0.1421625365619529,1.0034512584045503,-0.5382298521950724,79.87620013732949,67.83465067936838,54.33940674043409,25.536793396895398,short_rains,504.89251568895395,1.0,12.0,6,test,False
Elgeyo-Marakwet,2025-10-01,2025,10,1,1,Minimal,0.0,1.006823270599314,0.9999614908731612,-0.0219108426831973,0.1699896937115646,0.5407081046673529,-0.963366639680779,112.11079107689125,65.98762691424552,28.83656504601386,83.27422603087739,short_rains,424.00498148048365,1.0,12.0,6,test,False
Embu,2025-10-01,2025,10,2,2,Stressed,0.0,1.732744976970628,0.9999856347404928,0.368194524412456,1.0645573615193624,0.9644913752918596,-0.3722152512416205,131.20315353429123,83.06060142423397,53.56575789457715,77.63739563971407,short_rains,401.4457023614595,2.0,12.0,6,test,False
Garissa,2025-10-01,2025,10,2,2,Stressed,0.0,2.0,0.999463973682226,0.1322478768434325,0.7940895596575249,0.7698313474959989,-1.0742075408815912,86.1698437359245,71.25054084801098,34.47542087821023,51.69442285771427,short_rains,210.6771075185111,2.0,12.0,6,test,False
Homa Bay,2025-10-01,2025,10,1,1,Minimal,0.0,1.0,0.6628357436647451,0.4733590438354708,0.0950310307850282,0.6936682097867785,-0.2117238536531559,95.85819907889405,68.61278600029182,56.92328721930623,38.934911859587814,short_rains,658.3122810444571,1.0,12.0,6,test,False
Isiolo,2025-10-01,2025,10,2,2,Stressed,0.0015306028690628,2.001530602869063,0.9999931612571556,0.3553958069168622,0.7896101888146925,0.5430585663714217,-1.4536411126171993,58.29964544213,61.6378615878139,28.723578429048107,29.576067013081893,short_rains,121.15801476654195,2.0,12.0,6,test,False
Kajiado,2025-10-01,2025,10,2,2,Stressed,0.0,1.9988406914293937,0.986656858550284,0.439399445745901,1.2112698474117285,1.6678747611924056,0.199993868555704,103.07266834409133,74.82034526744229,52.620317981435576,50.45235036265575,short_rains,244.0590119973267,2.0,12.0,6,test,False
Kakamega,2025-10-01,2025,10,1,1,Minimal,0.0,1.0,0.9998432712295532,0.735136332874165,0.622525898534873,1.2782519754574388,-0.5372446790884454,94.16030013715871,81.23627197532305,66.2949213515207,27.865378785638015,short_rains,521.962946970816,1.0,12.0,6,test,False
Kericho,2025-10-01,2025,10,1,1,Minimal,0.0,1.001244210964178,0.999952622964877,1.0340765844570112,1.075742527895694,1.2644631520763054,-0.4753441640949719,108.63178602268252,71.08087111130504,68.9199438622646,39.711842160417916,short_rains,577.6437811642602,1.0,12.0,6,test,False
Kiambu,2025-10-01,2025,10,1,1,Minimal,0.0,1.001036389650512,0.9998318358451644,0.8444352249785805,0.8221815968936252,1.4396314845016978,0.2821902249442477,113.26347068667904,72.61714103745194,73.5387455951041,39.72472509157494,short_rains,365.1581675938478,1.0,12.0,6,test,False
Kilifi,2025-10-01,2025,10,2,2,Stressed,0.0,1.999938145718068,0.9941889022285504,-0.3154609940333487,-0.2183423790741636,0.3219629524830301,0.6900510078500666,76.86264555405181,37.39322629960738,26.99840147994116,49.86424407411065,short_rains,485.9236308469297,2.0,12.0,6,test,False
Kirinyaga,2025-10-01,2025,10,1,1,Minimal,0.0,1.000473886978955,0.9999074216215526,0.7004809829242681,0.8476869948378136,1.1806685193161626,-0.1172088121854724,141.540445690991,78.85219726054832,96.52423677047108,45.016208920519915,short_rains,523.427425427593,1.0,12.0,6,test,False
Kisii,2025-10-01,2025,10,1,1,Minimal,0.0,1.0,0.9995821721614786,1.829487739147311,0.8565437000666876,1.4569598515508018,0.1596810385450132,92.4418667089078,70.12305568368089,79.60483111785601,12.837035591051787,short_rains,771.8724273402603,1.0,12.0,6,test,False
Kisumu,2025-10-01,2025,10,1,1,Minimal,0.0,1.0,0.7829061444141885,1.1046555344607616,0.8827310317477836,1.3716671232328603,-0.1830192278819541,116.63209831611482,82.68608187811245,60.28194529004296,56.35015302607186,short_rains,650.4965825795291,1.0,12.0,6,test,False
Kitui,2025-10-01,2025,10,2,2,Stressed,0.0,1.999447559261309,0.9999744547689452,0.869803820288978,1.3182552817456392,0.9071625723909772,-0.7218715801235075,110.09513163497792,55.18814637129989,30.240500997136888,79.85463063784103,short_rains,350.0498777837523,2.0,12.0,6,test,False
Kwale,2025-10-01,2025,10,2,2,Stressed,0.0,1.99971200940671,0.9912639533016692,-0.0293860560493009,0.0174843138108812,0.2471601420531055,0.3249803076216301,89.40594325716054,38.26788989235535,39.75571996175258,49.65022329540796,short_rains,461.4118591660762,2.0,12.0,6,test,False
Laikipia,2025-10-01,2025,10,2,2,Stressed,0.0,1.9992483815819568,0.9999849939486002,0.133652531257648,0.4728830708896157,0.3168366530930248,-0.7981017028597004,93.6109061378362,55.05064208585791,38.68821149752084,54.922694640315356,short_rains,378.6133408439104,2.0,12.0,6,test,False
Lamu,2025-10-01,2025,10,2,2,Stressed,0.0,2.0,0.977248259021535,-0.5503034235584977,-0.1662775671415805,0.4626393497462934,-0.0551152451957642,85.61858423521785,55.78735144756634,51.824327212982574,33.79425702223528,short_rains,394.8891092289726,2.0,12.0,6,test,False
Machakos,2025-10-01,2025,10,1,1,Minimal,0.0,1.0053594702105009,0.9999321623277222,0.3247307836889276,1.2335652963193766,1.1547460928075384,-0.1049003098939261,107.39173183078654,69.27131503403324,46.22445081058776,61.16728102019878,short_rains,347.0698296320569,1.0,12.0,6,test,False
Makueni,2025-10-01,2025,10,2,2,Stressed,0.0,1.9970632263425647,0.9999721487558016,0.9521990809113832,1.475670074806274,1.3219748821884567,-0.0676322690201043,119.96113944226671,50.2246243821713,49.19381367012792,70.76732577213879,short_rains,210.84898907247097,2.0,12.0,6,test,False
Mandera,2025-10-01,2025,10,3,3,Crisis or worse,0.9997644878752312,2.999764487875231,0.9934882867670772,0.8813081944679342,1.057890286267784,0.8385380580085545,-1.504225922666348,61.127959556385576,61.80062606418488,29.30689490687584,31.821064649509736,short_rains,147.72597818452132,2.0,12.0,6,test,False
Marsabit,2025-10-01,2025,10,3,3,Crisis or worse,0.9999238739209838,2.999923873920984,0.933776768003949,0.4155203322572596,0.5679789168336694,0.4953183048982837,-1.819193901823572,76.30440643666573,76.8809732199989,31.06039027394983,45.244016162715894,short_rains,183.11284628508548,3.0,12.0,6,test,True
Meru,2025-10-01,2025,10,2,2,Stressed,0.0,1.7931246714204674,0.9998958152365656,0.9179664992532428,1.167041155722019,0.9931014461717094,-1.0395281584790887,133.86603321918506,73.44277086324229,46.18325980173992,87.68277341744513,short_rains,469.95952152110806,1.0,12.0,6,test,False
Migori,2025-10-01,2025,10,1,1,Minimal,0.0,1.0009600200580766,0.8093461789563474,0.2526287164659962,-0.2218488568604378,0.4549497428789815,-0.1838697346012509,117.8089529187395,83.44090453730706,60.66342517197633,57.145527746763165,short_rains,460.4970135975702,1.0,12.0,6,test,False
Mombasa,2025-10-01,2025,10,1,1,Minimal,0.0,1.024159169166952,0.9454988271665984,-0.2017478188544965,-0.1654649969028877,0.4491252067244577,1.2940147510763098,72.6305655580318,51.6220837493258,44.61579809867206,28.014767459359746,short_rains,339.4545465241538,1.0,12.0,6,test,False
Murang'a,2025-10-01,2025,10,1,1,Minimal,0.0,1.0,0.9998960447776896,1.2146036674222496,1.010710577247037,1.4531881693945403,0.051131216085807,123.24039036717916,71.98641857552556,75.73009191516516,47.510298452014,short_rains,600.9606534616394,1.0,12.0,6,test,False
Nairobi,2025-10-01,2025,10,1,1,Minimal,0.0,1.0004033639580097,0.9993429939950746,0.49189785706325,0.7269757355735107,1.3063263244567886,0.2933334237669165,92.6014205026395,68.63098544155748,49.51909092887227,43.08232957376723,short_rains,349.07589029272395,1.0,12.0,6,test,False
Nakuru,2025-10-01,2025,10,1,1,Minimal,0.0,1.0039616673813203,0.9758811554850996,0.908446116227786,0.8713936188406213,1.11106187030262,-0.1102193385983558,96.6620202434264,66.35592782769125,62.078375170200346,34.58364507322605,short_rains,337.82261196850334,1.0,12.0,6,test,False
Nandi,2025-10-01,2025,10,1,1,Minimal,0.0,1.0,0.9998151603533764,0.7868102907960527,0.8944090969500819,1.419240211180005,-0.5678996127912872,115.0825587965548,82.95551309507745,67.96299875350454,47.11956004305027,short_rains,636.3375639959971,1.0,12.0,6,test,False
Narok,2025-10-01,2025,10,2,2,Stressed,0.0,1.9972573232118729,0.9926950995648152,1.1345408278549352,0.6490316505734564,1.5366898613573303,0.33111575211335,90.00066823258932,76.21028472619486,67.83288290491006,22.167785327679255,short_rains,449.4351533314782,1.0,12.0,6,test,False
Nyamira,2025-10-01,2025,10,1,1,Minimal,0.0,1.0,0.999826225293641,2.260354478689915,1.3265321607399034,1.6922229824312502,0.0201340589542952,97.32653607540146,42.42630901305038,87.96080609596395,9.365729979437518,short_rains,707.0676224501927,1.0,12.0,6,test,False
Nyandarua,2025-10-01,2025,10,1,1,Minimal,0.0,1.005167858019678,0.9999166595580216,0.6120029299880256,0.5859554262147783,0.8146825977917873,-0.3124033418636313,94.09155994742711,65.70302032404162,69.91717321302494,24.174386734402177,short_rains,478.59632261521887,1.0,12.0,6,test,False
Nyeri,2025-10-01,2025,10,2,2,Stressed,0.0,1.549223727777973,0.9998849000029972,1.01285511699291,0.8567025408175408,1.077812484759549,-0.3193431811378996,106.38149383625156,46.71694211637139,63.82090629844828,42.560587537803286,short_rains,596.5685209899478,2.0,12.0,6,test,False
Samburu,2025-10-01,2025,10,2,2,Stressed,0.0032208904646017,2.003220890464602,0.9999064845337337,0.5613651400424302,0.7792848087880512,0.5605029955544507,-1.211165191472352,112.21942858576529,74.8907191664636,38.340447788400496,73.87898079736479,short_rains,233.37064745956647,2.0,12.0,6,test,True
Siaya,2025-10-01,2025,10,1,1,Minimal,0.0,1.0,0.7130635075059107,0.5124692291775014,0.1286086508203766,1.0437405523760654,-0.1575853637820615,75.1324793986141,67.17255435983427,45.02183282232373,30.110646576290364,short_rains,703.9110029852106,1.0,12.0,6,test,False
Taita Taveta,2025-10-01,2025,10,2,2,Stressed,0.0,2.0,0.9966783872024656,1.509775408511795,0.677772527371872,1.0474154600053849,0.4481249776354067,116.15258393686926,52.9129133740474,56.8718847964626,59.28069914040666,short_rains,337.281834884778,1.0,12.0,6,test,False
Tana River,2025-10-01,2025,10,2,2,Stressed,0.0004483767832392,2.0004483767832397,0.9998360101777312,0.3011882630445595,0.8208221179704918,0.6943606906726364,-0.5090979193690265,89.67162116846076,67.65729448533646,29.013933279030745,60.657687889430015,short_rains,208.9215702880231,2.0,12.0,6,test,False
Tharaka-Nithi,2025-10-01,2025,10,2,2,Stressed,0.0,1.5708632716613662,0.99998720254999,1.068948133690938,1.457140220433466,1.3697256204931287,-0.8225257803257006,99.40639271995984,64.91636339241316,37.67772153546778,61.72867118449206,short_rains,386.5660928989662,2.0,12.0,6,test,False
Trans Nzoia,2025-10-01,2025,10,1,1,Minimal,0.0,1.0040024533635254,0.9977844089794712,-0.1094325648803859,0.4473656150095887,0.8482686397784277,-0.5716446415404149,109.07746329516742,64.62437205682474,35.3038572646138,73.77360603055362,short_rains,575.422482832226,1.0,12.0,6,test,False
Turkana,2025-10-01,2025,10,3,3,Crisis or worse,0.9997793342202268,2.999779334220227,0.960153147598255,0.7480322388913332,1.144695415600227,1.1593316846260175,-1.6440539947682211,95.93059857676526,75.9051677183781,27.8134501711809,68.11714840558436,short_rains,134.93439886021372,3.0,12.0,6,test,True
Uasin Gishu,2025-10-01,2025,10,1,1,Minimal,0.0,1.0000608491913512,0.9999481856594682,0.2258928470411254,0.4900176235432593,0.9621460948314224,-0.8661883839926768,95.94630199846848,63.95745145495965,42.88255648721644,53.063745511252044,short_rains,466.5756532543863,1.0,12.0,6,test,False
Vihiga,2025-10-01,2025,10,1,1,Minimal,0.0,1.0,0.9998193553745128,1.1428796133821948,0.812455139468812,1.6457133847984184,-0.0145818601203835,102.1702545285302,99.46250073933857,76.34731060108525,25.82294392744494,short_rains,638.2354464495623,1.0,12.0,6,test,False
Wajir,2025-10-01,2025,10,2,2,Stressed,0.0009840702071154,2.000984070207116,0.999645045978997,0.5635316247258378,0.916717869197296,0.6547517794594585,-1.740440602648285,79.4590382497188,78.14502900246708,31.8970987088776,47.5619395408412,short_rains,220.92597534518788,2.0,12.0,6,test,True
West Pokot,2025-10-01,2025,10,2,2,Stressed,0.0026265868449534,2.0007409321285063,0.9926739731095784,-0.1558936067234993,0.5235525613620755,0.4501315013125813,-1.3096271023708372,94.46459438829336,63.05289119802073,18.45579504806637,76.008799340227,short_rains,366.78840132412165,1.0,12.0,6,test,False
