county,year,month,ndvi,n_composites,date
Baringo,2000,12,0.41217977987421345,1,2000-12-01
Baringo,2001,1,0.3904184433962262,2,2001-01-01
Baringo,2001,2,0.3697563679245277,2,2001-02-01
Baringo,2001,3,0.4057905031446539,2,2001-03-01
Baringo,2001,4,0.518354088050314,2,2001-04-01
Baringo,2001,5,0.5188845754716975,2,2001-05-01
Baringo,2001,6,0.4157968238993709,2,2001-06-01
Baringo,2001,7,0.5180173427672957,2,2001-07-01
Baringo,2001,8,0.540412562893082,2,2001-08-01
Baringo,2001,9,0.464057955974843,2,2001-09-01
Baringo,2001,10,0.40048949685534624,1,2001-10-01
Baringo,2001,11,0.5299528431718764,2,2001-11-01
Baringo,2001,12,0.49542427672956024,2,2001-12-01
Baringo,2002,1,0.4152190723270439,2,2002-01-01
Baringo,2002,2,0.3681833490566038,2,2002-02-01
Baringo,2002,3,0.4266104017003695,2,2002-03-01
Baringo,2002,4,0.45256592767295567,2,2002-04-01
Baringo,2002,5,0.5500629402515718,2,2002-05-01
Baringo,2002,6,0.5247809748427659,2,2002-06-01
Baringo,2002,7,0.45473985062893074,4,2002-07-01
Baringo,2002,8,0.4124360849056604,4,2002-08-01
Baringo,2002,9,0.3615583176100629,4,2002-09-01
Baringo,2002,10,0.36204249475890976,3,2002-10-01
Baringo,2002,11,0.4016056682389932,4,2002-11-01
Baringo,2002,12,0.43402822327043966,4,2002-12-01
Baringo,2003,1,0.48183562893081794,4,2003-01-01
Baringo,2003,2,0.37786317610062903,4,2003-02-01
Baringo,2003,3,0.3448908097484279,4,2003-03-01
Baringo,2003,4,0.41428884696016777,3,2003-04-01
Baringo,2003,5,0.5877437264150943,4,2003-05-01
Baringo,2003,6,0.6007145911949681,4,2003-06-01
Baringo,2003,7,0.5209511163522014,4,2003-07-01
Baringo,2003,8,0.5481691352201259,4,2003-08-01
Baringo,2003,9,0.5302703900970055,4,2003-09-01
Baringo,2003,10,0.43365636993012585,3,2003-10-01
Baringo,2003,11,0.42310354949888745,4,2003-11-01
Baringo,2003,12,0.43915457694547566,4,2003-12-01
Baringo,2004,1,0.4182647640005725,4,2004-01-01
Baringo,2004,2,0.37245731547881755,4,2004-02-01
Baringo,2004,3,0.37687352270338936,4,2004-03-01
Baringo,2004,4,0.5861887234115655,4,2004-04-01
Baringo,2004,5,0.5833173585064482,3,2004-05-01
Baringo,2004,6,0.5187342914179662,4,2004-06-01
Baringo,2004,7,0.47315387681884435,4,2004-07-01
Baringo,2004,8,0.4990039272311599,4,2004-08-01
Baringo,2004,9,0.4377515604991188,4,2004-09-01
Baringo,2004,10,0.4500126084892588,4,2004-10-01
Baringo,2004,11,0.5333542412769239,3,2004-11-01
Baringo,2004,12,0.4779072253700643,4,2004-12-01
Baringo,2005,1,0.38990070822657863,4,2005-01-01
Baringo,2005,2,0.3758458561004744,4,2005-02-01
Baringo,2005,3,0.377924154851374,4,2005-03-01
Baringo,2005,4,0.41735192081848843,3,2005-04-01
Baringo,2005,5,0.5718409223569321,4,2005-05-01
Baringo,2005,6,0.5676464993602688,4,2005-06-01
Baringo,2005,7,0.54526880262236,4,2005-07-01
Baringo,2005,8,0.530804805115635,4,2005-08-01
Baringo,2005,9,0.5328318082193155,4,2005-09-01
Baringo,2005,10,0.48782976795933014,3,2005-10-01
Baringo,2005,11,0.42957842938498925,4,2005-11-01
Baringo,2005,12,0.36464652556410465,4,2005-12-01
Baringo,2006,1,0.3440961646303571,4,2006-01-01
Baringo,2006,2,0.331834418673569,4,2006-02-01
Baringo,2006,3,0.36895379732170624,4,2006-03-01
Baringo,2006,4,0.48535518995151367,3,2006-04-01
Baringo,2006,5,0.48694916854324644,4,2006-05-01
Baringo,2006,6,0.43517254027008356,4,2006-06-01
Baringo,2006,7,0.4810810764061355,4,2006-07-01
Baringo,2006,8,0.5239526967195927,4,2006-08-01
Baringo,2006,9,0.4507073955907956,4,2006-09-01
Baringo,2006,10,0.41161103761710766,3,2006-10-01
Baringo,2006,11,0.48837572419965214,4,2006-11-01
Baringo,2006,12,0.5667211715311107,4,2006-12-01
Baringo,2007,1,0.5524454819654705,4,2007-01-01
Baringo,2007,2,0.5063051979656372,4,2007-02-01
Baringo,2007,3,0.4302213535351895,4,2007-03-01
Baringo,2007,4,0.5270850143962149,3,2007-04-01
Baringo,2007,5,0.5650748400967118,4,2007-05-01
Baringo,2007,6,0.5737654386082881,4,2007-06-01
Baringo,2007,7,0.6081136694546355,4,2007-07-01
Baringo,2007,8,0.6050526294458113,4,2007-08-01
Baringo,2007,9,0.6096114717106648,4,2007-09-01
Baringo,2007,10,0.5638924551352746,3,2007-10-01
Baringo,2007,11,0.5066607223911913,4,2007-11-01
Baringo,2007,12,0.4302765015622843,4,2007-12-01
Baringo,2008,1,0.3998243034404064,4,2008-01-01
Baringo,2008,2,0.3719748319474956,4,2008-02-01
Baringo,2008,3,0.39932210441305505,4,2008-03-01
Baringo,2008,4,0.5042645392612536,4,2008-04-01
Baringo,2008,5,0.48047847290900575,3,2008-05-01
Baringo,2008,6,0.4494889556840026,4,2008-06-01
Baringo,2008,7,0.4959206609778987,4,2008-07-01
Baringo,2008,8,0.552323864230127,4,2008-08-01
Baringo,2008,9,0.5258192764198313,4,2008-09-01
Baringo,2008,10,0.5565695350054941,4,2008-10-01
Baringo,2008,11,0.5855156294608981,3,2008-11-01
Baringo,2008,12,0.4741917586183241,4,2008-12-01
Baringo,2009,1,0.39804228464072844,4,2009-01-01
Baringo,2009,2,0.34773248595357686,4,2009-02-01
Baringo,2009,3,0.33433038830704415,4,2009-03-01
Baringo,2009,4,0.3817696721559986,3,2009-04-01
Baringo,2009,5,0.4824244749273354,4,2009-05-01
Baringo,2009,6,0.4726678506443178,4,2009-06-01
Baringo,2009,7,0.41383468898637665,4,2009-07-01
Baringo,2009,8,0.3651680123871908,4,2009-08-01
Baringo,2009,9,0.3399268369502268,4,2009-09-01
Baringo,2009,10,0.3788308171644374,3,2009-10-01
Baringo,2009,11,0.4128057568871075,4,2009-11-01
Baringo,2009,12,0.41641437132951703,4,2009-12-01
Baringo,2010,1,0.5185323732586511,4,2010-01-01
Baringo,2010,2,0.5073873619767026,4,2010-02-01
Baringo,2010,3,0.5706309782310001,4,2010-03-01
Baringo,2010,4,0.5927431020658375,3,2010-04-01
Baringo,2010,5,0.6249536867493428,4,2010-05-01
Baringo,2010,6,0.5858105359869866,4,2010-06-01
Baringo,2010,7,0.5477262543432282,4,2010-07-01
Baringo,2010,8,0.5696976426068568,4,2010-08-01
Baringo,2010,9,0.5466901542597475,4,2010-09-01
Baringo,2010,10,0.5000815000194613,3,2010-10-01
Baringo,2010,11,0.4611841749020723,4,2010-11-01
Baringo,2010,12,0.4056033466829887,4,2010-12-01
Baringo,2011,1,0.37215525800411586,4,2011-01-01
Baringo,2011,2,0.3416249000765019,4,2011-02-01
Baringo,2011,3,0.40211058395485144,4,2011-03-01
Baringo,2011,4,0.44187741981845696,3,2011-04-01
Baringo,2011,5,0.518293990277316,4,2011-05-01
Baringo,2011,6,0.5382458793202743,4,2011-06-01
Baringo,2011,7,0.5389331588918025,4,2011-07-01
Baringo,2011,8,0.6065637995775185,4,2011-08-01
Baringo,2011,9,0.6023990779257651,4,2011-09-01
Baringo,2011,10,0.5701321822324186,3,2011-10-01
Baringo,2011,11,0.6256651376270235,4,2011-11-01
Baringo,2011,12,0.6121865972549115,4,2011-12-01
Baringo,2012,1,0.49511545705562293,4,2012-01-01
Baringo,2012,2,0.3985420485879439,4,2012-02-01
Baringo,2012,3,0.36152506767151854,4,2012-03-01
Baringo,2012,4,0.5368506899438615,4,2012-04-01
Baringo,2012,5,0.6808588180689706,3,2012-05-01
Baringo,2012,6,0.609693957453807,4,2012-06-01
Baringo,2012,7,0.6168614110749667,4,2012-07-01
Baringo,2012,8,0.6362523898878232,4,2012-08-01
Baringo,2012,9,0.5851111856990551,4,2012-09-01
Baringo,2012,10,0.5635285961126405,4,2012-10-01
Baringo,2012,11,0.5590699821112955,3,2012-11-01
Baringo,2012,12,0.5268644904164901,4,2012-12-01
Baringo,2013,1,0.5009953973670523,4,2013-01-01
Baringo,2013,2,0.420890810713632,4,2013-02-01
Baringo,2013,3,0.4562574010830931,4,2013-03-01
Baringo,2013,4,0.6325903601693693,3,2013-04-01
Baringo,2013,5,0.6372466898390651,4,2013-05-01
Baringo,2013,6,0.5849339104822678,4,2013-06-01
Baringo,2013,7,0.5957378901365583,4,2013-07-01
Baringo,2013,8,0.6255502294439097,4,2013-08-01
Baringo,2013,9,0.5768956380849903,4,2013-09-01
Baringo,2013,10,0.5259345496126869,3,2013-10-01
Baringo,2013,11,0.572048332401294,4,2013-11-01
Baringo,2013,12,0.5604310770623333,4,2013-12-01
Baringo,2014,1,0.47688011317345114,4,2014-01-01
Baringo,2014,2,0.40792849040971874,4,2014-02-01
Baringo,2014,3,0.4461226431976048,4,2014-03-01
Baringo,2014,4,0.438765805582178,3,2014-04-01
Baringo,2014,5,0.47396678611454157,4,2014-05-01
Baringo,2014,6,0.4922287513898993,4,2014-06-01
Baringo,2014,7,0.48421931756306935,4,2014-07-01
Baringo,2014,8,0.5454777552913175,4,2014-08-01
Baringo,2014,9,0.5231271299479285,4,2014-09-01
Baringo,2014,10,0.5537038160812389,3,2014-10-01
Baringo,2014,11,0.5688700797857891,4,2014-11-01
Baringo,2014,12,0.5222012165720651,4,2014-12-01
Baringo,2015,1,0.4138565970399261,4,2015-01-01
Baringo,2015,2,0.3516725512442031,4,2015-02-01
Baringo,2015,3,0.3363637029313601,4,2015-03-01
Baringo,2015,4,0.49460361940394754,3,2015-04-01
Baringo,2015,5,0.6062561037141423,4,2015-05-01
Baringo,2015,6,0.5657340894102618,4,2015-06-01
Baringo,2015,7,0.5174914381975431,4,2015-07-01
Baringo,2015,8,0.48015714007976446,4,2015-08-01
Baringo,2015,9,0.4017457926738769,4,2015-09-01
Baringo,2015,10,0.3906349064462373,3,2015-10-01
Baringo,2015,11,0.5533294620310358,4,2015-11-01
Baringo,2015,12,0.5912871404804719,4,2015-12-01
Baringo,2016,1,0.520716646155563,4,2016-01-01
Baringo,2016,2,0.4184190647362713,4,2016-02-01
Baringo,2016,3,0.39319322250027666,4,2016-03-01
Baringo,2016,4,0.5360238348923536,4,2016-04-01
Baringo,2016,5,0.6308242213083488,3,2016-05-01
Baringo,2016,6,0.5920334360263484,4,2016-06-01
Baringo,2016,7,0.590528308777496,4,2016-07-01
Baringo,2016,8,0.5776451662205095,4,2016-08-01
Baringo,2016,9,0.48339550990838936,4,2016-09-01
Baringo,2016,10,0.4397650055956822,4,2016-10-01
Baringo,2016,11,0.41350967990404414,3,2016-11-01
Baringo,2016,12,0.3836570806341847,4,2016-12-01
Baringo,2017,1,0.343345698678003,4,2017-01-01
Baringo,2017,2,0.34271650218241057,4,2017-02-01
Baringo,2017,3,0.3275550700735746,4,2017-03-01
Baringo,2017,4,0.37365924746352247,3,2017-04-01
Baringo,2017,5,0.5037496495424665,4,2017-05-01
Baringo,2017,6,0.4681485016549956,4,2017-06-01
Baringo,2017,7,0.5491069547650081,4,2017-07-01
Baringo,2017,8,0.5993469380299676,4,2017-08-01
Baringo,2017,9,0.576757482622301,4,2017-09-01
Baringo,2017,10,0.5750436669804198,3,2017-10-01
Baringo,2017,11,0.593974584877096,4,2017-11-01
Baringo,2017,12,0.4866165564709287,4,2017-12-01
Baringo,2018,1,0.3898164253460317,4,2018-01-01
Baringo,2018,2,0.3607906302200098,4,2018-02-01
Baringo,2018,3,0.5087956139555663,4,2018-03-01
Baringo,2018,4,0.6472569099501176,3,2018-04-01
Baringo,2018,5,0.6783905671129946,4,2018-05-01
Baringo,2018,6,0.6760090960295103,4,2018-06-01
Baringo,2018,7,0.6170948505743513,4,2018-07-01
Baringo,2018,8,0.5521400767595152,4,2018-08-01
Baringo,2018,9,0.5286677015378808,4,2018-09-01
Baringo,2018,10,0.49239773066956144,3,2018-10-01
Baringo,2018,11,0.4777044969753164,4,2018-11-01
Baringo,2018,12,0.4932768146327082,4,2018-12-01
Baringo,2019,1,0.4313014074107045,4,2019-01-01
Baringo,2019,2,0.370148048394196,4,2019-02-01
Baringo,2019,3,0.35424736958579395,4,2019-03-01
Baringo,2019,4,0.36359236865811334,3,2019-04-01
Baringo,2019,5,0.41891224547100725,4,2019-05-01
Baringo,2019,6,0.6085537239995643,4,2019-06-01
Baringo,2019,7,0.6568809541982289,4,2019-07-01
Baringo,2019,8,0.6299794032573761,4,2019-08-01
Baringo,2019,9,0.5555076486698687,4,2019-09-01
Baringo,2019,10,0.570467219993663,3,2019-10-01
Baringo,2019,11,0.6128847652750339,4,2019-11-01
Baringo,2019,12,0.6298185756565067,4,2019-12-01
Baringo,2020,1,0.5788476695610656,4,2020-01-01
Baringo,2020,2,0.5600076826275953,4,2020-02-01
Baringo,2020,3,0.53195302087386,4,2020-03-01
Baringo,2020,4,0.6041208132368521,4,2020-04-01
Baringo,2020,5,0.6651692186900121,3,2020-05-01
Baringo,2020,6,0.6575345134480951,4,2020-06-01
Baringo,2020,7,0.6562294515438115,4,2020-07-01
Baringo,2020,8,0.6187697118459706,4,2020-08-01
Baringo,2020,9,0.6229687961863808,4,2020-09-01
Baringo,2020,10,0.6051204952163741,4,2020-10-01
Baringo,2020,11,0.620031923506171,3,2020-11-01
Baringo,2020,12,0.5176418547153745,4,2020-12-01
Baringo,2021,1,0.4353880089679742,4,2021-01-01
Baringo,2021,2,0.40396560043053586,4,2021-02-01
Baringo,2021,3,0.3969562046547523,4,2021-03-01
Baringo,2021,4,0.4500903065321555,3,2021-04-01
Baringo,2021,5,0.5893288545411783,4,2021-05-01
Baringo,2021,6,0.5224426450544809,4,2021-06-01
Baringo,2021,7,0.5363010886115628,4,2021-07-01
Baringo,2021,8,0.5658380672097337,4,2021-08-01
Baringo,2021,9,0.5662036205563806,4,2021-09-01
Baringo,2021,10,0.5438664801553411,3,2021-10-01
Baringo,2021,11,0.46501089208130386,4,2021-11-01
Baringo,2021,12,0.4119649421967337,4,2021-12-01
Baringo,2022,1,0.383275645434672,4,2022-01-01
Baringo,2022,2,0.3679853648494532,4,2022-02-01
Baringo,2022,3,0.29414935601333553,4,2022-03-01
Baringo,2022,4,0.45965604682425293,3,2022-04-01
Baringo,2022,5,0.5559185998843501,4,2022-05-01
Baringo,2022,6,0.5254249344755844,4,2022-06-01
Baringo,2022,7,0.5092794507058549,4,2022-07-01
Baringo,2022,8,0.5827104712701004,4,2022-08-01
Baringo,2022,9,0.5707722514937188,4,2022-09-01
Baringo,2022,10,0.4756595993907078,3,2022-10-01
Baringo,2022,11,0.42282053634801253,4,2022-11-01
Baringo,2022,12,0.4261060123792301,3,2022-12-01
Baringo,2023,1,0.4029415647182236,4,2023-01-01
Baringo,2023,2,0.326225050475547,3,2023-02-01
Baringo,2023,3,0.41819717443282844,4,2023-03-01
Baringo,2023,4,0.5603236160112353,3,2023-04-01
Baringo,2023,5,0.6127123432645656,4,2023-05-01
Baringo,2023,6,0.5315575437327307,4,2023-06-01
Baringo,2023,7,0.49911621601161693,4,2023-07-01
Baringo,2023,8,0.4865148309536717,4,2023-08-01
Baringo,2023,9,0.49429372416860207,4,2023-09-01
Baringo,2023,10,0.4981622394114825,2,2023-10-01
Baringo,2023,11,0.5505636001095955,4,2023-11-01
Baringo,2023,12,0.517672168105264,4,2023-12-01
Baringo,2024,1,0.46132678861429727,4,2024-01-01
Baringo,2024,2,0.4275697130940697,4,2024-02-01
Baringo,2024,3,0.41873860055851936,4,2024-03-01
Baringo,2024,4,0.5890247794642204,4,2024-04-01
Baringo,2024,5,0.6722240442607017,3,2024-05-01
Baringo,2024,6,0.6187743340014265,4,2024-06-01
Baringo,2024,7,0.6043686194924088,4,2024-07-01
Baringo,2024,8,0.6713297082341919,3,2024-08-01
Baringo,2024,9,0.6305467829827544,4,2024-09-01
Baringo,2024,10,0.5458167120408008,4,2024-10-01
Baringo,2024,11,0.5425783672749845,3,2024-11-01
Baringo,2024,12,0.5645982004081156,3,2024-12-01
Baringo,2025,1,0.48441856909740444,4,2025-01-01
Baringo,2025,2,0.4141123331823142,4,2025-02-01
Baringo,2025,3,0.5107964509000701,4,2025-03-01
Baringo,2025,4,0.6554350124148821,3,2025-04-01
Baringo,2025,5,0.6480713034450645,4,2025-05-01
Baringo,2025,6,0.5973108816347401,4,2025-06-01
Baringo,2025,11,0.5670996164908925,1,2025-11-01
Baringo,2025,12,0.5403067080001549,2,2025-12-01
Baringo,2026,1,0.4674993895670159,3,2026-01-01
Baringo,2026,2,0.4780800667328616,3,2026-02-01
Baringo,2026,3,0.6688323202705428,2,2026-03-01
Baringo,2026,4,0.6205304683873804,2,2026-04-01
Baringo,2026,5,0.6762485546310901,2,2026-05-01
Baringo,2026,7,0.5065874004251968,3,2026-07-01
Baringo,2026,8,0.5041327156549529,1,2026-08-01
Bomet,2000,12,0.7789224403927064,1,2000-12-01
Bomet,2001,1,0.7651165497896213,2,2001-01-01
Bomet,2001,2,0.757855960729313,2,2001-02-01
Bomet,2001,3,0.7370866760168304,2,2001-03-01
Bomet,2001,4,0.7888780504908837,2,2001-04-01
Bomet,2001,5,0.7703396213183737,2,2001-05-01
Bomet,2001,6,0.6370807854137446,2,2001-06-01
Bomet,2001,7,0.6990829593267881,2,2001-07-01
Bomet,2001,8,0.6832144460028056,2,2001-08-01
Bomet,2001,9,0.6923711079943898,2,2001-09-01
Bomet,2001,10,0.6399719495091157,1,2001-10-01
Bomet,2001,11,0.7332302945301545,2,2001-11-01
Bomet,2001,12,0.7190013323983169,2,2001-12-01
Bomet,2002,1,0.7194018934081349,2,2002-01-01
Bomet,2002,2,0.7063193548387093,2,2002-02-01
Bomet,2002,3,0.7248880785413743,2,2002-03-01
Bomet,2002,4,0.7696195652173907,2,2002-04-01
Bomet,2002,5,0.7827369565217395,2,2002-05-01
Bomet,2002,6,0.7238794530154273,2,2002-06-01
Bomet,2002,7,0.6815927419354839,4,2002-07-01
Bomet,2002,8,0.6659038569424967,4,2002-08-01
Bomet,2002,9,0.5865310659186542,4,2002-09-01
Bomet,2002,10,0.5451602150537634,3,2002-10-01
Bomet,2002,11,0.6444968443197758,4,2002-11-01
Bomet,2002,12,0.689329803646564,4,2002-12-01
Bomet,2003,1,0.7492961079943901,4,2003-01-01
Bomet,2003,2,0.6786457573632534,4,2003-02-01
Bomet,2003,3,0.6400912692847127,4,2003-03-01
Bomet,2003,4,0.651799345488546,3,2003-04-01
Bomet,2003,5,0.7381776647966339,4,2003-05-01
Bomet,2003,6,0.7171008765778404,4,2003-06-01
Bomet,2003,7,0.6686997545582047,4,2003-07-01
Bomet,2003,8,0.6604361500701263,4,2003-08-01
Bomet,2003,9,0.641574824684432,4,2003-09-01
Bomet,2003,10,0.6339779803646567,3,2003-10-01
Bomet,2003,11,0.6496504207573632,4,2003-11-01
Bomet,2003,12,0.681001157082749,4,2003-12-01
Bomet,2004,1,0.6383545231416553,4,2004-01-01
Bomet,2004,2,0.6715709677419356,4,2004-02-01
Bomet,2004,3,0.7407010518934084,4,2004-03-01
Bomet,2004,4,0.7685790673211783,4,2004-04-01
Bomet,2004,5,0.7713805516596546,3,2004-05-01
Bomet,2004,6,0.7048048387096771,4,2004-06-01
Bomet,2004,7,0.6366269985974755,4,2004-07-01
Bomet,2004,8,0.6437883590462831,4,2004-08-01
Bomet,2004,9,0.6553845371669007,4,2004-09-01
Bomet,2004,10,0.6089262622720895,4,2004-10-01
Bomet,2004,11,0.6275445067788685,3,2004-11-01
Bomet,2004,12,0.7323825035063113,4,2004-12-01
Bomet,2005,1,0.6975601332398317,4,2005-01-01
Bomet,2005,2,0.6561246143057506,4,2005-02-01
Bomet,2005,3,0.7173333800841515,4,2005-03-01
Bomet,2005,4,0.75928316970547,3,2005-04-01
Bomet,2005,5,0.7055138148667602,4,2005-05-01
Bomet,2005,6,0.6832972300140248,4,2005-06-01
Bomet,2005,7,0.6941514025245443,4,2005-07-01
Bomet,2005,8,0.6820460028050488,4,2005-08-01
Bomet,2005,9,0.6776687938288922,4,2005-09-01
Bomet,2005,10,0.6016328190743341,3,2005-10-01
Bomet,2005,11,0.6354730014025247,4,2005-11-01
Bomet,2005,12,0.5901070476858343,4,2005-12-01
Bomet,2006,1,0.5780201262272089,4,2006-01-01
Bomet,2006,2,0.544067917251052,4,2006-02-01
Bomet,2006,3,0.6709463534361855,4,2006-03-01
Bomet,2006,4,0.7786853202431039,3,2006-04-01
Bomet,2006,5,0.6901359396914444,4,2006-05-01
Bomet,2006,6,0.7071506661991581,4,2006-06-01
Bomet,2006,7,0.6757529453015427,4,2006-07-01
Bomet,2006,8,0.6391289270687233,4,2006-08-01
Bomet,2006,9,0.6002996844319775,4,2006-09-01
Bomet,2006,10,0.5738928471248247,3,2006-10-01
Bomet,2006,11,0.6613106241234226,4,2006-11-01
Bomet,2006,12,0.7336920757363254,4,2006-12-01
Bomet,2007,1,0.7812679172510518,4,2007-01-01
Bomet,2007,2,0.7563724053295935,4,2007-02-01
Bomet,2007,3,0.7132017882187933,4,2007-03-01
Bomet,2007,4,0.7694005610098181,3,2007-04-01
Bomet,2007,5,0.7582242286115006,4,2007-05-01
Bomet,2007,6,0.7214155680224406,4,2007-06-01
Bomet,2007,7,0.651726227208976,4,2007-07-01
Bomet,2007,8,0.6606479663394111,4,2007-08-01
Bomet,2007,9,0.6976145862552594,4,2007-09-01
Bomet,2007,10,0.6270716690042079,3,2007-10-01
Bomet,2007,11,0.5847970196353439,4,2007-11-01
Bomet,2007,12,0.683570687237027,4,2007-12-01
Bomet,2008,1,0.643602244039271,4,2008-01-01
Bomet,2008,2,0.6351662692847128,4,2008-02-01
Bomet,2008,3,0.6334394109396918,4,2008-03-01
Bomet,2008,4,0.7188203015427772,4,2008-04-01
Bomet,2008,5,0.7258151005142593,3,2008-05-01
Bomet,2008,6,0.6664588359046288,4,2008-06-01
Bomet,2008,7,0.6281556802244044,4,2008-07-01
Bomet,2008,8,0.6682313113604488,4,2008-08-01
Bomet,2008,9,0.6614469495091165,4,2008-09-01
Bomet,2008,10,0.6856020336605888,4,2008-10-01
Bomet,2008,11,0.7210544179523143,3,2008-11-01
Bomet,2008,12,0.6786124474053299,4,2008-12-01
Bomet,2009,1,0.5969598527349228,4,2009-01-01
Bomet,2009,2,0.6636986325385696,4,2009-02-01
Bomet,2009,3,0.6471619214586254,4,2009-03-01
Bomet,2009,4,0.6783488078541374,3,2009-04-01
Bomet,2009,5,0.7044454067321179,4,2009-05-01
Bomet,2009,6,0.7339334852734924,4,2009-06-01
Bomet,2009,7,0.6424918302945302,4,2009-07-01
Bomet,2009,8,0.6126564866760172,4,2009-08-01
Bomet,2009,9,0.6215071879382891,4,2009-09-01
Bomet,2009,10,0.6155198690977094,3,2009-10-01
Bomet,2009,11,0.6629792776998594,4,2009-11-01
Bomet,2009,12,0.7008433029453015,4,2009-12-01
Bomet,2010,1,0.7459837657784009,4,2010-01-01
Bomet,2010,2,0.7441112552594666,4,2010-02-01
Bomet,2010,3,0.7560993338008413,4,2010-03-01
Bomet,2010,4,0.7689188405797096,3,2010-04-01
Bomet,2010,5,0.749271633941094,4,2010-05-01
Bomet,2010,6,0.715141409537167,4,2010-06-01
Bomet,2010,7,0.6553311009817667,4,2010-07-01
Bomet,2010,8,0.604636886395512,4,2010-08-01
Bomet,2010,9,0.6171646914446005,4,2010-09-01
Bomet,2010,10,0.6351810191678355,3,2010-10-01
Bomet,2010,11,0.7241241935483873,4,2010-11-01
Bomet,2010,12,0.7325803295932678,4,2010-12-01
Bomet,2011,1,0.7059625876577842,4,2011-01-01
Bomet,2011,2,0.6565038218793829,4,2011-02-01
Bomet,2011,3,0.6621332748948104,4,2011-03-01
Bomet,2011,4,0.7123312762973347,3,2011-04-01
Bomet,2011,5,0.7320224403927071,4,2011-05-01
Bomet,2011,6,0.7085528401122021,4,2011-06-01
Bomet,2011,7,0.6892116058906035,4,2011-07-01
Bomet,2011,8,0.6932890252454412,4,2011-08-01
Bomet,2011,9,0.6399423211781208,4,2011-09-01
Bomet,2011,10,0.6963211313697991,3,2011-10-01
Bomet,2011,11,0.730078295932679,4,2011-11-01
Bomet,2011,12,0.7567339060308552,4,2011-12-01
Bomet,2012,1,0.6826324684431978,4,2012-01-01
Bomet,2012,2,0.599708274894811,4,2012-02-01
Bomet,2012,3,0.6242082748948105,4,2012-03-01
Bomet,2012,4,0.6701486676016833,4,2012-04-01
Bomet,2012,5,0.7762834502103783,3,2012-05-01
Bomet,2012,6,0.7019125525946704,4,2012-06-01
Bomet,2012,7,0.6869408134642359,4,2012-07-01
Bomet,2012,8,0.6919903225806452,4,2012-08-01
Bomet,2012,9,0.6922063464235624,4,2012-09-01
Bomet,2012,10,0.608566199158485,4,2012-10-01
Bomet,2012,11,0.7113928003740065,3,2012-11-01
Bomet,2012,12,0.704429838709678,4,2012-12-01
Bomet,2013,1,0.735727945301543,4,2013-01-01
Bomet,2013,2,0.7275549088359048,4,2013-02-01
Bomet,2013,3,0.6894268583450212,4,2013-03-01
Bomet,2013,4,0.7698746610565689,3,2013-04-01
Bomet,2013,5,0.7643071879382887,4,2013-05-01
Bomet,2013,6,0.6981013674614307,4,2013-06-01
Bomet,2013,7,0.6719846072931276,4,2013-07-01
Bomet,2013,8,0.6497168653576438,4,2013-08-01
Bomet,2013,9,0.6560191795231417,4,2013-09-01
Bomet,2013,10,0.6620984572230015,3,2013-10-01
Bomet,2013,11,0.644213849929874,4,2013-11-01
Bomet,2013,12,0.6944817671809258,4,2013-12-01
Bomet,2014,1,0.7284516129032261,4,2014-01-01
Bomet,2014,2,0.6949552244039273,4,2014-02-01
Bomet,2014,3,0.7167967040673214,4,2014-03-01
Bomet,2014,4,0.7153177185600752,3,2014-04-01
Bomet,2014,5,0.671548983169705,4,2014-05-01
Bomet,2014,6,0.6820198106591867,4,2014-06-01
Bomet,2014,7,0.6710862201963534,4,2014-07-01
Bomet,2014,8,0.6621894460028049,4,2014-08-01
Bomet,2014,9,0.6981002454417948,4,2014-09-01
Bomet,2014,10,0.6766299205236092,3,2014-10-01
Bomet,2014,11,0.6352313464235625,4,2014-11-01
Bomet,2014,12,0.7236832047685836,4,2014-12-01
Bomet,2015,1,0.6907945301542777,4,2015-01-01
Bomet,2015,2,0.6157595021037869,4,2015-02-01
Bomet,2015,3,0.5527641304347823,4,2015-03-01
Bomet,2015,4,0.6564533426834966,3,2015-04-01
Bomet,2015,5,0.7224590462833096,4,2015-05-01
Bomet,2015,6,0.7321562412342218,4,2015-06-01
Bomet,2015,7,0.7156154277699857,4,2015-07-01
Bomet,2015,8,0.7104681977559608,4,2015-08-01
Bomet,2015,9,0.6816343267882188,4,2015-09-01
Bomet,2015,10,0.5248010285179988,3,2015-10-01
Bomet,2015,11,0.6598133590462831,4,2015-11-01
Bomet,2015,12,0.7650452314165495,4,2015-12-01
Bomet,2016,1,0.7521276297335202,4,2016-01-01
Bomet,2016,2,0.750398352033661,4,2016-02-01
Bomet,2016,3,0.6902052244039272,4,2016-03-01
Bomet,2016,4,0.7140002805049089,4,2016-04-01
Bomet,2016,5,0.7549539036933144,3,2016-05-01
Bomet,2016,6,0.7481019635343615,4,2016-06-01
Bomet,2016,7,0.7168686886395512,4,2016-07-01
Bomet,2016,8,0.6833815918653576,4,2016-08-01
Bomet,2016,9,0.5923219495091161,4,2016-09-01
Bomet,2016,10,0.6854545582047687,4,2016-10-01
Bomet,2016,11,0.6349914913510989,3,2016-11-01
Bomet,2016,12,0.6764397265077136,4,2016-12-01
Bomet,2017,1,0.624201157082749,4,2017-01-01
Bomet,2017,2,0.6433247194950913,4,2017-02-01
Bomet,2017,3,0.6991798036465635,4,2017-03-01
Bomet,2017,4,0.7103234221598873,3,2017-04-01
Bomet,2017,5,0.6974328190743342,4,2017-05-01
Bomet,2017,6,0.7109699509116408,4,2017-06-01
Bomet,2017,7,0.6688035063113609,4,2017-07-01
Bomet,2017,8,0.6472866409537169,4,2017-08-01
Bomet,2017,9,0.6553687237026647,4,2017-09-01
Bomet,2017,10,0.6803136044880786,3,2017-10-01
Bomet,2017,11,0.7187329242636746,4,2017-11-01
Bomet,2017,12,0.6868244389901824,4,2017-12-01
Bomet,2018,1,0.6984058555399719,4,2018-01-01
Bomet,2018,2,0.5791674614305751,4,2018-02-01
Bomet,2018,3,0.6168705119214587,4,2018-03-01
Bomet,2018,4,0.691200888265544,3,2018-04-01
Bomet,2018,5,0.7260260168302946,4,2018-05-01
Bomet,2018,6,0.7527311711079947,4,2018-06-01
Bomet,2018,7,0.7050323632538568,4,2018-07-01
Bomet,2018,8,0.6323604137447405,4,2018-08-01
Bomet,2018,9,0.6893507012622723,4,2018-09-01
Bomet,2018,10,0.622028938756428,3,2018-10-01
Bomet,2018,11,0.6545931276297339,4,2018-11-01
Bomet,2018,12,0.7163597475455818,4,2018-12-01
Bomet,2019,1,0.7399099929873773,4,2019-01-01
Bomet,2019,2,0.657935378681627,4,2019-02-01
Bomet,2019,3,0.6698114656381489,4,2019-03-01
Bomet,2019,4,0.6900894343151007,3,2019-04-01
Bomet,2019,5,0.6954361150070127,4,2019-05-01
Bomet,2019,6,0.69535476858345,4,2019-06-01
Bomet,2019,7,0.7403417601683033,4,2019-07-01
Bomet,2019,8,0.6550803646563819,4,2019-08-01
Bomet,2019,9,0.6785055049088358,4,2019-09-01
Bomet,2019,10,0.6019962599345486,3,2019-10-01
Bomet,2019,11,0.6521011921458627,4,2019-11-01
Bomet,2019,12,0.7642992636746142,4,2019-12-01
Bomet,2020,1,0.7647666199158487,4,2020-01-01
Bomet,2020,2,0.7513949509116411,4,2020-02-01
Bomet,2020,3,0.7526631486676015,4,2020-03-01
Bomet,2020,4,0.730079733520337,4,2020-04-01
Bomet,2020,5,0.771219635343618,3,2020-05-01
Bomet,2020,6,0.7077588008415147,4,2020-06-01
Bomet,2020,7,0.6962318723702665,4,2020-07-01
Bomet,2020,8,0.6074335215201706,4,2020-08-01
Bomet,2020,9,0.6765015427769985,4,2020-09-01
Bomet,2020,10,0.6886916199158484,4,2020-10-01
Bomet,2020,11,0.7462280972417018,3,2020-11-01
Bomet,2020,12,0.7702194249649367,4,2020-12-01
Bomet,2021,1,0.7140747545582052,4,2021-01-01
Bomet,2021,2,0.7164890603085556,4,2021-02-01
Bomet,2021,3,0.6958543127629735,4,2021-03-01
Bomet,2021,4,0.7254103786816275,3,2021-04-01
Bomet,2021,5,0.7416615007012626,4,2021-05-01
Bomet,2021,6,0.7265473001402523,4,2021-06-01
Bomet,2021,7,0.6807056100981763,4,2021-07-01
Bomet,2021,8,0.6942197405329592,4,2021-08-01
Bomet,2021,9,0.6736760518934076,4,2021-09-01
Bomet,2021,10,0.6338614305750349,3,2021-10-01
Bomet,2021,11,0.6393648667601686,4,2021-11-01
Bomet,2021,12,0.7232892005610101,4,2021-12-01
Bomet,2022,1,0.719706942496494,4,2022-01-01
Bomet,2022,2,0.736242321178121,4,2022-02-01
Bomet,2022,3,0.6107764025245441,4,2022-03-01
Bomet,2022,4,0.7098309490416086,3,2022-04-01
Bomet,2022,5,0.7540878681626925,4,2022-05-01
Bomet,2022,6,0.7328208625525946,4,2022-06-01
Bomet,2022,7,0.6554775245441793,4,2022-07-01
Bomet,2022,8,0.6654640252454421,4,2022-08-01
Bomet,2022,9,0.6558876928471247,4,2022-09-01
Bomet,2022,10,0.6125454417952314,3,2022-10-01
Bomet,2022,11,0.6126355890603088,4,2022-11-01
Bomet,2022,12,0.737697428705003,3,2022-12-01
Bomet,2023,1,0.7396147265077136,4,2023-01-01
Bomet,2023,2,0.6142676951846656,3,2023-02-01
Bomet,2023,3,0.6816435133239834,4,2023-03-01
Bomet,2023,4,0.7504255259467048,3,2023-04-01
Bomet,2023,5,0.7535904978962135,4,2023-05-01
Bomet,2023,6,0.7003480364656381,4,2023-06-01
Bomet,2023,7,0.7103371318373072,4,2023-07-01
Bomet,2023,8,0.6613701612903226,4,2023-08-01
Bomet,2023,9,0.6792634642356243,4,2023-09-01
Bomet,2023,10,0.698265287517531,2,2023-10-01
Bomet,2023,11,0.679726577840112,4,2023-11-01
Bomet,2023,12,0.7117782258064516,4,2023-12-01
Bomet,2024,1,0.7615445652173909,4,2024-01-01
Bomet,2024,2,0.7858022791023853,4,2024-02-01
Bomet,2024,3,0.7438198106591865,4,2024-03-01
Bomet,2024,4,0.7350117812061709,4,2024-04-01
Bomet,2024,5,0.7936124357176254,3,2024-05-01
Bomet,2024,6,0.7435838008415147,4,2024-06-01
Bomet,2024,7,0.7345615357643759,4,2024-07-01
Bomet,2024,8,0.7272098176718091,3,2024-08-01
Bomet,2024,9,0.658436535764376,4,2024-09-01
Bomet,2024,10,0.6864359396914445,4,2024-10-01
Bomet,2024,11,0.7380323983169709,3,2024-11-01
Bomet,2024,12,0.7220322113136981,3,2024-12-01
Bomet,2025,1,0.7195467040673208,4,2025-01-01
Bomet,2025,2,0.7398585203366067,4,2025-02-01
Bomet,2025,3,0.6719718092566623,4,2025-03-01
Bomet,2025,4,0.7548333333333336,3,2025-04-01
Bomet,2025,5,0.6977372019635344,4,2025-05-01
Bomet,2025,6,0.7075559607293128,4,2025-06-01
Bomet,2025,11,0.7531349228611501,1,2025-11-01
Bomet,2025,12,0.7481034361851332,2,2025-12-01
Bomet,2026,1,0.6938159887798032,3,2026-01-01
Bomet,2026,2,0.6741641421224873,3,2026-02-01
Bomet,2026,3,0.7691570827489482,2,2026-03-01
Bomet,2026,4,0.6502974754558208,2,2026-04-01
Bomet,2026,5,0.8061003506311362,2,2026-05-01
Bomet,2026,7,0.6520064516129037,3,2026-07-01
Bomet,2026,8,0.6702876577840108,1,2026-08-01
Bungoma,2000,12,0.6451028280542981,1,2000-12-01
Bungoma,2001,1,0.6118871040723983,2,2001-01-01
Bungoma,2001,2,0.5412084841628959,2,2001-02-01
Bungoma,2001,3,0.5494069570135743,2,2001-03-01
Bungoma,2001,4,0.6262609728506787,2,2001-04-01
Bungoma,2001,5,0.7113222285067871,2,2001-05-01
Bungoma,2001,6,0.5948796945701355,2,2001-06-01
Bungoma,2001,7,0.6483381221719455,2,2001-07-01
Bungoma,2001,8,0.6468269230769228,2,2001-08-01
Bungoma,2001,9,0.6448002828054293,2,2001-09-01
Bungoma,2001,10,0.6354245475113125,1,2001-10-01
Bungoma,2001,11,0.6580482466063347,2,2001-11-01
Bungoma,2001,12,0.6341054298642541,2,2001-12-01
Bungoma,2002,1,0.5647190610859727,2,2002-01-01
Bungoma,2002,2,0.4981423076923081,2,2002-02-01
Bungoma,2002,3,0.5523941742081449,2,2002-03-01
Bungoma,2002,4,0.6384209841628958,2,2002-04-01
Bungoma,2002,5,0.7263012443438914,2,2002-05-01
Bungoma,2002,6,0.7058360294117647,2,2002-06-01
Bungoma,2002,7,0.6511893099547511,4,2002-07-01
Bungoma,2002,8,0.6129294400452491,4,2002-08-01
Bungoma,2002,9,0.6070506787330312,4,2002-09-01
Bungoma,2002,10,0.6352230392156863,3,2002-10-01
Bungoma,2002,11,0.6451948529411764,4,2002-11-01
Bungoma,2002,12,0.6316449377828055,4,2002-12-01
Bungoma,2003,1,0.6314677036199099,4,2003-01-01
Bungoma,2003,2,0.5217815328054298,4,2003-02-01
Bungoma,2003,3,0.4896750565610858,4,2003-03-01
Bungoma,2003,4,0.496869720965309,3,2003-04-01
Bungoma,2003,5,0.6678228223981902,4,2003-05-01
Bungoma,2003,6,0.6869537330316737,4,2003-06-01
Bungoma,2003,7,0.6649800622171939,4,2003-07-01
Bungoma,2003,8,0.6226417420814481,4,2003-08-01
Bungoma,2003,9,0.6385159502262441,4,2003-09-01
Bungoma,2003,10,0.6162133484162894,3,2003-10-01
Bungoma,2003,11,0.6081378959276018,4,2003-11-01
Bungoma,2003,12,0.6104235294117647,4,2003-12-01
Bungoma,2004,1,0.537214988687783,4,2004-01-01
Bungoma,2004,2,0.49549564479637964,4,2004-02-01
Bungoma,2004,3,0.4840864253393667,4,2004-03-01
Bungoma,2004,4,0.607731702488688,4,2004-04-01
Bungoma,2004,5,0.6949428355957762,3,2004-05-01
Bungoma,2004,6,0.6844178450226243,4,2004-06-01
Bungoma,2004,7,0.6114424773755657,4,2004-07-01
Bungoma,2004,8,0.618375169683258,4,2004-08-01
Bungoma,2004,9,0.6417128676470591,4,2004-09-01
Bungoma,2004,10,0.6280651583710413,4,2004-10-01
Bungoma,2004,11,0.6544638386123683,3,2004-11-01
Bungoma,2004,12,0.6359947115384612,4,2004-12-01
Bungoma,2005,1,0.5515125282805431,4,2005-01-01
Bungoma,2005,2,0.481802375565611,4,2005-02-01
Bungoma,2005,3,0.5276430429864256,4,2005-03-01
Bungoma,2005,4,0.6125016591251883,3,2005-04-01
Bungoma,2005,5,0.7076809671945706,4,2005-05-01
Bungoma,2005,6,0.6895221153846156,4,2005-06-01
Bungoma,2005,7,0.6472754807692311,4,2005-07-01
Bungoma,2005,8,0.6173729638009052,4,2005-08-01
Bungoma,2005,9,0.5990853506787328,4,2005-09-01
Bungoma,2005,10,0.6209353695324283,3,2005-10-01
Bungoma,2005,11,0.6367119909502269,4,2005-11-01
Bungoma,2005,12,0.5454863687782805,4,2005-12-01
Bungoma,2006,1,0.4903774038461537,4,2006-01-01
Bungoma,2006,2,0.4621021210407237,4,2006-02-01
Bungoma,2006,3,0.5667828902714929,4,2006-03-01
Bungoma,2006,4,0.6759808069381599,3,2006-04-01
Bungoma,2006,5,0.7017155542986433,4,2006-05-01
Bungoma,2006,6,0.7061031108597284,4,2006-06-01
Bungoma,2006,7,0.6358875565610858,4,2006-07-01
Bungoma,2006,8,0.6371050339366519,4,2006-08-01
Bungoma,2006,9,0.6210257635746608,4,2006-09-01
Bungoma,2006,10,0.6245162141779792,3,2006-10-01
Bungoma,2006,11,0.6332132635746607,4,2006-11-01
Bungoma,2006,12,0.647253987556561,4,2006-12-01
Bungoma,2007,1,0.6447510180995475,4,2007-01-01
Bungoma,2007,2,0.60976060520362,4,2007-02-01
Bungoma,2007,3,0.5523895079185519,4,2007-03-01
Bungoma,2007,4,0.6241594645550531,3,2007-04-01
Bungoma,2007,5,0.6878382918552038,4,2007-05-01
Bungoma,2007,6,0.647006928733032,4,2007-06-01
Bungoma,2007,7,0.6336847285067871,4,2007-07-01
Bungoma,2007,8,0.616556080316742,4,2007-08-01
Bungoma,2007,9,0.6378402997737556,4,2007-09-01
Bungoma,2007,10,0.6453202488687785,3,2007-10-01
Bungoma,2007,11,0.6296082013574664,4,2007-11-01
Bungoma,2007,12,0.5840346153846155,4,2007-12-01
Bungoma,2008,1,0.5066898755656107,4,2008-01-01
Bungoma,2008,2,0.4649055712669684,4,2008-02-01
Bungoma,2008,3,0.491393438914027,4,2008-03-01
Bungoma,2008,4,0.6291115667420815,4,2008-04-01
Bungoma,2008,5,0.6986513197586727,3,2008-05-01
Bungoma,2008,6,0.68629915158371,4,2008-06-01
Bungoma,2008,7,0.606643212669683,4,2008-07-01
Bungoma,2008,8,0.6440844739818996,4,2008-08-01
Bungoma,2008,9,0.6542919683257915,4,2008-09-01
Bungoma,2008,10,0.6679667138009047,4,2008-10-01
Bungoma,2008,11,0.6552498491704372,3,2008-11-01
Bungoma,2008,12,0.564049632352941,4,2008-12-01
Bungoma,2009,1,0.4951756504524888,4,2009-01-01
Bungoma,2009,2,0.5049072680995474,4,2009-02-01
Bungoma,2009,3,0.46110718325791866,4,2009-03-01
Bungoma,2009,4,0.568425490196078,3,2009-04-01
Bungoma,2009,5,0.6763285633484155,4,2009-05-01
Bungoma,2009,6,0.7145604638009057,4,2009-06-01
Bungoma,2009,7,0.6372055147058823,4,2009-07-01
Bungoma,2009,8,0.610336227375565,4,2009-08-01
Bungoma,2009,9,0.6268442024886876,4,2009-09-01
Bungoma,2009,10,0.628596870286576,3,2009-10-01
Bungoma,2009,11,0.632066826923077,4,2009-11-01
Bungoma,2009,12,0.6246046380090494,4,2009-12-01
Bungoma,2010,1,0.6345078337104073,4,2010-01-01
Bungoma,2010,2,0.598690554298643,4,2010-02-01
Bungoma,2010,3,0.5858986990950229,4,2010-03-01
Bungoma,2010,4,0.6459882730015084,3,2010-04-01
Bungoma,2010,5,0.709700678733032,4,2010-05-01
Bungoma,2010,6,0.6777011595022628,4,2010-06-01
Bungoma,2010,7,0.6385434389140273,4,2010-07-01
Bungoma,2010,8,0.5944649886877827,4,2010-08-01
Bungoma,2010,9,0.6097180147058824,4,2010-09-01
Bungoma,2010,10,0.633741478129714,3,2010-10-01
Bungoma,2010,11,0.6538089366515842,4,2010-11-01
Bungoma,2010,12,0.623949236425339,4,2010-12-01
Bungoma,2011,1,0.5462278280542987,4,2011-01-01
Bungoma,2011,2,0.48443693438914026,4,2011-02-01
Bungoma,2011,3,0.5169774886877828,4,2011-03-01
Bungoma,2011,4,0.6086100301659123,3,2011-04-01
Bungoma,2011,5,0.7125511877828051,4,2011-05-01
Bungoma,2011,6,0.6875191742081447,4,2011-06-01
Bungoma,2011,7,0.6627770361990948,4,2011-07-01
Bungoma,2011,8,0.6110027432126697,4,2011-08-01
Bungoma,2011,9,0.653679044117647,4,2011-09-01
Bungoma,2011,10,0.64964068627451,3,2011-10-01
Bungoma,2011,11,0.6733046380090499,4,2011-11-01
Bungoma,2011,12,0.6537674208144795,4,2011-12-01
Bungoma,2012,1,0.5570078619909501,4,2012-01-01
Bungoma,2012,2,0.45206979638009054,4,2012-02-01
Bungoma,2012,3,0.40846945701357473,4,2012-03-01
Bungoma,2012,4,0.5321065328054297,4,2012-04-01
Bungoma,2012,5,0.6903091251885369,3,2012-05-01
Bungoma,2012,6,0.687119372171946,4,2012-06-01
Bungoma,2012,7,0.6240784219457014,4,2012-07-01
Bungoma,2012,8,0.6420851244343888,4,2012-08-01
Bungoma,2012,9,0.6491314196832576,4,2012-09-01
Bungoma,2012,10,0.6390401583710403,4,2012-10-01
Bungoma,2012,11,0.6639751131221718,3,2012-11-01
Bungoma,2012,12,0.648760520361991,4,2012-12-01
Bungoma,2013,1,0.634804609728507,4,2013-01-01
Bungoma,2013,2,0.5492763857466062,4,2013-02-01
Bungoma,2013,3,0.5510783088235297,4,2013-03-01
Bungoma,2013,4,0.6195010558069377,3,2013-04-01
Bungoma,2013,5,0.6964479920814479,4,2013-05-01
Bungoma,2013,6,0.6733404128959275,4,2013-06-01
Bungoma,2013,7,0.6246844739819009,4,2013-07-01
Bungoma,2013,8,0.596425339366516,4,2013-08-01
Bungoma,2013,9,0.64101826923077,4,2013-09-01
Bungoma,2013,10,0.6509208521870284,3,2013-10-01
Bungoma,2013,11,0.6723109728506789,4,2013-11-01
Bungoma,2013,12,0.6354138009049775,4,2013-12-01
Bungoma,2014,1,0.6102558257918556,4,2014-01-01
Bungoma,2014,2,0.5127242929864255,4,2014-02-01
Bungoma,2014,3,0.5357425904977375,4,2014-03-01
Bungoma,2014,4,0.6162628959276019,3,2014-04-01
Bungoma,2014,5,0.7116973699095028,4,2014-05-01
Bungoma,2014,6,0.6943445984162894,4,2014-06-01
Bungoma,2014,7,0.6371652714932128,4,2014-07-01
Bungoma,2014,8,0.6038690045248865,4,2014-08-01
Bungoma,2014,9,0.6489341911764707,4,2014-09-01
Bungoma,2014,10,0.6460488687782809,3,2014-10-01
Bungoma,2014,11,0.6740013574660633,4,2014-11-01
Bungoma,2014,12,0.636467618778281,4,2014-12-01
Bungoma,2015,1,0.539371097285068,4,2015-01-01
Bungoma,2015,2,0.45397904411764717,4,2015-02-01
Bungoma,2015,3,0.42261818438914023,4,2015-03-01
Bungoma,2015,4,0.5253085972850682,3,2015-04-01
Bungoma,2015,5,0.6840663461538461,4,2015-05-01
Bungoma,2015,6,0.6920856617647065,4,2015-06-01
Bungoma,2015,7,0.6936604355203618,4,2015-07-01
Bungoma,2015,8,0.6493925904977376,4,2015-08-01
Bungoma,2015,9,0.6451126131221723,4,2015-09-01
Bungoma,2015,10,0.6233021116138765,3,2015-10-01
Bungoma,2015,11,0.6650934954751132,4,2015-11-01
Bungoma,2015,12,0.6849567024886877,4,2015-12-01
Bungoma,2016,1,0.6221029977375568,4,2016-01-01
Bungoma,2016,2,0.5613008201357467,4,2016-02-01
Bungoma,2016,3,0.5227850961538464,4,2016-03-01
Bungoma,2016,4,0.6074216628959279,4,2016-04-01
Bungoma,2016,5,0.7174980392156867,3,2016-05-01
Bungoma,2016,6,0.6908598699095021,4,2016-06-01
Bungoma,2016,7,0.6396658088235291,4,2016-07-01
Bungoma,2016,8,0.6227646210407233,4,2016-08-01
Bungoma,2016,9,0.6035935237556563,4,2016-09-01
Bungoma,2016,10,0.6493545531674205,4,2016-10-01
Bungoma,2016,11,0.6304292232277532,3,2016-11-01
Bungoma,2016,12,0.5532352092760187,4,2016-12-01
Bungoma,2017,1,0.4765330033936651,4,2017-01-01
Bungoma,2017,2,0.49923153280542976,4,2017-02-01
Bungoma,2017,3,0.5702710407239824,4,2017-03-01
Bungoma,2017,4,0.6612053921568624,3,2017-04-01
Bungoma,2017,5,0.7317560237556562,4,2017-05-01
Bungoma,2017,6,0.7014470588235294,4,2017-06-01
Bungoma,2017,7,0.6006830882352944,4,2017-07-01
Bungoma,2017,8,0.5858451640271494,4,2017-08-01
Bungoma,2017,9,0.6385052036199095,4,2017-09-01
Bungoma,2017,10,0.6363182503770739,3,2017-10-01
Bungoma,2017,11,0.6440206730769236,4,2017-11-01
Bungoma,2017,12,0.5839932975113119,4,2017-12-01
Bungoma,2018,1,0.48116278280542946,4,2018-01-01
Bungoma,2018,2,0.41539513574660614,4,2018-02-01
Bungoma,2018,3,0.49944787895927634,4,2018-03-01
Bungoma,2018,4,0.606111576168929,3,2018-04-01
Bungoma,2018,5,0.6906765837104072,4,2018-05-01
Bungoma,2018,6,0.6943944570135752,4,2018-06-01
Bungoma,2018,7,0.6421921662895925,4,2018-07-01
Bungoma,2018,8,0.5888979638009051,4,2018-08-01
Bungoma,2018,9,0.6428774886877828,4,2018-09-01
Bungoma,2018,10,0.6476220211161386,3,2018-10-01
Bungoma,2018,11,0.6516478223981905,4,2018-11-01
Bungoma,2018,12,0.609189564479638,4,2018-12-01
Bungoma,2019,1,0.5437872737556564,4,2019-01-01
Bungoma,2019,2,0.46159838800904995,4,2019-02-01
Bungoma,2019,3,0.47124895361990987,4,2019-03-01
Bungoma,2019,4,0.5344986425339368,3,2019-04-01
Bungoma,2019,5,0.6792247454751132,4,2019-05-01
Bungoma,2019,6,0.7007669400452492,4,2019-06-01
Bungoma,2019,7,0.7048844457013572,4,2019-07-01
Bungoma,2019,8,0.6220258484162899,4,2019-08-01
Bungoma,2019,9,0.67698475678733,4,2019-09-01
Bungoma,2019,10,0.6415927601809951,3,2019-10-01
Bungoma,2019,11,0.6895686368778281,4,2019-11-01
Bungoma,2019,12,0.6969942307692312,4,2019-12-01
Bungoma,2020,1,0.6411756787330314,4,2020-01-01
Bungoma,2020,2,0.6329191742081446,4,2020-02-01
Bungoma,2020,3,0.6168477375565613,4,2020-03-01
Bungoma,2020,4,0.6342456730769224,4,2020-04-01
Bungoma,2020,5,0.733407805429864,3,2020-05-01
Bungoma,2020,6,0.6698523472850679,4,2020-06-01
Bungoma,2020,7,0.6422173076923074,4,2020-07-01
Bungoma,2020,8,0.4993094656452325,4,2020-08-01
Bungoma,2020,9,0.6229567590497738,4,2020-09-01
Bungoma,2020,10,0.6388576357466065,4,2020-10-01
Bungoma,2020,11,0.6904475490196078,3,2020-11-01
Bungoma,2020,12,0.6455485859728505,4,2020-12-01
Bungoma,2021,1,0.5750438348416291,4,2021-01-01
Bungoma,2021,2,0.5142697680995476,4,2021-02-01
Bungoma,2021,3,0.5349644513574658,4,2021-03-01
Bungoma,2021,4,0.6117051282051285,3,2021-04-01
Bungoma,2021,5,0.7156792703619911,4,2021-05-01
Bungoma,2021,6,0.6915449095022624,4,2021-06-01
Bungoma,2021,7,0.5784749717194569,4,2021-07-01
Bungoma,2021,8,0.6328354355203618,4,2021-08-01
Bungoma,2021,9,0.6330449095022623,4,2021-09-01
Bungoma,2021,10,0.6523221719457023,3,2021-10-01
Bungoma,2021,11,0.658267307692308,4,2021-11-01
Bungoma,2021,12,0.6093883766968329,4,2021-12-01
Bungoma,2022,1,0.526825169683258,4,2022-01-01
Bungoma,2022,2,0.4938237839366517,4,2022-02-01
Bungoma,2022,3,0.44652188914027174,4,2022-03-01
Bungoma,2022,4,0.5850608220211161,3,2022-04-01
Bungoma,2022,5,0.6938335407239824,4,2022-05-01
Bungoma,2022,6,0.6865976244343891,4,2022-06-01
Bungoma,2022,7,0.5756416572398193,4,2022-07-01
Bungoma,2022,8,0.6218161199095021,4,2022-08-01
Bungoma,2022,9,0.6333593608597284,4,2022-09-01
Bungoma,2022,10,0.6726136123680243,3,2022-10-01
Bungoma,2022,11,0.6298387160633485,4,2022-11-01
Bungoma,2022,12,0.658638348416289,3,2022-12-01
Bungoma,2023,1,0.593454666289593,4,2023-01-01
Bungoma,2023,2,0.4791846153846154,3,2023-02-01
Bungoma,2023,3,0.5281794683257922,4,2023-03-01
Bungoma,2023,4,0.6485795248868783,3,2023-04-01
Bungoma,2023,5,0.7358867929864252,4,2023-05-01
Bungoma,2023,6,0.6794462386877823,4,2023-06-01
Bungoma,2023,7,0.6693331165158374,4,2023-07-01
Bungoma,2023,8,0.6325885180995479,4,2023-08-01
Bungoma,2023,9,0.6631370757918553,4,2023-09-01
Bungoma,2023,10,0.6824274321266968,2,2023-10-01
Bungoma,2023,11,0.7012298359728513,4,2023-11-01
Bungoma,2023,12,0.6856494343891405,4,2023-12-01
Bungoma,2024,1,0.622843834841629,4,2024-01-01
Bungoma,2024,2,0.6621857748868778,4,2024-02-01
Bungoma,2024,3,0.6203354355203616,4,2024-03-01
Bungoma,2024,4,0.6974222567873304,4,2024-04-01
Bungoma,2024,5,0.7477987556561086,3,2024-05-01
Bungoma,2024,6,0.7060018382352943,4,2024-06-01
Bungoma,2024,7,0.639011538461539,4,2024-07-01
Bungoma,2024,8,0.6692864253393663,3,2024-08-01
Bungoma,2024,9,0.6749520079185521,4,2024-09-01
Bungoma,2024,10,0.6692888857466062,4,2024-10-01
Bungoma,2024,11,0.6964127073906492,3,2024-11-01
Bungoma,2024,12,0.6820054675716443,3,2024-12-01
Bungoma,2025,1,0.6279283088235293,4,2025-01-01
Bungoma,2025,2,0.5546483031674206,4,2025-02-01
Bungoma,2025,3,0.5534065328054301,4,2025-03-01
Bungoma,2025,4,0.6638335595776778,3,2025-04-01
Bungoma,2025,5,0.7266701640271492,4,2025-05-01
Bungoma,2025,6,0.7232722850678737,4,2025-06-01
Bungoma,2025,11,0.7218924208144787,1,2025-11-01
Bungoma,2025,12,0.6761571832579181,2,2025-12-01
Bungoma,2026,1,0.6012511689291102,3,2026-01-01
Bungoma,2026,2,0.5410096530920064,3,2026-02-01
Bungoma,2026,3,0.6755207013574656,2,2026-03-01
Bungoma,2026,4,0.6949427036199094,2,2026-04-01
Bungoma,2026,5,0.7728596719457012,2,2026-05-01
Bungoma,2026,7,0.6323848416289591,3,2026-07-01
Bungoma,2026,8,0.6070144796380083,1,2026-08-01
Busia,2000,12,0.6358827852998069,1,2000-12-01
Busia,2001,1,0.6277486647973338,2,2001-01-01
Busia,2001,2,0.5407697054277194,2,2001-02-01
Busia,2001,3,0.515172928550534,2,2001-03-01
Busia,2001,4,0.6336751372577805,2,2001-04-01
Busia,2001,5,0.6621132361011968,2,2001-05-01
Busia,2001,6,0.6299362124403638,2,2001-06-01
Busia,2001,7,0.5953719699834004,2,2001-07-01
Busia,2001,8,0.6040769367128032,2,2001-08-01
Busia,2001,9,0.6038521623972162,2,2001-09-01
Busia,2001,10,0.6020483992467052,1,2001-10-01
Busia,2001,11,0.635247685798646,2,2001-11-01
Busia,2001,12,0.5949695897364375,2,2001-12-01
Busia,2002,1,0.5650186252520069,2,2002-01-01
Busia,2002,2,0.45539865972674043,2,2002-02-01
Busia,2002,3,0.5797178749284336,2,2002-03-01
Busia,2002,4,0.6486263510880457,2,2002-04-01
Busia,2002,5,0.6736537878787875,2,2002-05-01
Busia,2002,6,0.6207752224354188,2,2002-06-01
Busia,2002,7,0.5681218941223609,4,2002-07-01
Busia,2002,8,0.5520698139406957,4,2002-08-01
Busia,2002,9,0.5709157733634381,4,2002-09-01
Busia,2002,10,0.6148785753127559,3,2002-10-01
Busia,2002,11,0.6501703698151188,4,2002-11-01
Busia,2002,12,0.626687540054707,4,2002-12-01
Busia,2003,1,0.6029848713337971,4,2003-01-01
Busia,2003,2,0.49059464089387433,4,2003-02-01
Busia,2003,3,0.5023101832585526,4,2003-03-01
Busia,2003,4,0.5960772785749745,3,2003-04-01
Busia,2003,5,0.667324666607296,4,2003-05-01
Busia,2003,6,0.6638450753669811,4,2003-06-01
Busia,2003,7,0.6330097729422454,4,2003-07-01
Busia,2003,8,0.6029868925275246,4,2003-08-01
Busia,2003,9,0.5785800822575182,4,2003-09-01
Busia,2003,10,0.5889494471911201,3,2003-10-01
Busia,2003,11,0.6225910202596574,4,2003-11-01
Busia,2003,12,0.6069335423934882,4,2003-12-01
Busia,2004,1,0.5581395729216739,4,2004-01-01
Busia,2004,2,0.4840065811214156,4,2004-02-01
Busia,2004,3,0.5236857619123758,4,2004-03-01
Busia,2004,4,0.6111267530749598,4,2004-04-01
Busia,2004,5,0.63100068054667,3,2004-05-01
Busia,2004,6,0.6126152307878502,4,2004-06-01
Busia,2004,7,0.5668916824780046,4,2004-07-01
Busia,2004,8,0.5591884267791684,4,2004-08-01
Busia,2004,9,0.5772132326259619,4,2004-09-01
Busia,2004,10,0.6034599860512972,4,2004-10-01
Busia,2004,11,0.6241678330474557,3,2004-11-01
Busia,2004,12,0.6091835332368232,4,2004-12-01
Busia,2005,1,0.5113772564931032,4,2005-01-01
Busia,2005,2,0.4442880453335683,4,2005-02-01
Busia,2005,3,0.530101313969354,4,2005-03-01
Busia,2005,4,0.624210722411562,3,2005-04-01
Busia,2005,5,0.6669858115299542,4,2005-05-01
Busia,2005,6,0.634778982338042,4,2005-06-01
Busia,2005,7,0.6075111358234275,4,2005-07-01
Busia,2005,8,0.5894986822325612,4,2005-08-01
Busia,2005,9,0.5813077107095903,4,2005-09-01
Busia,2005,10,0.621843190559023,3,2005-10-01
Busia,2005,11,0.6017657603203563,4,2005-11-01
Busia,2005,12,0.49460172177460726,4,2005-12-01
Busia,2006,1,0.46281326525990446,4,2006-01-01
Busia,2006,2,0.4680846767157152,4,2006-02-01
Busia,2006,3,0.5870844682263323,4,2006-03-01
Busia,2006,4,0.66740201141329,3,2006-04-01
Busia,2006,5,0.6659643833127555,4,2006-05-01
Busia,2006,6,0.637449786383907,4,2006-06-01
Busia,2006,7,0.602046997437051,4,2006-07-01
Busia,2006,8,0.5682495825928592,4,2006-08-01
Busia,2006,9,0.5683000622467883,4,2006-09-01
Busia,2006,10,0.6008980976555035,3,2006-10-01
Busia,2006,11,0.6434334422445935,4,2006-11-01
Busia,2006,12,0.6451885853457127,4,2006-12-01
Busia,2007,1,0.6353072697816424,4,2007-01-01
Busia,2007,2,0.5630703801641725,4,2007-02-01
Busia,2007,3,0.5333240743610956,4,2007-03-01
Busia,2007,4,0.6145968387253721,3,2007-04-01
Busia,2007,5,0.6533851332870664,4,2007-05-01
Busia,2007,6,0.6595181683846136,4,2007-06-01
Busia,2007,7,0.6168033891574873,4,2007-07-01
Busia,2007,8,0.6078160566124877,4,2007-08-01
Busia,2007,9,0.6140434583133108,4,2007-09-01
Busia,2007,10,0.6215622216989738,3,2007-10-01
Busia,2007,11,0.6049682057914664,4,2007-11-01
Busia,2007,12,0.5616515008482164,4,2007-12-01
Busia,2008,1,0.4931858656499096,4,2008-01-01
Busia,2008,2,0.49040696798493394,4,2008-02-01
Busia,2008,3,0.530362417189491,4,2008-03-01
Busia,2008,4,0.6376550017909859,4,2008-04-01
Busia,2008,5,0.6671616800914858,3,2008-05-01
Busia,2008,6,0.6229432951600155,4,2008-06-01
Busia,2008,7,0.5744176159371652,4,2008-07-01
Busia,2008,8,0.5882301722954764,4,2008-08-01
Busia,2008,9,0.6252368602388518,4,2008-09-01
Busia,2008,10,0.6441881985161927,4,2008-10-01
Busia,2008,11,0.6195411348503015,3,2008-11-01
Busia,2008,12,0.5199266472942501,4,2008-12-01
Busia,2009,1,0.4686636601403581,4,2009-01-01
Busia,2009,2,0.47817180244957275,4,2009-02-01
Busia,2009,3,0.47528778072944355,4,2009-03-01
Busia,2009,4,0.5947109145694816,3,2009-04-01
Busia,2009,5,0.6527394741473959,4,2009-05-01
Busia,2009,6,0.6328211358974005,4,2009-06-01
Busia,2009,7,0.5533405216426559,4,2009-07-01
Busia,2009,8,0.5238511095452725,4,2009-08-01
Busia,2009,9,0.5713003435400215,4,2009-09-01
Busia,2009,10,0.6091338982687216,3,2009-10-01
Busia,2009,11,0.6264952222609743,4,2009-11-01
Busia,2009,12,0.6130308094339252,4,2009-12-01
Busia,2010,1,0.5994028008051886,4,2010-01-01
Busia,2010,2,0.5517373353907975,4,2010-02-01
Busia,2010,3,0.6043316229063371,4,2010-03-01
Busia,2010,4,0.655665900829833,3,2010-04-01
Busia,2010,5,0.6644167134248212,4,2010-05-01
Busia,2010,6,0.6337616404984965,4,2010-06-01
Busia,2010,7,0.5742317481241805,4,2010-07-01
Busia,2010,8,0.5583389361159693,4,2010-08-01
Busia,2010,9,0.5893026375948871,4,2010-09-01
Busia,2010,10,0.6220328892828623,3,2010-10-01
Busia,2010,11,0.6160025366500418,4,2010-11-01
Busia,2010,12,0.574173523693162,4,2010-12-01
Busia,2011,1,0.48200272825223256,4,2011-01-01
Busia,2011,2,0.39496744351970337,4,2011-02-01
Busia,2011,3,0.46130391923841124,4,2011-03-01
Busia,2011,4,0.6189785310223043,3,2011-04-01
Busia,2011,5,0.6833628249101036,4,2011-05-01
Busia,2011,6,0.6498146628341098,4,2011-06-01
Busia,2011,7,0.5856961600860824,4,2011-07-01
Busia,2011,8,0.5806257896899738,4,2011-08-01
Busia,2011,9,0.609873716593876,4,2011-09-01
Busia,2011,10,0.6537932904281084,3,2011-10-01
Busia,2011,11,0.6479433728753444,4,2011-11-01
Busia,2011,12,0.6164541046294155,4,2011-12-01
Busia,2012,1,0.5092671093816907,4,2012-01-01
Busia,2012,2,0.3975024884650214,4,2012-02-01
Busia,2012,3,0.39054569111238563,4,2012-03-01
Busia,2012,4,0.5678139803965668,4,2012-04-01
Busia,2012,5,0.6539220573958692,3,2012-05-01
Busia,2012,6,0.6411105482794042,4,2012-06-01
Busia,2012,7,0.6209315599077843,4,2012-07-01
Busia,2012,8,0.5849196285198927,4,2012-08-01
Busia,2012,9,0.5755954637971277,4,2012-09-01
Busia,2012,10,0.6115835331710285,4,2012-10-01
Busia,2012,11,0.6409733795921205,3,2012-11-01
Busia,2012,12,0.6281933931613988,4,2012-12-01
Busia,2013,1,0.5993522461385083,4,2013-01-01
Busia,2013,2,0.5223335572086676,4,2013-02-01
Busia,2013,3,0.5606851407048699,4,2013-03-01
Busia,2013,4,0.6225580800723415,3,2013-04-01
Busia,2013,5,0.6606815376567103,4,2013-05-01
Busia,2013,6,0.6154778578679475,4,2013-06-01
Busia,2013,7,0.5472301362311333,4,2013-07-01
Busia,2013,8,0.5550280379579331,4,2013-08-01
Busia,2013,9,0.585878463700476,4,2013-09-01
Busia,2013,10,0.6290608109720202,3,2013-10-01
Busia,2013,11,0.6350410169943771,4,2013-11-01
Busia,2013,12,0.6076347739014221,4,2013-12-01
Busia,2014,1,0.5439482913567205,4,2014-01-01
Busia,2014,2,0.4438930275600257,4,2014-02-01
Busia,2014,3,0.4859056778205786,4,2014-03-01
Busia,2014,4,0.605756611934859,3,2014-04-01
Busia,2014,5,0.688165632299111,4,2014-05-01
Busia,2014,6,0.6344645172256813,4,2014-06-01
Busia,2014,7,0.5840245742908738,4,2014-07-01
Busia,2014,8,0.5632665505667216,4,2014-08-01
Busia,2014,9,0.6054529157378343,4,2014-09-01
Busia,2014,10,0.6476724643857797,3,2014-10-01
Busia,2014,11,0.6429034585882492,4,2014-11-01
Busia,2014,12,0.5905402056961242,4,2014-12-01
Busia,2015,1,0.4930376397392906,4,2015-01-01
Busia,2015,2,0.4108584016912936,4,2015-02-01
Busia,2015,3,0.3900862509484851,4,2015-03-01
Busia,2015,4,0.5776389198555141,3,2015-04-01
Busia,2015,5,0.6870335621179299,4,2015-05-01
Busia,2015,6,0.6686913317435152,4,2015-06-01
Busia,2015,7,0.6127684766468571,4,2015-07-01
Busia,2015,8,0.5532552504412195,4,2015-08-01
Busia,2015,9,0.5525721607314804,4,2015-09-01
Busia,2015,10,0.6043998314036281,3,2015-10-01
Busia,2015,11,0.6747489793525228,4,2015-11-01
Busia,2015,12,0.6589017498743039,4,2015-12-01
Busia,2016,1,0.5953885197204525,4,2016-01-01
Busia,2016,2,0.48392650242633173,4,2016-02-01
Busia,2016,3,0.4705979595383835,4,2016-03-01
Busia,2016,4,0.6041241430173101,4,2016-04-01
Busia,2016,5,0.6609791837719566,3,2016-05-01
Busia,2016,6,0.6150586987883313,4,2016-06-01
Busia,2016,7,0.5515383999953409,4,2016-07-01
Busia,2016,8,0.5308310978667913,4,2016-08-01
Busia,2016,9,0.5297423824899258,4,2016-09-01
Busia,2016,10,0.5711525948796432,4,2016-10-01
Busia,2016,11,0.5914784027508656,3,2016-11-01
Busia,2016,12,0.4876127478546547,4,2016-12-01
Busia,2017,1,0.39806422788542717,4,2017-01-01
Busia,2017,2,0.44181617704556614,4,2017-02-01
Busia,2017,3,0.5215963861800789,4,2017-03-01
Busia,2017,4,0.598226707648747,3,2017-04-01
Busia,2017,5,0.6807656942521477,4,2017-05-01
Busia,2017,6,0.6234912666568513,4,2017-06-01
Busia,2017,7,0.5754247162778701,4,2017-07-01
Busia,2017,8,0.5654719929889571,4,2017-08-01
Busia,2017,9,0.5970865274881574,4,2017-09-01
Busia,2017,10,0.6188268908941756,3,2017-10-01
Busia,2017,11,0.614288575721639,4,2017-11-01
Busia,2017,12,0.5257928629788198,4,2017-12-01
Busia,2018,1,0.417804794596383,4,2018-01-01
Busia,2018,2,0.3846354656820407,4,2018-02-01
Busia,2018,3,0.5223216804538368,4,2018-03-01
Busia,2018,4,0.6500472271156349,3,2018-04-01
Busia,2018,5,0.6885198776398214,4,2018-05-01
Busia,2018,6,0.6675260760652143,4,2018-06-01
Busia,2018,7,0.5876608233267151,4,2018-07-01
Busia,2018,8,0.5368677271305471,4,2018-08-01
Busia,2018,9,0.5596097775580581,4,2018-09-01
Busia,2018,10,0.6044201789750181,3,2018-10-01
Busia,2018,11,0.5957975149458209,4,2018-11-01
Busia,2018,12,0.5926885335207402,4,2018-12-01
Busia,2019,1,0.5097071844733995,4,2019-01-01
Busia,2019,2,0.4209765768926608,4,2019-02-01
Busia,2019,3,0.4727258609093357,4,2019-03-01
Busia,2019,4,0.5365604663184094,3,2019-04-01
Busia,2019,5,0.6455750581742407,4,2019-05-01
Busia,2019,6,0.655487400930234,4,2019-06-01
Busia,2019,7,0.6156389091981131,4,2019-07-01
Busia,2019,8,0.5764572440847624,4,2019-08-01
Busia,2019,9,0.6005334617119471,4,2019-09-01
Busia,2019,10,0.6309340812768522,3,2019-10-01
Busia,2019,11,0.6579183291189648,4,2019-11-01
Busia,2019,12,0.6477930990177456,4,2019-12-01
Busia,2020,1,0.6053941481273865,4,2020-01-01
Busia,2020,2,0.5914486414028357,4,2020-02-01
Busia,2020,3,0.5936730680837101,4,2020-03-01
Busia,2020,4,0.620434306650688,4,2020-04-01
Busia,2020,5,0.679126122241439,3,2020-05-01
Busia,2020,6,0.6368192166782587,4,2020-06-01
Busia,2020,7,0.5938846705975821,4,2020-07-01
Busia,2020,8,0.49185153049774377,4,2020-08-01
Busia,2020,9,0.5906150851225248,4,2020-09-01
Busia,2020,10,0.6260597105922916,4,2020-10-01
Busia,2020,11,0.6538690850394521,3,2020-11-01
Busia,2020,12,0.62014620570499,4,2020-12-01
Busia,2021,1,0.5920696132234678,4,2021-01-01
Busia,2021,2,0.5212813899078448,4,2021-02-01
Busia,2021,3,0.5423754980046718,4,2021-03-01
Busia,2021,4,0.6032096566446483,3,2021-04-01
Busia,2021,5,0.6725040823131141,4,2021-05-01
Busia,2021,6,0.6232805283052935,4,2021-06-01
Busia,2021,7,0.554673385055374,4,2021-07-01
Busia,2021,8,0.5377679703399699,4,2021-08-01
Busia,2021,9,0.5895696131631227,4,2021-09-01
Busia,2021,10,0.6237999394154882,3,2021-10-01
Busia,2021,11,0.6188662141562732,4,2021-11-01
Busia,2021,12,0.5820732218894501,4,2021-12-01
Busia,2022,1,0.5046543972906126,4,2022-01-01
Busia,2022,2,0.5115955715284811,4,2022-02-01
Busia,2022,3,0.4654397013317129,4,2022-03-01
Busia,2022,4,0.6125086126764009,3,2022-04-01
Busia,2022,5,0.6463199382688567,4,2022-05-01
Busia,2022,6,0.6327718038599359,4,2022-06-01
Busia,2022,7,0.5507406006527776,4,2022-07-01
Busia,2022,8,0.5764006013291825,4,2022-08-01
Busia,2022,9,0.5962580485540674,4,2022-09-01
Busia,2022,10,0.6036067382060666,3,2022-10-01
Busia,2022,11,0.6186938370638722,4,2022-11-01
Busia,2022,12,0.6149156800276893,3,2022-12-01
Busia,2023,1,0.5495400594205474,4,2023-01-01
Busia,2023,2,0.4358443240937547,3,2023-02-01
Busia,2023,3,0.49093274242586493,4,2023-03-01
Busia,2023,4,0.6198419428615822,3,2023-04-01
Busia,2023,5,0.6815261733033839,4,2023-05-01
Busia,2023,6,0.6593107929176651,4,2023-06-01
Busia,2023,7,0.5936221275385248,4,2023-07-01
Busia,2023,8,0.5293217637736843,4,2023-08-01
Busia,2023,9,0.605779031809422,4,2023-09-01
Busia,2023,10,0.6551631738521423,2,2023-10-01
Busia,2023,11,0.6648614699925381,4,2023-11-01
Busia,2023,12,0.6421104239869133,4,2023-12-01
Busia,2024,1,0.6257683757753922,4,2024-01-01
Busia,2024,2,0.6083796276822659,4,2024-02-01
Busia,2024,3,0.5898897462929602,4,2024-03-01
Busia,2024,4,0.6560351103436872,4,2024-04-01
Busia,2024,5,0.6825182486276539,3,2024-05-01
Busia,2024,6,0.6482779120001299,4,2024-06-01
Busia,2024,7,0.6014253766478346,4,2024-07-01
Busia,2024,8,0.5889957098288843,3,2024-08-01
Busia,2024,9,0.5995599427437751,4,2024-09-01
Busia,2024,10,0.6421689110375333,4,2024-10-01
Busia,2024,11,0.6730282865343716,3,2024-11-01
Busia,2024,12,0.6401949613735186,3,2024-12-01
Busia,2025,1,0.5801556023843153,4,2025-01-01
Busia,2025,2,0.4970165184297722,4,2025-02-01
Busia,2025,3,0.5354188506128075,4,2025-03-01
Busia,2025,4,0.6410717207411705,3,2025-04-01
Busia,2025,5,0.6838174679170399,4,2025-05-01
Busia,2025,6,0.6737304947594621,4,2025-06-01
Busia,2025,11,0.6606348399246706,1,2025-11-01
Busia,2025,12,0.6169662881731468,2,2025-12-01
Busia,2026,1,0.570353011425464,3,2026-01-01
Busia,2026,2,0.5537743564900539,3,2026-02-01
Busia,2026,3,0.6624233285163776,2,2026-03-01
Busia,2026,4,0.616449481840194,2,2026-04-01
Busia,2026,5,0.675502481496908,2,2026-05-01
Busia,2026,7,0.593250157587144,3,2026-07-01
Busia,2026,8,0.5486671785028783,1,2026-08-01
Elgeyo-Marakwet,2000,12,0.6565455681818183,1,2000-12-01
Elgeyo-Marakwet,2001,1,0.628231420454545,2,2001-01-01
Elgeyo-Marakwet,2001,2,0.5934600568181811,2,2001-02-01
Elgeyo-Marakwet,2001,3,0.5801827840909093,2,2001-03-01
Elgeyo-Marakwet,2001,4,0.6877582954545448,2,2001-04-01
Elgeyo-Marakwet,2001,5,0.7240491477272728,2,2001-05-01
Elgeyo-Marakwet,2001,6,0.45561005681818156,2,2001-06-01
Elgeyo-Marakwet,2001,7,0.6440431249999998,2,2001-07-01
Elgeyo-Marakwet,2001,8,0.7170021022727271,2,2001-08-01
Elgeyo-Marakwet,2001,9,0.6799862500000001,2,2001-09-01
Elgeyo-Marakwet,2001,10,0.6248534090909094,1,2001-10-01
Elgeyo-Marakwet,2001,11,0.6508109659090908,2,2001-11-01
Elgeyo-Marakwet,2001,12,0.6925573295454543,2,2001-12-01
Elgeyo-Marakwet,2002,1,0.6349251136363635,2,2002-01-01
Elgeyo-Marakwet,2002,2,0.560741818181818,2,2002-02-01
Elgeyo-Marakwet,2002,3,0.5763851136363636,2,2002-03-01
Elgeyo-Marakwet,2002,4,0.6286340340909089,2,2002-04-01
Elgeyo-Marakwet,2002,5,0.7115002272727278,2,2002-05-01
Elgeyo-Marakwet,2002,6,0.6864279545454544,2,2002-06-01
Elgeyo-Marakwet,2002,7,0.6236009090909092,4,2002-07-01
Elgeyo-Marakwet,2002,8,0.6354335227272733,4,2002-08-01
Elgeyo-Marakwet,2002,9,0.6165674147727274,4,2002-09-01
Elgeyo-Marakwet,2002,10,0.6253443939393942,3,2002-10-01
Elgeyo-Marakwet,2002,11,0.6612795170454547,4,2002-11-01
Elgeyo-Marakwet,2002,12,0.6648531818181818,4,2002-12-01
Elgeyo-Marakwet,2003,1,0.6971393181818181,4,2003-01-01
Elgeyo-Marakwet,2003,2,0.5929469318181816,4,2003-02-01
Elgeyo-Marakwet,2003,3,0.5421190340909091,4,2003-03-01
Elgeyo-Marakwet,2003,4,0.5450601893939394,3,2003-04-01
Elgeyo-Marakwet,2003,5,0.7055631249999996,4,2003-05-01
Elgeyo-Marakwet,2003,6,0.7082563636363634,4,2003-06-01
Elgeyo-Marakwet,2003,7,0.6571868749999998,4,2003-07-01
Elgeyo-Marakwet,2003,8,0.623731647727273,4,2003-08-01
Elgeyo-Marakwet,2003,9,0.6788403977272726,4,2003-09-01
Elgeyo-Marakwet,2003,10,0.6130968560606064,3,2003-10-01
Elgeyo-Marakwet,2003,11,0.607885,4,2003-11-01
Elgeyo-Marakwet,2003,12,0.6478953409090911,4,2003-12-01
Elgeyo-Marakwet,2004,1,0.6244980681818182,4,2004-01-01
Elgeyo-Marakwet,2004,2,0.5790806534090909,4,2004-02-01
Elgeyo-Marakwet,2004,3,0.5312773863636363,4,2004-03-01
Elgeyo-Marakwet,2004,4,0.6773398863636366,4,2004-04-01
Elgeyo-Marakwet,2004,5,0.7082499621212125,3,2004-05-01
Elgeyo-Marakwet,2004,6,0.6796272159090907,4,2004-06-01
Elgeyo-Marakwet,2004,7,0.6291311079545457,4,2004-07-01
Elgeyo-Marakwet,2004,8,0.6703419318181817,4,2004-08-01
Elgeyo-Marakwet,2004,9,0.6742701420454543,4,2004-09-01
Elgeyo-Marakwet,2004,10,0.6536871590909087,4,2004-10-01
Elgeyo-Marakwet,2004,11,0.7177493939393939,3,2004-11-01
Elgeyo-Marakwet,2004,12,0.696466647727273,4,2004-12-01
Elgeyo-Marakwet,2005,1,0.6261607386363632,4,2005-01-01
Elgeyo-Marakwet,2005,2,0.5809625568181818,4,2005-02-01
Elgeyo-Marakwet,2005,3,0.5951723011363637,4,2005-03-01
Elgeyo-Marakwet,2005,4,0.6293523863636367,3,2005-04-01
Elgeyo-Marakwet,2005,5,0.7172584090909093,4,2005-05-01
Elgeyo-Marakwet,2005,6,0.6953949715909089,4,2005-06-01
Elgeyo-Marakwet,2005,7,0.670235170454546,4,2005-07-01
Elgeyo-Marakwet,2005,8,0.6897707954545453,4,2005-08-01
Elgeyo-Marakwet,2005,9,0.6712431818181819,4,2005-09-01
Elgeyo-Marakwet,2005,10,0.6681285606060611,3,2005-10-01
Elgeyo-Marakwet,2005,11,0.6427687215909087,4,2005-11-01
Elgeyo-Marakwet,2005,12,0.5816580397727268,4,2005-12-01
Elgeyo-Marakwet,2006,1,0.5428797159090912,4,2006-01-01
Elgeyo-Marakwet,2006,2,0.5287275000000002,4,2006-02-01
Elgeyo-Marakwet,2006,3,0.5719009943181819,4,2006-03-01
Elgeyo-Marakwet,2006,4,0.6726157954545453,3,2006-04-01
Elgeyo-Marakwet,2006,5,0.6920578693181821,4,2006-05-01
Elgeyo-Marakwet,2006,6,0.6389170454545455,4,2006-06-01
Elgeyo-Marakwet,2006,7,0.6520761931818183,4,2006-07-01
Elgeyo-Marakwet,2006,8,0.6903985227272728,4,2006-08-01
Elgeyo-Marakwet,2006,9,0.6590623863636367,4,2006-09-01
Elgeyo-Marakwet,2006,10,0.6116216666666671,3,2006-10-01
Elgeyo-Marakwet,2006,11,0.6485152840909093,4,2006-11-01
Elgeyo-Marakwet,2006,12,0.6838557102272733,4,2006-12-01
Elgeyo-Marakwet,2007,1,0.7085669886363638,4,2007-01-01
Elgeyo-Marakwet,2007,2,0.6755549715909093,4,2007-02-01
Elgeyo-Marakwet,2007,3,0.6422169602272728,4,2007-03-01
Elgeyo-Marakwet,2007,4,0.6827815530303027,3,2007-04-01
Elgeyo-Marakwet,2007,5,0.7167120738636362,4,2007-05-01
Elgeyo-Marakwet,2007,6,0.5892404261363642,4,2007-06-01
Elgeyo-Marakwet,2007,7,0.6168957670454545,4,2007-07-01
Elgeyo-Marakwet,2007,8,0.6848726704545458,4,2007-08-01
Elgeyo-Marakwet,2007,9,0.7389603125000003,4,2007-09-01
Elgeyo-Marakwet,2007,10,0.7328004924242425,3,2007-10-01
Elgeyo-Marakwet,2007,11,0.6843112215909092,4,2007-11-01
Elgeyo-Marakwet,2007,12,0.6327817613636363,4,2007-12-01
Elgeyo-Marakwet,2008,1,0.5929224999999995,4,2008-01-01
Elgeyo-Marakwet,2008,2,0.546312443181818,4,2008-02-01
Elgeyo-Marakwet,2008,3,0.5506736647727274,4,2008-03-01
Elgeyo-Marakwet,2008,4,0.667276931818182,4,2008-04-01
Elgeyo-Marakwet,2008,5,0.6786856818181817,3,2008-05-01
Elgeyo-Marakwet,2008,6,0.6606539488636367,4,2008-06-01
Elgeyo-Marakwet,2008,7,0.6048271306818181,4,2008-07-01
Elgeyo-Marakwet,2008,8,0.6767546022727275,4,2008-08-01
Elgeyo-Marakwet,2008,9,0.696578181818182,4,2008-09-01
Elgeyo-Marakwet,2008,10,0.7108210795454544,4,2008-10-01
Elgeyo-Marakwet,2008,11,0.723751742424242,3,2008-11-01
Elgeyo-Marakwet,2008,12,0.6480550284090909,4,2008-12-01
Elgeyo-Marakwet,2009,1,0.5883624147727275,4,2009-01-01
Elgeyo-Marakwet,2009,2,0.5362645170454544,4,2009-02-01
Elgeyo-Marakwet,2009,3,0.5083803977272727,4,2009-03-01
Elgeyo-Marakwet,2009,4,0.5805868939393939,3,2009-04-01
Elgeyo-Marakwet,2009,5,0.6769765909090908,4,2009-05-01
Elgeyo-Marakwet,2009,6,0.6769937215909096,4,2009-06-01
Elgeyo-Marakwet,2009,7,0.6129175852272724,4,2009-07-01
Elgeyo-Marakwet,2009,8,0.6071470738636365,4,2009-08-01
Elgeyo-Marakwet,2009,9,0.5737582102272729,4,2009-09-01
Elgeyo-Marakwet,2009,10,0.6101249242424238,3,2009-10-01
Elgeyo-Marakwet,2009,11,0.6473046590909093,4,2009-11-01
Elgeyo-Marakwet,2009,12,0.636957130681818,4,2009-12-01
Elgeyo-Marakwet,2010,1,0.6890526704545459,4,2010-01-01
Elgeyo-Marakwet,2010,2,0.6510541193181816,4,2010-02-01
Elgeyo-Marakwet,2010,3,0.6801170738636362,4,2010-03-01
Elgeyo-Marakwet,2010,4,0.7073884848484845,3,2010-04-01
Elgeyo-Marakwet,2010,5,0.7260705681818183,4,2010-05-01
Elgeyo-Marakwet,2010,6,0.7019556249999994,4,2010-06-01
Elgeyo-Marakwet,2010,7,0.6745707386363635,4,2010-07-01
Elgeyo-Marakwet,2010,8,0.655063522727273,4,2010-08-01
Elgeyo-Marakwet,2010,9,0.6925015340909093,4,2010-09-01
Elgeyo-Marakwet,2010,10,0.687479924242424,3,2010-10-01
Elgeyo-Marakwet,2010,11,0.6747570170454544,4,2010-11-01
Elgeyo-Marakwet,2010,12,0.6301735511363639,4,2010-12-01
Elgeyo-Marakwet,2011,1,0.5757390625000001,4,2011-01-01
Elgeyo-Marakwet,2011,2,0.5243659375000002,4,2011-02-01
Elgeyo-Marakwet,2011,3,0.5572896022727278,4,2011-03-01
Elgeyo-Marakwet,2011,4,0.6077473484848485,3,2011-04-01
Elgeyo-Marakwet,2011,5,0.691224857954545,4,2011-05-01
Elgeyo-Marakwet,2011,6,0.6823141761363632,4,2011-06-01
Elgeyo-Marakwet,2011,7,0.6654994886363632,4,2011-07-01
Elgeyo-Marakwet,2011,8,0.6858049147727273,4,2011-08-01
Elgeyo-Marakwet,2011,9,0.713562244318182,4,2011-09-01
Elgeyo-Marakwet,2011,10,0.7068964015151517,3,2011-10-01
Elgeyo-Marakwet,2011,11,0.7050804545454549,4,2011-11-01
Elgeyo-Marakwet,2011,12,0.7186722727272726,4,2011-12-01
Elgeyo-Marakwet,2012,1,0.6340004261363631,4,2012-01-01
Elgeyo-Marakwet,2012,2,0.5404929545454541,4,2012-02-01
Elgeyo-Marakwet,2012,3,0.5004209374999999,4,2012-03-01
Elgeyo-Marakwet,2012,4,0.6190569886363635,4,2012-04-01
Elgeyo-Marakwet,2012,5,0.7346227272727274,3,2012-05-01
Elgeyo-Marakwet,2012,6,0.6650265625000003,4,2012-06-01
Elgeyo-Marakwet,2012,7,0.640264943181818,4,2012-07-01
Elgeyo-Marakwet,2012,8,0.716865994318182,4,2012-08-01
Elgeyo-Marakwet,2012,9,0.7312398011363637,4,2012-09-01
Elgeyo-Marakwet,2012,10,0.7042993181818182,4,2012-10-01
Elgeyo-Marakwet,2012,11,0.7337734848484844,3,2012-11-01
Elgeyo-Marakwet,2012,12,0.7142988920454544,4,2012-12-01
Elgeyo-Marakwet,2013,1,0.6887334659090908,4,2013-01-01
Elgeyo-Marakwet,2013,2,0.6141356534090913,4,2013-02-01
Elgeyo-Marakwet,2013,3,0.594436107954545,4,2013-03-01
Elgeyo-Marakwet,2013,4,0.6995848484848487,3,2013-04-01
Elgeyo-Marakwet,2013,5,0.7350284659090907,4,2013-05-01
Elgeyo-Marakwet,2013,6,0.6913946022727273,4,2013-06-01
Elgeyo-Marakwet,2013,7,0.6417073295454543,4,2013-07-01
Elgeyo-Marakwet,2013,8,0.6893220170454545,4,2013-08-01
Elgeyo-Marakwet,2013,9,0.711649715909091,4,2013-09-01
Elgeyo-Marakwet,2013,10,0.7101010984848489,3,2013-10-01
Elgeyo-Marakwet,2013,11,0.7065059659090911,4,2013-11-01
Elgeyo-Marakwet,2013,12,0.7095537215909089,4,2013-12-01
Elgeyo-Marakwet,2014,1,0.6436256250000005,4,2014-01-01
Elgeyo-Marakwet,2014,2,0.5719928409090909,4,2014-02-01
Elgeyo-Marakwet,2014,3,0.591129914772727,4,2014-03-01
Elgeyo-Marakwet,2014,4,0.6052792424242424,3,2014-04-01
Elgeyo-Marakwet,2014,5,0.6636849431818188,4,2014-05-01
Elgeyo-Marakwet,2014,6,0.670918806818182,4,2014-06-01
Elgeyo-Marakwet,2014,7,0.6279359659090911,4,2014-07-01
Elgeyo-Marakwet,2014,8,0.6634877272727271,4,2014-08-01
Elgeyo-Marakwet,2014,9,0.6994036647727276,4,2014-09-01
Elgeyo-Marakwet,2014,10,0.6992189393939392,3,2014-10-01
Elgeyo-Marakwet,2014,11,0.7183024431818178,4,2014-11-01
Elgeyo-Marakwet,2014,12,0.6961678124999999,4,2014-12-01
Elgeyo-Marakwet,2015,1,0.6077144318181817,4,2015-01-01
Elgeyo-Marakwet,2015,2,0.5246913352272728,4,2015-02-01
Elgeyo-Marakwet,2015,3,0.49080957386363655,4,2015-03-01
Elgeyo-Marakwet,2015,4,0.6129334469696969,3,2015-04-01
Elgeyo-Marakwet,2015,5,0.7206592045454544,4,2015-05-01
Elgeyo-Marakwet,2015,6,0.694537840909091,4,2015-06-01
Elgeyo-Marakwet,2015,7,0.7046406818181821,4,2015-07-01
Elgeyo-Marakwet,2015,8,0.6767475000000001,4,2015-08-01
Elgeyo-Marakwet,2015,9,0.6116147727272727,4,2015-09-01
Elgeyo-Marakwet,2015,10,0.5948166666666669,3,2015-10-01
Elgeyo-Marakwet,2015,11,0.6960487215909088,4,2015-11-01
Elgeyo-Marakwet,2015,12,0.7411514772727273,4,2015-12-01
Elgeyo-Marakwet,2016,1,0.6880158238636362,4,2016-01-01
Elgeyo-Marakwet,2016,2,0.6083389204545449,4,2016-02-01
Elgeyo-Marakwet,2016,3,0.5752197727272732,4,2016-03-01
Elgeyo-Marakwet,2016,4,0.6784090909090905,4,2016-04-01
Elgeyo-Marakwet,2016,5,0.729660871212121,3,2016-05-01
Elgeyo-Marakwet,2016,6,0.6740828977272724,4,2016-06-01
Elgeyo-Marakwet,2016,7,0.6230111647727276,4,2016-07-01
Elgeyo-Marakwet,2016,8,0.6941574715909097,4,2016-08-01
Elgeyo-Marakwet,2016,9,0.6549250852272728,4,2016-09-01
Elgeyo-Marakwet,2016,10,0.6302295738636363,4,2016-10-01
Elgeyo-Marakwet,2016,11,0.6128295075757579,3,2016-11-01
Elgeyo-Marakwet,2016,12,0.592731903409091,4,2016-12-01
Elgeyo-Marakwet,2017,1,0.5303671022727279,4,2017-01-01
Elgeyo-Marakwet,2017,2,0.5283940909090907,4,2017-02-01
Elgeyo-Marakwet,2017,3,0.505211221590909,4,2017-03-01
Elgeyo-Marakwet,2017,4,0.5603456818181817,3,2017-04-01
Elgeyo-Marakwet,2017,5,0.6872573011363634,4,2017-05-01
Elgeyo-Marakwet,2017,6,0.6675925000000001,4,2017-06-01
Elgeyo-Marakwet,2017,7,0.6458719886363635,4,2017-07-01
Elgeyo-Marakwet,2017,8,0.681659119318182,4,2017-08-01
Elgeyo-Marakwet,2017,9,0.7163655681818182,4,2017-09-01
Elgeyo-Marakwet,2017,10,0.6805024999999997,3,2017-10-01
Elgeyo-Marakwet,2017,11,0.7113336931818177,4,2017-11-01
Elgeyo-Marakwet,2017,12,0.6549414772727273,4,2017-12-01
Elgeyo-Marakwet,2018,1,0.5719305113636368,4,2018-01-01
Elgeyo-Marakwet,2018,2,0.5142303124999998,4,2018-02-01
Elgeyo-Marakwet,2018,3,0.6026621875,4,2018-03-01
Elgeyo-Marakwet,2018,4,0.6709320454545455,3,2018-04-01
Elgeyo-Marakwet,2018,5,0.721364005681818,4,2018-05-01
Elgeyo-Marakwet,2018,6,0.7071763068181811,4,2018-06-01
Elgeyo-Marakwet,2018,7,0.6797441193181817,4,2018-07-01
Elgeyo-Marakwet,2018,8,0.6373992329545455,4,2018-08-01
Elgeyo-Marakwet,2018,9,0.6933075284090906,4,2018-09-01
Elgeyo-Marakwet,2018,10,0.6856886742424239,3,2018-10-01
Elgeyo-Marakwet,2018,11,0.6938589204545458,4,2018-11-01
Elgeyo-Marakwet,2018,12,0.6761951136363636,4,2018-12-01
Elgeyo-Marakwet,2019,1,0.6225982954545455,4,2019-01-01
Elgeyo-Marakwet,2019,2,0.5341505965909092,4,2019-02-01
Elgeyo-Marakwet,2019,3,0.5182061363636362,4,2019-03-01
Elgeyo-Marakwet,2019,4,0.5395692045454545,3,2019-04-01
Elgeyo-Marakwet,2019,5,0.6253327272727269,4,2019-05-01
Elgeyo-Marakwet,2019,6,0.6591339204545456,4,2019-06-01
Elgeyo-Marakwet,2019,7,0.7489661647727271,4,2019-07-01
Elgeyo-Marakwet,2019,8,0.6706552840909095,4,2019-08-01
Elgeyo-Marakwet,2019,9,0.7185397727272722,4,2019-09-01
Elgeyo-Marakwet,2019,10,0.6929014015151512,3,2019-10-01
Elgeyo-Marakwet,2019,11,0.7309047159090907,4,2019-11-01
Elgeyo-Marakwet,2019,12,0.7216294318181817,4,2019-12-01
Elgeyo-Marakwet,2020,1,0.7146296306818178,4,2020-01-01
Elgeyo-Marakwet,2020,2,0.6996178693181818,4,2020-02-01
Elgeyo-Marakwet,2020,3,0.6846871306818184,4,2020-03-01
Elgeyo-Marakwet,2020,4,0.6953056818181815,4,2020-04-01
Elgeyo-Marakwet,2020,5,0.7447230303030308,3,2020-05-01
Elgeyo-Marakwet,2020,6,0.718306420454546,4,2020-06-01
Elgeyo-Marakwet,2020,7,0.698989517045455,4,2020-07-01
Elgeyo-Marakwet,2020,8,0.5935252423983866,4,2020-08-01
Elgeyo-Marakwet,2020,9,0.7326453977272731,4,2020-09-01
Elgeyo-Marakwet,2020,10,0.7239815909090908,4,2020-10-01
Elgeyo-Marakwet,2020,11,0.7435718939393937,3,2020-11-01
Elgeyo-Marakwet,2020,12,0.6928598579545453,4,2020-12-01
Elgeyo-Marakwet,2021,1,0.6294772159090911,4,2021-01-01
Elgeyo-Marakwet,2021,2,0.574492215909091,4,2021-02-01
Elgeyo-Marakwet,2021,3,0.5607146875000001,4,2021-03-01
Elgeyo-Marakwet,2021,4,0.635812159090909,3,2021-04-01
Elgeyo-Marakwet,2021,5,0.7204844034090909,4,2021-05-01
Elgeyo-Marakwet,2021,6,0.6843064772727269,4,2021-06-01
Elgeyo-Marakwet,2021,7,0.5492842329545456,4,2021-07-01
Elgeyo-Marakwet,2021,8,0.7057473011363635,4,2021-08-01
Elgeyo-Marakwet,2021,9,0.7137587784090909,4,2021-09-01
Elgeyo-Marakwet,2021,10,0.7198338257575759,3,2021-10-01
Elgeyo-Marakwet,2021,11,0.6796459659090908,4,2021-11-01
Elgeyo-Marakwet,2021,12,0.6325363352272726,4,2021-12-01
Elgeyo-Marakwet,2022,1,0.5898559090909088,4,2022-01-01
Elgeyo-Marakwet,2022,2,0.539843039772727,4,2022-02-01
Elgeyo-Marakwet,2022,3,0.4522385227272726,4,2022-03-01
Elgeyo-Marakwet,2022,4,0.5975179166666665,3,2022-04-01
Elgeyo-Marakwet,2022,5,0.6819984375000001,4,2022-05-01
Elgeyo-Marakwet,2022,6,0.6605896875,4,2022-06-01
Elgeyo-Marakwet,2022,7,0.621966306818182,4,2022-07-01
Elgeyo-Marakwet,2022,8,0.6696524147727271,4,2022-08-01
Elgeyo-Marakwet,2022,9,0.7096717897727272,4,2022-09-01
Elgeyo-Marakwet,2022,10,0.642930681818182,3,2022-10-01
Elgeyo-Marakwet,2022,11,0.6173735511363637,4,2022-11-01
Elgeyo-Marakwet,2022,12,0.6462214015151514,3,2022-12-01
Elgeyo-Marakwet,2023,1,0.632355255681818,4,2023-01-01
Elgeyo-Marakwet,2023,2,0.5156463257575757,3,2023-02-01
Elgeyo-Marakwet,2023,3,0.5476344034090908,4,2023-03-01
Elgeyo-Marakwet,2023,4,0.6716712121212125,3,2023-04-01
Elgeyo-Marakwet,2023,5,0.7255180397727278,4,2023-05-01
Elgeyo-Marakwet,2023,6,0.6550568749999999,4,2023-06-01
Elgeyo-Marakwet,2023,7,0.6771024147727269,4,2023-07-01
Elgeyo-Marakwet,2023,8,0.7016514772727268,4,2023-08-01
Elgeyo-Marakwet,2023,9,0.688642414772727,4,2023-09-01
Elgeyo-Marakwet,2023,10,0.700141761363636,2,2023-10-01
Elgeyo-Marakwet,2023,11,0.709584346590909,4,2023-11-01
Elgeyo-Marakwet,2023,12,0.706089772727273,4,2023-12-01
Elgeyo-Marakwet,2024,1,0.6645279545454545,4,2024-01-01
Elgeyo-Marakwet,2024,2,0.6601812215909092,4,2024-02-01
Elgeyo-Marakwet,2024,3,0.6535030113636364,4,2024-03-01
Elgeyo-Marakwet,2024,4,0.708080568181818,4,2024-04-01
Elgeyo-Marakwet,2024,5,0.7497393560606063,3,2024-05-01
Elgeyo-Marakwet,2024,6,0.7307702556818185,4,2024-06-01
Elgeyo-Marakwet,2024,7,0.6014636931818181,4,2024-07-01
Elgeyo-Marakwet,2024,8,0.7084873106060608,3,2024-08-01
Elgeyo-Marakwet,2024,9,0.7366900852272726,4,2024-09-01
Elgeyo-Marakwet,2024,10,0.6924963068181819,4,2024-10-01
Elgeyo-Marakwet,2024,11,0.695521780303031,3,2024-11-01
Elgeyo-Marakwet,2024,12,0.7013490151515155,3,2024-12-01
Elgeyo-Marakwet,2025,1,0.6427523295454547,4,2025-01-01
Elgeyo-Marakwet,2025,2,0.5676897159090908,4,2025-02-01
Elgeyo-Marakwet,2025,3,0.6187447727272728,4,2025-03-01
Elgeyo-Marakwet,2025,4,0.727712727272727,3,2025-04-01
Elgeyo-Marakwet,2025,5,0.7543544602272727,4,2025-05-01
Elgeyo-Marakwet,2025,6,0.7343660511363637,4,2025-06-01
Elgeyo-Marakwet,2025,11,0.7219231818181817,1,2025-11-01
Elgeyo-Marakwet,2025,12,0.7102262499999995,2,2025-12-01
Elgeyo-Marakwet,2026,1,0.6487779166666665,3,2026-01-01
Elgeyo-Marakwet,2026,2,0.6270453787878792,3,2026-02-01
Elgeyo-Marakwet,2026,3,0.7323170454545459,2,2026-03-01
Elgeyo-Marakwet,2026,4,0.6738706818181817,2,2026-04-01
Elgeyo-Marakwet,2026,5,0.7624393181818183,2,2026-05-01
Elgeyo-Marakwet,2026,7,0.6728184469696968,3,2026-07-01
Elgeyo-Marakwet,2026,8,0.660967386363636,1,2026-08-01
Embu,2000,12,0.7012227436823099,1,2000-12-01
Embu,2001,1,0.6625616726835142,2,2001-01-01
Embu,2001,2,0.4907576413959085,2,2001-02-01
Embu,2001,3,0.4437810258361975,2,2001-03-01
Embu,2001,4,0.623424007220217,2,2001-04-01
Embu,2001,5,0.5800150347237318,2,2001-05-01
Embu,2001,6,0.31070654638778705,2,2001-06-01
Embu,2001,7,0.4344645607701564,2,2001-07-01
Embu,2001,8,0.39044078124773407,2,2001-08-01
Embu,2001,9,0.3504496546474707,2,2001-09-01
Embu,2001,10,0.37361456077015687,1,2001-10-01
Embu,2001,11,0.494354587882215,2,2001-11-01
Embu,2001,12,0.6234476534296033,2,2001-12-01
Embu,2002,1,0.5777869434416363,2,2002-01-01
Embu,2002,2,0.49132138554216925,2,2002-02-01
Embu,2002,3,0.5386867629362214,2,2002-03-01
Embu,2002,4,0.6418059566786993,2,2002-04-01
Embu,2002,5,0.6834487560349705,2,2002-05-01
Embu,2002,6,0.5538131768953073,2,2002-06-01
Embu,2002,7,0.495481268793586,4,2002-07-01
Embu,2002,8,0.42099458483754537,4,2002-08-01
Embu,2002,9,0.41527557892218686,4,2002-09-01
Embu,2002,10,0.44478573517229364,3,2002-10-01
Embu,2002,11,0.6670096987951807,4,2002-11-01
Embu,2002,12,0.6977737814434635,4,2002-12-01
Embu,2003,1,0.6311516635132587,4,2003-01-01
Embu,2003,2,0.48879565681498544,4,2003-02-01
Embu,2003,3,0.4756911524437098,4,2003-03-01
Embu,2003,4,0.5480824041291523,3,2003-04-01
Embu,2003,5,0.6537189384527262,4,2003-05-01
Embu,2003,6,0.6212173237658931,4,2003-06-01
Embu,2003,7,0.47125806257521075,4,2003-07-01
Embu,2003,8,0.45772894291969296,4,2003-08-01
Embu,2003,9,0.4129857592078958,4,2003-09-01
Embu,2003,10,0.4555549137585237,3,2003-10-01
Embu,2003,11,0.6607065236856373,4,2003-11-01
Embu,2003,12,0.7119057120492264,4,2003-12-01
Embu,2004,1,0.6648455885998872,4,2004-01-01
Embu,2004,2,0.5792359764690533,4,2004-02-01
Embu,2004,3,0.4972967809867629,4,2004-03-01
Embu,2004,4,0.6332813477737664,4,2004-04-01
Embu,2004,5,0.6237453844257898,3,2004-05-01
Embu,2004,6,0.48231095066185325,4,2004-06-01
Embu,2004,7,0.44976761410262,4,2004-07-01
Embu,2004,8,0.3817534039769187,4,2004-08-01
Embu,2004,9,0.37522051744885687,4,2004-09-01
Embu,2004,10,0.4389243381468112,4,2004-10-01
Embu,2004,11,0.68033742478941,3,2004-11-01
Embu,2004,12,0.7078643156380032,4,2004-12-01
Embu,2005,1,0.5998815282791818,4,2005-01-01
Embu,2005,2,0.5244153730445249,4,2005-02-01
Embu,2005,3,0.4945481046931409,4,2005-03-01
Embu,2005,4,0.5715888487765742,3,2005-04-01
Embu,2005,5,0.6321690734055354,4,2005-05-01
Embu,2005,6,0.5943002503388197,4,2005-06-01
Embu,2005,7,0.3766333248052325,4,2005-07-01
Embu,2005,8,0.4291650185582921,4,2005-08-01
Embu,2005,9,0.37208793368419524,4,2005-09-01
Embu,2005,10,0.43586344700100027,3,2005-10-01
Embu,2005,11,0.5924101083032492,4,2005-11-01
Embu,2005,12,0.6179653253084537,4,2005-12-01
Embu,2006,1,0.5122150421179302,4,2006-01-01
Embu,2006,2,0.45066808062575214,4,2006-02-01
Embu,2006,3,0.5358790312876056,4,2006-03-01
Embu,2006,4,0.6386687123947052,3,2006-04-01
Embu,2006,5,0.6209446779536925,4,2006-05-01
Embu,2006,6,0.5082360772331203,4,2006-06-01
Embu,2006,7,0.3742104993983153,4,2006-07-01
Embu,2006,8,0.37765770870485543,4,2006-08-01
Embu,2006,9,0.3704882831325301,4,2006-09-01
Embu,2006,10,0.41850826333009555,3,2006-10-01
Embu,2006,11,0.6335315734780278,4,2006-11-01
Embu,2006,12,0.6822102916358577,4,2006-12-01
Embu,2007,1,0.6724127348382704,4,2007-01-01
Embu,2007,2,0.5455578820697952,4,2007-02-01
Embu,2007,3,0.5174344765342961,4,2007-03-01
Embu,2007,4,0.6172551740052873,3,2007-04-01
Embu,2007,5,0.6793672134812215,4,2007-05-01
Embu,2007,6,0.5835503104838125,4,2007-06-01
Embu,2007,7,0.4154927714105518,4,2007-07-01
Embu,2007,8,0.4425449595131427,4,2007-08-01
Embu,2007,9,0.4082802909471822,4,2007-09-01
Embu,2007,10,0.4655167875835473,3,2007-10-01
Embu,2007,11,0.631802993888913,4,2007-11-01
Embu,2007,12,0.6500120898032565,4,2007-12-01
Embu,2008,1,0.6183533995186526,4,2008-01-01
Embu,2008,2,0.5437793020457284,4,2008-02-01
Embu,2008,3,0.5350395006016849,4,2008-03-01
Embu,2008,4,0.6567666530743912,4,2008-04-01
Embu,2008,5,0.5976891944190724,3,2008-05-01
Embu,2008,6,0.5250807228915664,4,2008-06-01
Embu,2008,7,0.392492892146202,4,2008-07-01
Embu,2008,8,0.38500282412566933,4,2008-08-01
Embu,2008,9,0.377101833797283,4,2008-09-01
Embu,2008,10,0.5240780986762938,4,2008-10-01
Embu,2008,11,0.6314228810790697,3,2008-11-01
Embu,2008,12,0.5360106822234786,4,2008-12-01
Embu,2009,1,0.4977024528438666,4,2009-01-01
Embu,2009,2,0.46462545126353805,4,2009-02-01
Embu,2009,3,0.4418579022951011,4,2009-03-01
Embu,2009,4,0.5216109105495388,3,2009-04-01
Embu,2009,5,0.5851111042001943,4,2009-05-01
Embu,2009,6,0.47244824716222134,4,2009-06-01
Embu,2009,7,0.40981305655836364,4,2009-07-01
Embu,2009,8,0.3461689290012034,4,2009-08-01
Embu,2009,9,0.3484331985342093,4,2009-09-01
Embu,2009,10,0.4129987633325117,3,2009-10-01
Embu,2009,11,0.5968877933756687,4,2009-11-01
Embu,2009,12,0.63527978875792,4,2009-12-01
Embu,2010,1,0.5664610143824393,4,2010-01-01
Embu,2010,2,0.517919732938976,4,2010-02-01
Embu,2010,3,0.6168932942238269,4,2010-03-01
Embu,2010,4,0.6358499799438425,3,2010-04-01
Embu,2010,5,0.6406135396097024,4,2010-05-01
Embu,2010,6,0.46334697305467343,4,2010-06-01
Embu,2010,7,0.41979464500601704,4,2010-07-01
Embu,2010,8,0.36017366879068624,4,2010-08-01
Embu,2010,9,0.382420302147217,4,2010-09-01
Embu,2010,10,0.42986859437751024,3,2010-10-01
Embu,2010,11,0.5974423512461402,4,2010-11-01
Embu,2010,12,0.5492734872341348,4,2010-12-01
Embu,2011,1,0.46654825152595947,4,2011-01-01
Embu,2011,2,0.41706023117741703,4,2011-02-01
Embu,2011,3,0.43595012033694336,4,2011-03-01
Embu,2011,4,0.4779599679101481,3,2011-04-01
Embu,2011,5,0.535613989169675,4,2011-05-01
Embu,2011,6,0.4454001879721053,4,2011-06-01
Embu,2011,7,0.3935294774318342,4,2011-07-01
Embu,2011,8,0.30821228165369036,4,2011-08-01
Embu,2011,9,0.35346495186522287,4,2011-09-01
Embu,2011,10,0.4747581227436825,3,2011-10-01
Embu,2011,11,0.6396185318892902,4,2011-11-01
Embu,2011,12,0.6695530827280243,4,2011-12-01
Embu,2012,1,0.5414420881596347,4,2012-01-01
Embu,2012,2,0.4315566549229409,4,2012-02-01
Embu,2012,3,0.3867622141997593,4,2012-03-01
Embu,2012,4,0.5881524241007354,4,2012-04-01
Embu,2012,5,0.6475913758523862,3,2012-05-01
Embu,2012,6,0.45097511366766696,4,2012-06-01
Embu,2012,7,0.41881288525944926,4,2012-07-01
Embu,2012,8,0.40823045180722906,4,2012-08-01
Embu,2012,9,0.39042112815884483,4,2012-09-01
Embu,2012,10,0.4662008724428399,4,2012-10-01
Embu,2012,11,0.6346072881175726,3,2012-11-01
Embu,2012,12,0.6838435338465775,4,2012-12-01
Embu,2013,1,0.6227842295898396,4,2013-01-01
Embu,2013,2,0.4712878158844766,4,2013-02-01
Embu,2013,3,0.5043412755716006,4,2013-03-01
Embu,2013,4,0.6362549562872434,3,2013-04-01
Embu,2013,5,0.6319292076247228,4,2013-05-01
Embu,2013,6,0.41358603492674517,4,2013-06-01
Embu,2013,7,0.3573297611841502,4,2013-07-01
Embu,2013,8,0.37368284738230895,4,2013-08-01
Embu,2013,9,0.3946446089774259,4,2013-09-01
Embu,2013,10,0.4014044925792219,3,2013-10-01
Embu,2013,11,0.5521557752671339,4,2013-11-01
Embu,2013,12,0.6172446809983618,4,2013-12-01
Embu,2014,1,0.5142036942716715,4,2014-01-01
Embu,2014,2,0.4631143232859234,4,2014-02-01
Embu,2014,3,0.539858483754513,4,2014-03-01
Embu,2014,4,0.6209322101885282,3,2014-04-01
Embu,2014,5,0.5450820458367769,4,2014-05-01
Embu,2014,6,0.39511675691937437,4,2014-06-01
Embu,2014,7,0.3697188628158845,4,2014-07-01
Embu,2014,8,0.3639566264335321,4,2014-08-01
Embu,2014,9,0.37391744885679923,4,2014-09-01
Embu,2014,10,0.39759398315282785,3,2014-10-01
Embu,2014,11,0.5594783027416528,4,2014-11-01
Embu,2014,12,0.618982064865962,4,2014-12-01
Embu,2015,1,0.49360869220564585,4,2015-01-01
Embu,2015,2,0.4238269324228322,4,2015-02-01
Embu,2015,3,0.42976841155234646,4,2015-03-01
Embu,2015,4,0.6047851584436424,3,2015-04-01
Embu,2015,5,0.5805582129963899,4,2015-05-01
Embu,2015,6,0.529397885911879,4,2015-06-01
Embu,2015,7,0.37084289606077725,4,2015-07-01
Embu,2015,8,0.4090069994055645,4,2015-08-01
Embu,2015,9,0.3821582954924392,4,2015-09-01
Embu,2015,10,0.43069716251286755,3,2015-10-01
Embu,2015,11,0.6425759587084806,4,2015-11-01
Embu,2015,12,0.7121364524007284,4,2015-12-01
Embu,2016,1,0.6359796799472257,4,2016-01-01
Embu,2016,2,0.5455089651022862,4,2016-02-01
Embu,2016,3,0.5571449917721425,4,2016-03-01
Embu,2016,4,0.5762009626955473,4,2016-04-01
Embu,2016,5,0.6293200975744132,3,2016-05-01
Embu,2016,6,0.5181808965102288,4,2016-06-01
Embu,2016,7,0.44511808983225365,4,2016-07-01
Embu,2016,8,0.39791895194496396,4,2016-08-01
Embu,2016,9,0.40104528159569697,4,2016-09-01
Embu,2016,10,0.4120284497919476,4,2016-10-01
Embu,2016,11,0.5737626955475333,3,2016-11-01
Embu,2016,12,0.680937304452467,4,2016-12-01
Embu,2017,1,0.5694474729241876,4,2017-01-01
Embu,2017,2,0.4560642332869385,4,2017-02-01
Embu,2017,3,0.44576964500601657,4,2017-03-01
Embu,2017,4,0.5523242278379462,3,2017-04-01
Embu,2017,5,0.6287499699157637,4,2017-05-01
Embu,2017,6,0.5100453971119135,4,2017-06-01
Embu,2017,7,0.35383071600481336,4,2017-07-01
Embu,2017,8,0.3652304452466908,4,2017-08-01
Embu,2017,9,0.38712247292418744,4,2017-09-01
Embu,2017,10,0.47429233854793407,3,2017-10-01
Embu,2017,11,0.6365283092659446,4,2017-11-01
Embu,2017,12,0.6039395110043062,4,2017-12-01
Embu,2018,1,0.476819887564699,4,2018-01-01
Embu,2018,2,0.42814323104693147,4,2018-02-01
Embu,2018,3,0.5738050240673889,4,2018-03-01
Embu,2018,4,0.6471970718010426,3,2018-04-01
Embu,2018,5,0.6426397412755713,4,2018-05-01
Embu,2018,6,0.5287120647946942,4,2018-06-01
Embu,2018,7,0.5038168419888942,4,2018-07-01
Embu,2018,8,0.3616932503660856,4,2018-08-01
Embu,2018,9,0.4331610606865504,4,2018-09-01
Embu,2018,10,0.445399877778261,3,2018-10-01
Embu,2018,11,0.5785905983517408,4,2018-11-01
Embu,2018,12,0.6688088903628958,4,2018-12-01
Embu,2019,1,0.598717178098677,4,2019-01-01
Embu,2019,2,0.48489799095298153,4,2019-02-01
Embu,2019,3,0.44749079842837075,4,2019-03-01
Embu,2019,4,0.52245743745137,3,2019-04-01
Embu,2019,5,0.5899965102286403,4,2019-05-01
Embu,2019,6,0.5181250300842355,4,2019-06-01
Embu,2019,7,0.44716991576413956,4,2019-07-01
Embu,2019,8,0.40352836943441645,4,2019-08-01
Embu,2019,9,0.40098760529482536,4,2019-09-01
Embu,2019,10,0.5358252707581229,3,2019-10-01
Embu,2019,11,0.681295734861382,4,2019-11-01
Embu,2019,12,0.6970265498219377,4,2019-12-01
Embu,2020,1,0.6595279460441044,4,2020-01-01
Embu,2020,2,0.6493577604642393,4,2020-02-01
Embu,2020,3,0.6511211191335742,4,2020-03-01
Embu,2020,4,0.6514586206559086,4,2020-04-01
Embu,2020,5,0.67199754222457,3,2020-05-01
Embu,2020,6,0.6012142980586604,4,2020-06-01
Embu,2020,7,0.47249618366692053,4,2020-07-01
Embu,2020,8,0.3315817158887381,4,2020-08-01
Embu,2020,9,0.4405945846200687,4,2020-09-01
Embu,2020,10,0.47027373646209386,4,2020-10-01
Embu,2020,11,0.6509963415931049,3,2020-11-01
Embu,2020,12,0.669336610630247,4,2020-12-01
Embu,2021,1,0.6285318259318862,4,2021-01-01
Embu,2021,2,0.5553730746089051,4,2021-02-01
Embu,2021,3,0.5147620637785799,4,2021-03-01
Embu,2021,4,0.6038586673529256,3,2021-04-01
Embu,2021,5,0.6163701390036679,4,2021-05-01
Embu,2021,6,0.4793245487364619,4,2021-06-01
Embu,2021,7,0.3739818648964086,4,2021-07-01
Embu,2021,8,0.3994509131834195,4,2021-08-01
Embu,2021,9,0.3935186457744336,4,2021-09-01
Embu,2021,10,0.4283679993137411,3,2021-10-01
Embu,2021,11,0.5464038360300407,4,2021-11-01
Embu,2021,12,0.6943069451089561,4,2021-12-01
Embu,2022,1,0.6549333395676573,4,2022-01-01
Embu,2022,2,0.5220689419772956,4,2022-02-01
Embu,2022,3,0.4728525270758122,4,2022-03-01
Embu,2022,4,0.5880331109757929,3,2022-04-01
Embu,2022,5,0.6447362214199759,4,2022-05-01
Embu,2022,6,0.49650388177257754,4,2022-06-01
Embu,2022,7,0.3228903329926205,4,2022-07-01
Embu,2022,8,0.3807451867397388,4,2022-08-01
Embu,2022,9,0.3954265631478987,4,2022-09-01
Embu,2022,10,0.3936926624911197,3,2022-10-01
Embu,2022,11,0.5803208483754512,4,2022-11-01
Embu,2022,12,0.6773743874656265,3,2022-12-01
Embu,2023,1,0.5586257802328447,4,2023-01-01
Embu,2023,2,0.4471521254693873,3,2023-02-01
Embu,2023,3,0.4913131167268352,4,2023-03-01
Embu,2023,4,0.6596016847172084,3,2023-04-01
Embu,2023,5,0.6720101383874849,4,2023-05-01
Embu,2023,6,0.5260632069795427,4,2023-06-01
Embu,2023,7,0.41711025872442853,4,2023-07-01
Embu,2023,8,0.44330325641917834,4,2023-08-01
Embu,2023,9,0.4167247593261133,4,2023-09-01
Embu,2023,10,0.44418604091456093,2,2023-10-01
Embu,2023,11,0.6585082796891536,4,2023-11-01
Embu,2023,12,0.7051503767053776,4,2023-12-01
Embu,2024,1,0.6396746632740345,4,2024-01-01
Embu,2024,2,0.5696063051083419,4,2024-02-01
Embu,2024,3,0.5710014681832021,4,2024-03-01
Embu,2024,4,0.6842138047134384,4,2024-04-01
Embu,2024,5,0.7132145649263729,3,2024-05-01
Embu,2024,6,0.6336332514487893,4,2024-06-01
Embu,2024,7,0.5231858793295926,4,2024-07-01
Embu,2024,8,0.47216556254045144,3,2024-08-01
Embu,2024,9,0.46633334796992376,4,2024-09-01
Embu,2024,10,0.4671484214475226,4,2024-10-01
Embu,2024,11,0.6219777365055889,3,2024-11-01
Embu,2024,12,0.6740592797181505,3,2024-12-01
Embu,2025,1,0.6191422595435896,4,2025-01-01
Embu,2025,2,0.5414921633102807,4,2025-02-01
Embu,2025,3,0.6063403105563049,4,2025-03-01
Embu,2025,4,0.7125599775757667,3,2025-04-01
Embu,2025,5,0.6800835684253256,4,2025-05-01
Embu,2025,6,0.5659843606218217,4,2025-06-01
Embu,2025,11,0.6279735258724416,1,2025-11-01
Embu,2025,12,0.6128947051744885,2,2025-12-01
Embu,2026,1,0.5508803048535905,3,2026-01-01
Embu,2026,2,0.5171383287663285,3,2026-02-01
Embu,2026,3,0.6722069035127242,2,2026-03-01
Embu,2026,4,0.6238901807228918,2,2026-04-01
Embu,2026,5,0.6937453558504227,2,2026-05-01
Embu,2026,7,0.5093382681246832,3,2026-07-01
Embu,2026,8,0.4950028950542819,1,2026-08-01
Garissa,2000,12,0.4041640629896575,1,2000-12-01
Garissa,2001,1,0.3512758892196806,2,2001-01-01
Garissa,2001,2,0.30424140159824536,2,2001-02-01
Garissa,2001,3,0.3111124216546544,2,2001-03-01
Garissa,2001,4,0.4364198722970854,2,2001-04-01
Garissa,2001,5,0.398645589157004,2,2001-05-01
Garissa,2001,6,0.2957351300532749,2,2001-06-01
Garissa,2001,7,0.33075116734565946,2,2001-07-01
Garissa,2001,8,0.304969276872454,2,2001-08-01
Garissa,2001,9,0.28529290582889333,2,2001-09-01
Garissa,2001,10,0.28634160137887804,1,2001-10-01
Garissa,2001,11,0.39431479160137906,2,2001-11-01
Garissa,2001,12,0.503408633657161,2,2001-12-01
Garissa,2002,1,0.3938405868066435,2,2002-01-01
Garissa,2002,2,0.3154736328737071,2,2002-02-01
Garissa,2002,3,0.3165593426825448,2,2002-03-01
Garissa,2002,4,0.4508438107176431,2,2002-04-01
Garissa,2002,5,0.484339509558133,2,2002-05-01
Garissa,2002,6,0.39328027655907205,2,2002-06-01
Garissa,2002,7,0.3558331342055784,4,2002-07-01
Garissa,2002,8,0.30852790465371394,4,2002-08-01
Garissa,2002,9,0.3120069746944528,4,2002-09-01
Garissa,2002,10,0.3529710331139664,3,2002-10-01
Garissa,2002,11,0.5009784021466622,4,2002-11-01
Garissa,2002,12,0.49538219210278867,4,2002-12-01
Garissa,2003,1,0.3814186912409902,4,2003-01-01
Garissa,2003,2,0.32227818082105913,4,2003-02-01
Garissa,2003,3,0.31189852514885613,4,2003-03-01
Garissa,2003,4,0.38259538545910354,3,2003-04-01
Garissa,2003,5,0.4257652969288626,4,2003-05-01
Garissa,2003,6,0.39130877272015085,4,2003-06-01
Garissa,2003,7,0.34813545126919476,4,2003-07-01
Garissa,2003,8,0.3106140473205893,4,2003-08-01
Garissa,2003,9,0.2839652146662489,4,2003-09-01
Garissa,2003,10,0.32199205839339856,3,2003-10-01
Garissa,2003,11,0.5020366068630524,4,2003-11-01
Garissa,2003,12,0.49150210553118145,4,2003-12-01
Garissa,2004,1,0.38963355139454753,4,2004-01-01
Garissa,2004,2,0.312705501801943,4,2004-02-01
Garissa,2004,3,0.29572783414290194,4,2004-03-01
Garissa,2004,4,0.37518892980256985,4,2004-04-01
Garissa,2004,5,0.3416049096417007,3,2004-05-01
Garissa,2004,6,0.35847354277655896,4,2004-06-01
Garissa,2004,7,0.3567860388592917,4,2004-07-01
Garissa,2004,8,0.31397804371670324,4,2004-08-01
Garissa,2004,9,0.2880169049670946,4,2004-09-01
Garissa,2004,10,0.33914342486681276,4,2004-10-01
Garissa,2004,11,0.4678776611302622,3,2004-11-01
Garissa,2004,12,0.4548101515982449,4,2004-12-01
Garissa,2005,1,0.3531219014415547,4,2005-01-01
Garissa,2005,2,0.30259516217486676,4,2005-02-01
Garissa,2005,3,0.28576611367909743,4,2005-03-01
Garissa,2005,4,0.35989754256763806,3,2005-04-01
Garissa,2005,5,0.3906534667815731,4,2005-05-01
Garissa,2005,6,0.3302101711845816,4,2005-06-01
Garissa,2005,7,0.33738378838921945,4,2005-07-01
Garissa,2005,8,0.32750358234095867,4,2005-08-01
Garissa,2005,9,0.28084946529301147,4,2005-09-01
Garissa,2005,10,0.2815946385668028,3,2005-10-01
Garissa,2005,11,0.3519526324036349,4,2005-11-01
Garissa,2005,12,0.37644384401441566,4,2005-12-01
Garissa,2006,1,0.31210102240676924,4,2006-01-01
Garissa,2006,2,0.2794737151363206,4,2006-02-01
Garissa,2006,3,0.2854104140551548,4,2006-03-01
Garissa,2006,4,0.3780297216128697,3,2006-04-01
Garissa,2006,5,0.3873884753995607,4,2006-05-01
Garissa,2006,6,0.3335032983390788,4,2006-06-01
Garissa,2006,7,0.29868699271388277,4,2006-07-01
Garissa,2006,8,0.2954084671733001,4,2006-08-01
Garissa,2006,9,0.28210351574741466,4,2006-09-01
Garissa,2006,10,0.36057206988404905,3,2006-10-01
Garissa,2006,11,0.5445122305826737,4,2006-11-01
Garissa,2006,12,0.5927419205872818,4,2006-12-01
Garissa,2007,1,0.4913609102638748,4,2007-01-01
Garissa,2007,2,0.38208053793924013,4,2007-02-01
Garissa,2007,3,0.3421202875274205,4,2007-03-01
Garissa,2007,4,0.38982227619346127,3,2007-04-01
Garissa,2007,5,0.43437206009088086,4,2007-05-01
Garissa,2007,6,0.3813616989188343,4,2007-06-01
Garissa,2007,7,0.34360087355061053,4,2007-07-01
Garissa,2007,8,0.3285750156690692,4,2007-08-01
Garissa,2007,9,0.34287425963647744,4,2007-09-01
Garissa,2007,10,0.3993900919252063,3,2007-10-01
Garissa,2007,11,0.4561372101222182,4,2007-11-01
Garissa,2007,12,0.47521042384832374,4,2007-12-01
Garissa,2008,1,0.40806782748354753,4,2008-01-01
Garissa,2008,2,0.3394968975242871,4,2008-02-01
Garissa,2008,3,0.33590793246631134,4,2008-03-01
Garissa,2008,4,0.4616417756972738,4,2008-04-01
Garissa,2008,5,0.4179786979003446,3,2008-05-01
Garissa,2008,6,0.3732735937010342,4,2008-06-01
Garissa,2008,7,0.3193919891883424,4,2008-07-01
Garissa,2008,8,0.31618377272015097,4,2008-08-01
Garissa,2008,9,0.2977537135694138,4,2008-09-01
Garissa,2008,10,0.3165215586806647,4,2008-10-01
Garissa,2008,11,0.4781014859500689,3,2008-11-01
Garissa,2008,12,0.3972857764023816,4,2008-12-01
Garissa,2009,1,0.3348266197900345,4,2009-01-01
Garissa,2009,2,0.28902536822312774,4,2009-02-01
Garissa,2009,3,0.2851286783140081,4,2009-03-01
Garissa,2009,4,0.36514866551760133,3,2009-04-01
Garissa,2009,5,0.3828000920557816,4,2009-05-01
Garissa,2009,6,0.34334525814791617,4,2009-06-01
Garissa,2009,7,0.30986361642118465,4,2009-07-01
Garissa,2009,8,0.28246678157317506,4,2009-08-01
Garissa,2009,9,0.26234021270761526,4,2009-09-01
Garissa,2009,10,0.35569433040844084,3,2009-10-01
Garissa,2009,11,0.4758430507677843,4,2009-11-01
Garissa,2009,12,0.4514664329363839,4,2009-12-01
Garissa,2010,1,0.3679231804293327,4,2010-01-01
Garissa,2010,2,0.3069124138201189,4,2010-02-01
Garissa,2010,3,0.39725442455343146,4,2010-03-01
Garissa,2010,4,0.46982465266896484,3,2010-04-01
Garissa,2010,5,0.43182445941711073,4,2010-05-01
Garissa,2010,6,0.3480037723284233,4,2010-06-01
Garissa,2010,7,0.3276011085866495,4,2010-07-01
Garissa,2010,8,0.3058635576621748,4,2010-08-01
Garissa,2010,9,0.2848235721560641,4,2010-09-01
Garissa,2010,10,0.2795605113339602,3,2010-10-01
Garissa,2010,11,0.3650433288937639,4,2010-11-01
Garissa,2010,12,0.34320653008461316,4,2010-12-01
Garissa,2011,1,0.3003780770134754,4,2011-01-01
Garissa,2011,2,0.271420422673143,4,2011-02-01
Garissa,2011,3,0.264393859683485,4,2011-03-01
Garissa,2011,4,0.3428020526480729,3,2011-04-01
Garissa,2011,5,0.3680494672516456,4,2011-05-01
Garissa,2011,6,0.30360822821999356,4,2011-06-01
Garissa,2011,7,0.28609001096834863,4,2011-07-01
Garissa,2011,8,0.2661957752272015,4,2011-08-01
Garissa,2011,9,0.26016284667815714,4,2011-09-01
Garissa,2011,10,0.3945977070928653,3,2011-10-01
Garissa,2011,11,0.5463103278752748,4,2011-11-01
Garissa,2011,12,0.5445845052491383,4,2011-12-01
Garissa,2012,1,0.4242533042149794,4,2012-01-01
Garissa,2012,2,0.33233807583829506,4,2012-02-01
Garissa,2012,3,0.30556646231588847,4,2012-03-01
Garissa,2012,4,0.33867101222187423,4,2012-04-01
Garissa,2012,5,0.34243923012639677,3,2012-05-01
Garissa,2012,6,0.30661683641491716,4,2012-06-01
Garissa,2012,7,0.30110377820432455,4,2012-07-01
Garissa,2012,8,0.29060874921654656,4,2012-08-01
Garissa,2012,9,0.2712313440144153,4,2012-09-01
Garissa,2012,10,0.33531768842055776,4,2012-10-01
Garissa,2012,11,0.41198503603885944,3,2012-11-01
Garissa,2012,12,0.4495851222187401,4,2012-12-01
Garissa,2013,1,0.36686005758382983,4,2013-01-01
Garissa,2013,2,0.2927786410999683,4,2013-02-01
Garissa,2013,3,0.3363129876997809,4,2013-03-01
Garissa,2013,4,0.45987911313067964,3,2013-04-01
Garissa,2013,5,0.4184750568003761,4,2013-05-01
Garissa,2013,6,0.35200001371043543,4,2013-06-01
Garissa,2013,7,0.30445752311187757,4,2013-07-01
Garissa,2013,8,0.29505974028517723,4,2013-08-01
Garissa,2013,9,0.2755631130523346,4,2013-09-01
Garissa,2013,10,0.2811104617152404,3,2013-10-01
Garissa,2013,11,0.41032511751801953,4,2013-11-01
Garissa,2013,12,0.4254459025383888,4,2013-12-01
Garissa,2014,1,0.3437310071294264,4,2014-01-01
Garissa,2014,2,0.2891181957066751,4,2014-02-01
Garissa,2014,3,0.32239994124099003,4,2014-03-01
Garissa,2014,4,0.4053485610571397,3,2014-04-01
Garissa,2014,5,0.3920589294108432,4,2014-05-01
Garissa,2014,6,0.33959580068943895,4,2014-06-01
Garissa,2014,7,0.298490054058289,4,2014-07-01
Garissa,2014,8,0.2884684248668128,4,2014-08-01
Garissa,2014,9,0.28483542972422454,4,2014-09-01
Garissa,2014,10,0.3182780972526897,3,2014-10-01
Garissa,2014,11,0.4041496944531495,4,2014-11-01
Garissa,2014,12,0.4069569746944529,4,2014-12-01
Garissa,2015,1,0.3226785079128799,4,2015-01-01
Garissa,2015,2,0.2744815026637418,4,2015-02-01
Garissa,2015,3,0.3201852142745217,4,2015-03-01
Garissa,2015,4,0.44877953097252665,3,2015-04-01
Garissa,2015,5,0.43124468230962043,4,2015-05-01
Garissa,2015,6,0.3482938009244748,4,2015-06-01
Garissa,2015,7,0.31583724537762475,4,2015-07-01
Garissa,2015,8,0.3045614286273897,4,2015-08-01
Garissa,2015,9,0.2776304097461612,4,2015-09-01
Garissa,2015,10,0.33120958163585107,3,2015-10-01
Garissa,2015,11,0.44761778243497313,4,2015-11-01
Garissa,2015,12,0.4950374255719204,4,2015-12-01
Garissa,2016,1,0.38370578188655646,4,2016-01-01
Garissa,2016,2,0.3035802060482612,4,2016-02-01
Garissa,2016,3,0.30136984291758095,4,2016-03-01
Garissa,2016,4,0.371777438498903,4,2016-04-01
Garissa,2016,5,0.4009013449284445,3,2016-05-01
Garissa,2016,6,0.33428742753055474,4,2016-06-01
Garissa,2016,7,0.29248005131620186,4,2016-07-01
Garissa,2016,8,0.2828168853807583,4,2016-08-01
Garissa,2016,9,0.25047199545596993,4,2016-09-01
Garissa,2016,10,0.2615908806016923,4,2016-10-01
Garissa,2016,11,0.3545687558759005,3,2016-11-01
Garissa,2016,12,0.3838897524287059,4,2016-12-01
Garissa,2017,1,0.31546144429645895,4,2017-01-01
Garissa,2017,2,0.27487833163585146,4,2017-02-01
Garissa,2017,3,0.26653310286743986,4,2017-03-01
Garissa,2017,4,0.3288296328214771,3,2017-04-01
Garissa,2017,5,0.36620568003760556,4,2017-05-01
Garissa,2017,6,0.3359110858664993,4,2017-06-01
Garissa,2017,7,0.30355912723284256,4,2017-07-01
Garissa,2017,8,0.2836881502663743,4,2017-08-01
Garissa,2017,9,0.27978249177373865,4,2017-09-01
Garissa,2017,10,0.29123595267941105,3,2017-10-01
Garissa,2017,11,0.39349748119711686,4,2017-11-01
Garissa,2017,12,0.33178372963020963,4,2017-12-01
Garissa,2018,1,0.2779508069570664,4,2018-01-01
Garissa,2018,2,0.2619624431996236,4,2018-02-01
Garissa,2018,3,0.3529417698213725,4,2018-03-01
Garissa,2018,4,0.5211618745429859,3,2018-04-01
Garissa,2018,5,0.521685862582263,4,2018-05-01
Garissa,2018,6,0.4145429763397054,4,2018-06-01
Garissa,2018,7,0.3626175258539644,4,2018-07-01
Garissa,2018,8,0.31194268254465646,4,2018-08-01
Garissa,2018,9,0.30083982685678484,4,2018-09-01
Garissa,2018,10,0.317360004700721,3,2018-10-01
Garissa,2018,11,0.38765417188968954,4,2018-11-01
Garissa,2018,12,0.39020418755875874,4,2018-12-01
Garissa,2019,1,0.3262978611720464,4,2019-01-01
Garissa,2019,2,0.28776436070197436,4,2019-02-01
Garissa,2019,3,0.2813846580225636,4,2019-03-01
Garissa,2019,4,0.3101710827326855,3,2019-04-01
Garissa,2019,5,0.35814038702601125,4,2019-05-01
Garissa,2019,6,0.3290349655280479,4,2019-06-01
Garissa,2019,7,0.29167962237543105,4,2019-07-01
Garissa,2019,8,0.272407107881542,4,2019-08-01
Garissa,2019,9,0.3040119496239422,4,2019-09-01
Garissa,2019,10,0.4166848845711895,3,2019-10-01
Garissa,2019,11,0.5263608841272331,4,2019-11-01
Garissa,2019,12,0.5597835024287066,4,2019-12-01
Garissa,2020,1,0.47271559268254437,4,2020-01-01
Garissa,2020,2,0.40002941476026344,4,2020-02-01
Garissa,2020,3,0.37628771153243523,4,2020-03-01
Garissa,2020,4,0.47935060717643396,4,2020-04-01
Garissa,2020,5,0.4707331714196186,3,2020-05-01
Garissa,2020,6,0.38883252898777837,4,2020-06-01
Garissa,2020,7,0.3455479551864617,4,2020-07-01
Garissa,2020,8,0.30514242792228174,4,2020-08-01
Garissa,2020,9,0.311536642118458,4,2020-09-01
Garissa,2020,10,0.339672132560326,4,2020-10-01
Garissa,2020,11,0.4792903661339188,3,2020-11-01
Garissa,2020,12,0.41208394703854573,4,2020-12-01
Garissa,2021,1,0.34306633500470096,4,2021-01-01
Garissa,2021,2,0.29415913115010994,4,2021-02-01
Garissa,2021,3,0.29021018881228433,4,2021-03-01
Garissa,2021,4,0.38060067376997836,3,2021-04-01
Garissa,2021,5,0.35378152616734626,4,2021-05-01
Garissa,2021,6,0.3081032141178312,4,2021-06-01
Garissa,2021,7,0.2844441789407706,4,2021-07-01
Garissa,2021,8,0.27228177883108756,4,2021-08-01
Garissa,2021,9,0.2693571274678786,4,2021-09-01
Garissa,2021,10,0.27457714405097694,3,2021-10-01
Garissa,2021,11,0.30744203031964923,4,2021-11-01
Garissa,2021,12,0.46822848832654346,4,2021-12-01
Garissa,2022,1,0.430256455656534,4,2022-01-01
Garissa,2022,2,0.3222525227201507,4,2022-02-01
Garissa,2022,3,0.2601403693983078,4,2022-03-01
Garissa,2022,4,0.3397939439047324,3,2022-04-01
Garissa,2022,5,0.3725365030554686,4,2022-05-01
Garissa,2022,6,0.32737751880288307,4,2022-06-01
Garissa,2022,7,0.2943617165465372,4,2022-07-01
Garissa,2022,8,0.2736871650736449,4,2022-08-01
Garissa,2022,9,0.2523832693513006,4,2022-09-01
Garissa,2022,10,0.24979744855322308,3,2022-10-01
Garissa,2022,11,0.37855352358194966,4,2022-11-01
Garissa,2022,12,0.39611610258017355,3,2022-12-01
Garissa,2023,1,0.33022419500156686,4,2023-01-01
Garissa,2023,2,0.28083407239110053,3,2023-02-01
Garissa,2023,3,0.304716703227828,4,2023-03-01
Garissa,2023,4,0.44296653870260067,3,2023-04-01
Garissa,2023,5,0.4399923887496081,4,2023-05-01
Garissa,2023,6,0.3505592878408025,4,2023-06-01
Garissa,2023,7,0.3070542659041051,4,2023-07-01
Garissa,2023,8,0.2964079873080538,4,2023-08-01
Garissa,2023,9,0.2907132912879974,4,2023-09-01
Garissa,2023,10,0.31138132638671256,2,2023-10-01
Garissa,2023,11,0.5271624962918577,4,2023-11-01
Garissa,2023,12,0.5843146245939751,4,2023-12-01
Garissa,2024,1,0.4942301362492534,4,2024-01-01
Garissa,2024,2,0.3857168694973291,4,2024-02-01
Garissa,2024,3,0.37313095827683196,4,2024-03-01
Garissa,2024,4,0.5337918543403295,4,2024-04-01
Garissa,2024,5,0.4931403347957795,3,2024-05-01
Garissa,2024,6,0.3980525070510811,4,2024-06-01
Garissa,2024,7,0.3370018019429645,4,2024-07-01
Garissa,2024,8,0.32223703123367836,3,2024-08-01
Garissa,2024,9,0.3158402949702288,4,2024-09-01
Garissa,2024,10,0.30270428744907546,4,2024-10-01
Garissa,2024,11,0.47390290661234696,3,2024-11-01
Garissa,2024,12,0.4711446542358715,3,2024-12-01
Garissa,2025,1,0.3728320295361954,4,2025-01-01
Garissa,2025,2,0.309561612738953,4,2025-02-01
Garissa,2025,3,0.35905773072704433,4,2025-03-01
Garissa,2025,4,0.4919815183328112,3,2025-04-01
Garissa,2025,5,0.4379070824193044,4,2025-05-01
Garissa,2025,6,0.39810719797869004,4,2025-06-01
Garissa,2025,11,0.3784594092760891,1,2025-11-01
Garissa,2025,12,0.37465084612973965,2,2025-12-01
Garissa,2026,1,0.31425812180089846,3,2026-01-01
Garissa,2026,2,0.3028235297190013,3,2026-02-01
Garissa,2026,3,0.439689247101222,2,2026-03-01
Garissa,2026,4,0.4566978533375114,2,2026-04-01
Garissa,2026,5,0.4101164368536512,2,2026-05-01
Garissa,2026,7,0.33027700564086543,3,2026-07-01
Garissa,2026,8,0.32241879504857396,1,2026-08-01
Homa Bay,2000,12,0.48320166534496406,1,2000-12-01
Homa Bay,2001,1,0.48924951313674614,2,2001-01-01
Homa Bay,2001,2,0.4571294602521087,2,2001-02-01
Homa Bay,2001,3,0.3866967541935624,2,2001-03-01
Homa Bay,2001,4,0.47699073232433786,2,2001-04-01
Homa Bay,2001,5,0.4942876863406789,2,2001-05-01
Homa Bay,2001,6,0.46631906605372175,2,2001-06-01
Homa Bay,2001,7,0.3832599738209461,2,2001-07-01
Homa Bay,2001,8,0.40791507847848163,2,2001-08-01
Homa Bay,2001,9,0.38327309724696,2,2001-09-01
Homa Bay,2001,10,0.3450590483056961,1,2001-10-01
Homa Bay,2001,11,0.46347898369680895,2,2001-11-01
Homa Bay,2001,12,0.5091370335800885,2,2001-12-01
Homa Bay,2002,1,0.41380529751159206,2,2002-01-01
Homa Bay,2002,2,0.3470093062810708,2,2002-02-01
Homa Bay,2002,3,0.4260810705126594,2,2002-03-01
Homa Bay,2002,4,0.5013838622713703,2,2002-04-01
Homa Bay,2002,5,0.5317071249391927,2,2002-05-01
Homa Bay,2002,6,0.4350900526379119,2,2002-06-01
Homa Bay,2002,7,0.3921397120427372,4,2002-07-01
Homa Bay,2002,8,0.3755210673262433,4,2002-08-01
Homa Bay,2002,9,0.3913695210526574,4,2002-09-01
Homa Bay,2002,10,0.36086657863872396,3,2002-10-01
Homa Bay,2002,11,0.5080536092892551,4,2002-11-01
Homa Bay,2002,12,0.4622912214258682,4,2002-12-01
Homa Bay,2003,1,0.45216878257610943,4,2003-01-01
Homa Bay,2003,2,0.3508810095835363,4,2003-02-01
Homa Bay,2003,3,0.35285784552838384,4,2003-03-01
Homa Bay,2003,4,0.44710294743862855,3,2003-04-01
Homa Bay,2003,5,0.5630960332223506,4,2003-05-01
Homa Bay,2003,6,0.5360017781916738,4,2003-06-01
Homa Bay,2003,7,0.47508418107991546,4,2003-07-01
Homa Bay,2003,8,0.41408607241585516,4,2003-08-01
Homa Bay,2003,9,0.42003283935953223,4,2003-09-01
Homa Bay,2003,10,0.4048511278208895,3,2003-10-01
Homa Bay,2003,11,0.44184102399096736,4,2003-11-01
Homa Bay,2003,12,0.4870589252531675,4,2003-12-01
Homa Bay,2004,1,0.39950424121130446,4,2004-01-01
Homa Bay,2004,2,0.3446487117757261,4,2004-02-01
Homa Bay,2004,3,0.36883616364931954,4,2004-03-01
Homa Bay,2004,4,0.48991877643296877,4,2004-04-01
Homa Bay,2004,5,0.4860822069712179,3,2004-05-01
Homa Bay,2004,6,0.4747384518859216,4,2004-06-01
Homa Bay,2004,7,0.389424010134757,4,2004-07-01
Homa Bay,2004,8,0.3670895536880311,4,2004-08-01
Homa Bay,2004,9,0.3561799946493208,4,2004-09-01
Homa Bay,2004,10,0.4292854036750905,4,2004-10-01
Homa Bay,2004,11,0.525053966944963,3,2004-11-01
Homa Bay,2004,12,0.5477914158396311,4,2004-12-01
Homa Bay,2005,1,0.40713114965981656,4,2005-01-01
Homa Bay,2005,2,0.3579719100452442,4,2005-02-01
Homa Bay,2005,3,0.4267441126681319,4,2005-03-01
Homa Bay,2005,4,0.44613816649784344,3,2005-04-01
Homa Bay,2005,5,0.5102260554222666,4,2005-05-01
Homa Bay,2005,6,0.4779873815167675,4,2005-06-01
Homa Bay,2005,7,0.4326684329503478,4,2005-07-01
Homa Bay,2005,8,0.4020768334503884,4,2005-08-01
Homa Bay,2005,9,0.38143590279822764,4,2005-09-01
Homa Bay,2005,10,0.4290809741126223,3,2005-10-01
Homa Bay,2005,11,0.4143020184844607,4,2005-11-01
Homa Bay,2005,12,0.35691274170248644,4,2005-12-01
Homa Bay,2006,1,0.364487813444516,4,2006-01-01
Homa Bay,2006,2,0.3425911338847513,4,2006-02-01
Homa Bay,2006,3,0.4360427423948739,4,2006-03-01
Homa Bay,2006,4,0.5517976137369014,3,2006-04-01
Homa Bay,2006,5,0.5139524902296182,4,2006-05-01
Homa Bay,2006,6,0.49239351987154645,4,2006-06-01
Homa Bay,2006,7,0.41657075625137174,4,2006-07-01
Homa Bay,2006,8,0.38454186941007107,4,2006-08-01
Homa Bay,2006,9,0.35250303055638643,4,2006-09-01
Homa Bay,2006,10,0.3531634130026083,3,2006-10-01
Homa Bay,2006,11,0.47599039414570743,4,2006-11-01
Homa Bay,2006,12,0.5160399015118248,4,2006-12-01
Homa Bay,2007,1,0.550231089685652,4,2007-01-01
Homa Bay,2007,2,0.46362614854382295,4,2007-02-01
Homa Bay,2007,3,0.42092763024542346,4,2007-03-01
Homa Bay,2007,4,0.4903698444392386,3,2007-04-01
Homa Bay,2007,5,0.5030873643230899,4,2007-05-01
Homa Bay,2007,6,0.5029111099665194,4,2007-06-01
Homa Bay,2007,7,0.5064178254042965,4,2007-07-01
Homa Bay,2007,8,0.4757534548822581,4,2007-08-01
Homa Bay,2007,9,0.474303433761452,4,2007-09-01
Homa Bay,2007,10,0.525814681053335,3,2007-10-01
Homa Bay,2007,11,0.48696257206727966,4,2007-11-01
Homa Bay,2007,12,0.48194550170351874,4,2007-12-01
Homa Bay,2008,1,0.4041445473573004,4,2008-01-01
Homa Bay,2008,2,0.3512768452184676,4,2008-02-01
Homa Bay,2008,3,0.38872382269157185,4,2008-03-01
Homa Bay,2008,4,0.529041558612368,4,2008-04-01
Homa Bay,2008,5,0.5256775814397857,3,2008-05-01
Homa Bay,2008,6,0.47870097472943723,4,2008-06-01
Homa Bay,2008,7,0.42404143188712995,4,2008-07-01
Homa Bay,2008,8,0.44732223830699014,4,2008-08-01
Homa Bay,2008,9,0.423558158419778,4,2008-09-01
Homa Bay,2008,10,0.4699662034605381,4,2008-10-01
Homa Bay,2008,11,0.5080820677015389,3,2008-11-01
Homa Bay,2008,12,0.38455142888708044,4,2008-12-01
Homa Bay,2009,1,0.3677206330441406,4,2009-01-01
Homa Bay,2009,2,0.38333049621363335,4,2009-02-01
Homa Bay,2009,3,0.3774927893853497,4,2009-03-01
Homa Bay,2009,4,0.4795376661769677,3,2009-04-01
Homa Bay,2009,5,0.5381233713601351,4,2009-05-01
Homa Bay,2009,6,0.5338315232607749,4,2009-06-01
Homa Bay,2009,7,0.3916169249828427,4,2009-07-01
Homa Bay,2009,8,0.3485653198121403,4,2009-08-01
Homa Bay,2009,9,0.34590051625927193,4,2009-09-01
Homa Bay,2009,10,0.4089521988651021,3,2009-10-01
Homa Bay,2009,11,0.48487615525567085,4,2009-11-01
Homa Bay,2009,12,0.47837599799910013,4,2009-12-01
Homa Bay,2010,1,0.4952729740281502,4,2010-01-01
Homa Bay,2010,2,0.4524555762154242,4,2010-02-01
Homa Bay,2010,3,0.48206794661430313,4,2010-03-01
Homa Bay,2010,4,0.47311579688824074,3,2010-04-01
Homa Bay,2010,5,0.5181591699610464,4,2010-05-01
Homa Bay,2010,6,0.5001720390557783,4,2010-06-01
Homa Bay,2010,7,0.4357756235096036,4,2010-07-01
Homa Bay,2010,8,0.36943903032762465,4,2010-08-01
Homa Bay,2010,9,0.39719672522350036,4,2010-09-01
Homa Bay,2010,10,0.4304271050669228,3,2010-10-01
Homa Bay,2010,11,0.46495983098560706,4,2010-11-01
Homa Bay,2010,12,0.46304294804308627,4,2010-12-01
Homa Bay,2011,1,0.3688269067273142,4,2011-01-01
Homa Bay,2011,2,0.29473283531890504,4,2011-02-01
Homa Bay,2011,3,0.364522814307391,4,2011-03-01
Homa Bay,2011,4,0.48185840931479634,3,2011-04-01
Homa Bay,2011,5,0.5228139212714737,4,2011-05-01
Homa Bay,2011,6,0.4444043696511056,4,2011-06-01
Homa Bay,2011,7,0.40208925996651323,4,2011-07-01
Homa Bay,2011,8,0.41619511071855303,4,2011-08-01
Homa Bay,2011,9,0.43696064645939636,4,2011-09-01
Homa Bay,2011,10,0.4650436256338341,3,2011-10-01
Homa Bay,2011,11,0.4598480300001092,4,2011-11-01
Homa Bay,2011,12,0.5200983330642981,4,2011-12-01
Homa Bay,2012,1,0.38348375345648167,4,2012-01-01
Homa Bay,2012,2,0.27263837425841086,4,2012-02-01
Homa Bay,2012,3,0.3131924566088533,4,2012-03-01
Homa Bay,2012,4,0.4730433980247596,4,2012-04-01
Homa Bay,2012,5,0.5322676714391584,3,2012-05-01
Homa Bay,2012,6,0.50798167800542,4,2012-06-01
Homa Bay,2012,7,0.4688454751637473,4,2012-07-01
Homa Bay,2012,8,0.446288892673453,4,2012-08-01
Homa Bay,2012,9,0.4278717023555032,4,2012-09-01
Homa Bay,2012,10,0.4793270344064161,4,2012-10-01
Homa Bay,2012,11,0.5465443237715327,3,2012-11-01
Homa Bay,2012,12,0.49591427950921985,4,2012-12-01
Homa Bay,2013,1,0.49163277963748453,4,2013-01-01
Homa Bay,2013,2,0.42262444170315094,4,2013-02-01
Homa Bay,2013,3,0.43641483808393267,4,2013-03-01
Homa Bay,2013,4,0.47339159868713176,3,2013-04-01
Homa Bay,2013,5,0.5134639529984106,4,2013-05-01
Homa Bay,2013,6,0.44867985546194533,4,2013-06-01
Homa Bay,2013,7,0.3918668573194686,4,2013-07-01
Homa Bay,2013,8,0.38714079929135403,4,2013-08-01
Homa Bay,2013,9,0.4219378604783591,4,2013-09-01
Homa Bay,2013,10,0.4237971839442949,3,2013-10-01
Homa Bay,2013,11,0.48548651408207,4,2013-11-01
Homa Bay,2013,12,0.4942650945190058,4,2013-12-01
Homa Bay,2014,1,0.4482986900871919,4,2014-01-01
Homa Bay,2014,2,0.3156553124056956,4,2014-02-01
Homa Bay,2014,3,0.40712931994990975,4,2014-03-01
Homa Bay,2014,4,0.4669035749209501,3,2014-04-01
Homa Bay,2014,5,0.5396590844576103,4,2014-05-01
Homa Bay,2014,6,0.4979758634385728,4,2014-06-01
Homa Bay,2014,7,0.4040058588069464,4,2014-07-01
Homa Bay,2014,8,0.4220462373870265,4,2014-08-01
Homa Bay,2014,9,0.44723479976227726,4,2014-09-01
Homa Bay,2014,10,0.45855994648723275,3,2014-10-01
Homa Bay,2014,11,0.4712495141682017,4,2014-11-01
Homa Bay,2014,12,0.4591499489172626,4,2014-12-01
Homa Bay,2015,1,0.3653049361390836,4,2015-01-01
Homa Bay,2015,2,0.26348969676425404,4,2015-02-01
Homa Bay,2015,3,0.29746233209224454,4,2015-03-01
Homa Bay,2015,4,0.4849404559920602,3,2015-04-01
Homa Bay,2015,5,0.5637185823429267,4,2015-05-01
Homa Bay,2015,6,0.5146404595595506,4,2015-06-01
Homa Bay,2015,7,0.4338996154775974,4,2015-07-01
Homa Bay,2015,8,0.3801424075842972,4,2015-08-01
Homa Bay,2015,9,0.3507962582496842,4,2015-09-01
Homa Bay,2015,10,0.3802811622266369,3,2015-10-01
Homa Bay,2015,11,0.5093434488772143,4,2015-11-01
Homa Bay,2015,12,0.5749012251310596,4,2015-12-01
Homa Bay,2016,1,0.47179410314243875,4,2016-01-01
Homa Bay,2016,2,0.41730616122340947,4,2016-02-01
Homa Bay,2016,3,0.37007484800930585,4,2016-03-01
Homa Bay,2016,4,0.48167679259292884,4,2016-04-01
Homa Bay,2016,5,0.5475662319770668,3,2016-05-01
Homa Bay,2016,6,0.4738695439251943,4,2016-06-01
Homa Bay,2016,7,0.3985075142354292,4,2016-07-01
Homa Bay,2016,8,0.3896711227191459,4,2016-08-01
Homa Bay,2016,9,0.38234363645407515,4,2016-09-01
Homa Bay,2016,10,0.42255987330233374,4,2016-10-01
Homa Bay,2016,11,0.47069278841546563,3,2016-11-01
Homa Bay,2016,12,0.40642900137842797,4,2016-12-01
Homa Bay,2017,1,0.33464552693988464,4,2017-01-01
Homa Bay,2017,2,0.35245041877270483,4,2017-02-01
Homa Bay,2017,3,0.3953497391929609,4,2017-03-01
Homa Bay,2017,4,0.46750641748653127,3,2017-04-01
Homa Bay,2017,5,0.548168746533498,4,2017-05-01
Homa Bay,2017,6,0.4674471493384679,4,2017-06-01
Homa Bay,2017,7,0.37574455957708874,4,2017-07-01
Homa Bay,2017,8,0.3715192582118415,4,2017-08-01
Homa Bay,2017,9,0.44155421234364656,4,2017-09-01
Homa Bay,2017,10,0.4469624388033006,3,2017-10-01
Homa Bay,2017,11,0.4903886853334154,4,2017-11-01
Homa Bay,2017,12,0.4203584815707645,4,2017-12-01
Homa Bay,2018,1,0.3276098582262007,4,2018-01-01
Homa Bay,2018,2,0.2898313645427459,4,2018-02-01
Homa Bay,2018,3,0.3945492987415071,4,2018-03-01
Homa Bay,2018,4,0.5286133367477457,3,2018-04-01
Homa Bay,2018,5,0.5423427295351687,4,2018-05-01
Homa Bay,2018,6,0.5382030775330418,4,2018-06-01
Homa Bay,2018,7,0.4458810096622001,4,2018-07-01
Homa Bay,2018,8,0.4082288809410926,4,2018-08-01
Homa Bay,2018,9,0.3941870367088077,4,2018-09-01
Homa Bay,2018,10,0.43919941137014407,3,2018-10-01
Homa Bay,2018,11,0.44567129210280554,4,2018-11-01
Homa Bay,2018,12,0.5115359523858212,4,2018-12-01
Homa Bay,2019,1,0.4225549310313544,4,2019-01-01
Homa Bay,2019,2,0.3640318878374452,4,2019-02-01
Homa Bay,2019,3,0.3890347515842212,4,2019-03-01
Homa Bay,2019,4,0.3965191503146072,3,2019-04-01
Homa Bay,2019,5,0.5120970606833471,4,2019-05-01
Homa Bay,2019,6,0.4990812981631896,4,2019-06-01
Homa Bay,2019,7,0.4720424510935782,4,2019-07-01
Homa Bay,2019,8,0.39929293485910977,4,2019-08-01
Homa Bay,2019,9,0.4213932418360789,4,2019-09-01
Homa Bay,2019,10,0.45907717601953785,3,2019-10-01
Homa Bay,2019,11,0.48006234309346224,4,2019-11-01
Homa Bay,2019,12,0.5204227101105781,4,2019-12-01
Homa Bay,2020,1,0.49037669072019446,4,2020-01-01
Homa Bay,2020,2,0.4781916097640372,4,2020-02-01
Homa Bay,2020,3,0.4822905916757457,4,2020-03-01
Homa Bay,2020,4,0.5173892219543694,4,2020-04-01
Homa Bay,2020,5,0.5276958860586812,3,2020-05-01
Homa Bay,2020,6,0.4907868823180904,4,2020-06-01
Homa Bay,2020,7,0.44588052111836113,4,2020-07-01
Homa Bay,2020,8,0.4010251842742064,4,2020-08-01
Homa Bay,2020,9,0.45419965718126354,4,2020-09-01
Homa Bay,2020,10,0.4859234288862598,4,2020-10-01
Homa Bay,2020,11,0.5178631020653368,3,2020-11-01
Homa Bay,2020,12,0.515213906486319,4,2020-12-01
Homa Bay,2021,1,0.4531607993083742,4,2021-01-01
Homa Bay,2021,2,0.4035401183412123,4,2021-02-01
Homa Bay,2021,3,0.3895886880934299,4,2021-03-01
Homa Bay,2021,4,0.4708309419126054,3,2021-04-01
Homa Bay,2021,5,0.5523457031679878,4,2021-05-01
Homa Bay,2021,6,0.5163892017594358,4,2021-06-01
Homa Bay,2021,7,0.42035825670770244,4,2021-07-01
Homa Bay,2021,8,0.4050546585423051,4,2021-08-01
Homa Bay,2021,9,0.43390435364896435,4,2021-09-01
Homa Bay,2021,10,0.4301531714921461,3,2021-10-01
Homa Bay,2021,11,0.4419814160026474,4,2021-11-01
Homa Bay,2021,12,0.4610173945125904,4,2021-12-01
Homa Bay,2022,1,0.4006751196570486,4,2022-01-01
Homa Bay,2022,2,0.3948843824644846,4,2022-02-01
Homa Bay,2022,3,0.39295201763237936,4,2022-03-01
Homa Bay,2022,4,0.4343975157639566,3,2022-04-01
Homa Bay,2022,5,0.4917644653553937,4,2022-05-01
Homa Bay,2022,6,0.5085258075784526,4,2022-06-01
Homa Bay,2022,7,0.4332191195311836,4,2022-07-01
Homa Bay,2022,8,0.42513403811497685,4,2022-08-01
Homa Bay,2022,9,0.44605988579936795,4,2022-09-01
Homa Bay,2022,10,0.4010798713633566,3,2022-10-01
Homa Bay,2022,11,0.4496818007904562,4,2022-11-01
Homa Bay,2022,12,0.49421620496620505,3,2022-12-01
Homa Bay,2023,1,0.45637746723089956,4,2023-01-01
Homa Bay,2023,2,0.31788290303676286,3,2023-02-01
Homa Bay,2023,3,0.41646885314103965,4,2023-03-01
Homa Bay,2023,4,0.4937461249864019,3,2023-04-01
Homa Bay,2023,5,0.576581335714008,4,2023-05-01
Homa Bay,2023,6,0.5177398118216058,4,2023-06-01
Homa Bay,2023,7,0.4490081276705189,4,2023-07-01
Homa Bay,2023,8,0.39374599590804205,4,2023-08-01
Homa Bay,2023,9,0.44338618422312054,4,2023-09-01
Homa Bay,2023,10,0.4737911245015919,2,2023-10-01
Homa Bay,2023,11,0.4955339715189174,4,2023-11-01
Homa Bay,2023,12,0.5510561092008849,4,2023-12-01
Homa Bay,2024,1,0.4712372760047234,4,2024-01-01
Homa Bay,2024,2,0.46132554107683277,4,2024-02-01
Homa Bay,2024,3,0.45234281921730435,4,2024-03-01
Homa Bay,2024,4,0.5506965920219644,4,2024-04-01
Homa Bay,2024,5,0.5739056444485969,3,2024-05-01
Homa Bay,2024,6,0.5239444205055157,4,2024-06-01
Homa Bay,2024,7,0.457087244119452,4,2024-07-01
Homa Bay,2024,8,0.44581103815009665,3,2024-08-01
Homa Bay,2024,9,0.42725120356016855,4,2024-09-01
Homa Bay,2024,10,0.46687179735907103,4,2024-10-01
Homa Bay,2024,11,0.5167362049676899,3,2024-11-01
Homa Bay,2024,12,0.590273855221767,3,2024-12-01
Homa Bay,2025,1,0.43450989114720784,4,2025-01-01
Homa Bay,2025,2,0.3857050833664656,4,2025-02-01
Homa Bay,2025,3,0.42427815030833604,4,2025-03-01
Homa Bay,2025,4,0.5453662889085976,3,2025-04-01
Homa Bay,2025,5,0.5498878971701253,4,2025-05-01
Homa Bay,2025,6,0.5696906327913871,4,2025-06-01
Homa Bay,2025,11,0.505478239608802,1,2025-11-01
Homa Bay,2025,12,0.5107267802274645,2,2025-12-01
Homa Bay,2026,1,0.48376190042321254,3,2026-01-01
Homa Bay,2026,2,0.4799172651321169,3,2026-02-01
Homa Bay,2026,3,0.5691356967552723,2,2026-03-01
Homa Bay,2026,4,0.43929651698029165,2,2026-04-01
Homa Bay,2026,5,0.5281845764261188,2,2026-05-01
Homa Bay,2026,7,0.487793273606363,3,2026-07-01
Homa Bay,2026,8,0.47401116650049857,1,2026-08-01
Isiolo,2000,12,0.26342097817300025,1,2000-12-01
Isiolo,2001,1,0.22999591080571247,2,2001-01-01
Isiolo,2001,2,0.20373433710590172,2,2001-02-01
Isiolo,2001,3,0.20889601859337134,2,2001-03-01
Isiolo,2001,4,0.3434235718135277,2,2001-04-01
Isiolo,2001,5,0.25833565076798726,2,2001-05-01
Isiolo,2001,6,0.2067339733225541,2,2001-06-01
Isiolo,2001,7,0.20239361358124497,2,2001-07-01
Isiolo,2001,8,0.19395724872002168,2,2001-08-01
Isiolo,2001,9,0.19267737132848262,2,2001-09-01
Isiolo,2001,10,0.1889879143088115,1,2001-10-01
Isiolo,2001,11,0.28801824306116985,2,2001-11-01
Isiolo,2001,12,0.36033730126650443,2,2001-12-01
Isiolo,2002,1,0.2795638843977363,2,2002-01-01
Isiolo,2002,2,0.21699405820533552,2,2002-02-01
Isiolo,2002,3,0.2484457693344114,2,2002-03-01
Isiolo,2002,4,0.3788632915656162,2,2002-04-01
Isiolo,2002,5,0.4977209781729999,2,2002-05-01
Isiolo,2002,6,0.3017004176771766,2,2002-06-01
Isiolo,2002,7,0.2493591552142283,4,2002-07-01
Isiolo,2002,8,0.22423846335219583,4,2002-08-01
Isiolo,2002,9,0.21972022029102706,4,2002-09-01
Isiolo,2002,10,0.23817032695589724,3,2002-10-01
Isiolo,2002,11,0.35906649488008663,4,2002-11-01
Isiolo,2002,12,0.40782751616814916,4,2002-12-01
Isiolo,2003,1,0.3038087779574232,4,2003-01-01
Isiolo,2003,2,0.22955120587442732,4,2003-02-01
Isiolo,2003,3,0.22092430611695002,4,2003-03-01
Isiolo,2003,4,0.33555114524387,3,2003-04-01
Isiolo,2003,5,0.4456991781191058,4,2003-05-01
Isiolo,2003,6,0.29885267448127156,4,2003-06-01
Isiolo,2003,7,0.24084474535165754,4,2003-07-01
Isiolo,2003,8,0.22468338722716222,4,2003-08-01
Isiolo,2003,9,0.2176049077068179,4,2003-09-01
Isiolo,2003,10,0.22946668014012428,3,2003-10-01
Isiolo,2003,11,0.306202563325249,4,2003-11-01
Isiolo,2003,12,0.3729818175693884,4,2003-12-01
Isiolo,2004,1,0.3081683643222848,4,2004-01-01
Isiolo,2004,2,0.2574378267313392,4,2004-02-01
Isiolo,2004,3,0.26179488008623,4,2004-03-01
Isiolo,2004,4,0.3331700653462675,4,2004-04-01
Isiolo,2004,5,0.2635863424054609,3,2004-05-01
Isiolo,2004,6,0.2201914948800863,4,2004-06-01
Isiolo,2004,7,0.20204427041228804,4,2004-07-01
Isiolo,2004,8,0.19353144704931285,4,2004-08-01
Isiolo,2004,9,0.1939006063055781,4,2004-09-01
Isiolo,2004,10,0.25160700282942616,4,2004-10-01
Isiolo,2004,11,0.4023396613671068,3,2004-11-01
Isiolo,2004,12,0.3819052479116133,4,2004-12-01
Isiolo,2005,1,0.2692793957154408,4,2005-01-01
Isiolo,2005,2,0.22822084007006166,4,2005-02-01
Isiolo,2005,3,0.2133786108865534,4,2005-03-01
Isiolo,2005,4,0.2622281640168869,3,2005-04-01
Isiolo,2005,5,0.3702440716787936,4,2005-05-01
Isiolo,2005,6,0.2858294024521696,4,2005-06-01
Isiolo,2005,7,0.22636974198329274,4,2005-07-01
Isiolo,2005,8,0.20575835354351857,4,2005-08-01
Isiolo,2005,9,0.2021702068175692,4,2005-09-01
Isiolo,2005,10,0.20588843528249323,3,2005-10-01
Isiolo,2005,11,0.2362171651845864,4,2005-11-01
Isiolo,2005,12,0.2276420540285637,4,2005-12-01
Isiolo,2006,1,0.20581039140393392,4,2006-01-01
Isiolo,2006,2,0.19906817232551882,4,2006-02-01
Isiolo,2006,3,0.20948410805712692,4,2006-03-01
Isiolo,2006,4,0.3538829426030727,3,2006-04-01
Isiolo,2006,5,0.2988194118835897,4,2006-05-01
Isiolo,2006,6,0.22006579426030737,4,2006-06-01
Isiolo,2006,7,0.20030010441929436,4,2006-07-01
Isiolo,2006,8,0.19648897871193757,4,2006-08-01
Isiolo,2006,9,0.19344511924009694,4,2006-09-01
Isiolo,2006,10,0.2469635138776609,3,2006-10-01
Isiolo,2006,11,0.5081226286715166,4,2006-11-01
Isiolo,2006,12,0.5496167340339527,4,2006-12-01
Isiolo,2007,1,0.40792709512260805,4,2007-01-01
Isiolo,2007,2,0.2892654607922396,4,2007-02-01
Isiolo,2007,3,0.26675684114793935,4,2007-03-01
Isiolo,2007,4,0.31573746968472133,3,2007-04-01
Isiolo,2007,5,0.2909084478577204,4,2007-05-01
Isiolo,2007,6,0.23838011654540558,4,2007-06-01
Isiolo,2007,7,0.21901329830234428,4,2007-07-01
Isiolo,2007,8,0.21728361627593623,4,2007-08-01
Isiolo,2007,9,0.2116411041498254,4,2007-09-01
Isiolo,2007,10,0.22038213419563488,3,2007-10-01
Isiolo,2007,11,0.2796306824306115,4,2007-11-01
Isiolo,2007,12,0.27700820196712483,4,2007-12-01
Isiolo,2008,1,0.26578540150902713,4,2008-01-01
Isiolo,2008,2,0.24337867825384035,4,2008-02-01
Isiolo,2008,3,0.21684346200485033,4,2008-03-01
Isiolo,2008,4,0.34423999595796284,4,2008-04-01
Isiolo,2008,5,0.3297646456480731,3,2008-05-01
Isiolo,2008,6,0.2408392111290757,4,2008-06-01
Isiolo,2008,7,0.21040817502021067,4,2008-07-01
Isiolo,2008,8,0.20047254783077292,4,2008-08-01
Isiolo,2008,9,0.19522373349501493,4,2008-09-01
Isiolo,2008,10,0.246667320129345,4,2008-10-01
Isiolo,2008,11,0.3636927827180456,3,2008-11-01
Isiolo,2008,12,0.28022946981945585,4,2008-12-01
Isiolo,2009,1,0.23076969819455626,4,2009-01-01
Isiolo,2009,2,0.20675824912422497,4,2009-02-01
Isiolo,2009,3,0.20106572689302055,4,2009-03-01
Isiolo,2009,4,0.24748560136530987,3,2009-04-01
Isiolo,2009,5,0.21536257073565077,4,2009-05-01
Isiolo,2009,6,0.1914503806251685,4,2009-06-01
Isiolo,2009,7,0.18497851657235256,4,2009-07-01
Isiolo,2009,8,0.18040185933710579,4,2009-08-01
Isiolo,2009,9,0.18070556453786063,4,2009-09-01
Isiolo,2009,10,0.2292997889158357,3,2009-10-01
Isiolo,2009,11,0.2748569657774189,4,2009-11-01
Isiolo,2009,12,0.27823875639989215,4,2009-12-01
Isiolo,2010,1,0.23954693815683087,4,2010-01-01
Isiolo,2010,2,0.2127349905685801,4,2010-02-01
Isiolo,2010,3,0.31946886620856874,4,2010-03-01
Isiolo,2010,4,0.35558449654181157,3,2010-04-01
Isiolo,2010,5,0.2615742656965777,4,2010-05-01
Isiolo,2010,6,0.21336690918889767,4,2010-06-01
Isiolo,2010,7,0.20038973322554604,4,2010-07-01
Isiolo,2010,8,0.19465460455402833,4,2010-08-01
Isiolo,2010,9,0.1930700788197252,4,2010-09-01
Isiolo,2010,10,0.197090658402946,3,2010-10-01
Isiolo,2010,11,0.22662442064133648,4,2010-11-01
Isiolo,2010,12,0.2068706783885745,4,2010-12-01
Isiolo,2011,1,0.19331676771759676,4,2011-01-01
Isiolo,2011,2,0.18671570331447077,4,2011-02-01
Isiolo,2011,3,0.18679511587173253,4,2011-03-01
Isiolo,2011,4,0.19060859157459784,3,2011-04-01
Isiolo,2011,5,0.19412222109943406,4,2011-05-01
Isiolo,2011,6,0.18198275397466995,4,2011-06-01
Isiolo,2011,7,0.18545196712476414,4,2011-07-01
Isiolo,2011,8,0.18592308676906497,4,2011-08-01
Isiolo,2011,9,0.18257905214227943,4,2011-09-01
Isiolo,2011,10,0.28820558250246975,3,2011-10-01
Isiolo,2011,11,0.45973610212880744,4,2011-11-01
Isiolo,2011,12,0.4989869341147945,4,2011-12-01
Isiolo,2012,1,0.3303630456750204,4,2012-01-01
Isiolo,2012,2,0.253958111021288,4,2012-02-01
Isiolo,2012,3,0.2307533548908648,4,2012-03-01
Isiolo,2012,4,0.2742164140393421,4,2012-04-01
Isiolo,2012,5,0.25531301985089366,3,2012-05-01
Isiolo,2012,6,0.2173487233899219,4,2012-06-01
Isiolo,2012,7,0.2094489153866883,4,2012-07-01
Isiolo,2012,8,0.20178080032336299,4,2012-08-01
Isiolo,2012,9,0.19848884397736433,4,2012-09-01
Isiolo,2012,10,0.2284294226623555,4,2012-10-01
Isiolo,2012,11,0.29382400520973656,3,2012-11-01
Isiolo,2012,12,0.3241880995688493,4,2012-12-01
Isiolo,2013,1,0.25209994273780634,4,2013-01-01
Isiolo,2013,2,0.2026190986257076,4,2013-02-01
Isiolo,2013,3,0.26194244475882494,4,2013-03-01
Isiolo,2013,4,0.4184429084703134,3,2013-04-01
Isiolo,2013,5,0.30872208973322574,4,2013-05-01
Isiolo,2013,6,0.22890682767448137,4,2013-06-01
Isiolo,2013,7,0.21589610280247948,4,2013-07-01
Isiolo,2013,8,0.20336102465642722,4,2013-08-01
Isiolo,2013,9,0.20088656696308244,4,2013-09-01
Isiolo,2013,10,0.20330567681667047,3,2013-10-01
Isiolo,2013,11,0.3464220425761251,4,2013-11-01
Isiolo,2013,12,0.32077305308542176,4,2013-12-01
Isiolo,2014,1,0.24136152654271092,4,2014-01-01
Isiolo,2014,2,0.21802336971166816,4,2014-02-01
Isiolo,2014,3,0.2650272466990027,4,2014-03-01
Isiolo,2014,4,0.3353802074912426,3,2014-04-01
Isiolo,2014,5,0.24702525599568836,4,2014-05-01
Isiolo,2014,6,0.20172667407706812,4,2014-06-01
Isiolo,2014,7,0.18959095257343025,4,2014-07-01
Isiolo,2014,8,0.18859873686337916,4,2014-08-01
Isiolo,2014,9,0.1921926300188625,4,2014-09-01
Isiolo,2014,10,0.19575780113177052,3,2014-10-01
Isiolo,2014,11,0.2788134667205613,4,2014-11-01
Isiolo,2014,12,0.3140731507679871,4,2014-12-01
Isiolo,2015,1,0.2222767111290758,4,2015-01-01
Isiolo,2015,2,0.1906554331716519,4,2015-02-01
Isiolo,2015,3,0.20554829897601729,4,2015-03-01
Isiolo,2015,4,0.28685069612862696,3,2015-04-01
Isiolo,2015,5,0.2541498012665049,4,2015-05-01
Isiolo,2015,6,0.20071513069253602,4,2015-06-01
Isiolo,2015,7,0.1873899285906763,4,2015-07-01
Isiolo,2015,8,0.18345143155483726,4,2015-08-01
Isiolo,2015,9,0.18282630692535698,4,2015-09-01
Isiolo,2015,10,0.20876486122338947,3,2015-10-01
Isiolo,2015,11,0.31228313459983825,4,2015-11-01
Isiolo,2015,12,0.3776596267852331,4,2015-12-01
Isiolo,2016,1,0.2690124898949071,4,2016-01-01
Isiolo,2016,2,0.21349626111560255,4,2016-02-01
Isiolo,2016,3,0.20052094112099156,4,2016-03-01
Isiolo,2016,4,0.2867791734033954,4,2016-04-01
Isiolo,2016,5,0.3689838004131855,3,2016-05-01
Isiolo,2016,6,0.2763998181083265,4,2016-06-01
Isiolo,2016,7,0.22287044260307232,4,2016-07-01
Isiolo,2016,8,0.20409851118296962,4,2016-08-01
Isiolo,2016,9,0.19308607518189205,4,2016-09-01
Isiolo,2016,10,0.19183990838049056,4,2016-10-01
Isiolo,2016,11,0.27519497889158356,3,2016-11-01
Isiolo,2016,12,0.30247504042037204,4,2016-12-01
Isiolo,2017,1,0.2288130187281053,4,2017-01-01
Isiolo,2017,2,0.19944513945028236,4,2017-02-01
Isiolo,2017,3,0.19373080706009188,4,2017-03-01
Isiolo,2017,4,0.2102168552950686,3,2017-04-01
Isiolo,2017,5,0.2188872877930481,4,2017-05-01
Isiolo,2017,6,0.19836435260037724,4,2017-06-01
Isiolo,2017,7,0.18367549514955506,4,2017-07-01
Isiolo,2017,8,0.17961901441659936,4,2017-08-01
Isiolo,2017,9,0.178671382376718,4,2017-09-01
Isiolo,2017,10,0.19238949968561947,3,2017-10-01
Isiolo,2017,11,0.2472138102937217,4,2017-11-01
Isiolo,2017,12,0.2192257477768796,4,2017-12-01
Isiolo,2018,1,0.18878726758286182,4,2018-01-01
Isiolo,2018,2,0.18616426165454017,4,2018-02-01
Isiolo,2018,3,0.3561162052007545,4,2018-03-01
Isiolo,2018,4,0.6042186517560392,3,2018-04-01
Isiolo,2018,5,0.5084758319859872,4,2018-05-01
Isiolo,2018,6,0.34260751145243873,4,2018-06-01
Isiolo,2018,7,0.2785830672325519,4,2018-07-01
Isiolo,2018,8,0.25031360482349785,4,2018-08-01
Isiolo,2018,9,0.23930460455402824,4,2018-09-01
Isiolo,2018,10,0.23753139315548347,3,2018-10-01
Isiolo,2018,11,0.26562780921584483,4,2018-11-01
Isiolo,2018,12,0.3020638271355427,4,2018-12-01
Isiolo,2019,1,0.23597589261654503,4,2019-01-01
Isiolo,2019,2,0.21001925693883067,4,2019-02-01
Isiolo,2019,3,0.20919671584478564,4,2019-03-01
Isiolo,2019,4,0.2234490433845325,3,2019-04-01
Isiolo,2019,5,0.24234848086769067,4,2019-05-01
Isiolo,2019,6,0.20933532066828325,4,2019-06-01
Isiolo,2019,7,0.1947758286176231,4,2019-07-01
Isiolo,2019,8,0.18701515090272197,4,2019-08-01
Isiolo,2019,9,0.1876893323901912,4,2019-09-01
Isiolo,2019,10,0.27134107608012253,3,2019-10-01
Isiolo,2019,11,0.4817254412557256,4,2019-11-01
Isiolo,2019,12,0.5684115939099971,4,2019-12-01
Isiolo,2020,1,0.41484717731069826,4,2020-01-01
Isiolo,2020,2,0.3149339093236326,4,2020-02-01
Isiolo,2020,3,0.2833042778226896,4,2020-03-01
Isiolo,2020,4,0.40542281729991925,4,2020-04-01
Isiolo,2020,5,0.3630257612503365,3,2020-05-01
Isiolo,2020,6,0.2755192805173805,4,2020-06-01
Isiolo,2020,7,0.24503965575316639,4,2020-07-01
Isiolo,2020,8,0.2228244677984373,4,2020-08-01
Isiolo,2020,9,0.22481772096469949,4,2020-09-01
Isiolo,2020,10,0.2585697790353005,4,2020-10-01
Isiolo,2020,11,0.3519013922572529,3,2020-11-01
Isiolo,2020,12,0.2858112772837508,4,2020-12-01
Isiolo,2021,1,0.23582090070062012,4,2021-01-01
Isiolo,2021,2,0.21209546281325828,4,2021-02-01
Isiolo,2021,3,0.2102127762058748,4,2021-03-01
Isiolo,2021,4,0.2441711847660113,3,2021-04-01
Isiolo,2021,5,0.25370779776340613,4,2021-05-01
Isiolo,2021,6,0.2110683137968203,4,2021-06-01
Isiolo,2021,7,0.1971615669630825,4,2021-07-01
Isiolo,2021,8,0.19000204122877934,4,2021-08-01
Isiolo,2021,9,0.18889121193748334,4,2021-09-01
Isiolo,2021,10,0.1915657774184857,3,2021-10-01
Isiolo,2021,11,0.19992758016707077,4,2021-11-01
Isiolo,2021,12,0.2671960152250067,4,2021-12-01
Isiolo,2022,1,0.2750466181622202,4,2022-01-01
Isiolo,2022,2,0.21282245351657236,4,2022-02-01
Isiolo,2022,3,0.17843466720560502,4,2022-03-01
Isiolo,2022,4,0.20581686876852615,3,2022-04-01
Isiolo,2022,5,0.23547987739153914,4,2022-05-01
Isiolo,2022,6,0.19798354890865008,4,2022-06-01
Isiolo,2022,7,0.18636822958771215,4,2022-07-01
Isiolo,2022,8,0.18219858528698454,4,2022-08-01
Isiolo,2022,9,0.17826628940986256,4,2022-09-01
Isiolo,2022,10,0.1763459489805085,3,2022-10-01
Isiolo,2022,11,0.20467053691727308,4,2022-11-01
Isiolo,2022,12,0.2193814470493128,3,2022-12-01
Isiolo,2023,1,0.201859751414713,4,2023-01-01
Isiolo,2023,2,0.1798617084343838,3,2023-02-01
Isiolo,2023,3,0.21952097817299918,4,2023-03-01
Isiolo,2023,4,0.4227114883679148,3,2023-04-01
Isiolo,2023,5,0.4614670472918357,4,2023-05-01
Isiolo,2023,6,0.2872241713823769,4,2023-06-01
Isiolo,2023,7,0.23513583602802463,4,2023-07-01
Isiolo,2023,8,0.22146741781191043,4,2023-08-01
Isiolo,2023,9,0.212545850175155,4,2023-09-01
Isiolo,2023,10,0.21647925087577485,2,2023-10-01
Isiolo,2023,11,0.49796812853678196,4,2023-11-01
Isiolo,2023,12,0.5920522702775535,4,2023-12-01
Isiolo,2024,1,0.43324803624360075,4,2024-01-01
Isiolo,2024,2,0.32279258959849033,4,2024-02-01
Isiolo,2024,3,0.30056270883858816,4,2024-03-01
Isiolo,2024,4,0.4769406561573703,4,2024-04-01
Isiolo,2024,5,0.4874336117847846,3,2024-05-01
Isiolo,2024,6,0.3277376246294797,4,2024-06-01
Isiolo,2024,7,0.28118547898140694,4,2024-07-01
Isiolo,2024,8,0.2687622473726755,3,2024-08-01
Isiolo,2024,9,0.24890056251684203,4,2024-09-01
Isiolo,2024,10,0.24035188965238516,4,2024-10-01
Isiolo,2024,11,0.3424553983652208,3,2024-11-01
Isiolo,2024,12,0.3326496407078061,3,2024-12-01
Isiolo,2025,1,0.24510166734033964,4,2025-01-01
Isiolo,2025,2,0.22315151239558084,4,2025-02-01
Isiolo,2025,3,0.2911610145513338,4,2025-03-01
Isiolo,2025,4,0.4317417901733586,3,2025-04-01
Isiolo,2025,5,0.4291313392616542,4,2025-05-01
Isiolo,2025,6,0.2821976859337108,4,2025-06-01
Isiolo,2025,11,0.2903889248181079,1,2025-11-01
Isiolo,2025,12,0.2688759902991106,2,2025-12-01
Isiolo,2026,1,0.21759736369352364,3,2026-01-01
Isiolo,2026,2,0.23229816311865625,3,2026-02-01
Isiolo,2026,3,0.38806544731878284,2,2026-03-01
Isiolo,2026,4,0.41319940716787873,2,2026-04-01
Isiolo,2026,5,0.322713513877661,2,2026-05-01
Isiolo,2026,7,0.22439708524207305,3,2026-07-01
Isiolo,2026,8,0.21742958771220686,1,2026-08-01
Kajiado,2000,12,0.5214791282612112,1,2000-12-01
Kajiado,2001,1,0.5903208248711145,2,2001-01-01
Kajiado,2001,2,0.5573437119200121,2,2001-02-01
Kajiado,2001,3,0.44568973597875294,2,2001-03-01
Kajiado,2001,4,0.57326385720981,2,2001-04-01
Kajiado,2001,5,0.46542240274957064,2,2001-05-01
Kajiado,2001,6,0.32378593969692193,2,2001-06-01
Kajiado,2001,7,0.3144367989376664,2,2001-07-01
Kajiado,2001,8,0.2731824714888299,2,2001-08-01
Kajiado,2001,9,0.2578705514763313,2,2001-09-01
Kajiado,2001,10,0.2651707233244802,1,2001-10-01
Kajiado,2001,11,0.370160802999531,2,2001-11-01
Kajiado,2001,12,0.41634527417590905,2,2001-12-01
Kajiado,2002,1,0.4205674191532572,2,2002-01-01
Kajiado,2002,2,0.407878886111545,2,2002-02-01
Kajiado,2002,3,0.4371003749414157,2,2002-03-01
Kajiado,2002,4,0.4297752773004214,2,2002-04-01
Kajiado,2002,5,0.5437883221371665,2,2002-05-01
Kajiado,2002,6,0.3976104983596316,2,2002-06-01
Kajiado,2002,7,0.31611540384314907,4,2002-07-01
Kajiado,2002,8,0.2618804366505236,4,2002-08-01
Kajiado,2002,9,0.2564518239337603,4,2002-09-01
Kajiado,2002,10,0.26303945216893193,3,2002-10-01
Kajiado,2002,11,0.3978396070926422,4,2002-11-01
Kajiado,2002,12,0.49197604280581186,4,2002-12-01
Kajiado,2003,1,0.5426230901421648,4,2003-01-01
Kajiado,2003,2,0.3903662943290113,4,2003-02-01
Kajiado,2003,3,0.34442686689579727,4,2003-03-01
Kajiado,2003,4,0.3672920012498048,3,2003-04-01
Kajiado,2003,5,0.5682632244961733,4,2003-05-01
Kajiado,2003,6,0.5231910834244654,4,2003-06-01
Kajiado,2003,7,0.35917020778003417,4,2003-07-01
Kajiado,2003,8,0.31014225902202736,4,2003-08-01
Kajiado,2003,9,0.2793344086861431,4,2003-09-01
Kajiado,2003,10,0.27010359839608417,3,2003-10-01
Kajiado,2003,11,0.34463470551476416,4,2003-11-01
Kajiado,2003,12,0.32565677628495554,4,2003-12-01
Kajiado,2004,1,0.3494691532573034,4,2004-01-01
Kajiado,2004,2,0.4022271676300587,4,2004-02-01
Kajiado,2004,3,0.39312909311045185,4,2004-03-01
Kajiado,2004,4,0.5293517887830023,4,2004-04-01
Kajiado,2004,5,0.4735224964849236,3,2004-05-01
Kajiado,2004,6,0.34784914857053595,4,2004-06-01
Kajiado,2004,7,0.2852515192938603,4,2004-07-01
Kajiado,2004,8,0.2542317372285583,4,2004-08-01
Kajiado,2004,9,0.2528452038743949,4,2004-09-01
Kajiado,2004,10,0.2601491524761756,4,2004-10-01
Kajiado,2004,11,0.3066054366505233,3,2004-11-01
Kajiado,2004,12,0.34131686455241383,4,2004-12-01
Kajiado,2005,1,0.3144201726292769,4,2005-01-01
Kajiado,2005,2,0.32182865958443996,4,2005-02-01
Kajiado,2005,3,0.35905491329479766,4,2005-03-01
Kajiado,2005,4,0.4703756600531169,3,2005-04-01
Kajiado,2005,5,0.44789798468989217,4,2005-05-01
Kajiado,2005,6,0.3672189970317143,4,2005-06-01
Kajiado,2005,7,0.278140743633808,4,2005-07-01
Kajiado,2005,8,0.26092874941415356,4,2005-08-01
Kajiado,2005,9,0.23313839243868167,4,2005-09-01
Kajiado,2005,10,0.24248711138884502,3,2005-10-01
Kajiado,2005,11,0.2853658529917203,4,2005-11-01
Kajiado,2005,12,0.2755803819715668,4,2005-12-01
Kajiado,2006,1,0.25214205983440113,4,2006-01-01
Kajiado,2006,2,0.25082527730042137,4,2006-02-01
Kajiado,2006,3,0.43985961959068887,4,2006-03-01
Kajiado,2006,4,0.568079773993646,3,2006-04-01
Kajiado,2006,5,0.5509930674894545,4,2006-05-01
Kajiado,2006,6,0.3974163802530863,4,2006-06-01
Kajiado,2006,7,0.2981230081237307,4,2006-07-01
Kajiado,2006,8,0.27023425246055277,4,2006-08-01
Kajiado,2006,9,0.25446663802530833,4,2006-09-01
Kajiado,2006,10,0.2580407175962088,3,2006-10-01
Kajiado,2006,11,0.4246577566005322,4,2006-11-01
Kajiado,2006,12,0.600479831276363,4,2006-12-01
Kajiado,2007,1,0.616906694266522,4,2007-01-01
Kajiado,2007,2,0.5240196570848308,4,2007-02-01
Kajiado,2007,3,0.42028829479768726,4,2007-03-01
Kajiado,2007,4,0.4553220486382333,3,2007-04-01
Kajiado,2007,5,0.4662099007967509,4,2007-05-01
Kajiado,2007,6,0.3838882908920479,4,2007-06-01
Kajiado,2007,7,0.2747831002968283,4,2007-07-01
Kajiado,2007,8,0.2812358459615687,4,2007-08-01
Kajiado,2007,9,0.2692824714888296,4,2007-09-01
Kajiado,2007,10,0.2659167109305837,3,2007-10-01
Kajiado,2007,11,0.308718090923293,4,2007-11-01
Kajiado,2007,12,0.3595677394157172,4,2007-12-01
Kajiado,2008,1,0.3502682744883609,4,2008-01-01
Kajiado,2008,2,0.34982903062021514,4,2008-02-01
Kajiado,2008,3,0.41129019293860347,4,2008-03-01
Kajiado,2008,4,0.5102089712544916,4,2008-04-01
Kajiado,2008,5,0.38128778836640137,3,2008-05-01
Kajiado,2008,6,0.3078634197781595,4,2008-06-01
Kajiado,2008,7,0.24873890017184838,4,2008-07-01
Kajiado,2008,8,0.2488836119356354,4,2008-08-01
Kajiado,2008,9,0.245979327448836,4,2008-09-01
Kajiado,2008,10,0.26433153804093124,4,2008-10-01
Kajiado,2008,11,0.38496464614903897,3,2008-11-01
Kajiado,2008,12,0.3251359748476797,4,2008-12-01
Kajiado,2009,1,0.2815787259803155,4,2009-01-01
Kajiado,2009,2,0.26683644352444946,4,2009-02-01
Kajiado,2009,3,0.2526370606155282,4,2009-03-01
Kajiado,2009,4,0.2801366088631985,3,2009-04-01
Kajiado,2009,5,0.32805528823621344,4,2009-05-01
Kajiado,2009,6,0.29230927198875234,4,2009-06-01
Kajiado,2009,7,0.24979890642087166,4,2009-07-01
Kajiado,2009,8,0.22120466333385372,4,2009-08-01
Kajiado,2009,9,0.21965596391188882,4,2009-09-01
Kajiado,2009,10,0.2370942144456595,3,2009-10-01
Kajiado,2009,11,0.3002075300734258,4,2009-11-01
Kajiado,2009,12,0.3719938095610059,4,2009-12-01
Kajiado,2010,1,0.48912457037962787,4,2010-01-01
Kajiado,2010,2,0.44626647789407964,4,2010-02-01
Kajiado,2010,3,0.5358899586002175,4,2010-03-01
Kajiado,2010,4,0.533216747383221,3,2010-04-01
Kajiado,2010,5,0.5048746523980627,4,2010-05-01
Kajiado,2010,6,0.3805942860490547,4,2010-06-01
Kajiado,2010,7,0.31017548429932806,4,2010-07-01
Kajiado,2010,8,0.2741118770504604,4,2010-08-01
Kajiado,2010,9,0.2631274566473986,4,2010-09-01
Kajiado,2010,10,0.2618097380617608,3,2010-10-01
Kajiado,2010,11,0.3472972074675832,4,2010-11-01
Kajiado,2010,12,0.42844614513357243,4,2010-12-01
Kajiado,2011,1,0.3388539017341047,4,2011-01-01
Kajiado,2011,2,0.3502259529760978,4,2011-02-01
Kajiado,2011,3,0.42884489532885606,4,2011-03-01
Kajiado,2011,4,0.42350318700203077,3,2011-04-01
Kajiado,2011,5,0.3875418684580536,4,2011-05-01
Kajiado,2011,6,0.30745642477737856,4,2011-06-01
Kajiado,2011,7,0.2617913919700047,4,2011-07-01
Kajiado,2011,8,0.24432077409779657,4,2011-08-01
Kajiado,2011,9,0.24278980237462888,4,2011-09-01
Kajiado,2011,10,0.284361698692913,3,2011-10-01
Kajiado,2011,11,0.42951943836900497,4,2011-11-01
Kajiado,2011,12,0.4990306163099513,4,2011-12-01
Kajiado,2012,1,0.3595939462583965,4,2012-01-01
Kajiado,2012,2,0.28666197078581457,4,2012-02-01
Kajiado,2012,3,0.2984151812216839,4,2012-03-01
Kajiado,2012,4,0.4809352327761288,4,2012-04-01
Kajiado,2012,5,0.6080697286882257,3,2012-05-01
Kajiado,2012,6,0.44479455553819724,4,2012-06-01
Kajiado,2012,7,0.3819036439618803,4,2012-07-01
Kajiado,2012,8,0.3093577995625687,4,2012-08-01
Kajiado,2012,9,0.2673605061709109,4,2012-09-01
Kajiado,2012,10,0.31048087017653414,4,2012-10-01
Kajiado,2012,11,0.41636315679841623,3,2012-11-01
Kajiado,2012,12,0.42115540149976527,4,2012-12-01
Kajiado,2013,1,0.45867905795969344,4,2013-01-01
Kajiado,2013,2,0.358967028589283,4,2013-02-01
Kajiado,2013,3,0.40320926417747155,4,2013-03-01
Kajiado,2013,4,0.5933195281987186,3,2013-04-01
Kajiado,2013,5,0.5586509451648193,4,2013-05-01
Kajiado,2013,6,0.38038586158412757,4,2013-06-01
Kajiado,2013,7,0.30744473129198546,4,2013-07-01
Kajiado,2013,8,0.28797702702702715,4,2013-08-01
Kajiado,2013,9,0.2754659389157945,4,2013-09-01
Kajiado,2013,10,0.2697415039316775,3,2013-10-01
Kajiado,2013,11,0.31677272301202963,4,2013-11-01
Kajiado,2013,12,0.526011728636151,4,2013-12-01
Kajiado,2014,1,0.43573865802218437,4,2014-01-01
Kajiado,2014,2,0.4456589282924537,4,2014-02-01
Kajiado,2014,3,0.48533383065146085,4,2014-03-01
Kajiado,2014,4,0.44719687028068517,3,2014-04-01
Kajiado,2014,5,0.3551206061552886,4,2014-05-01
Kajiado,2014,6,0.2995143102640212,4,2014-06-01
Kajiado,2014,7,0.26361729807842493,4,2014-07-01
Kajiado,2014,8,0.2588603968129984,4,2014-08-01
Kajiado,2014,9,0.2711308506483361,4,2014-09-01
Kajiado,2014,10,0.29347679529240217,3,2014-10-01
Kajiado,2014,11,0.31802850335884975,4,2014-11-01
Kajiado,2014,12,0.3963192001249797,4,2014-12-01
Kajiado,2015,1,0.33748021402905815,4,2015-01-01
Kajiado,2015,2,0.29163150289017303,4,2015-02-01
Kajiado,2015,3,0.27563297922199664,4,2015-03-01
Kajiado,2015,4,0.38043077644118123,3,2015-04-01
Kajiado,2015,5,0.432978671301359,4,2015-05-01
Kajiado,2015,6,0.38633629120449897,4,2015-06-01
Kajiado,2015,7,0.2936545461646618,4,2015-07-01
Kajiado,2015,8,0.25553632244961694,4,2015-08-01
Kajiado,2015,9,0.23952479690673356,4,2015-09-01
Kajiado,2015,10,0.2417046503150554,3,2015-10-01
Kajiado,2015,11,0.39845514372754254,4,2015-11-01
Kajiado,2015,12,0.5571090962349639,4,2015-12-01
Kajiado,2016,1,0.508348648648648,4,2016-01-01
Kajiado,2016,2,0.4634336627089519,4,2016-02-01
Kajiado,2016,3,0.37483920481174815,4,2016-03-01
Kajiado,2016,4,0.4841799250117169,4,2016-04-01
Kajiado,2016,5,0.4878557517054625,3,2016-05-01
Kajiado,2016,6,0.3744031909076707,4,2016-06-01
Kajiado,2016,7,0.30845451882518377,4,2016-07-01
Kajiado,2016,8,0.26079525074207144,4,2016-08-01
Kajiado,2016,9,0.25129816434932034,4,2016-09-01
Kajiado,2016,10,0.25214939462583985,4,2016-10-01
Kajiado,2016,11,0.3516411810654579,3,2016-11-01
Kajiado,2016,12,0.3847938915794396,4,2016-12-01
Kajiado,2017,1,0.3101958443993126,4,2017-01-01
Kajiado,2017,2,0.2918133104202466,4,2017-02-01
Kajiado,2017,3,0.29285725277300423,4,2017-03-01
Kajiado,2017,4,0.33650354111336805,3,2017-04-01
Kajiado,2017,5,0.3926208287767532,4,2017-05-01
Kajiado,2017,6,0.30667710904546175,4,2017-06-01
Kajiado,2017,7,0.24915304639900032,4,2017-07-01
Kajiado,2017,8,0.2382530620215593,4,2017-08-01
Kajiado,2017,9,0.23242097328542388,4,2017-09-01
Kajiado,2017,10,0.25141761183148464,3,2017-10-01
Kajiado,2017,11,0.32000752616778627,4,2017-11-01
Kajiado,2017,12,0.31457041087330107,4,2017-12-01
Kajiado,2018,1,0.3002985588189342,4,2018-01-01
Kajiado,2018,2,0.26366466177159814,4,2018-02-01
Kajiado,2018,3,0.47980290579596946,4,2018-03-01
Kajiado,2018,4,0.6298244701348742,3,2018-04-01
Kajiado,2018,5,0.6434947469145456,4,2018-05-01
Kajiado,2018,6,0.5179404897672236,4,2018-06-01
Kajiado,2018,7,0.4211244453991568,4,2018-07-01
Kajiado,2018,8,0.33373804483674413,4,2018-08-01
Kajiado,2018,9,0.31088084674269656,4,2018-09-01
Kajiado,2018,10,0.31065795448627825,3,2018-10-01
Kajiado,2018,11,0.338614552413685,4,2018-11-01
Kajiado,2018,12,0.46586515847377397,4,2018-12-01
Kajiado,2019,1,0.40194375878768973,4,2019-01-01
Kajiado,2019,2,0.31723754491485684,4,2019-02-01
Kajiado,2019,3,0.28790954928917384,4,2019-03-01
Kajiado,2019,4,0.3259521168567409,3,2019-04-01
Kajiado,2019,5,0.4531815731916882,4,2019-05-01
Kajiado,2019,6,0.3875368926730207,4,2019-06-01
Kajiado,2019,7,0.2996966606780195,4,2019-07-01
Kajiado,2019,8,0.268643821277925,4,2019-08-01
Kajiado,2019,9,0.2573837095766285,4,2019-09-01
Kajiado,2019,10,0.34612138728323677,3,2019-10-01
Kajiado,2019,11,0.47219734807061375,4,2019-11-01
Kajiado,2019,12,0.641941516950475,4,2019-12-01
Kajiado,2020,1,0.652437837837838,4,2020-01-01
Kajiado,2020,2,0.6109624980471797,4,2020-02-01
Kajiado,2020,3,0.5825326394313388,4,2020-03-01
Kajiado,2020,4,0.5690206998906413,4,2020-04-01
Kajiado,2020,5,0.5921226162578747,3,2020-05-01
Kajiado,2020,6,0.4854387244180597,4,2020-06-01
Kajiado,2020,7,0.3932629745352284,4,2020-07-01
Kajiado,2020,8,0.2860501952819875,4,2020-08-01
Kajiado,2020,9,0.32134097406655193,4,2020-09-01
Kajiado,2020,10,0.31343882205905355,4,2020-10-01
Kajiado,2020,11,0.42501726292766745,3,2020-11-01
Kajiado,2020,12,0.43891461490392186,4,2020-12-01
Kajiado,2021,1,0.4290283276050623,4,2021-01-01
Kajiado,2021,2,0.5101679229807842,4,2021-02-01
Kajiado,2021,3,0.4421873222933923,4,2021-03-01
Kajiado,2021,4,0.506722236108943,3,2021-04-01
Kajiado,2021,5,0.5129056983283873,4,2021-05-01
Kajiado,2021,6,0.3944682666770809,4,2021-06-01
Kajiado,2021,7,0.29957204343071403,4,2021-07-01
Kajiado,2021,8,0.2883086119356354,4,2021-08-01
Kajiado,2021,9,0.2695400835806907,4,2021-09-01
Kajiado,2021,10,0.2730304796125609,3,2021-10-01
Kajiado,2021,11,0.2925387556631772,4,2021-11-01
Kajiado,2021,12,0.4201029839087641,4,2021-12-01
Kajiado,2022,1,0.38376227152007497,4,2022-01-01
Kajiado,2022,2,0.3920834557100452,4,2022-02-01
Kajiado,2022,3,0.3239992227776912,4,2022-03-01
Kajiado,2022,4,0.3664698849138148,3,2022-04-01
Kajiado,2022,5,0.40966771207623864,4,2022-05-01
Kajiado,2022,6,0.3307532768317448,4,2022-06-01
Kajiado,2022,7,0.2570008787689428,4,2022-07-01
Kajiado,2022,8,0.24992275425714713,4,2022-08-01
Kajiado,2022,9,0.24224821902827676,4,2022-09-01
Kajiado,2022,10,0.2405706816643235,3,2022-10-01
Kajiado,2022,11,0.2863192196531796,4,2022-11-01
Kajiado,2022,12,0.34706946310472353,3,2022-12-01
Kajiado,2023,1,0.3192922004374313,4,2023-01-01
Kajiado,2023,2,0.26208492423058855,3,2023-02-01
Kajiado,2023,3,0.30562736291204523,4,2023-03-01
Kajiado,2023,4,0.44609068895485016,3,2023-04-01
Kajiado,2023,5,0.4652400874863298,4,2023-05-01
Kajiado,2023,6,0.34473491641930915,4,2023-06-01
Kajiado,2023,7,0.28489166927042664,4,2023-07-01
Kajiado,2023,8,0.25736761052960494,4,2023-08-01
Kajiado,2023,9,0.27067974535228867,4,2023-09-01
Kajiado,2023,10,0.259276550538978,2,2023-10-01
Kajiado,2023,11,0.4846752968286204,4,2023-11-01
Kajiado,2023,12,0.5860294758631466,4,2023-12-01
Kajiado,2024,1,0.6093597836275582,4,2024-01-01
Kajiado,2024,2,0.5193763865021084,4,2024-02-01
Kajiado,2024,3,0.5164132166848925,4,2024-03-01
Kajiado,2024,4,0.6056601195125766,4,2024-04-01
Kajiado,2024,5,0.6220042753736396,3,2024-05-01
Kajiado,2024,6,0.5272247383221353,4,2024-06-01
Kajiado,2024,7,0.43308215122637106,4,2024-07-01
Kajiado,2024,8,0.36785266885382417,3,2024-08-01
Kajiado,2024,9,0.3310230432744875,4,2024-09-01
Kajiado,2024,10,0.3358624941415404,4,2024-10-01
Kajiado,2024,11,0.4726797948237252,3,2024-11-01
Kajiado,2024,12,0.5527407280112482,3,2024-12-01
Kajiado,2025,1,0.4807356663021395,4,2025-01-01
Kajiado,2025,2,0.4403306280268702,4,2025-02-01
Kajiado,2025,3,0.4994660717075449,4,2025-03-01
Kajiado,2025,4,0.6405692183512989,3,2025-04-01
Kajiado,2025,5,0.56956874316513,4,2025-05-01
Kajiado,2025,6,0.4262396305264808,4,2025-06-01
Kajiado,2025,11,0.41342363693172907,1,2025-11-01
Kajiado,2025,12,0.3927643883768165,2,2025-12-01
Kajiado,2026,1,0.40878211737749326,3,2026-01-01
Kajiado,2026,2,0.41751299796906777,3,2026-02-01
Kajiado,2026,3,0.6704651148258068,2,2026-03-01
Kajiado,2026,4,0.6081234494610223,2,2026-04-01
Kajiado,2026,5,0.5980276128729884,2,2026-05-01
Kajiado,2026,7,0.3828821902827671,3,2026-07-01
Kajiado,2026,8,0.34540528042493296,1,2026-08-01
Kakamega,2000,12,0.6580840182648399,1,2000-12-01
Kakamega,2001,1,0.6461761986301375,2,2001-01-01
Kakamega,2001,2,0.5567247716894979,2,2001-02-01
Kakamega,2001,3,0.557739554794521,2,2001-03-01
Kakamega,2001,4,0.6540244863013696,2,2001-04-01
Kakamega,2001,5,0.7351325342465757,2,2001-05-01
Kakamega,2001,6,0.6500835616438358,2,2001-06-01
Kakamega,2001,7,0.7241805936073058,2,2001-07-01
Kakamega,2001,8,0.6823946917808219,2,2001-08-01
Kakamega,2001,9,0.6798621004566211,2,2001-09-01
Kakamega,2001,10,0.6482229452054792,1,2001-10-01
Kakamega,2001,11,0.6994856735159816,2,2001-11-01
Kakamega,2001,12,0.6375031392694069,2,2001-12-01
Kakamega,2002,1,0.594558961187215,2,2002-01-01
Kakamega,2002,2,0.5060699200913241,2,2002-02-01
Kakamega,2002,3,0.5544293378995431,2,2002-03-01
Kakamega,2002,4,0.6498362442922376,2,2002-04-01
Kakamega,2002,5,0.7357212328767122,2,2002-05-01
Kakamega,2002,6,0.7178218036529687,2,2002-06-01
Kakamega,2002,7,0.687206335616438,4,2002-07-01
Kakamega,2002,8,0.6744418093607305,4,2002-08-01
Kakamega,2002,9,0.6409735730593609,4,2002-09-01
Kakamega,2002,10,0.660145357686454,3,2002-10-01
Kakamega,2002,11,0.6693694634703193,4,2002-11-01
Kakamega,2002,12,0.6590963470319635,4,2002-12-01
Kakamega,2003,1,0.6409247146118723,4,2003-01-01
Kakamega,2003,2,0.5243277682648403,4,2003-02-01
Kakamega,2003,3,0.5041978310502279,4,2003-03-01
Kakamega,2003,4,0.5681936073059362,3,2003-04-01
Kakamega,2003,5,0.6885469178082191,4,2003-05-01
Kakamega,2003,6,0.7431573630136988,4,2003-06-01
Kakamega,2003,7,0.7288952910958908,4,2003-07-01
Kakamega,2003,8,0.7033996289954335,4,2003-08-01
Kakamega,2003,9,0.6655340468036526,4,2003-09-01
Kakamega,2003,10,0.6546225646879754,3,2003-10-01
Kakamega,2003,11,0.639697003424658,4,2003-11-01
Kakamega,2003,12,0.6202946061643836,4,2003-12-01
Kakamega,2004,1,0.5609267979452056,4,2004-01-01
Kakamega,2004,2,0.513719805936073,4,2004-02-01
Kakamega,2004,3,0.519184703196347,4,2004-03-01
Kakamega,2004,4,0.6595824486301369,4,2004-04-01
Kakamega,2004,5,0.7027103500761034,3,2004-05-01
Kakamega,2004,6,0.7142311929223745,4,2004-06-01
Kakamega,2004,7,0.6877033675799091,4,2004-07-01
Kakamega,2004,8,0.6643384417808218,4,2004-08-01
Kakamega,2004,9,0.6669841894977169,4,2004-09-01
Kakamega,2004,10,0.650531535388128,4,2004-10-01
Kakamega,2004,11,0.6874645738203954,3,2004-11-01
Kakamega,2004,12,0.6536213184931506,4,2004-12-01
Kakamega,2005,1,0.5677185216894973,4,2005-01-01
Kakamega,2005,2,0.48850998858447475,4,2005-02-01
Kakamega,2005,3,0.5460021974885845,4,2005-03-01
Kakamega,2005,4,0.6368486301369859,3,2005-04-01
Kakamega,2005,5,0.7392172945205485,4,2005-05-01
Kakamega,2005,6,0.7264057933789959,4,2005-06-01
Kakamega,2005,7,0.7089666952054792,4,2005-07-01
Kakamega,2005,8,0.6848515125570773,4,2005-08-01
Kakamega,2005,9,0.6385314497716897,4,2005-09-01
Kakamega,2005,10,0.6553175418569253,3,2005-10-01
Kakamega,2005,11,0.6471305079908678,4,2005-11-01
Kakamega,2005,12,0.5420173230593606,4,2005-12-01
Kakamega,2006,1,0.496975028538813,4,2006-01-01
Kakamega,2006,2,0.47988239155251144,4,2006-02-01
Kakamega,2006,3,0.5879762842465752,4,2006-03-01
Kakamega,2006,4,0.695990182648402,3,2006-04-01
Kakamega,2006,5,0.7372612157534252,4,2006-05-01
Kakamega,2006,6,0.7328543664383563,4,2006-06-01
Kakamega,2006,7,0.7106685502283107,4,2006-07-01
Kakamega,2006,8,0.6683680365296808,4,2006-08-01
Kakamega,2006,9,0.6557021689497717,4,2006-09-01
Kakamega,2006,10,0.6619203576864537,3,2006-10-01
Kakamega,2006,11,0.6773664954337901,4,2006-11-01
Kakamega,2006,12,0.6989721461187213,4,2006-12-01
Kakamega,2007,1,0.6747969463470325,4,2007-01-01
Kakamega,2007,2,0.6118087899543376,4,2007-02-01
Kakamega,2007,3,0.5702896974885845,4,2007-03-01
Kakamega,2007,4,0.6354052891933032,3,2007-04-01
Kakamega,2007,5,0.6979253424657531,4,2007-05-01
Kakamega,2007,6,0.7393944634703195,4,2007-06-01
Kakamega,2007,7,0.701676084474886,4,2007-07-01
Kakamega,2007,8,0.6928677796803656,4,2007-08-01
Kakamega,2007,9,0.6774647260273969,4,2007-09-01
Kakamega,2007,10,0.6715390410958905,3,2007-10-01
Kakamega,2007,11,0.64092674086758,4,2007-11-01
Kakamega,2007,12,0.5931341609589043,4,2007-12-01
Kakamega,2008,1,0.5231247716894977,4,2008-01-01
Kakamega,2008,2,0.4746710331050231,4,2008-02-01
Kakamega,2008,3,0.4966153253424658,4,2008-03-01
Kakamega,2008,4,0.6296927796803656,4,2008-04-01
Kakamega,2008,5,0.7045691400304412,3,2008-05-01
Kakamega,2008,6,0.721504851598174,4,2008-06-01
Kakamega,2008,7,0.6974030251141549,4,2008-07-01
Kakamega,2008,8,0.683683247716895,4,2008-08-01
Kakamega,2008,9,0.6771338184931509,4,2008-09-01
Kakamega,2008,10,0.6949939212328771,4,2008-10-01
Kakamega,2008,11,0.6784752663622525,3,2008-11-01
Kakamega,2008,12,0.5727709189497716,4,2008-12-01
Kakamega,2009,1,0.5121813926940639,4,2009-01-01
Kakamega,2009,2,0.506939726027397,4,2009-02-01
Kakamega,2009,3,0.4876862728310507,4,2009-03-01
Kakamega,2009,4,0.6039376712328767,3,2009-04-01
Kakamega,2009,5,0.697985730593607,4,2009-05-01
Kakamega,2009,6,0.7031475171232877,4,2009-06-01
Kakamega,2009,7,0.6688822203196345,4,2009-07-01
Kakamega,2009,8,0.6450875856164384,4,2009-08-01
Kakamega,2009,9,0.6533988584474888,4,2009-09-01
Kakamega,2009,10,0.6584462328767122,3,2009-10-01
Kakamega,2009,11,0.6666883561643835,4,2009-11-01
Kakamega,2009,12,0.6490599600456621,4,2009-12-01
Kakamega,2010,1,0.6449422945205477,4,2010-01-01
Kakamega,2010,2,0.6101085045662101,4,2010-02-01
Kakamega,2010,3,0.5913813641552512,4,2010-03-01
Kakamega,2010,4,0.6688445205479455,3,2010-04-01
Kakamega,2010,5,0.7243182933789952,4,2010-05-01
Kakamega,2010,6,0.7221798801369862,4,2010-06-01
Kakamega,2010,7,0.6934520547945202,4,2010-07-01
Kakamega,2010,8,0.6604659531963474,4,2010-08-01
Kakamega,2010,9,0.6545863299086756,4,2010-09-01
Kakamega,2010,10,0.6483491248097416,3,2010-10-01
Kakamega,2010,11,0.6715134988584472,4,2010-11-01
Kakamega,2010,12,0.6344654109589041,4,2010-12-01
Kakamega,2011,1,0.5767137842465752,4,2011-01-01
Kakamega,2011,2,0.47732979452054786,4,2011-02-01
Kakamega,2011,3,0.5061612728310504,4,2011-03-01
Kakamega,2011,4,0.6066178843226786,3,2011-04-01
Kakamega,2011,5,0.7083614155251139,4,2011-05-01
Kakamega,2011,6,0.7370821917808221,4,2011-06-01
Kakamega,2011,7,0.7168185787671234,4,2011-07-01
Kakamega,2011,8,0.6726204623287673,4,2011-08-01
Kakamega,2011,9,0.6659312499999999,4,2011-09-01
Kakamega,2011,10,0.6591997336377474,3,2011-10-01
Kakamega,2011,11,0.7025725456621006,4,2011-11-01
Kakamega,2011,12,0.6778488013698633,4,2011-12-01
Kakamega,2012,1,0.5587327910958908,4,2012-01-01
Kakamega,2012,2,0.45677751141552514,4,2012-02-01
Kakamega,2012,3,0.4483205479452056,4,2012-03-01
Kakamega,2012,4,0.5759932648401833,4,2012-04-01
Kakamega,2012,5,0.7064223744292238,3,2012-05-01
Kakamega,2012,6,0.7218138698630141,4,2012-06-01
Kakamega,2012,7,0.7060376141552513,4,2012-07-01
Kakamega,2012,8,0.6827760273972606,4,2012-08-01
Kakamega,2012,9,0.6563406392694067,4,2012-09-01
Kakamega,2012,10,0.6742003710045659,4,2012-10-01
Kakamega,2012,11,0.6829778538812784,3,2012-11-01
Kakamega,2012,12,0.6640528538812787,4,2012-12-01
Kakamega,2013,1,0.6379615296803653,4,2013-01-01
Kakamega,2013,2,0.552899800228311,4,2013-02-01
Kakamega,2013,3,0.5702141267123286,4,2013-03-01
Kakamega,2013,4,0.6558426179604266,3,2013-04-01
Kakamega,2013,5,0.7028132990867582,4,2013-05-01
Kakamega,2013,6,0.704577140410959,4,2013-06-01
Kakamega,2013,7,0.665075142694064,4,2013-07-01
Kakamega,2013,8,0.6589306221461187,4,2013-08-01
Kakamega,2013,9,0.6669297659817351,4,2013-09-01
Kakamega,2013,10,0.6960959284627098,3,2013-10-01
Kakamega,2013,11,0.6842799942922371,4,2013-11-01
Kakamega,2013,12,0.6666654680365295,4,2013-12-01
Kakamega,2014,1,0.6167268264840186,4,2014-01-01
Kakamega,2014,2,0.5316958904109587,4,2014-02-01
Kakamega,2014,3,0.5420140410958909,4,2014-03-01
Kakamega,2014,4,0.6167328386605782,3,2014-04-01
Kakamega,2014,5,0.7221674942922379,4,2014-05-01
Kakamega,2014,6,0.7226080764840184,4,2014-06-01
Kakamega,2014,7,0.7081220319634706,4,2014-07-01
Kakamega,2014,8,0.6699620148401828,4,2014-08-01
Kakamega,2014,9,0.6747413527397259,4,2014-09-01
Kakamega,2014,10,0.6987361872146115,3,2014-10-01
Kakamega,2014,11,0.6969113013698632,4,2014-11-01
Kakamega,2014,12,0.6621381563926945,4,2014-12-01
Kakamega,2015,1,0.5469932363013702,4,2015-01-01
Kakamega,2015,2,0.4606978310502283,4,2015-02-01
Kakamega,2015,3,0.4334833047945203,4,2015-03-01
Kakamega,2015,4,0.588307267884323,3,2015-04-01
Kakamega,2015,5,0.7238554509132419,4,2015-05-01
Kakamega,2015,6,0.748152939497717,4,2015-06-01
Kakamega,2015,7,0.7143231735159815,4,2015-07-01
Kakamega,2015,8,0.6698182648401826,4,2015-08-01
Kakamega,2015,9,0.6406521118721464,4,2015-09-01
Kakamega,2015,10,0.6265422374429223,3,2015-10-01
Kakamega,2015,11,0.7056021689497718,4,2015-11-01
Kakamega,2015,12,0.7111903538812792,4,2015-12-01
Kakamega,2016,1,0.6423899828767126,4,2016-01-01
Kakamega,2016,2,0.5638414954337897,4,2016-02-01
Kakamega,2016,3,0.5239394121004568,4,2016-03-01
Kakamega,2016,4,0.6429293949771689,4,2016-04-01
Kakamega,2016,5,0.7383070015220695,3,2016-05-01
Kakamega,2016,6,0.7224923515981736,4,2016-06-01
Kakamega,2016,7,0.6921255993150683,4,2016-07-01
Kakamega,2016,8,0.6448519406392692,4,2016-08-01
Kakamega,2016,9,0.6243599885844744,4,2016-09-01
Kakamega,2016,10,0.6536399543378997,4,2016-10-01
Kakamega,2016,11,0.6375131659056318,3,2016-11-01
Kakamega,2016,12,0.5522318493150683,4,2016-12-01
Kakamega,2017,1,0.4829080194063926,4,2017-01-01
Kakamega,2017,2,0.505830821917808,4,2017-02-01
Kakamega,2017,3,0.5614358447488585,4,2017-03-01
Kakamega,2017,4,0.650530669710807,3,2017-04-01
Kakamega,2017,5,0.7387007420091325,4,2017-05-01
Kakamega,2017,6,0.7285398687214615,4,2017-06-01
Kakamega,2017,7,0.6814453767123285,4,2017-07-01
Kakamega,2017,8,0.6475232020547947,4,2017-08-01
Kakamega,2017,9,0.6698304223744296,4,2017-09-01
Kakamega,2017,10,0.6801799467275492,3,2017-10-01
Kakamega,2017,11,0.6800455479452057,4,2017-11-01
Kakamega,2017,12,0.596063327625571,4,2017-12-01
Kakamega,2018,1,0.5098249143835616,4,2018-01-01
Kakamega,2018,2,0.464461558219178,4,2018-02-01
Kakamega,2018,3,0.5663613299086758,4,2018-03-01
Kakamega,2018,4,0.6989061263318109,3,2018-04-01
Kakamega,2018,5,0.7491575627853881,4,2018-05-01
Kakamega,2018,6,0.7473563926940647,4,2018-06-01
Kakamega,2018,7,0.6960153824200914,4,2018-07-01
Kakamega,2018,8,0.6488984589041098,4,2018-08-01
Kakamega,2018,9,0.637387357305936,4,2018-09-01
Kakamega,2018,10,0.6689934550989353,3,2018-10-01
Kakamega,2018,11,0.6520748002283104,4,2018-11-01
Kakamega,2018,12,0.6300092180365298,4,2018-12-01
Kakamega,2019,1,0.5729516267123289,4,2019-01-01
Kakamega,2019,2,0.49201352739726045,4,2019-02-01
Kakamega,2019,3,0.4883530251141553,4,2019-03-01
Kakamega,2019,4,0.5571951674277017,3,2019-04-01
Kakamega,2019,5,0.690951912100457,4,2019-05-01
Kakamega,2019,6,0.7627704337899542,4,2019-06-01
Kakamega,2019,7,0.739706877853881,4,2019-07-01
Kakamega,2019,8,0.6883636700913238,4,2019-08-01
Kakamega,2019,9,0.6777463184931514,4,2019-09-01
Kakamega,2019,10,0.7009608066971079,3,2019-10-01
Kakamega,2019,11,0.7179914098173513,4,2019-11-01
Kakamega,2019,12,0.7191862157534245,4,2019-12-01
Kakamega,2020,1,0.6646189212328765,4,2020-01-01
Kakamega,2020,2,0.6432232020547941,4,2020-02-01
Kakamega,2020,3,0.6308462614155251,4,2020-03-01
Kakamega,2020,4,0.6742574486301369,4,2020-04-01
Kakamega,2020,5,0.7523386986301368,3,2020-05-01
Kakamega,2020,6,0.734886244292237,4,2020-06-01
Kakamega,2020,7,0.7074070205479457,4,2020-07-01
Kakamega,2020,8,0.6096831906392697,4,2020-08-01
Kakamega,2020,9,0.6646083333333335,4,2020-09-01
Kakamega,2020,10,0.7053586757990868,4,2020-10-01
Kakamega,2020,11,0.7160603500761029,3,2020-11-01
Kakamega,2020,12,0.6639613584474886,4,2020-12-01
Kakamega,2021,1,0.6210553938356169,4,2021-01-01
Kakamega,2021,2,0.5567085045662096,4,2021-02-01
Kakamega,2021,3,0.5625899828767126,4,2021-03-01
Kakamega,2021,4,0.6442324200913238,3,2021-04-01
Kakamega,2021,5,0.7269307077625569,4,2021-05-01
Kakamega,2021,6,0.7287065068493146,4,2021-06-01
Kakamega,2021,7,0.6820498002283109,4,2021-07-01
Kakamega,2021,8,0.671150142694064,4,2021-08-01
Kakamega,2021,9,0.6605176655251142,4,2021-09-01
Kakamega,2021,10,0.684694863013699,3,2021-10-01
Kakamega,2021,11,0.6797571347031968,4,2021-11-01
Kakamega,2021,12,0.6301682933789956,4,2021-12-01
Kakamega,2022,1,0.564239583333333,4,2022-01-01
Kakamega,2022,2,0.5537469748858447,4,2022-02-01
Kakamega,2022,3,0.4735650114155252,4,2022-03-01
Kakamega,2022,4,0.6391025114155253,3,2022-04-01
Kakamega,2022,5,0.7078172945205478,4,2022-05-01
Kakamega,2022,6,0.7243632990867583,4,2022-06-01
Kakamega,2022,7,0.6805152397260276,4,2022-07-01
Kakamega,2022,8,0.669998915525114,4,2022-08-01
Kakamega,2022,9,0.6518416381278543,4,2022-09-01
Kakamega,2022,10,0.6631825722983252,3,2022-10-01
Kakamega,2022,11,0.6649399257990873,4,2022-11-01
Kakamega,2022,12,0.6686713850837139,3,2022-12-01
Kakamega,2023,1,0.6069902397260276,4,2023-01-01
Kakamega,2023,2,0.5026616818873667,3,2023-02-01
Kakamega,2023,3,0.5513708047945207,4,2023-03-01
Kakamega,2023,4,0.6628602739726026,3,2023-04-01
Kakamega,2023,5,0.7495336187214611,4,2023-05-01
Kakamega,2023,6,0.7457906963470321,4,2023-06-01
Kakamega,2023,7,0.7065660102739724,4,2023-07-01
Kakamega,2023,8,0.6641063356164385,4,2023-08-01
Kakamega,2023,9,0.6783639269406394,4,2023-09-01
Kakamega,2023,10,0.7046842465753427,2,2023-10-01
Kakamega,2023,11,0.7268279109589043,4,2023-11-01
Kakamega,2023,12,0.7023244292237443,4,2023-12-01
Kakamega,2024,1,0.6718298801369864,4,2024-01-01
Kakamega,2024,2,0.6719183789954342,4,2024-02-01
Kakamega,2024,3,0.6328033961187216,4,2024-03-01
Kakamega,2024,4,0.7172126712328769,4,2024-04-01
Kakamega,2024,5,0.7523266362252664,3,2024-05-01
Kakamega,2024,6,0.7581040810502284,4,2024-06-01
Kakamega,2024,7,0.7249645547945209,4,2024-07-01
Kakamega,2024,8,0.6875785388127856,3,2024-08-01
Kakamega,2024,9,0.6853321917808218,4,2024-09-01
Kakamega,2024,10,0.7000920662100456,4,2024-10-01
Kakamega,2024,11,0.7218867199391169,3,2024-11-01
Kakamega,2024,12,0.7117167047184166,3,2024-12-01
Kakamega,2025,1,0.6445601883561645,4,2025-01-01
Kakamega,2025,2,0.5803815353881281,4,2025-02-01
Kakamega,2025,3,0.5938136130136986,4,2025-03-01
Kakamega,2025,4,0.6906306316590566,3,2025-04-01
Kakamega,2025,5,0.7487571917808221,4,2025-05-01
Kakamega,2025,6,0.7524237157534244,4,2025-06-01
Kakamega,2025,11,0.7200466894977178,1,2025-11-01
Kakamega,2025,12,0.6900099315068493,2,2025-12-01
Kakamega,2026,1,0.6258045281582955,3,2026-01-01
Kakamega,2026,2,0.5804484018264838,3,2026-02-01
Kakamega,2026,3,0.7041906392694065,2,2026-03-01
Kakamega,2026,4,0.6718868150684929,2,2026-04-01
Kakamega,2026,5,0.7648407534246582,2,2026-05-01
Kakamega,2026,7,0.6809133181126322,3,2026-07-01
Kakamega,2026,8,0.6665791095890408,1,2026-08-01
Kericho,2000,12,0.716352251023192,1,2000-12-01
Kericho,2001,1,0.7001789904502049,2,2001-01-01
Kericho,2001,2,0.6747731241473398,2,2001-02-01
Kericho,2001,3,0.6439875852660302,2,2001-03-01
Kericho,2001,4,0.7308352660300137,2,2001-04-01
Kericho,2001,5,0.7762879945429741,2,2001-05-01
Kericho,2001,6,0.6141948840381991,2,2001-06-01
Kericho,2001,7,0.7192726466575718,2,2001-07-01
Kericho,2001,8,0.7289682810368345,2,2001-08-01
Kericho,2001,9,0.7265588676671217,2,2001-09-01
Kericho,2001,10,0.6857046384720322,1,2001-10-01
Kericho,2001,11,0.7356207366984997,2,2001-11-01
Kericho,2001,12,0.7046624147339703,2,2001-12-01
Kericho,2002,1,0.6659615961800822,2,2002-01-01
Kericho,2002,2,0.6156828103683492,2,2002-02-01
Kericho,2002,3,0.6338649386084584,2,2002-03-01
Kericho,2002,4,0.6982187585266031,2,2002-04-01
Kericho,2002,5,0.7597364256480219,2,2002-05-01
Kericho,2002,6,0.7347581855388814,2,2002-06-01
Kericho,2002,7,0.7017032742155525,4,2002-07-01
Kericho,2002,8,0.7128979536152794,4,2002-08-01
Kericho,2002,9,0.6629952933151432,4,2002-09-01
Kericho,2002,10,0.6170566166439293,3,2002-10-01
Kericho,2002,11,0.7022787858117326,4,2002-11-01
Kericho,2002,12,0.7018244884038204,4,2002-12-01
Kericho,2003,1,0.7137378240109138,4,2003-01-01
Kericho,2003,2,0.5868959072305593,4,2003-02-01
Kericho,2003,3,0.5451131309686219,4,2003-03-01
Kericho,2003,4,0.5545532060027285,3,2003-04-01
Kericho,2003,5,0.7219145293315141,4,2003-05-01
Kericho,2003,6,0.7537070259208729,4,2003-06-01
Kericho,2003,7,0.7372996589358797,4,2003-07-01
Kericho,2003,8,0.690323192360164,4,2003-08-01
Kericho,2003,9,0.7202381309686221,4,2003-09-01
Kericho,2003,10,0.6833134151887221,3,2003-10-01
Kericho,2003,11,0.6895128581173263,4,2003-11-01
Kericho,2003,12,0.6865831514324692,4,2003-12-01
Kericho,2004,1,0.6433870395634378,4,2004-01-01
Kericho,2004,2,0.6196619031377899,4,2004-02-01
Kericho,2004,3,0.6169816166439295,4,2004-03-01
Kericho,2004,4,0.7337526261937244,4,2004-04-01
Kericho,2004,5,0.7511752614824925,3,2004-05-01
Kericho,2004,6,0.7300413710777625,4,2004-06-01
Kericho,2004,7,0.6994131309686222,4,2004-07-01
Kericho,2004,8,0.6818365961800821,4,2004-08-01
Kericho,2004,9,0.6986243860845842,4,2004-09-01
Kericho,2004,10,0.667634959072306,4,2004-10-01
Kericho,2004,11,0.7214986812187361,3,2004-11-01
Kericho,2004,12,0.7146405866302863,4,2004-12-01
Kericho,2005,1,0.634156514324693,4,2005-01-01
Kericho,2005,2,0.6023656207366984,4,2005-02-01
Kericho,2005,3,0.6585334583901776,4,2005-03-01
Kericho,2005,4,0.7230898135516147,3,2005-04-01
Kericho,2005,5,0.7408901773533427,4,2005-05-01
Kericho,2005,6,0.7337480559345151,4,2005-06-01
Kericho,2005,7,0.7197528649386082,4,2005-07-01
Kericho,2005,8,0.7149655525238747,4,2005-08-01
Kericho,2005,9,0.6888104706684853,4,2005-09-01
Kericho,2005,10,0.6558728512960437,3,2005-10-01
Kericho,2005,11,0.6718361869031378,4,2005-11-01
Kericho,2005,12,0.5724717598908593,4,2005-12-01
Kericho,2006,1,0.547999795361528,4,2006-01-01
Kericho,2006,2,0.5487544679399726,4,2006-02-01
Kericho,2006,3,0.6595484311050474,4,2006-03-01
Kericho,2006,4,0.7319457480673032,3,2006-04-01
Kericho,2006,5,0.7556184515688953,4,2006-05-01
Kericho,2006,6,0.733692598908595,4,2006-06-01
Kericho,2006,7,0.728619918144611,4,2006-07-01
Kericho,2006,8,0.7109197476125511,4,2006-08-01
Kericho,2006,9,0.6717978854024554,4,2006-09-01
Kericho,2006,10,0.660809731696225,3,2006-10-01
Kericho,2006,11,0.6458719986357435,4,2006-11-01
Kericho,2006,12,0.7341573669849931,4,2006-12-01
Kericho,2007,1,0.7547444747612552,4,2007-01-01
Kericho,2007,2,0.7044478171896317,4,2007-02-01
Kericho,2007,3,0.6694403819918144,4,2007-03-01
Kericho,2007,4,0.7160137789904505,3,2007-04-01
Kericho,2007,5,0.7392446452933148,4,2007-05-01
Kericho,2007,6,0.7386466575716234,4,2007-06-01
Kericho,2007,7,0.6708067530695769,4,2007-07-01
Kericho,2007,8,0.6639109140518418,4,2007-08-01
Kericho,2007,9,0.7238372100954982,4,2007-09-01
Kericho,2007,10,0.7096867667121419,3,2007-10-01
Kericho,2007,11,0.6853848226466576,4,2007-11-01
Kericho,2007,12,0.646293008185539,4,2007-12-01
Kericho,2008,1,0.5828121418826738,4,2008-01-01
Kericho,2008,2,0.5476442701227829,4,2008-02-01
Kericho,2008,3,0.5634645975443384,4,2008-03-01
Kericho,2008,4,0.715187687585266,4,2008-04-01
Kericho,2008,5,0.7563874033651667,3,2008-05-01
Kericho,2008,6,0.7340286493860846,4,2008-06-01
Kericho,2008,7,0.68866002728513,4,2008-07-01
Kericho,2008,8,0.7097423260572985,4,2008-08-01
Kericho,2008,9,0.7055933492496587,4,2008-09-01
Kericho,2008,10,0.7248323669849932,4,2008-10-01
Kericho,2008,11,0.7336528422010004,3,2008-11-01
Kericho,2008,12,0.6765171896316505,4,2008-12-01
Kericho,2009,1,0.5975945088676671,4,2009-01-01
Kericho,2009,2,0.6024388472032743,4,2009-02-01
Kericho,2009,3,0.5659215893587994,4,2009-03-01
Kericho,2009,4,0.6454834924965891,3,2009-04-01
Kericho,2009,5,0.7220982264665755,4,2009-05-01
Kericho,2009,6,0.748493349249659,4,2009-06-01
Kericho,2009,7,0.6972315143246933,4,2009-07-01
Kericho,2009,8,0.6660416780354707,4,2009-08-01
Kericho,2009,9,0.6758614256480222,4,2009-09-01
Kericho,2009,10,0.6798887676216462,3,2009-10-01
Kericho,2009,11,0.6929966575716231,4,2009-11-01
Kericho,2009,12,0.6787578444747613,4,2009-12-01
Kericho,2010,1,0.7141683151432469,4,2010-01-01
Kericho,2010,2,0.6953596521145979,4,2010-02-01
Kericho,2010,3,0.7057843110504775,4,2010-03-01
Kericho,2010,4,0.7334846748522054,3,2010-04-01
Kericho,2010,5,0.7468621418826737,4,2010-05-01
Kericho,2010,6,0.7456285129604364,4,2010-06-01
Kericho,2010,7,0.72103758526603,4,2010-07-01
Kericho,2010,8,0.6652855047748978,4,2010-08-01
Kericho,2010,9,0.6690141200545705,4,2010-09-01
Kericho,2010,10,0.6926525238744888,3,2010-10-01
Kericho,2010,11,0.7293406889495224,4,2010-11-01
Kericho,2010,12,0.6932376193724423,4,2010-12-01
Kericho,2011,1,0.6483747612551162,4,2011-01-01
Kericho,2011,2,0.567467598908595,4,2011-02-01
Kericho,2011,3,0.5857853342428373,4,2011-03-01
Kericho,2011,4,0.6437766257389717,3,2011-04-01
Kericho,2011,5,0.7442513642564802,4,2011-05-01
Kericho,2011,6,0.7375523533424281,4,2011-06-01
Kericho,2011,7,0.7297900068212825,4,2011-07-01
Kericho,2011,8,0.6700992496589359,4,2011-08-01
Kericho,2011,9,0.721794918144611,4,2011-09-01
Kericho,2011,10,0.7023743974533879,3,2011-10-01
Kericho,2011,11,0.7416524215552525,4,2011-11-01
Kericho,2011,12,0.7429013301500681,4,2011-12-01
Kericho,2012,1,0.6548719304229196,4,2012-01-01
Kericho,2012,2,0.5496565143246932,4,2012-02-01
Kericho,2012,3,0.5072560368349249,4,2012-03-01
Kericho,2012,4,0.6120454979536154,4,2012-04-01
Kericho,2012,5,0.7676021373351523,3,2012-05-01
Kericho,2012,6,0.7221651432469306,4,2012-06-01
Kericho,2012,7,0.7205113574351978,4,2012-07-01
Kericho,2012,8,0.7203413710777622,4,2012-08-01
Kericho,2012,9,0.7171184174624831,4,2012-09-01
Kericho,2012,10,0.6633182128240108,4,2012-10-01
Kericho,2012,11,0.7225210095497953,3,2012-11-01
Kericho,2012,12,0.7251195770804912,4,2012-12-01
Kericho,2013,1,0.7263039563437923,4,2013-01-01
Kericho,2013,2,0.6661448840381987,4,2013-02-01
Kericho,2013,3,0.6179721350613914,4,2013-03-01
Kericho,2013,4,0.7176108231014097,3,2013-04-01
Kericho,2013,5,0.7549423601637112,4,2013-05-01
Kericho,2013,6,0.7353447817189633,4,2013-06-01
Kericho,2013,7,0.719145463847203,4,2013-07-01
Kericho,2013,8,0.6807988403819915,4,2013-08-01
Kericho,2013,9,0.724488847203274,4,2013-09-01
Kericho,2013,10,0.7155742155525235,3,2013-10-01
Kericho,2013,11,0.7084924965893589,4,2013-11-01
Kericho,2013,12,0.7221963165075034,4,2013-12-01
Kericho,2014,1,0.6772817189631652,4,2014-01-01
Kericho,2014,2,0.6130272510231924,4,2014-02-01
Kericho,2014,3,0.639455286493861,4,2014-03-01
Kericho,2014,4,0.6796892223738064,3,2014-04-01
Kericho,2014,5,0.7146477148703957,4,2014-05-01
Kericho,2014,6,0.7344662687585265,4,2014-06-01
Kericho,2014,7,0.7007109140518417,4,2014-07-01
Kericho,2014,8,0.6764391200545705,4,2014-08-01
Kericho,2014,9,0.7140294338335605,4,2014-09-01
Kericho,2014,10,0.6886080945884495,3,2014-10-01
Kericho,2014,11,0.7114448158253752,4,2014-11-01
Kericho,2014,12,0.715914085948158,4,2014-12-01
Kericho,2015,1,0.6347700545702593,4,2015-01-01
Kericho,2015,2,0.5469380627557984,4,2015-02-01
Kericho,2015,3,0.5109938267394272,4,2015-03-01
Kericho,2015,4,0.6569895861755343,3,2015-04-01
Kericho,2015,5,0.7438560368349253,4,2015-05-01
Kericho,2015,6,0.7470089358799452,4,2015-06-01
Kericho,2015,7,0.7327770804911323,4,2015-07-01
Kericho,2015,8,0.7014898703956343,4,2015-08-01
Kericho,2015,9,0.6794750682128239,4,2015-09-01
Kericho,2015,10,0.595690541155071,3,2015-10-01
Kericho,2015,11,0.707467530695771,4,2015-11-01
Kericho,2015,12,0.7684557980900409,4,2015-12-01
Kericho,2016,1,0.7264126534788542,4,2016-01-01
Kericho,2016,2,0.6860196452933155,4,2016-02-01
Kericho,2016,3,0.6037077762619374,4,2016-03-01
Kericho,2016,4,0.717562721691678,4,2016-04-01
Kericho,2016,5,0.7780940882219193,3,2016-05-01
Kericho,2016,6,0.7426227830832198,4,2016-06-01
Kericho,2016,7,0.725017326057299,4,2016-07-01
Kericho,2016,8,0.7174385743519782,4,2016-08-01
Kericho,2016,9,0.6521335266030016,4,2016-09-01
Kericho,2016,10,0.6854138130968624,4,2016-10-01
Kericho,2016,11,0.6484331059572531,3,2016-11-01
Kericho,2016,12,0.6365018076398368,4,2016-12-01
Kericho,2017,1,0.569682128240109,4,2017-01-01
Kericho,2017,2,0.5796967939972715,4,2017-02-01
Kericho,2017,3,0.5993440313778989,4,2017-03-01
Kericho,2017,4,0.6537612096407462,3,2017-04-01
Kericho,2017,5,0.7262853683492494,4,2017-05-01
Kericho,2017,6,0.7521659959072308,4,2017-06-01
Kericho,2017,7,0.7078462824010914,4,2017-07-01
Kericho,2017,8,0.6918446452933147,4,2017-08-01
Kericho,2017,9,0.7095322305593454,4,2017-09-01
Kericho,2017,10,0.6587764438381084,3,2017-10-01
Kericho,2017,11,0.7300209413369713,4,2017-11-01
Kericho,2017,12,0.6773184856753067,4,2017-12-01
Kericho,2018,1,0.6104610504774897,4,2018-01-01
Kericho,2018,2,0.5287201909959071,4,2018-02-01
Kericho,2018,3,0.6215578103683495,4,2018-03-01
Kericho,2018,4,0.7019890404729425,3,2018-04-01
Kericho,2018,5,0.7569506480218283,4,2018-05-01
Kericho,2018,6,0.7617122442019104,4,2018-06-01
Kericho,2018,7,0.7487953615279678,4,2018-07-01
Kericho,2018,8,0.6671890859481584,4,2018-08-01
Kericho,2018,9,0.6856390859481583,4,2018-09-01
Kericho,2018,10,0.6518498408367442,3,2018-10-01
Kericho,2018,11,0.6862598567530694,4,2018-11-01
Kericho,2018,12,0.6858730218281038,4,2018-12-01
Kericho,2019,1,0.6468366984993182,4,2019-01-01
Kericho,2019,2,0.564118894952251,4,2019-02-01
Kericho,2019,3,0.5741893246930422,4,2019-03-01
Kericho,2019,4,0.5825316962255574,3,2019-04-01
Kericho,2019,5,0.6808176671214188,4,2019-05-01
Kericho,2019,6,0.7223418826739426,4,2019-06-01
Kericho,2019,7,0.7595856070941334,4,2019-07-01
Kericho,2019,8,0.7262200204638473,4,2019-08-01
Kericho,2019,9,0.72675204638472,4,2019-09-01
Kericho,2019,10,0.6941639836289216,3,2019-10-01
Kericho,2019,11,0.7379630627557984,4,2019-11-01
Kericho,2019,12,0.7579070259208733,4,2019-12-01
Kericho,2020,1,0.7326395634379266,4,2020-01-01
Kericho,2020,2,0.7304020804911326,4,2020-02-01
Kericho,2020,3,0.7167092087312412,4,2020-03-01
Kericho,2020,4,0.7143807298772173,4,2020-04-01
Kericho,2020,5,0.7828185084129159,3,2020-05-01
Kericho,2020,6,0.7226585948158254,4,2020-06-01
Kericho,2020,7,0.7321735675306962,4,2020-07-01
Kericho,2020,8,0.6351598819235078,4,2020-08-01
Kericho,2020,9,0.7206582196452932,4,2020-09-01
Kericho,2020,10,0.7052921896316513,4,2020-10-01
Kericho,2020,11,0.7576792178262849,3,2020-11-01
Kericho,2020,12,0.7247523533424282,4,2020-12-01
Kericho,2021,1,0.6734216916780353,4,2021-01-01
Kericho,2021,2,0.6329485334242837,4,2021-02-01
Kericho,2021,3,0.6112434515688949,4,2021-03-01
Kericho,2021,4,0.6937668485675311,3,2021-04-01
Kericho,2021,5,0.7550668485675311,4,2021-05-01
Kericho,2021,6,0.74605968622101,4,2021-06-01
Kericho,2021,7,0.6973517053206004,4,2021-07-01
Kericho,2021,8,0.6997165757162349,4,2021-08-01
Kericho,2021,9,0.676557332878581,4,2021-09-01
Kericho,2021,10,0.685424783992724,3,2021-10-01
Kericho,2021,11,0.6902255798090042,4,2021-11-01
Kericho,2021,12,0.6860123806275581,4,2021-12-01
Kericho,2022,1,0.6295000000000002,4,2022-01-01
Kericho,2022,2,0.6286925989085945,4,2022-02-01
Kericho,2022,3,0.5439240450204638,4,2022-03-01
Kericho,2022,4,0.6618291950886767,3,2022-04-01
Kericho,2022,5,0.7396027626193724,4,2022-05-01
Kericho,2022,6,0.7484502046384721,4,2022-06-01
Kericho,2022,7,0.7217497271487042,4,2022-07-01
Kericho,2022,8,0.6675612210095497,4,2022-08-01
Kericho,2022,9,0.7151366643929062,4,2022-09-01
Kericho,2022,10,0.682073124147339,3,2022-10-01
Kericho,2022,11,0.6860970668485674,4,2022-11-01
Kericho,2022,12,0.7053536607548886,3,2022-12-01
Kericho,2023,1,0.6691061732605732,4,2023-01-01
Kericho,2023,2,0.5589060027285132,3,2023-02-01
Kericho,2023,3,0.6241766030013642,4,2023-03-01
Kericho,2023,4,0.6846778990450209,3,2023-04-01
Kericho,2023,5,0.7673597885402457,4,2023-05-01
Kericho,2023,6,0.7311790586630288,4,2023-06-01
Kericho,2023,7,0.7451852319236015,4,2023-07-01
Kericho,2023,8,0.7320464870395635,4,2023-08-01
Kericho,2023,9,0.6887064802182812,4,2023-09-01
Kericho,2023,10,0.7110684856753069,2,2023-10-01
Kericho,2023,11,0.7321785129604369,4,2023-11-01
Kericho,2023,12,0.7124539563437932,4,2023-12-01
Kericho,2024,1,0.7267582537517057,4,2024-01-01
Kericho,2024,2,0.7339014665757164,4,2024-02-01
Kericho,2024,3,0.7153759208731245,4,2024-03-01
Kericho,2024,4,0.7501556616643925,4,2024-04-01
Kericho,2024,5,0.792843201455207,3,2024-05-01
Kericho,2024,6,0.764345600272851,4,2024-06-01
Kericho,2024,7,0.7141252728512959,4,2024-07-01
Kericho,2024,8,0.7202376989540696,3,2024-08-01
Kericho,2024,9,0.7150105729877219,4,2024-09-01
Kericho,2024,10,0.7057410641200546,4,2024-10-01
Kericho,2024,11,0.7419119145065937,3,2024-11-01
Kericho,2024,12,0.736770441109596,3,2024-12-01
Kericho,2025,1,0.7081903819918143,4,2025-01-01
Kericho,2025,2,0.6677192360163711,4,2025-02-01
Kericho,2025,3,0.6561371759890857,4,2025-03-01
Kericho,2025,4,0.7492207366984989,3,2025-04-01
Kericho,2025,5,0.7214057298772172,4,2025-05-01
Kericho,2025,6,0.7543482946793998,4,2025-06-01
Kericho,2025,11,0.736689358799454,1,2025-11-01
Kericho,2025,12,0.7242394952251026,2,2025-12-01
Kericho,2026,1,0.6698141427921778,3,2026-01-01
Kericho,2026,2,0.5971279672578446,3,2026-02-01
Kericho,2026,3,0.7499786493860843,2,2026-03-01
Kericho,2026,4,0.6390132332878583,2,2026-04-01
Kericho,2026,5,0.7944731241473404,2,2026-05-01
Kericho,2026,7,0.6898952705775355,3,2026-07-01
Kericho,2026,8,0.7009427012278306,1,2026-08-01
Kiambu,2000,12,0.680608322147651,1,2000-12-01
Kiambu,2001,1,0.7015469798657716,2,2001-01-01
Kiambu,2001,2,0.6851880536912756,2,2001-02-01
Kiambu,2001,3,0.6483776510067114,2,2001-03-01
Kiambu,2001,4,0.6006351006711407,2,2001-04-01
Kiambu,2001,5,0.5688612751677857,2,2001-05-01
Kiambu,2001,6,0.4796069798657715,2,2001-06-01
Kiambu,2001,7,0.5778751677852353,2,2001-07-01
Kiambu,2001,8,0.5503822147651012,2,2001-08-01
Kiambu,2001,9,0.45329375838926206,2,2001-09-01
Kiambu,2001,10,0.5243747651006708,1,2001-10-01
Kiambu,2001,11,0.5624684563758391,2,2001-11-01
Kiambu,2001,12,0.6623758389261751,2,2001-12-01
Kiambu,2002,1,0.6005387248322146,2,2002-01-01
Kiambu,2002,2,0.5571560402684556,2,2002-02-01
Kiambu,2002,3,0.5868138255033559,2,2002-03-01
Kiambu,2002,4,0.6130596644295306,2,2002-04-01
Kiambu,2002,5,0.7240832214765105,2,2002-05-01
Kiambu,2002,6,0.46565516778523525,2,2002-06-01
Kiambu,2002,7,0.553184899328859,4,2002-07-01
Kiambu,2002,8,0.45357795302013376,4,2002-08-01
Kiambu,2002,9,0.5195773154362416,4,2002-09-01
Kiambu,2002,10,0.5262240268456378,3,2002-10-01
Kiambu,2002,11,0.6797514093959733,4,2002-11-01
Kiambu,2002,12,0.6684876845637584,4,2002-12-01
Kiambu,2003,1,0.6985613422818796,4,2003-01-01
Kiambu,2003,2,0.5910426174496646,4,2003-02-01
Kiambu,2003,3,0.5328529530201342,4,2003-03-01
Kiambu,2003,4,0.5301646532438484,3,2003-04-01
Kiambu,2003,5,0.603311879194631,4,2003-05-01
Kiambu,2003,6,0.6187574832214762,4,2003-06-01
Kiambu,2003,7,0.5473659060402684,4,2003-07-01
Kiambu,2003,8,0.5718001006711411,4,2003-08-01
Kiambu,2003,9,0.5651912416107381,4,2003-09-01
Kiambu,2003,10,0.5545834004474274,3,2003-10-01
Kiambu,2003,11,0.6546777181208051,4,2003-11-01
Kiambu,2003,12,0.6714848993288586,4,2003-12-01
Kiambu,2004,1,0.6281951342281877,4,2004-01-01
Kiambu,2004,2,0.6043829865771813,4,2004-02-01
Kiambu,2004,3,0.5675013087248324,4,2004-03-01
Kiambu,2004,4,0.6344613758389264,4,2004-04-01
Kiambu,2004,5,0.7100466219239377,3,2004-05-01
Kiambu,2004,6,0.5910948657718126,4,2004-06-01
Kiambu,2004,7,0.5765955704697987,4,2004-07-01
Kiambu,2004,8,0.4927563758389264,4,2004-08-01
Kiambu,2004,9,0.4899209060402683,4,2004-09-01
Kiambu,2004,10,0.5115633892617449,4,2004-10-01
Kiambu,2004,11,0.6611678747203582,3,2004-11-01
Kiambu,2004,12,0.6787837919463083,4,2004-12-01
Kiambu,2005,1,0.6124640268456378,4,2005-01-01
Kiambu,2005,2,0.5639350671140938,4,2005-02-01
Kiambu,2005,3,0.5647320805369129,4,2005-03-01
Kiambu,2005,4,0.6232649664429529,3,2005-04-01
Kiambu,2005,5,0.6405426845637585,4,2005-05-01
Kiambu,2005,6,0.6455304362416106,4,2005-06-01
Kiambu,2005,7,0.4771126845637582,4,2005-07-01
Kiambu,2005,8,0.5252078859060405,4,2005-08-01
Kiambu,2005,9,0.5106706375838928,4,2005-09-01
Kiambu,2005,10,0.5466755257270693,3,2005-10-01
Kiambu,2005,11,0.5941816442953022,4,2005-11-01
Kiambu,2005,12,0.5829856375838928,4,2005-12-01
Kiambu,2006,1,0.5324219127516779,4,2006-01-01
Kiambu,2006,2,0.4744846644295302,4,2006-02-01
Kiambu,2006,3,0.5910010067114099,4,2006-03-01
Kiambu,2006,4,0.6189412975391501,3,2006-04-01
Kiambu,2006,5,0.6813868791946315,4,2006-05-01
Kiambu,2006,6,0.6454556375838929,4,2006-06-01
Kiambu,2006,7,0.4747851677852353,4,2006-07-01
Kiambu,2006,8,0.5099108724832216,4,2006-08-01
Kiambu,2006,9,0.5340179194630874,4,2006-09-01
Kiambu,2006,10,0.5139352572706933,3,2006-10-01
Kiambu,2006,11,0.6062059731543623,4,2006-11-01
Kiambu,2006,12,0.7075463758389257,4,2006-12-01
Kiambu,2007,1,0.7192396308724829,4,2007-01-01
Kiambu,2007,2,0.6503818456375835,4,2007-02-01
Kiambu,2007,3,0.5785902013422822,4,2007-03-01
Kiambu,2007,4,0.6269461744966446,3,2007-04-01
Kiambu,2007,5,0.677451577181208,4,2007-05-01
Kiambu,2007,6,0.6452420134228186,4,2007-06-01
Kiambu,2007,7,0.4114031879194633,4,2007-07-01
Kiambu,2007,8,0.5581964429530202,4,2007-08-01
Kiambu,2007,9,0.585203993288591,4,2007-09-01
Kiambu,2007,10,0.598778836689038,3,2007-10-01
Kiambu,2007,11,0.6511000671140937,4,2007-11-01
Kiambu,2007,12,0.6469312080536916,4,2007-12-01
Kiambu,2008,1,0.6181871476510067,4,2008-01-01
Kiambu,2008,2,0.583630906040269,4,2008-02-01
Kiambu,2008,3,0.5681321812080541,4,2008-03-01
Kiambu,2008,4,0.6424155033557046,4,2008-04-01
Kiambu,2008,5,0.5653574944071592,3,2008-05-01
Kiambu,2008,6,0.5926663758389263,4,2008-06-01
Kiambu,2008,7,0.4640811744966443,4,2008-07-01
Kiambu,2008,8,0.4684242617449663,4,2008-08-01
Kiambu,2008,9,0.5343555369127513,4,2008-09-01
Kiambu,2008,10,0.5983331208053693,4,2008-10-01
Kiambu,2008,11,0.6747030872483224,3,2008-11-01
Kiambu,2008,12,0.6114821140939599,4,2008-12-01
Kiambu,2009,1,0.5691223825503354,4,2009-01-01
Kiambu,2009,2,0.532468154362416,4,2009-02-01
Kiambu,2009,3,0.5152836241610739,4,2009-03-01
Kiambu,2009,4,0.5328031319910517,3,2009-04-01
Kiambu,2009,5,0.6335525503355706,4,2009-05-01
Kiambu,2009,6,0.5813796644295299,4,2009-06-01
Kiambu,2009,7,0.555540604026846,4,2009-07-01
Kiambu,2009,8,0.4847666107382552,4,2009-08-01
Kiambu,2009,9,0.4684808053691276,4,2009-09-01
Kiambu,2009,10,0.4650605369127519,3,2009-10-01
Kiambu,2009,11,0.6480958724832211,4,2009-11-01
Kiambu,2009,12,0.6469167785234902,4,2009-12-01
Kiambu,2010,1,0.6713054697986578,4,2010-01-01
Kiambu,2010,2,0.6360688590604024,4,2010-02-01
Kiambu,2010,3,0.6603477181208052,4,2010-03-01
Kiambu,2010,4,0.6379388814317672,3,2010-04-01
Kiambu,2010,5,0.6708169127516779,4,2010-05-01
Kiambu,2010,6,0.5086558389261745,4,2010-06-01
Kiambu,2010,7,0.5226719463087246,4,2010-07-01
Kiambu,2010,8,0.4892193288590603,4,2010-08-01
Kiambu,2010,9,0.5316486577181212,4,2010-09-01
Kiambu,2010,10,0.5486824161073832,3,2010-10-01
Kiambu,2010,11,0.625061644295302,4,2010-11-01
Kiambu,2010,12,0.6634863087248324,4,2010-12-01
Kiambu,2011,1,0.5931344630872483,4,2011-01-01
Kiambu,2011,2,0.5534702013422819,4,2011-02-01
Kiambu,2011,3,0.5906988255033561,4,2011-03-01
Kiambu,2011,4,0.6320342281879195,3,2011-04-01
Kiambu,2011,5,0.6379915436241611,4,2011-05-01
Kiambu,2011,6,0.5881534899328859,4,2011-06-01
Kiambu,2011,7,0.48965634228187915,4,2011-07-01
Kiambu,2011,8,0.44613620805369125,4,2011-08-01
Kiambu,2011,9,0.5629890939597322,4,2011-09-01
Kiambu,2011,10,0.5771907382550335,3,2011-10-01
Kiambu,2011,11,0.613467046979866,4,2011-11-01
Kiambu,2011,12,0.7058453355704697,4,2011-12-01
Kiambu,2012,1,0.6269406375838923,4,2012-01-01
Kiambu,2012,2,0.5440867114093964,4,2012-02-01
Kiambu,2012,3,0.4981040268456374,4,2012-03-01
Kiambu,2012,4,0.5671444630872482,4,2012-04-01
Kiambu,2012,5,0.6826190604026846,3,2012-05-01
Kiambu,2012,6,0.5366984899328858,4,2012-06-01
Kiambu,2012,7,0.535957919463087,4,2012-07-01
Kiambu,2012,8,0.5913172147651009,4,2012-08-01
Kiambu,2012,9,0.5784531543624161,4,2012-09-01
Kiambu,2012,10,0.5951368456375837,4,2012-10-01
Kiambu,2012,11,0.687991364653244,3,2012-11-01
Kiambu,2012,12,0.7119339261744961,4,2012-12-01
Kiambu,2013,1,0.6875503691275167,4,2013-01-01
Kiambu,2013,2,0.6042341610738254,4,2013-02-01
Kiambu,2013,3,0.5869331208053687,4,2013-03-01
Kiambu,2013,4,0.6089672930648771,3,2013-04-01
Kiambu,2013,5,0.6963033557046979,4,2013-05-01
Kiambu,2013,6,0.4876774161073826,4,2013-06-01
Kiambu,2013,7,0.4849399328859061,4,2013-07-01
Kiambu,2013,8,0.5081892281879198,4,2013-08-01
Kiambu,2013,9,0.5641747986577186,4,2013-09-01
Kiambu,2013,10,0.5591418344519021,3,2013-10-01
Kiambu,2013,11,0.5669014765100667,4,2013-11-01
Kiambu,2013,12,0.6599559395973154,4,2013-12-01
Kiambu,2014,1,0.6317581543624161,4,2014-01-01
Kiambu,2014,2,0.6331361744966446,4,2014-02-01
Kiambu,2014,3,0.6675926510067116,4,2014-03-01
Kiambu,2014,4,0.6931434451901564,3,2014-04-01
Kiambu,2014,5,0.6031137248322147,4,2014-05-01
Kiambu,2014,6,0.5478324161073825,4,2014-06-01
Kiambu,2014,7,0.48629651006711383,4,2014-07-01
Kiambu,2014,8,0.5124725503355705,4,2014-08-01
Kiambu,2014,9,0.5582037919463084,4,2014-09-01
Kiambu,2014,10,0.576014765100671,3,2014-10-01
Kiambu,2014,11,0.6373612751677853,4,2014-11-01
Kiambu,2014,12,0.6591884563758386,4,2014-12-01
Kiambu,2015,1,0.6039852013422822,4,2015-01-01
Kiambu,2015,2,0.5429251006711411,4,2015-02-01
Kiambu,2015,3,0.5182348322147651,4,2015-03-01
Kiambu,2015,4,0.6087601342281879,3,2015-04-01
Kiambu,2015,5,0.5748212416107384,4,2015-05-01
Kiambu,2015,6,0.620001946308725,4,2015-06-01
Kiambu,2015,7,0.5976225838926175,4,2015-07-01
Kiambu,2015,8,0.5845206711409399,4,2015-08-01
Kiambu,2015,9,0.546761912751678,4,2015-09-01
Kiambu,2015,10,0.5396561968680093,3,2015-10-01
Kiambu,2015,11,0.6740446644295304,4,2015-11-01
Kiambu,2015,12,0.731137684563758,4,2015-12-01
Kiambu,2016,1,0.6889452348993291,4,2016-01-01
Kiambu,2016,2,0.6602340268456375,4,2016-02-01
Kiambu,2016,3,0.6024986577181208,4,2016-03-01
Kiambu,2016,4,0.5790579865771811,4,2016-04-01
Kiambu,2016,5,0.6689471140939592,3,2016-05-01
Kiambu,2016,6,0.6140656375838929,4,2016-06-01
Kiambu,2016,7,0.5404170134228188,4,2016-07-01
Kiambu,2016,8,0.5332016107382553,4,2016-08-01
Kiambu,2016,9,0.5482221140939594,4,2016-09-01
Kiambu,2016,10,0.5443473489932883,4,2016-10-01
Kiambu,2016,11,0.5898608053691275,3,2016-11-01
Kiambu,2016,12,0.6547298657718124,4,2016-12-01
Kiambu,2017,1,0.5906023825503359,4,2017-01-01
Kiambu,2017,2,0.5603363422818792,4,2017-02-01
Kiambu,2017,3,0.5377759395973155,4,2017-03-01
Kiambu,2017,4,0.5415665324384787,3,2017-04-01
Kiambu,2017,5,0.6516541610738258,4,2017-05-01
Kiambu,2017,6,0.5815944966442956,4,2017-06-01
Kiambu,2017,7,0.403542953020134,4,2017-07-01
Kiambu,2017,8,0.4831278187919462,4,2017-08-01
Kiambu,2017,9,0.5263215100671138,4,2017-09-01
Kiambu,2017,10,0.54791096196868,3,2017-10-01
Kiambu,2017,11,0.6554657718120805,4,2017-11-01
Kiambu,2017,12,0.655061912751678,4,2017-12-01
Kiambu,2018,1,0.5924064093959732,4,2018-01-01
Kiambu,2018,2,0.5213241275167781,4,2018-02-01
Kiambu,2018,3,0.6003170134228192,4,2018-03-01
Kiambu,2018,4,0.5604794630872484,3,2018-04-01
Kiambu,2018,5,0.5835550671140939,4,2018-05-01
Kiambu,2018,6,0.5399921140939595,4,2018-06-01
Kiambu,2018,7,0.5786074161073824,4,2018-07-01
Kiambu,2018,8,0.47736738255033545,4,2018-08-01
Kiambu,2018,9,0.5719420134228186,4,2018-09-01
Kiambu,2018,10,0.5520430425055932,3,2018-10-01
Kiambu,2018,11,0.612097181208054,4,2018-11-01
Kiambu,2018,12,0.68621600671141,4,2018-12-01
Kiambu,2019,1,0.6527432885906039,4,2019-01-01
Kiambu,2019,2,0.566382852348993,4,2019-02-01
Kiambu,2019,3,0.5193814429530201,4,2019-03-01
Kiambu,2019,4,0.5311176733780759,3,2019-04-01
Kiambu,2019,5,0.5338675503355705,4,2019-05-01
Kiambu,2019,6,0.5277787919463087,4,2019-06-01
Kiambu,2019,7,0.6062200335570468,4,2019-07-01
Kiambu,2019,8,0.5108268120805368,4,2019-08-01
Kiambu,2019,9,0.543253456375839,4,2019-09-01
Kiambu,2019,10,0.5809098881431768,3,2019-10-01
Kiambu,2019,11,0.6483190268456376,4,2019-11-01
Kiambu,2019,12,0.7087694966442957,4,2019-12-01
Kiambu,2020,1,0.7077007718120807,4,2020-01-01
Kiambu,2020,2,0.6951245973154364,4,2020-02-01
Kiambu,2020,3,0.7038009731543624,4,2020-03-01
Kiambu,2020,4,0.6268752348993291,4,2020-04-01
Kiambu,2020,5,0.7199681431767341,3,2020-05-01
Kiambu,2020,6,0.6149344295302014,4,2020-06-01
Kiambu,2020,7,0.5511010402684564,4,2020-07-01
Kiambu,2020,8,0.4056452013422818,4,2020-08-01
Kiambu,2020,9,0.5896401342281878,4,2020-09-01
Kiambu,2020,10,0.5504934563758391,4,2020-10-01
Kiambu,2020,11,0.6758091275167785,3,2020-11-01
Kiambu,2020,12,0.6733855704697984,4,2020-12-01
Kiambu,2021,1,0.6484787248322152,4,2021-01-01
Kiambu,2021,2,0.6438069798657717,4,2021-02-01
Kiambu,2021,3,0.6161476510067111,4,2021-03-01
Kiambu,2021,4,0.5937701565995526,3,2021-04-01
Kiambu,2021,5,0.6449848993288595,4,2021-05-01
Kiambu,2021,6,0.5684850335570472,4,2021-06-01
Kiambu,2021,7,0.44340348993288603,4,2021-07-01
Kiambu,2021,8,0.5052313087248321,4,2021-08-01
Kiambu,2021,9,0.522141174496644,4,2021-09-01
Kiambu,2021,10,0.5538562416107382,3,2021-10-01
Kiambu,2021,11,0.5955293959731545,4,2021-11-01
Kiambu,2021,12,0.6632692281879196,4,2021-12-01
Kiambu,2022,1,0.634711543624161,4,2022-01-01
Kiambu,2022,2,0.6020040939597313,4,2022-02-01
Kiambu,2022,3,0.5452928859060402,4,2022-03-01
Kiambu,2022,4,0.6013953914988815,3,2022-04-01
Kiambu,2022,5,0.6668506375838927,4,2022-05-01
Kiambu,2022,6,0.578160033557047,4,2022-06-01
Kiambu,2022,7,0.3360778187919459,4,2022-07-01
Kiambu,2022,8,0.4463866778523488,4,2022-08-01
Kiambu,2022,9,0.5204135570469801,4,2022-09-01
Kiambu,2022,10,0.5092260850111852,3,2022-10-01
Kiambu,2022,11,0.5324978859060402,4,2022-11-01
Kiambu,2022,12,0.6366481879194628,3,2022-12-01
Kiambu,2023,1,0.6028902013422817,4,2023-01-01
Kiambu,2023,2,0.5061034451901562,3,2023-02-01
Kiambu,2023,3,0.5127737919463085,4,2023-03-01
Kiambu,2023,4,0.5597870246085012,3,2023-04-01
Kiambu,2023,5,0.6723348322147649,4,2023-05-01
Kiambu,2023,6,0.5520384899328856,4,2023-06-01
Kiambu,2023,7,0.5457645302013419,4,2023-07-01
Kiambu,2023,8,0.562543489932886,4,2023-08-01
Kiambu,2023,9,0.5413234563758389,4,2023-09-01
Kiambu,2023,10,0.5026885906040268,2,2023-10-01
Kiambu,2023,11,0.6483685906040265,4,2023-11-01
Kiambu,2023,12,0.7024876845637583,4,2023-12-01
Kiambu,2024,1,0.6479384899328863,4,2024-01-01
Kiambu,2024,2,0.6665463422818791,4,2024-02-01
Kiambu,2024,3,0.6627136241610737,4,2024-03-01
Kiambu,2024,4,0.6916247651006713,4,2024-04-01
Kiambu,2024,5,0.658616912751678,3,2024-05-01
Kiambu,2024,6,0.663038355704698,4,2024-06-01
Kiambu,2024,7,0.5672582214765104,4,2024-07-01
Kiambu,2024,8,0.5953834899328859,3,2024-08-01
Kiambu,2024,9,0.607674731543624,4,2024-09-01
Kiambu,2024,10,0.6055971140939599,4,2024-10-01
Kiambu,2024,11,0.690936241610738,3,2024-11-01
Kiambu,2024,12,0.7095731096196868,3,2024-12-01
Kiambu,2025,1,0.6724290939597315,4,2025-01-01
Kiambu,2025,2,0.6367405033557052,4,2025-02-01
Kiambu,2025,3,0.647475268456376,4,2025-03-01
Kiambu,2025,4,0.7147600894854585,3,2025-04-01
Kiambu,2025,5,0.6792728523489936,4,2025-05-01
Kiambu,2025,6,0.5595705704697985,4,2025-06-01
Kiambu,2025,11,0.6871102013422822,1,2025-11-01
Kiambu,2025,12,0.6455090604026859,2,2025-12-01
Kiambu,2026,1,0.6178554362416108,3,2026-01-01
Kiambu,2026,2,0.5894426398210292,3,2026-02-01
Kiambu,2026,3,0.7072547651006714,2,2026-03-01
Kiambu,2026,4,0.5626449664429525,2,2026-04-01
Kiambu,2026,5,0.7284244295302018,2,2026-05-01
Kiambu,2026,7,0.6011698881431765,3,2026-07-01
Kiambu,2026,8,0.5617218791946311,1,2026-08-01
Kilifi,2000,12,0.5718219114852023,1,2000-12-01
Kilifi,2001,1,0.5583295139831668,2,2001-01-01
Kilifi,2001,2,0.48418102090686943,2,2001-02-01
Kilifi,2001,3,0.4658387455878348,2,2001-03-01
Kilifi,2001,4,0.5155571680695088,2,2001-04-01
Kilifi,2001,5,0.5562552538691283,2,2001-05-01
Kilifi,2001,6,0.46000916372522405,2,2001-06-01
Kilifi,2001,7,0.5279532989410802,2,2001-07-01
Kilifi,2001,8,0.45807674450176433,2,2001-08-01
Kilifi,2001,9,0.40312644583220175,2,2001-09-01
Kilifi,2001,10,0.3974810480586484,1,2001-10-01
Kilifi,2001,11,0.48437751832745074,2,2001-11-01
Kilifi,2001,12,0.5318504072766769,2,2001-12-01
Kilifi,2002,1,0.5313535433070868,2,2002-01-01
Kilifi,2002,2,0.4612805729025248,2,2002-02-01
Kilifi,2002,3,0.48167697529188136,2,2002-03-01
Kilifi,2002,4,0.5086742872658152,2,2002-04-01
Kilifi,2002,5,0.5275132364919914,2,2002-05-01
Kilifi,2002,6,0.4726508145533526,2,2002-06-01
Kilifi,2002,7,0.4643663521585662,4,2002-07-01
Kilifi,2002,8,0.4274833559598155,4,2002-08-01
Kilifi,2002,9,0.5064620720903321,4,2002-09-01
Kilifi,2002,10,0.5822141279753823,3,2002-10-01
Kilifi,2002,11,0.6765772943252782,4,2002-11-01
Kilifi,2002,12,0.6722807018734734,4,2002-12-01
Kilifi,2003,1,0.5763139356502851,4,2003-01-01
Kilifi,2003,2,0.4975400522339898,4,2003-02-01
Kilifi,2003,3,0.47852900477117644,4,2003-03-01
Kilifi,2003,4,0.5629836636799711,3,2003-04-01
Kilifi,2003,5,0.5854450448004347,4,2003-05-01
Kilifi,2003,6,0.6191256380667929,4,2003-06-01
Kilifi,2003,7,0.5622123133315231,4,2003-07-01
Kilifi,2003,8,0.5162382568558247,4,2003-08-01
Kilifi,2003,9,0.46623158430627243,4,2003-09-01
Kilifi,2003,10,0.4633526744501763,3,2003-10-01
Kilifi,2003,11,0.5787411145805055,4,2003-11-01
Kilifi,2003,12,0.5321099103991314,4,2003-12-01
Kilifi,2004,1,0.5002718503937009,4,2004-01-01
Kilifi,2004,2,0.4442478063453599,4,2004-02-01
Kilifi,2004,3,0.4446232826500134,4,2004-03-01
Kilifi,2004,4,0.5732209709142659,4,2004-04-01
Kilifi,2004,5,0.5124506833197572,3,2004-05-01
Kilifi,2004,6,0.5397222780342101,4,2004-06-01
Kilifi,2004,7,0.5444207507466737,4,2004-07-01
Kilifi,2004,8,0.47461920988324763,4,2004-08-01
Kilifi,2004,9,0.4067237374423026,4,2004-09-01
Kilifi,2004,10,0.5532776676622321,4,2004-10-01
Kilifi,2004,11,0.6336123902615634,3,2004-11-01
Kilifi,2004,12,0.6018988867770844,4,2004-12-01
Kilifi,2005,1,0.49655180849132424,4,2005-01-01
Kilifi,2005,2,0.43555527423296203,4,2005-02-01
Kilifi,2005,3,0.4453823106163458,4,2005-03-01
Kilifi,2005,4,0.5354539415331696,3,2005-04-01
Kilifi,2005,5,0.5475694610371986,4,2005-05-01
Kilifi,2005,6,0.4986693184903614,4,2005-06-01
Kilifi,2005,7,0.5148000475156117,4,2005-07-01
Kilifi,2005,8,0.4585905579690467,4,2005-08-01
Kilifi,2005,9,0.41026075210426316,4,2005-09-01
Kilifi,2005,10,0.4215654357860434,3,2005-10-01
Kilifi,2005,11,0.5604223051859895,4,2005-11-01
Kilifi,2005,12,0.5287367838718435,4,2005-12-01
Kilifi,2006,1,0.45910042085256586,4,2006-01-01
Kilifi,2006,2,0.4018225767037743,4,2006-02-01
Kilifi,2006,3,0.437353967372957,4,2006-03-01
Kilifi,2006,4,0.5341119441867991,3,2006-04-01
Kilifi,2006,5,0.5836502104262825,4,2006-05-01
Kilifi,2006,6,0.5681081726853112,4,2006-06-01
Kilifi,2006,7,0.5092670583205012,4,2006-07-01
Kilifi,2006,8,0.5075807833288084,4,2006-08-01
Kilifi,2006,9,0.4717136505566115,4,2006-09-01
Kilifi,2006,10,0.6154555497807425,3,2006-10-01
Kilifi,2006,11,0.682412170784686,4,2006-11-01
Kilifi,2006,12,0.684179663317948,4,2006-12-01
Kilifi,2007,1,0.6462228007059465,4,2007-01-01
Kilifi,2007,2,0.5532195628563676,4,2007-02-01
Kilifi,2007,3,0.5045010453434695,4,2007-03-01
Kilifi,2007,4,0.5337230689876894,3,2007-04-01
Kilifi,2007,5,0.6239783803964153,4,2007-05-01
Kilifi,2007,6,0.6626324192234591,4,2007-06-01
Kilifi,2007,7,0.6150558295152215,4,2007-07-01
Kilifi,2007,8,0.576995452077111,4,2007-08-01
Kilifi,2007,9,0.5304642139560143,4,2007-09-01
Kilifi,2007,10,0.5695317223278115,3,2007-10-01
Kilifi,2007,11,0.6165534822155856,4,2007-11-01
Kilifi,2007,12,0.5757965042085258,4,2007-12-01
Kilifi,2008,1,0.5089601615530817,4,2008-01-01
Kilifi,2008,2,0.4676508960086889,4,2008-02-01
Kilifi,2008,3,0.5076743279934832,4,2008-03-01
Kilifi,2008,4,0.5716760090016039,4,2008-04-01
Kilifi,2008,5,0.5627772558602591,3,2008-05-01
Kilifi,2008,6,0.5839548571191124,4,2008-06-01
Kilifi,2008,7,0.5234244094488186,4,2008-07-01
Kilifi,2008,8,0.496459896823242,4,2008-08-01
Kilifi,2008,9,0.44797503166294117,4,2008-09-01
Kilifi,2008,10,0.4577275034242071,4,2008-10-01
Kilifi,2008,11,0.5749322563127882,3,2008-11-01
Kilifi,2008,12,0.5179780409991854,4,2008-12-01
Kilifi,2009,1,0.42270738528373586,4,2009-01-01
Kilifi,2009,2,0.41829875780613646,4,2009-02-01
Kilifi,2009,3,0.4309486016834104,4,2009-03-01
Kilifi,2009,4,0.4780569934215812,3,2009-04-01
Kilifi,2009,5,0.4798838514797725,4,2009-05-01
Kilifi,2009,6,0.5116264458322021,4,2009-06-01
Kilifi,2009,7,0.4736933138745585,4,2009-07-01
Kilifi,2009,8,0.41231262557697496,4,2009-08-01
Kilifi,2009,9,0.36533090551181124,4,2009-09-01
Kilifi,2009,10,0.46162610190967523,3,2009-10-01
Kilifi,2009,11,0.6312803692641858,4,2009-11-01
Kilifi,2009,12,0.6410454317132777,4,2009-12-01
Kilifi,2010,1,0.5576123811777851,4,2010-01-01
Kilifi,2010,2,0.47709276405104467,4,2010-02-01
Kilifi,2010,3,0.486623567743687,4,2010-03-01
Kilifi,2010,4,0.5705764865598698,3,2010-04-01
Kilifi,2010,5,0.6490750271517783,4,2010-05-01
Kilifi,2010,6,0.5923227124626672,4,2010-06-01
Kilifi,2010,7,0.5664511811023624,4,2010-07-01
Kilifi,2010,8,0.5136739478685857,4,2010-08-01
Kilifi,2010,9,0.46591770295954366,4,2010-09-01
Kilifi,2010,10,0.41219295863879113,3,2010-10-01
Kilifi,2010,11,0.5379719318490359,4,2010-11-01
Kilifi,2010,12,0.5148618042356771,4,2010-12-01
Kilifi,2011,1,0.44624959951126797,4,2011-01-01
Kilifi,2011,2,0.41125285772468095,4,2011-02-01
Kilifi,2011,3,0.4338307901167523,4,2011-03-01
Kilifi,2011,4,0.5279313693546929,3,2011-04-01
Kilifi,2011,5,0.5700927301113226,4,2011-05-01
Kilifi,2011,6,0.5014862290301917,4,2011-06-01
Kilifi,2011,7,0.4396927776269344,4,2011-07-01
Kilifi,2011,8,0.40830282378495775,4,2011-08-01
Kilifi,2011,9,0.36275248438772756,4,2011-09-01
Kilifi,2011,10,0.5445202099737538,3,2011-10-01
Kilifi,2011,11,0.6198279911901995,4,2011-11-01
Kilifi,2011,12,0.5998560955742599,4,2011-12-01
Kilifi,2012,1,0.5086864784143361,4,2012-01-01
Kilifi,2012,2,0.4274988596253054,4,2012-02-01
Kilifi,2012,3,0.3952622726038558,4,2012-03-01
Kilifi,2012,4,0.4237639628020629,4,2012-04-01
Kilifi,2012,5,0.49210922255407746,3,2012-05-01
Kilifi,2012,6,0.48214545886505517,4,2012-06-01
Kilifi,2012,7,0.4503621979364645,4,2012-07-01
Kilifi,2012,8,0.44133921395601416,4,2012-08-01
Kilifi,2012,9,0.409054330708661,4,2012-09-01
Kilifi,2012,10,0.5256422413793111,4,2012-10-01
Kilifi,2012,11,0.6321824780523119,3,2012-11-01
Kilifi,2012,12,0.6319265612272604,4,2012-12-01
Kilifi,2013,1,0.4949496809666033,4,2013-01-01
Kilifi,2013,2,0.4503950862857997,4,2013-02-01
Kilifi,2013,3,0.5076579147434155,4,2013-03-01
Kilifi,2013,4,0.4974320571997464,3,2013-04-01
Kilifi,2013,5,0.5909067743687215,4,2013-05-01
Kilifi,2013,6,0.535607487102906,4,2013-06-01
Kilifi,2013,7,0.4713864784143368,4,2013-07-01
Kilifi,2013,8,0.4567630057018738,4,2013-08-01
Kilifi,2013,9,0.44483453027423225,4,2013-09-01
Kilifi,2013,10,0.4817125712734187,3,2013-10-01
Kilifi,2013,11,0.49910940809122895,4,2013-11-01
Kilifi,2013,12,0.5819683510165246,4,2013-12-01
Kilifi,2014,1,0.5014265612272597,4,2014-01-01
Kilifi,2014,2,0.4301987238664129,4,2014-02-01
Kilifi,2014,3,0.48778074260114057,4,2014-03-01
Kilifi,2014,4,0.5312622771291522,3,2014-04-01
Kilifi,2014,5,0.6126543239207168,4,2014-05-01
Kilifi,2014,6,0.5869538559083434,4,2014-06-01
Kilifi,2014,7,0.5204508938996694,4,2014-07-01
Kilifi,2014,8,0.5068176622318762,4,2014-08-01
Kilifi,2014,9,0.4792781835460216,4,2014-09-01
Kilifi,2014,10,0.5363006606932753,3,2014-10-01
Kilifi,2014,11,0.605557914743416,4,2014-11-01
Kilifi,2014,12,0.5721612001086069,4,2014-12-01
Kilifi,2015,1,0.4966017105620419,4,2015-01-01
Kilifi,2015,2,0.4242063738799894,4,2015-02-01
Kilifi,2015,3,0.4469992736899264,4,2015-03-01
Kilifi,2015,4,0.5449619603584032,3,2015-04-01
Kilifi,2015,5,0.5987972237306541,4,2015-05-01
Kilifi,2015,6,0.6006953163182186,4,2015-06-01
Kilifi,2015,7,0.5194390619407137,4,2015-07-01
Kilifi,2015,8,0.48680419494976934,4,2015-08-01
Kilifi,2015,9,0.42149816046701016,4,2015-09-01
Kilifi,2015,10,0.5142876006878451,3,2015-10-01
Kilifi,2015,11,0.6061404143547957,4,2015-11-01
Kilifi,2015,12,0.6300609964702684,4,2015-12-01
Kilifi,2016,1,0.5183732622861796,4,2016-01-01
Kilifi,2016,2,0.4154480450719523,4,2016-02-01
Kilifi,2016,3,0.4186669766494703,4,2016-03-01
Kilifi,2016,4,0.5065840822698885,4,2016-04-01
Kilifi,2016,5,0.5398634989591814,3,2016-05-01
Kilifi,2016,6,0.4750792017377137,4,2016-06-01
Kilifi,2016,7,0.4361946510996469,4,2016-07-01
Kilifi,2016,8,0.4087285025794192,4,2016-08-01
Kilifi,2016,9,0.3739464363290794,4,2016-09-01
Kilifi,2016,10,0.3545999932120554,4,2016-10-01
Kilifi,2016,11,0.39982832165728227,3,2016-11-01
Kilifi,2016,12,0.495389159652457,4,2016-12-01
Kilifi,2017,1,0.43081084713548784,4,2017-01-01
Kilifi,2017,2,0.3721309530274233,4,2017-02-01
Kilifi,2017,3,0.3801110420446248,4,2017-03-01
Kilifi,2017,4,0.4093768871039076,3,2017-04-01
Kilifi,2017,5,0.5160330708661416,4,2017-05-01
Kilifi,2017,6,0.534399355145262,4,2017-06-01
Kilifi,2017,7,0.4436215937238538,4,2017-07-01
Kilifi,2017,8,0.44409703366820497,4,2017-08-01
Kilifi,2017,9,0.4077267377138203,4,2017-09-01
Kilifi,2017,10,0.4154197121911484,3,2017-10-01
Kilifi,2017,11,0.5612519549280477,4,2017-11-01
Kilifi,2017,12,0.567129201737714,4,2017-12-01
Kilifi,2018,1,0.45388848764594075,4,2018-01-01
Kilifi,2018,2,0.39723300298669584,4,2018-02-01
Kilifi,2018,3,0.5375842248167256,4,2018-03-01
Kilifi,2018,4,0.5913473889039738,3,2018-04-01
Kilifi,2018,5,0.636841046701059,4,2018-05-01
Kilifi,2018,6,0.6083974409448822,4,2018-06-01
Kilifi,2018,7,0.5389684021178389,4,2018-07-01
Kilifi,2018,8,0.45288019277762653,4,2018-08-01
Kilifi,2018,9,0.454219033396688,4,2018-09-01
Kilifi,2018,10,0.4952248891302386,3,2018-10-01
Kilifi,2018,11,0.6032257330980184,4,2018-11-01
Kilifi,2018,12,0.5929054167797991,4,2018-12-01
Kilifi,2019,1,0.4752698751018194,4,2019-01-01
Kilifi,2019,2,0.4202032717893026,4,2019-02-01
Kilifi,2019,3,0.3980878224273686,4,2019-03-01
Kilifi,2019,4,0.41764916282016423,3,2019-04-01
Kilifi,2019,5,0.49265854602226433,4,2019-05-01
Kilifi,2019,6,0.5542870076122318,4,2019-06-01
Kilifi,2019,7,0.49234287944610344,4,2019-07-01
Kilifi,2019,8,0.44749208525658496,4,2019-08-01
Kilifi,2019,9,0.454417254083201,4,2019-09-01
Kilifi,2019,10,0.6437045614987777,3,2019-10-01
Kilifi,2019,11,0.6931160331251708,4,2019-11-01
Kilifi,2019,12,0.6830016155308175,4,2019-12-01
Kilifi,2020,1,0.6275344284550641,4,2020-01-01
Kilifi,2020,2,0.5645053013847404,4,2020-02-01
Kilifi,2020,3,0.5895270228074942,4,2020-03-01
Kilifi,2020,4,0.6157501800851658,4,2020-04-01
Kilifi,2020,5,0.6517086523667301,3,2020-05-01
Kilifi,2020,6,0.5792473876663381,4,2020-06-01
Kilifi,2020,7,0.5284844283813217,4,2020-07-01
Kilifi,2020,8,0.4439613969590006,4,2020-08-01
Kilifi,2020,9,0.4721612232488242,4,2020-09-01
Kilifi,2020,10,0.4771248303013849,4,2020-10-01
Kilifi,2020,11,0.5988513530636251,3,2020-11-01
Kilifi,2020,12,0.5634081523214769,4,2020-12-01
Kilifi,2021,1,0.45174471219114853,4,2021-01-01
Kilifi,2021,2,0.4144833152321472,4,2021-02-01
Kilifi,2021,3,0.38329551995655775,4,2021-03-01
Kilifi,2021,4,0.44645576761686057,3,2021-04-01
Kilifi,2021,5,0.4740675468368172,4,2021-05-01
Kilifi,2021,6,0.4491815843062719,4,2021-06-01
Kilifi,2021,7,0.4306509236213538,4,2021-07-01
Kilifi,2021,8,0.38555772127593335,4,2021-08-01
Kilifi,2021,9,0.3497551045343474,4,2021-09-01
Kilifi,2021,10,0.3382811295139832,3,2021-10-01
Kilifi,2021,11,0.3363502172142273,4,2021-11-01
Kilifi,2021,12,0.5537781215161537,4,2021-12-01
Kilifi,2022,1,0.5331233505294591,4,2022-01-01
Kilifi,2022,2,0.42429580505023085,4,2022-02-01
Kilifi,2022,3,0.3420924993212055,4,2022-03-01
Kilifi,2022,4,0.384261942257218,3,2022-04-01
Kilifi,2022,5,0.461009353960967,4,2022-05-01
Kilifi,2022,6,0.46372849697503227,4,2022-06-01
Kilifi,2022,7,0.4383203789841099,4,2022-07-01
Kilifi,2022,8,0.40195723594895516,4,2022-08-01
Kilifi,2022,9,0.3345516651886322,4,2022-09-01
Kilifi,2022,10,0.3056720789211695,3,2022-10-01
Kilifi,2022,11,0.4471531428183543,4,2022-11-01
Kilifi,2022,12,0.48925914562403855,3,2022-12-01
Kilifi,2023,1,0.43205323784957905,4,2023-01-01
Kilifi,2023,2,0.3822578875916374,3,2023-02-01
Kilifi,2023,3,0.3556577178930227,4,2023-03-01
Kilifi,2023,4,0.44795504099338457,3,2023-04-01
Kilifi,2023,5,0.567780396415965,4,2023-05-01
Kilifi,2023,6,0.5362991854466468,4,2023-06-01
Kilifi,2023,7,0.5181328129242471,4,2023-07-01
Kilifi,2023,8,0.4619423839261476,4,2023-08-01
Kilifi,2023,9,0.3978488460494165,4,2023-09-01
Kilifi,2023,10,0.43602549551995656,2,2023-10-01
Kilifi,2023,11,0.6101468096660327,4,2023-11-01
Kilifi,2023,12,0.6877493822970405,4,2023-12-01
Kilifi,2024,1,0.6193006720065166,4,2024-01-01
Kilifi,2024,2,0.4863135012218301,4,2024-02-01
Kilifi,2024,3,0.5356529934835731,4,2024-03-01
Kilifi,2024,4,0.5907767988053216,4,2024-04-01
Kilifi,2024,5,0.5360729658792655,3,2024-05-01
Kilifi,2024,6,0.484252029595439,4,2024-06-01
Kilifi,2024,7,0.45053905104534386,4,2024-07-01
Kilifi,2024,8,0.42262354059190943,3,2024-08-01
Kilifi,2024,9,0.3847449294053763,4,2024-09-01
Kilifi,2024,10,0.3898372997556344,4,2024-10-01
Kilifi,2024,11,0.48621554891845425,3,2024-11-01
Kilifi,2024,12,0.6180084080007245,3,2024-12-01
Kilifi,2025,1,0.5359087381992637,4,2025-01-01
Kilifi,2025,2,0.42406895194135236,4,2025-02-01
Kilifi,2025,3,0.45841843363882684,4,2025-03-01
Kilifi,2025,4,0.568000859806317,3,2025-04-01
Kilifi,2025,5,0.6185619603584036,4,2025-05-01
Kilifi,2025,6,0.5757031749384536,4,2025-06-01
Kilifi,2025,11,0.459289157608696,1,2025-11-01
Kilifi,2025,12,0.4870771529475694,2,2025-12-01
Kilifi,2026,1,0.3590710133116004,3,2026-01-01
Kilifi,2026,2,0.4011998771931023,3,2026-02-01
Kilifi,2026,3,0.6220940919775422,2,2026-03-01
Kilifi,2026,4,0.6248800314697444,2,2026-04-01
Kilifi,2026,5,0.5718964107586856,2,2026-05-01
Kilifi,2026,7,0.48850171224800376,3,2026-07-01
Kilifi,2026,8,0.45633327895595427,1,2026-08-01
Kirinyaga,2000,12,0.6972188372093018,1,2000-12-01
Kirinyaga,2001,1,0.6457441860465116,2,2001-01-01
Kirinyaga,2001,2,0.5967306976744187,2,2001-02-01
Kirinyaga,2001,3,0.5183509302325581,2,2001-03-01
Kirinyaga,2001,4,0.6035101162790695,2,2001-04-01
Kirinyaga,2001,5,0.6317808139534883,2,2001-05-01
Kirinyaga,2001,6,0.33725953488372096,2,2001-06-01
Kirinyaga,2001,7,0.5964763953488367,2,2001-07-01
Kirinyaga,2001,8,0.5552062790697674,2,2001-08-01
Kirinyaga,2001,9,0.5175852325581394,2,2001-09-01
Kirinyaga,2001,10,0.5679711627906978,1,2001-10-01
Kirinyaga,2001,11,0.542051627906977,2,2001-11-01
Kirinyaga,2001,12,0.6453998837209299,2,2001-12-01
Kirinyaga,2002,1,0.5954306976744185,2,2002-01-01
Kirinyaga,2002,2,0.568522558139535,2,2002-02-01
Kirinyaga,2002,3,0.5145608139534885,2,2002-03-01
Kirinyaga,2002,4,0.615995465116279,2,2002-04-01
Kirinyaga,2002,5,0.6888530232558137,2,2002-05-01
Kirinyaga,2002,6,0.4989566279069769,2,2002-06-01
Kirinyaga,2002,7,0.6050981976744185,4,2002-07-01
Kirinyaga,2002,8,0.5445862790697673,4,2002-08-01
Kirinyaga,2002,9,0.5650381395348837,4,2002-09-01
Kirinyaga,2002,10,0.5513403875968995,3,2002-10-01
Kirinyaga,2002,11,0.6512603488372093,4,2002-11-01
Kirinyaga,2002,12,0.6480849418604652,4,2002-12-01
Kirinyaga,2003,1,0.6779313372093024,4,2003-01-01
Kirinyaga,2003,2,0.5746774418604651,4,2003-02-01
Kirinyaga,2003,3,0.5329287209302326,4,2003-03-01
Kirinyaga,2003,4,0.5628133333333333,3,2003-04-01
Kirinyaga,2003,5,0.6250963953488373,4,2003-05-01
Kirinyaga,2003,6,0.6704666860465116,4,2003-06-01
Kirinyaga,2003,7,0.5555045930232558,4,2003-07-01
Kirinyaga,2003,8,0.5782338372093023,4,2003-08-01
Kirinyaga,2003,9,0.5610728488372094,4,2003-09-01
Kirinyaga,2003,10,0.5329466666666666,3,2003-10-01
Kirinyaga,2003,11,0.6314548255813957,4,2003-11-01
Kirinyaga,2003,12,0.7089491860465117,4,2003-12-01
Kirinyaga,2004,1,0.643889941860465,4,2004-01-01
Kirinyaga,2004,2,0.6067418023255816,4,2004-02-01
Kirinyaga,2004,3,0.5435406395348836,4,2004-03-01
Kirinyaga,2004,4,0.6196916279069766,4,2004-04-01
Kirinyaga,2004,5,0.7015120930232559,3,2004-05-01
Kirinyaga,2004,6,0.5902319767441861,4,2004-06-01
Kirinyaga,2004,7,0.5815534302325585,4,2004-07-01
Kirinyaga,2004,8,0.4615971511627905,4,2004-08-01
Kirinyaga,2004,9,0.4970283139534884,4,2004-09-01
Kirinyaga,2004,10,0.5383004651162792,4,2004-10-01
Kirinyaga,2004,11,0.6898968217054264,3,2004-11-01
Kirinyaga,2004,12,0.699527558139535,4,2004-12-01
Kirinyaga,2005,1,0.6335208720930233,4,2005-01-01
Kirinyaga,2005,2,0.569805348837209,4,2005-02-01
Kirinyaga,2005,3,0.5300056395348836,4,2005-03-01
Kirinyaga,2005,4,0.5648623255813955,3,2005-04-01
Kirinyaga,2005,5,0.6697690697674418,4,2005-05-01
Kirinyaga,2005,6,0.6451336627906976,4,2005-06-01
Kirinyaga,2005,7,0.3878498837209301,4,2005-07-01
Kirinyaga,2005,8,0.544861046511628,4,2005-08-01
Kirinyaga,2005,9,0.5315609302325583,4,2005-09-01
Kirinyaga,2005,10,0.5825737984496125,3,2005-10-01
Kirinyaga,2005,11,0.6245476162790696,4,2005-11-01
Kirinyaga,2005,12,0.6386873837209301,4,2005-12-01
Kirinyaga,2006,1,0.5941594767441857,4,2006-01-01
Kirinyaga,2006,2,0.5055158720930231,4,2006-02-01
Kirinyaga,2006,3,0.5796413372093021,4,2006-03-01
Kirinyaga,2006,4,0.6368403100775195,3,2006-04-01
Kirinyaga,2006,5,0.6492635465116281,4,2006-05-01
Kirinyaga,2006,6,0.613105523255814,4,2006-06-01
Kirinyaga,2006,7,0.4578439534883723,4,2006-07-01
Kirinyaga,2006,8,0.5010818023255812,4,2006-08-01
Kirinyaga,2006,9,0.5678033139534882,4,2006-09-01
Kirinyaga,2006,10,0.5924351937984497,3,2006-10-01
Kirinyaga,2006,11,0.5972764534883724,4,2006-11-01
Kirinyaga,2006,12,0.6346766860465116,4,2006-12-01
Kirinyaga,2007,1,0.6705076162790701,4,2007-01-01
Kirinyaga,2007,2,0.5974171511627906,4,2007-02-01
Kirinyaga,2007,3,0.5814788372093025,4,2007-03-01
Kirinyaga,2007,4,0.5958196124031008,3,2007-04-01
Kirinyaga,2007,5,0.6790858139534884,4,2007-05-01
Kirinyaga,2007,6,0.6653311627906975,4,2007-06-01
Kirinyaga,2007,7,0.4204386046511628,4,2007-07-01
Kirinyaga,2007,8,0.5608552325581394,4,2007-08-01
Kirinyaga,2007,9,0.5722728488372093,4,2007-09-01
Kirinyaga,2007,10,0.6136025581395351,3,2007-10-01
Kirinyaga,2007,11,0.675573953488372,4,2007-11-01
Kirinyaga,2007,12,0.6743838372093023,4,2007-12-01
Kirinyaga,2008,1,0.6660424418604651,4,2008-01-01
Kirinyaga,2008,2,0.5775438372093026,4,2008-02-01
Kirinyaga,2008,3,0.5445017441860462,4,2008-03-01
Kirinyaga,2008,4,0.6365034883720934,4,2008-04-01
Kirinyaga,2008,5,0.6298839534883722,3,2008-05-01
Kirinyaga,2008,6,0.5983085465116282,4,2008-06-01
Kirinyaga,2008,7,0.4624488953488374,4,2008-07-01
Kirinyaga,2008,8,0.47202552325581393,4,2008-08-01
Kirinyaga,2008,9,0.5265419186046509,4,2008-09-01
Kirinyaga,2008,10,0.613343895348837,4,2008-10-01
Kirinyaga,2008,11,0.6423757364341082,3,2008-11-01
Kirinyaga,2008,12,0.5930189534883722,4,2008-12-01
Kirinyaga,2009,1,0.5630052906976746,4,2009-01-01
Kirinyaga,2009,2,0.5534081395348838,4,2009-02-01
Kirinyaga,2009,3,0.5265504651162791,4,2009-03-01
Kirinyaga,2009,4,0.5755906976744188,3,2009-04-01
Kirinyaga,2009,5,0.6994777906976747,4,2009-05-01
Kirinyaga,2009,6,0.628380988372093,4,2009-06-01
Kirinyaga,2009,7,0.5279753488372093,4,2009-07-01
Kirinyaga,2009,8,0.44927883720930206,4,2009-08-01
Kirinyaga,2009,9,0.48520505813953463,4,2009-09-01
Kirinyaga,2009,10,0.49207906976744203,3,2009-10-01
Kirinyaga,2009,11,0.6015654651162791,4,2009-11-01
Kirinyaga,2009,12,0.6523780813953489,4,2009-12-01
Kirinyaga,2010,1,0.6689051162790697,4,2010-01-01
Kirinyaga,2010,2,0.6244141860465117,4,2010-02-01
Kirinyaga,2010,3,0.5871221511627907,4,2010-03-01
Kirinyaga,2010,4,0.6225699224806204,3,2010-04-01
Kirinyaga,2010,5,0.6843442441860464,4,2010-05-01
Kirinyaga,2010,6,0.48336947674418623,4,2010-06-01
Kirinyaga,2010,7,0.5182561046511626,4,2010-07-01
Kirinyaga,2010,8,0.4731134883720928,4,2010-08-01
Kirinyaga,2010,9,0.5395776744186046,4,2010-09-01
Kirinyaga,2010,10,0.482018527131783,3,2010-10-01
Kirinyaga,2010,11,0.5974869186046513,4,2010-11-01
Kirinyaga,2010,12,0.6274899418604651,4,2010-12-01
Kirinyaga,2011,1,0.5882732558139535,4,2011-01-01
Kirinyaga,2011,2,0.5360275581395351,4,2011-02-01
Kirinyaga,2011,3,0.5155499418604653,4,2011-03-01
Kirinyaga,2011,4,0.6028330232558136,3,2011-04-01
Kirinyaga,2011,5,0.6326242441860467,4,2011-05-01
Kirinyaga,2011,6,0.5996512209302327,4,2011-06-01
Kirinyaga,2011,7,0.5545615697674419,4,2011-07-01
Kirinyaga,2011,8,0.36828389534883715,4,2011-08-01
Kirinyaga,2011,9,0.5201155813953489,4,2011-09-01
Kirinyaga,2011,10,0.5602877519379844,3,2011-10-01
Kirinyaga,2011,11,0.6207033720930234,4,2011-11-01
Kirinyaga,2011,12,0.7163508720930234,4,2011-12-01
Kirinyaga,2012,1,0.641558255813954,4,2012-01-01
Kirinyaga,2012,2,0.5347601744186046,4,2012-02-01
Kirinyaga,2012,3,0.4919038953488374,4,2012-03-01
Kirinyaga,2012,4,0.5619461627906978,4,2012-04-01
Kirinyaga,2012,5,0.6536489922480623,3,2012-05-01
Kirinyaga,2012,6,0.5065472093023258,4,2012-06-01
Kirinyaga,2012,7,0.4624940116279072,4,2012-07-01
Kirinyaga,2012,8,0.5152613372093022,4,2012-08-01
Kirinyaga,2012,9,0.5588893604651165,4,2012-09-01
Kirinyaga,2012,10,0.5745899418604652,4,2012-10-01
Kirinyaga,2012,11,0.6952279069767444,3,2012-11-01
Kirinyaga,2012,12,0.6823351162790702,4,2012-12-01
Kirinyaga,2013,1,0.6909168604651162,4,2013-01-01
Kirinyaga,2013,2,0.5884695930232559,4,2013-02-01
Kirinyaga,2013,3,0.5680078488372095,4,2013-03-01
Kirinyaga,2013,4,0.6179568992248062,3,2013-04-01
Kirinyaga,2013,5,0.7087535465116279,4,2013-05-01
Kirinyaga,2013,6,0.4355383139534882,4,2013-06-01
Kirinyaga,2013,7,0.4522655813953491,4,2013-07-01
Kirinyaga,2013,8,0.46550249999999993,4,2013-08-01
Kirinyaga,2013,9,0.5586942441860467,4,2013-09-01
Kirinyaga,2013,10,0.5811079069767445,3,2013-10-01
Kirinyaga,2013,11,0.5978175,4,2013-11-01
Kirinyaga,2013,12,0.63218761627907,4,2013-12-01
Kirinyaga,2014,1,0.5936777325581397,4,2014-01-01
Kirinyaga,2014,2,0.5868854651162791,4,2014-02-01
Kirinyaga,2014,3,0.6123786627906975,4,2014-03-01
Kirinyaga,2014,4,0.6727354263565891,3,2014-04-01
Kirinyaga,2014,5,0.6322361627906979,4,2014-05-01
Kirinyaga,2014,6,0.48634819767441845,4,2014-06-01
Kirinyaga,2014,7,0.4871663372093023,4,2014-07-01
Kirinyaga,2014,8,0.5047193604651166,4,2014-08-01
Kirinyaga,2014,9,0.5737909302325583,4,2014-09-01
Kirinyaga,2014,10,0.6128081395348838,3,2014-10-01
Kirinyaga,2014,11,0.6048756976744188,4,2014-11-01
Kirinyaga,2014,12,0.6340270348837211,4,2014-12-01
Kirinyaga,2015,1,0.6170972674418602,4,2015-01-01
Kirinyaga,2015,2,0.543859941860465,4,2015-02-01
Kirinyaga,2015,3,0.49095546511627886,4,2015-03-01
Kirinyaga,2015,4,0.593345968992248,3,2015-04-01
Kirinyaga,2015,5,0.5576583139534883,4,2015-05-01
Kirinyaga,2015,6,0.6696421511627906,4,2015-06-01
Kirinyaga,2015,7,0.45365558139534906,4,2015-07-01
Kirinyaga,2015,8,0.5716409883720929,4,2015-08-01
Kirinyaga,2015,9,0.5684564534883723,4,2015-09-01
Kirinyaga,2015,10,0.5432011627906977,3,2015-10-01
Kirinyaga,2015,11,0.6600937209302326,4,2015-11-01
Kirinyaga,2015,12,0.6983462790697679,4,2015-12-01
Kirinyaga,2016,1,0.6586700581395348,4,2016-01-01
Kirinyaga,2016,2,0.6483605232558141,4,2016-02-01
Kirinyaga,2016,3,0.6150967441860464,4,2016-03-01
Kirinyaga,2016,4,0.5680051744186047,4,2016-04-01
Kirinyaga,2016,5,0.6430486821705426,3,2016-05-01
Kirinyaga,2016,6,0.4659536627906976,4,2016-06-01
Kirinyaga,2016,7,0.5157408720930234,4,2016-07-01
Kirinyaga,2016,8,0.516836453488372,4,2016-08-01
Kirinyaga,2016,9,0.5529752325581395,4,2016-09-01
Kirinyaga,2016,10,0.5546562790697676,4,2016-10-01
Kirinyaga,2016,11,0.6132351162790693,3,2016-11-01
Kirinyaga,2016,12,0.6821479069767439,4,2016-12-01
Kirinyaga,2017,1,0.6064429069767442,4,2017-01-01
Kirinyaga,2017,2,0.5505980232558139,4,2017-02-01
Kirinyaga,2017,3,0.5245436627906979,4,2017-03-01
Kirinyaga,2017,4,0.5296217054263566,3,2017-04-01
Kirinyaga,2017,5,0.635338255813954,4,2017-05-01
Kirinyaga,2017,6,0.5960411627906975,4,2017-06-01
Kirinyaga,2017,7,0.43269127906976745,4,2017-07-01
Kirinyaga,2017,8,0.4709130232558141,4,2017-08-01
Kirinyaga,2017,9,0.5855030232558139,4,2017-09-01
Kirinyaga,2017,10,0.6132848837209304,3,2017-10-01
Kirinyaga,2017,11,0.5953334883720932,4,2017-11-01
Kirinyaga,2017,12,0.6429189534883721,4,2017-12-01
Kirinyaga,2018,1,0.6072588372093023,4,2018-01-01
Kirinyaga,2018,2,0.5486005232558139,4,2018-02-01
Kirinyaga,2018,3,0.5566958139534885,4,2018-03-01
Kirinyaga,2018,4,0.6031462015503877,3,2018-04-01
Kirinyaga,2018,5,0.6113104069767443,4,2018-05-01
Kirinyaga,2018,6,0.5698516860465115,4,2018-06-01
Kirinyaga,2018,7,0.5599809883720932,4,2018-07-01
Kirinyaga,2018,8,0.4389438372093022,4,2018-08-01
Kirinyaga,2018,9,0.6313206395348837,4,2018-09-01
Kirinyaga,2018,10,0.5893037984496123,3,2018-10-01
Kirinyaga,2018,11,0.6950939534883722,4,2018-11-01
Kirinyaga,2018,12,0.6530673837209303,4,2018-12-01
Kirinyaga,2019,1,0.665387558139535,4,2019-01-01
Kirinyaga,2019,2,0.597497441860465,4,2019-02-01
Kirinyaga,2019,3,0.5366876162790696,4,2019-03-01
Kirinyaga,2019,4,0.5580891472868218,3,2019-04-01
Kirinyaga,2019,5,0.6167318604651165,4,2019-05-01
Kirinyaga,2019,6,0.5772270930232559,4,2019-06-01
Kirinyaga,2019,7,0.5837866279069766,4,2019-07-01
Kirinyaga,2019,8,0.526034534883721,4,2019-08-01
Kirinyaga,2019,9,0.5932980813953488,4,2019-09-01
Kirinyaga,2019,10,0.5839614728682173,3,2019-10-01
Kirinyaga,2019,11,0.5847033139534883,4,2019-11-01
Kirinyaga,2019,12,0.6895339534883721,4,2019-12-01
Kirinyaga,2020,1,0.6677745930232555,4,2020-01-01
Kirinyaga,2020,2,0.6465287209302324,4,2020-02-01
Kirinyaga,2020,3,0.6441774418604653,4,2020-03-01
Kirinyaga,2020,4,0.6397851744186047,4,2020-04-01
Kirinyaga,2020,5,0.7521229457364346,3,2020-05-01
Kirinyaga,2020,6,0.6731208139534882,4,2020-06-01
Kirinyaga,2020,7,0.5326648255813953,4,2020-07-01
Kirinyaga,2020,8,0.41795725170998627,4,2020-08-01
Kirinyaga,2020,9,0.6266243604651159,4,2020-09-01
Kirinyaga,2020,10,0.5766017441860465,4,2020-10-01
Kirinyaga,2020,11,0.6274939534883722,3,2020-11-01
Kirinyaga,2020,12,0.6885124418604653,4,2020-12-01
Kirinyaga,2021,1,0.6734677906976745,4,2021-01-01
Kirinyaga,2021,2,0.6277647674418606,4,2021-02-01
Kirinyaga,2021,3,0.5859210465116281,4,2021-03-01
Kirinyaga,2021,4,0.5997176744186042,3,2021-04-01
Kirinyaga,2021,5,0.6444509302325583,4,2021-05-01
Kirinyaga,2021,6,0.49809732558139547,4,2021-06-01
Kirinyaga,2021,7,0.4118261046511627,4,2021-07-01
Kirinyaga,2021,8,0.511600406976744,4,2021-08-01
Kirinyaga,2021,9,0.5537871511627905,4,2021-09-01
Kirinyaga,2021,10,0.520917596899225,3,2021-10-01
Kirinyaga,2021,11,0.608673546511628,4,2021-11-01
Kirinyaga,2021,12,0.6855923837209306,4,2021-12-01
Kirinyaga,2022,1,0.6777220930232558,4,2022-01-01
Kirinyaga,2022,2,0.5727315116279071,4,2022-02-01
Kirinyaga,2022,3,0.49027988372093023,4,2022-03-01
Kirinyaga,2022,4,0.5314757364341085,3,2022-04-01
Kirinyaga,2022,5,0.6559623837209303,4,2022-05-01
Kirinyaga,2022,6,0.5415431395348838,4,2022-06-01
Kirinyaga,2022,7,0.2941329069767442,4,2022-07-01
Kirinyaga,2022,8,0.4285101744186045,4,2022-08-01
Kirinyaga,2022,9,0.560736686046512,4,2022-09-01
Kirinyaga,2022,10,0.5286103875968989,3,2022-10-01
Kirinyaga,2022,11,0.5622665697674422,4,2022-11-01
Kirinyaga,2022,12,0.7166581395348842,3,2022-12-01
Kirinyaga,2023,1,0.6355581976744187,4,2023-01-01
Kirinyaga,2023,2,0.5563931007751938,3,2023-02-01
Kirinyaga,2023,3,0.5193260465116281,4,2023-03-01
Kirinyaga,2023,4,0.6515798449612404,3,2023-04-01
Kirinyaga,2023,5,0.704087965116279,4,2023-05-01
Kirinyaga,2023,6,0.562369534883721,4,2023-06-01
Kirinyaga,2023,7,0.46019959302325586,4,2023-07-01
Kirinyaga,2023,8,0.5952417441860464,4,2023-08-01
Kirinyaga,2023,9,0.5677241279069767,4,2023-09-01
Kirinyaga,2023,10,0.5504137209302331,2,2023-10-01
Kirinyaga,2023,11,0.6444436627906976,4,2023-11-01
Kirinyaga,2023,12,0.6448373255813955,4,2023-12-01
Kirinyaga,2024,1,0.6170489534883723,4,2024-01-01
Kirinyaga,2024,2,0.6373416279069768,4,2024-02-01
Kirinyaga,2024,3,0.6194175000000001,4,2024-03-01
Kirinyaga,2024,4,0.652935523255814,4,2024-04-01
Kirinyaga,2024,5,0.7127629457364342,3,2024-05-01
Kirinyaga,2024,6,0.6520634883720926,4,2024-06-01
Kirinyaga,2024,7,0.5520440697674419,4,2024-07-01
Kirinyaga,2024,8,0.555317054263566,3,2024-08-01
Kirinyaga,2024,9,0.6000023255813952,4,2024-09-01
Kirinyaga,2024,10,0.6168165116279071,4,2024-10-01
Kirinyaga,2024,11,0.6142136434108526,3,2024-11-01
Kirinyaga,2024,12,0.6698878294573646,3,2024-12-01
Kirinyaga,2025,1,0.6941281976744187,4,2025-01-01
Kirinyaga,2025,2,0.6433955813953489,4,2025-02-01
Kirinyaga,2025,3,0.6117743604651162,4,2025-03-01
Kirinyaga,2025,4,0.7321855038759688,3,2025-04-01
Kirinyaga,2025,5,0.6949816860465119,4,2025-05-01
Kirinyaga,2025,6,0.5713699418604652,4,2025-06-01
Kirinyaga,2025,11,0.6763332558139538,1,2025-11-01
Kirinyaga,2025,12,0.7097177906976748,2,2025-12-01
Kirinyaga,2026,1,0.6620972868217053,3,2026-01-01
Kirinyaga,2026,2,0.5823825581395349,3,2026-02-01
Kirinyaga,2026,3,0.6486366279069773,2,2026-03-01
Kirinyaga,2026,4,0.5900815116279073,2,2026-04-01
Kirinyaga,2026,5,0.7898293023255812,2,2026-05-01
Kirinyaga,2026,7,0.5721618604651163,3,2026-07-01
Kirinyaga,2026,8,0.6052472093023248,1,2026-08-01
Kisii,2000,12,0.7469488311688309,1,2000-12-01
Kisii,2001,1,0.704945194805195,2,2001-01-01
Kisii,2001,2,0.6397987012987012,2,2001-02-01
Kisii,2001,3,0.6069435064935063,2,2001-03-01
Kisii,2001,4,0.714859090909091,2,2001-04-01
Kisii,2001,5,0.7415868831168837,2,2001-05-01
Kisii,2001,6,0.6423085714285715,2,2001-06-01
Kisii,2001,7,0.6775598701298702,2,2001-07-01
Kisii,2001,8,0.6513171428571431,2,2001-08-01
Kisii,2001,9,0.6636035064935062,2,2001-09-01
Kisii,2001,10,0.6950057142857143,1,2001-10-01
Kisii,2001,11,0.7479663636363633,2,2001-11-01
Kisii,2001,12,0.7100496103896106,2,2001-12-01
Kisii,2002,1,0.6745512987012989,2,2002-01-01
Kisii,2002,2,0.5969524675324676,2,2002-02-01
Kisii,2002,3,0.6504127272727276,2,2002-03-01
Kisii,2002,4,0.7446331168831168,2,2002-04-01
Kisii,2002,5,0.7522854545454543,2,2002-05-01
Kisii,2002,6,0.71739025974026,2,2002-06-01
Kisii,2002,7,0.6419134415584415,4,2002-07-01
Kisii,2002,8,0.6300374025974029,4,2002-08-01
Kisii,2002,9,0.5697662987012988,4,2002-09-01
Kisii,2002,10,0.60505012987013,3,2002-10-01
Kisii,2002,11,0.7069309740259743,4,2002-11-01
Kisii,2002,12,0.7085838961038962,4,2002-12-01
Kisii,2003,1,0.6836577922077923,4,2003-01-01
Kisii,2003,2,0.5814110389610389,4,2003-02-01
Kisii,2003,3,0.5803537012987013,4,2003-03-01
Kisii,2003,4,0.6454863203463201,3,2003-04-01
Kisii,2003,5,0.7605268181818181,4,2003-05-01
Kisii,2003,6,0.7324949350649352,4,2003-06-01
Kisii,2003,7,0.6843597402597402,4,2003-07-01
Kisii,2003,8,0.6491336363636364,4,2003-08-01
Kisii,2003,9,0.6620353896103899,4,2003-09-01
Kisii,2003,10,0.7016427705627702,3,2003-10-01
Kisii,2003,11,0.7251625324675326,4,2003-11-01
Kisii,2003,12,0.7184113636363636,4,2003-12-01
Kisii,2004,1,0.6694007142857141,4,2004-01-01
Kisii,2004,2,0.6215435064935066,4,2004-02-01
Kisii,2004,3,0.6213137012987011,4,2004-03-01
Kisii,2004,4,0.7183469480519481,4,2004-04-01
Kisii,2004,5,0.7425237229437228,3,2004-05-01
Kisii,2004,6,0.6961169480519479,4,2004-06-01
Kisii,2004,7,0.6185938311688313,4,2004-07-01
Kisii,2004,8,0.6209955194805197,4,2004-08-01
Kisii,2004,9,0.6730587662337665,4,2004-09-01
Kisii,2004,10,0.659774025974026,4,2004-10-01
Kisii,2004,11,0.6971473593073595,3,2004-11-01
Kisii,2004,12,0.7275902597402598,4,2004-12-01
Kisii,2005,1,0.6560185064935066,4,2005-01-01
Kisii,2005,2,0.5947537012987015,4,2005-02-01
Kisii,2005,3,0.6729044805194808,4,2005-03-01
Kisii,2005,4,0.7291950649350648,3,2005-04-01
Kisii,2005,5,0.7396216883116884,4,2005-05-01
Kisii,2005,6,0.6935100000000001,4,2005-06-01
Kisii,2005,7,0.6487349350649352,4,2005-07-01
Kisii,2005,8,0.6216106493506491,4,2005-08-01
Kisii,2005,9,0.6366951948051949,4,2005-09-01
Kisii,2005,10,0.6809375757575756,3,2005-10-01
Kisii,2005,11,0.709373896103896,4,2005-11-01
Kisii,2005,12,0.616001038961039,4,2005-12-01
Kisii,2006,1,0.5592436363636364,4,2006-01-01
Kisii,2006,2,0.5261628571428568,4,2006-02-01
Kisii,2006,3,0.661797207792208,4,2006-03-01
Kisii,2006,4,0.7636437229437231,3,2006-04-01
Kisii,2006,5,0.7306483766233767,4,2006-05-01
Kisii,2006,6,0.7045912337662336,4,2006-06-01
Kisii,2006,7,0.6420220129870131,4,2006-07-01
Kisii,2006,8,0.5958046103896104,4,2006-08-01
Kisii,2006,9,0.6344260389610389,4,2006-09-01
Kisii,2006,10,0.6238852813852811,3,2006-10-01
Kisii,2006,11,0.6773153896103894,4,2006-11-01
Kisii,2006,12,0.7079590909090913,4,2006-12-01
Kisii,2007,1,0.7101635714285717,4,2007-01-01
Kisii,2007,2,0.649783961038961,4,2007-02-01
Kisii,2007,3,0.6425792207792205,4,2007-03-01
Kisii,2007,4,0.7223668398268397,3,2007-04-01
Kisii,2007,5,0.7493437012987013,4,2007-05-01
Kisii,2007,6,0.7225700649350647,4,2007-06-01
Kisii,2007,7,0.6606551948051946,4,2007-07-01
Kisii,2007,8,0.6662183116883114,4,2007-08-01
Kisii,2007,9,0.6610420779220778,4,2007-09-01
Kisii,2007,10,0.6453558441558442,3,2007-10-01
Kisii,2007,11,0.6446022727272729,4,2007-11-01
Kisii,2007,12,0.7114691558441564,4,2007-12-01
Kisii,2008,1,0.6359079220779222,4,2008-01-01
Kisii,2008,2,0.5768188961038959,4,2008-02-01
Kisii,2008,3,0.6026214285714286,4,2008-03-01
Kisii,2008,4,0.694927207792208,4,2008-04-01
Kisii,2008,5,0.7339303896103894,3,2008-05-01
Kisii,2008,6,0.6928338961038961,4,2008-06-01
Kisii,2008,7,0.6600157792207791,4,2008-07-01
Kisii,2008,8,0.6481858441558441,4,2008-08-01
Kisii,2008,9,0.6719690909090908,4,2008-09-01
Kisii,2008,10,0.7260257142857146,4,2008-10-01
Kisii,2008,11,0.7385510822510825,3,2008-11-01
Kisii,2008,12,0.6705507142857143,4,2008-12-01
Kisii,2009,1,0.582083051948052,4,2009-01-01
Kisii,2009,2,0.6079986363636363,4,2009-02-01
Kisii,2009,3,0.6648720779220777,4,2009-03-01
Kisii,2009,4,0.7162710822510822,3,2009-04-01
Kisii,2009,5,0.7237824025974023,4,2009-05-01
Kisii,2009,6,0.6954707142857142,4,2009-06-01
Kisii,2009,7,0.6094946753246755,4,2009-07-01
Kisii,2009,8,0.6158277272727272,4,2009-08-01
Kisii,2009,9,0.6784116233766232,4,2009-09-01
Kisii,2009,10,0.6842270129870132,3,2009-10-01
Kisii,2009,11,0.7015782467532469,4,2009-11-01
Kisii,2009,12,0.701243116883117,4,2009-12-01
Kisii,2010,1,0.6635625974025974,4,2010-01-01
Kisii,2010,2,0.624618961038961,4,2010-02-01
Kisii,2010,3,0.6627788961038961,4,2010-03-01
Kisii,2010,4,0.7284383549783552,3,2010-04-01
Kisii,2010,5,0.7438008441558442,4,2010-05-01
Kisii,2010,6,0.7116166233766235,4,2010-06-01
Kisii,2010,7,0.6442325974025973,4,2010-07-01
Kisii,2010,8,0.5943033766233765,4,2010-08-01
Kisii,2010,9,0.6560598051948048,4,2010-09-01
Kisii,2010,10,0.6772526406926406,3,2010-10-01
Kisii,2010,11,0.7285112337662336,4,2010-11-01
Kisii,2010,12,0.6977437662337663,4,2010-12-01
Kisii,2011,1,0.6430409090909093,4,2011-01-01
Kisii,2011,2,0.5911220129870125,4,2011-02-01
Kisii,2011,3,0.6066961038961038,4,2011-03-01
Kisii,2011,4,0.6943359307359308,3,2011-04-01
Kisii,2011,5,0.744857207792208,4,2011-05-01
Kisii,2011,6,0.7021646103896102,4,2011-06-01
Kisii,2011,7,0.6737805194805196,4,2011-07-01
Kisii,2011,8,0.6489242857142858,4,2011-08-01
Kisii,2011,9,0.6548411688311688,4,2011-09-01
Kisii,2011,10,0.7318990476190472,3,2011-10-01
Kisii,2011,11,0.7176302597402596,4,2011-11-01
Kisii,2011,12,0.7279484415584416,4,2011-12-01
Kisii,2012,1,0.626623831168831,4,2012-01-01
Kisii,2012,2,0.5362486363636365,4,2012-02-01
Kisii,2012,3,0.5803657142857143,4,2012-03-01
Kisii,2012,4,0.6498498051948054,4,2012-04-01
Kisii,2012,5,0.7542154978354981,3,2012-05-01
Kisii,2012,6,0.7075456493506496,4,2012-06-01
Kisii,2012,7,0.696632077922078,4,2012-07-01
Kisii,2012,8,0.6451292207792211,4,2012-08-01
Kisii,2012,9,0.6546825974025975,4,2012-09-01
Kisii,2012,10,0.6998991558441557,4,2012-10-01
Kisii,2012,11,0.7373088311688312,3,2012-11-01
Kisii,2012,12,0.7249535064935066,4,2012-12-01
Kisii,2013,1,0.6987611038961041,4,2013-01-01
Kisii,2013,2,0.6122590909090907,4,2013-02-01
Kisii,2013,3,0.640455779220779,4,2013-03-01
Kisii,2013,4,0.6989445021645021,3,2013-04-01
Kisii,2013,5,0.7362926623376621,4,2013-05-01
Kisii,2013,6,0.697756883116883,4,2013-06-01
Kisii,2013,7,0.6483300649350651,4,2013-07-01
Kisii,2013,8,0.6329235064935064,4,2013-08-01
Kisii,2013,9,0.6804275974025977,4,2013-09-01
Kisii,2013,10,0.7024033766233765,3,2013-10-01
Kisii,2013,11,0.7247172727272728,4,2013-11-01
Kisii,2013,12,0.7116509740259738,4,2013-12-01
Kisii,2014,1,0.6791127272727273,4,2014-01-01
Kisii,2014,2,0.5904805844155844,4,2014-02-01
Kisii,2014,3,0.6303446753246754,4,2014-03-01
Kisii,2014,4,0.7033209523809525,3,2014-04-01
Kisii,2014,5,0.7356647402597403,4,2014-05-01
Kisii,2014,6,0.7125451298701299,4,2014-06-01
Kisii,2014,7,0.6846303896103895,4,2014-07-01
Kisii,2014,8,0.6442251298701299,4,2014-08-01
Kisii,2014,9,0.6785845454545454,4,2014-09-01
Kisii,2014,10,0.7179505627705624,3,2014-10-01
Kisii,2014,11,0.7040208441558442,4,2014-11-01
Kisii,2014,12,0.7216443506493507,4,2014-12-01
Kisii,2015,1,0.6186306493506493,4,2015-01-01
Kisii,2015,2,0.5350249350649351,4,2015-02-01
Kisii,2015,3,0.5143031818181819,4,2015-03-01
Kisii,2015,4,0.6346522077922079,3,2015-04-01
Kisii,2015,5,0.7301783766233765,4,2015-05-01
Kisii,2015,6,0.7252701948051946,4,2015-06-01
Kisii,2015,7,0.6883718831168831,4,2015-07-01
Kisii,2015,8,0.6606974675324677,4,2015-08-01
Kisii,2015,9,0.6271601948051948,4,2015-09-01
Kisii,2015,10,0.5860954112554113,3,2015-10-01
Kisii,2015,11,0.6628299350649353,4,2015-11-01
Kisii,2015,12,0.7538377272727277,4,2015-12-01
Kisii,2016,1,0.712228246753247,4,2016-01-01
Kisii,2016,2,0.6528660389610391,4,2016-02-01
Kisii,2016,3,0.6134883766233766,4,2016-03-01
Kisii,2016,4,0.6812013636363637,4,2016-04-01
Kisii,2016,5,0.7485522943722943,3,2016-05-01
Kisii,2016,6,0.7312831168831169,4,2016-06-01
Kisii,2016,7,0.655747207792208,4,2016-07-01
Kisii,2016,8,0.6283794805194804,4,2016-08-01
Kisii,2016,9,0.629661103896104,4,2016-09-01
Kisii,2016,10,0.6968144155844155,4,2016-10-01
Kisii,2016,11,0.7044696103896105,3,2016-11-01
Kisii,2016,12,0.6669353246753247,4,2016-12-01
Kisii,2017,1,0.5928673376623377,4,2017-01-01
Kisii,2017,2,0.6050205194805198,4,2017-02-01
Kisii,2017,3,0.6624027272727272,4,2017-03-01
Kisii,2017,4,0.7196667532467534,3,2017-04-01
Kisii,2017,5,0.7389381168831171,4,2017-05-01
Kisii,2017,6,0.7114809740259741,4,2017-06-01
Kisii,2017,7,0.641678961038961,4,2017-07-01
Kisii,2017,8,0.6208446103896105,4,2017-08-01
Kisii,2017,9,0.6754830519480521,4,2017-09-01
Kisii,2017,10,0.7303870129870131,3,2017-10-01
Kisii,2017,11,0.7255525324675324,4,2017-11-01
Kisii,2017,12,0.6877351948051947,4,2017-12-01
Kisii,2018,1,0.6224081168831166,4,2018-01-01
Kisii,2018,2,0.5181795454545455,4,2018-02-01
Kisii,2018,3,0.605001168831169,4,2018-03-01
Kisii,2018,4,0.7190925541125543,3,2018-04-01
Kisii,2018,5,0.7444672077922081,4,2018-05-01
Kisii,2018,6,0.7513205194805197,4,2018-06-01
Kisii,2018,7,0.7017072727272731,4,2018-07-01
Kisii,2018,8,0.6352189610389611,4,2018-08-01
Kisii,2018,9,0.6278068831168832,4,2018-09-01
Kisii,2018,10,0.6661922943722944,3,2018-10-01
Kisii,2018,11,0.7166377272727273,4,2018-11-01
Kisii,2018,12,0.7329868831168831,4,2018-12-01
Kisii,2019,1,0.6819336363636366,4,2019-01-01
Kisii,2019,2,0.5699076623376623,4,2019-02-01
Kisii,2019,3,0.6071402597402598,4,2019-03-01
Kisii,2019,4,0.6790568831168833,3,2019-04-01
Kisii,2019,5,0.7432497402597402,4,2019-05-01
Kisii,2019,6,0.7254883116883115,4,2019-06-01
Kisii,2019,7,0.7075449350649352,4,2019-07-01
Kisii,2019,8,0.6562035714285716,4,2019-08-01
Kisii,2019,9,0.6594059090909092,4,2019-09-01
Kisii,2019,10,0.6481427705627705,3,2019-10-01
Kisii,2019,11,0.6591283116883119,4,2019-11-01
Kisii,2019,12,0.7415391558441558,4,2019-12-01
Kisii,2020,1,0.7118368181818182,4,2020-01-01
Kisii,2020,2,0.7070417532467532,4,2020-02-01
Kisii,2020,3,0.6974585714285714,4,2020-03-01
Kisii,2020,4,0.7181160389610386,4,2020-04-01
Kisii,2020,5,0.7630276190476194,3,2020-05-01
Kisii,2020,6,0.7188771428571428,4,2020-06-01
Kisii,2020,7,0.6906212337662336,4,2020-07-01
Kisii,2020,8,0.588546103896104,4,2020-08-01
Kisii,2020,9,0.6788894805194807,4,2020-09-01
Kisii,2020,10,0.7258111038961039,4,2020-10-01
Kisii,2020,11,0.7239022510822508,3,2020-11-01
Kisii,2020,12,0.7443697402597402,4,2020-12-01
Kisii,2021,1,0.6867940909090909,4,2021-01-01
Kisii,2021,2,0.6576713636363638,4,2021-02-01
Kisii,2021,3,0.63861961038961,4,2021-03-01
Kisii,2021,4,0.727155324675325,3,2021-04-01
Kisii,2021,5,0.7357575324675325,4,2021-05-01
Kisii,2021,6,0.7187801298701295,4,2021-06-01
Kisii,2021,7,0.6512425324675324,4,2021-07-01
Kisii,2021,8,0.6551168831168832,4,2021-08-01
Kisii,2021,9,0.6538353246753248,4,2021-09-01
Kisii,2021,10,0.6877305627705631,3,2021-10-01
Kisii,2021,11,0.6842540909090908,4,2021-11-01
Kisii,2021,12,0.7220122077922078,4,2021-12-01
Kisii,2022,1,0.669148311688312,4,2022-01-01
Kisii,2022,2,0.6513600649350653,4,2022-02-01
Kisii,2022,3,0.5427018181818182,4,2022-03-01
Kisii,2022,4,0.6766382683982685,3,2022-04-01
Kisii,2022,5,0.7377945454545454,4,2022-05-01
Kisii,2022,6,0.7254929220779223,4,2022-06-01
Kisii,2022,7,0.6443290259740262,4,2022-07-01
Kisii,2022,8,0.6290882467532468,4,2022-08-01
Kisii,2022,9,0.6625198051948054,4,2022-09-01
Kisii,2022,10,0.7013473593073593,3,2022-10-01
Kisii,2022,11,0.6691338961038962,4,2022-11-01
Kisii,2022,12,0.7345148051948053,3,2022-12-01
Kisii,2023,1,0.6902679870129869,4,2023-01-01
Kisii,2023,2,0.5873038961038959,3,2023-02-01
Kisii,2023,3,0.650743116883117,4,2023-03-01
Kisii,2023,4,0.7069300432900435,3,2023-04-01
Kisii,2023,5,0.7612288961038961,4,2023-05-01
Kisii,2023,6,0.7374453246753248,4,2023-06-01
Kisii,2023,7,0.6839414285714285,4,2023-07-01
Kisii,2023,8,0.6630980519480522,4,2023-08-01
Kisii,2023,9,0.6788952597402594,4,2023-09-01
Kisii,2023,10,0.6831292207792212,2,2023-10-01
Kisii,2023,11,0.6805311038961039,4,2023-11-01
Kisii,2023,12,0.7389175324675326,4,2023-12-01
Kisii,2024,1,0.6970999350649353,4,2024-01-01
Kisii,2024,2,0.7067661688311688,4,2024-02-01
Kisii,2024,3,0.6993011688311688,4,2024-03-01
Kisii,2024,4,0.7677784415584419,4,2024-04-01
Kisii,2024,5,0.7715247619047622,3,2024-05-01
Kisii,2024,6,0.7473566233766235,4,2024-06-01
Kisii,2024,7,0.6840198051948054,4,2024-07-01
Kisii,2024,8,0.6637993073593074,3,2024-08-01
Kisii,2024,9,0.6840605194805194,4,2024-09-01
Kisii,2024,10,0.7064538311688315,4,2024-10-01
Kisii,2024,11,0.7186560173160172,3,2024-11-01
Kisii,2024,12,0.730683896103896,3,2024-12-01
Kisii,2025,1,0.7003812987012987,4,2025-01-01
Kisii,2025,2,0.6685229870129867,4,2025-02-01
Kisii,2025,3,0.642737337662338,4,2025-03-01
Kisii,2025,4,0.7538943722943722,3,2025-04-01
Kisii,2025,5,0.7614442207792207,4,2025-05-01
Kisii,2025,6,0.7395151948051953,4,2025-06-01
Kisii,2025,11,0.7467901298701304,1,2025-11-01
Kisii,2025,12,0.721878831168831,2,2025-12-01
Kisii,2026,1,0.6715334199134203,3,2026-01-01
Kisii,2026,2,0.5219368831168832,3,2026-02-01
Kisii,2026,3,0.6591801298701301,2,2026-03-01
Kisii,2026,4,0.5383235064935066,2,2026-04-01
Kisii,2026,5,0.7702349350649347,2,2026-05-01
Kisii,2026,7,0.6849425974025977,3,2026-07-01
Kisii,2026,8,0.6661864935064937,1,2026-08-01
Kisumu,2000,12,0.5678921985815607,1,2000-12-01
Kisumu,2001,1,0.5256926043997017,2,2001-01-01
Kisumu,2001,2,0.5515832817580815,2,2001-02-01
Kisumu,2001,3,0.490670687365519,2,2001-03-01
Kisumu,2001,4,0.5933014936489682,2,2001-04-01
Kisumu,2001,5,0.6168097989852159,2,2001-05-01
Kisumu,2001,6,0.5768920214424953,2,2001-06-01
Kisumu,2001,7,0.5038225155132282,2,2001-07-01
Kisumu,2001,8,0.5161798432652496,2,2001-08-01
Kisumu,2001,9,0.49485193879035905,2,2001-09-01
Kisumu,2001,10,0.4421958815958813,1,2001-10-01
Kisumu,2001,11,0.5410661274632294,2,2001-11-01
Kisumu,2001,12,0.5028306986547935,2,2001-12-01
Kisumu,2002,1,0.4782156179460876,2,2002-01-01
Kisumu,2002,2,0.4409740609464452,2,2002-02-01
Kisumu,2002,3,0.5112503407828222,2,2002-03-01
Kisumu,2002,4,0.579732010209929,2,2002-04-01
Kisumu,2002,5,0.6194604660667866,2,2002-05-01
Kisumu,2002,6,0.5596789194737725,2,2002-06-01
Kisumu,2002,7,0.49305898984313135,4,2002-07-01
Kisumu,2002,8,0.48779110596307895,4,2002-08-01
Kisumu,2002,9,0.439926735055859,4,2002-09-01
Kisumu,2002,10,0.44526068828437376,3,2002-10-01
Kisumu,2002,11,0.5787976695033761,4,2002-11-01
Kisumu,2002,12,0.5512334210613696,4,2002-12-01
Kisumu,2003,1,0.5803068163031629,4,2003-01-01
Kisumu,2003,2,0.392290543498673,4,2003-02-01
Kisumu,2003,3,0.4101692131808327,4,2003-03-01
Kisumu,2003,4,0.5439756315187322,3,2003-04-01
Kisumu,2003,5,0.6365096320644589,4,2003-05-01
Kisumu,2003,6,0.5722812913246071,4,2003-06-01
Kisumu,2003,7,0.5540799401273109,4,2003-07-01
Kisumu,2003,8,0.5199241252659577,4,2003-08-01
Kisumu,2003,9,0.5257713948155257,4,2003-09-01
Kisumu,2003,10,0.4585399366323411,3,2003-10-01
Kisumu,2003,11,0.46786816093532035,4,2003-11-01
Kisumu,2003,12,0.5387666422502458,4,2003-12-01
Kisumu,2004,1,0.4856167490619624,4,2004-01-01
Kisumu,2004,2,0.44516948788864297,4,2004-02-01
Kisumu,2004,3,0.40942911358086986,4,2004-03-01
Kisumu,2004,4,0.5561550935746392,4,2004-04-01
Kisumu,2004,5,0.5711952763598553,3,2004-05-01
Kisumu,2004,6,0.5446794740516837,4,2004-06-01
Kisumu,2004,7,0.5001438570637188,4,2004-07-01
Kisumu,2004,8,0.4851765681767334,4,2004-08-01
Kisumu,2004,9,0.4949918040251439,4,2004-09-01
Kisumu,2004,10,0.49399584458565493,4,2004-10-01
Kisumu,2004,11,0.5598455073004759,3,2004-11-01
Kisumu,2004,12,0.5551595926669582,4,2004-12-01
Kisumu,2005,1,0.4790878696656187,4,2005-01-01
Kisumu,2005,2,0.40996954668934626,4,2005-02-01
Kisumu,2005,3,0.4805025029924025,4,2005-03-01
Kisumu,2005,4,0.514663404483519,3,2005-04-01
Kisumu,2005,5,0.6024200244585224,4,2005-05-01
Kisumu,2005,6,0.5477420139362488,4,2005-06-01
Kisumu,2005,7,0.5237207627593087,4,2005-07-01
Kisumu,2005,8,0.49791687122818773,4,2005-08-01
Kisumu,2005,9,0.4540609070411203,4,2005-09-01
Kisumu,2005,10,0.49042115636724654,3,2005-10-01
Kisumu,2005,11,0.47468203308245793,4,2005-11-01
Kisumu,2005,12,0.39612171992583445,4,2005-12-01
Kisumu,2006,1,0.3914085278045627,4,2006-01-01
Kisumu,2006,2,0.3872848135988056,4,2006-02-01
Kisumu,2006,3,0.5086246328005484,4,2006-03-01
Kisumu,2006,4,0.5846586596310358,3,2006-04-01
Kisumu,2006,5,0.5833028828130356,4,2006-05-01
Kisumu,2006,6,0.5572676213608544,4,2006-06-01
Kisumu,2006,7,0.522043157001953,4,2006-07-01
Kisumu,2006,8,0.47275694947694114,4,2006-08-01
Kisumu,2006,9,0.4382129274911552,4,2006-09-01
Kisumu,2006,10,0.4286118742136849,3,2006-10-01
Kisumu,2006,11,0.5199198850054577,4,2006-11-01
Kisumu,2006,12,0.5730771684525536,4,2006-12-01
Kisumu,2007,1,0.5812737513479637,4,2007-01-01
Kisumu,2007,2,0.5292173351810264,4,2007-02-01
Kisumu,2007,3,0.5171034542262246,4,2007-03-01
Kisumu,2007,4,0.5589487927625073,3,2007-04-01
Kisumu,2007,5,0.5746733638738222,4,2007-05-01
Kisumu,2007,6,0.5678205847233947,4,2007-06-01
Kisumu,2007,7,0.5341102843844023,4,2007-07-01
Kisumu,2007,8,0.5155978962196535,4,2007-08-01
Kisumu,2007,9,0.5253249834148439,4,2007-09-01
Kisumu,2007,10,0.47958020962145304,3,2007-10-01
Kisumu,2007,11,0.4887308511120905,4,2007-11-01
Kisumu,2007,12,0.47649915772519974,4,2007-12-01
Kisumu,2008,1,0.4094448411483283,4,2008-01-01
Kisumu,2008,2,0.4040704779981445,4,2008-02-01
Kisumu,2008,3,0.45173332638813085,4,2008-03-01
Kisumu,2008,4,0.5770360568548164,4,2008-04-01
Kisumu,2008,5,0.5592543994340285,3,2008-05-01
Kisumu,2008,6,0.5458570492104446,4,2008-06-01
Kisumu,2008,7,0.4844814551546039,4,2008-07-01
Kisumu,2008,8,0.5023727694088197,4,2008-08-01
Kisumu,2008,9,0.5075480803343071,4,2008-09-01
Kisumu,2008,10,0.5396139843252363,4,2008-10-01
Kisumu,2008,11,0.5697369400009861,3,2008-11-01
Kisumu,2008,12,0.46533252474117703,4,2008-12-01
Kisumu,2009,1,0.40651628749641877,4,2009-01-01
Kisumu,2009,2,0.404023228203917,4,2009-02-01
Kisumu,2009,3,0.39185401644938084,4,2009-03-01
Kisumu,2009,4,0.49795527971269643,3,2009-04-01
Kisumu,2009,5,0.5958232364773474,4,2009-05-01
Kisumu,2009,6,0.5261017472335642,4,2009-06-01
Kisumu,2009,7,0.45852589471371874,4,2009-07-01
Kisumu,2009,8,0.44662213381522653,4,2009-08-01
Kisumu,2009,9,0.4443416862040587,4,2009-09-01
Kisumu,2009,10,0.48557446706678115,3,2009-10-01
Kisumu,2009,11,0.5291224293768462,4,2009-11-01
Kisumu,2009,12,0.5499865957718455,4,2009-12-01
Kisumu,2010,1,0.5275759877241956,4,2010-01-01
Kisumu,2010,2,0.5176618947239544,4,2010-02-01
Kisumu,2010,3,0.5317048683112174,4,2010-03-01
Kisumu,2010,4,0.5578901820556689,3,2010-04-01
Kisumu,2010,5,0.5871674922452839,4,2010-05-01
Kisumu,2010,6,0.5670255925745705,4,2010-06-01
Kisumu,2010,7,0.49015706523542796,4,2010-07-01
Kisumu,2010,8,0.4537943796096318,4,2010-08-01
Kisumu,2010,9,0.494803929767038,4,2010-09-01
Kisumu,2010,10,0.5053171603773964,3,2010-10-01
Kisumu,2010,11,0.4987607939237912,4,2010-11-01
Kisumu,2010,12,0.48961306414429767,4,2010-12-01
Kisumu,2011,1,0.4569422709001076,4,2011-01-01
Kisumu,2011,2,0.3523213960011029,4,2011-02-01
Kisumu,2011,3,0.41319214861948933,4,2011-03-01
Kisumu,2011,4,0.5271372680810735,3,2011-04-01
Kisumu,2011,5,0.5781592970732146,4,2011-05-01
Kisumu,2011,6,0.5422054100070182,4,2011-06-01
Kisumu,2011,7,0.47819274836785375,4,2011-07-01
Kisumu,2011,8,0.5067702699158385,4,2011-08-01
Kisumu,2011,9,0.5223852144558152,4,2011-09-01
Kisumu,2011,10,0.5282712479005759,3,2011-10-01
Kisumu,2011,11,0.5535367220475056,4,2011-11-01
Kisumu,2011,12,0.5747976128405917,4,2011-12-01
Kisumu,2012,1,0.47618405742549674,4,2012-01-01
Kisumu,2012,2,0.3339751417337017,4,2012-02-01
Kisumu,2012,3,0.35779290543457737,4,2012-03-01
Kisumu,2012,4,0.49731897205753295,4,2012-04-01
Kisumu,2012,5,0.5870935564203497,3,2012-05-01
Kisumu,2012,6,0.5505689539426286,4,2012-06-01
Kisumu,2012,7,0.534338416471182,4,2012-07-01
Kisumu,2012,8,0.506661105514311,4,2012-08-01
Kisumu,2012,9,0.5352723353473163,4,2012-09-01
Kisumu,2012,10,0.5560726416947428,4,2012-10-01
Kisumu,2012,11,0.5945030446424875,3,2012-11-01
Kisumu,2012,12,0.5889626611629362,4,2012-12-01
Kisumu,2013,1,0.5859404269950155,4,2013-01-01
Kisumu,2013,2,0.5141374115161298,4,2013-02-01
Kisumu,2013,3,0.5042190373054323,4,2013-03-01
Kisumu,2013,4,0.5810357357675712,3,2013-04-01
Kisumu,2013,5,0.5690458698243448,4,2013-05-01
Kisumu,2013,6,0.49834849628349853,4,2013-06-01
Kisumu,2013,7,0.4588643479192534,4,2013-07-01
Kisumu,2013,8,0.4877071348613622,4,2013-08-01
Kisumu,2013,9,0.5086287902865732,4,2013-09-01
Kisumu,2013,10,0.5291705751149506,3,2013-10-01
Kisumu,2013,11,0.49675846063222134,4,2013-11-01
Kisumu,2013,12,0.5154106428785714,4,2013-12-01
Kisumu,2014,1,0.4684270615077726,4,2014-01-01
Kisumu,2014,2,0.3673286061230645,4,2014-02-01
Kisumu,2014,3,0.426993255357593,4,2014-03-01
Kisumu,2014,4,0.49262002558640744,3,2014-04-01
Kisumu,2014,5,0.5875737609236237,4,2014-05-01
Kisumu,2014,6,0.5600776805016481,4,2014-06-01
Kisumu,2014,7,0.5028679116616939,4,2014-07-01
Kisumu,2014,8,0.5315045059882038,4,2014-08-01
Kisumu,2014,9,0.5461006038047587,4,2014-09-01
Kisumu,2014,10,0.5001077387383993,3,2014-10-01
Kisumu,2014,11,0.5252759601305961,4,2014-11-01
Kisumu,2014,12,0.5269827793952782,4,2014-12-01
Kisumu,2015,1,0.4186467847187578,4,2015-01-01
Kisumu,2015,2,0.3389709166873756,4,2015-02-01
Kisumu,2015,3,0.3446935302318172,4,2015-03-01
Kisumu,2015,4,0.5469421244343359,3,2015-04-01
Kisumu,2015,5,0.6195847104595148,4,2015-05-01
Kisumu,2015,6,0.5644970316794298,4,2015-06-01
Kisumu,2015,7,0.5084015128544448,4,2015-07-01
Kisumu,2015,8,0.47672138023712696,4,2015-08-01
Kisumu,2015,9,0.4465408764184683,4,2015-09-01
Kisumu,2015,10,0.477829128444887,3,2015-10-01
Kisumu,2015,11,0.5931511474336484,4,2015-11-01
Kisumu,2015,12,0.6164517422964273,4,2015-12-01
Kisumu,2016,1,0.5418130161940724,4,2016-01-01
Kisumu,2016,2,0.5003651193356817,4,2016-02-01
Kisumu,2016,3,0.4525256700158814,4,2016-03-01
Kisumu,2016,4,0.5729296860628944,4,2016-04-01
Kisumu,2016,5,0.6138222770360359,3,2016-05-01
Kisumu,2016,6,0.564827346746843,4,2016-06-01
Kisumu,2016,7,0.5072106769368127,4,2016-07-01
Kisumu,2016,8,0.48548414698259373,4,2016-08-01
Kisumu,2016,9,0.44739414918580134,4,2016-09-01
Kisumu,2016,10,0.4355105907993607,4,2016-10-01
Kisumu,2016,11,0.4535389081808671,3,2016-11-01
Kisumu,2016,12,0.43580078917671405,4,2016-12-01
Kisumu,2017,1,0.3797997004423105,4,2017-01-01
Kisumu,2017,2,0.45034534128437476,4,2017-02-01
Kisumu,2017,3,0.4978977148969237,4,2017-03-01
Kisumu,2017,4,0.5355565323021392,3,2017-04-01
Kisumu,2017,5,0.6318749634688908,4,2017-05-01
Kisumu,2017,6,0.5867873130812888,4,2017-06-01
Kisumu,2017,7,0.4954350157149454,4,2017-07-01
Kisumu,2017,8,0.4921016620494002,4,2017-08-01
Kisumu,2017,9,0.4929383549793379,4,2017-09-01
Kisumu,2017,10,0.5402560360134235,3,2017-10-01
Kisumu,2017,11,0.5615237868784967,4,2017-11-01
Kisumu,2017,12,0.4771962065300726,4,2017-12-01
Kisumu,2018,1,0.37397310012992563,4,2018-01-01
Kisumu,2018,2,0.3315824079450774,4,2018-02-01
Kisumu,2018,3,0.46297856146075167,4,2018-03-01
Kisumu,2018,4,0.5738785512867178,3,2018-04-01
Kisumu,2018,5,0.6018998486807878,4,2018-05-01
Kisumu,2018,6,0.590161935817098,4,2018-06-01
Kisumu,2018,7,0.5486608397415204,4,2018-07-01
Kisumu,2018,8,0.4823149219899143,4,2018-08-01
Kisumu,2018,9,0.4873344546255748,4,2018-09-01
Kisumu,2018,10,0.4897268505412257,3,2018-10-01
Kisumu,2018,11,0.5186424179300344,4,2018-11-01
Kisumu,2018,12,0.5670230971335859,4,2018-12-01
Kisumu,2019,1,0.5241262637143395,4,2019-01-01
Kisumu,2019,2,0.4458270472621564,4,2019-02-01
Kisumu,2019,3,0.47653864042132865,4,2019-03-01
Kisumu,2019,4,0.48001916504851994,3,2019-04-01
Kisumu,2019,5,0.5833375801893257,4,2019-05-01
Kisumu,2019,6,0.5782831546987324,4,2019-06-01
Kisumu,2019,7,0.5494973950168598,4,2019-07-01
Kisumu,2019,8,0.5153241420900322,4,2019-08-01
Kisumu,2019,9,0.5032253938301563,4,2019-09-01
Kisumu,2019,10,0.5263665377270325,3,2019-10-01
Kisumu,2019,11,0.5746057535238724,4,2019-11-01
Kisumu,2019,12,0.5898942816290733,4,2019-12-01
Kisumu,2020,1,0.5717813532855344,4,2020-01-01
Kisumu,2020,2,0.5414276243936051,4,2020-02-01
Kisumu,2020,3,0.5327967032684091,4,2020-03-01
Kisumu,2020,4,0.5580227750731152,4,2020-04-01
Kisumu,2020,5,0.5847667282041137,3,2020-05-01
Kisumu,2020,6,0.5596281831382642,4,2020-06-01
Kisumu,2020,7,0.5628886639616474,4,2020-07-01
Kisumu,2020,8,0.5193750629076204,4,2020-08-01
Kisumu,2020,9,0.5623382549302348,4,2020-09-01
Kisumu,2020,10,0.5597036565741198,4,2020-10-01
Kisumu,2020,11,0.6150396348792472,3,2020-11-01
Kisumu,2020,12,0.5647545824843929,4,2020-12-01
Kisumu,2021,1,0.5434231502299864,4,2021-01-01
Kisumu,2021,2,0.4440097339581546,4,2021-02-01
Kisumu,2021,3,0.4489452655481071,4,2021-03-01
Kisumu,2021,4,0.564485431336566,3,2021-04-01
Kisumu,2021,5,0.6069104735951498,4,2021-05-01
Kisumu,2021,6,0.5543585969590867,4,2021-06-01
Kisumu,2021,7,0.5197057294400709,4,2021-07-01
Kisumu,2021,8,0.5225511477729834,4,2021-08-01
Kisumu,2021,9,0.5240989091564849,4,2021-09-01
Kisumu,2021,10,0.5041779783226645,3,2021-10-01
Kisumu,2021,11,0.5244621266879905,4,2021-11-01
Kisumu,2021,12,0.49301356198205787,4,2021-12-01
Kisumu,2022,1,0.4341989682564856,4,2022-01-01
Kisumu,2022,2,0.4345182460823268,4,2022-02-01
Kisumu,2022,3,0.42491493573315847,4,2022-03-01
Kisumu,2022,4,0.5290877599099647,3,2022-04-01
Kisumu,2022,5,0.5529052773077696,4,2022-05-01
Kisumu,2022,6,0.5593173273953642,4,2022-06-01
Kisumu,2022,7,0.5020970225991697,4,2022-07-01
Kisumu,2022,8,0.5118133290301846,4,2022-08-01
Kisumu,2022,9,0.5491844890902127,4,2022-09-01
Kisumu,2022,10,0.5019008788198717,3,2022-10-01
Kisumu,2022,11,0.486563540575647,4,2022-11-01
Kisumu,2022,12,0.5598217692262137,3,2022-12-01
Kisumu,2023,1,0.5096792281466009,4,2023-01-01
Kisumu,2023,2,0.34535127232702695,3,2023-02-01
Kisumu,2023,3,0.483195322052067,4,2023-03-01
Kisumu,2023,4,0.5740354455966564,3,2023-04-01
Kisumu,2023,5,0.6334885855093346,4,2023-05-01
Kisumu,2023,6,0.5863834684636802,4,2023-06-01
Kisumu,2023,7,0.5225999803822476,4,2023-07-01
Kisumu,2023,8,0.4935496424586915,4,2023-08-01
Kisumu,2023,9,0.5336661526233216,4,2023-09-01
Kisumu,2023,10,0.5163429443595599,2,2023-10-01
Kisumu,2023,11,0.5799983732258042,4,2023-11-01
Kisumu,2023,12,0.6198698242027438,4,2023-12-01
Kisumu,2024,1,0.5593040936204062,4,2024-01-01
Kisumu,2024,2,0.5511639148099367,4,2024-02-01
Kisumu,2024,3,0.530607619226675,4,2024-03-01
Kisumu,2024,4,0.6177361950928918,4,2024-04-01
Kisumu,2024,5,0.6391792291617259,3,2024-05-01
Kisumu,2024,6,0.5720888319485464,4,2024-06-01
Kisumu,2024,7,0.5650009481417296,4,2024-07-01
Kisumu,2024,8,0.5686108858279325,3,2024-08-01
Kisumu,2024,9,0.49359691350967133,4,2024-09-01
Kisumu,2024,10,0.5127720252957576,4,2024-10-01
Kisumu,2024,11,0.5271177225301895,3,2024-11-01
Kisumu,2024,12,0.6061560885679023,3,2024-12-01
Kisumu,2025,1,0.5226323474876431,4,2025-01-01
Kisumu,2025,2,0.46420321433464895,4,2025-02-01
Kisumu,2025,3,0.5002286739041811,4,2025-03-01
Kisumu,2025,4,0.612142721916579,3,2025-04-01
Kisumu,2025,5,0.6244339224110228,4,2025-05-01
Kisumu,2025,6,0.5993958797900293,4,2025-06-01
Kisumu,2025,11,0.553863411078717,1,2025-11-01
Kisumu,2025,12,0.588869627338499,2,2025-12-01
Kisumu,2026,1,0.5456248285305875,3,2026-01-01
Kisumu,2026,2,0.4706401618970289,3,2026-02-01
Kisumu,2026,3,0.629143770806658,2,2026-03-01
Kisumu,2026,4,0.5523129818321448,2,2026-04-01
Kisumu,2026,5,0.6135207608383348,2,2026-05-01
Kisumu,2026,7,0.52281289632107,3,2026-07-01
Kisumu,2026,8,0.5312703875968993,1,2026-08-01
Kitui,2000,12,0.667941286772961,1,2000-12-01
Kitui,2001,1,0.5907222658881658,2,2001-01-01
Kitui,2001,2,0.44721332809341985,2,2001-02-01
Kitui,2001,3,0.3846407702672361,2,2001-03-01
Kitui,2001,4,0.5932257410734341,2,2001-04-01
Kitui,2001,5,0.45654199977543186,2,2001-05-01
Kitui,2001,6,0.3319738097911527,2,2001-06-01
Kitui,2001,7,0.32719531776330546,2,2001-07-01
Kitui,2001,8,0.30201594172991253,2,2001-08-01
Kitui,2001,9,0.2890143779474511,2,2001-09-01
Kitui,2001,10,0.2939601280035934,1,2001-10-01
Kitui,2001,11,0.49413616101504654,2,2001-11-01
Kitui,2001,12,0.585451226608739,2,2001-12-01
Kitui,2002,1,0.6226737480350307,2,2002-01-01
Kitui,2002,2,0.4781991241859438,2,2002-02-01
Kitui,2002,3,0.47457300134740776,2,2002-03-01
Kitui,2002,4,0.5803341286772963,2,2002-04-01
Kitui,2002,5,0.5701195710756799,2,2002-05-01
Kitui,2002,6,0.41107291152032355,2,2002-06-01
Kitui,2002,7,0.3675521854592597,4,2002-07-01
Kitui,2002,8,0.3106985571524813,4,2002-08-01
Kitui,2002,9,0.3224136340669206,4,2002-09-01
Kitui,2002,10,0.39553674677425077,3,2002-10-01
Kitui,2002,11,0.6693769835869509,4,2002-11-01
Kitui,2002,12,0.6871182770042672,4,2002-12-01
Kitui,2003,1,0.5826270042667863,4,2003-01-01
Kitui,2003,2,0.4318646642712788,4,2003-02-01
Kitui,2003,3,0.39616087469121963,4,2003-03-01
Kitui,2003,4,0.4401747960176649,3,2003-04-01
Kitui,2003,5,0.5790286744891094,4,2003-05-01
Kitui,2003,6,0.43806068942286097,4,2003-06-01
Kitui,2003,7,0.35436791488883834,4,2003-07-01
Kitui,2003,8,0.31804151134066905,4,2003-08-01
Kitui,2003,9,0.3012444042648062,4,2003-09-01
Kitui,2003,10,0.3461757317164464,3,2003-10-01
Kitui,2003,11,0.6204455337568391,4,2003-11-01
Kitui,2003,12,0.6498925611946996,4,2003-12-01
Kitui,2004,1,0.5236456658432523,4,2004-01-01
Kitui,2004,2,0.4819479648551536,4,2004-02-01
Kitui,2004,3,0.42137717549966336,4,2004-03-01
Kitui,2004,4,0.5456894172468008,4,2004-04-01
Kitui,2004,5,0.4238581592933593,3,2004-05-01
Kitui,2004,6,0.35415438468448274,4,2004-06-01
Kitui,2004,7,0.31879002681762014,4,2004-07-01
Kitui,2004,8,0.29181486076802193,4,2004-08-01
Kitui,2004,9,0.2924887407365823,4,2004-09-01
Kitui,2004,10,0.3381685801706712,4,2004-10-01
Kitui,2004,11,0.5419505202485213,3,2004-11-01
Kitui,2004,12,0.6767725104916988,4,2004-12-01
Kitui,2005,1,0.5559477852009871,4,2005-01-01
Kitui,2005,2,0.4202289355490678,4,2005-02-01
Kitui,2005,3,0.41399939366719096,4,2005-03-01
Kitui,2005,4,0.5451155775132872,3,2005-04-01
Kitui,2005,5,0.436410490119022,4,2005-05-01
Kitui,2005,6,0.35434445037053663,4,2005-06-01
Kitui,2005,7,0.2945598529081519,4,2005-07-01
Kitui,2005,8,0.2990765495171793,4,2005-08-01
Kitui,2005,9,0.2841130558050744,4,2005-09-01
Kitui,2005,10,0.2914930309154889,3,2005-10-01
Kitui,2005,11,0.43331680473346174,4,2005-11-01
Kitui,2005,12,0.4855728273074321,4,2005-12-01
Kitui,2006,1,0.370937724567707,4,2006-01-01
Kitui,2006,2,0.32694908769368863,4,2006-02-01
Kitui,2006,3,0.38156580114529537,4,2006-03-01
Kitui,2006,4,0.5145173291414035,3,2006-04-01
Kitui,2006,5,0.4954509852908149,4,2006-05-01
Kitui,2006,6,0.3656248905232435,4,2006-06-01
Kitui,2006,7,0.30350698686278904,4,2006-07-01
Kitui,2006,8,0.28398446833595303,4,2006-08-01
Kitui,2006,9,0.2751049404895574,4,2006-09-01
Kitui,2006,10,0.3246923497267749,3,2006-10-01
Kitui,2006,11,0.5952773719964054,4,2006-11-01
Kitui,2006,12,0.7175951184370861,4,2006-12-01
Kitui,2007,1,0.673521408733022,4,2007-01-01
Kitui,2007,2,0.5175877694739983,4,2007-02-01
Kitui,2007,3,0.44575992308556045,4,2007-03-01
Kitui,2007,4,0.4841039673628263,3,2007-04-01
Kitui,2007,5,0.46028357287222044,4,2007-05-01
Kitui,2007,6,0.38205766056591056,4,2007-06-01
Kitui,2007,7,0.33313233213563886,4,2007-07-01
Kitui,2007,8,0.3126423759263416,4,2007-08-01
Kitui,2007,9,0.29634996350774656,4,2007-09-01
Kitui,2007,10,0.309026847069391,3,2007-10-01
Kitui,2007,11,0.5333317959802379,4,2007-11-01
Kitui,2007,12,0.6196978385358193,4,2007-12-01
Kitui,2008,1,0.5082885161688755,4,2008-01-01
Kitui,2008,2,0.44259511845946503,4,2008-02-01
Kitui,2008,3,0.4533236694363348,4,2008-03-01
Kitui,2008,4,0.5666138923197843,4,2008-04-01
Kitui,2008,5,0.45676774833445655,3,2008-05-01
Kitui,2008,6,0.3636990191926575,4,2008-06-01
Kitui,2008,7,0.2974096844823714,4,2008-07-01
Kitui,2008,8,0.2956455170671461,4,2008-08-01
Kitui,2008,9,0.2875097322030094,4,2008-09-01
Kitui,2008,10,0.3321098023804182,4,2008-10-01
Kitui,2008,11,0.579040601841455,3,2008-11-01
Kitui,2008,12,0.49377038232652143,4,2008-12-01
Kitui,2009,1,0.3922681787558949,4,2009-01-01
Kitui,2009,2,0.3405363490905009,4,2009-02-01
Kitui,2009,3,0.3180385947675722,4,2009-03-01
Kitui,2009,4,0.34635744816228814,3,2009-04-01
Kitui,2009,5,0.32275743038401083,4,2009-05-01
Kitui,2009,6,0.28148236582079567,4,2009-06-01
Kitui,2009,7,0.27101340107792415,4,2009-07-01
Kitui,2009,8,0.25754783011452975,4,2009-08-01
Kitui,2009,9,0.2577700792698165,4,2009-09-01
Kitui,2009,10,0.36504078149562086,3,2009-10-01
Kitui,2009,11,0.547006630361554,4,2009-11-01
Kitui,2009,12,0.6147107467339636,4,2009-12-01
Kitui,2010,1,0.497474828767124,4,2010-01-01
Kitui,2010,2,0.39342451998652533,4,2010-02-01
Kitui,2010,3,0.605892426454075,4,2010-03-01
Kitui,2010,4,0.6552076877011733,3,2010-04-01
Kitui,2010,5,0.516000000050122,4,2010-05-01
Kitui,2010,6,0.36985531383337145,4,2010-06-01
Kitui,2010,7,0.32873466202560064,4,2010-07-01
Kitui,2010,8,0.31239649955086485,4,2010-08-01
Kitui,2010,9,0.3060179852106213,4,2010-09-01
Kitui,2010,10,0.3078382625945064,3,2010-10-01
Kitui,2010,11,0.5091946272176068,4,2010-11-01
Kitui,2010,12,0.5009116578710981,4,2010-12-01
Kitui,2011,1,0.38811377722883517,4,2011-01-01
Kitui,2011,2,0.36139651639344283,4,2011-02-01
Kitui,2011,3,0.36782512631933584,4,2011-03-01
Kitui,2011,4,0.3801951568231156,3,2011-04-01
Kitui,2011,5,0.33316566640467127,4,2011-05-01
Kitui,2011,6,0.29220292218729044,4,2011-06-01
Kitui,2011,7,0.2801233726709291,4,2011-07-01
Kitui,2011,8,0.2627131119470022,4,2011-08-01
Kitui,2011,9,0.25597802604985365,4,2011-09-01
Kitui,2011,10,0.3521807096339542,3,2011-10-01
Kitui,2011,11,0.5982182124410513,4,2011-11-01
Kitui,2011,12,0.634239594093869,4,2011-12-01
Kitui,2012,1,0.49005533909723703,4,2012-01-01
Kitui,2012,2,0.3727254238715469,4,2012-02-01
Kitui,2012,3,0.3305450903885026,4,2012-03-01
Kitui,2012,4,0.4604450258252859,4,2012-04-01
Kitui,2012,5,0.44357623325099177,3,2012-05-01
Kitui,2012,6,0.33021118131660976,4,2012-06-01
Kitui,2012,7,0.3094762323152933,4,2012-07-01
Kitui,2012,8,0.2845664481486898,4,2012-08-01
Kitui,2012,9,0.2681825931955981,4,2012-09-01
Kitui,2012,10,0.3014644368964743,4,2012-10-01
Kitui,2012,11,0.49585798712478435,3,2012-11-01
Kitui,2012,12,0.598658881652817,4,2012-12-01
Kitui,2013,1,0.5144063721086906,4,2013-01-01
Kitui,2013,2,0.3509063047383789,4,2013-02-01
Kitui,2013,3,0.42662679654165736,4,2013-03-01
Kitui,2013,4,0.6000956100547982,3,2013-04-01
Kitui,2013,5,0.475694102290589,4,2013-05-01
Kitui,2013,6,0.3332163401077924,4,2013-06-01
Kitui,2013,7,0.3108178026049857,4,2013-07-01
Kitui,2013,8,0.29396069222995685,4,2013-08-01
Kitui,2013,9,0.29029281102627424,4,2013-09-01
Kitui,2013,10,0.2981127142750201,3,2013-10-01
Kitui,2013,11,0.47801291264316176,4,2013-11-01
Kitui,2013,12,0.6274676145295297,4,2013-12-01
Kitui,2014,1,0.4963817005389622,4,2014-01-01
Kitui,2014,2,0.3997080170671461,4,2014-02-01
Kitui,2014,3,0.45299294576689864,4,2014-03-01
Kitui,2014,4,0.5531330301669294,3,2014-04-01
Kitui,2014,5,0.41744887435436745,4,2014-05-01
Kitui,2014,6,0.3278303447114306,4,2014-06-01
Kitui,2014,7,0.28754441668538067,4,2014-07-01
Kitui,2014,8,0.2813742841904335,4,2014-08-01
Kitui,2014,9,0.28127766112732977,4,2014-09-01
Kitui,2014,10,0.2894484205404604,3,2014-10-01
Kitui,2014,11,0.5315231775236725,4,2014-11-01
Kitui,2014,12,0.5888341988547057,4,2014-12-01
Kitui,2015,1,0.43784193521221587,4,2015-01-01
Kitui,2015,2,0.34179924489108443,4,2015-02-01
Kitui,2015,3,0.3508445317763304,4,2015-03-01
Kitui,2015,4,0.5082339770940938,3,2015-04-01
Kitui,2015,5,0.5028436026274423,4,2015-05-01
Kitui,2015,6,0.3726332332135645,4,2015-06-01
Kitui,2015,7,0.2975193324724906,4,2015-07-01
Kitui,2015,8,0.283696072872222,4,2015-08-01
Kitui,2015,9,0.27195150729347,4,2015-09-01
Kitui,2015,10,0.28316090276218336,3,2015-10-01
Kitui,2015,11,0.52098372726252,4,2015-11-01
Kitui,2015,12,0.6579188412306298,4,2015-12-01
Kitui,2016,1,0.5313691402379304,4,2016-01-01
Kitui,2016,2,0.41300870199865325,4,2016-02-01
Kitui,2016,3,0.3898117476981811,4,2016-03-01
Kitui,2016,4,0.4603695177408485,4,2016-04-01
Kitui,2016,5,0.4420147653267456,3,2016-05-01
Kitui,2016,6,0.34772768639119733,4,2016-06-01
Kitui,2016,7,0.3164171766225015,4,2016-07-01
Kitui,2016,8,0.2914217409611489,4,2016-08-01
Kitui,2016,9,0.2808447647341198,4,2016-09-01
Kitui,2016,10,0.2795139737255784,4,2016-10-01
Kitui,2016,11,0.46440480574893295,3,2016-11-01
Kitui,2016,12,0.5624564254435216,4,2016-12-01
Kitui,2017,1,0.40628446272176083,4,2017-01-01
Kitui,2017,2,0.329445486189086,4,2017-02-01
Kitui,2017,3,0.31347374522793636,4,2017-03-01
Kitui,2017,4,0.42006448461711227,3,2017-04-01
Kitui,2017,5,0.4466586121715701,4,2017-05-01
Kitui,2017,6,0.34178744385807464,4,2017-06-01
Kitui,2017,7,0.2927532674601391,4,2017-07-01
Kitui,2017,8,0.2755234476757242,4,2017-08-01
Kitui,2017,9,0.26379563215809576,4,2017-09-01
Kitui,2017,10,0.2868420503031665,3,2017-10-01
Kitui,2017,11,0.45840696159892214,4,2017-11-01
Kitui,2017,12,0.45779725465978016,4,2017-12-01
Kitui,2018,1,0.3237932629687852,4,2018-01-01
Kitui,2018,2,0.3030312345609703,4,2018-02-01
Kitui,2018,3,0.5267377666741534,4,2018-03-01
Kitui,2018,4,0.6468086832846756,3,2018-04-01
Kitui,2018,5,0.6282563693015945,4,2018-05-01
Kitui,2018,6,0.4733486582079499,4,2018-06-01
Kitui,2018,7,0.39001420110038176,4,2018-07-01
Kitui,2018,8,0.3273295446889731,4,2018-08-01
Kitui,2018,9,0.3171112424208392,4,2018-09-01
Kitui,2018,10,0.3222364136537173,3,2018-10-01
Kitui,2018,11,0.41486656186840415,4,2018-11-01
Kitui,2018,12,0.5819922496070065,4,2018-12-01
Kitui,2019,1,0.44627381821244083,4,2019-01-01
Kitui,2019,2,0.36017556141926754,4,2019-02-01
Kitui,2019,3,0.3230491185635537,4,2019-03-01
Kitui,2019,4,0.35603374129800164,3,2019-04-01
Kitui,2019,5,0.42605047720637745,4,2019-05-01
Kitui,2019,6,0.3274601280035928,4,2019-06-01
Kitui,2019,7,0.28961140803952445,4,2019-07-01
Kitui,2019,8,0.2746179738378626,4,2019-08-01
Kitui,2019,9,0.2658426482146873,4,2019-09-01
Kitui,2019,10,0.4317733849839062,3,2019-10-01
Kitui,2019,11,0.6159838760386265,4,2019-11-01
Kitui,2019,12,0.7048013939201936,4,2019-12-01
Kitui,2020,1,0.6672916601167751,4,2020-01-01
Kitui,2020,2,0.6368266551052968,4,2020-02-01
Kitui,2020,3,0.6224673141702214,4,2020-03-01
Kitui,2020,4,0.6518061250842133,4,2020-04-01
Kitui,2020,5,0.5835723819148145,3,2020-05-01
Kitui,2020,6,0.46530485990776715,4,2020-06-01
Kitui,2020,7,0.39757211430496286,4,2020-07-01
Kitui,2020,8,0.2903610403099038,4,2020-08-01
Kitui,2020,9,0.3357095497417477,4,2020-09-01
Kitui,2020,10,0.34383926285650224,4,2020-10-01
Kitui,2020,11,0.5447049891458948,3,2020-11-01
Kitui,2020,12,0.6108338535818567,4,2020-12-01
Kitui,2021,1,0.4990084465528849,4,2021-01-01
Kitui,2021,2,0.41291829103974864,4,2021-02-01
Kitui,2021,3,0.3667780597350099,4,2021-03-01
Kitui,2021,4,0.4838814581929789,3,2021-04-01
Kitui,2021,5,0.45748559678868084,4,2021-05-01
Kitui,2021,6,0.3464648242757693,4,2021-06-01
Kitui,2021,7,0.31132647653267453,4,2021-07-01
Kitui,2021,8,0.29445536997529836,4,2021-08-01
Kitui,2021,9,0.2865659534828357,4,2021-09-01
Kitui,2021,10,0.29228948648851005,3,2021-10-01
Kitui,2021,11,0.3377104115203232,4,2021-11-01
Kitui,2021,12,0.6414644677745331,4,2021-12-01
Kitui,2022,1,0.6304687963170911,4,2022-01-01
Kitui,2022,2,0.42524894733887214,4,2022-02-01
Kitui,2022,3,0.3324444194924774,4,2022-03-01
Kitui,2022,4,0.3988907132443545,3,2022-04-01
Kitui,2022,5,0.43194900909499284,4,2022-05-01
Kitui,2022,6,0.3459568897911594,4,2022-06-01
Kitui,2022,7,0.2916630586121718,4,2022-07-01
Kitui,2022,8,0.28879535425555763,4,2022-08-01
Kitui,2022,9,0.2743779025376157,4,2022-09-01
Kitui,2022,10,0.2701547870349576,3,2022-10-01
Kitui,2022,11,0.44653179878733473,4,2022-11-01
Kitui,2022,12,0.5427185713669064,3,2022-12-01
Kitui,2023,1,0.43979786660678205,4,2023-01-01
Kitui,2023,2,0.33901394054877804,3,2023-02-01
Kitui,2023,3,0.36158161913316794,4,2023-03-01
Kitui,2023,4,0.5728502807096344,3,2023-04-01
Kitui,2023,5,0.5479604676622504,4,2023-05-01
Kitui,2023,6,0.41056365933078826,4,2023-06-01
Kitui,2023,7,0.34030391589939457,4,2023-07-01
Kitui,2023,8,0.3067033685156073,4,2023-08-01
Kitui,2023,9,0.2935693128228155,4,2023-09-01
Kitui,2023,10,0.30330847181675213,2,2023-10-01
Kitui,2023,11,0.5972645126880756,4,2023-11-01
Kitui,2023,12,0.6902629379070292,4,2023-12-01
Kitui,2024,1,0.604235414327418,4,2024-01-01
Kitui,2024,2,0.46694116826558196,4,2024-02-01
Kitui,2024,3,0.49390526632078335,4,2024-03-01
Kitui,2024,4,0.6626327532000889,4,2024-04-01
Kitui,2024,5,0.6137029118946017,3,2024-05-01
Kitui,2024,6,0.4724178615540085,4,2024-06-01
Kitui,2024,7,0.3926482494959836,4,2024-07-01
Kitui,2024,8,0.36037989370461904,3,2024-08-01
Kitui,2024,9,0.33137966258702034,4,2024-09-01
Kitui,2024,10,0.32084116606781904,4,2024-10-01
Kitui,2024,11,0.605021438730442,3,2024-11-01
Kitui,2024,12,0.6489004009804976,3,2024-12-01
Kitui,2025,1,0.5003258084437464,4,2025-01-01
Kitui,2025,2,0.4039726420390746,4,2025-02-01
Kitui,2025,3,0.48400156833370805,4,2025-03-01
Kitui,2025,4,0.6863865259375684,3,2025-04-01
Kitui,2025,5,0.5491334802380405,4,2025-05-01
Kitui,2025,6,0.4042025320008982,4,2025-06-01
Kitui,2025,11,0.4694905681563013,1,2025-11-01
Kitui,2025,12,0.5115826184594646,2,2025-12-01
Kitui,2026,1,0.4135033460588356,3,2026-01-01
Kitui,2026,2,0.42068985328243236,3,2026-02-01
Kitui,2026,3,0.6583197004700545,2,2026-03-01
Kitui,2026,4,0.610509517125212,2,2026-04-01
Kitui,2026,5,0.55681206991407,2,2026-05-01
Kitui,2026,7,0.36736314377977924,3,2026-07-01
Kitui,2026,8,0.35015440152706057,1,2026-08-01
Kwale,2000,12,0.6757356170037159,1,2000-12-01
Kwale,2001,1,0.6673441807676429,2,2001-01-01
Kwale,2001,2,0.5338987825010316,2,2001-02-01
Kwale,2001,3,0.4493803136607508,2,2001-03-01
Kwale,2001,4,0.4999913536937677,2,2001-04-01
Kwale,2001,5,0.5804909561138734,2,2001-05-01
Kwale,2001,6,0.4928268675196042,2,2001-06-01
Kwale,2001,7,0.5085715641766407,2,2001-07-01
Kwale,2001,8,0.42673375980189904,2,2001-08-01
Kwale,2001,9,0.3726950268262483,2,2001-09-01
Kwale,2001,10,0.3625716467189439,1,2001-10-01
Kwale,2001,11,0.3931058811390843,2,2001-11-01
Kwale,2001,12,0.42233522492777514,2,2001-12-01
Kwale,2002,1,0.46579075526207236,2,2002-01-01
Kwale,2002,2,0.4500817168799013,2,2002-02-01
Kwale,2002,3,0.5016805612876598,2,2002-03-01
Kwale,2002,4,0.5170645893520425,2,2002-04-01
Kwale,2002,5,0.5008158068510107,2,2002-05-01
Kwale,2002,6,0.44761139550679485,2,2002-06-01
Kwale,2002,7,0.4293394655385884,4,2002-07-01
Kwale,2002,8,0.45172359678084967,4,2002-08-01
Kwale,2002,9,0.549856634337598,4,2002-09-01
Kwale,2002,10,0.5648575594992431,3,2002-10-01
Kwale,2002,11,0.6852086566240192,4,2002-11-01
Kwale,2002,12,0.7032616384647132,4,2002-12-01
Kwale,2003,1,0.6359247523730913,4,2003-01-01
Kwale,2003,2,0.5145946244325217,4,2003-02-01
Kwale,2003,3,0.4742252515205744,4,2003-03-01
Kwale,2003,4,0.5371799009492358,3,2003-04-01
Kwale,2003,5,0.5693700268262485,4,2003-05-01
Kwale,2003,6,0.6414994737928194,4,2003-06-01
Kwale,2003,7,0.5579345542715644,4,2003-07-01
Kwale,2003,8,0.49747670243499753,4,2003-08-01
Kwale,2003,9,0.4382729786763446,4,2003-09-01
Kwale,2003,10,0.42765852249277736,3,2003-10-01
Kwale,2003,11,0.48350423338580534,4,2003-11-01
Kwale,2003,12,0.4211020962788483,4,2003-12-01
Kwale,2004,1,0.495031149401568,4,2004-01-01
Kwale,2004,2,0.5098038382170857,4,2004-02-01
Kwale,2004,3,0.47992438702456824,4,2004-03-01
Kwale,2004,4,0.6020257325629389,4,2004-04-01
Kwale,2004,5,0.5410946259462518,3,2004-05-01
Kwale,2004,6,0.5150997833264553,4,2004-06-01
Kwale,2004,7,0.5248026413536933,4,2004-07-01
Kwale,2004,8,0.44654159100288887,4,2004-08-01
Kwale,2004,9,0.371771198785517,4,2004-09-01
Kwale,2004,10,0.5446911886091622,4,2004-10-01
Kwale,2004,11,0.6716755537212825,3,2004-11-01
Kwale,2004,12,0.6437346884028069,4,2004-12-01
Kwale,2005,1,0.5170428878448794,4,2005-01-01
Kwale,2005,2,0.4478796533223283,4,2005-02-01
Kwale,2005,3,0.46951729261246433,4,2005-03-01
Kwale,2005,4,0.5469828312009907,3,2005-04-01
Kwale,2005,5,0.5246668592653743,4,2005-05-01
Kwale,2005,6,0.5056790033016918,4,2005-06-01
Kwale,2005,7,0.4771203879488238,4,2005-07-01
Kwale,2005,8,0.44533920759389156,4,2005-08-01
Kwale,2005,9,0.41632280231118474,4,2005-09-01
Kwale,2005,10,0.41712659237859434,3,2005-10-01
Kwale,2005,11,0.5643565414775069,4,2005-11-01
Kwale,2005,12,0.4986430150024553,4,2005-12-01
Kwale,2006,1,0.4020682212133716,4,2006-01-01
Kwale,2006,2,0.35718519397441156,4,2006-02-01
Kwale,2006,3,0.45953011762278223,4,2006-03-01
Kwale,2006,4,0.5660411335809604,3,2006-04-01
Kwale,2006,5,0.6405081799226244,4,2006-05-01
Kwale,2006,6,0.5993332629590906,4,2006-06-01
Kwale,2006,7,0.5213004333470903,4,2006-07-01
Kwale,2006,8,0.5057258770119687,4,2006-08-01
Kwale,2006,9,0.48309571811803576,4,2006-09-01
Kwale,2006,10,0.6485106754711788,3,2006-10-01
Kwale,2006,11,0.7107168386297978,4,2006-11-01
Kwale,2006,12,0.7241429426330994,4,2006-12-01
Kwale,2007,1,0.6859142901361941,4,2007-01-01
Kwale,2007,2,0.553146223689641,4,2007-02-01
Kwale,2007,3,0.5346944077589757,4,2007-03-01
Kwale,2007,4,0.5628778373916641,3,2007-04-01
Kwale,2007,5,0.6485727958231614,4,2007-05-01
Kwale,2007,6,0.6724419727610398,4,2007-06-01
Kwale,2007,7,0.5713247214197278,4,2007-07-01
Kwale,2007,8,0.5570381654973172,4,2007-08-01
Kwale,2007,9,0.5070095749071396,4,2007-09-01
Kwale,2007,10,0.5217967258219839,3,2007-10-01
Kwale,2007,11,0.5585456871646721,4,2007-11-01
Kwale,2007,12,0.5459717292612467,4,2007-12-01
Kwale,2008,1,0.48612447087043953,4,2008-01-01
Kwale,2008,2,0.45055047086089706,4,2008-02-01
Kwale,2008,3,0.49578842344201435,4,2008-03-01
Kwale,2008,4,0.545710472554684,4,2008-04-01
Kwale,2008,5,0.5559932315311595,3,2008-05-01
Kwale,2008,6,0.5373520429219975,4,2008-06-01
Kwale,2008,7,0.4774174438306788,4,2008-07-01
Kwale,2008,8,0.44014994841106075,4,2008-08-01
Kwale,2008,9,0.3961570984889512,4,2008-09-01
Kwale,2008,10,0.42024213784564557,4,2008-10-01
Kwale,2008,11,0.5372476090791536,3,2008-11-01
Kwale,2008,12,0.5079431830094411,4,2008-12-01
Kwale,2009,1,0.41310814073462665,4,2009-01-01
Kwale,2009,2,0.3921160791349618,4,2009-02-01
Kwale,2009,3,0.39759324184894757,4,2009-03-01
Kwale,2009,4,0.4402691979639563,3,2009-04-01
Kwale,2009,5,0.43052266817994206,4,2009-05-01
Kwale,2009,6,0.4579490610813046,4,2009-06-01
Kwale,2009,7,0.4359061700371437,4,2009-07-01
Kwale,2009,8,0.36835778992983936,4,2009-08-01
Kwale,2009,9,0.3204386297977716,4,2009-09-01
Kwale,2009,10,0.3982306782225891,3,2009-10-01
Kwale,2009,11,0.48337196657036763,4,2009-11-01
Kwale,2009,12,0.5416219000372495,4,2009-12-01
Kwale,2010,1,0.5367186132893107,4,2010-01-01
Kwale,2010,2,0.43766110193974406,4,2010-02-01
Kwale,2010,3,0.4268342536115668,4,2010-03-01
Kwale,2010,4,0.562976035218049,3,2010-04-01
Kwale,2010,5,0.6710095914471385,4,2010-05-01
Kwale,2010,6,0.6506224177840152,4,2010-06-01
Kwale,2010,7,0.5551162814692527,4,2010-07-01
Kwale,2010,8,0.48394340693355337,4,2010-08-01
Kwale,2010,9,0.4452154893298225,4,2010-09-01
Kwale,2010,10,0.39401752648232224,3,2010-10-01
Kwale,2010,11,0.5346316506662854,4,2010-11-01
Kwale,2010,12,0.49800966776723055,4,2010-12-01
Kwale,2011,1,0.4086633924886507,4,2011-01-01
Kwale,2011,2,0.3907682005777963,4,2011-02-01
Kwale,2011,3,0.43012904457284395,4,2011-03-01
Kwale,2011,4,0.5368060118310637,3,2011-04-01
Kwale,2011,5,0.6107415290961619,4,2011-05-01
Kwale,2011,6,0.5392798287247214,4,2011-06-01
Kwale,2011,7,0.44820492158481207,4,2011-07-01
Kwale,2011,8,0.3931757738340901,4,2011-08-01
Kwale,2011,9,0.4021582026413541,4,2011-09-01
Kwale,2011,10,0.5962545742192876,3,2011-10-01
Kwale,2011,11,0.6461661819848183,4,2011-11-01
Kwale,2011,12,0.5966211101939746,4,2011-12-01
Kwale,2012,1,0.5025788382170865,4,2012-01-01
Kwale,2012,2,0.41266578160182477,4,2012-02-01
Kwale,2012,3,0.41515302356766737,4,2012-03-01
Kwale,2012,4,0.4606549938093273,4,2012-04-01
Kwale,2012,5,0.5170453596991579,3,2012-05-01
Kwale,2012,6,0.48057493809327245,4,2012-06-01
Kwale,2012,7,0.42861466860986447,4,2012-07-01
Kwale,2012,8,0.408362897234833,4,2012-08-01
Kwale,2012,9,0.41077047049112636,4,2012-09-01
Kwale,2012,10,0.41689679116797346,4,2012-10-01
Kwale,2012,11,0.5146309671206487,3,2012-11-01
Kwale,2012,12,0.5366691744457619,4,2012-12-01
Kwale,2013,1,0.4500803549319029,4,2013-01-01
Kwale,2013,2,0.3686672520527371,4,2013-02-01
Kwale,2013,3,0.415758658332291,4,2013-03-01
Kwale,2013,4,0.44484791930575374,3,2013-04-01
Kwale,2013,5,0.5767581923235668,4,2013-05-01
Kwale,2013,6,0.541475990507635,4,2013-06-01
Kwale,2013,7,0.45615149607923994,4,2013-07-01
Kwale,2013,8,0.45599856582748655,4,2013-08-01
Kwale,2013,9,0.44038825842556817,4,2013-09-01
Kwale,2013,10,0.49788944573513877,3,2013-10-01
Kwale,2013,11,0.5488527445315728,4,2013-11-01
Kwale,2013,12,0.5781938815517941,4,2013-12-01
Kwale,2014,1,0.4759981324803955,4,2014-01-01
Kwale,2014,2,0.39697498198860154,4,2014-02-01
Kwale,2014,3,0.47722969459347897,4,2014-03-01
Kwale,2014,4,0.510870573669005,3,2014-04-01
Kwale,2014,5,0.5957676640528276,4,2014-05-01
Kwale,2014,6,0.5728766714816342,4,2014-06-01
Kwale,2014,7,0.5007878646754391,4,2014-07-01
Kwale,2014,8,0.49349365456046235,4,2014-08-01
Kwale,2014,9,0.4772048699958729,4,2014-09-01
Kwale,2014,10,0.5263667629660204,3,2014-10-01
Kwale,2014,11,0.5947508563763928,4,2014-11-01
Kwale,2014,12,0.588384234420141,4,2014-12-01
Kwale,2015,1,0.47230686132893124,4,2015-01-01
Kwale,2015,2,0.3925622059430457,4,2015-02-01
Kwale,2015,3,0.41176977919934,4,2015-03-01
Kwale,2015,4,0.502219658825148,3,2015-04-01
Kwale,2015,5,0.574115507635163,4,2015-05-01
Kwale,2015,6,0.5849727124501531,4,2015-06-01
Kwale,2015,7,0.5043822843582342,4,2015-07-01
Kwale,2015,8,0.4945101527032606,4,2015-08-01
Kwale,2015,9,0.4098738832549542,4,2015-09-01
Kwale,2015,10,0.47465787267946347,3,2015-10-01
Kwale,2015,11,0.5717284392271219,4,2015-11-01
Kwale,2015,12,0.5814167442105366,4,2015-12-01
Kwale,2016,1,0.45358925918283144,4,2016-01-01
Kwale,2016,2,0.39214124751256996,4,2016-02-01
Kwale,2016,3,0.39114650226991304,4,2016-03-01
Kwale,2016,4,0.5758567213997912,4,2016-04-01
Kwale,2016,5,0.5714431971385332,3,2016-05-01
Kwale,2016,6,0.48840826590276964,4,2016-06-01
Kwale,2016,7,0.4356912401981017,4,2016-07-01
Kwale,2016,8,0.38774180767643435,4,2016-08-01
Kwale,2016,9,0.3585613186132894,4,2016-09-01
Kwale,2016,10,0.32657580441257134,4,2016-10-01
Kwale,2016,11,0.37058128279440594,3,2016-11-01
Kwale,2016,12,0.46773186132893163,4,2016-12-01
Kwale,2017,1,0.42476576557985946,4,2017-01-01
Kwale,2017,2,0.3463731015270329,4,2017-02-01
Kwale,2017,3,0.34924581097812624,4,2017-03-01
Kwale,2017,4,0.3690366900536525,3,2017-04-01
Kwale,2017,5,0.5416086566240198,4,2017-05-01
Kwale,2017,6,0.6056339455220806,4,2017-06-01
Kwale,2017,7,0.5134501341312421,4,2017-07-01
Kwale,2017,8,0.47070598431696237,4,2017-08-01
Kwale,2017,9,0.4464020222864221,4,2017-09-01
Kwale,2017,10,0.5052312147475582,3,2017-10-01
Kwale,2017,11,0.6284411163846474,4,2017-11-01
Kwale,2017,12,0.5935446347503102,4,2017-12-01
Kwale,2018,1,0.4968667560874951,4,2018-01-01
Kwale,2018,2,0.42040035080478727,4,2018-02-01
Kwale,2018,3,0.5899748761865461,4,2018-03-01
Kwale,2018,4,0.618173990739721,3,2018-04-01
Kwale,2018,5,0.629002404044573,4,2018-05-01
Kwale,2018,6,0.5924651981015275,4,2018-06-01
Kwale,2018,7,0.5292800969872062,4,2018-07-01
Kwale,2018,8,0.4519387329756496,4,2018-08-01
Kwale,2018,9,0.4552125051588936,4,2018-09-01
Kwale,2018,10,0.4777068647681939,3,2018-10-01
Kwale,2018,11,0.6348780747007845,4,2018-11-01
Kwale,2018,12,0.6291101527032603,4,2018-12-01
Kwale,2019,1,0.5244596471316553,4,2019-01-01
Kwale,2019,2,0.43764503714403546,4,2019-02-01
Kwale,2019,3,0.4127942117210075,4,2019-03-01
Kwale,2019,4,0.3864541752648232,3,2019-04-01
Kwale,2019,5,0.5187276000825426,4,2019-05-01
Kwale,2019,6,0.5768741333058189,4,2019-06-01
Kwale,2019,7,0.49510651052414395,4,2019-07-01
Kwale,2019,8,0.4579883305819231,4,2019-08-01
Kwale,2019,9,0.44494913330581953,4,2019-09-01
Kwale,2019,10,0.6379671459084588,3,2019-10-01
Kwale,2019,11,0.6970541167973584,4,2019-11-01
Kwale,2019,12,0.7108706562113078,4,2019-12-01
Kwale,2020,1,0.6680281778786622,4,2020-01-01
Kwale,2020,2,0.6311698514238546,4,2020-02-01
Kwale,2020,3,0.6444999690466353,4,2020-03-01
Kwale,2020,4,0.6310489021226188,4,2020-04-01
Kwale,2020,5,0.6675715779336922,3,2020-05-01
Kwale,2020,6,0.5641529508873293,4,2020-06-01
Kwale,2020,7,0.4779695865267925,4,2020-07-01
Kwale,2020,8,0.3892314500536386,4,2020-08-01
Kwale,2020,9,0.4146066756087497,4,2020-09-01
Kwale,2020,10,0.45668793850598427,4,2020-10-01
Kwale,2020,11,0.650434402407245,3,2020-11-01
Kwale,2020,12,0.6279491238868979,4,2020-12-01
Kwale,2021,1,0.5358885782088314,4,2021-01-01
Kwale,2021,2,0.4694750206355759,4,2021-02-01
Kwale,2021,3,0.41836857201815936,4,2021-03-01
Kwale,2021,4,0.47290850185720235,3,2021-04-01
Kwale,2021,5,0.5388922557589619,4,2021-05-01
Kwale,2021,6,0.4611157139909203,4,2021-06-01
Kwale,2021,7,0.41015371440363185,4,2021-07-01
Kwale,2021,8,0.3746875877011968,4,2021-08-01
Kwale,2021,9,0.3534957078002472,4,2021-09-01
Kwale,2021,10,0.336057985967809,3,2021-10-01
Kwale,2021,11,0.32100900742880717,4,2021-11-01
Kwale,2021,12,0.5016462014735947,4,2021-12-01
Kwale,2022,1,0.4539011452744533,4,2022-01-01
Kwale,2022,2,0.39177345671112895,4,2022-02-01
Kwale,2022,3,0.32869494989866255,4,2022-03-01
Kwale,2022,4,0.39265486311734726,3,2022-04-01
Kwale,2022,5,0.44124010524143625,4,2022-05-01
Kwale,2022,6,0.4409040961617831,4,2022-06-01
Kwale,2022,7,0.44150429102824484,4,2022-07-01
Kwale,2022,8,0.43386464094098237,4,2022-08-01
Kwale,2022,9,0.35882958109781254,4,2022-09-01
Kwale,2022,10,0.32011152840830914,3,2022-10-01
Kwale,2022,11,0.38070853281056555,4,2022-11-01
Kwale,2022,12,0.4516543816205803,3,2022-12-01
Kwale,2023,1,0.4297743912505162,4,2023-01-01
Kwale,2023,2,0.34972198376668073,3,2023-02-01
Kwale,2023,3,0.31593584399504737,4,2023-03-01
Kwale,2023,4,0.3817925973663486,3,2023-04-01
Kwale,2023,5,0.5636547816599324,4,2023-05-01
Kwale,2023,6,0.6017904457284347,4,2023-06-01
Kwale,2023,7,0.5345543752021391,4,2023-07-01
Kwale,2023,8,0.46612138877424647,4,2023-08-01
Kwale,2023,9,0.4246801382583576,4,2023-09-01
Kwale,2023,10,0.49209855550969983,2,2023-10-01
Kwale,2023,11,0.6375757944696654,4,2023-11-01
Kwale,2023,12,0.7080500928600908,4,2023-12-01
Kwale,2024,1,0.6717097709451093,4,2024-01-01
Kwale,2024,2,0.5450563648311854,4,2024-02-01
Kwale,2024,3,0.5824756706562112,4,2024-03-01
Kwale,2024,4,0.6361210379694592,4,2024-04-01
Kwale,2024,5,0.5791549043884995,3,2024-05-01
Kwale,2024,6,0.5003817065621132,4,2024-06-01
Kwale,2024,7,0.4474956355757329,4,2024-07-01
Kwale,2024,8,0.4231259870683733,3,2024-08-01
Kwale,2024,9,0.3989160028889805,4,2024-09-01
Kwale,2024,10,0.38681854106479563,4,2024-10-01
Kwale,2024,11,0.44075937542990795,3,2024-11-01
Kwale,2024,12,0.60219497241149,3,2024-12-01
Kwale,2025,1,0.5736970622505965,4,2025-01-01
Kwale,2025,2,0.4595960998761862,4,2025-02-01
Kwale,2025,3,0.4622333470903841,4,2025-03-01
Kwale,2025,4,0.6032911797028636,3,2025-04-01
Kwale,2025,5,0.6330564279818409,4,2025-05-01
Kwale,2025,6,0.605253974936303,4,2025-06-01
Kwale,2025,11,0.5229202479338834,1,2025-11-01
Kwale,2025,12,0.48919782646165555,2,2025-12-01
Kwale,2026,1,0.3980660443025368,3,2026-01-01
Kwale,2026,2,0.3987306049331678,3,2026-02-01
Kwale,2026,3,0.6569957213724666,2,2026-03-01
Kwale,2026,4,0.646422821435651,2,2026-04-01
Kwale,2026,5,0.6484501389752864,2,2026-05-01
Kwale,2026,7,0.4971999275434576,3,2026-07-01
Kwale,2026,8,0.4565119933829616,1,2026-08-01
Laikipia,2000,12,0.40652149532710313,1,2000-12-01
Laikipia,2001,1,0.4140156182602447,2,2001-01-01
Laikipia,2001,2,0.34871732566498903,2,2001-02-01
Laikipia,2001,3,0.37072767792954686,2,2001-03-01
Laikipia,2001,4,0.502487526959022,2,2001-04-01
Laikipia,2001,5,0.479037940330697,2,2001-05-01
Laikipia,2001,6,0.3668727534148094,2,2001-06-01
Laikipia,2001,7,0.45255907620417,2,2001-07-01
Laikipia,2001,8,0.4500072429906534,2,2001-08-01
Laikipia,2001,9,0.40567271746944655,2,2001-09-01
Laikipia,2001,10,0.3557607117181887,1,2001-10-01
Laikipia,2001,11,0.49489521926671487,2,2001-11-01
Laikipia,2001,12,0.5359800682961896,2,2001-12-01
Laikipia,2002,1,0.42103842559309845,2,2002-01-01
Laikipia,2002,2,0.335100377426312,2,2002-02-01
Laikipia,2002,3,0.42035452911574395,2,2002-03-01
Laikipia,2002,4,0.47471497124370965,2,2002-04-01
Laikipia,2002,5,0.6076876347951113,2,2002-05-01
Laikipia,2002,6,0.5073924155283968,2,2002-06-01
Laikipia,2002,7,0.4301324766355139,4,2002-07-01
Laikipia,2002,8,0.40539528217109977,4,2002-08-01
Laikipia,2002,9,0.3409698687994249,4,2002-09-01
Laikipia,2002,10,0.33948761083153606,3,2002-10-01
Laikipia,2002,11,0.47906580697340073,4,2002-11-01
Laikipia,2002,12,0.5224770129403307,4,2002-12-01
Laikipia,2003,1,0.5211184399712436,4,2003-01-01
Laikipia,2003,2,0.3755839054636949,4,2003-02-01
Laikipia,2003,3,0.3336256649892164,4,2003-03-01
Laikipia,2003,4,0.4072057272945125,3,2003-04-01
Laikipia,2003,5,0.6234617181883535,4,2003-05-01
Laikipia,2003,6,0.6126718637670745,4,2003-06-01
Laikipia,2003,7,0.4963258087706688,4,2003-07-01
Laikipia,2003,8,0.5194709831056794,4,2003-08-01
Laikipia,2003,9,0.5054126437814521,4,2003-09-01
Laikipia,2003,10,0.39616181404265477,3,2003-10-01
Laikipia,2003,11,0.4858225197699501,4,2003-11-01
Laikipia,2003,12,0.5447506020848307,4,2003-12-01
Laikipia,2004,1,0.4827628684399711,4,2004-01-01
Laikipia,2004,2,0.4205113587347231,4,2004-02-01
Laikipia,2004,3,0.3805161843997127,4,2004-03-01
Laikipia,2004,4,0.5422244338605324,4,2004-04-01
Laikipia,2004,5,0.5575168823388444,3,2004-05-01
Laikipia,2004,6,0.45780888749101434,4,2004-06-01
Laikipia,2004,7,0.40978006829618974,4,2004-07-01
Laikipia,2004,8,0.43483334831056863,4,2004-08-01
Laikipia,2004,9,0.3733840312724659,4,2004-09-01
Laikipia,2004,10,0.39070370237239394,4,2004-10-01
Laikipia,2004,11,0.5480513659237954,3,2004-11-01
Laikipia,2004,12,0.507698166786484,4,2004-12-01
Laikipia,2005,1,0.38705112329259495,4,2005-01-01
Laikipia,2005,2,0.34558385154565086,4,2005-02-01
Laikipia,2005,3,0.3332515995686561,4,2005-03-01
Laikipia,2005,4,0.3903178169182843,3,2005-04-01
Laikipia,2005,5,0.5369110981308414,4,2005-05-01
Laikipia,2005,6,0.5183339503953994,4,2005-06-01
Laikipia,2005,7,0.45271733465133,4,2005-07-01
Laikipia,2005,8,0.44534597411933863,4,2005-08-01
Laikipia,2005,9,0.4580589414090587,4,2005-09-01
Laikipia,2005,10,0.4225470644620179,3,2005-10-01
Laikipia,2005,11,0.4021383087706688,4,2005-11-01
Laikipia,2005,12,0.34681125089863446,4,2005-12-01
Laikipia,2006,1,0.32090327102803745,4,2006-01-01
Laikipia,2006,2,0.30653377965492457,4,2006-02-01
Laikipia,2006,3,0.35469735801581614,4,2006-03-01
Laikipia,2006,4,0.4609639348190749,3,2006-04-01
Laikipia,2006,5,0.46510800682961917,4,2006-05-01
Laikipia,2006,6,0.38292878324946045,4,2006-06-01
Laikipia,2006,7,0.38874068116462973,4,2006-07-01
Laikipia,2006,8,0.4224932602444284,4,2006-08-01
Laikipia,2006,9,0.3872054097771389,4,2006-09-01
Laikipia,2006,10,0.37552026120297155,3,2006-10-01
Laikipia,2006,11,0.5310024712437096,4,2006-11-01
Laikipia,2006,12,0.6265643242271749,4,2006-12-01
Laikipia,2007,1,0.5988848849748386,4,2007-01-01
Laikipia,2007,2,0.4855855230050328,4,2007-02-01
Laikipia,2007,3,0.403392145938174,4,2007-03-01
Laikipia,2007,4,0.4631950994488377,3,2007-04-01
Laikipia,2007,5,0.4826641984184037,4,2007-05-01
Laikipia,2007,6,0.5279746135873474,4,2007-06-01
Laikipia,2007,7,0.5340844895758448,4,2007-07-01
Laikipia,2007,8,0.5545580517613227,4,2007-08-01
Laikipia,2007,9,0.5351323508267432,4,2007-09-01
Laikipia,2007,10,0.47999487179487166,3,2007-10-01
Laikipia,2007,11,0.4971713335729695,4,2007-11-01
Laikipia,2007,12,0.4316594356578,4,2007-12-01
Laikipia,2008,1,0.3966101006470161,4,2008-01-01
Laikipia,2008,2,0.3446977444284689,4,2008-02-01
Laikipia,2008,3,0.36396922178288976,4,2008-03-01
Laikipia,2008,4,0.46237242990654215,4,2008-04-01
Laikipia,2008,5,0.42437217828900087,3,2008-05-01
Laikipia,2008,6,0.366020012580877,4,2008-06-01
Laikipia,2008,7,0.4023213156002875,4,2008-07-01
Laikipia,2008,8,0.42723022106398256,4,2008-08-01
Laikipia,2008,9,0.42515027857656384,4,2008-09-01
Laikipia,2008,10,0.47819224478792244,4,2008-10-01
Laikipia,2008,11,0.5773732087227413,3,2008-11-01
Laikipia,2008,12,0.4696454259525522,4,2008-12-01
Laikipia,2009,1,0.3757584022286123,4,2009-01-01
Laikipia,2009,2,0.303973903666427,4,2009-02-01
Laikipia,2009,3,0.2842916786484544,4,2009-03-01
Laikipia,2009,4,0.2895465372633597,3,2009-04-01
Laikipia,2009,5,0.33505101545650634,4,2009-05-01
Laikipia,2009,6,0.321316139468009,4,2009-06-01
Laikipia,2009,7,0.3019353432782173,4,2009-07-01
Laikipia,2009,8,0.28518805715312734,4,2009-08-01
Laikipia,2009,9,0.26733346513299805,4,2009-09-01
Laikipia,2009,10,0.3325089503953988,3,2009-10-01
Laikipia,2009,11,0.40244173256649873,4,2009-11-01
Laikipia,2009,12,0.4267960280373827,4,2009-12-01
Laikipia,2010,1,0.5059456236520489,4,2010-01-01
Laikipia,2010,2,0.48825018871315556,4,2010-02-01
Laikipia,2010,3,0.5453793404025884,4,2010-03-01
Laikipia,2010,4,0.5823110472082432,3,2010-04-01
Laikipia,2010,5,0.6113552570093453,4,2010-05-01
Laikipia,2010,6,0.5395051132278941,4,2010-06-01
Laikipia,2010,7,0.4671895219266715,4,2010-07-01
Laikipia,2010,8,0.5106516445003594,4,2010-08-01
Laikipia,2010,9,0.5102948058950395,4,2010-09-01
Laikipia,2010,10,0.45260787203450814,3,2010-10-01
Laikipia,2010,11,0.44925236340762015,4,2010-11-01
Laikipia,2010,12,0.3792174874191231,4,2010-12-01
Laikipia,2011,1,0.33930577821710983,4,2011-01-01
Laikipia,2011,2,0.30496094536304813,4,2011-02-01
Laikipia,2011,3,0.33819681883537045,4,2011-03-01
Laikipia,2011,4,0.387939731607956,3,2011-04-01
Laikipia,2011,5,0.4516236340762041,4,2011-05-01
Laikipia,2011,6,0.45953287203450766,4,2011-06-01
Laikipia,2011,7,0.47585574227174726,4,2011-07-01
Laikipia,2011,8,0.5155237778576558,4,2011-08-01
Laikipia,2011,9,0.5240432422717468,4,2011-09-01
Laikipia,2011,10,0.5119429547088429,3,2011-10-01
Laikipia,2011,11,0.6050400071890729,4,2011-11-01
Laikipia,2011,12,0.6174084112149529,4,2011-12-01
Laikipia,2012,1,0.49184206506110684,4,2012-01-01
Laikipia,2012,2,0.3781664180445721,4,2012-02-01
Laikipia,2012,3,0.330586637311287,4,2012-03-01
Laikipia,2012,4,0.46738253055355883,4,2012-04-01
Laikipia,2012,5,0.6390322070452905,3,2012-05-01
Laikipia,2012,6,0.5700859004313445,4,2012-06-01
Laikipia,2012,7,0.565260801581596,4,2012-07-01
Laikipia,2012,8,0.5687499460819543,4,2012-08-01
Laikipia,2012,9,0.5158232566498924,4,2012-09-01
Laikipia,2012,10,0.49952500898634067,4,2012-10-01
Laikipia,2012,11,0.529269662113587,3,2012-11-01
Laikipia,2012,12,0.5091627965492448,4,2012-12-01
Laikipia,2013,1,0.45701889827462205,4,2013-01-01
Laikipia,2013,2,0.362321081955428,4,2013-02-01
Laikipia,2013,3,0.37859210100646995,4,2013-03-01
Laikipia,2013,4,0.5973627486220943,3,2013-04-01
Laikipia,2013,5,0.6075265007189077,4,2013-05-01
Laikipia,2013,6,0.5407340582314882,4,2013-06-01
Laikipia,2013,7,0.5383987419122935,4,2013-07-01
Laikipia,2013,8,0.5025749191229333,4,2013-08-01
Laikipia,2013,9,0.4698622753414809,4,2013-09-01
Laikipia,2013,10,0.42977214234363803,3,2013-10-01
Laikipia,2013,11,0.5096792595255216,4,2013-11-01
Laikipia,2013,12,0.5260795830337887,4,2013-12-01
Laikipia,2014,1,0.43771524083393204,4,2014-01-01
Laikipia,2014,2,0.38462524263120046,4,2014-02-01
Laikipia,2014,3,0.43707581775700954,4,2014-03-01
Laikipia,2014,4,0.43551630721303597,3,2014-04-01
Laikipia,2014,5,0.41480920201294064,4,2014-05-01
Laikipia,2014,6,0.38877475736879924,4,2014-06-01
Laikipia,2014,7,0.36917853163191955,4,2014-07-01
Laikipia,2014,8,0.40260682961897915,4,2014-08-01
Laikipia,2014,9,0.42973908159597385,4,2014-09-01
Laikipia,2014,10,0.443700934579439,3,2014-10-01
Laikipia,2014,11,0.4929459291876347,4,2014-11-01
Laikipia,2014,12,0.46373542415528457,4,2014-12-01
Laikipia,2015,1,0.356971198777858,4,2015-01-01
Laikipia,2015,2,0.30707405643421987,4,2015-02-01
Laikipia,2015,3,0.2953411304816677,4,2015-03-01
Laikipia,2015,4,0.4103878983944405,3,2015-04-01
Laikipia,2015,5,0.5636155733285404,4,2015-05-01
Laikipia,2015,6,0.5171874640546363,4,2015-06-01
Laikipia,2015,7,0.43144942487419163,4,2015-07-01
Laikipia,2015,8,0.37640443925233663,4,2015-08-01
Laikipia,2015,9,0.31875347771387486,4,2015-09-01
Laikipia,2015,10,0.30123886891924295,3,2015-10-01
Laikipia,2015,11,0.49209437455068317,4,2015-11-01
Laikipia,2015,12,0.5815053558590942,4,2015-12-01
Laikipia,2016,1,0.5372876707404743,4,2016-01-01
Laikipia,2016,2,0.44621270668583807,4,2016-02-01
Laikipia,2016,3,0.3840557961897912,4,2016-03-01
Laikipia,2016,4,0.4243683680805177,4,2016-04-01
Laikipia,2016,5,0.5673611909896952,3,2016-05-01
Laikipia,2016,6,0.5060152857656361,4,2016-06-01
Laikipia,2016,7,0.5011968817397552,4,2016-07-01
Laikipia,2016,8,0.46316109813084055,4,2016-08-01
Laikipia,2016,9,0.3902657081236519,4,2016-09-01
Laikipia,2016,10,0.3666850107836088,4,2016-10-01
Laikipia,2016,11,0.41237111190989717,3,2016-11-01
Laikipia,2016,12,0.40454221782890004,4,2016-12-01
Laikipia,2017,1,0.32821108914450076,4,2017-01-01
Laikipia,2017,2,0.30686631919482377,4,2017-02-01
Laikipia,2017,3,0.2836682692307694,4,2017-03-01
Laikipia,2017,4,0.31538679606997405,3,2017-04-01
Laikipia,2017,5,0.4045339503953991,4,2017-05-01
Laikipia,2017,6,0.36118028396836843,4,2017-06-01
Laikipia,2017,7,0.40317211538461517,4,2017-07-01
Laikipia,2017,8,0.45103983644859824,4,2017-08-01
Laikipia,2017,9,0.4434194823867722,4,2017-09-01
Laikipia,2017,10,0.4650768152408337,3,2017-10-01
Laikipia,2017,11,0.5420242631200578,4,2017-11-01
Laikipia,2017,12,0.46241805355859106,4,2017-12-01
Laikipia,2018,1,0.3537776060388213,4,2018-01-01
Laikipia,2018,2,0.3129642613227893,4,2018-02-01
Laikipia,2018,3,0.44386028037383235,4,2018-03-01
Laikipia,2018,4,0.5827567936736157,3,2018-04-01
Laikipia,2018,5,0.6444622573687996,4,2018-05-01
Laikipia,2018,6,0.6306531182602445,4,2018-06-01
Laikipia,2018,7,0.5476827282530559,4,2018-07-01
Laikipia,2018,8,0.4697510603882103,4,2018-08-01
Laikipia,2018,9,0.4074954529115745,4,2018-09-01
Laikipia,2018,10,0.39075385813563396,3,2018-10-01
Laikipia,2018,11,0.4197144140905818,4,2018-11-01
Laikipia,2018,12,0.4736442577282534,4,2018-12-01
Laikipia,2019,1,0.3907308950395397,4,2019-01-01
Laikipia,2019,2,0.3191629223580156,4,2019-02-01
Laikipia,2019,3,0.2990022555715312,4,2019-03-01
Laikipia,2019,4,0.32124584231967407,3,2019-04-01
Laikipia,2019,5,0.3740805715312726,4,2019-05-01
Laikipia,2019,6,0.5279276240115026,4,2019-06-01
Laikipia,2019,7,0.5438678468727529,4,2019-07-01
Laikipia,2019,8,0.5414645938173973,4,2019-08-01
Laikipia,2019,9,0.48722819015097035,4,2019-09-01
Laikipia,2019,10,0.5014462137550922,3,2019-10-01
Laikipia,2019,11,0.584299218188354,4,2019-11-01
Laikipia,2019,12,0.6227156811646299,4,2019-12-01
Laikipia,2020,1,0.5875778306973399,4,2020-01-01
Laikipia,2020,2,0.5315278846153846,4,2020-02-01
Laikipia,2020,3,0.48468950395398913,4,2020-03-01
Laikipia,2020,4,0.5497837167505396,4,2020-04-01
Laikipia,2020,5,0.6438646776899115,3,2020-05-01
Laikipia,2020,6,0.6144316049604595,4,2020-06-01
Laikipia,2020,7,0.5754964683680798,4,2020-07-01
Laikipia,2020,8,0.49728504402013995,4,2020-08-01
Laikipia,2020,9,0.5228170650611074,4,2020-09-01
Laikipia,2020,10,0.49077403846153833,4,2020-10-01
Laikipia,2020,11,0.5637168344116948,3,2020-11-01
Laikipia,2020,12,0.47208137131560013,4,2020-12-01
Laikipia,2021,1,0.39223587347232247,4,2021-01-01
Laikipia,2021,2,0.3887934849029475,4,2021-02-01
Laikipia,2021,3,0.366476617541337,4,2021-03-01
Laikipia,2021,4,0.370090438533429,3,2021-04-01
Laikipia,2021,5,0.48533701473759894,4,2021-05-01
Laikipia,2021,6,0.42884121135873465,4,2021-06-01
Laikipia,2021,7,0.4088018781452196,4,2021-07-01
Laikipia,2021,8,0.41281629223580146,4,2021-08-01
Laikipia,2021,9,0.43268485801581635,4,2021-09-01
Laikipia,2021,10,0.43198045770428956,3,2021-10-01
Laikipia,2021,11,0.38930760244428453,4,2021-11-01
Laikipia,2021,12,0.4255503504672901,4,2021-12-01
Laikipia,2022,1,0.37404325125808763,4,2022-01-01
Laikipia,2022,2,0.3148068386053199,4,2022-02-01
Laikipia,2022,3,0.2761385334291876,4,2022-03-01
Laikipia,2022,4,0.3273053918044572,3,2022-04-01
Laikipia,2022,5,0.37918366283249477,4,2022-05-01
Laikipia,2022,6,0.3642120506829617,4,2022-06-01
Laikipia,2022,7,0.34688884795111435,4,2022-07-01
Laikipia,2022,8,0.382292945722502,4,2022-08-01
Laikipia,2022,9,0.4132734184040258,4,2022-09-01
Laikipia,2022,10,0.35841211358734676,3,2022-10-01
Laikipia,2022,11,0.3695976096333571,4,2022-11-01
Laikipia,2022,12,0.4021561226935057,3,2022-12-01
Laikipia,2023,1,0.34333918044572265,4,2023-01-01
Laikipia,2023,2,0.28023190750059923,3,2023-02-01
Laikipia,2023,3,0.3172645668583753,4,2023-03-01
Laikipia,2023,4,0.4613900431344355,3,2023-04-01
Laikipia,2023,5,0.5394547447879223,4,2023-05-01
Laikipia,2023,6,0.4642710370237241,4,2023-06-01
Laikipia,2023,7,0.39545137491013654,4,2023-07-01
Laikipia,2023,8,0.3541857656362333,4,2023-08-01
Laikipia,2023,9,0.35395432242990643,4,2023-09-01
Laikipia,2023,10,0.3740185478073331,2,2023-10-01
Laikipia,2023,11,0.5636368709561467,4,2023-11-01
Laikipia,2023,12,0.5989105230050328,4,2023-12-01
Laikipia,2024,1,0.5235196081955429,4,2024-01-01
Laikipia,2024,2,0.4266295740474476,4,2024-02-01
Laikipia,2024,3,0.38629500359453656,4,2024-03-01
Laikipia,2024,4,0.6165075754852629,4,2024-04-01
Laikipia,2024,5,0.7015235561945833,3,2024-05-01
Laikipia,2024,6,0.6266647465851904,4,2024-06-01
Laikipia,2024,7,0.5939011412652768,4,2024-07-01
Laikipia,2024,8,0.6111884855020371,3,2024-08-01
Laikipia,2024,9,0.5619206955427749,4,2024-09-01
Laikipia,2024,10,0.4774627066858373,4,2024-10-01
Laikipia,2024,11,0.5415086748142829,3,2024-11-01
Laikipia,2024,12,0.5135507548526238,3,2024-12-01
Laikipia,2025,1,0.4298395398993527,4,2025-01-01
Laikipia,2025,2,0.392010469086988,4,2025-02-01
Laikipia,2025,3,0.4277418943206323,4,2025-03-01
Laikipia,2025,4,0.5776960819554282,3,2025-04-01
Laikipia,2025,5,0.5991935478073326,4,2025-05-01
Laikipia,2025,6,0.5260546728971967,4,2025-06-01
Laikipia,2025,11,0.5284666067577279,1,2025-11-01
Laikipia,2025,12,0.4904712796549248,2,2025-12-01
Laikipia,2026,1,0.41859224778336895,3,2026-01-01
Laikipia,2026,2,0.3904743589743594,3,2026-02-01
Laikipia,2026,3,0.5764565061107123,2,2026-03-01
Laikipia,2026,4,0.5349078720345071,2,2026-04-01
Laikipia,2026,5,0.6019349748382468,2,2026-05-01
Laikipia,2026,7,0.4125169662113588,3,2026-07-01
Laikipia,2026,8,0.39915672178289024,1,2026-08-01
Lamu,2000,12,0.6255090136054419,1,2000-12-01
Lamu,2001,1,0.5926158163265309,2,2001-01-01
Lamu,2001,2,0.49621714852607746,2,2001-02-01
Lamu,2001,3,0.48338917233560097,2,2001-03-01
Lamu,2001,4,0.6213891723356016,2,2001-04-01
Lamu,2001,5,0.6704784580498852,2,2001-05-01
Lamu,2001,6,0.6208738945578224,2,2001-06-01
Lamu,2001,7,0.7043890589569155,2,2001-07-01
Lamu,2001,8,0.6461030328798186,2,2001-08-01
Lamu,2001,9,0.5924146825396828,2,2001-09-01
Lamu,2001,10,0.5717587868480725,1,2001-10-01
Lamu,2001,11,0.5973513888888888,2,2001-11-01
Lamu,2001,12,0.6726487528344669,2,2001-12-01
Lamu,2002,1,0.6194988095238094,2,2002-01-01
Lamu,2002,2,0.5269950113378687,2,2002-02-01
Lamu,2002,3,0.48404030612244814,2,2002-03-01
Lamu,2002,4,0.5966622165532878,2,2002-04-01
Lamu,2002,5,0.6878141156462589,2,2002-05-01
Lamu,2002,6,0.6903089569160992,2,2002-06-01
Lamu,2002,7,0.6861424886621312,4,2002-07-01
Lamu,2002,8,0.6082090561224486,4,2002-08-01
Lamu,2002,9,0.5966028061224488,4,2002-09-01
Lamu,2002,10,0.6202422146636436,3,2002-10-01
Lamu,2002,11,0.6935956774376416,4,2002-11-01
Lamu,2002,12,0.6916779903708506,4,2002-12-01
Lamu,2003,1,0.6168341411564625,4,2003-01-01
Lamu,2003,2,0.5007683956916102,4,2003-02-01
Lamu,2003,3,0.4802820011337868,4,2003-03-01
Lamu,2003,4,0.5478158352229783,3,2003-04-01
Lamu,2003,5,0.593808971088436,4,2003-05-01
Lamu,2003,6,0.6940839569160999,4,2003-06-01
Lamu,2003,7,0.7090918367346938,4,2003-07-01
Lamu,2003,8,0.6759683673469388,4,2003-08-01
Lamu,2003,9,0.5752882794784586,4,2003-09-01
Lamu,2003,10,0.5394845616024192,3,2003-10-01
Lamu,2003,11,0.6799419642857142,4,2003-11-01
Lamu,2003,12,0.6787014597505661,4,2003-12-01
Lamu,2004,1,0.5697148384353743,4,2004-01-01
Lamu,2004,2,0.48840262480015656,4,2004-02-01
Lamu,2004,3,0.4616160068130109,4,2004-03-01
Lamu,2004,4,0.5590877616332195,4,2004-04-01
Lamu,2004,5,0.520300850340136,3,2004-05-01
Lamu,2004,6,0.6513783588435371,4,2004-06-01
Lamu,2004,7,0.7176025935374152,4,2004-07-01
Lamu,2004,8,0.6864881944444444,4,2004-08-01
Lamu,2004,9,0.6104515022675737,4,2004-09-01
Lamu,2004,10,0.6248642431972788,4,2004-10-01
Lamu,2004,11,0.7005490740740736,3,2004-11-01
Lamu,2004,12,0.7039864512471661,4,2004-12-01
Lamu,2005,1,0.5989143121216154,4,2005-01-01
Lamu,2005,2,0.5034233276643991,4,2005-02-01
Lamu,2005,3,0.4906755952380951,4,2005-03-01
Lamu,2005,4,0.5745742252456538,3,2005-04-01
Lamu,2005,5,0.6928092261904761,4,2005-05-01
Lamu,2005,6,0.6740000708616773,4,2005-06-01
Lamu,2005,7,0.695955290975816,4,2005-07-01
Lamu,2005,8,0.686297576530613,4,2005-08-01
Lamu,2005,9,0.5755290958049888,4,2005-09-01
Lamu,2005,10,0.5489800453514736,3,2005-10-01
Lamu,2005,11,0.6254756944444446,4,2005-11-01
Lamu,2005,12,0.6267452239229029,4,2005-12-01
Lamu,2006,1,0.5537647108843542,4,2006-01-01
Lamu,2006,2,0.46933161261242995,4,2006-02-01
Lamu,2006,3,0.4668977040816326,4,2006-03-01
Lamu,2006,4,0.6024521919879066,3,2006-04-01
Lamu,2006,5,0.6758424602547837,4,2006-05-01
Lamu,2006,6,0.69295576814059,4,2006-06-01
Lamu,2006,7,0.6634258078231294,4,2006-07-01
Lamu,2006,8,0.7007946853741496,4,2006-08-01
Lamu,2006,9,0.6281274659863945,4,2006-09-01
Lamu,2006,10,0.6432115079365085,3,2006-10-01
Lamu,2006,11,0.7230133786848074,4,2006-11-01
Lamu,2006,12,0.6929823554421765,4,2006-12-01
Lamu,2007,1,0.6797396683673471,4,2007-01-01
Lamu,2007,2,0.5867377556406379,4,2007-02-01
Lamu,2007,3,0.5267035572562357,4,2007-03-01
Lamu,2007,4,0.5817120559334841,3,2007-04-01
Lamu,2007,5,0.6754388321995464,4,2007-05-01
Lamu,2007,6,0.7107027069160994,4,2007-06-01
Lamu,2007,7,0.7164505668934232,4,2007-07-01
Lamu,2007,8,0.6697366071428568,4,2007-08-01
Lamu,2007,9,0.6493185799560888,4,2007-09-01
Lamu,2007,10,0.6627405139833714,3,2007-10-01
Lamu,2007,11,0.6527408163265305,4,2007-11-01
Lamu,2007,12,0.6721042800453509,4,2007-12-01
Lamu,2008,1,0.6176945028219272,4,2008-01-01
Lamu,2008,2,0.5328797145323436,4,2008-02-01
Lamu,2008,3,0.5216144982993195,4,2008-03-01
Lamu,2008,4,0.6256857851473927,4,2008-04-01
Lamu,2008,5,0.627472241118669,3,2008-05-01
Lamu,2008,6,0.6973438492063503,4,2008-06-01
Lamu,2008,7,0.6438286989795917,4,2008-07-01
Lamu,2008,8,0.6659447278911569,4,2008-08-01
Lamu,2008,9,0.5857044784580495,4,2008-09-01
Lamu,2008,10,0.5475022534013608,4,2008-10-01
Lamu,2008,11,0.6225108087679515,3,2008-11-01
Lamu,2008,12,0.5895938917233559,4,2008-12-01
Lamu,2009,1,0.5239408689241436,4,2009-01-01
Lamu,2009,2,0.45699646337122485,4,2009-02-01
Lamu,2009,3,0.44584406179138325,4,2009-03-01
Lamu,2009,4,0.5324236205593352,3,2009-04-01
Lamu,2009,5,0.628374773242631,4,2009-05-01
Lamu,2009,6,0.6677059382086166,4,2009-06-01
Lamu,2009,7,0.6795529336734694,4,2009-07-01
Lamu,2009,8,0.6079503968253968,4,2009-08-01
Lamu,2009,9,0.5126402069161002,4,2009-09-01
Lamu,2009,10,0.5766266628873775,3,2009-10-01
Lamu,2009,11,0.725387060657597,4,2009-11-01
Lamu,2009,12,0.7230946003401364,4,2009-12-01
Lamu,2010,1,0.6552172771542913,4,2010-01-01
Lamu,2010,2,0.5692775793650795,4,2010-02-01
Lamu,2010,3,0.5704257794784583,4,2010-03-01
Lamu,2010,4,0.6645890967498109,3,2010-04-01
Lamu,2010,5,0.7460732142857149,4,2010-05-01
Lamu,2010,6,0.7073823979591833,4,2010-06-01
Lamu,2010,7,0.703339058956916,4,2010-07-01
Lamu,2010,8,0.6561263365726325,4,2010-08-01
Lamu,2010,9,0.5981107851473925,4,2010-09-01
Lamu,2010,10,0.5294442554799695,3,2010-10-01
Lamu,2010,11,0.5921356859410434,4,2010-11-01
Lamu,2010,12,0.5957469671201813,4,2010-12-01
Lamu,2011,1,0.5387416524943309,4,2011-01-01
Lamu,2011,2,0.47439118480725606,4,2011-02-01
Lamu,2011,3,0.4374503968253967,4,2011-03-01
Lamu,2011,4,0.5270574829931974,3,2011-04-01
Lamu,2011,5,0.642358390022676,4,2011-05-01
Lamu,2011,6,0.5743740079365085,4,2011-06-01
Lamu,2011,7,0.5667541524943315,4,2011-07-01
Lamu,2011,8,0.5407120890022675,4,2011-08-01
Lamu,2011,9,0.4728314767573696,4,2011-09-01
Lamu,2011,10,0.6189772864701445,3,2011-10-01
Lamu,2011,11,0.7036732001133785,4,2011-11-01
Lamu,2011,12,0.7136951718236924,4,2011-12-01
Lamu,2012,1,0.6794873866213145,4,2012-01-01
Lamu,2012,2,0.5619253684807254,4,2012-02-01
Lamu,2012,3,0.5104658871882086,4,2012-03-01
Lamu,2012,4,0.4865696286848074,4,2012-04-01
Lamu,2012,5,0.5851349584278149,3,2012-05-01
Lamu,2012,6,0.6173197704081637,4,2012-06-01
Lamu,2012,7,0.6219604925686482,4,2012-07-01
Lamu,2012,8,0.582215646258504,4,2012-08-01
Lamu,2012,9,0.5051837868480727,4,2012-09-01
Lamu,2012,10,0.5737844954648531,4,2012-10-01
Lamu,2012,11,0.6498501700680271,3,2012-11-01
Lamu,2012,12,0.6515610647837314,4,2012-12-01
Lamu,2013,1,0.582960912441172,4,2013-01-01
Lamu,2013,2,0.49735715702947836,4,2013-02-01
Lamu,2013,3,0.5123727040816327,4,2013-03-01
Lamu,2013,4,0.5860754913076343,3,2013-04-01
Lamu,2013,5,0.6754166099773244,4,2013-05-01
Lamu,2013,6,0.6942784438775513,4,2013-06-01
Lamu,2013,7,0.6592901469549808,4,2013-07-01
Lamu,2013,8,0.6364390164399094,4,2013-08-01
Lamu,2013,9,0.5603925975953816,4,2013-09-01
Lamu,2013,10,0.5570781746031743,3,2013-10-01
Lamu,2013,11,0.6105523242630383,4,2013-11-01
Lamu,2013,12,0.6537041383219957,4,2013-12-01
Lamu,2014,1,0.5725030187074829,4,2014-01-01
Lamu,2014,2,0.49679631519274414,4,2014-02-01
Lamu,2014,3,0.5100365504535149,4,2014-03-01
Lamu,2014,4,0.5839186507936507,3,2014-04-01
Lamu,2014,5,0.6944394982993201,4,2014-05-01
Lamu,2014,6,0.7207643707482994,4,2014-06-01
Lamu,2014,7,0.6857486252834469,4,2014-07-01
Lamu,2014,8,0.672355683106576,4,2014-08-01
Lamu,2014,9,0.6041043650793649,4,2014-09-01
Lamu,2014,10,0.6360967120181408,3,2014-10-01
Lamu,2014,11,0.6442503594692746,4,2014-11-01
Lamu,2014,12,0.6592120214686368,4,2014-12-01
Lamu,2015,1,0.5844874433106573,4,2015-01-01
Lamu,2015,2,0.4884384353741498,4,2015-02-01
Lamu,2015,3,0.5045970663265305,4,2015-03-01
Lamu,2015,4,0.5687002246137007,3,2015-04-01
Lamu,2015,5,0.6534713881525385,4,2015-05-01
Lamu,2015,6,0.6800353883219951,4,2015-06-01
Lamu,2015,7,0.6593349064625855,4,2015-07-01
Lamu,2015,8,0.6333859268707489,4,2015-08-01
Lamu,2015,9,0.5526778486394559,4,2015-09-01
Lamu,2015,10,0.6219718065003779,3,2015-10-01
Lamu,2015,11,0.6650868339002263,4,2015-11-01
Lamu,2015,12,0.6950868905895689,4,2015-12-01
Lamu,2016,1,0.6101699404761902,4,2016-01-01
Lamu,2016,2,0.5004033871882085,4,2016-02-01
Lamu,2016,3,0.48152935090702975,4,2016-03-01
Lamu,2016,4,0.530024503968254,4,2016-04-01
Lamu,2016,5,0.6778065570672721,3,2016-05-01
Lamu,2016,6,0.6432231575963714,4,2016-06-01
Lamu,2016,7,0.616058106575964,4,2016-07-01
Lamu,2016,8,0.553155498866213,4,2016-08-01
Lamu,2016,9,0.4872690617913833,4,2016-09-01
Lamu,2016,10,0.46342946428571447,4,2016-10-01
Lamu,2016,11,0.504709163512257,3,2016-11-01
Lamu,2016,12,0.5542080498866211,4,2016-12-01
Lamu,2017,1,0.5099746740362812,4,2017-01-01
Lamu,2017,2,0.43223708900226765,4,2017-02-01
Lamu,2017,3,0.4318179280045351,4,2017-03-01
Lamu,2017,4,0.45311921768707486,3,2017-04-01
Lamu,2017,5,0.5790356150793655,4,2017-05-01
Lamu,2017,6,0.6936380527210889,4,2017-06-01
Lamu,2017,7,0.6862769699546484,4,2017-07-01
Lamu,2017,8,0.6502094529478464,4,2017-08-01
Lamu,2017,9,0.6043523809523812,4,2017-09-01
Lamu,2017,10,0.556803647014361,3,2017-10-01
Lamu,2017,11,0.6397151502267572,4,2017-11-01
Lamu,2017,12,0.5816718395691609,4,2017-12-01
Lamu,2018,1,0.48886259642493785,4,2018-01-01
Lamu,2018,2,0.4518569019274376,4,2018-02-01
Lamu,2018,3,0.5403787698412701,4,2018-03-01
Lamu,2018,4,0.6247261337868489,3,2018-04-01
Lamu,2018,5,0.7107336026077101,4,2018-05-01
Lamu,2018,6,0.715183545918368,4,2018-06-01
Lamu,2018,7,0.7238010629251708,4,2018-07-01
Lamu,2018,8,0.6631143140589573,4,2018-08-01
Lamu,2018,9,0.636341241496599,4,2018-09-01
Lamu,2018,10,0.6041144746787602,3,2018-10-01
Lamu,2018,11,0.6944911281179139,4,2018-11-01
Lamu,2018,12,0.6532527210884352,4,2018-12-01
Lamu,2019,1,0.5759280612244898,4,2019-01-01
Lamu,2019,2,0.5301544501133787,4,2019-02-01
Lamu,2019,3,0.5040520124716554,4,2019-03-01
Lamu,2019,4,0.5302629953323742,3,2019-04-01
Lamu,2019,5,0.6086981009070296,4,2019-05-01
Lamu,2019,6,0.6917920776643994,4,2019-06-01
Lamu,2019,7,0.6626391865079364,4,2019-07-01
Lamu,2019,8,0.617300949546485,4,2019-08-01
Lamu,2019,9,0.6265111536281179,4,2019-09-01
Lamu,2019,10,0.688985317460317,3,2019-10-01
Lamu,2019,11,0.7253062500000004,4,2019-11-01
Lamu,2019,12,0.7412284155328792,4,2019-12-01
Lamu,2020,1,0.7101796910430841,4,2020-01-01
Lamu,2020,2,0.632463109410431,4,2020-02-01
Lamu,2020,3,0.6205445047271129,4,2020-03-01
Lamu,2020,4,0.6972121882086164,4,2020-04-01
Lamu,2020,5,0.7359426870748299,3,2020-05-01
Lamu,2020,6,0.7007563066893429,4,2020-06-01
Lamu,2020,7,0.6652800595238095,4,2020-07-01
Lamu,2020,8,0.6327063633786844,4,2020-08-01
Lamu,2020,9,0.6165880102040815,4,2020-09-01
Lamu,2020,10,0.5921247732426298,4,2020-10-01
Lamu,2020,11,0.6836507369614507,3,2020-11-01
Lamu,2020,12,0.6207166019867963,4,2020-12-01
Lamu,2021,1,0.5373479591836736,4,2021-01-01
Lamu,2021,2,0.4975211451247163,4,2021-02-01
Lamu,2021,3,0.4755663123582772,4,2021-03-01
Lamu,2021,4,0.5695393046107331,3,2021-04-01
Lamu,2021,5,0.5868660289115653,4,2021-05-01
Lamu,2021,6,0.596374078798186,4,2021-06-01
Lamu,2021,7,0.5927890447845814,4,2021-07-01
Lamu,2021,8,0.5463307114512472,4,2021-08-01
Lamu,2021,9,0.4892462443310661,4,2021-09-01
Lamu,2021,10,0.4631277021919882,3,2021-10-01
Lamu,2021,11,0.44615493197278955,4,2021-11-01
Lamu,2021,12,0.6351757086167803,4,2021-12-01
Lamu,2022,1,0.6517307681405895,4,2022-01-01
Lamu,2022,2,0.5655382794784583,4,2022-02-01
Lamu,2022,3,0.4134455357142856,4,2022-03-01
Lamu,2022,4,0.5159598828420258,3,2022-04-01
Lamu,2022,5,0.6616853763603194,4,2022-05-01
Lamu,2022,6,0.7181543509070301,4,2022-06-01
Lamu,2022,7,0.6860663212813009,4,2022-07-01
Lamu,2022,8,0.6357213988440897,4,2022-08-01
Lamu,2022,9,0.5401843537414962,4,2022-09-01
Lamu,2022,10,0.473351020408163,3,2022-10-01
Lamu,2022,11,0.5837327806122448,4,2022-11-01
Lamu,2022,12,0.635639978548298,3,2022-12-01
Lamu,2023,1,0.5980926445578233,4,2023-01-01
Lamu,2023,2,0.4905691609977321,3,2023-02-01
Lamu,2023,3,0.4971738631021516,4,2023-03-01
Lamu,2023,4,0.5986108276643985,3,2023-04-01
Lamu,2023,5,0.7106218224305225,4,2023-05-01
Lamu,2023,6,0.6899490787981857,4,2023-06-01
Lamu,2023,7,0.660873611111111,4,2023-07-01
Lamu,2023,8,0.6519004535147388,4,2023-08-01
Lamu,2023,9,0.6144726899092965,4,2023-09-01
Lamu,2023,10,0.652964342403628,2,2023-10-01
Lamu,2023,11,0.6752985685941049,4,2023-11-01
Lamu,2023,12,0.7344453514739235,4,2023-12-01
Lamu,2024,1,0.7330247874149658,4,2024-01-01
Lamu,2024,2,0.6470052550184376,4,2024-02-01
Lamu,2024,3,0.6410167233560093,4,2024-03-01
Lamu,2024,4,0.7467122165532882,4,2024-04-01
Lamu,2024,5,0.7264836356764935,3,2024-05-01
Lamu,2024,6,0.7334345521541954,4,2024-06-01
Lamu,2024,7,0.6863351048752834,4,2024-07-01
Lamu,2024,8,0.6410358276643989,3,2024-08-01
Lamu,2024,9,0.5852040391156461,4,2024-09-01
Lamu,2024,10,0.5488592828798188,4,2024-10-01
Lamu,2024,11,0.6225485827664398,3,2024-11-01
Lamu,2024,12,0.6828712396069543,3,2024-12-01
Lamu,2025,1,0.6050582199546484,4,2025-01-01
Lamu,2025,2,0.5360028769841275,4,2025-02-01
Lamu,2025,3,0.5371034866357205,4,2025-03-01
Lamu,2025,4,0.6621081632653064,3,2025-04-01
Lamu,2025,5,0.6917585814215957,4,2025-05-01
Lamu,2025,6,0.7346129458853393,4,2025-06-01
Lamu,2025,11,0.5026545764639004,1,2025-11-01
Lamu,2025,12,0.5785626490549614,2,2025-12-01
Lamu,2026,1,0.4661518084375593,3,2026-01-01
Lamu,2026,2,0.49198198359880524,3,2026-02-01
Lamu,2026,3,0.7153350803961388,2,2026-03-01
Lamu,2026,4,0.7529172946724073,2,2026-04-01
Lamu,2026,5,0.7515136636583295,2,2026-05-01
Lamu,2026,7,0.724463399673963,3,2026-07-01
Lamu,2026,8,0.7332495736213758,1,2026-08-01
Machakos,2000,12,0.5800020477815695,1,2000-12-01
Machakos,2001,1,0.5971263936291246,2,2001-01-01
Machakos,2001,2,0.5229261945392493,2,2001-02-01
Machakos,2001,3,0.46261382252559724,2,2001-03-01
Machakos,2001,4,0.6027884243458486,2,2001-04-01
Machakos,2001,5,0.4996435052735586,2,2001-05-01
Machakos,2001,6,0.29646468412065996,2,2001-06-01
Machakos,2001,7,0.36679917519908944,2,2001-07-01
Machakos,2001,8,0.30916761525327296,2,2001-08-01
Machakos,2001,9,0.27840469283276464,2,2001-09-01
Machakos,2001,10,0.2904918088737202,1,2001-10-01
Machakos,2001,11,0.4245913253697383,2,2001-11-01
Machakos,2001,12,0.5517104095563141,2,2001-12-01
Machakos,2002,1,0.5173065415244592,2,2002-01-01
Machakos,2002,2,0.41353839590443664,2,2002-02-01
Machakos,2002,3,0.46929015927190004,2,2002-03-01
Machakos,2002,4,0.5212066830678266,2,2002-04-01
Machakos,2002,5,0.6275190710149963,2,2002-05-01
Machakos,2002,6,0.47406712172923804,2,2002-06-01
Machakos,2002,7,0.39359392966893986,4,2002-07-01
Machakos,2002,8,0.31356520193401605,4,2002-08-01
Machakos,2002,9,0.30498686662792407,4,2002-09-01
Machakos,2002,10,0.32941183853350847,3,2002-10-01
Machakos,2002,11,0.5324578351665603,4,2002-11-01
Machakos,2002,12,0.6229469274373335,4,2002-12-01
Machakos,2003,1,0.580217671979796,4,2003-01-01
Machakos,2003,2,0.4260746603569694,4,2003-02-01
Machakos,2003,3,0.39118358930602926,4,2003-03-01
Machakos,2003,4,0.41425053090633296,3,2003-04-01
Machakos,2003,5,0.5917462599544945,4,2003-05-01
Machakos,2003,6,0.5746202645051194,4,2003-06-01
Machakos,2003,7,0.39721151877133093,4,2003-07-01
Machakos,2003,8,0.3753624142467998,4,2003-08-01
Machakos,2003,9,0.34202448285987763,4,2003-09-01
Machakos,2003,10,0.33154580963215785,3,2003-10-01
Machakos,2003,11,0.5320958525523467,4,2003-11-01
Machakos,2003,12,0.5687369527416093,4,2003-12-01
Machakos,2004,1,0.5453367320819111,4,2004-01-01
Machakos,2004,2,0.47301434869169523,4,2004-02-01
Machakos,2004,3,0.41202461604095597,4,2004-03-01
Machakos,2004,4,0.5605225297250782,4,2004-04-01
Machakos,2004,5,0.5563777792994014,3,2004-05-01
Machakos,2004,6,0.4247866270008539,4,2004-06-01
Machakos,2004,7,0.34969847339878235,4,2004-07-01
Machakos,2004,8,0.2998478242320821,4,2004-08-01
Machakos,2004,9,0.289163206211397,4,2004-09-01
Machakos,2004,10,0.324284641638225,4,2004-10-01
Machakos,2004,11,0.5458624862271488,3,2004-11-01
Machakos,2004,12,0.6046506523961035,4,2004-12-01
Machakos,2005,1,0.4795509670079637,4,2005-01-01
Machakos,2005,2,0.3840284414106938,4,2005-02-01
Machakos,2005,3,0.38276532008646724,4,2005-03-01
Machakos,2005,4,0.48390811528251804,3,2005-04-01
Machakos,2005,5,0.5049226964237958,4,2005-05-01
Machakos,2005,6,0.47512016496018206,4,2005-06-01
Machakos,2005,7,0.33873026166097836,4,2005-07-01
Machakos,2005,8,0.31959514317318355,4,2005-08-01
Machakos,2005,9,0.26782555230888566,4,2005-09-01
Machakos,2005,10,0.2833145990176572,3,2005-10-01
Machakos,2005,11,0.38812466531565903,4,2005-11-01
Machakos,2005,12,0.4090798919226392,4,2005-12-01
Machakos,2006,1,0.3489952537566299,4,2006-01-01
Machakos,2006,2,0.30845125142207047,4,2006-02-01
Machakos,2006,3,0.4179798492605231,4,2006-03-01
Machakos,2006,4,0.5289993363670834,3,2006-04-01
Machakos,2006,5,0.5762973976109218,4,2006-05-01
Machakos,2006,6,0.46853087822012013,4,2006-06-01
Machakos,2006,7,0.3258170277689827,4,2006-07-01
Machakos,2006,8,0.3181904436860067,4,2006-08-01
Machakos,2006,9,0.2929750184675878,4,2006-09-01
Machakos,2006,10,0.29472241183162684,3,2006-10-01
Machakos,2006,11,0.5031935011376562,4,2006-11-01
Machakos,2006,12,0.6485513906830014,4,2006-12-01
Machakos,2007,1,0.636620898638818,4,2007-01-01
Machakos,2007,2,0.4949992585322617,4,2007-02-01
Machakos,2007,3,0.4267877275312855,4,2007-03-01
Machakos,2007,4,0.5136186064021717,3,2007-04-01
Machakos,2007,5,0.6030779186763431,4,2007-05-01
Machakos,2007,6,0.5179428539215474,4,2007-06-01
Machakos,2007,7,0.3401682309442548,4,2007-07-01
Machakos,2007,8,0.35792717576791816,4,2007-08-01
Machakos,2007,9,0.324570819112628,4,2007-09-01
Machakos,2007,10,0.31447766799425597,3,2007-10-01
Machakos,2007,11,0.45571362343572264,4,2007-11-01
Machakos,2007,12,0.5293374146757681,4,2007-12-01
Machakos,2008,1,0.4979820534698519,4,2008-01-01
Machakos,2008,2,0.43665209125306015,4,2008-02-01
Machakos,2008,3,0.4294803469852104,4,2008-03-01
Machakos,2008,4,0.5479902730375423,4,2008-04-01
Machakos,2008,5,0.4831228039862032,3,2008-05-01
Machakos,2008,6,0.40827956115566943,4,2008-06-01
Machakos,2008,7,0.3026815052240246,4,2008-07-01
Machakos,2008,8,0.3004871587030714,4,2008-08-01
Machakos,2008,9,0.28390920079635945,4,2008-09-01
Machakos,2008,10,0.3348088737201367,4,2008-10-01
Machakos,2008,11,0.4708866530195385,3,2008-11-01
Machakos,2008,12,0.4087682736063709,4,2008-12-01
Machakos,2009,1,0.37694064277588213,4,2009-01-01
Machakos,2009,2,0.3500064988623436,4,2009-02-01
Machakos,2009,3,0.32295834755403874,4,2009-03-01
Machakos,2009,4,0.3476762609025408,3,2009-04-01
Machakos,2009,5,0.42850332764505145,4,2009-05-01
Machakos,2009,6,0.3589402019340161,4,2009-06-01
Machakos,2009,7,0.3023769482366325,4,2009-07-01
Machakos,2009,8,0.26180575938566564,4,2009-08-01
Machakos,2009,9,0.2542386234357224,4,2009-09-01
Machakos,2009,10,0.31722510428517253,3,2009-10-01
Machakos,2009,11,0.46676396473265075,4,2009-11-01
Machakos,2009,12,0.5462222838452788,4,2009-12-01
Machakos,2010,1,0.5268929816003338,4,2010-01-01
Machakos,2010,2,0.4888758558080374,4,2010-02-01
Machakos,2010,3,0.5764366468782277,4,2010-03-01
Machakos,2010,4,0.6154780041429007,3,2010-04-01
Machakos,2010,5,0.6237696404951123,4,2010-05-01
Machakos,2010,6,0.47593677640324494,4,2010-06-01
Machakos,2010,7,0.37462622819302993,4,2010-07-01
Machakos,2010,8,0.3372468825089694,4,2010-08-01
Machakos,2010,9,0.3176814255654129,4,2010-09-01
Machakos,2010,10,0.3255325065629462,3,2010-10-01
Machakos,2010,11,0.49949564426351134,4,2010-11-01
Machakos,2010,12,0.5256830489192263,4,2010-12-01
Machakos,2011,1,0.4147540671217288,4,2011-01-01
Machakos,2011,2,0.40161981892841403,4,2011-02-01
Machakos,2011,3,0.4653775739476672,4,2011-03-01
Machakos,2011,4,0.47807394766780487,3,2011-04-01
Machakos,2011,5,0.42801596985210494,4,2011-05-01
Machakos,2011,6,0.35709994311717896,4,2011-06-01
Machakos,2011,7,0.3127311717861206,4,2011-07-01
Machakos,2011,8,0.2514732224118316,4,2011-08-01
Machakos,2011,9,0.2714096416382255,4,2011-09-01
Machakos,2011,10,0.33802299962078153,3,2011-10-01
Machakos,2011,11,0.5204226753719723,4,2011-11-01
Machakos,2011,12,0.591667066141415,4,2011-12-01
Machakos,2012,1,0.4519261234357224,4,2012-01-01
Machakos,2012,2,0.3426515073947665,4,2012-02-01
Machakos,2012,3,0.30133486916951097,4,2012-03-01
Machakos,2012,4,0.5146610475212753,4,2012-04-01
Machakos,2012,5,0.5919285192185367,3,2012-05-01
Machakos,2012,6,0.45999479041416025,4,2012-06-01
Machakos,2012,7,0.4131982653777397,4,2012-07-01
Machakos,2012,8,0.3557882028776141,4,2012-08-01
Machakos,2012,9,0.31763545739033144,4,2012-09-01
Machakos,2012,10,0.34987914864190267,4,2012-10-01
Machakos,2012,11,0.49337533181645793,3,2012-11-01
Machakos,2012,12,0.5637082420197317,4,2012-12-01
Machakos,2013,1,0.49936089306029574,4,2013-01-01
Machakos,2013,2,0.3841612908758272,4,2013-02-01
Machakos,2013,3,0.4410612627986348,4,2013-03-01
Machakos,2013,4,0.5979672558872398,3,2013-04-01
Machakos,2013,5,0.5825337808830024,4,2013-05-01
Machakos,2013,6,0.3945523304464737,4,2013-06-01
Machakos,2013,7,0.33041362343572245,4,2013-07-01
Machakos,2013,8,0.3296740921909865,4,2013-08-01
Machakos,2013,9,0.31523224287151747,4,2013-09-01
Machakos,2013,10,0.30372385027310433,3,2013-10-01
Machakos,2013,11,0.4165368233179396,4,2013-11-01
Machakos,2013,12,0.5685110246564531,4,2013-12-01
Machakos,2014,1,0.48313030432309434,4,2014-01-01
Machakos,2014,2,0.4574124288964732,4,2014-02-01
Machakos,2014,3,0.5220043941979526,4,2014-03-01
Machakos,2014,4,0.5681189419795224,3,2014-04-01
Machakos,2014,5,0.4832899886234362,4,2014-05-01
Machakos,2014,6,0.3681479664391354,4,2014-06-01
Machakos,2014,7,0.3367545648464165,4,2014-07-01
Machakos,2014,8,0.306935978384528,4,2014-08-01
Machakos,2014,9,0.29476777588168374,4,2014-09-01
Machakos,2014,10,0.3102838642396664,3,2014-10-01
Machakos,2014,11,0.45240056882821433,4,2014-11-01
Machakos,2014,12,0.5532561972814091,4,2014-12-01
Machakos,2015,1,0.43732636518771273,4,2015-01-01
Machakos,2015,2,0.36491787542662124,4,2015-02-01
Machakos,2015,3,0.3614262656427758,4,2015-03-01
Machakos,2015,4,0.5156241372772087,3,2015-04-01
Machakos,2015,5,0.5247464189479689,4,2015-05-01
Machakos,2015,6,0.4694561920528517,4,2015-06-01
Machakos,2015,7,0.3573588598640648,4,2015-07-01
Machakos,2015,8,0.30791635476731705,4,2015-08-01
Machakos,2015,9,0.2810486063708758,4,2015-09-01
Machakos,2015,10,0.29294193071152214,3,2015-10-01
Machakos,2015,11,0.4894326746079233,4,2015-11-01
Machakos,2015,12,0.633320606530484,4,2015-12-01
Machakos,2016,1,0.5991617320819111,4,2016-01-01
Machakos,2016,2,0.5118054017231903,4,2016-02-01
Machakos,2016,3,0.4457931750818255,4,2016-03-01
Machakos,2016,4,0.5378441979522188,4,2016-04-01
Machakos,2016,5,0.5379941979522185,3,2016-05-01
Machakos,2016,6,0.4775590919707112,4,2016-06-01
Machakos,2016,7,0.38526347671236044,4,2016-07-01
Machakos,2016,8,0.32959371444823626,4,2016-08-01
Machakos,2016,9,0.3130665813424345,4,2016-09-01
Machakos,2016,10,0.3007264597226243,4,2016-10-01
Machakos,2016,11,0.4436346416382257,3,2016-11-01
Machakos,2016,12,0.5459289817974974,4,2016-12-01
Machakos,2017,1,0.4523945534698518,4,2017-01-01
Machakos,2017,2,0.35715036973833886,4,2017-02-01
Machakos,2017,3,0.3424793799772467,4,2017-03-01
Machakos,2017,4,0.4774391353811151,3,2017-04-01
Machakos,2017,5,0.5726694539249145,4,2017-05-01
Machakos,2017,6,0.48649700191595063,4,2017-06-01
Machakos,2017,7,0.3456580915813425,4,2017-07-01
Machakos,2017,8,0.31640612912400434,4,2017-08-01
Machakos,2017,9,0.3077329209328783,4,2017-09-01
Machakos,2017,10,0.3506640500568829,3,2017-10-01
Machakos,2017,11,0.5041810722411827,4,2017-11-01
Machakos,2017,12,0.49655298634812306,4,2017-12-01
Machakos,2018,1,0.3868609499431169,4,2018-01-01
Machakos,2018,2,0.33197325085324225,4,2018-02-01
Machakos,2018,3,0.5192163395904434,4,2018-03-01
Machakos,2018,4,0.6406507302606035,3,2018-04-01
Machakos,2018,5,0.6339922236861103,4,2018-05-01
Machakos,2018,6,0.5098347158902181,4,2018-06-01
Machakos,2018,7,0.46590524939895894,4,2018-07-01
Machakos,2018,8,0.3807277349079219,4,2018-08-01
Machakos,2018,9,0.34916969762749767,4,2018-09-01
Machakos,2018,10,0.3557835987864996,3,2018-10-01
Machakos,2018,11,0.4408297136941188,4,2018-11-01
Machakos,2018,12,0.6012030574516496,4,2018-12-01
Machakos,2019,1,0.5377426763367461,4,2019-01-01
Machakos,2019,2,0.4172020477815701,4,2019-02-01
Machakos,2019,3,0.35207404742590775,4,2019-03-01
Machakos,2019,4,0.369207432688661,3,2019-04-01
Machakos,2019,5,0.47622411831626876,4,2019-05-01
Machakos,2019,6,0.4419916951080778,4,2019-06-01
Machakos,2019,7,0.3671425767918092,4,2019-07-01
Machakos,2019,8,0.32142864050056913,4,2019-08-01
Machakos,2019,9,0.30253701649601844,4,2019-09-01
Machakos,2019,10,0.45147468714448263,3,2019-10-01
Machakos,2019,11,0.623172810011376,4,2019-11-01
Machakos,2019,12,0.6526428780328071,4,2019-12-01
Machakos,2020,1,0.6466842306823719,4,2020-01-01
Machakos,2020,2,0.6272031783276452,4,2020-02-01
Machakos,2020,3,0.6157120307167232,4,2020-03-01
Machakos,2020,4,0.6330003361897765,4,2020-04-01
Machakos,2020,5,0.6216368720151394,3,2020-05-01
Machakos,2020,6,0.5470309898306982,4,2020-06-01
Machakos,2020,7,0.45156158987485806,4,2020-07-01
Machakos,2020,8,0.3135038568301147,4,2020-08-01
Machakos,2020,9,0.36465602957906745,4,2020-09-01
Machakos,2020,10,0.3763280574516498,4,2020-10-01
Machakos,2020,11,0.5335186075539095,3,2020-11-01
Machakos,2020,12,0.5548349402730377,4,2020-12-01
Machakos,2021,1,0.5192695392491475,4,2021-01-01
Machakos,2021,2,0.5030679038680318,4,2021-02-01
Machakos,2021,3,0.4329782849829352,4,2021-03-01
Machakos,2021,4,0.5011556693211983,3,2021-04-01
Machakos,2021,5,0.5412088452787261,4,2021-05-01
Machakos,2021,6,0.45838677474402734,4,2021-06-01
Machakos,2021,7,0.3377151450511948,4,2021-07-01
Machakos,2021,8,0.340508120022753,4,2021-08-01
Machakos,2021,9,0.31399943329234686,4,2021-09-01
Machakos,2021,10,0.31614814182783474,3,2021-10-01
Machakos,2021,11,0.3724915244596134,4,2021-11-01
Machakos,2021,12,0.5887799203640496,4,2021-12-01
Machakos,2022,1,0.5887405290102391,4,2022-01-01
Machakos,2022,2,0.4530103953356088,4,2022-02-01
Machakos,2022,3,0.3815635807736064,4,2022-03-01
Machakos,2022,4,0.5103383200606748,3,2022-04-01
Machakos,2022,5,0.5379373293515355,4,2022-05-01
Machakos,2022,6,0.41312512798634776,4,2022-06-01
Machakos,2022,7,0.2946607935153582,4,2022-07-01
Machakos,2022,8,0.30726581342434583,4,2022-08-01
Machakos,2022,9,0.2914161262798636,4,2022-09-01
Machakos,2022,10,0.28165417140690197,3,2022-10-01
Machakos,2022,11,0.4067911547212743,4,2022-11-01
Machakos,2022,12,0.5271260144103151,3,2022-12-01
Machakos,2023,1,0.43128292093287796,4,2023-01-01
Machakos,2023,2,0.33024484262419423,3,2023-02-01
Machakos,2023,3,0.37519634527872603,4,2023-03-01
Machakos,2023,4,0.5553518771331053,3,2023-04-01
Machakos,2023,5,0.6001648321956765,4,2023-05-01
Machakos,2023,6,0.44739782423208185,4,2023-06-01
Machakos,2023,7,0.36282669226393605,4,2023-07-01
Machakos,2023,8,0.3319767349260523,4,2023-08-01
Machakos,2023,9,0.3079809869169509,4,2023-09-01
Machakos,2023,10,0.3015529579067123,2,2023-10-01
Machakos,2023,11,0.5259091630714265,4,2023-11-01
Machakos,2023,12,0.6454150739071991,4,2023-12-01
Machakos,2024,1,0.5940411617952053,4,2024-01-01
Machakos,2024,2,0.49319057405191513,4,2024-02-01
Machakos,2024,3,0.4954190834257645,4,2024-03-01
Machakos,2024,4,0.6452242262382291,4,2024-04-01
Machakos,2024,5,0.6705029824393186,3,2024-05-01
Machakos,2024,6,0.6045641662739893,4,2024-06-01
Machakos,2024,7,0.48936767543834103,4,2024-07-01
Machakos,2024,8,0.45396751990898765,3,2024-08-01
Machakos,2024,9,0.39925129006159654,4,2024-09-01
Machakos,2024,10,0.3851011696773101,4,2024-10-01
Machakos,2024,11,0.5802754694532454,3,2024-11-01
Machakos,2024,12,0.6166123409822436,3,2024-12-01
Machakos,2025,1,0.5183983077360639,4,2025-01-01
Machakos,2025,2,0.4557925790823385,4,2025-02-01
Machakos,2025,3,0.519108063139932,4,2025-03-01
Machakos,2025,4,0.6623066173682214,3,2025-04-01
Machakos,2025,5,0.6354976251422071,4,2025-05-01
Machakos,2025,6,0.4933542241861541,4,2025-06-01
Machakos,2025,11,0.5170513083048915,1,2025-11-01
Machakos,2025,12,0.49199664391353826,2,2025-12-01
Machakos,2026,1,0.4623397990140304,3,2026-01-01
Machakos,2026,2,0.4464958350249253,3,2026-02-01
Machakos,2026,3,0.6595634243458477,2,2026-03-01
Machakos,2026,4,0.6082812002275311,2,2026-04-01
Machakos,2026,5,0.6619022766078545,2,2026-05-01
Machakos,2026,7,0.45704647075003985,3,2026-07-01
Machakos,2026,8,0.4185418326693223,1,2026-08-01
Makueni,2000,12,0.6840284105131411,1,2000-12-01
Makueni,2001,1,0.7083330413016276,2,2001-01-01
Makueni,2001,2,0.5953993742177723,2,2001-02-01
Makueni,2001,3,0.4918563829787228,2,2001-03-01
Makueni,2001,4,0.6171012515644563,2,2001-04-01
Makueni,2001,5,0.5316003337505222,2,2001-05-01
Makueni,2001,6,0.37771497705465157,2,2001-06-01
Makueni,2001,7,0.38945283687943255,2,2001-07-01
Makueni,2001,8,0.33321224447225706,2,2001-08-01
Makueni,2001,9,0.3154672715894864,2,2001-09-01
Makueni,2001,10,0.3198697955778063,1,2001-10-01
Makueni,2001,11,0.4493987692949518,2,2001-11-01
Makueni,2001,12,0.6197704839382561,2,2001-12-01
Makueni,2002,1,0.6639360867751354,2,2002-01-01
Makueni,2002,2,0.5320773884021683,2,2002-02-01
Makueni,2002,3,0.5795207133917403,2,2002-03-01
Makueni,2002,4,0.5974989361702128,2,2002-04-01
Makueni,2002,5,0.566836691697955,2,2002-05-01
Makueni,2002,6,0.4326970171047143,2,2002-06-01
Makueni,2002,7,0.3794873070504799,4,2002-07-01
Makueni,2002,8,0.3058975073007923,4,2002-08-01
Makueni,2002,9,0.32466222361284924,4,2002-09-01
Makueni,2002,10,0.34737503824224714,3,2002-10-01
Makueni,2002,11,0.5389190863579479,4,2002-11-01
Makueni,2002,12,0.651898717146433,4,2002-12-01
Makueni,2003,1,0.6197127450980398,4,2003-01-01
Makueni,2003,2,0.4659989570296204,4,2003-02-01
Makueni,2003,3,0.4348064351272426,4,2003-03-01
Makueni,2003,4,0.46973977193714367,3,2003-04-01
Makueni,2003,5,0.6082235711305802,4,2003-05-01
Makueni,2003,6,0.5177312369628706,4,2003-06-01
Makueni,2003,7,0.38203736962870233,4,2003-07-01
Makueni,2003,8,0.3432300584063409,4,2003-08-01
Makueni,2003,9,0.3191475073007927,4,2003-09-01
Makueni,2003,10,0.31712742316784864,3,2003-10-01
Makueni,2003,11,0.527020869837296,4,2003-11-01
Makueni,2003,12,0.572133740091781,4,2003-12-01
Makueni,2004,1,0.5741425844806011,4,2004-01-01
Makueni,2004,2,0.5764921464330417,4,2004-02-01
Makueni,2004,3,0.47709535878181064,4,2004-03-01
Makueni,2004,4,0.5637165832290366,4,2004-04-01
Makueni,2004,5,0.5102039215686277,3,2004-05-01
Makueni,2004,6,0.40264796620776006,4,2004-06-01
Makueni,2004,7,0.35000289945765545,4,2004-07-01
Makueni,2004,8,0.3109485502711724,4,2004-08-01
Makueni,2004,9,0.30284431581143095,4,2004-09-01
Makueni,2004,10,0.3127532957863994,4,2004-10-01
Makueni,2004,11,0.43608448060075083,3,2004-11-01
Makueni,2004,12,0.6030922715894873,4,2004-12-01
Makueni,2005,1,0.5115537442636628,4,2005-01-01
Makueni,2005,2,0.4189275552774302,4,2005-02-01
Makueni,2005,3,0.4005049123904879,4,2005-03-01
Makueni,2005,4,0.49742030315672375,3,2005-04-01
Makueni,2005,5,0.4383266166040885,4,2005-05-01
Makueni,2005,6,0.377505559032124,4,2005-06-01
Makueni,2005,7,0.295129557780559,4,2005-07-01
Makueni,2005,8,0.3118445974134335,4,2005-08-01
Makueni,2005,9,0.2830380997079681,4,2005-09-01
Makueni,2005,10,0.2845042136003339,3,2005-10-01
Makueni,2005,11,0.3997481852315397,4,2005-11-01
Makueni,2005,12,0.45300053191489376,4,2005-12-01
Makueni,2006,1,0.36969226115978315,4,2006-01-01
Makueni,2006,2,0.32371026282853577,4,2006-02-01
Makueni,2006,3,0.44113164372131836,4,2006-03-01
Makueni,2006,4,0.5228844806007507,3,2006-04-01
Makueni,2006,5,0.5539425531914887,4,2006-05-01
Makueni,2006,6,0.44649716312056753,4,2006-06-01
Makueni,2006,7,0.3543284626616609,4,2006-07-01
Makueni,2006,8,0.3207221422611596,4,2006-08-01
Makueni,2006,9,0.3025223299958282,4,2006-09-01
Makueni,2006,10,0.3127427895981089,3,2006-10-01
Makueni,2006,11,0.526470598664998,4,2006-11-01
Makueni,2006,12,0.6914107843137253,4,2006-12-01
Makueni,2007,1,0.6920599290780144,4,2007-01-01
Makueni,2007,2,0.5689092824363792,4,2007-02-01
Makueni,2007,3,0.527011441385065,4,2007-03-01
Makueni,2007,4,0.540375566680573,3,2007-04-01
Makueni,2007,5,0.5178212453066335,4,2007-05-01
Makueni,2007,6,0.4407514601585318,4,2007-06-01
Makueni,2007,7,0.3446057154776802,4,2007-07-01
Makueni,2007,8,0.3441437108886109,4,2007-08-01
Makueni,2007,9,0.3232632457238216,4,2007-09-01
Makueni,2007,10,0.3201991378111527,3,2007-10-01
Makueni,2007,11,0.46265076136837757,4,2007-11-01
Makueni,2007,12,0.6245987797246563,4,2007-12-01
Makueni,2008,1,0.5911960992907799,4,2008-01-01
Makueni,2008,2,0.4938085836462246,4,2008-02-01
Makueni,2008,3,0.49023979974968757,4,2008-03-01
Makueni,2008,4,0.5718214539007095,4,2008-04-01
Makueni,2008,5,0.4629274092615776,3,2008-05-01
Makueni,2008,6,0.40276002294534846,4,2008-06-01
Makueni,2008,7,0.30258934084272016,4,2008-07-01
Makueni,2008,8,0.3165754276178556,4,2008-08-01
Makueni,2008,9,0.29875863579474327,4,2008-09-01
Makueni,2008,10,0.304832488527326,4,2008-10-01
Makueni,2008,11,0.49407571964956193,3,2008-11-01
Makueni,2008,12,0.4656345327492699,4,2008-12-01
Makueni,2009,1,0.4079496141009596,4,2009-01-01
Makueni,2009,2,0.38177410304547327,4,2009-02-01
Makueni,2009,3,0.3402252503128907,4,2009-03-01
Makueni,2009,4,0.3341741760534,3,2009-04-01
Makueni,2009,5,0.35601444513975833,4,2009-05-01
Makueni,2009,6,0.31582010846891934,4,2009-06-01
Makueni,2009,7,0.29049382561535286,4,2009-07-01
Makueni,2009,8,0.2599286191072176,4,2009-08-01
Makueni,2009,9,0.25913340634126014,4,2009-09-01
Makueni,2009,10,0.3247018912529552,3,2009-10-01
Makueni,2009,11,0.46651637463496043,4,2009-11-01
Makueni,2009,12,0.5792835419274092,4,2009-12-01
Makueni,2010,1,0.5652594284522325,4,2010-01-01
Makueni,2010,2,0.48873460575719674,4,2010-02-01
Makueni,2010,3,0.6042234772632451,4,2010-03-01
Makueni,2010,4,0.6289225698790144,3,2010-04-01
Makueni,2010,5,0.5559447955778061,4,2010-05-01
Makueni,2010,6,0.41828382352941185,4,2010-06-01
Makueni,2010,7,0.3559692532332078,4,2010-07-01
Makueni,2010,8,0.33844510846891973,4,2010-08-01
Makueni,2010,9,0.3268512202753444,4,2010-09-01
Makueni,2010,10,0.3205562647754134,3,2010-10-01
Makueni,2010,11,0.5171668648310389,4,2010-11-01
Makueni,2010,12,0.6093182624113481,4,2010-12-01
Makueni,2011,1,0.4759342198581556,4,2011-01-01
Makueni,2011,2,0.4474223612849395,4,2011-02-01
Makueni,2011,3,0.48212407175636235,4,2011-03-01
Makueni,2011,4,0.5036758726185505,3,2011-04-01
Makueni,2011,5,0.4287421255736337,4,2011-05-01
Makueni,2011,6,0.364439956195244,4,2011-06-01
Makueni,2011,7,0.3263813099707965,4,2011-07-01
Makueni,2011,8,0.27911848143512724,4,2011-08-01
Makueni,2011,9,0.28648272841051314,4,2011-09-01
Makueni,2011,10,0.3485317619246279,3,2011-10-01
Makueni,2011,11,0.5494685961618688,4,2011-11-01
Makueni,2011,12,0.6124647788902795,4,2011-12-01
Makueni,2012,1,0.4956890488110143,4,2012-01-01
Makueni,2012,2,0.3849655506883603,4,2012-02-01
Makueni,2012,3,0.3558893095536088,4,2012-03-01
Makueni,2012,4,0.5277160513141425,4,2012-04-01
Makueni,2012,5,0.5567749408983452,3,2012-05-01
Makueni,2012,6,0.41716111806424705,4,2012-06-01
Makueni,2012,7,0.38506027325823966,4,2012-07-01
Makueni,2012,8,0.33643837088026646,4,2012-08-01
Makueni,2012,9,0.30235859407592836,4,2012-09-01
Makueni,2012,10,0.3216488527325824,4,2012-10-01
Makueni,2012,11,0.47122354331803656,3,2012-11-01
Makueni,2012,12,0.5624463078848563,4,2012-12-01
Makueni,2013,1,0.562493012098457,4,2013-01-01
Makueni,2013,2,0.4173998644138508,4,2013-02-01
Makueni,2013,3,0.4216757717980811,4,2013-03-01
Makueni,2013,4,0.5882603115004871,3,2013-04-01
Makueni,2013,5,0.561066687526075,4,2013-05-01
Makueni,2013,6,0.391031706299541,4,2013-06-01
Makueni,2013,7,0.33097098456403845,4,2013-07-01
Makueni,2013,8,0.3270072382144348,4,2013-08-01
Makueni,2013,9,0.3154977471839799,4,2013-09-01
Makueni,2013,10,0.31001764705882345,3,2013-10-01
Makueni,2013,11,0.4412166249478513,4,2013-11-01
Makueni,2013,12,0.6305177513558615,4,2013-12-01
Makueni,2014,1,0.550705256570713,4,2014-01-01
Makueni,2014,2,0.49556320400500575,4,2014-02-01
Makueni,2014,3,0.546073748435545,4,2014-03-01
Makueni,2014,4,0.5880059240717567,3,2014-04-01
Makueni,2014,5,0.5039095536086775,4,2014-05-01
Makueni,2014,6,0.3968472569879019,4,2014-06-01
Makueni,2014,7,0.3296177304964538,4,2014-07-01
Makueni,2014,8,0.3185007092198582,4,2014-08-01
Makueni,2014,9,0.30834839382561524,4,2014-09-01
Makueni,2014,10,0.31443800584063414,3,2014-10-01
Makueni,2014,11,0.47713892365456845,4,2014-11-01
Makueni,2014,12,0.5842651439299125,4,2014-12-01
Makueni,2015,1,0.46178699415936625,4,2015-01-01
Makueni,2015,2,0.3701703379224027,4,2015-02-01
Makueni,2015,3,0.36087918231122235,4,2015-03-01
Makueni,2015,4,0.48686715338617687,3,2015-04-01
Makueni,2015,5,0.5079342407175638,4,2015-05-01
Makueni,2015,6,0.4226221109720484,4,2015-06-01
Makueni,2015,7,0.3297011264080103,4,2015-07-01
Makueni,2015,8,0.30427179808093474,4,2015-08-01
Makueni,2015,9,0.2826906549853986,4,2015-09-01
Makueni,2015,10,0.2784218745654286,3,2015-10-01
Makueni,2015,11,0.4488465581977475,4,2015-11-01
Makueni,2015,12,0.6368020963704631,4,2015-12-01
Makueni,2016,1,0.5783090216937846,4,2016-01-01
Makueni,2016,2,0.4819060387984979,4,2016-02-01
Makueni,2016,3,0.43799536921151494,4,2016-03-01
Makueni,2016,4,0.49790019816437237,4,2016-04-01
Makueni,2016,5,0.4815768877763871,3,2016-05-01
Makueni,2016,6,0.3874013245723824,4,2016-06-01
Makueni,2016,7,0.3636829370045893,4,2016-07-01
Makueni,2016,8,0.31009705882352906,4,2016-08-01
Makueni,2016,9,0.3004528055903216,4,2016-09-01
Makueni,2016,10,0.29052775344180193,4,2016-10-01
Makueni,2016,11,0.492476706994855,3,2016-11-01
Makueni,2016,12,0.5957880997079682,4,2016-12-01
Makueni,2017,1,0.4843042657488529,4,2017-01-01
Makueni,2017,2,0.3855574050896959,4,2017-02-01
Makueni,2017,3,0.36040552774301193,4,2017-03-01
Makueni,2017,4,0.44411568627451,3,2017-04-01
Makueni,2017,5,0.5420252294534835,4,2017-05-01
Makueni,2017,6,0.4230083750521485,4,2017-06-01
Makueni,2017,7,0.3468256570713395,4,2017-07-01
Makueni,2017,8,0.3197746975385899,4,2017-08-01
Makueni,2017,9,0.2917224655819776,4,2017-09-01
Makueni,2017,10,0.2979340981782781,3,2017-10-01
Makueni,2017,11,0.4618112119315818,4,2017-11-01
Makueni,2017,12,0.5397097622027536,4,2017-12-01
Makueni,2018,1,0.4348514497288276,4,2018-01-01
Makueni,2018,2,0.3635141531080521,4,2018-02-01
Makueni,2018,3,0.5506368794326242,4,2018-03-01
Makueni,2018,4,0.624131483799193,3,2018-04-01
Makueni,2018,5,0.684690561118064,4,2018-05-01
Makueni,2018,6,0.5386212765957447,4,2018-06-01
Makueni,2018,7,0.47817806633291615,4,2018-07-01
Makueni,2018,8,0.3858936274509805,4,2018-08-01
Makueni,2018,9,0.373536921151439,4,2018-09-01
Makueni,2018,10,0.3783737449589759,3,2018-10-01
Makueni,2018,11,0.4583797559449311,4,2018-11-01
Makueni,2018,12,0.6343344284522323,4,2018-12-01
Makueni,2019,1,0.5618470066750104,4,2019-01-01
Makueni,2019,2,0.44684685022945353,4,2019-02-01
Makueni,2019,3,0.3800902795160616,4,2019-03-01
Makueni,2019,4,0.38584144068975107,3,2019-04-01
Makueni,2019,5,0.482405214851898,4,2019-05-01
Makueni,2019,6,0.4239790362953698,4,2019-06-01
Makueni,2019,7,0.35110400500625805,4,2019-07-01
Makueni,2019,8,0.32145262828535637,4,2019-08-01
Makueni,2019,9,0.304053577388402,4,2019-09-01
Makueni,2019,10,0.4604688221387841,3,2019-10-01
Makueni,2019,11,0.608646985815603,4,2019-11-01
Makueni,2019,12,0.6893735815602835,4,2019-12-01
Makueni,2020,1,0.6896016791823112,4,2020-01-01
Makueni,2020,2,0.6896920838548192,4,2020-02-01
Makueni,2020,3,0.6724792657488528,4,2020-03-01
Makueni,2020,4,0.6290036608260325,4,2020-04-01
Makueni,2020,5,0.6054617855652895,3,2020-05-01
Makueni,2020,6,0.5128665415102209,4,2020-06-01
Makueni,2020,7,0.4378606591572797,4,2020-07-01
Makueni,2020,8,0.30449494159365886,4,2020-08-01
Makueni,2020,9,0.365560909470171,4,2020-09-01
Makueni,2020,10,0.34960427617855666,4,2020-10-01
Makueni,2020,11,0.5771513836740364,3,2020-11-01
Makueni,2020,12,0.6591975490196069,4,2020-12-01
Makueni,2021,1,0.6326515748852735,4,2021-01-01
Makueni,2021,2,0.5529701397580308,4,2021-02-01
Makueni,2021,3,0.464866739674593,4,2021-03-01
Makueni,2021,4,0.5180666110415796,3,2021-04-01
Makueni,2021,5,0.521533333333334,4,2021-05-01
Makueni,2021,6,0.40573274926992026,4,2021-06-01
Makueni,2021,7,0.345646808510638,4,2021-07-01
Makueni,2021,8,0.3413681268251981,4,2021-08-01
Makueni,2021,9,0.3247023779724655,4,2021-09-01
Makueni,2021,10,0.32268500903907665,3,2021-10-01
Makueni,2021,11,0.34532713808927806,4,2021-11-01
Makueni,2021,12,0.6280140592407181,4,2021-12-01
Makueni,2022,1,0.6347409365874015,4,2022-01-01
Makueni,2022,2,0.4775422820191903,4,2022-02-01
Makueni,2022,3,0.3803901335002081,4,2022-03-01
Makueni,2022,4,0.4666135586149353,3,2022-04-01
Makueni,2022,5,0.48981573842302906,4,2022-05-01
Makueni,2022,6,0.4003663329161454,4,2022-06-01
Makueni,2022,7,0.3140454422194411,4,2022-07-01
Makueni,2022,8,0.31441028368794327,4,2022-08-01
Makueni,2022,9,0.29531957655402596,4,2022-09-01
Makueni,2022,10,0.2884672924488943,3,2022-10-01
Makueni,2022,11,0.44848074676679195,4,2022-11-01
Makueni,2022,12,0.6074606174384654,3,2022-12-01
Makueni,2023,1,0.5118330413016271,4,2023-01-01
Makueni,2023,2,0.3909435683493261,3,2023-02-01
Makueni,2023,3,0.3781047872340428,4,2023-03-01
Makueni,2023,4,0.5487714504241411,3,2023-04-01
Makueni,2023,5,0.5778743533583649,4,2023-05-01
Makueni,2023,6,0.4559468189403422,4,2023-06-01
Makueni,2023,7,0.388662348769295,4,2023-07-01
Makueni,2023,8,0.3474857425949103,4,2023-08-01
Makueni,2023,9,0.32484176053400116,4,2023-09-01
Makueni,2023,10,0.3127049853984145,2,2023-10-01
Makueni,2023,11,0.5574420317062999,4,2023-11-01
Makueni,2023,12,0.7000783479349191,4,2023-12-01
Makueni,2024,1,0.6757303921568625,4,2024-01-01
Makueni,2024,2,0.5729444513975805,4,2024-02-01
Makueni,2024,3,0.5749943262411348,4,2024-03-01
Makueni,2024,4,0.6577102941176468,4,2024-04-01
Makueni,2024,5,0.6497585871227928,3,2024-05-01
Makueni,2024,6,0.5537612536503957,4,2024-06-01
Makueni,2024,7,0.47374959324155247,4,2024-07-01
Makueni,2024,8,0.4352177165901827,3,2024-08-01
Makueni,2024,9,0.3875347413433461,4,2024-09-01
Makueni,2024,10,0.36274437838965373,4,2024-10-01
Makueni,2024,11,0.5260685579196217,3,2024-11-01
Makueni,2024,12,0.6483832012237521,3,2024-12-01
Makueni,2025,1,0.5647502711722983,4,2025-01-01
Makueni,2025,2,0.5037506779307467,4,2025-02-01
Makueni,2025,3,0.5070985815602841,4,2025-03-01
Makueni,2025,4,0.6878549853984143,3,2025-04-01
Makueni,2025,5,0.6295121610346266,4,2025-05-01
Makueni,2025,6,0.4934553712974549,4,2025-06-01
Makueni,2025,11,0.5190838965373388,1,2025-11-01
Makueni,2025,12,0.5744860033375047,2,2025-12-01
Makueni,2026,1,0.5498891392017805,3,2026-01-01
Makueni,2026,2,0.5090071478236685,3,2026-02-01
Makueni,2026,3,0.7068530454735091,2,2026-03-01
Makueni,2026,4,0.670306216103463,2,2026-04-01
Makueni,2026,5,0.6397444513975805,2,2026-05-01
Makueni,2026,7,0.46941661799471585,3,2026-07-01
Makueni,2026,8,0.43910454735085497,1,2026-08-01
Mandera,2000,12,0.28235329735421877,1,2000-12-01
Mandera,2001,1,0.252108885086219,2,2001-01-01
Mandera,2001,2,0.2388862972225878,2,2001-02-01
Mandera,2001,3,0.23755818086086664,2,2001-03-01
Mandera,2001,4,0.34917394366197163,2,2001-04-01
Mandera,2001,5,0.31354768987758247,2,2001-05-01
Mandera,2001,6,0.15433777807029114,2,2001-06-01
Mandera,2001,7,0.24045317888640153,2,2001-07-01
Mandera,2001,8,0.24118577728050522,2,2001-08-01
Mandera,2001,9,0.23989296432802482,2,2001-09-01
Mandera,2001,10,0.23405354745294313,1,2001-10-01
Mandera,2001,11,0.35222345662761667,2,2001-11-01
Mandera,2001,12,0.34238847571409736,2,2001-12-01
Mandera,2002,1,0.26172400947742547,2,2002-01-01
Mandera,2002,2,0.23198966697380555,2,2002-02-01
Mandera,2002,3,0.19142123206528833,2,2002-03-01
Mandera,2002,4,0.34849031196525027,2,2002-04-01
Mandera,2002,5,0.4253506647360791,2,2002-05-01
Mandera,2002,6,0.26194928919310223,2,2002-06-01
Mandera,2002,7,0.2675491970514678,4,2002-07-01
Mandera,2002,8,0.23172357509543254,4,2002-08-01
Mandera,2002,9,0.24113199289193132,4,2002-09-01
Mandera,2002,10,0.36077146680707256,3,2002-10-01
Mandera,2002,11,0.4333356588126889,4,2002-11-01
Mandera,2002,12,0.3396071837567468,4,2002-12-01
Mandera,2003,1,0.26837930762142953,4,2003-01-01
Mandera,2003,2,0.23811522311438704,4,2003-02-01
Mandera,2003,3,0.24250791759905238,4,2003-03-01
Mandera,2003,4,0.37197304637795553,3,2003-04-01
Mandera,2003,5,0.4264723015664075,4,2003-05-01
Mandera,2003,6,0.3153348591549293,4,2003-06-01
Mandera,2003,7,0.2737203238120305,4,2003-07-01
Mandera,2003,8,0.25115076345926035,4,2003-08-01
Mandera,2003,9,0.24073212123206567,4,2003-09-01
Mandera,2003,10,0.2521322715106838,3,2003-10-01
Mandera,2003,11,0.37207335461366264,4,2003-11-01
Mandera,2003,12,0.38709769316835524,4,2003-12-01
Mandera,2004,1,0.29040764775569344,4,2004-01-01
Mandera,2004,2,0.24603736014216127,4,2004-02-01
Mandera,2004,3,0.24857104778201874,4,2004-03-01
Mandera,2004,4,0.374079511649335,4,2004-04-01
Mandera,2004,5,0.34068232635689544,3,2004-05-01
Mandera,2004,6,0.2700557292352247,4,2004-06-01
Mandera,2004,7,0.2483629064104253,4,2004-07-01
Mandera,2004,8,0.23184604778201956,4,2004-08-01
Mandera,2004,9,0.23354746939581422,4,2004-09-01
Mandera,2004,10,0.40348193694879525,4,2004-10-01
Mandera,2004,11,0.5521114299504198,3,2004-11-01
Mandera,2004,12,0.4228481045149399,4,2004-12-01
Mandera,2005,1,0.30696589772278526,4,2005-01-01
Mandera,2005,2,0.26324557391075504,4,2005-02-01
Mandera,2005,3,0.25758293734368803,4,2005-03-01
Mandera,2005,4,0.3064446184897547,3,2005-04-01
Mandera,2005,5,0.38946987626694723,4,2005-05-01
Mandera,2005,6,0.31285879623535706,4,2005-06-01
Mandera,2005,7,0.23945655850993774,4,2005-07-01
Mandera,2005,8,0.24283048571804658,4,2005-08-01
Mandera,2005,9,0.22577436817164726,4,2005-09-01
Mandera,2005,10,0.25530279496292413,3,2005-10-01
Mandera,2005,11,0.2895630643675138,4,2005-11-01
Mandera,2005,12,0.25376774055548246,4,2005-12-01
Mandera,2006,1,0.2340491443991053,4,2006-01-01
Mandera,2006,2,0.22732078781097775,4,2006-02-01
Mandera,2006,3,0.25137375279715657,4,2006-03-01
Mandera,2006,4,0.3691931157035677,3,2006-04-01
Mandera,2006,5,0.3823112643148619,4,2006-05-01
Mandera,2006,6,0.2707337106752661,4,2006-06-01
Mandera,2006,7,0.21847428919310266,4,2006-07-01
Mandera,2006,8,0.24069311899433993,4,2006-08-01
Mandera,2006,9,0.23392664209556396,4,2006-09-01
Mandera,2006,10,0.36520952130226886,3,2006-10-01
Mandera,2006,11,0.5810801006976439,4,2006-11-01
Mandera,2006,12,0.5823496445965509,4,2006-12-01
Mandera,2007,1,0.4451670396209036,4,2007-01-01
Mandera,2007,2,0.3142986606555226,4,2007-02-01
Mandera,2007,3,0.29911463735685173,4,2007-03-01
Mandera,2007,4,0.3887924970383036,3,2007-04-01
Mandera,2007,5,0.460056973147295,4,2007-05-01
Mandera,2007,6,0.35151308740292203,4,2007-06-01
Mandera,2007,7,0.2782290673950244,4,2007-07-01
Mandera,2007,8,0.2630240522574701,4,2007-08-01
Mandera,2007,9,0.27479735750954354,4,2007-09-01
Mandera,2007,10,0.3573398710017113,3,2007-10-01
Mandera,2007,11,0.4462267046202447,4,2007-11-01
Mandera,2007,12,0.3021224463604056,4,2007-12-01
Mandera,2008,1,0.26770580163222324,4,2008-01-01
Mandera,2008,2,0.24014488613926555,4,2008-02-01
Mandera,2008,3,0.2428651211004343,4,2008-03-01
Mandera,2008,4,0.41969439252336527,4,2008-04-01
Mandera,2008,5,0.3266106752665526,3,2008-05-01
Mandera,2008,6,0.2832411840200079,4,2008-06-01
Mandera,2008,7,0.2365787416085298,4,2008-07-01
Mandera,2008,8,0.2496707088324338,4,2008-08-01
Mandera,2008,9,0.22721985323153895,4,2008-09-01
Mandera,2008,10,0.3940724364880882,4,2008-10-01
Mandera,2008,11,0.38538195340265885,3,2008-11-01
Mandera,2008,12,0.29372233118336216,4,2008-12-01
Mandera,2009,1,0.2509819468211134,4,2009-01-01
Mandera,2009,2,0.24543224957219972,4,2009-02-01
Mandera,2009,3,0.25545592010003937,4,2009-03-01
Mandera,2009,4,0.3103907858365142,3,2009-04-01
Mandera,2009,5,0.32609877583256586,4,2009-05-01
Mandera,2009,6,0.25880015466631523,4,2009-06-01
Mandera,2009,7,0.22985403119652523,4,2009-07-01
Mandera,2009,8,0.2195025009872316,4,2009-08-01
Mandera,2009,9,0.22770833881795433,4,2009-09-01
Mandera,2009,10,0.38733675134921713,3,2009-10-01
Mandera,2009,11,0.41703096946162976,4,2009-11-01
Mandera,2009,12,0.30282871199157557,4,2009-12-01
Mandera,2010,1,0.25176730946426207,4,2010-01-01
Mandera,2010,2,0.25473716269580104,4,2010-02-01
Mandera,2010,3,0.40277756022114053,4,2010-03-01
Mandera,2010,4,0.44220314597867566,3,2010-04-01
Mandera,2010,5,0.4000333322364089,4,2010-05-01
Mandera,2010,6,0.2605710971436096,4,2010-06-01
Mandera,2010,7,0.24072165328419098,4,2010-07-01
Mandera,2010,8,0.24896495985257305,4,2010-08-01
Mandera,2010,9,0.24223707713571108,4,2010-09-01
Mandera,2010,10,0.27694283269711734,3,2010-10-01
Mandera,2010,11,0.3147592997235751,4,2010-11-01
Mandera,2010,12,0.25869850927997884,4,2010-12-01
Mandera,2011,1,0.23599722916940907,4,2011-01-01
Mandera,2011,2,0.22769453731736256,4,2011-02-01
Mandera,2011,3,0.22634670264578127,4,2011-03-01
Mandera,2011,4,0.23695357816682036,3,2011-04-01
Mandera,2011,5,0.2915802685270502,4,2011-05-01
Mandera,2011,6,0.2422513590891146,4,2011-06-01
Mandera,2011,7,0.2322426089245751,4,2011-07-01
Mandera,2011,8,0.22781708898249273,4,2011-08-01
Mandera,2011,9,0.22474591286033985,4,2011-09-01
Mandera,2011,10,0.39321898117677945,3,2011-10-01
Mandera,2011,11,0.5744040213242071,4,2011-11-01
Mandera,2011,12,0.5690460115835199,4,2011-12-01
Mandera,2012,1,0.3853647656969858,4,2012-01-01
Mandera,2012,2,0.2981391963933133,4,2012-02-01
Mandera,2012,3,0.2721821212320652,4,2012-03-01
Mandera,2012,4,0.37143442806370947,4,2012-04-01
Mandera,2012,5,0.39193365802290375,3,2012-05-01
Mandera,2012,6,0.2870493484270105,4,2012-06-01
Mandera,2012,7,0.24815373502698407,4,2012-07-01
Mandera,2012,8,0.26533218375674633,4,2012-08-01
Mandera,2012,9,0.25617640186915874,4,2012-09-01
Mandera,2012,10,0.39455550546268314,4,2012-10-01
Mandera,2012,11,0.4798900881927073,3,2012-11-01
Mandera,2012,12,0.36098017309464275,4,2012-12-01
Mandera,2013,1,0.27320757864946665,4,2013-01-01
Mandera,2013,2,0.24281258720547633,4,2013-02-01
Mandera,2013,3,0.3271295774647889,4,2013-03-01
Mandera,2013,4,0.5300463691808176,3,2013-04-01
Mandera,2013,5,0.4302778925891798,4,2013-05-01
Mandera,2013,6,0.3081886830327758,4,2013-06-01
Mandera,2013,7,0.2697887159405023,4,2013-07-01
Mandera,2013,8,0.26294645254705823,4,2013-08-01
Mandera,2013,9,0.25358226931683514,4,2013-09-01
Mandera,2013,10,0.32283644859813093,3,2013-10-01
Mandera,2013,11,0.473904679478742,4,2013-11-01
Mandera,2013,12,0.3708898545478472,4,2013-12-01
Mandera,2014,1,0.2863375016453864,4,2014-01-01
Mandera,2014,2,0.25112590167171284,4,2014-02-01
Mandera,2014,3,0.29198228247992625,4,2014-03-01
Mandera,2014,4,0.35607221271554607,3,2014-04-01
Mandera,2014,5,0.3398576675003291,4,2014-05-01
Mandera,2014,6,0.24881989601158389,4,2014-06-01
Mandera,2014,7,0.23321464722916962,4,2014-07-01
Mandera,2014,8,0.2359470745030932,4,2014-08-01
Mandera,2014,9,0.2374537810978018,4,2014-09-01
Mandera,2014,10,0.3323569523057353,3,2014-10-01
Mandera,2014,11,0.44446551270238266,4,2014-11-01
Mandera,2014,12,0.32821892194287206,4,2014-12-01
Mandera,2015,1,0.25098494471501887,4,2015-01-01
Mandera,2015,2,0.22939576806634188,4,2015-02-01
Mandera,2015,3,0.2516745392918256,4,2015-03-01
Mandera,2015,4,0.374704725549559,3,2015-04-01
Mandera,2015,5,0.34986622021850733,4,2015-05-01
Mandera,2015,6,0.2666921218902195,4,2015-06-01
Mandera,2015,7,0.23253212123206574,4,2015-07-01
Mandera,2015,8,0.2383389166776356,4,2015-08-01
Mandera,2015,9,0.22865721666447295,4,2015-09-01
Mandera,2015,10,0.4008699047869773,3,2015-10-01
Mandera,2015,11,0.4472789324733444,4,2015-11-01
Mandera,2015,12,0.34658226602606335,4,2015-12-01
Mandera,2016,1,0.27363840331709877,4,2016-01-01
Mandera,2016,2,0.2425535770698962,4,2016-02-01
Mandera,2016,3,0.24997343359220783,4,2016-03-01
Mandera,2016,4,0.3946399302356185,4,2016-04-01
Mandera,2016,5,0.42606180948620104,3,2016-05-01
Mandera,2016,6,0.3154652033697515,4,2016-06-01
Mandera,2016,7,0.25961360405423195,4,2016-07-01
Mandera,2016,8,0.2516990720021062,4,2016-08-01
Mandera,2016,9,0.2433283664604448,4,2016-09-01
Mandera,2016,10,0.25844020336975126,4,2016-10-01
Mandera,2016,11,0.31338568294502206,3,2016-11-01
Mandera,2016,12,0.33167440107937307,4,2016-12-01
Mandera,2017,1,0.2574628340134263,4,2017-01-01
Mandera,2017,2,0.235218369093063,4,2017-02-01
Mandera,2017,3,0.23636518033434217,4,2017-03-01
Mandera,2017,4,0.32797982098196626,3,2017-04-01
Mandera,2017,5,0.3871211234697904,4,2017-05-01
Mandera,2017,6,0.275240104646571,4,2017-06-01
Mandera,2017,7,0.22675746676319647,4,2017-07-01
Mandera,2017,8,0.2375410194813744,4,2017-08-01
Mandera,2017,9,0.2353034980913519,4,2017-09-01
Mandera,2017,10,0.28520255802729155,3,2017-10-01
Mandera,2017,11,0.3893562360142163,4,2017-11-01
Mandera,2017,12,0.29088649795972077,4,2017-12-01
Mandera,2018,1,0.2419744339871001,4,2018-01-01
Mandera,2018,2,0.2395069369487958,4,2018-02-01
Mandera,2018,3,0.33782618138739,4,2018-03-01
Mandera,2018,4,0.46244260892457506,3,2018-04-01
Mandera,2018,5,0.4602523792286428,4,2018-05-01
Mandera,2018,6,0.357087718836383,4,2018-06-01
Mandera,2018,7,0.280619988153219,4,2018-07-01
Mandera,2018,8,0.25690890483085416,4,2018-08-01
Mandera,2018,9,0.2585498617875478,4,2018-09-01
Mandera,2018,10,0.31888118555570183,3,2018-10-01
Mandera,2018,11,0.4503662169277346,4,2018-11-01
Mandera,2018,12,0.3584230090825325,4,2018-12-01
Mandera,2019,1,0.28367338752139004,4,2019-01-01
Mandera,2019,2,0.24967817559563021,4,2019-02-01
Mandera,2019,3,0.25439108858760034,4,2019-03-01
Mandera,2019,4,0.2965681453205214,3,2019-04-01
Mandera,2019,5,0.3224229630117148,4,2019-05-01
Mandera,2019,6,0.25128648150585764,4,2019-06-01
Mandera,2019,7,0.24293603396077393,4,2019-07-01
Mandera,2019,8,0.2345640515993157,4,2019-08-01
Mandera,2019,9,0.24580317888640274,4,2019-09-01
Mandera,2019,10,0.5071831863454878,3,2019-10-01
Mandera,2019,11,0.6067931354482026,4,2019-11-01
Mandera,2019,12,0.5962454159536658,4,2019-12-01
Mandera,2020,1,0.42794655456101105,4,2020-01-01
Mandera,2020,2,0.33490077333157775,4,2020-02-01
Mandera,2020,3,0.31936784256943523,4,2020-03-01
Mandera,2020,4,0.48730558444122646,4,2020-04-01
Mandera,2020,5,0.4978182615944875,3,2020-05-01
Mandera,2020,6,0.3657520205344209,4,2020-06-01
Mandera,2020,7,0.32345272146900106,4,2020-07-01
Mandera,2020,8,0.2772025174410952,4,2020-08-01
Mandera,2020,9,0.29024084507042275,4,2020-09-01
Mandera,2020,10,0.3963790871396597,4,2020-10-01
Mandera,2020,11,0.4363608090913082,3,2020-11-01
Mandera,2020,12,0.3290593589574834,4,2020-12-01
Mandera,2021,1,0.26403233842306173,4,2021-01-01
Mandera,2021,2,0.24954386929050987,4,2021-02-01
Mandera,2021,3,0.2729562195603529,4,2021-03-01
Mandera,2021,4,0.40346034399543673,3,2021-04-01
Mandera,2021,5,0.4065377945241543,4,2021-05-01
Mandera,2021,6,0.2842243089377383,4,2021-06-01
Mandera,2021,7,0.22760367908384893,4,2021-07-01
Mandera,2021,8,0.24280869422140328,4,2021-08-01
Mandera,2021,9,0.24960198104514944,4,2021-09-01
Mandera,2021,10,0.2807661620815231,3,2021-10-01
Mandera,2021,11,0.3190350664736075,4,2021-11-01
Mandera,2021,12,0.3257608595498222,4,2021-12-01
Mandera,2022,1,0.265638413189417,4,2022-01-01
Mandera,2022,2,0.23071971830985885,4,2022-02-01
Mandera,2022,3,0.22124494866394662,4,2022-03-01
Mandera,2022,4,0.3034058444122683,3,2022-04-01
Mandera,2022,5,0.3215665591680925,4,2022-05-01
Mandera,2022,6,0.2593651770435691,4,2022-06-01
Mandera,2022,7,0.2406127418717912,4,2022-07-01
Mandera,2022,8,0.22790222456232717,4,2022-08-01
Mandera,2022,9,0.21946750361985007,4,2022-09-01
Mandera,2022,10,0.23907193629064102,3,2022-10-01
Mandera,2022,11,0.29261283072265404,4,2022-11-01
Mandera,2022,12,0.24983355271817828,3,2022-12-01
Mandera,2023,1,0.24190583453995015,4,2023-01-01
Mandera,2023,2,0.22258402439559447,3,2023-02-01
Mandera,2023,3,0.3353357838620503,4,2023-03-01
Mandera,2023,4,0.48276502566802676,3,2023-04-01
Mandera,2023,5,0.4906908319073316,4,2023-05-01
Mandera,2023,6,0.3172072429906544,4,2023-06-01
Mandera,2023,7,0.2435815716730289,4,2023-07-01
Mandera,2023,8,0.2641270698960112,4,2023-08-01
Mandera,2023,9,0.2622890779254966,4,2023-09-01
Mandera,2023,10,0.3513636303804126,2,2023-10-01
Mandera,2023,11,0.6176273726470971,4,2023-11-01
Mandera,2023,12,0.5761751151770437,4,2023-12-01
Mandera,2024,1,0.44803268066342017,4,2024-01-01
Mandera,2024,2,0.3446483546136628,4,2024-02-01
Mandera,2024,3,0.35247857048835063,4,2024-03-01
Mandera,2024,4,0.5279102211399237,4,2024-04-01
Mandera,2024,5,0.5637275196349444,3,2024-05-01
Mandera,2024,6,0.4201821673028827,4,2024-06-01
Mandera,2024,7,0.3425546728971959,4,2024-07-01
Mandera,2024,8,0.3009304506164716,3,2024-08-01
Mandera,2024,9,0.3187494339870996,4,2024-09-01
Mandera,2024,10,0.3249761451888907,4,2024-10-01
Mandera,2024,11,0.45286748716598696,3,2024-11-01
Mandera,2024,12,0.3797290684919487,3,2024-12-01
Mandera,2025,1,0.28779599183888405,4,2025-01-01
Mandera,2025,2,0.25884914110833224,4,2025-02-01
Mandera,2025,3,0.32204076609187804,4,2025-03-01
Mandera,2025,4,0.41611522092053826,3,2025-04-01
Mandera,2025,5,0.443667470712123,4,2025-05-01
Mandera,2025,6,0.31147733973937136,4,2025-06-01
Mandera,2025,11,0.31221792812952465,1,2025-11-01
Mandera,2025,12,0.28660219823614597,2,2025-12-01
Mandera,2026,1,0.24907345882146445,3,2026-01-01
Mandera,2026,2,0.24514626826378905,3,2026-02-01
Mandera,2026,3,0.45299981571673004,2,2026-03-01
Mandera,2026,4,0.5040255495590364,2,2026-04-01
Mandera,2026,5,0.3925417335790451,2,2026-05-01
Mandera,2026,7,0.28645005045851457,3,2026-07-01
Mandera,2026,8,0.2722996840858236,1,2026-08-01
Marsabit,2000,12,0.19646726324690114,1,2000-12-01
Marsabit,2001,1,0.18877602943552346,2,2001-01-01
Marsabit,2001,2,0.18406928745525353,2,2001-02-01
Marsabit,2001,3,0.17325939876045526,2,2001-03-01
Marsabit,2001,4,0.31431741657449874,2,2001-04-01
Marsabit,2001,5,0.2549639514036321,2,2001-05-01
Marsabit,2001,6,0.17421533296652023,2,2001-06-01
Marsabit,2001,7,0.17599655714001336,2,2001-07-01
Marsabit,2001,8,0.17296651994765466,2,2001-08-01
Marsabit,2001,9,0.16812416178864434,2,2001-09-01
Marsabit,2001,10,0.1651433647200714,1,2001-10-01
Marsabit,2001,11,0.2001182578586951,2,2001-11-01
Marsabit,2001,12,0.23082516363651978,2,2001-12-01
Marsabit,2002,1,0.2088342840510371,2,2002-01-01
Marsabit,2002,2,0.18006893559259005,2,2002-02-01
Marsabit,2002,3,0.18419885932750674,2,2002-03-01
Marsabit,2002,4,0.2637810646634428,2,2002-04-01
Marsabit,2002,5,0.32565214271876164,2,2002-05-01
Marsabit,2002,6,0.2234952306263498,2,2002-06-01
Marsabit,2002,7,0.19106510221548606,4,2002-07-01
Marsabit,2002,8,0.1719880083083345,4,2002-08-01
Marsabit,2002,9,0.17180623096816952,4,2002-09-01
Marsabit,2002,10,0.18392263826439922,3,2002-10-01
Marsabit,2002,11,0.23462326593482088,4,2002-11-01
Marsabit,2002,12,0.28434125013431716,4,2002-12-01
Marsabit,2003,1,0.27544006683554206,4,2003-01-01
Marsabit,2003,2,0.1864344675842144,4,2003-02-01
Marsabit,2003,3,0.17332786920338153,4,2003-03-01
Marsabit,2003,4,0.23281375941944926,3,2003-04-01
Marsabit,2003,5,0.37550245919509684,4,2003-05-01
Marsabit,2003,6,0.26399396797898217,4,2003-06-01
Marsabit,2003,7,0.19993022346040482,4,2003-07-01
Marsabit,2003,8,0.19041960158082474,4,2003-08-01
Marsabit,2003,9,0.18131652911847027,4,2003-09-01
Marsabit,2003,10,0.17620562968576536,3,2003-10-01
Marsabit,2003,11,0.21454299815816055,4,2003-11-01
Marsabit,2003,12,0.2562935006260022,4,2003-12-01
Marsabit,2004,1,0.21437439824973817,4,2004-01-01
Marsabit,2004,2,0.1840606260990472,4,2004-02-01
Marsabit,2004,3,0.1777361181179607,4,2004-03-01
Marsabit,2004,4,0.28273247623157327,4,2004-04-01
Marsabit,2004,5,0.2553259324801341,3,2004-05-01
Marsabit,2004,6,0.19494202534866084,4,2004-06-01
Marsabit,2004,7,0.1763523224791721,4,2004-07-01
Marsabit,2004,8,0.16624616384469676,4,2004-08-01
Marsabit,2004,9,0.1670764087303544,4,2004-09-01
Marsabit,2004,10,0.21065144596860405,4,2004-10-01
Marsabit,2004,11,0.3071845486987806,3,2004-11-01
Marsabit,2004,12,0.27610194765280677,4,2004-12-01
Marsabit,2005,1,0.20614510948602338,4,2005-01-01
Marsabit,2005,2,0.18037034570727525,4,2005-02-01
Marsabit,2005,3,0.174772918771731,4,2005-03-01
Marsabit,2005,4,0.19299098129290168,3,2005-04-01
Marsabit,2005,5,0.24896090542647376,4,2005-05-01
Marsabit,2005,6,0.21370461566867294,4,2005-06-01
Marsabit,2005,7,0.1741725274088944,4,2005-07-01
Marsabit,2005,8,0.1647802922500829,4,2005-08-01
Marsabit,2005,9,0.15559363623043504,4,2005-09-01
Marsabit,2005,10,0.16543599009872742,3,2005-10-01
Marsabit,2005,11,0.17819270653096064,4,2005-11-01
Marsabit,2005,12,0.173813363441796,4,2005-12-01
Marsabit,2006,1,0.16237382742071546,4,2006-01-01
Marsabit,2006,2,0.15422741631951917,4,2006-02-01
Marsabit,2006,3,0.17450183650196271,4,2006-03-01
Marsabit,2006,4,0.2795644099167429,3,2006-04-01
Marsabit,2006,5,0.2630404716735298,4,2006-05-01
Marsabit,2006,6,0.19038030905760933,4,2006-06-01
Marsabit,2006,7,0.1716546964270913,4,2006-07-01
Marsabit,2006,8,0.1885055323122259,4,2006-08-01
Marsabit,2006,9,0.174565218213255,4,2006-09-01
Marsabit,2006,10,0.21912427114401334,3,2006-10-01
Marsabit,2006,11,0.34582163997770343,4,2006-11-01
Marsabit,2006,12,0.4057944219907437,4,2006-12-01
Marsabit,2007,1,0.320260725690112,4,2007-01-01
Marsabit,2007,2,0.21781919971022165,4,2007-02-01
Marsabit,2007,3,0.1991042417861419,4,2007-03-01
Marsabit,2007,4,0.246570240774596,3,2007-04-01
Marsabit,2007,5,0.2492917272409086,4,2007-05-01
Marsabit,2007,6,0.21655914932072723,4,2007-06-01
Marsabit,2007,7,0.19884365762251402,4,2007-07-01
Marsabit,2007,8,0.21963390122262835,4,2007-08-01
Marsabit,2007,9,0.20042061570893008,4,2007-09-01
Marsabit,2007,10,0.19888622917358378,3,2007-10-01
Marsabit,2007,11,0.24118058824492014,4,2007-11-01
Marsabit,2007,12,0.20297766114536664,4,2007-12-01
Marsabit,2008,1,0.19811225365155372,4,2008-01-01
Marsabit,2008,2,0.17704036729189296,4,2008-02-01
Marsabit,2008,3,0.18162774434628368,4,2008-03-01
Marsabit,2008,4,0.279662314881871,4,2008-04-01
Marsabit,2008,5,0.2506744850011035,3,2008-05-01
Marsabit,2008,6,0.19484596594763198,4,2008-06-01
Marsabit,2008,7,0.16848932585018975,4,2008-07-01
Marsabit,2008,8,0.16928513117148095,4,2008-08-01
Marsabit,2008,9,0.1645588883382177,4,2008-09-01
Marsabit,2008,10,0.24750828159674693,4,2008-10-01
Marsabit,2008,11,0.3381457078026317,3,2008-11-01
Marsabit,2008,12,0.24613364510042762,4,2008-12-01
Marsabit,2009,1,0.19483599907425247,4,2009-01-01
Marsabit,2009,2,0.1817446095145461,4,2009-02-01
Marsabit,2009,3,0.17077367660511072,4,2009-03-01
Marsabit,2009,4,0.1817201917358733,3,2009-04-01
Marsabit,2009,5,0.18578344712248931,4,2009-05-01
Marsabit,2009,6,0.16409824648336288,4,2009-06-01
Marsabit,2009,7,0.1531334658085365,4,2009-07-01
Marsabit,2009,8,0.15108973955693616,4,2009-08-01
Marsabit,2009,9,0.15332724832697978,4,2009-09-01
Marsabit,2009,10,0.19207296915565716,3,2009-10-01
Marsabit,2009,11,0.21397145417360602,4,2009-11-01
Marsabit,2009,12,0.21485618775713056,4,2009-12-01
Marsabit,2010,1,0.24241648622544912,4,2010-01-01
Marsabit,2010,2,0.19788475683087903,4,2010-02-01
Marsabit,2010,3,0.2823657654879773,4,2010-03-01
Marsabit,2010,4,0.29403878704130576,3,2010-04-01
Marsabit,2010,5,0.2639694345249277,4,2010-05-01
Marsabit,2010,6,0.19261069650210094,4,2010-06-01
Marsabit,2010,7,0.17725253363511512,4,2010-07-01
Marsabit,2010,8,0.1699948930491677,4,2010-08-01
Marsabit,2010,9,0.1692860450432919,4,2010-09-01
Marsabit,2010,10,0.1675832346883702,3,2010-10-01
Marsabit,2010,11,0.17902262789218934,4,2010-11-01
Marsabit,2010,12,0.17137229769707735,4,2010-12-01
Marsabit,2011,1,0.1655063196830778,4,2011-01-01
Marsabit,2011,2,0.16765616233077155,4,2011-02-01
Marsabit,2011,3,0.15967587571940725,4,2011-03-01
Marsabit,2011,4,0.1595088855464951,3,2011-04-01
Marsabit,2011,5,0.17232879659516243,4,2011-05-01
Marsabit,2011,6,0.15190628657710872,4,2011-06-01
Marsabit,2011,7,0.1529732014711105,4,2011-07-01
Marsabit,2011,8,0.14966575388332792,4,2011-08-01
Marsabit,2011,9,0.15429226331484794,4,2011-09-01
Marsabit,2011,10,0.22186613177071793,3,2011-10-01
Marsabit,2011,11,0.40300184341464834,4,2011-11-01
Marsabit,2011,12,0.430871752348025,4,2011-12-01
Marsabit,2012,1,0.26394888609453787,4,2012-01-01
Marsabit,2012,2,0.19637625770491923,4,2012-02-01
Marsabit,2012,3,0.17801074937051345,4,2012-03-01
Marsabit,2012,4,0.260362061451357,4,2012-04-01
Marsabit,2012,5,0.2704836704475508,3,2012-05-01
Marsabit,2012,6,0.1956934487134549,4,2012-06-01
Marsabit,2012,7,0.17839944335495075,4,2012-07-01
Marsabit,2012,8,0.17410343640814302,4,2012-08-01
Marsabit,2012,9,0.1654941999765958,4,2012-09-01
Marsabit,2012,10,0.21509066482864342,4,2012-10-01
Marsabit,2012,11,0.2547660956892415,3,2012-11-01
Marsabit,2012,12,0.2363590192269149,4,2012-12-01
Marsabit,2013,1,0.20618922341869775,4,2013-01-01
Marsabit,2013,2,0.1696192184524811,4,2013-02-01
Marsabit,2013,3,0.20775556024700317,4,2013-03-01
Marsabit,2013,4,0.3735316126420287,3,2013-04-01
Marsabit,2013,5,0.30703803304952415,4,2013-05-01
Marsabit,2013,6,0.22001861415758533,4,2013-06-01
Marsabit,2013,7,0.19322426536045115,4,2013-07-01
Marsabit,2013,8,0.1820510279789004,4,2013-08-01
Marsabit,2013,9,0.17770586135191851,4,2013-09-01
Marsabit,2013,10,0.18546035085471657,3,2013-10-01
Marsabit,2013,11,0.30138575064550593,4,2013-11-01
Marsabit,2013,12,0.24888507381981506,4,2013-12-01
Marsabit,2014,1,0.1977966222516006,4,2014-01-01
Marsabit,2014,2,0.19345827783183425,4,2014-02-01
Marsabit,2014,3,0.25979782744966673,4,2014-03-01
Marsabit,2014,4,0.28803711758724776,3,2014-04-01
Marsabit,2014,5,0.23076538835230187,4,2014-05-01
Marsabit,2014,6,0.1779512521896983,4,2014-06-01
Marsabit,2014,7,0.17085183389147168,4,2014-07-01
Marsabit,2014,8,0.17885600493621212,4,2014-08-01
Marsabit,2014,9,0.186231709123015,4,2014-09-01
Marsabit,2014,10,0.20178185489587833,3,2014-10-01
Marsabit,2014,11,0.22710536056891256,4,2014-11-01
Marsabit,2014,12,0.23283642360885284,4,2014-12-01
Marsabit,2015,1,0.18199028233291212,4,2015-01-01
Marsabit,2015,2,0.1609352615883256,4,2015-02-01
Marsabit,2015,3,0.1589244764061612,4,2015-03-01
Marsabit,2015,4,0.24303264683078107,3,2015-04-01
Marsabit,2015,5,0.2723088730036053,4,2015-05-01
Marsabit,2015,6,0.1914249147709599,4,2015-06-01
Marsabit,2015,7,0.16363459870842492,4,2015-07-01
Marsabit,2015,8,0.16497042007349294,4,2015-08-01
Marsabit,2015,9,0.1601899141292029,4,2015-09-01
Marsabit,2015,10,0.19347213991150633,3,2015-10-01
Marsabit,2015,11,0.2666568172756234,4,2015-11-01
Marsabit,2015,12,0.2993888308235829,4,2015-12-01
Marsabit,2016,1,0.21691574968583868,4,2016-01-01
Marsabit,2016,2,0.17072662184784487,4,2016-02-01
Marsabit,2016,3,0.1704321975604343,4,2016-03-01
Marsabit,2016,4,0.23639451503901623,4,2016-04-01
Marsabit,2016,5,0.29410707497276656,3,2016-05-01
Marsabit,2016,6,0.21345868435677404,4,2016-06-01
Marsabit,2016,7,0.1834586705194027,4,2016-07-01
Marsabit,2016,8,0.1684187956736127,4,2016-08-01
Marsabit,2016,9,0.16523756456656738,4,2016-09-01
Marsabit,2016,10,0.162033679205288,4,2016-10-01
Marsabit,2016,11,0.1861080933145628,3,2016-11-01
Marsabit,2016,12,0.20172960554696676,4,2016-12-01
Marsabit,2017,1,0.17368450161969934,4,2017-01-01
Marsabit,2017,2,0.1606015800658659,4,2017-02-01
Marsabit,2017,3,0.15646782053303507,4,2017-03-01
Marsabit,2017,4,0.1737671069614584,3,2017-04-01
Marsabit,2017,5,0.2280054925550352,4,2017-05-01
Marsabit,2017,6,0.18391987566759302,4,2017-06-01
Marsabit,2017,7,0.16704045563254313,4,2017-07-01
Marsabit,2017,8,0.16486147465867468,4,2017-08-01
Marsabit,2017,9,0.17247322961719555,4,2017-09-01
Marsabit,2017,10,0.19077760913729938,3,2017-10-01
Marsabit,2017,11,0.2812195237035975,4,2017-11-01
Marsabit,2017,12,0.22201395046213263,4,2017-12-01
Marsabit,2018,1,0.17342930738683732,4,2018-01-01
Marsabit,2018,2,0.17371773055063153,4,2018-02-01
Marsabit,2018,3,0.30318011017523516,4,2018-03-01
Marsabit,2018,4,0.48081057340172606,3,2018-04-01
Marsabit,2018,5,0.43980341870059697,4,2018-05-01
Marsabit,2018,6,0.31925746974615676,4,2018-06-01
Marsabit,2018,7,0.23379462301816514,4,2018-07-01
Marsabit,2018,8,0.20767573227276415,4,2018-08-01
Marsabit,2018,9,0.20061682687666527,4,2018-09-01
Marsabit,2018,10,0.20942965210065279,3,2018-10-01
Marsabit,2018,11,0.23735628608587622,4,2018-11-01
Marsabit,2018,12,0.2338202765838762,4,2018-12-01
Marsabit,2019,1,0.19104674488039924,4,2019-01-01
Marsabit,2019,2,0.17661755668658122,4,2019-02-01
Marsabit,2019,3,0.1815736422414402,4,2019-03-01
Marsabit,2019,4,0.19856608448330257,3,2019-04-01
Marsabit,2019,5,0.20469088459972715,4,2019-05-01
Marsabit,2019,6,0.18319356427772004,4,2019-06-01
Marsabit,2019,7,0.169799824370861,4,2019-07-01
Marsabit,2019,8,0.16459060475063692,4,2019-08-01
Marsabit,2019,9,0.1625567221693349,4,2019-09-01
Marsabit,2019,10,0.2977389416397634,3,2019-10-01
Marsabit,2019,11,0.4056303015817985,4,2019-11-01
Marsabit,2019,12,0.4588992165492077,4,2019-12-01
Marsabit,2020,1,0.3262086011100046,4,2020-01-01
Marsabit,2020,2,0.27132497628311664,4,2020-02-01
Marsabit,2020,3,0.23519913191144473,4,2020-03-01
Marsabit,2020,4,0.3396932826049439,4,2020-04-01
Marsabit,2020,5,0.34491816993917007,3,2020-05-01
Marsabit,2020,6,0.24963183189624952,4,2020-06-01
Marsabit,2020,7,0.21250601430612848,4,2020-07-01
Marsabit,2020,8,0.193546780639504,4,2020-08-01
Marsabit,2020,9,0.1928973192970838,4,2020-09-01
Marsabit,2020,10,0.21911525139848792,4,2020-10-01
Marsabit,2020,11,0.2771891809519614,3,2020-11-01
Marsabit,2020,12,0.22965504220393396,4,2020-12-01
Marsabit,2021,1,0.19338697571970254,4,2021-01-01
Marsabit,2021,2,0.18131432508378365,4,2021-02-01
Marsabit,2021,3,0.19266985834527361,4,2021-03-01
Marsabit,2021,4,0.2108274236106007,3,2021-04-01
Marsabit,2021,5,0.26494590030893106,4,2021-05-01
Marsabit,2021,6,0.20487452396286457,4,2021-06-01
Marsabit,2021,7,0.17492737452968435,4,2021-07-01
Marsabit,2021,8,0.17038484926681646,4,2021-08-01
Marsabit,2021,9,0.16933276716243184,4,2021-09-01
Marsabit,2021,10,0.16874472793784556,3,2021-10-01
Marsabit,2021,11,0.18366499530426225,4,2021-11-01
Marsabit,2021,12,0.19939561115100876,4,2021-12-01
Marsabit,2022,1,0.18732465026314826,4,2022-01-01
Marsabit,2022,2,0.16835152697715258,4,2022-02-01
Marsabit,2022,3,0.1456602496217409,4,2022-03-01
Marsabit,2022,4,0.17727447616042336,3,2022-04-01
Marsabit,2022,5,0.20769808768595222,4,2022-05-01
Marsabit,2022,6,0.17184116264664573,4,2022-06-01
Marsabit,2022,7,0.15785708525641648,4,2022-07-01
Marsabit,2022,8,0.15538728662920587,4,2022-08-01
Marsabit,2022,9,0.15364097882769012,4,2022-09-01
Marsabit,2022,10,0.14743215172823787,3,2022-10-01
Marsabit,2022,11,0.16022039282406753,4,2022-11-01
Marsabit,2022,12,0.16673862082830262,3,2022-12-01
Marsabit,2023,1,0.16477365739013028,4,2023-01-01
Marsabit,2023,2,0.14805234800018416,3,2023-02-01
Marsabit,2023,3,0.2130631584349722,4,2023-03-01
Marsabit,2023,4,0.3413526090717645,3,2023-04-01
Marsabit,2023,5,0.36280253798396433,4,2023-05-01
Marsabit,2023,6,0.2354267328679121,4,2023-06-01
Marsabit,2023,7,0.19344853669297576,4,2023-07-01
Marsabit,2023,8,0.18772365287253545,4,2023-08-01
Marsabit,2023,9,0.17991954452609535,4,2023-09-01
Marsabit,2023,10,0.19763665791858928,2,2023-10-01
Marsabit,2023,11,0.4604490586130161,4,2023-11-01
Marsabit,2023,12,0.4416124671386984,4,2023-12-01
Marsabit,2024,1,0.3093592298404491,4,2024-01-01
Marsabit,2024,2,0.24105229958226088,4,2024-02-01
Marsabit,2024,3,0.23833763019149645,4,2024-03-01
Marsabit,2024,4,0.40081764183326357,4,2024-04-01
Marsabit,2024,5,0.45238291061648034,3,2024-05-01
Marsabit,2024,6,0.2906519891210833,4,2024-06-01
Marsabit,2024,7,0.24054950393226499,4,2024-07-01
Marsabit,2024,8,0.2267679217155746,3,2024-08-01
Marsabit,2024,9,0.20902553438838903,4,2024-09-01
Marsabit,2024,10,0.20678153410446423,4,2024-10-01
Marsabit,2024,11,0.29215208519419367,3,2024-11-01
Marsabit,2024,12,0.3111831154736828,3,2024-12-01
Marsabit,2025,1,0.2157574506682622,4,2025-01-01
Marsabit,2025,2,0.19059837544548497,4,2025-02-01
Marsabit,2025,3,0.26926165664330215,4,2025-03-01
Marsabit,2025,4,0.4046762313354176,3,2025-04-01
Marsabit,2025,5,0.394115257382504,4,2025-05-01
Marsabit,2025,6,0.2525917299006092,4,2025-06-01
Marsabit,2025,11,0.21898646420618745,1,2025-11-01
Marsabit,2025,12,0.2188160480497777,2,2025-12-01
Marsabit,2026,1,0.20726082683289512,3,2026-01-01
Marsabit,2026,2,0.21680003552331595,3,2026-02-01
Marsabit,2026,3,0.432884315248829,2,2026-03-01
Marsabit,2026,4,0.40346265769999945,2,2026-04-01
Marsabit,2026,5,0.3319292870955026,2,2026-05-01
Marsabit,2026,7,0.21564335320148056,3,2026-07-01
Marsabit,2026,8,0.211694019838037,1,2026-08-01
Meru,2000,12,0.6429696419813636,1,2000-12-01
Meru,2001,1,0.588063903874448,2,2001-01-01
Meru,2001,2,0.4963666503187837,2,2001-02-01
Meru,2001,3,0.45015689063266273,2,2001-03-01
Meru,2001,4,0.6345492398234432,2,2001-04-01
Meru,2001,5,0.5868104953408535,2,2001-05-01
Meru,2001,6,0.3622844776851398,2,2001-06-01
Meru,2001,7,0.4004659391858756,2,2001-07-01
Meru,2001,8,0.39450264835703763,2,2001-08-01
Meru,2001,9,0.36383330063756736,2,2001-09-01
Meru,2001,10,0.35458278567925444,1,2001-10-01
Meru,2001,11,0.4955307748896519,2,2001-11-01
Meru,2001,12,0.624871260421775,2,2001-12-01
Meru,2002,1,0.6075118440411975,2,2002-01-01
Meru,2002,2,0.48253170671897977,2,2002-02-01
Meru,2002,3,0.5120413683178029,2,2002-03-01
Meru,2002,4,0.6083679990191277,2,2002-04-01
Meru,2002,5,0.7146069641981364,2,2002-05-01
Meru,2002,6,0.558462849435998,2,2002-06-01
Meru,2002,7,0.4808259318293281,4,2002-07-01
Meru,2002,8,0.4139061181951937,4,2002-08-01
Meru,2002,9,0.3905134870034329,4,2002-09-01
Meru,2002,10,0.40933558934118014,3,2002-10-01
Meru,2002,11,0.6434542667974497,4,2002-11-01
Meru,2002,12,0.6586924227562533,4,2002-12-01
Meru,2003,1,0.6556292790583612,4,2003-01-01
Meru,2003,2,0.5011680848455126,4,2003-02-01
Meru,2003,3,0.46500918342324676,4,2003-03-01
Meru,2003,4,0.5508313225437301,3,2003-04-01
Meru,2003,5,0.6853293035801866,4,2003-05-01
Meru,2003,6,0.573993133889162,4,2003-06-01
Meru,2003,7,0.44936574301128,4,2003-07-01
Meru,2003,8,0.4304865988229525,4,2003-08-01
Meru,2003,9,0.4106961010299167,4,2003-09-01
Meru,2003,10,0.43572014059179337,3,2003-10-01
Meru,2003,11,0.6334128984796467,4,2003-11-01
Meru,2003,12,0.7090803334968119,4,2003-12-01
Meru,2004,1,0.6438497915644923,4,2004-01-01
Meru,2004,2,0.5644937714565967,4,2004-02-01
Meru,2004,3,0.515750232957332,4,2004-03-01
Meru,2004,4,0.643310299166258,4,2004-04-01
Meru,2004,5,0.6139230014713094,3,2004-05-01
Meru,2004,6,0.5042831902893576,4,2004-06-01
Meru,2004,7,0.42454458067680234,4,2004-07-01
Meru,2004,8,0.38791690779794014,4,2004-08-01
Meru,2004,9,0.3746172388425702,4,2004-09-01
Meru,2004,10,0.4607767165277098,4,2004-10-01
Meru,2004,11,0.672121922511035,3,2004-11-01
Meru,2004,12,0.7077445684158895,4,2004-12-01
Meru,2005,1,0.5936867827366354,4,2005-01-01
Meru,2005,2,0.5121699239823442,4,2005-02-01
Meru,2005,3,0.48170478175576265,4,2005-03-01
Meru,2005,4,0.5275894556154975,3,2005-04-01
Meru,2005,5,0.6164337665522319,4,2005-05-01
Meru,2005,6,0.5520030529671411,4,2005-06-01
Meru,2005,7,0.43732074546346245,4,2005-07-01
Meru,2005,8,0.40608601029916624,4,2005-08-01
Meru,2005,9,0.375955259931339,4,2005-09-01
Meru,2005,10,0.39638172306686287,3,2005-10-01
Meru,2005,11,0.5147456596370767,4,2005-11-01
Meru,2005,12,0.5447566208925945,4,2005-12-01
Meru,2006,1,0.4942082761157429,4,2006-01-01
Meru,2006,2,0.44171804806277587,4,2006-02-01
Meru,2006,3,0.4463342692496319,4,2006-03-01
Meru,2006,4,0.6035028445316329,3,2006-04-01
Meru,2006,5,0.6003386586562042,4,2006-05-01
Meru,2006,6,0.49025682932810233,4,2006-06-01
Meru,2006,7,0.41011974006866103,4,2006-07-01
Meru,2006,8,0.4084673369298677,4,2006-08-01
Meru,2006,9,0.3839358263854831,4,2006-09-01
Meru,2006,10,0.43383024358345573,3,2006-10-01
Meru,2006,11,0.6306305419323196,4,2006-11-01
Meru,2006,12,0.7122064982834727,4,2006-12-01
Meru,2007,1,0.6712884502206963,4,2007-01-01
Meru,2007,2,0.5615936611083862,4,2007-02-01
Meru,2007,3,0.510305676802354,4,2007-03-01
Meru,2007,4,0.5864162824914178,3,2007-04-01
Meru,2007,5,0.6242298553212361,4,2007-05-01
Meru,2007,6,0.4963469225110345,4,2007-06-01
Meru,2007,7,0.41531531387935267,4,2007-07-01
Meru,2007,8,0.42912932810201077,4,2007-08-01
Meru,2007,9,0.4131740068661109,4,2007-09-01
Meru,2007,10,0.47432014059179345,3,2007-10-01
Meru,2007,11,0.6320583987248654,4,2007-11-01
Meru,2007,12,0.6465596493379108,4,2007-12-01
Meru,2008,1,0.6011853114271702,4,2008-01-01
Meru,2008,2,0.5009396885728302,4,2008-02-01
Meru,2008,3,0.49167377390877853,4,2008-03-01
Meru,2008,4,0.6163192496321727,4,2008-04-01
Meru,2008,5,0.5964549452345919,3,2008-05-01
Meru,2008,6,0.5032802721922509,4,2008-06-01
Meru,2008,7,0.4083106669936243,4,2008-07-01
Meru,2008,8,0.3919189921530163,4,2008-08-01
Meru,2008,9,0.37357314860225627,4,2008-09-01
Meru,2008,10,0.5238393330063758,4,2008-10-01
Meru,2008,11,0.636411051168874,3,2008-11-01
Meru,2008,12,0.5810931216282489,4,2008-12-01
Meru,2009,1,0.5240412579695931,4,2009-01-01
Meru,2009,2,0.46896474987739084,4,2009-02-01
Meru,2009,3,0.43782739087788114,4,2009-03-01
Meru,2009,4,0.501395553375838,3,2009-04-01
Meru,2009,5,0.5249771211378124,4,2009-05-01
Meru,2009,6,0.4661114026483573,4,2009-06-01
Meru,2009,7,0.3992451201569398,4,2009-07-01
Meru,2009,8,0.36312482834722914,4,2009-08-01
Meru,2009,9,0.3447906571848946,4,2009-09-01
Meru,2009,10,0.4222286251430439,3,2009-10-01
Meru,2009,11,0.5937348577734187,4,2009-11-01
Meru,2009,12,0.612990044139284,4,2009-12-01
Meru,2010,1,0.597904634624816,4,2010-01-01
Meru,2010,2,0.5104265203531144,4,2010-02-01
Meru,2010,3,0.6054947891123099,4,2010-03-01
Meru,2010,4,0.6411224456432897,3,2010-04-01
Meru,2010,5,0.6184981731240803,4,2010-05-01
Meru,2010,6,0.4911453285924473,4,2010-06-01
Meru,2010,7,0.4195679622363903,4,2010-07-01
Meru,2010,8,0.37948896517900943,4,2010-08-01
Meru,2010,9,0.38211211378126514,4,2010-09-01
Meru,2010,10,0.3935186692823281,3,2010-10-01
Meru,2010,11,0.5380997425208435,4,2010-11-01
Meru,2010,12,0.5396501348700344,4,2010-12-01
Meru,2011,1,0.48559500980872966,4,2011-01-01
Meru,2011,2,0.44122179990191274,4,2011-02-01
Meru,2011,3,0.4294943722412946,4,2011-03-01
Meru,2011,4,0.462140444662416,3,2011-04-01
Meru,2011,5,0.5341356547327125,4,2011-05-01
Meru,2011,6,0.4606233079941147,4,2011-06-01
Meru,2011,7,0.4097222658165765,4,2011-07-01
Meru,2011,8,0.3568732099068171,4,2011-08-01
Meru,2011,9,0.3893504904364883,4,2011-09-01
Meru,2011,10,0.4616982017328759,3,2011-10-01
Meru,2011,11,0.6588404855321239,4,2011-11-01
Meru,2011,12,0.6897578960274645,4,2011-12-01
Meru,2012,1,0.5616059342815111,4,2012-01-01
Meru,2012,2,0.45164218979892146,4,2012-02-01
Meru,2012,3,0.4108999509563512,4,2012-03-01
Meru,2012,4,0.5220481608631681,4,2012-04-01
Meru,2012,5,0.5898793526238352,3,2012-05-01
Meru,2012,6,0.45509089014222653,4,2012-06-01
Meru,2012,7,0.40381282491417386,4,2012-07-01
Meru,2012,8,0.40077339382050053,4,2012-08-01
Meru,2012,9,0.38384119666503186,4,2012-09-01
Meru,2012,10,0.5076674963217263,4,2012-10-01
Meru,2012,11,0.6640958639856139,3,2012-11-01
Meru,2012,12,0.6952731976459048,4,2012-12-01
Meru,2013,1,0.6183961623344777,4,2013-01-01
Meru,2013,2,0.4958059342815109,4,2013-02-01
Meru,2013,3,0.4849599558607163,4,2013-03-01
Meru,2013,4,0.652831371587379,3,2013-04-01
Meru,2013,5,0.6349368563021088,4,2013-05-01
Meru,2013,6,0.4775231731240806,4,2013-06-01
Meru,2013,7,0.4269854585581168,4,2013-07-01
Meru,2013,8,0.4002596125551741,4,2013-08-01
Meru,2013,9,0.3903123344776851,4,2013-09-01
Meru,2013,10,0.38743833578551595,3,2013-10-01
Meru,2013,11,0.5632024644433548,4,2013-11-01
Meru,2013,12,0.6576903261402648,4,2013-12-01
Meru,2014,1,0.5630423614516914,4,2014-01-01
Meru,2014,2,0.47868889161353606,4,2014-02-01
Meru,2014,3,0.5178817189798925,4,2014-03-01
Meru,2014,4,0.6262568252411315,3,2014-04-01
Meru,2014,5,0.546363646395292,4,2014-05-01
Meru,2014,6,0.46361311917606635,4,2014-06-01
Meru,2014,7,0.3903920304070623,4,2014-07-01
Meru,2014,8,0.37643040706228564,4,2014-08-01
Meru,2014,9,0.4082249877390877,4,2014-09-01
Meru,2014,10,0.434825764263528,3,2014-10-01
Meru,2014,11,0.5527195806768027,4,2014-11-01
Meru,2014,12,0.6032668342324666,4,2014-12-01
Meru,2015,1,0.4991733202550269,4,2015-01-01
Meru,2015,2,0.4116112677783228,4,2015-02-01
Meru,2015,3,0.4305976949485043,4,2015-03-01
Meru,2015,4,0.5946314533267941,3,2015-04-01
Meru,2015,5,0.5975108263854838,4,2015-05-01
Meru,2015,6,0.4849719592937716,4,2015-06-01
Meru,2015,7,0.42217731731240826,4,2015-07-01
Meru,2015,8,0.3952275502697402,4,2015-08-01
Meru,2015,9,0.3774639283962727,4,2015-09-01
Meru,2015,10,0.42362870688245885,3,2015-10-01
Meru,2015,11,0.5965213217263364,4,2015-11-01
Meru,2015,12,0.7001371383030897,4,2015-12-01
Meru,2016,1,0.62207522069642,4,2016-01-01
Meru,2016,2,0.5259997302599314,4,2016-02-01
Meru,2016,3,0.5044592815105442,4,2016-03-01
Meru,2016,4,0.5571992275625307,4,2016-04-01
Meru,2016,5,0.6361341997711297,3,2016-05-01
Meru,2016,6,0.5340948871996077,4,2016-06-01
Meru,2016,7,0.4267198504168708,4,2016-07-01
Meru,2016,8,0.4186782736635608,4,2016-08-01
Meru,2016,9,0.3948144801373224,4,2016-09-01
Meru,2016,10,0.3970320009808729,4,2016-10-01
Meru,2016,11,0.5025615661271866,3,2016-11-01
Meru,2016,12,0.6521839014222655,4,2016-12-01
Meru,2017,1,0.5432980627758706,4,2017-01-01
Meru,2017,2,0.46635696419813627,4,2017-02-01
Meru,2017,3,0.42904151544874924,4,2017-03-01
Meru,2017,4,0.4706518064410658,3,2017-04-01
Meru,2017,5,0.5550041932319766,4,2017-05-01
Meru,2017,6,0.5046998406081411,4,2017-06-01
Meru,2017,7,0.41154022805296697,4,2017-07-01
Meru,2017,8,0.38725522314860217,4,2017-08-01
Meru,2017,9,0.37938350907307494,4,2017-09-01
Meru,2017,10,0.46252094163805774,3,2017-10-01
Meru,2017,11,0.6204670671897988,4,2017-11-01
Meru,2017,12,0.5794022682687594,4,2017-12-01
Meru,2018,1,0.472875980872977,4,2018-01-01
Meru,2018,2,0.42463821726336454,4,2018-02-01
Meru,2018,3,0.5461214443354587,4,2018-03-01
Meru,2018,4,0.6453558934118031,3,2018-04-01
Meru,2018,5,0.6681053334968127,4,2018-05-01
Meru,2018,6,0.5743680235409516,4,2018-06-01
Meru,2018,7,0.5017691638057871,4,2018-07-01
Meru,2018,8,0.42716286169691053,4,2018-08-01
Meru,2018,9,0.4226062653261403,4,2018-09-01
Meru,2018,10,0.43488804969756417,3,2018-10-01
Meru,2018,11,0.5496078592447279,4,2018-11-01
Meru,2018,12,0.6539267165277097,4,2018-12-01
Meru,2019,1,0.5609872731731246,4,2019-01-01
Meru,2019,2,0.4692761034820992,4,2019-02-01
Meru,2019,3,0.4270224252084357,4,2019-03-01
Meru,2019,4,0.47155465097269883,3,2019-04-01
Meru,2019,5,0.5281999632172637,4,2019-05-01
Meru,2019,6,0.4842721922511032,4,2019-06-01
Meru,2019,7,0.4378536414909269,4,2019-07-01
Meru,2019,8,0.3880561917606671,4,2019-08-01
Meru,2019,9,0.39485104217753814,4,2019-09-01
Meru,2019,10,0.5052536537518396,3,2019-10-01
Meru,2019,11,0.6828736390387445,4,2019-11-01
Meru,2019,12,0.7159643943109366,4,2019-12-01
Meru,2020,1,0.6753634134379595,4,2020-01-01
Meru,2020,2,0.6355977562530652,4,2020-02-01
Meru,2020,3,0.5970401790093184,4,2020-03-01
Meru,2020,4,0.6557883766552235,4,2020-04-01
Meru,2020,5,0.6938730750367826,3,2020-05-01
Meru,2020,6,0.5682133276115745,4,2020-06-01
Meru,2020,7,0.48138276115742995,4,2020-07-01
Meru,2020,8,0.3781877485859324,4,2020-08-01
Meru,2020,9,0.43504818538499235,4,2020-09-01
Meru,2020,10,0.49610139774399215,4,2020-10-01
Meru,2020,11,0.6470909105770803,3,2020-11-01
Meru,2020,12,0.6329441025012263,4,2020-12-01
Meru,2021,1,0.5543990926924964,4,2021-01-01
Meru,2021,2,0.5098963339872485,4,2021-02-01
Meru,2021,3,0.4864862555174104,4,2021-03-01
Meru,2021,4,0.5571399215301619,3,2021-04-01
Meru,2021,5,0.6200376042177536,4,2021-05-01
Meru,2021,6,0.5172563388916139,4,2021-06-01
Meru,2021,7,0.40370342079450705,4,2021-07-01
Meru,2021,8,0.40141678518881807,4,2021-08-01
Meru,2021,9,0.37672600539480144,4,2021-09-01
Meru,2021,10,0.41015066208925904,3,2021-10-01
Meru,2021,11,0.4991078469838156,4,2021-11-01
Meru,2021,12,0.6460952795487984,4,2021-12-01
Meru,2022,1,0.6259441883276115,4,2022-01-01
Meru,2022,2,0.49626516674840615,4,2022-02-01
Meru,2022,3,0.4088291074055911,4,2022-03-01
Meru,2022,4,0.5056293444498937,3,2022-04-01
Meru,2022,5,0.5447441515448745,4,2022-05-01
Meru,2022,6,0.4486659637077001,4,2022-06-01
Meru,2022,7,0.3945730259931341,4,2022-07-01
Meru,2022,8,0.3825052108876901,4,2022-08-01
Meru,2022,9,0.3759647989210395,4,2022-09-01
Meru,2022,10,0.3653232957332027,3,2022-10-01
Meru,2022,11,0.5036477194703287,4,2022-11-01
Meru,2022,12,0.6243825895046591,3,2022-12-01
Meru,2023,1,0.5508403016184402,4,2023-01-01
Meru,2023,2,0.4462625960438124,3,2023-02-01
Meru,2023,3,0.4759684036292301,4,2023-03-01
Meru,2023,4,0.6760168546673203,3,2023-04-01
Meru,2023,5,0.6733755885237855,4,2023-05-01
Meru,2023,6,0.5385711991172143,4,2023-06-01
Meru,2023,7,0.4585588523786167,4,2023-07-01
Meru,2023,8,0.43417186120647366,4,2023-08-01
Meru,2023,9,0.4011536047081904,4,2023-09-01
Meru,2023,10,0.41355767533104415,2,2023-10-01
Meru,2023,11,0.6738787518391367,4,2023-11-01
Meru,2023,12,0.702251765571359,4,2023-12-01
Meru,2024,1,0.6711670549288866,4,2024-01-01
Meru,2024,2,0.5884700711132905,4,2024-02-01
Meru,2024,3,0.551583496812163,4,2024-03-01
Meru,2024,4,0.7142024767042667,4,2024-04-01
Meru,2024,5,0.731900049043649,3,2024-05-01
Meru,2024,6,0.6032135605689062,4,2024-06-01
Meru,2024,7,0.501205664541442,4,2024-07-01
Meru,2024,8,0.4607057217590322,3,2024-08-01
Meru,2024,9,0.46639757233938195,4,2024-09-01
Meru,2024,10,0.46350436488474744,4,2024-10-01
Meru,2024,11,0.6120752329573321,3,2024-11-01
Meru,2024,12,0.6293815922837992,3,2024-12-01
Meru,2025,1,0.561805676802354,4,2025-01-01
Meru,2025,2,0.5150555296714073,4,2025-02-01
Meru,2025,3,0.5538157920549291,4,2025-03-01
Meru,2025,4,0.7213692496321725,3,2025-04-01
Meru,2025,5,0.7005248773908781,4,2025-05-01
Meru,2025,6,0.5694603727317311,4,2025-06-01
Meru,2025,11,0.5983952918097103,1,2025-11-01
Meru,2025,12,0.596375993133889,2,2025-12-01
Meru,2026,1,0.5157002942618932,3,2026-01-01
Meru,2026,2,0.489386480300801,3,2026-02-01
Meru,2026,3,0.6773415644923985,2,2026-03-01
Meru,2026,4,0.6447594409024029,2,2026-04-01
Meru,2026,5,0.662110299166258,2,2026-05-01
Meru,2026,7,0.47560284453163354,3,2026-07-01
Meru,2026,8,0.4506667484060817,1,2026-08-01
Migori,2000,12,0.5802516930022575,1,2000-12-01
Migori,2001,1,0.5892493500192049,2,2001-01-01
Migori,2001,2,0.532239310938017,2,2001-02-01
Migori,2001,3,0.4771092851422615,2,2001-03-01
Migori,2001,4,0.5753876782758836,2,2001-04-01
Migori,2001,5,0.5839757475083058,2,2001-05-01
Migori,2001,6,0.569521509350146,2,2001-06-01
Migori,2001,7,0.4798205547802399,2,2001-07-01
Migori,2001,8,0.44612520897575425,2,2001-08-01
Migori,2001,9,0.47673041684460987,2,2001-09-01
Migori,2001,10,0.43976161395856084,1,2001-10-01
Migori,2001,11,0.5731095873633374,2,2001-11-01
Migori,2001,12,0.580325192613294,2,2001-12-01
Migori,2002,1,0.5362437308380504,2,2002-01-01
Migori,2002,2,0.4491388685464157,2,2002-02-01
Migori,2002,3,0.5236810851131082,2,2002-03-01
Migori,2002,4,0.5962240385496415,2,2002-04-01
Migori,2002,5,0.6417865978250926,2,2002-05-01
Migori,2002,6,0.5101538759689925,2,2002-06-01
Migori,2002,7,0.45245744343144606,4,2002-07-01
Migori,2002,8,0.42843116813143023,4,2002-08-01
Migori,2002,9,0.4151677421330434,4,2002-09-01
Migori,2002,10,0.4635674274545853,3,2002-10-01
Migori,2002,11,0.5779226865531784,4,2002-11-01
Migori,2002,12,0.5715817839127485,4,2002-12-01
Migori,2003,1,0.5512539527695816,4,2003-01-01
Migori,2003,2,0.46054379234295173,4,2003-02-01
Migori,2003,3,0.4504475041750494,4,2003-03-01
Migori,2003,4,0.5422784819036598,3,2003-04-01
Migori,2003,5,0.6188664221626863,4,2003-05-01
Migori,2003,6,0.5930801295588446,4,2003-06-01
Migori,2003,7,0.5138620793365904,4,2003-07-01
Migori,2003,8,0.4425745099823044,4,2003-08-01
Migori,2003,9,0.47113078526871466,4,2003-09-01
Migori,2003,10,0.48321275000550606,3,2003-10-01
Migori,2003,11,0.5033415551883595,4,2003-11-01
Migori,2003,12,0.5529210794612474,4,2003-12-01
Migori,2004,1,0.5005756081757278,4,2004-01-01
Migori,2004,2,0.46161325956104754,4,2004-02-01
Migori,2004,3,0.4778322119297245,4,2004-03-01
Migori,2004,4,0.5792797372576605,4,2004-04-01
Migori,2004,5,0.5908940259673202,3,2004-05-01
Migori,2004,6,0.5606599829403269,4,2004-06-01
Migori,2004,7,0.449735176886853,4,2004-07-01
Migori,2004,8,0.4065050657617496,4,2004-08-01
Migori,2004,9,0.42716262610298855,4,2004-09-01
Migori,2004,10,0.4852329336423046,4,2004-10-01
Migori,2004,11,0.595060150330804,3,2004-11-01
Migori,2004,12,0.6176122065542852,4,2004-12-01
Migori,2005,1,0.539506845228379,4,2005-01-01
Migori,2005,2,0.4689879118189029,4,2005-02-01
Migori,2005,3,0.5483243301902692,4,2005-03-01
Migori,2005,4,0.5758072992356519,3,2005-04-01
Migori,2005,5,0.6106315350744371,4,2005-05-01
Migori,2005,6,0.5605539919812248,4,2005-06-01
Migori,2005,7,0.4812898616618749,4,2005-07-01
Migori,2005,8,0.4636042760693502,4,2005-08-01
Migori,2005,9,0.4384555398767476,4,2005-09-01
Migori,2005,10,0.486093549358573,3,2005-10-01
Migori,2005,11,0.5403277295714526,4,2005-11-01
Migori,2005,12,0.4746460842068677,4,2005-12-01
Migori,2006,1,0.42834726301794107,4,2006-01-01
Migori,2006,2,0.4308918310607659,4,2006-02-01
Migori,2006,3,0.5432419849056916,4,2006-03-01
Migori,2006,4,0.6037782317598736,3,2006-04-01
Migori,2006,5,0.6054768220820986,4,2006-05-01
Migori,2006,6,0.5791984953793314,4,2006-06-01
Migori,2006,7,0.49885348845852784,4,2006-07-01
Migori,2006,8,0.424523917208261,4,2006-08-01
Migori,2006,9,0.4029633631008198,4,2006-09-01
Migori,2006,10,0.3940841865081793,3,2006-10-01
Migori,2006,11,0.5234489149436677,4,2006-11-01
Migori,2006,12,0.6051235000320146,4,2006-12-01
Migori,2007,1,0.6244900702685628,4,2007-01-01
Migori,2007,2,0.5626445651714687,4,2007-02-01
Migori,2007,3,0.5233155823027876,4,2007-03-01
Migori,2007,4,0.5867442769971164,3,2007-04-01
Migori,2007,5,0.5937348695171528,4,2007-05-01
Migori,2007,6,0.5856871159337235,4,2007-06-01
Migori,2007,7,0.5418960591918414,4,2007-07-01
Migori,2007,8,0.5150321622927458,4,2007-08-01
Migori,2007,9,0.49708561041702803,4,2007-09-01
Migori,2007,10,0.5448211854691153,3,2007-10-01
Migori,2007,11,0.5383865403655623,4,2007-11-01
Migori,2007,12,0.5463671936033643,4,2007-12-01
Migori,2008,1,0.48507775830352395,4,2008-01-01
Migori,2008,2,0.44945642976761024,4,2008-02-01
Migori,2008,3,0.4961469395475564,4,2008-03-01
Migori,2008,4,0.5904681486982408,4,2008-04-01
Migori,2008,5,0.596108085979605,3,2008-05-01
Migori,2008,6,0.5278234377602248,4,2008-06-01
Migori,2008,7,0.46281681200643054,4,2008-07-01
Migori,2008,8,0.447874979041515,4,2008-08-01
Migori,2008,9,0.45852641242501024,4,2008-09-01
Migori,2008,10,0.5074965399706319,4,2008-10-01
Migori,2008,11,0.5644288414517128,3,2008-11-01
Migori,2008,12,0.4937881222702972,4,2008-12-01
Migori,2009,1,0.44689445122510146,4,2009-01-01
Migori,2009,2,0.48200083963094253,4,2009-02-01
Migori,2009,3,0.48873105239284836,4,2009-03-01
Migori,2009,4,0.5848129635112387,3,2009-04-01
Migori,2009,5,0.5963118622523326,4,2009-05-01
Migori,2009,6,0.5947276070527205,4,2009-06-01
Migori,2009,7,0.45712628270502687,4,2009-07-01
Migori,2009,8,0.42621997315155574,4,2009-08-01
Migori,2009,9,0.45358186567436576,4,2009-09-01
Migori,2009,10,0.4640194800169127,3,2009-10-01
Migori,2009,11,0.5795335870542,4,2009-11-01
Migori,2009,12,0.5810163055917168,4,2009-12-01
Migori,2010,1,0.5893389945565026,4,2010-01-01
Migori,2010,2,0.5278610700319971,4,2010-02-01
Migori,2010,3,0.5399644571290259,4,2010-03-01
Migori,2010,4,0.5812757323879549,3,2010-04-01
Migori,2010,5,0.6133865212883916,4,2010-05-01
Migori,2010,6,0.6069135537008858,4,2010-06-01
Migori,2010,7,0.4965238209539107,4,2010-07-01
Migori,2010,8,0.42087896688598503,4,2010-08-01
Migori,2010,9,0.4521519036756543,4,2010-09-01
Migori,2010,10,0.49214862505459517,3,2010-10-01
Migori,2010,11,0.5582127992057937,4,2010-11-01
Migori,2010,12,0.5373693912336557,4,2010-12-01
Migori,2011,1,0.46337832726762634,4,2011-01-01
Migori,2011,2,0.39292898997056236,4,2011-02-01
Migori,2011,3,0.4456129254566414,4,2011-03-01
Migori,2011,4,0.589091710138807,3,2011-04-01
Migori,2011,5,0.5980576628173719,4,2011-05-01
Migori,2011,6,0.5720979431037385,4,2011-06-01
Migori,2011,7,0.49222489908561495,4,2011-07-01
Migori,2011,8,0.48185931685010863,4,2011-08-01
Migori,2011,9,0.4887380619560119,4,2011-09-01
Migori,2011,10,0.5564084118774134,3,2011-10-01
Migori,2011,11,0.5592941473454064,4,2011-11-01
Migori,2011,12,0.5936012953069236,4,2011-12-01
Migori,2012,1,0.46115019712935534,4,2012-01-01
Migori,2012,2,0.37488182040102536,4,2012-02-01
Migori,2012,3,0.4317724566370196,4,2012-03-01
Migori,2012,4,0.5547339134317599,4,2012-04-01
Migori,2012,5,0.6050509291986232,3,2012-05-01
Migori,2012,6,0.5802102086704235,4,2012-06-01
Migori,2012,7,0.5114810433279767,4,2012-07-01
Migori,2012,8,0.470267731994756,4,2012-08-01
Migori,2012,9,0.45529952998265444,4,2012-09-01
Migori,2012,10,0.5270141061930151,4,2012-10-01
Migori,2012,11,0.602023543326383,3,2012-11-01
Migori,2012,12,0.5828837098803002,4,2012-12-01
Migori,2013,1,0.5386701890953933,4,2013-01-01
Migori,2013,2,0.44284179230333065,4,2013-02-01
Migori,2013,3,0.49312992531118127,4,2013-03-01
Migori,2013,4,0.549335696567978,3,2013-04-01
Migori,2013,5,0.5921254199841393,4,2013-05-01
Migori,2013,6,0.5304131455661292,4,2013-06-01
Migori,2013,7,0.43155004253222684,4,2013-07-01
Migori,2013,8,0.4029058402610847,4,2013-08-01
Migori,2013,9,0.47175737615929547,4,2013-09-01
Migori,2013,10,0.47485171407509186,3,2013-10-01
Migori,2013,11,0.5463439298756758,4,2013-11-01
Migori,2013,12,0.5836066123043053,4,2013-12-01
Migori,2014,1,0.5199410553663653,4,2014-01-01
Migori,2014,2,0.43325429444883573,4,2014-02-01
Migori,2014,3,0.4960233715202579,4,2014-03-01
Migori,2014,4,0.546299561057226,3,2014-04-01
Migori,2014,5,0.6217649468517755,4,2014-05-01
Migori,2014,6,0.5652771795025536,4,2014-06-01
Migori,2014,7,0.4670434405286585,4,2014-07-01
Migori,2014,8,0.464648314328669,4,2014-08-01
Migori,2014,9,0.4711373165191369,4,2014-09-01
Migori,2014,10,0.552788696296727,3,2014-10-01
Migori,2014,11,0.5793072354687879,4,2014-11-01
Migori,2014,12,0.5749181650024657,4,2014-12-01
Migori,2015,1,0.46212554455886246,4,2015-01-01
Migori,2015,2,0.36760203766324956,4,2015-02-01
Migori,2015,3,0.3715697059943389,4,2015-03-01
Migori,2015,4,0.5535852012522638,3,2015-04-01
Migori,2015,5,0.6333815171622379,4,2015-05-01
Migori,2015,6,0.6007822400907996,4,2015-06-01
Migori,2015,7,0.5107824086154522,4,2015-07-01
Migori,2015,8,0.43987261368128827,4,2015-08-01
Migori,2015,9,0.42915474190101466,4,2015-09-01
Migori,2015,10,0.47884483794472404,3,2015-10-01
Migori,2015,11,0.5767703901527576,4,2015-11-01
Migori,2015,12,0.6046137639672005,4,2015-12-01
Migori,2016,1,0.5525296840958609,4,2016-01-01
Migori,2016,2,0.44975272504736097,4,2016-02-01
Migori,2016,3,0.44357485230760085,4,2016-03-01
Migori,2016,4,0.5664507744907227,4,2016-04-01
Migori,2016,5,0.6182332458128453,3,2016-05-01
Migori,2016,6,0.5581482875697049,4,2016-06-01
Migori,2016,7,0.4457058992334043,4,2016-07-01
Migori,2016,8,0.43463120163211477,4,2016-08-01
Migori,2016,9,0.4243318440942631,4,2016-09-01
Migori,2016,10,0.4915671661433281,4,2016-10-01
Migori,2016,11,0.5412651546837202,3,2016-11-01
Migori,2016,12,0.5083514658836185,4,2016-12-01
Migori,2017,1,0.386286679834903,4,2017-01-01
Migori,2017,2,0.4211938213709094,4,2017-02-01
Migori,2017,3,0.4842880087372323,4,2017-03-01
Migori,2017,4,0.5504143616227505,3,2017-04-01
Migori,2017,5,0.6004854270053894,4,2017-05-01
Migori,2017,6,0.5303572545964443,4,2017-06-01
Migori,2017,7,0.4251768294041775,4,2017-07-01
Migori,2017,8,0.38769784162071863,4,2017-08-01
Migori,2017,9,0.4364898313710596,4,2017-09-01
Migori,2017,10,0.5039292692553116,3,2017-10-01
Migori,2017,11,0.5566021178840971,4,2017-11-01
Migori,2017,12,0.5136036919406104,4,2017-12-01
Migori,2018,1,0.4343531727044169,4,2018-01-01
Migori,2018,2,0.3784857291893873,4,2018-02-01
Migori,2018,3,0.4728651629468255,4,2018-03-01
Migori,2018,4,0.5797259903984212,3,2018-04-01
Migori,2018,5,0.6215583927867832,4,2018-05-01
Migori,2018,6,0.6107370970186008,4,2018-06-01
Migori,2018,7,0.4758353887209514,4,2018-07-01
Migori,2018,8,0.4226018338837015,4,2018-08-01
Migori,2018,9,0.4211673183484216,4,2018-09-01
Migori,2018,10,0.4917563413670534,3,2018-10-01
Migori,2018,11,0.5217902486140107,4,2018-11-01
Migori,2018,12,0.5883000308921087,4,2018-12-01
Migori,2019,1,0.5146379610475553,4,2019-01-01
Migori,2019,2,0.44724444271385655,4,2019-02-01
Migori,2019,3,0.4641815696495545,4,2019-03-01
Migori,2019,4,0.4935942140532121,3,2019-04-01
Migori,2019,5,0.5872175639959465,4,2019-05-01
Migori,2019,6,0.5682024274838271,4,2019-06-01
Migori,2019,7,0.5113269755537957,4,2019-07-01
Migori,2019,8,0.4431485735843722,4,2019-08-01
Migori,2019,9,0.4477272022358864,4,2019-09-01
Migori,2019,10,0.47818912736782454,3,2019-10-01
Migori,2019,11,0.5457138768373144,4,2019-11-01
Migori,2019,12,0.593644615612108,4,2019-12-01
Migori,2020,1,0.5714207993247694,4,2020-01-01
Migori,2020,2,0.5551834271774019,4,2020-02-01
Migori,2020,3,0.568145523620736,4,2020-03-01
Migori,2020,4,0.6026003318763796,4,2020-04-01
Migori,2020,5,0.612350325921612,3,2020-05-01
Migori,2020,6,0.5793986840484031,4,2020-06-01
Migori,2020,7,0.48483756520320065,4,2020-07-01
Migori,2020,8,0.4016396064384645,4,2020-08-01
Migori,2020,9,0.47158526966390035,4,2020-09-01
Migori,2020,10,0.5380064577714347,4,2020-10-01
Migori,2020,11,0.6414297688487646,3,2020-11-01
Migori,2020,12,0.609478865478273,4,2020-12-01
Migori,2021,1,0.5179225356903463,4,2021-01-01
Migori,2021,2,0.4828064945695402,4,2021-02-01
Migori,2021,3,0.48800492284146146,4,2021-03-01
Migori,2021,4,0.5486426379928057,3,2021-04-01
Migori,2021,5,0.6037575325825559,4,2021-05-01
Migori,2021,6,0.5679770838900192,4,2021-06-01
Migori,2021,7,0.4832973351114947,4,2021-07-01
Migori,2021,8,0.4365778989811961,4,2021-08-01
Migori,2021,9,0.4632079569232388,4,2021-09-01
Migori,2021,10,0.49373886554792706,3,2021-10-01
Migori,2021,11,0.5415005913017434,4,2021-11-01
Migori,2021,12,0.5687964258949907,4,2021-12-01
Migori,2022,1,0.4981425253054791,4,2022-01-01
Migori,2022,2,0.4875321008836242,4,2022-02-01
Migori,2022,3,0.4502002099771279,4,2022-03-01
Migori,2022,4,0.5397988017429195,3,2022-04-01
Migori,2022,5,0.5887629612231445,4,2022-05-01
Migori,2022,6,0.5814871688655586,4,2022-06-01
Migori,2022,7,0.4789745353542446,4,2022-07-01
Migori,2022,8,0.4525125418846697,4,2022-08-01
Migori,2022,9,0.4668389222849311,4,2022-09-01
Migori,2022,10,0.47593575650107706,3,2022-10-01
Migori,2022,11,0.5455258060406032,4,2022-11-01
Migori,2022,12,0.570200588986188,3,2022-12-01
Migori,2023,1,0.518257467379241,4,2023-01-01
Migori,2023,2,0.41996241298160947,3,2023-02-01
Migori,2023,3,0.5012044588658016,4,2023-03-01
Migori,2023,4,0.5563904645844687,3,2023-04-01
Migori,2023,5,0.6470489098747133,4,2023-05-01
Migori,2023,6,0.5935830558987502,4,2023-06-01
Migori,2023,7,0.48970048414943146,4,2023-07-01
Migori,2023,8,0.440178570965416,4,2023-08-01
Migori,2023,9,0.48753134099679246,4,2023-09-01
Migori,2023,10,0.5705772582028996,2,2023-10-01
Migori,2023,11,0.5914269561267127,4,2023-11-01
Migori,2023,12,0.6115974502956487,4,2023-12-01
Migori,2024,1,0.5681283079825333,4,2024-01-01
Migori,2024,2,0.5386195185850058,4,2024-02-01
Migori,2024,3,0.5307280472712209,4,2024-03-01
Migori,2024,4,0.633857985358041,4,2024-04-01
Migori,2024,5,0.6489242009229992,3,2024-05-01
Migori,2024,6,0.5985747580704467,4,2024-06-01
Migori,2024,7,0.5285373304401182,4,2024-07-01
Migori,2024,8,0.442687716167735,3,2024-08-01
Migori,2024,9,0.45947006606805896,4,2024-09-01
Migori,2024,10,0.5092728279265384,4,2024-10-01
Migori,2024,11,0.5717274451316696,3,2024-11-01
Migori,2024,12,0.639473647609703,3,2024-12-01
Migori,2025,1,0.5402803297287904,4,2025-01-01
Migori,2025,2,0.4859215153917294,4,2025-02-01
Migori,2025,3,0.5355943463234117,4,2025-03-01
Migori,2025,4,0.6234008515972285,3,2025-04-01
Migori,2025,5,0.6347597628074108,4,2025-05-01
Migori,2025,6,0.640967985871095,4,2025-06-01
Migori,2025,11,0.5984079102715465,1,2025-11-01
Migori,2025,12,0.556609519433667,2,2025-12-01
Migori,2026,1,0.5411440126502116,3,2026-01-01
Migori,2026,2,0.5420359892320593,3,2026-02-01
Migori,2026,3,0.599220627303268,2,2026-03-01
Migori,2026,4,0.5749790338403187,2,2026-04-01
Migori,2026,5,0.6369260574218611,2,2026-05-01
Migori,2026,7,0.5252026605829706,3,2026-07-01
Migori,2026,8,0.4833212765957448,1,2026-08-01
Mombasa,2000,12,0.45252535211267597,1,2000-12-01
Mombasa,2001,1,0.5042570422535213,2,2001-01-01
Mombasa,2001,2,0.430605633802817,2,2001-02-01
Mombasa,2001,3,0.38767042253521133,2,2001-03-01
Mombasa,2001,4,0.5369514084507042,2,2001-04-01
Mombasa,2001,5,0.645207042253521,2,2001-05-01
Mombasa,2001,6,0.5772422535211269,2,2001-06-01
Mombasa,2001,7,0.6165281690140845,2,2001-07-01
Mombasa,2001,8,0.5640499999999999,2,2001-08-01
Mombasa,2001,9,0.47709788732394365,2,2001-09-01
Mombasa,2001,10,0.4185859154929578,1,2001-10-01
Mombasa,2001,11,0.47383098591549294,2,2001-11-01
Mombasa,2001,12,0.4365401408450704,2,2001-12-01
Mombasa,2002,1,0.4406640845070422,2,2002-01-01
Mombasa,2002,2,0.40327183098591557,2,2002-02-01
Mombasa,2002,3,0.4473267605633803,2,2002-03-01
Mombasa,2002,4,0.5344169014084507,2,2002-04-01
Mombasa,2002,5,0.5624830985915494,2,2002-05-01
Mombasa,2002,6,0.5586845070422537,2,2002-06-01
Mombasa,2002,7,0.5531302816901409,4,2002-07-01
Mombasa,2002,8,0.476093309859155,4,2002-08-01
Mombasa,2002,9,0.523349647887324,4,2002-09-01
Mombasa,2002,10,0.5465267605633803,3,2002-10-01
Mombasa,2002,11,0.5916228873239437,4,2002-11-01
Mombasa,2002,12,0.5420897887323946,4,2002-12-01
Mombasa,2003,1,0.4694288732394366,4,2003-01-01
Mombasa,2003,2,0.380030985915493,4,2003-02-01
Mombasa,2003,3,0.3669943661971831,4,2003-03-01
Mombasa,2003,4,0.5010929577464788,3,2003-04-01
Mombasa,2003,5,0.5632176056338029,4,2003-05-01
Mombasa,2003,6,0.6221760563380281,4,2003-06-01
Mombasa,2003,7,0.6149457746478875,4,2003-07-01
Mombasa,2003,8,0.5724549295774648,4,2003-08-01
Mombasa,2003,9,0.4998566901408451,4,2003-09-01
Mombasa,2003,10,0.4643596244131456,3,2003-10-01
Mombasa,2003,11,0.5303450704225352,4,2003-11-01
Mombasa,2003,12,0.4435521126760563,4,2003-12-01
Mombasa,2004,1,0.4449707746478873,4,2004-01-01
Mombasa,2004,2,0.38392676056338026,4,2004-02-01
Mombasa,2004,3,0.35385845070422534,4,2004-03-01
Mombasa,2004,4,0.4720591549295774,4,2004-04-01
Mombasa,2004,5,0.4820122065727701,3,2004-05-01
Mombasa,2004,6,0.5152535211267605,4,2004-06-01
Mombasa,2004,7,0.5598739436619717,4,2004-07-01
Mombasa,2004,8,0.49856373239436624,4,2004-08-01
Mombasa,2004,9,0.4003985915492957,4,2004-09-01
Mombasa,2004,10,0.5117619718309859,4,2004-10-01
Mombasa,2004,11,0.6188276995305163,3,2004-11-01
Mombasa,2004,12,0.5273084507042255,4,2004-12-01
Mombasa,2005,1,0.41905281690140844,4,2005-01-01
Mombasa,2005,2,0.39653204225352123,4,2005-02-01
Mombasa,2005,3,0.3874693661971831,4,2005-03-01
Mombasa,2005,4,0.48853708920187794,3,2005-04-01
Mombasa,2005,5,0.5715390845070423,4,2005-05-01
Mombasa,2005,6,0.5929246478873238,4,2005-06-01
Mombasa,2005,7,0.5599528169014085,4,2005-07-01
Mombasa,2005,8,0.5426359154929578,4,2005-08-01
Mombasa,2005,9,0.4656901408450704,4,2005-09-01
Mombasa,2005,10,0.4151840375586855,3,2005-10-01
Mombasa,2005,11,0.510911971830986,4,2005-11-01
Mombasa,2005,12,0.47044190140845066,4,2005-12-01
Mombasa,2006,1,0.38859683098591546,4,2006-01-01
Mombasa,2006,2,0.3362320422535211,4,2006-02-01
Mombasa,2006,3,0.3734235915492958,4,2006-03-01
Mombasa,2006,4,0.4578042253521127,3,2006-04-01
Mombasa,2006,5,0.5610176056338028,4,2006-05-01
Mombasa,2006,6,0.5934616197183098,4,2006-06-01
Mombasa,2006,7,0.5713834507042255,4,2006-07-01
Mombasa,2006,8,0.5767750000000001,4,2006-08-01
Mombasa,2006,9,0.527492957746479,4,2006-09-01
Mombasa,2006,10,0.5502521126760564,3,2006-10-01
Mombasa,2006,11,0.5937890845070422,4,2006-11-01
Mombasa,2006,12,0.5756552816901409,4,2006-12-01
Mombasa,2007,1,0.5074838028169014,4,2007-01-01
Mombasa,2007,2,0.41738450704225355,4,2007-02-01
Mombasa,2007,3,0.3814954225352113,4,2007-03-01
Mombasa,2007,4,0.4741441314553991,3,2007-04-01
Mombasa,2007,5,0.566417957746479,4,2007-05-01
Mombasa,2007,6,0.5783066901408451,4,2007-06-01
Mombasa,2007,7,0.5916235915492958,4,2007-07-01
Mombasa,2007,8,0.565861971830986,4,2007-08-01
Mombasa,2007,9,0.5487658450704226,4,2007-09-01
Mombasa,2007,10,0.552925352112676,3,2007-10-01
Mombasa,2007,11,0.5683517605633802,4,2007-11-01
Mombasa,2007,12,0.4807464788732394,4,2007-12-01
Mombasa,2008,1,0.4104320422535211,4,2008-01-01
Mombasa,2008,2,0.3778556338028169,4,2008-02-01
Mombasa,2008,3,0.3804820422535211,4,2008-03-01
Mombasa,2008,4,0.44830246478873237,4,2008-04-01
Mombasa,2008,5,0.5124774647887324,3,2008-05-01
Mombasa,2008,6,0.5977225352112676,4,2008-06-01
Mombasa,2008,7,0.5710764084507043,4,2008-07-01
Mombasa,2008,8,0.5344285211267605,4,2008-08-01
Mombasa,2008,9,0.46371267605633804,4,2008-09-01
Mombasa,2008,10,0.4485070422535211,4,2008-10-01
Mombasa,2008,11,0.5115065727699529,3,2008-11-01
Mombasa,2008,12,0.40847253521126764,4,2008-12-01
Mombasa,2009,1,0.33615176056338025,4,2009-01-01
Mombasa,2009,2,0.31456584507042257,4,2009-02-01
Mombasa,2009,3,0.30932887323943664,4,2009-03-01
Mombasa,2009,4,0.36042253521126755,3,2009-04-01
Mombasa,2009,5,0.45138767605633806,4,2009-05-01
Mombasa,2009,6,0.5526225352112676,4,2009-06-01
Mombasa,2009,7,0.5213774647887325,4,2009-07-01
Mombasa,2009,8,0.4452654929577465,4,2009-08-01
Mombasa,2009,9,0.3451890845070422,4,2009-09-01
Mombasa,2009,10,0.3950422535211267,3,2009-10-01
Mombasa,2009,11,0.49663661971830986,4,2009-11-01
Mombasa,2009,12,0.4609633802816902,4,2009-12-01
Mombasa,2010,1,0.35614436619718315,4,2010-01-01
Mombasa,2010,2,0.33265704225352116,4,2010-02-01
Mombasa,2010,3,0.33007922535211265,4,2010-03-01
Mombasa,2010,4,0.4603276995305164,3,2010-04-01
Mombasa,2010,5,0.5829433098591549,4,2010-05-01
Mombasa,2010,6,0.5885911971830986,4,2010-06-01
Mombasa,2010,7,0.5810792253521126,4,2010-07-01
Mombasa,2010,8,0.5379549295774648,4,2010-08-01
Mombasa,2010,9,0.4742126760563381,4,2010-09-01
Mombasa,2010,10,0.39694741784037557,3,2010-10-01
Mombasa,2010,11,0.47611619718309867,4,2010-11-01
Mombasa,2010,12,0.43515528169014084,4,2010-12-01
Mombasa,2011,1,0.35001126760563384,4,2011-01-01
Mombasa,2011,2,0.33043697183098597,4,2011-02-01
Mombasa,2011,3,0.3316327464788733,4,2011-03-01
Mombasa,2011,4,0.39637417840375594,3,2011-04-01
Mombasa,2011,5,0.5535894366197183,4,2011-05-01
Mombasa,2011,6,0.5756116197183098,4,2011-06-01
Mombasa,2011,7,0.48552112676056347,4,2011-07-01
Mombasa,2011,8,0.4354915492957747,4,2011-08-01
Mombasa,2011,9,0.40588063380281686,4,2011-09-01
Mombasa,2011,10,0.513900469483568,3,2011-10-01
Mombasa,2011,11,0.5498140845070423,4,2011-11-01
Mombasa,2011,12,0.4902274647887323,4,2011-12-01
Mombasa,2012,1,0.4272573943661972,4,2012-01-01
Mombasa,2012,2,0.33604295774647885,4,2012-02-01
Mombasa,2012,3,0.29390950704225355,4,2012-03-01
Mombasa,2012,4,0.3395225352112677,4,2012-04-01
Mombasa,2012,5,0.4305079812206573,3,2012-05-01
Mombasa,2012,6,0.4980640845070423,4,2012-06-01
Mombasa,2012,7,0.45330809859154925,4,2012-07-01
Mombasa,2012,8,0.43412323943661973,4,2012-08-01
Mombasa,2012,9,0.38496760563380283,4,2012-09-01
Mombasa,2012,10,0.43975387323943665,4,2012-10-01
Mombasa,2012,11,0.5506680751173708,3,2012-11-01
Mombasa,2012,12,0.48221161971830984,4,2012-12-01
Mombasa,2013,1,0.3266299295774648,4,2013-01-01
Mombasa,2013,2,0.30309577464788734,4,2013-02-01
Mombasa,2013,3,0.4314848591549296,4,2013-03-01
Mombasa,2013,4,0.4933708920187794,3,2013-04-01
Mombasa,2013,5,0.5490454225352112,4,2013-05-01
Mombasa,2013,6,0.5524376760563381,4,2013-06-01
Mombasa,2013,7,0.48781126760563387,4,2013-07-01
Mombasa,2013,8,0.515211971830986,4,2013-08-01
Mombasa,2013,9,0.47530070422535214,4,2013-09-01
Mombasa,2013,10,0.4478971830985916,3,2013-10-01
Mombasa,2013,11,0.4720045774647888,4,2013-11-01
Mombasa,2013,12,0.4332929577464789,4,2013-12-01
Mombasa,2014,1,0.37677147887323936,4,2014-01-01
Mombasa,2014,2,0.31040246478873246,4,2014-02-01
Mombasa,2014,3,0.36027922535211276,4,2014-03-01
Mombasa,2014,4,0.4494230046948357,3,2014-04-01
Mombasa,2014,5,0.5269492957746479,4,2014-05-01
Mombasa,2014,6,0.5615038732394367,4,2014-06-01
Mombasa,2014,7,0.5260066901408451,4,2014-07-01
Mombasa,2014,8,0.5314753521126759,4,2014-08-01
Mombasa,2014,9,0.5039739436619719,4,2014-09-01
Mombasa,2014,10,0.5124727699530517,3,2014-10-01
Mombasa,2014,11,0.5471440140845071,4,2014-11-01
Mombasa,2014,12,0.4788193661971832,4,2014-12-01
Mombasa,2015,1,0.37332464788732395,4,2015-01-01
Mombasa,2015,2,0.33522570422535214,4,2015-02-01
Mombasa,2015,3,0.3559911971830986,4,2015-03-01
Mombasa,2015,4,0.44988826291079814,3,2015-04-01
Mombasa,2015,5,0.5390408450704225,4,2015-05-01
Mombasa,2015,6,0.5491774647887325,4,2015-06-01
Mombasa,2015,7,0.5147926056338028,4,2015-07-01
Mombasa,2015,8,0.5254778169014085,4,2015-08-01
Mombasa,2015,9,0.4448542253521127,4,2015-09-01
Mombasa,2015,10,0.46739577464788723,3,2015-10-01
Mombasa,2015,11,0.5349633802816901,4,2015-11-01
Mombasa,2015,12,0.4969926056338028,4,2015-12-01
Mombasa,2016,1,0.39191760563380285,4,2016-01-01
Mombasa,2016,2,0.3209140392354125,4,2016-02-01
Mombasa,2016,3,0.3166852112676057,4,2016-03-01
Mombasa,2016,4,0.46926021126760564,4,2016-04-01
Mombasa,2016,5,0.5560690140845069,3,2016-05-01
Mombasa,2016,6,0.4964475352112676,4,2016-06-01
Mombasa,2016,7,0.44892992957746486,4,2016-07-01
Mombasa,2016,8,0.4271767605633803,4,2016-08-01
Mombasa,2016,9,0.40054260563380295,4,2016-09-01
Mombasa,2016,10,0.32703732394366203,4,2016-10-01
Mombasa,2016,11,0.3376328638497652,3,2016-11-01
Mombasa,2016,12,0.3588943661971831,4,2016-12-01
Mombasa,2017,1,0.3106295774647887,4,2017-01-01
Mombasa,2017,2,0.282562323943662,4,2017-02-01
Mombasa,2017,3,0.29473345070422535,4,2017-03-01
Mombasa,2017,4,0.33450610328638514,3,2017-04-01
Mombasa,2017,5,0.4512338028169015,4,2017-05-01
Mombasa,2017,6,0.5252383802816902,4,2017-06-01
Mombasa,2017,7,0.46737077464788734,4,2017-07-01
Mombasa,2017,8,0.46110669014084515,4,2017-08-01
Mombasa,2017,9,0.41636126760563374,4,2017-09-01
Mombasa,2017,10,0.45431361502347417,3,2017-10-01
Mombasa,2017,11,0.5020436619718309,4,2017-11-01
Mombasa,2017,12,0.47847887323943666,4,2017-12-01
Mombasa,2018,1,0.3795521126760563,4,2018-01-01
Mombasa,2018,2,0.3346492957746479,4,2018-02-01
Mombasa,2018,3,0.44468943661971827,4,2018-03-01
Mombasa,2018,4,0.44793568075117385,3,2018-04-01
Mombasa,2018,5,0.5258362676056337,4,2018-05-01
Mombasa,2018,6,0.5375014084507043,4,2018-06-01
Mombasa,2018,7,0.517130985915493,4,2018-07-01
Mombasa,2018,8,0.4662116197183098,4,2018-08-01
Mombasa,2018,9,0.4592112676056338,4,2018-09-01
Mombasa,2018,10,0.4886211267605633,3,2018-10-01
Mombasa,2018,11,0.5041693661971831,4,2018-11-01
Mombasa,2018,12,0.479537676056338,4,2018-12-01
Mombasa,2019,1,0.3873573943661972,4,2019-01-01
Mombasa,2019,2,0.34665598591549296,4,2019-02-01
Mombasa,2019,3,0.3105919014084507,4,2019-03-01
Mombasa,2019,4,0.3162835680751174,3,2019-04-01
Mombasa,2019,5,0.4114341549295774,4,2019-05-01
Mombasa,2019,6,0.5080088028169015,4,2019-06-01
Mombasa,2019,7,0.4801524647887324,4,2019-07-01
Mombasa,2019,8,0.45798732394366204,4,2019-08-01
Mombasa,2019,9,0.45999401408450713,4,2019-09-01
Mombasa,2019,10,0.5195173708920188,3,2019-10-01
Mombasa,2019,11,0.5422697183098592,4,2019-11-01
Mombasa,2019,12,0.5386204225352114,4,2019-12-01
Mombasa,2020,1,0.47402429577464794,4,2020-01-01
Mombasa,2020,2,0.4273119718309859,4,2020-02-01
Mombasa,2020,3,0.43724964788732396,4,2020-03-01
Mombasa,2020,4,0.4775190140845071,4,2020-04-01
Mombasa,2020,5,0.5617544600938967,3,2020-05-01
Mombasa,2020,6,0.543468309859155,4,2020-06-01
Mombasa,2020,7,0.49493626760563375,4,2020-07-01
Mombasa,2020,8,0.4272232394366197,4,2020-08-01
Mombasa,2020,9,0.4087014084507042,4,2020-09-01
Mombasa,2020,10,0.43463133802816906,4,2020-10-01
Mombasa,2020,11,0.5170469483568075,3,2020-11-01
Mombasa,2020,12,0.4563524647887324,4,2020-12-01
Mombasa,2021,1,0.3686154929577464,4,2021-01-01
Mombasa,2021,2,0.3543855633802817,4,2021-02-01
Mombasa,2021,3,0.3089010563380282,4,2021-03-01
Mombasa,2021,4,0.31838075117370895,3,2021-04-01
Mombasa,2021,5,0.35005316901408456,4,2021-05-01
Mombasa,2021,6,0.3951348591549296,4,2021-06-01
Mombasa,2021,7,0.43544014084507043,4,2021-07-01
Mombasa,2021,8,0.36527359154929584,4,2021-08-01
Mombasa,2021,9,0.3188468309859155,4,2021-09-01
Mombasa,2021,10,0.29991643192488265,3,2021-10-01
Mombasa,2021,11,0.3027612676056338,4,2021-11-01
Mombasa,2021,12,0.4048091549295775,4,2021-12-01
Mombasa,2022,1,0.35213556338028174,4,2022-01-01
Mombasa,2022,2,0.2942634356136821,4,2022-02-01
Mombasa,2022,3,0.2787996478873239,4,2022-03-01
Mombasa,2022,4,0.3085042253521127,3,2022-04-01
Mombasa,2022,5,0.447794014084507,4,2022-05-01
Mombasa,2022,6,0.4886049295774649,4,2022-06-01
Mombasa,2022,7,0.4996338028169015,4,2022-07-01
Mombasa,2022,8,0.473637323943662,4,2022-08-01
Mombasa,2022,9,0.39006302816901417,4,2022-09-01
Mombasa,2022,10,0.3460845070422535,3,2022-10-01
Mombasa,2022,11,0.397155633802817,4,2022-11-01
Mombasa,2022,12,0.4002164319248826,3,2022-12-01
Mombasa,2023,1,0.35207887323943665,4,2023-01-01
Mombasa,2023,2,0.29083990610328647,3,2023-02-01
Mombasa,2023,3,0.30791549295774645,4,2023-03-01
Mombasa,2023,4,0.3799342723004695,3,2023-04-01
Mombasa,2023,5,0.5015281690140845,4,2023-05-01
Mombasa,2023,6,0.5053535211267606,4,2023-06-01
Mombasa,2023,7,0.5231577464788733,4,2023-07-01
Mombasa,2023,8,0.4820176056338028,4,2023-08-01
Mombasa,2023,9,0.4370228873239437,4,2023-09-01
Mombasa,2023,10,0.44940915492957756,2,2023-10-01
Mombasa,2023,11,0.48996830985915496,4,2023-11-01
Mombasa,2023,12,0.5330478873239437,4,2023-12-01
Mombasa,2024,1,0.4853031690140846,4,2024-01-01
Mombasa,2024,2,0.3700975352112676,4,2024-02-01
Mombasa,2024,3,0.4133411971830986,4,2024-03-01
Mombasa,2024,4,0.5083799295774647,4,2024-04-01
Mombasa,2024,5,0.5447446009389673,3,2024-05-01
Mombasa,2024,6,0.479699295774648,4,2024-06-01
Mombasa,2024,7,0.5056042253521128,4,2024-07-01
Mombasa,2024,8,0.4530328638497654,3,2024-08-01
Mombasa,2024,9,0.4326447183098591,4,2024-09-01
Mombasa,2024,10,0.40592429577464784,4,2024-10-01
Mombasa,2024,11,0.4055107981220658,3,2024-11-01
Mombasa,2024,12,0.46689201877934267,3,2024-12-01
Mombasa,2025,1,0.4257225352112677,4,2025-01-01
Mombasa,2025,2,0.34861302816901407,4,2025-02-01
Mombasa,2025,3,0.3731066901408451,4,2025-03-01
Mombasa,2025,4,0.47655586854460097,3,2025-04-01
Mombasa,2025,5,0.5364123239436621,4,2025-05-01
Mombasa,2025,6,0.5374859154929578,4,2025-06-01
Mombasa,2025,11,0.4363380281690141,1,2025-11-01
Mombasa,2025,12,0.3913150804828974,2,2025-12-01
Mombasa,2026,1,0.26874976525821603,3,2026-01-01
Mombasa,2026,2,0.32473286384976524,3,2026-02-01
Mombasa,2026,3,0.4621044064386318,2,2026-03-01
Mombasa,2026,4,0.499574647887324,2,2026-04-01
Mombasa,2026,5,0.5640281690140844,2,2026-05-01
Mombasa,2026,7,0.5036821596244131,3,2026-07-01
Mombasa,2026,8,0.4649352112676056,1,2026-08-01
Murang'a,2000,12,0.7238612162162164,1,2000-12-01
Murang'a,2001,1,0.7356760135135135,2,2001-01-01
Murang'a,2001,2,0.68052804054054,2,2001-02-01
Murang'a,2001,3,0.6435631756756759,2,2001-03-01
Murang'a,2001,4,0.639954256756757,2,2001-04-01
Murang'a,2001,5,0.5911121621621622,2,2001-05-01
Murang'a,2001,6,0.35128560810810816,2,2001-06-01
Murang'a,2001,7,0.606184256756757,2,2001-07-01
Murang'a,2001,8,0.5754858108108107,2,2001-08-01
Murang'a,2001,9,0.48761540540540577,2,2001-09-01
Murang'a,2001,10,0.562820675675676,1,2001-10-01
Murang'a,2001,11,0.557379054054054,2,2001-11-01
Murang'a,2001,12,0.7146503378378379,2,2001-12-01
Murang'a,2002,1,0.6734262837837837,2,2002-01-01
Murang'a,2002,2,0.6100231756756758,2,2002-02-01
Murang'a,2002,3,0.6076625000000003,2,2002-03-01
Murang'a,2002,4,0.6261066216216218,2,2002-04-01
Murang'a,2002,5,0.7255127702702705,2,2002-05-01
Murang'a,2002,6,0.5143535810810812,2,2002-06-01
Murang'a,2002,7,0.5760603378378376,4,2002-07-01
Murang'a,2002,8,0.5078271283783785,4,2002-08-01
Murang'a,2002,9,0.5713282094594597,4,2002-09-01
Murang'a,2002,10,0.5971855855855855,3,2002-10-01
Murang'a,2002,11,0.7195696959459462,4,2002-11-01
Murang'a,2002,12,0.7008434459459459,4,2002-12-01
Murang'a,2003,1,0.7081297635135132,4,2003-01-01
Murang'a,2003,2,0.6077733445945945,4,2003-02-01
Murang'a,2003,3,0.5679020608108105,4,2003-03-01
Murang'a,2003,4,0.5880295495495494,3,2003-04-01
Murang'a,2003,5,0.6493707094594598,4,2003-05-01
Murang'a,2003,6,0.6451236486486487,4,2003-06-01
Murang'a,2003,7,0.5491747635135132,4,2003-07-01
Murang'a,2003,8,0.5613184121621624,4,2003-08-01
Murang'a,2003,9,0.5842042905405407,4,2003-09-01
Murang'a,2003,10,0.5874723423423425,3,2003-10-01
Murang'a,2003,11,0.6769697972972976,4,2003-11-01
Murang'a,2003,12,0.7424964527027029,4,2003-12-01
Murang'a,2004,1,0.7014837500000003,4,2004-01-01
Murang'a,2004,2,0.656025743243243,4,2004-02-01
Murang'a,2004,3,0.6043074324324326,4,2004-03-01
Murang'a,2004,4,0.660898277027027,4,2004-04-01
Murang'a,2004,5,0.7191525225225228,3,2004-05-01
Murang'a,2004,6,0.6145418243243245,4,2004-06-01
Murang'a,2004,7,0.5864763175675677,4,2004-07-01
Murang'a,2004,8,0.4943377364864866,4,2004-08-01
Murang'a,2004,9,0.5113591891891893,4,2004-09-01
Murang'a,2004,10,0.5457045270270269,4,2004-10-01
Murang'a,2004,11,0.7069966666666666,3,2004-11-01
Murang'a,2004,12,0.7561320608108111,4,2004-12-01
Murang'a,2005,1,0.6916300000000003,4,2005-01-01
Murang'a,2005,2,0.6220081418918921,4,2005-02-01
Murang'a,2005,3,0.5878596283783784,4,2005-03-01
Murang'a,2005,4,0.6477218468468466,3,2005-04-01
Murang'a,2005,5,0.7023512500000002,4,2005-05-01
Murang'a,2005,6,0.6180234797297299,4,2005-06-01
Murang'a,2005,7,0.3903912499999999,4,2005-07-01
Murang'a,2005,8,0.5601756081081081,4,2005-08-01
Murang'a,2005,9,0.5207847297297297,4,2005-09-01
Murang'a,2005,10,0.6014809459459461,3,2005-10-01
Murang'a,2005,11,0.674348108108108,4,2005-11-01
Murang'a,2005,12,0.6876799662162162,4,2005-12-01
Murang'a,2006,1,0.622770202702703,4,2006-01-01
Murang'a,2006,2,0.542682601351351,4,2006-02-01
Murang'a,2006,3,0.6285130405405402,4,2006-03-01
Murang'a,2006,4,0.6729259009009008,3,2006-04-01
Murang'a,2006,5,0.6895849662162162,4,2006-05-01
Murang'a,2006,6,0.644028885135135,4,2006-06-01
Murang'a,2006,7,0.4878717229729731,4,2006-07-01
Murang'a,2006,8,0.5117258445945949,4,2006-08-01
Murang'a,2006,9,0.5629163513513514,4,2006-09-01
Murang'a,2006,10,0.5611313513513516,3,2006-10-01
Murang'a,2006,11,0.6761827702702702,4,2006-11-01
Murang'a,2006,12,0.7383606756756753,4,2006-12-01
Murang'a,2007,1,0.723101891891892,4,2007-01-01
Murang'a,2007,2,0.6235510135135136,4,2007-02-01
Murang'a,2007,3,0.5805856081081082,4,2007-03-01
Murang'a,2007,4,0.642767882882883,3,2007-04-01
Murang'a,2007,5,0.7153505067567569,4,2007-05-01
Murang'a,2007,6,0.6353814189189185,4,2007-06-01
Murang'a,2007,7,0.4290055405405404,4,2007-07-01
Murang'a,2007,8,0.5620406081081082,4,2007-08-01
Murang'a,2007,9,0.5723517905405406,4,2007-09-01
Murang'a,2007,10,0.6203103603603606,3,2007-10-01
Murang'a,2007,11,0.7015428378378376,4,2007-11-01
Murang'a,2007,12,0.7174699999999999,4,2007-12-01
Murang'a,2008,1,0.6723283108108109,4,2008-01-01
Murang'a,2008,2,0.6222918243243247,4,2008-02-01
Murang'a,2008,3,0.5980592567567566,4,2008-03-01
Murang'a,2008,4,0.6892559459459462,4,2008-04-01
Murang'a,2008,5,0.6335404504504505,3,2008-05-01
Murang'a,2008,6,0.630542635135135,4,2008-06-01
Murang'a,2008,7,0.48412831081081087,4,2008-07-01
Murang'a,2008,8,0.46226858108108126,4,2008-08-01
Murang'a,2008,9,0.5526177027027029,4,2008-09-01
Murang'a,2008,10,0.6368239864864864,4,2008-10-01
Murang'a,2008,11,0.6973191891891894,3,2008-11-01
Murang'a,2008,12,0.6482660135135135,4,2008-12-01
Murang'a,2009,1,0.6120008108108108,4,2009-01-01
Murang'a,2009,2,0.5619273310810814,4,2009-02-01
Murang'a,2009,3,0.5543915202702703,4,2009-03-01
Murang'a,2009,4,0.6014439189189186,3,2009-04-01
Murang'a,2009,5,0.7189260810810814,4,2009-05-01
Murang'a,2009,6,0.6390062162162163,4,2009-06-01
Murang'a,2009,7,0.5578421621621623,4,2009-07-01
Murang'a,2009,8,0.5045703716216217,4,2009-08-01
Murang'a,2009,9,0.4959801351351351,4,2009-09-01
Murang'a,2009,10,0.5096372522522525,3,2009-10-01
Murang'a,2009,11,0.6914074999999997,4,2009-11-01
Murang'a,2009,12,0.712934898648649,4,2009-12-01
Murang'a,2010,1,0.702431283783784,4,2010-01-01
Murang'a,2010,2,0.6646538513513514,4,2010-02-01
Murang'a,2010,3,0.6777434459459458,4,2010-03-01
Murang'a,2010,4,0.6618332432432429,3,2010-04-01
Murang'a,2010,5,0.6823467229729732,4,2010-05-01
Murang'a,2010,6,0.5024614864864867,4,2010-06-01
Murang'a,2010,7,0.5053857432432431,4,2010-07-01
Murang'a,2010,8,0.4970356081081082,4,2010-08-01
Murang'a,2010,9,0.5602472972972976,4,2010-09-01
Murang'a,2010,10,0.5686491891891893,3,2010-10-01
Murang'a,2010,11,0.6829150000000005,4,2010-11-01
Murang'a,2010,12,0.713687736486486,4,2010-12-01
Murang'a,2011,1,0.664744391891892,4,2011-01-01
Murang'a,2011,2,0.6070678040540536,4,2011-02-01
Murang'a,2011,3,0.6131794594594595,4,2011-03-01
Murang'a,2011,4,0.679532927927928,3,2011-04-01
Murang'a,2011,5,0.6904179729729728,4,2011-05-01
Murang'a,2011,6,0.6303070608108109,4,2011-06-01
Murang'a,2011,7,0.5471601351351352,4,2011-07-01
Murang'a,2011,8,0.39349111486486477,4,2011-08-01
Murang'a,2011,9,0.5871597972972974,4,2011-09-01
Murang'a,2011,10,0.6449298198198196,3,2011-10-01
Murang'a,2011,11,0.6678679054054053,4,2011-11-01
Murang'a,2011,12,0.7403779729729726,4,2011-12-01
Murang'a,2012,1,0.6633793243243247,4,2012-01-01
Murang'a,2012,2,0.5789860810810814,4,2012-02-01
Murang'a,2012,3,0.5280324324324326,4,2012-03-01
Murang'a,2012,4,0.6468273648648648,4,2012-04-01
Murang'a,2012,5,0.717998063063063,3,2012-05-01
Murang'a,2012,6,0.5743979054054054,4,2012-06-01
Murang'a,2012,7,0.48401402027027024,4,2012-07-01
Murang'a,2012,8,0.5602281756756756,4,2012-08-01
Murang'a,2012,9,0.5825376013513512,4,2012-09-01
Murang'a,2012,10,0.6040170945945947,4,2012-10-01
Murang'a,2012,11,0.7306847297297296,3,2012-11-01
Murang'a,2012,12,0.7520895270270272,4,2012-12-01
Murang'a,2013,1,0.7271737500000001,4,2013-01-01
Murang'a,2013,2,0.6433473310810808,4,2013-02-01
Murang'a,2013,3,0.6291910810810812,4,2013-03-01
Murang'a,2013,4,0.6621244144144144,3,2013-04-01
Murang'a,2013,5,0.7173265202702699,4,2013-05-01
Murang'a,2013,6,0.4797681081081081,4,2013-06-01
Murang'a,2013,7,0.4463386148648649,4,2013-07-01
Murang'a,2013,8,0.5245103378378382,4,2013-08-01
Murang'a,2013,9,0.579102736486486,4,2013-09-01
Murang'a,2013,10,0.5822931981981987,3,2013-10-01
Murang'a,2013,11,0.6202266891891886,4,2013-11-01
Murang'a,2013,12,0.7163787837837841,4,2013-12-01
Murang'a,2014,1,0.6544890878378378,4,2014-01-01
Murang'a,2014,2,0.6457451013513513,4,2014-02-01
Murang'a,2014,3,0.6873613513513515,4,2014-03-01
Murang'a,2014,4,0.7220682882882885,3,2014-04-01
Murang'a,2014,5,0.6436397297297296,4,2014-05-01
Murang'a,2014,6,0.5359305067567566,4,2014-06-01
Murang'a,2014,7,0.46601925675675676,4,2014-07-01
Murang'a,2014,8,0.5242304391891892,4,2014-08-01
Murang'a,2014,9,0.583864121621622,4,2014-09-01
Murang'a,2014,10,0.6167502702702706,3,2014-10-01
Murang'a,2014,11,0.665815439189189,4,2014-11-01
Murang'a,2014,12,0.725978513513513,4,2014-12-01
Murang'a,2015,1,0.6700253378378378,4,2015-01-01
Murang'a,2015,2,0.6067680743243242,4,2015-02-01
Murang'a,2015,3,0.5838989527027026,4,2015-03-01
Murang'a,2015,4,0.6722199549549552,3,2015-04-01
Murang'a,2015,5,0.6055206081081081,4,2015-05-01
Murang'a,2015,6,0.6788841216216217,4,2015-06-01
Murang'a,2015,7,0.5700008783783785,4,2015-07-01
Murang'a,2015,8,0.6028272635135138,4,2015-08-01
Murang'a,2015,9,0.5742009459459464,4,2015-09-01
Murang'a,2015,10,0.5658223423423424,3,2015-10-01
Murang'a,2015,11,0.7012018918918921,4,2015-11-01
Murang'a,2015,12,0.7648070270270272,4,2015-12-01
Murang'a,2016,1,0.7365130405405407,4,2016-01-01
Murang'a,2016,2,0.6938408108108103,4,2016-02-01
Murang'a,2016,3,0.6709013513513511,4,2016-03-01
Murang'a,2016,4,0.6419741216216222,4,2016-04-01
Murang'a,2016,5,0.6720481081081083,3,2016-05-01
Murang'a,2016,6,0.5893073986486486,4,2016-06-01
Murang'a,2016,7,0.5561727364864865,4,2016-07-01
Murang'a,2016,8,0.5554839189189192,4,2016-08-01
Murang'a,2016,9,0.5953578716216213,4,2016-09-01
Murang'a,2016,10,0.5872954391891896,4,2016-10-01
Murang'a,2016,11,0.6184006306306307,3,2016-11-01
Murang'a,2016,12,0.7232006756756757,4,2016-12-01
Murang'a,2017,1,0.6540699662162163,4,2017-01-01
Murang'a,2017,2,0.5930626689189188,4,2017-02-01
Murang'a,2017,3,0.5724841891891893,4,2017-03-01
Murang'a,2017,4,0.5977565765765765,3,2017-04-01
Murang'a,2017,5,0.7018852364864868,4,2017-05-01
Murang'a,2017,6,0.6308902027027025,4,2017-06-01
Murang'a,2017,7,0.4023252364864864,4,2017-07-01
Murang'a,2017,8,0.5366010472972973,4,2017-08-01
Murang'a,2017,9,0.560233412162162,4,2017-09-01
Murang'a,2017,10,0.5924051351351353,3,2017-10-01
Murang'a,2017,11,0.704658885135135,4,2017-11-01
Murang'a,2017,12,0.7058126351351353,4,2017-12-01
Murang'a,2018,1,0.6304175675675675,4,2018-01-01
Murang'a,2018,2,0.5697403716216218,4,2018-02-01
Murang'a,2018,3,0.64606,4,2018-03-01
Murang'a,2018,4,0.5967884684684682,3,2018-04-01
Murang'a,2018,5,0.6462264527027028,4,2018-05-01
Murang'a,2018,6,0.5555082094594594,4,2018-06-01
Murang'a,2018,7,0.6020705067567571,4,2018-07-01
Murang'a,2018,8,0.4769086148648646,4,2018-08-01
Murang'a,2018,9,0.6220492229729733,4,2018-09-01
Murang'a,2018,10,0.6240045945945941,3,2018-10-01
Murang'a,2018,11,0.6816185810810811,4,2018-11-01
Murang'a,2018,12,0.7512375675675671,4,2018-12-01
Murang'a,2019,1,0.7104054729729732,4,2019-01-01
Murang'a,2019,2,0.6279467905405408,4,2019-02-01
Murang'a,2019,3,0.5917485135135138,4,2019-03-01
Murang'a,2019,4,0.6272026126126127,3,2019-04-01
Murang'a,2019,5,0.6475711824324323,4,2019-05-01
Murang'a,2019,6,0.5689077364864864,4,2019-06-01
Murang'a,2019,7,0.6482386824324328,4,2019-07-01
Murang'a,2019,8,0.5679621959459462,4,2019-08-01
Murang'a,2019,9,0.5708690202702704,4,2019-09-01
Murang'a,2019,10,0.6263966216216218,3,2019-10-01
Murang'a,2019,11,0.6941039189189186,4,2019-11-01
Murang'a,2019,12,0.7545055405405403,4,2019-12-01
Murang'a,2020,1,0.7531176351351354,4,2020-01-01
Murang'a,2020,2,0.7337151013513515,4,2020-02-01
Murang'a,2020,3,0.7278681756756764,4,2020-03-01
Murang'a,2020,4,0.6785559121621622,4,2020-04-01
Murang'a,2020,5,0.7678608108108113,3,2020-05-01
Murang'a,2020,6,0.6866057094594595,4,2020-06-01
Murang'a,2020,7,0.5547886148648646,4,2020-07-01
Murang'a,2020,8,0.41600096547361454,4,2020-08-01
Murang'a,2020,9,0.6111143918918918,4,2020-09-01
Murang'a,2020,10,0.6102594932432432,4,2020-10-01
Murang'a,2020,11,0.7345940090090094,3,2020-11-01
Murang'a,2020,12,0.7513860135135135,4,2020-12-01
Murang'a,2021,1,0.7220558108108108,4,2021-01-01
Murang'a,2021,2,0.6972221621621623,4,2021-02-01
Murang'a,2021,3,0.6615163851351353,4,2021-03-01
Murang'a,2021,4,0.6745590990991,3,2021-04-01
Murang'a,2021,5,0.6851047972972975,4,2021-05-01
Murang'a,2021,6,0.5754369256756758,4,2021-06-01
Murang'a,2021,7,0.41291868243243257,4,2021-07-01
Murang'a,2021,8,0.5734043243243245,4,2021-08-01
Murang'a,2021,9,0.5717481418918917,4,2021-09-01
Murang'a,2021,10,0.605576891891892,3,2021-10-01
Murang'a,2021,11,0.7014242567567569,4,2021-11-01
Murang'a,2021,12,0.7112717567567564,4,2021-12-01
Murang'a,2022,1,0.7084443918918921,4,2022-01-01
Murang'a,2022,2,0.6320196621621624,4,2022-02-01
Murang'a,2022,3,0.5699924662162162,4,2022-03-01
Murang'a,2022,4,0.6659269819819822,3,2022-04-01
Murang'a,2022,5,0.7183137500000001,4,2022-05-01
Murang'a,2022,6,0.6200218581081083,4,2022-06-01
Murang'a,2022,7,0.33507841216216216,4,2022-07-01
Murang'a,2022,8,0.4683591216216218,4,2022-08-01
Murang'a,2022,9,0.5685826013513512,4,2022-09-01
Murang'a,2022,10,0.5614101351351355,3,2022-10-01
Murang'a,2022,11,0.5840873310810809,4,2022-11-01
Murang'a,2022,12,0.7538932432432435,3,2022-12-01
Murang'a,2023,1,0.7080454054054055,4,2023-01-01
Murang'a,2023,2,0.5972563063063062,3,2023-02-01
Murang'a,2023,3,0.6090905405405407,4,2023-03-01
Murang'a,2023,4,0.6500009009009015,3,2023-04-01
Murang'a,2023,5,0.7229852027027027,4,2023-05-01
Murang'a,2023,6,0.6028390202702703,4,2023-06-01
Murang'a,2023,7,0.5130264864864864,4,2023-07-01
Murang'a,2023,8,0.6561338175675678,4,2023-08-01
Murang'a,2023,9,0.6005488175675675,4,2023-09-01
Murang'a,2023,10,0.541618918918919,2,2023-10-01
Murang'a,2023,11,0.7045234459459465,4,2023-11-01
Murang'a,2023,12,0.74570125,4,2023-12-01
Murang'a,2024,1,0.7180117567567569,4,2024-01-01
Murang'a,2024,2,0.7021081418918916,4,2024-02-01
Murang'a,2024,3,0.6951068918918919,4,2024-03-01
Murang'a,2024,4,0.7222662162162162,4,2024-04-01
Murang'a,2024,5,0.7284002252252249,3,2024-05-01
Murang'a,2024,6,0.6894419594594591,4,2024-06-01
Murang'a,2024,7,0.5838886148648648,4,2024-07-01
Murang'a,2024,8,0.5924054954954959,3,2024-08-01
Murang'a,2024,9,0.626940168918919,4,2024-09-01
Murang'a,2024,10,0.6255369932432435,4,2024-10-01
Murang'a,2024,11,0.7333952252252257,3,2024-11-01
Murang'a,2024,12,0.7352965765765761,3,2024-12-01
Murang'a,2025,1,0.720940743243243,4,2025-01-01
Murang'a,2025,2,0.6873516891891893,4,2025-02-01
Murang'a,2025,3,0.6718870270270266,4,2025-03-01
Murang'a,2025,4,0.7532194144144149,3,2025-04-01
Murang'a,2025,5,0.7374745945945951,4,2025-05-01
Murang'a,2025,6,0.6076767229729734,4,2025-06-01
Murang'a,2025,11,0.7496351351351354,1,2025-11-01
Murang'a,2025,12,0.7338244594594601,2,2025-12-01
Murang'a,2026,1,0.6890212612612615,3,2026-01-01
Murang'a,2026,2,0.6317971171171173,3,2026-02-01
Murang'a,2026,3,0.7147256756756757,2,2026-03-01
Murang'a,2026,4,0.5984633108108112,2,2026-04-01
Murang'a,2026,5,0.7663059459459457,2,2026-05-01
Murang'a,2026,7,0.6453392792792795,3,2026-07-01
Murang'a,2026,8,0.6143905405405403,1,2026-08-01
Nairobi,2000,12,0.5785043269230772,1,2000-12-01
Nairobi,2001,1,0.5762723557692307,2,2001-01-01
Nairobi,2001,2,0.5802036057692308,2,2001-02-01
Nairobi,2001,3,0.5483908653846155,2,2001-03-01
Nairobi,2001,4,0.5824956730769231,2,2001-04-01
Nairobi,2001,5,0.5392153846153851,2,2001-05-01
Nairobi,2001,6,0.39393774038461543,2,2001-06-01
Nairobi,2001,7,0.4578139423076922,2,2001-07-01
Nairobi,2001,8,0.40406850961538476,2,2001-08-01
Nairobi,2001,9,0.3418711538461538,2,2001-09-01
Nairobi,2001,10,0.37318125000000013,1,2001-10-01
Nairobi,2001,11,0.4647913461538463,2,2001-11-01
Nairobi,2001,12,0.5499514423076923,2,2001-12-01
Nairobi,2002,1,0.46153293269230766,2,2002-01-01
Nairobi,2002,2,0.38555793269230754,2,2002-02-01
Nairobi,2002,3,0.4343802884615384,2,2002-03-01
Nairobi,2002,4,0.45131538461538434,2,2002-04-01
Nairobi,2002,5,0.6005615384615384,2,2002-05-01
Nairobi,2002,6,0.3928283653846154,2,2002-06-01
Nairobi,2002,7,0.40639459134615386,4,2002-07-01
Nairobi,2002,8,0.30170168269230774,4,2002-08-01
Nairobi,2002,9,0.3512536057692308,4,2002-09-01
Nairobi,2002,10,0.37927355769230764,3,2002-10-01
Nairobi,2002,11,0.5540420673076923,4,2002-11-01
Nairobi,2002,12,0.5634914663461539,4,2002-12-01
Nairobi,2003,1,0.5794598557692309,4,2003-01-01
Nairobi,2003,2,0.4530567307692308,4,2003-02-01
Nairobi,2003,3,0.3658542067307694,4,2003-03-01
Nairobi,2003,4,0.3758988782051281,3,2003-04-01
Nairobi,2003,5,0.5427346153846153,4,2003-05-01
Nairobi,2003,6,0.5586759615384617,4,2003-06-01
Nairobi,2003,7,0.43116093749999995,4,2003-07-01
Nairobi,2003,8,0.4263776442307693,4,2003-08-01
Nairobi,2003,9,0.4058192307692308,4,2003-09-01
Nairobi,2003,10,0.38175801282051286,3,2003-10-01
Nairobi,2003,11,0.5369162259615385,4,2003-11-01
Nairobi,2003,12,0.5053919471153847,4,2003-12-01
Nairobi,2004,1,0.4483311298076925,4,2004-01-01
Nairobi,2004,2,0.48473125,4,2004-02-01
Nairobi,2004,3,0.4313135817307693,4,2004-03-01
Nairobi,2004,4,0.5613129807692309,4,2004-04-01
Nairobi,2004,5,0.5905741987179488,3,2004-05-01
Nairobi,2004,6,0.46528918269230773,4,2004-06-01
Nairobi,2004,7,0.41354387019230776,4,2004-07-01
Nairobi,2004,8,0.34893137019230774,4,2004-08-01
Nairobi,2004,9,0.33250012019230774,4,2004-09-01
Nairobi,2004,10,0.34313485576923075,4,2004-10-01
Nairobi,2004,11,0.5378014423076926,3,2004-11-01
Nairobi,2004,12,0.5540906250000002,4,2004-12-01
Nairobi,2005,1,0.4419806490384615,4,2005-01-01
Nairobi,2005,2,0.39028076923076926,4,2005-02-01
Nairobi,2005,3,0.40561694711538465,4,2005-03-01
Nairobi,2005,4,0.4517163461538461,3,2005-04-01
Nairobi,2005,5,0.5230426682692308,4,2005-05-01
Nairobi,2005,6,0.5354662259615386,4,2005-06-01
Nairobi,2005,7,0.37906286057692323,4,2005-07-01
Nairobi,2005,8,0.41323293269230765,4,2005-08-01
Nairobi,2005,9,0.3470302884615385,4,2005-09-01
Nairobi,2005,10,0.34594054487179476,3,2005-10-01
Nairobi,2005,11,0.40256141826923075,4,2005-11-01
Nairobi,2005,12,0.37238341346153847,4,2005-12-01
Nairobi,2006,1,0.33530324519230775,4,2006-01-01
Nairobi,2006,2,0.3095448317307693,4,2006-02-01
Nairobi,2006,3,0.45562992788461537,4,2006-03-01
Nairobi,2006,4,0.5395713141025641,3,2006-04-01
Nairobi,2006,5,0.6009596153846155,4,2006-05-01
Nairobi,2006,6,0.5275061298076923,4,2006-06-01
Nairobi,2006,7,0.3182897836538462,4,2006-07-01
Nairobi,2006,8,0.3784903846153847,4,2006-08-01
Nairobi,2006,9,0.3622643028846154,4,2006-09-01
Nairobi,2006,10,0.3548735576923077,3,2006-10-01
Nairobi,2006,11,0.4819695913461539,4,2006-11-01
Nairobi,2006,12,0.6163999999999998,4,2006-12-01
Nairobi,2007,1,0.6170792067307693,4,2007-01-01
Nairobi,2007,2,0.5201474759615387,4,2007-02-01
Nairobi,2007,3,0.4302998798076922,4,2007-03-01
Nairobi,2007,4,0.5047687499999999,3,2007-04-01
Nairobi,2007,5,0.5652544471153846,4,2007-05-01
Nairobi,2007,6,0.5434942307692309,4,2007-06-01
Nairobi,2007,7,0.3359528846153846,4,2007-07-01
Nairobi,2007,8,0.41314471153846144,4,2007-08-01
Nairobi,2007,9,0.4165068509615384,4,2007-09-01
Nairobi,2007,10,0.40313766025641035,3,2007-10-01
Nairobi,2007,11,0.47083425480769237,4,2007-11-01
Nairobi,2007,12,0.47106262019230766,4,2007-12-01
Nairobi,2008,1,0.4396891826923076,4,2008-01-01
Nairobi,2008,2,0.3815272836538462,4,2008-02-01
Nairobi,2008,3,0.401694951923077,4,2008-03-01
Nairobi,2008,4,0.5150051682692307,4,2008-04-01
Nairobi,2008,5,0.46086137820512824,3,2008-05-01
Nairobi,2008,6,0.43733990384615407,4,2008-06-01
Nairobi,2008,7,0.34478737980769225,4,2008-07-01
Nairobi,2008,8,0.332140264423077,4,2008-08-01
Nairobi,2008,9,0.3552626201923077,4,2008-09-01
Nairobi,2008,10,0.4228376201923079,4,2008-10-01
Nairobi,2008,11,0.5488238782051283,3,2008-11-01
Nairobi,2008,12,0.4368963942307692,4,2008-12-01
Nairobi,2009,1,0.398849639423077,4,2009-01-01
Nairobi,2009,2,0.3820706730769232,4,2009-02-01
Nairobi,2009,3,0.343012139423077,4,2009-03-01
Nairobi,2009,4,0.36325368589743584,3,2009-04-01
Nairobi,2009,5,0.4845087740384615,4,2009-05-01
Nairobi,2009,6,0.4641177884615385,4,2009-06-01
Nairobi,2009,7,0.3960230769230769,4,2009-07-01
Nairobi,2009,8,0.31937283653846144,4,2009-08-01
Nairobi,2009,9,0.2963741586538461,4,2009-09-01
Nairobi,2009,10,0.3283629807692308,3,2009-10-01
Nairobi,2009,11,0.45148004807692316,4,2009-11-01
Nairobi,2009,12,0.4544002403846155,4,2009-12-01
Nairobi,2010,1,0.482540264423077,4,2010-01-01
Nairobi,2010,2,0.4749359375,4,2010-02-01
Nairobi,2010,3,0.529064423076923,4,2010-03-01
Nairobi,2010,4,0.5431352564102564,3,2010-04-01
Nairobi,2010,5,0.5718575721153846,4,2010-05-01
Nairobi,2010,6,0.4411662259615383,4,2010-06-01
Nairobi,2010,7,0.3819856971153846,4,2010-07-01
Nairobi,2010,8,0.3569314903846154,4,2010-08-01
Nairobi,2010,9,0.3580734374999999,4,2010-09-01
Nairobi,2010,10,0.3665203525641026,3,2010-10-01
Nairobi,2010,11,0.4843253605769231,4,2010-11-01
Nairobi,2010,12,0.4707259615384615,4,2010-12-01
Nairobi,2011,1,0.39017199519230766,4,2011-01-01
Nairobi,2011,2,0.3750423076923076,4,2011-02-01
Nairobi,2011,3,0.4356609375,4,2011-03-01
Nairobi,2011,4,0.4605469551282051,3,2011-04-01
Nairobi,2011,5,0.42472860576923066,4,2011-05-01
Nairobi,2011,6,0.4189664663461539,4,2011-06-01
Nairobi,2011,7,0.3570841346153847,4,2011-07-01
Nairobi,2011,8,0.2902915865384616,4,2011-08-01
Nairobi,2011,9,0.3728664663461538,4,2011-09-01
Nairobi,2011,10,0.4198065705128206,3,2011-10-01
Nairobi,2011,11,0.4550293269230769,4,2011-11-01
Nairobi,2011,12,0.5588320913461539,4,2011-12-01
Nairobi,2012,1,0.4591814903846154,4,2012-01-01
Nairobi,2012,2,0.3634545673076923,4,2012-02-01
Nairobi,2012,3,0.31121682692307695,4,2012-03-01
Nairobi,2012,4,0.4847362980769233,4,2012-04-01
Nairobi,2012,5,0.5737711538461536,3,2012-05-01
Nairobi,2012,6,0.44998437500000016,4,2012-06-01
Nairobi,2012,7,0.4090763221153846,4,2012-07-01
Nairobi,2012,8,0.4354998798076923,4,2012-08-01
Nairobi,2012,9,0.39122055288461555,4,2012-09-01
Nairobi,2012,10,0.4174644230769231,4,2012-10-01
Nairobi,2012,11,0.49718012820512847,3,2012-11-01
Nairobi,2012,12,0.5338566105769231,4,2012-12-01
Nairobi,2013,1,0.5198426682692309,4,2013-01-01
Nairobi,2013,2,0.42126286057692314,4,2013-02-01
Nairobi,2013,3,0.45380564903846154,4,2013-03-01
Nairobi,2013,4,0.5367721153846153,3,2013-04-01
Nairobi,2013,5,0.5649644230769231,4,2013-05-01
Nairobi,2013,6,0.38367367788461537,4,2013-06-01
Nairobi,2013,7,0.3432292067307694,4,2013-07-01
Nairobi,2013,8,0.3908384615384615,4,2013-08-01
Nairobi,2013,9,0.3873939903846153,4,2013-09-01
Nairobi,2013,10,0.37211762820512817,3,2013-10-01
Nairobi,2013,11,0.38609927884615386,4,2013-11-01
Nairobi,2013,12,0.5181883413461539,4,2013-12-01
Nairobi,2014,1,0.4688044471153846,4,2014-01-01
Nairobi,2014,2,0.46758485576923065,4,2014-02-01
Nairobi,2014,3,0.5119650240384616,4,2014-03-01
Nairobi,2014,4,0.5082067307692306,3,2014-04-01
Nairobi,2014,5,0.42108149038461545,4,2014-05-01
Nairobi,2014,6,0.4382354567307693,4,2014-06-01
Nairobi,2014,7,0.33204206730769237,4,2014-07-01
Nairobi,2014,8,0.3532979567307693,4,2014-08-01
Nairobi,2014,9,0.381003125,4,2014-09-01
Nairobi,2014,10,0.4029665064102564,3,2014-10-01
Nairobi,2014,11,0.4644680288461538,4,2014-11-01
Nairobi,2014,12,0.46047548076923084,4,2014-12-01
Nairobi,2015,1,0.3970510817307693,4,2015-01-01
Nairobi,2015,2,0.3609417067307692,4,2015-02-01
Nairobi,2015,3,0.34328161057692297,4,2015-03-01
Nairobi,2015,4,0.4429501602564101,3,2015-04-01
Nairobi,2015,5,0.4352707932692308,4,2015-05-01
Nairobi,2015,6,0.5090164663461539,4,2015-06-01
Nairobi,2015,7,0.45828485576923067,4,2015-07-01
Nairobi,2015,8,0.3881631009615383,4,2015-08-01
Nairobi,2015,9,0.34738810096153855,4,2015-09-01
Nairobi,2015,10,0.3519883012820513,3,2015-10-01
Nairobi,2015,11,0.5171489182692307,4,2015-11-01
Nairobi,2015,12,0.5812426682692309,4,2015-12-01
Nairobi,2016,1,0.5430954326923076,4,2016-01-01
Nairobi,2016,2,0.5097974759615385,4,2016-02-01
Nairobi,2016,3,0.4178722355769232,4,2016-03-01
Nairobi,2016,4,0.46831033653846166,4,2016-04-01
Nairobi,2016,5,0.48233750000000014,3,2016-05-01
Nairobi,2016,6,0.4658780048076923,4,2016-06-01
Nairobi,2016,7,0.38966983173076924,4,2016-07-01
Nairobi,2016,8,0.36958521634615393,4,2016-08-01
Nairobi,2016,9,0.35957836538461546,4,2016-09-01
Nairobi,2016,10,0.34891610576923093,4,2016-10-01
Nairobi,2016,11,0.39644615384615395,3,2016-11-01
Nairobi,2016,12,0.46729338942307685,4,2016-12-01
Nairobi,2017,1,0.39035889423076925,4,2017-01-01
Nairobi,2017,2,0.3529114182692308,4,2017-02-01
Nairobi,2017,3,0.3422498798076924,4,2017-03-01
Nairobi,2017,4,0.380071955128205,3,2017-04-01
Nairobi,2017,5,0.4486370192307692,4,2017-05-01
Nairobi,2017,6,0.3697092548076923,4,2017-06-01
Nairobi,2017,7,0.26422019230769234,4,2017-07-01
Nairobi,2017,8,0.3311915865384614,4,2017-08-01
Nairobi,2017,9,0.33777932692307705,4,2017-09-01
Nairobi,2017,10,0.3999971153846153,3,2017-10-01
Nairobi,2017,11,0.4715688701923077,4,2017-11-01
Nairobi,2017,12,0.4704558894230771,4,2017-12-01
Nairobi,2018,1,0.3817,4,2018-01-01
Nairobi,2018,2,0.32920336538461537,4,2018-02-01
Nairobi,2018,3,0.46495168269230763,4,2018-03-01
Nairobi,2018,4,0.5285963141025644,3,2018-04-01
Nairobi,2018,5,0.5044806490384616,4,2018-05-01
Nairobi,2018,6,0.3991475961538462,4,2018-06-01
Nairobi,2018,7,0.42536850961538464,4,2018-07-01
Nairobi,2018,8,0.352397596153846,4,2018-08-01
Nairobi,2018,9,0.38670012019230776,4,2018-09-01
Nairobi,2018,10,0.38199935897435894,3,2018-10-01
Nairobi,2018,11,0.40346862980769227,4,2018-11-01
Nairobi,2018,12,0.5016396634615384,4,2018-12-01
Nairobi,2019,1,0.4587599759615385,4,2019-01-01
Nairobi,2019,2,0.3654319711538463,4,2019-02-01
Nairobi,2019,3,0.3156455528846155,4,2019-03-01
Nairobi,2019,4,0.33258413461538466,3,2019-04-01
Nairobi,2019,5,0.403778125,4,2019-05-01
Nairobi,2019,6,0.4509987980769231,4,2019-06-01
Nairobi,2019,7,0.41788076923076933,4,2019-07-01
Nairobi,2019,8,0.3417403846153847,4,2019-08-01
Nairobi,2019,9,0.34393858173076913,4,2019-09-01
Nairobi,2019,10,0.4250282051282052,3,2019-10-01
Nairobi,2019,11,0.5333393028846156,4,2019-11-01
Nairobi,2019,12,0.5534014423076923,4,2019-12-01
Nairobi,2020,1,0.5756662259615385,4,2020-01-01
Nairobi,2020,2,0.5284555288461537,4,2020-02-01
Nairobi,2020,3,0.5459004807692308,4,2020-03-01
Nairobi,2020,4,0.5113298076923078,4,2020-04-01
Nairobi,2020,5,0.5449424679487179,3,2020-05-01
Nairobi,2020,6,0.46266370192307704,4,2020-06-01
Nairobi,2020,7,0.42760877403846154,4,2020-07-01
Nairobi,2020,8,0.2895491586538461,4,2020-08-01
Nairobi,2020,9,0.3914447115384616,4,2020-09-01
Nairobi,2020,10,0.3722167067307692,4,2020-10-01
Nairobi,2020,11,0.48132099358974356,3,2020-11-01
Nairobi,2020,12,0.4620441105769231,4,2020-12-01
Nairobi,2021,1,0.4328397836538461,4,2021-01-01
Nairobi,2021,2,0.46474038461538475,4,2021-02-01
Nairobi,2021,3,0.44686334134615396,4,2021-03-01
Nairobi,2021,4,0.46918253205128213,3,2021-04-01
Nairobi,2021,5,0.4910968750000001,4,2021-05-01
Nairobi,2021,6,0.44509579326923093,4,2021-06-01
Nairobi,2021,7,0.34636442307692306,4,2021-07-01
Nairobi,2021,8,0.34288737980769224,4,2021-08-01
Nairobi,2021,9,0.34971021634615396,4,2021-09-01
Nairobi,2021,10,0.3625455128205129,3,2021-10-01
Nairobi,2021,11,0.3795406249999999,4,2021-11-01
Nairobi,2021,12,0.5152651442307693,4,2021-12-01
Nairobi,2022,1,0.4670831730769231,4,2022-01-01
Nairobi,2022,2,0.41184050480769235,4,2022-02-01
Nairobi,2022,3,0.3373770432692309,4,2022-03-01
Nairobi,2022,4,0.42725801282051296,3,2022-04-01
Nairobi,2022,5,0.5056057692307692,4,2022-05-01
Nairobi,2022,6,0.41848064903846144,4,2022-06-01
Nairobi,2022,7,0.22012740384615387,4,2022-07-01
Nairobi,2022,8,0.2884882211538462,4,2022-08-01
Nairobi,2022,9,0.3141506009615386,4,2022-09-01
Nairobi,2022,10,0.3179806089743588,3,2022-10-01
Nairobi,2022,11,0.3501818509615385,4,2022-11-01
Nairobi,2022,12,0.4197879807692309,3,2022-12-01
Nairobi,2023,1,0.3788335336538462,4,2023-01-01
Nairobi,2023,2,0.311705608974359,3,2023-02-01
Nairobi,2023,3,0.3485859374999999,4,2023-03-01
Nairobi,2023,4,0.44558044871794866,3,2023-04-01
Nairobi,2023,5,0.5411319711538465,4,2023-05-01
Nairobi,2023,6,0.4283165865384616,4,2023-06-01
Nairobi,2023,7,0.38347800480769234,4,2023-07-01
Nairobi,2023,8,0.3525391826923078,4,2023-08-01
Nairobi,2023,9,0.36311081730769224,4,2023-09-01
Nairobi,2023,10,0.3214197115384616,2,2023-10-01
Nairobi,2023,11,0.513245673076923,4,2023-11-01
Nairobi,2023,12,0.5836147836538462,4,2023-12-01
Nairobi,2024,1,0.5187572115384617,4,2024-01-01
Nairobi,2024,2,0.4832593749999999,4,2024-02-01
Nairobi,2024,3,0.4932383413461539,4,2024-03-01
Nairobi,2024,4,0.5336118990384615,4,2024-04-01
Nairobi,2024,5,0.5534690705128206,3,2024-05-01
Nairobi,2024,6,0.5286788461538461,4,2024-06-01
Nairobi,2024,7,0.4461283653846153,4,2024-07-01
Nairobi,2024,8,0.4602036858974357,3,2024-08-01
Nairobi,2024,9,0.4345578125000001,4,2024-09-01
Nairobi,2024,10,0.44242944711538457,4,2024-10-01
Nairobi,2024,11,0.5323532051282053,3,2024-11-01
Nairobi,2024,12,0.5375354166666667,3,2024-12-01
Nairobi,2025,1,0.48012656249999985,4,2025-01-01
Nairobi,2025,2,0.443572596153846,4,2025-02-01
Nairobi,2025,3,0.4739917067307694,4,2025-03-01
Nairobi,2025,4,0.5640057692307695,3,2025-04-01
Nairobi,2025,5,0.5253010817307692,4,2025-05-01
Nairobi,2025,6,0.44433545673076935,4,2025-06-01
Nairobi,2025,11,0.4795639423076924,1,2025-11-01
Nairobi,2025,12,0.4240810096153844,2,2025-12-01
Nairobi,2026,1,0.44245705128205115,3,2026-01-01
Nairobi,2026,2,0.43776746794871785,3,2026-02-01
Nairobi,2026,3,0.5476249999999998,2,2026-03-01
Nairobi,2026,4,0.4276877403846155,2,2026-04-01
Nairobi,2026,5,0.5494860576923078,2,2026-05-01
Nairobi,2026,7,0.43737115384615394,3,2026-07-01
Nairobi,2026,8,0.40198798076923103,1,2026-08-01
Nakuru,2000,12,0.5631972120658127,1,2000-12-01
Nakuru,2001,1,0.580532926441849,2,2001-01-01
Nakuru,2001,2,0.5409972215090357,2,2001-02-01
Nakuru,2001,3,0.5116303602415826,2,2001-03-01
Nakuru,2001,4,0.6149098905172303,2,2001-04-01
Nakuru,2001,5,0.633710648733449,2,2001-05-01
Nakuru,2001,6,0.5282487070153462,2,2001-06-01
Nakuru,2001,7,0.5677995751763216,2,2001-07-01
Nakuru,2001,8,0.5852078978063096,2,2001-08-01
Nakuru,2001,9,0.5605582767524517,2,2001-09-01
Nakuru,2001,10,0.5153476494751247,1,2001-10-01
Nakuru,2001,11,0.5764297896662098,2,2001-11-01
Nakuru,2001,12,0.5734780464077982,2,2001-12-01
Nakuru,2002,1,0.5243753779805627,2,2002-01-01
Nakuru,2002,2,0.46510085160089204,2,2002-02-01
Nakuru,2002,3,0.5028775165044792,2,2002-03-01
Nakuru,2002,4,0.5402616888311159,2,2002-04-01
Nakuru,2002,5,0.6673079944702621,2,2002-05-01
Nakuru,2002,6,0.6241308561601409,2,2002-06-01
Nakuru,2002,7,0.5700725127677768,4,2002-07-01
Nakuru,2002,8,0.5399413164021977,4,2002-08-01
Nakuru,2002,9,0.46634936002186456,4,2002-09-01
Nakuru,2002,10,0.45082475533172567,3,2002-10-01
Nakuru,2002,11,0.5255239836468419,4,2002-11-01
Nakuru,2002,12,0.5664469916864922,4,2002-12-01
Nakuru,2003,1,0.6255282628399599,4,2003-01-01
Nakuru,2003,2,0.46525808853994133,4,2003-02-01
Nakuru,2003,3,0.3996772785718493,4,2003-03-01
Nakuru,2003,4,0.4251069155739564,3,2003-04-01
Nakuru,2003,5,0.6426471146926062,4,2003-05-01
Nakuru,2003,6,0.6816166555338107,4,2003-06-01
Nakuru,2003,7,0.6274896461449516,4,2003-07-01
Nakuru,2003,8,0.578106172991704,4,2003-08-01
Nakuru,2003,9,0.5938972815957803,4,2003-09-01
Nakuru,2003,10,0.525316557123433,3,2003-10-01
Nakuru,2003,11,0.5537164407272965,4,2003-11-01
Nakuru,2003,12,0.5425991432616402,4,2003-12-01
Nakuru,2004,1,0.5091331666370784,4,2004-01-01
Nakuru,2004,2,0.4643330256964427,4,2004-02-01
Nakuru,2004,3,0.46594372302497583,4,2004-03-01
Nakuru,2004,4,0.601928633888864,4,2004-04-01
Nakuru,2004,5,0.6476406363763775,3,2004-05-01
Nakuru,2004,6,0.6092912330091351,4,2004-06-01
Nakuru,2004,7,0.5473512696955787,4,2004-07-01
Nakuru,2004,8,0.5299584944901043,4,2004-08-01
Nakuru,2004,9,0.4980849876551442,4,2004-09-01
Nakuru,2004,10,0.48623797092938953,4,2004-10-01
Nakuru,2004,11,0.5420849492081542,3,2004-11-01
Nakuru,2004,12,0.521388823330178,4,2004-12-01
Nakuru,2005,1,0.43668623085683356,4,2005-01-01
Nakuru,2005,2,0.4114918951031593,4,2005-02-01
Nakuru,2005,3,0.42492372545958307,4,2005-03-01
Nakuru,2005,4,0.5089869709859183,3,2005-04-01
Nakuru,2005,5,0.6265194083203816,4,2005-05-01
Nakuru,2005,6,0.6226473297521575,4,2005-06-01
Nakuru,2005,7,0.5809860257096662,4,2005-07-01
Nakuru,2005,8,0.5787170755235597,4,2005-08-01
Nakuru,2005,9,0.5459657046172633,4,2005-09-01
Nakuru,2005,10,0.5312527244162258,3,2005-10-01
Nakuru,2005,11,0.5164548197045895,4,2005-11-01
Nakuru,2005,12,0.4487110896963558,4,2005-12-01
Nakuru,2006,1,0.3903903488372792,4,2006-01-01
Nakuru,2006,2,0.3568982369343573,4,2006-02-01
Nakuru,2006,3,0.4573310767945208,4,2006-03-01
Nakuru,2006,4,0.5998250679917654,3,2006-04-01
Nakuru,2006,5,0.6386992461495125,4,2006-05-01
Nakuru,2006,6,0.5648160366547954,4,2006-06-01
Nakuru,2006,7,0.5581482394521848,4,2006-07-01
Nakuru,2006,8,0.5581697523142142,4,2006-08-01
Nakuru,2006,9,0.5050009635471897,4,2006-09-01
Nakuru,2006,10,0.4329790701969989,3,2006-10-01
Nakuru,2006,11,0.5016340222480938,4,2006-11-01
Nakuru,2006,12,0.6467895097512428,4,2006-12-01
Nakuru,2007,1,0.6677883561742791,4,2007-01-01
Nakuru,2007,2,0.6060153956925601,4,2007-02-01
Nakuru,2007,3,0.510463823329826,4,2007-03-01
Nakuru,2007,4,0.5577541321379708,3,2007-04-01
Nakuru,2007,5,0.6089051300098853,4,2007-05-01
Nakuru,2007,6,0.609932233996238,4,2007-06-01
Nakuru,2007,7,0.5724414995442116,4,2007-07-01
Nakuru,2007,8,0.6014252544388559,4,2007-08-01
Nakuru,2007,9,0.6078189810473059,4,2007-09-01
Nakuru,2007,10,0.5800243309025768,3,2007-10-01
Nakuru,2007,11,0.5658465985323942,4,2007-11-01
Nakuru,2007,12,0.5018639294194801,4,2007-12-01
Nakuru,2008,1,0.44514428039539317,4,2008-01-01
Nakuru,2008,2,0.3928366787942684,4,2008-02-01
Nakuru,2008,3,0.41741819940544056,4,2008-03-01
Nakuru,2008,4,0.565093017676946,4,2008-04-01
Nakuru,2008,5,0.5740688886579828,3,2008-05-01
Nakuru,2008,6,0.5375235207594709,4,2008-06-01
Nakuru,2008,7,0.4967312837963281,4,2008-07-01
Nakuru,2008,8,0.5479777888551186,4,2008-08-01
Nakuru,2008,9,0.5726613772731513,4,2008-09-01
Nakuru,2008,10,0.582968030437874,4,2008-10-01
Nakuru,2008,11,0.6136588961325276,3,2008-11-01
Nakuru,2008,12,0.5247568611780026,4,2008-12-01
Nakuru,2009,1,0.4234148849676683,4,2009-01-01
Nakuru,2009,2,0.36987903375744335,4,2009-02-01
Nakuru,2009,3,0.33601651691913753,4,2009-03-01
Nakuru,2009,4,0.38529896583325046,3,2009-04-01
Nakuru,2009,5,0.516348632634457,4,2009-05-01
Nakuru,2009,6,0.5284013559708298,4,2009-06-01
Nakuru,2009,7,0.4553231548052213,4,2009-07-01
Nakuru,2009,8,0.42117333460798556,4,2009-08-01
Nakuru,2009,9,0.40083731562433855,4,2009-09-01
Nakuru,2009,10,0.43582513794093436,3,2009-10-01
Nakuru,2009,11,0.5114558777425563,4,2009-11-01
Nakuru,2009,12,0.5092979566793346,4,2009-12-01
Nakuru,2010,1,0.5970738377392896,4,2010-01-01
Nakuru,2010,2,0.5804431013369864,4,2010-02-01
Nakuru,2010,3,0.6141191090074306,4,2010-03-01
Nakuru,2010,4,0.6550662265569445,3,2010-04-01
Nakuru,2010,5,0.6808999821399955,4,2010-05-01
Nakuru,2010,6,0.6525237942802788,4,2010-06-01
Nakuru,2010,7,0.6004987171973752,4,2010-07-01
Nakuru,2010,8,0.5473519335526951,4,2010-08-01
Nakuru,2010,9,0.5940846173621146,4,2010-09-01
Nakuru,2010,10,0.5583794828308544,3,2010-10-01
Nakuru,2010,11,0.5898843878060317,4,2010-11-01
Nakuru,2010,12,0.5241295847169944,4,2010-12-01
Nakuru,2011,1,0.4555327644427696,4,2011-01-01
Nakuru,2011,2,0.3868981206036187,4,2011-02-01
Nakuru,2011,3,0.4190308977512517,4,2011-03-01
Nakuru,2011,4,0.4867761273417434,3,2011-04-01
Nakuru,2011,5,0.5807901966789341,4,2011-05-01
Nakuru,2011,6,0.5976954350146032,4,2011-06-01
Nakuru,2011,7,0.59456662944602,4,2011-07-01
Nakuru,2011,8,0.581868099520685,4,2011-08-01
Nakuru,2011,9,0.6026264638435522,4,2011-09-01
Nakuru,2011,10,0.5957386985519003,3,2011-10-01
Nakuru,2011,11,0.6311749545874192,4,2011-11-01
Nakuru,2011,12,0.6372466855022232,4,2011-12-01
Nakuru,2012,1,0.5228405993618963,4,2012-01-01
Nakuru,2012,2,0.41474562584875774,4,2012-02-01
Nakuru,2012,3,0.37254393185723234,4,2012-03-01
Nakuru,2012,4,0.5245765929714952,4,2012-04-01
Nakuru,2012,5,0.6785659610276723,3,2012-05-01
Nakuru,2012,6,0.6360679238833182,4,2012-06-01
Nakuru,2012,7,0.6416808910665449,4,2012-07-01
Nakuru,2012,8,0.6330399834132077,4,2012-08-01
Nakuru,2012,9,0.6009293213798876,4,2012-09-01
Nakuru,2012,10,0.5660808568824064,4,2012-10-01
Nakuru,2012,11,0.6108422212093586,3,2012-11-01
Nakuru,2012,12,0.5799033500455792,4,2012-12-01
Nakuru,2013,1,0.5788423107020807,4,2013-01-01
Nakuru,2013,2,0.49247999088423033,4,2013-02-01
Nakuru,2013,3,0.43784185278030996,4,2013-03-01
Nakuru,2013,4,0.5903773960225512,3,2013-04-01
Nakuru,2013,5,0.6589274048272487,4,2013-05-01
Nakuru,2013,6,0.6344506604620828,4,2013-06-01
Nakuru,2013,7,0.610719652565004,4,2013-07-01
Nakuru,2013,8,0.5777576404381469,4,2013-08-01
Nakuru,2013,9,0.584668932082075,4,2013-09-01
Nakuru,2013,10,0.5580173354193941,3,2013-10-01
Nakuru,2013,11,0.5781901688518091,4,2013-11-01
Nakuru,2013,12,0.6058365717963881,4,2013-12-01
Nakuru,2014,1,0.5595370063058674,4,2014-01-01
Nakuru,2014,2,0.5078215250554471,4,2014-02-01
Nakuru,2014,3,0.522214412898462,4,2014-03-01
Nakuru,2014,4,0.5133457576889978,3,2014-04-01
Nakuru,2014,5,0.5247593330810049,4,2014-05-01
Nakuru,2014,6,0.5700884746484425,4,2014-06-01
Nakuru,2014,7,0.5347361032475448,4,2014-07-01
Nakuru,2014,8,0.5472549535070699,4,2014-08-01
Nakuru,2014,9,0.553480917658277,4,2014-09-01
Nakuru,2014,10,0.5410845867831281,3,2014-10-01
Nakuru,2014,11,0.5375526772275342,4,2014-11-01
Nakuru,2014,12,0.5602336182714127,4,2014-12-01
Nakuru,2015,1,0.4743613146028751,4,2015-01-01
Nakuru,2015,2,0.3953611968933888,4,2015-02-01
Nakuru,2015,3,0.35915860932933347,4,2015-03-01
Nakuru,2015,4,0.47977753202989315,3,2015-04-01
Nakuru,2015,5,0.6229838597483777,4,2015-05-01
Nakuru,2015,6,0.6601837790078787,4,2015-06-01
Nakuru,2015,7,0.6035739188590308,4,2015-07-01
Nakuru,2015,8,0.5501349134847227,4,2015-08-01
Nakuru,2015,9,0.48837248298515,4,2015-09-01
Nakuru,2015,10,0.4461490112522095,3,2015-10-01
Nakuru,2015,11,0.5822476326524288,4,2015-11-01
Nakuru,2015,12,0.6672252817772183,4,2015-12-01
Nakuru,2016,1,0.614676724775788,4,2016-01-01
Nakuru,2016,2,0.5360000038208137,4,2016-02-01
Nakuru,2016,3,0.4689454108000588,4,2016-03-01
Nakuru,2016,4,0.5572037058815807,4,2016-04-01
Nakuru,2016,5,0.6714182898948334,3,2016-05-01
Nakuru,2016,6,0.6247754806429163,4,2016-06-01
Nakuru,2016,7,0.6039462793494819,4,2016-07-01
Nakuru,2016,8,0.5910886692712418,4,2016-08-01
Nakuru,2016,9,0.5392341379680581,4,2016-09-01
Nakuru,2016,10,0.5354808551470017,4,2016-10-01
Nakuru,2016,11,0.48571879367973264,3,2016-11-01
Nakuru,2016,12,0.49300834379244124,4,2016-12-01
Nakuru,2017,1,0.41541227390626106,4,2017-01-01
Nakuru,2017,2,0.37723777276344583,4,2017-02-01
Nakuru,2017,3,0.35938723798812844,4,2017-03-01
Nakuru,2017,4,0.39053520371690825,3,2017-04-01
Nakuru,2017,5,0.5350942466931091,4,2017-05-01
Nakuru,2017,6,0.5542970838355803,4,2017-06-01
Nakuru,2017,7,0.5669673588900422,4,2017-07-01
Nakuru,2017,8,0.5893021462950577,4,2017-08-01
Nakuru,2017,9,0.5893264058057623,4,2017-09-01
Nakuru,2017,10,0.5647318932037428,3,2017-10-01
Nakuru,2017,11,0.5877860052452282,4,2017-11-01
Nakuru,2017,12,0.5279006322804893,4,2017-12-01
Nakuru,2018,1,0.4473202047988029,4,2018-01-01
Nakuru,2018,2,0.37137648292482284,4,2018-02-01
Nakuru,2018,3,0.49687619406510564,4,2018-03-01
Nakuru,2018,4,0.5915002502988314,3,2018-04-01
Nakuru,2018,5,0.6621061872968627,4,2018-05-01
Nakuru,2018,6,0.6624061194066552,4,2018-06-01
Nakuru,2018,7,0.6430718989490766,4,2018-07-01
Nakuru,2018,8,0.5653959244728995,4,2018-08-01
Nakuru,2018,9,0.5515711686953773,4,2018-09-01
Nakuru,2018,10,0.5227367013083236,3,2018-10-01
Nakuru,2018,11,0.5360041926469419,4,2018-11-01
Nakuru,2018,12,0.5457652073235052,4,2018-12-01
Nakuru,2019,1,0.48155410006569455,4,2019-01-01
Nakuru,2019,2,0.39588926796944046,4,2019-02-01
Nakuru,2019,3,0.3618422796128134,4,2019-03-01
Nakuru,2019,4,0.37677560019274625,3,2019-04-01
Nakuru,2019,5,0.4952193520330403,4,2019-05-01
Nakuru,2019,6,0.6202584906413305,4,2019-06-01
Nakuru,2019,7,0.6663003589784053,4,2019-07-01
Nakuru,2019,8,0.6034211863368575,4,2019-08-01
Nakuru,2019,9,0.5698233103866703,4,2019-09-01
Nakuru,2019,10,0.5631242867659428,3,2019-10-01
Nakuru,2019,11,0.5826962233561741,4,2019-11-01
Nakuru,2019,12,0.6519375277250894,4,2019-12-01
Nakuru,2020,1,0.6493002735648958,4,2020-01-01
Nakuru,2020,2,0.6156107258860974,4,2020-02-01
Nakuru,2020,3,0.5856245302954354,4,2020-03-01
Nakuru,2020,4,0.6065847210764482,4,2020-04-01
Nakuru,2020,5,0.6881438435592221,3,2020-05-01
Nakuru,2020,6,0.6528505076471519,4,2020-06-01
Nakuru,2020,7,0.6450342327059762,4,2020-07-01
Nakuru,2020,8,0.5463562748027161,4,2020-08-01
Nakuru,2020,9,0.5994784254024663,4,2020-09-01
Nakuru,2020,10,0.5648076116681855,4,2020-10-01
Nakuru,2020,11,0.6255601448561569,3,2020-11-01
Nakuru,2020,12,0.580734486948981,4,2020-12-01
Nakuru,2021,1,0.49527106508945,4,2021-01-01
Nakuru,2021,2,0.4898744352347685,4,2021-02-01
Nakuru,2021,3,0.46424751895642125,4,2021-03-01
Nakuru,2021,4,0.5096523250400301,3,2021-04-01
Nakuru,2021,5,0.6153539697704751,4,2021-05-01
Nakuru,2021,6,0.5973756248608667,4,2021-06-01
Nakuru,2021,7,0.5692303081771822,4,2021-07-01
Nakuru,2021,8,0.5820292770596456,4,2021-08-01
Nakuru,2021,9,0.562369411238336,4,2021-09-01
Nakuru,2021,10,0.5494283837945935,3,2021-10-01
Nakuru,2021,11,0.5273172035806208,4,2021-11-01
Nakuru,2021,12,0.5024656229121397,4,2021-12-01
Nakuru,2022,1,0.449476756793392,4,2022-01-01
Nakuru,2022,2,0.4290710611319225,4,2022-02-01
Nakuru,2022,3,0.35148003436571873,4,2022-03-01
Nakuru,2022,4,0.460497110723691,3,2022-04-01
Nakuru,2022,5,0.5893009449091715,4,2022-05-01
Nakuru,2022,6,0.5873916792975131,4,2022-06-01
Nakuru,2022,7,0.532549773862774,4,2022-07-01
Nakuru,2022,8,0.5234392151855035,4,2022-08-01
Nakuru,2022,9,0.5725902422096228,4,2022-09-01
Nakuru,2022,10,0.5207417716591939,3,2022-10-01
Nakuru,2022,11,0.5189425785011591,4,2022-11-01
Nakuru,2022,12,0.5397919920474313,3,2022-12-01
Nakuru,2023,1,0.4579771132624679,4,2023-01-01
Nakuru,2023,2,0.35410147816426907,3,2023-02-01
Nakuru,2023,3,0.39412576344576117,4,2023-03-01
Nakuru,2023,4,0.5383636134648119,3,2023-04-01
Nakuru,2023,5,0.660203122575254,4,2023-05-01
Nakuru,2023,6,0.6141878025296623,4,2023-06-01
Nakuru,2023,7,0.5733120487156728,4,2023-07-01
Nakuru,2023,8,0.5295788227925009,4,2023-08-01
Nakuru,2023,9,0.519138924166263,4,2023-09-01
Nakuru,2023,10,0.5226637870902997,2,2023-10-01
Nakuru,2023,11,0.5791171767596865,4,2023-11-01
Nakuru,2023,12,0.6119668163449151,4,2023-12-01
Nakuru,2024,1,0.5953254094476714,4,2024-01-01
Nakuru,2024,2,0.5598348627582277,4,2024-02-01
Nakuru,2024,3,0.5161282495337395,4,2024-03-01
Nakuru,2024,4,0.6152253332256739,4,2024-04-01
Nakuru,2024,5,0.6967238372688217,3,2024-05-01
Nakuru,2024,6,0.6673673233876783,4,2024-06-01
Nakuru,2024,7,0.6248828322477061,4,2024-07-01
Nakuru,2024,8,0.6211466315558519,3,2024-08-01
Nakuru,2024,9,0.5987961482938697,4,2024-09-01
Nakuru,2024,10,0.5804253954432992,4,2024-10-01
Nakuru,2024,11,0.6103605962373605,3,2024-11-01
Nakuru,2024,12,0.6073757909083389,3,2024-12-01
Nakuru,2025,1,0.564516442695635,4,2025-01-01
Nakuru,2025,2,0.5175027464379817,4,2025-02-01
Nakuru,2025,3,0.5205540722121839,4,2025-03-01
Nakuru,2025,4,0.6457769417844657,3,2025-04-01
Nakuru,2025,5,0.6796757326191991,4,2025-05-01
Nakuru,2025,6,0.6475188556869096,4,2025-06-01
Nakuru,2025,11,0.6302197422917628,1,2025-11-01
Nakuru,2025,12,0.6014305421016639,2,2025-12-01
Nakuru,2026,1,0.5117848414661998,3,2026-01-01
Nakuru,2026,2,0.44841449687242724,3,2026-02-01
Nakuru,2026,3,0.6374116047728171,2,2026-03-01
Nakuru,2026,4,0.6197009779246707,2,2026-04-01
Nakuru,2026,5,0.7257515262451644,2,2026-05-01
Nakuru,2026,7,0.5335695853723811,3,2026-07-01
Nakuru,2026,8,0.5636821445006908,1,2026-08-01
Nandi,2000,12,0.7027357831325306,1,2000-12-01
Nandi,2001,1,0.6887041566265064,2,2001-01-01
Nandi,2001,2,0.6526296987951806,2,2001-02-01
Nandi,2001,3,0.6195427108433734,2,2001-03-01
Nandi,2001,4,0.7147568674698798,2,2001-04-01
Nandi,2001,5,0.7762095180722892,2,2001-05-01
Nandi,2001,6,0.5987748795180722,2,2001-06-01
Nandi,2001,7,0.7607127710843373,2,2001-07-01
Nandi,2001,8,0.7420230722891569,2,2001-08-01
Nandi,2001,9,0.7363724096385544,2,2001-09-01
Nandi,2001,10,0.6990009638554218,1,2001-10-01
Nandi,2001,11,0.7252268072289156,2,2001-11-01
Nandi,2001,12,0.6949075301204817,2,2001-12-01
Nandi,2002,1,0.6606364457831329,2,2002-01-01
Nandi,2002,2,0.6256650000000006,2,2002-02-01
Nandi,2002,3,0.6174723493975907,2,2002-03-01
Nandi,2002,4,0.6678148795180724,2,2002-04-01
Nandi,2002,5,0.7511382530120481,2,2002-05-01
Nandi,2002,6,0.753947228915663,2,2002-06-01
Nandi,2002,7,0.7369987951807228,4,2002-07-01
Nandi,2002,8,0.7204735843373492,4,2002-08-01
Nandi,2002,9,0.6963531024096383,4,2002-09-01
Nandi,2002,10,0.674135261044177,3,2002-10-01
Nandi,2002,11,0.7022839156626506,4,2002-11-01
Nandi,2002,12,0.6679148493975905,4,2002-12-01
Nandi,2003,1,0.6948677710843376,4,2003-01-01
Nandi,2003,2,0.5764214156626506,4,2003-02-01
Nandi,2003,3,0.5364471084337351,4,2003-03-01
Nandi,2003,4,0.5655641365461851,3,2003-04-01
Nandi,2003,5,0.706593403614458,4,2003-05-01
Nandi,2003,6,0.7537410542168673,4,2003-06-01
Nandi,2003,7,0.7512409036144579,4,2003-07-01
Nandi,2003,8,0.7235123192771081,4,2003-08-01
Nandi,2003,9,0.7247448795180724,4,2003-09-01
Nandi,2003,10,0.7117498795180722,3,2003-10-01
Nandi,2003,11,0.6902563855421686,4,2003-11-01
Nandi,2003,12,0.6679581927710843,4,2003-12-01
Nandi,2004,1,0.6146213253012047,4,2004-01-01
Nandi,2004,2,0.5778777108433735,4,2004-02-01
Nandi,2004,3,0.5790636746987953,4,2004-03-01
Nandi,2004,4,0.7111302108433731,4,2004-04-01
Nandi,2004,5,0.7340808433734946,3,2004-05-01
Nandi,2004,6,0.737780843373494,4,2004-06-01
Nandi,2004,7,0.7390838253012046,4,2004-07-01
Nandi,2004,8,0.7234032530120486,4,2004-08-01
Nandi,2004,9,0.7198084638554216,4,2004-09-01
Nandi,2004,10,0.6959697289156626,4,2004-10-01
Nandi,2004,11,0.7326682329317271,3,2004-11-01
Nandi,2004,12,0.7189003915662653,4,2004-12-01
Nandi,2005,1,0.6473801506024096,4,2005-01-01
Nandi,2005,2,0.5809807831325303,4,2005-02-01
Nandi,2005,3,0.6310124096385543,4,2005-03-01
Nandi,2005,4,0.6931229718875503,3,2005-04-01
Nandi,2005,5,0.7496014457831325,4,2005-05-01
Nandi,2005,6,0.7427139759036147,4,2005-06-01
Nandi,2005,7,0.7495751204819274,4,2005-07-01
Nandi,2005,8,0.7310312951807232,4,2005-08-01
Nandi,2005,9,0.709322198795181,4,2005-09-01
Nandi,2005,10,0.6780073092369475,3,2005-10-01
Nandi,2005,11,0.6918794277108431,4,2005-11-01
Nandi,2005,12,0.587990391566265,4,2005-12-01
Nandi,2006,1,0.5507578313253011,4,2006-01-01
Nandi,2006,2,0.5333050903614456,4,2006-02-01
Nandi,2006,3,0.6536468072289157,4,2006-03-01
Nandi,2006,4,0.7255472289156634,3,2006-04-01
Nandi,2006,5,0.7545533734939758,4,2006-05-01
Nandi,2006,6,0.7662112650602408,4,2006-06-01
Nandi,2006,7,0.7485761445783131,4,2006-07-01
Nandi,2006,8,0.7488018072289154,4,2006-08-01
Nandi,2006,9,0.69675671686747,4,2006-09-01
Nandi,2006,10,0.6827857028112447,3,2006-10-01
Nandi,2006,11,0.6962214156626507,4,2006-11-01
Nandi,2006,12,0.731532078313253,4,2006-12-01
Nandi,2007,1,0.7315923795180725,4,2007-01-01
Nandi,2007,2,0.6841142168674702,4,2007-02-01
Nandi,2007,3,0.6562884638554217,4,2007-03-01
Nandi,2007,4,0.6870881526104418,3,2007-04-01
Nandi,2007,5,0.7371034036144578,4,2007-05-01
Nandi,2007,6,0.7507008734939757,4,2007-06-01
Nandi,2007,7,0.7082404216867472,4,2007-07-01
Nandi,2007,8,0.6649818975903616,4,2007-08-01
Nandi,2007,9,0.713737469879518,4,2007-09-01
Nandi,2007,10,0.7214600401606425,3,2007-10-01
Nandi,2007,11,0.6898788253012047,4,2007-11-01
Nandi,2007,12,0.6298363253012045,4,2007-12-01
Nandi,2008,1,0.5594595783132532,4,2008-01-01
Nandi,2008,2,0.5456387650602413,4,2008-02-01
Nandi,2008,3,0.5663465963855421,4,2008-03-01
Nandi,2008,4,0.7061016867469884,4,2008-04-01
Nandi,2008,5,0.7484976305220886,3,2008-05-01
Nandi,2008,6,0.7440227108433736,4,2008-06-01
Nandi,2008,7,0.7263614457831323,4,2008-07-01
Nandi,2008,8,0.7402417469879513,4,2008-08-01
Nandi,2008,9,0.7263674698795184,4,2008-09-01
Nandi,2008,10,0.7443014457831325,4,2008-10-01
Nandi,2008,11,0.7424904819277108,3,2008-11-01
Nandi,2008,12,0.6463009939759035,4,2008-12-01
Nandi,2009,1,0.5822323795180722,4,2009-01-01
Nandi,2009,2,0.57820906626506,4,2009-02-01
Nandi,2009,3,0.5430028012048189,4,2009-03-01
Nandi,2009,4,0.6582741365461846,3,2009-04-01
Nandi,2009,5,0.7327763253012047,4,2009-05-01
Nandi,2009,6,0.7692437349397592,4,2009-06-01
Nandi,2009,7,0.7258718674698796,4,2009-07-01
Nandi,2009,8,0.6831296084337349,4,2009-08-01
Nandi,2009,9,0.7051122289156624,4,2009-09-01
Nandi,2009,10,0.7163201606425699,3,2009-10-01
Nandi,2009,11,0.7159712349397591,4,2009-11-01
Nandi,2009,12,0.6845975000000001,4,2009-12-01
Nandi,2010,1,0.7059342168674696,4,2010-01-01
Nandi,2010,2,0.667161656626506,4,2010-02-01
Nandi,2010,3,0.6809065361445782,4,2010-03-01
Nandi,2010,4,0.7266225301204825,3,2010-04-01
Nandi,2010,5,0.7298236445783133,4,2010-05-01
Nandi,2010,6,0.7397029819277106,4,2010-06-01
Nandi,2010,7,0.7248323493975901,4,2010-07-01
Nandi,2010,8,0.7025716566265061,4,2010-08-01
Nandi,2010,9,0.6745806325301205,4,2010-09-01
Nandi,2010,10,0.6589360642570282,3,2010-10-01
Nandi,2010,11,0.7292143674698793,4,2010-11-01
Nandi,2010,12,0.691589337349398,4,2010-12-01
Nandi,2011,1,0.6477395481927712,4,2011-01-01
Nandi,2011,2,0.5578064759036143,4,2011-02-01
Nandi,2011,3,0.5837306927710841,4,2011-03-01
Nandi,2011,4,0.6432053815261046,3,2011-04-01
Nandi,2011,5,0.7459887650602409,4,2011-05-01
Nandi,2011,6,0.7614005120481929,4,2011-06-01
Nandi,2011,7,0.7621828313253015,4,2011-07-01
Nandi,2011,8,0.6678031024096384,4,2011-08-01
Nandi,2011,9,0.7235435240963857,4,2011-09-01
Nandi,2011,10,0.7145589156626505,3,2011-10-01
Nandi,2011,11,0.74999671686747,4,2011-11-01
Nandi,2011,12,0.7333063253012048,4,2011-12-01
Nandi,2012,1,0.6324934638554217,4,2012-01-01
Nandi,2012,2,0.5329320783132531,4,2012-02-01
Nandi,2012,3,0.5017417771084335,4,2012-03-01
Nandi,2012,4,0.6382025,4,2012-04-01
Nandi,2012,5,0.7653837751004019,3,2012-05-01
Nandi,2012,6,0.7326893373493976,4,2012-06-01
Nandi,2012,7,0.7383096686746985,4,2012-07-01
Nandi,2012,8,0.7428718975903612,4,2012-08-01
Nandi,2012,9,0.7340911746987953,4,2012-09-01
Nandi,2012,10,0.7247031927710845,4,2012-10-01
Nandi,2012,11,0.7383024899598394,3,2012-11-01
Nandi,2012,12,0.7148104819277112,4,2012-12-01
Nandi,2013,1,0.7160033132530121,4,2013-01-01
Nandi,2013,2,0.6563734036144578,4,2013-02-01
Nandi,2013,3,0.6134480722891567,4,2013-03-01
Nandi,2013,4,0.7108349397590358,3,2013-04-01
Nandi,2013,5,0.7513943975903614,4,2013-05-01
Nandi,2013,6,0.7435791265060239,4,2013-06-01
Nandi,2013,7,0.7452933433734936,4,2013-07-01
Nandi,2013,8,0.7167737048192773,4,2013-08-01
Nandi,2013,9,0.730077409638554,4,2013-09-01
Nandi,2013,10,0.7156042168674701,3,2013-10-01
Nandi,2013,11,0.7344067469879514,4,2013-11-01
Nandi,2013,12,0.7277436746987952,4,2013-12-01
Nandi,2014,1,0.6888838855421684,4,2014-01-01
Nandi,2014,2,0.6267365361445784,4,2014-02-01
Nandi,2014,3,0.6437765060240964,4,2014-03-01
Nandi,2014,4,0.6624736144578315,3,2014-04-01
Nandi,2014,5,0.7210555120481931,4,2014-05-01
Nandi,2014,6,0.7563640060240966,4,2014-06-01
Nandi,2014,7,0.7336174698795178,4,2014-07-01
Nandi,2014,8,0.706740451807229,4,2014-08-01
Nandi,2014,9,0.7166894879518073,4,2014-09-01
Nandi,2014,10,0.7194293975903614,3,2014-10-01
Nandi,2014,11,0.741328463855421,4,2014-11-01
Nandi,2014,12,0.7272113554216869,4,2014-12-01
Nandi,2015,1,0.6354563855421689,4,2015-01-01
Nandi,2015,2,0.5477443674698798,4,2015-02-01
Nandi,2015,3,0.49379996987951813,4,2015-03-01
Nandi,2015,4,0.6418827710843376,3,2015-04-01
Nandi,2015,5,0.7604819578313257,4,2015-05-01
Nandi,2015,6,0.7617877108433729,4,2015-06-01
Nandi,2015,7,0.7654531626506023,4,2015-07-01
Nandi,2015,8,0.748588493975904,4,2015-08-01
Nandi,2015,9,0.7098940060240967,4,2015-09-01
Nandi,2015,10,0.6460145783132528,3,2015-10-01
Nandi,2015,11,0.7343242469879517,4,2015-11-01
Nandi,2015,12,0.7609187650602411,4,2015-12-01
Nandi,2016,1,0.6788961445783135,4,2016-01-01
Nandi,2016,2,0.6564224999999999,4,2016-02-01
Nandi,2016,3,0.5996443975903613,4,2016-03-01
Nandi,2016,4,0.7083368975903611,4,2016-04-01
Nandi,2016,5,0.7748333734939759,3,2016-05-01
Nandi,2016,6,0.7512988554216866,4,2016-06-01
Nandi,2016,7,0.7510258734939756,4,2016-07-01
Nandi,2016,8,0.7185989156626507,4,2016-08-01
Nandi,2016,9,0.6819151506024096,4,2016-09-01
Nandi,2016,10,0.7095769578313254,4,2016-10-01
Nandi,2016,11,0.6649816465863454,3,2016-11-01
Nandi,2016,12,0.6375519277108431,4,2016-12-01
Nandi,2017,1,0.569221656626506,4,2017-01-01
Nandi,2017,2,0.6025890662650603,4,2017-02-01
Nandi,2017,3,0.6370679216867473,4,2017-03-01
Nandi,2017,4,0.6891542168674697,3,2017-04-01
Nandi,2017,5,0.76652765060241,4,2017-05-01
Nandi,2017,6,0.7751425301204817,4,2017-06-01
Nandi,2017,7,0.7314409939759039,4,2017-07-01
Nandi,2017,8,0.705619186746988,4,2017-08-01
Nandi,2017,9,0.7162671385542172,4,2017-09-01
Nandi,2017,10,0.6984190763052212,3,2017-10-01
Nandi,2017,11,0.7409810542168672,4,2017-11-01
Nandi,2017,12,0.6953608132530117,4,2017-12-01
Nandi,2018,1,0.6220825903614458,4,2018-01-01
Nandi,2018,2,0.5550743975903614,4,2018-02-01
Nandi,2018,3,0.6048469578313251,4,2018-03-01
Nandi,2018,4,0.7070007228915666,3,2018-04-01
Nandi,2018,5,0.7475728012048194,4,2018-05-01
Nandi,2018,6,0.7594512951807229,4,2018-06-01
Nandi,2018,7,0.7493601807228917,4,2018-07-01
Nandi,2018,8,0.69304858433735,4,2018-08-01
Nandi,2018,9,0.7037404819277109,4,2018-09-01
Nandi,2018,10,0.7051363855421684,3,2018-10-01
Nandi,2018,11,0.7079893072289154,4,2018-11-01
Nandi,2018,12,0.6951844578313255,4,2018-12-01
Nandi,2019,1,0.6576499397590359,4,2019-01-01
Nandi,2019,2,0.5801500301204818,4,2019-02-01
Nandi,2019,3,0.5702663253012046,4,2019-03-01
Nandi,2019,4,0.5875655823293172,3,2019-04-01
Nandi,2019,5,0.6953187650602414,4,2019-05-01
Nandi,2019,6,0.7597548493975903,4,2019-06-01
Nandi,2019,7,0.7805395783132535,4,2019-07-01
Nandi,2019,8,0.7267968373493974,4,2019-08-01
Nandi,2019,9,0.7441804216867465,4,2019-09-01
Nandi,2019,10,0.7490455020080322,3,2019-10-01
Nandi,2019,11,0.7320090361445784,4,2019-11-01
Nandi,2019,12,0.7548072891566266,4,2019-12-01
Nandi,2020,1,0.7384596084337351,4,2020-01-01
Nandi,2020,2,0.7028058734939757,4,2020-02-01
Nandi,2020,3,0.6962718975903613,4,2020-03-01
Nandi,2020,4,0.674151144578313,4,2020-04-01
Nandi,2020,5,0.7805456224899601,3,2020-05-01
Nandi,2020,6,0.735589638554217,4,2020-06-01
Nandi,2020,7,0.7456330722891564,4,2020-07-01
Nandi,2020,8,0.6512116493245712,4,2020-08-01
Nandi,2020,9,0.7278982831325299,4,2020-09-01
Nandi,2020,10,0.712423554216868,4,2020-10-01
Nandi,2020,11,0.7582430923694781,3,2020-11-01
Nandi,2020,12,0.717265331325301,4,2020-12-01
Nandi,2021,1,0.6593482228915665,4,2021-01-01
Nandi,2021,2,0.6210806927710841,4,2021-02-01
Nandi,2021,3,0.6347868373493977,4,2021-03-01
Nandi,2021,4,0.70755265060241,3,2021-04-01
Nandi,2021,5,0.7435363855421688,4,2021-05-01
Nandi,2021,6,0.7650302710843371,4,2021-06-01
Nandi,2021,7,0.7179307228915666,4,2021-07-01
Nandi,2021,8,0.7213690060240963,4,2021-08-01
Nandi,2021,9,0.701323493975904,4,2021-09-01
Nandi,2021,10,0.7292726907630523,3,2021-10-01
Nandi,2021,11,0.723753945783133,4,2021-11-01
Nandi,2021,12,0.680794759036145,4,2021-12-01
Nandi,2022,1,0.6297714457831326,4,2022-01-01
Nandi,2022,2,0.6338643674698795,4,2022-02-01
Nandi,2022,3,0.5453090060240966,4,2022-03-01
Nandi,2022,4,0.649565702811245,3,2022-04-01
Nandi,2022,5,0.745182530120482,4,2022-05-01
Nandi,2022,6,0.7583472590361445,4,2022-06-01
Nandi,2022,7,0.7364053012048196,4,2022-07-01
Nandi,2022,8,0.7027115361445784,4,2022-08-01
Nandi,2022,9,0.7133726807228917,4,2022-09-01
Nandi,2022,10,0.6957858634538154,3,2022-10-01
Nandi,2022,11,0.6857456927710845,4,2022-11-01
Nandi,2022,12,0.7195893574297187,3,2022-12-01
Nandi,2023,1,0.6826270481927712,4,2023-01-01
Nandi,2023,2,0.5839506024096387,3,2023-02-01
Nandi,2023,3,0.6089675301204818,4,2023-03-01
Nandi,2023,4,0.7055609236947792,3,2023-04-01
Nandi,2023,5,0.7732990662650606,4,2023-05-01
Nandi,2023,6,0.7388824698795183,4,2023-06-01
Nandi,2023,7,0.7662755421686752,4,2023-07-01
Nandi,2023,8,0.752869668674699,4,2023-08-01
Nandi,2023,9,0.7249600903614457,4,2023-09-01
Nandi,2023,10,0.7424849397590364,2,2023-10-01
Nandi,2023,11,0.759548674698795,4,2023-11-01
Nandi,2023,12,0.7271774999999998,4,2023-12-01
Nandi,2024,1,0.6939794879518069,4,2024-01-01
Nandi,2024,2,0.7309873192771084,4,2024-02-01
Nandi,2024,3,0.6937197289156626,4,2024-03-01
Nandi,2024,4,0.7539960843373494,4,2024-04-01
Nandi,2024,5,0.7848098393574299,3,2024-05-01
Nandi,2024,6,0.7654252108433739,4,2024-06-01
Nandi,2024,7,0.7391167771084335,4,2024-07-01
Nandi,2024,8,0.7122159839357431,3,2024-08-01
Nandi,2024,9,0.7247573795180728,4,2024-09-01
Nandi,2024,10,0.7372339457831324,4,2024-10-01
Nandi,2024,11,0.747199919678715,3,2024-11-01
Nandi,2024,12,0.7557663855421688,3,2024-12-01
Nandi,2025,1,0.7022879518072291,4,2025-01-01
Nandi,2025,2,0.6483834036144585,4,2025-02-01
Nandi,2025,3,0.6617615963855424,4,2025-03-01
Nandi,2025,4,0.7509142570281125,3,2025-04-01
Nandi,2025,5,0.7615236445783138,4,2025-05-01
Nandi,2025,6,0.7641624397590361,4,2025-06-01
Nandi,2025,11,0.7492495180722893,1,2025-11-01
Nandi,2025,12,0.7410216867469878,2,2025-12-01
Nandi,2026,1,0.6888599196787152,3,2026-01-01
Nandi,2026,2,0.6159118473895585,3,2026-02-01
Nandi,2026,3,0.7471160240963853,2,2026-03-01
Nandi,2026,4,0.6909664457831328,2,2026-04-01
Nandi,2026,5,0.7976203012048195,2,2026-05-01
Nandi,2026,7,0.741099477911647,3,2026-07-01
Nandi,2026,8,0.6686957831325298,1,2026-08-01
Narok,2000,12,0.669869599236642,1,2000-12-01
Narok,2001,1,0.7031822614503791,2,2001-01-01
Narok,2001,2,0.7087761736641224,2,2001-02-01
Narok,2001,3,0.624381832061069,2,2001-03-01
Narok,2001,4,0.6818594370229016,2,2001-04-01
Narok,2001,5,0.6413356870229011,2,2001-05-01
Narok,2001,6,0.5247199236641212,2,2001-06-01
Narok,2001,7,0.5275213454198471,2,2001-07-01
Narok,2001,8,0.5175980248091604,2,2001-08-01
Narok,2001,9,0.49596933206106975,2,2001-09-01
Narok,2001,10,0.4610957061068708,1,2001-10-01
Narok,2001,11,0.560789465648855,2,2001-11-01
Narok,2001,12,0.523682137404579,2,2001-12-01
Narok,2002,1,0.5742527385496179,2,2002-01-01
Narok,2002,2,0.6119999809160312,2,2002-02-01
Narok,2002,3,0.603996593511451,2,2002-03-01
Narok,2002,4,0.574367814885497,2,2002-04-01
Narok,2002,5,0.7015127003816795,2,2002-05-01
Narok,2002,6,0.6095272137404578,2,2002-06-01
Narok,2002,7,0.5389256250000003,4,2002-07-01
Narok,2002,8,0.48542683206106885,4,2002-08-01
Narok,2002,9,0.42267004293893107,4,2002-09-01
Narok,2002,10,0.4113328117048352,3,2002-10-01
Narok,2002,11,0.5231705343511465,4,2002-11-01
Narok,2002,12,0.5813647041984745,4,2002-12-01
Narok,2003,1,0.6680296851145032,4,2003-01-01
Narok,2003,2,0.5813010305343513,4,2003-02-01
Narok,2003,3,0.5140912261450385,4,2003-03-01
Narok,2003,4,0.5742434223918574,3,2003-04-01
Narok,2003,5,0.6627926812977101,4,2003-05-01
Narok,2003,6,0.6710194513358771,4,2003-06-01
Narok,2003,7,0.5734893225190849,4,2003-07-01
Narok,2003,8,0.5199529866412214,4,2003-08-01
Narok,2003,9,0.5233072328244278,4,2003-09-01
Narok,2003,10,0.47679206106870226,3,2003-10-01
Narok,2003,11,0.45658750477099275,4,2003-11-01
Narok,2003,12,0.4734183444656491,4,2003-12-01
Narok,2004,1,0.49841264312977107,4,2004-01-01
Narok,2004,2,0.5340932251908391,4,2004-02-01
Narok,2004,3,0.6007530582061065,4,2004-03-01
Narok,2004,4,0.6626298711832057,4,2004-04-01
Narok,2004,5,0.686939790076337,3,2004-05-01
Narok,2004,6,0.6047613740458022,4,2004-06-01
Narok,2004,7,0.49162734732824404,4,2004-07-01
Narok,2004,8,0.4706759589694657,4,2004-08-01
Narok,2004,9,0.4878226479007634,4,2004-09-01
Narok,2004,10,0.4638250477099236,4,2004-10-01
Narok,2004,11,0.49308904580152585,3,2004-11-01
Narok,2004,12,0.5510528339694657,4,2004-12-01
Narok,2005,1,0.5333497996183202,4,2005-01-01
Narok,2005,2,0.5170972948473282,4,2005-02-01
Narok,2005,3,0.5677659589694664,4,2005-03-01
Narok,2005,4,0.6238462086514001,3,2005-04-01
Narok,2005,5,0.6505497232824435,4,2005-05-01
Narok,2005,6,0.6082268606870229,4,2005-06-01
Narok,2005,7,0.5387831345419833,4,2005-07-01
Narok,2005,8,0.5079329437022898,4,2005-08-01
Narok,2005,9,0.4756278721374051,4,2005-09-01
Narok,2005,10,0.4444098218829515,3,2005-10-01
Narok,2005,11,0.44358935591603044,4,2005-11-01
Narok,2005,12,0.4034236354961833,4,2005-12-01
Narok,2006,1,0.39236347328244253,4,2006-01-01
Narok,2006,2,0.39471448950381693,4,2006-02-01
Narok,2006,3,0.5756551574427482,4,2006-03-01
Narok,2006,4,0.6924678498727738,3,2006-04-01
Narok,2006,5,0.6877887452290079,4,2006-05-01
Narok,2006,6,0.5752288311068703,4,2006-06-01
Narok,2006,7,0.5044995610687021,4,2006-07-01
Narok,2006,8,0.4826322614503812,4,2006-08-01
Narok,2006,9,0.45077818225190847,4,2006-09-01
Narok,2006,10,0.4005582697201018,3,2006-10-01
Narok,2006,11,0.4813723568702284,4,2006-11-01
Narok,2006,12,0.6559409303435102,4,2006-12-01
Narok,2007,1,0.7080287690839686,4,2007-01-01
Narok,2007,2,0.6906474045801525,4,2007-02-01
Narok,2007,3,0.6200259541984735,4,2007-03-01
Narok,2007,4,0.6454893511450391,3,2007-04-01
Narok,2007,5,0.6464161832061059,4,2007-05-01
Narok,2007,6,0.6347561307251905,4,2007-06-01
Narok,2007,7,0.530902213740458,4,2007-07-01
Narok,2007,8,0.5299481250000005,4,2007-08-01
Narok,2007,9,0.5181238597328239,4,2007-09-01
Narok,2007,10,0.4719940839694656,3,2007-10-01
Narok,2007,11,0.4482346040076332,4,2007-11-01
Narok,2007,12,0.5358017080152676,4,2007-12-01
Narok,2008,1,0.5267937213740458,4,2008-01-01
Narok,2008,2,0.5624012547709936,4,2008-02-01
Narok,2008,3,0.5720966221374046,4,2008-03-01
Narok,2008,4,0.643397900763357,4,2008-04-01
Narok,2008,5,0.582405413486006,3,2008-05-01
Narok,2008,6,0.5126737786259541,4,2008-06-01
Narok,2008,7,0.4519845038167944,4,2008-07-01
Narok,2008,8,0.4506969704198476,4,2008-08-01
Narok,2008,9,0.47264273377862576,4,2008-09-01
Narok,2008,10,0.5137507919847328,4,2008-10-01
Narok,2008,11,0.5789708396946571,3,2008-11-01
Narok,2008,12,0.49940653148855063,4,2008-12-01
Narok,2009,1,0.4410648043893134,4,2009-01-01
Narok,2009,2,0.477970663167939,4,2009-02-01
Narok,2009,3,0.44586415553435055,4,2009-03-01
Narok,2009,4,0.5209836068702294,3,2009-04-01
Narok,2009,5,0.5850063597328254,4,2009-05-01
Narok,2009,6,0.570075042938931,4,2009-06-01
Narok,2009,7,0.46133306297709903,4,2009-07-01
Narok,2009,8,0.4090535019083963,4,2009-08-01
Narok,2009,9,0.39792124999999956,4,2009-09-01
Narok,2009,10,0.37540227735368986,3,2009-10-01
Narok,2009,11,0.46470108778625907,4,2009-11-01
Narok,2009,12,0.49860250954198493,4,2009-12-01
Narok,2010,1,0.6118882251908395,4,2010-01-01
Narok,2010,2,0.5932146374045804,4,2010-02-01
Narok,2010,3,0.6291290028625947,4,2010-03-01
Narok,2010,4,0.635682328244276,3,2010-04-01
Narok,2010,5,0.6719822805343516,4,2010-05-01
Narok,2010,6,0.6121276431297706,4,2010-06-01
Narok,2010,7,0.49338867366412237,4,2010-07-01
Narok,2010,8,0.42260082538167976,4,2010-08-01
Narok,2010,9,0.47668066316793867,4,2010-09-01
Narok,2010,10,0.49220690839694603,3,2010-10-01
Narok,2010,11,0.4861159637404586,4,2010-11-01
Narok,2010,12,0.5272664122137396,4,2010-12-01
Narok,2011,1,0.5141662118320609,4,2011-01-01
Narok,2011,2,0.4674500811068705,4,2011-02-01
Narok,2011,3,0.5171308874045799,4,2011-03-01
Narok,2011,4,0.5451490267175568,3,2011-04-01
Narok,2011,5,0.5532840362595409,4,2011-05-01
Narok,2011,6,0.5194307633587789,4,2011-06-01
Narok,2011,7,0.4797294131679386,4,2011-07-01
Narok,2011,8,0.4924544179389314,4,2011-08-01
Narok,2011,9,0.5096667700381677,4,2011-09-01
Narok,2011,10,0.5176521628498736,3,2011-10-01
Narok,2011,11,0.5911367795801534,4,2011-11-01
Narok,2011,12,0.6657122900763359,4,2011-12-01
Narok,2012,1,0.5815637166030531,4,2012-01-01
Narok,2012,2,0.4691204866412219,4,2012-02-01
Narok,2012,3,0.508927533396946,4,2012-03-01
Narok,2012,4,0.602968272900764,4,2012-04-01
Narok,2012,5,0.6958226463104321,3,2012-05-01
Narok,2012,6,0.6122982824427492,4,2012-06-01
Narok,2012,7,0.5554680057251913,4,2012-07-01
Narok,2012,8,0.5188533206106883,4,2012-08-01
Narok,2012,9,0.5057936402671769,4,2012-09-01
Narok,2012,10,0.5017284017175576,4,2012-10-01
Narok,2012,11,0.5505946501272273,3,2012-11-01
Narok,2012,12,0.5651695324427476,4,2012-12-01
Narok,2013,1,0.6219142414122132,4,2013-01-01
Narok,2013,2,0.5583706631679389,4,2013-02-01
Narok,2013,3,0.5286096660305346,4,2013-03-01
Narok,2013,4,0.638490858778626,3,2013-04-01
Narok,2013,5,0.6704043606870231,4,2013-05-01
Narok,2013,6,0.5674071326335896,4,2013-06-01
Narok,2013,7,0.48355297232824407,4,2013-07-01
Narok,2013,8,0.4644020944656492,4,2013-08-01
Narok,2013,9,0.48664761450381677,4,2013-09-01
Narok,2013,10,0.46201276081424947,3,2013-10-01
Narok,2013,11,0.4696124379770988,4,2013-11-01
Narok,2013,12,0.5725622853053444,4,2013-12-01
Narok,2014,1,0.5797848425572507,4,2014-01-01
Narok,2014,2,0.5493360257633584,4,2014-02-01
Narok,2014,3,0.5854991984732818,4,2014-03-01
Narok,2014,4,0.5763274745547069,3,2014-04-01
Narok,2014,5,0.5104368750000009,4,2014-05-01
Narok,2014,6,0.5389842366412212,4,2014-06-01
Narok,2014,7,0.48214941793893146,4,2014-07-01
Narok,2014,8,0.48154406488549706,4,2014-08-01
Narok,2014,9,0.4997120229007641,4,2014-09-01
Narok,2014,10,0.5079758460559789,3,2014-10-01
Narok,2014,11,0.48201463263358774,4,2014-11-01
Narok,2014,12,0.5337594751908402,4,2014-12-01
Narok,2015,1,0.5244185162213733,4,2015-01-01
Narok,2015,2,0.44164810591603104,4,2015-02-01
Narok,2015,3,0.3940039980916033,4,2015-03-01
Narok,2015,4,0.54006653307888,3,2015-04-01
Narok,2015,5,0.6234150572519092,4,2015-05-01
Narok,2015,6,0.6469198520992372,4,2015-06-01
Narok,2015,7,0.547981560114505,4,2015-07-01
Narok,2015,8,0.49190133110686945,4,2015-08-01
Narok,2015,9,0.4383043511450377,4,2015-09-01
Narok,2015,10,0.42191571882951684,3,2015-10-01
Narok,2015,11,0.606475481870229,4,2015-11-01
Narok,2015,12,0.6865376335877864,4,2015-12-01
Narok,2016,1,0.6515096278625951,4,2016-01-01
Narok,2016,2,0.622879847328245,4,2016-02-01
Narok,2016,3,0.5561492270992368,4,2016-03-01
Narok,2016,4,0.6236381536259537,4,2016-04-01
Narok,2016,5,0.6721376781170479,3,2016-05-01
Narok,2016,6,0.605014150763358,4,2016-06-01
Narok,2016,7,0.5041356393129768,4,2016-07-01
Narok,2016,8,0.4408898043893126,4,2016-08-01
Narok,2016,9,0.4232151669847322,4,2016-09-01
Narok,2016,10,0.4572506536259546,4,2016-10-01
Narok,2016,11,0.44984629134860005,3,2016-11-01
Narok,2016,12,0.476152466603054,4,2016-12-01
Narok,2017,1,0.4304748854961831,4,2017-01-01
Narok,2017,2,0.45942458969465655,4,2017-02-01
Narok,2017,3,0.49621561545801596,4,2017-03-01
Narok,2017,4,0.4998427926208666,3,2017-04-01
Narok,2017,5,0.5917346755725191,4,2017-05-01
Narok,2017,6,0.5277782633587789,4,2017-06-01
Narok,2017,7,0.45907606870228923,4,2017-07-01
Narok,2017,8,0.4515913597328238,4,2017-08-01
Narok,2017,9,0.4586532395038154,4,2017-09-01
Narok,2017,10,0.5009478625954202,3,2017-10-01
Narok,2017,11,0.5140717652671759,4,2017-11-01
Narok,2017,12,0.49388376431297654,4,2017-12-01
Narok,2018,1,0.5484515553435121,4,2018-01-01
Narok,2018,2,0.4680060639312975,4,2018-02-01
Narok,2018,3,0.588508105916032,4,2018-03-01
Narok,2018,4,0.6081031679389315,3,2018-04-01
Narok,2018,5,0.6722320419847321,4,2018-05-01
Narok,2018,6,0.6520334828244276,4,2018-06-01
Narok,2018,7,0.5745879723282437,4,2018-07-01
Narok,2018,8,0.5018796612595415,4,2018-08-01
Narok,2018,9,0.49466111164122106,4,2018-09-01
Narok,2018,10,0.4639998854961833,3,2018-10-01
Narok,2018,11,0.4493857585877856,4,2018-11-01
Narok,2018,12,0.5587643988549624,4,2018-12-01
Narok,2019,1,0.5788588788167928,4,2019-01-01
Narok,2019,2,0.5031454198473289,4,2019-02-01
Narok,2019,3,0.4741580629770986,4,2019-03-01
Narok,2019,4,0.4839880788804076,3,2019-04-01
Narok,2019,5,0.5590772996183209,4,2019-05-01
Narok,2019,6,0.5900409685114508,4,2019-06-01
Narok,2019,7,0.5725146994274801,4,2019-07-01
Narok,2019,8,0.48473583015267163,4,2019-08-01
Narok,2019,9,0.48086149332061046,4,2019-09-01
Narok,2019,10,0.5073217493638672,3,2019-10-01
Narok,2019,11,0.5445657156488557,4,2019-11-01
Narok,2019,12,0.683623773854962,4,2019-12-01
Narok,2020,1,0.6905046803435115,4,2020-01-01
Narok,2020,2,0.6843941412213747,4,2020-02-01
Narok,2020,3,0.6909316555343513,4,2020-03-01
Narok,2020,4,0.6620571898854961,4,2020-04-01
Narok,2020,5,0.6940942366412219,3,2020-05-01
Narok,2020,6,0.6297368559160303,4,2020-06-01
Narok,2020,7,0.5833442557251907,4,2020-07-01
Narok,2020,8,0.4549279697783731,4,2020-08-01
Narok,2020,9,0.548802576335878,4,2020-09-01
Narok,2020,10,0.5215051335877857,4,2020-10-01
Narok,2020,11,0.584312754452927,3,2020-11-01
Narok,2020,12,0.5965842032442744,4,2020-12-01
Narok,2021,1,0.6079810734732823,4,2021-01-01
Narok,2021,2,0.6169536641221376,4,2021-02-01
Narok,2021,3,0.58802320610687,4,2021-03-01
Narok,2021,4,0.6245962977099229,3,2021-04-01
Narok,2021,5,0.640748196564886,4,2021-05-01
Narok,2021,6,0.6053555486641216,4,2021-06-01
Narok,2021,7,0.513223253816793,4,2021-07-01
Narok,2021,8,0.48005795324427547,4,2021-08-01
Narok,2021,9,0.4825540458015258,4,2021-09-01
Narok,2021,10,0.4853715776081437,3,2021-10-01
Narok,2021,11,0.4815887309160311,4,2021-11-01
Narok,2021,12,0.47166911259541955,4,2021-12-01
Narok,2022,1,0.4941315791984732,4,2022-01-01
Narok,2022,2,0.6203058874045797,4,2022-02-01
Narok,2022,3,0.5604701764511326,4,2022-03-01
Narok,2022,4,0.5800346692111965,3,2022-04-01
Narok,2022,5,0.6448434303435115,4,2022-05-01
Narok,2022,6,0.5907277146946558,4,2022-06-01
Narok,2022,7,0.46913098759542,4,2022-07-01
Narok,2022,8,0.4674810019083963,4,2022-08-01
Narok,2022,9,0.5028460877862599,4,2022-09-01
Narok,2022,10,0.4438026717557248,3,2022-10-01
Narok,2022,11,0.45810772900763364,4,2022-11-01
Narok,2022,12,0.5397245547073788,3,2022-12-01
Narok,2023,1,0.5395282919847327,4,2023-01-01
Narok,2023,2,0.45575734096692094,3,2023-02-01
Narok,2023,3,0.5270740553435118,4,2023-03-01
Narok,2023,4,0.6208162468193388,3,2023-04-01
Narok,2023,5,0.6716622709923676,4,2023-05-01
Narok,2023,6,0.6029842175572515,4,2023-06-01
Narok,2023,7,0.5280734351145034,4,2023-07-01
Narok,2023,8,0.45598700381679397,4,2023-08-01
Narok,2023,9,0.5130053196564885,4,2023-09-01
Narok,2023,10,0.4938961736641223,2,2023-10-01
Narok,2023,11,0.58748792461832,4,2023-11-01
Narok,2023,12,0.6490798854961822,4,2023-12-01
Narok,2024,1,0.6609662690839697,4,2024-01-01
Narok,2024,2,0.6797346278625955,4,2024-02-01
Narok,2024,3,0.6581565696564883,4,2024-03-01
Narok,2024,4,0.6823518988549624,4,2024-04-01
Narok,2024,5,0.7042638994910931,3,2024-05-01
Narok,2024,6,0.674131154580153,4,2024-06-01
Narok,2024,7,0.5937957442748097,4,2024-07-01
Narok,2024,8,0.5575428180661577,3,2024-08-01
Narok,2024,9,0.5221566793893129,4,2024-09-01
Narok,2024,10,0.5419931345419828,4,2024-10-01
Narok,2024,11,0.5929092430025423,3,2024-11-01
Narok,2024,12,0.6714731043256994,3,2024-12-01
Narok,2025,1,0.635822590648855,4,2025-01-01
Narok,2025,2,0.6077515839694654,4,2025-02-01
Narok,2025,3,0.6202934112595421,4,2025-03-01
Narok,2025,4,0.6716212659033091,3,2025-04-01
Narok,2025,5,0.6735682013358781,4,2025-05-01
Narok,2025,6,0.6005058444656495,4,2025-06-01
Narok,2025,11,0.5238803625954196,1,2025-11-01
Narok,2025,12,0.4939874332061074,2,2025-12-01
Narok,2026,1,0.5520733078880409,3,2026-01-01
Narok,2026,2,0.5595905343511448,3,2026-02-01
Narok,2026,3,0.6897474522900764,2,2026-03-01
Narok,2026,4,0.6539770992366397,2,2026-04-01
Narok,2026,5,0.685689999999999,2,2026-05-01
Narok,2026,7,0.5265023982188296,3,2026-07-01
Narok,2026,8,0.49902538167938976,1,2026-08-01
Nyamira,2000,12,0.7393901140684411,1,2000-12-01
Nyamira,2001,1,0.7084022813688216,2,2001-01-01
Nyamira,2001,2,0.6793665399239543,2,2001-02-01
Nyamira,2001,3,0.6688714828897335,2,2001-03-01
Nyamira,2001,4,0.7651659695817494,2,2001-04-01
Nyamira,2001,5,0.7590429657794677,2,2001-05-01
Nyamira,2001,6,0.678121482889734,2,2001-06-01
Nyamira,2001,7,0.7048733840304182,2,2001-07-01
Nyamira,2001,8,0.7029437262357411,2,2001-08-01
Nyamira,2001,9,0.7242416349809886,2,2001-09-01
Nyamira,2001,10,0.6935916349809887,1,2001-10-01
Nyamira,2001,11,0.7621517110266158,2,2001-11-01
Nyamira,2001,12,0.7056844106463879,2,2001-12-01
Nyamira,2002,1,0.6563513307984792,2,2002-01-01
Nyamira,2002,2,0.6418631178707226,2,2002-02-01
Nyamira,2002,3,0.7111661596958174,2,2002-03-01
Nyamira,2002,4,0.779893536121673,2,2002-04-01
Nyamira,2002,5,0.7657123574144482,2,2002-05-01
Nyamira,2002,6,0.7153475285171103,2,2002-06-01
Nyamira,2002,7,0.6749169201520913,4,2002-07-01
Nyamira,2002,8,0.6971687262357413,4,2002-08-01
Nyamira,2002,9,0.6449036121673002,4,2002-09-01
Nyamira,2002,10,0.5591114068441062,3,2002-10-01
Nyamira,2002,11,0.6885605513307986,4,2002-11-01
Nyamira,2002,12,0.7009134980988592,4,2002-12-01
Nyamira,2003,1,0.6813168250950569,4,2003-01-01
Nyamira,2003,2,0.6090818441064639,4,2003-02-01
Nyamira,2003,3,0.6167927756653995,4,2003-03-01
Nyamira,2003,4,0.6789974651457542,3,2003-04-01
Nyamira,2003,5,0.7219431558935361,4,2003-05-01
Nyamira,2003,6,0.7320629277566542,4,2003-06-01
Nyamira,2003,7,0.6879666349809886,4,2003-07-01
Nyamira,2003,8,0.6987034220532317,4,2003-08-01
Nyamira,2003,9,0.7051236692015208,4,2003-09-01
Nyamira,2003,10,0.7002698352344737,3,2003-10-01
Nyamira,2003,11,0.7171619771863118,4,2003-11-01
Nyamira,2003,12,0.7034981939163498,4,2003-12-01
Nyamira,2004,1,0.6594167300380229,4,2004-01-01
Nyamira,2004,2,0.664911216730038,4,2004-02-01
Nyamira,2004,3,0.6958872623574144,4,2004-03-01
Nyamira,2004,4,0.7444807034220531,4,2004-04-01
Nyamira,2004,5,0.7521119138149558,3,2004-05-01
Nyamira,2004,6,0.70695608365019,4,2004-06-01
Nyamira,2004,7,0.6476708174904939,4,2004-07-01
Nyamira,2004,8,0.6811850760456274,4,2004-08-01
Nyamira,2004,9,0.7149605513307986,4,2004-09-01
Nyamira,2004,10,0.6896903992395437,4,2004-10-01
Nyamira,2004,11,0.7068134347275036,3,2004-11-01
Nyamira,2004,12,0.7290979087452474,4,2004-12-01
Nyamira,2005,1,0.6618466730038022,4,2005-01-01
Nyamira,2005,2,0.6289821292775666,4,2005-02-01
Nyamira,2005,3,0.6977743346007603,4,2005-03-01
Nyamira,2005,4,0.7559145754119138,3,2005-04-01
Nyamira,2005,5,0.7226215779467683,4,2005-05-01
Nyamira,2005,6,0.7001855513307984,4,2005-06-01
Nyamira,2005,7,0.6832905893536123,4,2005-07-01
Nyamira,2005,8,0.685392965779468,4,2005-08-01
Nyamira,2005,9,0.7026326996197717,4,2005-09-01
Nyamira,2005,10,0.6732504435994932,3,2005-10-01
Nyamira,2005,11,0.6795837452471484,4,2005-11-01
Nyamira,2005,12,0.600325950570342,4,2005-12-01
Nyamira,2006,1,0.5861903041825095,4,2006-01-01
Nyamira,2006,2,0.5799659695817492,4,2006-02-01
Nyamira,2006,3,0.6914892585551332,4,2006-03-01
Nyamira,2006,4,0.7924425855513308,3,2006-04-01
Nyamira,2006,5,0.6864786121673003,4,2006-05-01
Nyamira,2006,6,0.7285483840304183,4,2006-06-01
Nyamira,2006,7,0.6772533269961976,4,2006-07-01
Nyamira,2006,8,0.6647745247148289,4,2006-08-01
Nyamira,2006,9,0.6912759505703423,4,2006-09-01
Nyamira,2006,10,0.6002708491761725,3,2006-10-01
Nyamira,2006,11,0.6836681558935359,4,2006-11-01
Nyamira,2006,12,0.7050034220532322,4,2006-12-01
Nyamira,2007,1,0.7332120722433462,4,2007-01-01
Nyamira,2007,2,0.6876172053231944,4,2007-02-01
Nyamira,2007,3,0.703307319391635,4,2007-03-01
Nyamira,2007,4,0.7626008871989861,3,2007-04-01
Nyamira,2007,5,0.7618527566539925,4,2007-05-01
Nyamira,2007,6,0.7362112167300381,4,2007-06-01
Nyamira,2007,7,0.6642371673003803,4,2007-07-01
Nyamira,2007,8,0.6958317490494296,4,2007-08-01
Nyamira,2007,9,0.7163666349809885,4,2007-09-01
Nyamira,2007,10,0.6517566539923955,3,2007-10-01
Nyamira,2007,11,0.6027963878326995,4,2007-11-01
Nyamira,2007,12,0.6883700570342206,4,2007-12-01
Nyamira,2008,1,0.62237927756654,4,2008-01-01
Nyamira,2008,2,0.5920495247148291,4,2008-02-01
Nyamira,2008,3,0.6088544676806084,4,2008-03-01
Nyamira,2008,4,0.708849144486692,4,2008-04-01
Nyamira,2008,5,0.7461662864385298,3,2008-05-01
Nyamira,2008,6,0.7121811787072244,4,2008-06-01
Nyamira,2008,7,0.6958429657794677,4,2008-07-01
Nyamira,2008,8,0.7084000000000001,4,2008-08-01
Nyamira,2008,9,0.6826958174904942,4,2008-09-01
Nyamira,2008,10,0.7293171102661599,4,2008-10-01
Nyamira,2008,11,0.7453721166032953,3,2008-11-01
Nyamira,2008,12,0.6808073193916351,4,2008-12-01
Nyamira,2009,1,0.6029866920152092,4,2009-01-01
Nyamira,2009,2,0.6304808935361218,4,2009-02-01
Nyamira,2009,3,0.6541387832699621,4,2009-03-01
Nyamira,2009,4,0.6800396704689482,3,2009-04-01
Nyamira,2009,5,0.7398522813688213,4,2009-05-01
Nyamira,2009,6,0.725781844106464,4,2009-06-01
Nyamira,2009,7,0.6619759505703424,4,2009-07-01
Nyamira,2009,8,0.6750328897338402,4,2009-08-01
Nyamira,2009,9,0.7070755703422054,4,2009-09-01
Nyamira,2009,10,0.705850570342205,3,2009-10-01
Nyamira,2009,11,0.7058053231939163,4,2009-11-01
Nyamira,2009,12,0.727048764258555,4,2009-12-01
Nyamira,2010,1,0.6856102661596959,4,2010-01-01
Nyamira,2010,2,0.6815400190114069,4,2010-02-01
Nyamira,2010,3,0.7210780418250949,4,2010-03-01
Nyamira,2010,4,0.7672512040557669,3,2010-04-01
Nyamira,2010,5,0.751009030418251,4,2010-05-01
Nyamira,2010,6,0.7298901140684413,4,2010-06-01
Nyamira,2010,7,0.6701151140684412,4,2010-07-01
Nyamira,2010,8,0.6753262357414448,4,2010-08-01
Nyamira,2010,9,0.7052508555133081,4,2010-09-01
Nyamira,2010,10,0.6411891001267432,3,2010-10-01
Nyamira,2010,11,0.7316625475285171,4,2010-11-01
Nyamira,2010,12,0.7044357414448671,4,2010-12-01
Nyamira,2011,1,0.6703350760456273,4,2011-01-01
Nyamira,2011,2,0.645741254752852,4,2011-02-01
Nyamira,2011,3,0.6745155893536121,4,2011-03-01
Nyamira,2011,4,0.7073299112801013,3,2011-04-01
Nyamira,2011,5,0.7524187262357414,4,2011-05-01
Nyamira,2011,6,0.7125005703422052,4,2011-06-01
Nyamira,2011,7,0.6886153041825097,4,2011-07-01
Nyamira,2011,8,0.7081188212927756,4,2011-08-01
Nyamira,2011,9,0.7059524714828896,4,2011-09-01
Nyamira,2011,10,0.7470693282636254,3,2011-10-01
Nyamira,2011,11,0.7409560836501901,4,2011-11-01
Nyamira,2011,12,0.7339482889733839,4,2011-12-01
Nyamira,2012,1,0.6343796577946769,4,2012-01-01
Nyamira,2012,2,0.5650578897338402,4,2012-02-01
Nyamira,2012,3,0.6016658745247148,4,2012-03-01
Nyamira,2012,4,0.6359640684410649,4,2012-04-01
Nyamira,2012,5,0.7724333333333334,3,2012-05-01
Nyamira,2012,6,0.7175683460076043,4,2012-06-01
Nyamira,2012,7,0.7227954372623572,4,2012-07-01
Nyamira,2012,8,0.7019037072243347,4,2012-08-01
Nyamira,2012,9,0.7149355513307988,4,2012-09-01
Nyamira,2012,10,0.66560427756654,4,2012-10-01
Nyamira,2012,11,0.737067173637516,3,2012-11-01
Nyamira,2012,12,0.7382348859315591,4,2012-12-01
Nyamira,2013,1,0.7146234790874526,4,2013-01-01
Nyamira,2013,2,0.6752291825095055,4,2013-02-01
Nyamira,2013,3,0.6912358365019012,4,2013-03-01
Nyamira,2013,4,0.75165690747782,3,2013-04-01
Nyamira,2013,5,0.7562412547528519,4,2013-05-01
Nyamira,2013,6,0.7098941064638783,4,2013-06-01
Nyamira,2013,7,0.689201235741445,4,2013-07-01
Nyamira,2013,8,0.6989059885931561,4,2013-08-01
Nyamira,2013,9,0.7398765209125475,4,2013-09-01
Nyamira,2013,10,0.7179063371356147,3,2013-10-01
Nyamira,2013,11,0.6973012357414448,4,2013-11-01
Nyamira,2013,12,0.7228097908745248,4,2013-12-01
Nyamira,2014,1,0.7080304182509503,4,2014-01-01
Nyamira,2014,2,0.6268557034220534,4,2014-02-01
Nyamira,2014,3,0.6802911596958174,4,2014-03-01
Nyamira,2014,4,0.7156160963244611,3,2014-04-01
Nyamira,2014,5,0.7226807984790875,4,2014-05-01
Nyamira,2014,6,0.7047980038022814,4,2014-06-01
Nyamira,2014,7,0.7073398288973383,4,2014-07-01
Nyamira,2014,8,0.7107443916349813,4,2014-08-01
Nyamira,2014,9,0.7179373574144485,4,2014-09-01
Nyamira,2014,10,0.7219262357414449,3,2014-10-01
Nyamira,2014,11,0.6466846958174903,4,2014-11-01
Nyamira,2014,12,0.7259887832699621,4,2014-12-01
Nyamira,2015,1,0.6433817490494298,4,2015-01-01
Nyamira,2015,2,0.5736288022813687,4,2015-02-01
Nyamira,2015,3,0.5465359315589352,4,2015-03-01
Nyamira,2015,4,0.6691297845373895,3,2015-04-01
Nyamira,2015,5,0.7387821292775669,4,2015-05-01
Nyamira,2015,6,0.7623710076045629,4,2015-06-01
Nyamira,2015,7,0.7118141634980989,4,2015-07-01
Nyamira,2015,8,0.7171301330798481,4,2015-08-01
Nyamira,2015,9,0.6866248098859316,4,2015-09-01
Nyamira,2015,10,0.5155351077313054,3,2015-10-01
Nyamira,2015,11,0.5947092205323194,4,2015-11-01
Nyamira,2015,12,0.7760577946768061,4,2015-12-01
Nyamira,2016,1,0.739378422053232,4,2016-01-01
Nyamira,2016,2,0.7134130228136883,4,2016-02-01
Nyamira,2016,3,0.6920315589353612,4,2016-03-01
Nyamira,2016,4,0.7105260456273764,4,2016-04-01
Nyamira,2016,5,0.7673705956907478,3,2016-05-01
Nyamira,2016,6,0.7365108365019015,4,2016-06-01
Nyamira,2016,7,0.7041320342205322,4,2016-07-01
Nyamira,2016,8,0.7037563688212929,4,2016-08-01
Nyamira,2016,9,0.6900627376425855,4,2016-09-01
Nyamira,2016,10,0.7211552281368819,4,2016-10-01
Nyamira,2016,11,0.6602576679340938,3,2016-11-01
Nyamira,2016,12,0.6652716730038022,4,2016-12-01
Nyamira,2017,1,0.6279211026615972,4,2017-01-01
Nyamira,2017,2,0.6552190114068441,4,2017-02-01
Nyamira,2017,3,0.7179572243346007,4,2017-03-01
Nyamira,2017,4,0.7507297845373891,3,2017-04-01
Nyamira,2017,5,0.692470152091255,4,2017-05-01
Nyamira,2017,6,0.73004391634981,4,2017-06-01
Nyamira,2017,7,0.6949946768060834,4,2017-07-01
Nyamira,2017,8,0.7015731939163499,4,2017-08-01
Nyamira,2017,9,0.7130803231939165,4,2017-09-01
Nyamira,2017,10,0.7215477820025349,3,2017-10-01
Nyamira,2017,11,0.735266730038023,4,2017-11-01
Nyamira,2017,12,0.68280180608365,4,2017-12-01
Nyamira,2018,1,0.6689107414448667,4,2018-01-01
Nyamira,2018,2,0.5701865019011404,4,2018-02-01
Nyamira,2018,3,0.6383357414448669,4,2018-03-01
Nyamira,2018,4,0.695637389100127,3,2018-04-01
Nyamira,2018,5,0.7370685361216734,4,2018-05-01
Nyamira,2018,6,0.7699631178707225,4,2018-06-01
Nyamira,2018,7,0.7292927756653994,4,2018-07-01
Nyamira,2018,8,0.6897709125475284,4,2018-08-01
Nyamira,2018,9,0.6940134980988594,4,2018-09-01
Nyamira,2018,10,0.6759543726235742,3,2018-10-01
Nyamira,2018,11,0.7193117870722433,4,2018-11-01
Nyamira,2018,12,0.7261279467680609,4,2018-12-01
Nyamira,2019,1,0.6959604562737642,4,2019-01-01
Nyamira,2019,2,0.6020261406844107,4,2019-02-01
Nyamira,2019,3,0.6577721482889735,4,2019-03-01
Nyamira,2019,4,0.6931523447401773,3,2019-04-01
Nyamira,2019,5,0.7410363117870722,4,2019-05-01
Nyamira,2019,6,0.7255484790874525,4,2019-06-01
Nyamira,2019,7,0.7310758555133079,4,2019-07-01
Nyamira,2019,8,0.6971300380228136,4,2019-08-01
Nyamira,2019,9,0.7127697718631177,4,2019-09-01
Nyamira,2019,10,0.5904643852978454,3,2019-10-01
Nyamira,2019,11,0.7004757604562739,4,2019-11-01
Nyamira,2019,12,0.7631200570342204,4,2019-12-01
Nyamira,2020,1,0.74681283269962,4,2020-01-01
Nyamira,2020,2,0.7408146387832699,4,2020-02-01
Nyamira,2020,3,0.7567286121673004,4,2020-03-01
Nyamira,2020,4,0.745246768060837,4,2020-04-01
Nyamira,2020,5,0.7760807351077315,3,2020-05-01
Nyamira,2020,6,0.7322092205323194,4,2020-06-01
Nyamira,2020,7,0.7184602661596957,4,2020-07-01
Nyamira,2020,8,0.6742080798479089,4,2020-08-01
Nyamira,2020,9,0.7271403041825097,4,2020-09-01
Nyamira,2020,10,0.7203674904942966,4,2020-10-01
Nyamira,2020,11,0.7582249683143226,3,2020-11-01
Nyamira,2020,12,0.75478716730038,4,2020-12-01
Nyamira,2021,1,0.7228381178707226,4,2021-01-01
Nyamira,2021,2,0.6976818441064637,4,2021-02-01
Nyamira,2021,3,0.7013974334600762,4,2021-03-01
Nyamira,2021,4,0.7469210392902408,3,2021-04-01
Nyamira,2021,5,0.7291598859315589,4,2021-05-01
Nyamira,2021,6,0.7295943916349812,4,2021-06-01
Nyamira,2021,7,0.6929784220532321,4,2021-07-01
Nyamira,2021,8,0.7087817490494295,4,2021-08-01
Nyamira,2021,9,0.6818394486692017,4,2021-09-01
Nyamira,2021,10,0.5920588086185047,3,2021-10-01
Nyamira,2021,11,0.6031629277566537,4,2021-11-01
Nyamira,2021,12,0.7213104562737643,4,2021-12-01
Nyamira,2022,1,0.6809361216730039,4,2022-01-01
Nyamira,2022,2,0.6835041825095056,4,2022-02-01
Nyamira,2022,3,0.5785602661596961,4,2022-03-01
Nyamira,2022,4,0.6711650190114069,3,2022-04-01
Nyamira,2022,5,0.7506589353612169,4,2022-05-01
Nyamira,2022,6,0.7333190114068443,4,2022-06-01
Nyamira,2022,7,0.6752213878326999,4,2022-07-01
Nyamira,2022,8,0.6987347908745247,4,2022-08-01
Nyamira,2022,9,0.703263307984791,4,2022-09-01
Nyamira,2022,10,0.6762888466413184,3,2022-10-01
Nyamira,2022,11,0.6520103612167301,4,2022-11-01
Nyamira,2022,12,0.7562945500633713,3,2022-12-01
Nyamira,2023,1,0.7145431558935362,4,2023-01-01
Nyamira,2023,2,0.6294684410646386,3,2023-02-01
Nyamira,2023,3,0.6715719581749049,4,2023-03-01
Nyamira,2023,4,0.6942117870722435,3,2023-04-01
Nyamira,2023,5,0.779610741444867,4,2023-05-01
Nyamira,2023,6,0.7539013307984793,4,2023-06-01
Nyamira,2023,7,0.7176627376425855,4,2023-07-01
Nyamira,2023,8,0.7143631178707222,4,2023-08-01
Nyamira,2023,9,0.7163251901140681,4,2023-09-01
Nyamira,2023,10,0.6929410646387831,2,2023-10-01
Nyamira,2023,11,0.6696628326996197,4,2023-11-01
Nyamira,2023,12,0.7372863117870722,4,2023-12-01
Nyamira,2024,1,0.7146556083650192,4,2024-01-01
Nyamira,2024,2,0.7525535171102662,4,2024-02-01
Nyamira,2024,3,0.7268031368821298,4,2024-03-01
Nyamira,2024,4,0.7801369771863118,4,2024-04-01
Nyamira,2024,5,0.7832046894803549,3,2024-05-01
Nyamira,2024,6,0.7531936311787072,4,2024-06-01
Nyamira,2024,7,0.7061618821292778,4,2024-07-01
Nyamira,2024,8,0.7322543726235741,3,2024-08-01
Nyamira,2024,9,0.7034209125475289,4,2024-09-01
Nyamira,2024,10,0.7237309885931558,4,2024-10-01
Nyamira,2024,11,0.7221335868187578,3,2024-11-01
Nyamira,2024,12,0.7482193916349811,3,2024-12-01
Nyamira,2025,1,0.7167076996197718,4,2025-01-01
Nyamira,2025,2,0.719654942965779,4,2025-02-01
Nyamira,2025,3,0.6357129277566542,4,2025-03-01
Nyamira,2025,4,0.7882591888466411,3,2025-04-01
Nyamira,2025,5,0.7545183460076047,4,2025-05-01
Nyamira,2025,6,0.7282165399239543,4,2025-06-01
Nyamira,2025,11,0.7531532319391643,1,2025-11-01
Nyamira,2025,12,0.7391150190114065,2,2025-12-01
Nyamira,2026,1,0.6749418250950568,3,2026-01-01
Nyamira,2026,2,0.535998225602028,3,2026-02-01
Nyamira,2026,3,0.6810741444866926,2,2026-03-01
Nyamira,2026,4,0.4811948669201522,2,2026-04-01
Nyamira,2026,5,0.7786781368821288,2,2026-05-01
Nyamira,2026,7,0.6694830164765527,3,2026-07-01
Nyamira,2026,8,0.7185228136882127,1,2026-08-01
Nyandarua,2000,12,0.6466800208116542,1,2000-12-01
Nyandarua,2001,1,0.6308439646201873,2,2001-01-01
Nyandarua,2001,2,0.5808314776274714,2,2001-02-01
Nyandarua,2001,3,0.5618422476586882,2,2001-03-01
Nyandarua,2001,4,0.6471497398543178,2,2001-04-01
Nyandarua,2001,5,0.6745916753381891,2,2001-05-01
Nyandarua,2001,6,0.5239426118626431,2,2001-06-01
Nyandarua,2001,7,0.6278742455775232,2,2001-07-01
Nyandarua,2001,8,0.6706237252861609,2,2001-08-01
Nyandarua,2001,9,0.6405257023933406,2,2001-09-01
Nyandarua,2001,10,0.593532882414152,1,2001-10-01
Nyandarua,2001,11,0.5777878772112384,2,2001-11-01
Nyandarua,2001,12,0.6656826742976075,2,2001-12-01
Nyandarua,2002,1,0.6116671696149848,2,2002-01-01
Nyandarua,2002,2,0.5285289802289281,2,2002-02-01
Nyandarua,2002,3,0.5445481789802291,2,2002-03-01
Nyandarua,2002,4,0.5472151404786678,2,2002-04-01
Nyandarua,2002,5,0.6974837148803326,2,2002-05-01
Nyandarua,2002,6,0.6626431841831417,2,2002-06-01
Nyandarua,2002,7,0.6217197190426641,4,2002-07-01
Nyandarua,2002,8,0.6007811654526533,4,2002-08-01
Nyandarua,2002,9,0.5304629812695109,4,2002-09-01
Nyandarua,2002,10,0.5233681928546653,3,2002-10-01
Nyandarua,2002,11,0.5903196670135278,4,2002-11-01
Nyandarua,2002,12,0.5788963839750259,4,2002-12-01
Nyandarua,2003,1,0.6704848074921956,4,2003-01-01
Nyandarua,2003,2,0.5328132414151927,4,2003-02-01
Nyandarua,2003,3,0.44240221123829326,4,2003-03-01
Nyandarua,2003,4,0.43262199098161647,3,2003-04-01
Nyandarua,2003,5,0.6316766389177935,4,2003-05-01
Nyandarua,2003,6,0.6609894120707593,4,2003-06-01
Nyandarua,2003,7,0.6043739594172737,4,2003-07-01
Nyandarua,2003,8,0.6134850156087408,4,2003-08-01
Nyandarua,2003,9,0.6534754942767951,4,2003-09-01
Nyandarua,2003,10,0.5612868886576484,3,2003-10-01
Nyandarua,2003,11,0.594944302809573,4,2003-11-01
Nyandarua,2003,12,0.6458913891779395,4,2003-12-01
Nyandarua,2004,1,0.6088330905306971,4,2004-01-01
Nyandarua,2004,2,0.5601821540062438,4,2004-02-01
Nyandarua,2004,3,0.49113426118626424,4,2004-03-01
Nyandarua,2004,4,0.6052257544224767,4,2004-04-01
Nyandarua,2004,5,0.6728634408602154,3,2004-05-01
Nyandarua,2004,6,0.6265858480749221,4,2004-06-01
Nyandarua,2004,7,0.5886626951092613,4,2004-07-01
Nyandarua,2004,8,0.6047261446409986,4,2004-08-01
Nyandarua,2004,9,0.5462142819979185,4,2004-09-01
Nyandarua,2004,10,0.5300390478668054,4,2004-10-01
Nyandarua,2004,11,0.6093337495664238,3,2004-11-01
Nyandarua,2004,12,0.6627514047866806,4,2004-12-01
Nyandarua,2005,1,0.5616205775234132,4,2005-01-01
Nyandarua,2005,2,0.4929429500520295,4,2005-02-01
Nyandarua,2005,3,0.47018184183142575,4,2005-03-01
Nyandarua,2005,4,0.5078615678113075,3,2005-04-01
Nyandarua,2005,5,0.6075710197710716,4,2005-05-01
Nyandarua,2005,6,0.6314106399583765,4,2005-06-01
Nyandarua,2005,7,0.6186802289282002,4,2005-07-01
Nyandarua,2005,8,0.6440360561914671,4,2005-08-01
Nyandarua,2005,9,0.613137981269511,4,2005-09-01
Nyandarua,2005,10,0.5838316684009714,3,2005-10-01
Nyandarua,2005,11,0.6041624089490119,4,2005-11-01
Nyandarua,2005,12,0.5561446670135276,4,2005-12-01
Nyandarua,2006,1,0.48415351196670153,4,2006-01-01
Nyandarua,2006,2,0.42365033818938613,4,2006-02-01
Nyandarua,2006,3,0.5153984131113428,4,2006-03-01
Nyandarua,2006,4,0.653164793617759,3,2006-04-01
Nyandarua,2006,5,0.6445839229968786,4,2006-05-01
Nyandarua,2006,6,0.5771638137356916,4,2006-06-01
Nyandarua,2006,7,0.6015545785639957,4,2006-07-01
Nyandarua,2006,8,0.6553429760665972,4,2006-08-01
Nyandarua,2006,9,0.5819632154006247,4,2006-09-01
Nyandarua,2006,10,0.5381834894207428,3,2006-10-01
Nyandarua,2006,11,0.5648012747138395,4,2006-11-01
Nyandarua,2006,12,0.6295260926118624,4,2006-12-01
Nyandarua,2007,1,0.6878262226847037,4,2007-01-01
Nyandarua,2007,2,0.651547216441207,4,2007-02-01
Nyandarua,2007,3,0.5623527315296564,4,2007-03-01
Nyandarua,2007,4,0.5662928546652789,3,2007-04-01
Nyandarua,2007,5,0.6404669875130078,4,2007-05-01
Nyandarua,2007,6,0.590246305931322,4,2007-06-01
Nyandarua,2007,7,0.5650795005202918,4,2007-07-01
Nyandarua,2007,8,0.6017191727367325,4,2007-08-01
Nyandarua,2007,9,0.6455239594172736,4,2007-09-01
Nyandarua,2007,10,0.6360694762400276,3,2007-10-01
Nyandarua,2007,11,0.6457758844953176,4,2007-11-01
Nyandarua,2007,12,0.5811588189386058,4,2007-12-01
Nyandarua,2008,1,0.5226423257023934,4,2008-01-01
Nyandarua,2008,2,0.4576353537981269,4,2008-02-01
Nyandarua,2008,3,0.4673903746097813,4,2008-03-01
Nyandarua,2008,4,0.5639073621227886,4,2008-04-01
Nyandarua,2008,5,0.5992513354144987,3,2008-05-01
Nyandarua,2008,6,0.5435882154006243,4,2008-06-01
Nyandarua,2008,7,0.50727302289282,4,2008-07-01
Nyandarua,2008,8,0.5768132934443286,4,2008-08-01
Nyandarua,2008,9,0.5923833506763788,4,2008-09-01
Nyandarua,2008,10,0.6173761186264308,4,2008-10-01
Nyandarua,2008,11,0.6225062434963586,3,2008-11-01
Nyandarua,2008,12,0.6248997398543183,4,2008-12-01
Nyandarua,2009,1,0.5129916753381891,4,2009-01-01
Nyandarua,2009,2,0.4426178199791887,4,2009-02-01
Nyandarua,2009,3,0.4045541103017689,4,2009-03-01
Nyandarua,2009,4,0.42299285466527925,3,2009-04-01
Nyandarua,2009,5,0.5282585067637877,4,2009-05-01
Nyandarua,2009,6,0.5621663631633719,4,2009-06-01
Nyandarua,2009,7,0.49726566077003126,4,2009-07-01
Nyandarua,2009,8,0.4722584287200833,4,2009-08-01
Nyandarua,2009,9,0.43639771071800204,4,2009-09-01
Nyandarua,2009,10,0.5138508151231355,3,2009-10-01
Nyandarua,2009,11,0.6121635796045782,4,2009-11-01
Nyandarua,2009,12,0.586296514047867,4,2009-12-01
Nyandarua,2010,1,0.6758053069719046,4,2010-01-01
Nyandarua,2010,2,0.6373995057232048,4,2010-02-01
Nyandarua,2010,3,0.6413244276795003,4,2010-03-01
Nyandarua,2010,4,0.6767401664932358,3,2010-04-01
Nyandarua,2010,5,0.6843337408949011,4,2010-05-01
Nyandarua,2010,6,0.6385761446409988,4,2010-06-01
Nyandarua,2010,7,0.6287295525494283,4,2010-07-01
Nyandarua,2010,8,0.5368621488033298,4,2010-08-01
Nyandarua,2010,9,0.5987772632674297,4,2010-09-01
Nyandarua,2010,10,0.5533096774193549,3,2010-10-01
Nyandarua,2010,11,0.6387752861602495,4,2010-11-01
Nyandarua,2010,12,0.6057656867845994,4,2010-12-01
Nyandarua,2011,1,0.5343923257023933,4,2011-01-01
Nyandarua,2011,2,0.45939919354838704,4,2011-02-01
Nyandarua,2011,3,0.4625680280957337,4,2011-03-01
Nyandarua,2011,4,0.5299696496704825,3,2011-04-01
Nyandarua,2011,5,0.6243998699271595,4,2011-05-01
Nyandarua,2011,6,0.6104031477627467,4,2011-06-01
Nyandarua,2011,7,0.6139010665972945,4,2011-07-01
Nyandarua,2011,8,0.5801553590010402,4,2011-08-01
Nyandarua,2011,9,0.645720447450572,4,2011-09-01
Nyandarua,2011,10,0.6358763440860219,3,2011-10-01
Nyandarua,2011,11,0.6363313475546304,4,2011-11-01
Nyandarua,2011,12,0.6739648283038495,4,2011-12-01
Nyandarua,2012,1,0.5860586368366285,4,2012-01-01
Nyandarua,2012,2,0.4760952393340271,4,2012-02-01
Nyandarua,2012,3,0.41241693548387115,4,2012-03-01
Nyandarua,2012,4,0.5061649843912591,4,2012-04-01
Nyandarua,2012,5,0.6937272632674297,3,2012-05-01
Nyandarua,2012,6,0.6214804890738814,4,2012-06-01
Nyandarua,2012,7,0.6282085327783555,4,2012-07-01
Nyandarua,2012,8,0.6568161030176898,4,2012-08-01
Nyandarua,2012,9,0.6388234911550467,4,2012-09-01
Nyandarua,2012,10,0.6144073881373568,4,2012-10-01
Nyandarua,2012,11,0.6634087755809918,3,2012-11-01
Nyandarua,2012,12,0.6265078043704473,4,2012-12-01
Nyandarua,2013,1,0.6436494536940686,4,2013-01-01
Nyandarua,2013,2,0.5695546305931323,4,2013-02-01
Nyandarua,2013,3,0.43231672736732546,4,2013-03-01
Nyandarua,2013,4,0.6187508151231356,3,2013-04-01
Nyandarua,2013,5,0.6849899583766914,4,2013-05-01
Nyandarua,2013,6,0.638848595213319,4,2013-06-01
Nyandarua,2013,7,0.6297194849115504,4,2013-07-01
Nyandarua,2013,8,0.5849177679500521,4,2013-08-01
Nyandarua,2013,9,0.6278633714880331,4,2013-09-01
Nyandarua,2013,10,0.5925262226847038,3,2013-10-01
Nyandarua,2013,11,0.6308262226847035,4,2013-11-01
Nyandarua,2013,12,0.6263334027055151,4,2013-12-01
Nyandarua,2014,1,0.6408481789802288,4,2014-01-01
Nyandarua,2014,2,0.5911931061394382,4,2014-02-01
Nyandarua,2014,3,0.5730982570239336,4,2014-03-01
Nyandarua,2014,4,0.59097665626084,3,2014-04-01
Nyandarua,2014,5,0.5642243756503642,4,2014-05-01
Nyandarua,2014,6,0.5910107180020808,4,2014-06-01
Nyandarua,2014,7,0.5365482830385016,4,2014-07-01
Nyandarua,2014,8,0.5675296566077004,4,2014-08-01
Nyandarua,2014,9,0.6232076222684702,4,2014-09-01
Nyandarua,2014,10,0.6171856746444678,3,2014-10-01
Nyandarua,2014,11,0.5886338189386056,4,2014-11-01
Nyandarua,2014,12,0.6303062174817898,4,2014-12-01
Nyandarua,2015,1,0.5804899063475546,4,2015-01-01
Nyandarua,2015,2,0.4894317377731529,4,2015-02-01
Nyandarua,2015,3,0.44794006243496354,4,2015-03-01
Nyandarua,2015,4,0.5210184876864382,3,2015-04-01
Nyandarua,2015,5,0.6269306971904269,4,2015-05-01
Nyandarua,2015,6,0.6335013007284082,4,2015-06-01
Nyandarua,2015,7,0.6395431841831427,4,2015-07-01
Nyandarua,2015,8,0.6326588189386059,4,2015-08-01
Nyandarua,2015,9,0.5970446670135274,4,2015-09-01
Nyandarua,2015,10,0.47937485258411394,3,2015-10-01
Nyandarua,2015,11,0.5606090530697191,4,2015-11-01
Nyandarua,2015,12,0.6767395941727367,4,2015-12-01
Nyandarua,2016,1,0.6362454994797085,4,2016-01-01
Nyandarua,2016,2,0.6233160509885534,4,2016-02-01
Nyandarua,2016,3,0.575157362122789,4,2016-03-01
Nyandarua,2016,4,0.5641552289281998,4,2016-04-01
Nyandarua,2016,5,0.7028353798126951,3,2016-05-01
Nyandarua,2016,6,0.6190558012486993,4,2016-06-01
Nyandarua,2016,7,0.6020032258064519,4,2016-07-01
Nyandarua,2016,8,0.6365679240374611,4,2016-08-01
Nyandarua,2016,9,0.5807013267429764,4,2016-09-01
Nyandarua,2016,10,0.5996727367325705,4,2016-10-01
Nyandarua,2016,11,0.5624706555671177,3,2016-11-01
Nyandarua,2016,12,0.6123342611862641,4,2016-12-01
Nyandarua,2017,1,0.5162588189386059,4,2017-01-01
Nyandarua,2017,2,0.46244526534859515,4,2017-02-01
Nyandarua,2017,3,0.43896664932362134,4,2017-03-01
Nyandarua,2017,4,0.47595855012140137,3,2017-04-01
Nyandarua,2017,5,0.5750109001040578,4,2017-05-01
Nyandarua,2017,6,0.596326716961499,4,2017-06-01
Nyandarua,2017,7,0.5743164151925078,4,2017-07-01
Nyandarua,2017,8,0.6058809573361081,4,2017-08-01
Nyandarua,2017,9,0.6396464880332988,4,2017-09-01
Nyandarua,2017,10,0.6168208810267081,3,2017-10-01
Nyandarua,2017,11,0.6651114724245577,4,2017-11-01
Nyandarua,2017,12,0.640560301768991,4,2017-12-01
Nyandarua,2018,1,0.5599166493236211,4,2018-01-01
Nyandarua,2018,2,0.4505913111342353,4,2018-02-01
Nyandarua,2018,3,0.5251317637877215,4,2018-03-01
Nyandarua,2018,4,0.5794125216788069,3,2018-04-01
Nyandarua,2018,5,0.6656200052029136,4,2018-05-01
Nyandarua,2018,6,0.6243864464099897,4,2018-06-01
Nyandarua,2018,7,0.6636610561914669,4,2018-07-01
Nyandarua,2018,8,0.5724642299687823,4,2018-08-01
Nyandarua,2018,9,0.6103552029136314,4,2018-09-01
Nyandarua,2018,10,0.5886458896982308,3,2018-10-01
Nyandarua,2018,11,0.6126074661810614,4,2018-11-01
Nyandarua,2018,12,0.6350684183142558,4,2018-12-01
Nyandarua,2019,1,0.5926401925078046,4,2019-01-01
Nyandarua,2019,2,0.4893092872008324,4,2019-02-01
Nyandarua,2019,3,0.44531958896982304,4,2019-03-01
Nyandarua,2019,4,0.4598902878945543,3,2019-04-01
Nyandarua,2019,5,0.516159755463059,4,2019-05-01
Nyandarua,2019,6,0.5698746618106139,4,2019-06-01
Nyandarua,2019,7,0.7013575962539024,4,2019-07-01
Nyandarua,2019,8,0.6164076222684702,4,2019-08-01
Nyandarua,2019,9,0.6456954734651404,4,2019-09-01
Nyandarua,2019,10,0.5768293097467915,3,2019-10-01
Nyandarua,2019,11,0.5987259625390224,4,2019-11-01
Nyandarua,2019,12,0.6651894640998959,4,2019-12-01
Nyandarua,2020,1,0.6893901925078043,4,2020-01-01
Nyandarua,2020,2,0.678966077003122,4,2020-02-01
Nyandarua,2020,3,0.6471569979188346,4,2020-03-01
Nyandarua,2020,4,0.616224323621228,4,2020-04-01
Nyandarua,2020,5,0.7148489767603193,3,2020-05-01
Nyandarua,2020,6,0.6232685223725285,4,2020-06-01
Nyandarua,2020,7,0.6252939906347554,4,2020-07-01
Nyandarua,2020,8,0.4921157189460692,4,2020-08-01
Nyandarua,2020,9,0.6271456815816858,4,2020-09-01
Nyandarua,2020,10,0.5611840010405829,4,2020-10-01
Nyandarua,2020,11,0.6632191467221642,3,2020-11-01
Nyandarua,2020,12,0.6632210197710717,4,2020-12-01
Nyandarua,2021,1,0.5822242715920916,4,2021-01-01
Nyandarua,2021,2,0.575269380853278,4,2021-02-01
Nyandarua,2021,3,0.5603901925078045,4,2021-03-01
Nyandarua,2021,4,0.5686371488033298,3,2021-04-01
Nyandarua,2021,5,0.6245062174817896,4,2021-05-01
Nyandarua,2021,6,0.6278326222684703,4,2021-06-01
Nyandarua,2021,7,0.558626144640999,4,2021-07-01
Nyandarua,2021,8,0.6202041363163373,4,2021-08-01
Nyandarua,2021,9,0.5966282258064514,4,2021-09-01
Nyandarua,2021,10,0.6026771071800207,3,2021-10-01
Nyandarua,2021,11,0.6232663631633718,4,2021-11-01
Nyandarua,2021,12,0.6208278876170654,4,2021-12-01
Nyandarua,2022,1,0.5733462539021852,4,2022-01-01
Nyandarua,2022,2,0.498937304890739,4,2022-02-01
Nyandarua,2022,3,0.42283590010405847,4,2022-03-01
Nyandarua,2022,4,0.5054841137703782,3,2022-04-01
Nyandarua,2022,5,0.58355749219563,4,2022-05-01
Nyandarua,2022,6,0.5745895161290323,4,2022-06-01
Nyandarua,2022,7,0.5205398543184181,4,2022-07-01
Nyandarua,2022,8,0.5236135015608739,4,2022-08-01
Nyandarua,2022,9,0.6008686264308011,4,2022-09-01
Nyandarua,2022,10,0.5642087062088103,3,2022-10-01
Nyandarua,2022,11,0.6053202913631635,4,2022-11-01
Nyandarua,2022,12,0.6492633368019419,3,2022-12-01
Nyandarua,2023,1,0.5928048647242457,4,2023-01-01
Nyandarua,2023,2,0.46611765522025644,3,2023-02-01
Nyandarua,2023,3,0.44130140478668056,4,2023-03-01
Nyandarua,2023,4,0.6015587929240377,3,2023-04-01
Nyandarua,2023,5,0.6573325962539024,4,2023-05-01
Nyandarua,2023,6,0.6085095993756503,4,2023-06-01
Nyandarua,2023,7,0.6044859001040583,4,2023-07-01
Nyandarua,2023,8,0.633311654526535,4,2023-08-01
Nyandarua,2023,9,0.5519875910509887,4,2023-09-01
Nyandarua,2023,10,0.6246935483870971,2,2023-10-01
Nyandarua,2023,11,0.5914937304890736,4,2023-11-01
Nyandarua,2023,12,0.6498740634755464,4,2023-12-01
Nyandarua,2024,1,0.6322048126951095,4,2024-01-01
Nyandarua,2024,2,0.6417271071800208,4,2024-02-01
Nyandarua,2024,3,0.5514569979188346,4,2024-03-01
Nyandarua,2024,4,0.624609209157128,4,2024-04-01
Nyandarua,2024,5,0.7270152271938954,3,2024-05-01
Nyandarua,2024,6,0.6788113163371492,4,2024-06-01
Nyandarua,2024,7,0.6208587669094692,4,2024-07-01
Nyandarua,2024,8,0.6258843565730144,3,2024-08-01
Nyandarua,2024,9,0.6307078303850158,4,2024-09-01
Nyandarua,2024,10,0.6149588189386058,4,2024-10-01
Nyandarua,2024,11,0.6039280263614293,3,2024-11-01
Nyandarua,2024,12,0.6164058619493588,3,2024-12-01
Nyandarua,2025,1,0.6110704474505726,4,2025-01-01
Nyandarua,2025,2,0.6021598855359002,4,2025-02-01
Nyandarua,2025,3,0.5639515348595214,4,2025-03-01
Nyandarua,2025,4,0.6617476586888658,3,2025-04-01
Nyandarua,2025,5,0.6785656087408949,4,2025-05-01
Nyandarua,2025,6,0.6622708116545263,4,2025-06-01
Nyandarua,2025,11,0.707465556711758,1,2025-11-01
Nyandarua,2025,12,0.6963191467221639,2,2025-12-01
Nyandarua,2026,1,0.6071898716614633,3,2026-01-01
Nyandarua,2026,2,0.48479771071800215,3,2026-02-01
Nyandarua,2026,3,0.6688080645161292,2,2026-03-01
Nyandarua,2026,4,0.6673173257023937,2,2026-04-01
Nyandarua,2026,5,0.7546927159209154,2,2026-05-01
Nyandarua,2026,7,0.5902195976413455,3,2026-07-01
Nyandarua,2026,8,0.5473401664932364,1,2026-08-01
Nyeri,2000,12,0.6979559877175028,1,2000-12-01
Nyeri,2001,1,0.6846297850562948,2,2001-01-01
Nyeri,2001,2,0.6743910440122832,2,2001-02-01
Nyeri,2001,3,0.6278730808597748,2,2001-03-01
Nyeri,2001,4,0.6910577789150457,2,2001-04-01
Nyeri,2001,5,0.6688835209825994,2,2001-05-01
Nyeri,2001,6,0.4208177584442172,2,2001-06-01
Nyeri,2001,7,0.596288587512795,2,2001-07-01
Nyeri,2001,8,0.6085988229273283,2,2001-08-01
Nyeri,2001,9,0.5670117195496418,2,2001-09-01
Nyeri,2001,10,0.5563354145342881,1,2001-10-01
Nyeri,2001,11,0.5301380757420675,2,2001-11-01
Nyeri,2001,12,0.7201076253838283,2,2001-12-01
Nyeri,2002,1,0.6867715967246675,2,2002-01-01
Nyeri,2002,2,0.6254547082906858,2,2002-02-01
Nyeri,2002,3,0.6082996929375641,2,2002-03-01
Nyeri,2002,4,0.6576500511770724,2,2002-04-01
Nyeri,2002,5,0.7608863357215968,2,2002-05-01
Nyeri,2002,6,0.6019008188331629,2,2002-06-01
Nyeri,2002,7,0.5984890225179116,4,2002-07-01
Nyeri,2002,8,0.583581397134084,4,2002-08-01
Nyeri,2002,9,0.5488292476970313,4,2002-09-01
Nyeri,2002,10,0.5259990446946439,3,2002-10-01
Nyeri,2002,11,0.590649692937564,4,2002-11-01
Nyeri,2002,12,0.6216584698055271,4,2002-12-01
Nyeri,2003,1,0.7391166837256906,4,2003-01-01
Nyeri,2003,2,0.644621059365404,4,2003-02-01
Nyeri,2003,3,0.574212154554759,4,2003-03-01
Nyeri,2003,4,0.6045023200272945,3,2003-04-01
Nyeri,2003,5,0.6595703684749232,4,2003-05-01
Nyeri,2003,6,0.6886071136131009,4,2003-06-01
Nyeri,2003,7,0.5719132292732855,4,2003-07-01
Nyeri,2003,8,0.5901521494370523,4,2003-08-01
Nyeri,2003,9,0.6094437308085977,4,2003-09-01
Nyeri,2003,10,0.530296417604913,3,2003-10-01
Nyeri,2003,11,0.5802396622313206,4,2003-11-01
Nyeri,2003,12,0.7275749488229275,4,2003-12-01
Nyeri,2004,1,0.6903381525076774,4,2004-01-01
Nyeri,2004,2,0.6598565506653018,4,2004-02-01
Nyeri,2004,3,0.5856759211873078,4,2004-03-01
Nyeri,2004,4,0.661768833162743,4,2004-04-01
Nyeri,2004,5,0.7112875469123171,3,2004-05-01
Nyeri,2004,6,0.632329733879222,4,2004-06-01
Nyeri,2004,7,0.594186514841351,4,2004-07-01
Nyeri,2004,8,0.5530923234390993,4,2004-08-01
Nyeri,2004,9,0.5238636642784033,4,2004-09-01
Nyeri,2004,10,0.541209621289662,4,2004-10-01
Nyeri,2004,11,0.6068890481064485,3,2004-11-01
Nyeri,2004,12,0.7176003070624359,4,2004-12-01
Nyeri,2005,1,0.6530489508700108,4,2005-01-01
Nyeri,2005,2,0.5899780706243603,4,2005-02-01
Nyeri,2005,3,0.5608711617195495,4,2005-03-01
Nyeri,2005,4,0.6068209484817465,3,2005-04-01
Nyeri,2005,5,0.6729109007164795,4,2005-05-01
Nyeri,2005,6,0.6413291709314226,4,2005-06-01
Nyeri,2005,7,0.48252569089048114,4,2005-07-01
Nyeri,2005,8,0.5834207523029686,4,2005-08-01
Nyeri,2005,9,0.5641040429887414,4,2005-09-01
Nyeri,2005,10,0.5776883657454795,3,2005-10-01
Nyeri,2005,11,0.5816745905834186,4,2005-11-01
Nyeri,2005,12,0.6428854145342888,4,2005-12-01
Nyeri,2006,1,0.6135601842374614,4,2006-01-01
Nyeri,2006,2,0.5573354657113613,4,2006-02-01
Nyeri,2006,3,0.6013926305015354,4,2006-03-01
Nyeri,2006,4,0.6861805185943372,3,2006-04-01
Nyeri,2006,5,0.6574500000000003,4,2006-05-01
Nyeri,2006,6,0.6383459825997946,4,2006-06-01
Nyeri,2006,7,0.5492397134083928,4,2006-07-01
Nyeri,2006,8,0.5967407881269189,4,2006-08-01
Nyeri,2006,9,0.5716675537359261,4,2006-09-01
Nyeri,2006,10,0.5544981576253841,3,2006-10-01
Nyeri,2006,11,0.617545982599795,4,2006-11-01
Nyeri,2006,12,0.7032314483111564,4,2006-12-01
Nyeri,2007,1,0.74600460593654,4,2007-01-01
Nyeri,2007,2,0.6880233111566021,4,2007-02-01
Nyeri,2007,3,0.6122327277379734,4,2007-03-01
Nyeri,2007,4,0.648074377345616,3,2007-04-01
Nyeri,2007,5,0.6980660184237462,4,2007-05-01
Nyeri,2007,6,0.6317450870010236,4,2007-06-01
Nyeri,2007,7,0.5268839559877173,4,2007-07-01
Nyeri,2007,8,0.6293626663254864,4,2007-08-01
Nyeri,2007,9,0.626640327533265,4,2007-09-01
Nyeri,2007,10,0.6197671443193454,3,2007-10-01
Nyeri,2007,11,0.6529422210849537,4,2007-11-01
Nyeri,2007,12,0.7049001279426815,4,2007-12-01
Nyeri,2008,1,0.6772731320368479,4,2008-01-01
Nyeri,2008,2,0.6051276356192423,4,2008-02-01
Nyeri,2008,3,0.5898347492323438,4,2008-03-01
Nyeri,2008,4,0.6580841862845445,4,2008-04-01
Nyeri,2008,5,0.6353877175025588,3,2008-05-01
Nyeri,2008,6,0.599448387922211,4,2008-06-01
Nyeri,2008,7,0.5043617707267142,4,2008-07-01
Nyeri,2008,8,0.5028908648925284,4,2008-08-01
Nyeri,2008,9,0.5431820880245652,4,2008-09-01
Nyeri,2008,10,0.6212798106448311,4,2008-10-01
Nyeri,2008,11,0.6218400204708288,3,2008-11-01
Nyeri,2008,12,0.6877935005117707,4,2008-12-01
Nyeri,2009,1,0.63903554247697,4,2009-01-01
Nyeri,2009,2,0.5800041197543502,4,2009-02-01
Nyeri,2009,3,0.5660313715455477,4,2009-03-01
Nyeri,2009,4,0.5520917093142272,3,2009-04-01
Nyeri,2009,5,0.6155564994882298,4,2009-05-01
Nyeri,2009,6,0.61696110542477,4,2009-06-01
Nyeri,2009,7,0.5570476714431934,4,2009-07-01
Nyeri,2009,8,0.5074680143295804,4,2009-08-01
Nyeri,2009,9,0.47140161207778924,4,2009-09-01
Nyeri,2009,10,0.5069269532582739,3,2009-10-01
Nyeri,2009,11,0.5914946519959052,4,2009-11-01
Nyeri,2009,12,0.667415250767656,4,2009-12-01
Nyeri,2010,1,0.7104177328556801,4,2010-01-01
Nyeri,2010,2,0.6587013817809627,4,2010-02-01
Nyeri,2010,3,0.6334152507676566,4,2010-03-01
Nyeri,2010,4,0.710143193449334,3,2010-04-01
Nyeri,2010,5,0.7231711873080859,4,2010-05-01
Nyeri,2010,6,0.584045061412487,4,2010-06-01
Nyeri,2010,7,0.5991521750255888,4,2010-07-01
Nyeri,2010,8,0.5283925537359266,4,2010-08-01
Nyeri,2010,9,0.5787734135107471,4,2010-09-01
Nyeri,2010,10,0.5376769361992491,3,2010-10-01
Nyeri,2010,11,0.5832237973387924,4,2010-11-01
Nyeri,2010,12,0.6718925281473904,4,2010-12-01
Nyeri,2011,1,0.6579350818833165,4,2011-01-01
Nyeri,2011,2,0.599144600818833,4,2011-02-01
Nyeri,2011,3,0.5583153275332654,4,2011-03-01
Nyeri,2011,4,0.5971113954281813,3,2011-04-01
Nyeri,2011,5,0.6504912487205731,4,2011-05-01
Nyeri,2011,6,0.6297165813715457,4,2011-06-01
Nyeri,2011,7,0.5944796571136132,4,2011-07-01
Nyeri,2011,8,0.5195416325486184,4,2011-08-01
Nyeri,2011,9,0.6077398669396105,4,2011-09-01
Nyeri,2011,10,0.6072261344251113,3,2011-10-01
Nyeri,2011,11,0.6463903787103386,4,2011-11-01
Nyeri,2011,12,0.7380302456499488,4,2011-12-01
Nyeri,2012,1,0.6715053224155574,4,2012-01-01
Nyeri,2012,2,0.5689069856704194,4,2012-02-01
Nyeri,2012,3,0.536197927328557,4,2012-03-01
Nyeri,2012,4,0.5820768679631527,4,2012-04-01
Nyeri,2012,5,0.7186851245308774,3,2012-05-01
Nyeri,2012,6,0.617290174002047,4,2012-06-01
Nyeri,2012,7,0.5856779682702143,4,2012-07-01
Nyeri,2012,8,0.6316376919140224,4,2012-08-01
Nyeri,2012,9,0.6312067041965205,4,2012-09-01
Nyeri,2012,10,0.5743496417604913,4,2012-10-01
Nyeri,2012,11,0.6609841692255208,3,2012-11-01
Nyeri,2012,12,0.6773695240532238,4,2012-12-01
Nyeri,2013,1,0.6978071136131017,4,2013-01-01
Nyeri,2013,2,0.6259996673490281,4,2013-02-01
Nyeri,2013,3,0.5540740532241557,4,2013-03-01
Nyeri,2013,4,0.6721941658137159,3,2013-04-01
Nyeri,2013,5,0.7253883572159668,4,2013-05-01
Nyeri,2013,6,0.5875450870010238,4,2013-06-01
Nyeri,2013,7,0.5810806294779942,4,2013-07-01
Nyeri,2013,8,0.5984865660184234,4,2013-08-01
Nyeri,2013,9,0.6318094165813717,4,2013-09-01
Nyeri,2013,10,0.5828258955987726,3,2013-10-01
Nyeri,2013,11,0.6040922978505627,4,2013-11-01
Nyeri,2013,12,0.6619866171954965,4,2013-12-01
Nyeri,2014,1,0.6825403019447289,4,2014-01-01
Nyeri,2014,2,0.6471036591606961,4,2014-02-01
Nyeri,2014,3,0.6219350307062437,4,2014-03-01
Nyeri,2014,4,0.6791635619242583,3,2014-04-01
Nyeri,2014,5,0.6455859263050153,4,2014-05-01
Nyeri,2014,6,0.623365046059365,4,2014-06-01
Nyeri,2014,7,0.5481058853633574,4,2014-07-01
Nyeri,2014,8,0.5399323183213923,4,2014-08-01
Nyeri,2014,9,0.6118846212896621,4,2014-09-01
Nyeri,2014,10,0.6021122483793929,3,2014-10-01
Nyeri,2014,11,0.5779668116683724,4,2014-11-01
Nyeri,2014,12,0.6683105424769702,4,2014-12-01
Nyeri,2015,1,0.6577270982599795,4,2015-01-01
Nyeri,2015,2,0.5939177328556811,4,2015-02-01
Nyeri,2015,3,0.5509155834186287,4,2015-03-01
Nyeri,2015,4,0.6023534629819176,3,2015-04-01
Nyeri,2015,5,0.6564241044012283,4,2015-05-01
Nyeri,2015,6,0.6710140992835214,4,2015-06-01
Nyeri,2015,7,0.5947302712384854,4,2015-07-01
Nyeri,2015,8,0.5924002302968274,4,2015-08-01
Nyeri,2015,9,0.5529680910951899,4,2015-09-01
Nyeri,2015,10,0.49216062777209163,3,2015-10-01
Nyeri,2015,11,0.5396644063459572,4,2015-11-01
Nyeri,2015,12,0.7036332139201635,4,2015-12-01
Nyeri,2016,1,0.6896948567041967,4,2016-01-01
Nyeri,2016,2,0.6872839559877177,4,2016-02-01
Nyeri,2016,3,0.664792195496418,4,2016-03-01
Nyeri,2016,4,0.6402113101330603,4,2016-04-01
Nyeri,2016,5,0.7177463664278401,3,2016-05-01
Nyeri,2016,6,0.6350457011258952,4,2016-06-01
Nyeri,2016,7,0.5621990788126922,4,2016-07-01
Nyeri,2016,8,0.6117065250767656,4,2016-08-01
Nyeri,2016,9,0.572147569089048,4,2016-09-01
Nyeri,2016,10,0.5674500255885364,4,2016-10-01
Nyeri,2016,11,0.5178451040600479,3,2016-11-01
Nyeri,2016,12,0.6741774564994888,4,2016-12-01
Nyeri,2017,1,0.6138108239508697,4,2017-01-01
Nyeri,2017,2,0.5860019703172976,4,2017-02-01
Nyeri,2017,3,0.5574079324462642,4,2017-03-01
Nyeri,2017,4,0.5802518253155914,3,2017-04-01
Nyeri,2017,5,0.6603653019447294,4,2017-05-01
Nyeri,2017,6,0.6532439099283521,4,2017-06-01
Nyeri,2017,7,0.5074993346980557,4,2017-07-01
Nyeri,2017,8,0.5657887922210851,4,2017-08-01
Nyeri,2017,9,0.604925204708291,4,2017-09-01
Nyeri,2017,10,0.5844159672466733,3,2017-10-01
Nyeri,2017,11,0.6229798106448311,4,2017-11-01
Nyeri,2017,12,0.6718357983623334,4,2017-12-01
Nyeri,2018,1,0.6393186284544526,4,2018-01-01
Nyeri,2018,2,0.557180245649949,4,2018-02-01
Nyeri,2018,3,0.5666145342886386,4,2018-03-01
Nyeri,2018,4,0.6310264756055953,3,2018-04-01
Nyeri,2018,5,0.6963003582395084,4,2018-05-01
Nyeri,2018,6,0.665537794268168,4,2018-06-01
Nyeri,2018,7,0.6281952405322417,4,2018-07-01
Nyeri,2018,8,0.5628484902763562,4,2018-08-01
Nyeri,2018,9,0.6148658393039917,4,2018-09-01
Nyeri,2018,10,0.5919586830433302,3,2018-10-01
Nyeri,2018,11,0.6177952661207777,4,2018-11-01
Nyeri,2018,12,0.7064440634595699,4,2018-12-01
Nyeri,2019,1,0.6916870266120776,4,2019-01-01
Nyeri,2019,2,0.6219102354145347,4,2019-02-01
Nyeri,2019,3,0.5833254861821905,4,2019-03-01
Nyeri,2019,4,0.5854507335380418,3,2019-04-01
Nyeri,2019,5,0.6408381013306037,4,2019-05-01
Nyeri,2019,6,0.6293934749232344,4,2019-06-01
Nyeri,2019,7,0.6855773541453432,4,2019-07-01
Nyeri,2019,8,0.5951316018423741,4,2019-08-01
Nyeri,2019,9,0.6138465967246676,4,2019-09-01
Nyeri,2019,10,0.6024609689525756,3,2019-10-01
Nyeri,2019,11,0.6150169907881269,4,2019-11-01
Nyeri,2019,12,0.6820622824974403,4,2019-12-01
Nyeri,2020,1,0.7518489252814738,4,2020-01-01
Nyeri,2020,2,0.7159576253838287,4,2020-02-01
Nyeri,2020,3,0.6798419396110545,4,2020-03-01
Nyeri,2020,4,0.6693152507676563,4,2020-04-01
Nyeri,2020,5,0.7707729785056295,3,2020-05-01
Nyeri,2020,6,0.7014125895598774,4,2020-06-01
Nyeri,2020,7,0.6294226970317295,4,2020-07-01
Nyeri,2020,8,0.5336581727731657,4,2020-08-01
Nyeri,2020,9,0.6404702405322413,4,2020-09-01
Nyeri,2020,10,0.5658155066530199,4,2020-10-01
Nyeri,2020,11,0.6587125895598769,3,2020-11-01
Nyeri,2020,12,0.7130110030706245,4,2020-12-01
Nyeri,2021,1,0.659016965199591,4,2021-01-01
Nyeri,2021,2,0.6778144319344939,4,2021-02-01
Nyeri,2021,3,0.656168654042989,4,2021-03-01
Nyeri,2021,4,0.6398299215284887,3,2021-04-01
Nyeri,2021,5,0.687086693961105,4,2021-05-01
Nyeri,2021,6,0.6364795803480041,4,2021-06-01
Nyeri,2021,7,0.4988257164790176,4,2021-07-01
Nyeri,2021,8,0.5925668628454448,4,2021-08-01
Nyeri,2021,9,0.5543015864892527,4,2021-09-01
Nyeri,2021,10,0.5313562947799385,3,2021-10-01
Nyeri,2021,11,0.5858379989764586,4,2021-11-01
Nyeri,2021,12,0.6619210593654045,4,2021-12-01
Nyeri,2022,1,0.7046030194472882,4,2022-01-01
Nyeri,2022,2,0.6453026100307064,4,2022-02-01
Nyeri,2022,3,0.4951737288579963,4,2022-03-01
Nyeri,2022,4,0.5926737973387913,3,2022-04-01
Nyeri,2022,5,0.684199411463664,4,2022-05-01
Nyeri,2022,6,0.6094335721596723,4,2022-06-01
Nyeri,2022,7,0.47252453940634587,4,2022-07-01
Nyeri,2022,8,0.509043654042989,4,2022-08-01
Nyeri,2022,9,0.5684730552712381,4,2022-09-01
Nyeri,2022,10,0.5152099624701472,3,2022-10-01
Nyeri,2022,11,0.49079605936540427,4,2022-11-01
Nyeri,2022,12,0.6736691572842032,3,2022-12-01
Nyeri,2023,1,0.6861588280450365,4,2023-01-01
Nyeri,2023,2,0.5813472534971003,3,2023-02-01
Nyeri,2023,3,0.5038518167860799,4,2023-03-01
Nyeri,2023,4,0.6650335721596727,3,2023-04-01
Nyeri,2023,5,0.7128811924257928,4,2023-05-01
Nyeri,2023,6,0.6503756653019446,4,2023-06-01
Nyeri,2023,7,0.5740191914022521,4,2023-07-01
Nyeri,2023,8,0.6293589559877177,4,2023-08-01
Nyeri,2023,9,0.5672538638689865,4,2023-09-01
Nyeri,2023,10,0.5513944216990787,2,2023-10-01
Nyeri,2023,11,0.6413869754350049,4,2023-11-01
Nyeri,2023,12,0.681128761514841,4,2023-12-01
Nyeri,2024,1,0.7068273541453427,4,2024-01-01
Nyeri,2024,2,0.6982864380757421,4,2024-02-01
Nyeri,2024,3,0.6619804759467759,4,2024-03-01
Nyeri,2024,4,0.6647117195496419,4,2024-04-01
Nyeri,2024,5,0.7620570453770045,3,2024-05-01
Nyeri,2024,6,0.7065150716479018,4,2024-06-01
Nyeri,2024,7,0.6442542988741046,4,2024-07-01
Nyeri,2024,8,0.6462032412146027,3,2024-08-01
Nyeri,2024,9,0.6557850307062435,4,2024-09-01
Nyeri,2024,10,0.6352133060388945,4,2024-10-01
Nyeri,2024,11,0.6535592971682024,3,2024-11-01
Nyeri,2024,12,0.6594636301603548,3,2024-12-01
Nyeri,2025,1,0.6813511514841355,4,2025-01-01
Nyeri,2025,2,0.6585134083930397,4,2025-02-01
Nyeri,2025,3,0.6033040174002048,4,2025-03-01
Nyeri,2025,4,0.7202292391675199,3,2025-04-01
Nyeri,2025,5,0.7159520982599801,4,2025-05-01
Nyeri,2025,6,0.6163909928352094,4,2025-06-01
Nyeri,2025,11,0.7599884339815768,1,2025-11-01
Nyeri,2025,12,0.7573563459570123,2,2025-12-01
Nyeri,2026,1,0.6942499147048787,3,2026-01-01
Nyeri,2026,2,0.5688348345274654,3,2026-02-01
Nyeri,2026,3,0.6654255373592632,2,2026-03-01
Nyeri,2026,4,0.6206625383828044,2,2026-04-01
Nyeri,2026,5,0.7737454452405326,2,2026-05-01
Nyeri,2026,7,0.6218653019447286,3,2026-07-01
Nyeri,2026,8,0.5719519959058348,1,2026-08-01
Samburu,2000,12,0.3576260735198455,1,2000-12-01
Samburu,2001,1,0.35391545217957,2,2001-01-01
Samburu,2001,2,0.3190470966167858,2,2001-02-01
Samburu,2001,3,0.3036868575146395,2,2001-03-01
Samburu,2001,4,0.4634248780091079,2,2001-04-01
Samburu,2001,5,0.37804288386467144,2,2001-05-01
Samburu,2001,6,0.28435056929082625,2,2001-06-01
Samburu,2001,7,0.30068619876382496,2,2001-07-01
Samburu,2001,8,0.2911685995445672,2,2001-08-01
Samburu,2001,9,0.2749214947950549,2,2001-09-01
Samburu,2001,10,0.25930341574495736,1,2001-10-01
Samburu,2001,11,0.35674655985686465,2,2001-11-01
Samburu,2001,12,0.39499181034482767,2,2001-12-01
Samburu,2002,1,0.33145226089785396,2,2002-01-01
Samburu,2002,2,0.27973009108653113,2,2002-02-01
Samburu,2002,3,0.355890435914118,2,2002-03-01
Samburu,2002,4,0.4288548796356534,2,2002-04-01
Samburu,2002,5,0.49362079538061254,2,2002-05-01
Samburu,2002,6,0.38070426154847126,2,2002-06-01
Samburu,2002,7,0.3211367761873783,4,2002-07-01
Samburu,2002,8,0.2895091940468445,4,2002-08-01
Samburu,2002,9,0.28180803513337654,4,2002-09-01
Samburu,2002,10,0.310031836911733,3,2002-10-01
Samburu,2002,11,0.3876153911841253,4,2002-11-01
Samburu,2002,12,0.4519374878009115,4,2002-12-01
Samburu,2003,1,0.42295457465842545,4,2003-01-01
Samburu,2003,2,0.30570519681197156,4,2003-02-01
Samburu,2003,3,0.29691679814573846,4,2003-03-01
Samburu,2003,4,0.4092751355454353,3,2003-04-01
Samburu,2003,5,0.5401089337996094,4,2003-05-01
Samburu,2003,6,0.4209618371828235,4,2003-06-01
Samburu,2003,7,0.3286861459011067,4,2003-07-01
Samburu,2003,8,0.3425510043916719,4,2003-08-01
Samburu,2003,9,0.33076549690956353,4,2003-09-01
Samburu,2003,10,0.3057076068098023,3,2003-10-01
Samburu,2003,11,0.3784695104098892,4,2003-11-01
Samburu,2003,12,0.44014460800260236,4,2003-12-01
Samburu,2004,1,0.3786268908588155,4,2004-01-01
Samburu,2004,2,0.32584874349381965,4,2004-02-01
Samburu,2004,3,0.33884057417046176,4,2004-03-01
Samburu,2004,4,0.4761500487963565,4,2004-04-01
Samburu,2004,5,0.4471910865322051,3,2004-05-01
Samburu,2004,6,0.34997469502277123,4,2004-06-01
Samburu,2004,7,0.29902593526350013,4,2004-07-01
Samburu,2004,8,0.2910646104424206,4,2004-08-01
Samburu,2004,9,0.2922028017241378,4,2004-09-01
Samburu,2004,10,0.3728159970722183,4,2004-10-01
Samburu,2004,11,0.5075541585339399,3,2004-11-01
Samburu,2004,12,0.46673168916720814,4,2004-12-01
Samburu,2005,1,0.3634663142485359,4,2005-01-01
Samburu,2005,2,0.32919659238776844,4,2005-02-01
Samburu,2005,3,0.3018086003578399,4,2005-03-01
Samburu,2005,4,0.34503301344610726,3,2005-04-01
Samburu,2005,5,0.45900153301886737,4,2005-05-01
Samburu,2005,6,0.38083461694860105,4,2005-06-01
Samburu,2005,7,0.31937201935588777,4,2005-07-01
Samburu,2005,8,0.3031454863370202,4,2005-08-01
Samburu,2005,9,0.30707048633702005,4,2005-09-01
Samburu,2005,10,0.30902565603990473,3,2005-10-01
Samburu,2005,11,0.33188135165907595,4,2005-11-01
Samburu,2005,12,0.29532896063760594,4,2005-12-01
Samburu,2006,1,0.2748378090435911,4,2006-01-01
Samburu,2006,2,0.27273000975927125,4,2006-02-01
Samburu,2006,3,0.31014255855562844,4,2006-03-01
Samburu,2006,4,0.4422467198004776,3,2006-04-01
Samburu,2006,5,0.37845838077423494,4,2006-05-01
Samburu,2006,6,0.3038499552700067,4,2006-06-01
Samburu,2006,7,0.2887004391672093,4,2006-07-01
Samburu,2006,8,0.32589301398828885,4,2006-08-01
Samburu,2006,9,0.29737617924528315,4,2006-09-01
Samburu,2006,10,0.32687249512036404,3,2006-10-01
Samburu,2006,11,0.4896237394274561,4,2006-11-01
Samburu,2006,12,0.5497436076772928,4,2006-12-01
Samburu,2007,1,0.4847663101821733,4,2007-01-01
Samburu,2007,2,0.3682835027651266,4,2007-02-01
Samburu,2007,3,0.33653708929733245,4,2007-03-01
Samburu,2007,4,0.4363025374105407,3,2007-04-01
Samburu,2007,5,0.42699326610279775,4,2007-05-01
Samburu,2007,6,0.3873785580676644,4,2007-06-01
Samburu,2007,7,0.36210720966167925,4,2007-07-01
Samburu,2007,8,0.3948697259271303,4,2007-08-01
Samburu,2007,9,0.382601073519844,4,2007-09-01
Samburu,2007,10,0.36268576230752547,3,2007-10-01
Samburu,2007,11,0.40996179245283015,4,2007-11-01
Samburu,2007,12,0.3659633092062461,4,2007-12-01
Samburu,2008,1,0.36170323275862093,4,2008-01-01
Samburu,2008,2,0.33176160946649313,4,2008-02-01
Samburu,2008,3,0.33136745689655167,4,2008-03-01
Samburu,2008,4,0.440025105725439,4,2008-04-01
Samburu,2008,5,0.38949377033181515,3,2008-05-01
Samburu,2008,6,0.3116618127846453,4,2008-06-01
Samburu,2008,7,0.28492846047495113,4,2008-07-01
Samburu,2008,8,0.29617434531554965,4,2008-08-01
Samburu,2008,9,0.29579355481457387,4,2008-09-01
Samburu,2008,10,0.4171478163630445,4,2008-10-01
Samburu,2008,11,0.48779969637822473,3,2008-11-01
Samburu,2008,12,0.3750859507156803,4,2008-12-01
Samburu,2009,1,0.31355706327260896,4,2009-01-01
Samburu,2009,2,0.2770180627846458,4,2009-02-01
Samburu,2009,3,0.26633628822381306,4,2009-03-01
Samburu,2009,4,0.29160516699197586,3,2009-04-01
Samburu,2009,5,0.3248885775862067,4,2009-05-01
Samburu,2009,6,0.3014273950878331,4,2009-06-01
Samburu,2009,7,0.26801220722186125,4,2009-07-01
Samburu,2009,8,0.2503575553025373,4,2009-08-01
Samburu,2009,9,0.24615690061808745,4,2009-09-01
Samburu,2009,10,0.3227589839514211,3,2009-10-01
Samburu,2009,11,0.3723138337670785,4,2009-11-01
Samburu,2009,12,0.3717985401756668,4,2009-12-01
Samburu,2010,1,0.38624674284320115,4,2010-01-01
Samburu,2010,2,0.3399599869876384,4,2010-02-01
Samburu,2010,3,0.46205917371502897,4,2010-03-01
Samburu,2010,4,0.49424587399696396,3,2010-04-01
Samburu,2010,5,0.4644136263825628,4,2010-05-01
Samburu,2010,6,0.360098649967469,4,2010-06-01
Samburu,2010,7,0.31361866867273885,4,2010-07-01
Samburu,2010,8,0.3273922413793105,4,2010-08-01
Samburu,2010,9,0.31595409482758646,4,2010-09-01
Samburu,2010,10,0.3080936293645632,3,2010-10-01
Samburu,2010,11,0.32265874268054656,4,2010-11-01
Samburu,2010,12,0.2905405213077429,4,2010-12-01
Samburu,2011,1,0.26874884108653235,4,2011-01-01
Samburu,2011,2,0.26242442664281107,4,2011-02-01
Samburu,2011,3,0.28158580432660985,4,2011-03-01
Samburu,2011,4,0.29607996638473244,3,2011-04-01
Samburu,2011,5,0.333934450227716,4,2011-05-01
Samburu,2011,6,0.3237567948926486,4,2011-06-01
Samburu,2011,7,0.31479826772934244,4,2011-07-01
Samburu,2011,8,0.3224614264801563,4,2011-08-01
Samburu,2011,9,0.3266247885491221,4,2011-09-01
Samburu,2011,10,0.3832597809585763,3,2011-10-01
Samburu,2011,11,0.5240990200065058,4,2011-11-01
Samburu,2011,12,0.5264671600520497,4,2011-12-01
Samburu,2012,1,0.39562677700065063,4,2012-01-01
Samburu,2012,2,0.31821777000650675,4,2012-02-01
Samburu,2012,3,0.29349708848406014,4,2012-03-01
Samburu,2012,4,0.4149969949577099,4,2012-04-01
Samburu,2012,5,0.5137116081110401,3,2012-05-01
Samburu,2012,6,0.3900867883864666,4,2012-06-01
Samburu,2012,7,0.3585481213402729,4,2012-07-01
Samburu,2012,8,0.34906729424203004,4,2012-08-01
Samburu,2012,9,0.32747887931034525,4,2012-09-01
Samburu,2012,10,0.41002312134027374,4,2012-10-01
Samburu,2012,11,0.461768878768164,3,2012-11-01
Samburu,2012,12,0.446428346616786,4,2012-12-01
Samburu,2013,1,0.3820557376382564,4,2013-01-01
Samburu,2013,2,0.3072163223812624,4,2013-02-01
Samburu,2013,3,0.3255523056278463,4,2013-03-01
Samburu,2013,4,0.5128881804380837,3,2013-04-01
Samburu,2013,5,0.4559134515289523,4,2013-05-01
Samburu,2013,6,0.36102787085230925,4,2013-06-01
Samburu,2013,7,0.33054825959661643,4,2013-07-01
Samburu,2013,8,0.3200319900780746,4,2013-08-01
Samburu,2013,9,0.31227471128822354,4,2013-09-01
Samburu,2013,10,0.30338933528518724,3,2013-10-01
Samburu,2013,11,0.46515652244632444,4,2013-11-01
Samburu,2013,12,0.47628263662979864,4,2013-12-01
Samburu,2014,1,0.36616974219258336,4,2014-01-01
Samburu,2014,2,0.3227340639232273,4,2014-02-01
Samburu,2014,3,0.38464534401431405,4,2014-03-01
Samburu,2014,4,0.40897547169811244,3,2014-04-01
Samburu,2014,5,0.34824333929733264,4,2014-05-01
Samburu,2014,6,0.2948445388744307,4,2014-06-01
Samburu,2014,7,0.2748264476252443,4,2014-07-01
Samburu,2014,8,0.29642908669486034,4,2014-08-01
Samburu,2014,9,0.33700786027976537,4,2014-09-01
Samburu,2014,10,0.34512520602906127,3,2014-10-01
Samburu,2014,11,0.39521715191932394,4,2014-11-01
Samburu,2014,12,0.4142265818152243,4,2014-12-01
Samburu,2015,1,0.3194454375406639,4,2015-01-01
Samburu,2015,2,0.27181060507482074,4,2015-02-01
Samburu,2015,3,0.2817935060182176,4,2015-03-01
Samburu,2015,4,0.3900154467577517,3,2015-04-01
Samburu,2015,5,0.42687408506831553,4,2015-05-01
Samburu,2015,6,0.3417371868900455,4,2015-06-01
Samburu,2015,7,0.29777965191932354,4,2015-07-01
Samburu,2015,8,0.27965177700065,4,2015-08-01
Samburu,2015,9,0.26716972186076804,4,2015-09-01
Samburu,2015,10,0.2724223866840167,3,2015-10-01
Samburu,2015,11,0.4348044729993498,4,2015-11-01
Samburu,2015,12,0.4851660377358492,4,2015-12-01
Samburu,2016,1,0.4028898218932983,4,2016-01-01
Samburu,2016,2,0.329950048796357,4,2016-02-01
Samburu,2016,3,0.3052723568640207,4,2016-03-01
Samburu,2016,4,0.3738225723812618,4,2016-04-01
Samburu,2016,5,0.46796191715463037,3,2016-05-01
Samburu,2016,6,0.39268851659076165,4,2016-06-01
Samburu,2016,7,0.33882607758620686,4,2016-07-01
Samburu,2016,8,0.31674449414443756,4,2016-08-01
Samburu,2016,9,0.2880670421275218,4,2016-09-01
Samburu,2016,10,0.2861265614834092,4,2016-10-01
Samburu,2016,11,0.32173595749295236,3,2016-11-01
Samburu,2016,12,0.34324893054651917,4,2016-12-01
Samburu,2017,1,0.29061600113858166,4,2017-01-01
Samburu,2017,2,0.26618818314899134,4,2017-02-01
Samburu,2017,3,0.2560169242029932,4,2017-03-01
Samburu,2017,4,0.29273878768163125,3,2017-04-01
Samburu,2017,5,0.3778548999674691,4,2017-05-01
Samburu,2017,6,0.33281827423552407,4,2017-06-01
Samburu,2017,7,0.29471603773584937,4,2017-07-01
Samburu,2017,8,0.29945924284320075,4,2017-08-01
Samburu,2017,9,0.30512260084580434,4,2017-09-01
Samburu,2017,10,0.37024875298199933,3,2017-10-01
Samburu,2017,11,0.4562283832140527,4,2017-11-01
Samburu,2017,12,0.3672217184450226,4,2017-12-01
Samburu,2018,1,0.29320193558880925,4,2018-01-01
Samburu,2018,2,0.28012182010409953,4,2018-02-01
Samburu,2018,3,0.42396822950552937,4,2018-03-01
Samburu,2018,4,0.5111761060507487,3,2018-04-01
Samburu,2018,5,0.49799223731294723,4,2018-05-01
Samburu,2018,6,0.46787349544567297,4,2018-06-01
Samburu,2018,7,0.37504655579050056,4,2018-07-01
Samburu,2018,8,0.3364747966818473,4,2018-08-01
Samburu,2018,9,0.3189655375731948,4,2018-09-01
Samburu,2018,10,0.32313491650401205,3,2018-10-01
Samburu,2018,11,0.34844418103448405,4,2018-11-01
Samburu,2018,12,0.4189531920949897,4,2018-12-01
Samburu,2019,1,0.33031962426805417,4,2019-01-01
Samburu,2019,2,0.2813559165582302,4,2019-02-01
Samburu,2019,3,0.2794856294729998,4,2019-03-01
Samburu,2019,4,0.3090034753849495,3,2019-04-01
Samburu,2019,5,0.3505431319128175,4,2019-05-01
Samburu,2019,6,0.37395152895250405,4,2019-06-01
Samburu,2019,7,0.34336781067013655,4,2019-07-01
Samburu,2019,8,0.3071881262199081,4,2019-08-01
Samburu,2019,9,0.3080037654521792,4,2019-09-01
Samburu,2019,10,0.40699179679028413,3,2019-10-01
Samburu,2019,11,0.5081271673715014,4,2019-11-01
Samburu,2019,12,0.5679475032530916,4,2019-12-01
Samburu,2020,1,0.4979537817176313,4,2020-01-01
Samburu,2020,2,0.4429832506506175,4,2020-02-01
Samburu,2020,3,0.40270278139232324,4,2020-03-01
Samburu,2020,4,0.5163495079700712,4,2020-04-01
Samburu,2020,5,0.537673742138366,3,2020-05-01
Samburu,2020,6,0.44016988451528966,4,2020-06-01
Samburu,2020,7,0.3821300219583602,4,2020-07-01
Samburu,2020,8,0.3356889772572763,4,2020-08-01
Samburu,2020,9,0.3610540948275855,4,2020-09-01
Samburu,2020,10,0.41830539199739825,4,2020-10-01
Samburu,2020,11,0.47394813489481685,3,2020-11-01
Samburu,2020,12,0.3861812540663626,4,2020-12-01
Samburu,2021,1,0.3237048227065714,4,2021-01-01
Samburu,2021,2,0.3160123902081979,4,2021-02-01
Samburu,2021,3,0.3160061524072868,4,2021-03-01
Samburu,2021,4,0.3338763500325315,3,2021-04-01
Samburu,2021,5,0.4173559450227716,4,2021-05-01
Samburu,2021,6,0.3524215476577746,4,2021-06-01
Samburu,2021,7,0.3008592875731948,4,2021-07-01
Samburu,2021,8,0.2882476537085235,4,2021-08-01
Samburu,2021,9,0.3267892566688354,4,2021-09-01
Samburu,2021,10,0.33744649750596384,3,2021-10-01
Samburu,2021,11,0.32109050504229,4,2021-11-01
Samburu,2021,12,0.3412136589134678,4,2021-12-01
Samburu,2022,1,0.30524581977878973,4,2022-01-01
Samburu,2022,2,0.2691896145087836,4,2022-02-01
Samburu,2022,3,0.23662026268705244,4,2022-03-01
Samburu,2022,4,0.2978329971806543,3,2022-04-01
Samburu,2022,5,0.35997519111906306,4,2022-05-01
Samburu,2022,6,0.3093276959986989,4,2022-06-01
Samburu,2022,7,0.26840565224463286,4,2022-07-01
Samburu,2022,8,0.29259806441119063,4,2022-08-01
Samburu,2022,9,0.2891663467794402,4,2022-09-01
Samburu,2022,10,0.2725778139232271,3,2022-10-01
Samburu,2022,11,0.3036800138256342,4,2022-11-01
Samburu,2022,12,0.32724797224029484,3,2022-12-01
Samburu,2023,1,0.29367402000650633,4,2023-01-01
Samburu,2023,2,0.2536286163522013,3,2023-02-01
Samburu,2023,3,0.29515664850357853,4,2023-03-01
Samburu,2023,4,0.4378527054868802,3,2023-04-01
Samburu,2023,5,0.4494204131424855,4,2023-05-01
Samburu,2023,6,0.3390973609303841,4,2023-06-01
Samburu,2023,7,0.2918221576122313,4,2023-07-01
Samburu,2023,8,0.28385658344177017,4,2023-08-01
Samburu,2023,9,0.28188548308392974,4,2023-09-01
Samburu,2023,10,0.3131625487963564,2,2023-10-01
Samburu,2023,11,0.525235108978529,4,2023-11-01
Samburu,2023,12,0.5285984222511385,4,2023-12-01
Samburu,2024,1,0.44676060979079646,4,2024-01-01
Samburu,2024,2,0.3790829668997254,4,2024-02-01
Samburu,2024,3,0.38976824577098346,4,2024-03-01
Samburu,2024,4,0.5832062215354585,4,2024-04-01
Samburu,2024,5,0.6027003090435915,3,2024-05-01
Samburu,2024,6,0.47413471047495165,4,2024-06-01
Samburu,2024,7,0.40543391753415764,4,2024-07-01
Samburu,2024,8,0.4266257482108,3,2024-08-01
Samburu,2024,9,0.39446685100845835,4,2024-09-01
Samburu,2024,10,0.375103188028627,4,2024-10-01
Samburu,2024,11,0.4765434721318589,3,2024-11-01
Samburu,2024,12,0.47575525916287115,3,2024-12-01
Samburu,2025,1,0.3627362353610926,4,2025-01-01
Samburu,2025,2,0.33165148828887403,4,2025-02-01
Samburu,2025,3,0.41032344664931614,4,2025-03-01
Samburu,2025,4,0.5438119822164383,3,2025-04-01
Samburu,2025,5,0.5309197177944046,4,2025-05-01
Samburu,2025,6,0.40163740647364976,4,2025-06-01
Samburu,2025,11,0.4145977065712432,1,2025-11-01
Samburu,2025,12,0.3872614834092384,2,2025-12-01
Samburu,2026,1,0.3275842713077425,3,2026-01-01
Samburu,2026,2,0.35197604641075736,3,2026-02-01
Samburu,2026,3,0.5417316769681214,2,2026-03-01
Samburu,2026,4,0.518585946649315,2,2026-04-01
Samburu,2026,5,0.48241874593363665,2,2026-05-01
Samburu,2026,7,0.3254275157232705,3,2026-07-01
Samburu,2026,8,0.30550317176317465,1,2026-08-01
Siaya,2000,12,0.554016737739872,1,2000-12-01
Siaya,2001,1,0.5489048391022144,2,2001-01-01
Siaya,2001,2,0.5246669709257976,2,2001-02-01
Siaya,2001,3,0.44618170616679675,2,2001-03-01
Siaya,2001,4,0.5016374242424244,2,2001-04-01
Siaya,2001,5,0.5231573569877768,2,2001-05-01
Siaya,2001,6,0.5059083882587208,2,2001-06-01
Siaya,2001,7,0.4660175335690451,2,2001-07-01
Siaya,2001,8,0.48008263954703423,2,2001-08-01
Siaya,2001,9,0.46160639392996994,2,2001-09-01
Siaya,2001,10,0.4242499508357916,1,2001-10-01
Siaya,2001,11,0.5182352460645325,2,2001-11-01
Siaya,2001,12,0.49469446914293935,2,2001-12-01
Siaya,2002,1,0.4469082713482712,2,2002-01-01
Siaya,2002,2,0.37939825202054916,2,2002-02-01
Siaya,2002,3,0.45294141418663836,2,2002-03-01
Siaya,2002,4,0.5177755730123402,2,2002-04-01
Siaya,2002,5,0.5802771571759384,2,2002-05-01
Siaya,2002,6,0.5037049622791002,2,2002-06-01
Siaya,2002,7,0.42882240789339365,4,2002-07-01
Siaya,2002,8,0.4395988573590127,4,2002-08-01
Siaya,2002,9,0.45863422014605404,4,2002-09-01
Siaya,2002,10,0.44196216588689213,3,2002-10-01
Siaya,2002,11,0.5907601369871247,4,2002-11-01
Siaya,2002,12,0.5210592699280394,4,2002-12-01
Siaya,2003,1,0.5055564381286104,4,2003-01-01
Siaya,2003,2,0.37888587406252966,4,2003-02-01
Siaya,2003,3,0.40927968650606966,4,2003-03-01
Siaya,2003,4,0.4768998387385382,3,2003-04-01
Siaya,2003,5,0.6011008202218109,4,2003-05-01
Siaya,2003,6,0.5693568780363502,4,2003-06-01
Siaya,2003,7,0.5291901377167882,4,2003-07-01
Siaya,2003,8,0.4615354570148797,4,2003-08-01
Siaya,2003,9,0.44834716109143247,4,2003-09-01
Siaya,2003,10,0.45894073679722047,3,2003-10-01
Siaya,2003,11,0.49496092269690467,4,2003-11-01
Siaya,2003,12,0.5101812715662286,4,2003-12-01
Siaya,2004,1,0.43362494215575415,4,2004-01-01
Siaya,2004,2,0.3785751602251566,4,2004-02-01
Siaya,2004,3,0.4019027372200864,4,2004-03-01
Siaya,2004,4,0.5028251745848185,4,2004-04-01
Siaya,2004,5,0.49735979530770424,3,2004-05-01
Siaya,2004,6,0.5217293351656875,4,2004-06-01
Siaya,2004,7,0.4725192961840218,4,2004-07-01
Siaya,2004,8,0.4081988630463723,4,2004-08-01
Siaya,2004,9,0.4391467709796821,4,2004-09-01
Siaya,2004,10,0.48974074764689957,4,2004-10-01
Siaya,2004,11,0.5437766654938855,3,2004-11-01
Siaya,2004,12,0.5451371222928632,4,2004-12-01
Siaya,2005,1,0.4188820949349048,4,2005-01-01
Siaya,2005,2,0.3714519129930347,4,2005-02-01
Siaya,2005,3,0.4324955585878151,4,2005-03-01
Siaya,2005,4,0.47234199671409954,3,2005-04-01
Siaya,2005,5,0.5477888121983113,4,2005-05-01
Siaya,2005,6,0.5378642061020147,4,2005-06-01
Siaya,2005,7,0.49592667246299627,4,2005-07-01
Siaya,2005,8,0.48094704508802766,4,2005-08-01
Siaya,2005,9,0.44482879100204903,4,2005-09-01
Siaya,2005,10,0.4974016857704378,3,2005-10-01
Siaya,2005,11,0.4949684982628384,4,2005-11-01
Siaya,2005,12,0.4189501746911419,4,2005-12-01
Siaya,2006,1,0.3996039956078502,4,2006-01-01
Siaya,2006,2,0.37476607324294975,4,2006-02-01
Siaya,2006,3,0.49036915973458156,4,2006-03-01
Siaya,2006,4,0.6018554904376421,3,2006-04-01
Siaya,2006,5,0.5715245416310529,4,2006-05-01
Siaya,2006,6,0.530357279393385,4,2006-06-01
Siaya,2006,7,0.48898585027055913,4,2006-07-01
Siaya,2006,8,0.47903197745624837,4,2006-08-01
Siaya,2006,9,0.4475795482201932,4,2006-09-01
Siaya,2006,10,0.4536426394544491,3,2006-10-01
Siaya,2006,11,0.5580311524479171,4,2006-11-01
Siaya,2006,12,0.5567472710863595,4,2006-12-01
Siaya,2007,1,0.6075278446334506,4,2007-01-01
Siaya,2007,2,0.48383288931228474,4,2007-02-01
Siaya,2007,3,0.48035540473724997,4,2007-03-01
Siaya,2007,4,0.5288492354884622,3,2007-04-01
Siaya,2007,5,0.5546764028788129,4,2007-05-01
Siaya,2007,6,0.5522361605045755,4,2007-06-01
Siaya,2007,7,0.5440665022258044,4,2007-07-01
Siaya,2007,8,0.49449692831860115,4,2007-08-01
Siaya,2007,9,0.492723025824,4,2007-09-01
Siaya,2007,10,0.5320024356666718,3,2007-10-01
Siaya,2007,11,0.5048527058784772,4,2007-11-01
Siaya,2007,12,0.5100074160334155,4,2007-12-01
Siaya,2008,1,0.41897015355860023,4,2008-01-01
Siaya,2008,2,0.3765401207297075,4,2008-02-01
Siaya,2008,3,0.4149280813992712,4,2008-03-01
Siaya,2008,4,0.5729598123228196,4,2008-04-01
Siaya,2008,5,0.5633456733940884,3,2008-05-01
Siaya,2008,6,0.5316833240014355,4,2008-06-01
Siaya,2008,7,0.471088683437653,4,2008-07-01
Siaya,2008,8,0.47987214091846914,4,2008-08-01
Siaya,2008,9,0.4811006927020419,4,2008-09-01
Siaya,2008,10,0.5290087562348377,4,2008-10-01
Siaya,2008,11,0.5544774150738938,3,2008-11-01
Siaya,2008,12,0.4458972267881759,4,2008-12-01
Siaya,2009,1,0.416814848540119,4,2009-01-01
Siaya,2009,2,0.3961071840779902,4,2009-02-01
Siaya,2009,3,0.4021325818814848,4,2009-03-01
Siaya,2009,4,0.4802746382858089,3,2009-04-01
Siaya,2009,5,0.5862281265647437,4,2009-05-01
Siaya,2009,6,0.5427440786312098,4,2009-06-01
Siaya,2009,7,0.4231868337663473,4,2009-07-01
Siaya,2009,8,0.415816158402381,4,2009-08-01
Siaya,2009,9,0.4126706160823232,4,2009-09-01
Siaya,2009,10,0.45797598986732324,3,2009-10-01
Siaya,2009,11,0.5030105786396497,4,2009-11-01
Siaya,2009,12,0.509354627789047,4,2009-12-01
Siaya,2010,1,0.5326352481931709,4,2010-01-01
Siaya,2010,2,0.48167389790812315,4,2010-02-01
Siaya,2010,3,0.5179852398195156,4,2010-03-01
Siaya,2010,4,0.5135700626524632,3,2010-04-01
Siaya,2010,5,0.5638871151786109,4,2010-05-01
Siaya,2010,6,0.5523634437778465,4,2010-06-01
Siaya,2010,7,0.4652996078521905,4,2010-07-01
Siaya,2010,8,0.445794186390177,4,2010-08-01
Siaya,2010,9,0.48061989837822694,4,2010-09-01
Siaya,2010,10,0.47045227962376107,3,2010-10-01
Siaya,2010,11,0.5168263147722775,4,2010-11-01
Siaya,2010,12,0.5054066953635221,4,2010-12-01
Siaya,2011,1,0.4016292328367971,4,2011-01-01
Siaya,2011,2,0.319843503745723,4,2011-02-01
Siaya,2011,3,0.3903657179161959,4,2011-03-01
Siaya,2011,4,0.5210260682835767,3,2011-04-01
Siaya,2011,5,0.5603594600573757,4,2011-05-01
Siaya,2011,6,0.532344831873939,4,2011-06-01
Siaya,2011,7,0.450364668058863,4,2011-07-01
Siaya,2011,8,0.46615071310224276,4,2011-08-01
Siaya,2011,9,0.4883246647988438,4,2011-09-01
Siaya,2011,10,0.5199353025133301,3,2011-10-01
Siaya,2011,11,0.5227593005874992,4,2011-11-01
Siaya,2011,12,0.5590900558970326,4,2011-12-01
Siaya,2012,1,0.41377338351821186,4,2012-01-01
Siaya,2012,2,0.3104647518638429,4,2012-02-01
Siaya,2012,3,0.3818570252293181,4,2012-03-01
Siaya,2012,4,0.5231062726598404,4,2012-04-01
Siaya,2012,5,0.5797758864780208,3,2012-05-01
Siaya,2012,6,0.5569466086580173,4,2012-06-01
Siaya,2012,7,0.5142632770683594,4,2012-07-01
Siaya,2012,8,0.46615137824783526,4,2012-08-01
Siaya,2012,9,0.45702415824231196,4,2012-09-01
Siaya,2012,10,0.503594817574525,4,2012-10-01
Siaya,2012,11,0.5526080732429759,3,2012-11-01
Siaya,2012,12,0.5224005436206809,4,2012-12-01
Siaya,2013,1,0.538065412448205,4,2013-01-01
Siaya,2013,2,0.4455938345219081,4,2013-02-01
Siaya,2013,3,0.44289650718443707,4,2013-03-01
Siaya,2013,4,0.520166191862146,3,2013-04-01
Siaya,2013,5,0.5500664762697121,4,2013-05-01
Siaya,2013,6,0.4848268903788698,4,2013-06-01
Siaya,2013,7,0.4400755214824972,4,2013-07-01
Siaya,2013,8,0.45088133927396057,4,2013-08-01
Siaya,2013,9,0.4488771691715112,4,2013-09-01
Siaya,2013,10,0.4780500236136094,3,2013-10-01
Siaya,2013,11,0.5270773002394372,4,2013-11-01
Siaya,2013,12,0.5186560642054439,4,2013-12-01
Siaya,2014,1,0.45449211283281454,4,2014-01-01
Siaya,2014,2,0.3349050222502683,4,2014-02-01
Siaya,2014,3,0.39439144806874615,4,2014-03-01
Siaya,2014,4,0.4836125948775054,3,2014-04-01
Siaya,2014,5,0.5650970211995454,4,2014-05-01
Siaya,2014,6,0.49378490040053574,4,2014-06-01
Siaya,2014,7,0.4520326506692448,4,2014-07-01
Siaya,2014,8,0.45870383177633967,4,2014-08-01
Siaya,2014,9,0.48156079570243526,4,2014-09-01
Siaya,2014,10,0.5008723563156771,3,2014-10-01
Siaya,2014,11,0.5174157509557042,4,2014-11-01
Siaya,2014,12,0.4994145459166277,4,2014-12-01
Siaya,2015,1,0.4068704199787429,4,2015-01-01
Siaya,2015,2,0.2886636369501766,4,2015-02-01
Siaya,2015,3,0.3182520879312962,4,2015-03-01
Siaya,2015,4,0.5295365034329104,3,2015-04-01
Siaya,2015,5,0.6129121270027742,4,2015-05-01
Siaya,2015,6,0.5380629480447613,4,2015-06-01
Siaya,2015,7,0.4777367054086239,4,2015-07-01
Siaya,2015,8,0.4404784686093455,4,2015-08-01
Siaya,2015,9,0.4149685383710756,4,2015-09-01
Siaya,2015,10,0.45270908751574507,3,2015-10-01
Siaya,2015,11,0.592009075853893,4,2015-11-01
Siaya,2015,12,0.6177537809772301,4,2015-12-01
Siaya,2016,1,0.4851471260408712,4,2016-01-01
Siaya,2016,2,0.4346822603050847,4,2016-02-01
Siaya,2016,3,0.4012408138775635,4,2016-03-01
Siaya,2016,4,0.520465037310802,4,2016-04-01
Siaya,2016,5,0.57362525987825,3,2016-05-01
Siaya,2016,6,0.502162726738101,4,2016-06-01
Siaya,2016,7,0.444065637682635,4,2016-07-01
Siaya,2016,8,0.4156900384010141,4,2016-08-01
Siaya,2016,9,0.36290825803743393,4,2016-09-01
Siaya,2016,10,0.40980460873095526,4,2016-10-01
Siaya,2016,11,0.4808679092000767,3,2016-11-01
Siaya,2016,12,0.4187527733981236,4,2016-12-01
Siaya,2017,1,0.33496280147560825,4,2017-01-01
Siaya,2017,2,0.3468821665161259,4,2017-02-01
Siaya,2017,3,0.39178599406507103,4,2017-03-01
Siaya,2017,4,0.5014793872516589,3,2017-04-01
Siaya,2017,5,0.5914502265523853,4,2017-05-01
Siaya,2017,6,0.49516310258975976,4,2017-06-01
Siaya,2017,7,0.42406087343644283,4,2017-07-01
Siaya,2017,8,0.4278527180996482,4,2017-08-01
Siaya,2017,9,0.44350032366287667,4,2017-09-01
Siaya,2017,10,0.49682703172968196,3,2017-10-01
Siaya,2017,11,0.5258416402999064,4,2017-11-01
Siaya,2017,12,0.4290321831651718,4,2017-12-01
Siaya,2018,1,0.31808826585740513,4,2018-01-01
Siaya,2018,2,0.3000967376195712,4,2018-02-01
Siaya,2018,3,0.4418578339621475,4,2018-03-01
Siaya,2018,4,0.5780402594807924,3,2018-04-01
Siaya,2018,5,0.605268476904482,4,2018-05-01
Siaya,2018,6,0.5859111121141919,4,2018-06-01
Siaya,2018,7,0.5187372176874985,4,2018-07-01
Siaya,2018,8,0.46459231115485466,4,2018-08-01
Siaya,2018,9,0.4518456384668645,4,2018-09-01
Siaya,2018,10,0.47292762329022686,3,2018-10-01
Siaya,2018,11,0.4679265231132912,4,2018-11-01
Siaya,2018,12,0.5431732271408494,4,2018-12-01
Siaya,2019,1,0.4464585485193773,4,2019-01-01
Siaya,2019,2,0.3793899724236685,4,2019-02-01
Siaya,2019,3,0.3895931927467086,4,2019-03-01
Siaya,2019,4,0.41436446005190164,3,2019-04-01
Siaya,2019,5,0.5547045840887401,4,2019-05-01
Siaya,2019,6,0.5575204621594885,4,2019-06-01
Siaya,2019,7,0.5188866474550088,4,2019-07-01
Siaya,2019,8,0.4527138992620756,4,2019-08-01
Siaya,2019,9,0.4713243583328683,4,2019-09-01
Siaya,2019,10,0.5292463057140785,3,2019-10-01
Siaya,2019,11,0.5445376843572026,4,2019-11-01
Siaya,2019,12,0.5633758029663392,4,2019-12-01
Siaya,2020,1,0.5251449916251189,4,2020-01-01
Siaya,2020,2,0.5224695321186541,4,2020-02-01
Siaya,2020,3,0.5235682762132171,4,2020-03-01
Siaya,2020,4,0.5534841217430112,4,2020-04-01
Siaya,2020,5,0.5784814833723181,3,2020-05-01
Siaya,2020,6,0.5416024228553614,4,2020-06-01
Siaya,2020,7,0.5079042380415077,4,2020-07-01
Siaya,2020,8,0.3850154335017529,4,2020-08-01
Siaya,2020,9,0.4743922952234334,4,2020-09-01
Siaya,2020,10,0.5007095727082016,4,2020-10-01
Siaya,2020,11,0.5727799303520357,3,2020-11-01
Siaya,2020,12,0.5603841455781453,4,2020-12-01
Siaya,2021,1,0.520295890026895,4,2021-01-01
Siaya,2021,2,0.45090798025430895,4,2021-02-01
Siaya,2021,3,0.46243712019671956,4,2021-03-01
Siaya,2021,4,0.5159104630888453,3,2021-04-01
Siaya,2021,5,0.6079680239866576,4,2021-05-01
Siaya,2021,6,0.5578811621221456,4,2021-06-01
Siaya,2021,7,0.4512202440931514,4,2021-07-01
Siaya,2021,8,0.43851510305572877,4,2021-08-01
Siaya,2021,9,0.4690468858541116,4,2021-09-01
Siaya,2021,10,0.49343387922816334,3,2021-10-01
Siaya,2021,11,0.5105093179984774,4,2021-11-01
Siaya,2021,12,0.5136038663327203,4,2021-12-01
Siaya,2022,1,0.4378071747117378,4,2022-01-01
Siaya,2022,2,0.4346496779019544,4,2022-02-01
Siaya,2022,3,0.396997693287392,4,2022-03-01
Siaya,2022,4,0.4825896426537129,3,2022-04-01
Siaya,2022,5,0.5310493125043618,4,2022-05-01
Siaya,2022,6,0.5561792402199887,4,2022-06-01
Siaya,2022,7,0.4886693809100635,4,2022-07-01
Siaya,2022,8,0.4857969233007323,4,2022-08-01
Siaya,2022,9,0.4690384801294776,4,2022-09-01
Siaya,2022,10,0.4425017940359319,3,2022-10-01
Siaya,2022,11,0.5077813870609672,4,2022-11-01
Siaya,2022,12,0.5367839579213327,3,2022-12-01
Siaya,2023,1,0.47454756876621235,4,2023-01-01
Siaya,2023,2,0.33712052931048486,3,2023-02-01
Siaya,2023,3,0.4254977097645678,4,2023-03-01
Siaya,2023,4,0.5279938436593458,3,2023-04-01
Siaya,2023,5,0.6325453012390484,4,2023-05-01
Siaya,2023,6,0.5628002717672982,4,2023-06-01
Siaya,2023,7,0.5136135839129964,4,2023-07-01
Siaya,2023,8,0.44261606074900334,4,2023-08-01
Siaya,2023,9,0.47858436083566525,4,2023-09-01
Siaya,2023,10,0.5297569458875511,2,2023-10-01
Siaya,2023,11,0.5643089716979172,4,2023-11-01
Siaya,2023,12,0.5918208370492518,4,2023-12-01
Siaya,2024,1,0.5295009824601181,4,2024-01-01
Siaya,2024,2,0.5204112717528143,4,2024-02-01
Siaya,2024,3,0.4676307224625178,4,2024-03-01
Siaya,2024,4,0.5948740293992321,4,2024-04-01
Siaya,2024,5,0.6276774306899322,3,2024-05-01
Siaya,2024,6,0.5820942559130575,4,2024-06-01
Siaya,2024,7,0.5266700542125591,4,2024-07-01
Siaya,2024,8,0.5059612110967907,3,2024-08-01
Siaya,2024,9,0.46587216040373036,4,2024-09-01
Siaya,2024,10,0.5096062481755383,4,2024-10-01
Siaya,2024,11,0.5959626958942749,3,2024-11-01
Siaya,2024,12,0.5924668581586504,3,2024-12-01
Siaya,2025,1,0.4742179121034006,4,2025-01-01
Siaya,2025,2,0.394916663427791,4,2025-02-01
Siaya,2025,3,0.4561682161145092,4,2025-03-01
Siaya,2025,4,0.5552311198307174,3,2025-04-01
Siaya,2025,5,0.6051108883114323,4,2025-05-01
Siaya,2025,6,0.6043160477976923,4,2025-06-01
Siaya,2025,11,0.5111159113796575,1,2025-11-01
Siaya,2025,12,0.5646839049006481,2,2025-12-01
Siaya,2026,1,0.5015363303196962,3,2026-01-01
Siaya,2026,2,0.5209508810338392,3,2026-02-01
Siaya,2026,3,0.5862101778628612,2,2026-03-01
Siaya,2026,4,0.5404127581344811,2,2026-04-01
Siaya,2026,5,0.6038551432343093,2,2026-05-01
Siaya,2026,7,0.5655632203931843,3,2026-07-01
Siaya,2026,8,0.5217452054794519,1,2026-08-01
Taita Taveta,2000,12,0.5751055267358319,1,2000-12-01
Taita Taveta,2001,1,0.5587540901835593,2,2001-01-01
Taita Taveta,2001,2,0.4336261472466073,2,2001-02-01
Taita Taveta,2001,3,0.3560814744612924,2,2001-03-01
Taita Taveta,2001,4,0.4699379688746996,2,2001-04-01
Taita Taveta,2001,5,0.3874153731045493,2,2001-05-01
Taita Taveta,2001,6,0.33214360534716686,2,2001-06-01
Taita Taveta,2001,7,0.30007210694333586,2,2001-07-01
Taita Taveta,2001,8,0.2666088886671987,2,2001-08-01
Taita Taveta,2001,9,0.2536877693535511,2,2001-09-01
Taita Taveta,2001,10,0.26528453711093386,1,2001-10-01
Taita Taveta,2001,11,0.3216025937749404,2,2001-11-01
Taita Taveta,2001,12,0.41138604349561037,2,2001-12-01
Taita Taveta,2002,1,0.45785821029529183,2,2002-01-01
Taita Taveta,2002,2,0.3662803970470864,2,2002-02-01
Taita Taveta,2002,3,0.4702208699122107,2,2002-03-01
Taita Taveta,2002,4,0.43636917398244124,2,2002-04-01
Taita Taveta,2002,5,0.3688748503591387,2,2002-05-01
Taita Taveta,2002,6,0.2988842877094977,2,2002-06-01
Taita Taveta,2002,7,0.2757343824820435,4,2002-07-01
Taita Taveta,2002,8,0.24267254588986437,4,2002-08-01
Taita Taveta,2002,9,0.3162226057462092,4,2002-09-01
Taita Taveta,2002,10,0.3518064777866454,3,2002-10-01
Taita Taveta,2002,11,0.5496105197525941,4,2002-11-01
Taita Taveta,2002,12,0.5880443435754192,4,2002-12-01
Taita Taveta,2003,1,0.5050258280127697,4,2003-01-01
Taita Taveta,2003,2,0.37291801177174755,4,2003-02-01
Taita Taveta,2003,3,0.37836492418196344,4,2003-03-01
Taita Taveta,2003,4,0.40055738228252163,3,2003-04-01
Taita Taveta,2003,5,0.42236249002394294,4,2003-05-01
Taita Taveta,2003,6,0.39560956205107717,4,2003-06-01
Taita Taveta,2003,7,0.3014087789305665,4,2003-07-01
Taita Taveta,2003,8,0.2827848862729448,4,2003-08-01
Taita Taveta,2003,9,0.258925054868316,4,2003-09-01
Taita Taveta,2003,10,0.2598094306996537,3,2003-10-01
Taita Taveta,2003,11,0.32823445231444504,4,2003-11-01
Taita Taveta,2003,12,0.330028765961692,4,2003-12-01
Taita Taveta,2004,1,0.40292949920191523,4,2004-01-01
Taita Taveta,2004,2,0.45971437051077435,4,2004-02-01
Taita Taveta,2004,3,0.4129093276137269,4,2004-03-01
Taita Taveta,2004,4,0.5485660963687152,4,2004-04-01
Taita Taveta,2004,5,0.44389822426177217,3,2004-05-01
Taita Taveta,2004,6,0.35037228152434186,4,2004-06-01
Taita Taveta,2004,7,0.31179486233040704,4,2004-07-01
Taita Taveta,2004,8,0.2738755736233039,4,2004-08-01
Taita Taveta,2004,9,0.26209081703910614,4,2004-09-01
Taita Taveta,2004,10,0.3408951765762173,4,2004-10-01
Taita Taveta,2004,11,0.4371535182229321,3,2004-11-01
Taita Taveta,2004,12,0.5241898743016755,4,2004-12-01
Taita Taveta,2005,1,0.45089344074221815,4,2005-01-01
Taita Taveta,2005,2,0.40634001396648023,4,2005-02-01
Taita Taveta,2005,3,0.40643352952913026,4,2005-03-01
Taita Taveta,2005,4,0.5008572692205384,3,2005-04-01
Taita Taveta,2005,5,0.3853765562649646,4,2005-05-01
Taita Taveta,2005,6,0.29241658020750205,4,2005-06-01
Taita Taveta,2005,7,0.26143274142059064,4,2005-07-01
Taita Taveta,2005,8,0.25908593874700686,4,2005-08-01
Taita Taveta,2005,9,0.2537648044692734,4,2005-09-01
Taita Taveta,2005,10,0.2681211558925243,3,2005-10-01
Taita Taveta,2005,11,0.3721899790502789,4,2005-11-01
Taita Taveta,2005,12,0.3661130237430168,4,2005-12-01
Taita Taveta,2006,1,0.2933179968076614,4,2006-01-01
Taita Taveta,2006,2,0.28032468076616124,4,2006-02-01
Taita Taveta,2006,3,0.4308099361532319,4,2006-03-01
Taita Taveta,2006,4,0.48762390928438504,3,2006-04-01
Taita Taveta,2006,5,0.5143313148443744,4,2006-05-01
Taita Taveta,2006,6,0.36484941640063856,4,2006-06-01
Taita Taveta,2006,7,0.298205696328811,4,2006-07-01
Taita Taveta,2006,8,0.27268646747805264,4,2006-08-01
Taita Taveta,2006,9,0.26030957701516366,4,2006-09-01
Taita Taveta,2006,10,0.39806429901569523,3,2006-10-01
Taita Taveta,2006,11,0.5672690742218672,4,2006-11-01
Taita Taveta,2006,12,0.6604111532322426,4,2006-12-01
Taita Taveta,2007,1,0.6371628790901841,4,2007-01-01
Taita Taveta,2007,2,0.4976282721468474,4,2007-02-01
Taita Taveta,2007,3,0.46985075818036726,4,2007-03-01
Taita Taveta,2007,4,0.4329097898377221,3,2007-04-01
Taita Taveta,2007,5,0.4525969323623307,4,2007-05-01
Taita Taveta,2007,6,0.39822037110933745,4,2007-06-01
Taita Taveta,2007,7,0.31183446727853154,4,2007-07-01
Taita Taveta,2007,8,0.30008344473264204,4,2007-08-01
Taita Taveta,2007,9,0.2858056314844376,4,2007-09-01
Taita Taveta,2007,10,0.31172568502261183,3,2007-10-01
Taita Taveta,2007,11,0.3853156524341574,4,2007-11-01
Taita Taveta,2007,12,0.4762781723862724,4,2007-12-01
Taita Taveta,2008,1,0.4028117368316043,4,2008-01-01
Taita Taveta,2008,2,0.36789967577813243,4,2008-02-01
Taita Taveta,2008,3,0.44045766161213046,4,2008-03-01
Taita Taveta,2008,4,0.5411754688747002,4,2008-04-01
Taita Taveta,2008,5,0.4004245677041769,3,2008-05-01
Taita Taveta,2008,6,0.3364702663607343,4,2008-06-01
Taita Taveta,2008,7,0.28022611233040673,4,2008-07-01
Taita Taveta,2008,8,0.26653624800478876,4,2008-08-01
Taita Taveta,2008,9,0.26894717178770944,4,2008-09-01
Taita Taveta,2008,10,0.26593346967278586,4,2008-10-01
Taita Taveta,2008,11,0.430450931098697,3,2008-11-01
Taita Taveta,2008,12,0.4100962988826813,4,2008-12-01
Taita Taveta,2009,1,0.32528958998403823,4,2009-01-01
Taita Taveta,2009,2,0.3018361981245006,4,2009-02-01
Taita Taveta,2009,3,0.304860644453312,4,2009-03-01
Taita Taveta,2009,4,0.33557063713753665,3,2009-04-01
Taita Taveta,2009,5,0.2909535963687147,4,2009-05-01
Taita Taveta,2009,6,0.2600514964086195,4,2009-06-01
Taita Taveta,2009,7,0.2492591829608942,4,2009-07-01
Taita Taveta,2009,8,0.21808051675977674,4,2009-08-01
Taita Taveta,2009,9,0.227687490023943,4,2009-09-01
Taita Taveta,2009,10,0.2685535514764566,3,2009-10-01
Taita Taveta,2009,11,0.3649177523942545,4,2009-11-01
Taita Taveta,2009,12,0.49962603750997603,4,2009-12-01
Taita Taveta,2010,1,0.5312013816839595,4,2010-01-01
Taita Taveta,2010,2,0.4023796139265764,4,2010-02-01
Taita Taveta,2010,3,0.43984308160415064,4,2010-03-01
Taita Taveta,2010,4,0.5172388135142337,3,2010-04-01
Taita Taveta,2010,5,0.44659672286512386,4,2010-05-01
Taita Taveta,2010,6,0.3242792847166804,4,2010-06-01
Taita Taveta,2010,7,0.28858567438148475,4,2010-07-01
Taita Taveta,2010,8,0.275068690143655,4,2010-08-01
Taita Taveta,2010,9,0.2668740273343976,4,2010-09-01
Taita Taveta,2010,10,0.25791184490556,3,2010-10-01
Taita Taveta,2010,11,0.355515403032722,4,2010-11-01
Taita Taveta,2010,12,0.4441680117717482,4,2010-12-01
Taita Taveta,2011,1,0.3435854150039904,4,2011-01-01
Taita Taveta,2011,2,0.33710707302474063,4,2011-02-01
Taita Taveta,2011,3,0.3765957751396653,4,2011-03-01
Taita Taveta,2011,4,0.4482398111199782,3,2011-04-01
Taita Taveta,2011,5,0.4056620411013568,4,2011-05-01
Taita Taveta,2011,6,0.3126967378292095,4,2011-06-01
Taita Taveta,2011,7,0.27938873703112554,4,2011-07-01
Taita Taveta,2011,8,0.2556589934158021,4,2011-08-01
Taita Taveta,2011,9,0.23363181863527538,4,2011-09-01
Taita Taveta,2011,10,0.31983954509178025,3,2011-10-01
Taita Taveta,2011,11,0.46705152633679076,4,2011-11-01
Taita Taveta,2011,12,0.4952798483639258,4,2011-12-01
Taita Taveta,2012,1,0.37736493914604985,4,2012-01-01
Taita Taveta,2012,2,0.3223433559457301,4,2012-02-01
Taita Taveta,2012,3,0.34756622106943325,4,2012-03-01
Taita Taveta,2012,4,0.386349196927374,4,2012-04-01
Taita Taveta,2012,5,0.3761542498004788,3,2012-05-01
Taita Taveta,2012,6,0.28731393655227455,4,2012-06-01
Taita Taveta,2012,7,0.26879715183559494,4,2012-07-01
Taita Taveta,2012,8,0.2549940343176378,4,2012-08-01
Taita Taveta,2012,9,0.2384251795690342,4,2012-09-01
Taita Taveta,2012,10,0.25974033320031914,4,2012-10-01
Taita Taveta,2012,11,0.41128253524873637,3,2012-11-01
Taita Taveta,2012,12,0.4765529529130081,4,2012-12-01
Taita Taveta,2013,1,0.412995016959298,4,2013-01-01
Taita Taveta,2013,2,0.3170683160415008,4,2013-02-01
Taita Taveta,2013,3,0.3798016809656825,4,2013-03-01
Taita Taveta,2013,4,0.46439442670923065,3,2013-04-01
Taita Taveta,2013,5,0.40230756185155647,4,2013-05-01
Taita Taveta,2013,6,0.29739347565841984,4,2013-06-01
Taita Taveta,2013,7,0.26083417797286534,4,2013-07-01
Taita Taveta,2013,8,0.24874373004788514,4,2013-08-01
Taita Taveta,2013,9,0.25000188547486024,4,2013-09-01
Taita Taveta,2013,10,0.2639307994147377,3,2013-10-01
Taita Taveta,2013,11,0.3136363228252197,4,2013-11-01
Taita Taveta,2013,12,0.5048126247007179,4,2013-12-01
Taita Taveta,2014,1,0.4334460195530726,4,2014-01-01
Taita Taveta,2014,2,0.42491129289704743,4,2014-02-01
Taita Taveta,2014,3,0.4675998104549084,4,2014-03-01
Taita Taveta,2014,4,0.4923610601223725,3,2014-04-01
Taita Taveta,2014,5,0.39144509177972897,4,2014-05-01
Taita Taveta,2014,6,0.3124118266161214,4,2014-06-01
Taita Taveta,2014,7,0.2606903930566637,4,2014-07-01
Taita Taveta,2014,8,0.25822976356743793,4,2014-08-01
Taita Taveta,2014,9,0.2754811602154831,4,2014-09-01
Taita Taveta,2014,10,0.29567537909018343,3,2014-10-01
Taita Taveta,2014,11,0.4031435654429367,4,2014-11-01
Taita Taveta,2014,12,0.4919093375897842,4,2014-12-01
Taita Taveta,2015,1,0.3810159317637673,4,2015-01-01
Taita Taveta,2015,2,0.3125899840383083,4,2015-02-01
Taita Taveta,2015,3,0.33239354050279324,4,2015-03-01
Taita Taveta,2015,4,0.45711067438148373,3,2015-04-01
Taita Taveta,2015,5,0.45141663008778954,4,2015-05-01
Taita Taveta,2015,6,0.372950498802873,4,2015-06-01
Taita Taveta,2015,7,0.27940151137270525,4,2015-07-01
Taita Taveta,2015,8,0.26840780127693553,4,2015-08-01
Taita Taveta,2015,9,0.25437635175578566,4,2015-09-01
Taita Taveta,2015,10,0.2986472200053208,3,2015-10-01
Taita Taveta,2015,11,0.4142178272146842,4,2015-11-01
Taita Taveta,2015,12,0.5415593974461295,4,2015-12-01
Taita Taveta,2016,1,0.42028897146847616,4,2016-01-01
Taita Taveta,2016,2,0.35992156823623267,4,2016-02-01
Taita Taveta,2016,3,0.36632876097366357,4,2016-03-01
Taita Taveta,2016,4,0.473988816839585,4,2016-04-01
Taita Taveta,2016,5,0.4202671122638994,3,2016-05-01
Taita Taveta,2016,6,0.32303003292098986,4,2016-06-01
Taita Taveta,2016,7,0.2922123902633684,4,2016-07-01
Taita Taveta,2016,8,0.26121546787709493,4,2016-08-01
Taita Taveta,2016,9,0.2519133030726255,4,2016-09-01
Taita Taveta,2016,10,0.24767463587390254,4,2016-10-01
Taita Taveta,2016,11,0.31979948789571705,3,2016-11-01
Taita Taveta,2016,12,0.4214270151636075,4,2016-12-01
Taita Taveta,2017,1,0.35708654229848363,4,2017-01-01
Taita Taveta,2017,2,0.29194312649640836,4,2017-02-01
Taita Taveta,2017,3,0.3022446328810853,4,2017-03-01
Taita Taveta,2017,4,0.3359384410747539,3,2017-04-01
Taita Taveta,2017,5,0.4002197176775741,4,2017-05-01
Taita Taveta,2017,6,0.33129933659217925,4,2017-06-01
Taita Taveta,2017,7,0.2707564445331205,4,2017-07-01
Taita Taveta,2017,8,0.2554478551476458,4,2017-08-01
Taita Taveta,2017,9,0.2495791650039905,4,2017-09-01
Taita Taveta,2017,10,0.27352454110135666,3,2017-10-01
Taita Taveta,2017,11,0.4028489674780523,4,2017-11-01
Taita Taveta,2017,12,0.4215951366719874,4,2017-12-01
Taita Taveta,2018,1,0.3232811252992817,4,2018-01-01
Taita Taveta,2018,2,0.28551016061452567,4,2018-02-01
Taita Taveta,2018,3,0.51986548782921,4,2018-03-01
Taita Taveta,2018,4,0.6095359404096835,3,2018-04-01
Taita Taveta,2018,5,0.568988841779729,4,2018-05-01
Taita Taveta,2018,6,0.43187571827613686,4,2018-06-01
Taita Taveta,2018,7,0.3324621857541906,4,2018-07-01
Taita Taveta,2018,8,0.2801877793296093,4,2018-08-01
Taita Taveta,2018,9,0.2864707003192335,4,2018-09-01
Taita Taveta,2018,10,0.32063417797286514,3,2018-10-01
Taita Taveta,2018,11,0.47099220869912267,4,2018-11-01
Taita Taveta,2018,12,0.5031326217079013,4,2018-12-01
Taita Taveta,2019,1,0.38740024940143636,4,2019-01-01
Taita Taveta,2019,2,0.32299823922585846,4,2019-02-01
Taita Taveta,2019,3,0.31499137569832425,4,2019-03-01
Taita Taveta,2019,4,0.34963768954509183,3,2019-04-01
Taita Taveta,2019,5,0.43813678172386294,4,2019-05-01
Taita Taveta,2019,6,0.3752123403830801,4,2019-06-01
Taita Taveta,2019,7,0.28630048383878676,4,2019-07-01
Taita Taveta,2019,8,0.2615292996807661,4,2019-08-01
Taita Taveta,2019,9,0.2585843774940148,4,2019-09-01
Taita Taveta,2019,10,0.5122844839052946,3,2019-10-01
Taita Taveta,2019,11,0.6291618365921787,4,2019-11-01
Taita Taveta,2019,12,0.6631493615323223,4,2019-12-01
Taita Taveta,2020,1,0.6252847765363125,4,2020-01-01
Taita Taveta,2020,2,0.6204461841580213,4,2020-02-01
Taita Taveta,2020,3,0.6322726506384682,4,2020-03-01
Taita Taveta,2020,4,0.6158140363128493,4,2020-04-01
Taita Taveta,2020,5,0.5442698723064652,3,2020-05-01
Taita Taveta,2020,6,0.4190136721867518,4,2020-06-01
Taita Taveta,2020,7,0.34921183659217936,4,2020-07-01
Taita Taveta,2020,8,0.2593261453495678,4,2020-08-01
Taita Taveta,2020,9,0.3146490373104553,4,2020-09-01
Taita Taveta,2020,10,0.30823247206703863,4,2020-10-01
Taita Taveta,2020,11,0.5124042231976592,3,2020-11-01
Taita Taveta,2020,12,0.5756994812450117,4,2020-12-01
Taita Taveta,2021,1,0.5063696977254581,4,2021-01-01
Taita Taveta,2021,2,0.44511956803671215,4,2021-02-01
Taita Taveta,2021,3,0.3970601256983236,4,2021-03-01
Taita Taveta,2021,4,0.47558902633679107,3,2021-04-01
Taita Taveta,2021,5,0.4349676276935357,4,2021-05-01
Taita Taveta,2021,6,0.31202670091779733,4,2021-06-01
Taita Taveta,2021,7,0.2825839684756584,4,2021-07-01
Taita Taveta,2021,8,0.28300548683160387,4,2021-08-01
Taita Taveta,2021,9,0.27378179369513156,4,2021-09-01
Taita Taveta,2021,10,0.2738730114392129,3,2021-10-01
Taita Taveta,2021,11,0.27931289904229833,4,2021-11-01
Taita Taveta,2021,12,0.5134384377494012,4,2021-12-01
Taita Taveta,2022,1,0.47537302474062304,4,2022-01-01
Taita Taveta,2022,2,0.398721638068635,4,2022-02-01
Taita Taveta,2022,3,0.3270988976456502,4,2022-03-01
Taita Taveta,2022,4,0.3437876496408621,3,2022-04-01
Taita Taveta,2022,5,0.3292127144852358,4,2022-05-01
Taita Taveta,2022,6,0.28804875299281746,4,2022-06-01
Taita Taveta,2022,7,0.23316724860335192,4,2022-07-01
Taita Taveta,2022,8,0.24970129189944115,4,2022-08-01
Taita Taveta,2022,9,0.22977026137270506,4,2022-09-01
Taita Taveta,2022,10,0.23762189412077694,3,2022-10-01
Taita Taveta,2022,11,0.3120700468874701,4,2022-11-01
Taita Taveta,2022,12,0.397427088321362,3,2022-12-01
Taita Taveta,2023,1,0.33972298483639235,4,2023-01-01
Taita Taveta,2023,2,0.2842878624634209,3,2023-02-01
Taita Taveta,2023,3,0.2680994213886673,4,2023-03-01
Taita Taveta,2023,4,0.3533902234636875,3,2023-04-01
Taita Taveta,2023,5,0.3747679668794887,4,2023-05-01
Taita Taveta,2023,6,0.3214183210295286,4,2023-06-01
Taita Taveta,2023,7,0.2656838886671991,4,2023-07-01
Taita Taveta,2023,8,0.251833185355148,4,2023-08-01
Taita Taveta,2023,9,0.23870366121308906,4,2023-09-01
Taita Taveta,2023,10,0.25852851157222634,2,2023-10-01
Taita Taveta,2023,11,0.4970497954908225,4,2023-11-01
Taita Taveta,2023,12,0.672358514565043,4,2023-12-01
Taita Taveta,2024,1,0.6374384926177179,4,2024-01-01
Taita Taveta,2024,2,0.5075517009177978,4,2024-02-01
Taita Taveta,2024,3,0.5433163407821231,4,2024-03-01
Taita Taveta,2024,4,0.6115957053072624,4,2024-04-01
Taita Taveta,2024,5,0.49652856477786594,3,2024-05-01
Taita Taveta,2024,6,0.3841909068236232,4,2024-06-01
Taita Taveta,2024,7,0.33933899640861875,4,2024-07-01
Taita Taveta,2024,8,0.2941016294227184,3,2024-08-01
Taita Taveta,2024,9,0.2998154928172387,4,2024-09-01
Taita Taveta,2024,10,0.29919950119712657,4,2024-10-01
Taita Taveta,2024,11,0.3962314777866455,3,2024-11-01
Taita Taveta,2024,12,0.6012486100026598,3,2024-12-01
Taita Taveta,2025,1,0.557381439545092,4,2025-01-01
Taita Taveta,2025,2,0.47375819034317657,4,2025-02-01
Taita Taveta,2025,3,0.47687207202713505,4,2025-03-01
Taita Taveta,2025,4,0.6610805865921772,3,2025-04-01
Taita Taveta,2025,5,0.5671655676376702,4,2025-05-01
Taita Taveta,2025,6,0.4317339984038303,4,2025-06-01
Taita Taveta,2025,11,0.4012508180367119,1,2025-11-01
Taita Taveta,2025,12,0.39563690143655283,2,2025-12-01
Taita Taveta,2026,1,0.3703525139664808,3,2026-01-01
Taita Taveta,2026,2,0.3960531125299278,3,2026-02-01
Taita Taveta,2026,3,0.7098078212290515,2,2026-03-01
Taita Taveta,2026,4,0.623527444134078,2,2026-04-01
Taita Taveta,2026,5,0.5011337190742214,2,2026-05-01
Taita Taveta,2026,7,0.3481314844373505,3,2026-07-01
Taita Taveta,2026,8,0.3353643455706309,1,2026-08-01
Tana River,2000,12,0.4032783371139431,1,2000-12-01
Tana River,2001,1,0.3379824812423655,2,2001-01-01
Tana River,2001,2,0.28807004013261195,2,2001-02-01
Tana River,2001,3,0.27523584016751046,2,2001-03-01
Tana River,2001,4,0.3721292313732354,2,2001-04-01
Tana River,2001,5,0.3248501395916943,2,2001-05-01
Tana River,2001,6,0.251456238003838,2,2001-06-01
Tana River,2001,7,0.26465166201361007,2,2001-07-01
Tana River,2001,8,0.24816210521723933,2,2001-08-01
Tana River,2001,9,0.23713459692898242,2,2001-09-01
Tana River,2001,10,0.24250519979061297,1,2001-10-01
Tana River,2001,11,0.3666779227010993,2,2001-11-01
Tana River,2001,12,0.4618166157738602,2,2001-12-01
Tana River,2002,1,0.3944023250741582,2,2002-01-01
Tana River,2002,2,0.30074515355086223,2,2002-02-01
Tana River,2002,3,0.29249756150758965,2,2002-03-01
Tana River,2002,4,0.36548762868609325,2,2002-04-01
Tana River,2002,5,0.3732980849764439,2,2002-05-01
Tana River,2002,6,0.2987564255801771,2,2002-06-01
Tana River,2002,7,0.2745819534112718,4,2002-07-01
Tana River,2002,8,0.25414316655034025,4,2002-08-01
Tana River,2002,9,0.2882166637585064,4,2002-09-01
Tana River,2002,10,0.3375616326411915,3,2002-10-01
Tana River,2002,11,0.481273215843657,4,2002-11-01
Tana River,2002,12,0.5037688012563243,4,2002-12-01
Tana River,2003,1,0.39052710914325556,4,2003-01-01
Tana River,2003,2,0.3093853210608974,4,2003-02-01
Tana River,2003,3,0.2933598477578081,4,2003-03-01
Tana River,2003,4,0.3361639097307047,3,2003-04-01
Tana River,2003,5,0.39805155295759864,4,2003-05-01
Tana River,2003,6,0.3441267579829002,4,2003-06-01
Tana River,2003,7,0.2946269237480369,4,2003-07-01
Tana River,2003,8,0.2714055029663235,4,2003-08-01
Tana River,2003,9,0.25512320493805657,4,2003-09-01
Tana River,2003,10,0.2817784069097891,3,2003-10-01
Tana River,2003,11,0.44330301648926873,4,2003-11-01
Tana River,2003,12,0.4496792095620313,4,2003-12-01
Tana River,2004,1,0.36496517187227406,4,2004-01-01
Tana River,2004,2,0.29801899101378493,4,2004-02-01
Tana River,2004,3,0.28977965014831614,4,2004-03-01
Tana River,2004,4,0.36767712222997817,4,2004-04-01
Tana River,2004,5,0.3055408771011459,3,2004-05-01
Tana River,2004,6,0.30667257895655164,4,2004-06-01
Tana River,2004,7,0.29291856351422085,4,2004-07-01
Tana River,2004,8,0.25906823852730765,4,2004-08-01
Tana River,2004,9,0.24512419952887804,4,2004-09-01
Tana River,2004,10,0.29816639548071894,4,2004-10-01
Tana River,2004,11,0.4002599662653414,3,2004-11-01
Tana River,2004,12,0.4602170454545458,4,2004-12-01
Tana River,2005,1,0.35813652285813946,4,2005-01-01
Tana River,2005,2,0.2881145197173266,4,2005-02-01
Tana River,2005,3,0.28500832751701316,4,2005-03-01
Tana River,2005,4,0.3501362851160353,3,2005-04-01
Tana River,2005,5,0.32314580134357007,4,2005-05-01
Tana River,2005,6,0.2773413213226317,4,2005-06-01
Tana River,2005,7,0.26223661010294863,4,2005-07-01
Tana River,2005,8,0.25553717937532716,4,2005-08-01
Tana River,2005,9,0.23925099240970124,4,2005-09-01
Tana River,2005,10,0.2532539463735244,3,2005-10-01
Tana River,2005,11,0.3276774319490492,4,2005-11-01
Tana River,2005,12,0.34522145349851685,4,2005-12-01
Tana River,2006,1,0.2813407520502532,4,2006-01-01
Tana River,2006,2,0.25138475833187923,4,2006-02-01
Tana River,2006,3,0.2612331333973124,4,2006-03-01
Tana River,2006,4,0.32727266910952113,3,2006-04-01
Tana River,2006,5,0.335907289303786,4,2006-05-01
Tana River,2006,6,0.2830525540917813,4,2006-06-01
Tana River,2006,7,0.2555654706857438,4,2006-07-01
Tana River,2006,8,0.2566190608096324,4,2006-08-01
Tana River,2006,9,0.2431736804222652,4,2006-09-01
Tana River,2006,10,0.3049469318908859,3,2006-10-01
Tana River,2006,11,0.46020221819926577,4,2006-11-01
Tana River,2006,12,0.5424045781713491,4,2006-12-01
Tana River,2007,1,0.4672093809980803,4,2007-01-01
Tana River,2007,2,0.35078479322980355,4,2007-02-01
Tana River,2007,3,0.310004661053917,4,2007-03-01
Tana River,2007,4,0.3262132902925612,3,2007-04-01
Tana River,2007,5,0.36630720424009755,4,2007-05-01
Tana River,2007,6,0.3417786206595709,4,2007-06-01
Tana River,2007,7,0.29998705723259445,4,2007-07-01
Tana River,2007,8,0.27981295367300596,4,2007-08-01
Tana River,2007,9,0.2746354846449134,4,2007-09-01
Tana River,2007,10,0.3016228726807422,3,2007-10-01
Tana River,2007,11,0.39602977010992885,4,2007-11-01
Tana River,2007,12,0.45685800907346014,4,2007-12-01
Tana River,2008,1,0.35501309762694155,4,2008-01-01
Tana River,2008,2,0.3115912537079043,4,2008-02-01
Tana River,2008,3,0.3103388566567788,4,2008-03-01
Tana River,2008,4,0.3964013479322988,4,2008-04-01
Tana River,2008,5,0.35560219275286536,3,2008-05-01
Tana River,2008,6,0.32171781757110424,4,2008-06-01
Tana River,2008,7,0.27865815084627454,4,2008-07-01
Tana River,2008,8,0.26722609056011193,4,2008-08-01
Tana River,2008,9,0.2528899908392947,4,2008-09-01
Tana River,2008,10,0.2705007786599195,4,2008-10-01
Tana River,2008,11,0.42669291862967534,3,2008-11-01
Tana River,2008,12,0.3562063906822546,4,2008-12-01
Tana River,2009,1,0.30167812990752113,4,2009-01-01
Tana River,2009,2,0.2574957729890072,4,2009-02-01
Tana River,2009,3,0.2563402896527657,4,2009-03-01
Tana River,2009,4,0.30055395218984476,3,2009-04-01
Tana River,2009,5,0.28855940935264307,4,2009-05-01
Tana River,2009,6,0.2673629667597279,4,2009-06-01
Tana River,2009,7,0.254382934915372,4,2009-07-01
Tana River,2009,8,0.23521452844180799,4,2009-08-01
Tana River,2009,9,0.22994675885534854,4,2009-09-01
Tana River,2009,10,0.30245633688128953,3,2009-10-01
Tana River,2009,11,0.4048835936136799,4,2009-11-01
Tana River,2009,12,0.41300161402896585,4,2009-12-01
Tana River,2010,1,0.3314810613331008,4,2010-01-01
Tana River,2010,2,0.2777668011690804,4,2010-02-01
Tana River,2010,3,0.36982597714186005,4,2010-03-01
Tana River,2010,4,0.43980423428139304,3,2010-04-01
Tana River,2010,5,0.37675124541964766,4,2010-05-01
Tana River,2010,6,0.29595557930553135,4,2010-06-01
Tana River,2010,7,0.2822683344965984,4,2010-07-01
Tana River,2010,8,0.2667343766358396,4,2010-08-01
Tana River,2010,9,0.2557077691502354,4,2010-09-01
Tana River,2010,10,0.2509268423195489,3,2010-10-01
Tana River,2010,11,0.3483610255627292,4,2010-11-01
Tana River,2010,12,0.3229787689757456,4,2010-12-01
Tana River,2011,1,0.27414180553132095,4,2011-01-01
Tana River,2011,2,0.2526377224742632,4,2011-02-01
Tana River,2011,3,0.2528001112371318,4,2011-03-01
Tana River,2011,4,0.2901857296574187,3,2011-04-01
Tana River,2011,5,0.2916734034199956,4,2011-05-01
Tana River,2011,6,0.2531228450532195,4,2011-06-01
Tana River,2011,7,0.24464946126330445,4,2011-07-01
Tana River,2011,8,0.23311877944512277,4,2011-08-01
Tana River,2011,9,0.2225902612982033,4,2011-09-01
Tana River,2011,10,0.3130919153143727,3,2011-10-01
Tana River,2011,11,0.4776709976443895,4,2011-11-01
Tana River,2011,12,0.46355142645262626,4,2011-12-01
Tana River,2012,1,0.34799647749083923,4,2012-01-01
Tana River,2012,2,0.2858567920083754,4,2012-02-01
Tana River,2012,3,0.26522333144302945,4,2012-03-01
Tana River,2012,4,0.2982082119176417,4,2012-04-01
Tana River,2012,5,0.28883150396399176,3,2012-05-01
Tana River,2012,6,0.26034943072762207,4,2012-06-01
Tana River,2012,7,0.2562098281277262,4,2012-07-01
Tana River,2012,8,0.24813266445646448,4,2012-08-01
Tana River,2012,9,0.2303563557843309,4,2012-09-01
Tana River,2012,10,0.2707043338858843,4,2012-10-01
Tana River,2012,11,0.3746641685569707,3,2012-11-01
Tana River,2012,12,0.43046593744547207,4,2012-12-01
Tana River,2013,1,0.36186739443378185,4,2013-01-01
Tana River,2013,2,0.27811900628162656,4,2013-02-01
Tana River,2013,3,0.3254343482812773,4,2013-03-01
Tana River,2013,4,0.4209074507066828,3,2013-04-01
Tana River,2013,5,0.3643128097190724,4,2013-05-01
Tana River,2013,6,0.29473252922701143,4,2013-06-01
Tana River,2013,7,0.27072899145000856,4,2013-07-01
Tana River,2013,8,0.2594006630605479,4,2013-08-01
Tana River,2013,9,0.2498412798813469,4,2013-09-01
Tana River,2013,10,0.2681393154190652,3,2013-10-01
Tana River,2013,11,0.3471674097016233,4,2013-11-01
Tana River,2013,12,0.40386899973826507,4,2013-12-01
Tana River,2014,1,0.3240016227534465,4,2014-01-01
Tana River,2014,2,0.2746003337113942,4,2014-02-01
Tana River,2014,3,0.3165421697783988,4,2014-03-01
Tana River,2014,4,0.38234955505147417,3,2014-04-01
Tana River,2014,5,0.35987144477403654,4,2014-05-01
Tana River,2014,6,0.299064133659047,4,2014-06-01
Tana River,2014,7,0.2606304746117607,4,2014-07-01
Tana River,2014,8,0.2542878053568313,4,2014-08-01
Tana River,2014,9,0.2495466236258942,4,2014-09-01
Tana River,2014,10,0.26191321758855296,3,2014-10-01
Tana River,2014,11,0.40164948525562727,4,2014-11-01
Tana River,2014,12,0.41060499258419114,4,2014-12-01
Tana River,2015,1,0.31924836415983326,4,2015-01-01
Tana River,2015,2,0.26510364028965305,4,2015-02-01
Tana River,2015,3,0.2995128838771589,4,2015-03-01
Tana River,2015,4,0.3890693567149423,3,2015-04-01
Tana River,2015,5,0.3638258244634432,4,2015-05-01
Tana River,2015,6,0.3157522421915896,4,2015-06-01
Tana River,2015,7,0.26341480544407647,4,2015-07-01
Tana River,2015,8,0.2549375719769678,4,2015-08-01
Tana River,2015,9,0.242016637585064,4,2015-09-01
Tana River,2015,10,0.2809176060024431,3,2015-10-01
Tana River,2015,11,0.3929200815738966,4,2015-11-01
Tana River,2015,12,0.48159712964578527,4,2015-12-01
Tana River,2016,1,0.3723207577211656,4,2016-01-01
Tana River,2016,2,0.29352504362240456,4,2016-02-01
Tana River,2016,3,0.27502202931425546,4,2016-03-01
Tana River,2016,4,0.3087317134880476,4,2016-04-01
Tana River,2016,5,0.30742837782818583,3,2016-05-01
Tana River,2016,6,0.2760523032629557,4,2016-06-01
Tana River,2016,7,0.26086307145349863,4,2016-07-01
Tana River,2016,8,0.24990095314953784,4,2016-08-01
Tana River,2016,9,0.2340578651195254,4,2016-09-01
Tana River,2016,10,0.2358022618216712,4,2016-10-01
Tana River,2016,11,0.3075453963822486,3,2016-11-01
Tana River,2016,12,0.35766839774908443,4,2016-12-01
Tana River,2017,1,0.2877693683475834,4,2017-01-01
Tana River,2017,2,0.25029852338160874,4,2017-02-01
Tana River,2017,3,0.24806184784505292,4,2017-03-01
Tana River,2017,4,0.279066617227942,3,2017-04-01
Tana River,2017,5,0.29500523250741634,4,2017-05-01
Tana River,2017,6,0.2648338444425055,4,2017-06-01
Tana River,2017,7,0.23917675580177988,4,2017-07-01
Tana River,2017,8,0.23603685875065428,4,2017-08-01
Tana River,2017,9,0.23045003489792337,4,2017-09-01
Tana River,2017,10,0.23919038853021538,3,2017-10-01
Tana River,2017,11,0.32022086023381613,4,2017-11-01
Tana River,2017,12,0.3053994329087416,4,2017-12-01
Tana River,2018,1,0.2448276522421915,4,2018-01-01
Tana River,2018,2,0.23623781190019186,4,2018-02-01
Tana River,2018,3,0.36895670912580797,4,2018-03-01
Tana River,2018,4,0.49379274414005625,3,2018-04-01
Tana River,2018,5,0.4635507961088824,4,2018-05-01
Tana River,2018,6,0.36389788213226326,4,2018-06-01
Tana River,2018,7,0.3098625218112023,4,2018-07-01
Tana River,2018,8,0.2747670476356658,4,2018-08-01
Tana River,2018,9,0.2644742453324026,4,2018-09-01
Tana River,2018,10,0.27372542895364327,3,2018-10-01
Tana River,2018,11,0.33682427368696555,4,2018-11-01
Tana River,2018,12,0.3705624498342348,4,2018-12-01
Tana River,2019,1,0.30110130430989385,4,2019-01-01
Tana River,2019,2,0.26203319664979896,4,2019-02-01
Tana River,2019,3,0.25596121750130896,4,2019-03-01
Tana River,2019,4,0.26319636770778815,3,2019-04-01
Tana River,2019,5,0.2968134008026527,4,2019-05-01
Tana River,2019,6,0.2807777285813996,4,2019-06-01
Tana River,2019,7,0.25348342130518253,4,2019-07-01
Tana River,2019,8,0.24077121139417218,4,2019-08-01
Tana River,2019,9,0.2624064692025824,4,2019-09-01
Tana River,2019,10,0.3888710289071144,3,2019-10-01
Tana River,2019,11,0.5095600920432735,4,2019-11-01
Tana River,2019,12,0.573950959692899,4,2019-12-01
Tana River,2020,1,0.5043232878206247,4,2020-01-01
Tana River,2020,2,0.42340417248298723,4,2020-02-01
Tana River,2020,3,0.396243587506544,4,2020-03-01
Tana River,2020,4,0.4686031669865648,4,2020-04-01
Tana River,2020,5,0.4288054266271171,3,2020-05-01
Tana River,2020,6,0.351294409788867,4,2020-06-01
Tana River,2020,7,0.3146230718897228,4,2020-07-01
Tana River,2020,8,0.26604374236607886,4,2020-08-01
Tana River,2020,9,0.28391846754493133,4,2020-09-01
Tana River,2020,10,0.30733321191764085,4,2020-10-01
Tana River,2020,11,0.4195616791717563,3,2020-11-01
Tana River,2020,12,0.40021491450008734,4,2020-12-01
Tana River,2021,1,0.3217079959867388,4,2021-01-01
Tana River,2021,2,0.2848585630779972,4,2021-02-01
Tana River,2021,3,0.2708771854824643,4,2021-03-01
Tana River,2021,4,0.31633960332693506,3,2021-04-01
Tana River,2021,5,0.30867466994994175,4,2021-05-01
Tana River,2021,6,0.27109807843308326,4,2021-06-01
Tana River,2021,7,0.25405622055487703,4,2021-07-01
Tana River,2021,8,0.24606525911708277,4,2021-08-01
Tana River,2021,9,0.23872029096143804,4,2021-09-01
Tana River,2021,10,0.24284406735299116,3,2021-10-01
Tana River,2021,11,0.26790463269935505,4,2021-11-01
Tana River,2021,12,0.4935107681905434,4,2021-12-01
Tana River,2022,1,0.4217372971558201,4,2022-01-01
Tana River,2022,2,0.3050272094747862,4,2022-02-01
Tana River,2022,3,0.25091177150584504,4,2022-03-01
Tana River,2022,4,0.2845966701564586,3,2022-04-01
Tana River,2022,5,0.298824823329262,4,2022-05-01
Tana River,2022,6,0.27235287689757365,4,2022-06-01
Tana River,2022,7,0.24634693988832645,4,2022-07-01
Tana River,2022,8,0.2413463313557842,4,2022-08-01
Tana River,2022,9,0.2321470772989,4,2022-09-01
Tana River,2022,10,0.22818014017332608,3,2022-10-01
Tana River,2022,11,0.33935630343744516,4,2022-11-01
Tana River,2022,12,0.3477845314953761,3,2022-12-01
Tana River,2023,1,0.302730847583319,4,2023-01-01
Tana River,2023,2,0.2628751701273776,3,2023-02-01
Tana River,2023,3,0.270591087942767,4,2023-03-01
Tana River,2023,4,0.3756541761181879,3,2023-04-01
Tana River,2023,5,0.37680824681556435,4,2023-05-01
Tana River,2023,6,0.3051909854301167,4,2023-06-01
Tana River,2023,7,0.264262438928634,4,2023-07-01
Tana River,2023,8,0.25357540568836157,4,2023-08-01
Tana River,2023,9,0.2450994503577035,4,2023-09-01
Tana River,2023,10,0.270737022334671,2,2023-10-01
Tana River,2023,11,0.4806205592392262,4,2023-11-01
Tana River,2023,12,0.5495409701622749,4,2023-12-01
Tana River,2024,1,0.4451476509335199,4,2024-01-01
Tana River,2024,2,0.3402336743151299,4,2024-02-01
Tana River,2024,3,0.34693291964753126,4,2024-03-01
Tana River,2024,4,0.458358946955157,4,2024-04-01
Tana River,2024,5,0.40781504391322043,3,2024-05-01
Tana River,2024,6,0.3343350418775086,4,2024-06-01
Tana River,2024,7,0.293592014918863,4,2024-07-01
Tana River,2024,8,0.2771686151340658,3,2024-08-01
Tana River,2024,9,0.2680586677717671,4,2024-09-01
Tana River,2024,10,0.26170682908741927,4,2024-10-01
Tana River,2024,11,0.4479958209736521,3,2024-11-01
Tana River,2024,12,0.4726131158029426,3,2024-12-01
Tana River,2025,1,0.36038223695690086,4,2025-01-01
Tana River,2025,2,0.2905421348804742,4,2025-02-01
Tana River,2025,3,0.34831760382132254,4,2025-03-01
Tana River,2025,4,0.4699758768103293,3,2025-04-01
Tana River,2025,5,0.3994818792531854,4,2025-05-01
Tana River,2025,6,0.32773077124411115,4,2025-06-01
Tana River,2025,11,0.3448804746117606,1,2025-11-01
Tana River,2025,12,0.33712581573896394,2,2025-12-01
Tana River,2026,1,0.26127779619612596,3,2026-01-01
Tana River,2026,2,0.28406061769324725,3,2026-02-01
Tana River,2026,3,0.4681278616297321,2,2026-03-01
Tana River,2026,4,0.45407547112196855,2,2026-04-01
Tana River,2026,5,0.37812200750305414,2,2026-05-01
Tana River,2026,7,0.28746339498633217,3,2026-07-01
Tana River,2026,8,0.2816042313732339,1,2026-08-01
Tharaka-Nithi,2000,12,0.741429380764164,1,2000-12-01
Tharaka-Nithi,2001,1,0.6190654808959153,2,2001-01-01
Tharaka-Nithi,2001,2,0.4990469696969698,2,2001-02-01
Tharaka-Nithi,2001,3,0.4883419631093545,2,2001-03-01
Tharaka-Nithi,2001,4,0.6867669301712784,2,2001-04-01
Tharaka-Nithi,2001,5,0.6279686429512518,2,2001-05-01
Tharaka-Nithi,2001,6,0.37584361001317523,2,2001-06-01
Tharaka-Nithi,2001,7,0.4145583003952571,2,2001-07-01
Tharaka-Nithi,2001,8,0.41189677206851105,2,2001-08-01
Tharaka-Nithi,2001,9,0.37920737812911753,2,2001-09-01
Tharaka-Nithi,2001,10,0.38804071146245067,1,2001-10-01
Tharaka-Nithi,2001,11,0.5350250329380766,2,2001-11-01
Tharaka-Nithi,2001,12,0.6522762187088278,2,2001-12-01
Tharaka-Nithi,2002,1,0.65143465085639,2,2002-01-01
Tharaka-Nithi,2002,2,0.5134096837944659,2,2002-02-01
Tharaka-Nithi,2002,3,0.5855889986824767,2,2002-03-01
Tharaka-Nithi,2002,4,0.7144621870882741,2,2002-04-01
Tharaka-Nithi,2002,5,0.7373779973649544,2,2002-05-01
Tharaka-Nithi,2002,6,0.5594035573122531,2,2002-06-01
Tharaka-Nithi,2002,7,0.5125367918313574,4,2002-07-01
Tharaka-Nithi,2002,8,0.4387606060606059,4,2002-08-01
Tharaka-Nithi,2002,9,0.4286951581027669,4,2002-09-01
Tharaka-Nithi,2002,10,0.45204914361001314,3,2002-10-01
Tharaka-Nithi,2002,11,0.6684140974967063,4,2002-11-01
Tharaka-Nithi,2002,12,0.6872008234519107,4,2002-12-01
Tharaka-Nithi,2003,1,0.6394694664031622,4,2003-01-01
Tharaka-Nithi,2003,2,0.499300329380764,4,2003-02-01
Tharaka-Nithi,2003,3,0.5030087285902505,4,2003-03-01
Tharaka-Nithi,2003,4,0.5811012736056219,3,2003-04-01
Tharaka-Nithi,2003,5,0.6952197628458501,4,2003-05-01
Tharaka-Nithi,2003,6,0.5940763504611328,4,2003-06-01
Tharaka-Nithi,2003,7,0.48021880764163405,4,2003-07-01
Tharaka-Nithi,2003,8,0.42579196310935435,4,2003-08-01
Tharaka-Nithi,2003,9,0.4093969038208173,4,2003-09-01
Tharaka-Nithi,2003,10,0.49512296881862145,3,2003-10-01
Tharaka-Nithi,2003,11,0.7096404479578393,4,2003-11-01
Tharaka-Nithi,2003,12,0.7441160737812914,4,2003-12-01
Tharaka-Nithi,2004,1,0.6902322134387351,4,2004-01-01
Tharaka-Nithi,2004,2,0.5982731554677208,4,2004-02-01
Tharaka-Nithi,2004,3,0.5393421936758889,4,2004-03-01
Tharaka-Nithi,2004,4,0.6883828063241106,4,2004-04-01
Tharaka-Nithi,2004,5,0.6580927975406238,3,2004-05-01
Tharaka-Nithi,2004,6,0.5288449604743082,4,2004-06-01
Tharaka-Nithi,2004,7,0.46603758234519116,4,2004-07-01
Tharaka-Nithi,2004,8,0.40996920289855077,4,2004-08-01
Tharaka-Nithi,2004,9,0.402431027667984,4,2004-09-01
Tharaka-Nithi,2004,10,0.47850895915678526,4,2004-10-01
Tharaka-Nithi,2004,11,0.7056381203337726,3,2004-11-01
Tharaka-Nithi,2004,12,0.7235320158102769,4,2004-12-01
Tharaka-Nithi,2005,1,0.6033085309617923,4,2005-01-01
Tharaka-Nithi,2005,2,0.5263488801054018,4,2005-02-01
Tharaka-Nithi,2005,3,0.5444914361001318,4,2005-03-01
Tharaka-Nithi,2005,4,0.6099648221343873,3,2005-04-01
Tharaka-Nithi,2005,5,0.6873470685111991,4,2005-05-01
Tharaka-Nithi,2005,6,0.6218920948616605,4,2005-06-01
Tharaka-Nithi,2005,7,0.42788003952569165,4,2005-07-01
Tharaka-Nithi,2005,8,0.42975892621870887,4,2005-08-01
Tharaka-Nithi,2005,9,0.38781940052700925,4,2005-09-01
Tharaka-Nithi,2005,10,0.4341846288976725,3,2005-10-01
Tharaka-Nithi,2005,11,0.6024305006587615,4,2005-11-01
Tharaka-Nithi,2005,12,0.6412330698287219,4,2005-12-01
Tharaka-Nithi,2006,1,0.5436639328063244,4,2006-01-01
Tharaka-Nithi,2006,2,0.47296327404479577,4,2006-02-01
Tharaka-Nithi,2006,3,0.5129023715415019,4,2006-03-01
Tharaka-Nithi,2006,4,0.6298391304347827,3,2006-04-01
Tharaka-Nithi,2006,5,0.6461352437417653,4,2006-05-01
Tharaka-Nithi,2006,6,0.5187809617918315,4,2006-06-01
Tharaka-Nithi,2006,7,0.4122238142292492,4,2006-07-01
Tharaka-Nithi,2006,8,0.40378382740447977,4,2006-08-01
Tharaka-Nithi,2006,9,0.3844108366271411,4,2006-09-01
Tharaka-Nithi,2006,10,0.45077870004391735,3,2006-10-01
Tharaka-Nithi,2006,11,0.6408263175230565,4,2006-11-01
Tharaka-Nithi,2006,12,0.7185606389986824,4,2006-12-01
Tharaka-Nithi,2007,1,0.6851192687747031,4,2007-01-01
Tharaka-Nithi,2007,2,0.5576989459815548,4,2007-02-01
Tharaka-Nithi,2007,3,0.5531939064558631,4,2007-03-01
Tharaka-Nithi,2007,4,0.667803513394818,3,2007-04-01
Tharaka-Nithi,2007,5,0.6810760869565216,4,2007-05-01
Tharaka-Nithi,2007,6,0.5354165019762849,4,2007-06-01
Tharaka-Nithi,2007,7,0.4208032608695654,4,2007-07-01
Tharaka-Nithi,2007,8,0.42855718050065883,4,2007-08-01
Tharaka-Nithi,2007,9,0.40870658761528333,4,2007-09-01
Tharaka-Nithi,2007,10,0.5037824769433469,3,2007-10-01
Tharaka-Nithi,2007,11,0.6851333662714094,4,2007-11-01
Tharaka-Nithi,2007,12,0.6970326416337286,4,2007-12-01
Tharaka-Nithi,2008,1,0.6341442687747039,4,2008-01-01
Tharaka-Nithi,2008,2,0.5470831027667985,4,2008-02-01
Tharaka-Nithi,2008,3,0.537889789196311,4,2008-03-01
Tharaka-Nithi,2008,4,0.6824632411067195,4,2008-04-01
Tharaka-Nithi,2008,5,0.6476077733860346,3,2008-05-01
Tharaka-Nithi,2008,6,0.5390857048748353,4,2008-06-01
Tharaka-Nithi,2008,7,0.4229782608695655,4,2008-07-01
Tharaka-Nithi,2008,8,0.40701248353096203,4,2008-08-01
Tharaka-Nithi,2008,9,0.38872114624505927,4,2008-09-01
Tharaka-Nithi,2008,10,0.5923634057971016,4,2008-10-01
Tharaka-Nithi,2008,11,0.6874859025032937,3,2008-11-01
Tharaka-Nithi,2008,12,0.5969804347826088,4,2008-12-01
Tharaka-Nithi,2009,1,0.538548649538867,4,2009-01-01
Tharaka-Nithi,2009,2,0.47585148221343865,4,2009-02-01
Tharaka-Nithi,2009,3,0.45948675889328056,4,2009-03-01
Tharaka-Nithi,2009,4,0.5818261747913924,3,2009-04-01
Tharaka-Nithi,2009,5,0.6113573451910409,4,2009-05-01
Tharaka-Nithi,2009,6,0.505514229249012,4,2009-06-01
Tharaka-Nithi,2009,7,0.4255325098814229,4,2009-07-01
Tharaka-Nithi,2009,8,0.3821279644268777,4,2009-08-01
Tharaka-Nithi,2009,9,0.3607887681159421,4,2009-09-01
Tharaka-Nithi,2009,10,0.45021251646903826,3,2009-10-01
Tharaka-Nithi,2009,11,0.6391058959156783,4,2009-11-01
Tharaka-Nithi,2009,12,0.6440718708827402,4,2009-12-01
Tharaka-Nithi,2010,1,0.6001452569169963,4,2010-01-01
Tharaka-Nithi,2010,2,0.5165525691699605,4,2010-02-01
Tharaka-Nithi,2010,3,0.6370786231884057,4,2010-03-01
Tharaka-Nithi,2010,4,0.6947491436100132,3,2010-04-01
Tharaka-Nithi,2010,5,0.6585476284584977,4,2010-05-01
Tharaka-Nithi,2010,6,0.49315023056653473,4,2010-06-01
Tharaka-Nithi,2010,7,0.4323900856389987,4,2010-07-01
Tharaka-Nithi,2010,8,0.37794710144927546,4,2010-08-01
Tharaka-Nithi,2010,9,0.38950372200263517,4,2010-09-01
Tharaka-Nithi,2010,10,0.4270090030742208,3,2010-10-01
Tharaka-Nithi,2010,11,0.5834760540184452,4,2010-11-01
Tharaka-Nithi,2010,12,0.5657255270092225,4,2010-12-01
Tharaka-Nithi,2011,1,0.49739367588932787,4,2011-01-01
Tharaka-Nithi,2011,2,0.45006498682476936,4,2011-02-01
Tharaka-Nithi,2011,3,0.4362515810276681,4,2011-03-01
Tharaka-Nithi,2011,4,0.48570887132191487,3,2011-04-01
Tharaka-Nithi,2011,5,0.5626345849802372,4,2011-05-01
Tharaka-Nithi,2011,6,0.4501108036890648,4,2011-06-01
Tharaka-Nithi,2011,7,0.40262684453227904,4,2011-07-01
Tharaka-Nithi,2011,8,0.3320725296442688,4,2011-08-01
Tharaka-Nithi,2011,9,0.3653007246376814,4,2011-09-01
Tharaka-Nithi,2011,10,0.4798354413702242,3,2011-10-01
Tharaka-Nithi,2011,11,0.6591572463768117,4,2011-11-01
Tharaka-Nithi,2011,12,0.6793051712779973,4,2011-12-01
Tharaka-Nithi,2012,1,0.5657705862977598,4,2012-01-01
Tharaka-Nithi,2012,2,0.4640811594202896,4,2012-02-01
Tharaka-Nithi,2012,3,0.41319183135704896,4,2012-03-01
Tharaka-Nithi,2012,4,0.5798001976284584,4,2012-04-01
Tharaka-Nithi,2012,5,0.6250823012736055,3,2012-05-01
Tharaka-Nithi,2012,6,0.4368969696969697,4,2012-06-01
Tharaka-Nithi,2012,7,0.40126897233201597,4,2012-07-01
Tharaka-Nithi,2012,8,0.40306933465085665,4,2012-08-01
Tharaka-Nithi,2012,9,0.3805987154150197,4,2012-09-01
Tharaka-Nithi,2012,10,0.5102038208168644,4,2012-10-01
Tharaka-Nithi,2012,11,0.6456043039086513,3,2012-11-01
Tharaka-Nithi,2012,12,0.6885907773386035,4,2012-12-01
Tharaka-Nithi,2013,1,0.6017351449275361,4,2013-01-01
Tharaka-Nithi,2013,2,0.4780754281949934,4,2013-02-01
Tharaka-Nithi,2013,3,0.5089492424242424,4,2013-03-01
Tharaka-Nithi,2013,4,0.6662329819938514,3,2013-04-01
Tharaka-Nithi,2013,5,0.6400816205533598,4,2013-05-01
Tharaka-Nithi,2013,6,0.4457923254281949,4,2013-06-01
Tharaka-Nithi,2013,7,0.4097227272727274,4,2013-07-01
Tharaka-Nithi,2013,8,0.398309815546772,4,2013-08-01
Tharaka-Nithi,2013,9,0.39597430830039526,4,2013-09-01
Tharaka-Nithi,2013,10,0.39545454545454556,3,2013-10-01
Tharaka-Nithi,2013,11,0.5778292819499341,4,2013-11-01
Tharaka-Nithi,2013,12,0.6398746376811593,4,2013-12-01
Tharaka-Nithi,2014,1,0.5606898880105402,4,2014-01-01
Tharaka-Nithi,2014,2,0.4610680500658763,4,2014-02-01
Tharaka-Nithi,2014,3,0.4933064888010544,4,2014-03-01
Tharaka-Nithi,2014,4,0.5979209925340361,3,2014-04-01
Tharaka-Nithi,2014,5,0.5224355072463769,4,2014-05-01
Tharaka-Nithi,2014,6,0.4390222002635047,4,2014-06-01
Tharaka-Nithi,2014,7,0.381966040843215,4,2014-07-01
Tharaka-Nithi,2014,8,0.3697255270092228,4,2014-08-01
Tharaka-Nithi,2014,9,0.38446834650856415,4,2014-09-01
Tharaka-Nithi,2014,10,0.4173506368028108,3,2014-10-01
Tharaka-Nithi,2014,11,0.585694631093544,4,2014-11-01
Tharaka-Nithi,2014,12,0.614925724637681,4,2014-12-01
Tharaka-Nithi,2015,1,0.5020817852437417,4,2015-01-01
Tharaka-Nithi,2015,2,0.4233347167325426,4,2015-02-01
Tharaka-Nithi,2015,3,0.4799289855072464,4,2015-03-01
Tharaka-Nithi,2015,4,0.6472368028107157,3,2015-04-01
Tharaka-Nithi,2015,5,0.6265647891963111,4,2015-05-01
Tharaka-Nithi,2015,6,0.49810945322793176,4,2015-06-01
Tharaka-Nithi,2015,7,0.41787397891963096,4,2015-07-01
Tharaka-Nithi,2015,8,0.40593040184453244,4,2015-08-01
Tharaka-Nithi,2015,9,0.3863363636363637,4,2015-09-01
Tharaka-Nithi,2015,10,0.4372063680281069,3,2015-10-01
Tharaka-Nithi,2015,11,0.6208111330698288,4,2015-11-01
Tharaka-Nithi,2015,12,0.6940744400527007,4,2015-12-01
Tharaka-Nithi,2016,1,0.6012281291172595,4,2016-01-01
Tharaka-Nithi,2016,2,0.5265500329380763,4,2016-02-01
Tharaka-Nithi,2016,3,0.5025773056653491,4,2016-03-01
Tharaka-Nithi,2016,4,0.5625815217391303,4,2016-04-01
Tharaka-Nithi,2016,5,0.6358186649099689,3,2016-05-01
Tharaka-Nithi,2016,6,0.5396660408432148,4,2016-06-01
Tharaka-Nithi,2016,7,0.4435908432147562,4,2016-07-01
Tharaka-Nithi,2016,8,0.4215221673254282,4,2016-08-01
Tharaka-Nithi,2016,9,0.4090772727272725,4,2016-09-01
Tharaka-Nithi,2016,10,0.41815961791831346,4,2016-10-01
Tharaka-Nithi,2016,11,0.5523743522178305,3,2016-11-01
Tharaka-Nithi,2016,12,0.6593728919631094,4,2016-12-01
Tharaka-Nithi,2017,1,0.5413483530961792,4,2017-01-01
Tharaka-Nithi,2017,2,0.4606330039525695,4,2017-02-01
Tharaka-Nithi,2017,3,0.4424020750988142,4,2017-03-01
Tharaka-Nithi,2017,4,0.5507133509003079,3,2017-04-01
Tharaka-Nithi,2017,5,0.6208404479578394,4,2017-05-01
Tharaka-Nithi,2017,6,0.49691979578392637,4,2017-06-01
Tharaka-Nithi,2017,7,0.3780821146245058,4,2017-07-01
Tharaka-Nithi,2017,8,0.3702017127799738,4,2017-08-01
Tharaka-Nithi,2017,9,0.3758222990777337,4,2017-09-01
Tharaka-Nithi,2017,10,0.46222503293807615,3,2017-10-01
Tharaka-Nithi,2017,11,0.6075337615283265,4,2017-11-01
Tharaka-Nithi,2017,12,0.5806382411067194,4,2017-12-01
Tharaka-Nithi,2018,1,0.4635846179183136,4,2018-01-01
Tharaka-Nithi,2018,2,0.4283392292490118,4,2018-02-01
Tharaka-Nithi,2018,3,0.5315316205533597,4,2018-03-01
Tharaka-Nithi,2018,4,0.6497671936758895,3,2018-04-01
Tharaka-Nithi,2018,5,0.6666778656126483,4,2018-05-01
Tharaka-Nithi,2018,6,0.5437653820816863,4,2018-06-01
Tharaka-Nithi,2018,7,0.4766304347826084,4,2018-07-01
Tharaka-Nithi,2018,8,0.3991652173913045,4,2018-08-01
Tharaka-Nithi,2018,9,0.4225322793148881,4,2018-09-01
Tharaka-Nithi,2018,10,0.4268741765480896,3,2018-10-01
Tharaka-Nithi,2018,11,0.5427485507246377,4,2018-11-01
Tharaka-Nithi,2018,12,0.6305131422924901,4,2018-12-01
Tharaka-Nithi,2019,1,0.5651555665349145,4,2019-01-01
Tharaka-Nithi,2019,2,0.47167292490118573,4,2019-02-01
Tharaka-Nithi,2019,3,0.4306601119894598,4,2019-03-01
Tharaka-Nithi,2019,4,0.4821450592885375,3,2019-04-01
Tharaka-Nithi,2019,5,0.5574436758893281,4,2019-05-01
Tharaka-Nithi,2019,6,0.47013053359683815,4,2019-06-01
Tharaka-Nithi,2019,7,0.42790283267457185,4,2019-07-01
Tharaka-Nithi,2019,8,0.38365471014492747,4,2019-08-01
Tharaka-Nithi,2019,9,0.38612233201581037,4,2019-09-01
Tharaka-Nithi,2019,10,0.4842543697848045,3,2019-10-01
Tharaka-Nithi,2019,11,0.6630470685111989,4,2019-11-01
Tharaka-Nithi,2019,12,0.7005716403162053,4,2019-12-01
Tharaka-Nithi,2020,1,0.6590083992094862,4,2020-01-01
Tharaka-Nithi,2020,2,0.6302824440052697,4,2020-02-01
Tharaka-Nithi,2020,3,0.6090607707509884,4,2020-03-01
Tharaka-Nithi,2020,4,0.6293785573122528,4,2020-04-01
Tharaka-Nithi,2020,5,0.6676745718050068,3,2020-05-01
Tharaka-Nithi,2020,6,0.5696642292490117,4,2020-06-01
Tharaka-Nithi,2020,7,0.463198781291173,4,2020-07-01
Tharaka-Nithi,2020,8,0.3372736689456254,4,2020-08-01
Tharaka-Nithi,2020,9,0.4276479578392624,4,2020-09-01
Tharaka-Nithi,2020,10,0.46907473649538856,4,2020-10-01
Tharaka-Nithi,2020,11,0.6316584101888448,3,2020-11-01
Tharaka-Nithi,2020,12,0.6430710474308301,4,2020-12-01
Tharaka-Nithi,2021,1,0.5838369894598152,4,2021-01-01
Tharaka-Nithi,2021,2,0.5075653162055337,4,2021-02-01
Tharaka-Nithi,2021,3,0.4804781949934124,4,2021-03-01
Tharaka-Nithi,2021,4,0.6145722002635041,3,2021-04-01
Tharaka-Nithi,2021,5,0.6636899868247697,4,2021-05-01
Tharaka-Nithi,2021,6,0.5356257246376811,4,2021-06-01
Tharaka-Nithi,2021,7,0.3784692358366271,4,2021-07-01
Tharaka-Nithi,2021,8,0.3978030303030302,4,2021-08-01
Tharaka-Nithi,2021,9,0.37383425559947314,4,2021-09-01
Tharaka-Nithi,2021,10,0.4122032938076415,3,2021-10-01
Tharaka-Nithi,2021,11,0.5012079710144927,4,2021-11-01
Tharaka-Nithi,2021,12,0.661712121212121,4,2021-12-01
Tharaka-Nithi,2022,1,0.6536357378129116,4,2022-01-01
Tharaka-Nithi,2022,2,0.512534321475626,4,2022-02-01
Tharaka-Nithi,2022,3,0.44624924242424246,4,2022-03-01
Tharaka-Nithi,2022,4,0.5492169521299952,3,2022-04-01
Tharaka-Nithi,2022,5,0.618625,4,2022-05-01
Tharaka-Nithi,2022,6,0.4975072134387355,4,2022-06-01
Tharaka-Nithi,2022,7,0.39267915019762856,4,2022-07-01
Tharaka-Nithi,2022,8,0.37338511198945973,4,2022-08-01
Tharaka-Nithi,2022,9,0.3814605072463769,4,2022-09-01
Tharaka-Nithi,2022,10,0.3752092226613968,3,2022-10-01
Tharaka-Nithi,2022,11,0.5392090579710146,4,2022-11-01
Tharaka-Nithi,2022,12,0.6585192797540622,3,2022-12-01
Tharaka-Nithi,2023,1,0.5677858366271413,4,2023-01-01
Tharaka-Nithi,2023,2,0.459338471673254,3,2023-02-01
Tharaka-Nithi,2023,3,0.47764555335968384,4,2023-03-01
Tharaka-Nithi,2023,4,0.6545042160737813,3,2023-04-01
Tharaka-Nithi,2023,5,0.6612261198945983,4,2023-05-01
Tharaka-Nithi,2023,6,0.5240416337285903,4,2023-06-01
Tharaka-Nithi,2023,7,0.4240324440052701,4,2023-07-01
Tharaka-Nithi,2023,8,0.43082246376811584,4,2023-08-01
Tharaka-Nithi,2023,9,0.398487252964427,4,2023-09-01
Tharaka-Nithi,2023,10,0.4296007246376813,2,2023-10-01
Tharaka-Nithi,2023,11,0.6488611001317526,4,2023-11-01
Tharaka-Nithi,2023,12,0.6880091897233204,4,2023-12-01
Tharaka-Nithi,2024,1,0.6340626811594202,4,2024-01-01
Tharaka-Nithi,2024,2,0.5498350131752305,4,2024-02-01
Tharaka-Nithi,2024,3,0.5373877799736497,4,2024-03-01
Tharaka-Nithi,2024,4,0.6778222661396571,4,2024-04-01
Tharaka-Nithi,2024,5,0.712864031620553,3,2024-05-01
Tharaka-Nithi,2024,6,0.5998349143610016,4,2024-06-01
Tharaka-Nithi,2024,7,0.49917984189723325,4,2024-07-01
Tharaka-Nithi,2024,8,0.4680276240667544,3,2024-08-01
Tharaka-Nithi,2024,9,0.43994947299077725,4,2024-09-01
Tharaka-Nithi,2024,10,0.4357343214756258,4,2024-10-01
Tharaka-Nithi,2024,11,0.602914448836188,3,2024-11-01
Tharaka-Nithi,2024,12,0.6527502415458938,3,2024-12-01
Tharaka-Nithi,2025,1,0.5700654479578393,4,2025-01-01
Tharaka-Nithi,2025,2,0.50130790513834,4,2025-02-01
Tharaka-Nithi,2025,3,0.5585309947299081,4,2025-03-01
Tharaka-Nithi,2025,4,0.7130831357048747,3,2025-04-01
Tharaka-Nithi,2025,5,0.6886831357048749,4,2025-05-01
Tharaka-Nithi,2025,6,0.5644592226613964,4,2025-06-01
Tharaka-Nithi,2025,11,0.6141638998682473,1,2025-11-01
Tharaka-Nithi,2025,12,0.5942199604743084,2,2025-12-01
Tharaka-Nithi,2026,1,0.4959362758014931,3,2026-01-01
Tharaka-Nithi,2026,2,0.4721010979358807,3,2026-02-01
Tharaka-Nithi,2026,3,0.6820193017127799,2,2026-03-01
Tharaka-Nithi,2026,4,0.6622878787878783,2,2026-04-01
Tharaka-Nithi,2026,5,0.7016615283267453,2,2026-05-01
Tharaka-Nithi,2026,7,0.48547799736495395,3,2026-07-01
Tharaka-Nithi,2026,8,0.46763649538866925,1,2026-08-01
Trans Nzoia,2000,12,0.5966207417582411,1,2000-12-01
Trans Nzoia,2001,1,0.5414353708791209,2,2001-01-01
Trans Nzoia,2001,2,0.4682232142857141,2,2001-02-01
Trans Nzoia,2001,3,0.4491978708791211,2,2001-03-01
Trans Nzoia,2001,4,0.571882005494506,2,2001-04-01
Trans Nzoia,2001,5,0.7031277472527474,2,2001-05-01
Trans Nzoia,2001,6,0.5762886675824178,2,2001-06-01
Trans Nzoia,2001,7,0.7161026785714282,2,2001-07-01
Trans Nzoia,2001,8,0.6981045329670333,2,2001-08-01
Trans Nzoia,2001,9,0.6518576923076925,2,2001-09-01
Trans Nzoia,2001,10,0.6061846153846153,1,2001-10-01
Trans Nzoia,2001,11,0.6388839972527471,2,2001-11-01
Trans Nzoia,2001,12,0.6137247939560437,2,2001-12-01
Trans Nzoia,2002,1,0.5369255494505494,2,2002-01-01
Trans Nzoia,2002,2,0.4494410714285715,2,2002-02-01
Trans Nzoia,2002,3,0.47105810439560414,2,2002-03-01
Trans Nzoia,2002,4,0.530411332417582,2,2002-04-01
Trans Nzoia,2002,5,0.6642149725274729,2,2002-05-01
Trans Nzoia,2002,6,0.7033338598901101,2,2002-06-01
Trans Nzoia,2002,7,0.6773345123626374,4,2002-07-01
Trans Nzoia,2002,8,0.6794992445054948,4,2002-08-01
Trans Nzoia,2002,9,0.6012853365384615,4,2002-09-01
Trans Nzoia,2002,10,0.6058211996336998,3,2002-10-01
Trans Nzoia,2002,11,0.5863758585164837,4,2002-11-01
Trans Nzoia,2002,12,0.5776237980769228,4,2002-12-01
Trans Nzoia,2003,1,0.5852281936813184,4,2003-01-01
Trans Nzoia,2003,2,0.4350624656593406,4,2003-02-01
Trans Nzoia,2003,3,0.37843063186813186,4,2003-03-01
Trans Nzoia,2003,4,0.37317825091575113,3,2003-04-01
Trans Nzoia,2003,5,0.6155282967032962,4,2003-05-01
Trans Nzoia,2003,6,0.7129576923076923,4,2003-06-01
Trans Nzoia,2003,7,0.7204194711538461,4,2003-07-01
Trans Nzoia,2003,8,0.6827989354395604,4,2003-08-01
Trans Nzoia,2003,9,0.636450995879121,4,2003-09-01
Trans Nzoia,2003,10,0.5633060439560441,3,2003-10-01
Trans Nzoia,2003,11,0.5538334478021979,4,2003-11-01
Trans Nzoia,2003,12,0.5438823832417582,4,2003-12-01
Trans Nzoia,2004,1,0.4729398351648348,4,2004-01-01
Trans Nzoia,2004,2,0.4242672733516484,4,2004-02-01
Trans Nzoia,2004,3,0.36563475274725254,4,2004-03-01
Trans Nzoia,2004,4,0.5505136675824179,4,2004-04-01
Trans Nzoia,2004,5,0.6630269230769233,3,2004-05-01
Trans Nzoia,2004,6,0.7080122939560441,4,2004-06-01
Trans Nzoia,2004,7,0.6936317651098901,4,2004-07-01
Trans Nzoia,2004,8,0.6823742788461538,4,2004-08-01
Trans Nzoia,2004,9,0.6391868818681316,4,2004-09-01
Trans Nzoia,2004,10,0.5965628090659341,4,2004-10-01
Trans Nzoia,2004,11,0.6452607142857146,3,2004-11-01
Trans Nzoia,2004,12,0.6159280219780221,4,2004-12-01
Trans Nzoia,2005,1,0.5183662087912088,4,2005-01-01
Trans Nzoia,2005,2,0.4296548763736263,4,2005-02-01
Trans Nzoia,2005,3,0.42700497939560433,4,2005-03-01
Trans Nzoia,2005,4,0.5059961080586082,3,2005-04-01
Trans Nzoia,2005,5,0.6867326236263736,4,2005-05-01
Trans Nzoia,2005,6,0.7279726991758245,4,2005-06-01
Trans Nzoia,2005,7,0.7213013392857144,4,2005-07-01
Trans Nzoia,2005,8,0.705420192307692,4,2005-08-01
Trans Nzoia,2005,9,0.6210869848901099,4,2005-09-01
Trans Nzoia,2005,10,0.5985375000000003,3,2005-10-01
Trans Nzoia,2005,11,0.5844357829670328,4,2005-11-01
Trans Nzoia,2005,12,0.4942526098901099,4,2005-12-01
Trans Nzoia,2006,1,0.44083176510989003,4,2006-01-01
Trans Nzoia,2006,2,0.391539010989011,4,2006-02-01
Trans Nzoia,2006,3,0.4653900068681315,4,2006-03-01
Trans Nzoia,2006,4,0.5749263278388274,3,2006-04-01
Trans Nzoia,2006,5,0.6678445054945052,4,2006-05-01
Trans Nzoia,2006,6,0.7318409340659343,4,2006-06-01
Trans Nzoia,2006,7,0.6990776098901098,4,2006-07-01
Trans Nzoia,2006,8,0.6899027815934067,4,2006-08-01
Trans Nzoia,2006,9,0.616686298076923,4,2006-09-01
Trans Nzoia,2006,10,0.5939082875457875,3,2006-10-01
Trans Nzoia,2006,11,0.6081159684065935,4,2006-11-01
Trans Nzoia,2006,12,0.6560681662087912,4,2006-12-01
Trans Nzoia,2007,1,0.6242666208791208,4,2007-01-01
Trans Nzoia,2007,2,0.5689369848901099,4,2007-02-01
Trans Nzoia,2007,3,0.4916137019230768,4,2007-03-01
Trans Nzoia,2007,4,0.5243672161172163,3,2007-04-01
Trans Nzoia,2007,5,0.6467793269230768,4,2007-05-01
Trans Nzoia,2007,6,0.682469539835165,4,2007-06-01
Trans Nzoia,2007,7,0.7002793269230769,4,2007-07-01
Trans Nzoia,2007,8,0.6734785370879118,4,2007-08-01
Trans Nzoia,2007,9,0.6456411744505495,4,2007-09-01
Trans Nzoia,2007,10,0.6383714285714287,3,2007-10-01
Trans Nzoia,2007,11,0.5828111263736264,4,2007-11-01
Trans Nzoia,2007,12,0.5228802884615384,4,2007-12-01
Trans Nzoia,2008,1,0.4468913804945052,4,2008-01-01
Trans Nzoia,2008,2,0.40620772664835175,4,2008-02-01
Trans Nzoia,2008,3,0.41975872252747265,4,2008-03-01
Trans Nzoia,2008,4,0.5666113667582414,4,2008-04-01
Trans Nzoia,2008,5,0.6459515109890112,3,2008-05-01
Trans Nzoia,2008,6,0.7117649038461541,4,2008-06-01
Trans Nzoia,2008,7,0.6821592376373625,4,2008-07-01
Trans Nzoia,2008,8,0.702029223901099,4,2008-08-01
Trans Nzoia,2008,9,0.6406426167582417,4,2008-09-01
Trans Nzoia,2008,10,0.6466520604395605,4,2008-10-01
Trans Nzoia,2008,11,0.6438396978021981,3,2008-11-01
Trans Nzoia,2008,12,0.5462695054945054,4,2008-12-01
Trans Nzoia,2009,1,0.4770868818681321,4,2009-01-01
Trans Nzoia,2009,2,0.4304882554945054,4,2009-02-01
Trans Nzoia,2009,3,0.3783944368131871,4,2009-03-01
Trans Nzoia,2009,4,0.4706979853479854,3,2009-04-01
Trans Nzoia,2009,5,0.6456195054945053,4,2009-05-01
Trans Nzoia,2009,6,0.7282171359890109,4,2009-06-01
Trans Nzoia,2009,7,0.6898065590659344,4,2009-07-01
Trans Nzoia,2009,8,0.6589066964285717,4,2009-08-01
Trans Nzoia,2009,9,0.5765430288461544,4,2009-09-01
Trans Nzoia,2009,10,0.5892489010989012,3,2009-10-01
Trans Nzoia,2009,11,0.5750117788461538,4,2009-11-01
Trans Nzoia,2009,12,0.5418651442307689,4,2009-12-01
Trans Nzoia,2010,1,0.5756905906593409,4,2010-01-01
Trans Nzoia,2010,2,0.5222835508241763,4,2010-02-01
Trans Nzoia,2010,3,0.5326574175824177,4,2010-03-01
Trans Nzoia,2010,4,0.6117380036630039,3,2010-04-01
Trans Nzoia,2010,5,0.6732186469780224,4,2010-05-01
Trans Nzoia,2010,6,0.7294667925824174,4,2010-06-01
Trans Nzoia,2010,7,0.7020439560439562,4,2010-07-01
Trans Nzoia,2010,8,0.6352000686813187,4,2010-08-01
Trans Nzoia,2010,9,0.6243945741758241,4,2010-09-01
Trans Nzoia,2010,10,0.5774997252747252,3,2010-10-01
Trans Nzoia,2010,11,0.6354533310439563,4,2010-11-01
Trans Nzoia,2010,12,0.5697616071428573,4,2010-12-01
Trans Nzoia,2011,1,0.4736549107142856,4,2011-01-01
Trans Nzoia,2011,2,0.4257601991758242,4,2011-02-01
Trans Nzoia,2011,3,0.45294436813186817,4,2011-03-01
Trans Nzoia,2011,4,0.4981397435897435,3,2011-04-01
Trans Nzoia,2011,5,0.6555199519230771,4,2011-05-01
Trans Nzoia,2011,6,0.7265489697802195,4,2011-06-01
Trans Nzoia,2011,7,0.7304064560439558,4,2011-07-01
Trans Nzoia,2011,8,0.6673599244505497,4,2011-08-01
Trans Nzoia,2011,9,0.6500587912087914,4,2011-09-01
Trans Nzoia,2011,10,0.586096382783883,3,2011-10-01
Trans Nzoia,2011,11,0.6749459134615388,4,2011-11-01
Trans Nzoia,2011,12,0.6391969780219783,4,2011-12-01
Trans Nzoia,2012,1,0.5200530219780218,4,2012-01-01
Trans Nzoia,2012,2,0.4181788804945055,4,2012-02-01
Trans Nzoia,2012,3,0.3763625343406596,4,2012-03-01
Trans Nzoia,2012,4,0.4712899725274723,4,2012-04-01
Trans Nzoia,2012,5,0.6610649267399267,3,2012-05-01
Trans Nzoia,2012,6,0.6681672390109892,4,2012-06-01
Trans Nzoia,2012,7,0.6883451236263735,4,2012-07-01
Trans Nzoia,2012,8,0.7037083104395604,4,2012-08-01
Trans Nzoia,2012,9,0.6719309752747249,4,2012-09-01
Trans Nzoia,2012,10,0.6129528159340658,4,2012-10-01
Trans Nzoia,2012,11,0.6597284340659343,3,2012-11-01
Trans Nzoia,2012,12,0.6261665178571428,4,2012-12-01
Trans Nzoia,2013,1,0.5960976304945058,4,2013-01-01
Trans Nzoia,2013,2,0.49464879807692297,4,2013-02-01
Trans Nzoia,2013,3,0.44779151785714305,4,2013-03-01
Trans Nzoia,2013,4,0.5595733974358976,3,2013-04-01
Trans Nzoia,2013,5,0.6744723557692309,4,2013-05-01
Trans Nzoia,2013,6,0.7021828640109894,4,2013-06-01
Trans Nzoia,2013,7,0.681006559065934,4,2013-07-01
Trans Nzoia,2013,8,0.693940315934066,4,2013-08-01
Trans Nzoia,2013,9,0.655618543956044,4,2013-09-01
Trans Nzoia,2013,10,0.6473116300366303,3,2013-10-01
Trans Nzoia,2013,11,0.6539564560439561,4,2013-11-01
Trans Nzoia,2013,12,0.6311996909340659,4,2013-12-01
Trans Nzoia,2014,1,0.5533927541208791,4,2014-01-01
Trans Nzoia,2014,2,0.45249780219780195,4,2014-02-01
Trans Nzoia,2014,3,0.46958949175824183,4,2014-03-01
Trans Nzoia,2014,4,0.531462133699634,3,2014-04-01
Trans Nzoia,2014,5,0.6780935439560437,4,2014-05-01
Trans Nzoia,2014,6,0.7536430288461542,4,2014-06-01
Trans Nzoia,2014,7,0.6896335851648349,4,2014-07-01
Trans Nzoia,2014,8,0.6670432348901095,4,2014-08-01
Trans Nzoia,2014,9,0.6488195054945053,4,2014-09-01
Trans Nzoia,2014,10,0.6297766941391938,3,2014-10-01
Trans Nzoia,2014,11,0.6528142857142855,4,2014-11-01
Trans Nzoia,2014,12,0.6161342376373627,4,2014-12-01
Trans Nzoia,2015,1,0.4927095123626373,4,2015-01-01
Trans Nzoia,2015,2,0.4066407280219778,4,2015-02-01
Trans Nzoia,2015,3,0.3599839972527473,4,2015-03-01
Trans Nzoia,2015,4,0.4615112637362637,3,2015-04-01
Trans Nzoia,2015,5,0.6971869162087911,4,2015-05-01
Trans Nzoia,2015,6,0.7416089285714289,4,2015-06-01
Trans Nzoia,2015,7,0.7592426510989012,4,2015-07-01
Trans Nzoia,2015,8,0.7025810782967032,4,2015-08-01
Trans Nzoia,2015,9,0.5954139423076925,4,2015-09-01
Trans Nzoia,2015,10,0.530738553113553,3,2015-10-01
Trans Nzoia,2015,11,0.6284875343406595,4,2015-11-01
Trans Nzoia,2015,12,0.6787241414835166,4,2015-12-01
Trans Nzoia,2016,1,0.5812368131868133,4,2016-01-01
Trans Nzoia,2016,2,0.49205106456043957,4,2016-02-01
Trans Nzoia,2016,3,0.4369034684065933,4,2016-03-01
Trans Nzoia,2016,4,0.5565925480769232,4,2016-04-01
Trans Nzoia,2016,5,0.7153244047619052,3,2016-05-01
Trans Nzoia,2016,6,0.6991153159340662,4,2016-06-01
Trans Nzoia,2016,7,0.6911823489010988,4,2016-07-01
Trans Nzoia,2016,8,0.7085891483516483,4,2016-08-01
Trans Nzoia,2016,9,0.6218556662087912,4,2016-09-01
Trans Nzoia,2016,10,0.6124781250000002,4,2016-10-01
Trans Nzoia,2016,11,0.5895295787545792,3,2016-11-01
Trans Nzoia,2016,12,0.5266042239010992,4,2016-12-01
Trans Nzoia,2017,1,0.4493597184065933,4,2017-01-01
Trans Nzoia,2017,2,0.43085463598901097,4,2017-02-01
Trans Nzoia,2017,3,0.42380961538461553,4,2017-03-01
Trans Nzoia,2017,4,0.48290943223443233,3,2017-04-01
Trans Nzoia,2017,5,0.6600288118131871,4,2017-05-01
Trans Nzoia,2017,6,0.7376535027472524,4,2017-06-01
Trans Nzoia,2017,7,0.6764566964285713,4,2017-07-01
Trans Nzoia,2017,8,0.6726094780219783,4,2017-08-01
Trans Nzoia,2017,9,0.6473300824175825,4,2017-09-01
Trans Nzoia,2017,10,0.5878286172161177,3,2017-10-01
Trans Nzoia,2017,11,0.6461678571428573,4,2017-11-01
Trans Nzoia,2017,12,0.5686841002747252,4,2017-12-01
Trans Nzoia,2018,1,0.4593595810439563,4,2018-01-01
Trans Nzoia,2018,2,0.40258114697802166,4,2018-02-01
Trans Nzoia,2018,3,0.4595568337912088,4,2018-03-01
Trans Nzoia,2018,4,0.5302383699633698,3,2018-04-01
Trans Nzoia,2018,5,0.6599474244505499,4,2018-05-01
Trans Nzoia,2018,6,0.7239701236263736,4,2018-06-01
Trans Nzoia,2018,7,0.7156620192307691,4,2018-07-01
Trans Nzoia,2018,8,0.6229336538461538,4,2018-08-01
Trans Nzoia,2018,9,0.6298944024725273,4,2018-09-01
Trans Nzoia,2018,10,0.6262990384615383,3,2018-10-01
Trans Nzoia,2018,11,0.6230247939560443,4,2018-11-01
Trans Nzoia,2018,12,0.5848432348901097,4,2018-12-01
Trans Nzoia,2019,1,0.49533547390109917,4,2019-01-01
Trans Nzoia,2019,2,0.41936514423076904,4,2019-02-01
Trans Nzoia,2019,3,0.4020908310439561,4,2019-03-01
Trans Nzoia,2019,4,0.4287127747252751,3,2019-04-01
Trans Nzoia,2019,5,0.5988212568681319,4,2019-05-01
Trans Nzoia,2019,6,0.6823497596153849,4,2019-06-01
Trans Nzoia,2019,7,0.7571536057692311,4,2019-07-01
Trans Nzoia,2019,8,0.6613723557692308,4,2019-08-01
Trans Nzoia,2019,9,0.6883944368131868,4,2019-09-01
Trans Nzoia,2019,10,0.6029782967032963,3,2019-10-01
Trans Nzoia,2019,11,0.6696592719780219,4,2019-11-01
Trans Nzoia,2019,12,0.6738874313186813,4,2019-12-01
Trans Nzoia,2020,1,0.6233223214285715,4,2020-01-01
Trans Nzoia,2020,2,0.5988811126373624,4,2020-02-01
Trans Nzoia,2020,3,0.5513083104395609,4,2020-03-01
Trans Nzoia,2020,4,0.5662654189560437,4,2020-04-01
Trans Nzoia,2020,5,0.7007293956043957,3,2020-05-01
Trans Nzoia,2020,6,0.7164221497252745,4,2020-06-01
Trans Nzoia,2020,7,0.6744785370879123,4,2020-07-01
Trans Nzoia,2020,8,0.5694077171915355,4,2020-08-01
Trans Nzoia,2020,9,0.6343598214285715,4,2020-09-01
Trans Nzoia,2020,10,0.6272047390109886,4,2020-10-01
Trans Nzoia,2020,11,0.669768406593407,3,2020-11-01
Trans Nzoia,2020,12,0.6099959478021976,4,2020-12-01
Trans Nzoia,2021,1,0.5172474587912088,4,2021-01-01
Trans Nzoia,2021,2,0.44998008241758236,4,2021-02-01
Trans Nzoia,2021,3,0.44683767170329675,4,2021-03-01
Trans Nzoia,2021,4,0.5381197344322343,3,2021-04-01
Trans Nzoia,2021,5,0.6722993818681318,4,2021-05-01
Trans Nzoia,2021,6,0.7172292582417581,4,2021-06-01
Trans Nzoia,2021,7,0.5889983173076926,4,2021-07-01
Trans Nzoia,2021,8,0.7028625686813186,4,2021-08-01
Trans Nzoia,2021,9,0.6161562843406596,4,2021-09-01
Trans Nzoia,2021,10,0.6167769230769231,3,2021-10-01
Trans Nzoia,2021,11,0.6298364697802201,4,2021-11-01
Trans Nzoia,2021,12,0.5727587568681316,4,2021-12-01
Trans Nzoia,2022,1,0.49155546016483515,4,2022-01-01
Trans Nzoia,2022,2,0.4330609546703296,4,2022-02-01
Trans Nzoia,2022,3,0.374844333791209,4,2022-03-01
Trans Nzoia,2022,4,0.4465985347985348,3,2022-04-01
Trans Nzoia,2022,5,0.6495422390109888,4,2022-05-01
Trans Nzoia,2022,6,0.7238793956043963,4,2022-06-01
Trans Nzoia,2022,7,0.6660388736263734,4,2022-07-01
Trans Nzoia,2022,8,0.654495364010989,4,2022-08-01
Trans Nzoia,2022,9,0.6230760645604396,4,2022-09-01
Trans Nzoia,2022,10,0.6094495421245417,3,2022-10-01
Trans Nzoia,2022,11,0.5750635989010991,4,2022-11-01
Trans Nzoia,2022,12,0.6022174450549452,3,2022-12-01
Trans Nzoia,2023,1,0.5441547046703297,4,2023-01-01
Trans Nzoia,2023,2,0.4290527472527475,3,2023-02-01
Trans Nzoia,2023,3,0.441795776098901,4,2023-03-01
Trans Nzoia,2023,4,0.5800630494505493,3,2023-04-01
Trans Nzoia,2023,5,0.7010872939560442,4,2023-05-01
Trans Nzoia,2023,6,0.7177793612637363,4,2023-06-01
Trans Nzoia,2023,7,0.7331024038461538,4,2023-07-01
Trans Nzoia,2023,8,0.6824259615384618,4,2023-08-01
Trans Nzoia,2023,9,0.6052687843406592,4,2023-09-01
Trans Nzoia,2023,10,0.6405510302197797,2,2023-10-01
Trans Nzoia,2023,11,0.6736090315934069,4,2023-11-01
Trans Nzoia,2023,12,0.6444798420329672,4,2023-12-01
Trans Nzoia,2024,1,0.5883110233516486,4,2024-01-01
Trans Nzoia,2024,2,0.5641865728021977,4,2024-02-01
Trans Nzoia,2024,3,0.522584168956044,4,2024-03-01
Trans Nzoia,2024,4,0.6079441964285718,4,2024-04-01
Trans Nzoia,2024,5,0.7325866758241756,3,2024-05-01
Trans Nzoia,2024,6,0.7518746222527473,4,2024-06-01
Trans Nzoia,2024,7,0.6753569711538461,4,2024-07-01
Trans Nzoia,2024,8,0.6751038003663002,3,2024-08-01
Trans Nzoia,2024,9,0.64778073489011,4,2024-09-01
Trans Nzoia,2024,10,0.6773921359890112,4,2024-10-01
Trans Nzoia,2024,11,0.686104624542125,3,2024-11-01
Trans Nzoia,2024,12,0.6547759157509155,3,2024-12-01
Trans Nzoia,2025,1,0.5434392513736267,4,2025-01-01
Trans Nzoia,2025,2,0.46473877060439545,4,2025-02-01
Trans Nzoia,2025,3,0.4836261332417583,4,2025-03-01
Trans Nzoia,2025,4,0.6333931776556779,3,2025-04-01
Trans Nzoia,2025,5,0.7314717032967035,4,2025-05-01
Trans Nzoia,2025,6,0.7366792582417583,4,2025-06-01
Trans Nzoia,2025,11,0.6870490384615382,1,2025-11-01
Trans Nzoia,2025,12,0.6500438873626377,2,2025-12-01
Trans Nzoia,2026,1,0.563587087912088,3,2026-01-01
Trans Nzoia,2026,2,0.461325457875458,3,2026-02-01
Trans Nzoia,2026,3,0.5953522664835169,2,2026-03-01
Trans Nzoia,2026,4,0.6222151098901099,2,2026-04-01
Trans Nzoia,2026,5,0.7778458791208791,2,2026-05-01
Trans Nzoia,2026,7,0.6072573717948718,3,2026-07-01
Trans Nzoia,2026,8,0.6157380494505501,1,2026-08-01
Turkana,2000,12,0.18639921441080806,1,2000-12-01
Turkana,2001,1,0.17733234000038472,2,2001-01-01
Turkana,2001,2,0.1703091629741741,2,2001-02-01
Turkana,2001,3,0.16934581015417366,2,2001-03-01
Turkana,2001,4,0.24483551381220597,2,2001-04-01
Turkana,2001,5,0.2169081461263186,2,2001-05-01
Turkana,2001,6,0.19466041858120325,2,2001-06-01
Turkana,2001,7,0.20578133579315844,2,2001-07-01
Turkana,2001,8,0.2154088110488035,2,2001-08-01
Turkana,2001,9,0.1967176795143874,2,2001-09-01
Turkana,2001,10,0.17943468073512758,1,2001-10-01
Turkana,2001,11,0.25603781524979863,2,2001-11-01
Turkana,2001,12,0.22306916292257534,2,2001-12-01
Turkana,2002,1,0.1815010516586832,2,2002-01-01
Turkana,2002,2,0.16506074274885782,2,2002-02-01
Turkana,2002,3,0.19312465997601147,2,2002-03-01
Turkana,2002,4,0.22034213603010902,2,2002-04-01
Turkana,2002,5,0.3143908202359077,2,2002-05-01
Turkana,2002,6,0.2719554540013039,2,2002-06-01
Turkana,2002,7,0.21559665277884194,4,2002-07-01
Turkana,2002,8,0.189729996354828,4,2002-08-01
Turkana,2002,9,0.17826393520611433,4,2002-09-01
Turkana,2002,10,0.1919339508478218,3,2002-10-01
Turkana,2002,11,0.2182544905564552,4,2002-11-01
Turkana,2002,12,0.25567411468562695,4,2002-12-01
Turkana,2003,1,0.26299477464091997,4,2003-01-01
Turkana,2003,2,0.18631980151770117,4,2003-02-01
Turkana,2003,3,0.17012133190703002,4,2003-03-01
Turkana,2003,4,0.2217885505937752,3,2003-04-01
Turkana,2003,5,0.2984216910131103,4,2003-05-01
Turkana,2003,6,0.24742089285088695,4,2003-06-01
Turkana,2003,7,0.2076696537764119,4,2003-07-01
Turkana,2003,8,0.2453896101920919,4,2003-08-01
Turkana,2003,9,0.2309369916140686,4,2003-09-01
Turkana,2003,10,0.1904119229920952,3,2003-10-01
Turkana,2003,11,0.1813192642166051,4,2003-11-01
Turkana,2003,12,0.20512610933864517,4,2003-12-01
Turkana,2004,1,0.1943316448531276,4,2004-01-01
Turkana,2004,2,0.1735150200056722,4,2004-02-01
Turkana,2004,3,0.16253538801716072,4,2004-03-01
Turkana,2004,4,0.2485062156668637,4,2004-04-01
Turkana,2004,5,0.24263529364116695,3,2004-05-01
Turkana,2004,6,0.20146597188608614,4,2004-06-01
Turkana,2004,7,0.18213624199230447,4,2004-07-01
Turkana,2004,8,0.1957989906633426,4,2004-08-01
Turkana,2004,9,0.18587139535140199,4,2004-09-01
Turkana,2004,10,0.20407770664854658,4,2004-10-01
Turkana,2004,11,0.2508900911419865,3,2004-11-01
Turkana,2004,12,0.2488109352967871,4,2004-12-01
Turkana,2005,1,0.19548400856743822,4,2005-01-01
Turkana,2005,2,0.1716736775256629,4,2005-02-01
Turkana,2005,3,0.18246266300722433,4,2005-03-01
Turkana,2005,4,0.19474905264822948,3,2005-04-01
Turkana,2005,5,0.30796566390963365,4,2005-05-01
Turkana,2005,6,0.30549761528218744,4,2005-06-01
Turkana,2005,7,0.2392184413319906,4,2005-07-01
Turkana,2005,8,0.20902907788197558,4,2005-08-01
Turkana,2005,9,0.2216471441243807,4,2005-09-01
Turkana,2005,10,0.2054302218696621,3,2005-10-01
Turkana,2005,11,0.1909529491293802,4,2005-11-01
Turkana,2005,12,0.17036375631275852,4,2005-12-01
Turkana,2006,1,0.16510709789674646,4,2006-01-01
Turkana,2006,2,0.15863043764213117,4,2006-02-01
Turkana,2006,3,0.176836387417436,4,2006-03-01
Turkana,2006,4,0.225650443385354,3,2006-04-01
Turkana,2006,5,0.22901660203242735,4,2006-05-01
Turkana,2006,6,0.196201519646951,4,2006-06-01
Turkana,2006,7,0.1949612396496021,4,2006-07-01
Turkana,2006,8,0.2314453385653334,4,2006-08-01
Turkana,2006,9,0.19432138123270049,4,2006-09-01
Turkana,2006,10,0.19059961608514908,3,2006-10-01
Turkana,2006,11,0.27028695796109165,4,2006-11-01
Turkana,2006,12,0.3552400285921767,4,2006-12-01
Turkana,2007,1,0.2890341762389502,4,2007-01-01
Turkana,2007,2,0.2301219512612563,4,2007-02-01
Turkana,2007,3,0.20839440754996263,4,2007-03-01
Turkana,2007,4,0.2562429264105457,3,2007-04-01
Turkana,2007,5,0.2569788253831755,4,2007-05-01
Turkana,2007,6,0.3205631954227405,4,2007-06-01
Turkana,2007,7,0.3457343560928837,4,2007-07-01
Turkana,2007,8,0.33010591069216416,4,2007-08-01
Turkana,2007,9,0.3134973554681325,4,2007-09-01
Turkana,2007,10,0.26090343330524896,3,2007-10-01
Turkana,2007,11,0.23179999795277806,4,2007-11-01
Turkana,2007,12,0.2077266917641957,4,2007-12-01
Turkana,2008,1,0.1952060226715628,4,2008-01-01
Turkana,2008,2,0.17532249998651658,4,2008-02-01
Turkana,2008,3,0.1909403887954784,4,2008-03-01
Turkana,2008,4,0.23624227333932543,4,2008-04-01
Turkana,2008,5,0.21619256120849173,3,2008-05-01
Turkana,2008,6,0.19778540398682204,4,2008-06-01
Turkana,2008,7,0.20355560181335683,4,2008-07-01
Turkana,2008,8,0.21117969721817798,4,2008-08-01
Turkana,2008,9,0.211274113913023,4,2008-09-01
Turkana,2008,10,0.269596316370292,4,2008-10-01
Turkana,2008,11,0.2889409011818571,3,2008-11-01
Turkana,2008,12,0.22053566709859418,4,2008-12-01
Turkana,2009,1,0.19429745135076232,4,2009-01-01
Turkana,2009,2,0.1823106266649868,4,2009-02-01
Turkana,2009,3,0.1772188217460815,4,2009-03-01
Turkana,2009,4,0.22213642581295767,3,2009-04-01
Turkana,2009,5,0.24126056987971545,4,2009-05-01
Turkana,2009,6,0.20886093845554785,4,2009-06-01
Turkana,2009,7,0.18598443806501885,4,2009-07-01
Turkana,2009,8,0.167840098312854,4,2009-08-01
Turkana,2009,9,0.17085188154379016,4,2009-09-01
Turkana,2009,10,0.2007487421355282,3,2009-10-01
Turkana,2009,11,0.21053381002612093,4,2009-11-01
Turkana,2009,12,0.23128818935801496,4,2009-12-01
Turkana,2010,1,0.2564584989271235,4,2010-01-01
Turkana,2010,2,0.21761483801782142,4,2010-02-01
Turkana,2010,3,0.27137605210792587,4,2010-03-01
Turkana,2010,4,0.3019209505686826,3,2010-04-01
Turkana,2010,5,0.3452337414883795,4,2010-05-01
Turkana,2010,6,0.280208032808887,4,2010-06-01
Turkana,2010,7,0.24130748463246393,4,2010-07-01
Turkana,2010,8,0.25361359865792954,4,2010-08-01
Turkana,2010,9,0.23213915504365373,4,2010-09-01
Turkana,2010,10,0.2219653520228416,3,2010-10-01
Turkana,2010,11,0.19779138830283416,4,2010-11-01
Turkana,2010,12,0.18473751558126894,4,2010-12-01
Turkana,2011,1,0.17597233395416328,4,2011-01-01
Turkana,2011,2,0.1687027884686981,4,2011-02-01
Turkana,2011,3,0.1829565023296536,4,2011-03-01
Turkana,2011,4,0.189522799802489,3,2011-04-01
Turkana,2011,5,0.21453909716232655,4,2011-05-01
Turkana,2011,6,0.21579383264677746,4,2011-06-01
Turkana,2011,7,0.21843104184758982,4,2011-07-01
Turkana,2011,8,0.2636244332811337,4,2011-08-01
Turkana,2011,9,0.2795702747813672,4,2011-09-01
Turkana,2011,10,0.2566117831796783,3,2011-10-01
Turkana,2011,11,0.3498647242105655,4,2011-11-01
Turkana,2011,12,0.33963427477404834,4,2011-12-01
Turkana,2012,1,0.24979425640860825,4,2012-01-01
Turkana,2012,2,0.19382877438367224,4,2012-02-01
Turkana,2012,3,0.18280985658316573,4,2012-03-01
Turkana,2012,4,0.26723105687367366,4,2012-04-01
Turkana,2012,5,0.38997230274773126,3,2012-05-01
Turkana,2012,6,0.3098861994215118,4,2012-06-01
Turkana,2012,7,0.31341691502993363,4,2012-07-01
Turkana,2012,8,0.32982356345016106,4,2012-08-01
Turkana,2012,9,0.3077643020506351,4,2012-09-01
Turkana,2012,10,0.2887364909743748,4,2012-10-01
Turkana,2012,11,0.295451879535004,3,2012-11-01
Turkana,2012,12,0.26296224822612035,4,2012-12-01
Turkana,2013,1,0.24940822868342938,4,2013-01-01
Turkana,2013,2,0.19886553646346866,4,2013-02-01
Turkana,2013,3,0.20734090843536898,4,2013-03-01
Turkana,2013,4,0.32484755448304453,3,2013-04-01
Turkana,2013,5,0.34277593695168806,4,2013-05-01
Turkana,2013,6,0.26725085466074416,4,2013-06-01
Turkana,2013,7,0.26081771099004347,4,2013-07-01
Turkana,2013,8,0.26513236740944346,4,2013-08-01
Turkana,2013,9,0.24137174430517394,4,2013-09-01
Turkana,2013,10,0.22728165800179764,3,2013-10-01
Turkana,2013,11,0.2727113317965518,4,2013-11-01
Turkana,2013,12,0.23923643456027752,4,2013-12-01
Turkana,2014,1,0.1981052108352499,4,2014-01-01
Turkana,2014,2,0.18026048026377864,4,2014-02-01
Turkana,2014,3,0.22978951016940946,4,2014-03-01
Turkana,2014,4,0.24522917072849895,3,2014-04-01
Turkana,2014,5,0.23218298440279747,4,2014-05-01
Turkana,2014,6,0.2042155058249901,4,2014-06-01
Turkana,2014,7,0.21423653137825607,4,2014-07-01
Turkana,2014,8,0.2322179093227587,4,2014-08-01
Turkana,2014,9,0.2829322795597158,4,2014-09-01
Turkana,2014,10,0.2839824472240598,3,2014-10-01
Turkana,2014,11,0.2764078930582254,4,2014-11-01
Turkana,2014,12,0.2652138086649727,4,2014-12-01
Turkana,2015,1,0.20748994225873993,4,2015-01-01
Turkana,2015,2,0.1785639425457128,4,2015-02-01
Turkana,2015,3,0.18453026768396008,4,2015-03-01
Turkana,2015,4,0.2838442730179666,3,2015-04-01
Turkana,2015,5,0.29783703941129525,4,2015-05-01
Turkana,2015,6,0.25921748775152764,4,2015-06-01
Turkana,2015,7,0.22909337626620416,4,2015-07-01
Turkana,2015,8,0.20477761572920414,4,2015-08-01
Turkana,2015,9,0.18817680679918564,4,2015-09-01
Turkana,2015,10,0.19360417554254147,3,2015-10-01
Turkana,2015,11,0.3110591644092712,4,2015-11-01
Turkana,2015,12,0.3257610591183936,4,2015-12-01
Turkana,2016,1,0.238971449380636,4,2016-01-01
Turkana,2016,2,0.18813769302359945,4,2016-02-01
Turkana,2016,3,0.19955001596979177,4,2016-03-01
Turkana,2016,4,0.25299833738790534,4,2016-04-01
Turkana,2016,5,0.31744176124323337,3,2016-05-01
Turkana,2016,6,0.2742977445222405,4,2016-06-01
Turkana,2016,7,0.2697625483303113,4,2016-07-01
Turkana,2016,8,0.25120122311390614,4,2016-08-01
Turkana,2016,9,0.21016698845351198,4,2016-09-01
Turkana,2016,10,0.19364513440775732,4,2016-10-01
Turkana,2016,11,0.19112103378428683,3,2016-11-01
Turkana,2016,12,0.18987794926921714,4,2016-12-01
Turkana,2017,1,0.17655982055539998,4,2017-01-01
Turkana,2017,2,0.17730911939436825,4,2017-02-01
Turkana,2017,3,0.17592280707353825,4,2017-03-01
Turkana,2017,4,0.18740864094162146,3,2017-04-01
Turkana,2017,5,0.23014117438391413,4,2017-05-01
Turkana,2017,6,0.21994218063494092,4,2017-06-01
Turkana,2017,7,0.23741694081798942,4,2017-07-01
Turkana,2017,8,0.2481649593251074,4,2017-08-01
Turkana,2017,9,0.2695764454933896,4,2017-09-01
Turkana,2017,10,0.30355225228607985,3,2017-10-01
Turkana,2017,11,0.3229060649035762,4,2017-11-01
Turkana,2017,12,0.23196106608386502,4,2017-12-01
Turkana,2018,1,0.1963270306481316,4,2018-01-01
Turkana,2018,2,0.18713999991043365,4,2018-02-01
Turkana,2018,3,0.24365826610878583,4,2018-03-01
Turkana,2018,4,0.347452957777238,3,2018-04-01
Turkana,2018,5,0.38391095302643047,4,2018-05-01
Turkana,2018,6,0.3704658588333989,4,2018-06-01
Turkana,2018,7,0.2815331600737667,4,2018-07-01
Turkana,2018,8,0.24723155811659525,4,2018-08-01
Turkana,2018,9,0.2373921368659116,4,2018-09-01
Turkana,2018,10,0.22479291801884907,3,2018-10-01
Turkana,2018,11,0.21081979945000193,4,2018-11-01
Turkana,2018,12,0.23480358293122214,4,2018-12-01
Turkana,2019,1,0.2079556873357006,4,2019-01-01
Turkana,2019,2,0.18731068242923768,4,2019-02-01
Turkana,2019,3,0.18660864863580512,4,2019-03-01
Turkana,2019,4,0.19631138155441982,3,2019-04-01
Turkana,2019,5,0.2359549913324693,4,2019-05-01
Turkana,2019,6,0.2951853906539208,4,2019-06-01
Turkana,2019,7,0.28229812552119443,4,2019-07-01
Turkana,2019,8,0.27533449279501565,4,2019-08-01
Turkana,2019,9,0.25009707892538574,4,2019-09-01
Turkana,2019,10,0.34068111666186596,3,2019-10-01
Turkana,2019,11,0.3567744401134939,4,2019-11-01
Turkana,2019,12,0.3813575321121386,4,2019-12-01
Turkana,2020,1,0.30668907591054156,4,2020-01-01
Turkana,2020,2,0.3271421056614116,4,2020-02-01
Turkana,2020,3,0.3224762466711592,4,2020-03-01
Turkana,2020,4,0.35409576127824216,4,2020-04-01
Turkana,2020,5,0.3637960896981894,3,2020-05-01
Turkana,2020,6,0.32959484033243786,4,2020-06-01
Turkana,2020,7,0.34118915114193793,4,2020-07-01
Turkana,2020,8,0.3330890941757884,4,2020-08-01
Turkana,2020,9,0.307487151980292,4,2020-09-01
Turkana,2020,10,0.35605405695810033,4,2020-10-01
Turkana,2020,11,0.3570562161211721,3,2020-11-01
Turkana,2020,12,0.28942301925574165,4,2020-12-01
Turkana,2021,1,0.234786190833727,4,2021-01-01
Turkana,2021,2,0.20646402458485738,4,2021-02-01
Turkana,2021,3,0.20331229458829003,4,2021-03-01
Turkana,2021,4,0.2375087973361163,3,2021-04-01
Turkana,2021,5,0.33521271922795665,4,2021-05-01
Turkana,2021,6,0.2705957381347432,4,2021-06-01
Turkana,2021,7,0.2553833381786184,4,2021-07-01
Turkana,2021,8,0.25359153571367876,4,2021-08-01
Turkana,2021,9,0.2676625919226634,4,2021-09-01
Turkana,2021,10,0.2699680872323435,3,2021-10-01
Turkana,2021,11,0.23028045516989898,4,2021-11-01
Turkana,2021,12,0.20250065908671455,4,2021-12-01
Turkana,2022,1,0.20389426174414166,4,2022-01-01
Turkana,2022,2,0.19208152754891625,4,2022-02-01
Turkana,2022,3,0.17288043835043798,4,2022-03-01
Turkana,2022,4,0.23990625773498317,3,2022-04-01
Turkana,2022,5,0.30799200778334,4,2022-05-01
Turkana,2022,6,0.2703812299572501,4,2022-06-01
Turkana,2022,7,0.23349638147392282,4,2022-07-01
Turkana,2022,8,0.26183012425125735,4,2022-08-01
Turkana,2022,9,0.24777953325290308,4,2022-09-01
Turkana,2022,10,0.20982677973375677,3,2022-10-01
Turkana,2022,11,0.20014958050947743,4,2022-11-01
Turkana,2022,12,0.21018980024614156,3,2022-12-01
Turkana,2023,1,0.19569918070148964,4,2023-01-01
Turkana,2023,2,0.17429424870676224,3,2023-02-01
Turkana,2023,3,0.23694535487071938,4,2023-03-01
Turkana,2023,4,0.31335962778471643,3,2023-04-01
Turkana,2023,5,0.3448650349652931,4,2023-05-01
Turkana,2023,6,0.26620970587506243,4,2023-06-01
Turkana,2023,7,0.22739888361976845,4,2023-07-01
Turkana,2023,8,0.22467346251108913,4,2023-08-01
Turkana,2023,9,0.22416079573723333,4,2023-09-01
Turkana,2023,10,0.23824560085814434,2,2023-10-01
Turkana,2023,11,0.3356438663993908,4,2023-11-01
Turkana,2023,12,0.2820248601132022,4,2023-12-01
Turkana,2024,1,0.24023473901773584,4,2024-01-01
Turkana,2024,2,0.21950106909457615,4,2024-02-01
Turkana,2024,3,0.23834352929864708,4,2024-03-01
Turkana,2024,4,0.36617479081134396,4,2024-04-01
Turkana,2024,5,0.39741358556169243,3,2024-05-01
Turkana,2024,6,0.30389028372105004,4,2024-06-01
Turkana,2024,7,0.29856505249670745,4,2024-07-01
Turkana,2024,8,0.3750850790564407,3,2024-08-01
Turkana,2024,9,0.3052666810524168,4,2024-09-01
Turkana,2024,10,0.29757289237494267,4,2024-10-01
Turkana,2024,11,0.3244213514810397,3,2024-11-01
Turkana,2024,12,0.3256457024957291,3,2024-12-01
Turkana,2025,1,0.24128444758173556,4,2025-01-01
Turkana,2025,2,0.20549934645929951,4,2025-02-01
Turkana,2025,3,0.2839387650286923,4,2025-03-01
Turkana,2025,4,0.34731259323091473,3,2025-04-01
Turkana,2025,5,0.38496462882394167,4,2025-05-01
Turkana,2025,6,0.3173388461409299,4,2025-06-01
Turkana,2025,11,0.28435654104232877,1,2025-11-01
Turkana,2025,12,0.2635017524738969,2,2025-12-01
Turkana,2026,1,0.2321932023355415,3,2026-01-01
Turkana,2026,2,0.2401577862488363,3,2026-02-01
Turkana,2026,3,0.3820116542887061,2,2026-03-01
Turkana,2026,4,0.336634969351693,2,2026-04-01
Turkana,2026,5,0.3730531709940079,2,2026-05-01
Turkana,2026,7,0.2378801851420659,3,2026-07-01
Turkana,2026,8,0.2328001564550316,1,2026-08-01
Uasin Gishu,2000,12,0.49818048289738415,1,2000-12-01
Uasin Gishu,2001,1,0.47329285714285707,2,2001-01-01
Uasin Gishu,2001,2,0.466435764587525,2,2001-02-01
Uasin Gishu,2001,3,0.42943058350100605,2,2001-03-01
Uasin Gishu,2001,4,0.5456754527162979,2,2001-04-01
Uasin Gishu,2001,5,0.652736116700201,2,2001-05-01
Uasin Gishu,2001,6,0.5271922032193153,2,2001-06-01
Uasin Gishu,2001,7,0.7187105130784703,2,2001-07-01
Uasin Gishu,2001,8,0.6867091046277667,2,2001-08-01
Uasin Gishu,2001,9,0.6373657444668013,2,2001-09-01
Uasin Gishu,2001,10,0.5488019114688132,1,2001-10-01
Uasin Gishu,2001,11,0.6112547786720323,2,2001-11-01
Uasin Gishu,2001,12,0.5572098591549293,2,2001-12-01
Uasin Gishu,2002,1,0.4848880784708248,2,2002-01-01
Uasin Gishu,2002,2,0.4306756539235412,2,2002-02-01
Uasin Gishu,2002,3,0.41281011066398404,2,2002-03-01
Uasin Gishu,2002,4,0.45323611670020125,2,2002-04-01
Uasin Gishu,2002,5,0.5916269114688126,2,2002-05-01
Uasin Gishu,2002,6,0.6111293259557349,2,2002-06-01
Uasin Gishu,2002,7,0.6496300553319924,4,2002-07-01
Uasin Gishu,2002,8,0.7005574195171027,4,2002-08-01
Uasin Gishu,2002,9,0.5938068158953718,4,2002-09-01
Uasin Gishu,2002,10,0.5254958752515093,3,2002-10-01
Uasin Gishu,2002,11,0.5057507796780685,4,2002-11-01
Uasin Gishu,2002,12,0.48771378269617716,4,2002-12-01
Uasin Gishu,2003,1,0.5378013832997985,4,2003-01-01
Uasin Gishu,2003,2,0.40901287726358165,4,2003-02-01
Uasin Gishu,2003,3,0.35252411971830966,4,2003-03-01
Uasin Gishu,2003,4,0.39230875251509056,3,2003-04-01
Uasin Gishu,2003,5,0.571682042253521,4,2003-05-01
Uasin Gishu,2003,6,0.6746117203219315,4,2003-06-01
Uasin Gishu,2003,7,0.7279717806841047,4,2003-07-01
Uasin Gishu,2003,8,0.6974007545271634,4,2003-08-01
Uasin Gishu,2003,9,0.6273215794768608,4,2003-09-01
Uasin Gishu,2003,10,0.5211947350771298,3,2003-10-01
Uasin Gishu,2003,11,0.464555759557344,4,2003-11-01
Uasin Gishu,2003,12,0.4532565895372233,4,2003-12-01
Uasin Gishu,2004,1,0.43487764084507063,4,2004-01-01
Uasin Gishu,2004,2,0.39007223340040237,4,2004-02-01
Uasin Gishu,2004,3,0.3825979879275654,4,2004-03-01
Uasin Gishu,2004,4,0.5385437122736418,4,2004-04-01
Uasin Gishu,2004,5,0.6071021126760564,3,2004-05-01
Uasin Gishu,2004,6,0.6475456740442658,4,2004-06-01
Uasin Gishu,2004,7,0.6669774899396377,4,2004-07-01
Uasin Gishu,2004,8,0.6947091297786717,4,2004-08-01
Uasin Gishu,2004,9,0.6373158702213281,4,2004-09-01
Uasin Gishu,2004,10,0.570597837022133,4,2004-10-01
Uasin Gishu,2004,11,0.596043259557344,3,2004-11-01
Uasin Gishu,2004,12,0.568122912474849,4,2004-12-01
Uasin Gishu,2005,1,0.4703811619718308,4,2005-01-01
Uasin Gishu,2005,2,0.4017819416498991,4,2005-02-01
Uasin Gishu,2005,3,0.4200252263581489,4,2005-03-01
Uasin Gishu,2005,4,0.46961535881958394,3,2005-04-01
Uasin Gishu,2005,5,0.6389592555331994,4,2005-05-01
Uasin Gishu,2005,6,0.685852489939638,4,2005-06-01
Uasin Gishu,2005,7,0.7152928319919515,4,2005-07-01
Uasin Gishu,2005,8,0.7175227867203219,4,2005-08-01
Uasin Gishu,2005,9,0.619538958752515,4,2005-09-01
Uasin Gishu,2005,10,0.5470113346747154,3,2005-10-01
Uasin Gishu,2005,11,0.49008023138832985,4,2005-11-01
Uasin Gishu,2005,12,0.40293541247484904,4,2005-12-01
Uasin Gishu,2006,1,0.36744932092555344,4,2006-01-01
Uasin Gishu,2006,2,0.3616032947686116,4,2006-02-01
Uasin Gishu,2006,3,0.4559054074446682,4,2006-03-01
Uasin Gishu,2006,4,0.5713076794097919,3,2006-04-01
Uasin Gishu,2006,5,0.6397088028169017,4,2006-05-01
Uasin Gishu,2006,6,0.6458397132796787,4,2006-06-01
Uasin Gishu,2006,7,0.7067330231388332,4,2006-07-01
Uasin Gishu,2006,8,0.6945834255533195,4,2006-08-01
Uasin Gishu,2006,9,0.6247695171026159,4,2006-09-01
Uasin Gishu,2006,10,0.5519487256874581,3,2006-10-01
Uasin Gishu,2006,11,0.5584732897384306,4,2006-11-01
Uasin Gishu,2006,12,0.6023226861167001,4,2006-12-01
Uasin Gishu,2007,1,0.5969519617706239,4,2007-01-01
Uasin Gishu,2007,2,0.5496618209255534,4,2007-02-01
Uasin Gishu,2007,3,0.47686622233400394,4,2007-03-01
Uasin Gishu,2007,4,0.502155566733736,3,2007-04-01
Uasin Gishu,2007,5,0.5940433098591547,4,2007-05-01
Uasin Gishu,2007,6,0.6469270623742454,4,2007-06-01
Uasin Gishu,2007,7,0.6713337022132795,4,2007-07-01
Uasin Gishu,2007,8,0.6901331740442662,4,2007-08-01
Uasin Gishu,2007,9,0.6606722082494969,4,2007-09-01
Uasin Gishu,2007,10,0.603551341381623,3,2007-10-01
Uasin Gishu,2007,11,0.5130225100603624,4,2007-11-01
Uasin Gishu,2007,12,0.4354031187122738,4,2007-12-01
Uasin Gishu,2008,1,0.38806343058350085,4,2008-01-01
Uasin Gishu,2008,2,0.35413216800804836,4,2008-02-01
Uasin Gishu,2008,3,0.37655890342052284,4,2008-03-01
Uasin Gishu,2008,4,0.5273400653923546,4,2008-04-01
Uasin Gishu,2008,5,0.5750764587525152,3,2008-05-01
Uasin Gishu,2008,6,0.6733401156941649,4,2008-06-01
Uasin Gishu,2008,7,0.6926578722334006,4,2008-07-01
Uasin Gishu,2008,8,0.7095455985915494,4,2008-08-01
Uasin Gishu,2008,9,0.6557971830985918,4,2008-09-01
Uasin Gishu,2008,10,0.6377515342052312,4,2008-10-01
Uasin Gishu,2008,11,0.6216330985915491,3,2008-11-01
Uasin Gishu,2008,12,0.5058238682092557,4,2008-12-01
Uasin Gishu,2009,1,0.4346187625754525,4,2009-01-01
Uasin Gishu,2009,2,0.3952800553319923,4,2009-02-01
Uasin Gishu,2009,3,0.34928387826961754,4,2009-03-01
Uasin Gishu,2009,4,0.4481907444668007,3,2009-04-01
Uasin Gishu,2009,5,0.5696901911468815,4,2009-05-01
Uasin Gishu,2009,6,0.6255024899396376,4,2009-06-01
Uasin Gishu,2009,7,0.6218841046277663,4,2009-07-01
Uasin Gishu,2009,8,0.6207784708249495,4,2009-08-01
Uasin Gishu,2009,9,0.5489067907444666,4,2009-09-01
Uasin Gishu,2009,10,0.522995372233401,3,2009-10-01
Uasin Gishu,2009,11,0.49913802816901426,4,2009-11-01
Uasin Gishu,2009,12,0.46783790241448714,4,2009-12-01
Uasin Gishu,2010,1,0.5659358651911472,4,2010-01-01
Uasin Gishu,2010,2,0.5359717052313884,4,2010-02-01
Uasin Gishu,2010,3,0.5512742706237423,4,2010-03-01
Uasin Gishu,2010,4,0.5638275653923542,3,2010-04-01
Uasin Gishu,2010,5,0.6465406690140847,4,2010-05-01
Uasin Gishu,2010,6,0.6984747736418513,4,2010-06-01
Uasin Gishu,2010,7,0.7243086267605637,4,2010-07-01
Uasin Gishu,2010,8,0.6770992203219314,4,2010-08-01
Uasin Gishu,2010,9,0.6514103621730383,4,2010-09-01
Uasin Gishu,2010,10,0.6207146881287727,3,2010-10-01
Uasin Gishu,2010,11,0.5508186368209252,4,2010-11-01
Uasin Gishu,2010,12,0.47808314889336023,4,2010-12-01
Uasin Gishu,2011,1,0.4165839034205233,4,2011-01-01
Uasin Gishu,2011,2,0.3704664738430584,4,2011-02-01
Uasin Gishu,2011,3,0.398024698189135,4,2011-03-01
Uasin Gishu,2011,4,0.42809040912139523,3,2011-04-01
Uasin Gishu,2011,5,0.5521095321931592,4,2011-05-01
Uasin Gishu,2011,6,0.6693228873239436,4,2011-06-01
Uasin Gishu,2011,7,0.740063455734406,4,2011-07-01
Uasin Gishu,2011,8,0.6752426307847081,4,2011-08-01
Uasin Gishu,2011,9,0.6628431589537221,4,2011-09-01
Uasin Gishu,2011,10,0.580286183769282,3,2011-10-01
Uasin Gishu,2011,11,0.6217925553319918,4,2011-11-01
Uasin Gishu,2011,12,0.6076897384305839,4,2011-12-01
Uasin Gishu,2012,1,0.5011459507042253,4,2012-01-01
Uasin Gishu,2012,2,0.40220970824949687,4,2012-02-01
Uasin Gishu,2012,3,0.37700636317907427,4,2012-03-01
Uasin Gishu,2012,4,0.47814987424547295,4,2012-04-01
Uasin Gishu,2012,5,0.6262570757880619,3,2012-05-01
Uasin Gishu,2012,6,0.6622789235412476,4,2012-06-01
Uasin Gishu,2012,7,0.7183284708249498,4,2012-07-01
Uasin Gishu,2012,8,0.7112399647887323,4,2012-08-01
Uasin Gishu,2012,9,0.6841290492957746,4,2012-09-01
Uasin Gishu,2012,10,0.6090886820925552,4,2012-10-01
Uasin Gishu,2012,11,0.6013278336686793,3,2012-11-01
Uasin Gishu,2012,12,0.5555258048289737,4,2012-12-01
Uasin Gishu,2013,1,0.55371800804829,4,2013-01-01
Uasin Gishu,2013,2,0.47707090040241446,4,2013-02-01
Uasin Gishu,2013,3,0.43340870221327965,4,2013-03-01
Uasin Gishu,2013,4,0.5617852112676052,3,2013-04-01
Uasin Gishu,2013,5,0.6252569919517103,4,2013-05-01
Uasin Gishu,2013,6,0.6803764084507045,4,2013-06-01
Uasin Gishu,2013,7,0.7085127263581487,4,2013-07-01
Uasin Gishu,2013,8,0.6889462022132795,4,2013-08-01
Uasin Gishu,2013,9,0.6848390090543257,4,2013-09-01
Uasin Gishu,2013,10,0.6365061368209258,3,2013-10-01
Uasin Gishu,2013,11,0.6259087776659962,4,2013-11-01
Uasin Gishu,2013,12,0.5999093309859155,4,2013-12-01
Uasin Gishu,2014,1,0.5234767354124749,4,2014-01-01
Uasin Gishu,2014,2,0.4477336770623743,4,2014-02-01
Uasin Gishu,2014,3,0.4541581740442659,4,2014-03-01
Uasin Gishu,2014,4,0.44055519785378944,3,2014-04-01
Uasin Gishu,2014,5,0.5709772384305829,4,2014-05-01
Uasin Gishu,2014,6,0.701196101609658,4,2014-06-01
Uasin Gishu,2014,7,0.699132419517103,4,2014-07-01
Uasin Gishu,2014,8,0.6720685362173038,4,2014-08-01
Uasin Gishu,2014,9,0.6498532193158951,4,2014-09-01
Uasin Gishu,2014,10,0.6370127766599595,3,2014-10-01
Uasin Gishu,2014,11,0.586021504024145,4,2014-11-01
Uasin Gishu,2014,12,0.5463588028169013,4,2014-12-01
Uasin Gishu,2015,1,0.45259562374245527,4,2015-01-01
Uasin Gishu,2015,2,0.37254066901408456,4,2015-02-01
Uasin Gishu,2015,3,0.33982447183098596,4,2015-03-01
Uasin Gishu,2015,4,0.46393987256874597,3,2015-04-01
Uasin Gishu,2015,5,0.6620615191146879,4,2015-05-01
Uasin Gishu,2015,6,0.7230107394366201,4,2015-06-01
Uasin Gishu,2015,7,0.729093511066399,4,2015-07-01
Uasin Gishu,2015,8,0.6956619969818911,4,2015-08-01
Uasin Gishu,2015,9,0.5734602112676054,4,2015-09-01
Uasin Gishu,2015,10,0.5054503688799463,3,2015-10-01
Uasin Gishu,2015,11,0.6035070422535206,4,2015-11-01
Uasin Gishu,2015,12,0.6402462776659961,4,2015-12-01
Uasin Gishu,2016,1,0.578579828973843,4,2016-01-01
Uasin Gishu,2016,2,0.486206086519115,4,2016-02-01
Uasin Gishu,2016,3,0.43126795774647897,4,2016-03-01
Uasin Gishu,2016,4,0.562359481891348,4,2016-04-01
Uasin Gishu,2016,5,0.674380449362844,3,2016-05-01
Uasin Gishu,2016,6,0.6647867203219312,4,2016-06-01
Uasin Gishu,2016,7,0.7162047535211271,4,2016-07-01
Uasin Gishu,2016,8,0.7173744215291751,4,2016-08-01
Uasin Gishu,2016,9,0.6233590291750507,4,2016-09-01
Uasin Gishu,2016,10,0.5702836016096582,4,2016-10-01
Uasin Gishu,2016,11,0.5044398054996645,3,2016-11-01
Uasin Gishu,2016,12,0.4601333752515091,4,2016-12-01
Uasin Gishu,2017,1,0.39424356136820937,4,2017-01-01
Uasin Gishu,2017,2,0.4051818913480886,4,2017-02-01
Uasin Gishu,2017,3,0.38912263581488915,4,2017-03-01
Uasin Gishu,2017,4,0.4491110999329308,3,2017-04-01
Uasin Gishu,2017,5,0.6273629527162976,4,2017-05-01
Uasin Gishu,2017,6,0.7002003772635816,4,2017-06-01
Uasin Gishu,2017,7,0.7142994215291752,4,2017-07-01
Uasin Gishu,2017,8,0.6823355382293756,4,2017-08-01
Uasin Gishu,2017,9,0.6578818158953721,4,2017-09-01
Uasin Gishu,2017,10,0.6352481891348088,3,2017-10-01
Uasin Gishu,2017,11,0.6235465291750504,4,2017-11-01
Uasin Gishu,2017,12,0.5441696931589539,4,2017-12-01
Uasin Gishu,2018,1,0.4532473088531187,4,2018-01-01
Uasin Gishu,2018,2,0.3812730633802818,4,2018-02-01
Uasin Gishu,2018,3,0.47660020120724356,4,2018-03-01
Uasin Gishu,2018,4,0.589743729040912,3,2018-04-01
Uasin Gishu,2018,5,0.6465950452716301,4,2018-05-01
Uasin Gishu,2018,6,0.6917952464788735,4,2018-06-01
Uasin Gishu,2018,7,0.7002002515090546,4,2018-07-01
Uasin Gishu,2018,8,0.6659751006036219,4,2018-08-01
Uasin Gishu,2018,9,0.616736393360161,4,2018-09-01
Uasin Gishu,2018,10,0.560612910798122,3,2018-10-01
Uasin Gishu,2018,11,0.5205280935613681,4,2018-11-01
Uasin Gishu,2018,12,0.5031027917505029,4,2018-12-01
Uasin Gishu,2019,1,0.464665115694165,4,2019-01-01
Uasin Gishu,2019,2,0.3821096327967807,4,2019-02-01
Uasin Gishu,2019,3,0.35267024647887335,4,2019-03-01
Uasin Gishu,2019,4,0.37693822937625737,3,2019-04-01
Uasin Gishu,2019,5,0.51326073943662,4,2019-05-01
Uasin Gishu,2019,6,0.6878293511066396,4,2019-06-01
Uasin Gishu,2019,7,0.770452741448692,4,2019-07-01
Uasin Gishu,2019,8,0.7196440392354125,4,2019-08-01
Uasin Gishu,2019,9,0.6961427565392356,4,2019-09-01
Uasin Gishu,2019,10,0.6452039906103287,3,2019-10-01
Uasin Gishu,2019,11,0.6389785211267607,4,2019-11-01
Uasin Gishu,2019,12,0.64485550804829,4,2019-12-01
Uasin Gishu,2020,1,0.611745070422535,4,2020-01-01
Uasin Gishu,2020,2,0.5767213028169016,4,2020-02-01
Uasin Gishu,2020,3,0.5275807847082494,4,2020-03-01
Uasin Gishu,2020,4,0.5464843812877264,4,2020-04-01
Uasin Gishu,2020,5,0.6614842387659291,3,2020-05-01
Uasin Gishu,2020,6,0.7176022384305836,4,2020-06-01
Uasin Gishu,2020,7,0.7230797786720321,4,2020-07-01
Uasin Gishu,2020,8,0.5389936713397797,4,2020-08-01
Uasin Gishu,2020,9,0.6653468058350097,4,2020-09-01
Uasin Gishu,2020,10,0.6292376257545274,4,2020-10-01
Uasin Gishu,2020,11,0.6198868209255529,3,2020-11-01
Uasin Gishu,2020,12,0.5311648138832998,4,2020-12-01
Uasin Gishu,2021,1,0.4717223088531187,4,2021-01-01
Uasin Gishu,2021,2,0.43301275150905433,4,2021-02-01
Uasin Gishu,2021,3,0.40834922032193177,4,2021-03-01
Uasin Gishu,2021,4,0.46542555331991947,3,2021-04-01
Uasin Gishu,2021,5,0.609931011066398,4,2021-05-01
Uasin Gishu,2021,6,0.6571594818913484,4,2021-06-01
Uasin Gishu,2021,7,0.6274372484909457,4,2021-07-01
Uasin Gishu,2021,8,0.7163908953722331,4,2021-08-01
Uasin Gishu,2021,9,0.6832223843058352,4,2021-09-01
Uasin Gishu,2021,10,0.6623538229376261,3,2021-10-01
Uasin Gishu,2021,11,0.5793942152917502,4,2021-11-01
Uasin Gishu,2021,12,0.49055744466800805,4,2021-12-01
Uasin Gishu,2022,1,0.44272796780684087,4,2022-01-01
Uasin Gishu,2022,2,0.42255875251509045,4,2022-02-01
Uasin Gishu,2022,3,0.3727795020120728,4,2022-03-01
Uasin Gishu,2022,4,0.45705580147551994,3,2022-04-01
Uasin Gishu,2022,5,0.6021801559356141,4,2022-05-01
Uasin Gishu,2022,6,0.6910164235412477,4,2022-06-01
Uasin Gishu,2022,7,0.7083861921529173,4,2022-07-01
Uasin Gishu,2022,8,0.6558413480885312,4,2022-08-01
Uasin Gishu,2022,9,0.6684003772635814,4,2022-09-01
Uasin Gishu,2022,10,0.5841193494299128,3,2022-10-01
Uasin Gishu,2022,11,0.5097370221327967,4,2022-11-01
Uasin Gishu,2022,12,0.48871827632461456,3,2022-12-01
Uasin Gishu,2023,1,0.4705883551307848,4,2023-01-01
Uasin Gishu,2023,2,0.38190875251509054,3,2023-02-01
Uasin Gishu,2023,3,0.436490518108652,4,2023-03-01
Uasin Gishu,2023,4,0.5259837022132797,3,2023-04-01
Uasin Gishu,2023,5,0.6441843309859159,4,2023-05-01
Uasin Gishu,2023,6,0.680802766599597,4,2023-06-01
Uasin Gishu,2023,7,0.7296024647887325,4,2023-07-01
Uasin Gishu,2023,8,0.7201082997987927,4,2023-08-01
Uasin Gishu,2023,9,0.6438473340040242,4,2023-09-01
Uasin Gishu,2023,10,0.6385194668008038,2,2023-10-01
Uasin Gishu,2023,11,0.6322254778672035,4,2023-11-01
Uasin Gishu,2023,12,0.5776412726358151,4,2023-12-01
Uasin Gishu,2024,1,0.5673911720321929,4,2024-01-01
Uasin Gishu,2024,2,0.539450352112676,4,2024-02-01
Uasin Gishu,2024,3,0.5122663732394368,4,2024-03-01
Uasin Gishu,2024,4,0.6058387575452718,4,2024-04-01
Uasin Gishu,2024,5,0.6944152582159621,3,2024-05-01
Uasin Gishu,2024,6,0.7386185865191144,4,2024-06-01
Uasin Gishu,2024,7,0.6843032947686116,4,2024-07-01
Uasin Gishu,2024,8,0.7038258886653255,3,2024-08-01
Uasin Gishu,2024,9,0.6532819416498995,4,2024-09-01
Uasin Gishu,2024,10,0.6334662726358151,4,2024-10-01
Uasin Gishu,2024,11,0.6323493628437292,3,2024-11-01
Uasin Gishu,2024,12,0.6110818242790074,3,2024-12-01
Uasin Gishu,2025,1,0.5390911971830987,4,2025-01-01
Uasin Gishu,2025,2,0.4495840794768612,4,2025-02-01
Uasin Gishu,2025,3,0.475062374245473,4,2025-03-01
Uasin Gishu,2025,4,0.5811172367538567,3,2025-04-01
Uasin Gishu,2025,5,0.698458299798793,4,2025-05-01
Uasin Gishu,2025,6,0.7612501006036215,4,2025-06-01
Uasin Gishu,2025,11,0.612410663983903,1,2025-11-01
Uasin Gishu,2025,12,0.5861045271629781,2,2025-12-01
Uasin Gishu,2026,1,0.5306216968477528,3,2026-01-01
Uasin Gishu,2026,2,0.4960488598256207,3,2026-02-01
Uasin Gishu,2026,3,0.5882396378269611,2,2026-03-01
Uasin Gishu,2026,4,0.5793279175050305,2,2026-04-01
Uasin Gishu,2026,5,0.6920427565392353,2,2026-05-01
Uasin Gishu,2026,7,0.6728318242790078,3,2026-07-01
Uasin Gishu,2026,8,0.6386543259557343,1,2026-08-01
Vihiga,2000,12,0.695243373493976,1,2000-12-01
Vihiga,2001,1,0.6805677710843372,2,2001-01-01
Vihiga,2001,2,0.5869524096385542,2,2001-02-01
Vihiga,2001,3,0.5904448795180721,2,2001-03-01
Vihiga,2001,4,0.7062879518072291,2,2001-04-01
Vihiga,2001,5,0.7364897590361448,2,2001-05-01
Vihiga,2001,6,0.5554831325301206,2,2001-06-01
Vihiga,2001,7,0.6822204819277107,2,2001-07-01
Vihiga,2001,8,0.6411656626506024,2,2001-08-01
Vihiga,2001,9,0.6822524096385544,2,2001-09-01
Vihiga,2001,10,0.666453012048193,1,2001-10-01
Vihiga,2001,11,0.7120030120481928,2,2001-11-01
Vihiga,2001,12,0.657677108433735,2,2001-12-01
Vihiga,2002,1,0.6350277108433737,2,2002-01-01
Vihiga,2002,2,0.5381626506024098,2,2002-02-01
Vihiga,2002,3,0.6195623493975905,2,2002-03-01
Vihiga,2002,4,0.7270021084337348,2,2002-04-01
Vihiga,2002,5,0.754083734939759,2,2002-05-01
Vihiga,2002,6,0.694580120481928,2,2002-06-01
Vihiga,2002,7,0.6565451807228915,4,2002-07-01
Vihiga,2002,8,0.6277121987951808,4,2002-08-01
Vihiga,2002,9,0.6287763554216869,4,2002-09-01
Vihiga,2002,10,0.6667343373493976,3,2002-10-01
Vihiga,2002,11,0.6727935240963854,4,2002-11-01
Vihiga,2002,12,0.6971140060240962,4,2002-12-01
Vihiga,2003,1,0.652907981927711,4,2003-01-01
Vihiga,2003,2,0.5348876506024097,4,2003-02-01
Vihiga,2003,3,0.5291546686746987,4,2003-03-01
Vihiga,2003,4,0.6094718875502009,3,2003-04-01
Vihiga,2003,5,0.7375525602409638,4,2003-05-01
Vihiga,2003,6,0.7387474397590363,4,2003-06-01
Vihiga,2003,7,0.7182499999999999,4,2003-07-01
Vihiga,2003,8,0.6654628012048194,4,2003-08-01
Vihiga,2003,9,0.6402382530120484,4,2003-09-01
Vihiga,2003,10,0.6713371485943775,3,2003-10-01
Vihiga,2003,11,0.6990281626506027,4,2003-11-01
Vihiga,2003,12,0.6704313253012051,4,2003-12-01
Vihiga,2004,1,0.6224040662650603,4,2004-01-01
Vihiga,2004,2,0.5583531626506024,4,2004-02-01
Vihiga,2004,3,0.5775626506024099,4,2004-03-01
Vihiga,2004,4,0.7068560240963856,4,2004-04-01
Vihiga,2004,5,0.7088084337349397,3,2004-05-01
Vihiga,2004,6,0.6889906626506024,4,2004-06-01
Vihiga,2004,7,0.6364430722891566,4,2004-07-01
Vihiga,2004,8,0.6315218373493975,4,2004-08-01
Vihiga,2004,9,0.6773334337349397,4,2004-09-01
Vihiga,2004,10,0.6618638554216869,4,2004-10-01
Vihiga,2004,11,0.7056002008032127,3,2004-11-01
Vihiga,2004,12,0.6807439759036145,4,2004-12-01
Vihiga,2005,1,0.6092447289156627,4,2005-01-01
Vihiga,2005,2,0.540372138554217,4,2005-02-01
Vihiga,2005,3,0.6030415662650601,4,2005-03-01
Vihiga,2005,4,0.7043811244979921,3,2005-04-01
Vihiga,2005,5,0.7468406626506024,4,2005-05-01
Vihiga,2005,6,0.7044930722891568,4,2005-06-01
Vihiga,2005,7,0.6663037650602411,4,2005-07-01
Vihiga,2005,8,0.6506573795180722,4,2005-08-01
Vihiga,2005,9,0.6548194277108433,4,2005-09-01
Vihiga,2005,10,0.6684927710843375,3,2005-10-01
Vihiga,2005,11,0.6779554216867472,4,2005-11-01
Vihiga,2005,12,0.5784256024096386,4,2005-12-01
Vihiga,2006,1,0.549438403614458,4,2006-01-01
Vihiga,2006,2,0.5230930722891565,4,2006-02-01
Vihiga,2006,3,0.6162158132530121,4,2006-03-01
Vihiga,2006,4,0.7134317269076303,3,2006-04-01
Vihiga,2006,5,0.7169221385542168,4,2006-05-01
Vihiga,2006,6,0.7186400602409639,4,2006-06-01
Vihiga,2006,7,0.668878012048193,4,2006-07-01
Vihiga,2006,8,0.6281575301204818,4,2006-08-01
Vihiga,2006,9,0.6737245481927713,4,2006-09-01
Vihiga,2006,10,0.6902871485943777,3,2006-10-01
Vihiga,2006,11,0.6732960843373496,4,2006-11-01
Vihiga,2006,12,0.6938876506024098,4,2006-12-01
Vihiga,2007,1,0.674698795180723,4,2007-01-01
Vihiga,2007,2,0.6031509036144579,4,2007-02-01
Vihiga,2007,3,0.5965561746987953,4,2007-03-01
Vihiga,2007,4,0.6957323293172691,3,2007-04-01
Vihiga,2007,5,0.7297667168674701,4,2007-05-01
Vihiga,2007,6,0.7283326807228916,4,2007-06-01
Vihiga,2007,7,0.6704682228915664,4,2007-07-01
Vihiga,2007,8,0.6536067771084337,4,2007-08-01
Vihiga,2007,9,0.6725649096385544,4,2007-09-01
Vihiga,2007,10,0.6581305220883534,3,2007-10-01
Vihiga,2007,11,0.690131626506024,4,2007-11-01
Vihiga,2007,12,0.6518204819277109,4,2007-12-01
Vihiga,2008,1,0.5613540662650602,4,2008-01-01
Vihiga,2008,2,0.5363686746987951,4,2008-02-01
Vihiga,2008,3,0.5426618975903615,4,2008-03-01
Vihiga,2008,4,0.6686620481927711,4,2008-04-01
Vihiga,2008,5,0.7293538152610443,3,2008-05-01
Vihiga,2008,6,0.7125823795180722,4,2008-06-01
Vihiga,2008,7,0.6756195783132528,4,2008-07-01
Vihiga,2008,8,0.6465539156626506,4,2008-08-01
Vihiga,2008,9,0.6789935240963856,4,2008-09-01
Vihiga,2008,10,0.7266266566265063,4,2008-10-01
Vihiga,2008,11,0.6976285140562247,3,2008-11-01
Vihiga,2008,12,0.6253977409638554,4,2008-12-01
Vihiga,2009,1,0.5636852409638554,4,2009-01-01
Vihiga,2009,2,0.5368875000000001,4,2009-02-01
Vihiga,2009,3,0.5379594879518073,4,2009-03-01
Vihiga,2009,4,0.6544355421686748,3,2009-04-01
Vihiga,2009,5,0.7291558734939759,4,2009-05-01
Vihiga,2009,6,0.6843432228915662,4,2009-06-01
Vihiga,2009,7,0.6459807228915665,4,2009-07-01
Vihiga,2009,8,0.6214158132530119,4,2009-08-01
Vihiga,2009,9,0.6549216867469879,4,2009-09-01
Vihiga,2009,10,0.6550030120481926,3,2009-10-01
Vihiga,2009,11,0.6888283132530122,4,2009-11-01
Vihiga,2009,12,0.6875825301204819,4,2009-12-01
Vihiga,2010,1,0.6652590361445785,4,2010-01-01
Vihiga,2010,2,0.632693825301205,4,2010-02-01
Vihiga,2010,3,0.6335076807228915,4,2010-03-01
Vihiga,2010,4,0.7193748995983937,3,2010-04-01
Vihiga,2010,5,0.7271218373493976,4,2010-05-01
Vihiga,2010,6,0.7111036144578313,4,2010-06-01
Vihiga,2010,7,0.6502543674698795,4,2010-07-01
Vihiga,2010,8,0.6296701807228917,4,2010-08-01
Vihiga,2010,9,0.6733566265060242,4,2010-09-01
Vihiga,2010,10,0.6452078313253012,3,2010-10-01
Vihiga,2010,11,0.703471686746988,4,2010-11-01
Vihiga,2010,12,0.6730162650602409,4,2010-12-01
Vihiga,2011,1,0.6301965361445784,4,2011-01-01
Vihiga,2011,2,0.5062382530120483,4,2011-02-01
Vihiga,2011,3,0.5407596385542169,4,2011-03-01
Vihiga,2011,4,0.6645074297188757,3,2011-04-01
Vihiga,2011,5,0.7588643072289158,4,2011-05-01
Vihiga,2011,6,0.7422400602409638,4,2011-06-01
Vihiga,2011,7,0.6953311746987951,4,2011-07-01
Vihiga,2011,8,0.6554371987951809,4,2011-08-01
Vihiga,2011,9,0.6604581325301206,4,2011-09-01
Vihiga,2011,10,0.7363357429718879,3,2011-10-01
Vihiga,2011,11,0.7230335843373492,4,2011-11-01
Vihiga,2011,12,0.7058387048192769,4,2011-12-01
Vihiga,2012,1,0.59596656626506,4,2012-01-01
Vihiga,2012,2,0.49245481927710855,4,2012-02-01
Vihiga,2012,3,0.5142941265060242,4,2012-03-01
Vihiga,2012,4,0.6582625000000001,4,2012-04-01
Vihiga,2012,5,0.7392397590361449,3,2012-05-01
Vihiga,2012,6,0.7264740963855423,4,2012-06-01
Vihiga,2012,7,0.7001611445783135,4,2012-07-01
Vihiga,2012,8,0.6453135542168675,4,2012-08-01
Vihiga,2012,9,0.6375852409638554,4,2012-09-01
Vihiga,2012,10,0.700778765060241,4,2012-10-01
Vihiga,2012,11,0.7104789156626506,3,2012-11-01
Vihiga,2012,12,0.7065492469879517,4,2012-12-01
Vihiga,2013,1,0.6704540662650602,4,2013-01-01
Vihiga,2013,2,0.5938222891566264,4,2013-02-01
Vihiga,2013,3,0.6216481927710844,4,2013-03-01
Vihiga,2013,4,0.7087795180722892,3,2013-04-01
Vihiga,2013,5,0.7391043674698797,4,2013-05-01
Vihiga,2013,6,0.7131689759036145,4,2013-06-01
Vihiga,2013,7,0.6643570783132531,4,2013-07-01
Vihiga,2013,8,0.652746686746988,4,2013-08-01
Vihiga,2013,9,0.6740530120481929,4,2013-09-01
Vihiga,2013,10,0.7213646586345382,3,2013-10-01
Vihiga,2013,11,0.7049253012048194,4,2013-11-01
Vihiga,2013,12,0.6972959337349397,4,2013-12-01
Vihiga,2014,1,0.6517188253012047,4,2014-01-01
Vihiga,2014,2,0.5688947289156627,4,2014-02-01
Vihiga,2014,3,0.5750832831325303,4,2014-03-01
Vihiga,2014,4,0.6631443775100402,3,2014-04-01
Vihiga,2014,5,0.7442436746987954,4,2014-05-01
Vihiga,2014,6,0.71357921686747,4,2014-06-01
Vihiga,2014,7,0.7012819277108433,4,2014-07-01
Vihiga,2014,8,0.6597694277108435,4,2014-08-01
Vihiga,2014,9,0.6790078313253013,4,2014-09-01
Vihiga,2014,10,0.72045281124498,3,2014-10-01
Vihiga,2014,11,0.7336180722891567,4,2014-11-01
Vihiga,2014,12,0.6938722891566268,4,2014-12-01
Vihiga,2015,1,0.5823078313253012,4,2015-01-01
Vihiga,2015,2,0.5069015060240963,4,2015-02-01
Vihiga,2015,3,0.502476204819277,4,2015-03-01
Vihiga,2015,4,0.6296285140562251,3,2015-04-01
Vihiga,2015,5,0.7400025602409639,4,2015-05-01
Vihiga,2015,6,0.7475189759036145,4,2015-06-01
Vihiga,2015,7,0.697933734939759,4,2015-07-01
Vihiga,2015,8,0.6609007530120483,4,2015-08-01
Vihiga,2015,9,0.6532402108433737,4,2015-09-01
Vihiga,2015,10,0.6243564257028112,3,2015-10-01
Vihiga,2015,11,0.7426364457831326,4,2015-11-01
Vihiga,2015,12,0.7382856927710844,4,2015-12-01
Vihiga,2016,1,0.6779703313253014,4,2016-01-01
Vihiga,2016,2,0.612909638554217,4,2016-02-01
Vihiga,2016,3,0.5860417168674699,4,2016-03-01
Vihiga,2016,4,0.6733932228915664,4,2016-04-01
Vihiga,2016,5,0.7497738955823293,3,2016-05-01
Vihiga,2016,6,0.7323843373493975,4,2016-06-01
Vihiga,2016,7,0.6736280120481927,4,2016-07-01
Vihiga,2016,8,0.6270463855421686,4,2016-08-01
Vihiga,2016,9,0.6302519578313253,4,2016-09-01
Vihiga,2016,10,0.6814706325301203,4,2016-10-01
Vihiga,2016,11,0.6599736947791167,3,2016-11-01
Vihiga,2016,12,0.617642921686747,4,2016-12-01
Vihiga,2017,1,0.5471417168674698,4,2017-01-01
Vihiga,2017,2,0.5679210843373493,4,2017-02-01
Vihiga,2017,3,0.6273343373493975,4,2017-03-01
Vihiga,2017,4,0.7208929718875504,3,2017-04-01
Vihiga,2017,5,0.7589570783132531,4,2017-05-01
Vihiga,2017,6,0.7290210843373494,4,2017-06-01
Vihiga,2017,7,0.6774206325301205,4,2017-07-01
Vihiga,2017,8,0.6460021084337351,4,2017-08-01
Vihiga,2017,9,0.6747219879518072,4,2017-09-01
Vihiga,2017,10,0.6934963855421686,3,2017-10-01
Vihiga,2017,11,0.7202775602409639,4,2017-11-01
Vihiga,2017,12,0.6550968373493977,4,2017-12-01
Vihiga,2018,1,0.5816141566265061,4,2018-01-01
Vihiga,2018,2,0.5418331325301204,4,2018-02-01
Vihiga,2018,3,0.6133801204819277,4,2018-03-01
Vihiga,2018,4,0.7285518072289157,3,2018-04-01
Vihiga,2018,5,0.7668802710843377,4,2018-05-01
Vihiga,2018,6,0.7456939759036143,4,2018-06-01
Vihiga,2018,7,0.6899564759036143,4,2018-07-01
Vihiga,2018,8,0.6556466867469881,4,2018-08-01
Vihiga,2018,9,0.6501512048192771,4,2018-09-01
Vihiga,2018,10,0.6978664658634539,3,2018-10-01
Vihiga,2018,11,0.7228347891566266,4,2018-11-01
Vihiga,2018,12,0.7046649096385542,4,2018-12-01
Vihiga,2019,1,0.6613944277108434,4,2019-01-01
Vihiga,2019,2,0.5813983433734942,4,2019-02-01
Vihiga,2019,3,0.5717611445783133,4,2019-03-01
Vihiga,2019,4,0.6595654618473894,3,2019-04-01
Vihiga,2019,5,0.7412722891566265,4,2019-05-01
Vihiga,2019,6,0.753743373493976,4,2019-06-01
Vihiga,2019,7,0.7340340361445783,4,2019-07-01
Vihiga,2019,8,0.6749373493975903,4,2019-08-01
Vihiga,2019,9,0.6814305722891567,4,2019-09-01
Vihiga,2019,10,0.6654682730923694,3,2019-10-01
Vihiga,2019,11,0.745653012048193,4,2019-11-01
Vihiga,2019,12,0.7485587349397591,4,2019-12-01
Vihiga,2020,1,0.704807078313253,4,2020-01-01
Vihiga,2020,2,0.6827882530120482,4,2020-02-01
Vihiga,2020,3,0.6654352409638556,4,2020-03-01
Vihiga,2020,4,0.7236347891566266,4,2020-04-01
Vihiga,2020,5,0.7696512048192772,3,2020-05-01
Vihiga,2020,6,0.7320998493975905,4,2020-06-01
Vihiga,2020,7,0.6910935240963856,4,2020-07-01
Vihiga,2020,8,0.6466816265060242,4,2020-08-01
Vihiga,2020,9,0.6822448795180723,4,2020-09-01
Vihiga,2020,10,0.7384090361445782,4,2020-10-01
Vihiga,2020,11,0.7613315261044176,3,2020-11-01
Vihiga,2020,12,0.7197361445783133,4,2020-12-01
Vihiga,2021,1,0.6939085843373495,4,2021-01-01
Vihiga,2021,2,0.6203438253012048,4,2021-02-01
Vihiga,2021,3,0.6396486445783133,4,2021-03-01
Vihiga,2021,4,0.7098999999999999,3,2021-04-01
Vihiga,2021,5,0.7408085843373495,4,2021-05-01
Vihiga,2021,6,0.7371108433734941,4,2021-06-01
Vihiga,2021,7,0.6954650602409639,4,2021-07-01
Vihiga,2021,8,0.6643990963855424,4,2021-08-01
Vihiga,2021,9,0.68026671686747,4,2021-09-01
Vihiga,2021,10,0.687779718875502,3,2021-10-01
Vihiga,2021,11,0.7198846385542169,4,2021-11-01
Vihiga,2021,12,0.7174331325301203,4,2021-12-01
Vihiga,2022,1,0.6452716867469881,4,2022-01-01
Vihiga,2022,2,0.6085254518072291,4,2022-02-01
Vihiga,2022,3,0.5753335843373494,4,2022-03-01
Vihiga,2022,4,0.7118100401606426,3,2022-04-01
Vihiga,2022,5,0.7367394578313252,4,2022-05-01
Vihiga,2022,6,0.7327185240963856,4,2022-06-01
Vihiga,2022,7,0.6851465361445783,4,2022-07-01
Vihiga,2022,8,0.6635894578313253,4,2022-08-01
Vihiga,2022,9,0.6795135542168675,4,2022-09-01
Vihiga,2022,10,0.7281761044176708,3,2022-10-01
Vihiga,2022,11,0.6832757530120483,4,2022-11-01
Vihiga,2022,12,0.7188893574297189,3,2022-12-01
Vihiga,2023,1,0.6722215361445782,4,2023-01-01
Vihiga,2023,2,0.573279518072289,3,2023-02-01
Vihiga,2023,3,0.595997891566265,4,2023-03-01
Vihiga,2023,4,0.7000915662650605,3,2023-04-01
Vihiga,2023,5,0.7648468373493976,4,2023-05-01
Vihiga,2023,6,0.7585615963855421,4,2023-06-01
Vihiga,2023,7,0.7184120481927709,4,2023-07-01
Vihiga,2023,8,0.6807245481927713,4,2023-08-01
Vihiga,2023,9,0.6940371987951808,4,2023-09-01
Vihiga,2023,10,0.7237478915662652,2,2023-10-01
Vihiga,2023,11,0.7545617469879518,4,2023-11-01
Vihiga,2023,12,0.7418718373493975,4,2023-12-01
Vihiga,2024,1,0.6764352409638555,4,2024-01-01
Vihiga,2024,2,0.7151338855421687,4,2024-02-01
Vihiga,2024,3,0.6506888554216868,4,2024-03-01
Vihiga,2024,4,0.758740361445783,4,2024-04-01
Vihiga,2024,5,0.7788851405622491,3,2024-05-01
Vihiga,2024,6,0.7512013554216866,4,2024-06-01
Vihiga,2024,7,0.7342709337349397,4,2024-07-01
Vihiga,2024,8,0.7102389558232934,3,2024-08-01
Vihiga,2024,9,0.6979887048192772,4,2024-09-01
Vihiga,2024,10,0.7588379518072291,4,2024-10-01
Vihiga,2024,11,0.7659417670682731,3,2024-11-01
Vihiga,2024,12,0.7430634538152615,3,2024-12-01
Vihiga,2025,1,0.7053066265060242,4,2025-01-01
Vihiga,2025,2,0.6377692771084337,4,2025-02-01
Vihiga,2025,3,0.6645593373493975,4,2025-03-01
Vihiga,2025,4,0.7311361445783131,3,2025-04-01
Vihiga,2025,5,0.7417076807228917,4,2025-05-01
Vihiga,2025,6,0.7476180722891568,4,2025-06-01
Vihiga,2025,11,0.7589355421686748,1,2025-11-01
Vihiga,2025,12,0.7415933734939756,2,2025-12-01
Vihiga,2026,1,0.6828122489959844,3,2026-01-01
Vihiga,2026,2,0.6392510040160643,3,2026-02-01
Vihiga,2026,3,0.7215656626506023,2,2026-03-01
Vihiga,2026,4,0.7079822289156625,2,2026-04-01
Vihiga,2026,5,0.7710463855421688,2,2026-05-01
Vihiga,2026,7,0.700420080321285,3,2026-07-01
Vihiga,2026,8,0.6796722891566264,1,2026-08-01
Wajir,2000,12,0.2591919416128835,1,2000-12-01
Wajir,2001,1,0.2310397340008444,2,2001-01-01
Wajir,2001,2,0.21624449001749194,2,2001-02-01
Wajir,2001,3,0.2151881024187226,2,2001-03-01
Wajir,2001,4,0.3201333283068937,2,2001-04-01
Wajir,2001,5,0.29497921466915955,2,2001-05-01
Wajir,2001,6,0.20541432535134788,2,2001-06-01
Wajir,2001,7,0.22114448096990175,2,2001-07-01
Wajir,2001,8,0.2127125278967366,2,2001-08-01
Wajir,2001,9,0.2094501387297182,2,2001-09-01
Wajir,2001,10,0.20850832378309836,1,2001-10-01
Wajir,2001,11,0.290085882743229,2,2001-11-01
Wajir,2001,12,0.35892474214367587,2,2001-12-01
Wajir,2002,1,0.2579402587610832,2,2002-01-01
Wajir,2002,2,0.21898860003619025,2,2002-02-01
Wajir,2002,3,0.19240826949755713,2,2002-03-01
Wajir,2002,4,0.32280864648048757,2,2002-04-01
Wajir,2002,5,0.4333355389347974,2,2002-05-01
Wajir,2002,6,0.2909716297726037,2,2002-06-01
Wajir,2002,7,0.2604920939139877,4,2002-07-01
Wajir,2002,8,0.2315847080644191,4,2002-08-01
Wajir,2002,9,0.2265702982688943,4,2002-09-01
Wajir,2002,10,0.25715303697448566,3,2002-10-01
Wajir,2002,11,0.3921100141745581,4,2002-11-01
Wajir,2002,12,0.34588943693829544,4,2002-12-01
Wajir,2003,1,0.2705216207250136,4,2003-01-01
Wajir,2003,2,0.23320263284878476,4,2003-02-01
Wajir,2003,3,0.22705591863200447,4,2003-03-01
Wajir,2003,4,0.3144416048414657,3,2003-04-01
Wajir,2003,5,0.4064354559985529,4,2003-05-01
Wajir,2003,6,0.29668145394776535,4,2003-06-01
Wajir,2003,7,0.24945686108933,4,2003-07-01
Wajir,2003,8,0.22984583509258713,4,2003-08-01
Wajir,2003,9,0.22058933892273325,4,2003-09-01
Wajir,2003,10,0.23784891931560015,3,2003-10-01
Wajir,2003,11,0.33973406417757435,4,2003-11-01
Wajir,2003,12,0.37495820013269776,4,2003-12-01
Wajir,2004,1,0.2848962965196936,4,2004-01-01
Wajir,2004,2,0.23467671150250294,4,2004-02-01
Wajir,2004,3,0.22388694131129755,4,2004-03-01
Wajir,2004,4,0.3040989338922734,4,2004-04-01
Wajir,2004,5,0.30288243561131595,3,2004-05-01
Wajir,2004,6,0.24811806200615238,4,2004-06-01
Wajir,2004,7,0.22467286476868323,4,2004-07-01
Wajir,2004,8,0.21001263646782048,4,2004-08-01
Wajir,2004,9,0.21261460431871648,4,2004-09-01
Wajir,2004,10,0.3201123122625007,4,2004-10-01
Wajir,2004,11,0.45906075959547293,3,2004-11-01
Wajir,2004,12,0.3649810045841124,4,2004-12-01
Wajir,2005,1,0.2693545222872311,4,2005-01-01
Wajir,2005,2,0.2384108797273662,4,2005-02-01
Wajir,2005,3,0.2292220459617585,4,2005-03-01
Wajir,2005,4,0.2528261234091322,3,2005-04-01
Wajir,2005,5,0.27626013179323244,4,2005-05-01
Wajir,2005,6,0.2415503513480908,4,2005-06-01
Wajir,2005,7,0.20773414409795507,4,2005-07-01
Wajir,2005,8,0.21214871222631038,4,2005-08-01
Wajir,2005,9,0.19976195789854603,4,2005-09-01
Wajir,2005,10,0.21706156784687478,3,2005-10-01
Wajir,2005,11,0.2448393751130949,4,2005-11-01
Wajir,2005,12,0.23209608088545763,4,2005-12-01
Wajir,2006,1,0.21555228451655734,4,2006-01-01
Wajir,2006,2,0.21079123288497503,4,2006-02-01
Wajir,2006,3,0.22139070510887243,4,2006-03-01
Wajir,2006,4,0.33045491284154643,3,2006-04-01
Wajir,2006,5,0.33569363200434255,4,2006-05-01
Wajir,2006,6,0.24506524669762939,4,2006-06-01
Wajir,2006,7,0.21349976777851484,4,2006-07-01
Wajir,2006,8,0.2125701399360635,4,2006-08-01
Wajir,2006,9,0.20783173291513374,4,2006-09-01
Wajir,2006,10,0.30466426402879165,3,2006-10-01
Wajir,2006,11,0.5823440557331561,4,2006-11-01
Wajir,2006,12,0.5939071249773802,4,2006-12-01
Wajir,2007,1,0.439449214367573,4,2007-01-01
Wajir,2007,2,0.30298921074853785,4,2007-02-01
Wajir,2007,3,0.27321956089028254,4,2007-03-01
Wajir,2007,4,0.3196009429599694,3,2007-04-01
Wajir,2007,5,0.35959346010012655,4,2007-05-01
Wajir,2007,6,0.28302170667712173,4,2007-06-01
Wajir,2007,7,0.24535464593763173,4,2007-07-01
Wajir,2007,8,0.23966354122685313,4,2007-08-01
Wajir,2007,9,0.2398232342119548,4,2007-09-01
Wajir,2007,10,0.29814991052938433,3,2007-10-01
Wajir,2007,11,0.39516660986790575,4,2007-11-01
Wajir,2007,12,0.30705245189697794,4,2007-12-01
Wajir,2008,1,0.26020891338440166,4,2008-01-01
Wajir,2008,2,0.2238810211713615,4,2008-02-01
Wajir,2008,3,0.23207269889619392,4,2008-03-01
Wajir,2008,4,0.39851487725435847,4,2008-04-01
Wajir,2008,5,0.3499604861571867,3,2008-05-01
Wajir,2008,6,0.2782868101212376,4,2008-06-01
Wajir,2008,7,0.2326915812172023,4,2008-07-01
Wajir,2008,8,0.22600203872368646,4,2008-08-01
Wajir,2008,9,0.21510352856022671,4,2008-09-01
Wajir,2008,10,0.2829017642801131,4,2008-10-01
Wajir,2008,11,0.3924770472686328,3,2008-11-01
Wajir,2008,12,0.30029266692804163,4,2008-12-01
Wajir,2009,1,0.24081046504614273,4,2009-01-01
Wajir,2009,2,0.2250931509741238,4,2009-02-01
Wajir,2009,3,0.22338044061764856,4,2009-03-01
Wajir,2009,4,0.27325598447835603,3,2009-04-01
Wajir,2009,5,0.2751950389046383,4,2009-05-01
Wajir,2009,6,0.22873635170999437,4,2009-06-01
Wajir,2009,7,0.21228522980879444,4,2009-07-01
Wajir,2009,8,0.1987684284335605,4,2009-08-01
Wajir,2009,9,0.20683495687315287,4,2009-09-01
Wajir,2009,10,0.30557714377626305,3,2009-10-01
Wajir,2009,11,0.41544378732130977,4,2009-11-01
Wajir,2009,12,0.3184408951082699,4,2009-12-01
Wajir,2010,1,0.25261847668737586,4,2010-01-01
Wajir,2010,2,0.23182280294348268,4,2010-02-01
Wajir,2010,3,0.32296299083177515,4,2010-03-01
Wajir,2010,4,0.3922566942115524,3,2010-04-01
Wajir,2010,5,0.3152496411122505,4,2010-05-01
Wajir,2010,6,0.23086960160443923,4,2010-06-01
Wajir,2010,7,0.21592667832800486,4,2010-07-01
Wajir,2010,8,0.22043466584233062,4,2010-08-01
Wajir,2010,9,0.2159256725375474,4,2010-09-01
Wajir,2010,10,0.22713456380561822,3,2010-10-01
Wajir,2010,11,0.2428152753483322,4,2010-11-01
Wajir,2010,12,0.22304706858073492,4,2010-12-01
Wajir,2011,1,0.21246111647264632,4,2011-01-01
Wajir,2011,2,0.20769535707823134,4,2011-02-01
Wajir,2011,3,0.20448529314192654,4,2011-03-01
Wajir,2011,4,0.22337527796208023,3,2011-04-01
Wajir,2011,5,0.24227868990892132,4,2011-05-01
Wajir,2011,6,0.21057580071174398,4,2011-06-01
Wajir,2011,7,0.202562028771337,4,2011-07-01
Wajir,2011,8,0.20029267145183632,4,2011-08-01
Wajir,2011,9,0.19453884884492434,4,2011-09-01
Wajir,2011,10,0.3611353780887468,3,2011-10-01
Wajir,2011,11,0.5829198504131732,4,2011-11-01
Wajir,2011,12,0.5605747647626514,4,2011-12-01
Wajir,2012,1,0.355564744556367,4,2012-01-01
Wajir,2012,2,0.2731026313408531,4,2012-02-01
Wajir,2012,3,0.24972742626213879,4,2012-03-01
Wajir,2012,4,0.2984913414560591,4,2012-04-01
Wajir,2012,5,0.3024834268250997,3,2012-05-01
Wajir,2012,6,0.2503130617045659,4,2012-06-01
Wajir,2012,7,0.2247946754930937,4,2012-07-01
Wajir,2012,8,0.23055147928101816,4,2012-08-01
Wajir,2012,9,0.21964827191024802,4,2012-09-01
Wajir,2012,10,0.3070822033898304,4,2012-10-01
Wajir,2012,11,0.3470612923980132,3,2012-11-01
Wajir,2012,12,0.29619569937873214,4,2012-12-01
Wajir,2013,1,0.233595608902829,4,2013-01-01
Wajir,2013,2,0.21223234815127587,4,2013-02-01
Wajir,2013,3,0.28067171270884794,4,2013-03-01
Wajir,2013,4,0.47128280153607954,3,2013-04-01
Wajir,2013,5,0.4024377344833825,4,2013-05-01
Wajir,2013,6,0.2752475993727005,4,2013-06-01
Wajir,2013,7,0.24613808130767853,4,2013-07-01
Wajir,2013,8,0.23560149134447167,4,2013-08-01
Wajir,2013,9,0.22702684420049452,4,2013-09-01
Wajir,2013,10,0.23592101654703787,3,2013-10-01
Wajir,2013,11,0.35323642258278565,4,2013-11-01
Wajir,2013,12,0.28083521925327215,4,2013-12-01
Wajir,2014,1,0.23431011219011977,4,2014-01-01
Wajir,2014,2,0.22037020779299138,4,2014-02-01
Wajir,2014,3,0.24985531244345255,4,2014-03-01
Wajir,2014,4,0.31455565072280195,3,2014-04-01
Wajir,2014,5,0.29696158694734276,4,2014-05-01
Wajir,2014,6,0.21817723777067374,4,2014-06-01
Wajir,2014,7,0.20532598166355048,4,2014-07-01
Wajir,2014,8,0.20898853217926283,4,2014-08-01
Wajir,2014,9,0.20535913957416005,4,2014-09-01
Wajir,2014,10,0.23057486579407674,3,2014-10-01
Wajir,2014,11,0.3253279163399476,4,2014-11-01
Wajir,2014,12,0.2736764913444721,4,2014-12-01
Wajir,2015,1,0.21806387297183172,4,2015-01-01
Wajir,2015,2,0.20271983834971913,4,2015-02-01
Wajir,2015,3,0.23464429398636824,4,2015-03-01
Wajir,2015,4,0.36092051189255453,3,2015-04-01
Wajir,2015,5,0.3256840053682373,4,2015-05-01
Wajir,2015,6,0.24145304602207585,4,2015-06-01
Wajir,2015,7,0.21060859370287724,4,2015-07-01
Wajir,2015,8,0.21555030460220787,4,2015-08-01
Wajir,2015,9,0.20358513330116415,4,2015-09-01
Wajir,2015,10,0.2754653075175427,3,2015-10-01
Wajir,2015,11,0.3356352102056822,4,2015-11-01
Wajir,2015,12,0.3510583976717533,4,2015-12-01
Wajir,2016,1,0.2640670773267387,4,2016-01-01
Wajir,2016,2,0.2200012696785088,4,2016-02-01
Wajir,2016,3,0.21933715845346513,4,2016-03-01
Wajir,2016,4,0.3109212678689906,4,2016-04-01
Wajir,2016,5,0.3685005468765707,3,2016-05-01
Wajir,2016,6,0.2606569500573017,4,2016-06-01
Wajir,2016,7,0.2265117724229443,4,2016-07-01
Wajir,2016,8,0.22157222992942868,4,2016-08-01
Wajir,2016,9,0.21268006514265017,4,2016-09-01
Wajir,2016,10,0.2126485433379578,4,2016-10-01
Wajir,2016,11,0.27250725817801563,3,2016-11-01
Wajir,2016,12,0.29820783672115303,4,2016-12-01
Wajir,2017,1,0.23162233246878625,4,2017-01-01
Wajir,2017,2,0.21285522649134453,4,2017-02-01
Wajir,2017,3,0.20963581036250672,4,2017-03-01
Wajir,2017,4,0.25828655327020134,3,2017-04-01
Wajir,2017,5,0.29102758761083286,4,2017-05-01
Wajir,2017,6,0.22707826768803918,4,2017-06-01
Wajir,2017,7,0.19961930001809525,4,2017-07-01
Wajir,2017,8,0.20535813529163396,4,2017-08-01
Wajir,2017,9,0.20130081428312924,4,2017-09-01
Wajir,2017,10,0.2129791563624669,3,2017-10-01
Wajir,2017,11,0.34651518638036133,4,2017-11-01
Wajir,2017,12,0.2809804828397372,4,2017-12-01
Wajir,2018,1,0.22290592013993601,4,2018-01-01
Wajir,2018,2,0.21432341817962494,4,2018-02-01
Wajir,2018,3,0.29901360757584916,4,2018-03-01
Wajir,2018,4,0.4743366447513926,3,2018-04-01
Wajir,2018,5,0.4941785979250859,4,2018-05-01
Wajir,2018,6,0.3350175010555519,4,2018-06-01
Wajir,2018,7,0.2642400943965256,4,2018-07-01
Wajir,2018,8,0.24331323059291893,4,2018-08-01
Wajir,2018,9,0.2407490650823331,4,2018-09-01
Wajir,2018,10,0.2624959507006857,3,2018-10-01
Wajir,2018,11,0.34832411182821643,4,2018-11-01
Wajir,2018,12,0.3027905332046566,4,2018-12-01
Wajir,2019,1,0.241993886844804,4,2019-01-01
Wajir,2019,2,0.22158626123409111,4,2019-02-01
Wajir,2019,3,0.22721321852946488,4,2019-03-01
Wajir,2019,4,0.24498550374972358,3,2019-04-01
Wajir,2019,5,0.2636900220158033,4,2019-05-01
Wajir,2019,6,0.23229696905724104,4,2019-06-01
Wajir,2019,7,0.21170232372278205,4,2019-07-01
Wajir,2019,8,0.20354337113215526,4,2019-08-01
Wajir,2019,9,0.21226249019844362,4,2019-09-01
Wajir,2019,10,0.40485964372599864,3,2019-10-01
Wajir,2019,11,0.5692007992038113,4,2019-11-01
Wajir,2019,12,0.6015257916641537,4,2019-12-01
Wajir,2020,1,0.40649194613667883,4,2020-01-01
Wajir,2020,2,0.301814281621328,4,2020-02-01
Wajir,2020,3,0.2743167425658966,4,2020-03-01
Wajir,2020,4,0.38941398455877957,4,2020-04-01
Wajir,2020,5,0.37972430584876493,3,2020-05-01
Wajir,2020,6,0.2907462135834488,4,2020-06-01
Wajir,2020,7,0.2588946785089571,4,2020-07-01
Wajir,2020,8,0.22750982266722963,4,2020-08-01
Wajir,2020,9,0.2409676910549489,4,2020-09-01
Wajir,2020,10,0.2773489127812292,4,2020-10-01
Wajir,2020,11,0.4052165068259039,3,2020-11-01
Wajir,2020,12,0.3015624419446286,4,2020-12-01
Wajir,2021,1,0.25140599402859065,4,2021-01-01
Wajir,2021,2,0.22675541347487782,4,2021-02-01
Wajir,2021,3,0.23171097472706417,4,2021-03-01
Wajir,2021,4,0.3199423909765364,3,2021-04-01
Wajir,2021,5,0.3059777459436636,4,2021-05-01
Wajir,2021,6,0.23314016074552163,4,2021-06-01
Wajir,2021,7,0.20283433862114722,4,2021-07-01
Wajir,2021,8,0.20977344683032775,4,2021-08-01
Wajir,2021,9,0.213600330237047,4,2021-09-01
Wajir,2021,10,0.2165151456662043,3,2021-10-01
Wajir,2021,11,0.23091173924844688,4,2021-11-01
Wajir,2021,12,0.27977803245069066,4,2021-12-01
Wajir,2022,1,0.24724884040050643,4,2022-01-01
Wajir,2022,2,0.20967125731346892,4,2022-02-01
Wajir,2022,3,0.18932786356233774,4,2022-03-01
Wajir,2022,4,0.2394070430464242,3,2022-04-01
Wajir,2022,5,0.29444648953495356,4,2022-05-01
Wajir,2022,6,0.23983954701731117,4,2022-06-01
Wajir,2022,7,0.21170030460220768,4,2022-07-01
Wajir,2022,8,0.2025092179866097,4,2022-08-01
Wajir,2022,9,0.19676966946136662,4,2022-09-01
Wajir,2022,10,0.18667718398777558,3,2022-10-01
Wajir,2022,11,0.2201851755232524,4,2022-11-01
Wajir,2022,12,0.2295160644992664,3,2022-12-01
Wajir,2023,1,0.2111991646058268,4,2023-01-01
Wajir,2023,2,0.19783596316625443,3,2023-02-01
Wajir,2023,3,0.26042503468243006,4,2023-03-01
Wajir,2023,4,0.4252916621428707,3,2023-04-01
Wajir,2023,5,0.4409693150974122,4,2023-05-01
Wajir,2023,6,0.29116025242777,4,2023-06-01
Wajir,2023,7,0.23790701339043355,4,2023-07-01
Wajir,2023,8,0.23542262048374452,4,2023-08-01
Wajir,2023,9,0.22843113275830876,4,2023-09-01
Wajir,2023,10,0.2571507539658602,2,2023-10-01
Wajir,2023,11,0.5245426231980211,4,2023-11-01
Wajir,2023,12,0.5775684661318538,4,2023-12-01
Wajir,2024,1,0.431959629651969,4,2024-01-01
Wajir,2024,2,0.3196239338922734,4,2024-02-01
Wajir,2024,3,0.3012541528439592,4,2024-03-01
Wajir,2024,4,0.5025111782978473,4,2024-04-01
Wajir,2024,5,0.4723359189335908,3,2024-05-01
Wajir,2024,6,0.340429840460824,4,2024-06-01
Wajir,2024,7,0.28891529947523964,4,2024-07-01
Wajir,2024,8,0.2658730482337088,3,2024-08-01
Wajir,2024,9,0.2651685430363711,4,2024-09-01
Wajir,2024,10,0.2548147837625914,4,2024-10-01
Wajir,2024,11,0.3670504614271067,3,2024-11-01
Wajir,2024,12,0.3412994712186103,3,2024-12-01
Wajir,2025,1,0.25933600940949353,4,2025-01-01
Wajir,2025,2,0.2347028590385424,4,2025-02-01
Wajir,2025,3,0.2944302943482719,4,2025-03-01
Wajir,2025,4,0.42278676639121704,3,2025-04-01
Wajir,2025,5,0.42430543910971763,4,2025-05-01
Wajir,2025,6,0.29224436787502184,4,2025-06-01
Wajir,2025,11,0.27795328427528854,1,2025-11-01
Wajir,2025,12,0.2602306683153383,2,2025-12-01
Wajir,2026,1,0.22903500010052913,3,2026-01-01
Wajir,2026,2,0.22287619880571827,3,2026-02-01
Wajir,2026,3,0.3727447282707047,2,2026-03-01
Wajir,2026,4,0.4924001417455822,2,2026-04-01
Wajir,2026,5,0.42151772422944667,2,2026-05-01
Wajir,2026,7,0.2594200132697993,3,2026-07-01
Wajir,2026,8,0.24943161228059657,1,2026-08-01
West Pokot,2000,12,0.4097739705882349,1,2000-12-01
West Pokot,2001,1,0.3794882169117648,2,2001-01-01
West Pokot,2001,2,0.34988090073529454,2,2001-02-01
West Pokot,2001,3,0.3765365625000008,2,2001-03-01
West Pokot,2001,4,0.5391678860294125,2,2001-04-01
West Pokot,2001,5,0.5518413602941175,2,2001-05-01
West Pokot,2001,6,0.44613167279411725,2,2001-06-01
West Pokot,2001,7,0.5293943014705893,2,2001-07-01
West Pokot,2001,8,0.5717790441176462,2,2001-08-01
West Pokot,2001,9,0.49892696691176563,2,2001-09-01
West Pokot,2001,10,0.4213150735294119,1,2001-10-01
West Pokot,2001,11,0.5057393933823527,2,2001-11-01
West Pokot,2001,12,0.4589726654411768,2,2001-12-01
West Pokot,2002,1,0.3871124264705883,2,2002-01-01
West Pokot,2002,2,0.3298999264705884,2,2002-02-01
West Pokot,2002,3,0.3964906249999994,2,2002-03-01
West Pokot,2002,4,0.4551721323529413,2,2002-04-01
West Pokot,2002,5,0.5602098713235295,2,2002-05-01
West Pokot,2002,6,0.5240451838235295,2,2002-06-01
West Pokot,2002,7,0.45238322610294146,4,2002-07-01
West Pokot,2002,8,0.414312941176471,4,2002-08-01
West Pokot,2002,9,0.38794484375000027,4,2002-09-01
West Pokot,2002,10,0.43951196078431415,3,2002-10-01
West Pokot,2002,11,0.4370204871323531,4,2002-11-01
West Pokot,2002,12,0.4320387040441177,4,2002-12-01
West Pokot,2003,1,0.44560389705882325,4,2003-01-01
West Pokot,2003,2,0.3525097426470587,4,2003-02-01
West Pokot,2003,3,0.3443670036764707,4,2003-03-01
West Pokot,2003,4,0.43951024509803965,3,2003-04-01
West Pokot,2003,5,0.5974369209558827,4,2003-05-01
West Pokot,2003,6,0.5815910569852943,4,2003-06-01
West Pokot,2003,7,0.519593538602941,4,2003-07-01
West Pokot,2003,8,0.5397746966911764,4,2003-08-01
West Pokot,2003,9,0.48842534926470593,4,2003-09-01
West Pokot,2003,10,0.40735601715686265,3,2003-10-01
West Pokot,2003,11,0.40591232536764743,4,2003-11-01
West Pokot,2003,12,0.42219691176470625,4,2003-12-01
West Pokot,2004,1,0.3986188327205883,4,2004-01-01
West Pokot,2004,2,0.3656701654411768,4,2004-02-01
West Pokot,2004,3,0.34527233455882345,4,2004-03-01
West Pokot,2004,4,0.5560485018382352,4,2004-04-01
West Pokot,2004,5,0.5631812622549024,3,2004-05-01
West Pokot,2004,6,0.4973847150735293,4,2004-06-01
West Pokot,2004,7,0.44396706801470565,4,2004-07-01
West Pokot,2004,8,0.47333480698529345,4,2004-08-01
West Pokot,2004,9,0.43855222426470514,4,2004-09-01
West Pokot,2004,10,0.460459834558824,4,2004-10-01
West Pokot,2004,11,0.5370913725490204,3,2004-11-01
West Pokot,2004,12,0.49563787683823524,4,2004-12-01
West Pokot,2005,1,0.4061520496323531,4,2005-01-01
West Pokot,2005,2,0.34756683823529405,4,2005-02-01
West Pokot,2005,3,0.3717663235294116,4,2005-03-01
West Pokot,2005,4,0.4281323774509806,3,2005-04-01
West Pokot,2005,5,0.5648279595588239,4,2005-05-01
West Pokot,2005,6,0.5592565716911764,4,2005-06-01
West Pokot,2005,7,0.5300911948529412,4,2005-07-01
West Pokot,2005,8,0.5050099540441176,4,2005-08-01
West Pokot,2005,9,0.5207654595588236,4,2005-09-01
West Pokot,2005,10,0.4838180514705884,3,2005-10-01
West Pokot,2005,11,0.4443149816176467,4,2005-11-01
West Pokot,2005,12,0.3659622610294117,4,2005-12-01
West Pokot,2006,1,0.34110727941176444,4,2006-01-01
West Pokot,2006,2,0.33557918198529374,4,2006-02-01
West Pokot,2006,3,0.42004016544117667,4,2006-03-01
West Pokot,2006,4,0.5272734926470597,3,2006-04-01
West Pokot,2006,5,0.5101445955882352,4,2006-05-01
West Pokot,2006,6,0.4660832352941176,4,2006-06-01
West Pokot,2006,7,0.48685011948529394,4,2006-07-01
West Pokot,2006,8,0.5172323253676477,4,2006-08-01
West Pokot,2006,9,0.45005272977941124,4,2006-09-01
West Pokot,2006,10,0.4211935906862745,3,2006-10-01
West Pokot,2006,11,0.5239116819852945,4,2006-11-01
West Pokot,2006,12,0.5846387499999999,4,2006-12-01
West Pokot,2007,1,0.5472166452205883,4,2007-01-01
West Pokot,2007,2,0.463340367647059,4,2007-02-01
West Pokot,2007,3,0.40803670955882326,4,2007-03-01
West Pokot,2007,4,0.5127755269607842,3,2007-04-01
West Pokot,2007,5,0.5632615349264701,4,2007-05-01
West Pokot,2007,6,0.5569735018382349,4,2007-06-01
West Pokot,2007,7,0.5912154136029415,4,2007-07-01
West Pokot,2007,8,0.5790991268382356,4,2007-08-01
West Pokot,2007,9,0.6099014062499993,4,2007-09-01
West Pokot,2007,10,0.5680949754901966,3,2007-10-01
West Pokot,2007,11,0.49134541360294137,4,2007-11-01
West Pokot,2007,12,0.42574031250000005,4,2007-12-01
West Pokot,2008,1,0.38734772058823563,4,2008-01-01
West Pokot,2008,2,0.3539938051470585,4,2008-02-01
West Pokot,2008,3,0.40219276654411756,4,2008-03-01
West Pokot,2008,4,0.5206493933823529,4,2008-04-01
West Pokot,2008,5,0.5003048774509807,3,2008-05-01
West Pokot,2008,6,0.5127977481617647,4,2008-06-01
West Pokot,2008,7,0.5236979136029412,4,2008-07-01
West Pokot,2008,8,0.5314474448529414,4,2008-08-01
West Pokot,2008,9,0.5062007077205888,4,2008-09-01
West Pokot,2008,10,0.5610980422794123,4,2008-10-01
West Pokot,2008,11,0.5800482352941181,3,2008-11-01
West Pokot,2008,12,0.46555849264705873,4,2008-12-01
West Pokot,2009,1,0.4011993933823527,4,2009-01-01
West Pokot,2009,2,0.3694858455882351,4,2009-02-01
West Pokot,2009,3,0.35029851102941195,4,2009-03-01
West Pokot,2009,4,0.4541051960784314,3,2009-04-01
West Pokot,2009,5,0.5418391452205885,4,2009-05-01
West Pokot,2009,6,0.5066511672794113,4,2009-06-01
West Pokot,2009,7,0.43563095588235284,4,2009-07-01
West Pokot,2009,8,0.38481113051470583,4,2009-08-01
West Pokot,2009,9,0.3656752573529414,4,2009-09-01
West Pokot,2009,10,0.4181913970588234,3,2009-10-01
West Pokot,2009,11,0.4243355422794114,4,2009-11-01
West Pokot,2009,12,0.45654037683823545,4,2009-12-01
West Pokot,2010,1,0.5222122242647059,4,2010-01-01
West Pokot,2010,2,0.48589717830882334,4,2010-02-01
West Pokot,2010,3,0.5253881801470582,4,2010-03-01
West Pokot,2010,4,0.5353217892156859,3,2010-04-01
West Pokot,2010,5,0.5800233088235289,4,2010-05-01
West Pokot,2010,6,0.5471357904411768,4,2010-06-01
West Pokot,2010,7,0.5080040808823526,4,2010-07-01
West Pokot,2010,8,0.527969053308824,4,2010-08-01
West Pokot,2010,9,0.5296534834558821,4,2010-09-01
West Pokot,2010,10,0.503235453431372,3,2010-10-01
West Pokot,2010,11,0.430509889705882,4,2010-11-01
West Pokot,2010,12,0.39751321691176467,4,2010-12-01
West Pokot,2011,1,0.362648520220588,4,2011-01-01
West Pokot,2011,2,0.3327201194852938,4,2011-02-01
West Pokot,2011,3,0.41007925551470575,4,2011-03-01
West Pokot,2011,4,0.4694322426470592,3,2011-04-01
West Pokot,2011,5,0.5346188970588239,4,2011-05-01
West Pokot,2011,6,0.5392293474264709,4,2011-06-01
West Pokot,2011,7,0.5386339797794115,4,2011-07-01
West Pokot,2011,8,0.580565974264706,4,2011-08-01
West Pokot,2011,9,0.5830265992647053,4,2011-09-01
West Pokot,2011,10,0.5390245833333339,3,2011-10-01
West Pokot,2011,11,0.6068641575554923,4,2011-11-01
West Pokot,2011,12,0.5969575660622143,4,2011-12-01
West Pokot,2012,1,0.4866953308823525,4,2012-01-01
West Pokot,2012,2,0.39019341911764716,4,2012-02-01
West Pokot,2012,3,0.35670140625000024,4,2012-03-01
West Pokot,2012,4,0.4920349011483729,4,2012-04-01
West Pokot,2012,5,0.6627968504901967,3,2012-05-01
West Pokot,2012,6,0.5881419577205887,4,2012-06-01
West Pokot,2012,7,0.5920240533088239,4,2012-07-01
West Pokot,2012,8,0.6046055422794119,4,2012-08-01
West Pokot,2012,9,0.5783119393382348,4,2012-09-01
West Pokot,2012,10,0.5564266698396898,4,2012-10-01
West Pokot,2012,11,0.5931362475165686,3,2012-11-01
West Pokot,2012,12,0.5277487132352937,4,2012-12-01
West Pokot,2013,1,0.4902911787320438,4,2013-01-01
West Pokot,2013,2,0.41521271511206526,4,2013-02-01
West Pokot,2013,3,0.47145468749999997,4,2013-03-01
West Pokot,2013,4,0.6240903225351375,3,2013-04-01
West Pokot,2013,5,0.639643978177125,4,2013-05-01
West Pokot,2013,6,0.5829128584558827,4,2013-06-01
West Pokot,2013,7,0.5697289246323534,4,2013-07-01
West Pokot,2013,8,0.5829683928489329,4,2013-08-01
West Pokot,2013,9,0.546093648897059,4,2013-09-01
West Pokot,2013,10,0.5199798651960785,3,2013-10-01
West Pokot,2013,11,0.5760531433823526,4,2013-11-01
West Pokot,2013,12,0.5564355023743588,4,2013-12-01
West Pokot,2014,1,0.45247087316176515,4,2014-01-01
West Pokot,2014,2,0.38066920955882394,4,2014-02-01
West Pokot,2014,3,0.4425269209558822,4,2014-03-01
West Pokot,2014,4,0.46830871323529394,3,2014-04-01
West Pokot,2014,5,0.5284001930147065,4,2014-05-01
West Pokot,2014,6,0.4998099080882348,4,2014-06-01
West Pokot,2014,7,0.492023023897059,4,2014-07-01
West Pokot,2014,8,0.5173842187500006,4,2014-08-01
West Pokot,2014,9,0.5681715533088236,4,2014-09-01
West Pokot,2014,10,0.5844796936274514,3,2014-10-01
West Pokot,2014,11,0.5753917922794121,4,2014-11-01
West Pokot,2014,12,0.5274008762142226,4,2014-12-01
West Pokot,2015,1,0.4123911397058827,4,2015-01-01
West Pokot,2015,2,0.35125840073529413,4,2015-02-01
West Pokot,2015,3,0.34785667279411747,4,2015-03-01
West Pokot,2015,4,0.5030232965686271,3,2015-04-01
West Pokot,2015,5,0.5983748805147053,4,2015-05-01
West Pokot,2015,6,0.55958002757353,4,2015-06-01
West Pokot,2015,7,0.5406509926470595,4,2015-07-01
West Pokot,2015,8,0.488597757352941,4,2015-08-01
West Pokot,2015,9,0.4045783272058821,4,2015-09-01
West Pokot,2015,10,0.4179960539215683,3,2015-10-01
West Pokot,2015,11,0.5799071046813817,4,2015-11-01
West Pokot,2015,12,0.5646445404411766,4,2015-12-01
West Pokot,2016,1,0.48014540441176506,4,2016-01-01
West Pokot,2016,2,0.4002573621323527,4,2016-02-01
West Pokot,2016,3,0.38332752757352917,4,2016-03-01
West Pokot,2016,4,0.5358532562861025,4,2016-04-01
West Pokot,2016,5,0.6162019852941185,3,2016-05-01
West Pokot,2016,6,0.5617306985294116,4,2016-06-01
West Pokot,2016,7,0.5607034283088237,4,2016-07-01
West Pokot,2016,8,0.5464618658088232,4,2016-08-01
West Pokot,2016,9,0.466239126838235,4,2016-09-01
West Pokot,2016,10,0.42942110294117686,4,2016-10-01
West Pokot,2016,11,0.3997036519607837,3,2016-11-01
West Pokot,2016,12,0.3782467279411764,4,2016-12-01
West Pokot,2017,1,0.34115497242647075,4,2017-01-01
West Pokot,2017,2,0.35071741727941175,4,2017-02-01
West Pokot,2017,3,0.3497028860294122,4,2017-03-01
West Pokot,2017,4,0.41363878676470595,3,2017-04-01
West Pokot,2017,5,0.5306171507352946,4,2017-05-01
West Pokot,2017,6,0.5095374080882357,4,2017-06-01
West Pokot,2017,7,0.5096824264705884,4,2017-07-01
West Pokot,2017,8,0.5310004779411764,4,2017-08-01
West Pokot,2017,9,0.550864944852941,4,2017-09-01
West Pokot,2017,10,0.5567361397058823,3,2017-10-01
West Pokot,2017,11,0.5880701470993881,4,2017-11-01
West Pokot,2017,12,0.4728983180147054,4,2017-12-01
West Pokot,2018,1,0.3846810294117648,4,2018-01-01
West Pokot,2018,2,0.36171476102941175,4,2018-02-01
West Pokot,2018,3,0.4759674816176471,4,2018-03-01
West Pokot,2018,4,0.6166887132352943,3,2018-04-01
West Pokot,2018,5,0.6254580330882356,4,2018-05-01
West Pokot,2018,6,0.6222173345588229,4,2018-06-01
West Pokot,2018,7,0.5744723848990226,4,2018-07-01
West Pokot,2018,8,0.5258416084558823,4,2018-08-01
West Pokot,2018,9,0.512543354779412,4,2018-09-01
West Pokot,2018,10,0.4998864215686282,3,2018-10-01
West Pokot,2018,11,0.4613675367647055,4,2018-11-01
West Pokot,2018,12,0.44351615808823547,4,2018-12-01
West Pokot,2019,1,0.39354509191176495,4,2019-01-01
West Pokot,2019,2,0.3501936580882356,4,2019-02-01
West Pokot,2019,3,0.35566135110294106,4,2019-03-01
West Pokot,2019,4,0.3817878676470586,3,2019-04-01
West Pokot,2019,5,0.5008120772058823,4,2019-05-01
West Pokot,2019,6,0.5759033915441172,4,2019-06-01
West Pokot,2019,7,0.6098282628676464,4,2019-07-01
West Pokot,2019,8,0.5877816819852946,4,2019-08-01
West Pokot,2019,9,0.5516299151937354,4,2019-09-01
West Pokot,2019,10,0.5797469240196073,3,2019-10-01
West Pokot,2019,11,0.6028364705882355,4,2019-11-01
West Pokot,2019,12,0.6215807412638196,4,2019-12-01
West Pokot,2020,1,0.5579471599264705,4,2020-01-01
West Pokot,2020,2,0.5606728308823532,4,2020-02-01
West Pokot,2020,3,0.5539090900735288,4,2020-03-01
West Pokot,2020,4,0.5873865808823525,4,2020-04-01
West Pokot,2020,5,0.6543452557754446,3,2020-05-01
West Pokot,2020,6,0.626191783088236,4,2020-06-01
West Pokot,2020,7,0.6002171415441176,4,2020-07-01
West Pokot,2020,8,0.5802069117647056,4,2020-08-01
West Pokot,2020,9,0.6153313051470584,4,2020-09-01
West Pokot,2020,10,0.6145607077205886,4,2020-10-01
West Pokot,2020,11,0.5999593382352942,3,2020-11-01
West Pokot,2020,12,0.5223270036764711,4,2020-12-01
West Pokot,2021,1,0.4379170128676473,4,2021-01-01
West Pokot,2021,2,0.39719147058823534,4,2021-02-01
West Pokot,2021,3,0.40317223630889887,4,2021-03-01
West Pokot,2021,4,0.4787929436779308,3,2021-04-01
West Pokot,2021,5,0.5916790716911771,4,2021-05-01
West Pokot,2021,6,0.5240626102941176,4,2021-06-01
West Pokot,2021,7,0.5144286948529415,4,2021-07-01
West Pokot,2021,8,0.5552452022058819,4,2021-08-01
West Pokot,2021,9,0.5657248805147057,4,2021-09-01
West Pokot,2021,10,0.5730798161764706,3,2021-10-01
West Pokot,2021,11,0.4934055790441177,4,2021-11-01
West Pokot,2021,12,0.4197702287619258,4,2021-12-01
West Pokot,2022,1,0.3928910477941181,4,2022-01-01
West Pokot,2022,2,0.3693275091911766,4,2022-02-01
West Pokot,2022,3,0.31581777573529424,4,2022-03-01
West Pokot,2022,4,0.42228335784313664,3,2022-04-01
West Pokot,2022,5,0.5348682859993943,4,2022-05-01
West Pokot,2022,6,0.5309638878676474,4,2022-06-01
West Pokot,2022,7,0.4901742647058822,4,2022-07-01
West Pokot,2022,8,0.545561815411159,4,2022-08-01
West Pokot,2022,9,0.5371156868671985,4,2022-09-01
West Pokot,2022,10,0.4491167034313728,3,2022-10-01
West Pokot,2022,11,0.39781784131073794,4,2022-11-01
West Pokot,2022,12,0.39936917892156787,3,2022-12-01
West Pokot,2023,1,0.37804930879243,4,2023-01-01
West Pokot,2023,2,0.32392960784313696,3,2023-02-01
West Pokot,2023,3,0.405031130514706,4,2023-03-01
West Pokot,2023,4,0.5393473622844689,3,2023-04-01
West Pokot,2023,5,0.5845540839719945,4,2023-05-01
West Pokot,2023,6,0.5232605238970593,4,2023-06-01
West Pokot,2023,7,0.47743883079378735,4,2023-07-01
West Pokot,2023,8,0.4408233564188828,4,2023-08-01
West Pokot,2023,9,0.46845861344392903,4,2023-09-01
West Pokot,2023,10,0.4965163235294124,2,2023-10-01
West Pokot,2023,11,0.5704224375682831,4,2023-11-01
West Pokot,2023,12,0.4979175370520355,4,2023-12-01
West Pokot,2024,1,0.4357676930147062,4,2024-01-01
West Pokot,2024,2,0.41343344669117665,4,2024-02-01
West Pokot,2024,3,0.45540136948529364,4,2024-03-01
West Pokot,2024,4,0.5663214487207404,4,2024-04-01
West Pokot,2024,5,0.6249433333333333,3,2024-05-01
West Pokot,2024,6,0.5899715257352944,4,2024-06-01
West Pokot,2024,7,0.5735923069852946,4,2024-07-01
West Pokot,2024,8,0.6287105707340858,3,2024-08-01
West Pokot,2024,9,0.5963607139776198,4,2024-09-01
West Pokot,2024,10,0.5683860294117643,4,2024-10-01
West Pokot,2024,11,0.5722978089326023,3,2024-11-01
West Pokot,2024,12,0.533061214177286,3,2024-12-01
West Pokot,2025,1,0.42825149357124703,4,2025-01-01
West Pokot,2025,2,0.37249090073529384,4,2025-02-01
West Pokot,2025,3,0.47648934742647037,4,2025-03-01
West Pokot,2025,4,0.6106778988499598,3,2025-04-01
West Pokot,2025,5,0.6405132532843496,4,2025-05-01
West Pokot,2025,6,0.59670828125,4,2025-06-01
West Pokot,2025,11,0.5422232352941178,1,2025-11-01
West Pokot,2025,12,0.48681755514705805,2,2025-12-01
West Pokot,2026,1,0.4075579166666668,3,2026-01-01
West Pokot,2026,2,0.42947651960784344,3,2026-02-01
West Pokot,2026,3,0.6419364705882349,2,2026-03-01
West Pokot,2026,4,0.6160477757352938,2,2026-04-01
West Pokot,2026,5,0.6305564705882346,2,2026-05-01
West Pokot,2026,7,0.4687565073529418,3,2026-07-01
West Pokot,2026,8,0.44793503676470586,1,2026-08-01
