date,year,month,county,rainfall_mm,clim_mean,clim_sd,rain_anom,rain_3m_mm,rain_anom_3m
1981-01-01,1981,1,Baringo,2.9050474979938605,12.175140861792443,9.661411702721928,-0.9594967742847457,,
1981-02-01,1981,2,Baringo,6.556596119587238,12.433853668315798,12.624683151811952,-0.46553703392429535,,
1981-03-01,1981,3,Baringo,78.40887636037974,33.538288661190585,18.99697684721576,2.361985702254803,87.87051997796084,1.0631278600365106
1981-04-01,1981,4,Baringo,85.38687382233448,55.290267157676894,25.935311425405434,1.160449017595982,170.35234630230144,1.805843937000832
1981-05-01,1981,5,Baringo,38.40704666773478,50.86434316977476,23.42716768065042,-0.5317457352016581,202.202796850449,1.4641219196240893
1981-06-01,1981,6,Baringo,28.06895948801285,37.96506843958146,15.124655493975114,-0.6543030983754115,151.8628799780821,0.19840026982183942
1981-07-01,1981,7,Baringo,71.2552840746366,50.707096555253386,15.625329322207063,1.3150562842972968,137.73129023038425,-0.054655656084064926
1981-08-01,1981,8,Baringo,63.69051944047977,52.71282430693635,19.467189953102025,0.5639075367317801,163.01476300312922,0.5602584869304975
1981-09-01,1981,9,Baringo,32.25817199609219,23.653280131979887,12.947685728278392,0.6645891817808635,167.20397551120857,1.0626381670375233
1981-10-01,1981,10,Baringo,14.716029569774102,27.8382556513283,11.06809545318097,-1.1855902523665778,110.66472100634606,0.2152169812673185
1981-11-01,1981,11,Baringo,13.23483268389335,30.94603231254806,17.868223743249214,-0.9912121027332765,60.20903424975964,-0.8908527165381003
1981-12-01,1981,12,Baringo,10.802291104732417,19.51664463727902,15.045790664753511,-0.5791888061397115,38.75315335839987,-1.2206097242304919
1982-01-01,1982,1,Baringo,8.401124829512376,12.175140861792443,9.661411702721928,-0.39062780351413917,32.43824861813815,-1.0141511559956418
1982-02-01,1982,2,Baringo,8.30059126095894,12.433853668315798,12.624683151811952,-0.32739533797833437,27.504007195203734,-0.5597632786710339
1982-03-01,1982,3,Baringo,16.779499046619122,33.538288661190585,18.99697684721576,-0.8821819255429407,33.48121513709044,-0.8822452391104636
1982-04-01,1982,4,Baringo,70.89470348847217,55.290267157676894,25.935311425405434,0.601667590369077,95.97479379605024,-0.13820549239428032
1982-05-01,1982,5,Baringo,86.48773500491411,50.86434316977476,23.42716768065042,1.5206017355893326,174.1619375400054,0.8073421428873194
1982-06-01,1982,6,Baringo,19.720105731181608,37.96506843958146,15.124655493975114,-1.2063060025180545,177.1025442245679,0.8451038824788394
1982-07-01,1982,7,Baringo,29.73480152472472,50.707096555253386,15.625329322207063,-1.3421985929424463,135.94264226082043,-0.1088096318597876
1982-08-01,1982,8,Baringo,59.31259158696884,52.71282430693635,19.467189953102025,0.33902002784849006,108.76749884287517,-0.8448644033119823
1982-09-01,1982,9,Baringo,17.063008785859132,23.653280131979887,12.947685728278392,-0.508992223353651,106.11040189755269,-0.555081995702497
1982-10-01,1982,10,Baringo,40.85800154805183,27.8382556513283,11.06809545318097,1.1763311901128986,117.2336019208798,0.4340491392674902
1982-11-01,1982,11,Baringo,69.03158022684929,30.94603231254806,17.868223743249214,2.1314680441412266,126.95259056076026,1.784028085890963
1982-12-01,1982,12,Baringo,28.331105119754103,19.51664463727902,15.045790664753511,0.5858422916333648,138.22068689465524,1.849374001892796
1983-01-01,1983,1,Baringo,4.7365371630742,12.175140861792443,9.661411702721928,-0.7699292740648399,102.09922250967759,1.238286616747384
1983-02-01,1983,2,Baringo,18.25252128136464,12.433853668315798,12.624683151811952,0.4608961304675373,51.32016356419294,0.2055568665415718
1983-03-01,1983,3,Baringo,8.485376058480679,33.538288661190585,18.99697684721576,-1.3187841836203384,31.474434502919518,-0.954022899682283
1983-04-01,1983,4,Baringo,37.97234137852987,55.290267157676894,25.935311425405434,-0.6677354088828452,64.7102387183752,-0.9553853862061648
1983-05-01,1983,5,Baringo,43.793912542783296,50.86434316977476,23.42716768065042,-0.301804756058124,90.25162997979385,-1.1580253394417224
1983-06-01,1983,6,Baringo,44.41637480809138,37.96506843958146,15.124655493975114,0.4265423679289617,126.18262872940454,-0.45959228880625447
1983-07-01,1983,7,Baringo,58.89227617703951,50.707096555253386,15.625329322207063,0.5238404550074454,147.10256352791419,0.22907357167776934
1983-08-01,1983,8,Baringo,103.20180027301495,52.71282430693635,19.467189953102025,2.593542061679702,206.51045125814585,1.6868920257837614
1983-09-01,1983,9,Baringo,35.45637543507112,23.653280131979887,12.947685728278392,0.911598840966049,197.5504518851256,1.866194151643177
1983-10-01,1983,10,Baringo,37.19108640742608,27.8382556513283,11.06809545318097,0.8450262103052043,175.84926211551215,2.3867396477247595
1983-11-01,1983,11,Baringo,18.972991701272814,30.94603231254806,17.868223743249214,-0.6700744731718941,91.62045354377001,0.3680224032575438
1983-12-01,1983,12,Baringo,22.12835930066231,19.51664463727902,15.045790664753511,0.17358440786375776,78.2924374093612,-0.00026219711730377583
1984-01-01,1984,1,Baringo,3.5933851981774354,12.175140861792443,9.661411702721928,-0.8882506954130992,44.69473620011256,-0.6178463952586122
1984-02-01,1984,2,Baringo,3.0182284330710387,12.433853668315798,12.624683151811952,-0.7458108153703157,28.739972931910785,-0.5200461445357331
1984-03-01,1984,3,Baringo,8.258784424952971,33.538288661190585,18.99697684721576,-1.3307119569365922,14.870398056201445,-1.547908883980227
1984-04-01,1984,4,Baringo,25.401485311068026,55.290267157676894,25.935311425405434,-1.1524358183465164,36.67849816909204,-1.6880673229397727
1984-05-01,1984,5,Baringo,10.608706399721976,50.86434316977476,23.42716768065042,-1.7183313543831327,44.268976135742975,-2.2350421594723398
1984-06-01,1984,6,Baringo,15.871509038485014,37.96506843958146,15.124655493975114,-1.460764472281526,51.88170074927501,-2.3633687447552507
1984-07-01,1984,7,Baringo,41.63577155577831,50.707096555253386,15.625329322207063,-0.580552563879899,68.1159869939853,-2.1623624319472294
1984-08-01,1984,8,Baringo,21.338096974446223,52.71282430693635,19.467189953102025,-1.6116721215580823,78.84537756870955,-1.619912844515154
1984-09-01,1984,9,Baringo,20.78551461146428,23.653280131979887,12.947685728278392,-0.2214886567915581,83.75938314168882,-1.146923192090774
1984-10-01,1984,10,Baringo,18.169224452896,27.8382556513283,11.06809545318097,-0.8735948510141753,60.2928360388065,-1.462844842869965
1984-11-01,1984,11,Baringo,30.000021797265763,30.94603231254806,17.868223743249214,-0.05294373569951003,68.95476086162604,-0.5403503233427489
1984-12-01,1984,12,Baringo,14.17552561270885,19.51664463727902,15.045790664753511,-0.3549909169667203,62.344771862870616,-0.49247379578470035
1985-01-01,1985,1,Baringo,7.474828155835469,12.175140861792443,9.661411702721928,-0.48650371711545487,51.65037556581008,-0.3929407706937184
1985-02-01,1985,2,Baringo,12.2528459133246,12.433853668315798,12.624683151811952,-0.014337607749404676,33.90319968186892,-0.3541284630752263
1985-03-01,1985,3,Baringo,42.3324593764085,33.538288661190585,18.99697684721576,0.46292474776094755,62.06013344556857,0.13995313321097566
1985-04-01,1985,4,Baringo,92.15955618833884,55.290267157676894,25.935311425405434,1.4215865167728783,146.74486147807195,1.18880135015126
1985-05-01,1985,5,Baringo,70.2908288368812,50.86434316977476,23.42716768065042,0.8292289504186062,204.78284440162855,1.524552416274484
1985-06-01,1985,6,Baringo,39.25212885538737,37.96506843958146,15.124655493975114,0.08509684179706505,201.70251388060743,1.4754169124958048
1985-07-01,1985,7,Baringo,58.682734137315016,50.707096555253386,15.625329322207063,0.5104300471111657,168.2256918295836,0.8686076766671629
1985-08-01,1985,8,Baringo,31.046103096008306,52.71282430693635,19.467189953102025,-1.1129865821993241,128.98096608871072,-0.3212913539064779
1985-09-01,1985,9,Baringo,12.003936525491568,23.653280131979887,12.947685728278392,-0.8997240009498818,101.7327737588149,-0.6709988898393174
1985-10-01,1985,10,Baringo,10.499194411895214,27.8382556513283,11.06809545318097,-1.5665803852865978,53.5492340333951,-1.6874975651127164
1985-11-01,1985,11,Baringo,26.098687667113083,30.94603231254806,17.868223743249214,-0.27128296103110694,48.60181860449988,-1.3560349755488073
1985-12-01,1985,12,Baringo,5.773536130709526,19.51664463727902,15.045790664753511,-0.9134188300761288,42.37141820971784,-1.1089349514132765
1986-01-01,1986,1,Baringo,4.25769310089258,12.175140861792443,9.661411702721928,-0.8194918097392812,36.1299168987152,-0.8947837022394579
1986-02-01,1986,2,Baringo,3.227968998750051,12.433853668315798,12.624683151811952,-0.7291972843092286,13.25919823035217,-1.0175130136241186
1986-03-01,1986,3,Baringo,24.51373007114117,33.538288661190585,18.99697684721576,-0.4750523550473283,31.999392170783814,-0.9352464411810755
1986-04-01,1986,4,Baringo,72.46629002888997,55.290267157676894,25.935311425405434,0.662263991724733,100.20798909878121,-0.02756000009873111
1986-05-01,1986,5,Baringo,34.08912212053935,50.86434316977476,23.42716768065042,-0.7160584359965478,131.0691422205705,-0.2019877130747165
1986-06-01,1986,6,Baringo,57.27364190908579,37.96506843958146,15.124655493975114,1.2766289769175818,163.82905405851514,0.5050037147775727
1986-07-01,1986,7,Baringo,37.23459866841634,50.707096555253386,15.625329322207063,-0.8622216920375326,128.5973626980415,-0.3311988880339047
1986-08-01,1986,8,Baringo,37.57409413655599,52.71282430693635,19.467189953102025,-0.7776535908290172,132.08233471405816,-0.24095911754370047
1986-09-01,1986,9,Baringo,26.94407071089133,23.653280131979887,12.947685728278392,0.25416052319868976,101.75276351586369,-0.6704695733971234
1986-10-01,1986,10,Baringo,17.504944698321513,27.8382556513283,11.06809545318097,-0.9336123813457893,82.02310954576886,-0.7389342244050454
1986-11-01,1986,11,Baringo,13.98286619216968,30.94603231254806,17.868223743249214,-0.9493482040590199,58.43188160138256,-0.9620756444860725
1986-12-01,1986,12,Baringo,16.049176856799004,19.51664463727902,15.045790664753511,-0.23046098790959219,47.536987747290226,-0.9495038903150822
1987-01-01,1987,1,Baringo,9.050026975533902,12.175140861792443,9.661411702721928,-0.32346348364163974,39.08207002450261,-0.7993279421491936
1987-02-01,1987,2,Baringo,12.181647770221415,12.433853668315798,12.624683151811952,-0.019977206165224443,37.28085160255435,-0.2455893260975024
1987-03-01,1987,3,Baringo,27.610212695292937,33.538288661190585,18.99697684721576,-0.3120536500925662,48.841887441048286,-0.3328313649607649
1987-04-01,1987,4,Baringo,42.64438537206405,55.290267157676894,25.935311425405434,-0.48759321136299627,82.43624583757844,-0.4920704092493136
1987-05-01,1987,5,Baringo,74.10278402964273,50.86434316977476,23.42716768065042,0.9919441042402096,144.35738209699974,0.10925264952056812
1987-06-01,1987,6,Baringo,59.87762988163875,37.96506843958146,15.124655493975114,1.448797392495064,176.62479928334557,0.8328628567504519
1987-07-01,1987,7,Baringo,20.60107200818184,50.707096555253386,15.625329322207063,-1.926744961738771,154.58148591946335,0.4555090631284609
1987-08-01,1987,8,Baringo,31.668865526639497,52.71282430693635,19.467189953102025,-1.0809962213854893,112.1475674164601,-0.7573132282093447
1987-09-01,1987,9,Baringo,9.778750010025806,23.653280131979887,12.947685728278392,-1.0715837882635206,62.04868754484717,-1.7218090260121202
1987-10-01,1987,10,Baringo,12.94722847629052,27.8382556513283,11.06809545318097,-1.3454010437503139,54.39484401295585,-1.6593273700579787
1987-11-01,1987,11,Baringo,36.64996818823692,30.94603231254806,17.868223743249214,0.3192223221317039,59.375946674553276,-0.9242403585042865
1987-12-01,1987,12,Baringo,8.608861881647355,19.51664463727902,15.045790664753511,-0.7249723858769612,58.20605854617483,-0.6202117830216575
1988-01-01,1988,1,Baringo,13.502657434267876,12.175140861792443,9.661411702721928,0.13740399574333734,58.76148750415218,-0.1630080516785601
1988-02-01,1988,2,Baringo,3.954266301179544,12.433853668315798,12.624683151811952,-0.6716673412844603,26.065785617094804,-0.6059798020240398
1988-03-01,1988,3,Baringo,27.44216497861422,33.538288661190585,18.99697684721576,-0.3208996742800067,44.89908871406166,-0.47385568217297885
1988-04-01,1988,4,Baringo,101.03096742874536,55.290267157676894,25.935311425405434,1.7636456921917767,132.42739870853916,0.8145774830085942
1988-05-01,1988,5,Baringo,43.07312489534036,50.86434316977476,23.42716768065042,-0.3325719259212685,171.54625730269998,0.7460770488596054
1988-06-01,1988,6,Baringo,35.3152862010858,37.96506843958146,15.124655493975114,-0.1751962046045411,179.4193785251715,0.9044669983069993
1988-07-01,1988,7,Baringo,77.2361139248579,50.707096555253386,15.625329322207063,1.6978213273176195,155.6245250212841,0.48708862222242083
1988-08-01,1988,8,Baringo,53.96108329968575,52.71282430693635,19.467189953102025,0.06412116981220978,166.51248342562948,0.6508571024626085
1988-09-01,1988,9,Baringo,48.41583015001737,23.653280131979887,12.947685728278392,1.9125078054647895,179.61302737456106,1.3912222097189755
1988-10-01,1988,10,Baringo,28.35304236878187,27.8382556513283,11.06809545318097,0.04651086717052314,130.72995581848502,0.8836593981492512
1988-11-01,1988,11,Baringo,17.511757690478593,30.94603231254806,17.868223743249214,-0.7518528318823556,94.28063020927786,0.47463427542809977
1988-12-01,1988,12,Baringo,15.87404976380177,19.51664463727902,15.045790664753511,-0.24210059508606913,61.73884982306226,-0.5111750818765392
1989-01-01,1989,1,Baringo,12.69552641159449,12.175140861792443,9.661411702721928,0.05386226835312664,46.08133386587488,-0.5730117513613971
1989-02-01,1989,2,Baringo,19.723180017715844,12.433853668315798,12.624683151811952,0.5773868747235726,48.292756193112126,0.10827266110739261
1989-03-01,1989,3,Baringo,36.49866287524883,33.538288661190585,18.99697684721576,0.155833964417982,68.9173693045592,0.38521977549690956
1989-04-01,1989,4,Baringo,62.231173461522815,55.290267157676894,25.935311425405434,0.26762378866393033,118.45301635448752,0.4493209085971154
1989-05-01,1989,5,Baringo,44.17059220045041,50.86434316977476,23.42716768065042,-0.28572600241611934,142.90042853722207,0.07512753148788955
1989-06-01,1989,6,Baringo,23.75203417753562,37.96506843958146,15.124655493975114,-0.9397261489828698,130.15379983950885,-0.35784090739708463
1989-07-01,1989,7,Baringo,67.44836866916755,50.707096555253386,15.625329322207063,1.0714188334015526,135.3709950471536,-0.12611710090229714
1989-08-01,1989,8,Baringo,39.58597481556428,52.71282430693635,19.467189953102025,-0.6743063340418248,130.78637766226748,-0.27452724206446555
1989-09-01,1989,9,Baringo,27.37789210050534,23.653280131979887,12.947685728278392,0.2876662321507165,134.4122355852372,0.19433311117296734
1989-10-01,1989,10,Baringo,34.310019175364424,27.8382556513283,11.06809545318097,0.5847224169155625,101.27388609143406,-0.09762423119960173
1989-11-01,1989,11,Baringo,33.78002207951668,30.94603231254806,17.868223743249214,0.1586050078446844,95.46793335538646,0.5222178110939404
1989-12-01,1989,12,Baringo,36.35787235651261,19.51664463727902,15.045790664753511,1.1193315189932886,104.44791361139374,0.8070050933697683
1990-01-01,1990,1,Baringo,12.773257198089208,12.175140861792443,9.661411702721928,0.06190775786195481,82.91115163411851,0.6178540673335319
1990-02-01,1990,2,Baringo,34.78908449808757,12.433853668315798,12.624683151811952,1.7707557933098104,83.9202140526894,1.2531430087908253
1990-03-01,1990,3,Baringo,61.469717045319385,33.538288661190585,18.99697684721576,1.470309123855278,109.03205874149619,1.820024613315161
1990-04-01,1990,4,Baringo,76.07662446437737,55.290267157676894,25.935311425405434,0.801469354493226,172.33542600778435,1.8576768467966343
1990-05-01,1990,5,Baringo,39.73724113611075,50.86434316977476,23.42716768065042,-0.474965740005114,177.28358264580754,0.8804580682211971
1990-06-01,1990,6,Baringo,21.391535673386013,37.96506843958146,15.124655493975114,-1.0957957206230244,137.20540127387417,-0.17716116149847258
1990-07-01,1990,7,Baringo,43.451588601332446,50.707096555253386,15.625329322207063,-0.46434272227525164,104.58036541082923,-1.058349177766135
1990-08-01,1990,8,Baringo,33.71174867581099,52.71282430693635,19.467189953102025,-0.9760564147625019,98.55487295052947,-1.109393769593498
1990-09-01,1990,9,Baringo,16.051617508668166,23.653280131979887,12.947685728278392,-0.5871058954349897,93.21495478581163,-0.8965454846798074
1990-10-01,1990,10,Baringo,22.00316182902226,27.8382556513283,11.06809545318097,-0.5271994488111352,71.76652801350144,-1.0806164530240576
1990-11-01,1990,11,Baringo,22.085770733539874,30.94603231254806,17.868223743249214,-0.49586694829449274,60.14055007123033,-0.8935973562388168
1990-12-01,1990,12,Baringo,23.26612311387673,19.51664463727902,15.045790664753511,0.2492044825122614,67.3550556764389,-0.33783550101581405
1991-01-01,1991,1,Baringo,12.76781830298595,12.175140861792443,9.661411702721928,0.06134480751157003,58.119712150402584,-0.1837593987764604
1991-02-01,1991,2,Baringo,2.934398370217054,12.433853668315798,12.624683151811952,-0.7524509869964807,38.96833978707976,-0.19136274635824793
1991-03-01,1991,3,Baringo,42.992544550773424,33.538288661190585,18.99697684721576,0.4976716014142259,58.69476122397646,0.0195819571561171
1991-04-01,1991,4,Baringo,28.03752135985937,55.290267157676894,25.935311425405434,-1.0507969366861574,73.96446428084988,-0.7135023002749556
1991-05-01,1991,5,Baringo,39.74173426016783,50.86434316977476,23.42716768065042,-0.47477394882837703,110.77180017080065,-0.6773969589972448
1991-06-01,1991,6,Baringo,46.26329389229799,37.96506843958146,15.124655493975114,0.5486555020061195,114.04254951232521,-0.7706516202995604
1991-07-01,1991,7,Baringo,45.08333424299191,50.707096555253386,15.625329322207063,-0.35991320223048745,131.08836239545775,-0.2557801697804138
1991-08-01,1991,8,Baringo,74.53818623469427,52.71282430693635,19.467189953102025,1.1211357150331873,165.88481436998418,0.6345990999395932
1991-09-01,1991,9,Baringo,20.48508928127778,23.653280131979887,12.947685728278392,-0.2446916705572039,140.106609758964,0.34511662849146985
1991-10-01,1991,10,Baringo,23.838285354085457,27.8382556513283,11.06809545318097,-0.3613964402604833,118.86156087005753,0.48828208619092206
1991-11-01,1991,11,Baringo,17.1616581874016,30.94603231254806,17.868223743249214,-0.7714462457609603,61.485032822764865,-0.8397145351838651
1991-12-01,1991,12,Baringo,13.875283368428548,19.51664463727902,15.045790664753511,-0.37494614902930995,54.87522690991563,-0.7230151657359295
1992-01-01,1992,1,Baringo,6.084235333785033,12.175140861792443,9.661411702721928,-0.6304363912254569,37.12117688961521,-0.8627320193332094
1992-02-01,1992,2,Baringo,6.318310881272341,12.433853668315798,12.624683151811952,-0.48441158589914607,26.27782958348595,-0.599165876357964
1992-03-01,1992,3,Baringo,12.806232795959865,33.538288661190585,18.99697684721576,-1.0913344808476333,25.208779011017267,-1.1781301516159348
1992-04-01,1992,4,Baringo,57.00646741818159,55.290267157676894,25.935311425405434,0.06617234057284395,76.13101109541383,-0.6568740037434607
1992-05-01,1992,5,Baringo,33.94115582001515,50.86434316977476,23.42716768065042,-0.7223744492057081,103.75385603415663,-0.8417729409237154
1992-06-01,1992,6,Baringo,31.98873208363851,37.96506843958146,15.124655493975114,-0.395138676601501,122.9363553218353,-0.5427699697708372
1992-07-01,1992,7,Baringo,52.106008192209096,50.707096555253386,15.625329322207063,0.08952845780776891,118.03589609586278,-0.6509629870980532
1992-08-01,1992,8,Baringo,49.76365827413706,52.71282430693635,19.467189953102025,-0.15149418277132246,133.8583985499847,-0.19495517634917423
1992-09-01,1992,9,Baringo,22.68280674249698,23.653280131979887,12.947685728278392,-0.07495342487061961,124.55247320884315,-0.06674731762933181
1992-10-01,1992,10,Baringo,37.893197761285,27.8382556513283,11.06809545318097,0.908461817346083,110.33966277791907,0.2043881666597944
1992-11-01,1992,11,Baringo,21.86307330253797,30.94603231254806,17.868223743249214,-0.5083302705699395,82.43907780631997,6.05046503327363e-05
1992-12-01,1992,12,Baringo,20.702577721766936,19.51664463727902,15.045790664753511,0.07882158611086498,80.45884878558994,0.06660231065383122
1993-01-01,1993,1,Baringo,39.02200245979505,12.175140861792443,9.661411702721928,2.7787721322794874,81.58765348409997,0.5750597011522786
1993-02-01,1993,2,Baringo,31.85045681733352,12.433853668315798,12.624683151811952,1.5379873629724292,91.57503699889553,1.4991268744491568
1993-03-01,1993,3,Baringo,7.187699852234278,33.538288661190585,18.99697684721576,-1.3870938002863498,78.06015912936289,0.7122351221420926
1993-04-01,1993,4,Baringo,22.449483349384405,55.290267157676894,25.935311425405434,-1.2662575463089547,61.487640018952234,-1.0396163262099527
1993-05-01,1993,5,Baringo,64.6479982425005,50.86434316977476,23.42716768065042,0.5883619932472802,94.28518144411922,-1.0635505232149163
1993-06-01,1993,6,Baringo,40.124918874104814,37.96506843958146,15.124655493975114,0.14280328139597823,127.22240046598975,-0.43295072448822197
1993-07-01,1993,7,Baringo,32.68003106484046,50.707096555253386,15.625329322207063,-1.1537078751225076,137.4529481814458,-0.06308287532008554
1993-08-01,1993,8,Baringo,30.64292574173365,52.71282430693635,19.467189953102025,-1.1336971909336069,103.44787568067895,-0.9826542879886474
1993-09-01,1993,9,Baringo,17.516792292472644,23.653280131979887,12.947685728278392,-0.47394476266170465,80.83974909904678,-1.224233301472695
1993-10-01,1993,10,Baringo,14.295093762186855,27.8382556513283,11.06809545318097,-1.2236217103864189,62.45481179639317,-1.3908219478392474
1993-11-01,1993,11,Baringo,20.43201593955358,30.94603231254806,17.868223743249214,-0.5884197849809653,52.243901994213104,-1.2100712379470102
1993-12-01,1993,12,Baringo,11.78843335494017,19.51664463727902,15.045790664753511,-0.5136460724821241,46.515543056680634,-0.981029941739324
1994-01-01,1994,1,Baringo,5.294642535234109,12.175140861792443,9.661411702721928,-0.7121628327483319,37.51509182972788,-0.849995061452904
1994-02-01,1994,2,Baringo,6.871703361853575,12.433853668315798,12.624683151811952,-0.4405774180292135,23.954779252027883,-0.6738159243952131
1994-03-01,1994,3,Baringo,31.960513855860786,33.538288661190585,18.99697684721576,-0.08305399422335145,44.1268597529485,-0.5014764331961266
1994-04-01,1994,4,Baringo,58.8592386832604,55.290267157676894,25.935311425405434,0.13761051359836196,97.69145590097479,-0.09333609466487398
1994-05-01,1994,5,Baringo,58.03730647258269,50.86434316977476,23.42716768065042,0.30618141298968937,148.8570590117039,0.21464516858385954
1994-06-01,1994,6,Baringo,54.40259587214543,37.96506843958146,15.124655493975114,1.0868034276292668,171.29914102798855,0.696406111530654
1994-07-01,1994,7,Baringo,63.58665010501177,50.707096555253386,15.625329322207063,0.8242740542724868,176.02655244973994,1.1047903264910715
1994-08-01,1994,8,Baringo,57.43258644495255,52.71282430693635,19.467189953102025,0.24244701723188988,175.4218324221098,0.8816287442385191
1994-09-01,1994,9,Baringo,11.983712248313122,23.653280131979887,12.947685728278392,-0.9012860003374847,133.00294879827746,0.15701606593405085
1994-10-01,1994,10,Baringo,15.936685059467951,27.8382556513283,11.06809545318097,-1.075304296227391,85.35298375273365,-0.6280045899574196
1994-11-01,1994,11,Baringo,46.250752631211896,30.94603231254806,17.868223743249214,0.8565328338495932,74.171149938993,-0.33129315329875825
1994-12-01,1994,12,Baringo,8.586776946752499,19.51664463727902,15.045790664753511,-0.7264402339540046,70.77421463743237,-0.23230596797021427
1995-01-01,1995,1,Baringo,4.133226430110442,12.175140861792443,9.661411702721928,-0.832374675578346,58.970756008074865,-0.15624150426257388
1995-02-01,1995,2,Baringo,15.142818491275492,12.433853668315798,12.624683151811952,0.214576856336461,27.86282186813846,-0.5482329505467031
1995-03-01,1995,3,Baringo,46.455838966369626,33.538288661190585,18.99697684721576,0.6799792624410271,65.73188388775559,0.2712827127654498
1995-04-01,1995,4,Baringo,36.70589510110708,55.290267157676894,25.935311425405434,-0.7165663736108112,98.30455255875222,-0.07731123007127104
1995-05-01,1995,5,Baringo,31.461146660340138,50.86434316977476,23.42716768065042,-0.828234841442682,114.62288072781688,-0.5871960204157937
1995-06-01,1995,6,Baringo,33.70016756546803,37.96506843958146,15.124655493975114,-0.28198334010400083,101.86720932691527,-1.082614426394687
1995-07-01,1995,7,Baringo,46.57728891617212,50.707096555253386,15.625329322207063,-0.2643021183055572,111.7386031419803,-0.8416228910479313
1995-08-01,1995,8,Baringo,41.208751409481735,52.71282430693635,19.467189953102025,-0.5909467635117764,121.48620789112191,-0.5154219974197486
1995-09-01,1995,9,Baringo,31.275917549622363,23.653280131979887,12.947685728278392,0.5887258601739348,119.06195787527625,-0.21213277854725499
1995-10-01,1995,10,Baringo,38.20510484010745,27.8382556513283,11.06809545318097,0.9366425536020943,110.68977379921158,0.21605157650477574
1995-11-01,1995,11,Baringo,23.818906597907727,30.94603231254806,17.868223743249214,-0.39887152842111845,93.29992898763757,0.4353307229104469
1995-12-01,1995,12,Baringo,16.173141467265594,19.51664463727902,15.045790664753511,-0.22222183230595938,78.1971529052808,-0.003203075074953369
1996-01-01,1996,1,Baringo,9.377511954918884,12.175140861792443,9.661411702721928,-0.28956730061357155,49.36956002009224,-0.46668931023944993
1996-02-01,1996,2,Baringo,12.012587868861663,12.433853668315798,12.624683151811952,-0.03336842551915237,37.56324129104617,-0.236514876213368
1996-03-01,1996,3,Baringo,42.183490332579,33.538288661190585,18.99697684721576,0.45508302404734857,63.57359015635957,0.19408579735350132
1996-04-01,1996,4,Baringo,19.769508721278264,55.290267157676894,25.935311425405434,-1.3695905884362578,73.96558692271896,-0.7134729571302643
1996-05-01,1996,5,Baringo,33.21295496133658,50.86434316977476,23.42716768065042,-0.7534580555812251,95.16595401519388,-1.0429208554083083
1996-06-01,1996,6,Baringo,76.86849949176495,37.96506843958146,15.124655493975114,2.572186260221307,129.8509631743798,-0.365600343634879
1996-07-01,1996,7,Baringo,83.61525202042017,50.707096555253386,15.625329322207063,2.1060775607715985,193.69670647352171,1.6397805030044093
1996-08-01,1996,8,Baringo,74.16190522022737,52.71282430693635,19.467189953102025,1.1018067304507495,234.6456567324125,2.415655436170326
1996-09-01,1996,9,Baringo,23.762711544525928,23.653280131979887,12.947685728278392,0.00845181253565933,181.5398687851735,1.442243782299785
1996-10-01,1996,10,Baringo,17.48392517054692,27.8382556513283,11.06809545318097,-0.9355114910764114,115.40854193530025,0.37325007465962096
1996-11-01,1996,11,Baringo,32.06807056634854,30.94603231254806,17.868223743249214,0.06279517594603638,73.31470728142142,-0.36561679665460317
1996-12-01,1996,12,Baringo,6.182686408360799,19.51664463727902,15.045790664753511,-0.8862251593167879,55.73468214525629,-0.6964887858004547
1997-01-01,1997,1,Baringo,4.584886288948548,12.175140861792443,9.661411702721928,-0.7856258284392826,42.83564326365792,-0.6779588358287082
1997-02-01,1997,2,Baringo,2.1460573728267964,12.433853668315798,12.624683151811952,-0.8148954054353792,12.913630070136179,-1.0286176717587
1997-03-01,1997,3,Baringo,25.48971898005559,33.538288661190585,18.99697684721576,-0.4236763431290181,32.22066264183097,-0.927332134806502
1997-04-01,1997,4,Baringo,119.07535766210312,55.290267157676894,25.935311425405434,2.459391732691681,146.71113401498553,1.1879197957956955
1997-05-01,1997,5,Baringo,25.655567858769345,50.86434316977476,23.42716768065042,-1.0760487846691988,170.2206445009281,0.7150282257708322
1997-06-01,1997,6,Baringo,39.7721563681578,37.96506843958146,15.124655493975114,0.11947960925762541,184.5030818890303,1.0347242512948944
1997-07-01,1997,7,Baringo,66.72424045464932,50.707096555253386,15.625329322207063,1.0250756044310703,132.15196468157652,-0.2235780297184288
1997-08-01,1997,8,Baringo,50.59563814798991,52.71282430693635,19.467189953102025,-0.10875663945576658,157.09203497079707,0.4068468659070692
1997-09-01,1997,9,Baringo,8.7984161847677,23.653280131979887,12.947685728278392,-1.1472987728431208,126.11829478740698,-0.025285327618488652
1997-10-01,1997,10,Baringo,51.06378081823007,27.8382556513283,11.06809545318097,2.0984211118478164,110.45783515098772,0.20832489739841956
1997-11-01,1997,11,Baringo,76.82540912505908,30.94603231254806,17.868223743249214,2.5676517975013993,136.6876061280569,2.1741782021205047
1997-12-01,1997,12,Baringo,25.263060996471307,19.51664463727902,15.045790664753511,0.3819285065991199,153.1522509397605,2.310224462282793
1998-01-01,1998,1,Baringo,39.24943488194392,12.175140861792443,9.661411702721928,2.802312421126178,141.33790500347436,2.5070413536436584
1998-02-01,1998,2,Baringo,28.420834800524588,12.433853668315798,12.624683151811952,1.26632731609698,92.93333067893985,1.5427749552035497
1998-03-01,1998,3,Baringo,13.06300849425487,33.538288661190585,18.99697684721576,-1.0778178197304389,80.73327817672342,0.8078460864808922
1998-04-01,1998,4,Baringo,38.48104263207851,55.290267157676894,25.935311425405434,-0.6481211754076946,79.96488592685802,-0.5566657832885735
1998-05-01,1998,5,Baringo,74.5118363893949,50.86434316977476,23.42716768065042,1.009404702351266,126.05588751572833,-0.31940937513285833
1998-06-01,1998,6,Baringo,49.08152105869391,37.96506843958146,15.124655493975114,0.7349888150206578,162.07440008016738,0.4600450712837921
1998-07-01,1998,7,Baringo,51.384709710341234,50.707096555253386,15.625329322207063,0.04336632790995379,174.9780671584301,1.073045875915567
1998-08-01,1998,8,Baringo,52.63901408757919,52.71282430693635,19.467189953102025,-0.003791518936989413,153.10524485661438,0.3035802747757331
1998-09-01,1998,9,Baringo,20.304021204434907,23.653280131979887,12.947685728278392,-0.25867626059458887,124.32774500235537,-0.07269798198350255
1998-10-01,1998,10,Baringo,31.618034321528214,27.8382556513283,11.06809545318097,0.34150217498473107,104.56106961354236,0.011883228784032467
1998-11-01,1998,11,Baringo,21.94518019174918,30.94603231254806,17.868223743249214,-0.5037351361911105,73.86723571771235,-0.343473120340083
1998-12-01,1998,12,Baringo,5.3321427883246,19.51664463727902,15.045790664753511,-0.9427554965378616,58.89535730160204,-0.5989371430827145
1999-01-01,1999,1,Baringo,6.513715934753418,12.175140861792443,9.661411702721928,-0.5859831980293336,33.79103891482724,-0.9704096492000722
1999-02-01,1999,2,Baringo,2.443263986477485,12.433853668315798,12.624683151811952,-0.7913536966988687,14.289122709555546,-0.9844169111393246
1999-03-01,1999,3,Baringo,57.88628962590144,33.538288661190585,18.99697684721576,1.2816776669535899,66.8432695471324,0.31103427368087266
1999-04-01,1999,4,Baringo,39.78070551065298,55.290267157676894,25.935311425405434,-0.5980094625673639,100.11025912303194,-0.030114425421804317
1999-05-01,1999,5,Baringo,21.933449975038187,50.86434316977476,23.42716768065042,-1.2349291894398287,119.60044511159265,-0.4706103056744636
1999-06-01,1999,6,Baringo,25.34599247712356,37.96506843958146,15.124655493975114,-0.834338075831525,87.06014796281477,-1.4620085412879131
1999-07-01,1999,7,Baringo,50.67279122181428,50.707096555253386,15.625329322207063,-0.0021954950664848866,97.95223367397607,-1.2590257176016273
1999-08-01,1999,8,Baringo,42.88055935639601,52.71282430693635,19.467189953102025,-0.5050685267995548,118.8993430553339,-0.5824274593724691
1999-09-01,1999,9,Baringo,11.125124074251223,23.653280131979887,12.947685728278392,-0.9675980959567582,104.67847465246156,-0.5929985463140153
1999-10-01,1999,10,Baringo,30.07846917525316,27.8382556513283,11.06809545318097,0.20240280122277265,84.08415260590044,-0.6702737468521677
1999-11-01,1999,11,Baringo,23.001831933779595,30.94603231254806,17.868223743249214,-0.44459933415428937,64.20542518328402,-0.7306893992393481
1999-12-01,1999,12,Baringo,18.37729403055631,19.51664463727902,15.045790664753511,-0.07572553893041775,71.4575951395891,-0.21121399005757763
2000-01-01,2000,1,Baringo,3.9619528238589945,12.175140861792443,9.661411702721928,-0.8501022718677367,45.34107878819494,-0.5969473699048184
2000-02-01,2000,2,Baringo,2.5792097024428537,12.433853668315798,12.624683151811952,-0.7805854489471731,24.918456556858203,-0.6428486413691765
2000-03-01,2000,3,Baringo,9.324169383904874,33.538288661190585,18.99697684721576,-1.2746301409971235,15.865331910206764,-1.5123225208032125
2000-04-01,2000,4,Baringo,14.54359040015783,55.290267157676894,25.935311425405434,-1.571088778891811,26.4469694865056,-1.9554947499924464
2000-05-01,2000,5,Baringo,31.90372502009074,50.86434316977476,23.42716768065042,-0.8093431697825116,55.77148480415349,-1.9656276243643604
2000-06-01,2000,6,Baringo,29.560197221315825,37.96506843958146,15.124655493975114,-0.5557066223170307,76.00751264156443,-1.7452048279670498
2000-07-01,2000,7,Baringo,46.85651995340983,50.707096555253386,15.625329322207063,-0.24643170857020158,108.32044219481644,-0.945112794192693
2000-08-01,2000,8,Baringo,66.88202245663373,52.71282430693635,19.467189953102025,0.727850202511615,143.29873963135944,0.04957032277922184
2000-09-01,2000,9,Baringo,17.837166255559676,23.653280131979887,12.947685728278392,-0.4492010385854151,131.5757086656033,0.11922362716954779
2000-10-01,2000,10,Baringo,31.2385521007654,27.8382556513283,11.06809545318097,0.30721603945508574,115.95774081295886,0.39154579003838524
2000-11-01,2000,11,Baringo,35.16549397920951,30.94603231254806,17.868223743249214,0.23614331940832126,84.24121233553463,0.07228463117318493
2000-12-01,2000,12,Baringo,15.31469351695134,19.51664463727902,15.045790664753511,-0.2792775211322878,81.71873959692628,0.10548780574942485
2001-01-01,2001,1,Baringo,22.99273001352946,12.175140861792443,9.661411702721928,1.119669618125202,73.47291750969035,0.31267551667252574
2001-02-01,2001,2,Baringo,4.252619852469517,12.433853668315798,12.624683151811952,-0.6480347837222411,42.56004338295036,-0.075945167007303
2001-03-01,2001,3,Baringo,50.325709660847984,33.538288661190585,18.99697684721576,0.8836890803558464,77.57105952684701,0.6947412193918797
2001-04-01,2001,4,Baringo,68.91122700617863,55.290267157676894,25.935311425405434,0.5251897548127789,123.48955651949618,0.5809638936642527
2001-05-01,2001,5,Baringo,30.822346190917187,50.86434316977476,23.42716768065042,-0.8555023488994441,150.05928285794386,0.24280394576609135
2001-06-01,2001,6,Baringo,54.067910835070485,37.96506843958146,15.124655493975114,1.0646749872685413,153.80148403216634,0.24807217643059468
2001-07-01,2001,7,Baringo,52.55535493997427,50.707096555253386,15.625329322207063,0.11828604355199734,137.44561196596197,-0.06330499014779745
2001-08-01,2001,8,Baringo,61.3165825183575,52.71282430693635,19.467189953102025,0.4419620002757601,167.9398482934023,0.687828977072001
2001-09-01,2001,9,Baringo,19.352899207824315,23.653280131979887,12.947685728278392,-0.332135102318967,133.22483666615614,0.16289151987303105
2001-10-01,2001,10,Baringo,34.71701209575702,27.8382556513283,11.06809545318097,0.6214941381312145,115.38649382193887,0.3725155756955694
2001-11-01,2001,11,Baringo,48.25678059504583,30.94603231254806,17.868223743249214,0.9688007342664903,102.32669189862722,0.7970962049020807
2001-12-01,2001,12,Baringo,8.38364792114649,19.51664463727902,15.045790664753511,-0.7399409551943886,91.35744061194939,0.40297839594590645
2002-01-01,2002,1,Baringo,15.831270758310954,12.175140861792443,9.661411702721928,0.3784260529430148,72.47169927450332,0.28030184105889405
2002-02-01,2002,2,Baringo,4.083398345800546,12.433853668315798,12.624683151811952,-0.66143880381796,28.298317025258033,-0.5342385338271305
2002-03-01,2002,3,Baringo,45.82934101789426,33.538288661190585,18.99697684721576,0.6470004388358813,65.7440101220058,0.2717164386601518
2002-04-01,2002,4,Baringo,46.49382179455879,55.290267157676894,25.935311425405434,-0.3391686808318552,96.40656115825364,-0.12692013725904097
2002-05-01,2002,5,Baringo,69.4012439972315,50.86434316977476,23.42716768065042,0.791256590644853,161.72440680968458,0.5160272953008034
2002-06-01,2002,6,Baringo,30.773607633052727,37.96506843958146,15.124655493975114,-0.47547931319119563,146.66867342484306,0.06531164748273474
2002-07-01,2002,7,Baringo,29.3618532425318,50.707096555253386,15.625329322207063,-1.3660667799420556,129.53670487281607,-0.30275890753273227
2002-08-01,2002,8,Baringo,45.09499738644331,52.71282430693635,19.467189953102025,-0.39131620633717423,105.23045826202787,-0.9364814970180002
2002-09-01,2002,9,Baringo,8.58798684340257,23.653280131979887,12.947685728278392,-1.1635510472480781,83.04483747237771,-1.1658439208691076
2002-10-01,2002,10,Baringo,31.80013921398383,27.8382556513283,11.06809545318097,0.35795531213248477,85.48312344382974,-0.6236691864367037
2002-11-01,2002,11,Baringo,24.09758913639264,30.94603231254806,17.868223743249214,-0.38327498438353885,64.48571519377907,-0.7194562194445476
2002-12-01,2002,12,Baringo,54.87072307391045,19.51664463727902,15.045790664753511,2.34976540777298,110.76845142428695,1.0020833016663115
2003-01-01,2003,1,Baringo,8.563707464780563,12.175140861792443,9.661411702721928,-0.37379976220187605,87.53201967508366,0.7672665308247304
2003-02-01,2003,2,Baringo,3.9659926457282815,12.433853668315798,12.624683151811952,-0.6707384986032042,67.40042318441932,0.722287880435665
2003-03-01,2003,3,Baringo,31.359666110307742,33.538288661190585,18.99697684721576,-0.11468259230953089,43.88936622081661,-0.5099709989932535
2003-04-01,2003,4,Baringo,69.70016070634891,55.290267157676894,25.935311425405434,0.5556090425255711,105.02581946238496,0.09836643944765108
2003-05-01,2003,5,Baringo,98.33080766139886,50.86434316977476,23.42716768065042,2.0261290284283424,199.39063447805555,1.3982547735912203
2003-06-01,2003,6,Baringo,35.33884384937775,37.96506843958146,15.124655493975114,-0.17363863866187618,203.36981221712554,1.5181372849648402
2003-07-01,2003,7,Baringo,48.909557278951006,50.707096555253386,15.625329322207063,-0.11504008902696714,182.57920878972766,1.303181736506127
2003-08-01,2003,8,Baringo,92.32213161175068,52.71282430693635,19.467189953102025,2.0346699960413512,176.57053274007947,0.9113825970049894
2003-09-01,2003,9,Baringo,18.26882920387464,23.653280131979887,12.947685728278392,-0.41586203442869635,159.50051809457636,0.8586553641243622
2003-10-01,2003,10,Baringo,21.845399826077315,27.8382556513283,11.06809545318097,-0.5414532112233129,132.43636064170266,0.9405056486362144
2003-11-01,2003,11,Baringo,19.899847552715205,30.94603231254806,17.868223743249214,-0.6182027334421648,60.01407658266719,-0.8986660329062305
2003-12-01,2003,12,Baringo,18.727052629910983,19.51664463727902,15.045790664753511,-0.052479263134887655,60.47230000870353,-0.5502661016311259
2004-01-01,2004,1,Baringo,28.729724111312475,12.175140861792443,9.661411702721928,1.7134745686136197,67.3566242939387,0.11490954960779967
2004-02-01,2004,2,Baringo,7.935844299426446,12.433853668315798,12.624683151811952,-0.3562869115050842,55.39262104064993,0.33642322881119874
2004-03-01,2004,3,Baringo,31.53212677393204,33.538288661190585,18.99697684721576,-0.1056042707949383,68.19769518467098,0.35947878327281363
2004-04-01,2004,4,Baringo,90.31743201231345,55.290267157676894,25.935311425405434,1.3505588685673162,129.78540308567196,0.7455221039321225
2004-05-01,2004,5,Baringo,43.10265592183822,50.86434316977476,23.42716768065042,-0.33131137975109465,164.95221470808372,0.5916297911940089
2004-06-01,2004,6,Baringo,27.102326618096768,37.96506843958146,15.124655493975114,-0.7182141653283838,160.52241455224848,0.42027930269452574
2004-07-01,2004,7,Baringo,38.52012989826692,50.707096555253386,15.625329322207063,-0.7799494273484576,108.72511243820193,-0.9328608011060947
2004-08-01,2004,8,Baringo,47.65859329028007,52.71282430693635,19.467189953102025,-0.25962817586063064,113.2810498066438,-0.7279535530849208
2004-09-01,2004,9,Baringo,24.1108262355511,23.653280131979887,12.947685728278392,0.03533806065217593,110.28954942409813,-0.444420745805561
2004-10-01,2004,10,Baringo,26.031670704254736,27.8382556513283,11.06809545318097,-0.16322455427996432,97.80109023008595,-0.21331508060310544
2004-11-01,2004,11,Baringo,40.61856799798134,30.94603231254806,17.868223743249214,0.5413260895105847,90.76106493778721,0.3335806951582889
2004-12-01,2004,12,Baringo,24.00372760234735,19.51664463727902,15.045790664753511,0.29822845904534867,90.65396630458345,0.3812662392392953
2005-01-01,2005,1,Baringo,14.718451520724177,12.175140861792443,9.661411702721928,0.2632442066634219,79.34074712105289,0.5024075907780565
2005-02-01,2005,2,Baringo,10.782084067662558,12.433853668315798,12.624683151811952,-0.13083651928453913,49.504263190734115,0.1472038260267427
2005-03-01,2005,3,Baringo,32.96606424771822,33.538288661190585,18.99697684721576,-0.03012186718310545,58.46659983610499,0.011421179453077667
2005-04-01,2005,4,Baringo,41.95791826003637,55.290267157676894,25.935311425405434,-0.5140616466467629,85.7060665754172,-0.40660519931133565
2005-05-01,2005,5,Baringo,96.13102393517129,50.86434316977476,23.42716768065042,1.932230194552471,171.0550064429259,0.7345708526181798
2005-06-01,2005,6,Baringo,37.73170678065373,37.96506843958146,15.124655493975114,-0.015429221447105772,175.82064897586142,0.8122585054448815
2005-07-01,2005,7,Baringo,53.19838074415158,50.707096555253386,15.625329322207063,0.15943882765770084,187.06111145997662,1.4388780013742763
2005-08-01,2005,8,Baringo,43.56704039940468,52.71282430693635,19.467189953102025,-0.46980503758192993,134.49712792421002,-0.1784106873636484
2005-09-01,2005,9,Baringo,41.75135079163771,23.653280131979887,12.947685728278392,1.397784209430627,138.51677193519401,0.3030187031145111
2005-10-01,2005,10,Baringo,21.525114560815005,27.8382556513283,11.06809545318097,-0.5703909147891292,106.84350575185742,0.08791907600726005
2005-11-01,2005,11,Baringo,14.462467060944974,30.94603231254806,17.868223743249214,-0.9225072110388552,77.73893241339772,-0.18830717269623648
2005-12-01,2005,12,Baringo,11.17276683954092,19.51664463727902,15.045790664753511,-0.5545655913773005,47.16034846130093,-0.961128552528953
2006-01-01,2006,1,Baringo,7.891486568939992,12.175140861792443,9.661411702721928,-0.44337767861042593,33.52672046942591,-0.9789561971048092
2006-02-01,2006,2,Baringo,10.078248926309438,12.433853668315798,12.624683151811952,-0.1865872365809254,29.14250233479038,-0.5071110656635905
2006-03-01,2006,3,Baringo,39.82112728021084,33.538288661190585,18.99697684721576,0.330728340069598,57.7908627754603,-0.0127482910654537
2006-04-01,2006,4,Baringo,58.91868724822998,55.290267157676894,25.935311425405434,0.1399026998765396,108.81806345475029,0.1974865304033899
2006-05-01,2006,5,Baringo,42.94941531939384,50.86434316977476,23.42716768065042,-0.3378525290924615,141.6892298478347,0.04675854336264215
2006-06-01,2006,6,Baringo,33.86663393607506,37.96506843958146,15.124655493975114,-0.2709770483789864,135.7347365036989,-0.214843287955925
2006-07-01,2006,7,Baringo,39.8382683191544,50.707096555253386,15.625329322207063,-0.695590346416057,116.65431757462333,-0.6927923302916753
2006-08-01,2006,8,Baringo,67.34519166212816,52.71282430693635,19.467189953102025,0.7516425015856074,141.05009391735763,-0.008674523549905765
2006-09-01,2006,9,Baringo,19.29844689491468,23.653280131979887,12.947685728278392,-0.3363406656954945,126.48190687619726,-0.0156571036882296
2006-10-01,2006,10,Baringo,29.91303837192364,27.8382556513283,11.06809545318097,0.18745616437551127,116.55667692896651,0.411498424965928
2006-11-01,2006,11,Baringo,77.22934162677863,30.94603231254806,17.868223743249214,2.590257989785742,126.44082689361699,1.7635181387996868
2006-12-01,2006,12,Baringo,47.62098205762032,19.51664463727902,15.045790664753511,1.8679202739526963,154.76336205632262,2.359950083628568
2007-01-01,2007,1,Baringo,21.80344104889112,12.175140861792443,9.661411702721928,0.9965728077177456,146.6537647332901,2.67892587637059
2007-02-01,2007,2,Baringo,34.39919562217517,12.433853668315798,12.624683151811952,1.7398727310401296,103.82361872868664,1.892728856349902
2007-03-01,2007,3,Baringo,21.810646120707197,33.538288661190585,18.99697684721576,-0.617342571652511,78.01328279177352,0.7105584696016769
2007-04-01,2007,4,Baringo,57.10534019470215,55.290267157676894,25.935311425405434,0.06998462471698981,113.31518193758455,0.31503033664441105
2007-05-01,2007,5,Baringo,64.85495777130127,50.86434316977476,23.42716768065042,0.5971961609803137,143.77094408671064,0.09551695685853259
2007-06-01,2007,6,Baringo,70.69673189994616,37.96506843958146,15.124655493975114,2.164126215860144,192.65702986594962,1.243648885259673
2007-07-01,2007,7,Baringo,75.5974715990898,50.707096555253386,15.625329322207063,1.5929504287926695,211.14916127033726,2.1681795118513687
2007-08-01,2007,8,Baringo,76.77748733911758,52.71282430693635,19.467189953102025,1.2361652138883363,223.0716908381536,2.1158643838351106
2007-09-01,2007,9,Baringo,69.2882254624978,23.653280131979887,12.947685728278392,3.524563870966448,221.66318440070523,2.504684442224099
2007-10-01,2007,10,Baringo,22.13521511172637,27.8382556513283,11.06809545318097,-0.5152684636418523,168.2009279133418,2.131947164751842
2007-11-01,2007,11,Baringo,16.44409060692176,30.94603231254806,17.868223743249214,-0.8116051105026751,107.86753118114598,1.0191563623964373
2007-12-01,2007,12,Baringo,9.411390420718073,19.51664463727902,15.045790664753511,-0.6716333120487753,47.99069613936624,-0.9355005534416365
2008-01-01,2008,1,Baringo,8.262172032625248,12.175140861792443,9.661411702721928,-0.40501004921100575,34.11765306026512,-0.9598488143854184
2008-02-01,2008,2,Baringo,7.451448211914454,12.433853668315798,12.624683151811952,-0.3946558813783969,25.12501066525782,-0.6362111295143884
2008-03-01,2008,3,Baringo,47.02672910445776,33.538288661190585,18.99697684721576,0.7100308934283968,62.740349348997505,0.16428280103839468
2008-04-01,2008,4,Baringo,23.904310409839336,55.290267157676894,25.935311425405434,-1.2101630951341822,78.3824877262116,-0.5980258471167559
2008-05-01,2008,5,Baringo,24.429770024617515,50.86434316977476,23.42716768065042,-1.12837255896669,95.36080953891465,-1.038356902287314
2008-06-01,2008,6,Baringo,24.3428580333025,37.96506843958146,15.124655493975114,-0.9006625249550541,72.6769384677594,-1.8305425063682874
2008-07-01,2008,7,Baringo,52.767617778289015,50.707096555253386,15.625329322207063,0.13187057888803472,101.54024583620907,-1.1503933164679665
2008-08-01,2008,8,Baringo,44.731028160682094,52.71282430693635,19.467189953102025,-0.41001275302100726,121.84150397227364,-0.5062190511667368
2008-09-01,2008,9,Baringo,32.355488248971795,23.653280131979887,12.947685728278392,0.6721052935341063,129.85413418794295,0.07363739641831162
2008-10-01,2008,10,Baringo,57.851593035001024,27.8382556513283,11.06809545318097,2.7116984589292543,134.93810944465497,1.023847559754306
2008-11-01,2008,11,Baringo,48.40102972923181,30.94603231254806,17.868223743249214,0.9768736762812484,138.60811101320468,2.2511462561498092
2008-12-01,2008,12,Baringo,7.129869354076875,19.51664463727902,15.045790664753511,-0.8232718079894322,113.38249211830976,1.082763520676155
2009-01-01,2009,1,Baringo,7.524931742594792,12.175140861792443,9.661411702721928,-0.4813177682809581,63.05583082590352,-0.024153531469013285
2009-02-01,2009,2,Baringo,2.338683414306396,12.433853668315798,12.624683151811952,-0.7996375142738136,16.993484510978107,-0.8975136117779264
2009-03-01,2009,3,Baringo,12.046286003406232,33.538288661190585,18.99697684721576,-1.131338045555089,21.909901160307463,-1.2961229858122683
2009-04-01,2009,4,Baringo,41.46557083618946,55.290267157676894,25.935311425405434,-0.5330453178189019,55.850540253902125,-1.186956487487348
2009-05-01,2009,5,Baringo,70.3200316013434,50.86434316977476,23.42716768065042,0.8304754845647855,123.83188844093914,-0.3715004184076559
2009-06-01,2009,6,Baringo,19.628540246914596,37.96506843958146,15.124655493975114,-1.2123600567279824,131.41414268444748,-0.32554775709807854
2009-07-01,2009,7,Baringo,26.8337258827992,50.707096555253386,15.625329322207063,-1.5278635208363145,116.78229773105724,-0.6889175408366071
2009-08-01,2009,8,Baringo,22.323239866892497,52.71282430693635,19.467189953102025,-1.5610668264528536,68.78550599660633,-1.8804855395197169
2009-09-01,2009,9,Baringo,14.456855487823486,23.653280131979887,12.947685728278392,-0.7102755532651639,63.613821237515225,-1.6803652507956888
2009-10-01,2009,10,Baringo,29.36229496567677,27.8382556513283,11.06809545318097,0.13769661824794457,66.14239032039279,-1.2679759445852516
2009-11-01,2009,11,Baringo,24.67183441748986,30.94603231254806,17.868223743249214,-0.3511371910948145,68.49098487099016,-0.5589370688286944
2009-12-01,2009,12,Baringo,69.68716289324638,19.51664463727902,15.045790664753511,3.334521885479741,123.72129227641305,1.4018620959057193
2010-01-01,2010,1,Baringo,18.556799680758747,12.175140861792443,9.661411702721928,0.6605306776408656,112.91579699149503,1.5880328171445761
2010-02-01,2010,2,Baringo,54.751522416334886,12.433853668315798,12.624683151811952,3.351978678525921,142.99548499034006,3.1514969762406824
2010-03-01,2010,3,Baringo,72.28197374588405,33.538288661190585,18.99697684721576,2.0394658263939416,145.59029584297772,3.1276238043240694
2010-04-01,2010,4,Baringo,58.96033447950314,55.290267157676894,25.935311425405434,0.14150851175942156,185.99383064172213,2.2146745274183868
2010-05-01,2010,5,Baringo,85.78007317567483,50.86434316977476,23.42716768065042,1.490394847634039,217.02238140106206,1.811229806894087
2010-06-01,2010,6,Baringo,33.35561268635285,37.96506843958146,15.124655493975114,-0.3047643468682496,178.09602034153087,0.8705592367043954
2010-07-01,2010,7,Baringo,58.171101751082986,50.707096555253386,15.625329322207063,0.4776862645206198,177.3067876131107,1.1435513488969038
2010-08-01,2010,8,Baringo,64.41231177403377,52.71282430693635,19.467189953102025,0.6009849133481717,155.93902621146967,0.3769814150781581
2010-09-01,2010,9,Baringo,30.22057037108984,23.653280131979887,12.947685728278392,0.5072173033028337,152.80398389620666,0.6813352672237074
2010-10-01,2010,10,Baringo,31.763130353352963,27.8382556513283,11.06809545318097,0.3546115696803694,126.39601249847664,0.7392807464873675
2010-11-01,2010,11,Baringo,14.418529237845004,30.94603231254806,17.868223743249214,-0.9249662032549433,76.40222996228786,-0.24187818273311576
2010-12-01,2010,12,Baringo,11.529024484830025,19.51664463727902,15.045790664753511,-0.5308873644746972,57.71068407602805,-0.6355011091728205
2011-01-01,2011,1,Baringo,4.612306943306556,12.175140861792443,9.661411702721928,-0.7827876661497817,30.559860665981642,-1.0748874870996286
2011-02-01,2011,2,Baringo,5.42685647377601,12.433853668315798,12.624683151811952,-0.5550236081397506,21.568187901912648,-0.7505078309453237
2011-03-01,2011,3,Baringo,44.49127167432736,33.538288661190585,18.99697684721576,0.576564529252562,54.530435091409984,-0.12936585635375544
2011-04-01,2011,4,Baringo,22.347274115146732,55.290267157676894,25.935311425405434,-1.2701984758224347,72.26540226325015,-0.7579116742664439
2011-05-01,2011,5,Baringo,42.602211509606775,50.86434316977476,23.42716768065042,-0.35267309189032114,109.44075729908091,-0.7085729664953304
2011-06-01,2011,6,Baringo,49.817656287168845,37.96506843958146,15.124655493975114,0.7836600213676833,114.76714191192241,-0.752085742483315
2011-07-01,2011,7,Baringo,64.38950137602977,50.707096555253386,15.625329322207063,0.8756554526713654,156.80936917280545,0.5229615399632672
2011-08-01,2011,8,Baringo,86.13759528918143,52.71282430693635,19.467189953102025,1.7169797522276178,200.3447529523801,1.5271869428109623
2011-09-01,2011,9,Baringo,39.76221952682887,23.653280131979887,12.947685728278392,1.2441558849135685,190.28931619204013,1.673923755261094
2011-10-01,2011,10,Baringo,40.09901949717448,27.8382556513283,11.06809545318097,1.1077573280525368,165.99883431318483,2.0585878055382314
2011-11-01,2011,11,Baringo,81.64407802728506,30.94603231254806,17.868223743249214,2.8373299127671388,161.50531705128847,3.1687973410746686
2011-12-01,2011,12,Baringo,23.92013368117504,19.51664463727902,15.045790664753511,0.29267249172964377,145.66323120563464,2.0790820192061044
2012-01-01,2012,1,Baringo,2.8935292072785206,12.175140861792443,9.661411702721928,-0.9606889696977716,108.45774091573868,1.4438847621134403
2012-02-01,2012,2,Baringo,5.327030346943782,12.433853668315798,12.624683151811952,-0.5629308265334177,32.1406932353974,-0.41076571673837836
2012-03-01,2012,3,Baringo,14.081751097165622,33.538288661190585,18.99697684721576,-1.0241912552984218,22.30231065138798,-1.2820874530906887
2012-04-01,2012,4,Baringo,101.35638544131548,55.290267157676894,25.935311425405434,1.776192987546455,120.76516688542495,0.5097549343062395
2012-05-01,2012,5,Baringo,129.98327556512294,50.86434316977476,23.42716768065042,3.3772299525860374,245.4214121036041,2.4763987604507087
2012-06-01,2012,6,Baringo,42.04689606886644,37.96506843958146,15.124655493975114,0.26987904821441855,273.38655707530495,3.3121422053184277
2012-07-01,2012,7,Baringo,75.34197677221054,50.707096555253386,15.625329322207063,1.576599104503066,247.37214840619998,3.264884286216888
2012-08-01,2012,8,Baringo,60.06760616791554,52.71282430693635,19.467189953102025,0.3778039808877109,177.45647900899257,0.9343305447263199
2012-09-01,2012,9,Baringo,45.82204894041404,23.653280131979887,12.947685728278392,1.7121800199410506,181.2316318805402,1.434081859105061
2012-10-01,2012,10,Baringo,50.15294410769756,27.8382556513283,11.06809545318097,2.01612721454765,156.0425992160272,1.7269111561644324
2012-11-01,2012,11,Baringo,30.2227910677592,30.94603231254806,17.868223743249214,-0.04047639290738715,126.19778411587086,1.753777715958973
2012-12-01,2012,12,Baringo,36.25444601499117,19.51664463727902,15.045790664753511,1.1124574142136887,116.63018119044797,1.183000776436987
2013-01-01,2013,1,Baringo,14.780584964996727,12.175140861792443,9.661411702721928,0.2696753003984136,81.25782204774714,0.5643948375367349
2013-02-01,2013,2,Baringo,4.394737563377771,12.433853668315798,12.624683151811952,-0.6367776528145356,55.42976854336572,0.3376169450319132
2013-03-01,2013,3,Baringo,51.117894412309695,33.538288661190585,18.99697684721576,0.9253896497586993,70.29321694068426,0.43443049785626914
2013-04-01,2013,4,Baringo,106.8897649031419,55.290267157676894,25.935311425405434,1.9895461018031084,162.40239687882942,1.5980514765118714
2013-05-01,2013,5,Baringo,64.31608606974284,50.86434316977476,23.42716768065042,0.5741941613829182,222.3237453851945,1.935399634050635
2013-06-01,2013,6,Baringo,47.53200049278064,37.96506843958146,15.124655493975114,0.6325388407696397,218.73785146566541,1.9119050627144623
2013-07-01,2013,7,Baringo,74.51242510966766,50.707096555253386,15.625329322207063,1.5235089170620946,186.3605116721912,1.4176663014859745
2013-08-01,2013,8,Baringo,67.41635972047463,52.71282430693635,19.467189953102025,0.7552982967218301,189.460785322923,1.2452683559559685
2013-09-01,2013,9,Baringo,39.362989990527815,23.653280131979887,12.947685728278392,1.2133218389937546,181.29177482067016,1.435674407079255
2013-10-01,2013,10,Baringo,29.96807378713901,27.8382556513283,11.06809545318097,0.1924286020860616,136.7474234981415,1.0841220728678687
2013-11-01,2013,11,Baringo,37.02986197655017,30.94603231254806,17.868223743249214,0.3404831812843536,106.36092575421705,0.958776152589376
2013-12-01,2013,12,Baringo,38.16089571683835,19.51664463727902,15.045790664753511,1.2391672524884734,105.1588314805276,0.8289469894966655
2014-01-01,2014,1,Baringo,6.267863514484503,12.175140861792443,9.661411702721928,-0.6114300403577327,81.45862120787308,0.5708875347779039
2014-02-01,2014,2,Baringo,18.389332014475112,12.433853668315798,12.624683151811952,0.47173289614833275,62.818091245798016,0.5750369600795832
2014-03-01,2014,3,Baringo,37.64174151787391,33.538288661190585,18.99697684721576,0.21600557234372467,62.29893704683358,0.14849455699345582
2014-04-01,2014,4,Baringo,18.024025435325427,55.290267157676894,25.935311425405434,-1.4368920083931054,74.0550989676745,-0.7111333286529063
2014-05-01,2014,5,Baringo,36.10725090320294,50.86434316977476,23.42716768065042,-0.6299136313759511,91.77301785640233,-1.122391025283711
2014-06-01,2014,6,Baringo,30.75471092615372,37.96506843958146,15.124655493975114,-0.4767287107002189,84.88598726468214,-1.5177160009533086
2014-07-01,2014,7,Baringo,41.941851464296,50.707096555253386,15.625329322207063,-0.5609638625984046,108.80381329365271,-0.9304780157329341
2014-08-01,2014,8,Baringo,65.35725139715733,52.71282430693635,19.467189953102025,0.6495250275300333,138.0538137876071,-0.08628473783562177
2014-09-01,2014,9,Baringo,21.41010029132549,23.653280131979887,12.947685728278392,-0.1732494816239769,128.70920315277885,0.04332032850140474
2014-10-01,2014,10,Baringo,43.059367028566506,27.8382556513283,11.06809545318097,1.375224079122272,129.82671871704937,0.8535694442187935
2014-11-01,2014,11,Baringo,32.28141336196508,30.94603231254806,17.868223743249214,0.07473496350870015,96.75088068185713,0.5736344775675315
2014-12-01,2014,12,Baringo,18.622929996099227,19.51664463727902,15.045790664753511,-0.05939964612650235,93.96371038663086,0.48341877191283195
2015-01-01,2015,1,Baringo,3.3578303349323764,12.175140861792443,9.661411702721928,-0.9126316938109519,54.26217369299674,-0.30849014607835934
2015-02-01,2015,2,Baringo,7.200539840796055,12.433853668315798,12.624683151811952,-0.41453031055029954,29.181300171827715,-0.5058643167837414
2015-03-01,2015,3,Baringo,8.862436733490382,33.538288661190585,18.99697684721576,-1.2989357267820616,19.420806909218868,-1.3851518309404833
2015-04-01,2015,4,Baringo,72.24276515276004,55.290267157676894,25.935311425405434,0.6536454379520966,88.30574172704654,-0.338655975051598
2015-05-01,2015,5,Baringo,45.288837758088725,50.86434316977476,23.42716768065042,-0.23799314913731998,126.39403964433922,-0.31148909433570726
2015-06-01,2015,6,Baringo,41.356561201046674,37.96506843958146,15.124655493975114,0.22423603385982657,158.8881641118955,0.3784057003580873
2015-07-01,2015,7,Baringo,35.29669259878305,50.707096555253386,15.625329322207063,-0.9862450665003729,121.9420915579185,-0.5326971136411374
2015-08-01,2015,8,Baringo,17.13848896393409,52.71282430693635,19.467189953102025,-1.827399610765786,93.79174276376386,-1.2327692680307623
2015-09-01,2015,9,Baringo,16.59154446797493,23.653280131979887,12.947685728278392,-0.545405241693639,69.02672603069213,-1.5370348691373947
2015-10-01,2015,10,Baringo,32.44374672266153,27.8382556513283,11.06809545318097,0.4161051095750726,66.17378015457061,-1.266930240569336
2015-11-01,2015,11,Baringo,50.13553383044707,30.94603231254806,17.868223743249214,1.0739456699017993,99.17082502108359,0.6706185613310881
2015-12-01,2015,12,Baringo,32.34982251387376,19.51664463727902,15.045790664753511,0.8529414081679292,114.92910306698242,1.1304983973164664
2016-01-01,2016,1,Baringo,20.724163050529285,12.175140861792443,9.661411702721928,0.8848626320652819,103.20951939485018,1.274187272500711
2016-02-01,2016,2,Baringo,5.3860773349419615,12.433853668315798,12.624683151811952,-0.5582537200042369,58.46006289934506,0.43499392226635847
2016-03-01,2016,3,Baringo,20.381845907064584,33.538288661190585,18.99697684721576,-0.6925545501232866,46.49208629253589,-0.41687803472488477
2016-04-01,2016,4,Baringo,79.16440139183631,55.290267157676894,25.935311425405434,0.9205262216659965,104.93232463384291,0.09592271063493857
2016-05-01,2016,5,Baringo,83.59340769938933,50.86434316977476,23.42716768065042,1.3970559726111071,183.13965499829027,1.017620408705731
2016-06-01,2016,6,Baringo,38.47992065625313,37.96506843958146,15.124655493975114,0.03404059132961811,201.23772974747882,1.4635079752348121
2016-07-01,2016,7,Baringo,54.653445674211554,50.707096555253386,15.625329322207063,0.252561020480351,176.72677402985408,1.125990575579989
2016-08-01,2016,8,Baringo,33.0938928212875,52.71282430693635,19.467189953102025,-1.007794732209034,126.22725915175224,-0.3926183915006581
2016-09-01,2016,9,Baringo,18.6328663336925,23.653280131979887,12.947685728278392,-0.38774603459230955,106.38020482919161,-0.5479377804166345
2016-10-01,2016,10,Baringo,24.780780598597648,27.8382556513283,11.06809545318097,-0.27624220134927857,76.5075397535777,-0.9226769434358135
2016-11-01,2016,11,Baringo,22.369346729914348,30.94603231254806,17.868223743249214,-0.4799965405556367,65.78299366220455,-0.6674652039459632
2016-12-01,2016,12,Baringo,6.238373766189967,19.51664463727902,15.045790664753511,-0.8825239674638651,53.388501094702015,-0.7689017369179679
2017-01-01,2017,1,Baringo,10.519307574247703,12.175140861792443,9.661411702721928,-0.1713862671930478,39.127028070352075,-0.7978742558883941
2017-02-01,2017,2,Baringo,17.431024605188615,12.433853668315798,12.624683151811952,0.3958254537386627,34.18870594562634,-0.34495386362044406
2017-03-01,2017,3,Baringo,14.289325183477157,33.538288661190585,18.99697684721576,-1.0132645648054575,42.23965736291353,-0.5689770709218935
2017-04-01,2017,4,Baringo,24.69078636903029,55.290267157676894,25.935311425405434,-1.1798385716962048,56.41113615769612,-1.1723038656926157
2017-05-01,2017,5,Baringo,50.693734985742815,50.86434316977476,23.42716768065042,-0.007282492973867329,89.67384653825032,-1.1715583227051074
2017-06-01,2017,6,Baringo,23.11242395792252,37.96506843958146,15.124655493975114,-0.9820153911985281,98.49694531269567,-1.1689690582280787
2017-07-01,2017,7,Baringo,109.49999437576685,50.707096555253386,15.625329322207063,3.7626661562233887,183.3061533194322,1.325191062612658
2017-08-01,2017,8,Baringo,70.21099086174598,52.71282430693635,19.467189953102025,0.8988542566731038,202.82340919543537,1.5913895653408408
2017-09-01,2017,9,Baringo,45.78155984634008,23.653280131979887,12.947685728278392,1.7090528901262196,225.49254508385295,2.6060835521649723
2017-10-01,2017,10,Baringo,57.73491341425822,27.8382556513283,11.06809545318097,2.701156480750952,173.72746412234434,2.3160552130811
2017-11-01,2017,11,Baringo,41.652083509701946,30.94603231254806,17.868223743249214,0.5991670661275851,145.1685567703003,2.5140691715734813
2017-12-01,2017,12,Baringo,9.608593044525538,19.51664463727902,15.045790664753511,-0.6585264818261912,108.99558996848576,0.9473653889516359
2018-01-01,2018,1,Baringo,3.991012591582078,12.175140861792443,9.661411702721928,-0.8470944538989716,55.25168914580962,-0.2764948715635517
2018-02-01,2018,2,Baringo,4.4508729366155775,12.433853668315798,12.624683151811952,-0.6323311750247346,18.05047857272325,-0.8635476419425517
2018-03-01,2018,3,Baringo,77.38774675222544,33.538288661190585,18.99697684721576,2.308233485974982,85.82963228042316,0.9901302727942045
2018-04-01,2018,4,Baringo,133.7217482738006,55.290267157676894,25.935311425405434,3.024119503700837,215.5603679626417,2.9874723416929565
2018-05-01,2018,5,Baringo,126.54063026232598,50.86434316977476,23.42716768065042,3.230278970302319,337.6501252883521,4.636601947648972
2018-06-01,2018,6,Baringo,96.12619322752342,37.96506843958146,15.124655493975114,3.8454512111770325,356.3885717636501,5.438862364214198
2018-07-01,2018,7,Baringo,43.95815685956906,50.707096555253386,15.625329322207063,-0.43192303704553514,266.6249803494185,3.847792389101645
2018-08-01,2018,8,Baringo,44.476440537281526,52.71282430693635,19.467189953102025,-0.4230905328142845,184.56079062437405,1.1183477670639947
2018-09-01,2018,9,Baringo,13.775353874304356,23.653280131979887,12.947685728278392,-0.7629105667974043,102.20995127115499,-0.6583635235109326
2018-10-01,2018,10,Baringo,23.94521080179092,27.8382556513283,11.06809545318097,-0.35173574947969194,82.19700521337685,-0.7331411578683477
2018-11-01,2018,11,Baringo,14.159147686836048,30.94603231254806,17.868223743249214,-0.9394825622806665,51.879712362931386,-1.2246668619593108
2018-12-01,2018,12,Baringo,34.21806007531973,19.51664463727902,15.045790664753511,0.9771115234562221,72.32241856394675,-0.18452192537719148
2019-01-01,2019,1,Baringo,7.184619176082122,12.175140861792443,9.661411702721928,-0.516541664848454,55.56182693823796,-0.2664667878403989
2019-02-01,2019,2,Baringo,4.409290564365876,12.433853668315798,12.624683151811952,-0.6356249109347509,45.81196981576778,0.028553844975383526
2019-03-01,2019,3,Baringo,17.688416705987393,33.538288661190585,18.99697684721576,-0.8343365411600312,29.282326446435448,-1.0324292712287524
2019-04-01,2019,4,Baringo,40.91878146636181,55.290267157676894,25.935311425405434,-0.5541281327062539,63.01648873671513,-0.9996559164189932
2019-05-01,2019,5,Baringo,29.830007763398,50.86434316977476,23.42716768065042,-0.8978607953427503,88.43720593574726,-1.2005232174618485
2019-06-01,2019,6,Baringo,72.69266552069249,37.96506843958146,15.124655493975114,2.2960917751114875,143.44145475045235,-0.017377803342792597
2019-07-01,2019,7,Baringo,64.74566618112418,50.707096555253386,15.625329322207063,0.8984495197754883,167.26833946521472,0.8396224109071785
2019-08-01,2019,8,Baringo,70.0525204878587,52.71282430693635,19.467189953102025,0.8907138740976499,207.49085218967542,1.7122865560302578
2019-09-01,2019,9,Baringo,32.34783116120558,23.653280131979887,12.947685728278392,0.6715139069398605,167.14601783018853,1.0611034833772632
2019-10-01,2019,10,Baringo,63.26047229537597,27.8382556513283,11.06809545318097,3.2003895154217634,165.66082394444032,2.047327510309688
2019-11-01,2019,11,Baringo,51.63456903604361,30.94603231254806,17.868223743249214,1.1578395827571768,147.24287249262522,2.5972015009023153
2019-12-01,2019,12,Baringo,58.61284501980513,19.51664463727902,15.045790664753511,2.5984809475060313,173.50788635122476,2.9384844303990865
2020-01-01,2020,1,Baringo,20.16493001717788,12.175140861792443,9.661411702721928,0.8269794726928426,130.41234407302667,2.153771154371657
2020-02-01,2020,2,Baringo,13.084543867600267,12.433853668315798,12.624683151811952,0.0515411112865101,91.86231890458333,1.5083585332597376
2020-03-01,2020,3,Baringo,79.03617032368977,33.538288661190585,18.99697684721576,2.3950064280447583,112.28564420846797,1.9363974491464115
2020-04-01,2020,4,Baringo,101.12288453517816,55.290267157676894,25.935311425405434,1.767189783293099,193.24359872646824,2.4041659402638555
2020-05-01,2020,5,Baringo,61.33981394156432,50.86434316977476,23.42716768065042,0.4471505439576349,241.4988688004323,2.3845240041753906
2020-06-01,2020,6,Baringo,78.55530119675856,37.96506843958146,15.124655493975114,2.683712880160885,241.0179996735011,2.4827784386765406
2020-07-01,2020,7,Baringo,100.25510496481871,50.707096555253386,15.625329322207063,3.171005704125967,240.15022010314163,3.046229672769837
2020-08-01,2020,8,Baringo,93.2944944528433,52.71282430693635,19.467189953102025,2.084618799306492,272.1049006144206,3.3859318518489943
2020-09-01,2020,9,Baringo,44.07922812241775,23.653280131979887,12.947685728278392,1.5775752068052267,237.6288275400798,2.9274448291186213
2020-10-01,2020,10,Baringo,45.28104768456557,27.8382556513283,11.06809545318097,1.5759524397871194,182.65477025982668,2.613454677710015
2020-11-01,2020,11,Baringo,49.60262602048042,30.94603231254806,17.868223743249214,1.0441213394241833,138.9629018274638,2.2653652038714114
2020-12-01,2020,12,Baringo,7.767128503016936,19.51664463727902,15.045790664753511,-0.780917161222153,102.65080220806298,0.7515387259419979
2021-01-01,2021,1,Baringo,16.13406284161103,12.175140861792443,9.661411702721928,0.40976640905419986,73.50381736510845,0.31367464139944085
2021-02-01,2021,2,Baringo,12.53459991063827,12.433853668315798,12.624683151811952,0.00798010065765593,36.435791255266295,-0.27274491315696703
2021-03-01,2021,3,Baringo,14.227799073243752,33.538288661190585,18.99697684721576,-1.016503296458827,42.89646182549311,-0.54548477337111
2021-04-01,2021,4,Baringo,35.31339492064256,55.290267157676894,25.935311425405434,-0.7702576579614774,62.07579390452464,-1.0242434053875387
2021-05-01,2021,5,Baringo,96.53618184114114,50.86434316977476,23.42716768065042,1.9495245560174508,146.0773758350275,0.14953875811460066
2021-06-01,2021,6,Baringo,29.04301501543094,37.96506843958146,15.124655493975114,-0.5899012660291407,160.8925917772147,0.4297641732685205
2021-07-01,2021,7,Baringo,42.78240585816212,50.707096555253386,15.625329322207063,-0.5071695151940586,168.36160271473426,0.8727225807217043
2021-08-01,2021,8,Baringo,43.6757640960889,52.71282430693635,19.467189953102025,-0.4642200663073834,115.50118496968201,-0.670447192435993
2021-09-01,2021,9,Baringo,44.12265845567752,23.653280131979887,12.947685728278392,1.580929499933064,130.58082840992859,0.09287981138141452
2021-10-01,2021,10,Baringo,32.956020684731314,27.8382556513283,11.06809545318097,0.462388949847028,120.75444323649779,0.5513405490368717
2021-11-01,2021,11,Baringo,15.069393370701716,30.94603231254806,17.868223743249214,-0.8885404150955234,92.1480725111106,0.38916778304762506
2021-12-01,2021,12,Baringo,13.389501623006968,19.51664463727902,15.045790664753511,-0.4072330361890243,61.41491567844005,-0.5211730431908544
2022-01-01,2022,1,Baringo,15.554097607196905,12.175140861792443,9.661411702721928,0.34973737269187094,44.01299260090565,-0.6398900869900872
2022-02-01,2022,2,Baringo,12.743116013820355,12.433853668315798,12.624683151811952,0.02449664215613761,41.686715244024285,-0.10400912526092974
2022-03-01,2022,3,Baringo,18.58445317439544,33.538288661190585,18.99697684721576,-0.7871692220852927,46.881666795412755,-0.40294368802811825
2022-04-01,2022,4,Baringo,46.1970047730666,55.290267157676894,25.935311425405434,-0.3506131943225024,77.52457396128244,-0.6204496390940538
2022-05-01,2022,5,Baringo,48.25077374776205,50.86434316977476,23.42716768065042,-0.11156147672820833,113.03223169522414,-0.6244525860911445
2022-06-01,2022,6,Baringo,26.969234522795063,37.96506843958146,15.124655493975114,-0.7270138431362335,121.41701304362377,-0.5816993362864284
2022-07-01,2022,7,Baringo,30.80198830335568,50.707096555253386,15.625329322207063,-1.2739000786119832,106.02199657391286,-1.0147016515834417
2022-08-01,2022,8,Baringo,72.14657115447216,52.71282430693635,19.467189953102025,0.9982820784280225,129.91779398062295,-0.29702546076844283
2022-09-01,2022,9,Baringo,40.36946656642816,23.653280131979887,12.947685728278392,1.2910559296275848,143.31802602425606,0.4301529512341449
2022-10-01,2022,10,Baringo,20.24343914038096,27.8382556513283,11.06809545318097,-0.6861900083057731,132.75947686128134,0.9512697682077562
2022-11-01,2022,11,Baringo,45.55889339477588,30.94603231254806,17.868223743249214,0.8178127435721583,106.17179910158505,0.9511965257262862
2022-12-01,2022,12,Baringo,20.157115376301302,19.51664463727902,15.045790664753511,0.04256810115819702,85.9594479114582,0.23637378482221824
2023-01-01,2023,1,Baringo,3.475158935938126,12.175140861792443,9.661411702721928,-0.9004876506197592,69.19116770701537,0.1742281988960589
2023-02-01,2023,2,Baringo,1.820736001088069,12.433853668315798,12.624683151811952,-0.8406640815935635,25.453010313327553,-0.6256710266362737
2023-03-01,2023,3,Baringo,52.266391881306966,33.538288661190585,18.99697684721576,0.985846504459009,57.56228681833322,-0.020923896902074874
2023-04-01,2023,4,Baringo,67.46844236911872,55.290267157676894,25.935311425405434,0.46955962902039644,121.55557025151381,0.530414167650976
2023-05-01,2023,5,Baringo,44.53465785491161,50.86434316977476,23.42716768065042,-0.2701856836108761,164.26949210533735,0.5756388975612342
2023-06-01,2023,6,Baringo,37.14415290539081,37.96506843958146,15.124655493975114,-0.054276643492320024,149.1472531294212,0.12881908694608538
2023-07-01,2023,7,Baringo,34.21084030836057,50.707096555253386,15.625329322207063,-1.055738148408045,115.88965106866304,-0.7159437452961485
2023-08-01,2023,8,Baringo,31.354122335482867,52.71282430693635,19.467189953102025,-1.0971641013884519,102.70911554923431,-1.0017897925557506
2023-09-01,2023,9,Baringo,38.92448460016495,23.653280131979887,12.947685728278392,1.1794543664920745,104.48944724400845,-0.59800387554715
2023-10-01,2023,10,Baringo,42.3013278764792,27.8382556513283,11.06809545318097,1.3067354077610718,112.57993481212708,0.2790193816462772
2023-11-01,2023,11,Baringo,44.850844961557634,30.94603231254806,17.868223743249214,0.7781866204951091,126.07665743820183,1.7489233233753776
2023-12-01,2023,12,Baringo,8.375473599556164,19.51664463727902,15.045790664753511,-0.7404842514406587,95.52764643759305,0.531688373605543
2024-01-01,2024,1,Baringo,28.33091033544296,12.175140861792443,9.661411702721928,1.6721955311250138,81.55722889655681,0.5740759438722116
2024-02-01,2024,2,Baringo,19.133289024157403,12.433853668315798,12.624683151811952,0.5306616629725136,55.83967295915659,0.35078901621569303
2024-03-01,2024,3,Baringo,23.413050111134847,33.538288661190585,18.99697684721576,-0.5329920982421851,70.87724947073526,0.45531992044242087
2024-04-01,2024,4,Baringo,104.4822207230788,55.290267157676894,25.935311425405434,1.8967172885849743,147.0285598583711,1.1962165400271907
2024-05-01,2024,5,Baringo,97.36928483033792,50.86434316977476,23.42716768065042,1.9850859606461833,225.2645556645516,2.004280002420159
2024-06-01,2024,6,Baringo,22.54041243088551,37.96506843958146,15.124655493975114,-1.0198351965663177,224.39191798430227,2.056776452765324
2024-07-01,2024,7,Baringo,70.81063490647536,50.707096555253386,15.625329322207063,1.2865993373112705,190.7203321676988,1.5496663470610665
2024-08-01,2024,8,Baringo,66.44476267985809,52.71282430693635,19.467189953102025,0.70538883146479,159.795810017219,0.4768805582343115
2024-09-01,2024,9,Baringo,18.400250420203577,23.653280131979887,12.947685728278392,-0.40571186403632203,155.65564800653706,0.7568455747041068
2024-10-01,2024,10,Baringo,29.764089421736887,27.8382556513283,11.06809545318097,0.17399865934975317,114.60910252179859,0.3466179809555175
2024-11-01,2024,11,Baringo,60.41063804870997,30.94603231254806,17.868223743249214,1.648994671185149,108.57497789065047,1.0475086967128406
2024-12-01,2024,12,Baringo,6.533936446752303,19.51664463727902,15.045790664753511,-0.8628797568571918,96.7086639171992,0.5681395080989552
1981-01-01,1981,1,Marsabit,2.850287950353699,7.412837777982669,6.03866144059599,-0.755556487561367,,
1981-02-01,1981,2,Marsabit,6.713201228731946,6.706810904678786,5.673996073827667,0.0011262475281991302,,
1981-03-01,1981,3,Marsabit,64.96181522636545,23.203591365325146,12.97433259152085,3.218525775139344,74.5253044054511,2.1629495869568647
1981-04-01,1981,4,Marsabit,112.84049259715732,54.51946926993243,25.650771164570358,2.273655749101988,184.5155090522547,2.9317248646769656
1981-05-01,1981,5,Marsabit,20.58753045794611,16.710665811542984,9.393937122555583,0.4126985944045194,198.38983828146888,3.006643279676149
1981-06-01,1981,6,Marsabit,2.145451201682666,2.5968931762705103,1.2664059323482955,-0.3564749367138037,135.57347425678608,2.227419482407437
1981-07-01,1981,7,Marsabit,3.005531866803449,4.124076502813582,1.7701647547629409,-0.6318873048401238,25.738513526432225,0.23531405124086857
1981-08-01,1981,8,Marsabit,2.613486452449461,2.753108869421634,0.8660859968998192,-0.16121080062713813,7.764469520935576,-0.564741676319981
1981-09-01,1981,9,Marsabit,1.3935866508336758,1.4370297863708184,0.42150869473642155,-0.10306581116745041,7.012604970086585,-0.5415724546971001
1981-10-01,1981,10,Marsabit,15.970464433799792,19.877977035264493,12.924539996488503,-0.30233281822999825,19.97753753708293,-0.3095582343692932
1981-11-01,1981,11,Marsabit,10.535324856498622,26.251281912796717,18.121614955305276,-0.8672492542778092,27.899375941132092,-0.664049526669397
1981-12-01,1981,12,Marsabit,9.649359170057467,17.5191038726857,14.35324411564074,-0.548290312574881,36.15514846035588,-0.7217542997442853
1982-01-01,1982,1,Marsabit,4.545538161132146,7.412837777982669,6.03866144059599,-0.4748237080447306,24.730222187688238,-0.8819389722335904
1982-02-01,1982,2,Marsabit,5.597405385560474,6.706810904678786,5.673996073827667,-0.19552454825191812,19.792302716750086,-0.6161337154411954
1982-03-01,1982,3,Marsabit,16.713059610614273,23.203591365325146,12.97433259152085,-0.5002593936086275,26.856003157306894,-0.6085712204498311
1982-04-01,1982,4,Marsabit,78.96689018486015,54.51946926993243,25.650771164570358,0.953087170677163,101.27735518103489,0.49349924650045673
1982-05-01,1982,5,Marsabit,26.78326614716023,16.710665811542984,9.393937122555583,1.0722448111167509,122.46321594263465,0.8106755316073486
1982-06-01,1982,6,Marsabit,2.021353629957287,2.5968931762705103,1.2664059323482955,-0.45446687480845943,107.77150996197767,1.2245012428634985
1982-07-01,1982,7,Marsabit,3.0183288120195138,4.124076502813582,1.7701647547629409,-0.624658065199219,31.82294858913703,0.8559593744416448
1982-08-01,1982,8,Marsabit,2.248213782605266,2.753108869421634,0.8660859968998192,-0.5829618405373771,7.287896224582067,-0.7221699525701047
1982-09-01,1982,9,Marsabit,1.2162932067657068,1.4370297863708184,0.42150869473642155,-0.5236821502416287,6.482835801390486,-0.7619981947874871
1982-10-01,1982,10,Marsabit,45.45754147285572,19.877977035264493,12.924539996488503,1.979146990495677,48.9220484622267,1.880844041153917
1982-11-01,1982,11,Marsabit,41.22913921456934,26.251281912796717,18.121614955305276,0.8265189023557588,87.90297389419077,1.3619604138823203
1982-12-01,1982,12,Marsabit,26.49080959455838,17.5191038726857,14.35324411564074,0.6250646647956197,113.17749028198345,1.300243043215475
1983-01-01,1983,1,Marsabit,3.7468546381774095,7.412837777982669,6.03866144059599,-0.6070853906728446,71.46680344730513,0.6140927739122717
1983-02-01,1983,2,Marsabit,10.785840024630591,6.706810904678786,5.673996073827667,0.718898826660643,41.02350425736638,0.4353226420952238
1983-03-01,1983,3,Marsabit,5.1943232197986,23.203591365325146,12.97433259152085,-1.388068944470885,19.727017882606603,-1.0230545568359921
1983-04-01,1983,4,Marsabit,42.06166661565805,54.51946926993243,25.650771164570358,-0.4856697123976329,58.04182986008724,-0.7729628330880561
1983-05-01,1983,5,Marsabit,13.676310989640474,16.710665811542984,9.393937122555583,-0.3230120430140826,60.932300825097116,-0.9689361638040188
1983-06-01,1983,6,Marsabit,2.197728758945168,2.5968931762705103,1.2664059323482955,-0.3151946837339682,57.93570636424369,-0.5732579327293588
1983-07-01,1983,7,Marsabit,4.625243868736576,4.124076502813582,1.7701647547629409,0.28311905124905157,20.49928361732222,-0.29911576956442143
1983-08-01,1983,8,Marsabit,4.787021693861821,2.753108869421634,0.8660859968998192,2.3483959234078817,11.609994321543565,0.7055652109290097
1983-09-01,1983,9,Marsabit,1.8595640635614672,1.4370297863708184,0.42150869473642155,1.002433122891732,11.271829626159866,1.2306007907503753
1983-10-01,1983,10,Marsabit,9.181841217773515,19.877977035264493,12.924539996488503,-0.8275834823055238,15.828426975196804,-0.6235459621169375
1983-11-01,1983,11,Marsabit,11.87584851234296,26.251281912796717,18.121614955305276,-0.7932755130218243,22.917253793677943,-0.8322699224476878
1983-12-01,1983,12,Marsabit,8.57019708471375,17.5191038726857,14.35324411564074,-0.6234762480086521,29.627886814830227,-0.8931085508863877
1984-01-01,1984,1,Marsabit,2.8362166078438302,7.412837777982669,6.03866144059599,-0.7578866964409825,23.282262204900537,-0.9282879785797379
1984-02-01,1984,2,Marsabit,3.7966424140536006,6.706810904678786,5.673996073827667,-0.5128957533208145,15.20305610661118,-0.8434120687318375
1984-03-01,1984,3,Marsabit,6.375482213538222,23.203591365325146,12.97433259152085,-1.2970308131907027,13.008341235435653,-1.4136823117707609
1984-04-01,1984,4,Marsabit,37.28166214781979,54.51946926993243,25.650771164570358,-0.6720190598371575,47.45378677541161,-1.0831095229744452
1984-05-01,1984,5,Marsabit,7.448079483732838,16.710665811542984,9.393937122555583,-0.9860174926623629,51.10522384509085,-1.2531572109300095
1984-06-01,1984,6,Marsabit,1.4868257474367128,2.5968931762705103,1.2664059323482955,-0.8765494542302091,46.21656737898934,-0.9960100129576175
1984-07-01,1984,7,Marsabit,2.909738572254149,4.124076502813582,1.7701647547629409,-0.6860027730707229,11.8446438034237,-1.1819358948720775
1984-08-01,1984,8,Marsabit,1.989223855546601,2.753108869421634,0.8660859968998192,-0.8819967262019962,6.3857881752374634,-1.0201667482074708
1984-09-01,1984,9,Marsabit,2.6197715135134283,1.4370297863708184,0.42150869473642155,2.805972313055615,7.518733941314178,-0.3309829004982096
1984-10-01,1984,10,Marsabit,16.681509432911735,19.877977035264493,12.924539996488503,-0.2473177074945192,21.290504801971764,-0.2101982385435665
1984-11-01,1984,11,Marsabit,39.15389199503254,26.251281912796717,18.121614955305276,0.7120011165703782,58.455172941457704,0.36766108029403705
1984-12-01,1984,12,Marsabit,13.799685832964157,17.5191038726857,14.35324411564074,-0.2591343120590064,69.63508726090843,0.15716402052631157
1985-01-01,1985,1,Marsabit,7.840827242241388,7.412837777982669,6.03866144059599,0.07087488981936997,60.794405070238085,0.2724707222068417
1985-02-01,1985,2,Marsabit,7.240444986363093,6.706810904678786,5.673996073827667,0.09404907489199547,28.880958061568638,-0.16602614967365653
1985-03-01,1985,3,Marsabit,34.899558286962495,23.203591365325146,12.97433259152085,0.9014696393154779,49.98083051556698,0.7359196471103586
1985-04-01,1985,4,Marsabit,83.23547668281844,54.51946926993243,25.650771164570358,1.119498795129772,125.37547995614403,1.1993854590609765
1985-05-01,1985,5,Marsabit,21.183677016299573,16.710665811542984,9.393937122555583,0.4761593724122909,139.31871198608053,1.2981741789714734
1985-06-01,1985,6,Marsabit,2.013126058593218,2.5968931762705103,1.2664059323482955,-0.460963663203009,106.43227975771123,1.176190325528144
1985-07-01,1985,7,Marsabit,3.4798531897789022,4.124076502813582,1.7701647547629409,-0.3639340978297549,26.676656264671692,0.3310096905208541
1985-08-01,1985,8,Marsabit,2.1800489166907195,2.753108869421634,0.8660859968998192,-0.6616663411972941,7.67302816506284,-0.5949478484726497
1985-09-01,1985,9,Marsabit,1.2912412911003674,1.4370297863708184,0.42150869473642155,-0.3458730438801875,6.9511433975699894,-0.5671453143681038
1985-10-01,1985,10,Marsabit,13.744949051618027,19.877977035264493,12.924539996488503,-0.4745258233803881,17.216239259409114,-0.5185220011593864
1985-11-01,1985,11,Marsabit,13.590668212505214,26.251281912796717,18.121614955305276,-0.6986470980383008,28.62685855522361,-0.6394862161679001
1985-12-01,1985,12,Marsabit,7.463221618310729,17.5191038726857,14.35324411564074,-0.7005999600757205,34.79883888243397,-0.7573602589754407
1986-01-01,1986,1,Marsabit,2.752137452781405,7.412837777982669,6.03866144059599,-0.7718101720140933,23.80602728359735,-0.911522328116338
1986-02-01,1986,2,Marsabit,2.801900882137903,6.706810904678786,5.673996073827667,-0.68821161871313,13.017259953230036,-0.9516616775613025
1986-03-01,1986,3,Marsabit,23.41030508428983,23.203591365325146,12.97433259152085,0.015932512713584965,28.96434341920914,-0.4859910954646166
1986-04-01,1986,4,Marsabit,59.25178005818521,54.51946926993243,25.650771164570358,0.1844900006277081,85.46398602461295,0.030291450631723175
1986-05-01,1986,5,Marsabit,6.152497300166898,16.710665811542984,9.393937122555583,-1.1239343390988952,88.81458244264194,-0.16251821330626062
1986-06-01,1986,6,Marsabit,3.748740087790325,2.5968931762705103,1.2664059323482955,0.9095400472295213,69.15301744614243,-0.16860861502717892
1986-07-01,1986,7,Marsabit,3.245802334407004,4.124076502813582,1.7701647547629409,-0.49615391225219374,13.14703972236422,-1.049084458754215
1986-08-01,1986,8,Marsabit,2.214183039079499,2.753108869421634,0.8660859968998192,-0.6222544092286864,9.20872546127682,-0.08765509826028756
1986-09-01,1986,9,Marsabit,1.054026161902596,1.4370297863708184,0.42150869473642155,-0.9086494045104404,6.514011535389092,-0.7490266316132514
1986-10-01,1986,10,Marsabit,14.281800255011746,19.877977035264493,12.924539996488503,-0.43298846858558876,17.550009455993834,-0.4932636369744898
1986-11-01,1986,11,Marsabit,23.09546676771512,26.251281912796717,18.121614955305276,-0.17414646282160973,38.43129318462945,-0.30844136722058507
1986-12-01,1986,12,Marsabit,19.763754084572863,17.5191038726857,14.35324411564074,0.15638626318918142,57.14102110729972,-0.17083131131994178
1987-01-01,1987,1,Marsabit,8.849335705180119,7.412837777982669,6.03866144059599,0.23788350138994932,51.70855655746809,-0.018366079489669437
1987-02-01,1987,2,Marsabit,4.076231988699921,6.706810904678786,5.673996073827667,-0.4636201509043839,32.6893217784529,0.022579673424415206
1987-03-01,1987,3,Marsabit,22.68821008115083,23.203591365325146,12.97433259152085,-0.03972314418015863,35.61377777503087,-0.09938912748711634
1987-04-01,1987,4,Marsabit,54.97830780327115,54.51946926993243,25.650771164570358,0.017887904047597714,81.74274987312191,-0.07871160738764915
1987-05-01,1987,5,Marsabit,29.090189128409296,16.710665811542984,9.393937122555583,1.3178205426925949,106.75670701283128,0.35640816158420374
1987-06-01,1987,6,Marsabit,5.110998306100544,2.5968931762705103,1.2664059323482955,1.985228484494013,89.17949523778098,0.5538194709194844
1987-07-01,1987,7,Marsabit,3.317788115522778,4.124076502813582,1.7701647547629409,-0.4554877646961069,37.518975550032614,1.4369849680542446
1987-08-01,1987,8,Marsabit,2.797071086149461,2.753108869421634,0.8660859968998192,0.05075964382889386,11.225857507772776,0.5786718308364495
1987-09-01,1987,9,Marsabit,1.3681177227287318,1.4370297863708184,0.42150869473642155,-0.16348906796615137,7.482976924400964,-0.3458606385438547
1987-10-01,1987,10,Marsabit,8.682874346833279,19.877977035264493,12.924539996488503,-0.8661896432269803,12.848063155711465,-0.8490877136763588
1987-11-01,1987,11,Marsabit,15.20929390861301,26.251281912796717,18.121614955305276,-0.6093269298248201,25.260285978175013,-0.7531578915235208
1987-12-01,1987,12,Marsabit,7.977769324481145,17.5191038726857,14.35324411564074,-0.6647510814511514,31.869937579927427,-0.8342500355181304
1988-01-01,1988,1,Marsabit,7.414427463496457,7.412837777982669,6.03866144059599,0.0002632513065066162,30.601490696590602,-0.6940004486459878
1988-02-01,1988,2,Marsabit,4.225913976309084,6.706810904678786,5.673996073827667,-0.4372398034981533,19.618110764286676,-0.62476041683155
1988-03-01,1988,3,Marsabit,20.09297959933188,23.203591365325146,12.97433259152085,-0.239751196761069,31.73332103913741,-0.3250011315269044
1988-04-01,1988,4,Marsabit,114.55654369314831,54.51946926993243,25.650771164570358,2.34055631458523,138.87543726878926,1.5948284168049227
1988-05-01,1988,5,Marsabit,5.550110967500065,16.710665811542984,9.393937122555583,-1.1880593513070838,140.19963425998026,1.3236524215489758
1988-06-01,1988,6,Marsabit,3.057725634006077,2.5968931762705103,1.2664059323482955,0.36389000237944674,123.16438029465444,1.7797782100545925
1988-07-01,1988,7,Marsabit,10.76620170276815,4.124076502813582,1.7701647547629409,3.752263839895556,19.37403830427428,-0.4138968846226759
1988-08-01,1988,8,Marsabit,2.908592040090485,2.753108869421634,0.8660859968998192,0.17952394014613787,16.732519376864698,2.3977084671241444
1988-09-01,1988,9,Marsabit,1.9065803629735352,1.4370297863708184,0.42150869473642155,1.1139760163104984,15.581374105832156,3.0237110499265456
1988-10-01,1988,10,Marsabit,18.680767098606385,19.877977035264493,12.924539996488503,-0.09263075799861202,23.495939501670392,-0.04329995523067517
1988-11-01,1988,11,Marsabit,14.552844613728922,26.251281912796717,18.121614955305276,-0.6455515873127503,35.140192075308825,-0.41956476298862977
1988-12-01,1988,12,Marsabit,18.39756042379736,17.5191038726857,14.35324411564074,0.06120264826781584,51.63117213613265,-0.31547635477512626
1989-01-01,1989,1,Marsabit,8.761024072550741,7.412837777982669,6.03866144059599,0.22325912916803828,41.711429110077006,-0.338372798605132
1989-02-01,1989,2,Marsabit,12.6592371074532,6.706810904678786,5.673996073827667,1.049071258655087,39.81782160380128,0.37561228190495405
1989-03-01,1989,3,Marsabit,29.661324137743524,23.203591365325146,12.97433259152085,0.49773140366686125,51.08158531774745,0.7999181693923436
1989-04-01,1989,4,Marsabit,50.518976409071215,54.51946926993243,25.650771164570358,-0.15595994503224994,92.83953765426793,0.24633731536138417
1989-05-01,1989,5,Marsabit,27.772172038659164,16.710665811542984,9.393937122555583,1.177515463729966,107.95247258547388,0.390992376591897
1989-06-01,1989,6,Marsabit,2.016129079856011,2.5968931762705103,1.2664059323482955,-0.4585923688288391,80.30727752758636,0.23376622315596135
1989-07-01,1989,7,Marsabit,4.175382451245268,4.124076502813582,1.7701647547629409,0.028983713687461932,33.96368356976042,1.0743259344005527
1989-08-01,1989,8,Marsabit,2.165000088091728,2.753108869421634,0.8660859968998192,-0.6790420159603766,8.356511619192986,-0.36917014994760483
1989-09-01,1989,9,Marsabit,1.8345556538842136,1.4370297863708184,0.42150869473642155,0.9431024139655689,8.174938193221188,-0.05795019790989366
1989-10-01,1989,10,Marsabit,14.868576639103695,19.877977035264493,12.924539996488503,-0.38758829308600634,18.868132381079615,-0.39351348185892665
1989-11-01,1989,11,Marsabit,36.04020160473584,26.251281912796717,18.121614955305276,0.5401792122877727,52.74333389772373,0.1748019339060236
1989-12-01,1989,12,Marsabit,19.049771564015018,17.5191038726857,14.35324411564074,0.10664262928973298,69.95854980785452,0.16565558797289284
1990-01-01,1990,1,Marsabit,7.331053862916615,7.412837777982669,6.03866144059599,-0.013543384717057764,62.42102703166745,0.3245386747119396
1990-02-01,1990,2,Marsabit,27.62288106399344,6.706810904678786,5.673996073827667,3.68630324856829,54.003706490925055,1.0781556035022455
1990-03-01,1990,3,Marsabit,40.973343481070415,23.203591365325146,12.97433259152085,1.3696081852686883,75.92727840798045,2.244461168157242
1990-04-01,1990,4,Marsabit,68.63875916061664,54.51946926993243,25.650771164570358,0.5504430958468108,137.23498370568046,1.5467759827109495
1990-05-01,1990,5,Marsabit,6.9389578733186905,16.710665811542984,9.393937122555583,-1.040214322359222,116.55106051500573,0.6396827725365605
1990-06-01,1990,6,Marsabit,1.917294735170826,2.5968931762705103,1.2664059323482955,-0.5366355476869138,77.49501176910614,0.13231754155502273
1990-07-01,1990,7,Marsabit,3.032398851846261,4.124076502813582,1.7701647547629409,-0.6167096300104101,11.888651460335764,-1.1774468755685574
1990-08-01,1990,8,Marsabit,2.2254169009784848,2.753108869421634,0.8660859968998192,-0.6092835703752726,7.175110487995557,-0.7594268954837591
1990-09-01,1990,9,Marsabit,1.1121871338276834,1.4370297863708184,0.42150869473642155,-0.7706665523145757,6.370002886652415,-0.808945582833699
1990-10-01,1990,10,Marsabit,19.283893075650376,19.877977035264493,12.924539996488503,-0.045965578641524216,22.62149711045653,-0.10947418109624092
1990-11-01,1990,11,Marsabit,20.829305527705685,26.251281912796717,18.121614955305276,-0.29919940350038704,41.22538573718373,-0.21409936975028301
1990-12-01,1990,12,Marsabit,27.13816418061985,17.5191038726857,14.35324411564074,0.6701662864809951,67.2513627839759,0.09458627432030992
1991-01-01,1991,1,Marsabit,12.315277392500168,7.412837777982669,6.03866144059599,0.8118421048678047,60.28274710082569,0.25609261870035194
1991-02-01,1991,2,Marsabit,4.742872225417061,6.706810904678786,5.673996073827667,-0.34612972122429675,44.19631379853706,0.5924532103738989
1991-03-01,1991,3,Marsabit,27.28530070286257,23.203591365325146,12.97433259152085,0.3145987902456698,44.34345032077979,0.4081590947208191
1991-04-01,1991,4,Marsabit,24.48588125128149,54.51946926993243,25.650771164570358,-1.1708649157548239,56.51405417956111,-0.8177146882150814
1991-05-01,1991,5,Marsabit,18.24335674011201,16.710665811542984,9.393937122555583,0.16315746087856106,70.01453869425606,-0.7062575297939658
1991-06-01,1991,6,Marsabit,2.659311187455912,2.5968931762705103,1.2664059323482955,0.049287522737405304,45.388549178849395,-1.0258796490304098
1991-07-01,1991,7,Marsabit,5.469051590333832,4.124076502813582,1.7701647547629409,0.7598022070552227,26.371719517901738,0.29990449113843226
1991-08-01,1991,8,Marsabit,2.563619723879734,2.753108869421634,0.8660859968998192,-0.21878791046175777,10.691982501669465,0.40231486206175565
1991-09-01,1991,9,Marsabit,1.0544590722731642,1.4370297863708184,0.42150869473642155,-0.9076223548292021,9.087130386486715,0.321593669846916
1991-10-01,1991,10,Marsabit,13.334100772647442,19.877977035264493,12.924539996488503,-0.5063140556178379,16.952179568800325,-0.5385049591951707
1991-11-01,1991,11,Marsabit,12.276052967360592,26.251281912796717,18.121614955305276,-0.7711911427267548,26.664612812281185,-0.7057410661540081
1991-12-01,1991,12,Marsabit,21.439084068806384,17.5191038726857,14.35324411564074,0.27310760999661937,47.0492378088144,-0.43576170077134657
1992-01-01,1992,1,Marsabit,3.001431729571828,7.412837777982669,6.03866144059599,-0.7305271361554349,36.716568765738785,-0.4982576134825025
1992-02-01,1992,2,Marsabit,6.757839861885141,6.706810904678786,5.673996073827667,0.008993477708194933,31.198355660263335,-0.051259096408877415
1992-03-01,1992,3,Marsabit,15.53822398913851,23.203591365325146,12.97433259152085,-0.590810149355675,25.29749558059546,-0.6991837543922054
1992-04-01,1992,4,Marsabit,44.56440477951523,54.51946926993243,25.650771164570358,-0.38810000785346543,66.86046863053886,-0.5146458237893415
1992-05-01,1992,5,Marsabit,9.638824914346197,16.710665811542984,9.393937122555583,-0.7528090517251538,69.74145368299992,-0.7141557591465545
1992-06-01,1992,6,Marsabit,1.7753597474741791,2.5968931762705103,1.2664059323482955,-0.648712555596579,55.978589441335586,-0.6438582772982199
1992-07-01,1992,7,Marsabit,3.651595146655823,4.124076502813582,1.7701647547629409,-0.26691377448707243,15.065779808476178,-0.853362580122832
1992-08-01,1992,8,Marsabit,2.1178999252213933,2.753108869421634,0.8660859968998192,-0.7334247943899221,7.544854819351374,-0.6372878390490408
1992-09-01,1992,9,Marsabit,1.0915322531801104,1.4370297863708184,0.42150869473642155,-0.8196688170495628,6.8610273250573055,-0.6046407050993869
1992-10-01,1992,10,Marsabit,12.688987912985269,19.877977035264493,12.924539996488503,-0.5562278521504376,15.89842009138675,-0.6182491691820036
1992-11-01,1992,11,Marsabit,24.219431310625215,26.251281912796717,18.121614955305276,-0.11212304241000655,37.99995147679057,-0.3230055369982006
1992-12-01,1992,12,Marsabit,37.92389365589304,17.5191038726857,14.35324411564074,1.4216151846098837,74.83231287950349,0.29360204802615547
1993-01-01,1993,1,Marsabit,18.56267536942912,7.412837777982669,6.03866144059599,1.8464087945864385,80.70600033594735,0.9098382367119645
1993-02-01,1993,2,Marsabit,18.3396145668424,6.706810904678786,5.673996073827667,2.050195930839999,74.82618359216454,2.109370247000902
1993-03-01,1993,3,Marsabit,10.48025324095541,23.203591365325146,12.97433259152085,-0.9806545373042812,47.38254317722691,0.5848537150895654
1993-04-01,1993,4,Marsabit,38.10137503839661,54.51946926993243,25.650771164570358,-0.6400624030443576,66.9212428461944,-0.5128656155237283
1993-05-01,1993,5,Marsabit,30.083931803443264,16.710665811542984,9.393937122555583,1.4236060788388731,78.66556008279527,-0.4560506409334709
1993-06-01,1993,6,Marsabit,2.828330830356173,2.5968931762705103,1.2664059323482955,0.1827515555431014,71.01363767219604,-0.10148925821532985
1993-07-01,1993,7,Marsabit,2.9079528667930408,4.124076502813582,1.7701647547629409,-0.6870115523136172,35.82021550059246,1.2637022443404253
1993-08-01,1993,8,Marsabit,2.067607867651121,2.753108869421634,0.8660859968998192,-0.791492997490185,7.80389156480032,-0.5517192420808624
1993-09-01,1993,9,Marsabit,0.9837787199392972,1.4370297863708184,0.42150869473642155,-1.0753065644706303,5.9593394543834455,-0.9798139465188519
1993-10-01,1993,10,Marsabit,18.0898740978178,19.877977035264493,12.924539996488503,-0.13834944515878386,21.141260685408202,-0.22149242324665985
1993-11-01,1993,11,Marsabit,15.574042267257392,26.251281912796717,18.121614955305276,-0.5891991233603306,34.647695085014476,-0.43619382911244364
1993-12-01,1993,12,Marsabit,6.431641080048273,17.5191038726857,14.35324411564074,-0.7724708576896154,40.09555744512345,-0.6183103338905032
1994-01-01,1994,1,Marsabit,3.1432413931144776,7.412837777982669,6.03866144059599,-0.707043510696768,25.148924740420128,-0.8685363592439994
1994-02-01,1994,2,Marsabit,2.7505623831951524,6.706810904678786,5.673996073827667,-0.6972596508715515,12.325444856357889,-0.9859232044209255
1994-03-01,1994,3,Marsabit,14.173687688190272,23.203591365325146,12.97433259152085,-0.6959821334498709,20.067491464499888,-1.0032592254197115
1994-04-01,1994,4,Marsabit,38.700255707128726,54.51946926993243,25.650771164570358,-0.616714930764097,55.624505778514134,-0.8437714854789453
1994-05-01,1994,5,Marsabit,17.643526049870164,16.710665811542984,9.393937122555583,0.09930450099429654,70.51746944518915,-0.6917116475389586
1994-06-01,1994,6,Marsabit,2.417620322416546,2.5968931762705103,1.2664059323482955,-0.14156033959943556,58.76140207941542,-0.5434720771589436
1994-07-01,1994,7,Marsabit,5.174386629443349,4.124076502813582,1.7701647547629409,0.5933403225907203,25.235533001730047,0.18400731411567944
1994-08-01,1994,8,Marsabit,3.301014628987118,2.753108869421634,0.8660859968998192,0.6326228128924022,10.893021580846998,0.46872486853084394
1994-09-01,1994,9,Marsabit,2.39905823964328,1.4370297863708184,0.42150869473642155,2.2823454540458266,10.874459498073733,1.0652634896220725
1994-10-01,1994,10,Marsabit,31.890987100023622,19.877977035264493,12.924539996488503,0.9294729304116797,37.59105996865401,1.0233611476119644
1994-11-01,1994,11,Marsabit,44.32751722237273,26.251281912796717,18.121614955305276,0.9974958277261056,78.61756256203961,1.0484402867098321
1994-12-01,1994,12,Marsabit,13.21487194295592,17.5191038726857,14.35324411564074,-0.2998786821328745,89.43337626535225,0.6769104579281147
1995-01-01,1995,1,Marsabit,2.82431351002541,7.412837777982669,6.03866144059599,-0.7598578448379434,60.36670267535404,0.2587800254677112
1995-02-01,1995,2,Marsabit,12.803850177891904,6.706810904678786,5.673996073827667,1.074558246759601,28.843035630873228,-0.16790422429753699
1995-03-01,1995,3,Marsabit,29.36805224413165,23.203591365325146,12.97433259152085,0.4751273975229509,44.996215932048955,0.44611126575379556
1995-04-01,1995,4,Marsabit,57.63673069206089,54.51946926993243,25.650771164570358,0.12152700603536302,99.80863311408444,0.45047719948148846
1995-05-01,1995,5,Marsabit,11.24095658328722,16.710665811542984,9.393937122555583,-0.5822595102454499,98.24573951947976,0.11025194464022106
1995-06-01,1995,6,Marsabit,2.072488553283641,2.5968931762705103,1.2664059323482955,-0.4140888869767581,70.95017582863174,-0.10377855834358027
1995-07-01,1995,7,Marsabit,3.784670575624256,4.124076502813582,1.7701647547629409,-0.19173691390933797,17.09811571219511,-0.6460533129818581
1995-08-01,1995,8,Marsabit,2.595844473169338,2.753108869421634,0.8660859968998192,-0.1815805783897079,8.453003602077228,-0.3372955848940172
1995-09-01,1995,9,Marsabit,1.3623305589115402,1.4370297863708184,0.42150869473642155,-0.17721871076939275,7.742845607705127,-0.23773477877625052
1995-10-01,1995,10,Marsabit,19.78836127844661,19.877977035264493,12.924539996488503,-0.006933767611244143,23.746536310527482,-0.02433581305604979
1995-11-01,1995,11,Marsabit,16.80228031379621,26.251281912796717,18.121614955305276,-0.521421607417733,37.952972151154356,-0.3245917848897662
1995-12-01,1995,12,Marsabit,12.487718109695836,17.5191038726857,14.35324411564074,-0.35053997008990884,49.078359701938645,-0.3824930130191568
1996-01-01,1996,1,Marsabit,8.12138862330659,7.412837777982669,6.03866144059599,0.11733574605798565,37.41138704679863,-0.4760165727762113
1996-02-01,1996,2,Marsabit,3.5178953703591254,6.706810904678786,5.673996073827667,-0.5620228658650488,24.127002103361544,-0.40146158681283456
1996-03-01,1996,3,Marsabit,26.600149830337507,23.203591365325146,12.97433259152085,0.2617906116598339,38.239433824003214,0.05326803723487359
1996-04-01,1996,4,Marsabit,30.35413787646901,54.51946926993243,25.650771164570358,-0.9420898591478343,60.47218307716564,-0.7017725291288148
1996-05-01,1996,5,Marsabit,10.56194850790788,16.710665811542984,9.393937122555583,-0.6545410325210236,67.51623621471438,-0.778514025618459
1996-06-01,1996,6,Marsabit,5.23915595134874,2.5968931762705103,1.2664059323482955,2.0864264037192903,46.155242335725625,-0.9982222309066019
1996-07-01,1996,7,Marsabit,4.862349459442446,4.124076502813582,1.7701647547629409,0.4170645442139833,20.66345391869906,-0.28236950985289094
1996-08-01,1996,8,Marsabit,2.719384334890203,2.753108869421634,0.8660859968998192,-0.03893901373783777,12.82088974568138,1.1055649188433518
1996-09-01,1996,9,Marsabit,1.424765381787538,1.4370297863708184,0.42150869473642155,-0.029096445070841206,9.00649917612018,0.2880447295354749
1996-10-01,1996,10,Marsabit,8.608836082558133,19.877977035264493,12.924539996488503,-0.8719181460824214,12.752985799235866,-0.856282779383756
1996-11-01,1996,11,Marsabit,24.09804785670424,26.251281912796717,18.121614955305276,-0.11882131153339046,34.131649321049906,-0.4536180150485893
1996-12-01,1996,12,Marsabit,5.749351612380123,17.5191038726857,14.35324411564074,-0.8200064156562397,38.45623555164249,-0.6613459575093048
1997-01-01,1997,1,Marsabit,3.849546110972197,7.412837777982669,6.03866144059599,-0.5900797224788265,33.69694558005656,-0.594915349787277
1997-02-01,1997,2,Marsabit,1.9987106150792469,6.706810904678786,5.673996073827667,-0.829767985091936,11.59760833843156,-1.0219686600941138
1997-03-01,1997,3,Marsabit,21.217146266670092,23.203591365325146,12.97433259152085,-0.15310576360230355,27.065402992721527,-0.5963965926343712
1997-04-01,1997,4,Marsabit,93.93230008060704,54.51946926993243,25.650771164570358,1.5365164094993304,117.14815696235637,0.9583893682118059
1997-05-01,1997,5,Marsabit,10.597658278268732,16.710665811542984,9.393937122555583,-0.650739668950566,125.74710462554586,0.9056529376052022
1997-06-01,1997,6,Marsabit,1.86282619394096,2.5968931762705103,1.2664059323482955,-0.5796458809762289,106.39278455281672,1.1747655894575844
1997-07-01,1997,7,Marsabit,3.8647339515300994,4.124076502813582,1.7701647547629409,-0.14650757822721083,16.32521842373979,-0.7248930215909115
1997-08-01,1997,8,Marsabit,3.1950457188445984,2.753108869421634,0.8660859968998192,0.5102690160156044,8.922605864315658,-0.18217007695427648
1997-09-01,1997,9,Marsabit,1.228107654496691,1.4370297863708184,0.42150869473642155,-0.4956531964418218,8.287887324871388,-0.010954454465933352
1997-10-01,1997,10,Marsabit,67.49597187916119,19.877977035264493,12.924539996488503,3.684308676118,71.91912525250248,3.621168811611301
1997-11-01,1997,11,Marsabit,101.39576515959816,26.251281912796717,18.121614955305276,4.146676961856657,170.11984469325603,4.137997238378633
1997-12-01,1997,12,Marsabit,43.41334581167087,17.5191038726857,14.35324411564074,1.804068942906656,212.30508285043024,3.9025493876729938
1998-01-01,1998,1,Marsabit,32.2129798459952,7.412837777982669,6.03866144059599,4.106893938661489,177.02209081726423,3.992903474716677
1998-02-01,1998,2,Marsabit,12.06816524441015,6.706810904678786,5.673996073827667,0.9448991980205238,87.69449090207623,2.746661711916564
1998-03-01,1998,3,Marsabit,16.577836259607608,23.203591365325146,12.97433259152085,-0.5106817679429372,60.858981350012954,1.3683816424484851
1998-04-01,1998,4,Marsabit,36.2199244614173,54.51946926993243,25.650771164570358,-0.7134110975108238,64.86592596543505,-0.5730702937760986
1998-05-01,1998,5,Marsabit,34.78416799902232,16.710665811542984,9.393937122555583,1.9239539238647272,87.58192872004723,-0.19816931612070038
1998-06-01,1998,6,Marsabit,5.589752147149187,2.5968931762705103,1.2664059323482955,2.363269860343295,76.5938446075888,0.09980915568774988
1998-07-01,1998,7,Marsabit,4.863255536707745,4.124076502813582,1.7701647547629409,0.417576404628592,45.23717568287926,2.224283175136989
1998-08-01,1998,8,Marsabit,2.63497144113268,2.753108869421634,0.8660859968998192,-0.1364038082959781,13.08797912498962,1.1937935730943063
1998-09-01,1998,9,Marsabit,1.131610831119506,1.4370297863708184,0.42150869473642155,-0.7245851842802371,8.629837808959937,0.13132390558850604
1998-10-01,1998,10,Marsabit,10.001670186490196,19.877977035264493,12.924539996488503,-0.7641515173041061,13.768252458742388,-0.7794515485159333
1998-11-01,1998,11,Marsabit,16.315887627672794,26.251281912796717,18.121614955305276,-0.5482620787180583,27.4491686452825,-0.6792506893965679
1998-12-01,1998,12,Marsabit,8.227109967800013,17.5191038726857,14.35324411564074,-0.6473793541043587,34.54466778196301,-0.7640327812287843
1999-01-01,1999,1,Marsabit,3.66617158195592,7.412837777982669,6.03866144059599,-0.6204464735908375,28.209169177428734,-0.7705783420903786
1999-02-01,1999,2,Marsabit,3.2693514032834705,6.706810904678786,5.673996073827667,-0.6058269087021788,15.162632953039411,-0.8454139894301735
1999-03-01,1999,3,Marsabit,32.374944628202,23.203591365325146,12.97433259152085,0.70688439641748,39.3104676134414,0.1155385626074087
1999-04-01,1999,4,Marsabit,23.4080602741132,54.51946926993243,25.650771164570358,-1.2128839634572575,59.05235630559868,-0.7433623271577734
1999-05-01,1999,5,Marsabit,6.412082690855939,16.710665811542984,9.393937122555583,-1.0963010488924112,62.19508759317115,-0.932413545913768
1999-06-01,1999,6,Marsabit,1.9453299728350035,2.5968931762705103,1.2664059323482955,-0.5144979084449752,31.76547293780416,-1.5173136893004802
1999-07-01,1999,7,Marsabit,4.666564827728441,4.124076502813582,1.7701647547629409,0.3064620530124089,13.023977491419398,-1.061637472684255
1999-08-01,1999,8,Marsabit,2.321167819228944,2.753108869421634,0.8660859968998192,-0.4987276687751974,8.933062619792402,-0.17871585700014012
1999-09-01,1999,9,Marsabit,1.0485254815676983,1.4370297863708184,0.42150869473642155,-0.9216993852192304,8.036258128525098,-0.11565203807483893
1999-10-01,1999,10,Marsabit,12.364978786841052,19.877977035264493,12.924539996488503,-0.5812971487159051,15.734672087637708,-0.6306409487823529
1999-11-01,1999,11,Marsabit,19.724162333430435,26.251281912796717,18.121614955305276,-0.3601842107044331,33.1376666018392,-0.48717965032640953
1999-12-01,1999,12,Marsabit,13.852191681867351,17.5191038726857,14.35324411564074,-0.2554761948779588,45.94133280213885,-0.4648465211853726
2000-01-01,2000,1,Marsabit,4.222384417070724,7.412837777982669,6.03866144059599,-0.5283378431291987,37.79873843236852,-0.46361750647508115
2000-02-01,2000,2,Marsabit,2.0146127246688077,6.706810904678786,5.673996073827667,-0.82696535544915,20.089188823606897,-0.6014306952696028
2000-03-01,2000,3,Marsabit,6.077475503555806,23.203591365325146,12.97433259152085,-1.3199997565163246,12.314472645295352,-1.4540242338217928
2000-04-01,2000,4,Marsabit,10.502796998664516,54.51946926993243,25.650771164570358,-1.7159980099181231,18.594885226889147,-1.9284491874857963
2000-05-01,2000,5,Marsabit,7.0547012734289964,16.710665811542984,9.393937122555583,-1.0278932477554332,23.634973775649335,-2.047658287438775
2000-06-01,2000,6,Marsabit,1.7381807052288742,2.5968931762705103,1.2664059323482955,-0.678070474171995,19.295678977322403,-1.967144631952879
2000-07-01,2000,7,Marsabit,3.010133432855674,4.124076502813582,1.7701647547629409,-0.6292877919756609,11.80301541151356,-1.1861822162618423
2000-08-01,2000,8,Marsabit,2.2253425228183024,2.753108869421634,0.8660859968998192,-0.6093694488682267,6.973656660902865,-0.8259739072149158
2000-09-01,2000,9,Marsabit,1.115081223088639,1.4370297863708184,0.42150869473642155,-0.7638005272548425,6.35055717876263,-0.817036530375507
2000-10-01,2000,10,Marsabit,9.643675655403722,19.877977035264493,12.924539996488503,-0.7918503391719435,12.984099401310678,-0.8387930466603996
2000-11-01,2000,11,Marsabit,21.886750495091647,26.251281912796717,18.121614955305276,-0.24084671418467105,32.645507373584024,-0.503797311979954
2000-12-01,2000,12,Marsabit,14.513749411678203,17.5191038726857,14.35324411564074,-0.20938503078426435,46.044175562173585,-0.4621466839353646
2001-01-01,2001,1,Marsabit,10.035652672847569,7.412837777982669,6.03866144059599,0.4343371326023601,46.436152579617435,-0.1871350291386615
2001-02-01,2001,2,Marsabit,4.566809451785345,6.706810904678786,5.673996073827667,-0.3771594877840301,29.116211536311134,-0.15437543074579357
2001-03-01,2001,3,Marsabit,27.69269498963033,23.203591365325146,12.97433259152085,0.3459988090053248,42.29515711426326,0.2890701403436803
2001-04-01,2001,4,Marsabit,50.85209776991134,54.51946926993243,25.650771164570358,-0.1429731479218285,83.11160221132704,-0.03861496079843941
2001-05-01,2001,5,Marsabit,6.165337174703142,16.710665811542984,9.393937122555583,-1.122567513414549,84.71012993424483,-0.28122816054580896
2001-06-01,2001,6,Marsabit,1.7167333888548,2.5968931762705103,1.2664059323482955,-0.6950060521144518,58.7341683334693,-0.5444544976904875
2001-07-01,2001,7,Marsabit,3.7516117688983694,4.124076502813582,1.7701647547629409,-0.21041246749096704,11.633682332456333,-1.2034551072528648
2001-08-01,2001,8,Marsabit,2.823639505469491,2.753108869421634,0.8660859968998192,0.08143606558739407,8.291984663222681,-0.3904855856377688
2001-09-01,2001,9,Marsabit,1.07178322762841,1.4370297863708184,0.42150869473642155,-0.8665220037057713,7.647034501996291,-0.27759975230184925
2001-10-01,2001,10,Marsabit,15.868872515595466,19.877977035264493,12.924539996488503,-0.31019320770861236,19.76429524869339,-0.3256955391223154
2001-11-01,2001,11,Marsabit,26.981775472577485,26.251281912796717,18.121614955305276,0.04031062140887777,43.92243121580138,-0.1230341480601745
2001-12-01,2001,12,Marsabit,10.339615082549171,17.5191038726857,14.35324411564074,-0.5001997271343721,53.190263070722146,-0.2745469613989382
2002-01-01,2002,1,Marsabit,8.493949325870291,7.412837777982669,6.03866144059599,0.17903165436956855,45.815339880996966,-0.20700716100015912
2002-02-01,2002,2,Marsabit,2.5431799953211054,6.706810904678786,5.673996073827667,-0.7338092686674882,21.376744403740588,-0.5376656512694711
2002-03-01,2002,3,Marsabit,33.40791065772283,23.203591365325146,12.97433259152085,0.7865005171107252,44.445039978914245,0.41406557633403435
2002-04-01,2002,4,Marsabit,63.53210254936349,54.51946926993243,25.650771164570358,0.35135915492005143,99.48319320240745,0.4409443603575503
2002-05-01,2002,5,Marsabit,22.61319154595398,16.710665811542984,9.393937122555583,0.628333536557166,119.55320475304032,0.7265114989924009
2002-06-01,2002,6,Marsabit,1.969628657547814,2.5968931762705103,1.2664059323482955,-0.4953107867708424,88.11492275286531,0.5154164591352446
2002-07-01,2002,7,Marsabit,3.2208507873940744,4.124076502813582,1.7701647547629409,-0.5102495194242342,27.803670990895892,0.44597129530433977
2002-08-01,2002,8,Marsabit,2.2697167936426283,2.753108869421634,0.8660859968998192,-0.558134039240124,7.460196238584539,-0.6652534312084865
2002-09-01,2002,9,Marsabit,1.9114254209018384,1.4370297863708184,0.42150869473642155,1.1254705785551349,7.401993001938563,-0.3795563348942727
2002-10-01,2002,10,Marsabit,18.61027258681101,19.877977035264493,12.924539996488503,-0.09808507295407867,22.7914148013555,-0.09661550479110986
2002-11-01,2002,11,Marsabit,15.587702873462105,26.251281912796717,18.121614955305276,-0.5884452939561409,36.10940088117497,-0.3868396141285359
2002-12-01,2002,12,Marsabit,67.85021861324901,17.5191038726857,14.35324411564074,3.5066020151999964,102.04819407352215,1.00807577291051
2003-01-01,2003,1,Marsabit,3.1810781592753394,7.412837777982669,6.03866144059599,-0.7007777568483244,86.61899964598649,1.099112557690179
2003-02-01,2003,2,Marsabit,2.8183864177299838,6.706810904678786,5.673996073827667,-0.6853061645362892,73.84968319025437,2.0610099338193284
2003-03-01,2003,3,Marsabit,21.11689580091789,23.203591365325146,12.97433259152085,-0.16083259386852605,27.116360377923243,-0.5934339007198743
2003-04-01,2003,4,Marsabit,87.89448251297225,54.51946926993243,25.650771164570358,1.3011309885738804,111.82976473162014,0.8026021530778149
2003-05-01,2003,5,Marsabit,28.964945404811512,16.710665811542984,9.393937122555583,1.3044881430859312,137.97632371870168,1.2593493076714606
2003-06-01,2003,6,Marsabit,1.9586332175425516,2.5968931762705103,1.2664059323482955,-0.5039931845110942,118.81806113532633,1.6229906279417916
2003-07-01,2003,7,Marsabit,2.822869623199562,4.124076502813582,1.7701647547629409,-0.7350767074719421,33.74644824555365,1.0521667550168552
2003-08-01,2003,8,Marsabit,3.823043692781566,2.753108869421634,0.8660859968998192,1.235367881699734,8.604546533523708,-0.28723582985097873
2003-09-01,2003,9,Marsabit,1.2193167296628342,1.4370297863708184,0.42150869473642155,-0.5165090529013281,7.86523004564399,-0.18681320405604426
2003-10-01,2003,10,Marsabit,11.213625078835662,19.877977035264493,12.924539996488503,-0.6703799097517489,16.25598550128009,-0.5911900805173409
2003-11-01,2003,11,Marsabit,37.48965991597225,26.251281912796717,18.121614955305276,0.6201642641063504,49.92260172447077,0.07956045476813424
2003-12-01,2003,12,Marsabit,20.03118637755051,17.5191038726857,14.35324411564074,0.17501844771994038,68.73447137235846,0.13352097241057562
2004-01-01,2004,1,Marsabit,12.810217153765988,7.412837777982669,6.03866144059599,0.8938039379883865,70.33106344728877,0.5777378876625944
2004-02-01,2004,2,Marsabit,3.94726429490627,6.706810904678786,5.673996073827667,-0.486349756655882,36.7886678262228,0.22559613744430013
2004-03-01,2004,3,Marsabit,25.28332937680758,23.203591365325146,12.97433259152085,0.16029633869888693,42.040810825479866,0.27428229967489565
2004-04-01,2004,4,Marsabit,62.376380858218766,54.51946926993243,25.650771164570358,0.3063031336515351,91.60697452993264,0.21023287471721147
2004-05-01,2004,5,Marsabit,19.655286938273672,16.710665811542984,9.393937122555583,0.31345974412160166,107.31499717330006,0.37255516178898596
2004-06-01,2004,6,Marsabit,1.7790136761732165,2.5968931762705103,1.2664059323482955,-0.6458272811314936,83.81068147266568,0.36014677957104707
2004-07-01,2004,7,Marsabit,2.919376405324217,4.124076502813582,1.7701647547629409,-0.6805581764340901,24.353677019771133,0.09405322876529364
2004-08-01,2004,8,Marsabit,2.190195395144406,2.753108869421634,0.8660859968998192,-0.6499510167491374,6.888585476641868,-0.8540757962616556
2004-09-01,2004,9,Marsabit,1.8085363676426895,1.4370297863708184,0.42150869473642155,0.8813734708466269,6.918108168111342,-0.5808905742525183
2004-10-01,2004,10,Marsabit,22.5501446658106,19.877977035264493,12.924539996488503,0.20675146900950542,26.548876428597723,0.18773383245586683
2004-11-01,2004,11,Marsabit,44.6531956544563,26.251281912796717,18.121614955305276,1.01546764938145,69.01187668790962,0.7241061512463346
2004-12-01,2004,12,Marsabit,10.294651663262316,17.5191038726857,14.35324411564074,-0.503332358261147,77.49799198352925,0.3635816920884702
2005-01-01,2005,1,Marsabit,5.221514833999967,7.412837777982669,6.03866144059599,-0.3628822323522128,60.16936215171861,0.252463181569359
2005-02-01,2005,2,Marsabit,2.794007354502563,6.706810904678786,5.673996073827667,-0.6896027947965521,18.310173851764873,-0.6895348281759438
2005-03-01,2005,3,Marsabit,9.37401542220132,23.203591365325146,12.97433259152085,-1.0659180998768218,17.389537610703876,-1.1589570148300303
2005-04-01,2005,4,Marsabit,42.0219436426524,54.51946926993243,25.650771164570358,-0.48721831975726315,54.18996641935631,-0.8857922470301032
2005-05-01,2005,5,Marsabit,37.0975191252103,16.710665811542984,9.393937122555583,2.170213942002749,88.49347819006405,-0.17180526652564387
2005-06-01,2005,6,Marsabit,2.3132507286567843,2.5968931762705103,1.2664059323482955,-0.22397435164234275,81.43271349651951,0.27436480276397235
2005-07-01,2005,7,Marsabit,4.539174385974048,4.124076502813582,1.7701647547629409,0.2344967506801679,43.94994423984115,2.0929785976757853
2005-08-01,2005,8,Marsabit,2.392336863386749,2.753108869421634,0.8660859968998192,-0.4165544845734478,9.244761978017603,-0.07575101811990143
2005-09-01,2005,9,Marsabit,1.3182472378616883,1.4370297863708184,0.42150869473642155,-0.28180331744617354,8.249758487222508,-0.02681905692708931
2005-10-01,2005,10,Marsabit,16.63132663504675,19.877977035264493,12.924539996488503,-0.2512004606043876,20.341910736295212,-0.28198396003595383
2005-11-01,2005,11,Marsabit,12.09933825694324,26.251281912796717,18.121614955305276,-0.7809427410723325,30.0489121298517,-0.5914708508151838
2005-12-01,2005,12,Marsabit,4.593972110529307,17.5191038726857,14.35324411564074,-0.9005024688510571,33.32463700251932,-0.7960611373657249
2006-01-01,2006,1,Marsabit,2.858859159587856,7.412837777982669,6.03866144059599,-0.754137098625843,19.552169527060425,-1.047687748775098
2006-02-01,2006,2,Marsabit,6.675560132726326,6.706810904678786,5.673996073827667,-0.005507718289868055,14.12839140284351,-0.8966338815828357
2006-03-01,2006,3,Marsabit,17.06108426248439,23.203591365325146,12.97433259152085,-0.4734353046302424,26.59550355479859,-0.6237168183455217
2006-04-01,2006,4,Marsabit,71.92538547362581,54.51946926993243,25.650771164570358,0.6785728230944952,95.66202986883654,0.32901421897594635
2006-05-01,2006,5,Marsabit,13.378090593749157,16.710665811542984,9.393937122555583,-0.35475809283330756,102.36456032985936,0.22937745531162176
2006-06-01,2006,6,Marsabit,1.6761434350597018,2.5968931762705103,1.2664059323482955,-0.7270573500105634,86.97961950243469,0.47446193069989184
2006-07-01,2006,7,Marsabit,3.179229893936058,4.124076502813582,1.7701647547629409,-0.5337619599165828,18.23346392274493,-0.5302416476719042
2006-08-01,2006,8,Marsabit,5.351809408786982,2.753108869421634,0.8660859968998192,3.0005109754313946,10.207182737782755,0.24216910538776304
2006-09-01,2006,9,Marsabit,1.438855336901805,1.4370297863708184,0.42150869473642155,0.004330991397764873,9.96989463962486,0.6888931944723968
2006-10-01,2006,10,Marsabit,47.18761983253105,19.877977035264493,12.924539996488503,2.1130069468380595,53.97828457821985,2.263479322941772
2006-11-01,2006,11,Marsabit,47.841258252228165,26.251281912796717,18.121614955305276,1.1913936143484152,96.46773342166102,1.6511478715188541
2006-12-01,2006,12,Marsabit,42.9026851973769,17.5191038726857,14.35324411564074,1.768490880541124,137.93156328213612,1.9500891612373767
2007-01-01,2007,1,Marsabit,4.335757729489822,7.412837777982669,6.03866144059599,-0.5095632664230224,95.0797011790949,1.3699384877658976
2007-02-01,2007,2,Marsabit,5.386694911591084,6.706810904678786,5.673996073827667,-0.23266071669964242,52.62513783845782,1.0098832181092605
2007-03-01,2007,3,Marsabit,16.61282245666644,23.203591365325146,12.97433259152085,-0.5079851978641267,26.33527509774736,-0.6388466516871611
2007-04-01,2007,4,Marsabit,47.85978785141464,54.51946926993243,25.650771164570358,-0.25962889676066936,69.85930521967217,-0.4268034119109829
2007-05-01,2007,5,Marsabit,16.000816853530917,16.710665811542984,9.393937122555583,-0.07556458476900636,80.47342716161201,-0.4037630812398485
2007-06-01,2007,6,Marsabit,6.217083670941652,2.5968931762705103,1.2664059323482955,2.8586335567444996,70.07768837588722,-0.1352523625270534
2007-07-01,2007,7,Marsabit,9.10146014452765,4.124076502813582,1.7701647547629409,2.811819424334112,31.319360669000233,0.8045906796931191
2007-08-01,2007,8,Marsabit,4.863307654235001,2.753108869421634,0.8660859968998192,2.4364772001474297,20.181851469704316,3.5371395047943164
2007-09-01,2007,9,Marsabit,2.0353244597694102,1.4370297863708184,0.42150869473642155,1.4194124127681835,16.000092258532074,3.197930812328583
2007-10-01,2007,10,Marsabit,21.284546118481973,19.877977035264493,12.924539996488503,0.108829334243202,28.183178232486398,0.31141111273147615
2007-11-01,2007,11,Marsabit,28.3307733260942,26.251281912796717,18.121614955305276,0.11475199194035912,51.6506439043456,0.13790746650662938
2007-12-01,2007,12,Marsabit,5.860179832635873,17.5191038726857,14.35324411564074,-0.8122849403324153,55.47549927721206,-0.2145547379962922
2008-01-01,2008,1,Marsabit,9.6493742619809,7.412837777982669,6.03866144059599,0.3703695770991088,43.84032742071099,-0.270227047007835
2008-02-01,2008,2,Marsabit,3.063887185029403,6.706810904678786,5.673996073827667,-0.6420384632363472,18.573441279646193,-0.6764967431552483
2008-03-01,2008,3,Marsabit,24.221356892065668,23.203591365325146,12.97433259152085,0.07844453805706084,36.93461833907599,-0.0225946914314722
2008-04-01,2008,4,Marsabit,49.61164714186939,54.51946926993243,25.650771164570358,-0.19133234227444496,76.89689121896447,-0.22065729170579004
2008-05-01,2008,5,Marsabit,5.817936560388411,16.710665811542984,9.393937122555583,-1.1595488780737389,79.65094059432349,-0.4275512324751975
2008-06-01,2008,6,Marsabit,2.207585648707875,2.5968931762705103,1.2664059323482955,-0.3074113265094572,57.63716935096569,-0.5840272514947737
2008-07-01,2008,7,Marsabit,3.322566321379929,4.124076502813582,1.7701647547629409,-0.45278846462005795,11.348088530476229,-1.2325872215259823
2008-08-01,2008,8,Marsabit,2.334348441853161,2.753108869421634,0.8660859968998192,-0.4835090615336564,7.864500411940979,-0.5316980902373412
2008-09-01,2008,9,Marsabit,1.4941046658244723,1.4370297863708184,0.42150869473642155,0.1354061735057307,7.151019429057577,-0.4839811274536051
2008-10-01,2008,10,Marsabit,20.86947702751778,19.877977035264493,12.924539996488503,0.07671452852656042,24.697930135195428,0.047661782752733
2008-11-01,2008,11,Marsabit,24.78974709658617,26.251281912796717,18.121614955305276,-0.08065146620846118,47.15332878992844,-0.013943513075140716
2008-12-01,2008,12,Marsabit,4.287911007352319,17.5191038726857,14.35324411564074,-0.9218259481085076,49.94713513145628,-0.35968584345553134
2009-01-01,2009,1,Marsabit,6.092229682679291,7.412837777982669,6.03866144059599,-0.21869219003161058,35.16988778661779,-0.5477666657829176
2009-02-01,2009,2,Marsabit,3.261183936710883,6.706810904678786,5.673996073827667,-0.6072663645048118,13.641324626742508,-0.9207554301111391
2009-03-01,2009,3,Marsabit,9.215685793562406,23.203591365325146,12.97433259152085,-1.0781213964643,18.569099412952596,-1.0903766078814021
2009-04-01,2009,4,Marsabit,26.627644000617288,54.51946926993243,25.650771164570358,-1.0873679036925095,39.10451373089059,-1.327677794656651
2009-05-01,2009,5,Marsabit,14.26073866808524,16.710665811542984,9.393937122555583,-0.2607987589756457,50.104068462264955,-1.2821128639508956
2009-06-01,2009,6,Marsabit,2.1624714333808672,2.5968931762705103,1.2664059323482955,-0.3430351452034777,43.05085410208341,-1.1102088354907518
2009-07-01,2009,7,Marsabit,2.891916997780705,4.124076502813582,1.7701647547629409,-0.6960705220898421,19.31512709924683,-0.4199061465356717
2009-08-01,2009,8,Marsabit,2.2334272694062824,2.753108869421634,0.8660859968998192,-0.6000346407580394,7.287815700567872,-0.722196552375105
2009-09-01,2009,9,Marsabit,1.162974508698703,1.4370297863708184,0.42150869473642155,-0.6501770452054094,6.288318775885708,-0.8429326127201159
2009-10-01,2009,10,Marsabit,26.73947170866069,19.877977035264493,12.924539996488503,0.5308888885221766,30.135873486765693,0.45918310789278305
2009-11-01,2009,11,Marsabit,15.404745401389016,26.251281912796717,18.121614955305276,-0.5985413848688068,43.307191618748426,-0.14380759468624937
2009-12-01,2009,12,Marsabit,19.028634665672048,17.5191038726857,14.35324411564074,0.10517000761809729,61.172851775721774,-0.0649873353253828
2010-01-01,2010,1,Marsabit,10.859387229367597,7.412837777982669,6.03866144059599,0.5707472567040897,45.29276729642868,-0.22373463988520884
2010-02-01,2010,2,Marsabit,12.364179829094905,6.706810904678786,5.673996073827667,0.9970695874309388,42.252201724134565,0.49617279042294754
2010-03-01,2010,3,Marsabit,47.45847401317855,23.203591365325146,12.97433259152085,1.8694512782649617,70.68204107164107,1.9395000288743995
2010-04-01,2010,4,Marsabit,32.64618378506736,54.51946926993243,25.650771164570358,-0.8527340306663814,92.46883762734083,0.23547870953849748
2010-05-01,2010,5,Marsabit,15.92216523820716,16.710665811542984,9.393937122555583,-0.0839371781020944,96.02682303645308,0.04607591675582771
2010-06-01,2010,6,Marsabit,2.062522580221996,2.5968931762705103,1.2664059323482955,-0.4219583803256758,50.63087160349654,-0.8367699616177617
2010-07-01,2010,7,Marsabit,4.142274973496108,4.124076502813582,1.7701647547629409,0.010280664911873079,22.126962791925287,-0.13308367998212114
2010-08-01,2010,8,Marsabit,2.441284746575802,2.753108869421634,0.8660859968998192,-0.3600382917655009,8.646082300293928,-0.2735151614555918
2010-09-01,2010,9,Marsabit,1.1551524591338278,1.4370297863708184,0.42150869473642155,-0.6687343126178085,7.738712179205759,-0.23945461090299802
2010-10-01,2010,10,Marsabit,14.6422941121045,19.877977035264493,12.924539996488503,-0.4050962683842123,18.23873131781415,-0.44114398163689295
2010-11-01,2010,11,Marsabit,11.628338366835864,26.251281912796717,18.121614955305276,-0.8069337960235077,27.425784938074216,-0.6800402357715701
2010-12-01,2010,12,Marsabit,4.830811409506814,17.5191038726857,14.35324411564074,-0.8840017184235336,31.1014438884472,-0.8544246000081708
2011-01-01,2011,1,Marsabit,3.5509379016271825,7.412837777982669,6.03866144059599,-0.6395291265036268,20.01008767796988,-1.0330298497068817
2011-02-01,2011,2,Marsabit,6.587215216480084,6.706810904678786,5.673996073827667,-0.021077858821644,14.968964527614101,-0.8550052458071595
2011-03-01,2011,3,Marsabit,8.739375078472834,23.203591365325146,12.97433259152085,-1.1148331665480156,18.877528196580123,-1.0724443796119538
2011-04-01,2011,4,Marsabit,16.67751699337045,54.51946926993243,25.650771164570358,-1.4752754228625478,32.00410728832339,-1.5356640615615775
2011-05-01,2011,5,Marsabit,8.250243856449078,16.710665811542984,9.393937122555583,-0.9006257807261416,33.66713592829238,-1.7575057183927432
2011-06-01,2011,6,Marsabit,2.7580202938091536,2.5968931762705103,1.2664059323482955,0.1272318088717931,27.685781143628702,-1.664483050022965
2011-07-01,2011,7,Marsabit,4.7282262676024605,4.124076502813582,1.7701647547629409,0.34129578230687646,15.736490417860713,-0.7849464661129633
2011-08-01,2011,8,Marsabit,2.427804488422413,2.753108869421634,0.8660859968998192,-0.3756028641077882,9.914051049834047,0.14533779590997892
2011-09-01,2011,9,Marsabit,1.5527391359372047,1.4370297863708184,0.42150869473642155,0.27451236714996324,8.708769891962099,0.16416587496065732
2011-10-01,2011,10,Marsabit,55.63194232507086,19.877977035264493,12.924539996488503,2.766362694495931,59.6124859494305,2.6898526527994604
2011-11-01,2011,11,Marsabit,117.69829966110422,26.251281912796717,18.121614955305276,5.046295154921362,174.8829811221123,4.2988236235000095
2011-12-01,2011,12,Marsabit,15.284569961906984,17.5191038726857,14.35324411564074,-0.15568145380762696,188.6148119480821,3.280630296593186
2012-01-01,2012,1,Marsabit,2.2797392859387755,7.412837777982669,6.03866144059599,-0.8500391258128356,135.26260890895,2.656188016424853
2012-02-01,2012,2,Marsabit,2.8549307772814885,6.706810904678786,5.673996073827667,-0.6788654904371173,20.419240025127277,-0.5850852033064068
2012-03-01,2012,3,Marsabit,8.521023122369217,23.203591365325146,12.97433259152085,-1.1316626993631616,13.65569318558951,-1.3760448941332082
2012-04-01,2012,4,Marsabit,72.68270737202378,54.51946926993243,25.650771164570358,0.7080971556589685,84.05866127167452,-0.010873551895522691
2012-05-01,2012,5,Marsabit,24.46049389085047,16.710665811542984,9.393937122555583,0.8249818982394013,105.66422438524351,0.3248111203671976
2012-06-01,2012,6,Marsabit,1.638559527435688,2.5968931762705103,1.2664059323482955,-0.7567349649553403,98.78176079030997,0.9002082066741766
2012-07-01,2012,7,Marsabit,4.727025792584414,4.124076502813582,1.7701647547629409,0.34061761095880505,30.8260792108706,0.7542732998781199
2012-08-01,2012,8,Marsabit,2.625918913124832,2.753108869421634,0.8660859968998192,-0.1468560359503352,8.991504233144962,-0.1594106157670158
2012-09-01,2012,9,Marsabit,1.6778066632066762,1.4370297863708184,0.42150869473642155,0.5712263586553553,9.03075136891595,0.29813555373156775
2012-10-01,2012,10,Marsabit,35.03786867313626,19.877977035264493,12.924539996488503,1.1729540580934092,39.341594249467796,1.1558344266385945
2012-11-01,2012,11,Marsabit,22.94114911761541,26.251281912796717,18.121614955305276,-0.1826621304638323,59.65682445395837,0.4082346124230593
2012-12-01,2012,12,Marsabit,29.83039400777368,17.5191038726857,14.35324411564074,0.8577357171590468,87.80941179852537,0.6342779988347589
2013-01-01,2013,1,Marsabit,7.5336063901264,7.412837777982669,6.03866144059599,0.01999923548153279,60.30514951551552,0.2568097170131305
2013-02-01,2013,2,Marsabit,3.2577671798033774,6.706810904678786,5.673996073827667,-0.6078685427338849,40.62176757770349,0.41542699063720173
2013-03-01,2013,3,Marsabit,50.25240037307126,23.203591365325146,12.97433259152085,2.08479386642388,61.04377394300107,1.3791255909249933
2013-04-01,2013,4,Marsabit,92.34639585738068,54.51946926993243,25.650771164570358,1.4746896436274002,145.85656341025535,1.799320705619724
2013-05-01,2013,5,Marsabit,11.531566858695378,16.710665811542984,9.393937122555583,-0.5513235702219235,154.13036308914735,1.7265602590585152
2013-06-01,2013,6,Marsabit,1.946533722601799,2.5968931762705103,1.2664059323482955,-0.5135473840230284,105.82449643867788,1.1542653647633063
2013-07-01,2013,7,Marsabit,5.124815346778005,4.124076502813582,1.7701647547629409,0.5653365548442643,18.602915928075213,-0.49255554257056167
2013-08-01,2013,8,Marsabit,2.125532012006071,2.753108869421634,0.8660859968998192,-0.7246126362301123,9.196881081385904,-0.0915676974842599
2013-09-01,2013,9,Marsabit,2.792431874756479,1.4370297863708184,0.42150869473642155,3.2155969860437223,10.042779233540584,0.7192189316129756
2013-10-01,2013,10,Marsabit,17.834892844667937,19.877977035264493,12.924539996488503,-0.15807790382881293,22.752856731430516,-0.09953342191611828
2013-11-01,2013,11,Marsabit,49.81248877620588,26.251281912796717,18.121614955305276,1.3001714759705452,70.43981349563032,0.772320162832524
2013-12-01,2013,12,Marsabit,6.344963143476799,17.5191038726857,14.35324411564074,-0.778509766794284,73.99234476435065,0.2715511306320409
2014-01-01,2014,1,Marsabit,2.691868148632904,7.412837777982669,6.03866144059599,-0.7817907454808107,58.84932006831561,0.21020881015846232
2014-02-01,2014,2,Marsabit,9.361167709808262,6.706810904678786,5.673996073827667,0.4678108286632725,18.397999001917995,-0.6851853657913758
2014-03-01,2014,3,Marsabit,30.547724438480067,23.203591365325146,12.97433259152085,0.5660509333601138,42.600760296921266,0.30683808653482236
2014-04-01,2014,4,Marsabit,33.81468952000483,54.51946926993243,25.650771164570358,-0.8071796211150829,73.72358166829319,-0.31361039411146585
2014-05-01,2014,5,Marsabit,15.06918156650666,16.710665811542984,9.393937122555583,-0.17473868768984954,79.4315955249916,-0.4338951825037027
2014-06-01,2014,6,Marsabit,1.6338107682028968,2.5968931762705103,1.2664059323482955,-0.760484757270341,50.517681854714425,-0.8408531286335604
2014-07-01,2014,7,Marsabit,4.71173820998851,4.124076502813582,1.7701647547629409,0.3319813625221718,21.414730544698102,-0.20573522588880436
2014-08-01,2014,8,Marsabit,3.660245069071237,2.753108869421634,0.8660859968998192,1.0473973749682182,10.005794047262679,0.17564361046929008
2014-09-01,2014,9,Marsabit,1.163840064981959,1.4370297863708184,0.42150869473642155,-0.6481235732508219,9.53582334404174,0.5082853142207069
2014-10-01,2014,10,Marsabit,16.24660758505801,19.877977035264493,12.924539996488503,-0.2809670171002681,21.07069271911124,-0.22683271848798098
2014-11-01,2014,11,Marsabit,23.394885441903817,26.251281912796717,18.121614955305276,-0.15762372602761116,40.80533309194382,-0.2282823665011922
2014-12-01,2014,12,Marsabit,16.29101221903594,17.5191038726857,14.35324411564074,-0.08556195684789523,55.9325052459978,-0.20255737680541172
2015-01-01,2015,1,Marsabit,3.2815458476748725,7.412837777982669,6.03866144059599,-0.6841403464904393,42.96744350861467,-0.2981679448656
2015-02-01,2015,2,Marsabit,3.3530357725584685,6.706810904678786,5.673996073827667,-0.5910781552335244,22.925593839269318,-0.46096026166926923
2015-03-01,2015,3,Marsabit,10.123400470063553,23.203591365325146,12.97433259152085,-1.0081590558122369,16.757982090296927,-1.1956760188852567
2015-04-01,2015,4,Marsabit,83.5290509089263,54.51946926993243,25.650771164570358,1.1309438399677745,97.00548715154835,0.3683669894458632
2015-05-01,2015,5,Marsabit,14.863252028313076,16.710665811542984,9.393937122555583,-0.19666022447543563,108.51570340730295,0.4072822717743185
2015-06-01,2015,6,Marsabit,1.7868887749326046,2.5968931762705103,1.2664059323482955,-0.6396088178739934,100.17919171217201,0.9506186361379626
2015-07-01,2015,7,Marsabit,3.380072194154063,4.124076502813582,1.7701647547629409,-0.4203022948330909,20.030212997399772,-0.3469635127822342
2015-08-01,2015,8,Marsabit,2.384690037256356,2.753108869421634,0.8660859968998192,-0.4253836610729696,7.551651006343052,-0.6350428286563904
2015-09-01,2015,9,Marsabit,1.2620957217658269,1.4370297863708184,0.42150869473642155,-0.4150188757420094,7.0268579531762745,-0.5356420900558864
2015-10-01,2015,10,Marsabit,19.28042646092881,19.877977035264493,12.924539996488503,-0.046233798224001366,22.92721221995102,-0.08633891122657977
2015-11-01,2015,11,Marsabit,39.61473091248119,26.251281912796717,18.121614955305276,0.7374314614146571,60.15725309517586,0.4251314892142908
2015-12-01,2015,12,Marsabit,25.737523394255085,17.5191038726857,14.35324411564074,0.57258271756235,84.63268076766512,0.5508821743014986
2016-01-01,2016,1,Marsabit,6.090825289262011,7.412837777982669,6.03866144059599,-0.2189247570385699,71.44307959599833,0.6133333765892484
2016-02-01,2016,2,Marsabit,5.697353306922518,6.706810904678786,5.673996073827667,-0.17790946356353216,37.52570199043965,0.26209709836282447
2016-03-01,2016,3,Marsabit,10.110889857179398,23.203591365325146,12.97433259152085,-1.009123314497291,21.899068453363963,-0.8967702775624843
2016-04-01,2016,4,Marsabit,79.81910482246758,54.51946926993243,25.650771164570358,0.9863109140157078,95.62734798656953,0.32799831160778403
2016-05-01,2016,5,Marsabit,13.59657872888237,16.710665811542984,9.393937122555583,-0.3314996728244482,103.52657340852937,0.26298547269722256
2016-06-01,2016,6,Marsabit,2.5600144805937224,2.5968931762705103,1.2664059323482955,-0.029120754044798088,95.97569803194372,0.7989832899082772
2016-07-01,2016,7,Marsabit,3.14695927030384,4.124076502813582,1.7701647547629409,-0.5519922537609202,19.303552479779974,-0.4210868203970736
2016-08-01,2016,8,Marsabit,2.0396468204910727,2.753108869421634,0.8660859968998192,-0.8237773748616418,7.746620571388678,-0.5706377879601918
2016-09-01,2016,9,Marsabit,1.1208016375392256,1.4370297863708184,0.42150869473642155,-0.7502292426715824,6.30740772833418,-0.8349901035677602
2016-10-01,2016,10,Marsabit,12.241859581057158,19.877977035264493,12.924539996488503,-0.590823151638821,15.402308039087497,-0.6557929014316572
2016-11-01,2016,11,Marsabit,25.71692218484889,26.251281912796717,18.121614955305276,-0.02948742312789224,39.07958340344531,-0.28655197270942767
2016-12-01,2016,12,Marsabit,8.687210946515561,17.5191038726857,14.35324411564074,-0.6153238149517725,46.64599271242165,-0.44634772677606005
2017-01-01,2017,1,Marsabit,4.123062570497445,7.412837777982669,6.03866144059599,-0.5447855025236417,38.527195701861935,-0.4402996862259026
2017-02-01,2017,2,Marsabit,9.676504833252093,6.706810904678786,5.673996073827667,0.5233866731546672,22.486778350265137,-0.4826922081545507
2017-03-01,2017,3,Marsabit,8.03405789190264,23.203591365325146,12.97433259152085,-1.1691956689422538,21.833625295652215,-0.9005751806877964
2017-04-01,2017,4,Marsabit,37.24799308776856,54.51946926993243,25.650771164570358,-0.673331654294268,54.958555812923336,-0.863278600798194
2017-05-01,2017,5,Marsabit,21.52728810094117,16.710665811542984,9.393937122555583,0.5127373354280919,66.8093390806124,-0.7989590718996267
2017-06-01,2017,6,Marsabit,1.6003975108892248,2.5968931762705103,1.2664059323482955,-0.7868690756473988,60.375678699599,-0.48523923256983753
2017-07-01,2017,7,Marsabit,6.091899788560235,4.124076502813582,1.7701647547629409,1.1116610928174206,29.21958540039067,0.5904022321536955
2017-08-01,2017,8,Marsabit,2.8343223003128446,2.753108869421634,0.8660859968998192,0.0937706315330309,10.526619599762347,0.3476899034202512
2017-09-01,2017,9,Marsabit,1.927326588769956,1.4370297863708184,0.42150869473642155,1.1631949910445638,10.853548677643078,1.0565629397568
2017-10-01,2017,10,Marsabit,39.80335927567307,19.877977035264493,12.924539996488503,1.541670515610006,44.56500816475591,1.5511210409343532
2017-11-01,2017,11,Marsabit,36.34704250057584,26.251281912796717,18.121614955305276,0.5571115274592837,78.07772836501891,1.0302128889082984
2017-12-01,2017,12,Marsabit,4.760096282444373,17.5191038726857,14.35324411564074,-0.8889284880438861,80.91049805869332,0.4531671039783782
2018-01-01,2018,1,Marsabit,2.5098309000105044,7.412837777982669,6.03866144059599,-0.8119360434765919,43.61696968303076,-0.27737669846524
2018-02-01,2018,2,Marsabit,9.100657848238807,6.706810904678786,5.673996073827667,0.42189788509055776,16.370585030693725,-0.7855912380319932
2018-03-01,2018,3,Marsabit,60.13456240193031,23.203591365325146,12.97433259152085,2.8464640301221165,71.74505115017966,2.0013040510440647
2018-04-01,2018,4,Marsabit,111.3443022122476,54.51946926993243,25.650771164570358,2.215326493606687,180.57952246241678,2.8164313016915394
2018-05-01,2018,5,Marsabit,21.365015119943774,16.710665811542984,9.393937122555583,0.495463110693527,192.8438797341217,2.8462417534795623
2018-06-01,2018,6,Marsabit,3.5816418676050708,2.5968931762705103,1.2664059323482955,0.7775932394035313,136.29095919979648,2.253301780805958
2018-07-01,2018,7,Marsabit,3.8746170423539104,4.124076502813582,1.7701647547629409,-0.14092443078445513,28.821274029902796,0.5497723155347654
2018-08-01,2018,8,Marsabit,2.568977476539187,2.753108869421634,0.8660859968998192,-0.21260174340833438,10.02523638649821,0.18206607260793567
2018-09-01,2018,9,Marsabit,2.132161385069196,1.4370297863708184,0.42150869473642155,1.6491512687135872,8.575755903962335,0.1088215694032288
2018-10-01,2018,10,Marsabit,20.21482604432736,19.877977035264493,12.924539996488503,0.026062746461722127,24.915964905935784,0.06416176298069345
2018-11-01,2018,11,Marsabit,15.18390305559616,26.251281912796717,18.121614955305276,-0.6107280661517684,37.53089048499276,-0.33884329114172473
2018-12-01,2018,12,Marsabit,33.90466090091745,17.5191038726857,14.35324411564074,1.1415925832666913,69.303390000841,0.14845627466113653
2019-01-01,2019,1,Marsabit,3.8047902177313575,7.412837777982669,6.03866144059599,-0.5974912810967612,52.89335417424501,0.019559134543642158
2019-02-01,2019,2,Marsabit,4.995307473610792,6.706810904678786,5.673996073827667,-0.301639868762443,42.70475859225964,0.5185852664774264
2019-03-01,2019,3,Marsabit,13.556517513200692,23.203591365325146,12.97433259152085,-0.7435506824011225,22.356615204542884,-0.8701682442192101
2019-04-01,2019,4,Marsabit,42.36735143343972,54.51946926993243,25.650771164570358,-0.4737525339307377,60.91917642025125,-0.6886791270099756
2019-05-01,2019,5,Marsabit,12.96483023376744,16.710665811542984,9.393937122555583,-0.398750335339322,68.8886991804079,-0.7388193267731462
2019-06-01,2019,6,Marsabit,3.54878727578244,2.5968931762705103,1.2664059323482955,0.7516500635359732,58.88096894298965,-0.5391588643567083
2019-07-01,2019,7,Marsabit,4.830179539486513,4.124076502813582,1.7701647547629409,0.3988911398066396,21.343797049036436,-0.21297082654638208
2019-08-01,2019,8,Marsabit,2.3564522606430085,2.753108869421634,0.8660859968998192,-0.4579875557375014,10.735419075912004,0.41666343144559537
2019-09-01,2019,9,Marsabit,1.7710155299251331,1.4370297863708184,0.42150869473642155,0.7923578984845454,8.957647330054698,0.2677185101930605
2019-10-01,2019,10,Marsabit,66.19371826867696,19.877977035264493,12.924539996488503,3.5835504587394285,70.32118605924515,3.5002433050753434
2019-11-01,2019,11,Marsabit,59.135108219194905,26.251281912796717,18.121614955305276,1.814618972288181,127.09984201779704,2.6854351248329325
2019-12-01,2019,12,Marsabit,33.15685101935018,17.5191038726857,14.35324411564074,1.0894921747776876,158.48567750722208,2.489677589310142
2020-01-01,2020,1,Marsabit,11.450821844171028,7.412837777982669,6.03866144059599,0.6686886002653307,103.74278108271615,1.6472425225480485
2020-02-01,2020,2,Marsabit,6.874011662852203,6.706810904678786,5.673996073827667,0.02946790163367586,51.48168452637345,0.9532547106629371
2020-03-01,2020,3,Marsabit,41.88007806018081,23.203591365325146,12.97433259152085,1.4394949846639014,60.20491156720408,1.3303536461261907
2020-04-01,2020,4,Marsabit,93.6582921165002,54.51946926993243,25.650771164570358,1.5258341589600057,142.41238183953325,1.6984331756971078
2020-05-01,2020,5,Marsabit,13.950956977317034,16.710665811542984,9.393937122555583,-0.29377552757934394,149.4893271539981,1.5923311189061364
2020-06-01,2020,6,Marsabit,3.028975983676936,2.5968931762705103,1.2664059323482955,0.3411882370175057,110.63822507749421,1.3279141113371382
2020-07-01,2020,7,Marsabit,5.742441470980427,4.124076502813582,1.7701647547629409,0.9142453908950268,22.722374431974437,-0.07234846858329456
2020-08-01,2020,8,Marsabit,3.339616961759128,2.753108869421634,0.8660859968998192,0.6771938288309904,12.111034416416533,0.8710756981333543
2020-09-01,2020,9,Marsabit,2.535696854868126,1.4370297863708184,0.42150869473642155,2.6065110452450515,11.617755287607721,1.374533137981102
2020-10-01,2020,10,Marsabit,29.619272319700496,19.877977035264493,12.924539996488503,0.7537053765226953,35.49458613632779,0.8647085773620008
2020-11-01,2020,11,Marsabit,14.63133345383864,26.251281912796717,18.121614955305276,-0.6412203596432904,46.786302628407306,-0.026336080805263774
2020-12-01,2020,12,Marsabit,18.76746290209099,17.5191038726857,14.35324411564074,0.08697399830641436,63.01806867563017,-0.01654653775213163
2021-01-01,2021,1,Marsabit,3.308688251268713,7.412837777982669,6.03866144059599,-0.6796455749486253,36.70748460719839,-0.4985483961884083
2021-02-01,2021,2,Marsabit,6.653393205572625,6.706810904678786,5.673996073827667,-0.00941447586693967,28.729544358932372,-0.17352477851717552
2021-03-01,2021,3,Marsabit,11.908470156107922,23.203591365325146,12.97433259152085,-0.8705743535971132,21.870551612949303,-0.8984282631947743
2021-04-01,2021,4,Marsabit,29.19372836100932,54.51946926993243,25.650771164570358,-0.9873286361036899,47.755591722689914,-1.074269003093564
2021-05-01,2021,5,Marsabit,25.133203672473112,16.710665811542984,9.393937122555583,0.8965929568239233,66.23540218959039,-0.8155586105500717
2021-06-01,2021,6,Marsabit,1.5479751974388445,2.5968931762705103,1.2664059323482955,-0.8282636333570059,55.874907230921316,-0.647598472733264
2021-07-01,2021,7,Marsabit,3.541301600360541,4.124076502813582,1.7701647547629409,-0.3292207128658406,30.22248047027254,0.6927029598907082
2021-08-01,2021,8,Marsabit,2.11100335775879,2.753108869421634,0.8660859968998192,-0.7413877074115964,7.200280155558218,-0.7511125031153726
2021-09-01,2021,9,Marsabit,1.9329076700285,1.4370297863708184,0.42150869473642155,1.176435717340931,7.585212628147874,-0.3033225257323076
2021-10-01,2021,10,Marsabit,10.80674914427863,19.877977035264493,12.924539996488503,-0.7018607929915065,14.850660172065963,-0.697539357135693
2021-11-01,2021,11,Marsabit,18.71281133623265,26.251281912796717,18.121614955305276,-0.41599330937980816,31.452468150539822,-0.5440800518124317
2021-12-01,2021,12,Marsabit,11.23961043981953,17.5191038726857,14.35324411564074,-0.4374964560118784,40.75917092033086,-0.6008890941321854
2022-01-01,2022,1,Marsabit,10.0903657360274,7.412837777982669,6.03866144059599,0.4433975947127232,40.04278751207962,-0.39178579408455605
2022-02-01,2022,2,Marsabit,4.443352646230967,6.706810904678786,5.673996073827667,-0.3989178400895321,25.773328822077943,-0.31992872153128815
2022-03-01,2022,3,Marsabit,11.566280664560033,23.203591365325146,12.97433259152085,-0.8969486961025244,26.099999046818446,-0.6525257376724911
2022-04-01,2022,4,Marsabit,50.44645591499337,54.51946926993243,25.650771164570358,-0.1587871697426715,66.45608922578441,-0.526490971456368
2022-05-01,2022,5,Marsabit,13.118199262963918,16.710665811542984,9.393937122555583,-0.3824239508643582,75.13093584251737,-0.5582798800869483
2022-06-01,2022,6,Marsabit,1.707591961768527,2.5968931762705103,1.2664059323482955,-0.7022244540918668,65.27224713972586,-0.308602152264851
2022-07-01,2022,7,Marsabit,3.18503949372128,4.124076502813582,1.7701647547629409,-0.5304800056410893,18.010830718453775,-0.5529514400533655
2022-08-01,2022,8,Marsabit,2.660148208288323,2.753108869421634,0.8660859968998192,-0.10733421561607784,7.55277966377818,-0.63466999493732
2022-09-01,2022,9,Marsabit,1.7278703529887818,1.4370297863708184,0.42150869473642155,0.6899989733303895,7.573058054998435,-0.3083797864040488
2022-10-01,2022,10,Marsabit,17.659504112351502,19.877977035264493,12.924539996488503,-0.17164811463431057,22.047522673628656,-0.15291022034290114
2022-11-01,2022,11,Marsabit,15.513079358242136,26.251281912796717,18.121614955305276,-0.5925632224853596,34.900453823582474,-0.4276594789339645
2022-12-01,2022,12,Marsabit,13.655576930500471,17.5191038726857,14.35324411564074,-0.2691744744991233,46.828160401094166,-0.4415654444699472
2023-01-01,2023,1,Marsabit,3.690567975969457,7.412837777982669,6.03866144059599,-0.6164064401739071,32.85922426471212,-0.621730697602656
2023-02-01,2023,2,Marsabit,2.696477409386333,6.706810904678786,5.673996073827667,-0.7067917289881186,20.042622315856313,-0.6037368601151935
2023-03-01,2023,3,Marsabit,56.47120682445925,23.203591365325146,12.97433259152085,2.564109962841216,62.85825220981509,1.4846204091704793
2023-04-01,2023,4,Marsabit,104.9960355879108,54.51946926993243,25.650771164570358,1.967838159489652,164.16371982175644,2.335576925664506
2023-05-01,2023,5,Marsabit,14.901024699922818,16.710665811542984,9.393937122555583,-0.19263926168667617,176.36826711229293,2.369730184378637
2023-06-01,2023,6,Marsabit,1.6567787855163487,2.5968931762705103,1.2664059323482955,-0.7423483787784445,121.55383907335,1.7216801149252061
2023-07-01,2023,7,Marsabit,2.8299346430650743,4.124076502813582,1.7701647547629409,-0.7310855423295436,19.38773812850428,-0.4124994283675928
2023-08-01,2023,8,Marsabit,2.0068478618351677,2.753108869421634,0.8660859968998192,-0.8616477004105018,6.493561290416633,-0.9845656436584291
2023-09-01,2023,9,Marsabit,1.2069771342944162,1.4370297863708184,0.42150869473642155,-0.5457838828692704,6.0437596391947,-0.9446884941234468
2023-10-01,2023,10,Marsabit,60.481710113915184,19.877977035264493,12.924539996488503,3.1415998627171575,63.69553511004481,2.998841123726208
2023-11-01,2023,11,Marsabit,81.68138335739293,26.251281912796717,18.121614955305276,3.0587837552727897,143.37007060560256,3.2347962628055327
2023-12-01,2023,12,Marsabit,9.189199885873103,17.5191038726857,14.35324411564074,-0.5803499139079991,151.35229335718125,2.302411356466989
2024-01-01,2024,1,Marsabit,6.467930280354759,7.412837777982669,6.03866144059599,-0.15647631630341108,97.33851352362085,1.4422427702983656
2024-02-01,2024,2,Marsabit,13.894775363689996,6.706810904678786,5.673996073827667,1.26682577243347,29.551905529917903,-0.13279807354149797
2024-03-01,2024,3,Marsabit,10.687407285009268,23.203591365325146,12.97433259152085,-0.964688086421926,31.050112929054066,-0.3647232470877805
2024-04-01,2024,4,Marsabit,113.47598930910726,54.51946926993243,25.650771164570358,2.2984307045164947,138.05817195780656,1.57088894763832
2024-05-01,2024,5,Marsabit,25.516161583813957,16.710665811542984,9.393937122555583,0.9373594540172389,149.67955817793052,1.5978330256204043
2024-06-01,2024,6,Marsabit,1.5060431277306243,2.5968931762705103,1.2664059323482955,-0.8613747145965462,140.49819402065188,2.405072083621151
2024-07-01,2024,7,Marsabit,4.913204952158313,4.124076502813582,1.7701647547629409,0.4457937868333677,31.935409663702938,0.8674310130164898
2024-08-01,2024,8,Marsabit,3.741609285780576,2.753108869421634,0.8660859968998192,1.1413421067853642,10.160857365669557,0.2268662683756433
2024-09-01,2024,9,Marsabit,1.9813944116707587,1.4370297863708184,0.42150869473642155,1.2914671324641198,10.63620864960969,0.9661323534536419
2024-10-01,2024,10,Marsabit,20.36766634142768,19.877977035264493,12.924539996488503,0.037888335391142,26.090670038879054,0.15305864581012593
2024-11-01,2024,11,Marsabit,44.23311523761596,26.251281912796717,18.121614955305276,0.9922864694548038,66.58217599071443,0.642067774665419
2024-12-01,2024,12,Marsabit,3.1534809876528453,17.5191038726857,14.35324411564074,-1.0008624370415764,67.75426256669653,0.10778844398156268
1981-01-01,1981,1,Samburu,2.0434298809315705,8.26127480467429,8.12128380461205,-0.7656234006022085,,
1981-02-01,1981,2,Samburu,6.301976807536305,7.633705250189917,7.897318363643241,-0.16863046180137153,,
1981-03-01,1981,3,Samburu,73.51042470674257,27.33778612029445,19.099726064209346,2.4174503043250577,81.85583139521044,1.5135349161392162
1981-04-01,1981,4,Samburu,70.55255741944184,51.36589998508359,24.620854111170047,0.7792848025387391,150.36495893372071,1.5911905206145833
1981-05-01,1981,5,Samburu,24.330340653416272,17.699136477365823,9.010621373440431,0.7359319519957286,168.39332277960068,1.8780701404858668
1981-06-01,1981,6,Samburu,5.516449247563091,8.839068010930363,5.221685193450976,-0.6363115814669358,100.3993473204212,0.8341448433055838
1981-07-01,1981,7,Samburu,11.850895062325671,10.946361739881919,3.8282202378836536,0.2362803773650712,41.697684963305036,0.3885703636784007
1981-08-01,1981,8,Samburu,14.352462221626672,12.008816425882168,5.119728650771128,0.45776758020007685,31.71980653151543,-0.007609109815970827
1981-09-01,1981,9,Samburu,5.996237985597658,3.8625330676598226,1.9175862339849055,1.1127035019978306,32.19959526955,0.7139218811408088
1981-10-01,1981,10,Samburu,15.032057891650531,23.562169639897704,9.777808758756176,-0.8723950282427366,35.380758098874864,-0.3787770796769267
1981-11-01,1981,11,Samburu,14.732787923152385,38.04197843614731,22.22404589915259,-1.0488275005715189,35.76108380040057,-1.020568942132993
1981-12-01,1981,12,Samburu,17.046085869943774,23.81191750155913,13.466009979702065,-0.5024377407869001,46.81093168474669,-1.0281336738136042
1982-01-01,1982,1,Samburu,6.118732636039321,8.26127480467429,8.12128380461205,-0.2638181622735837,37.89760642913548,-0.9333979526219247
1982-02-01,1982,2,Samburu,5.571655461192131,7.633705250189917,7.897318363643241,-0.2611075929888823,28.736473967175222,-0.5240575260151428
1982-03-01,1982,3,Samburu,13.407969851107213,27.33778612029445,19.099726064209346,-0.7293202123610601,25.098357948338663,-0.7106390929471004
1982-04-01,1982,4,Samburu,61.75055020822061,51.36589998508359,24.620854111170047,0.4217826959311574,80.73017552051995,-0.13934854971458785
1982-05-01,1982,5,Samburu,17.902134902050367,17.699136477365823,9.010621373440431,0.022528793106644063,93.06065496137818,-0.08718963192395807
1982-06-01,1982,6,Samburu,5.31724563355244,8.839068010930363,5.221685193450976,-0.6744608774567613,84.96993074382341,0.26200750919916665
1982-07-01,1982,7,Samburu,5.295674534673944,10.946361739881919,3.8282202378836536,-1.4760611600370808,28.515055070276752,-0.827246140391103
1982-08-01,1982,8,Samburu,10.062701275730678,12.008816425882168,5.119728650771128,-0.38012076086461505,20.675621443957063,-1.13652928342841
1982-09-01,1982,9,Samburu,1.931596535954563,3.8625330676598226,1.9175862339849055,-1.0069620325197115,17.289972346359185,-1.2638810542205272
1982-10-01,1982,10,Samburu,44.36303675884929,23.562169639897704,9.777808758756176,2.1273546693500314,56.35733457053453,1.5817249854067497
1982-11-01,1982,11,Samburu,49.726657633523686,38.04197843614731,22.22404589915259,0.5257674165360645,96.02129092832755,1.0497377118796627
1982-12-01,1982,12,Samburu,32.86534825917837,23.81191750155913,13.466009979702065,0.6723172469993629,126.95504265155134,1.106267918252137
1983-01-01,1983,1,Samburu,4.644748401964033,8.26127480467429,8.12128380461205,-0.44531461893456353,87.23675429466608,0.4427916584406835
1983-02-01,1983,2,Samburu,8.144435291274174,7.633705250189917,7.897318363643241,0.06467132481773778,45.654531952416576,0.2312911840127711
1983-03-01,1983,3,Samburu,4.701882157776807,27.33778612029445,19.099726064209346,-1.1851428594536064,17.491065851015016,-1.0087485811756949
1983-04-01,1983,4,Samburu,33.70835795918026,51.36589998508359,24.620854111170047,-0.7171782890298842,46.55467540823125,-0.9886660214358101
1983-05-01,1983,5,Samburu,21.806399804353717,17.699136477365823,9.010621373440431,0.45582464924055077,60.21663992131079,-0.9440160711311752
1983-06-01,1983,6,Samburu,7.466121318525646,8.839068010930363,5.221685193450976,-0.2629317244415009,62.98087908205963,-0.5533672870437054
1983-07-01,1983,7,Samburu,14.813502384208949,10.946361739881919,3.8282202378836536,1.0101667103836462,44.08602350708832,0.6088436659253769
1983-08-01,1983,8,Samburu,21.83536398649338,12.008816425882168,5.119728650771128,1.9193492919065445,44.11498768922798,1.2594078727485685
1983-09-01,1983,9,Samburu,3.844725698441127,3.8625330676598226,1.9175862339849055,-0.00928634598178686,40.49359206914346,1.8141436171713308
1983-10-01,1983,10,Samburu,13.977596894982108,23.562169639897704,9.777808758756176,-0.9802372884755457,39.65768657991662,0.020951023268088332
1983-11-01,1983,11,Samburu,18.94017051377812,38.04197843614731,22.22404589915259,-0.8595108203541619,36.762493107201365,-0.9861644080287771
1983-12-01,1983,12,Samburu,28.78269396988121,23.81191750155913,13.466009979702065,0.36913506493866843,61.70046137864145,-0.6315950448315902
1984-01-01,1984,1,Samburu,2.856271936442401,8.26127480467429,8.12128380461205,-0.6655355234799708,50.57913642010174,-0.5796790381098413
1984-02-01,1984,2,Samburu,3.046742096301672,7.633705250189917,7.897318363643241,-0.580825407141388,34.68570800262529,-0.2584391992396029
1984-03-01,1984,3,Samburu,10.415565451093622,27.33778612029445,19.099726064209346,-0.8859928468247034,16.318579483837702,-1.0546951948198855
1984-04-01,1984,4,Samburu,24.04859164469951,51.36589998508359,24.620854111170047,-1.1095191181036526,37.51089919209481,-1.213418757327438
1984-05-01,1984,5,Samburu,3.990480932915533,17.699136477365823,9.010621373440431,-1.521388478807656,38.45463802870867,-1.511737726626457
1984-06-01,1984,6,Samburu,2.492502233018591,8.839068010930363,5.221685193450976,-1.2154248183846124,30.531574810633643,-1.7566181259393492
1984-07-01,1984,7,Samburu,7.453562312759031,10.946361739881919,3.8282202378836536,-0.912382049642422,13.936545478693162,-2.1718027812140965
1984-08-01,1984,8,Samburu,2.9129089852125585,12.008816425882168,5.119728650771128,-1.7766385801129507,12.858973530990188,-1.9355354073763702
1984-09-01,1984,9,Samburu,4.211905437362312,3.8625330676598226,1.9175862339849055,0.1821938244604857,14.578376735333908,-1.623581751322461
1984-10-01,1984,10,Samburu,20.59867731149095,23.562169639897704,9.777808758756176,-0.3030834823551752,27.723491734065824,-1.0944365935821594
1984-11-01,1984,11,Samburu,45.53864843370141,38.04197843614731,22.22404589915259,0.3373224673658522,70.34923118255468,0.16774545451729717
1984-12-01,1984,12,Samburu,21.849840961275877,23.81191750155913,13.466009979702065,-0.1457058581748254,87.98716670646824,0.06847368167927646
1985-01-01,1985,1,Samburu,3.64317552624522,8.26127480467429,8.12128380461205,-0.5686415337198863,71.03166492122251,-0.009207952554914271
1985-02-01,1985,2,Samburu,6.4608383562113785,7.633705250189917,7.897318363643241,-0.14851457671733825,31.953854843732476,-0.3804095673134969
1985-03-01,1985,3,Samburu,37.9175486899711,27.33778612029445,19.099726064209346,0.5539222151202413,48.0215625724277,0.18766015882616857
1985-04-01,1985,4,Samburu,63.36711675025321,51.36589998508359,24.620854111170047,0.4874411225126785,107.74550379643568,0.532026857627857
1985-05-01,1985,5,Samburu,21.467444820017427,17.699136477365823,9.010621373440431,0.4182073784344121,122.75211026024172,0.6873936182532807
1985-06-01,1985,6,Samburu,7.561247122769129,8.839068010930363,5.221685193450976,-0.24471427150833874,92.39580869303977,0.5373660745844758
1985-07-01,1985,7,Samburu,20.14808905194107,10.946361739881919,3.8282202378836536,2.4036567230379937,49.17678099472762,1.0783574899431916
1985-08-01,1985,8,Samburu,4.569937822256924,12.008816425882168,5.119728650771128,-1.4529829823119256,32.27927399696712,0.049578822405460674
1985-09-01,1985,9,Samburu,3.0432955627227685,3.8625330676598226,1.9175862339849055,-0.42722329270929826,27.761322436920764,0.12517264975313885
1985-10-01,1985,10,Samburu,11.67814396108968,23.562169639897704,9.777808758756176,-1.2154078661198706,19.29137734606937,-1.8825145572586064
1985-11-01,1985,11,Samburu,35.34083338299313,38.04197843614731,22.22404589915259,-0.12154155302825279,50.062272906805575,-0.5292356331646253
1985-12-01,1985,12,Samburu,8.898533580754254,23.81191750155913,13.466009979702065,-1.1074835042662603,55.91751092483707,-0.7856068431601019
1986-01-01,1986,1,Samburu,3.060855033590987,8.26127480467429,8.12128380461205,-0.64034454357204,47.300221997338376,-0.6711359878015639
1986-02-01,1986,2,Samburu,2.63127616104242,7.633705250189917,7.897318363643241,-0.6334338896829967,14.590664775387669,-1.1556323045528996
1986-03-01,1986,3,Samburu,24.466991455490525,27.33778612029445,19.099726064209346,-0.15030554130215812,30.15912265012394,-0.5123212216213348
1986-04-01,1986,4,Samburu,62.947037723902106,51.36589998508359,24.620854111170047,0.47037920319605653,90.04530534043506,0.09214777020496993
1986-05-01,1986,5,Samburu,8.096851682360914,17.699136477365823,9.010621373440431,-1.0656628879456034,95.51088086175355,-0.023268752247378177
1986-06-01,1986,6,Samburu,21.15678547571588,8.839068010930363,5.221685193450976,2.358954438738353,92.2006748819789,0.5301303286377546
1986-07-01,1986,7,Samburu,10.653755341340055,10.946361739881919,3.8282202378836536,-0.07643405560794606,39.90739249941686,0.2234540596958663
1986-08-01,1986,8,Samburu,10.429324677622954,12.008816425882168,5.119728650771128,-0.3085108325069752,42.239865494678895,1.0677356708946169
1986-09-01,1986,9,Samburu,4.202762448495457,3.8625330676598226,1.9175862339849055,0.17742585694756932,25.285842467458473,-0.20320665100136426
1986-10-01,1986,10,Samburu,21.040207090745117,23.562169639897704,9.777808758756176,-0.2579271707369129,35.672294216863534,-0.3515296800769268
1986-11-01,1986,11,Samburu,23.188767451531177,38.04197843614731,22.22404589915259,-0.6683396467059354,48.43173699077175,-0.5852545139063579
1986-12-01,1986,12,Samburu,20.17243956939594,23.81191750155913,13.466009979702065,-0.27027144177444845,64.40141411167224,-0.559663149350673
1987-01-01,1987,1,Samburu,7.2409319494221664,8.26127480467429,8.12128380461205,-0.12563812320814036,50.602138970349294,-0.5790374406755909
1987-02-01,1987,2,Samburu,6.993449826619109,7.633705250189917,7.897318363643241,-0.08107251019768194,34.40682134543722,-0.270890786586967
1987-03-01,1987,3,Samburu,22.85359529804539,27.33778612029445,19.099726064209346,-0.2347777558261376,37.08797707408667,-0.24079789638124624
1987-04-01,1987,4,Samburu,48.22032255739779,51.36589998508359,24.620854111170047,-0.12776069479485283,78.0673676820623,-0.20552371068099898
1987-05-01,1987,5,Samburu,23.8079561543223,17.699136477365823,9.010621373440431,0.677957648399559,94.88187400976548,-0.039678125479256046
1987-06-01,1987,6,Samburu,16.52802080029463,8.839068010930363,5.221685193450976,1.47250408718774,88.55629951201473,0.39499344913857193
1987-07-01,1987,7,Samburu,5.779391793727793,10.946361739881919,3.8282202378836536,-1.349705509370216,46.11536874834472,0.7960074911101599
1987-08-01,1987,8,Samburu,7.8634410841719165,12.008816425882168,5.119728650771128,-0.8096865331106717,30.17085367819434,-0.16594076672188707
1987-09-01,1987,9,Samburu,2.5247349878076446,3.8625330676598226,1.9175862339849055,-0.6976468938620409,16.167567865707355,-1.4127711293037155
1987-10-01,1987,10,Samburu,11.12787813079728,23.562169639897704,9.777808758756176,-1.271684874994648,21.516054202776843,-1.674592946331703
1987-11-01,1987,11,Samburu,26.4949790330352,38.04197843614731,22.22404589915259,-0.5195723341964661,40.147592151640126,-0.8698655532751636
1987-12-01,1987,12,Samburu,11.16835543336095,23.81191750155913,13.466009979702065,-0.9389241569890711,48.791212597193436,-0.9753947428893543
1988-01-01,1988,1,Samburu,5.735884901156297,8.26127480467429,8.12128380461205,-0.3109594448705059,43.39921936755245,-0.7799445003942564
1988-02-01,1988,2,Samburu,4.591901064724536,7.633705250189917,7.897318363643241,-0.38516924928199503,21.496141399241782,-0.8473201528563875
1988-03-01,1988,3,Samburu,20.25058860649934,27.33778612029445,19.099726064209346,-0.3710627833074366,30.57837457238017,-0.4958918569559987
1988-04-01,1988,4,Samburu,97.83737809464738,51.36589998508359,24.620854111170047,1.8874844024391706,122.67986776587125,0.9031704021732273
1988-05-01,1988,5,Samburu,12.173795120256978,17.699136477365823,9.010621373440431,-0.6132031441688646,130.2617618214037,0.8833035275316601
1988-06-01,1988,6,Samburu,10.840191830869266,8.839068010930363,5.221685193450976,0.3832333328804859,120.85136504577362,1.5925249700193895
1988-07-01,1988,7,Samburu,18.034347554684064,10.946361739881919,3.8282202378836536,1.8515094154354559,41.04833450581031,0.32868163058389893
1988-08-01,1988,8,Samburu,8.51457375834791,12.008816425882168,5.119728650771128,-0.6825054423554185,37.38911314390124,0.57189898013145
1988-09-01,1988,9,Samburu,9.089969500227024,3.8625330676598226,1.9175862339849055,2.7260502500083916,35.638890813259,1.1701539976044941
1988-10-01,1988,10,Samburu,22.52214776459546,23.562169639897704,9.777808758756176,-0.1063655365902804,40.126691023170395,0.06478487674626233
1988-11-01,1988,11,Samburu,25.004431172238814,38.04197843614731,22.22404589915259,-0.5866414838715583,56.6165484370613,-0.3040561840845014
1988-12-01,1988,12,Samburu,28.144196949778376,23.81191750155913,13.466009979702065,0.321719607719695,75.67077588661265,-0.25953699630169336
1989-01-01,1989,1,Samburu,8.563711999558114,8.26127480467429,8.12128380461205,0.0372400721560883,61.7123401215753,-0.2691467339531344
1989-02-01,1989,2,Samburu,9.12109523020886,7.633705250189917,7.897318363643241,0.18834114461769924,45.82900417954535,0.239080929846033
1989-03-01,1989,3,Samburu,24.756586583884985,27.33778612029445,19.099726064209346,-0.13514327523504802,42.441393813651956,-0.031011772213927976
1989-04-01,1989,4,Samburu,70.137620660421,51.36589998508359,24.620854111170047,0.7624317414244789,104.01530247451484,0.4393252103853697
1989-05-01,1989,5,Samburu,21.065419611294526,17.699136477365823,9.010621373440431,0.373590565446586,115.95962685560053,0.5101930122411089
1989-06-01,1989,6,Samburu,3.238755126842422,8.839068010930363,5.221685193450976,-1.072510631455117,94.44179539855796,0.6132331933119465
1989-07-01,1989,7,Samburu,15.534925356140748,10.946361739881919,3.8282202378836536,1.1986153698397235,39.8391000942777,0.21715554157432634
1989-08-01,1989,8,Samburu,12.043274695515718,12.008816425882168,5.119728650771128,0.0067304874894805146,30.816955178498887,-0.09989723230876366
1989-09-01,1989,9,Samburu,3.9975515510078417,3.8625330676598226,1.9175862339849055,0.07041064488006846,31.57575160266431,0.6311672841983234
1989-10-01,1989,10,Samburu,24.311559052744457,23.562169639897704,9.777808758756176,0.07664185620072222,40.35238529926802,0.08587859978370684
1989-11-01,1989,11,Samburu,61.91761842297541,38.04197843614731,22.22404589915259,1.0743156351984715,90.22672902672771,0.8506590721978767
1989-12-01,1989,12,Samburu,32.024064538285536,23.81191750155913,13.466009979702065,0.6098426370621255,118.2532420140054,0.8745211696693291
1990-01-01,1990,1,Samburu,6.222719042365616,8.26127480467429,8.12128380461205,-0.25101397899073363,100.16440200362656,0.8033753985781544
1990-02-01,1990,2,Samburu,39.492455081681946,7.633705250189917,7.897318363643241,4.034122516594956,77.73923866233311,1.663792588494372
1990-03-01,1990,3,Samburu,75.01978820594582,27.33778612029445,19.099726064209346,2.4964757046961976,120.73496232999338,3.037104364697432
1990-04-01,1990,4,Samburu,101.9416586205766,51.36589998508359,24.620854111170047,2.0541837584971385,216.4539019082044,3.233609615328381
1990-05-01,1990,5,Samburu,11.899771852690623,17.699136477365823,9.010621373440431,-0.6436142841124495,188.86121867921304,2.412031482920232
1990-06-01,1990,6,Samburu,8.11683155134845,8.839068010930363,5.221685193450976,-0.13831482228912223,121.95826202461568,1.6335697550545982
1990-07-01,1990,7,Samburu,13.504776801907536,10.946361739881919,3.8282202378836536,0.6683040428833791,33.52138020594661,-0.3655194004251693
1990-08-01,1990,8,Samburu,7.651305467907707,12.008816425882168,5.119728650771128,-0.8511214666265834,29.272913821163694,-0.2577268433998789
1990-09-01,1990,9,Samburu,3.602087705569973,3.8625330676598226,1.9175862339849055,-0.1358193741037774,24.758169975385215,-0.2732038742113911
1990-10-01,1990,10,Samburu,23.924845403946534,23.562169639897704,9.777808758756176,0.03709172197953341,35.17823857742421,-0.39770485564457253
1990-11-01,1990,11,Samburu,29.21122873393265,38.04197843614731,22.22404589915259,-0.397351127795834,56.738161843449156,-0.2998780198122242
1990-12-01,1990,12,Samburu,40.303651818713625,23.81191750155913,13.466009979702065,1.2246934572314474,93.43972595659281,0.2136864865117993
1991-01-01,1991,1,Samburu,8.190643953310477,8.26127480467429,8.12128380461205,-0.00869700567830196,77.70552450595676,0.17694232817618788
1991-02-01,1991,2,Samburu,2.5659378851789074,7.633705250189917,7.897318363643241,-0.6417073659258071,51.06023365720301,0.47264216017493693
1991-03-01,1991,3,Samburu,28.44771343695151,27.33778612029445,19.099726064209346,0.05811221129170719,39.2042952754409,-0.1578650304069628
1991-04-01,1991,4,Samburu,33.49894536379222,51.36589998508359,24.620854111170047,-0.7256837858108849,64.51259668592263,-0.5423820973725207
1991-05-01,1991,5,Samburu,13.225278019582904,17.699136477365823,9.010621373440431,-0.4965094273043139,75.17193682032664,-0.5538660308989383
1991-06-01,1991,6,Samburu,10.678877494794914,8.839068010930363,5.221685193450976,0.352340176725329,57.40310087817004,-0.7601965690173695
1991-07-01,1991,7,Samburu,8.930331703664717,10.946361739881919,3.8282202378836536,-0.5266233160429975,32.83448721804253,-0.4288706314010963
1991-08-01,1991,8,Samburu,15.716303261403246,12.008816425882168,5.119728650771128,0.7241569013550474,35.32551245986288,0.36096078740632515
1991-09-01,1991,9,Samburu,4.01167072450844,3.8625330676598226,1.9175862339849055,0.07777363761039169,28.6583056895764,0.2441599721831961
1991-10-01,1991,10,Samburu,22.84526522633463,23.562169639897704,9.777808758756176,-0.07331953725532585,42.57323921224632,0.29344291269842676
1991-11-01,1991,11,Samburu,20.933766011491016,38.04197843614731,22.22404589915259,-0.7698063845930339,47.79070196233408,-0.6072779875730232
1991-12-01,1991,12,Samburu,26.41402819092209,23.81191750155913,13.466009979702065,0.19323546420099497,70.19305942874773,-0.40541978902983555
1992-01-01,1992,1,Samburu,2.8266254479820665,8.26127480467429,8.12128380461205,-0.669185991703172,50.174419650395166,-0.5909675795214395
1992-02-01,1992,2,Samburu,3.1115417540476127,7.633705250189917,7.897318363643241,-0.5726201335583628,32.35219539295177,-0.3626246643259858
1992-03-01,1992,3,Samburu,14.785536331099433,27.33778612029445,19.099726064209346,-0.6571952784556667,20.72370353312911,-0.882070132035752
1992-04-01,1992,4,Samburu,42.34342226724367,51.36589998508359,24.620854111170047,-0.3664567312368981,60.24050035239071,-0.6485507282637527
1992-05-01,1992,5,Samburu,11.824435611874671,17.699136477365823,9.010621373440431,-0.6519751104854243,68.95339421021777,-0.7160938131958924
1992-06-01,1992,6,Samburu,5.81802008990014,8.839068010930363,5.221685193450976,-0.5785580342566827,59.98587796901848,-0.664424755999473
1992-07-01,1992,7,Samburu,9.033630149102985,10.946361739881919,3.8282202378836536,-0.4996399036426246,26.676085850877797,-0.9968518370968493
1992-08-01,1992,8,Samburu,6.047584850218988,12.008816425882168,5.119728650771128,-1.164364751004002,20.899235089222113,-1.1136718291904224
1992-09-01,1992,9,Samburu,2.9627480470323486,3.8625330676598226,1.9175862339849055,-0.46922793076045666,18.04396304635432,-1.1638620914762712
1992-10-01,1992,10,Samburu,18.13342781441906,23.562169639897704,9.777808758756176,-0.5552104729617586,27.1437607116704,-1.1486191179866947
1992-11-01,1992,11,Samburu,39.58545997754948,38.04197843614731,22.22404589915259,0.069450969837181,60.68163583900089,-0.16439557058026635
1992-12-01,1992,12,Samburu,38.15462423788534,23.81191750155913,13.466009979702065,1.0651044190480798,95.87351202985388,0.2785031874128484
1993-01-01,1993,1,Samburu,26.902437980754957,8.26127480467429,8.12128380461205,2.2953468471935943,104.64252219618979,0.9282811327203653
1993-02-01,1993,2,Samburu,13.144942923494288,7.633705250189917,7.897318363643241,0.6978619095155602,78.2020051421346,1.6844539471365487
1993-03-01,1993,3,Samburu,6.5825460298641305,27.33778612029445,19.099726064209346,-1.0866773701704138,46.629926934113385,0.13312566972925235
1993-04-01,1993,4,Samburu,18.50071840769536,51.36589998508359,24.620854111170047,-1.3348513999145901,38.228207361053784,-1.1955924677778038
1993-05-01,1993,5,Samburu,15.986374664951017,17.699136477365823,9.010621373440431,-0.1900825416395052,41.069639102510514,-1.4435182334903314
1993-06-01,1993,6,Samburu,6.98650227738843,8.839068010930363,5.221685193450976,-0.3547831140539488,41.47359535003481,-1.3508776735980812
1993-07-01,1993,7,Samburu,4.742964166128584,10.946361739881919,3.8282202378836536,-1.6204390521645498,27.715841108468037,-0.9009565861014613
1993-08-01,1993,8,Samburu,6.53190244430004,12.008816425882168,5.119728650771128,-1.0697664573994954,18.261368887817063,-1.3833105889945585
1993-09-01,1993,9,Samburu,2.5109644585831843,3.8625330676598226,1.9175862339849055,-0.7048280724606398,13.785831069011817,-1.7287151375479173
1993-10-01,1993,10,Samburu,26.374162777670836,23.562169639897704,9.777808758756176,0.287589296042935,35.417029680554066,-0.3753870836553166
1993-11-01,1993,11,Samburu,27.442746753064363,38.04197843614731,22.22404589915259,-0.4769262865627496,56.32787398931839,-0.31397391683866904
1993-12-01,1993,12,Samburu,15.666769613446416,23.81191750155913,13.466009979702065,-0.6048672101379896,69.48367914418162,-0.4243120368880105
1994-01-01,1994,1,Samburu,3.3729817329226317,8.26127480467429,8.12128380461205,-0.6019113713247667,46.482498099433414,-0.6939443090170305
1994-02-01,1994,2,Samburu,6.205264943636752,7.633705250189917,7.897318363643241,-0.1808766268217389,25.245016290005807,-0.6799423240733846
1994-03-01,1994,3,Samburu,12.155457751815383,27.33778612029445,19.099726064209346,-0.794897702586896,21.733704428374775,-0.8424908906788919
1994-04-01,1994,4,Samburu,46.33954158731409,51.36589998508359,24.620854111170047,-0.20415044803377186,64.70026428276623,-0.5377182484646335
1994-05-01,1994,5,Samburu,13.279499817780549,17.699136477365823,9.010621373440431,-0.4904918846787334,71.77449915691003,-0.6424975338385913
1994-06-01,1994,6,Samburu,14.86295024282685,8.839068010930363,5.221685193450976,1.1536279972319328,74.48199164792149,-0.1268951745031437
1994-07-01,1994,7,Samburu,12.32378323981984,10.946361739881919,3.8282202378836536,0.35980727710153826,40.466233300427234,0.27499520698811997
1994-08-01,1994,8,Samburu,17.136542400319676,12.008816425882168,5.119728650771128,1.0015620600644872,44.32327588296637,1.2806987821250746
1994-09-01,1994,9,Samburu,1.8918550525826503,3.8625330676598226,1.9175862339849055,-1.027686776297897,31.352180692722165,0.6015099813796715
1994-10-01,1994,10,Samburu,26.675012791963525,23.562169639897704,9.777808758756176,0.3183579500139254,45.70341024486585,0.5859933573244441
1994-11-01,1994,11,Samburu,61.49022593981511,38.04197843614731,22.22404589915259,1.0550845516640106,90.05709378436129,0.8448310641679557
1994-12-01,1994,12,Samburu,23.164066037616216,23.81191750155913,13.466009979702065,-0.04811012801263699,111.32930476939484,0.6901225594660014
1995-01-01,1995,1,Samburu,3.269186034879169,8.26127480467429,8.12128380461205,-0.6146920720785709,87.92347801231048,0.4619460639538917
1995-02-01,1995,2,Samburu,14.54911529937306,7.633705250189917,7.897318363643241,0.8756656032786403,40.98236737186845,0.02269079429701315
1995-03-01,1995,3,Samburu,30.828482523479977,27.33778612029445,19.099726064209346,0.18276159518992707,48.6467838577322,0.21216091349777144
1995-04-01,1995,4,Samburu,43.41944628277341,51.36589998508359,24.620854111170047,-0.3227529665067555,88.79704410562644,0.06112642238235069
1995-05-01,1995,5,Samburu,13.593121392501368,17.699136477365823,9.010621373440431,-0.45568611915791746,87.84105019875476,-0.22335737382067106
1995-06-01,1995,6,Samburu,5.330164543077741,8.839068010930363,5.221685193450976,-0.6719867892942838,62.342732218352516,-0.5770303752465041
1995-07-01,1995,7,Samburu,10.9224200124361,10.946361739881919,3.8282202378836536,-0.006254009946683127,29.84570594801521,-0.7045219714326325
1995-08-01,1995,8,Samburu,8.67440517170248,12.008816425882168,5.119728650771128,-0.6512867149077252,24.926989727216323,-0.701960740581894
1995-09-01,1995,9,Samburu,6.014209026216599,3.8625330676598226,1.9175862339849055,1.122075200803571,25.61103421035518,-0.16006906214551342
1995-10-01,1995,10,Samburu,23.812838943767,23.562169639897704,9.777808758756176,0.02563655212061903,38.50145314168608,-0.08711227516539674
1995-11-01,1995,11,Samburu,24.14800455006393,38.04197843614731,22.22404589915259,-0.6251775193918746,53.97505252004753,-0.3948077236856067
1995-12-01,1995,12,Samburu,19.87687450486261,23.81191750155913,13.466009979702065,-0.2922204129232038,67.83771799869353,-0.46814734864115043
1996-01-01,1996,1,Samburu,8.863194522664354,8.26127480467429,8.12128380461205,0.07411632599863537,52.88807357759089,-0.515277128749893
1996-02-01,1996,2,Samburu,3.7160064131826966,7.633705250189917,7.897318363643241,-0.49607963825329215,32.45607544070966,-0.35798668163671904
1996-03-01,1996,3,Samburu,33.34154984757707,27.33778612029445,19.099726064209346,0.31433768772909115,45.920750783424126,0.10533494779545445
1996-04-01,1996,4,Samburu,15.976024516208753,51.36589998508359,24.620854111170047,-1.437394304400637,53.03358077696852,-0.8276545509608434
1996-05-01,1996,5,Samburu,13.314507284418152,17.699136477365823,9.010621373440431,-0.4866067512138215,62.63208164820398,-0.8810026322613647
1996-06-01,1996,6,Samburu,25.77052586548262,8.839068010930363,5.221685193450976,3.2425275035323167,55.061057666109534,-0.8470417425246229
1996-07-01,1996,7,Samburu,10.237404570596649,10.946361739881919,3.8282202378836536,-0.18519236753139398,49.32243772049743,1.0917912169427881
1996-08-01,1996,8,Samburu,22.5366360396668,12.008816425882168,5.119728650771128,2.0563237491500534,58.54456647574607,2.734377955166094
1996-09-01,1996,9,Samburu,3.3548867554648663,3.8625330676598226,1.9175862339849055,-0.2647319339271771,36.12892736572832,1.2351587087833835
1996-10-01,1996,10,Samburu,13.347094099962556,23.562169639897704,9.777808758756176,-1.0447203245601826,39.238616895094225,-0.018215853348707355
1996-11-01,1996,11,Samburu,36.60992708810278,38.04197843614731,22.22404589915259,-0.06443702260798229,53.3119079435302,-0.4175907955463066
1996-12-01,1996,12,Samburu,8.872817393895742,23.81191750155913,13.466009979702065,-1.1093932152272112,58.82983858196108,-0.7080456011300138
1997-01-01,1997,1,Samburu,2.663925349229091,8.26127480467429,8.12128380461205,-0.6892197822549291,48.14666983122761,-0.6475264856982934
1997-02-01,1997,2,Samburu,2.2562782991778207,7.633705250189917,7.897318363643241,-0.6809180918636978,13.793021042302653,-1.1912450897421458
1997-03-01,1997,3,Samburu,21.546414152351584,27.33778612029445,19.099726064209346,-0.3032175408418668,26.466617800758495,-0.657020638554885
1997-04-01,1997,4,Samburu,101.37433064950478,51.36589998508359,24.620854111170047,2.031141179693407,125.1770231010342,0.9652288255697334
1997-05-01,1997,5,Samburu,13.168926578599054,17.699136477365823,9.010621373440431,-0.5027633179793733,136.0896713804554,1.035340572619243
1997-06-01,1997,6,Samburu,6.657376820330999,8.839068010930363,5.221685193450976,-0.41781361950652174,121.20063404843482,1.6054761943950198
1997-07-01,1997,7,Samburu,12.189601147092343,10.946361739881919,3.8282202378836536,0.3247565003986609,32.0159045460224,-0.5043674276142507
1997-08-01,1997,8,Samburu,9.54814026705248,12.008816425882168,5.119728650771128,-0.4806262844533888,28.39511823447582,-0.34745380272404464
1997-09-01,1997,9,Samburu,2.2853458334824004,3.8625330676598226,1.9175862339849055,-0.8224856886357046,24.02308724762722,-0.3707146418668108
1997-10-01,1997,10,Samburu,52.398179229507065,23.562169639897704,9.777808758756176,2.949128000052801,64.23166533004195,2.3176716607864605
1997-11-01,1997,11,Samburu,134.1498814476503,38.04197843614731,22.22404589915259,4.324500743366788,188.83340651063978,4.238401502150689
1997-12-01,1997,12,Samburu,49.06204059317305,23.81191750155913,13.466009979702065,1.8751005776525187,235.6101012703304,3.999974359115598
1998-01-01,1998,1,Samburu,39.79060953823296,8.26127480467429,8.12128380461205,3.8823091880686724,223.00253157905632,4.229631527378666
1998-02-01,1998,2,Samburu,11.81515996923318,7.633705250189917,7.897318363643241,0.5294777956899092,100.66781010063919,2.6874955970675685
1998-03-01,1998,3,Samburu,16.83279128912333,27.33778612029445,19.099726064209346,-0.5500076176933372,68.43856079658946,0.9877478659762993
1998-04-01,1998,4,Samburu,29.240231697623795,51.36589998508359,24.620854111170047,-0.8986555944629787,57.8881829559803,-0.7070096903050062
1998-05-01,1998,5,Samburu,43.02952983862645,17.699136477365823,9.010621373440431,2.8111705410155294,89.10255282537358,-0.19044760921674708
1998-06-01,1998,6,Samburu,9.407442727401866,8.839068010930363,5.221685193450976,0.10884890517420641,81.67720426365213,0.13991010253739086
1998-07-01,1998,7,Samburu,11.241653538489476,10.946361739881919,3.8282202378836536,0.07713553041838657,63.678626104517804,2.4158434670976514
1998-08-01,1998,8,Samburu,12.572050904097877,12.008816425882168,5.119728650771128,0.11001256446098459,33.22114716998922,0.14585569730199355
1998-09-01,1998,9,Samburu,2.5970951536685174,3.8625330676598226,1.9175862339849055,-0.6599118681414493,26.41079959625587,-0.05397796004430331
1998-10-01,1998,10,Samburu,17.39722666153397,23.562169639897704,9.777808758756176,-0.6305035341218893,32.56637271930036,-0.6418137270560481
1998-11-01,1998,11,Samburu,25.947291645246583,38.04197843614731,22.22404589915259,-0.5442162442330944,45.94161346044906,-0.6708054862619004
1998-12-01,1998,12,Samburu,9.841326273454202,23.81191750155913,13.466009979702065,-1.0374707318027716,53.18584458023475,-0.8583567049350556
1999-01-01,1999,1,Samburu,3.246922946620632,8.26127480467429,8.12128380461205,-0.617433398301636,39.03554086532141,-0.9016581756517693
1999-02-01,1999,2,Samburu,2.89489492411549,7.633705250189917,7.897318363643241,-0.6000530949708717,15.983144144190321,-1.093461605298699
1999-03-01,1999,3,Samburu,46.12136110099586,27.33778612029445,19.099726064209346,0.9834473498496733,52.26317897173198,0.3538777928911825
1999-04-01,1999,4,Samburu,31.663856034665493,51.36589998508359,24.620854111170047,-0.8002177284938147,80.68011205977683,-0.14059270917865582
1999-05-01,1999,5,Samburu,8.18669468909502,17.699136477365823,9.010621373440431,-1.0556920986947171,85.97191182475638,-0.27211898763143233
1999-06-01,1999,6,Samburu,6.024809639413199,8.839068010930363,5.221685193450976,-0.5389559629230042,45.87536036317371,-1.1876560710522055
1999-07-01,1999,7,Samburu,11.713488536463922,10.946361739881919,3.8282202378836536,0.20038732071645182,25.92499286497214,-1.0661241489014832
1999-08-01,1999,8,Samburu,9.474970375550129,12.008816425882168,5.119728650771128,-0.4949180363202246,27.213268551427248,-0.4682607195579571
1999-09-01,1999,9,Samburu,1.9506634222650765,3.8625330676598226,1.9175862339849055,-0.9970188623130237,23.139122334279126,-0.4879750453916327
1999-10-01,1999,10,Samburu,15.354699534334143,23.562169639897704,9.777808758756176,-0.8393976920660926,26.780333332149347,-1.182585581914762
1999-11-01,1999,11,Samburu,38.82570943582702,38.04197843614731,22.22404589915259,0.03526500094699659,56.13107239242624,-0.32073525529044666
1999-12-01,1999,12,Samburu,17.82876432779673,23.81191750155913,13.466009979702065,-0.444315219042692,72.0091732979579,-0.3570529622342845
2000-01-01,2000,1,Samburu,3.136748665812853,8.26127480467429,8.12128380461205,-0.6309995146273839,59.79122242943661,-0.3227314090828172
2000-02-01,2000,2,Samburu,2.250273155380745,7.633705250189917,7.897318363643241,-0.6816784947651081,23.21578614899033,-0.770542342745914
2000-03-01,2000,3,Samburu,7.150002484386032,27.33778612029445,19.099726064209346,-1.0569671820444568,12.537024305579632,-1.2028842566406233
2000-04-01,2000,4,Samburu,12.70555073441686,51.36589998508359,24.620854111170047,-1.5702277864165244,22.10582637418364,-1.5962601921096906
2000-05-01,2000,5,Samburu,7.763204146982045,17.699136477365823,9.010621373440431,-1.1026911373360753,27.618757365784937,-1.794421467720866
2000-06-01,2000,6,Samburu,5.76855975466315,8.839068010930363,5.221685193450976,-0.5880301363472153,26.237314636062056,-1.9158533475721105
2000-07-01,2000,7,Samburu,9.838953879937955,10.946361739881919,3.8282202378836536,-0.2892748564947165,23.370717781583153,-1.3017015585320317
2000-08-01,2000,8,Samburu,12.628374772077104,12.008816425882168,5.119728650771128,0.12101390297347463,28.23588840667821,-0.36373003889868644
2000-09-01,2000,9,Samburu,2.305193705251685,3.8625330676598226,1.9175862339849055,-0.8121352431550655,24.772522357266745,-0.27129999084955475
2000-10-01,2000,10,Samburu,12.389678358071986,23.562169639897704,9.777808758756176,-1.1426375333656,27.323246835400774,-1.1318440776600391
2000-11-01,2000,11,Samburu,40.804320289194585,38.04197843614731,22.22404589915259,0.12429518304552295,55.49919235251826,-0.34244419911106977
2000-12-01,2000,12,Samburu,17.802785642727002,23.81191750155913,13.466009979702065,-0.44624442339564335,70.99678428999357,-0.3840149521337537
2001-01-01,2001,1,Samburu,16.399594401668857,8.26127480467429,8.12128380461205,1.0020976723375734,75.00670033359044,0.10166551556852808
2001-02-01,2001,2,Samburu,2.3183737670650357,7.633705250189917,7.897318363643241,-0.673055237027671,36.52075381146089,-0.1765090222798549
2001-03-01,2001,3,Samburu,38.2065661275709,27.33778612029445,19.099726064209346,0.569054235162214,56.92453429630479,0.5365438759707205
2001-04-01,2001,4,Samburu,55.5174605111818,51.36589998508359,24.620854111170047,0.16861967937232225,96.04240040581774,0.24118546100297983
2001-05-01,2001,5,Samburu,8.856259868676599,17.699136477365823,9.010621373440431,-0.9813836629241076,102.58028650742929,0.16115613183900168
2001-06-01,2001,6,Samburu,10.280525583337749,8.839068010930363,5.221685193450976,0.27605217836863427,74.65424596319615,-0.12050782186149898
2001-07-01,2001,7,Samburu,9.871368865792888,10.946361739881919,3.8282202378836536,-0.2808074790083959,29.008154317807236,-0.7817682495486334
2001-08-01,2001,8,Samburu,15.100579464140724,12.008816425882168,5.119728650771128,0.6038919734140359,35.25247391327136,0.35349489580411125
2001-09-01,2001,9,Samburu,3.455833587971409,3.8625330676598226,1.9175862339849055,-0.212089277906036,28.427781917905023,0.21358035292447874
2001-10-01,2001,10,Samburu,24.759681136733697,23.562169639897704,9.777808758756176,0.12247237866700998,43.31609418884583,0.36287124470716264
2001-11-01,2001,11,Samburu,52.39081224170891,38.04197843614731,22.22404589915259,0.6456445361332125,80.60632696641402,0.5201394250041304
2001-12-01,2001,12,Samburu,12.748238798734304,23.81191750155913,13.466009979702065,-0.8216003641391635,89.89873217717691,0.11938257984783203
2002-01-01,2002,1,Samburu,6.68747377975567,8.26127480467429,8.12128380461205,-0.19378722167360588,71.82652482019887,0.01296263576174657
2002-02-01,2002,2,Samburu,3.006940344982856,7.633705250189917,7.897318363643241,-0.5858653142954481,22.442652923472828,-0.8050607954598018
2002-03-01,2002,3,Samburu,52.40194639772982,27.33778612029445,19.099726064209346,1.3122785213345378,62.096360522468345,0.7392139522296901
2002-04-01,2002,4,Samburu,71.77681424166705,51.36589998508359,24.620854111170047,0.8290091872695593,127.18570098437974,1.0151477796678456
2002-05-01,2002,5,Samburu,30.190970065142658,17.699136477365823,9.010621373440431,1.386345410605929,154.36973070453953,1.5122261823732313
2002-06-01,2002,6,Samburu,7.078247793917374,8.839068010930363,5.221685193450976,-0.33721301682862953,109.04603210072707,1.1547720785936713
2002-07-01,2002,7,Samburu,6.701104952886642,10.946361739881919,3.8282202378836536,-1.1089374495711282,43.97032281194666,0.5981727439752779
2002-08-01,2002,8,Samburu,12.267400078081527,12.008816425882168,5.119728650771128,0.05050729635063991,26.04675282488553,-0.587500222163962
2002-09-01,2002,9,Samburu,2.478801968673915,3.8625330676598226,1.9175862339849055,-0.7216004550212054,21.447306999642073,-0.712399053441488
2002-10-01,2002,10,Samburu,23.849071376972898,23.562169639897704,9.777808758756176,0.029342130139155074,38.59527342372833,-0.07834369193452148
2002-11-01,2002,11,Samburu,28.786353350893872,38.04197843614731,22.22404589915259,-0.41646895111957805,55.11422669654067,-0.35567012376554025
2002-12-01,2002,12,Samburu,58.5853844797289,23.81191750155913,13.466009979702065,2.582314065605581,111.22080920759566,0.6872331007516594
2003-01-01,2003,1,Samburu,3.155345602373819,8.26127480467429,8.12128380461205,-0.62870961354667,90.52708343299658,0.5345669924916076
2003-02-01,2003,2,Samburu,5.170874013892703,7.633705250189917,7.897318363643241,-0.31185664840806093,66.9116040959954,1.1803659558707247
2003-03-01,2003,3,Samburu,18.78030820859445,27.33778612029445,19.099726064209346,-0.44804191866058807,27.106527824860954,-0.6319442713854628
2003-04-01,2003,4,Samburu,88.10653381089907,51.36589998508359,24.620854111170047,1.492256672328313,112.0577160333862,0.6391924347980124
2003-05-01,2003,5,Samburu,29.00018470174557,17.699136477365823,9.010621373440431,1.2541918871089783,135.88702672123907,1.0300540294981029
2003-06-01,2003,6,Samburu,5.193093644277017,8.839068010930363,5.221685193450976,-0.6982371076728483,122.29981215692163,1.6462347564298034
2003-07-01,2003,7,Samburu,11.057707300597697,10.946361739881919,3.8282202378836536,0.029085463687254513,45.25098564662027,0.7162865818952873
2003-08-01,2003,8,Samburu,21.86277632674197,12.008816425882168,5.119728650771128,1.9247035483756758,38.11357727161666,0.6459526257696262
2003-09-01,2003,9,Samburu,2.664660934403458,3.8625330676598226,1.9175862339849055,-0.6246770612068305,35.585144561743114,1.16302440790525
2003-10-01,2003,10,Samburu,15.66002678561119,23.562169639897704,9.777808758756176,-0.8081711403089188,40.1874640467566,0.07046481400404656
2003-11-01,2003,11,Samburu,37.85397453823605,38.04197843614731,22.22404589915259,-0.008459481174776868,56.17866225825068,-0.3191002523494387
2003-12-01,2003,12,Samburu,26.508364460919356,23.81191750155913,13.466009979702065,0.20024097438103083,80.02236578476658,-0.14364525710099255
2004-01-01,2004,1,Samburu,18.62183476654259,8.26127480467429,8.12128380461205,1.2757293318557066,82.98417376569797,0.3241767776137362
2004-02-01,2004,2,Samburu,5.7332643053821615,7.633705250189917,7.897318363643241,-0.24064383089287433,50.863463532844094,0.4638568693492289
2004-03-01,2004,3,Samburu,33.84906098262684,27.33778612029445,19.099726064209346,0.340909332439786,58.20416005455158,0.5866889966042877
2004-04-01,2004,4,Samburu,59.677972863171554,51.36589998508359,24.620854111170047,0.3376029458830564,99.26029815118054,0.32115552050084273
2004-05-01,2004,5,Samburu,29.511166818721875,17.699136477365823,9.010621373440431,1.3109007527686172,123.03820066452025,0.6948570730742056
2004-06-01,2004,6,Samburu,6.598366123971399,8.839068010930363,5.221685193450976,-0.4291147022362143,95.78750580586481,0.6631334057466525
2004-07-01,2004,7,Samburu,10.753895630009554,10.946361739881919,3.8282202378836536,-0.05027561057426665,46.863428572702816,0.865000058440515
2004-08-01,2004,8,Samburu,12.685293184548753,12.008816425882168,5.119728650771128,0.13213136961168725,30.03755493852969,-0.179566365634935
2004-09-01,2004,9,Samburu,6.335343228926547,3.8625330676598226,1.9175862339849055,1.2895431336759322,29.77453204348484,0.39223050157625766
2004-10-01,2004,10,Samburu,36.14853172509181,23.562169639897704,9.777808758756176,1.2872374982710544,55.169168138567095,1.4706771818396425
2004-11-01,2004,11,Samburu,49.62986142240666,38.04197843614731,22.22404589915259,0.5214119444696252,92.11373637642501,0.9154893152130653
2004-12-01,2004,12,Samburu,18.44642029710718,23.81191750155913,13.466009979702065,-0.39844744007613303,104.22481344460564,0.5009154248241547
2005-01-01,2005,1,Samburu,7.309542147694407,8.26127480467429,8.12128380461205,-0.11718992709494981,75.38582386720825,0.11224019897603511
2005-02-01,2005,2,Samburu,6.231463511731174,7.633705250189917,7.897318363643241,-0.17755922629562726,31.987425956532746,-0.37891070161803664
2005-03-01,2005,3,Samburu,11.55392395483481,27.33778612029445,19.099726064209346,-0.8263920703573207,25.094929614260376,-0.7107734402160732
2005-04-01,2005,4,Samburu,48.70458147847975,51.36589998508359,24.620854111170047,-0.10809204646545714,66.48996894504572,-0.4932411396030038
2005-05-01,2005,5,Samburu,34.392223334151346,17.699136477365823,9.010621373440431,1.8526010765461536,94.65072876746589,-0.045708184674443916
2005-06-01,2005,6,Samburu,7.315791498430231,8.839068010930363,5.221685193450976,-0.2917212463153891,90.41259631106131,0.4638266870412696
2005-07-01,2005,7,Samburu,10.247132201975749,10.946361739881919,3.8282202378836536,-0.18265133520445617,51.95514703455731,1.3346025118380735
2005-08-01,2005,8,Samburu,11.293571258936211,12.008816425882168,5.119728650771128,-0.13970372567269312,28.85649495934217,-0.3002925601146988
2005-09-01,2005,9,Samburu,5.765287382897115,3.8625330676598226,1.9175862339849055,0.9922653185109744,27.305990843809056,0.06477164792643661
2005-10-01,2005,10,Samburu,22.027379997307456,23.562169639897704,9.777808758756176,-0.1569666251874501,39.08623863914076,-0.032457351997174914
2005-11-01,2005,11,Samburu,18.73741991487709,38.04197843614731,22.22404589915259,-0.8686338486191801,46.53008729508164,-0.6505878110560089
2005-12-01,2005,12,Samburu,9.307186861295955,23.81191750155913,13.466009979702065,-1.0771364837934043,50.07198677348048,-0.9412851070350613
2006-01-01,2006,1,Samburu,3.968887912099426,8.26127480467429,8.12128380461205,-0.528535511853093,32.01349468827245,-1.0975202327670266
2006-02-01,2006,2,Samburu,8.997480996234996,7.633705250189917,7.897318363643241,0.17268845996173487,22.273555769630356,-0.8126105577987018
2006-03-01,2006,3,Samburu,13.803228231056316,27.33778612029445,19.099726064209346,-0.7086257595390497,26.76959713939072,-0.6451476863364121
2006-04-01,2006,4,Samburu,58.85627369236302,51.36589998508359,24.620854111170047,0.30422883273903895,81.65698291965431,-0.11631585920767482
2006-05-01,2006,5,Samburu,13.744474624741722,17.699136477365823,9.010621373440431,-0.43888891661576207,86.40397654816104,-0.26084739132963286
2006-06-01,2006,6,Samburu,7.051385268441378,8.839068010930363,5.221685193450976,-0.34235743371337135,79.65213358554611,0.06481856985390884
2006-07-01,2006,7,Samburu,8.341790334919839,10.946361739881919,3.8282202378836536,-0.680360910061423,29.137650228102917,-0.7698250131667748
2006-08-01,2006,8,Samburu,20.54834345252145,12.008816425882168,5.119728650771128,1.6679647710143912,35.941519055882644,0.42392806546366746
2006-09-01,2006,9,Samburu,2.9369026195759256,3.8625330676598226,1.9175862339849055,-0.4827060351598161,31.82703640701719,0.6645009121660559
2006-10-01,2006,10,Samburu,38.042374104823566,23.562169639897704,9.777808758756176,1.4809253097692894,61.52762017692092,2.064947575236296
2006-11-01,2006,11,Samburu,53.14259586205353,38.04197843614731,22.22404589915259,0.6794720229803888,94.12187258645301,0.9844810753800826
2006-12-01,2006,12,Samburu,49.74884457717071,23.81191750155913,13.466009979702065,1.9261033605876945,140.93381454404778,1.4785512042296474
2007-01-01,2007,1,Samburu,7.390193109576766,8.26127480467429,8.12128380461205,-0.10725911272831512,110.281633548801,1.0855697523017018
2007-02-01,2007,2,Samburu,9.339038113967792,7.633705250189917,7.897318363643241,0.21593821918446254,66.47807580071525,1.1610100085813766
2007-03-01,2007,3,Samburu,25.022442991669116,27.33778612029445,19.099726064209346,-0.12122389194701674,41.751674215213654,-0.058040043756703505
2007-04-01,2007,4,Samburu,47.66886670911634,51.36589998508359,24.620854111170047,-0.15015861185294832,82.03034781475323,-0.10703712655729739
2007-05-01,2007,5,Samburu,15.941945449282994,17.699136477365823,9.010621373440431,-0.19501330210836496,88.63325515006844,-0.20269052944344254
2007-06-01,2007,6,Samburu,16.241835356322202,8.839068010930363,5.221685193450976,1.4176969830882127,79.85264751472151,0.07225381565987261
2007-07-01,2007,7,Samburu,19.83546739461677,10.946361739881919,3.8282202378836536,2.321994321739701,52.019248200221945,1.3405144774911772
2007-08-01,2007,8,Samburu,16.13405805930525,12.008816425882168,5.119728650771128,0.8057539597927211,52.2113608102442,2.0870070914274916
2007-09-01,2007,9,Samburu,9.370261645564986,3.8625330676598226,1.9175862339849055,2.8722195019410623,45.33978709948698,2.4570048622695193
2007-10-01,2007,10,Samburu,23.75315003786121,23.562169639897704,9.777808758756176,0.019532024267960992,49.25746974273142,0.9181610489594185
2007-11-01,2007,11,Samburu,32.820391240152155,38.04197843614731,22.22404589915259,-0.2349521423637024,65.94380292357832,0.016392051118401446
2007-12-01,2007,12,Samburu,13.807353495584952,23.81191750155913,13.466009979702065,-0.7429493978583498,70.3808947735983,-0.4004173496208897
2008-01-01,2008,1,Samburu,12.115804698982757,8.26127480467429,8.12128380461205,0.47462076034327133,58.74354943471984,-0.3519535734997941
2008-02-01,2008,2,Samburu,3.315941501368542,7.633705250189917,7.897318363643241,-0.5467379621795413,29.23909969593623,-0.5016165522238444
2008-03-01,2008,3,Samburu,30.638335743465937,27.33778612029445,19.099726064209346,0.17280612361013556,46.070081943817215,0.1111868376968594
2008-04-01,2008,4,Samburu,36.19629990474598,51.36589998508359,24.620854111170047,-0.6161281006679387,70.15057714958044,-0.4022689959614404
2008-05-01,2008,5,Samburu,7.7012528116034495,17.699136477365823,9.010621373440431,-1.1095665050616799,74.53588845981534,-0.5704591012417585
2008-06-01,2008,6,Samburu,6.306911104569809,8.839068010930363,5.221685193450976,-0.4849309777495546,50.204463820919216,-1.0271288275826063
2008-07-01,2008,7,Samburu,10.245800294011008,10.946361739881919,3.8282202378836536,-0.18299925352732585,24.253964210184247,-1.2202409096503106
2008-08-01,2008,8,Samburu,8.60371391587631,12.008816425882168,5.119728650771128,-0.6650943325859633,25.15642531445711,-0.6785081760941322
2008-09-01,2008,9,Samburu,4.471623400554434,3.8625330676598226,1.9175862339849055,0.3176338680888789,23.32113761044173,-0.4638302129347993
2008-10-01,2008,10,Samburu,31.48370688408162,23.562169639897704,9.777808758756176,0.8101546511727445,44.559044200512346,0.4790392031898169
2008-11-01,2008,11,Samburu,41.270808726629696,38.04197843614731,22.22404589915259,0.14528544015495853,77.22613901126573,0.40400929620286763
2008-12-01,2008,12,Samburu,10.6798764982739,23.81191750155913,13.466009979702065,-0.9751991141458946,83.4343921089852,-0.05277601754328046
2009-01-01,2009,1,Samburu,6.607821371748641,8.26127480467429,8.12128380461205,-0.20359508086475914,58.55850659665222,-0.3571148712190865
2009-02-01,2009,2,Samburu,2.875332993993888,7.633705250189917,7.897318363643241,-0.6025301294806693,20.163030864016417,-0.906840183109596
2009-03-01,2009,3,Samburu,5.63614365216848,27.33778612029445,19.099726064209346,-1.1362279435406306,15.119298017910994,-1.101691836920066
2009-04-01,2009,4,Samburu,24.79262173884624,51.36589998508359,24.620854111170047,-1.0792996102511943,33.304098385008594,-1.317964686831613
2009-05-01,2009,5,Samburu,19.5862555882818,17.699136477365823,9.010621373440431,0.2094327386209371,50.01502097929651,-1.2101533512892668
2009-06-01,2009,6,Samburu,5.297295183240052,8.839068010930363,5.221685193450976,-0.6782815693547352,49.676172510368076,-1.0467183681559518
2009-07-01,2009,7,Samburu,6.782025991067898,10.946361739881919,3.8282202378836536,-1.087799418540293,31.665576762589737,-0.5366776953216658
2009-08-01,2009,8,Samburu,8.11992436398837,12.008816425882168,5.119728650771128,-0.7595894874834935,20.199245538296303,-1.1852237199902498
2009-09-01,2009,9,Samburu,2.554724102411061,3.8625330676598226,1.9175862339849055,-0.6820079024717571,17.456674457467315,-1.2417675556847754
2009-10-01,2009,10,Samburu,34.95202796238476,23.562169639897704,9.777808758756176,1.1648681829952203,45.62667642878418,0.57882170063904
2009-11-01,2009,11,Samburu,23.78513074670289,38.04197843614731,22.22404589915259,-0.6415055005798039,61.2918828114987,-0.14342985492862217
2009-12-01,2009,12,Samburu,37.47526887171977,23.81191750155913,13.466009979702065,1.0146547782718145,96.2124275808074,0.28752920171139923
2010-01-01,2010,1,Samburu,13.188008869660868,8.26127480467429,8.12128380461205,0.6066447354282462,74.44840848808352,0.08609338935707464
2010-02-01,2010,2,Samburu,27.157207013465264,7.633705250189917,7.897318363643241,2.472168508889724,77.82048475484589,1.6674200220466082
2010-03-01,2010,3,Samburu,65.14883136491518,27.33778612029445,19.099726064209346,1.9796642693988271,105.49404724804128,2.439853550992689
2010-04-01,2010,4,Samburu,40.1063154220581,51.36589998508359,24.620854111170047,-0.4573190073823316,132.41235380043852,1.1450387114966227
2010-05-01,2010,5,Samburu,22.137193480536745,17.699136477365823,9.010621373440431,0.49253617694474106,127.39234026751001,0.8084467766256623
2010-06-01,2010,6,Samburu,8.269208975624222,8.839068010930363,5.221685193450976,-0.1091331656724264,70.51271787821904,-0.2740795934124453
2010-07-01,2010,7,Samburu,10.311408093138075,10.946361739881919,3.8282202378836536,-0.1658613160393467,40.71781054929902,0.2981978436174375
2010-08-01,2010,8,Samburu,12.546628211049216,12.008816425882168,5.119728650771128,0.10504693155682046,31.127245279811483,-0.06817983964765613
2010-09-01,2010,9,Samburu,3.513053566573685,3.8625330676598226,1.9175862339849055,-0.18224969229148552,26.371089870760947,-0.05924556553981799
2010-10-01,2010,10,Samburu,18.88540348760665,23.562169639897704,9.777808758756176,-0.4783041137006223,34.94508526522952,-0.419495711299991
2010-11-01,2010,11,Samburu,22.80854920189123,38.04197843614731,22.22404589915259,-0.6854480639295718,45.20700625607153,-0.6960437364404932
2010-12-01,2010,12,Samburu,9.111278939891506,23.81191750155913,13.466009979702065,-1.091684811152418,50.805231629389354,-0.921757296832336
2011-01-01,2011,1,Samburu,3.3843653127148343,8.26127480467429,8.12128380461205,-0.6005096742450836,35.304193454497536,-1.0057345888893117
2011-02-01,2011,2,Samburu,7.549327030415471,7.633705250189917,7.897318363643241,-0.010684414112377244,20.04497128302178,-0.9121112462711319
2011-03-01,2011,3,Samburu,16.962339010754146,27.33778612029445,19.099726064209346,-0.5432249171878271,27.896031353884418,-0.601005733732274
2011-04-01,2011,4,Samburu,20.31235443450309,51.36589998508359,24.620854111170047,-1.2612700359770237,44.82402047567267,-1.031675647247079
2011-05-01,2011,5,Samburu,13.30700422843566,17.699136477365823,9.010621373440431,-0.4874394413992739,50.581697673692865,-1.1953700315992406
2011-06-01,2011,6,Samburu,13.42230510778501,8.839068010930363,5.221685193450976,0.8777314079759024,47.04166377072372,-1.1444084395528407
2011-07-01,2011,7,Samburu,13.693942272062284,10.946361739881919,3.8282202378836536,0.7177174669812894,40.42325160828292,0.2710310624201585
2011-08-01,2011,8,Samburu,15.967976869169696,12.008816425882168,5.119728650771128,0.7733145081216763,43.084224249016955,1.1540447669466498
2011-09-01,2011,9,Samburu,5.441158523355466,3.8625330676598226,1.9175862339849055,0.8232357052413373,35.10307766458741,1.0990768936624795
2011-10-01,2011,10,Samburu,49.73297964836188,23.562169639897704,9.777808758756176,2.6765516338236637,71.142115040887,2.9635325784186843
2011-11-01,2011,11,Samburu,98.07035772381602,38.04197843614731,22.22404589915259,2.7010554045857873,153.24449589553333,3.015704767984133
2011-12-01,2011,12,Samburu,23.449518471150785,23.81191750155913,13.466009979702065,-0.02691213142977058,171.25285584332866,2.2860092849100346
2012-01-01,2012,1,Samburu,2.334608552584777,8.26127480467429,8.12128380461205,-0.7297696269060046,123.85448474755155,1.4641497971603326
2012-02-01,2012,2,Samburu,4.572372513526195,7.633705250189917,7.897318363643241,-0.3876420571769186,30.356499537261726,-0.45172746155711985
2012-03-01,2012,3,Samburu,5.358620641682599,27.33778612029445,19.099726064209346,-1.150758152484618,12.265601707793541,-1.2135205843488959
2012-04-01,2012,4,Samburu,81.32690869924184,51.36589998508359,24.620854111170047,1.2168955869230171,91.25790185445061,0.12228279096890397
2012-05-01,2012,5,Samburu,34.725927503447274,17.699136477365823,9.010621373440431,1.8896356111765342,121.41145684437168,0.6524189876811788
2012-06-01,2012,6,Samburu,9.933106701538014,8.839068010930363,5.221685193450976,0.20951831642010724,125.9859429042271,1.7829199647434983
2012-07-01,2012,7,Samburu,14.774652503685344,10.946361739881919,3.8282202378836536,1.0000184226390827,59.433686708670606,2.024338326004726
2012-08-01,2012,8,Samburu,12.005125929679432,12.008816425882168,5.119728650771128,-0.0007208382425073578,36.71288513490276,0.5027759588068472
2012-09-01,2012,9,Samburu,4.526084276318629,3.8625330676598226,1.9175862339849055,0.346034612107061,31.305862709683375,0.5953657721474147
2012-10-01,2012,10,Samburu,46.19489222466176,23.562169639897704,9.777808758756176,2.314702930193445,62.72610243065979,2.1769595108634303
2012-11-01,2012,11,Samburu,25.989395131935943,38.04197843614731,22.22404589915259,-0.542321742805208,76.7103716329163,0.3862895324281989
2012-12-01,2012,12,Samburu,38.703690143533656,23.81191750155913,13.466009979702065,1.105878628073318,110.88797750013134,0.6783691116483795
2013-01-01,2013,1,Samburu,8.303342652804142,8.26127480467429,8.12128380461205,0.005179950503141116,72.99642792827372,0.0455940972468617
2013-02-01,2013,2,Samburu,2.8206990919604493,7.633705250189917,7.897318363643241,-0.6094481615920446,49.827731888298224,0.4176140581279118
2013-03-01,2013,3,Samburu,59.89471828099843,27.33778612029445,19.099726064209346,1.7045758693739521,71.018760025763,1.0888589922346623
2013-04-01,2013,4,Samburu,87.19624073183215,51.36589998508359,24.620854111170047,1.4552842312035377,149.911658104791,1.5799252483379302
2013-05-01,2013,5,Samburu,9.846243217869384,17.699136477365823,9.010621373440431,-0.8715151745964497,156.93720223069994,1.579205736573357
2013-06-01,2013,6,Samburu,11.254960512934298,8.839068010930363,5.221685193450976,0.4626652914721747,108.29744446263581,1.127013742205751
2013-07-01,2013,7,Samburu,11.144186081925431,10.946361739881919,3.8282202378836536,0.05167527721782151,32.24538981272909,-0.4832023052549905
2013-08-01,2013,8,Samburu,8.67526249588998,12.008816425882168,5.119728650771128,-0.6511192599025911,31.07440909074968,-0.07358067631018782
2013-09-01,2013,9,Samburu,4.901061477484101,3.8625330676598226,1.9175862339849055,0.5415810728188889,24.720510055299485,-0.2781995673201132
2013-10-01,2013,10,Samburu,19.06120118020493,23.562169639897704,9.777808758756176,-0.46032486119776983,32.63752515357898,-0.6351637146230174
2013-11-01,2013,11,Samburu,39.05502488790332,38.04197843614731,22.22404589915259,0.04558334951038952,63.01728754559232,-0.08415165008814315
2013-12-01,2013,12,Samburu,21.42077699351955,23.81191750155913,13.466009979702065,-0.17756859765022126,79.53700306162777,-0.15657145912007692
2014-01-01,2014,1,Samburu,2.744323490278141,8.26127480467429,8.12128380461205,-0.6793200985370184,63.22012537170097,-0.2270909124259445
2014-02-01,2014,2,Samburu,13.688858683367034,7.633705250189917,7.897318363643241,0.7667353846405801,37.853959167164696,-0.1169847585309263
2014-03-01,2014,3,Samburu,41.74834052420951,27.33778612029445,19.099726064209346,0.7544901092020767,58.18152269785466,0.5858018989704081
2014-04-01,2014,4,Samburu,38.565179766191015,51.36589998508359,24.620854111170047,-0.5199137349619853,94.00237897376753,0.19048756809041992
2014-05-01,2014,5,Samburu,10.144616992167524,17.699136477365823,9.010621373440431,-0.8384016120648332,90.45813728256803,-0.15508346137776874
2014-06-01,2014,6,Samburu,6.034128311346668,8.839068010930363,5.221685193450976,-0.5371713528616476,54.743925069705185,-0.8588013186151559
2014-07-01,2014,7,Samburu,6.335685910709081,10.946361739881919,3.8282202378836536,-1.2043914776757325,22.51443121422325,-1.3806757351005308
2014-08-01,2014,8,Samburu,17.950951317748043,12.008816425882168,5.119728650771128,1.1606347322666948,30.32076553980377,-0.15061699919237212
2014-09-01,2014,9,Samburu,2.932370990832289,3.8625330676598226,1.9175862339849055,-0.485069229400223,27.219008219289393,0.05323316093808787
2014-10-01,2014,10,Samburu,22.14927752987736,23.562169639897704,9.777808758756176,-0.1444998715847329,43.03259983845767,0.3363754406789675
2014-11-01,2014,11,Samburu,33.26408066467659,38.04197843614731,22.22404589915259,-0.21498775664663752,58.34572918538622,-0.2446482500618421
2014-12-01,2014,12,Samburu,23.36997889054788,23.81191750155913,13.466009979702065,-0.03281882396325292,78.7833370851018,-0.17664312553171244
2015-01-01,2015,1,Samburu,3.4747242404802425,8.26127480467429,8.12128380461205,-0.5893834865709018,60.108783795704696,-0.31387384522046474
2015-02-01,2015,2,Samburu,6.615867389174732,7.633705250189917,7.897318363643241,-0.12888398493607509,33.460570520202836,-0.31313850442947366
2015-03-01,2015,3,Samburu,15.21628269569294,27.33778612029445,19.099726064209346,-0.6346427893181039,25.30687432534789,-0.7024678922567298
2015-04-01,2015,4,Samburu,84.90605081609777,51.36589998508359,24.620854111170047,1.3622659343811152,106.73820090096542,0.5069937214447044
2015-05-01,2015,5,Samburu,13.174590605980642,17.699136477365823,9.010621373440431,-0.5021347234411228,113.29692411777133,0.44072909003981076
2015-06-01,2015,6,Samburu,6.37648703709532,8.839068010930363,5.221685193450976,-0.47160655661961515,104.4571284591737,0.9846111990221315
2015-07-01,2015,7,Samburu,7.732685051762704,10.946361739881919,3.8282202378836536,-0.8394701684916185,27.283762694838636,-0.9408066062116838
2015-08-01,2015,8,Samburu,6.954243431082445,12.008816425882168,5.119728650771128,-0.9872736114712659,21.063415519940442,-1.096889549748266
2015-09-01,2015,9,Samburu,2.105469108502478,3.8625330676598226,1.9175862339849055,-0.9162894101017913,16.792397591347598,-1.3298857289258086
2015-10-01,2015,10,Samburu,23.53876606457894,23.562169639897704,9.777808758756176,-0.0023935398918295578,32.59847860416383,-0.6388130632603516
2015-11-01,2015,11,Samburu,50.17155290793728,38.04197843614731,22.22404589915259,0.5457860610453688,75.81578808101867,0.3555551163294922
2015-12-01,2015,12,Samburu,35.16236519942412,23.81191750155913,13.466009979702065,0.842896129957875,108.8726841719403,0.6246977284827212
2016-01-01,2016,1,Samburu,13.066061829876256,8.26127480467429,8.12128380461205,0.5916290011282875,98.39997993723763,0.754161348025197
2016-02-01,2016,2,Samburu,4.886381024122239,7.633705250189917,7.897318363643241,-0.3478806475265693,53.11480805342259,0.5643737360564405
2016-03-01,2016,3,Samburu,14.944258904457092,27.33778612029445,19.099726064209346,-0.6488850768944472,32.89670175845556,-0.4050427976395414
2016-04-01,2016,4,Samburu,49.36507362417272,51.36589998508359,24.620854111170047,-0.0812655138557165,69.19571355275204,-0.42599892919525784
2016-05-01,2016,5,Samburu,17.478843931289944,17.699136477365823,9.010621373440431,-0.024448097078544367,81.78817645991973,-0.3812632280924469
2016-06-01,2016,6,Samburu,8.200168773190324,8.839068010930363,5.221685193450976,-0.12235498963846869,75.04408632865297,-0.10605217304857949
2016-07-01,2016,7,Samburu,6.8202798795004815,10.946361739881919,3.8282202378836536,-1.077806814652453,32.499292583980726,-0.45978518877506996
2016-08-01,2016,8,Samburu,7.923609247392668,12.008816425882168,5.119728650771128,-0.7979343158888295,22.94405790008345,-0.9046530827330861
2016-09-01,2016,9,Samburu,2.4307117906721065,3.8625330676598226,1.9175862339849055,-0.7466789506578126,17.174600917565236,-1.2791853950278713
2016-10-01,2016,10,Samburu,10.897733186144997,23.562169639897704,9.777808758756176,-1.295222351573558,21.25205422420975,-1.6992667773480319
2016-11-01,2016,11,Samburu,38.23098812538224,38.04197843614731,22.22404589915259,0.008504738070314016,51.55943310219932,-0.47779902412565484
2016-12-01,2016,12,Samburu,11.604077919753822,23.81191750155913,13.466009979702065,-0.906566948948259,60.732799231281035,-0.6573658669542949
2017-01-01,2017,1,Samburu,3.3858908830462275,8.26127480467429,8.12128380461205,-0.6003218258250436,53.22095692818227,-0.5059921972381427
2017-02-01,2017,2,Samburu,10.822797933663873,7.633705250189917,7.897318363643241,0.40381969380334615,25.8127667364639,-0.6545936955414334
2017-03-01,2017,3,Samburu,6.880810201490248,27.33778612029445,19.099726064209346,-1.0710612209846393,21.08949901820033,-0.867735582572445
2017-04-01,2017,4,Samburu,30.72438245206266,51.36589998508359,24.620854111170047,-0.8383753642265496,48.42799058721676,-0.9421110535106775
2017-05-01,2017,5,Samburu,20.757015877317738,17.699136477365823,9.010621373440431,0.33936387660958356,58.36220853087063,-0.9923940128379534
2017-06-01,2017,6,Samburu,5.003277087268748,8.839068010930363,5.221685193450976,-0.734588697241353,56.484675416649125,-0.794252652247828
2017-07-01,2017,7,Samburu,13.032672118080963,10.946361739881919,3.8282202378836536,0.5449818057887952,38.79296508266743,0.12067189431109232
2017-08-01,2017,8,Samburu,13.150442745430032,12.008816425882168,5.119728650771128,0.22298570831012962,31.186391950779722,-0.06213395491024048
2017-09-01,2017,9,Samburu,4.330097360893685,3.8625330676598226,1.9175862339849055,0.24382960460778053,30.51321222440466,0.4902184813959246
2017-10-01,2017,10,Samburu,49.77617976219784,23.562169639897704,9.777808758756176,2.680969813285118,67.25671986852154,2.6003977613821676
2017-11-01,2017,11,Samburu,41.97085401238622,38.04197843614731,22.22404589915259,0.1767848929968561,96.07713113547773,1.0516561645026192
2017-12-01,2017,12,Samburu,11.390016508746792,23.81191750155913,13.466009979702065,-0.9224633734518569,103.13705028333084,0.47194606706089925
2018-01-01,2018,1,Samburu,2.52212737009332,8.26127480467429,8.12128380461205,-0.7066798270640077,55.88299789122632,-0.43174135837994465
2018-02-01,2018,2,Samburu,3.1343713093045595,7.633705250189917,7.897318363643241,-0.5697293351625369,17.046515188144657,-1.0459847644560538
2018-03-01,2018,3,Samburu,76.57917734610068,27.33778612029445,19.099726064209346,2.5781202861374455,82.23567602549855,1.5284200141337319
2018-04-01,2018,4,Samburu,113.98822303462671,51.36589998508359,24.620854111170047,2.5434667199921583,193.70177169003193,2.668181702066568
2018-05-01,2018,5,Samburu,41.27916965122159,17.699136477365823,9.010621373440431,2.616915326545616,231.846570031949,3.5334225641478065
2018-06-01,2018,6,Samburu,27.35453621582672,8.839068010930363,5.221685193450976,3.5458798297757226,182.621928901675,3.883035797523305
2018-07-01,2018,7,Samburu,9.043616705753864,10.946361739881919,3.8282202378836536,-0.4970312353763494,77.67732257280217,3.7069247111065313
2018-08-01,2018,8,Samburu,10.08039976394126,12.008816425882168,5.119728650771128,-0.37666384167654116,46.478552685521834,1.5010079713349496
2018-09-01,2018,9,Samburu,3.5907783484226568,3.8625330676598226,1.9175862339849055,-0.14171707870077724,22.714794818117767,-0.5442632702073757
2018-10-01,2018,10,Samburu,18.069522870065736,23.562169639897704,9.777808758756176,-0.5617461851985209,31.740700982429637,-0.7189822367698836
2018-11-01,2018,11,Samburu,23.149174895640964,38.04197843614731,22.22404589915259,-0.6701211655198307,44.809476114129346,-0.7097013280296878
2018-12-01,2018,12,Samburu,51.69318786569544,23.81191750155913,13.466009979702065,2.0704923289202246,92.91188563140213,0.1996290190715512
2019-01-01,2019,1,Samburu,6.780695089295104,8.26127480467429,8.12128380461205,-0.18230857965317868,81.6230578506315,0.28621192287259695
2019-02-01,2019,2,Samburu,5.280774828630524,7.633705250189917,7.897318363643241,-0.29794042904380563,63.754657783621056,1.0394162483594034
2019-03-01,2019,3,Samburu,13.82644204126822,27.33778612029445,19.099726064209346,-0.7074103593739446,25.887911959193833,-0.6796985770455647
2019-04-01,2019,4,Samburu,43.06759644327937,51.36589998508359,24.620854111170047,-0.33704369086202507,62.1748133131781,-0.6004798649852133
2019-05-01,2019,5,Samburu,15.854125898029354,17.699136477365823,9.010621373440431,-0.20475952799157598,72.74816438257693,-0.6170967992673057
2019-06-01,2019,6,Samburu,16.293228765499816,8.839068010930363,5.221685193450976,1.4275392863435048,75.21495110680853,-0.09971634575522093
2019-07-01,2019,7,Samburu,9.589372481980902,10.946361739881919,3.8282202378836536,-0.3544700078831405,41.73672714551006,0.3921711724597243
2019-08-01,2019,8,Samburu,10.549591161690298,12.008816425882168,5.119728650771128,-0.2850200398749811,36.43219240917101,0.4740839658573796
2019-09-01,2019,9,Samburu,5.627343490688444,3.8625330676598226,1.9175862339849055,0.9203291052841974,25.76630713435963,-0.1394716770566881
2019-10-01,2019,10,Samburu,59.09593530619147,23.562169639897704,9.777808758756176,3.6341236102079355,75.2728699585702,3.3495990825221402
2019-11-01,2019,11,Samburu,70.93769931616009,38.04197843614731,22.22404589915259,1.4801859674555076,135.66097811304,2.4116033949376554
2019-12-01,2019,12,Samburu,55.57609309634647,23.81191750155913,13.466009979702065,2.3588409367486687,185.60972771869803,2.668362146751182
2020-01-01,2020,1,Samburu,15.946117485213923,8.26127480467429,8.12128380461205,0.9462595896692388,142.45990989772048,1.9831006487406728
2020-02-01,2020,2,Samburu,15.27886099074338,7.633705250189917,7.897318363643241,0.9680698420047678,86.80107157230375,2.068380621293763
2020-03-01,2020,3,Samburu,56.49297816044575,27.33778612029445,19.099726064209346,1.5264717379787307,87.71795663640304,1.7432559697318168
2020-04-01,2020,4,Samburu,110.24842027200236,51.36589998508359,24.620854111170047,2.3915709837297974,182.02025942319148,2.3778768804324906
2020-05-01,2020,5,Samburu,24.579189879427084,17.699136477365823,9.010621373440431,0.7635492733432125,191.32058831187518,2.4761909019948356
2020-06-01,2020,6,Samburu,18.39173124625603,8.839068010930363,5.221685193450976,1.8294215145919923,153.21934139768547,2.792760092874946
2020-07-01,2020,7,Samburu,10.768846686198325,10.946361739881919,3.8282202378836536,-0.046370125711923345,53.73976781188142,1.4991957236768965
2020-08-01,2020,8,Samburu,19.33015926557028,12.008816425882168,5.119728650771128,1.4300255617229596,48.49073719802462,1.7066904794770787
2020-09-01,2020,9,Samburu,5.553846045489284,3.8625330676598226,1.9175862339849055,0.8820010009744236,35.652851997257876,1.1720059874795123
2020-10-01,2020,10,Samburu,29.39289393384102,23.562169639897704,9.777808758756176,0.5963221860646245,54.27689924490057,1.387284402707808
2020-11-01,2020,11,Samburu,25.15148842801919,38.04197843614731,22.22404589915259,-0.5800244503913502,60.09822840734948,-0.1844391838586646
2020-12-01,2020,12,Samburu,16.10968230737222,23.81191750155913,13.466009979702065,-0.5719760497576373,70.65406466923241,-0.3931422765916639
2021-01-01,2021,1,Samburu,7.511876437148532,8.26127480467429,8.12128380461205,-0.0922758501679473,48.773047172539925,-0.6300552883426285
2021-02-01,2021,2,Samburu,11.612494883505072,7.633705250189917,7.897318363643241,0.5038152762882455,35.23405362802581,-0.23395694713022613
2021-03-01,2021,3,Samburu,16.04716802803246,27.33778612029445,19.099726064209346,-0.591140315536739,35.17153934868605,-0.3158979795951069
2021-04-01,2021,4,Samburu,21.14162378697782,51.36589998508359,24.620854111170047,-1.2275884525221872,48.80128669851534,-0.9328340302510392
2021-05-01,2021,5,Samburu,40.38113934744049,17.699136477365823,9.010621373440431,2.5172517998516493,77.56993116245076,-0.491307755033618
2021-06-01,2021,6,Samburu,5.553769819779772,8.839068010930363,5.221685193450976,-0.6291643539275412,67.07653295419807,-0.4014965746162489
2021-07-01,2021,7,Samburu,6.943714206032503,10.946361739881919,3.8282202378836536,-1.0455635478438907,52.87862337325276,1.4197735120720554
2021-08-01,2021,8,Samburu,8.934159624096225,12.008816425882168,5.119728650771128,-0.6005507345243467,21.431643649908487,-1.0592498179693401
2021-09-01,2021,9,Samburu,4.987643555204261,3.8625330676598226,1.9175862339849055,0.5867326681869027,20.865517385332975,-0.7895750633829266
2021-10-01,2021,10,Samburu,14.48665970285172,23.562169639897704,9.777808758756176,-0.9281742117239434,28.40846288215219,-1.0304181703585051
2021-11-01,2021,11,Samburu,24.34393915989109,38.04197843614731,22.22404589915259,-0.616361185466168,43.818242417947054,-0.7437562676771937
2021-12-01,2021,12,Samburu,27.59022907373068,23.81191750155913,13.466009979702065,0.28058137324023763,66.42082793647347,-0.5058820289327223
2022-01-01,2022,1,Samburu,8.720345650492488,8.26127480467429,8.12128380461205,0.05652688132355299,60.65451388411424,-0.2986520971643299
2022-02-01,2022,2,Samburu,6.917199907592825,7.633705250189917,7.897318363643241,-0.0907276761053038,43.227774631815976,0.1229425772598247
2022-03-01,2022,3,Samburu,14.30119449834566,27.33778612029445,19.099726064209346,-0.6825538532920552,29.93874005643096,-0.5209574276956905
2022-04-01,2022,4,Samburu,50.15108619122892,51.36589998508359,24.620854111170047,-0.049340846924702225,71.36948059716738,-0.37197723750946754
2022-05-01,2022,5,Samburu,14.08982567013921,17.699136477365823,9.010621373440431,-0.4005618100728727,78.54210635971378,-0.4659458919501835
2022-06-01,2022,6,Samburu,4.918348342265746,8.839068010930363,5.221685193450976,-0.7508533209895483,69.15926020363386,-0.3242670818322945
2022-07-01,2022,7,Samburu,7.448913196621231,10.946361739881919,3.8282202378836536,-0.9135964824202941,26.457087209026174,-1.017049791927761
2022-08-01,2022,8,Samburu,11.233458092946304,12.008816425882168,5.119728650771128,-0.15144520067857128,23.600719631833268,-0.8375300971678796
2022-09-01,2022,9,Samburu,4.74701306500298,3.8625330676598226,1.9175862339849055,0.4612465304911651,23.4293843545705,-0.4494709813577091
2022-10-01,2022,10,Samburu,13.1935545956564,23.562169639897704,9.777808758756176,-1.0604231786550389,29.17402575360567,-0.9588675246912436
2022-11-01,2022,11,Samburu,27.64105410624195,38.04197843614731,22.22404589915259,-0.4680031879479673,45.581621766901314,-0.683173402571232
2022-12-01,2022,12,Samburu,23.92972197274904,23.81191750155913,13.466009979702065,0.008748283371799209,64.76433067464737,-0.5499979390132349
2023-01-01,2023,1,Samburu,5.346290732074428,8.26127480467429,8.12128380461205,-0.3589314377788955,56.9170668110654,-0.40289864491266414
2023-02-01,2023,2,Samburu,2.402990631195339,7.633705250189917,7.897318363643241,-0.6623406045114167,31.67900333601879,-0.39268099539240925
2023-03-01,2023,3,Samburu,47.36342497129698,27.33778612029445,19.099726064209346,1.0484778045339738,55.11270633456673,0.46554317039481474
2023-04-01,2023,4,Samburu,99.084973484761,51.36589998508359,24.620854111170047,1.9381567058645666,148.8513890872533,1.5535758167755325
2023-05-01,2023,5,Samburu,18.070608536939364,17.699136477365823,9.010621373440431,0.041226020290730095,164.51900699299733,1.7769979604935622
2023-06-01,2023,6,Samburu,8.722588162570766,8.839068010930363,5.221685193450976,-0.02230694575492341,125.87817018427111,1.7789236505355754
2023-07-01,2023,7,Samburu,7.727853915089479,10.946361739881919,3.8282202378836536,-0.8407321483080921,34.521050614599595,-0.2733211219835527
2023-08-01,2023,8,Samburu,7.927969505965325,12.008816425882168,5.119728650771128,-0.7970826577502678,24.378411583625557,-0.7580355825184114
2023-09-01,2023,9,Samburu,3.827644179013131,3.8625330676598226,1.9175862339849055,-0.018194169330361627,19.48346760006792,-0.9729078100388524
2023-10-01,2023,10,Samburu,54.42352698444156,23.562169639897704,9.777808758756176,3.1562651823095886,66.17914066942001,2.499685605231044
2023-11-01,2023,11,Samburu,69.15966762417071,38.04197843614731,22.22404589915259,1.4001811069518142,127.4108387876254,2.128160652935834
2023-12-01,2023,12,Samburu,15.208135073249403,23.81191750155913,13.466009979702065,-0.6389258912832088,138.79132968186167,1.421492450371602
2024-01-01,2024,1,Samburu,12.406804626052445,8.26127480467429,8.12128380461205,0.5104525246395062,96.77460732347254,0.7088257270844897
2024-02-01,2024,2,Samburu,26.05718601072157,7.633705250189917,7.897318363643241,2.332878062172033,53.6721257100234,0.5892565667782903
2024-03-01,2024,3,Samburu,8.718077858718665,27.33778612029445,19.099726064209346,-0.9748678174221012,47.182068495492665,0.15476262492786005
2024-04-01,2024,4,Samburu,97.03952061421164,51.36589998508359,24.620854111170047,1.855078642800078,131.81478448365186,1.1301881296574727
2024-05-01,2024,5,Samburu,33.688224085279415,17.699136477365823,9.010621373440431,1.774471143027137,139.4458225582097,1.1228950040603516
2024-06-01,2024,6,Samburu,4.834764648491744,8.839068010930363,5.221685193450976,-0.766860355247154,135.5625093479828,2.138028090045765
2024-07-01,2024,7,Samburu,14.764498671464109,10.946361739881919,3.8282202378836536,0.9973660589843604,53.28748740523524,1.457482500493827
2024-08-01,2024,8,Samburu,12.352217465654482,12.008816425882168,5.119728650771128,0.0670740703651532,31.951480785610308,0.01607228786804261
2024-09-01,2024,9,Samburu,2.658143007991388,3.8625330676598226,1.9175862339849055,-0.6280760876999053,29.77485914510995,0.39227389251629935
2024-10-01,2024,10,Samburu,21.62704950633249,23.562169639897704,9.777808758756176,-0.19790938658237553,36.63740997997833,-0.2613285240785829
2024-11-01,2024,11,Samburu,50.34873196305456,38.04197843614731,22.22404589915259,0.5537584642666937,74.6339244773784,0.31495087350706974
2024-12-01,2024,12,Samburu,7.514678680574572,23.81191750155913,13.466009979702065,-1.2102500180491573,79.49046014996159,-0.15781099205095958
1981-01-01,1981,1,Turkana,1.6178452672211678,3.2000630096443223,1.9579124657166584,-0.8081146476811527,,
1981-02-01,1981,2,Turkana,6.586109926459179,5.553603630077068,4.3890220867565555,0.23524745967845506,,
1981-03-01,1981,3,Turkana,45.13476134619121,20.178293001681393,10.012988052522648,2.492409679668233,53.338716539871555,1.9665981481320616
1981-04-01,1981,4,Turkana,30.631505844544392,24.466377798257728,10.307699750238733,0.5981090054688366,82.35237711719478,1.9528776382161126
1981-05-01,1981,5,Turkana,5.886423833984034,16.242816852788334,9.803700903260768,-1.0563758646859274,81.65269102471964,1.1430951708926171
1981-06-01,1981,6,Turkana,11.404516544210574,10.932549758811255,7.577416913028758,0.06228597301909179,47.922446222739,-0.2223301861528944
1981-07-01,1981,7,Turkana,9.305721291567504,13.389714975081956,7.11014514256062,-0.5743896364461075,26.596661669762113,-0.8819526110341063
1981-08-01,1981,8,Turkana,13.105281175054271,10.167190091363688,6.114222128988803,0.480533912852214,33.815519010832354,-0.043973998568361906
1981-09-01,1981,9,Turkana,4.56973436900185,4.700261990600285,2.5967120514521578,-0.05026649817619936,26.980736835623624,-0.10783154514379328
1981-10-01,1981,10,Turkana,4.812809708404807,6.807843893106737,2.979404365147464,-0.6696083982555308,22.48782525246093,0.10963389483330922
1981-11-01,1981,11,Turkana,3.163234613294855,10.101639389652956,8.671568800482893,-0.8001325868476904,12.545778690701512,-0.8949418224078871
1981-12-01,1981,12,Turkana,4.730296660349171,9.194044469147999,6.582677761066717,-0.6781051679606266,12.706340982048832,-0.909132688880017
1982-01-01,1982,1,Turkana,2.36631918683344,3.2000630096443223,1.9579124657166584,-0.42583304279933953,10.259850460477466,-0.888035727578529
1982-02-01,1982,2,Turkana,5.744659109383213,5.553603630077068,4.3890220867565555,0.04353030710021638,12.841274956565824,-0.4945730547372528
1982-03-01,1982,3,Turkana,16.23735288248706,20.178293001681393,10.012988052522648,-0.3935828244797978,24.348331178703713,-0.36933031635329255
1982-04-01,1982,4,Turkana,34.62850341916646,24.466377798257728,10.307699750238733,0.9858771469040284,56.61051541103673,0.38944709931778726
1982-05-01,1982,5,Turkana,22.13734486297919,16.242816852788334,9.803700903260768,0.6012553900160604,73.00320116463271,0.6669529481255756
1982-06-01,1982,6,Turkana,5.735520244580423,10.932549758811255,7.577416913028758,-0.6858576707446252,62.50136852672607,0.6491607098931133
1982-07-01,1982,7,Turkana,10.275995515579332,13.389714975081956,7.11014514256062,-0.4379262866047853,38.148860623138944,-0.15255786984543201
1982-08-01,1982,8,Turkana,8.487963161985368,10.167190091363688,6.114222128988803,-0.27464277449403657,24.499478922145123,-0.651841283188846
1982-09-01,1982,9,Turkana,2.3451799031650427,4.700261990600285,2.5967120514521578,-0.9069477249578792,21.109138580729745,-0.6038582778729125
1982-10-01,1982,10,Turkana,9.323373453285802,6.807843893106737,2.979404365147464,0.844306194085394,20.156516518436213,-0.2049276399719035
1982-11-01,1982,11,Turkana,29.88756666134815,10.101639389652956,8.671568800482893,2.2817010078491653,41.556120017798996,1.9694296974099479
1982-12-01,1982,12,Turkana,15.473544608854237,9.194044469147999,6.582677761066717,0.9539431167125293,54.68448472348819,1.9395028753944004
1983-01-01,1983,1,Turkana,1.8379396273633188,3.2000630096443223,1.9579124657166584,-0.695701879492566,47.199050897565705,1.7071530422121777
1983-02-01,1983,2,Turkana,4.325159868813198,5.553603630077068,4.3890220867565555,-0.2798900841648938,21.63664410503075,0.3348607850355287
1983-03-01,1983,3,Turkana,5.90292304632615,20.178293001681393,10.012988052522648,-1.4256853079694567,12.066022542502663,-1.35898926691443
1983-04-01,1983,4,Turkana,14.310060893722008,24.466377798257728,10.307699750238733,-0.9853136151254787,24.538143808861353,-1.5584666059967374
1983-05-01,1983,5,Turkana,7.122230477748055,16.242816852788334,9.803700903260768,-0.9303207497901858,27.33521441779621,-1.8470053396659758
1983-06-01,1983,6,Turkana,10.33802560118014,10.932549758811255,7.577416913028758,-0.07846000351503409,31.7703169726502,-1.1878633922226713
1983-07-01,1983,7,Turkana,13.47141371959794,13.389714975081956,7.11014514256062,0.011490446802125557,30.931669798526134,-0.6082443633756494
1983-08-01,1983,8,Turkana,31.602864434571245,10.167190091363688,6.114222128988803,3.5058710480236814,55.41230375534933,1.365206165343165
1983-09-01,1983,9,Turkana,4.1669978189682935,4.700261990600285,2.5967120514521578,-0.20536130347366557,49.241275973137476,1.7727164790617977
1983-10-01,1983,10,Turkana,5.422410398231312,6.807843893106737,2.979404365147464,-0.46500351247449884,41.19227265177085,2.6334093157973175
1983-11-01,1983,11,Turkana,6.896629160723329,10.101639389652956,8.671568800482893,-0.36959981552024934,16.48603737792293,-0.5058955634502351
1983-12-01,1983,12,Turkana,5.522805033055729,9.194044469147999,6.582677761066717,-0.5577121605140442,17.841844592010364,-0.5606375692791313
1984-01-01,1984,1,Turkana,1.5553911992668918,3.2000630096443223,1.9579124657166584,-0.8400129419347806,13.974825393045947,-0.627037624994377
1984-02-01,1984,2,Turkana,3.4052965551895475,5.553603630077068,4.3890220867565555,-0.48947283299617617,10.483492787512166,-0.7169200972337344
1984-03-01,1984,3,Turkana,7.204106270518371,20.178293001681393,10.012988052522648,-1.2957357646995633,12.164794024974807,-1.3510306587582532
1984-04-01,1984,4,Turkana,18.315898259917457,24.466377798257728,10.307699750238733,-0.5966878825896944,28.92530108562537,-1.2920128528168715
1984-05-01,1984,5,Turkana,4.1792897582522,16.242816852788334,9.803700903260768,-1.2305074597414263,29.699294288688026,-1.7168660756477003
1984-06-01,1984,6,Turkana,4.714262126770976,10.932549758811255,7.577416913028758,-0.8206342218478747,27.209450144940632,-1.4605004113074154
1984-07-01,1984,7,Turkana,7.971743681741472,13.389714975081956,7.11014514256062,-0.7620057234709665,16.865295566764644,-1.4963817157227208
1984-08-01,1984,8,Turkana,3.5475815448945087,10.167190091363688,6.114222128988803,-1.0826575166584533,16.233587353406953,-1.1911868651124056
1984-09-01,1984,9,Turkana,9.286910892591544,4.700261990600285,2.5967120514521578,1.766329423944511,20.80623611922752,-0.6294471740800613
1984-10-01,1984,10,Turkana,3.173289685869191,6.807843893106737,2.979404365147464,-1.2198928919330008,16.00778212335524,-0.7647128969691049
1984-11-01,1984,11,Turkana,12.043326487229608,10.101639389652956,8.671568800482893,0.22391416619660862,24.503527065690342,0.28572108328750395
1984-12-01,1984,12,Turkana,6.75615024847363,9.194044469147999,6.582677761066717,-0.3703499258452703,21.972766421572427,-0.28031333890322796
1985-01-01,1985,1,Turkana,4.401553980783914,3.2000630096443223,1.9579124657166584,0.613659186596888,23.20103071648715,0.021155734901347593
1985-02-01,1985,2,Turkana,3.845182522219055,5.553603630077068,4.3890220867565555,-0.38924869232556525,15.002886751476595,-0.2907255594375364
1985-03-01,1985,3,Turkana,24.84909272231337,20.178293001681393,10.012988052522648,0.466474113035142,33.095829225316336,0.33550783690157404
1985-04-01,1985,4,Turkana,44.97973454129565,24.466377798257728,10.307699750238733,1.9901003366500676,73.67400978582806,1.4257974810575298
1985-05-01,1985,5,Turkana,14.847417244427431,16.242816852788334,9.803700903260768,-0.14233396368679346,84.67624450803643,1.309537527550518
1985-06-01,1985,6,Turkana,9.97317489764684,10.932549758811255,7.577416913028758,-0.12660975002112487,69.80032668336992,1.0854738646999162
1985-07-01,1985,7,Turkana,12.113941006233778,13.389714975081956,7.11014514256062,-0.17943008803175084,36.934533148308034,-0.2292293397359052
1985-08-01,1985,8,Turkana,5.437543277560004,10.167190091363688,6.114222128988803,-0.7735484112327947,27.524659181440608,-0.4544496777213594
1985-09-01,1985,9,Turkana,2.095858820790355,4.700261990600285,2.5967120514521578,-1.002961868010537,19.647343104584124,-0.7273492938575925
1985-10-01,1985,10,Turkana,2.47726039725248,6.807843893106737,2.979404365147464,-1.4535064613963258,10.010662495602825,-1.57389922522496
1985-11-01,1985,11,Turkana,4.862218874063653,10.101639389652956,8.671568800482893,-0.6042067630597056,9.435338092106473,-1.2020549778252891
1985-12-01,1985,12,Turkana,2.760871534725561,9.194044469147999,6.582677761066717,-0.9772881444192018,10.10035080604168,-1.085975103381435
1986-01-01,1986,1,Turkana,1.3149718377663164,3.2000630096443223,1.9579124657166584,-0.9628066652040046,8.938062246555516,-0.9808988618159402
1986-02-01,1986,2,Turkana,3.1318524422319944,5.553603630077068,4.3890220867565555,-0.5517746641449972,7.207695814723858,-1.0258391221879142
1986-03-01,1986,3,Turkana,28.42336234455019,20.178293001681393,10.012988052522648,0.8234374494026838,32.87018662454849,0.31732646513408647
1986-04-01,1986,4,Turkana,28.446345909049786,24.466377798257728,10.307699750238733,0.3861160304654663,60.001560695831955,0.5954020460716091
1986-05-01,1986,5,Turkana,8.352375876602938,16.242816852788334,9.803700903260768,-0.8048430948725689,65.22208413020289,0.23861342518096204
1986-06-01,1986,6,Turkana,20.551339224308403,10.932549758811255,7.577416913028758,1.2694021690898931,57.35006100996111,0.3412286481133285
1986-07-01,1986,7,Turkana,9.889676592600775,13.389714975081956,7.11014514256062,-0.4922597657719109,38.793391693512106,-0.11186279740422621
1986-08-01,1986,8,Turkana,6.345810103573759,10.167190091363688,6.114222128988803,-0.6249985537280318,36.786825920482926,0.14990239588132
1986-09-01,1986,9,Turkana,2.487709640794412,4.700261990600285,2.5967120514521578,-0.8520591832924056,18.723196336968932,-0.8054202860819446
1986-10-01,1986,10,Turkana,4.451339132319969,6.807843893106737,2.979404365147464,-0.7909314990448213,13.284858876688126,-1.1321146499534522
1986-11-01,1986,11,Turkana,4.013912371486963,10.101639389652956,8.671568800482893,-0.7020329490814841,10.95296114460133,-1.0522106102471362
1986-12-01,1986,12,Turkana,5.903635020158728,9.194044469147999,6.582677761066717,-0.499858806464812,14.368886523965646,-0.7963123987047056
1987-01-01,1987,1,Turkana,2.6869517939057044,3.2000630096443223,1.9579124657166584,-0.26207055970237303,12.604499185551383,-0.7233108291395641
1987-02-01,1987,2,Turkana,8.373206975625672,5.553603630077068,4.3890220867565555,0.6424217718239518,16.96379378969009,-0.1058052193484842
1987-03-01,1987,3,Turkana,13.883736400533136,20.178293001681393,10.012988052522648,-0.6286391802457431,24.9438951700645,-0.32134216916206354
1987-04-01,1987,4,Turkana,24.63412773403305,24.466377798257728,10.307699750238733,0.016274235749972978,46.891071110191845,-0.20086280967480974
1987-05-01,1987,5,Turkana,27.50833425635773,16.242816852788334,9.803700903260768,1.1491086391489587,66.02619839092391,0.2828787815952345
1987-06-01,1987,6,Turkana,18.83031232322872,10.932549758811255,7.577416913028758,1.0422763660843182,70.97277431361948,1.1555598020928177
1987-07-01,1987,7,Turkana,6.64453267031225,13.389714975081956,7.11014514256062,-0.9486701283204075,52.98317924989869,0.7840667536694644
1987-08-01,1987,8,Turkana,4.981423900648367,10.167190091363688,6.114222128988803,-0.8481481505437171,30.456268894189325,-0.26316350691370305
1987-09-01,1987,9,Turkana,4.42242776104555,4.700261990600285,2.5967120514521578,-0.1069946239897341,16.04838433200615,-1.0313857220482874
1987-10-01,1987,10,Turkana,3.2815840024803173,6.807843893106737,2.979404365147464,-1.1835452521571,12.68543566417422,-1.2129943219481298
1987-11-01,1987,11,Turkana,7.434161631077575,10.101639389652956,8.671568800482893,-0.30761190044722214,15.138173394603427,-0.6389785617809852
1987-12-01,1987,12,Turkana,4.1359301901874215,9.194044469147999,6.582677761066717,-0.7683976737972533,14.8516758237453,-0.7635503314281141
1988-01-01,1988,1,Turkana,2.597577845937977,3.2000630096443223,1.9579124657166584,-0.3077181305374736,14.167669667202958,-0.6134892187297891
1988-02-01,1988,2,Turkana,3.830549251247238,5.553603630077068,4.3890220867565555,-0.3925827541467557,10.564057287372624,-0.7093225852543428
1988-03-01,1988,3,Turkana,9.551993951692689,20.178293001681393,10.012988052522648,-1.0612515459170593,15.98012104887789,-1.0436069772368157
1988-04-01,1988,4,Turkana,41.032833784678296,24.466377798257728,10.307699750238733,1.6071923307658313,54.41537698761821,0.2561254892704209
1988-05-01,1988,5,Turkana,8.115851358058782,16.242816852788334,9.803700903260768,-0.8289691387898702,58.70067909442975,-0.12038072817665468
1988-06-01,1988,6,Turkana,11.382996401060929,10.932549758811255,7.577416913028758,0.05944593618376292,60.531681543797994,0.5314178316549395
1988-07-01,1988,7,Turkana,39.60345117637838,13.389714975081956,7.11014514256062,3.6868074667538933,59.10229893549808,1.170422090639802
1988-08-01,1988,8,Turkana,12.464171395126842,10.167190091363688,6.114222128988803,0.375678419152076,63.45061897256613,1.8897024961336049
1988-09-01,1988,9,Turkana,9.762343717069935,4.700261990600285,2.5967120514521578,1.9494197377944873,61.82996628857514,2.836196413388147
1988-10-01,1988,10,Turkana,9.664720201234886,6.807843893106737,2.979404365147464,0.958874982378147,31.89123531343165,1.3784281381745556
1988-11-01,1988,11,Turkana,3.5836986107356976,10.101639389652956,8.671568800482893,-0.7516449363296632,23.010762529040505,0.13833115166405344
1988-12-01,1988,12,Turkana,4.956769074852837,9.194044469147999,6.582677761066717,-0.6437008688708036,18.205187886823406,-0.535981104285818
1989-01-01,1989,1,Turkana,1.5979364223813337,3.2000630096443223,1.9579124657166584,-0.8182830516258852,10.138404107969855,-0.8965680240665534
1989-02-01,1989,2,Turkana,11.81774690634976,5.553603630077068,4.3890220867565555,1.4272298367269856,18.372452403583917,0.027036177451203576
1989-03-01,1989,3,Turkana,27.875998655705477,20.178293001681393,10.012988052522648,0.7687720801868672,41.29168198443655,0.9958966351961995
1989-04-01,1989,4,Turkana,20.66187400645701,24.466377798257728,10.307699750238733,-0.36909338494387217,60.355619568512225,0.6169057920102264
1989-05-01,1989,5,Turkana,23.0150605147146,16.242816852788334,9.803700903260768,0.6907844016001936,71.55293317687708,0.5871177399840732
1989-06-01,1989,6,Turkana,4.513949364292168,10.932549758811255,7.577416913028758,-0.8470697162621237,48.19088388546376,-0.20628366540584836
1989-07-01,1989,7,Turkana,23.651106914134004,13.389714975081956,7.11014514256062,1.4432042853286327,51.180116793140755,0.6702231227467527
1989-08-01,1989,8,Turkana,6.354907223062949,10.167190091363688,6.114222128988803,-0.6235106916096342,34.51996350148911,0.001990676940212736
1989-09-01,1989,9,Turkana,8.546741616647214,4.700261990600285,2.5967120514521578,1.481288471663951,38.55275575384415,0.8697610090300665
1989-10-01,1989,10,Turkana,4.215952394563906,6.807843893106737,2.979404365147464,-0.8699361284632297,19.117601234274055,-0.3451076090806957
1989-11-01,1989,11,Turkana,9.945275640726276,10.101639389652956,8.671568800482893,-0.018031771704097206,22.707969651937383,0.10843452673990049
1989-12-01,1989,12,Turkana,16.508330499358603,9.194044469147999,6.582677761066717,1.1111414375272917,30.669558534648772,0.3098507107747123
1990-01-01,1990,1,Turkana,2.386329047580716,3.2000630096443223,1.9579124657166584,-0.41561304517551734,28.83993518766558,0.41732082197323245
1990-02-01,1990,2,Turkana,20.686157726792377,5.553603630077068,4.3890220867565555,3.44781908078711,39.58081727373168,2.027058599775457
1990-03-01,1990,3,Turkana,30.29059279994276,20.178293001681393,10.012988052522648,1.0099182926432935,53.36307957431584,1.9685612233009717
1990-04-01,1990,4,Turkana,19.775797147952968,24.466377798257728,10.307699750238733,-0.4550560031782186,70.75254767468809,1.2483626422362974
1990-05-01,1990,5,Turkana,10.421333369107412,16.242816852788334,9.803700903260768,-0.5938046806124677,60.48772331700313,-0.022006463094790516
1990-06-01,1990,6,Turkana,5.764627575733972,10.932549758811255,7.577416913028758,-0.6820163444077436,35.96175809279434,-0.9373097023577132
1990-07-01,1990,7,Turkana,11.559289372697169,13.389714975081956,7.11014514256062,-0.2574385706176435,27.745250317538538,-0.8094318275141649
1990-08-01,1990,8,Turkana,6.446867039240019,10.167190091363688,6.114222128988803,-0.6084703783470412,23.770783987671145,-0.6993882888821005
1990-09-01,1990,9,Turkana,2.840141343450849,4.700261990600285,2.5967120514521578,-0.7163368946160978,20.846297755388022,-0.6260628072297044
1990-10-01,1990,10,Turkana,8.92637757011504,6.807843893106737,2.979404365147464,0.7110594660431221,18.213385952805893,-0.46711261964912293
1990-11-01,1990,11,Turkana,4.4684981256431,10.101639389652956,8.671568800482893,-0.6496103984893903,16.235017039208977,-0.5306803634979226
1990-12-01,1990,12,Turkana,8.217411408899718,9.194044469147999,6.582677761066717,-0.1483640997930329,21.612287104657845,-0.30477545444299947
1991-01-01,1991,1,Turkana,6.364583538128779,3.2000630096443223,1.9579124657166584,1.6162727312357867,19.050493072671582,-0.2704431236112707
1991-02-01,1991,2,Turkana,2.358093715829883,5.553603630077068,4.3890220867565555,-0.7280687704646834,16.940088662858365,-0.10804069509014426
1991-03-01,1991,3,Turkana,25.106242936297527,20.178293001681393,10.012988052522648,0.4921557789509794,33.82892019025617,0.39457735359567736
1991-04-01,1991,4,Turkana,13.069021988513892,24.466377798257728,10.307699750238733,-1.1057128249665853,40.53335864064128,-0.5869981228814765
1991-05-01,1991,5,Turkana,28.713322245415,16.242816852788334,9.803700903260768,1.272020180509475,66.8885871702264,0.33035206810213574
1991-06-01,1991,6,Turkana,11.02586319156611,10.932549758811255,7.577416913028758,0.012314675809167824,52.808207425494984,0.06972819235236571
1991-07-01,1991,7,Turkana,12.132323769890531,13.389714975081956,7.11014514256062,-0.17684466068980878,51.87150920687162,0.7138769753776084
1991-08-01,1991,8,Turkana,11.202130301842343,10.167190091363688,6.114222128988803,0.16926768256779356,34.36031726329897,-0.008426165879770386
1991-09-01,1991,9,Turkana,2.929959504955795,4.700261990600285,2.5967120514521578,-0.6817477065485502,26.264413576688657,-0.16834581575337337
1991-10-01,1991,10,Turkana,13.877745459106247,6.807843893106737,2.979404365147464,2.372924484068677,28.00983526590437,0.8547140807766724
1991-11-01,1991,11,Turkana,6.775044190652048,10.101639389652956,8.671568800482893,-0.38362091975971635,23.582749154714072,0.19480695047741375
1991-12-01,1991,12,Turkana,5.7050124600974135,9.194044469147999,6.582677761066717,-0.5300323266143276,26.357802109855694,0.017255050237457624
1992-01-01,1992,1,Turkana,1.4589979444137735,3.2000630096443223,1.9579124657166584,-0.8892456101673899,13.93905459516322,-0.6295507268442616
1992-02-01,1992,2,Turkana,3.2231429304395403,5.553603630077068,4.3890220867565555,-0.5309749309919092,10.387153334950714,-0.7260052420083114
1992-03-01,1992,3,Turkana,10.756664834460434,20.178293001681393,10.012988052522648,-0.9409407179755195,15.438805709313733,-1.0872239866072468
1992-04-01,1992,4,Turkana,19.379235982894897,24.466377798257728,10.307699750238733,-0.4935283272337273,33.35904374779486,-1.0227297388455974
1992-05-01,1992,5,Turkana,11.204719776922202,16.242816852788334,9.803700903260768,-0.5138974684744239,41.34062059427752,-1.0760274744398248
1992-06-01,1992,6,Turkana,6.617597630303031,10.932549758811255,7.577416913028758,-0.5694489531239877,37.20155339012012,-0.8631978927156123
1992-07-01,1992,7,Turkana,12.663826913249736,13.389714975081956,7.11014514256062,-0.10209187678703308,30.486144320474956,-0.6363744139459011
1992-08-01,1992,8,Turkana,5.719796965620955,10.167190091363688,6.114222128988803,-0.7273849447923578,25.001221509173707,-0.6191028126528632
1992-09-01,1992,9,Turkana,3.3149696483928976,4.700261990600285,2.5967120514521578,-0.5334793826803749,21.698593527263576,-0.5540617150756374
1992-10-01,1992,10,Turkana,7.723815417389495,6.807843893106737,2.979404365147464,0.30743444394377195,16.758582031403336,-0.6634080942373372
1992-11-01,1992,11,Turkana,8.91217305733467,10.101639389652956,8.671568800482893,-0.13716852851955097,19.950958123117047,-0.16378237736063844
1992-12-01,1992,12,Turkana,14.406172554945831,9.194044469147999,6.582677761066717,0.7917945059721733,31.04216102966998,0.3351355048140212
1993-01-01,1993,1,Turkana,6.250709769490001,3.2000630096443223,1.9579124657166584,1.5581119244414456,29.56905538177049,0.4685456594677885
1993-02-01,1993,2,Turkana,12.07082474868002,5.553603630077068,4.3890220867565555,1.4848913926106748,32.72770707311584,1.380786520442108
1993-03-01,1993,3,Turkana,8.259822999102354,20.178293001681393,10.012988052522648,-1.1903010310270299,26.58135751727236,-0.18940204974959945
1993-04-01,1993,4,Turkana,12.70790147987228,24.466377798257728,10.307699750238733,-1.1407468788672384,33.03854922765464,-1.0421949556996257
1993-05-01,1993,5,Turkana,34.36493700959104,16.242816852788334,9.803700903260768,1.84849786173864,55.33266148856566,-0.3057853491560635
1993-06-01,1993,6,Turkana,8.901345129529806,10.932549758811255,7.577416913028758,-0.2680602971428108,55.974183618993116,0.25898219701754227
1993-07-01,1993,7,Turkana,5.955171841935049,13.389714975081956,7.11014514256062,-1.0456246650500105,49.22145398105588,0.5465550349080367
1993-08-01,1993,8,Turkana,4.93385440603577,10.167190091363688,6.114222128988803,-0.8559282889830878,19.790371377500612,-0.9591083611423785
1993-09-01,1993,9,Turkana,1.866771315356046,4.700261990600285,2.5967120514521578,-1.0911840123588856,12.75579756332685,-1.3095401505693238
1993-10-01,1993,10,Turkana,3.88274325334172,6.807843893106737,2.979404365147464,-0.9817736303209855,10.683368974733522,-1.4831315034468802
1993-11-01,1993,11,Turkana,5.834343336774051,10.101639389652956,8.671568800482893,-0.49210196575287185,11.583857905471802,-0.9899182472098651
1993-12-01,1993,12,Turkana,4.234981305417685,9.194044469147999,6.582677761066717,-0.7533504363620409,13.952067895533443,-0.8245976982195561
1994-01-01,1994,1,Turkana,1.5157360112180516,3.2000630096443223,1.9579124657166584,-0.860266752431015,11.585060653409773,-0.7949321798672729
1994-02-01,1994,2,Turkana,2.8282038081478285,5.553603630077068,4.3890220867565555,-0.6209583292261998,8.578921124783552,-0.8965278158722564
1994-03-01,1994,3,Turkana,18.744662035016848,20.178293001681393,10.012988052522648,-0.14317713744833235,23.088601854382716,-0.4708342304809721
1994-04-01,1994,4,Turkana,24.39035359525605,24.466377798257728,10.307699750238733,-0.007375477055384297,45.96321943842071,-0.2572158293504549
1994-05-01,1994,5,Turkana,18.817736135710916,16.242816852788334,9.803700903260768,0.26264767849722437,61.952751765983805,0.05864128762788611
1994-06-01,1994,6,Turkana,14.030736987910334,10.932549758811255,7.577416913028758,0.4088711581610344,57.23882671887729,0.33457934509995224
1994-07-01,1994,7,Turkana,12.85260238939402,13.389714975081956,7.11014514256062,-0.07554171889865278,45.701075513015255,0.3242817212345309
1994-08-01,1994,8,Turkana,17.880569391742092,10.167190091363688,6.114222128988803,1.2615471171398345,44.76390876904644,0.6704033430849763
1994-09-01,1994,9,Turkana,3.480635389056025,4.700261990600285,2.5967120514521578,-0.46968111110440935,34.213807170192126,0.5032109836371161
1994-10-01,1994,10,Turkana,6.8497863811419215,6.807843893106737,2.979404365147464,0.014077474184377282,28.210991161940026,0.8818558773429536
1994-11-01,1994,11,Turkana,17.69239960413198,10.101639389652956,8.671568800482893,0.8753618161982778,28.022821374329915,0.6332029096425874
1994-12-01,1994,12,Turkana,7.516410246701967,9.194044469147999,6.582677761066717,-0.2548558935040704,32.058596231975855,0.404110766890955
1995-01-01,1995,1,Turkana,1.3725376010549313,3.2000630096443223,1.9579124657166584,-0.9334050630912442,26.581347451888867,0.25864219714870484
1995-02-01,1995,2,Turkana,5.207701392974734,5.553603630077068,4.3890220867565555,-0.07881077612848203,14.096649240731619,-0.37618690228686097
1995-03-01,1995,3,Turkana,17.798328126992686,20.178293001681393,10.012988052522648,-0.23768777733526847,24.37856712102234,-0.3668940259269079
1995-04-01,1995,4,Turkana,16.59853180092021,24.466377798257728,10.307699750238733,-0.7632979411488284,39.60456132088762,-0.6434085764347411
1995-05-01,1995,5,Turkana,11.097566083295847,16.242816852788334,9.803700903260768,-0.5248273912335643,45.49442601120873,-0.8473663422630044
1995-06-01,1995,6,Turkana,7.579304675058442,10.932549758811255,7.577416913028758,-0.4425314222828599,35.27540255927449,-0.9783382905099229
1995-07-01,1995,7,Turkana,14.586498696257593,13.389714975081956,7.11014514256062,0.16832057534406836,33.26336945461187,-0.46102308766491257
1995-08-01,1995,8,Turkana,5.260931808577508,10.167190091363688,6.114222128988803,-0.8024337649632626,27.426735179893534,-0.46083917329597324
1995-09-01,1995,9,Turkana,7.108638980794804,4.700261990600285,2.5967120514521578,0.9274717190331841,26.956069485629893,-0.10991541813566184
1995-10-01,1995,10,Turkana,6.963427165525289,6.807843893106737,2.979404365147464,0.052219589337565875,19.33299795489759,-0.3160443099807189
1995-11-01,1995,11,Turkana,4.009391257100778,10.101639389652956,8.671568800482893,-0.70255432122189,18.08145740342086,-0.3483698166257825
1995-12-01,1995,12,Turkana,10.174344894463076,9.194044469147999,6.582677761066717,0.14892122338314498,21.14716331708913,-0.33633874059541446
1996-01-01,1996,1,Turkana,5.164278431019191,3.2000630096443223,1.9579124657166584,1.003219222395575,19.348014582583033,-0.2495405466156373
1996-02-01,1996,2,Turkana,4.619275094248249,5.553603630077068,4.3890220867565555,-0.212878522222083,19.957898419730505,0.17654923991935897
1996-03-01,1996,3,Turkana,23.46574957666442,20.178293001681393,10.012988052522648,0.3283192347517877,33.24930310193185,0.3478741436089455
1996-04-01,1996,4,Turkana,16.53591145011282,24.466377798257728,10.307699750238733,-0.7693730454227902,44.62093612102548,-0.33873933197137945
1996-05-01,1996,5,Turkana,9.280813561223178,16.242816852788334,9.803700903260768,-0.7101403194837933,49.282474588000404,-0.6388396084927207
1996-06-01,1996,6,Turkana,26.986639331002813,10.932549758811255,7.577416913028758,2.118675764637926,52.803364342338796,0.06943868515893908
1996-07-01,1996,7,Turkana,15.769838746151708,13.389714975081956,7.11014514256062,0.33475037757282444,52.03729163837769,0.7243443187994121
1996-08-01,1996,8,Turkana,13.201921404601078,10.167190091363688,6.114222128988803,0.4963397222435044,55.95839948175559,1.4008386576031038
1996-09-01,1996,9,Turkana,3.9584297902497374,4.700261990600285,2.5967120514521578,-0.28568134843279713,32.93018994100251,0.3947722872840331
1996-10-01,1996,10,Turkana,4.484023775282912,6.807843893106737,2.979404365147464,-0.7799613053560149,21.64437497013372,-0.0041721452970773275
1996-11-01,1996,11,Turkana,6.721698888663782,10.101639389652956,8.671568800482893,-0.3897726672941758,15.16415245419642,-0.6364134875693174
1996-12-01,1996,12,Turkana,5.3644303601802426,9.194044469147999,6.582677761066717,-0.5817714686898438,16.570153024126927,-0.646934520601554
1997-01-01,1997,1,Turkana,2.184464624388439,3.2000630096443223,1.9579124657166584,-0.5187149083726488,14.270593873232452,-0.6062582083000349
1997-02-01,1997,2,Turkana,1.89187615046649,5.553603630077068,4.3890220867565555,-0.8342923337432003,9.440771135035162,-0.8152523683902178
1997-03-01,1997,3,Turkana,15.71325650394805,20.178293001681393,10.012988052522648,-0.44592448071566726,19.78959727880297,-0.736654729124172
1997-04-01,1997,4,Turkana,47.25690183609584,24.466377798257728,10.307699750238733,2.2110193923052783,64.86203449051037,0.8906026516399856
1997-05-01,1997,5,Turkana,10.907386793785696,16.242816852788334,9.803700903260768,-0.5442261153875108,73.87754513382959,0.7150843509817634
1997-06-01,1997,6,Turkana,6.645903523455797,10.932549758811255,7.577416913028758,-0.5657133934368738,64.81019215333733,0.7871763141478502
1997-07-01,1997,7,Turkana,17.423020283786617,13.389714975081956,7.11014514256062,0.567260615337048,34.9763106010281,-0.3528696296778958
1997-08-01,1997,8,Turkana,8.662640945506363,10.167190091363688,6.114222128988803,-0.24607368102050856,32.73156475274877,-0.11470150996177093
1997-09-01,1997,9,Turkana,2.406110360115141,4.700261990600285,2.5967120514521578,-0.8834832607651614,28.491771589408117,0.019819155640301407
1997-10-01,1997,10,Turkana,10.277947932565798,6.807843893106737,2.979404365147464,1.1646972395058937,21.346699238187295,-0.04433728247892057
1997-11-01,1997,11,Turkana,37.78390561823778,10.101639389652956,8.671568800482893,3.1923019773588472,50.46796391091871,2.849351500076604
1997-12-01,1997,12,Turkana,17.16674829156283,9.194044469147999,6.582677761066717,1.2111642270520107,65.2286018423664,2.6550263440765174
1998-01-01,1998,1,Turkana,8.884574015904072,3.2000630096443223,1.9579124657166584,2.9033529873252206,63.83522792570467,2.8759390279621067
1998-02-01,1998,2,Turkana,7.622259769886966,5.553603630077068,4.3890220867565555,0.47132506943901376,33.673582077353856,1.4699858165111266
1998-03-01,1998,3,Turkana,13.104865912365575,20.178293001681393,10.012988052522648,-0.7064252001712671,29.611699698156606,0.05477071543688525
1998-04-01,1998,4,Turkana,13.544478855009544,24.466377798257728,10.307699750238733,-1.0595864458503679,34.27160453726208,-0.9673054100561643
1998-05-01,1998,5,Turkana,22.15778089517046,16.242816852788334,9.803700903260768,0.6033399122177193,48.80712566254557,-0.6650068966931966
1998-06-01,1998,6,Turkana,21.274992193623184,10.932549758811255,7.577416913028758,1.3649034431547422,56.97725194380318,0.31894307032194447
1998-07-01,1998,7,Turkana,12.71148130040341,13.389714975081956,7.11014514256062,-0.09538956815645117,56.144254389197044,0.9836540004275809
1998-08-01,1998,8,Turkana,12.499082990938115,10.167190091363688,6.114222128988803,0.38138831896839936,46.485556484964704,0.782740056128873
1998-09-01,1998,9,Turkana,3.0213313328485736,4.700261990600285,2.5967120514521578,-0.6465601978520505,28.23189562419009,-0.002134905306304215
1998-10-01,1998,10,Turkana,8.035730890919687,6.807843893106737,2.979404365147464,0.4121249912152078,23.55614521470637,0.2537814125268665
1998-11-01,1998,11,Turkana,5.402033399088744,10.101639389652956,8.671568800482893,-0.541955682840515,16.459095622857,-0.5085556905764429
1998-12-01,1998,12,Turkana,4.896024506919238,9.194044469147999,6.582677761066717,-0.652928810772027,18.333788796927664,-0.5272542504168746
1999-01-01,1999,1,Turkana,1.7488202797702193,3.2000630096443223,1.9579124657166584,-0.7412194136794067,12.046878185778194,-0.7624868735392116
1999-02-01,1999,2,Turkana,2.163374227540366,5.553603630077068,4.3890220867565555,-0.7724338897191672,8.808219014229817,-0.8749042289954732
1999-03-01,1999,3,Turkana,27.8324860785408,20.178293001681393,10.012988052522648,0.7644264665761814,31.744680585851377,0.22663772264277843
1999-04-01,1999,4,Turkana,20.948100942270347,24.466377798257728,10.307699750238733,-0.34132512017590494,50.94396124835151,0.045289247434675176
1999-05-01,1999,5,Turkana,6.247507027790442,16.242816852788334,9.803700903260768,-1.0195445499233249,55.02809404860159,-0.3225513573476153
1999-06-01,1999,6,Turkana,5.438277236514928,10.932549758811255,7.577416913028758,-0.7250851557143924,32.63388520657571,-1.136241479553942
1999-07-01,1999,7,Turkana,14.414590312229407,13.389714975081956,7.11014514256062,0.14414267453031998,26.100374576534772,-0.9132877012087801
1999-08-01,1999,8,Turkana,6.3626519763254485,10.167190091363688,6.114222128988803,-0.6222440131836445,26.21551952506978,-0.5398704316609516
1999-09-01,1999,9,Turkana,2.9468044374384568,4.700261990600285,2.5967120514521578,-0.6752606829013802,23.724046725993308,-0.3829534599043526
1999-10-01,1999,10,Turkana,6.050986481257676,6.807843893106737,2.979404365147464,-0.25402977209224853,15.360442895021578,-0.8520578368444516
1999-11-01,1999,11,Turkana,5.135930824188554,10.101639389652956,8.671568800482893,-0.5726424687062249,14.133721742884683,-0.7381543236852321
1999-12-01,1999,12,Turkana,7.826336904447906,9.194044469147999,6.582677761066717,-0.20777373803551588,19.013254209894132,-0.4811457480497254
2000-01-01,2000,1,Turkana,1.592146320142776,3.2000630096443223,1.9579124657166584,-0.8212403351306095,14.554414048779233,-0.5863182279132506
2000-02-01,2000,2,Turkana,2.1142363688635117,5.553603630077068,4.3890220867565555,-0.7836295177441713,11.53271959345419,-0.6179743675258558
2000-03-01,2000,3,Turkana,6.740561348162416,20.178293001681393,10.012988052522648,-1.3420301295709134,10.4469440371687,-1.4894480904080976
2000-04-01,2000,4,Turkana,7.887118443261885,24.466377798257728,10.307699750238733,-1.6084344477158306,16.741916160287808,-2.0319700585876395
2000-05-01,2000,5,Turkana,6.1088321485572745,16.242816852788334,9.803700903260768,-1.0336897059824046,20.736511939981572,-2.2102546082342225
2000-06-01,2000,6,Turkana,7.413412355541528,10.932549758811255,7.577416913028758,-0.46442441318212996,21.409362947360684,-1.8072148723332178
2000-07-01,2000,7,Turkana,9.197790526005686,13.389714975081956,7.11014514256062,-0.5895694623705819,22.720035030104484,-1.1267190919378707
2000-08-01,2000,8,Turkana,9.91318761626934,10.167190091363688,6.114222128988803,-0.04154289290375451,26.524390497816547,-0.5197167442879594
2000-09-01,2000,9,Turkana,2.7546908788806244,4.700261990600285,2.5967120514521578,-0.7492440721841452,21.86566902115565,-0.5399473448894081
2000-10-01,2000,10,Turkana,8.555769744325572,6.807843893106737,2.979404365147464,0.5866695610927326,21.22364823947553,-0.06094045066903153
2000-11-01,2000,11,Turkana,8.629375068479607,10.101639389652956,8.671568800482893,-0.1697806192913285,19.9398356916858,-0.16488056422661065
2000-12-01,2000,12,Turkana,8.08560527325425,9.194044469147999,6.582677761066717,-0.16838727887450572,25.270750086059426,-0.05651226720935122
2001-01-01,2001,1,Turkana,4.920443380646279,3.2000630096443223,1.9579124657166584,0.878680942649927,21.635423722380132,-0.08883705435602028
2001-02-01,2001,2,Turkana,3.3972375146822427,5.553603630077068,4.3890220867565555,-0.49130901434774016,16.403286168582767,-0.1586630335629217
2001-03-01,2001,3,Turkana,22.32734005866657,20.178293001681393,10.012988052522648,0.21462594838947732,30.645020953995086,0.1380315794923199
2001-04-01,2001,4,Turkana,22.061971735729717,24.466377798257728,10.307699750238733,-0.23326310629801994,47.786549309078524,-0.14647599107411058
2001-05-01,2001,5,Turkana,5.872990620400014,16.242816852788334,9.803700903260768,-1.0577460833121963,50.262302414796295,-0.5849014679866046
2001-06-01,2001,6,Turkana,10.080719717797272,10.932549758811255,7.577416913028758,-0.11241694244767367,38.015682073926996,-0.8145313506109482
2001-07-01,2001,7,Turkana,11.172326546074643,13.389714975081956,7.11014514256062,-0.3118626110364818,27.126036884271922,-0.848528368676662
2001-08-01,2001,8,Turkana,8.617814427794336,10.167190091363688,6.114222128988803,-0.25340519707706377,29.870860691666245,-0.30136111996330595
2001-09-01,2001,9,Turkana,5.248423573456046,4.700261990600285,2.5967120514521578,0.2110983320423276,25.038564547325016,-0.27190431251319613
2001-10-01,2001,10,Turkana,11.395955285569295,6.807843893106737,2.979404365147464,1.5399424952629657,25.26219328681967,0.48397704993133933
2001-11-01,2001,11,Turkana,9.749420657110644,10.101639389652956,8.671568800482893,-0.04061764839168408,26.393799516135978,0.4723594447843168
2001-12-01,2001,12,Turkana,4.0952598025884885,9.194044469147999,6.582677761066717,-0.7745760694403575,25.24063574526842,-0.05855582546434033
2002-01-01,2002,1,Turkana,3.582915821783771,3.2000630096443223,1.9579124657166584,0.1955413323339317,17.427596281482895,-0.3844608467126494
2002-02-01,2002,2,Turkana,2.0862465471824634,5.553603630077068,4.3890220867565555,-0.7900067519270443,9.764422171554717,-0.7847309522409356
2002-03-01,2002,3,Turkana,28.267035548690725,20.178293001681393,10.012988052522648,0.8078250472866063,33.936197917656955,0.4032213607007522
2002-04-01,2002,4,Turkana,24.109952291289527,24.466377798257728,10.307699750238733,-0.03457856899255777,54.46323438716271,0.25903210576981056
2002-05-01,2002,5,Turkana,25.776531274595666,16.242816852788334,9.803700903260768,0.9724607590421657,78.15351911457591,0.9504706903636481
2002-06-01,2002,6,Turkana,7.908602697163633,10.932549758811255,7.577416913028758,-0.39907360204084713,57.795086263048816,0.36783112588841343
2002-07-01,2002,7,Turkana,7.264471952825364,13.389714975081956,7.11014514256062,-0.8614793227766193,40.94960592458465,0.02427849719845807
2002-08-01,2002,8,Turkana,6.152684173799665,10.167190091363688,6.114222128988803,-0.6565848987609417,21.325758823788654,-0.8589250440966691
2002-09-01,2002,9,Turkana,2.9514932349366414,4.700261990600285,2.5967120514521578,-0.6734550158095813,16.368649361561662,-1.0043300535026052
2002-10-01,2002,10,Turkana,5.441510138181713,6.807843893106737,2.979404365147464,-0.45859292243380934,14.545687546918012,-0.9619920935345806
2002-11-01,2002,11,Turkana,8.510306438603665,10.101639389652956,8.671568800482893,-0.18351154072152134,16.90330981172201,-0.46469565952967196
2002-12-01,2002,12,Turkana,22.93904172550752,9.194044469147999,6.582677761066717,2.088055614335914,36.89085830229289,0.7320279247859277
2003-01-01,2003,1,Turkana,1.7978108864938445,3.2000630096443223,1.9579124657166584,-0.7161975561748154,33.24715905060502,0.7269533462216545
2003-02-01,2003,2,Turkana,3.597697624173513,5.553603630077068,4.3890220867565555,-0.44563594514716837,28.33455023617487,0.9664965818982596
2003-03-01,2003,3,Turkana,24.6181354773475,20.178293001681393,10.012988052522648,0.44340834647730804,30.013643988014852,0.0871577670790096
2003-04-01,2003,4,Turkana,41.00412729957976,24.466377798257728,10.307699750238733,1.6044073752671157,69.21996040110076,1.1552810394212165
2003-05-01,2003,5,Turkana,25.88619916487245,16.242816852788334,9.803700903260768,0.9836471356318788,91.50846194179971,1.685641465234894
2003-06-01,2003,6,Turkana,7.352246954399665,10.932549758811255,7.577416913028758,-0.47249647808813955,74.24257341885186,1.3510200763635767
2003-07-01,2003,7,Turkana,12.333809244576578,13.389714975081956,7.11014514256062,-0.14850691643196304,45.57225536384868,0.3161481408018833
2003-08-01,2003,8,Turkana,18.496619602258857,10.167190091363688,6.114222128988803,1.3623040405096842,38.18267580123509,0.24098095164891448
2003-09-01,2003,9,Turkana,3.008742741333743,4.700261990600285,2.5967120514521578,-0.6514080944479748,33.83917158816917,0.47156214533997415
2003-10-01,2003,10,Turkana,3.729527484922708,6.807843893106737,2.979404365147464,-1.0331985964018917,25.2348898285153,0.4802930171713858
2003-11-01,2003,11,Turkana,7.230155655631746,10.101639389652956,8.671568800482893,-0.3311377445176132,13.96842588188819,-0.7544750126162469
2003-12-01,2003,12,Turkana,9.97951341966632,9.194044469147999,6.582677761066717,0.1193236216367725,20.939196560220765,-0.3504513584246116
2004-01-01,2004,1,Turkana,6.546941873136458,3.2000630096443223,1.9579124657166584,1.7094118976698331,23.756610948434513,0.06018840376279541
2004-02-01,2004,2,Turkana,2.6053518749761806,5.553603630077068,4.3890220867565555,-0.6717331781029191,19.131807167778952,0.09864596746507341
2004-03-01,2004,3,Turkana,13.104575559894556,20.178293001681393,10.012988052522648,-0.7064541977561535,22.256869308007186,-0.5378518884290423
2004-04-01,2004,4,Turkana,34.15938241103755,24.466377798257728,10.307699750238733,0.9403654401706184,49.869309845908276,-0.019979645717980617
2004-05-01,2004,5,Turkana,12.218212025482764,16.242816852788334,9.803700903260768,-0.410518932290862,59.48216999641486,-0.07736075576643557
2004-06-01,2004,6,Turkana,5.438330047932019,10.932549758811255,7.577416913028758,-0.7250781861339012,51.815924484452324,0.010412041858584842
2004-07-01,2004,7,Turkana,11.511968194736603,13.389714975081956,7.11014514256062,-0.2640940153394827,29.16851026815138,-0.7195685618700075
2004-08-01,2004,8,Turkana,9.615738423365745,10.167190091363688,6.114222128988803,-0.09019163130881293,26.56603666603436,-0.5169993511736736
2004-09-01,2004,9,Turkana,8.995022750265418,4.700261990600285,2.5967120514521578,1.6539226046505144,30.122729368367757,0.15760083333635366
2004-10-01,2004,10,Turkana,5.186651099730395,6.807843893106737,2.979404365147464,-0.5441331872708397,23.79741227336155,0.2863353746687631
2004-11-01,2004,11,Turkana,20.431330909510983,10.101639389652956,8.671568800482893,1.191213695875053,34.613004759506794,1.2838927235278617
2004-12-01,2004,12,Turkana,8.839782653274117,9.194044469147999,6.582677761066717,-0.05381728055551571,34.45776466251549,0.5669182640021956
2005-01-01,2005,1,Turkana,3.398979458741528,3.2000630096443223,1.9579124657166584,0.10159619113737854,32.67009302152662,0.6864111780000504
2005-02-01,2005,2,Turkana,3.0609522443878783,5.553603630077068,4.3890220867565555,-0.5679286493477718,15.299714356403516,-0.2627336859926266
2005-03-01,2005,3,Turkana,17.469174808759703,20.178293001681393,10.012988052522648,-0.2705604140054038,23.929106511889103,-0.40310975115647274
2005-04-01,2005,4,Turkana,17.097588232211077,24.466377798257728,10.307699750238733,-0.714882053668277,37.62771528535865,-0.7634722104455913
2005-05-01,2005,5,Turkana,40.71793327853669,16.242816852788334,9.803700903260768,2.496518066723944,75.28469631950746,0.7925460399548525
2005-06-01,2005,6,Turkana,8.48695272952903,10.932549758811255,7.577416913028758,-0.32274811553224936,66.30247424027678,0.8763811419110522
2005-07-01,2005,7,Turkana,14.72445123517532,13.389714975081956,7.11014514256062,0.1877227867127163,63.92933724324102,1.4751966509978376
2005-08-01,2005,8,Turkana,6.859758608230336,10.167190091363688,6.114222128988803,-0.5409406811460332,30.07116257293467,-0.2882915153338812
2005-09-01,2005,9,Turkana,8.245911815514495,4.700261990600285,2.5967120514521578,1.3654381982520465,29.830121658920135,0.132881627459541
2005-10-01,2005,10,Turkana,4.564196659724736,6.807843893106737,2.979404365147464,-0.7530522743497937,19.66986708346955,-0.2705908406201192
2005-11-01,2005,11,Turkana,4.923599106562287,10.101639389652956,8.671568800482893,-0.5971284322627204,17.733707581801504,-0.38270532043241334
2005-12-01,2005,12,Turkana,2.926542264138885,9.194044469147999,6.582677761066717,-0.952120464118461,12.414338030425894,-0.9289480003428026
2006-01-01,2006,1,Turkana,1.6817104602861257,3.2000630096443223,1.9579124657166584,-0.7754956240101526,9.531851830987284,-0.9391817687846357
2006-02-01,2006,2,Turkana,5.039170074406748,5.553603630077068,4.3890220867565555,-0.11720915172028247,9.647422798831744,-0.7957643991981402
2006-03-01,2006,3,Turkana,22.4978673806183,20.178293001681393,10.012988052522648,0.2316565611353664,29.21874791531116,0.023108243783491154
2006-04-01,2006,4,Turkana,27.58415298297229,24.466377798257728,10.307699750238733,0.30247050848006646,55.12119043799733,0.2989930299201296
2006-05-01,2006,5,Turkana,14.0336433699182,16.242816852788334,9.803700903260768,-0.22534076719286172,64.11566373350878,0.1777065421718607
2006-06-01,2006,6,Turkana,7.660260904451695,10.932549758811255,7.577416913028758,-0.43184754012058163,49.27805725734217,-0.14129520629618159
2006-07-01,2006,7,Turkana,9.962277556513692,13.389714975081956,7.11014514256062,-0.48204886818019577,31.656181830883575,-0.5624993698499827
2006-08-01,2006,8,Turkana,20.3113654545001,10.167190091363688,6.114222128988803,1.6591113553170989,37.93390391546547,0.22474870176021677
2006-09-01,2006,9,Turkana,3.590119246247733,4.700261990600285,2.5967120514521578,-0.4275186167568049,33.86376225726151,0.47363954040618633
2006-10-01,2006,10,Turkana,12.298671887347307,6.807843893106737,2.979404365147464,1.8429280894098456,36.200156588095126,1.9598272766631804
2006-11-01,2006,11,Turkana,30.42748110779975,10.101639389652956,8.671568800482893,2.3439636109460276,46.31627224139478,2.439429147107201
2006-12-01,2006,12,Turkana,25.98550452504839,9.194044469147999,6.582677761066717,2.5508555431975686,68.71165752019544,2.8913863969965594
2007-01-01,2007,1,Turkana,3.0254942632077064,3.2000630096443223,1.9579124657166584,-0.08916064915737598,59.43847989605583,2.567042490540369
2007-02-01,2007,2,Turkana,10.706940002914877,5.553603630077068,4.3890220867565555,1.174142273830769,39.71793879117096,2.0399896348241655
2007-03-01,2007,3,Turkana,18.713333350335784,20.178293001681393,10.012988052522648,-0.1463059422083831,32.445767616458355,0.2831284912363554
2007-04-01,2007,4,Turkana,38.24240508034615,24.466377798257728,10.307699750238733,1.3364792937211198,67.6626784335968,1.0606996057446874
2007-05-01,2007,5,Turkana,23.088482131874496,16.242816852788334,9.803700903260768,0.6982735751158273,80.04422056255642,1.0545511395684586
2007-06-01,2007,6,Turkana,39.250599066704936,10.932549758811255,7.577416913028758,3.7371639482054997,100.58148627892557,2.9254932980931287
2007-07-01,2007,7,Turkana,32.130915926988685,13.389714975081956,7.11014514256062,2.635839434517836,94.4699971255681,3.4035045688674233
2007-08-01,2007,8,Turkana,18.83318382451308,10.167190091363688,6.114222128988803,1.4173501633285626,90.21469881820667,3.6360462630406754
2007-09-01,2007,9,Turkana,10.802252503976316,4.700261990600285,2.5967120514521578,2.349891090143637,61.766352255478054,2.830822363662151
2007-10-01,2007,10,Turkana,4.527441165047191,6.807843893106737,2.979404365147464,-0.7653887987596739,34.16287749353656,1.684938914835372
2007-11-01,2007,11,Turkana,6.557617821819858,10.101639389652956,8.671568800482893,-0.40869439537119767,21.887311490843345,0.027405839843749957
2007-12-01,2007,12,Turkana,6.041009964991589,9.194044469147999,6.582677761066717,-0.4789896480737747,17.126068951858617,-0.6092100825645328
2008-01-01,2008,1,Turkana,2.768872041623671,3.2000630096443223,1.9579124657166584,-0.22022995183434899,15.367499828435097,-0.5291943308263826
2008-02-01,2008,2,Turkana,3.3360514034001008,5.553603630077068,4.3890220867565555,-0.5052497305420753,12.145933410015338,-0.5601461761348434
2008-03-01,2008,3,Turkana,23.06040095272393,20.178293001681393,10.012988052522648,0.2878369509605504,29.165324397747682,0.018803591955143334
2008-04-01,2008,4,Turkana,16.6488283144623,24.466377798257728,10.307699750238733,-0.7584184321642051,43.04528067058631,-0.4344366781120002
2008-05-01,2008,5,Turkana,4.280074211755648,16.242816852788334,9.803700903260768,-1.2202272140976689,43.989303478941856,-0.9302212157460407
2008-06-01,2008,6,Turkana,7.5654299775697,10.932549758811255,7.577416913028758,-0.4443624812899056,28.494332503787625,-1.3836934117997057
2008-07-01,2008,7,Turkana,10.309661069554474,13.389714975081956,7.11014514256062,-0.43319142489660106,22.1551652588798,-1.1623844264988978
2008-08-01,2008,8,Turkana,8.392414905461285,10.167190091363688,6.114222128988803,-0.29026998830935885,26.267505952585438,-0.5364783414348225
2008-09-01,2008,9,Turkana,5.2907681647496485,4.700261990600285,2.5967120514521578,0.2274053350733037,23.99284413976539,-0.3602457239300336
2008-10-01,2008,10,Turkana,10.770896408040915,6.807843893106737,2.979404365147464,1.3301492611386534,24.454079478251828,0.3749389306078901
2008-11-01,2008,11,Turkana,11.854038125053163,10.101639389652956,8.671568800482893,0.2020855482692615,27.915702697843706,0.6226264161533129
2008-12-01,2008,12,Turkana,3.3810369031302034,9.194044469147999,6.582677761066717,-0.8830764283190132,26.00597143622426,-0.0066201686307781225
2009-01-01,2009,1,Turkana,4.033067090381259,3.2000630096443223,1.9579124657166584,0.4254552209677211,19.268142118564604,-0.2551520411575716
2009-02-01,2009,2,Turkana,2.4744662487970044,5.553603630077068,4.3890220867565555,-0.7015543144727066,9.888570242308445,-0.7730233582460184
2009-03-01,2009,3,Turkana,12.112627386859671,20.178293001681393,10.012988052522648,-0.8055203474241316,18.620160726037913,-0.8308832154647716
2009-04-01,2009,4,Turkana,22.83939247116376,24.466377798257728,10.307699750238733,-0.1578417461234537,37.42648610682041,-0.7756938534112529
2009-05-01,2009,5,Turkana,17.780461286854006,16.242816852788334,9.803700903260768,0.15684326248205338,52.73248114487741,-0.4489216113478838
2009-06-01,2009,6,Turkana,7.389706536519284,10.932549758811255,7.577416913028758,-0.46755289605357964,48.009560294537025,-0.21712272850228906
2009-07-01,2009,7,Turkana,7.664482168022841,13.389714975081956,7.11014514256062,-0.8052202440690615,32.83464999139611,-0.48809202260767487
2009-08-01,2009,8,Turkana,5.295338070014232,10.167190091363688,6.114222128988803,-0.7968065141518149,20.349526774556338,-0.9226237314441986
2009-09-01,2009,9,Turkana,3.665218175961825,4.700261990600285,2.5967120514521578,-0.39859783993363174,16.625038413998876,-0.9826705634511619
2009-10-01,2009,10,Turkana,8.108628692943483,6.807843893106737,2.979404365147464,0.4365922313376099,17.06918493891952,-0.6214987040835162
2009-11-01,2009,11,Turkana,6.75348797957508,10.101639389652956,8.671568800482893,-0.3861067688111322,18.527334848480365,-0.30434556194510276
2009-12-01,2009,12,Turkana,25.55146639837388,9.194044469147999,6.582677761066717,2.4849191351841555,40.41358307089242,0.9710799210054945
2010-01-01,2010,1,Turkana,5.345990268458003,3.2000630096443223,1.9579124657166584,1.0960281914483867,37.65094464640694,1.0363443126627272
2010-02-01,2010,2,Turkana,14.459085876002227,5.553603630077068,4.3890220867565555,2.0290356416288224,45.35654254283409,2.5717295404215816
2010-03-01,2010,3,Turkana,46.30173875473358,20.178293001681393,10.012988052522648,2.608956049485219,66.1068148991938,2.9954000775758893
2010-04-01,2010,4,Turkana,20.50929521391493,24.466377798257728,10.307699750238733,-0.3838957944279616,81.27011984465072,1.8871468029659406
2010-05-01,2010,5,Turkana,27.143714989665632,16.242816852788334,9.803700903260768,1.111916636833708,93.95474895831413,1.8203061167242507
2010-06-01,2010,6,Turkana,7.720847574751269,10.932549758811255,7.577416913028758,-0.4238518509569829,55.37385777833182,0.22309624510089007
2010-07-01,2010,7,Turkana,12.423068637844157,13.389714975081956,7.11014514256062,-0.13595310895294538,47.28763120226104,0.4244553229019934
2010-08-01,2010,8,Turkana,8.02960418779666,10.167190091363688,6.114222128988803,-0.34960880688849794,28.17352040039207,-0.4121117848500608
2010-09-01,2010,9,Turkana,4.89751998995352,4.700261990600285,2.5967120514521578,0.07596452569429976,25.350192815594323,-0.24557826890031426
2010-10-01,2010,10,Turkana,5.760744527080339,6.807843893106737,2.979404365147464,-0.35144587229420005,18.687868704830507,-0.4030910593396075
2010-11-01,2010,11,Turkana,3.4169264669402897,10.101639389652956,8.671568800482893,-0.7708769977515966,14.075190983974135,-0.7439334297276728
2010-12-01,2010,12,Turkana,5.740365340814486,9.194044469147999,6.582677761066717,-0.5246617339770627,14.9180363348351,-0.7590471091532515
2011-01-01,2011,1,Turkana,1.4537218553211475,3.2000630096443223,1.9579124657166584,-0.8919403624533123,10.611013663075907,-0.8633645168061324
2011-02-01,2011,2,Turkana,4.2304390008960455,5.553603630077068,4.3890220867565555,-0.30147139910130366,11.424526197031664,-0.628177380352038
2011-03-01,2011,3,Turkana,22.02314638567495,20.178293001681393,10.012988052522648,0.1842460386766134,27.707307241892128,-0.0986775568340347
2011-04-01,2011,4,Turkana,12.470457793685668,24.466377798257728,10.307699750238733,-1.1637824437303994,38.72404318025664,-0.6968867967293951
2011-05-01,2011,5,Turkana,10.738698449365948,16.242816852788334,9.803700903260768,-0.5614327138021605,45.23230262872656,-0.8617958649277113
2011-06-01,2011,6,Turkana,12.819195185301115,10.932549758811255,7.577416913028758,0.2489826609970378,36.02835142835272,-0.9333289221281214
2011-07-01,2011,7,Turkana,23.854073507258057,13.389714975081956,7.11014514256062,1.4717503401635916,47.4119671419251,0.4323057746556148
2011-08-01,2011,8,Turkana,13.133296290321898,10.167190091363688,6.114222128988803,0.48511587187768035,49.806564982881056,0.9994343166313989
2011-09-01,2011,9,Turkana,8.88910850030915,4.700261990600285,2.5967120514521578,1.6131347745570557,45.87647829788909,1.4884617455645113
2011-10-01,2011,10,Turkana,9.449138754748162,6.807843893106737,2.979404365147464,0.8865177525208787,31.4715435453792,1.3217994794401209
2011-11-01,2011,11,Turkana,51.43084079682172,10.101639389652956,8.671568800482893,4.766058179099873,69.76908805187902,4.755071590249931
2011-12-01,2011,12,Turkana,12.059077067549223,9.194044469147999,6.582677761066717,0.43523816635024665,72.93905661911909,3.1782575719524866
2012-01-01,2012,1,Turkana,1.1614463314577774,3.2000630096443223,1.9579124657166584,-1.0412195202201473,64.6513641958287,2.933277239341425
2012-02-01,2012,2,Turkana,2.5926160401601805,5.553603630077068,4.3890220867565555,-0.6746349258189831,15.813139439167166,-0.21431591856934143
2012-03-01,2012,3,Turkana,11.174665019220235,20.178293001681393,10.012988052522648,-0.899194919162298,14.928727390838178,-1.1283240426568597
2012-04-01,2012,4,Turkana,43.19232757162636,24.466377798257728,10.307699750238733,1.816695308081216,56.95960863100676,0.41064925661525
2012-05-01,2012,5,Turkana,36.18608151865156,16.242816852788334,9.803700903260768,2.034258782744992,90.55307410949814,1.633048711970243
2012-06-01,2012,6,Turkana,11.729091879705573,10.932549758811255,7.577416913028758,0.10512053514235535,91.10750096998348,2.359162551974902
2012-07-01,2012,7,Turkana,25.68141830416639,13.389714975081956,7.11014514256062,1.728755613652318,73.59659170252351,2.0855778081083853
2012-08-01,2012,8,Turkana,18.22881882365214,10.167190091363688,6.114222128988803,1.3185043922540185,55.63932900752409,1.3800194575001334
2012-09-01,2012,9,Turkana,8.225468775926105,4.700261990600285,2.5967120514521578,1.3575655349827567,52.13570590374462,2.017235017160992
2012-10-01,2012,10,Turkana,11.683338498702124,6.807843893106737,2.979404365147464,1.6363990946069775,38.13762609828036,2.221248414870827
2012-11-01,2012,11,Turkana,13.69222800721366,10.101639389652956,8.671568800482893,0.4140644790087759,33.601035281841874,1.1839746798873065
2012-12-01,2012,12,Turkana,22.109193394285167,9.194044469147999,6.582677761066717,1.9619901495898655,47.48475990020094,1.4509297667088144
2013-01-01,2013,1,Turkana,3.3850998917544843,3.2000630096443223,1.9579124657166584,0.09450722917913115,39.1865212932533,1.1442272993515064
2013-02-01,2013,2,Turkana,3.7396648647132062,5.553603630077068,4.3890220867565555,-0.41328996061269413,29.233958150752848,1.051313870123239
2013-03-01,2013,3,Turkana,24.2828240899875,20.178293001681393,10.012988052522648,0.4099207016702693,31.407588846455177,0.19947622825805036
2013-04-01,2013,4,Turkana,49.37183066477394,24.466377798257728,10.307699750238733,2.416198906641551,77.39431961947463,1.65175029187134
2013-05-01,2013,5,Turkana,14.772610559989367,16.242816852788334,9.803700903260768,-0.14996441724471288,88.4272653147508,1.5160259347797103
2013-06-01,2013,6,Turkana,8.441393029254684,10.932549758811255,7.577416913028758,-0.32876067902153155,72.58583425401798,1.2519844227555779
2013-07-01,2013,7,Turkana,15.98925831965412,13.389714975081956,7.11014514256062,0.36561044710769064,39.203261908898156,-0.08598398585683109
2013-08-01,2013,8,Turkana,8.342126991550089,10.167190091363688,6.114222128988803,-0.29849473265954707,32.77277834045888,-0.11201234252449947
2013-09-01,2013,9,Turkana,5.346527538956981,4.700261990600285,2.5967120514521578,0.24887840297705935,29.677912850161174,0.1200231799255377
2013-10-01,2013,10,Turkana,6.139615350204889,6.807843893106737,2.979404365147464,-0.22428259511151463,19.828269880711943,-0.2492176838645209
2013-11-01,2013,11,Turkana,16.026264440244887,10.101639389652956,8.671568800482893,0.6832241301322556,27.51240732940674,0.5828065548700448
2013-12-01,2013,12,Turkana,6.655321428689702,9.194044469147999,6.582677761066717,-0.38566722124445885,28.821201219139464,0.1844212392650208
2014-01-01,2014,1,Turkana,1.4111251033363013,3.2000630096443223,1.9579124657166584,-0.9136965710329714,24.092710972270876,0.0838013406175616
2014-02-01,2014,2,Turkana,5.512696787130141,5.553603630077068,4.3890220867565555,-0.009320263634662361,13.579143319156131,-0.4249895069748546
2014-03-01,2014,3,Turkana,26.9615177492519,20.178293001681393,10.012988052522648,0.677442608738713,33.88533963971833,0.39912340554729403
2014-04-01,2014,4,Turkana,12.61317581874048,24.466377798257728,10.307699750238733,-1.149936675177478,45.08739035512251,-0.3104092600088195
2014-05-01,2014,5,Turkana,9.476336053708565,16.242816852788334,9.803700903260768,-0.6901965763591582,49.051029621700934,-0.6515803275969299
2014-06-01,2014,6,Turkana,6.4160591728073,10.932549758811255,7.577416913028758,-0.5960462038505779,28.505571045256332,-1.3830216003742386
2014-07-01,2014,7,Turkana,16.216095443048882,13.389714975081956,7.11014514256062,0.39751375130846406,32.10849066956473,-0.5339410244078143
2014-08-01,2014,8,Turkana,14.4900938193555,10.167190091363688,6.114222128988803,0.7070243175327282,37.12224843521167,0.17178855902442702
2014-09-01,2014,9,Turkana,4.948524921249534,4.700261990600285,2.5967120514521578,0.0956066463011999,35.6547141836539,0.6249373632405236
2014-10-01,2014,10,Turkana,10.341193151791732,6.807843893106737,2.979404365147464,1.1859247103271642,29.77981189239675,1.09353554447771
2014-11-01,2014,11,Turkana,14.32201618140964,10.101639389652956,8.671568800482893,0.48669126531310747,29.611734254450894,0.7900861655124217
2014-12-01,2014,12,Turkana,7.51433522416808,9.194044469147999,6.582677761066717,-0.25517111819061966,32.17754455736944,0.41218259665346424
2015-01-01,2015,1,Turkana,1.2344574219133453,3.2000630096443223,1.9579124657166584,-1.0039292471696393,23.070808827491053,0.012006907100400156
2015-02-01,2015,2,Turkana,3.0208819484224123,5.553603630077068,4.3890220867565555,-0.577058313125581,11.769674594503822,-0.5956286884467392
2015-03-01,2015,3,Turkana,8.616447872700085,20.178293001681393,10.012988052522648,-1.154684802212307,12.871787243035829,-1.294063993372736
2015-04-01,2015,4,Turkana,44.384691493664654,24.466377798257728,10.307699750238733,1.93237232147217,56.02202131478714,0.3537049431155465
2015-05-01,2015,5,Turkana,16.200191906473513,16.242816852788334,9.803700903260768,-0.004347842384771548,69.20133127283825,0.4576653704496459
2015-06-01,2015,6,Turkana,11.471538816705884,10.932549758811255,7.577416913028758,0.07113097564525984,72.05642221684404,1.2203375176528541
2015-07-01,2015,7,Turkana,9.31195380025232,13.389714975081956,7.11014514256062,-0.573513070840223,36.983684523431705,-0.22612596914108715
2015-08-01,2015,8,Turkana,5.226071212507983,10.167190091363688,6.114222128988803,-0.8081353236135844,26.009563829466174,-0.553308945047204
2015-09-01,2015,9,Turkana,3.2732139279166392,4.700261990600285,2.5967120514521578,-0.5495596101560811,17.81123894067693,-0.8824615324400118
2015-10-01,2015,10,Turkana,7.159261189539407,6.807843893106737,2.979404365147464,0.11794884257520945,15.658546329964015,-0.8118349900555952
2015-11-01,2015,11,Turkana,29.438100300565527,10.101639389652956,8.671568800482893,2.2298688225636614,39.87057541802156,1.8030053905550831
2015-12-01,2015,12,Turkana,13.997349738513282,9.194044469147999,6.582677761066717,0.7296886531153718,50.594711228618195,1.6619709697657863
2016-01-01,2016,1,Turkana,2.1258961720453518,3.2000630096443223,1.9579124657166584,-0.5486286319780855,45.561346211124146,1.5920949803105604
2016-02-01,2016,2,Turkana,3.1236913780823605,5.553603630077068,4.3890220867565555,-0.5536340906842847,19.24693728864098,0.10950313748354408
2016-03-01,2016,3,Turkana,15.725646706540694,20.178293001681393,10.012988052522648,-0.4446870676150373,20.975234256668394,-0.6411208777924811
2016-04-01,2016,4,Turkana,46.111050728538906,24.466377798257728,10.307699750238733,2.099854812881979,64.96038881316196,0.8965761959555223
2016-05-01,2016,5,Turkana,15.476446844181236,16.242816852788334,9.803700903260768,-0.07817150035168845,77.31314427926083,0.9042092404380462
2016-06-01,2016,6,Turkana,10.347470798370322,10.932549758811255,7.577416913028758,-0.07721351050843422,71.93496837109045,1.2130773156532122
2016-07-01,2016,7,Turkana,9.838782463661357,13.389714975081956,7.11014514256062,-0.499417724986382,35.6627001062129,-0.30953165588524884
2016-08-01,2016,8,Turkana,6.430453291990366,10.167190091363688,6.114222128988803,-0.611154897637211,26.61670655402203,-0.5136931645396667
2016-09-01,2016,9,Turkana,2.5196426857881296,4.700261990600285,2.5967120514521578,-0.8397616915563236,18.788878441439834,-0.7998715277600824
2016-10-01,2016,10,Turkana,4.749143241622967,6.807843893106737,2.979404365147464,-0.6909772555770138,13.699239219401449,-1.076202657391239
2016-11-01,2016,11,Turkana,6.312264657153907,10.101639389652956,8.671568800482893,-0.43698837196425516,13.58105058456499,-0.7927229862137557
2016-12-01,2016,12,Turkana,3.273665172058148,9.194044469147999,6.582677761066717,-0.8993876826397253,14.335073070835008,-0.798606978611148
2017-01-01,2017,1,Turkana,3.108771566272343,3.2000630096443223,1.9579124657166584,-0.04662692789923249,12.694701395484383,-0.7169736112393794
2017-02-01,2017,2,Turkana,13.302257429206016,5.553603630077068,4.3890220867565555,1.7654624756867259,19.68469416753649,0.15078513063474966
2017-03-01,2017,3,Turkana,12.525226507680944,20.178293001681393,10.012988052522648,-0.7643139544216627,28.936255503159288,0.0003461432344385733
2017-04-01,2017,4,Turkana,11.606068477338674,24.466377798257728,10.307699750238733,-1.2476410482000313,37.433552414225616,-0.775264681624043
2017-05-01,2017,5,Turkana,13.41628201486575,16.242816852788334,9.803700903260768,-0.28831304277984054,37.54757699988535,-1.2848291768870514
2017-06-01,2017,6,Turkana,4.441952506200158,10.932549758811255,7.577416913028758,-0.8565712203918777,29.46430299840457,-1.3257110426049175
2017-07-01,2017,7,Turkana,32.64331760455151,13.389714975081956,7.11014514256062,2.7079057098594808,50.50155212561741,0.6273792016850146
2017-08-01,2017,8,Turkana,9.246086978486606,10.167190091363688,6.114222128988803,-0.15064927204884174,46.33135708923827,0.7726786172473281
2017-09-01,2017,9,Turkana,7.635959487355661,4.700261990600285,2.5967120514521578,1.1305441029218655,49.52536407039376,1.7967159566438713
2017-10-01,2017,10,Turkana,19.23686600384035,6.807843893106737,2.979404365147464,4.171646606995035,36.118912469682606,1.9488650758148958
2017-11-01,2017,11,Turkana,10.812593941043133,10.101639389652956,8.671568800482893,0.08198684318235315,37.68541943223913,1.587251342663607
2017-12-01,2017,12,Turkana,3.954015592952351,9.194044469147999,6.582677761066717,-0.7960330227901824,34.00347553783582,0.536090217745636
2018-01-01,2018,1,Turkana,1.099363894124327,3.2000630096443223,1.9579124657166584,-1.0729280048539211,15.8659734281198,-0.49417372743941707
2018-02-01,2018,2,Turkana,6.394886182863821,5.553603630077068,4.3890220867565555,0.1916788150429319,11.448265669940488,-0.6259386656560909
2018-03-01,2018,3,Turkana,45.95096341856233,20.178293001681393,10.012988052522648,2.5739240156576275,53.44521349555047,1.9751792437971312
2018-04-01,2018,4,Turkana,67.60193929642298,24.466377798257728,10.307699750238733,4.184790258094801,119.94778889784912,4.236232881565581
2018-05-01,2018,5,Turkana,34.68277615814044,16.242816852788334,9.803700903260768,1.8809181846030074,148.23567887312575,4.80839478340553
2018-06-01,2018,6,Turkana,17.728219576460695,10.932549758811255,7.577416913028758,0.8968319805611901,120.01293503102411,4.087055883539326
2018-07-01,2018,7,Turkana,8.015147971816864,13.389714975081956,7.11014514256062,-0.7559011659401254,60.42614370641799,1.2540083773680835
2018-08-01,2018,8,Turkana,10.372883431154364,10.167190091363688,6.114222128988803,0.033641783934450255,36.11625097943191,0.10614769273805974
2018-09-01,2018,9,Turkana,2.9253673552986106,4.700261990600285,2.5967120514521578,-0.6835161543264302,21.313398758269823,-0.5866025828996694
2018-10-01,2018,10,Turkana,4.902671390874962,6.807843893106737,2.979404365147464,-0.6394474427567267,18.20092217732792,-0.4687943464348541
2018-11-01,2018,11,Turkana,5.508413876156839,10.101639389652956,8.671568800482893,-0.5296879514166265,13.336452622330398,-0.8168736650675691
2018-12-01,2018,12,Turkana,12.36061063291888,9.194044469147999,6.582677761066717,0.4810452947430533,22.771695899950664,-0.22609800867153865
2019-01-01,2019,1,Turkana,1.3992055216848007,3.2000630096443223,1.9579124657166584,-0.9197844742769694,19.268230030760506,-0.25514586482617213
2019-02-01,2019,2,Turkana,4.002863197840364,5.553603630077068,4.3890220867565555,-0.3533225400974652,17.762679352444028,-0.030467537817551862
2019-03-01,2019,3,Turkana,15.17409082035442,20.178293001681393,10.012988052522648,-0.49977111278647995,20.57615953987957,-0.6732767107967613
2019-04-01,2019,4,Turkana,26.149665314136907,24.466377798257728,10.307699750238733,0.1633038948229156,45.326619332331674,-0.2958797013845205
2019-05-01,2019,5,Turkana,7.806091705027213,16.242816852788334,9.803700903260768,-0.860565334562075,49.129847839518526,-0.6472414958238121
2019-06-01,2019,6,Turkana,20.90213055841426,10.932549758811255,7.577416913028758,1.3156964852311497,54.85788757757837,0.19225285879210316
2019-07-01,2019,7,Turkana,19.967759202001982,13.389714975081956,7.11014514256062,0.925163142949714,48.67598146544344,0.512114424427175
2019-08-01,2019,8,Turkana,11.42106206515684,10.167190091363688,6.114222128988803,0.20507465174486944,52.290951825573075,1.1615394030884563
2019-09-01,2019,9,Turkana,5.148959815318484,4.700261990600285,2.5967120514521578,0.17279460172231056,36.537781082477295,0.699537969342877
2019-10-01,2019,10,Turkana,22.160989928364163,6.807843893106737,2.979404365147464,5.153092414999375,38.73101180883948,2.3013134517836864
2019-11-01,2019,11,Turkana,20.409795085643676,10.101639389652956,8.671568800482893,1.1887301978641616,47.71974482932632,2.5780027290030176
2019-12-01,2019,12,Turkana,27.46546133421654,9.194044469147999,6.582677761066717,2.7756814974500092,70.03624634822437,2.981272954792085
2020-01-01,2020,1,Turkana,5.783411417969355,3.2000630096443223,1.9579124657166584,1.319440196413196,53.65866783782956,2.160977844648643
2020-02-01,2020,2,Turkana,6.875637651659443,5.553603630077068,4.3890220867565555,0.30121380012451604,40.12451040384533,2.078330749125431
2020-03-01,2020,3,Turkana,58.68658833376467,20.178293001681393,10.012988052522648,3.8458345431044028,71.34563740339345,3.417523290340711
2020-04-01,2020,4,Turkana,41.47727194835477,24.466377798257728,10.307699750238733,1.650309434915686,107.03949793377886,3.452248547853426
2020-05-01,2020,5,Turkana,15.0137588572184,16.242816852788334,9.803700903260768,-0.1253667372860326,115.17761913933784,2.9885952002364466
2020-06-01,2020,6,Turkana,21.01706119963616,10.932549758811255,7.577416913028758,1.3308640076917768,77.5080920052093,1.5462244721028453
2020-07-01,2020,7,Turkana,15.615657669783014,13.389714975081956,7.11014514256062,0.31306571807891603,51.646477726637556,0.6996687039526559
2020-08-01,2020,8,Turkana,20.77431208351437,10.167190091363688,6.114222128988803,1.7348277128925533,57.40703095293353,1.4953611876070292
2020-09-01,2020,9,Turkana,9.677579363404345,4.700261990600285,2.5967120514521578,1.9167767831710865,46.06754911670171,1.5046032167383108
2020-10-01,2020,10,Turkana,18.004188071757376,6.807843893106737,2.979404365147464,3.7579135983096013,48.45607951867608,3.6135086922697464
2020-11-01,2020,11,Turkana,10.105570816889616,10.101639389652956,8.671568800482893,0.0004533697796921161,37.78733825205132,1.5973144219466764
2020-12-01,2020,12,Turkana,14.157826415972208,9.194044469147999,6.582677761066717,0.7540672849250687,42.26758530461919,1.0968924564946398
2021-01-01,2021,1,Turkana,2.652387590175333,3.2000630096443223,1.9579124657166584,-0.2797241598175956,26.915784823037143,0.28213832320266524
2021-02-01,2021,2,Turkana,7.801857956163176,5.553603630077068,4.3890220867565555,0.512244933300745,24.6120719623107,0.6154539598042467
2021-03-01,2021,3,Turkana,10.766258101448347,20.178293001681393,10.012988052522648,-0.9399826356390988,21.220503647786842,-0.6213580583251687
2021-04-01,2021,4,Turkana,19.02651167327605,24.466377798257728,10.307699750238733,-0.5277478251009092,37.59462773088756,-0.7654817812259822
2021-05-01,2021,5,Turkana,25.86476733969463,16.242816852788334,9.803700903260768,0.9814610402593963,55.657537114419014,-0.28790140396174035
2021-06-01,2021,6,Turkana,4.836043409933007,10.932549758811255,7.577416913028758,-0.8045626126755409,49.727322422903676,-0.11443927733698969
2021-07-01,2021,7,Turkana,12.965360967480407,13.389714975081956,7.11014514256062,-0.059682889602549465,43.66617171710803,0.19579985093868213
2021-08-01,2021,8,Turkana,7.052701955626088,10.167190091363688,6.114222128988803,-0.5093841980276055,24.85410633303949,-0.6287020094995753
2021-09-01,2021,9,Turkana,7.82130950388136,4.700261990600285,2.5967120514521578,1.201922836047876,27.839372426987843,-0.035294871396684795
2021-10-01,2021,10,Turkana,5.1983083426831245,6.807843893106737,2.979404365147464,-0.5402205787343504,20.07231980219056,-0.2162882323727515
2021-11-01,2021,11,Turkana,6.181851995047445,10.101639389652956,8.671568800482893,-0.45202748023947287,19.201469841611917,-0.23778401918121392
2021-12-01,2021,12,Turkana,3.685665097654895,9.194044469147999,6.582677761066717,-0.8367991828602706,15.06582543538545,-0.7490181452611616
2022-01-01,2022,1,Turkana,4.729789786707475,3.2000630096443223,1.9579124657166584,0.7813049887821335,14.5973068794098,-0.5833047627856941
2022-02-01,2022,2,Turkana,4.592011800530005,5.553603630077068,4.3890220867565555,-0.2190902234118556,13.00746668489236,-0.4789005978980294
2022-03-01,2022,3,Turkana,11.325751055447236,20.178293001681393,10.012988052522648,-0.8841059132197675,20.6475526426847,-0.6675241421802082
2022-04-01,2022,4,Turkana,27.910517894304714,24.466377798257728,10.307699750238733,0.3341327531360445,43.82828075028195,-0.38688121182406127
2022-05-01,2022,5,Turkana,16.073518572752384,16.242816852788334,9.803700903260768,-0.01726881324782561,55.30978752250432,-0.307044528740076
2022-06-01,2022,6,Turkana,4.946396238563854,10.932549758811255,7.577416913028758,-0.7899992291508592,48.93043270562094,-0.16207531786754764
2022-07-01,2022,7,Turkana,8.077029715855042,13.389714975081956,7.11014514256062,-0.7471978634339979,29.09694452717127,-0.7240871539866108
2022-08-01,2022,8,Turkana,11.392097823473872,10.167190091363688,6.114222128988803,0.20033746014928716,24.41552377789276,-0.6573193173193107
2022-09-01,2022,9,Turkana,7.488012990880745,4.700261990600285,2.5967120514521578,1.0735695545147055,26.95714053020965,-0.10982493736357207
2022-10-01,2022,10,Turkana,6.883614369097915,6.807843893106737,2.979404365147464,0.025431417392525454,25.76372518345252,0.5516483286667994
2022-11-01,2022,11,Turkana,8.381506094647634,10.101639389652956,8.671568800482893,-0.19836471745568496,22.753133454626283,0.11289383001696754
2022-12-01,2022,12,Turkana,10.123236971382443,9.194044469147999,6.582677761066717,0.14115722141681594,25.388357435127983,-0.04853143605968783
2023-01-01,2023,1,Turkana,1.3415023233256125,3.2000630096443223,1.9579124657166584,-0.9492562710858564,19.84624538935568,-0.21453700081062532
2023-02-01,2023,2,Turkana,2.7843170481466424,5.553603630077068,4.3890220867565555,-0.6309575406982973,14.249056342854686,-0.3618143835456048
2023-03-01,2023,3,Turkana,34.995745086595065,20.178293001681393,10.012988052522648,1.4798232063385515,39.12156445806731,0.821037307251059
2023-04-01,2023,4,Turkana,53.33361846723212,24.466377798257728,10.307699750238733,2.8005511771242473,91.11368060197381,2.484994918039081
2023-05-01,2023,5,Turkana,8.03880137532622,16.242816852788334,9.803700903260768,-0.8368284139241142,96.3681649291534,1.953161263490714
2023-06-01,2023,6,Turkana,6.460580925177929,10.932549758811255,7.577416913028758,-0.5901706194817045,67.83300076773627,0.9678721250595852
2023-07-01,2023,7,Turkana,8.53798876181128,13.389714975081956,7.11014514256062,-0.6823666909735396,23.037371062315422,-1.1066827997982966
2023-08-01,2023,8,Turkana,4.612476188514025,10.167190091363688,6.114222128988803,-0.9084906936098389,19.611045875503226,-0.9708092667766003
2023-09-01,2023,9,Turkana,4.068316433489587,4.700261990600285,2.5967120514521578,-0.24336374021805593,17.218781383814886,-0.9325117527468961
2023-10-01,2023,10,Turkana,17.486548109967462,6.807843893106737,2.979404365147464,3.584174186551609,26.167340731971066,0.6061078365647761
2023-11-01,2023,11,Turkana,16.73705265511944,10.101639389652956,8.671568800482893,0.7651917914895607,38.291917198576485,1.6471346411447305
2023-12-01,2023,12,Turkana,8.308551575269204,9.194044469147999,6.582677761066717,-0.13451864515016165,42.532152340356106,1.1148459675354545
2024-01-01,2024,1,Turkana,4.916651666491896,3.2000630096443223,1.9579124657166584,0.876744331988942,29.962255896880535,0.49617023035765984
2024-02-01,2024,2,Turkana,16.63392065215148,5.553603630077068,4.3890220867565555,2.5245525775566695,29.859123893912574,1.110269169678105
2024-03-01,2024,3,Turkana,17.574937985119302,20.178293001681393,10.012988052522648,-0.259997815128343,39.12551030376267,0.8213552476013308
2024-04-01,2024,4,Turkana,68.70542792734958,24.466377798257728,10.307699750238733,4.291845047976611,102.91428656462034,3.2017040648019095
2024-05-01,2024,5,Turkana,17.276617584133074,16.242816852788334,9.803700903260768,0.10545004805286261,103.55698349660193,2.3488955908490126
2024-06-01,2024,6,Turkana,4.80127517140969,10.932549758811255,7.577416913028758,-0.8091510151512625,90.78332068289232,2.339783878916177
2024-07-01,2024,7,Turkana,33.19311284307782,13.389714975081956,7.11014514256062,2.7852311691156197,55.27100559862057,0.9285179109119422
2024-08-01,2024,8,Turkana,12.877136759003816,10.167190091363688,6.114222128988803,0.4432201857357629,50.871524773491316,1.0689224478529853
2024-09-01,2024,9,Turkana,5.690059840410432,4.700261990600285,2.5967120514521578,0.38117351103932484,51.76030944249205,1.9855219005495166
2024-10-01,2024,10,Turkana,20.216906136501706,6.807843893106737,2.979404365147464,4.500584882083065,38.78410273591594,2.3084769661057774
2024-11-01,2024,11,Turkana,21.750212720742965,10.101639389652956,8.671568800482893,1.3433063381151213,47.657178697655084,2.5718251854972864
2024-12-01,2024,12,Turkana,2.467525512705231,9.194044469147999,6.582677761066717,-1.0218514714827451,44.43464436994989,1.2439490191051106
1981-01-01,1981,1,Wajir,1.158213134216864,3.077265756812428,3.3885131307616843,-0.5663406185958002,,
1981-02-01,1981,2,Wajir,2.6594094930224603,3.547197481100574,2.388743016697951,-0.3716548753349519,,
1981-03-01,1981,3,Wajir,66.91989830084562,16.21790429089108,15.397824754394524,3.292802380770325,70.73752092808495,2.9035025703223996
1981-04-01,1981,4,Wajir,152.20088647117078,77.16859799374762,34.9521514978831,2.146714444230065,221.78019426503886,2.7769060775647327
1981-05-01,1981,5,Wajir,39.877561049425445,17.79068672780335,10.204732321653182,2.1643756666460003,258.99834582144183,3.1517914366956647
1981-06-01,1981,6,Wajir,1.5585438355660537,1.3167520047952637,0.21792408620138,1.1095232059266464,193.63699135616227,2.583917415469973
1981-07-01,1981,7,Wajir,3.907242680630597,2.5295013474901977,0.6262465536073115,2.199998267781787,45.343347565622096,2.267361812065128
1981-08-01,1981,8,Wajir,2.381788973196512,1.6252408530738573,0.27566047641830704,2.74449253644405,7.847575489393162,2.8846531014828614
1981-09-01,1981,9,Wajir,2.799593501176125,2.4877605040067667,0.753341239898431,0.4139332624500961,9.088625155003234,2.1291423697916443
1981-10-01,1981,10,Wajir,15.492842848247047,30.059205572681144,34.191151826989746,-0.42602725986363904,20.674225322619684,-0.39232093132668544
1981-11-01,1981,11,Wajir,15.871672715275476,47.648295149577734,36.13098228960354,-0.879484044458038,34.16410906469865,-0.6917414537489077
1981-12-01,1981,12,Wajir,6.263839518481148,17.457567663207847,14.460950710680036,-0.7740658528390977,37.62835508200367,-0.7511488566195539
1982-01-01,1982,1,Wajir,1.7263589037897702,3.077265756812428,3.3885131307616843,-0.3986724562932401,23.861871137546395,-0.9169178728922145
1982-02-01,1982,2,Wajir,2.602651911644009,3.547197481100574,2.388743016697951,-0.39541531376708994,10.592850333914928,-0.7979476569145931
1982-03-01,1982,3,Wajir,8.80834352903744,16.21790429089108,15.397824754394524,-0.4812082797434722,13.13735434447122,-0.5883378322397536
1982-04-01,1982,4,Wajir,68.169543595225,77.16859799374762,34.9521514978831,-0.2574678242358747,79.58053903590644,-0.3859787788907513
1982-05-01,1982,5,Wajir,27.08112701173302,17.79068672780335,10.204732321653182,0.910405093548265,104.05901413599544,-0.15177125592025473
1982-06-01,1982,6,Wajir,1.3463188531308183,1.3167520047952637,0.21792408620138,0.13567499054800414,96.59698946008884,0.008517946043291187
1982-07-01,1982,7,Wajir,2.403563532377518,2.5295013474901977,0.6262465536073115,-0.20109941425984912,30.831009397241356,0.8793522038255976
1982-08-01,1982,8,Wajir,1.5534090936448917,1.6252408530738573,0.27566047641830704,-0.2605805531583099,5.303291479153229,-0.20420451063216938
1982-09-01,1982,9,Wajir,4.184509647290823,2.4877605040067667,0.753341239898431,2.25229823275415,8.141482273313233,1.3047347285076676
1982-10-01,1982,10,Wajir,83.65048170792561,30.059205572681144,34.191151826989746,1.5674018941046814,89.38840044886132,1.60486723839255
1982-11-01,1982,11,Wajir,70.27645128889237,47.648295149577734,36.13098228960354,0.6262812330409779,158.11144264410882,1.1708994903139438
1982-12-01,1982,12,Wajir,11.385162428641296,17.457567663207847,14.460950710680036,-0.4199174283943737,165.31209542545926,0.9157780507629355
1983-01-01,1983,1,Wajir,1.6295782533037129,3.077265756812428,3.3885131307616843,-0.4272338478981481,83.29119197083739,0.2756075350890928
1983-02-01,1983,2,Wajir,4.355143679348008,3.547197481100574,2.388743016697951,0.33823068978105825,17.369884361293018,-0.41284935966001857
1983-03-01,1983,3,Wajir,3.039754566192002,16.21790429089108,15.397824754394524,-0.8558448959446722,9.024476498843722,-0.8376689346301847
1983-04-01,1983,4,Wajir,41.241117791039336,77.16859799374762,34.9521514978831,-1.0279046829172807,48.63601603657935,-1.0742642956671569
1983-05-01,1983,5,Wajir,17.268720915190244,17.79068672780335,10.204732321653182,-0.051149387966361475,61.549593272421575,-1.0581423840384123
1983-06-01,1983,6,Wajir,1.4524889293579526,1.3167520047952637,0.21792408620138,0.6228633416742044,59.96232763558753,-0.9637500545951574
1983-07-01,1983,7,Wajir,2.8031105346510325,2.5295013474901977,0.6262465536073115,0.43690330203781325,21.52432037919922,-0.010771332992532301
1983-08-01,1983,8,Wajir,1.7290051697077888,1.6252408530738573,0.27566047641830704,0.37642072589496667,5.984604633716767,0.6229355866359932
1983-09-01,1983,9,Wajir,2.998219352353412,2.4877605040067667,0.753341239898431,0.67759312952981,7.530335056712226,0.7727828498045252
1983-10-01,1983,10,Wajir,10.926854490804311,30.059205572681144,34.191151826989746,-0.559570241408895,15.654079012865505,-0.5382322633288616
1983-11-01,1983,11,Wajir,18.93564320329053,47.648295149577734,36.13098228960354,-0.7946822955474723,32.86071704644825,-0.711328412735827
1983-12-01,1983,12,Wajir,14.373898375748883,17.457567663207847,14.460950710680036,-0.21324111734794454,44.23639606984372,-0.6648800701782464
1984-01-01,1984,1,Wajir,1.4499529401786673,3.077265756812428,3.3885131307616843,-0.4802439163834571,34.75949451921808,-0.6982431078598206
1984-02-01,1984,2,Wajir,2.4344481887717424,3.547197481100574,2.388743016697951,-0.46583047424960217,18.258299504699288,-0.3623660423860022
1984-03-01,1984,3,Wajir,5.186972436770587,16.21790429089108,15.397824754394524,-0.7163954668968601,9.071373565720993,-0.8348259381147839
1984-04-01,1984,4,Wajir,37.58481569005902,77.16859799374762,34.9521514978831,-1.132513467907291,45.206236315601345,-1.1505513887897076
1984-05-01,1984,5,Wajir,9.750915647080168,17.79068672780335,10.204732321653182,-0.7878473268391157,52.522703773909775,-1.2506105911311831
1984-06-01,1984,6,Wajir,1.135331473526337,1.3167520047952637,0.21792408620138,-0.8324941700169805,48.47106281066552,-1.2687232280792269
1984-07-01,1984,7,Wajir,2.1555815472804505,2.5295013474901977,0.6262465536073115,-0.5970808111531963,13.041828667886955,-0.822065823274335
1984-08-01,1984,8,Wajir,1.3736202974638207,1.6252408530738573,0.27566047641830704,-0.9127915574962929,4.664533318270608,-0.9796812261254286
1984-09-01,1984,9,Wajir,2.5095423949748774,2.4877605040067667,0.753341239898431,0.02891371109730752,6.038744239719148,-0.5255205962436252
1984-10-01,1984,10,Wajir,21.935933743154187,30.059205572681144,34.191151826989746,-0.2375840355022677,25.819096435592886,-0.24278445355215655
1984-11-01,1984,11,Wajir,54.97377768603068,47.648295149577734,36.13098228960354,0.2027479484985053,79.41925382415974,-0.011661591405936396
1984-12-01,1984,12,Wajir,16.16647171435339,17.457567663207847,14.460950710680036,-0.089281539968249,93.07618314353826,-0.027270653309799303
1985-01-01,1985,1,Wajir,2.3643909330997475,3.077265756812428,3.3885131307616843,-0.21037983215736794,73.50464033348382,0.07922784707610912
1985-02-01,1985,2,Wajir,3.6969055456292073,3.547197481100574,2.388743016697951,0.06267231907414643,22.227768193082344,-0.13680488587915404
1985-03-01,1985,3,Wajir,33.12473093327092,16.21790429089108,15.397824754394524,1.0980009781936664,39.18602741199987,0.9907862301584466
1985-04-01,1985,4,Wajir,74.62259703185416,77.16859799374762,34.9521514978831,-0.07284246756734472,111.44423351075429,0.32275146776721325
1985-05-01,1985,5,Wajir,23.265814806081178,17.79068672780335,10.204732321653182,0.5365283385885861,131.01314277120625,0.42293532634401443
1985-06-01,1985,6,Wajir,1.1982044771177804,1.3167520047952637,0.21792408620138,-0.5439854297148936,99.08661631505313,0.07459156059466228
1985-07-01,1985,7,Wajir,2.3481029525985004,2.5295013474901977,0.6262465536073115,-0.28965970965717014,26.812122235797474,0.49497210395523933
1985-08-01,1985,8,Wajir,1.6717453064094394,1.6252408530738573,0.27566047641830704,0.16870192615140395,5.218052736125735,-0.3076875884599325
1985-09-01,1985,9,Wajir,2.526639588897126,2.4877605040067667,0.753341239898431,0.05160886306396972,6.54648784790508,-0.0835727988271593
1985-10-01,1985,10,Wajir,12.491234009749297,30.059205572681144,34.191151826989746,-0.5138163128234853,16.689618905055877,-0.5081341355676638
1985-11-01,1985,11,Wajir,19.74335428983549,47.648295149577734,36.13098228960354,-0.7723272131400567,34.761227888481926,-0.6827681427664911
1985-12-01,1985,12,Wajir,5.890169114157524,17.457567663207847,14.460950710680036,-0.7999058139730261,38.12475741374233,-0.7446682632296925
1986-01-01,1986,1,Wajir,1.4822905750849424,3.077265756812428,3.3885131307616843,-0.47070060530323526,27.11581397907797,-0.8516233438577926
1986-02-01,1986,2,Wajir,2.5132020134399493,3.547197481100574,2.388743016697951,-0.43286174378437564,9.885661702682434,-0.8381329557673406
1986-03-01,1986,3,Wajir,14.603528683434694,16.21790429089108,15.397824754394524,-0.10484439414051944,18.599021271959604,-0.25724036544584866
1986-04-01,1986,4,Wajir,103.42643831879673,77.16859799374762,34.9521514978831,0.7512510446356764,120.5431690156714,0.5251351182197744
1986-05-01,1986,5,Wajir,11.010338823911678,17.79068672780335,10.204732321653182,-0.6644317254167081,129.0403058261431,0.380871181240069
1986-06-01,1986,6,Wajir,1.414059270239172,1.3167520047952637,0.21792408620138,0.44651909359843966,115.8508364129476,0.5195066749998333
1986-07-01,1986,7,Wajir,2.20076821005438,2.5295013474901977,0.6262465536073115,-0.5249260623347877,14.625166304205258,-0.6706300017824295
1986-08-01,1986,8,Wajir,1.5655128614864768,1.6252408530738573,0.27566047641830704,-0.2166723077730772,5.180340341780058,-0.3534718703549175
1986-09-01,1986,9,Wajir,2.8279735864263027,2.4877605040067667,0.753341239898431,0.45160554659851765,6.594254657967188,-0.04199583723431433
1986-10-01,1986,10,Wajir,12.030509009191023,30.059205572681144,34.191151826989746,-0.5272912902939604,16.423995457103832,-0.5158545223273858
1986-11-01,1986,11,Wajir,57.41217247712741,47.648295149577734,36.13098228960354,0.27023559031106587,72.27065507274477,-0.11908845039948876
1986-12-01,1986,12,Wajir,28.009028352286983,17.457567663207847,14.460950710680036,0.7296519364585363,97.45170983860545,0.02985238492794855
1987-01-01,1987,1,Wajir,4.402404200589505,3.077265756812428,3.3885131307616843,0.3910678202032543,89.82360503000392,0.4066887663610672
1987-02-01,1987,2,Wajir,2.2808235712298166,3.547197481100574,2.388743016697951,-0.5301423807494009,34.69225612410633,0.5714773890800857
1987-03-01,1987,3,Wajir,10.39304374906613,16.21790429089108,15.397824754394524,-0.3782911310354108,17.07627152088548,-0.3495525829126769
1987-04-01,1987,4,Wajir,58.82002384374464,77.16859799374762,34.9521514978831,-0.5249626521879283,71.49389116404062,-0.5658465574180539
1987-05-01,1987,5,Wajir,35.970471168126664,17.79068672780335,10.204732321653182,1.781505272974976,105.18353876093747,-0.1277945318859188
1987-06-01,1987,6,Wajir,1.0463655256198017,1.3167520047952637,0.21792408620138,-1.2407370102522874,95.83686053749115,-0.01165554515315912
1987-07-01,1987,7,Wajir,2.297361821021511,2.5295013474901977,0.6262465536073115,-0.3706839185485559,39.31419851476801,1.6907133964206447
1987-08-01,1987,8,Wajir,2.183383248748962,1.6252408530738573,0.27566047641830704,2.0247458138617564,5.527110595390303,0.0675204140001828
1987-09-01,1987,9,Wajir,2.017509089379556,2.4877605040067667,0.753341239898431,-0.6242209900663503,6.498254159150058,-0.12555613877054964
1987-10-01,1987,10,Wajir,6.073358056079041,30.059205572681144,34.191151826989746,-0.70152206740424,10.274250394207588,-0.6945978174894221
1987-11-01,1987,11,Wajir,14.880111249048438,47.648295149577734,36.13098228960354,-0.9069275680876834,22.970978394507064,-0.8599482467186588
1987-12-01,1987,12,Wajir,7.926699789242787,17.457567663207847,14.460950710680036,-0.6590761606652945,28.88016909437029,-0.8653574988033351
1988-01-01,1988,1,Wajir,3.6623427198240095,3.077265756812428,3.3885131307616843,0.1726648061948237,26.46915375811526,-0.8645994090898362
1988-02-01,1988,2,Wajir,3.2222153275980543,3.547197481100574,2.388743016697951,-0.13604734843003535,14.811257836664879,-0.5582407969708165
1988-03-01,1988,3,Wajir,22.24918440135627,16.21790429089108,15.397824754394524,0.3916968926889409,29.133742448778364,0.3813960694252916
1988-04-01,1988,4,Wajir,121.18226711499352,77.16859799374762,34.9521514978831,1.2592549309564423,146.65366684394786,1.1058995233267874
1988-05-01,1988,5,Wajir,7.772959293282075,17.79068672780335,10.204732321653182,-0.9816746896207063,151.2044108096319,0.8534465405253822
1988-06-01,1988,6,Wajir,1.3472483285085468,1.3167520047952637,0.21792408620138,0.13994012431054548,130.30247473678415,0.9030468743437591
1988-07-01,1988,7,Wajir,2.2011189869271783,2.5295013474901977,0.6262465536073115,-0.5243659365013158,11.321326608717829,-0.9866205188316465
1988-08-01,1988,8,Wajir,1.6382208364164002,1.6252408530738573,0.27566047641830704,0.0470868494141541,5.186588151852154,-0.345886791164633
1988-09-01,1988,9,Wajir,3.406348846367137,2.4877605040067667,0.753341239898431,1.2193522585916294,7.245688669710744,0.5250222837438033
1988-10-01,1988,10,Wajir,14.139428181371803,30.059205572681144,34.191151826989746,-0.4656110291886282,19.18399786415537,-0.4356346238037864
1988-11-01,1988,11,Wajir,27.84806824917485,47.648295149577734,36.13098228960354,-0.5480124160947674,45.39384527691382,-0.5229845643843112
1988-12-01,1988,12,Wajir,17.2755353464051,17.457567663207847,14.460950710680036,-0.012587852655379594,59.26303177695178,-0.4687054960293714
1989-01-01,1989,1,Wajir,3.914402314142989,3.077265756812428,3.3885131307616843,0.24705129507418666,49.03800590972297,-0.41172649648725446
1989-02-01,1989,2,Wajir,3.706421415961222,3.547197481100574,2.388743016697951,0.06665594990655341,24.896359076509338,0.014835168033103356
1989-03-01,1989,3,Wajir,13.585098136654455,16.21790429089108,15.397824754394524,-0.17098559025262483,21.205921866758693,-0.09920469710852156
1989-04-01,1989,4,Wajir,75.06214160837972,77.16859799374762,34.9521514978831,-0.060266858979925314,92.35366116099542,-0.10187179934848523
1989-05-01,1989,5,Wajir,24.78025453328071,17.79068672780335,10.204732321653182,0.6849339683948751,113.42749427831492,0.04798022840596065
1989-06-01,1989,6,Wajir,1.3452809349097443,1.3167520047952637,0.21792408620138,0.13091223926536302,101.1876770765702,0.1303527999260396
1989-07-01,1989,7,Wajir,2.1550897803754,2.5295013474901977,0.6262465536073115,-0.5978660720096717,28.280625248565883,0.6354247496834279
1989-08-01,1989,8,Wajir,1.651016796790156,1.6252408530738573,0.27566047641830704,0.09350612772352708,5.1513875120753285,-0.38862170742726915
1989-09-01,1989,9,Wajir,2.4483835946486656,2.4877605040067667,0.753341239898431,-0.05226968506783207,6.2544901718142505,-0.3377320392755639
1989-10-01,1989,10,Wajir,28.098420097521004,30.059205572681144,34.191151826989746,-0.05734774555364172,32.197820488959856,-0.05738584847710446
1989-11-01,1989,11,Wajir,77.94148830784917,47.648295149577734,36.13098228960354,0.8384270572955917,108.48829200001887,0.42517863054358845
1989-12-01,1989,12,Wajir,13.653237870119847,17.457567663207847,14.460950710680036,-0.2630760500606878,119.69314627549007,0.3202170684479716
1990-01-01,1990,1,Wajir,1.9724973478826429,3.077265756812428,3.3885131307616843,-0.3260333858235487,93.56722352585169,0.48180926431544385
1990-02-01,1990,2,Wajir,15.30216578987439,3.547197481100574,2.388743016697951,4.920984897330291,30.92790100787691,0.3575716096985503
1990-03-01,1990,3,Wajir,49.20264864639497,16.21790429089108,15.397824754394524,2.142169097364878,66.47731178415202,2.645239942026778
1990-04-01,1990,4,Wajir,106.49739191909325,77.16859799374762,34.9521514978831,0.8391126917357845,171.00220635536263,1.6474734587443498
1990-05-01,1990,5,Wajir,7.65982472406541,17.79068672780335,10.204732321653182,-0.9927611704465293,163.35986528955362,1.112620925072133
1990-06-01,1990,6,Wajir,1.179963426639381,1.3167520047952637,0.21792408620138,-0.6276891211991986,115.33718006979807,0.5058744589263865
1990-07-01,1990,7,Wajir,2.0806919382781057,2.5295013474901977,0.6262465536073115,-0.7166656752470024,10.920480088982925,-1.0249588495930984
1990-08-01,1990,8,Wajir,1.4913583608858,1.6252408530738573,0.27566047641830704,-0.48567895524091864,4.752013725803315,-0.8734766822809519
1990-09-01,1990,9,Wajir,2.2341721296661845,2.4877605040067667,0.753341239898431,-0.336618202894046,5.806222428830118,-0.7279111345329106
1990-10-01,1990,10,Wajir,17.844666295312408,30.059205572681144,34.191151826989746,-0.357242696565924,21.570196785864418,-0.36627938162444584
1990-11-01,1990,11,Wajir,42.38295260094206,47.648295149577734,36.13098228960354,-0.1457292942226689,62.461791025920675,-0.2664929266454839
1990-12-01,1990,12,Wajir,44.208805436585095,17.457567663207847,14.460950710680036,1.849894817331775,104.43642433283958,0.12103869024376163
1991-01-01,1991,1,Wajir,3.127227017303939,3.077265756812428,3.3885131307616843,0.01474430187032525,89.71898505483112,0.4045894326176124
1991-02-01,1991,2,Wajir,3.2273359313543764,3.547197481100574,2.388743016697951,-0.13390370898429857,50.56336838524343,1.473337743124183
1991-03-01,1991,3,Wajir,12.623812515541172,16.21790429089108,15.397824754394524,-0.23341555269514022,18.97837546419951,-0.23424313516142323
1991-04-01,1991,4,Wajir,47.01072085493321,77.16859799374762,34.9521514978831,-0.8628332118736938,62.86186930182878,-0.7578448515390167
1991-05-01,1991,5,Wajir,24.981534848067163,17.79068672780335,10.204732321653182,0.7046581814797552,84.61606821854157,-0.5663270053786919
1991-06-01,1991,6,Wajir,1.1917340429966368,1.3167520047952637,0.21792408620138,-0.5736766595093113,73.18398974599704,-0.6128528893152654
1991-07-01,1991,7,Wajir,5.251707238150274,2.5295013474901977,0.6262465536073115,4.346859675282203,31.424976129214095,0.9361612115393961
1991-08-01,1991,8,Wajir,1.7236151807109923,1.6252408530738573,0.27566047641830704,0.3568677269782218,8.167056461857925,3.2725151600235005
1991-09-01,1991,9,Wajir,2.063550301596566,2.4877605040067667,0.753341239898431,-0.5631049781203994,9.038872720457853,2.0858370902983254
1991-10-01,1991,10,Wajir,9.365324104335944,30.059205572681144,34.191151826989746,-0.6052408404682612,13.152489586643522,-0.6109413484392681
1991-11-01,1991,11,Wajir,17.569129668100523,47.648295149577734,36.13098228960354,-0.8325033966799265,28.998004074033055,-0.769376029653489
1991-12-01,1991,12,Wajir,18.85280961768572,17.457567663207847,14.460950710680036,0.09648341816471478,45.787263390122206,-0.644633306894225
1992-01-01,1992,1,Wajir,2.007044119304647,3.077265756812428,3.3885131307616843,-0.31583812610671863,38.42898340509091,-0.6246101154353632
1992-02-01,1992,2,Wajir,3.4890811016158985,3.547197481100574,2.388743016697951,-0.024329272373975242,24.348934838606286,-0.016271676205940194
1992-03-01,1992,3,Wajir,7.869608596391925,16.21790429089108,15.397824754394524,-0.542173704900529,13.365733817312492,-0.5744929995303657
1992-04-01,1992,4,Wajir,99.33490132676395,77.16859799374762,34.9521514978831,0.6341899534956766,110.6935910247718,0.30605525463153127
1992-05-01,1992,5,Wajir,10.452465752754062,17.79068672780335,10.204732321653182,-0.7190998003424832,117.65697567590998,0.1381597638551928
1992-06-01,1992,6,Wajir,1.1600099589712902,1.3167520047952637,0.21792408620138,-0.7192506737375084,110.94737703848934,0.3893709946145458
1992-07-01,1992,7,Wajir,2.48662973072854,2.5295013474901977,0.6262465536073115,-0.06845804821552809,14.09910544245392,-0.720944260047202
1992-08-01,1992,8,Wajir,1.7760699596186422,1.6252408530738573,0.27566047641830704,0.5471553575780154,5.4227096493185005,-0.059226307548205376
1992-09-01,1992,9,Wajir,2.9478100801330296,2.4877605040067667,0.753341239898431,0.6106788687000447,7.21050977048024,0.49440203214476414
1992-10-01,1992,10,Wajir,9.007606680261242,30.059205572681144,34.191151826989746,-0.6157031210572507,13.731486720012942,-0.5941127068534194
1992-11-01,1992,11,Wajir,65.99035506587398,47.648295149577734,36.13098228960354,0.5076546153458458,77.94577182626828,-0.03380460828539008
1992-12-01,1992,12,Wajir,42.06080990043812,17.457567663207847,14.460950710680036,1.7013571741904714,117.05877164657338,0.2858249842150471
1993-01-01,1993,1,Wajir,6.76137225111703,3.077265756812428,3.3885131307616843,1.0872339436608507,114.81253721742917,0.9081236832335018
1993-02-01,1993,2,Wajir,4.594893386783344,3.547197481100574,2.388743016697951,0.438597161083924,53.41707553833852,1.6354968471039644
1993-03-01,1993,3,Wajir,7.065630556050965,16.21790429089108,15.397824754394524,-0.594387446332513,18.42189619395137,-0.2679780514696956
1993-04-01,1993,4,Wajir,72.03462496875272,77.16859799374762,34.9521514978831,-0.14688575109048277,83.69514891158707,-0.2944593075879386
1993-05-01,1993,5,Wajir,30.58772838877101,17.79068672780335,10.204732321653182,1.2540301163817806,109.68798391357474,-0.0317523146173072
1993-06-01,1993,6,Wajir,1.5434276088981391,1.3167520047952637,0.21792408620138,1.0401585618829132,104.16578096642192,0.20939038265440527
1993-07-01,1993,7,Wajir,2.076383593625492,2.5295013474901977,0.6262465536073115,-0.7235453053667956,34.20753959129468,1.2022950885268457
1993-08-01,1993,8,Wajir,1.4033159622758,1.6252408530738573,0.27566047641830704,-0.8050660496620942,5.023127164799474,-0.5443346500158519
1993-09-01,1993,9,Wajir,2.252820530905709,2.4877605040067667,0.753341239898431,-0.3118639477811323,5.732520086807043,-0.7920627795686961
1993-10-01,1993,10,Wajir,31.298562729745235,30.059205572681144,34.191151826989746,0.03624789136485803,34.954699222926784,0.02274326000325877
1993-11-01,1993,11,Wajir,30.82709177790647,47.648295149577734,36.13098228960354,-0.46556175076677775,64.37847503855747,-0.2376896114335379
1993-12-01,1993,12,Wajir,14.154604186942995,17.457567663207847,14.460950710680036,-0.22840569353614287,76.28025869459475,-0.24654350921922724
1994-01-01,1994,1,Wajir,1.3634104295867098,3.077265756812428,3.3885131307616843,-0.5057838825138241,46.345106394436215,-0.4657629728947229
1994-02-01,1994,2,Wajir,2.633273772009466,3.547197481100574,2.388743016697951,-0.38259607781269794,18.151288388539214,-0.3684468438773441
1994-03-01,1994,3,Wajir,7.638258815709778,16.21790429089108,15.397824754394524,-0.5571985401855336,11.634943017305996,-0.6794170926763892
1994-04-01,1994,4,Wajir,52.38828145516649,77.16859799374762,34.9521514978831,-0.7089782882201677,62.65981404288578,-0.7623390784599489
1994-05-01,1994,5,Wajir,12.950911033048108,17.79068672780335,10.204732321653182,-0.4742677752052189,72.97745130392443,-0.8144815586127003
1994-06-01,1994,6,Wajir,1.4090818745748062,1.3167520047952637,0.21792408620138,0.42367904984225563,66.74827436278945,-0.7836539781388697
1994-07-01,1994,7,Wajir,2.401864114758118,2.5295013474901977,0.6262465536073115,-0.20381307010292127,16.761857022381076,-0.4662696008426291
1994-08-01,1994,8,Wajir,1.5976421002230476,1.6252408530738573,0.27566047641830704,-0.10011864308370914,5.408588089556014,-0.0763704185011253
1994-09-01,1994,9,Wajir,2.404910916935371,2.4877605040067667,0.753341239898431,-0.1099761737225033,6.4044171319165795,-0.2072333215717524
1994-10-01,1994,10,Wajir,42.19687159007548,30.059205572681144,34.191151826989746,0.3549943587397114,46.199424607233944,0.34957294933621413
1994-11-01,1994,11,Wajir,83.57992169117482,47.648295149577734,36.13098228960354,0.9944824154956945,128.1817041981857,0.7211249395871082
1994-12-01,1994,12,Wajir,18.28664052912028,17.457567663207847,14.460950710680036,0.057331836785815694,144.06343381037064,0.6383741644358215
1995-01-01,1995,1,Wajir,1.4187675615900115,3.077265756812428,3.3885131307616843,-0.48944717969843377,103.28532978188515,0.6768155081238041
1995-02-01,1995,2,Wajir,5.360624459935453,3.547197481100574,2.388743016697951,0.7591553240170836,25.066032550645787,0.024476696423730862
1995-03-01,1995,3,Wajir,22.29433778493552,16.21790429089108,15.397824754394524,0.3946293447917202,29.073729806461028,0.3777579797887974
1995-04-01,1995,4,Wajir,102.0622650781226,77.16859799374762,34.9521514978831,0.7122213087764478,129.7172273229936,0.7291896923726692
1995-05-01,1995,5,Wajir,8.17237415902934,17.79068672780335,10.204732321653182,-0.9425345286485505,132.5289770220875,0.4552554185047778
1995-06-01,1995,6,Wajir,1.2154626241279725,1.3167520047952637,0.21792408620138,-0.4647920403515717,111.45010186127996,0.4027130928893294
1995-07-01,1995,7,Wajir,2.779158778597001,2.5295013474901977,0.6262465536073115,0.39865677450634096,12.166995561754357,-0.9057378506781428
1995-08-01,1995,8,Wajir,2.003514656483031,1.6252408530738573,0.27566047641830704,1.3722453371775858,5.998136059208047,0.6393632521258872
1995-09-01,1995,9,Wajir,2.24324759047343,2.4877605040067667,0.753341239898431,-0.3245712574640188,7.0259210255535045,0.33373316712506523
1995-10-01,1995,10,Wajir,36.90552634080824,30.059205572681144,34.191151826989746,0.20023662270198098,41.152288587764744,0.20287715723031163
1995-11-01,1995,11,Wajir,26.69517060900531,47.648295149577734,36.13098228960354,-0.5799212535276561,65.84394454028703,-0.2156670037874602
1995-12-01,1995,12,Wajir,20.76572767024036,17.457567663207847,14.460950710680036,0.22876504271529627,84.36642462005395,-0.1409776202309334
1996-01-01,1996,1,Wajir,3.341108830022765,3.077265756812428,3.3885131307616843,0.07786396659204599,50.80200710926848,-0.3763295540239792
1996-02-01,1996,2,Wajir,2.6352979049032883,3.547197481100574,2.388743016697951,-0.3817487146264226,26.74213440516646,0.11971953681579312
1996-03-01,1996,3,Wajir,16.229918363091986,16.21790429089108,15.397824754394524,0.000780244767851163,22.20632509801809,-0.03855819851386187
1996-04-01,1996,4,Wajir,38.71679493860069,77.16859799374762,34.9521514978831,-1.100126928022608,57.58201120659602,-0.8752824303203214
1996-05-01,1996,5,Wajir,16.397654644161452,17.79068672780335,10.204732321653182,-0.13650843939199234,71.34436794585417,-0.8493015955714603
1996-06-01,1996,6,Wajir,1.348787508866811,1.3167520047952637,0.21792408620138,0.14700304417908147,56.463237091629004,-1.0566143966634705
1996-07-01,1996,7,Wajir,2.744208192196124,2.5295013474901977,0.6262465536073115,0.3428471477713844,20.490650345224438,-0.10963506688982244
1996-08-01,1996,8,Wajir,1.5344393232955755,1.6252408530738573,0.27566047641830704,-0.3293962593335036,5.62743502435856,0.1893180886514773
1996-09-01,1996,9,Wajir,2.19034480292056,2.4877605040067667,0.753341239898431,-0.39479545965956386,6.468992318412308,-0.1510260922153681
1996-10-01,1996,10,Wajir,6.033473674523959,30.059205572681144,34.191151826989746,-0.7026885791894205,9.758257800740143,-0.7095952223399151
1996-11-01,1996,11,Wajir,45.23477396198152,47.648295149577734,36.13098228960354,-0.06679921315869379,53.458592439426084,-0.40179011965843114
1996-12-01,1996,12,Wajir,3.3497608273762625,17.457567663207847,14.460950710680036,-0.975579484232137,54.61800846388179,-0.5293468457043394
1997-01-01,1997,1,Wajir,1.4131316364768134,3.077265756812428,3.3885131307616843,-0.4911104239875097,49.997666425834645,-0.39246967960876594
1997-02-01,1997,2,Wajir,2.3155239291008365,3.547197481100574,2.388743016697951,-0.5156157625119199,7.078416392953962,-0.9976519111665612
1997-03-01,1997,3,Wajir,33.442797368759024,16.21790429089108,15.397824754394524,1.1186575605721176,37.17145293433672,0.8686585876131218
1997-04-01,1997,4,Wajir,123.09739408171298,77.16859799374762,34.9521514978831,1.3140477515596447,158.85571537957287,1.3773043623109293
1997-05-01,1997,5,Wajir,16.642482595603035,17.79068672780335,10.204732321653182,-0.11251683003619496,173.18267404607508,1.3220594465356494
1997-06-01,1997,6,Wajir,1.455252228159556,1.3167520047952637,0.21792408620138,0.6355434398210875,141.19512890547563,1.1921331812127565
1997-07-01,1997,7,Wajir,2.8388821318030413,2.5295013474901977,0.6262465536073115,0.494023931198895,20.936616955565675,-0.06698129649627325
1997-08-01,1997,8,Wajir,1.5869732674087975,1.6252408530738573,0.27566047641830704,-0.13882144499739543,5.8811076273714376,0.4972862823153088
1997-09-01,1997,9,Wajir,3.13566069499688,2.4877605040067667,0.753341239898431,0.8600354748632457,7.561516094208762,0.7999233014430772
1997-10-01,1997,10,Wajir,172.2681903345562,30.059205572681144,34.191151826989746,4.159233519872776,176.99082429696193,4.151045290107834
1997-11-01,1997,11,Wajir,197.04501102121392,47.648295149577734,36.13098228960354,4.134864495910042,372.44886205076705,4.391893776373624
1997-12-01,1997,12,Wajir,66.85574268599709,17.457567663207847,14.460950710680036,3.415970084615983,436.16894404176725,4.451847465653716
1998-01-01,1998,1,Wajir,19.637678136210187,3.077265756812428,3.3885131307616843,4.887220955131799,283.5384318434212,4.293824773277911
1998-02-01,1998,2,Wajir,5.489997420200082,3.547197481100574,2.388743016697951,0.813314754043787,91.98341824240741,3.826991363241021
1998-03-01,1998,3,Wajir,12.589022871317958,16.21790429089108,15.397824754394524,-0.23567493963960354,37.71669842772828,0.9017124892954342
1998-04-01,1998,4,Wajir,81.62051674861264,77.16859799374762,34.9521514978831,0.12737180871783108,99.69953704013074,0.06151931111574565
1998-05-01,1998,5,Wajir,37.06460441591855,17.79068672780335,10.204732321653182,1.8887234942182978,131.2741440358492,0.4285003047857085
1998-06-01,1998,6,Wajir,1.6289843783860092,1.3167520047952637,0.21792408620138,1.432757521360979,120.31410554291726,0.6379598976362342
1998-07-01,1998,7,Wajir,2.732800994636996,2.5295013474901977,0.6262465536073115,0.32463196160641467,41.42638978894161,1.8927305868262743
1998-08-01,1998,8,Wajir,1.7654360776161426,1.6252408530738573,0.27566047641830704,0.5085793450111541,6.127221450639205,0.7960778297163734
1998-09-01,1998,9,Wajir,2.211445081694728,2.4877605040067667,0.753341239898431,-0.36678653401384564,6.709682153947924,0.058474019574407225
1998-10-01,1998,10,Wajir,5.78267084224631,30.059205572681144,34.191151826989746,-0.7100238931193733,9.759552001557237,-0.7095576061922076
1998-11-01,1998,11,Wajir,24.84415994321484,47.648295149577734,36.13098228960354,-0.631151819332757,32.838275867155936,-0.711665651611209
1998-12-01,1998,12,Wajir,5.312671479966419,17.457567663207847,14.460950710680036,-0.8398407840690515,35.93950226542763,-0.7731970374998034
1999-01-01,1999,1,Wajir,1.6736596738397975,3.077265756812428,3.3885131307616843,-0.41422477316979495,31.830491097021113,-0.7570173114357336
1999-02-01,1999,2,Wajir,2.819397598339072,3.547197481100574,2.388743016697951,-0.30467902058697266,9.805728752145345,-0.8426750671131022
1999-03-01,1999,3,Wajir,18.725820145917805,16.21790429089108,15.397824754394524,0.16287468490060372,23.21887741809673,0.022824802797882255
1999-04-01,1999,4,Wajir,30.33678164077594,77.16859799374762,34.9521514978831,-1.339883650819266,51.88199938503287,-1.0020653050255326
1999-05-01,1999,5,Wajir,6.980219645477536,17.79068672780335,10.204732321653182,-1.059358221419227,56.04282143217134,-1.1755558633035186
1999-06-01,1999,6,Wajir,1.329184171941204,1.3167520047952637,0.21792408620138,0.05704815545011423,38.646185458194736,-1.5294712023819697
1999-07-01,1999,7,Wajir,2.4249316569797927,2.5295013474901977,0.6262465536073115,-0.16697846863677196,10.73433547439859,-1.0427623565516142
1999-08-01,1999,8,Wajir,1.560004806817788,1.6252408530738573,0.27566047641830704,-0.23665360774126865,5.314120635738842,-0.1910575024296133
1999-09-01,1999,9,Wajir,1.9308542945406064,2.4877605040067667,0.753341239898431,-0.7392482715286435,5.915790758338244,-0.6325411857791973
1999-10-01,1999,10,Wajir,12.961941179665354,30.059205572681144,34.191151826989746,-0.500049383522657,16.452800281023805,-0.5150173056474486
1999-11-01,1999,11,Wajir,51.61535485595943,47.648295149577734,36.13098228960354,0.10979661927218606,66.50815033016545,-0.20568553130408057
1999-12-01,1999,12,Wajir,19.306099242395625,17.457567663207847,14.460950710680036,0.1278291874560196,83.88339527802046,-0.14728362759823835
2000-01-01,2000,1,Wajir,1.7097434171722867,3.077265756812428,3.3885131307616843,-0.4035759304650367,72.6311975155274,0.061701098692871076
2000-02-01,2000,2,Wajir,2.0594703233948777,3.547197481100574,2.388743016697951,-0.6228075382349992,23.075312982962846,-0.08864398627153602
2000-03-01,2000,3,Wajir,3.1198405697038827,16.21790429089108,15.397824754394524,-0.8506437714488876,6.889054310271105,-0.9671226136184469
2000-04-01,2000,4,Wajir,20.2117357338369,77.16859799374762,34.9521514978831,-1.629566702449214,25.39104662693572,-1.5912920030555116
2000-05-01,2000,5,Wajir,10.660637810860468,17.79068672780335,10.204732321653182,-0.6987002394775019,33.99221411440131,-1.6457112647247518
2000-06-01,2000,6,Wajir,1.153455987629423,1.3167520047952637,0.21792408620138,-0.7493252352791399,32.025829532326846,-1.7051725709490888
2000-07-01,2000,7,Wajir,2.1528228475646998,2.5295013474901977,0.6262465536073115,-0.6014859447221718,13.966916646054647,-0.7335872481980413
2000-08-01,2000,8,Wajir,1.5540809622515614,1.6252408530738573,0.27566047641830704,-0.2581432483426197,4.86035979744574,-0.7419404281565918
2000-09-01,2000,9,Wajir,2.195814775465904,2.4877605040067667,0.753341239898431,-0.3875345103637554,5.902718585282222,-0.6439194050150764
2000-10-01,2000,10,Wajir,12.300922072367165,30.059205572681144,34.191151826989746,-0.5193824294125119,16.050817810084688,-0.5267009885835989
2000-11-01,2000,11,Wajir,30.2401899944709,47.648295149577734,36.13098228960354,-0.48180547696086046,44.73692684230403,-0.5328565248200712
2000-12-01,2000,12,Wajir,9.853036432003842,17.457567663207847,14.460950710680036,-0.5258666171642319,52.394148498841965,-0.5583796105967533
2001-01-01,2001,1,Wajir,2.562937326912329,3.077265756812428,3.3885131307616843,-0.15178587482247297,42.656163753387126,-0.5397863298228134
2001-02-01,2001,2,Wajir,3.626717232033498,3.547197481100574,2.388743016697951,0.0332893703412462,16.042690990949726,-0.48826581839137556
2001-03-01,2001,3,Wajir,11.775365836964722,16.21790429089108,15.397824754394524,-0.2885172759651302,17.965020395910607,-0.29567480071842794
2001-04-01,2001,4,Wajir,58.3594665202476,77.16859799374762,34.9521514978831,-0.5381394468560601,73.76154958924587,-0.5154080209733748
2001-05-01,2001,5,Wajir,8.81445201195696,17.79068672780335,10.204732321653182,-0.8796149112897288,78.94928436916933,-0.6871522052053606
2001-06-01,2001,6,Wajir,1.0903194463468715,1.3167520047952637,0.21792408620138,-1.0390432851885385,68.26423797855149,-0.743420962728534
2001-07-01,2001,7,Wajir,2.321416767190986,2.5295013474901977,0.6262465536073115,-0.33227261547484915,12.22618822549488,-0.900076462068267
2001-08-01,2001,8,Wajir,1.5511780376329918,1.6252408530738573,0.27566047641830704,-0.2686740457071449,4.962914251170913,-0.6174354185859718
2001-09-01,2001,9,Wajir,2.1302879349329493,2.4877605040067667,0.753341239898431,-0.4745161291342732,6.002882739756991,-0.5567349939530339
2001-10-01,2001,10,Wajir,11.76422596165207,30.059205572681144,34.191151826989746,-0.5350793592331516,15.445691934218075,-0.5442890661272999
2001-11-01,2001,11,Wajir,43.97280576320465,47.648295149577734,36.13098228960354,-0.10172680490424103,57.86731965978973,-0.3355371750027676
2001-12-01,2001,12,Wajir,10.90294345292817,17.457567663207847,14.460950710680036,-0.4532637128372759,66.63997517778495,-0.372398594179462
2002-01-01,2002,1,Wajir,1.4637176684774105,3.077265756812428,3.3885131307616843,-0.4761817428673553,56.33946688461029,-0.26521333419885884
2002-02-01,2002,2,Wajir,2.082160352684418,3.547197481100574,2.388743016697951,-0.6133088064204294,14.448821474090064,-0.5788358870244962
2002-03-01,2002,3,Wajir,9.720619973377287,16.21790429089108,15.397824754394524,-0.421961180955737,13.26649799453918,-0.5805088789261023
2002-04-01,2002,4,Wajir,143.45086365795666,77.16859799374762,34.9521514978831,1.8963715486362396,155.25364398401842,1.2971850606817326
2002-05-01,2002,5,Wajir,8.764268960887941,17.79068672780335,10.204732321653182,-0.8845325367097053,161.93575259222195,1.0822564880643835
2002-06-01,2002,6,Wajir,1.1776143594157151,1.3167520047952637,0.21792408620138,-0.6384684125781936,153.39274697826036,1.5158526628607696
2002-07-01,2002,7,Wajir,2.730969114598559,2.5295013474901977,0.6262465536073115,0.321706787762527,12.672852434902271,-0.8573559709164715
2002-08-01,2002,8,Wajir,1.3845573900725594,1.6252408530738573,0.27566047641830704,-0.8731156026737309,5.29314086408689,-0.21652774360817384
2002-09-01,2002,9,Wajir,2.7929950549959397,2.4877605040067667,0.753341239898431,0.4051743550244589,6.908521559667115,0.23154687756894002
2002-10-01,2002,10,Wajir,36.18511769032033,30.059205572681144,34.191151826989746,0.17916659107118843,40.36267013538889,0.17992677430306592
2002-11-01,2002,11,Wajir,39.5852694103767,47.648295149577734,36.13098228960354,-0.22316098894219977,78.56338215569303,-0.02452335750055041
2002-12-01,2002,12,Wajir,33.90028304191562,17.457567663207847,14.460950710680036,1.1370424882621388,109.67067014261272,0.1893724119587999
2003-01-01,2003,1,Wajir,1.578251206187627,3.077265756812428,3.3885131307616843,-0.442381213463926,75.06380365848,0.11051445533916361
2003-02-01,2003,2,Wajir,2.4070995449434136,3.547197481100574,2.388743016697951,-0.4772794428649595,37.88563379304672,0.7529379362503795
2003-03-01,2003,3,Wajir,9.06059200538013,16.21790429089108,15.397824754394524,-0.46482619458753494,13.045942756511227,-0.5938793904510082
2003-04-01,2003,4,Wajir,131.16051028089527,77.16859799374762,34.9521514978831,1.544737876591594,142.62820183121886,1.016362862295956
2003-05-01,2003,5,Wajir,35.83885818241543,17.79068672780335,10.204732321653182,1.7686080228009593,176.0599604686909,1.3834079497099196
2003-06-01,2003,6,Wajir,1.184636162080188,1.3167520047952637,0.21792408620138,-0.606247088231402,168.18400462539094,1.9084062114207767
2003-07-01,2003,7,Wajir,2.2197099382530987,2.5295013474901977,0.6262465536073115,-0.49467962330911924,39.24320428274877,1.6839232654969463
2003-08-01,2003,8,Wajir,1.5477753440581488,1.6252408530738573,0.27566047641830704,-0.28101783042033507,4.9521214443914925,-0.6305382967405047
2003-09-01,2003,9,Wajir,1.8094423925861,2.4877605040067667,0.753341239898431,-0.9004128215682453,5.576927674897405,-0.9274927931219131
2003-10-01,2003,10,Wajir,23.31556626721909,30.059205572681144,34.191151826989746,-0.197233463779912,26.672784003863395,-0.2179718918230248
2003-11-01,2003,11,Wajir,46.99032149157132,47.648295149577734,36.13098228960354,-0.01821078798058972,72.11533015137657,-0.12142262371180454
2003-12-01,2003,12,Wajir,22.809422946233965,17.457567663207847,14.460950710680036,0.3700901406899577,93.11531070502443,-0.02675983819045745
2004-01-01,2004,1,Wajir,4.753336303807305,3.077265756812428,3.3885131307616843,0.4946330388332072,74.55308074161265,0.10026614614998194
2004-02-01,2004,2,Wajir,2.65452192823808,3.547197481100574,2.388743016697951,-0.37370095762602085,30.217281178279407,0.3171913363713398
2004-03-01,2004,3,Wajir,6.6294513492165645,16.21790429089108,15.397824754394524,-0.6227147726783929,14.037309581262006,-0.5337806973786636
2004-04-01,2004,4,Wajir,78.71927233863728,77.16859799374762,34.9521514978831,0.04436563354286144,88.00324561609199,-0.1986361932149241
2004-05-01,2004,5,Wajir,8.262587213258527,17.79068672780335,10.204732321653182,-0.9336942130591092,93.61131090111243,-0.3745335607193541
2004-06-01,2004,6,Wajir,1.1995408273528874,1.3167520047952637,0.21792408620138,-0.5378532473646048,88.18140037924876,-0.2148281301132211
2004-07-01,2004,7,Wajir,2.204019222715403,2.5295013474901977,0.6262465536073115,-0.5197347959840245,11.666147263326874,-0.9536406932402338
2004-08-01,2004,8,Wajir,1.3614776423758572,1.6252408530738573,0.27566047641830704,-0.9568408722393226,4.765037692444205,-0.8576650911469691
2004-09-01,2004,9,Wajir,1.7655700777657024,2.4877605040067667,0.753341239898431,-0.9586497963903229,5.33106694285702,-1.141493732266495
2004-10-01,2004,10,Wajir,35.827269470734635,30.059205572681144,34.191151826989746,0.16870048506234608,38.95431719087625,0.1389927772871327
2004-11-01,2004,11,Wajir,67.70323044457984,47.648295149577734,36.13098228960354,0.5550620000932771,105.29606999308024,0.37720693772090297
2004-12-01,2004,12,Wajir,8.362007442084524,17.457567663207847,14.460950710680036,-0.628973876137055,111.89250735739905,0.21837876959829816
2005-01-01,2005,1,Wajir,1.8632436808780728,3.077265756812428,3.3885131307616843,-0.35827574782378435,77.92848156754249,0.16799788514013328
2005-02-01,2005,2,Wajir,3.305804970457325,3.547197481100574,2.388743016697951,-0.10105419836116789,13.531056093419979,-0.6309870026817953
2005-03-01,2005,3,Wajir,3.304854927553414,16.21790429089108,15.397824754394524,-0.8386281549056009,8.47390357888887,-0.8710457958526988
2005-04-01,2005,4,Wajir,48.47167190316853,77.16859799374762,34.9521514978831,-0.8210346104821944,55.08233180117932,-0.9308817081430878
2005-05-01,2005,5,Wajir,20.84290883734778,17.79068672780335,10.204732321653182,0.29909869395280386,72.61943566806978,-0.822115043829893
2005-06-01,2005,6,Wajir,1.404117597600827,1.3167520047952637,0.21792408620138,0.4008992045277196,70.71869833811719,-0.6782806516790336
2005-07-01,2005,7,Wajir,2.451067597051531,2.5295013474901977,0.6262465536073115,-0.12524420292115282,24.698094032000196,0.2927792233239728
2005-08-01,2005,8,Wajir,1.343779753406252,1.6252408530738573,0.27566047641830704,-1.0210426366690881,5.198964948058666,-0.3308608895662985
2005-09-01,2005,9,Wajir,1.7437492038845976,2.4877605040067667,0.753341239898431,-0.9876152541741643,5.538596554342438,-0.9608567863434081
2005-10-01,2005,10,Wajir,10.672687342078657,30.059205572681144,34.191151826989746,-0.5670039526220112,13.760216299369564,-0.5932776771683997
2005-11-01,2005,11,Wajir,19.981873766071008,47.648295149577734,36.13098228960354,-0.7657256910910935,32.39831031203432,-0.7182773134621018
2005-12-01,2005,12,Wajir,2.4441572486319543,17.457567663207847,14.460950710680036,-1.038203553483371,33.098718356781674,-0.8102838202228304
2006-01-01,2006,1,Wajir,2.302241764008472,3.077265756812428,3.3885131307616843,-0.22872096488814336,24.728272778711492,-0.8995324147358881
2006-02-01,2006,2,Wajir,2.873963338993746,3.547197481100574,2.388743016697951,-0.28183615290583464,7.620362351634229,-0.9668563647595863
2006-03-01,2006,3,Wajir,8.151098221042608,16.21790429089108,15.397824754394524,-0.5238925756409986,13.327303324044882,-0.5768227349641589
2006-04-01,2006,4,Wajir,110.67452883978106,77.16859799374762,34.9521514978831,0.9586228432336346,121.69959039981747,0.5508568942515322
2006-05-01,2006,5,Wajir,12.02927594221189,17.79068672780335,10.204732321653182,-0.5645822549765915,130.85490300303562,0.4195613928893512
2006-06-01,2006,6,Wajir,1.050064544632412,1.3167520047952637,0.21792408620138,-1.2237631223398147,123.75386932662542,0.7292497332753817
2006-07-01,2006,7,Wajir,2.2661982024044813,2.5295013474901977,0.6262465536073115,-0.42044645765958316,15.345538689248839,-0.6017311255055903
2006-08-01,2006,8,Wajir,1.4478922591733,1.6252408530738573,0.27566047641830704,-0.6433588021208958,4.76415500621025,-0.8587367058259464
2006-09-01,2006,9,Wajir,2.195825124388244,2.4877605040067667,0.753341239898431,-0.38752077300040416,5.909915585966082,-0.6376550256138258
2006-10-01,2006,10,Wajir,74.02114406227089,30.059205572681144,34.191151826989746,1.2857694502964114,77.66486144583249,1.2641207568830968
2006-11-01,2006,11,Wajir,100.18630327773884,47.648295149577734,36.13098228960354,1.454098527049418,176.40327246439801,1.445783267005049
2006-12-01,2006,12,Wajir,27.735186270405496,17.457567663207847,14.460950710680036,0.7107152781875665,201.94263361041527,1.3939942243192465
2007-01-01,2007,1,Wajir,1.875685768716264,3.077265756812428,3.3885131307616843,-0.3546039049363423,129.79717531686066,1.2088096310521526
2007-02-01,2007,2,Wajir,2.859027745487102,3.547197481100574,2.388743016697951,-0.28808864361004183,32.46989978460892,0.44519417450923243
2007-03-01,2007,3,Wajir,8.700832318837941,16.21790429089108,15.397824754394524,-0.4881905133975353,13.435545833041363,-0.5702608517508535
2007-04-01,2007,4,Wajir,54.945650918500135,77.16859799374762,34.9521514978831,-0.6358105616643781,66.50551098282523,-0.6768009201975246
2007-05-01,2007,5,Wajir,24.01151088343813,17.79068672780335,10.204732321653182,0.6096018944499857,87.65799412077627,-0.5014681163218696
2007-06-01,2007,6,Wajir,1.773118770385698,1.3167520047952637,0.21792408620138,2.0941547744690943,80.73028057232402,-0.41257761097102275
2007-07-01,2007,7,Wajir,2.2412567407067967,2.5295013474901977,0.6262465536073115,-0.4602733621814789,28.025886394530684,0.6110606552907574
2007-08-01,2007,8,Wajir,2.3139916472208357,1.6252408530738573,0.27566047641830704,2.49854749979398,6.328367158313387,1.0402763735082956
2007-09-01,2007,9,Wajir,5.190516395819527,2.4877605040067667,0.753341239898431,3.58769140552714,9.745764783747216,2.7011267470171805
2007-10-01,2007,10,Wajir,47.74961429855841,30.059205572681144,34.191151826989746,0.5173972732884901,55.25412234159883,0.6127491449644571
2007-11-01,2007,11,Wajir,41.64430105010681,47.648295149577734,36.13098228960354,-0.1661730105023614,94.5844317444848,0.21623585908901932
2007-12-01,2007,12,Wajir,4.2850443654633565,17.457567663207847,14.460950710680036,-0.9109029939515674,93.67895971412864,-0.019401331170942154
2008-01-01,2008,1,Wajir,4.601484210987853,3.077265756812428,3.3885131307616843,0.44981925563109887,50.53082962655808,-0.3817710773944332
2008-02-01,2008,2,Wajir,2.3453803276414367,3.547197481100574,2.388743016697951,-0.5031169720049897,11.231908904092704,-0.761633781814188
2008-03-01,2008,3,Wajir,8.95429411927794,16.21790429089108,15.397824754394524,-0.47172962983229916,15.901158657907287,-0.4207903382160628
2008-04-01,2008,4,Wajir,73.78109088351677,77.16859799374762,34.9521514978831,-0.0969184146056366,85.08076533043621,-0.2636396464504187
2008-05-01,2008,5,Wajir,7.982755471029479,17.79068672780335,10.204732321653182,-0.9611159751797363,90.71814047382423,-0.4362207371322024
2008-06-01,2008,6,Wajir,1.9592273045945232,1.3167520047952637,0.21792408620138,2.948161036249838,83.72307365914082,-0.33315018334023544
2008-07-01,2008,7,Wajir,2.340355019404464,2.5295013474901977,0.6262465536073115,-0.3020317269551604,12.282337795028509,-0.894706125385995
2008-08-01,2008,8,Wajir,1.4229731537513672,1.6252408530738573,0.27566047641830704,-0.7337566195581645,5.722555477750397,0.3047979389137532
2008-09-01,2008,9,Wajir,1.8056132980069293,2.4877605040067667,0.753341239898431,-0.9054956371322612,5.568941471162804,-0.934444106921483
2008-10-01,2008,10,Wajir,14.407623726072917,30.059205572681144,34.191151826989746,-0.4577670248082491,17.636210177831256,-0.4806213132413651
2008-11-01,2008,11,Wajir,56.78320395934789,47.648295149577734,36.13098228960354,0.25282757984685805,72.99644098342777,-0.10818157152745571
2008-12-01,2008,12,Wajir,2.690629756493604,17.457567663207847,14.460950710680036,-1.0211595490611984,73.88145744191445,-0.2778601541013378
2009-01-01,2009,1,Wajir,2.5475069012674707,3.077265756812428,3.3885131307616843,-0.15633962009345256,62.021340617109004,-0.15119926343480825
2009-02-01,2009,2,Wajir,3.454725241059754,3.547197481100574,2.388743016697951,-0.03871167362684658,8.692861898820873,-0.9059126321828639
2009-03-01,2009,3,Wajir,3.313910216219965,16.21790429089108,15.397824754394524,-0.838040066080654,9.316142358547232,-0.8199875511660876
2009-04-01,2009,4,Wajir,44.58616274456645,77.16859799374762,34.9521514978831,-0.9322011336313459,51.354798201846215,-1.0137916108025726
2009-05-01,2009,5,Wajir,16.045020491089776,17.79068672780335,10.204732321653182,-0.17106438284613176,63.94509345187623,-1.007066360042986
2009-06-01,2009,6,Wajir,1.1252590050155609,1.3167520047952637,0.21792408620138,-0.878714249157146,61.75644224067183,-0.9161350328335829
2009-07-01,2009,7,Wajir,2.257781600301664,2.5295013474901977,0.6262465536073115,-0.43388621561806767,19.428061096407042,-0.21126473330595005
2009-08-01,2009,8,Wajir,1.3094030705566226,1.6252408530738573,0.27566047641830704,-1.1457492442186734,4.69244367587389,-0.9457969898559009
2009-09-01,2009,9,Wajir,1.7482643971824272,2.4877605040067667,0.753341239898431,-0.9816216976572819,5.315449068040756,-1.1550877692254917
2009-10-01,2009,10,Wajir,75.34214946523167,30.059205572681144,34.191151826989746,1.3244053350903833,78.39981693297077,1.2854823522378556
2009-11-01,2009,11,Wajir,15.712683107983352,47.648295149577734,36.13098228960354,-0.8838844121540436,92.80309697039749,0.18946652900760838
2009-12-01,2009,12,Wajir,22.426621456596056,17.457567663207847,14.460950710680036,0.34361874905765,113.48145402981112,0.23912266349986255
2010-01-01,2010,1,Wajir,2.5539934783929925,3.077265756812428,3.3885131307616843,-0.15442533590000052,40.693298042972444,-0.5791737432965602
2010-02-01,2010,2,Wajir,3.408240987322895,3.547197481100574,2.388743016697951,-0.05817138671105937,28.388855922311986,0.2132928684153325
2010-03-01,2010,3,Wajir,48.21385878841876,16.21790429089108,15.397824754394524,2.077952893209547,54.17609325413469,1.8995148094178667
2010-04-01,2010,4,Wajir,65.28748151352474,77.16859799374762,34.9521514978831,-0.33992518260120475,116.90958128926644,0.44431481260138045
2010-05-01,2010,5,Wajir,11.800362574597324,17.79068672780335,10.204732321653182,-0.58701433456469,125.30170287654087,0.3011579858076538
2010-06-01,2010,6,Wajir,1.079476687265794,1.3167520047952637,0.21792408620138,-1.0887980381856808,78.16732077538789,-0.48059744992630515
2010-07-01,2010,7,Wajir,2.410244958844204,2.5295013474901977,0.6262465536073115,-0.19043041108817577,15.290084220707364,-0.6070349803539488
2010-08-01,2010,8,Wajir,1.3300440525161568,1.6252408530738573,0.27566047641830704,-1.0708709655922808,4.819765698626197,-0.7912232089471967
2010-09-01,2010,9,Wajir,1.921200439797594,2.4877605040067667,0.753341239898431,-0.7520629884613234,5.661489451157997,-0.8538889305395463
2010-10-01,2010,10,Wajir,11.685950908354764,30.059205572681144,34.191151826989746,-0.5373686957753478,14.937195400668557,-0.5590685968323189
2010-11-01,2010,11,Wajir,22.982011559983373,47.648295149577734,36.13098228960354,-0.6826906446075762,36.589162908135776,-0.6552985190773923
2010-12-01,2010,12,Wajir,4.219983397293903,17.457567663207847,14.460950710680036,-0.9154020735398412,38.887945865632084,-0.7347047442848638
2011-01-01,2011,1,Wajir,1.769183031933994,3.077265756812428,3.3885131307616843,-0.38603442701855417,28.971177989211313,-0.8143930896311842
2011-02-01,2011,2,Wajir,2.663127575707834,3.547197481100574,2.388743016697951,-0.37009837358512643,8.652294004935774,-0.908217862877478
2011-03-01,2011,3,Wajir,2.772233468214098,16.21790429089108,15.397824754394524,-0.8732188498794027,7.204544075855969,-0.9479969760481991
2011-04-01,2011,4,Wajir,20.91892385014229,77.16859799374762,34.9521514978831,-1.6093336671138008,26.354284894064264,-1.569867114764818
2011-05-01,2011,5,Wajir,7.756952092222335,17.79068672780335,10.204732321653182,-0.9832432952984637,31.448109410578766,-1.699955782848269
2011-06-01,2011,6,Wajir,1.1640718611834673,1.3167520047952637,0.21792408620138,-0.700611604128546,29.83994780354813,-1.7631849218820086
2011-07-01,2011,7,Wajir,2.2006688513087918,2.5295013474901977,0.6262465536073115,-0.5250847198874977,11.121692804714638,-1.0057141779560985
2011-08-01,2011,8,Wajir,1.384240323303863,1.6252408530738573,0.27566047641830704,-0.8742658102508786,4.748981035796165,-0.8771584833597897
2011-09-01,2011,9,Wajir,1.968055065659043,2.4877605040067667,0.753341239898431,-0.6898672352223713,5.5529642402717405,-0.9483509329007358
2011-10-01,2011,10,Wajir,85.80384187420353,30.059205572681144,34.191151826989746,1.6303819357591454,89.15613726316647,1.5981164728353878
2011-11-01,2011,11,Wajir,113.04115287225989,47.648295149577734,36.13098228960354,1.8098831966021176,200.8130498121225,1.8126056052540611
2011-12-01,2011,12,Wajir,13.492159178871582,17.457567663207847,14.460950710680036,-0.2742149229101265,212.33715392533503,1.5296959632851175
2012-01-01,2012,1,Wajir,1.1841802393124996,3.077265756812428,3.3885131307616843,-0.5586773444417471,127.71749229044401,1.1670781285753478
2012-02-01,2012,2,Wajir,2.758391349697519,3.547197481100574,2.388743016697951,-0.3302180795041953,17.434730767881643,-0.4091645263451092
2012-03-01,2012,3,Wajir,3.325990611515864,16.21790429089108,15.397824754394524,-0.8372555140099174,7.268562200525926,-0.9441160658446788
2012-04-01,2012,4,Wajir,60.88742113785005,77.16859799374762,34.9521514978831,-0.46581329498081564,66.97180309906348,-0.6664293882078156
2012-05-01,2012,5,Wajir,19.51667041107744,17.79068672780335,10.204732321653182,0.16913561560176968,83.73008216044339,-0.5852176928230726
2012-06-01,2012,6,Wajir,1.049653006588117,1.3167520047952637,0.21792408620138,-1.2256515691447012,81.45374455551564,-0.3933771913290647
2012-07-01,2012,7,Wajir,2.205869616364067,2.5295013474901977,0.6262465536073115,-0.5167800593263849,22.772193034029666,0.10857947145177241
2012-08-01,2012,8,Wajir,1.5437899119430472,1.6252408530738573,0.27566047641830704,-0.29547558717561917,4.799312534895273,-0.816054128069367
2012-09-01,2012,9,Wajir,1.962200377491549,2.4877605040067667,0.753341239898431,-0.697638863612559,5.711859905798706,-0.8100457169088283
2012-10-01,2012,10,Wajir,33.85967406826725,30.059205572681144,34.191151826989746,0.1111535672976686,37.36566435770189,0.09281833601096733
2012-11-01,2012,11,Wajir,28.692174583819902,47.648295149577734,36.13098228960354,-0.5246500195820122,64.51404902957874,-0.2356522487946357
2012-12-01,2012,12,Wajir,9.63837864068622,17.457567663207847,14.460950710680036,-0.540710578367909,72.19022729277341,-0.2999393713501156
2013-01-01,2013,1,Wajir,3.3866399252684123,3.077265756812428,3.3885131307616843,0.09130086162199462,41.71719314977457,-0.5586279771183729
2013-02-01,2013,2,Wajir,2.3666455420829258,3.547197481100574,2.388743016697951,-0.4942147107350081,15.391664108037594,-0.525259781098895
2013-03-01,2013,3,Wajir,54.41197459111243,16.21790429089108,15.397824754394524,2.4804848028498836,60.16526005846381,2.262590402171272
2013-04-01,2013,4,Wajir,111.01746313180684,77.16859799374762,34.9521514978831,0.968434379214375,167.79608326500224,1.5761610624231832
2013-05-01,2013,5,Wajir,9.840056347956317,17.79068672780335,10.204732321653182,-0.7791120951773304,175.26949407087562,1.3665538993330244
2013-06-01,2013,6,Wajir,1.2957198371640126,1.3167520047952637,0.21792408620138,-0.09651144119891165,122.15323931692721,0.6867697085723732
2013-07-01,2013,7,Wajir,2.945748844375828,2.5295013474901977,0.6262465536073115,0.6646703195218517,14.0815250294962,-0.7226257108113043
2013-08-01,2013,8,Wajir,1.5124741157271575,1.6252408530738573,0.27566047641830704,-0.4090783663000694,5.753942797267041,0.34290333926319344
2013-09-01,2013,9,Wajir,3.9557625830193017,2.4877605040067667,0.753341239898431,1.9486548741317518,8.41398554312233,1.5419257397568207
2013-10-01,2013,10,Wajir,15.546126296939594,30.059205572681144,34.191151826989746,-0.4244688611012292,21.014362995686096,-0.38243477704372963
2013-11-01,2013,11,Wajir,45.565600935920045,47.648295149577734,36.13098228960354,-0.05764288933425901,65.06748981587899,-0.22733531741009147
2013-12-01,2013,12,Wajir,9.339653668152163,17.457567663207847,14.460950710680036,-0.5613679319894407,70.45138090101185,-0.32264022449269725
2014-01-01,2014,1,Wajir,1.5309613040830516,3.077265756812428,3.3885131307616843,-0.45633715823370335,56.43621590815531,-0.2632719411767432
2014-02-01,2014,2,Wajir,3.1306103267632195,3.547197481100574,2.388743016697951,-0.17439596952258965,14.001225298998484,-0.6042700997182923
2014-03-01,2014,3,Wajir,21.883503741761952,16.21790429089108,15.397824754394524,0.3679480407941333,26.545075372608274,0.2244657544368509
2014-04-01,2014,4,Wajir,79.46570480701536,77.16859799374762,34.9521514978831,0.06572147106328655,104.47981887554059,0.16784503323120634
2014-05-01,2014,5,Wajir,21.957306790734524,17.79068672780335,10.204732321653182,0.40830272971395043,123.30651533951189,0.25861728913366455
2014-06-01,2014,6,Wajir,1.3717691160987926,1.3167520047952637,0.21792408620138,0.25245998394453995,102.79478071384872,0.17300463189110352
2014-07-01,2014,7,Wajir,2.7253228241813203,2.5295013474901977,0.6262465536073115,0.312690705542649,26.054398731014693,0.42250083896508633
2014-08-01,2014,8,Wajir,1.8127665159992885,1.6252408530738573,0.27566047641830704,0.6802776566375305,5.9098584562794585,0.5321908827332403
2014-09-01,2014,9,Wajir,2.158786346765569,2.4877605040067667,0.753341239898431,-0.43668677594970345,6.696875686946235,0.047327074949532255
2014-10-01,2014,10,Wajir,11.533423000423785,30.059205572681144,34.191151826989746,-0.5418297302764019,15.5049758631887,-0.5425659695263865
2014-11-01,2014,11,Wajir,56.4900733977117,47.648295149577734,36.13098228960354,0.24471458255033737,70.1822827449011,-0.1504718427803931
2014-12-01,2014,12,Wajir,8.435109709350156,17.457567663207847,14.460950710680036,-0.6239187266708693,76.45860610748569,-0.24421516184617656
2015-01-01,2015,1,Wajir,1.900680840230168,3.077265756812428,3.3885131307616843,-0.347227492170816,66.82586394729209,-0.054790351736918756
2015-02-01,2015,2,Wajir,2.4749165936997004,3.547197481100574,2.388743016697951,-0.4488891772389681,12.810707143280082,-0.6719201237207814
2015-03-01,2015,3,Wajir,21.68891554069332,16.21790429089108,15.397824754394524,0.35531065829547237,26.064512974623245,0.19533307484988505
2015-04-01,2015,4,Wajir,81.05843685511249,77.16859799374762,34.9521514978831,0.11129039829208956,105.22226898950557,0.18435902701234164
2015-05-01,2015,5,Wajir,8.577405422857618,17.79068672780335,10.204732321653182,-0.9028439957603089,111.32475781866349,0.00314641090498928
2015-06-01,2015,6,Wajir,1.1985305626404683,1.3167520047952637,0.21792408620138,-0.5424891035016152,90.83437284061063,-0.1444193941703643
2015-07-01,2015,7,Wajir,2.820432285612752,2.5295013474901977,0.6262465536073115,0.46456293682852384,12.596368271110896,-0.864671177672878
2015-08-01,2015,8,Wajir,1.6233751280430946,1.6252408530738573,0.27566047641830704,-0.006768199253677486,5.642337976296371,0.20741083944141459
2015-09-01,2015,9,Wajir,2.076000114659423,2.4877605040067667,0.753341239898431,-0.546578851043465,6.519807528315326,-0.106795756806261
2015-10-01,2015,10,Wajir,30.99603568363533,30.059205572681144,34.191151826989746,0.027399782133536478,34.69541092633791,0.01520700540160533
2015-11-01,2015,11,Wajir,58.88042650088458,47.648295149577734,36.13098228960354,0.3108725708389839,91.95246229917939,0.1766834628351104
2015-12-01,2015,12,Wajir,18.335368046165488,17.457567663207847,14.460950710680036,0.06070142969987083,108.21183023068546,0.17032707779006534
2016-01-01,2016,1,Wajir,3.558174824718565,3.077265756812428,3.3885131307616843,0.14192333018878886,80.7739693717687,0.22509624091908464
2016-02-01,2016,2,Wajir,6.503079388909288,3.547197481100574,2.388743016697951,1.2374214752890165,28.396622259793396,0.21373418290894622
2016-03-01,2016,3,Wajir,4.235508907516785,16.21790429089108,15.397824754394524,-0.7781875410651451,14.296763121144695,-0.5180520909025866
2016-04-01,2016,4,Wajir,71.31413366753196,77.16859799374762,34.9521514978831,-0.16749939775725228,82.05272196395809,-0.33099109321090286
2016-05-01,2016,5,Wajir,20.139750156643117,17.79068672780335,10.204732321653182,0.2301935371548496,95.68939273169192,-0.3302254206684941
2016-06-01,2016,6,Wajir,1.3276179642521793,1.3167520047952637,0.21792408620138,0.04986121381220131,92.78150178842732,-0.09274343826423241
2016-07-01,2016,7,Wajir,3.0399895114421507,2.5295013474901977,0.6262465536073115,0.8151552467816933,24.507357632337502,0.274536542351333
2016-08-01,2016,8,Wajir,1.5594754054850384,1.6252408530738573,0.27566047641830704,-0.23857409100977445,5.927082881179425,0.5531019900437595
2016-09-01,2016,9,Wajir,2.0476021980833234,2.4877605040067667,0.753341239898431,-0.584274804845129,6.647067115010569,0.0039729326136499045
2016-10-01,2016,10,Wajir,6.918076894223163,30.059205572681144,34.191151826989746,-0.6768162943311807,10.525154497791583,-0.687305250759321
2016-11-01,2016,11,Wajir,72.49129862368322,47.648295149577734,36.13098228960354,0.6875817345617504,81.45697771598977,0.018960672454108558
2016-12-01,2016,12,Wajir,18.695704803129438,17.457567663207847,14.460950710680036,0.08561934582953616,98.10508032103587,0.03838221679787281
2017-01-01,2017,1,Wajir,1.9695506759288075,3.077265756812428,3.3885131307616843,-0.3269029920018706,93.15655410274152,0.47356865657379255
2017-02-01,2017,2,Wajir,6.084229904747072,3.547197481100574,2.388743016697951,1.0620784261479632,26.74948538380537,0.12013724895145057
2017-03-01,2017,3,Wajir,3.012351457072288,16.21790429089108,15.397824754394524,-0.857624569993235,11.066132037748224,-0.7138995825309554
2017-04-01,2017,4,Wajir,61.01504603691114,77.16859799374762,34.9521514978831,-0.4621618774402153,70.11162739873055,-0.5965916469464474
2017-05-01,2017,5,Wajir,31.980095797041148,17.79068672780335,10.204732321653182,1.3904734217407764,96.00749329102463,-0.3234429908691632
2017-06-01,2017,6,Wajir,1.322931470504221,1.3167520047952637,0.21792408620138,0.028356047358835734,94.31807330445656,-0.05196349813855127
2017-07-01,2017,7,Wajir,3.0651701743998503,2.5295013474901977,0.6262465536073115,0.855364111505425,36.36819744194528,1.4089477879075287
2017-08-01,2017,8,Wajir,1.762564225412531,1.6252408530738573,0.27566047641830704,0.4981612675234929,6.15066587031666,0.8245402473910013
2017-09-01,2017,9,Wajir,2.4756293615434277,2.4877605040067667,0.753341239898431,-0.016103117446450422,7.303363761355866,0.5752235650744008
2017-10-01,2017,10,Wajir,25.33338747608673,30.059205572681144,34.191151826989746,-0.13821757513486152,29.571581063042746,-0.13371790518382626
2017-11-01,2017,11,Wajir,65.59464808975405,47.648295149577734,36.13098228960354,0.49670260266741384,93.40366492738426,0.19849167246225993
2017-12-01,2017,12,Wajir,2.8605732467187805,17.457567663207847,14.460950710680036,-1.0094076598787212,93.78860881255962,-0.01796984872804709
2018-01-01,2018,1,Wajir,1.5232647417453011,3.077265756812428,3.3885131307616843,-0.4586085268372007,69.97848607821818,0.008471047521534481
2018-02-01,2018,2,Wajir,4.1151703153717065,3.547197481100574,2.388743016697951,0.23777058909261092,8.499008303835845,-0.9169281721733415
2018-03-01,2018,3,Wajir,54.95377240273119,16.21790429089108,15.397824754394524,2.5156714490327556,60.592207459848254,2.288472830545138
2018-04-01,2018,4,Wajir,128.60989610538925,77.16859799374762,34.9521514978831,1.471763422482224,187.6788388234922,2.0184045148367753
2018-05-01,2018,5,Wajir,30.761121259296367,17.79068672780335,10.204732321653182,1.2710215341926563,214.3247897674169,2.199277368633337
2018-06-01,2018,6,Wajir,1.242907110984819,1.3167520047952637,0.21792408620138,-0.33885604431171384,160.6139244756705,1.7074995747743036
2018-07-01,2018,7,Wajir,3.257269372653356,2.5295013474901977,0.6262465536073115,1.1621110263538568,35.2612977429346,1.303080118634791
2018-08-01,2018,8,Wajir,1.672092732811527,1.6252408530738573,0.27566047641830704,0.16996226788265853,6.1722692164497595,0.8507675317200367
2018-09-01,2018,9,Wajir,2.500784604736051,2.4877605040067667,0.753341239898431,0.017288447836786607,7.430146710200991,0.6855773816241681
2018-10-01,2018,10,Wajir,29.772676860079624,30.059205572681144,34.191151826989746,-0.008380200645224833,33.94555419762726,-0.006587696853262333
2018-11-01,2018,11,Wajir,20.67619548498354,47.648295149577734,36.13098228960354,-0.7465088950087926,52.94965694979928,-0.40943823965819076
2018-12-01,2018,12,Wajir,86.91216826852798,17.457567663207847,14.460950710680036,4.802906945393633,137.3610406135912,0.5508735983221063
2019-01-01,2019,1,Wajir,2.514313392040966,3.077265756812428,3.3885131307616843,-0.16613551225782597,110.10267714555253,0.8136143110078775
2019-02-01,2019,2,Wajir,3.07960336605838,3.547197481100574,2.388743016697951,-0.19574902439215372,92.50608502662737,3.856691389509371
2019-03-01,2019,3,Wajir,7.895956294324958,16.21790429089108,15.397824754394524,-0.5404625737275681,13.489873052424361,-0.5669674241298581
2019-04-01,2019,4,Wajir,45.67970477859192,77.16859799374762,34.9521514978831,-0.9009143032886788,56.655264438975315,-0.8958956541171966
2019-05-01,2019,5,Wajir,19.94969275897345,17.79068672780335,10.204732321653182,0.2115690998174399,73.52535383189038,-0.8027993709403476
2019-06-01,2019,6,Wajir,1.0388080585470387,1.3167520047952637,0.21792408620138,-1.2754163667405793,66.66820559611246,-0.7857789684025591
2019-07-01,2019,7,Wajir,3.0527430641221107,2.5295013474901977,0.6262465536073115,0.8355203132343498,24.041243881642654,0.22995583061553404
2019-08-01,2019,8,Wajir,1.538573282592073,1.6252408530738573,0.27566047641830704,-0.3143996978016852,5.630124405261279,0.19258309941277907
2019-09-01,2019,9,Wajir,4.4261513897289495,2.4877605040067667,0.753341239898431,2.5730582411544676,9.01746773644319,2.0672058650371885
2019-10-01,2019,10,Wajir,91.18480133971268,30.059205572681144,34.191151826989746,1.7877606486126136,97.14952601203376,1.830445558004132
2019-11-01,2019,11,Wajir,144.4716303788206,47.648295149577734,36.13098228960354,2.6797869610398934,240.0825831082623,2.4027356101465593
2019-12-01,2019,12,Wajir,25.765351086493755,17.457567663207847,14.460950710680036,0.5744977345887952,261.42178280502714,2.170501819992902
2020-01-01,2020,1,Wajir,6.8534370143414325,3.077265756812428,3.3885131307616843,1.1144036076614467,177.09041847965585,2.1578091031423394
2020-02-01,2020,2,Wajir,2.9665586034704186,3.547197481100574,2.388743016697951,-0.24307297753309376,35.585346704305664,0.6222263834542402
2020-03-01,2020,3,Wajir,34.82421007603065,16.21790429089108,15.397824754394524,1.2083723566102642,44.644205693842565,1.3216722080880239
2020-04-01,2020,4,Wajir,155.705162605613,77.16859799374762,34.9521514978831,2.2469736839124765,193.49593128511412,2.1477915631092803
2020-05-01,2020,5,Wajir,7.916039688525495,17.79068672780335,10.204732321653182,-0.9676537049702985,198.4454123701692,1.860702791210893
2020-06-01,2020,6,Wajir,1.154854903107378,1.3167520047952637,0.21792408620138,-0.7429059564268596,164.77605719724593,1.8179607680284902
2020-07-01,2020,7,Wajir,4.33127036424284,2.5295013474901977,0.6262465536073115,2.87709210753189,13.40216495587577,-0.7876020294926023
2020-08-01,2020,8,Wajir,1.5557094532735574,1.6252408530738573,0.27566047641830704,-0.2522356512755497,7.041834720623833,1.9064531454292695
2020-09-01,2020,9,Wajir,2.372312145704837,2.4877605040067667,0.753341239898431,-0.15324842473444697,8.25929196322129,1.4072780833225187
2020-10-01,2020,10,Wajir,17.411160646248675,30.059205572681144,34.191151826989746,-0.3699215806016918,21.339182245227125,-0.3729938551191255
2020-11-01,2020,11,Wajir,28.499714474657736,47.648295149577734,36.13098228960354,-0.5299767529550361,48.28318726661131,-0.479564455730158
2020-12-01,2020,12,Wajir,10.928944636281498,17.457567663207847,14.460950710680036,-0.4514656855931802,56.83981975718796,-0.5003408264729474
2021-01-01,2021,1,Wajir,1.8664394381532037,3.077265756812428,3.3885131307616843,-0.35733263290824246,41.2950985490925,-0.5670978456752944
2021-02-01,2021,2,Wajir,2.602866547716043,3.547197481100574,2.388743016697951,-0.39532546062234664,15.398250622150801,-0.5248855089084954
2021-03-01,2021,3,Wajir,6.082023830520025,16.21790429089108,15.397824754394524,-0.6582670358992289,10.551329816389329,-0.7451079505355911
2021-04-01,2021,4,Wajir,52.96052362846227,77.16859799374762,34.9521514978831,-0.6926061294610586,61.645414006698395,-0.7849019356460305
2021-05-01,2021,5,Wajir,12.620719960155231,17.79068672780335,10.204732321653182,-0.5066244370445747,71.66326741913758,-0.8425021316059597
2021-06-01,2021,6,Wajir,1.1723642459083634,1.3167520047952637,0.21792408620138,-0.662559891399402,66.75360783452592,-0.7835124301173122
2021-07-01,2021,7,Wajir,2.489233030690986,2.5295013474901977,0.6262465536073115,-0.0643010593307987,16.282317236754636,-0.5121344244334157
2021-08-01,2021,8,Wajir,1.4492525703116934,1.6252408530738573,0.27566047641830704,-0.6384240680738963,5.1108498469110994,-0.43783597561271875
2021-09-01,2021,9,Wajir,2.249067776005189,2.4877605040067667,0.753341239898431,-0.3168454285520852,6.187553377007925,-0.3959948486026301
2021-10-01,2021,10,Wajir,8.56009095421081,30.059205572681144,34.191151826989746,-0.6287917624787184,12.258411300527749,-0.6369278726542891
2021-11-01,2021,11,Wajir,31.38413011773937,47.648295149577734,36.13098228960354,-0.4501445574181988,42.19328884795543,-0.5710815042393513
2021-12-01,2021,12,Wajir,47.02493347826451,17.457567663207847,14.460950710680036,2.044634990230614,86.96915455021474,-0.10699866142565008
2022-01-01,2022,1,Wajir,4.4962080176486525,3.077265756812428,3.3885131307616843,0.41875070453608326,82.90527161365259,0.2678635490406725
2022-02-01,2022,2,Wajir,2.4127517309573063,3.547197481100574,2.388743016697951,-0.4749132670250376,53.93389322687052,1.6648645042590984
2022-03-01,2022,3,Wajir,7.471259726565899,16.21790429089108,15.397824754394524,-0.5680441688251386,14.380219475171915,-0.5129927953114922
2022-04-01,2022,4,Wajir,52.79772620852408,77.16859799374762,34.9521514978831,-0.6972638518890484,62.68173766604734,-0.7618514408803456
2022-05-01,2022,5,Wajir,19.23689523838092,17.79068672780335,10.204732321653182,0.14171939694183786,79.50588117347095,-0.6752846411884131
2022-06-01,2022,6,Wajir,1.134103062275979,1.3167520047952637,0.21792408620138,-0.8381310469302687,73.16872450918103,-0.6132580220649403
2022-07-01,2022,7,Wajir,3.262197089796336,2.5295013474901977,0.6262465536073115,1.169979679865154,23.633195390453285,0.19092867869645203
2022-08-01,2022,8,Wajir,1.504329522609865,1.6252408530738573,0.27566047641830704,-0.43862410757976356,5.9006296746822295,0.520986790669454
2022-09-01,2022,9,Wajir,2.209497795206892,2.4877605040067667,0.753341239898431,-0.369371400452458,6.976024407613143,0.2903023882009148
2022-10-01,2022,10,Wajir,11.471566851553744,30.059205572681144,34.191151826989746,-0.5436388576548253,15.18539416937055,-0.5518546610806373
2022-11-01,2022,11,Wajir,36.46376655970953,47.648295149577734,36.13098228960354,-0.3095550655174542,50.144831206470215,-0.4515882651538106
2022-12-01,2022,12,Wajir,16.718422656679326,17.457567663207847,14.460950710680036,-0.051113168236071094,64.65375606794265,-0.39832892852937607
2023-01-01,2023,1,Wajir,2.387674477338166,3.077265756812428,3.3885131307616843,-0.20350851623208932,55.56986369372707,-0.28065640752231513
2023-02-01,2023,2,Wajir,2.3172308686441023,3.547197481100574,2.388743016697951,-0.5149011860458312,21.423328002661652,-0.1825164089912795
2023-03-01,2023,3,Wajir,59.205753776232925,16.21790429089108,15.397824754394524,2.791813140558906,63.91065912221525,2.4896441860442917
2023-04-01,2023,4,Wajir,135.12248152012205,77.16859799374762,34.9521514978831,1.6580920213133215,196.64546616499914,2.21784529256745
2023-05-01,2023,5,Wajir,9.424519737782807,17.79068672780335,10.204732321653182,-0.8198320863614001,203.75275503413786,1.9738641107473096
2023-06-01,2023,6,Wajir,1.1284163910647833,1.3167520047952637,0.21792408620138,-0.8642257816166431,145.6754176489697,1.311038096994089
2023-07-01,2023,7,Wajir,2.604035031988926,2.5295013474901977,0.6262465536073115,0.11901651844532868,13.156971160836573,-0.8110532018292992
2023-08-01,2023,8,Wajir,1.9052404016664797,1.6252408530738573,0.27566047641830704,1.0157406394659598,5.637691824720246,0.20177023461695515
2023-09-01,2023,9,Wajir,1.919982132718792,2.4877605040067667,0.753341239898431,-0.7536801932740669,6.429257566374254,-0.18561182773422252
2023-10-01,2023,10,Wajir,78.9274120105902,30.059205572681144,34.191151826989746,1.4292647023179128,82.75263454497554,1.4119976720196905
2023-11-01,2023,11,Wajir,190.5815294330096,47.648295149577734,36.13098228960354,3.9559742145333257,271.42892357631865,2.87379840364287
2023-12-01,2023,12,Wajir,6.805083302252027,17.457567663207847,14.460950710680036,-0.7366378998227621,276.31402474585184,2.364921867021882
2024-01-01,2024,1,Wajir,2.061639808872431,3.077265756812428,3.3885131307616843,-0.29972613613915683,199.4482525441341,2.6064476676669517
2024-02-01,2024,2,Wajir,3.279477646496895,3.547197481100574,2.388743016697951,-0.11207561162178017,12.14620075762141,-0.709680045922463
2024-03-01,2024,3,Wajir,4.889969698765064,16.21790429089108,15.397824754394524,-0.7356840834867299,10.231087154134446,-0.7645217184638905
2024-04-01,2024,4,Wajir,120.33456125018871,77.16859799374762,34.9521514978831,1.235001606669491,128.50400859545073,0.7022045978256366
2024-05-01,2024,5,Wajir,21.2092311839139,17.79068672780335,10.204732321653182,0.3349959948343593,146.43376213286774,0.7517284240426587
2024-06-01,2024,6,Wajir,1.0969595526540463,1.3167520047952637,0.21792408620138,-1.0085734714891075,142.6407519867567,1.2304993894132623
2024-07-01,2024,7,Wajir,2.960497108070901,2.5295013474901977,0.6262465536073115,0.6882205707928883,25.266687844638902,0.34716147833837147
2024-08-01,2024,8,Wajir,5.176889540497237,1.6252408530738573,0.27566047641830704,12.884141874709135,9.234346201222241,4.568245519723732
2024-09-01,2024,9,Wajir,2.1930542611369064,2.4877605040067667,0.753341239898431,-0.39119887145643856,10.3304409097051,3.2100377838144296
2024-10-01,2024,10,Wajir,6.523203511102216,30.059205572681144,34.191151826989746,-0.6883652876239204,13.893147312736417,-0.5894140166238714
2024-11-01,2024,11,Wajir,56.006789426431865,47.648295149577734,36.13098228960354,0.231338694582329,64.72304719867104,-0.2325114910571078
2024-12-01,2024,12,Wajir,2.5446696895636225,17.457567663207847,14.460950710680036,-1.0312529426319395,65.07466262709777,-0.3928339417200755
