{
"type": "FeatureCollection",
"name": "target_counties",
"crs": { "type": "name", "properties": { "name": "urn:ogc:def:crs:OGC:1.3:CRS84" } },
"features": [
{ "type": "Feature", "properties": { "county": "Turkana", "pcode": "KE023", "area_sqkm": 70131.758907900003 }, "geometry": { "type": "Polygon", "coordinates": [ [ [ 35.632690430000139, 5.374511719000111 ], [ 35.63110351600011, 5.375122070000032 ], [ 35.630126953, 5.376281738000102 ], [ 35.628906250000171, 5.378723145000038 ], [ 35.627685547000169, 5.381103516000053 ], [ 35.626708984000118, 5.382873535000044 ], [ 35.62609863300014, 5.384887695000089 ], [ 35.625305176000097, 5.386291504000155 ], [ 35.62390136700003, 5.388488770000038 ], [ 35.622680664000029, 5.390319824000017 ], [ 35.621093750000171, 5.392089844000111 ], [ 35.619323730000133, 5.393127441000104 ], [ 35.617919922000112, 5.394714355000133 ], [ 35.616088867000087, 5.396728516000053 ], [ 35.614501953000058, 5.39868164100011 ], [ 35.613525391000053, 5.401306152000075 ], [ 35.612670898000147, 5.403320312000119 ], [ 35.611511230000133, 5.406127930000082 ], [ 35.61047363300014, 5.408325195000089 ], [ 35.608886719000111, 5.410522461000141 ], [ 35.607482910000044, 5.412475586000028 ], [ 35.605895996000186, 5.414123535000044 ], [ 35.604309082000157, 5.414123535000044 ], [ 35.424682617000144, 5.413879395000095 ], [ 35.29211425800014, 5.413696289000029 ], [ 35.265930176000097, 5.413513184000067 ], [ 35.12530517600004, 5.243103027000188 ], [ 35.068298340000013, 5.195922852000137 ], [ 34.938720703, 5.088500977000081 ], [ 34.883483887000125, 5.042480469000111 ], [ 34.853698730000076, 5.017272949000073 ], [ 34.821472168000128, 4.989318848000039 ], [ 34.701721191000161, 4.8875122070001 ], [ 34.627075195000145, 4.82250976600011 ], [ 34.594909668000184, 4.794128418000184 ], [ 34.499694824000187, 4.715270996000072 ], [ 34.472900391000053, 4.692077637000125 ], [ 34.392089844000054, 4.613708496000129 ], [ 34.360473633000026, 4.582885741999974 ], [ 34.305114746000072, 4.528503418000071 ], [ 34.26867675799997, 4.493286133000026 ], [ 34.230102539000029, 4.455688477000137 ], [ 34.223327637000068, 4.448913574000073 ], [ 34.193908691000104, 4.420104980000133 ], [ 34.14093017600004, 4.367675781000116 ], [ 34.11468505900001, 4.342285156000059 ], [ 34.085083008000083, 4.313903809000067 ], [ 34.018493652000188, 4.249084473000039 ], [ 33.992126465000183, 4.223693848000039 ], [ 34.01391601600011, 4.20672607400013 ], [ 34.038696289000086, 4.187683105000076 ], [ 34.047821045000148, 4.178894043000071 ], [ 34.06610107400013, 4.14288330100004 ], [ 34.049926758000026, 4.121704102000137 ], [ 34.0632934570001, 4.094299316000161 ], [ 34.080688477000024, 4.086303711000028 ], [ 34.09210205100004, 4.069519043000184 ], [ 34.091674805000025, 4.047485352000081 ], [ 34.088928223000153, 4.038330078 ], [ 34.058471680000025, 4.028686523000147 ], [ 34.06072998000019, 4.010070801000154 ], [ 34.079895020000151, 4.004516602000024 ], [ 34.1043090820001, 3.978698730000133 ], [ 34.110900879000098, 3.974914551000097 ], [ 34.134887695000032, 3.961120605000076 ], [ 34.133911133000083, 3.957519531 ], [ 34.129089355000076, 3.935119629000098 ], [ 34.119079590000126, 3.903076172000112 ], [ 34.118286133000083, 3.901489258000083 ], [ 34.11468505900001, 3.897521972999982 ], [ 34.103881836000141, 3.892272949000187 ], [ 34.094726563000108, 3.888305664000143 ], [ 34.090881348000039, 3.885681152000018 ], [ 34.088928223000153, 3.870727539000086 ], [ 34.088928223000153, 3.866699219000054 ], [ 34.088073730000076, 3.86267089800009 ], [ 34.092895508000083, 3.861694336000085 ], [ 34.108520508000026, 3.868896484 ], [ 34.127685547000112, 3.87249755900018 ], [ 34.149475098000096, 3.870117188000108 ], [ 34.163696288999972, 3.870727539000086 ], [ 34.168090820000089, 3.871093750000114 ], [ 34.16931152300009, 3.876281738000046 ], [ 34.173095703000172, 3.878295898000033 ], [ 34.176086426000097, 3.88031005900018 ], [ 34.197082520000038, 3.882690430000025 ], [ 34.201477051000154, 3.883483887000068 ], [ 34.205078125000171, 3.883300781000173 ], [ 34.208129883000083, 3.883300781000173 ], [ 34.215881348000096, 3.881530762000182 ], [ 34.224914551000097, 3.8543090820001 ], [ 34.225891113000102, 3.850708008000026 ], [ 34.225524902000075, 3.8308715820001 ], [ 34.217102051000097, 3.832275391 ], [ 34.214111328, 3.832275391 ], [ 34.180297852000024, 3.83172607400013 ], [ 34.169921875000114, 3.821716309000124 ], [ 34.164123535000158, 3.811706543000071 ], [ 34.157287598000039, 3.80828857400013 ], [ 34.152893066000104, 3.807678222999982 ], [ 34.153076172000112, 3.800903320000145 ], [ 34.159118652000018, 3.802124022999976 ], [ 34.162719727000024, 3.797485352000137 ], [ 34.170471191000104, 3.801330566000161 ], [ 34.175476074000073, 3.800903320000145 ], [ 34.189697266000053, 3.79510498000019 ], [ 34.188903809000067, 3.791870117000144 ], [ 34.189697266000053, 3.789916992000087 ], [ 34.191284180000082, 3.782714844000168 ], [ 34.184875488000102, 3.780883789000086 ], [ 34.181274414000029, 3.780273438000108 ], [ 34.170104980000076, 3.777282715000013 ], [ 34.165283203, 3.776672363000159 ], [ 34.172485352000024, 3.767883300999983 ], [ 34.186279297000169, 3.77172851600011 ], [ 34.190490723000096, 3.7722778320001 ], [ 34.192871094000111, 3.773681641000167 ], [ 34.204711913999972, 3.778076172000056 ], [ 34.206481934000067, 3.779113770000095 ], [ 34.210693359000118, 3.780273438000108 ], [ 34.214477539000029, 3.782287598000153 ], [ 34.220703125000171, 3.784484863000159 ], [ 34.224914551000097, 3.784118652000132 ], [ 34.227294922000169, 3.78289794900013 ], [ 34.226684570000089, 3.77947998000019 ], [ 34.226074219000111, 3.774719238000102 ], [ 34.228271484000118, 3.774291992000087 ], [ 34.230285645000095, 3.778320312000176 ], [ 34.232299805000082, 3.781921387000125 ], [ 34.23547363300014, 3.781921387000125 ], [ 34.240112305000082, 3.784118652000132 ], [ 34.24609375, 3.785278319999975 ], [ 34.259704590000126, 3.766296387000182 ], [ 34.267089844000168, 3.749084473000153 ], [ 34.283081055000139, 3.733093262000125 ], [ 34.294677734000174, 3.724121094000111 ], [ 34.308105469000168, 3.71307373000019 ], [ 34.30688476600011, 3.700073242000087 ], [ 34.305114746000072, 3.690673828000058 ], [ 34.302673340000183, 3.686706543000184 ], [ 34.306274414000086, 3.686706543000184 ], [ 34.30828857400013, 3.693481445000089 ], [ 34.312072754000042, 3.704284668000014 ], [ 34.317687988000159, 3.721496582000043 ], [ 34.324890137000182, 3.728088379000042 ], [ 34.336730957000043, 3.732482910000101 ], [ 34.354492187, 3.736511230000133 ], [ 34.370727539000086, 3.735473633000026 ], [ 34.378295898000033, 3.731689453000058 ], [ 34.395874023000033, 3.710510254000155 ], [ 34.400878906000173, 3.706298828000058 ], [ 34.404479980000076, 3.693298340000126 ], [ 34.407470703000172, 3.693115234000118 ], [ 34.419494629000098, 3.689880371000072 ], [ 34.422485352000024, 3.689086914000029 ], [ 34.434875488000046, 3.684509277000075 ], [ 34.455078125000114, 3.677307129000155 ], [ 34.463928222999982, 3.669921875000171 ], [ 34.458312987999989, 3.639892578 ], [ 34.453674316000047, 3.612304687000119 ], [ 34.45648193400001, 3.580322266 ], [ 34.455688477000024, 3.56970214800009 ], [ 34.454711914000143, 3.559326172000056 ], [ 34.453308105000076, 3.5457153320001 ], [ 34.451110840000069, 3.520080566000047 ], [ 34.449890137000068, 3.517700195000032 ], [ 34.447326660000158, 3.514282227000024 ], [ 34.445922852000137, 3.511901855000019 ], [ 34.443298340000069, 3.508728027000188 ], [ 34.434509277000188, 3.498901367000144 ], [ 34.423889160000158, 3.492126465000013 ], [ 34.396484375000114, 3.489501953000115 ], [ 34.391479492000144, 3.494873047000056 ], [ 34.389099121000129, 3.493286133000026 ], [ 34.389709473000153, 3.490722656000116 ], [ 34.39031982400013, 3.486877441000047 ], [ 34.391723633000026, 3.483093262000182 ], [ 34.405883789000143, 3.469726562000176 ], [ 34.417297363000159, 3.451904297000056 ], [ 34.418701172000056, 3.433715820000145 ], [ 34.417480469000054, 3.431091309000124 ], [ 34.413696289000143, 3.424499512000182 ], [ 34.411499023000033, 3.421081543000071 ], [ 34.410888672000056, 3.418090820000145 ], [ 34.401489258000026, 3.415710449000073 ], [ 34.400085449000187, 3.378295898000147 ], [ 34.401672362999989, 3.371520996000015 ], [ 34.413330078000115, 3.362487793000014 ], [ 34.427124023000033, 3.345275878999985 ], [ 34.434082031000173, 3.323486328000058 ], [ 34.439270020000038, 3.30688476600011 ], [ 34.448120117000144, 3.282897949000017 ], [ 34.448913574000187, 3.267272949000073 ], [ 34.451293945000032, 3.242675781000059 ], [ 34.451293945000032, 3.240112305000025 ], [ 34.451904297000056, 3.228881836000141 ], [ 34.452697754000098, 3.225097656 ], [ 34.457275391000053, 3.202697754000098 ], [ 34.455078125000114, 3.184082031 ], [ 34.460510254000098, 3.175903320000032 ], [ 34.471679687000119, 3.173889160000158 ], [ 34.484130859, 3.16571044900013 ], [ 34.489685059000067, 3.15570068400018 ], [ 34.494079590000126, 3.142700194999975 ], [ 34.506286621000186, 3.148315429999968 ], [ 34.511474609000118, 3.15069580100004 ], [ 34.515075684000067, 3.150085449000187 ], [ 34.523681641000053, 3.1472778320001 ], [ 34.537109375000171, 3.143310547000056 ], [ 34.54632568400001, 3.136901855000019 ], [ 34.559509277000075, 3.112670898000033 ], [ 34.573486328000058, 3.100708008000026 ], [ 34.576477051000154, 3.080078125000057 ], [ 34.575500488000102, 3.070312500000057 ], [ 34.574890137000125, 3.064086914000086 ], [ 34.574096680000082, 3.053527832000043 ], [ 34.576110840000126, 3.021911621000015 ], [ 34.57727050800014, 3.020080566000161 ], [ 34.579528809000067, 3.015075684000124 ], [ 34.580871582000043, 3.012084961000028 ], [ 34.583129883000083, 3.008300781000059 ], [ 34.588073730000133, 3.003295898000147 ], [ 34.588928223000096, 3.000305176000154 ], [ 34.588684082000043, 2.997680664000029 ], [ 34.588684082000043, 2.995117188000052 ], [ 34.589111328000058, 2.992309570000089 ], [ 34.588928223000096, 2.978881836000028 ], [ 34.599487305000139, 2.922912598000039 ], [ 34.633117676000154, 2.908508301000097 ], [ 34.640319824000073, 2.904724121000129 ], [ 34.653686522999976, 2.86468505900001 ], [ 34.659118652000132, 2.862915039000143 ], [ 34.669677734000174, 2.861328125000114 ], [ 34.685302734000174, 2.861328125000114 ], [ 34.692321777000132, 2.859924316000047 ], [ 34.698486328000115, 2.868286133000083 ], [ 34.702270508000026, 2.875122070000032 ], [ 34.70867919900013, 2.871276855000076 ], [ 34.712097168000071, 2.86267089800009 ], [ 34.721313477000137, 2.859680176000097 ], [ 34.726928711000028, 2.85772705100004 ], [ 34.732299805000025, 2.855712891 ], [ 34.7371215820001, 2.852111816000047 ], [ 34.742126465000183, 2.841918944999975 ], [ 34.745483398000033, 2.831909180000025 ], [ 34.74969482400013, 2.823486328000172 ], [ 34.756286621000129, 2.824890137000011 ], [ 34.76007080100004, 2.82647705100004 ], [ 34.763122559000124, 2.823486328000172 ], [ 34.766479491999974, 2.820129395000151 ], [ 34.767272949000187, 2.816894531000173 ], [ 34.768493652000188, 2.814270019999981 ], [ 34.769470215000069, 2.810913086000085 ], [ 34.774475098000039, 2.797302246000129 ], [ 34.779907226999967, 2.773315429999968 ], [ 34.780273437000062, 2.771911621000072 ], [ 34.781494141, 2.766479492000144 ], [ 34.784118652000188, 2.747680664000086 ], [ 34.783874512000068, 2.740478516000167 ], [ 34.781494141, 2.73071289100011 ], [ 34.775085449000187, 2.696289062000176 ], [ 34.789489746000129, 2.68188476600011 ], [ 34.793090820000032, 2.671691895000095 ], [ 34.794921875000114, 2.665893555000139 ], [ 34.798706055000025, 2.653320313000052 ], [ 34.829895020000038, 2.619323730000076 ], [ 34.837890625000171, 2.602111816000104 ], [ 34.852722168000128, 2.581481934000067 ], [ 34.867919922000112, 2.568725586000085 ], [ 34.878723145000038, 2.570678711000141 ], [ 34.879882813000052, 2.582092285000044 ], [ 34.879882813000052, 2.587097168000128 ], [ 34.893493652000075, 2.590881348000096 ], [ 34.897277832000043, 2.585510254000098 ], [ 34.898498535000044, 2.58288574200003 ], [ 34.904479980000133, 2.547302246000186 ], [ 34.912902831999986, 2.51507568400001 ], [ 34.932312012000125, 2.514892578000172 ], [ 34.933898926000154, 2.508728027000188 ], [ 34.937683105000133, 2.497314453000115 ], [ 34.943298340000126, 2.483703612999989 ], [ 34.947875977000081, 2.473083496000129 ], [ 34.953674316000161, 2.473327637000182 ], [ 34.953094482000154, 2.47180175800014 ], [ 34.954101562000176, 2.470825195000089 ], [ 34.954284668000184, 2.469421387000068 ], [ 34.954101562000176, 2.468505859 ], [ 34.953918456999986, 2.467285156000173 ], [ 34.953491211000028, 2.466491699000187 ], [ 34.953308105000133, 2.465698242000144 ], [ 34.952697754000155, 2.464904785000158 ], [ 34.95227050799997, 2.463928223000153 ], [ 34.952087402000132, 2.462585449000073 ], [ 34.952087402000132, 2.461486816000047 ], [ 34.952514648000147, 2.460693359 ], [ 34.952880859000118, 2.459716797000056 ], [ 34.953125000000171, 2.458923340000013 ], [ 34.95257568400018, 2.458221436000031 ], [ 34.951477051000154, 2.457702637000182 ], [ 34.950408936000144, 2.457183838000162 ], [ 34.949707031000059, 2.45648193400018 ], [ 34.948913574000073, 2.456604004000155 ], [ 34.947875977000081, 2.45672607400013 ], [ 34.947113037, 2.456298828000115 ], [ 34.94638061500018, 2.455383301000154 ], [ 34.945224915000153, 2.454653266000037 ], [ 34.952026367000144, 2.455008745000043 ], [ 34.964435578000064, 2.446893573000068 ], [ 34.965095520000148, 2.446495175000166 ], [ 34.966892243000189, 2.445639252000092 ], [ 34.970230102000073, 2.444276333000062 ], [ 34.973890305000111, 2.443833113000153 ], [ 34.978118896000126, 2.442883491000089 ], [ 34.982461929000067, 2.442043304000094 ], [ 34.98967170700007, 2.440452337000011 ], [ 34.996833801999969, 2.438844323000012 ], [ 35.002307892000147, 2.437611341000149 ], [ 35.007835388000046, 2.436291098000083 ], [ 35.014867783000057, 2.434800267000071 ], [ 35.021413803000087, 2.433326602000079 ], [ 35.025562287000128, 2.432598511000151 ], [ 35.025707245000035, 2.434317708000037 ], [ 35.025707245000035, 2.43726933 ], [ 35.025623321000069, 2.43989300700008 ], [ 35.024255753000034, 2.441271067000059 ], [ 35.022853851000036, 2.442851782000048 ], [ 35.022285462000184, 2.444463014000121 ], [ 35.021905899000103, 2.446244597000032 ], [ 35.021905899000103, 2.448279500000069 ], [ 35.021093369000027, 2.450493455000014 ], [ 35.020050049000076, 2.45248460800002 ], [ 35.019870758000025, 2.454833746000077 ], [ 35.019325256000059, 2.456733465000127 ], [ 35.019266129000187, 2.45868301400003 ], [ 35.020004273000154, 2.460070252000094 ], [ 35.02165794400014, 2.462490201000037 ], [ 35.021835327000133, 2.464494705000106 ], [ 35.021066666000081, 2.467063308000093 ], [ 35.019828796000127, 2.468713403000152 ], [ 35.019313812000178, 2.470818520000137 ], [ 35.019641876000094, 2.472853541 ], [ 35.019727707000186, 2.475713491000079 ], [ 35.020671844000049, 2.478280187000166 ], [ 35.020465851000154, 2.483680248000098 ], [ 35.019699097000171, 2.488047600000129 ], [ 35.018722534000062, 2.490465641000128 ], [ 35.017072677000101, 2.494449973000087 ], [ 35.015657425000029, 2.497721553000076 ], [ 35.018619537000177, 2.505249262 ], [ 35.019037247000085, 2.50709056900007 ], [ 35.019699097000171, 2.509043813 ], [ 35.021448136000174, 2.511515856000187 ], [ 35.027225494000163, 2.517304301000138 ], [ 35.028701782000098, 2.519430518000092 ], [ 35.029268264999985, 2.520270944 ], [ 35.033065796000074, 2.52627694600011 ], [ 35.034917831000087, 2.529257536000159 ], [ 35.03865051300005, 2.533906698000067 ], [ 35.04222106900005, 2.540285111000173 ], [ 35.04583358800005, 2.547436714000071 ], [ 35.04951477000003, 2.551841616000047 ], [ 35.053909302000193, 2.559847832000059 ], [ 35.055507660000103, 2.563703418000046 ], [ 35.056097031000093, 2.567101121000064 ], [ 35.058315277000133, 2.573672891000115 ], [ 35.058305740000151, 2.579298614999971 ], [ 35.057695389000173, 2.582075834000022 ], [ 35.056810379000126, 2.584517360000063 ], [ 35.056524277000108, 2.58724379500012 ], [ 35.057695389000173, 2.593062638999982 ], [ 35.058223725000175, 2.595239758000105 ], [ 35.059831619000192, 2.599308968000173 ], [ 35.060247421000099, 2.602655887000083 ], [ 35.059495926000011, 2.606847167000126 ], [ 35.059881210000128, 2.608525634000159 ], [ 35.060899734000031, 2.610509395000065 ], [ 35.062444687000038, 2.612310052000112 ], [ 35.063289643000132, 2.614059806000114 ], [ 35.063416660000087, 2.615247834 ], [ 35.06345176700006, 2.616307974000165 ], [ 35.064083100000119, 2.618688464000115 ], [ 35.065425873000152, 2.620865464000133 ], [ 35.066698074000158, 2.621659040000054 ], [ 35.069047928000089, 2.621821761000092 ], [ 35.07088851900005, 2.622259259000089 ], [ 35.072486877000131, 2.623093486000073 ], [ 35.074245453000117, 2.624446392000095 ], [ 35.076057434000063, 2.62622678300005 ], [ 35.077510834000066, 2.628301978000081 ], [ 35.079494476000036, 2.633419037000067 ], [ 35.081123352000191, 2.635423064000065 ], [ 35.083482742000172, 2.637010097000029 ], [ 35.085447311000109, 2.638129115000083 ], [ 35.087684631000116, 2.639309168000068 ], [ 35.090095520000034, 2.640641928000036 ], [ 35.092313767000121, 2.641445518000126 ], [ 35.093889237000099, 2.642645955000035 ], [ 35.095090866000135, 2.644294024000089 ], [ 35.096138000999986, 2.645504594000045 ], [ 35.097846985, 2.646074295 ], [ 35.100471497000115, 2.646267533000014 ], [ 35.103675842000087, 2.646694779000029 ], [ 35.10582351700009, 2.647101760000055 ], [ 35.108102798000118, 2.647885084 ], [ 35.110513687000036, 2.650011182000071 ], [ 35.112628937000068, 2.652656197000169 ], [ 35.116626739000083, 2.65151679500002 ], [ 35.120309829000178, 2.650468946000103 ], [ 35.124481201000151, 2.648475051000048 ], [ 35.127664566000021, 2.64722383000003 ], [ 35.129507065000155, 2.646274328000118 ], [ 35.131702423000092, 2.645117998000046 ], [ 35.14007568400001, 2.640031457000077 ], [ 35.142679215000044, 2.638434291000067 ], [ 35.150127411000085, 2.633276582000121 ], [ 35.155284882000046, 2.630295873000136 ], [ 35.157470703000172, 2.628444433000084 ], [ 35.162273406999986, 2.622310162000133 ], [ 35.16443061800004, 2.619644761000131 ], [ 35.165712357000132, 2.618027210000093 ], [ 35.166841507000129, 2.61669456900006 ], [ 35.170320511000057, 2.610499263000122 ], [ 35.174053192000088, 2.604934573000151 ], [ 35.176912308000055, 2.600326180000138 ], [ 35.178459168000131, 2.598057628 ], [ 35.17951011700012, 2.595098853000081 ], [ 35.180492401000038, 2.592533707000086 ], [ 35.180910111000117, 2.591455341000085 ], [ 35.182456970000146, 2.588301778000186 ], [ 35.183290482000189, 2.585056543000178 ], [ 35.184633255000165, 2.581740141000012 ], [ 35.185844421000184, 2.578922153000121 ], [ 35.186870575, 2.571516275000022 ], [ 35.192304611000054, 2.56670439200002 ], [ 35.194490433000055, 2.563683033000075 ], [ 35.198509216000105, 2.559013605000075 ], [ 35.203098297000111, 2.553825378000056 ], [ 35.207695007000154, 2.548209906000125 ], [ 35.212882996000133, 2.542492628000105 ], [ 35.213890076000155, 2.53664314700012 ], [ 35.214124680000054, 2.531261682999968 ], [ 35.214452744000027, 2.525804162000043 ], [ 35.214481354000043, 2.524689913000145 ], [ 35.214653015000124, 2.52065813500019 ], [ 35.214704513000129, 2.516510844000095 ], [ 35.214857102000053, 2.510274767999988 ], [ 35.214918137000041, 2.504699946000073 ], [ 35.215112686000055, 2.500671387000068 ], [ 35.215244293000012, 2.498119235000104 ], [ 35.215454102000081, 2.496263822000174 ], [ 35.215792084000157, 2.495305729 ], [ 35.216050466000013, 2.494258245000026 ], [ 35.216288567000106, 2.493213058000151 ], [ 35.216743469000107, 2.491970062000178 ], [ 35.217220307000105, 2.490710735000164 ], [ 35.217584610000131, 2.489766717 ], [ 35.218042374000163, 2.488836764999974 ], [ 35.218358612000031, 2.487987232000137 ], [ 35.218502045000093, 2.487231374000146 ], [ 35.218599955000059, 2.486445109000158 ], [ 35.218677521000075, 2.485482375000117 ], [ 35.218861898000114, 2.484461228000043 ], [ 35.219084422000094, 2.483509382000022 ], [ 35.219299316000104, 2.482426763000035 ], [ 35.21947670000003, 2.481393576000073 ], [ 35.219837187999985, 2.480454087000055 ], [ 35.22020244600003, 2.479561985000146 ], [ 35.220478058000083, 2.478653986999973 ], [ 35.220475515000146, 2.477673769000091 ], [ 35.220529556000088, 2.476694942000165 ], [ 35.220643997000082, 2.475878120000061 ], [ 35.220662435000179, 2.475071033000177 ], [ 35.22066688600006, 2.47388899300006 ], [ 35.220657349000078, 2.473024845000168 ], [ 35.220577240000125, 2.472157478000099 ], [ 35.220519256000102, 2.471057510000037 ], [ 35.220614115000046, 2.47007592500006 ], [ 35.220528921000152, 2.469251235000058 ], [ 35.220668793000129, 2.468486309000184 ], [ 35.220903778000149, 2.467505407000033 ], [ 35.22108713800003, 2.466442584999982 ], [ 35.221541087000048, 2.465342422 ], [ 35.221861521000051, 2.464256048000038 ], [ 35.222190857000157, 2.462823987000093 ], [ 35.222586314000068, 2.461904685000036 ], [ 35.222879410000189, 2.460806966000121 ], [ 35.2230510710001, 2.45980751500008 ], [ 35.223332805000155, 2.459098298000129 ], [ 35.224117915000079, 2.458034913000176 ], [ 35.224884033000023, 2.457059980000054 ], [ 35.225448608000136, 2.456401984000138 ], [ 35.226040363000152, 2.455405086000098 ], [ 35.226399740000147, 2.454410156000165 ], [ 35.226752281000074, 2.453571320000037 ], [ 35.227287292000028, 2.452820300999974 ], [ 35.227825165000013, 2.452069839000046 ], [ 35.228190422000125, 2.451185525000085 ], [ 35.228780111000162, 2.450051308000127 ], [ 35.229324341000108, 2.449259877000088 ], [ 35.230338552000092, 2.44876892100018 ], [ 35.23133988800015, 2.447764483000185 ], [ 35.232281276000037, 2.447117533000096 ], [ 35.233374786000127, 2.446909094000034 ], [ 35.234408569000095, 2.447019291000174 ], [ 35.23530960100004, 2.446864446000063 ], [ 35.236393928000155, 2.44694948200015 ], [ 35.237434387000178, 2.44730725300019 ], [ 35.238660812000148, 2.447042128000021 ], [ 35.239875793000067, 2.446429789000035 ], [ 35.240474701000039, 2.445595639000146 ], [ 35.241620744999977, 2.445565837000174 ], [ 35.242409842000029, 2.44553337800005 ], [ 35.243395124000187, 2.445333958000049 ], [ 35.244559152000193, 2.445281403000081 ], [ 35.24564416100003, 2.445381602000111 ], [ 35.246566772000051, 2.444262485000138 ], [ 35.247252464000098, 2.443369150000024 ], [ 35.24761734000009, 2.442621469000073 ], [ 35.248079936000181, 2.441811164000114 ], [ 35.248659770000017, 2.44119342200014 ], [ 35.249640783000132, 2.440395832000036 ], [ 35.250478109000142, 2.43979819599997 ], [ 35.251641909000114, 2.439488629000039 ], [ 35.25282796200014, 2.43932525300005 ], [ 35.253588358000172, 2.439411560000167 ], [ 35.254579926000133, 2.439289141000074 ], [ 35.255483628000093, 2.439083934000053 ], [ 35.256272634000027, 2.43900601100006 ], [ 35.257049561000088, 2.438880682000104 ], [ 35.257990265000103, 2.438584709000054 ], [ 35.258899689000032, 2.438266516000112 ], [ 35.259823608000033, 2.437970400000097 ], [ 35.260972023000079, 2.437789261000148 ], [ 35.262130737000064, 2.437715054000137 ], [ 35.263317661000031, 2.437978656999974 ], [ 35.264530182000101, 2.438414574000092 ], [ 35.268671036000057, 2.438254118000145 ], [ 35.272212982000156, 2.437429071000167 ], [ 35.27707862900013, 2.435096741000109 ], [ 35.279468536000081, 2.433238983000024 ], [ 35.284307480000052, 2.431026697000163 ], [ 35.288055420000035, 2.429845333000117 ], [ 35.291711807000127, 2.428517222999972 ], [ 35.295104980000133, 2.425506473000098 ], [ 35.297523499000135, 2.420642019000127 ], [ 35.298204422000083, 2.418269753000118 ], [ 35.300092697000082, 2.410462975000087 ], [ 35.303100586000028, 2.399074077000137 ], [ 35.304636002000052, 2.380720615000143 ], [ 35.305751760000135, 2.367375529000185 ], [ 35.306877136000026, 2.350660324000103 ], [ 35.307291031000091, 2.326702952000119 ], [ 35.311834335000128, 2.280207872000176 ], [ 35.314886092999984, 2.266498922999972 ], [ 35.328466415000094, 2.219512462000125 ], [ 35.343265533000135, 2.167423248000034 ], [ 35.344230652000135, 2.163619638000114 ], [ 35.372283936000144, 2.050871492000169 ], [ 35.38347244300013, 2.005904913000109 ], [ 35.393684387000064, 1.964873493000141 ], [ 35.392946499000118, 1.964650634000066 ], [ 35.391667175000123, 1.964195067000105 ], [ 35.390601742000172, 1.963559794000048 ], [ 35.389928182, 1.962795576000076 ], [ 35.38956222500002, 1.961995124999987 ], [ 35.389246941000067, 1.961097538999979 ], [ 35.389204025000083, 1.960285157000101 ], [ 35.389272054000116, 1.95928669000017 ], [ 35.38930511500007, 1.958472212000117 ], [ 35.389411290000055, 1.95759505000018 ], [ 35.390272776000131, 1.956953466000016 ], [ 35.391291300000034, 1.95611470900019 ], [ 35.391336060000185, 1.954860711000151 ], [ 35.390501976000053, 1.953855842000053 ], [ 35.389705658000082, 1.953103066000153 ], [ 35.388889313000163, 1.95229381300004 ], [ 35.388068199000031, 1.951647133 ], [ 35.386900829000126, 1.950827147000041 ], [ 35.385641098000065, 1.950614452000082 ], [ 35.384660721000046, 1.950430036000114 ], [ 35.383726120000063, 1.950250923000112 ], [ 35.382629394000105, 1.950014830000043 ], [ 35.381554604000144, 1.949728966 ], [ 35.380605698000181, 1.949283898000147 ], [ 35.379812848000086, 1.948980154000083 ], [ 35.378894806000176, 1.948298246000149 ], [ 35.378059387000064, 1.947478473000047 ], [ 35.377490997000109, 1.946873546 ], [ 35.376685143000032, 1.945954233000066 ], [ 35.376049042000091, 1.944898307000074 ], [ 35.375400543000183, 1.943992972000046 ], [ 35.374967575000028, 1.942808986000159 ], [ 35.374771118000012, 1.941680272000042 ], [ 35.374634743000058, 1.940177143000085 ], [ 35.374633789000143, 1.938975930000083 ], [ 35.374692917000061, 1.937716365000028 ], [ 35.374659220000183, 1.936730405 ], [ 35.374275207000153, 1.93579526700006 ], [ 35.373657226000091, 1.934880197000041 ], [ 35.373168945000089, 1.934024602000022 ], [ 35.372491836999984, 1.93285328200011 ], [ 35.371852875000059, 1.932101071000147 ], [ 35.370645523000178, 1.931069017000027 ], [ 35.369415283000194, 1.930275441000049 ], [ 35.371565426000188, 1.927448313000127 ], [ 35.445282591000193, 1.857700196000053 ], [ 35.451812744000051, 1.85128784200009 ], [ 35.451818998000192, 1.850132082000016 ], [ 35.452516079000077, 1.849319369 ], [ 35.453223978000096, 1.848334889000114 ], [ 35.452769089000185, 1.847078443000044 ], [ 35.453344172000072, 1.846216722000065 ], [ 35.454382760000044, 1.846282159000054 ], [ 35.455080305000138, 1.847134471000061 ], [ 35.45601109100005, 1.847589817000085 ], [ 35.457007408000152, 1.847636312000134 ], [ 35.457743021000169, 1.847036854000066 ], [ 35.45785522500006, 1.845513001000029 ], [ 35.458439418000125, 1.844835724000063 ], [ 35.459192426000072, 1.844682194000143 ], [ 35.459996541000123, 1.844076647 ], [ 35.460091182000042, 1.842821411000102 ], [ 35.460461617000021, 1.841796294000062 ], [ 35.461338043000069, 1.841494938000039 ], [ 35.46226930600011, 1.841904923000129 ], [ 35.463188171000013, 1.842748205000078 ], [ 35.464317703000063, 1.84249628800012 ], [ 35.465284075000056, 1.842249376000098 ], [ 35.466368675000126, 1.84286550700017 ], [ 35.467546781000067, 1.843265067 ], [ 35.467857997000067, 1.842034777000038 ], [ 35.468179430000077, 1.840878247999967 ], [ 35.469001897000055, 1.839828269000066 ], [ 35.469862257000159, 1.839153852000095 ], [ 35.470634460000042, 1.839045167000108 ], [ 35.471505165000053, 1.838963255000067 ], [ 35.472190857000101, 1.838380218000054 ], [ 35.472898483000051, 1.837497860000042 ], [ 35.473587036000083, 1.836323664000076 ], [ 35.473494212000048, 1.835206072000176 ], [ 35.473140081000111, 1.834011555000188 ], [ 35.473764529000107, 1.832619750000049 ], [ 35.473982811000042, 1.831299692000073 ], [ 35.474063872999977, 1.830459873000109 ], [ 35.474287669000034, 1.829493086000127 ], [ 35.4747734070001, 1.828491163000137 ], [ 35.475355148000176, 1.827888310000048 ], [ 35.476304372000186, 1.827602446000014 ], [ 35.476541693, 1.82662133700012 ], [ 35.475383250000164, 1.826088202000165 ], [ 35.474677722000081, 1.82492816600012 ], [ 35.475285848000112, 1.823938468999984 ], [ 35.476198196000098, 1.823600312 ], [ 35.47682603200019, 1.822687149000046 ], [ 35.476396871000134, 1.821602416000076 ], [ 35.475803375000055, 1.821066221000024 ], [ 35.47508684800016, 1.82049431400003 ], [ 35.474531174000049, 1.81983271200005 ], [ 35.473944982000035, 1.819241107000039 ], [ 35.473060862000068, 1.818572009000093 ], [ 35.47257766700011, 1.817425633000084 ], [ 35.47302191600005, 1.816427026000156 ], [ 35.473077774000046, 1.815273782000133 ], [ 35.47344843500008, 1.814156731000139 ], [ 35.47466114600013, 1.814128689000142 ], [ 35.47569465600003, 1.814260006000097 ], [ 35.476517359000127, 1.814257662000045 ], [ 35.477399614000035, 1.814256867000097 ], [ 35.477425575000154, 1.813266725000062 ], [ 35.476878150000061, 1.812492840000061 ], [ 35.475952147999976, 1.811810274999971 ], [ 35.474979400000166, 1.811081866 ], [ 35.474495697000179, 1.810102200000131 ], [ 35.474457550000125, 1.80922677500007 ], [ 35.474259184000061, 1.808229616000119 ], [ 35.474162292000074, 1.807152550000183 ], [ 35.473066966000033, 1.806642175000093 ], [ 35.471908474000088, 1.806334561000085 ], [ 35.471201216, 1.805511321000154 ], [ 35.470911843000124, 1.804673518000016 ], [ 35.471390724000059, 1.803959474000123 ], [ 35.472261156000116, 1.804267509000113 ], [ 35.473286765000182, 1.80467145800003 ], [ 35.474296570000149, 1.804609915000185 ], [ 35.47482808400008, 1.804050624000183 ], [ 35.474864960000104, 1.80317195300006 ], [ 35.474836826000114, 1.80221807900017 ], [ 35.475143978000119, 1.801270808000027 ], [ 35.475862715000176, 1.800408787000038 ], [ 35.476897558000076, 1.799744904000079 ], [ 35.478101095000056, 1.799481948 ], [ 35.479110082000147, 1.799451331000057 ], [ 35.479770660000099, 1.799067521000097 ], [ 35.480689155000164, 1.798513955000089 ], [ 35.481975238000075, 1.798339128000123 ], [ 35.482685089000086, 1.797476560000177 ], [ 35.482684135000056, 1.796706080000035 ], [ 35.482566071, 1.795788288000097 ], [ 35.482768154000155, 1.794733644000075 ], [ 35.482601166000165, 1.793647905 ], [ 35.482592106000141, 1.792794749000109 ], [ 35.483438969000133, 1.791837946000101 ], [ 35.484565735000103, 1.791554843000029 ], [ 35.485617744000024, 1.791489813000169 ], [ 35.485657350999986, 1.790450643000156 ], [ 35.48517390700016, 1.789465802000109 ], [ 35.485148430000095, 1.788290848000088 ], [ 35.485663096000053, 1.787364145000026 ], [ 35.486616135000133, 1.787168336000093 ], [ 35.487665994000054, 1.786653146999981 ], [ 35.488421917000153, 1.785503174000155 ], [ 35.489349842000081, 1.784367882000026 ], [ 35.489321027000074, 1.782989028000145 ], [ 35.490152359000149, 1.782247454000071 ], [ 35.491082509000194, 1.782350222000048 ], [ 35.491704305000098, 1.782914718000029 ], [ 35.492696381000144, 1.782868397000016 ], [ 35.492015902000048, 1.781858685000145 ], [ 35.49173879600005, 1.78061449300003 ], [ 35.492405362000113, 1.779677033000098 ], [ 35.49297142000006, 1.779106528000057 ], [ 35.494149290000166, 1.779330703000085 ], [ 35.495433489000106, 1.778686762000177 ], [ 35.495351410000183, 1.777262923000023 ], [ 35.496595859000024, 1.776802018000183 ], [ 35.497191959000133, 1.776112583000042 ], [ 35.496743520000052, 1.77528476700013 ], [ 35.496096871000134, 1.774441730000092 ], [ 35.495848786000124, 1.773220673000083 ], [ 35.495365143000129, 1.77181063400019 ], [ 35.494912581000165, 1.770531383000105 ], [ 35.495239735000098, 1.769434273000115 ], [ 35.496119908000139, 1.769174457000133 ], [ 35.497123718000068, 1.769852617000083 ], [ 35.498154958000157, 1.769683162000035 ], [ 35.498796023000182, 1.768929105999973 ], [ 35.498696327000062, 1.768039375000171 ], [ 35.498109272000079, 1.767191128999968 ], [ 35.498964946000171, 1.767293811000116 ], [ 35.499856740999974, 1.768320303000166 ], [ 35.500856400000032, 1.767415067000059 ], [ 35.501676560000192, 1.767097919999969 ], [ 35.502636719000122, 1.7672390460001 ], [ 35.50339794100006, 1.767034113000136 ], [ 35.504491933000168, 1.767316473000051 ], [ 35.50528081300007, 1.768048126999986 ], [ 35.506399155000054, 1.768358141000078 ], [ 35.507404327000074, 1.768626118000157 ], [ 35.508544922000056, 1.768914064000171 ], [ 35.509690603000081, 1.768924912000159 ], [ 35.510472616000015, 1.768920143000059 ], [ 35.511320496, 1.769065857000044 ], [ 35.512266975999978, 1.76964068400008 ], [ 35.513313293000124, 1.769775033000087 ], [ 35.514272054000173, 1.769670486000052 ], [ 35.515146843000139, 1.769823613000028 ], [ 35.515954018000059, 1.770282804999965 ], [ 35.517079926000122, 1.769391227000142 ], [ 35.517943129000059, 1.768717184000025 ], [ 35.51888465900015, 1.768154844000037 ], [ 35.519726753000043, 1.768279046000032 ], [ 35.520612988999972, 1.768531902000177 ], [ 35.521466827000097, 1.768394017000048 ], [ 35.522206879000066, 1.767752957000084 ], [ 35.523040771000126, 1.766983048999975 ], [ 35.523250580000024, 1.76608783000006 ], [ 35.523891540000079, 1.765607240000122 ], [ 35.524850845000174, 1.765627355000106 ], [ 35.525838852000106, 1.765569687000095 ], [ 35.526573181, 1.765218576000109 ], [ 35.527262116000088, 1.764617920000148 ], [ 35.528153229, 1.76424133800009 ], [ 35.529289246000133, 1.764227351000045 ], [ 35.530512492000071, 1.764249802000052 ], [ 35.531452179000098, 1.764055173000031 ], [ 35.532372951000127, 1.763774812 ], [ 35.533158302000174, 1.764184654000189 ], [ 35.5335979460001, 1.76484468600006 ], [ 35.534260559000131, 1.765276814000117 ], [ 35.535181670000043, 1.765601997000147 ], [ 35.53619766200012, 1.76579657200017 ], [ 35.537590790000081, 1.765840936000075 ], [ 35.538382212000045, 1.765433272000109 ], [ 35.539112091000106, 1.765189975000112 ], [ 35.540054321000071, 1.765054465000105 ], [ 35.541336695000155, 1.764911652000137 ], [ 35.542635345000122, 1.764762354000027 ], [ 35.543892791000076, 1.764583697999967 ], [ 35.545516332000034, 1.764550825000185 ], [ 35.54626719200013, 1.765183131000128 ], [ 35.546873728000037, 1.765831073000072 ], [ 35.547515869000165, 1.766255259000161 ], [ 35.548288980999985, 1.766463320000071 ], [ 35.549353790000112, 1.766491890000111 ], [ 35.550552368000126, 1.766188204000059 ], [ 35.551783752000063, 1.76565904600011 ], [ 35.552579244000185, 1.765265862000092 ], [ 35.553398895000043, 1.765025377000029 ], [ 35.554452260000062, 1.764819682000166 ], [ 35.555372874, 1.764599045000068 ], [ 35.556170654000141, 1.764335561000166 ], [ 35.556969960000174, 1.764014999000096 ], [ 35.557671547000041, 1.763491482 ], [ 35.558555603, 1.762972592999972 ], [ 35.559468587000083, 1.762346745000059 ], [ 35.56031481399998, 1.762258987000109 ], [ 35.561015129000111, 1.76284468200015 ], [ 35.561902046000057, 1.763248399000076 ], [ 35.562800089, 1.762761712000042 ], [ 35.563535500000057, 1.761922848000097 ], [ 35.564222717000121, 1.761254954000094 ], [ 35.564880371000186, 1.76062270000017 ], [ 35.565776443000061, 1.760133847000134 ], [ 35.567146209999976, 1.760046170000066 ], [ 35.568208422000112, 1.760375977000081 ], [ 35.567965031000142, 1.761204228000111 ], [ 35.56851863900016, 1.761815339000179 ], [ 35.569451904000175, 1.762358451000182 ], [ 35.570792389000133, 1.762435436000032 ], [ 35.571627299000113, 1.762294968000162 ], [ 35.572498321000069, 1.762144327000044 ], [ 35.573448817000042, 1.762419820000162 ], [ 35.574549103000095, 1.762726250000128 ], [ 35.575603485000158, 1.762483637000059 ], [ 35.576239109000142, 1.76193741000003 ], [ 35.577081507000059, 1.761145764999981 ], [ 35.578247615000066, 1.761408227000061 ], [ 35.57928212500002, 1.761252364000029 ], [ 35.580117226000141, 1.760898918000123 ], [ 35.581043243000124, 1.760570390000112 ], [ 35.582146690000172, 1.760114289000114 ], [ 35.58327266200007, 1.760193774000186 ], [ 35.584091950000186, 1.760811603000093 ], [ 35.585092545000123, 1.760612051000066 ], [ 35.586155653000162, 1.760652170000128 ], [ 35.587416330999986, 1.761218568000061 ], [ 35.588688987000126, 1.761411071000111 ], [ 35.589479065000148, 1.761804318000031 ], [ 35.589817592000031, 1.762727635000147 ], [ 35.590797848000136, 1.763466398000105 ], [ 35.592211519000102, 1.763595383 ], [ 35.593236651000041, 1.76439305700012 ], [ 35.594250815000066, 1.764094950000015 ], [ 35.595404845000189, 1.762952016000156 ], [ 35.596422196000049, 1.762513757000022 ], [ 35.597232232000124, 1.76254624600017 ], [ 35.598311900999988, 1.76265689700017 ], [ 35.598822784000106, 1.761991048000027 ], [ 35.599323273000039, 1.761217100000124 ], [ 35.600141017000169, 1.760256346000062 ], [ 35.6010289190001, 1.759359643000039 ], [ 35.601398501000119, 1.758598889000154 ], [ 35.601372401000106, 1.757769962 ], [ 35.602053324000053, 1.756934295000065 ], [ 35.602998945000024, 1.756189148000146 ], [ 35.603258133000168, 1.755277008000178 ], [ 35.603818893000039, 1.754566173000057 ], [ 35.604630788000122, 1.754129847 ], [ 35.60542806, 1.754219294000052 ], [ 35.606233597000141, 1.753971696000178 ], [ 35.607327325000085, 1.753403894000087 ], [ 35.607668082000089, 1.752195334000078 ], [ 35.608643850000192, 1.751283765000096 ], [ 35.60950851400014, 1.751097481000102 ], [ 35.610601806000034, 1.750951004000171 ], [ 35.611424446000058, 1.750917673000174 ], [ 35.61196212800013, 1.751581526000109 ], [ 35.612665812000103, 1.751966715000094 ], [ 35.613782883000056, 1.751856178000082 ], [ 35.614697774000149, 1.751579881000055 ], [ 35.615439097000149, 1.751189232000172 ], [ 35.61656761100005, 1.750379741000074 ], [ 35.617473602000132, 1.749872148000065 ], [ 35.61828994800004, 1.749822935000168 ], [ 35.619291578000116, 1.750083668000173 ], [ 35.619856153, 1.750742197000022 ], [ 35.620834351000155, 1.750484983000092 ], [ 35.621787071000085, 1.750153482000087 ], [ 35.623574256999973, 1.749735534000138 ], [ 35.624516805000155, 1.749317368 ], [ 35.625473022000165, 1.748764276999964 ], [ 35.626216888000044, 1.748366495000084 ], [ 35.627143415999967, 1.747855530000038 ], [ 35.627953847000185, 1.74737989900018 ], [ 35.62881024700016, 1.747005304000027 ], [ 35.629895347000058, 1.746745433000115 ], [ 35.630986786, 1.746615171000144 ], [ 35.631785075000096, 1.746477842000047 ], [ 35.632702509000126, 1.746287326000129 ], [ 35.633595785000125, 1.746190071000171 ], [ 35.634482702000071, 1.746050775000185 ], [ 35.635444005000124, 1.745835503000137 ], [ 35.636518477000038, 1.745609161000061 ], [ 35.638115819000063, 1.745325144000105 ], [ 35.639102936000086, 1.744626618000041 ], [ 35.639603297000178, 1.743856867000034 ], [ 35.640255610000054, 1.74295575400015 ], [ 35.641422817000091, 1.742542607000189 ], [ 35.642704773000105, 1.742551565000042 ], [ 35.643562317000033, 1.742598216000033 ], [ 35.644731522000029, 1.74254636 ], [ 35.646192169000187, 1.742426681000154 ], [ 35.64726829500006, 1.742276827000012 ], [ 35.648343768000132, 1.742156335000175 ], [ 35.649226507000094, 1.741777698000021 ], [ 35.650029319000055, 1.741190126999982 ], [ 35.650894483000059, 1.740085939000096 ], [ 35.651509857000178, 1.739053154000032 ], [ 35.652141571000016, 1.738266178000117 ], [ 35.652850342000136, 1.737779927000076 ], [ 35.65381908400019, 1.73742136400017 ], [ 35.654891205000183, 1.737168884000084 ], [ 35.655620575000114, 1.736717900000087 ], [ 35.656370428000059, 1.735686990000033 ], [ 35.657207489000143, 1.734344738000175 ], [ 35.658006396000076, 1.733755810000105 ], [ 35.659144508000111, 1.733722409000109 ], [ 35.660312653000062, 1.733987868000156 ], [ 35.661098480000135, 1.734048391000101 ], [ 35.661890030000052, 1.733813733000034 ], [ 35.66279347700015, 1.73342468300018 ], [ 35.663602447000073, 1.732851219000167 ], [ 35.664197286000046, 1.732365370000025 ], [ 35.664814758000148, 1.731894231000183 ], [ 35.665643963999969, 1.731343082000137 ], [ 35.666838360000042, 1.730958408000106 ], [ 35.668102265000073, 1.731066176000127 ], [ 35.669188817000133, 1.731197475999977 ], [ 35.670124054000155, 1.730396151000036 ], [ 35.670705159000136, 1.729285697000023 ], [ 35.671127319000107, 1.728180838000185 ], [ 35.671445211000105, 1.727297862000114 ], [ 35.671759288000089, 1.726596196000116 ], [ 35.672138214000142, 1.725551486000029 ], [ 35.672801653000079, 1.724282225000081 ], [ 35.67349624600007, 1.723253826000189 ], [ 35.6746215820001, 1.722654010000099 ], [ 35.676032702000157, 1.72230951 ], [ 35.677078247000054, 1.722091049000142 ], [ 35.678029197000058, 1.721901945000127 ], [ 35.679186140000127, 1.72144229100013 ], [ 35.680152257000032, 1.720805208000058 ], [ 35.68098776700009, 1.720041956000159 ], [ 35.681692505000115, 1.71938996300014 ], [ 35.682684285000107, 1.718752395000138 ], [ 35.683608627000012, 1.717700342000057 ], [ 35.684396744000139, 1.716764887000181 ], [ 35.685320854000054, 1.715957244000037 ], [ 35.686506271000155, 1.715336382000032 ], [ 35.687429428000087, 1.714956224 ], [ 35.68823078700018, 1.714272363000021 ], [ 35.68899822200018, 1.713631123000084 ], [ 35.689680099000043, 1.713212162000104 ], [ 35.690425873000095, 1.712837934000049 ], [ 35.691464742000164, 1.712421703000189 ], [ 35.69261042300019, 1.711817245000077 ], [ 35.693610128000046, 1.711012713000116 ], [ 35.694558038000139, 1.710294008000062 ], [ 35.69553120900008, 1.710066895000011 ], [ 35.696343740000088, 1.709614356000145 ], [ 35.697158050000155, 1.709066056999973 ], [ 35.697973915000034, 1.708672117999981 ], [ 35.69867858900011, 1.70831985500007 ], [ 35.699507395000126, 1.707959970000047 ], [ 35.700695801000052, 1.707551905000116 ], [ 35.701674144000037, 1.707235396000158 ], [ 35.702428182000119, 1.706656231000068 ], [ 35.702767372000096, 1.705572769000128 ], [ 35.703440348000186, 1.705011268000135 ], [ 35.70432554000007, 1.704476883999973 ], [ 35.705237797000109, 1.703895075000048 ], [ 35.706032889000028, 1.703263163000031 ], [ 35.706796010000176, 1.70271148300003 ], [ 35.707579475999978, 1.702150788000097 ], [ 35.708594386000129, 1.701589839000121 ], [ 35.709503719000111, 1.701007741000069 ], [ 35.710253239000167, 1.699995125000157 ], [ 35.710891724000135, 1.698968291000085 ], [ 35.711782932000176, 1.698208287000114 ], [ 35.712593079000158, 1.697542012000156 ], [ 35.713478523000049, 1.696837956000138 ], [ 35.714377403000128, 1.695953175000056 ], [ 35.715079308000043, 1.69541472200018 ], [ 35.715898725999978, 1.69481412600004 ], [ 35.716787126000156, 1.694230199000117 ], [ 35.71791839600013, 1.693855578000125 ], [ 35.718717098000127, 1.693041250000078 ], [ 35.718629292000173, 1.691804906000073 ], [ 35.719549020000045, 1.690650647000041 ], [ 35.720550091000177, 1.690081162000126 ], [ 35.72155125900008, 1.689906980999979 ], [ 35.722510020000072, 1.689905405000047 ], [ 35.723340988000075, 1.68984607900012 ], [ 35.724212011000134, 1.689571838000063 ], [ 35.725259145000052, 1.688998044000186 ], [ 35.726092338000171, 1.688401461000126 ], [ 35.726782481000157, 1.687886 ], [ 35.727431706000175, 1.687357323000072 ], [ 35.728106817000139, 1.686771313000065 ], [ 35.72908708000017, 1.686183553000092 ], [ 35.72989893, 1.685313463000057 ], [ 35.7306115290001, 1.684517843000151 ], [ 35.731414795000092, 1.683890751000092 ], [ 35.732212612000126, 1.68337181600009 ], [ 35.733075460000123, 1.683127403000185 ], [ 35.733968462000121, 1.682938871000033 ], [ 35.734913825999968, 1.682519555000169 ], [ 35.735452175000034, 1.68195681300017 ], [ 35.736072540000123, 1.681336880000117 ], [ 35.736805439000079, 1.680770010000117 ], [ 35.737745921000112, 1.679858380000155 ], [ 35.738563538000164, 1.679049055000064 ], [ 35.73963328800005, 1.678948641000147 ], [ 35.74039363900016, 1.679097384000102 ], [ 35.741339493000055, 1.67925517599997 ], [ 35.742274693000184, 1.678739819999976 ], [ 35.743443080000134, 1.67827034000004 ], [ 35.74460601800007, 1.677941640000029 ], [ 35.745402336000041, 1.677776784000059 ], [ 35.746386634000146, 1.677473307000071 ], [ 35.747661591000053, 1.677154303000179 ], [ 35.748633067000128, 1.676917593000098 ], [ 35.749478657999987, 1.676833510000165 ], [ 35.750528063000047, 1.676579441 ], [ 35.751590729000043, 1.67615515000017 ], [ 35.752448654000091, 1.675408395000147 ], [ 35.753408432000072, 1.67451562500014 ], [ 35.754636129000176, 1.67463364200006 ], [ 35.755670929000132, 1.674502206 ], [ 35.756836700000065, 1.674154353000119 ], [ 35.758118629000194, 1.674046069000042 ], [ 35.759040831999982, 1.673850218000098 ], [ 35.759856415000058, 1.67334351500017 ], [ 35.76040013700009, 1.672630787000173 ], [ 35.7609858510001, 1.671620324000116 ], [ 35.762052536000169, 1.670653105000156 ], [ 35.762876510000126, 1.670113146000119 ], [ 35.763711930000113, 1.669706166000026 ], [ 35.764507294000055, 1.669504106000034 ], [ 35.765611649, 1.669242263000115 ], [ 35.76647377, 1.668853641000112 ], [ 35.767791748000036, 1.668365509000012 ], [ 35.769275665000123, 1.667507231000059 ], [ 35.771053314000028, 1.666498721000096 ], [ 35.77192306500018, 1.666091740000127 ], [ 35.772890091000079, 1.665871262000167 ], [ 35.773893356000031, 1.665687621000131 ], [ 35.774694443000158, 1.665471792000176 ], [ 35.776702881000062, 1.664904176999983 ], [ 35.778469085000154, 1.66462558500001 ], [ 35.779661179000016, 1.664497256000175 ], [ 35.780513764000148, 1.664460361000067 ], [ 35.781700134000062, 1.664295196000126 ], [ 35.782622020000133, 1.663018942000065 ], [ 35.783146858000066, 1.661966145000065 ], [ 35.783545176000132, 1.660427292 ], [ 35.783918381000035, 1.659736693000184 ], [ 35.78471374500009, 1.65905398100017 ], [ 35.785800934000065, 1.657843873000047 ], [ 35.785929362000047, 1.656901956000013 ], [ 35.785653114000127, 1.656131744000049 ], [ 35.795040389000121, 1.641082708000113 ], [ 35.808232186000112, 1.620517766000148 ], [ 35.820627254000044, 1.601476800000171 ], [ 35.831650936000131, 1.584220843000139 ], [ 35.844651180000028, 1.564069524 ], [ 35.857429354000033, 1.544231829000069 ], [ 35.870429598000101, 1.524222063000025 ], [ 35.8826331140001, 1.505614202000061 ], [ 35.885678475000134, 1.500711760000115 ], [ 35.892687996000177, 1.489427044000081 ], [ 35.903903231000072, 1.471665911 ], [ 35.908825154999988, 1.464223284000184 ], [ 35.915279500000167, 1.453935296000168 ], [ 35.92608111200019, 1.436870891000183 ], [ 35.93548081900019, 1.422085637000066 ], [ 35.940574813000126, 1.414512493000132 ], [ 35.946232430000066, 1.405534856000088 ], [ 35.957447664000028, 1.387915276000115 ], [ 35.966292196000154, 1.374290374000054 ], [ 35.968190828000047, 1.370831389000102 ], [ 35.976680184000088, 1.357831145000091 ], [ 35.98644351400003, 1.342823821000025 ], [ 35.990699227000164, 1.336227922999967 ], [ 35.996689950000132, 1.326686663000146 ], [ 35.99963531100002, 1.322289397000077 ], [ 36.009035018000191, 1.306676897000045 ], [ 36.019645076000188, 1.290267669000059 ], [ 36.021484375000057, 1.287109375 ], [ 36.02868116000019, 1.276087591000078 ], [ 36.036487410000177, 1.263884075000021 ], [ 36.039241219000189, 1.25981991499998 ], [ 36.044898836000186, 1.250520208000125 ], [ 36.047702645000072, 1.246264495 ], [ 36.055700448000039, 1.234091497000179 ], [ 36.066885164000155, 1.216421917000162 ], [ 36.079835409000054, 1.196320598000057 ], [ 36.088346834000049, 1.182887249000146 ], [ 36.097290039000086, 1.16931152300009 ], [ 36.1212763260001, 1.169714934000126 ], [ 36.132633114000043, 1.170320110000148 ], [ 36.153075985000157, 1.170875286000069 ], [ 36.167478133000031, 1.171116839000035 ], [ 36.173277303000077, 1.17123890900001 ], [ 36.188426180000192, 1.152489495000168 ], [ 36.204038680000053, 1.13291283500007 ], [ 36.219296744000189, 1.11384712500012 ], [ 36.234850057000017, 1.094275725000102 ], [ 36.239902498, 1.087921380000068 ], [ 36.247295125000164, 1.078613225000083 ], [ 36.249685311000064, 1.075939934000132 ], [ 36.260123299000043, 1.062939690000064 ], [ 36.264087459000109, 1.058028801999967 ], [ 36.272888184000067, 1.047119141000167 ], [ 36.277279256000099, 1.041428020000069 ], [ 36.289724325000179, 1.025915520000183 ], [ 36.300284383000132, 1.01286527600007 ], [ 36.306880282000066, 1.004725921000102 ], [ 36.310239266000167, 1.000520208000012 ], [ 36.317321777000075, 0.991516113000102 ], [ 36.324691414000085, 0.992422405000127 ], [ 36.335079403000123, 0.993632757000114 ], [ 36.342285156000116, 0.994110107000154 ], [ 36.342323075000138, 0.992929269000172 ], [ 36.342600639000182, 0.99190733000006 ], [ 36.342754166000191, 0.991100256999971 ], [ 36.342929416000118, 0.99019628800005 ], [ 36.343533864000051, 0.989226813000073 ], [ 36.344318083000189, 0.988551071000074 ], [ 36.344967574000179, 0.98799427900002 ], [ 36.345949718999975, 0.987729730000069 ], [ 36.346390823000092, 0.98655680100012 ], [ 36.346658738000144, 0.985708665000118 ], [ 36.346821279000153, 0.984900473000039 ], [ 36.346589418000065, 0.983536850000064 ], [ 36.346762392000187, 0.982321228000046 ], [ 36.346927816000175, 0.981140934000109 ], [ 36.347277806000193, 0.980081782000013 ], [ 36.34744509799998, 0.979022801000099 ], [ 36.347681141000066, 0.97792404 ], [ 36.347741971000119, 0.97709514100012 ], [ 36.34781703900012, 0.975725873000158 ], [ 36.34805368300016, 0.974517031000119 ], [ 36.348576611000112, 0.973420387000147 ], [ 36.349351263000074, 0.972440507999977 ], [ 36.349574964000169, 0.971446394000168 ], [ 36.350205084000095, 0.970012559999986 ], [ 36.350667847000125, 0.969362914000101 ], [ 36.350947484000073, 0.968625598000187 ], [ 36.351362523000034, 0.967826037 ], [ 36.351747282000133, 0.966980747000093 ], [ 36.352883778000034, 0.966854459000103 ], [ 36.354003906000173, 0.967056274000186 ], [ 36.35473281100019, 0.966295611000021 ], [ 36.355357228000059, 0.965821439000081 ], [ 36.357479354000134, 0.965261565000105 ], [ 36.358567958000151, 0.965390786000057 ], [ 36.359732395000151, 0.965279422000094 ], [ 36.360333171000093, 0.964710484000079 ], [ 36.361324363000051, 0.964467759000172 ], [ 36.362304687000176, 0.964721680000139 ], [ 36.363281250000057, 0.964477539000086 ], [ 36.364074707000043, 0.964294434000124 ], [ 36.364685059000124, 0.963684082000043 ], [ 36.364501953000058, 0.962890625000057 ], [ 36.364389969000058, 0.96208755300006 ], [ 36.365100468000094, 0.961261339999965 ], [ 36.365429111000026, 0.959780509000097 ], [ 36.366006408000089, 0.958968307000077 ], [ 36.366685119000067, 0.958302413000013 ], [ 36.367538257000092, 0.957234702000051 ], [ 36.368324691000169, 0.956808699000078 ], [ 36.369323585000018, 0.956363911000039 ], [ 36.370246492000092, 0.955911858000036 ], [ 36.371123113000067, 0.955950325000117 ], [ 36.372799028000088, 0.956620993000172 ], [ 36.37438964800009, 0.95727539100011 ], [ 36.375610352000024, 0.95727539100011 ], [ 36.376450838000096, 0.956589104000102 ], [ 36.377310014000102, 0.956053385000075 ], [ 36.378136005000158, 0.955753892000075 ], [ 36.379250851000052, 0.955432135000024 ], [ 36.380605342000081, 0.955383361000088 ], [ 36.381805420000092, 0.955780029000039 ], [ 36.383177254000088, 0.955370305000088 ], [ 36.384185791000164, 0.954864502000078 ], [ 36.384277344000168, 0.953674316000161 ], [ 36.384045042000139, 0.952862586000151 ], [ 36.384376571000132, 0.951636663000045 ], [ 36.385099559000082, 0.951168357000029 ], [ 36.38615546800014, 0.950594626000054 ], [ 36.387178456000072, 0.950149623000129 ], [ 36.388412475999985, 0.949844359999986 ], [ 36.389205619000165, 0.94880795500012 ], [ 36.389053667000042, 0.947386433000133 ], [ 36.389303078000182, 0.944731803000025 ], [ 36.389908625000089, 0.943412318000185 ], [ 36.390203588000077, 0.941795858000035 ], [ 36.388193012000158, 0.940731521000146 ], [ 36.388258548000067, 0.939883512000051 ], [ 36.388232217000109, 0.939091811000026 ], [ 36.388103104000152, 0.937643788 ], [ 36.388411173000179, 0.935993936000102 ], [ 36.388463637000086, 0.934683680000035 ], [ 36.388377547000061, 0.933210503000112 ], [ 36.388671875000057, 0.932128906000059 ], [ 36.38817662200006, 0.931340973000147 ], [ 36.387824139000088, 0.930467744000111 ], [ 36.387329102000081, 0.929504395000095 ], [ 36.387084961000028, 0.928710937000119 ], [ 36.387744735000069, 0.927714882000089 ], [ 36.388617940000131, 0.926885379999987 ], [ 36.389183173000106, 0.926009739000108 ], [ 36.389750438000021, 0.925366031000124 ], [ 36.390100313000119, 0.924424898000154 ], [ 36.390726399000073, 0.923737644000141 ], [ 36.391377501000136, 0.92319898900007 ], [ 36.391826201000129, 0.922562919000029 ], [ 36.392454941000096, 0.92161653900007 ], [ 36.393707275000168, 0.921203612999989 ], [ 36.393920898000147, 0.920288086000028 ], [ 36.393626278000113, 0.91957338200001 ], [ 36.393427303000067, 0.918576221000023 ], [ 36.392883300999983, 0.917602539000143 ], [ 36.393258692000074, 0.91635700400002 ], [ 36.39328894900018, 0.914794922000056 ], [ 36.393183194000017, 0.913503871000103 ], [ 36.393939614000089, 0.912393913000074 ], [ 36.395350252000128, 0.913119036000126 ], [ 36.397492313000157, 0.915130897999973 ], [ 36.398117997000043, 0.915703605000033 ], [ 36.398878733000117, 0.916373552000152 ], [ 36.401724080000065, 0.91909027600002 ], [ 36.404649959000153, 0.921672014000137 ], [ 36.407523250000111, 0.924425823000149 ], [ 36.410499129000016, 0.927138079000031 ], [ 36.413444491, 0.929861370000026 ], [ 36.416298299000061, 0.93247362600016 ], [ 36.419102108000175, 0.93527743400017 ], [ 36.421683846000064, 0.938081243000056 ], [ 36.424437655000133, 0.941026604000115 ], [ 36.426494735000119, 0.94402196599998 ], [ 36.428038192000031, 0.946512151000093 ], [ 36.429077148000033, 0.948303223000096 ], [ 36.429504395000095, 0.949096680000139 ], [ 36.431273513000122, 0.951690178000149 ], [ 36.431676480000135, 0.952951809000183 ], [ 36.432335706000174, 0.95427228200009 ], [ 36.434100434000186, 0.957433116000118 ], [ 36.435652889000096, 0.960339641000189 ], [ 36.436882723000053, 0.96301293200014 ], [ 36.438698250000073, 0.966613469000038 ], [ 36.440050155000108, 0.969275725000045 ], [ 36.441329989000167, 0.971937981000053 ], [ 36.442681893000099, 0.975074895000091 ], [ 36.443299682000145, 0.976928263000161 ], [ 36.443595963000064, 0.977680078999981 ], [ 36.444445468000083, 0.979704198000036 ], [ 36.444658990000164, 0.98047727800008 ], [ 36.445849325000154, 0.983627874000149 ], [ 36.446696053000039, 0.986431682000159 ], [ 36.447521215000108, 0.989315533000138 ], [ 36.447825887000079, 0.990223772000036 ], [ 36.448089050000135, 0.991098046000047 ], [ 36.448692385000186, 0.993114279 ], [ 36.44900510500014, 0.994394554000166 ], [ 36.449279785000158, 0.995910645000095 ], [ 36.449798584000177, 0.997192383000083 ], [ 36.450205798000127, 0.999055565000049 ], [ 36.450635367000189, 1.0009244580001 ], [ 36.450851766000085, 1.00201366500005 ], [ 36.451046669000107, 1.002942899 ], [ 36.45145326300019, 1.005122306000146 ], [ 36.451524017, 1.005912312000135 ], [ 36.451940422000121, 1.008062775000155 ], [ 36.452077241000154, 1.008912534000046 ], [ 36.452334356000165, 1.010914970000158 ], [ 36.452493041000082, 1.01172235100006 ], [ 36.452666249, 1.01270056300018 ], [ 36.45282832800018, 1.013612005000084 ], [ 36.452987894000103, 1.014718224000092 ], [ 36.453044154000111, 1.016484653000134 ], [ 36.453069375000155, 1.01727649999998 ], [ 36.453191951000179, 1.01828134100009 ], [ 36.452955729000166, 1.019035489000146 ], [ 36.452674435000176, 1.019993818000103 ], [ 36.451949972000193, 1.021428748000176 ], [ 36.451426424000033, 1.022578606000138 ], [ 36.45088568400007, 1.023476196000104 ], [ 36.449923950000027, 1.025103412000135 ], [ 36.449584861000176, 1.025879285000087 ], [ 36.448534579000125, 1.027734980000048 ], [ 36.448277841, 1.02863599 ], [ 36.447678322000058, 1.030880262000096 ], [ 36.447494674000154, 1.031656489999989 ], [ 36.447305481, 1.032465687000069 ], [ 36.44692370100006, 1.034691389000045 ], [ 36.446646053000165, 1.035487298000078 ], [ 36.446051438000097, 1.036275621000186 ], [ 36.44488052600019, 1.037827483000171 ], [ 36.443698751000056, 1.039470738000148 ], [ 36.443145516000186, 1.040217669000015 ], [ 36.442830166000192, 1.041106076000062 ], [ 36.442661398999974, 1.04282205100003 ], [ 36.442665027000146, 1.04510572099997 ], [ 36.442681893000099, 1.046116838999978 ], [ 36.442870183000025, 1.047119323000175 ], [ 36.443217042000072, 1.048770053000112 ], [ 36.443744638000169, 1.051081807000116 ], [ 36.443980156000123, 1.051950827000041 ], [ 36.444209659000194, 1.052928620000046 ], [ 36.444591341000148, 1.054889524000089 ], [ 36.444780526000102, 1.056163273999971 ], [ 36.444429983000134, 1.056845183000178 ], [ 36.443478621000111, 1.058733977000145 ], [ 36.442792467000174, 1.06051942199997 ], [ 36.44254034, 1.061629339000092 ], [ 36.442521356000043, 1.062500659000079 ], [ 36.442501856000035, 1.063476441000148 ], [ 36.442493465000155, 1.064283259000092 ], [ 36.442523788000074, 1.066527809000036 ], [ 36.442631893000055, 1.067811614000107 ], [ 36.442865771000015, 1.069092926000053 ], [ 36.443098407000093, 1.070132964000152 ], [ 36.443287069000064, 1.070987493000075 ], [ 36.443496700000082, 1.072078999000155 ], [ 36.443788964000134, 1.073490111000183 ], [ 36.443253477000155, 1.075668639000128 ], [ 36.442893542000093, 1.076659124000116 ], [ 36.442481764000149, 1.077688362000174 ], [ 36.441856678000136, 1.07926929000007 ], [ 36.441543952000188, 1.080080840000051 ], [ 36.440624813000056, 1.082072209999978 ], [ 36.439651854000147, 1.084177360000069 ], [ 36.439215924000109, 1.085107817000051 ], [ 36.4390313560001, 1.08707465100008 ], [ 36.43890548100012, 1.089111384000148 ], [ 36.438889803000052, 1.090052134000189 ], [ 36.438954116000104, 1.091119390000188 ], [ 36.439286196000069, 1.093118926000045 ], [ 36.439421898000091, 1.093881297000166 ], [ 36.439398330000131, 1.09587339899997 ], [ 36.439604744000121, 1.097138723000057 ], [ 36.43972043600013, 1.097897494000051 ], [ 36.439997441, 1.098892837000051 ], [ 36.440061293000156, 1.099922453000147 ], [ 36.440119574000107, 1.101197416000048 ], [ 36.440503703000161, 1.102718923000054 ], [ 36.441061178000041, 1.104802239000151 ], [ 36.442546926000034, 1.107782684000085 ], [ 36.443700692000107, 1.109888225000134 ], [ 36.444407868000155, 1.111550936000128 ], [ 36.444688973000098, 1.112569964000102 ], [ 36.444728914999985, 1.113878296000166 ], [ 36.444551611000065, 1.115892950000045 ], [ 36.44423949600008, 1.117199004000099 ], [ 36.44388214300011, 1.11870508200002 ], [ 36.443510501999981, 1.119699021000088 ], [ 36.443287069000064, 1.120517766000091 ], [ 36.443065653000076, 1.121507318000056 ], [ 36.44249034000012, 1.123463128000083 ], [ 36.441861354000139, 1.125477617 ], [ 36.441643612000064, 1.126266936000036 ], [ 36.441250920000073, 1.127060175000054 ], [ 36.440195021000193, 1.129510235999987 ], [ 36.44001740300007, 1.131885698000076 ], [ 36.439958361000151, 1.133004522000078 ], [ 36.438901202000181, 1.134069571000055 ], [ 36.437445272000161, 1.13525077800017 ], [ 36.436327547000133, 1.136080266000022 ], [ 36.435694528000056, 1.136869486000137 ], [ 36.434300985000164, 1.138420452000048 ], [ 36.43383539000007, 1.139736648000053 ], [ 36.433837362000077, 1.140527532000135 ], [ 36.434118550000051, 1.141464042000166 ], [ 36.434506969000154, 1.14227392600003 ], [ 36.434875643000112, 1.143139788000099 ], [ 36.435316366000052, 1.144097408000107 ], [ 36.436253996000175, 1.146054732000039 ], [ 36.436706543000071, 1.146728516 ], [ 36.435491550000165, 1.148074038000118 ], [ 36.43497564300003, 1.148938958000087 ], [ 36.435130428000093, 1.149901599000088 ], [ 36.435163943000134, 1.150875850000148 ], [ 36.435197713000093, 1.151884319000033 ], [ 36.435528954000063, 1.152880492000122 ], [ 36.435865965000119, 1.153700267000147 ], [ 36.436134004, 1.154487127000095 ], [ 36.436920270000087, 1.156664806000038 ], [ 36.437270499000192, 1.157454686000051 ], [ 36.437708841000187, 1.158311225000091 ], [ 36.438716806, 1.160097329999985 ], [ 36.439201996, 1.16093601200015 ], [ 36.439688325000191, 1.161688196 ], [ 36.440945545000147, 1.163453437000157 ], [ 36.441233778000083, 1.164678667000089 ], [ 36.441329989000167, 1.166428020000126 ], [ 36.441397232000099, 1.16851100100007 ], [ 36.441544583000166, 1.169558962000053 ], [ 36.441755725, 1.170460117000061 ], [ 36.442298787000027, 1.172418743000151 ], [ 36.44258826700019, 1.174327091000123 ], [ 36.442631893000055, 1.175222552000037 ], [ 36.441957346000095, 1.17595347300005 ], [ 36.440483260000178, 1.1770880790001 ], [ 36.438867969000171, 1.178036587000065 ], [ 36.438043075000166, 1.178581536000138 ], [ 36.437065339000071, 1.178618251000046 ], [ 36.435800756000162, 1.178626138000084 ], [ 36.434334767999985, 1.178635280000151 ], [ 36.432824313000026, 1.178931220000095 ], [ 36.431719333000046, 1.179712242000051 ], [ 36.430236825000122, 1.180880168999977 ], [ 36.427161699000067, 1.183271936999972 ], [ 36.426047368000184, 1.183770995999964 ], [ 36.423690871000133, 1.184255206999978 ], [ 36.422922180000057, 1.184706528000106 ], [ 36.421526007000068, 1.185879090000128 ], [ 36.420609710000178, 1.18647348200011 ], [ 36.419921875000057, 1.18688964800009 ], [ 36.418940440000085, 1.186121020000087 ], [ 36.418277656000157, 1.185719468000116 ], [ 36.417378133000057, 1.185327434000158 ], [ 36.416378305000137, 1.184798816000125 ], [ 36.414896395000085, 1.183633977000113 ], [ 36.413490357000114, 1.182339118000186 ], [ 36.412731766000093, 1.181911529000047 ], [ 36.410888598000042, 1.180908350000095 ], [ 36.410147111000072, 1.180561061000049 ], [ 36.408250496000051, 1.179619817000173 ], [ 36.405571541000029, 1.178189257000099 ], [ 36.404630950000069, 1.177622946000042 ], [ 36.403724171000079, 1.177061760000129 ], [ 36.400444246000063, 1.174939446000053 ], [ 36.398204433000103, 1.173661856000024 ], [ 36.396903113000064, 1.173323048999976 ], [ 36.395824910000101, 1.173215471000162 ], [ 36.394946445000187, 1.173248778000129 ], [ 36.393205465, 1.174104566999972 ], [ 36.3916165280001, 1.175825627000108 ], [ 36.391286092000087, 1.176624456000013 ], [ 36.391138230000138, 1.177675835000059 ], [ 36.39104453900012, 1.179619817000173 ], [ 36.390728748000186, 1.181522973000085 ], [ 36.390680916000122, 1.182473626000103 ], [ 36.390483983000081, 1.183467733000043 ], [ 36.390095166000151, 1.184991939000042 ], [ 36.389351083000122, 1.18613553800003 ], [ 36.389037459000122, 1.187012444000118 ], [ 36.38891601600011, 1.187927246000129 ], [ 36.389821360000042, 1.188398241000129 ], [ 36.390534785, 1.189103883000087 ], [ 36.391277717000037, 1.189540947000182 ], [ 36.392877212000144, 1.190682564000042 ], [ 36.393689569000117, 1.191231071000061 ], [ 36.394358082000053, 1.191809090000163 ], [ 36.396485240000061, 1.194534184000076 ], [ 36.396447118000083, 1.19567966600016 ], [ 36.396460412000124, 1.19671692300011 ], [ 36.396381311000084, 1.197690819 ], [ 36.396388534000039, 1.198491302000093 ], [ 36.396388534000039, 1.199707031000059 ], [ 36.396434310000075, 1.202027290999979 ], [ 36.396909830000027, 1.204529134000154 ], [ 36.397085262000132, 1.205478753000136 ], [ 36.39724454200018, 1.206486276000078 ], [ 36.397326815000156, 1.207818938 ], [ 36.397239829000057, 1.208917639000049 ], [ 36.397085262000132, 1.209826018000172 ], [ 36.396974115000091, 1.210851511000044 ], [ 36.396398327000043, 1.21277251700019 ], [ 36.395441805000132, 1.216038811000089 ], [ 36.394927052000071, 1.217901849000043 ], [ 36.394745076000106, 1.218720550000171 ], [ 36.394967554000061, 1.21970693600008 ], [ 36.395342389000064, 1.221053844000153 ], [ 36.39586841199997, 1.221684652000135 ], [ 36.397095041000114, 1.223083218 ], [ 36.397831991000032, 1.22386454399998 ], [ 36.398476643000038, 1.224509196000042 ], [ 36.399353306000194, 1.22545570900013 ], [ 36.400109141000144, 1.226036049000186 ], [ 36.401707843000054, 1.227054655000074 ], [ 36.402446020000127, 1.227502384000104 ], [ 36.403323648000082, 1.228083852000054 ], [ 36.404966557000023, 1.229411668000125 ], [ 36.406142944000123, 1.230262465000123 ], [ 36.407730013000048, 1.230643786000144 ], [ 36.410083090000171, 1.23103303500011 ], [ 36.411117111000181, 1.231540501000154 ], [ 36.411926270000095, 1.232299805000082 ], [ 36.412789315000168, 1.23207596900005 ], [ 36.413220938999984, 1.23125230200003 ], [ 36.414049666000096, 1.229885784000089 ], [ 36.416675797000039, 1.227352134000057 ], [ 36.418596429000161, 1.229222662000154 ], [ 36.419102108000175, 1.229935783999963 ], [ 36.419509087000165, 1.230889035000075 ], [ 36.419808724000177, 1.231809490000103 ], [ 36.420331942000132, 1.232689593000032 ], [ 36.420813963000114, 1.23355255000007 ], [ 36.421246729000075, 1.234710124000117 ], [ 36.421492293000142, 1.235634954000091 ], [ 36.421421635000115, 1.236498025000174 ], [ 36.421349314000111, 1.237463630000036 ], [ 36.420962761000169, 1.238977778999981 ], [ 36.420221515000151, 1.240065458 ], [ 36.419102108000175, 1.241625677000059 ], [ 36.417095028000176, 1.243824309000104 ], [ 36.415137948000051, 1.246214495000117 ], [ 36.414322882000135, 1.248597576000066 ], [ 36.414054231000193, 1.250191223 ], [ 36.413939084000162, 1.251285448000033 ], [ 36.414122195000118, 1.252502575000108 ], [ 36.414262999000073, 1.253483368 ], [ 36.41430227900014, 1.254272897000078 ], [ 36.414387261000059, 1.255253146000086 ], [ 36.414163452000082, 1.256242183000097 ], [ 36.41378420000018, 1.257294676000072 ], [ 36.413494491000051, 1.258034905000102 ], [ 36.412967700000081, 1.258814393000137 ], [ 36.41207856200009, 1.260026923000055 ], [ 36.411071777000188, 1.260498047000169 ], [ 36.41015528700018, 1.259734177000041 ], [ 36.409430330000134, 1.259264739000059 ], [ 36.408877920000123, 1.258481706000055 ], [ 36.408343325000033, 1.25767882700012 ], [ 36.407836873, 1.256733001000043 ], [ 36.407340826000109, 1.255897266999966 ], [ 36.406832714000188, 1.254572970000083 ], [ 36.406168396000112, 1.253205509 ], [ 36.405454001000066, 1.252485473000149 ], [ 36.404536393000171, 1.252509466000049 ], [ 36.403740975000062, 1.252848902000096 ], [ 36.402705621, 1.253403749000086 ], [ 36.401762181000095, 1.253942513000084 ], [ 36.400319669000112, 1.254805596000153 ], [ 36.399099941000088, 1.255040482000084 ], [ 36.398067837000156, 1.255093582000029 ], [ 36.396917166000094, 1.255397630000118 ], [ 36.39619745900012, 1.256343713000149 ], [ 36.395562463000147, 1.257494602000065 ], [ 36.394966068000087, 1.258402945000171 ], [ 36.393835861000127, 1.259632151000119 ], [ 36.393101619000106, 1.260425091000172 ], [ 36.392254730000104, 1.261086964000128 ], [ 36.390993746000049, 1.262163513000132 ], [ 36.390019441, 1.262990642000091 ], [ 36.389099121000072, 1.263488770000095 ], [ 36.388800377000052, 1.264550493000058 ], [ 36.388754965000032, 1.265945124000098 ], [ 36.389514974000122, 1.267651818000104 ], [ 36.390241451000065, 1.268798854000124 ], [ 36.390840485000069, 1.269600644000036 ], [ 36.391728659000194, 1.270176460000073 ], [ 36.393127441000104, 1.269966350000118 ], [ 36.394104004000042, 1.269783245000156 ], [ 36.394864963000032, 1.269882296999981 ], [ 36.395312936000039, 1.270662507000054 ], [ 36.395824910000101, 1.271690325 ], [ 36.396210153000084, 1.273240813000029 ], [ 36.39803035500006, 1.276527508000129 ], [ 36.399211769000146, 1.276068572000156 ], [ 36.399826477000033, 1.275540769000088 ], [ 36.400615576000177, 1.275165652000055 ], [ 36.401452870000185, 1.274644880000153 ], [ 36.402276217000178, 1.274153038000122 ], [ 36.405065198000102, 1.274274773000172 ], [ 36.405829793000066, 1.274513616000092 ], [ 36.406460063000168, 1.275356260000024 ], [ 36.407073706000062, 1.276147141000024 ], [ 36.407645321000189, 1.276884319000089 ], [ 36.408328858000175, 1.277706705000071 ], [ 36.409255009000105, 1.278754220000167 ], [ 36.411262262000037, 1.277781921999974 ], [ 36.412089428000058, 1.27726985400011 ], [ 36.412901406000117, 1.276670351000121 ], [ 36.414482772000042, 1.275623968000161 ], [ 36.416953874000058, 1.274791607000111 ], [ 36.418672346000108, 1.272683458000017 ], [ 36.419152108000048, 1.271931878000032 ], [ 36.419898072000137, 1.271277466000072 ], [ 36.421256104, 1.270010987000148 ], [ 36.421866456000089, 1.26927856500015 ], [ 36.422667046000072, 1.268366782000101 ], [ 36.423095703000115, 1.267700195000089 ], [ 36.423889160000101, 1.267089844000111 ], [ 36.424682617000144, 1.267089844000111 ], [ 36.425939250999988, 1.267452603000038 ], [ 36.426877840000145, 1.267484612000089 ], [ 36.427905501000168, 1.267538471000023 ], [ 36.428680752999981, 1.267511370000022 ], [ 36.429631649000157, 1.267262542000026 ], [ 36.430421408000029, 1.266817415000048 ], [ 36.431233646000123, 1.266235234000135 ], [ 36.43190965000008, 1.265685110999982 ], [ 36.433695808999971, 1.26426718 ], [ 36.435584333000122, 1.262938658000053 ], [ 36.437881274000176, 1.261054764000107 ], [ 36.438496472000111, 1.260471910000035 ], [ 36.439296173000116, 1.259737020000159 ], [ 36.440858015000174, 1.25865368400008 ], [ 36.441643612000064, 1.257912835000127 ], [ 36.442445167000074, 1.257030315000122 ], [ 36.443650692000062, 1.255614202000118 ], [ 36.445245472000181, 1.253712604000157 ], [ 36.446375323000154, 1.252845744000183 ], [ 36.447573089000116, 1.252194887000087 ], [ 36.448436290000075, 1.252461110000183 ], [ 36.449243269000135, 1.252789009000026 ], [ 36.450290445000064, 1.253189118000023 ], [ 36.451093319000108, 1.253515569000115 ], [ 36.451786875000096, 1.254185033000056 ], [ 36.452524462000099, 1.255017022000061 ], [ 36.453182642, 1.255987257000129 ], [ 36.453399091000108, 1.257709337000165 ], [ 36.453383504000101, 1.25891113300014 ], [ 36.453291951000097, 1.259728362000146 ], [ 36.453104515000064, 1.260676885 ], [ 36.452830537000125, 1.261935783000126 ], [ 36.452648294000028, 1.262678109000035 ], [ 36.452288516000124, 1.26349503300014 ], [ 36.452031600000169, 1.264489251000157 ], [ 36.451749106000079, 1.265326128000027 ], [ 36.451496535000047, 1.26648389200011 ], [ 36.451284871000098, 1.267626165000024 ], [ 36.451223265000181, 1.268668904000037 ], [ 36.451166324000155, 1.269700175000025 ], [ 36.450957577000054, 1.270920455000066 ], [ 36.450606767000124, 1.271670896000103 ], [ 36.450167314000112, 1.27240942100002 ], [ 36.449393389000136, 1.273400632000062 ], [ 36.448753133000082, 1.274030510000102 ], [ 36.447879777000139, 1.274723608000102 ], [ 36.446473983000146, 1.275915520000126 ], [ 36.445202868000024, 1.277343411000061 ], [ 36.444547420000163, 1.278164153000091 ], [ 36.44428233300016, 1.279298901 ], [ 36.444060493000109, 1.280264900000077 ], [ 36.443841041000098, 1.281337926000049 ], [ 36.443405372000029, 1.282043143000067 ], [ 36.442786073000036, 1.282829384000024 ], [ 36.441277004000142, 1.284533393000061 ], [ 36.440686768000148, 1.286076091000155 ], [ 36.440286312000012, 1.287492329000088 ], [ 36.439414307000106, 1.288413331000072 ], [ 36.437768332000076, 1.289875495000103 ], [ 36.437368364000179, 1.290543181000089 ], [ 36.436706543000071, 1.291320801000154 ], [ 36.436523438000108, 1.29211425800014 ], [ 36.436740815000064, 1.292871683000044 ], [ 36.437060274000089, 1.29413071 ], [ 36.437454383000102, 1.296089922000135 ], [ 36.43768213200002, 1.297716650000041 ], [ 36.437955131000137, 1.298903271000086 ], [ 36.438001908000047, 1.299936616000082 ], [ 36.438043075000166, 1.300877727000056 ], [ 36.437539132000097, 1.301778568000032 ], [ 36.436946167000144, 1.302584260000117 ], [ 36.436093888000073, 1.303809382000054 ], [ 36.435175753000067, 1.303715914000122 ], [ 36.434106301000043, 1.303183144000116 ], [ 36.433232186000112, 1.302884807 ], [ 36.432321390000027, 1.302470490000132 ], [ 36.430655824999974, 1.301476404000084 ], [ 36.429290587000025, 1.300957973000095 ], [ 36.427707162000161, 1.300611985000103 ], [ 36.426739287000146, 1.300340042000073 ], [ 36.426031112000032, 1.300030999000171 ], [ 36.425476755000091, 1.299315873000126 ], [ 36.424124032000179, 1.297690813000145 ], [ 36.422422317000155, 1.295900013000107 ], [ 36.421091731000047, 1.295842688000107 ], [ 36.420090389000109, 1.296066839000048 ], [ 36.419308120000153, 1.296502889000067 ], [ 36.418267982000089, 1.29710883700011 ], [ 36.417478132999975, 1.297518743000126 ], [ 36.416645097000185, 1.297973182000135 ], [ 36.415100098000153, 1.29907226600011 ], [ 36.41430664100011, 1.29907226600011 ], [ 36.413502938000136, 1.298779094000054 ], [ 36.411537529000157, 1.299595776000103 ], [ 36.410782235, 1.300172552000049 ], [ 36.409937230000025, 1.30019712800015 ], [ 36.408674362000113, 1.299982723000085 ], [ 36.407892038000057, 1.299791979000076 ], [ 36.406948592000163, 1.299675823000086 ], [ 36.406127930000139, 1.299682617000087 ], [ 36.405273438000108, 1.300292969000168 ], [ 36.404915519999975, 1.302136480000172 ], [ 36.404860074, 1.303525946000036 ], [ 36.404841512000075, 1.304478264000124 ], [ 36.404566923000175, 1.305417095000109 ], [ 36.403645527000151, 1.307465508000064 ], [ 36.403076172000056, 1.308105469000168 ], [ 36.402099609000174, 1.308105469000168 ], [ 36.401123047000169, 1.307787249000114 ], [ 36.400080623000065, 1.307665178000036 ], [ 36.396480086000167, 1.308511907000025 ], [ 36.395848813000043, 1.309303615000147 ], [ 36.39486180800003, 1.310360366000111 ], [ 36.393998883000108, 1.311570228000051 ], [ 36.393127441000104, 1.312316895000095 ], [ 36.39322316200014, 1.313203878000024 ], [ 36.393407741000033, 1.314252663 ], [ 36.393679041000098, 1.315621035000106 ], [ 36.394126669, 1.316267181000057 ], [ 36.394732138000109, 1.317064300000027 ], [ 36.395178182000052, 1.317720061000045 ], [ 36.396118164000029, 1.318481445000145 ], [ 36.397094727000137, 1.318298340000183 ], [ 36.397887911, 1.317679251000015 ], [ 36.398700777000101, 1.317578163000178 ], [ 36.399930031000054, 1.317231893000155 ], [ 36.40090727400019, 1.31705257800013 ], [ 36.402258337000148, 1.316970476000108 ], [ 36.403930664000029, 1.317321777000132 ], [ 36.404671385000142, 1.31846790700007 ], [ 36.40607226700007, 1.320710253000186 ], [ 36.406576522000137, 1.321634221000068 ], [ 36.407097626000052, 1.322514135 ], [ 36.407765232000031, 1.323680637999985 ], [ 36.409959394000055, 1.326068706000058 ], [ 36.410854820000054, 1.327293944000189 ], [ 36.411643385000048, 1.328432372000066 ], [ 36.412662460000092, 1.329716774000076 ], [ 36.413433076000047, 1.330394744000046 ], [ 36.414469421000092, 1.331206245000146 ], [ 36.415920811000092, 1.332041667000169 ], [ 36.41694190100003, 1.332569396000054 ], [ 36.417705389000162, 1.332918529999972 ], [ 36.418490582000175, 1.333359873000177 ], [ 36.419262461000187, 1.333762894000017 ], [ 36.42018194200017, 1.334229290000053 ], [ 36.421081543000071, 1.334716797000169 ], [ 36.421325684000124, 1.335693359000174 ], [ 36.421508789000086, 1.336730957000043 ], [ 36.421592230000158, 1.338312778999978 ], [ 36.421807307000051, 1.339728681999986 ], [ 36.421875399000044, 1.340875187999984 ], [ 36.421906219999983, 1.341671683000072 ], [ 36.422206971000094, 1.344178721000048 ], [ 36.422330326000122, 1.345516510000152 ], [ 36.422480575000179, 1.346474358000023 ], [ 36.423096215000157, 1.347303283000088 ], [ 36.425564494000184, 1.349465630000054 ], [ 36.426847809000037, 1.349609185000133 ], [ 36.427638104000152, 1.349804307999989 ], [ 36.428934385000048, 1.350332231999971 ], [ 36.429708591000121, 1.350664586000164 ], [ 36.430498278000186, 1.351038557000095 ], [ 36.431520799000168, 1.351496845000156 ], [ 36.432789115000105, 1.352156105000176 ], [ 36.433979365000027, 1.352854168000135 ], [ 36.434815545999982, 1.353592693000053 ], [ 36.435430819000032, 1.354139055000132 ], [ 36.435946426000157, 1.35508031300003 ], [ 36.437070881000182, 1.356690702000094 ], [ 36.437629451000191, 1.357467522000093 ], [ 36.438133074000064, 1.358259704000091 ], [ 36.438748717000067, 1.359110316000113 ], [ 36.439308618000155, 1.359896011000046 ], [ 36.439973680000094, 1.360730116000013 ], [ 36.440993370000115, 1.361602179000158 ], [ 36.441777309000031, 1.362224163000121 ], [ 36.442991368000037, 1.363056356000129 ], [ 36.444295652000108, 1.363852696000095 ], [ 36.445182246000115, 1.364402857000073 ], [ 36.446090877000074, 1.364718596000159 ], [ 36.446896739000124, 1.3651181890001 ], [ 36.448065819000078, 1.365636343000176 ], [ 36.448752348000085, 1.366045108000151 ], [ 36.449551909000093, 1.366460147000112 ], [ 36.450488143000086, 1.366867229000036 ], [ 36.451468413000043, 1.367326847000072 ], [ 36.45310039900005, 1.368219134000071 ], [ 36.45522027200002, 1.369211879999966 ], [ 36.456912725, 1.369863987000031 ], [ 36.45778077000017, 1.370134661 ], [ 36.458645112000113, 1.370551573000057 ], [ 36.45948129400017, 1.371076475000166 ], [ 36.460251671000037, 1.37156785600007 ], [ 36.460880019000172, 1.372495041000093 ], [ 36.461840174000145, 1.373859578000122 ], [ 36.462498955000171, 1.375134800000126 ], [ 36.46302385700011, 1.376123570000061 ], [ 36.46343838700011, 1.37701366500005 ], [ 36.463684271000034, 1.377929628000061 ], [ 36.464043563000075, 1.378879192000113 ], [ 36.464794857000072, 1.380915839000181 ], [ 36.465079672000115, 1.381716701000187 ], [ 36.465862205000121, 1.38377780400009 ], [ 36.466027369000074, 1.384712439000054 ], [ 36.466100643000118, 1.386513372000138 ], [ 36.466132912000035, 1.388488522000102 ], [ 36.466150643000162, 1.389630803000045 ], [ 36.466114141000162, 1.390502057 ], [ 36.465997009999967, 1.392313982000076 ], [ 36.466161101000125, 1.394673910000108 ], [ 36.466490186000101, 1.396171354000046 ], [ 36.466918945000145, 1.397521973000153 ], [ 36.466918945000145, 1.398681641000167 ], [ 36.466190471000118, 1.39959946 ], [ 36.465217716000154, 1.40108118400002 ], [ 36.464704789999985, 1.401659093000148 ], [ 36.463952010000071, 1.402539495000156 ], [ 36.463317871000072, 1.403076172000056 ], [ 36.46209639000017, 1.403078116000074 ], [ 36.46118717700017, 1.402909743000066 ], [ 36.460113518000071, 1.402546807000078 ], [ 36.459564534000151, 1.401824626000064 ], [ 36.45895418200007, 1.401092204000065 ], [ 36.457626668000046, 1.399551067000175 ], [ 36.456817604000037, 1.398669993999988 ], [ 36.456298828000115, 1.398071289000143 ], [ 36.45532226600011, 1.398315429999968 ], [ 36.454528809000124, 1.399108887000182 ], [ 36.45426107100019, 1.400184364000097 ], [ 36.453903656000193, 1.400870581000106 ], [ 36.453582723000181, 1.401620842000113 ], [ 36.452868956000032, 1.402703265000014 ], [ 36.452445223000041, 1.403527776000146 ], [ 36.451867108000044, 1.404456959000186 ], [ 36.451121300000182, 1.40552080100008 ], [ 36.450714897000012, 1.407293858000173 ], [ 36.450538143000131, 1.408116594000035 ], [ 36.449521568000137, 1.410913379000078 ], [ 36.448252557000046, 1.411832177000065 ], [ 36.447433622000062, 1.412334177000048 ], [ 36.44660008, 1.412418979000108 ], [ 36.44534368300009, 1.412019723000128 ], [ 36.444638973, 1.411667132000161 ], [ 36.443836364000163, 1.411307249000174 ], [ 36.442806418000032, 1.410957420000045 ], [ 36.441585496000073, 1.410729232 ], [ 36.440835365000055, 1.411013342000103 ], [ 36.440124512000125, 1.411682129000098 ], [ 36.439086914000086, 1.411926270000095 ], [ 36.43762141000019, 1.411730913000042 ], [ 36.436250156000028, 1.410966381000037 ], [ 36.435485840000013, 1.410278320000032 ], [ 36.434442537000109, 1.410315227000126 ], [ 36.433467767000138, 1.410485295000171 ], [ 36.432485457000041, 1.41062885000008 ], [ 36.43154175300009, 1.410055778000071 ], [ 36.430750448000083, 1.409518499000114 ], [ 36.429856833000144, 1.40934938099997 ], [ 36.429077148000033, 1.408691406000173 ], [ 36.428283691, 1.40850830100004 ], [ 36.427683016000117, 1.409335393000049 ], [ 36.427674267000043, 1.410282702000188 ], [ 36.427753526000117, 1.411317827000119 ], [ 36.427741907000097, 1.412294113000087 ], [ 36.427753398999982, 1.413541596000186 ], [ 36.42791748000019, 1.414306641000167 ], [ 36.427490234000174, 1.415283203000115 ], [ 36.426696777000132, 1.41571044900013 ], [ 36.42583955900011, 1.416236468000079 ], [ 36.42492675799997, 1.41632801999998 ], [ 36.423889160000101, 1.416236468000079 ], [ 36.422894198000051, 1.416236468000079 ], [ 36.421887343000151, 1.416175404000171 ], [ 36.420691765000129, 1.416411744000186 ], [ 36.419994242000087, 1.416763399000047 ], [ 36.419190360000187, 1.417545852000046 ], [ 36.418546932000027, 1.418263030000048 ], [ 36.418012450000049, 1.419060497000032 ], [ 36.416747598000029, 1.420609147999983 ], [ 36.416026229000124, 1.421288909000054 ], [ 36.415077015000122, 1.421835936999969 ], [ 36.414292671000055, 1.422278605000031 ], [ 36.413654169000154, 1.42274851600007 ], [ 36.411985924000021, 1.424371472000075 ], [ 36.411437410000133, 1.425130999000146 ], [ 36.410856822000085, 1.42606682600001 ], [ 36.410446341000124, 1.42683304000002 ], [ 36.409752401000048, 1.427834807000011 ], [ 36.40906337399997, 1.428461923000043 ], [ 36.40761885, 1.429756152000095 ], [ 36.406676522000055, 1.43041654600006 ], [ 36.405856739000171, 1.430857967000065 ], [ 36.405076021000013, 1.431247836000068 ], [ 36.404094784000108, 1.431726897000033 ], [ 36.403094306000128, 1.432340347000149 ], [ 36.402332995000108, 1.432756786000027 ], [ 36.401532528000018, 1.433320354000159 ], [ 36.401103524000064, 1.434068365000144 ], [ 36.400511606000123, 1.434874726000146 ], [ 36.400053299000149, 1.435548398000094 ], [ 36.399471664000032, 1.436704744000053 ], [ 36.399092342000131, 1.437476066999977 ], [ 36.398646359000054, 1.438272971 ], [ 36.39805220400018, 1.439258937999966 ], [ 36.397346810000101, 1.440423736000071 ], [ 36.396394240000177, 1.44182129700016 ], [ 36.395645590000186, 1.442651159999969 ], [ 36.394561393000117, 1.443831203 ], [ 36.393608787000176, 1.444598193000047 ], [ 36.392360517999975, 1.445346210000025 ], [ 36.391471877000129, 1.445592402000159 ], [ 36.389708694000149, 1.445669888000168 ], [ 36.388673836000123, 1.445715423000138 ], [ 36.387878418000071, 1.445837493000113 ], [ 36.38690185500019, 1.445837493000113 ], [ 36.386015625000027, 1.445669322000128 ], [ 36.384965879000049, 1.445016028000055 ], [ 36.384100616000126, 1.444265655000095 ], [ 36.383338289, 1.443830413000114 ], [ 36.382674927000039, 1.443326245000151 ], [ 36.381806616, 1.442667525 ], [ 36.38110351600011, 1.441894531000173 ], [ 36.380310059000124, 1.441528319999975 ], [ 36.379520757000137, 1.441722617000153 ], [ 36.378304842000034, 1.44180309800015 ], [ 36.37652547100015, 1.442073458000152 ], [ 36.375673592000055, 1.442236955999988 ], [ 36.374904936000064, 1.442170540000177 ], [ 36.373922338000114, 1.441960199000107 ], [ 36.372900301000016, 1.441681780000067 ], [ 36.372099885000068, 1.441236533999984 ], [ 36.371122380000088, 1.440627702000086 ], [ 36.370473835000155, 1.440139919000103 ], [ 36.369732727000155, 1.439718246000155 ], [ 36.368660749000071, 1.43925357500018 ], [ 36.367675781000116, 1.438476563000165 ], [ 36.36629812100017, 1.438650029000144 ], [ 36.364679787000057, 1.438842312000133 ], [ 36.363698996000153, 1.438976080000032 ], [ 36.362673348000044, 1.439019524000059 ], [ 36.361717517000045, 1.438811084000065 ], [ 36.360495544000116, 1.438515578000136 ], [ 36.359699516000148, 1.438233287000116 ], [ 36.357693536999989, 1.437564186000088 ], [ 36.356879504000062, 1.437407182000072 ], [ 36.355905813000049, 1.437444521000032 ], [ 36.354897616000073, 1.437667620000127 ], [ 36.354105225000126, 1.438065885000128 ], [ 36.35309023800005, 1.438480545000118 ], [ 36.352081559, 1.438970207000182 ], [ 36.351326175000054, 1.439286853000056 ], [ 36.350521478000189, 1.439689890000125 ], [ 36.348990345000061, 1.440461571000071 ], [ 36.347899395000184, 1.441282919 ], [ 36.347232918000032, 1.441873333000046 ], [ 36.346457422000185, 1.442648829000063 ], [ 36.345053614, 1.444052637000027 ], [ 36.344287557000143, 1.444818694000105 ], [ 36.343649805000098, 1.445456446000094 ], [ 36.342856348000112, 1.446249903000137 ], [ 36.342230477000101, 1.446875774000148 ], [ 36.341524293000134, 1.447538014000031 ], [ 36.340878573000168, 1.448419231 ], [ 36.339706319000129, 1.449878116000036 ], [ 36.339093563000063, 1.450667864000025 ], [ 36.338492762000044, 1.451471077000122 ], [ 36.337279317000082, 1.453124305000131 ], [ 36.336703377000049, 1.454026848000126 ], [ 36.336126270000136, 1.454715927 ], [ 36.335029403000078, 1.456417033999969 ], [ 36.333706406000147, 1.458172925000042 ], [ 36.333088659000055, 1.459076764000145 ], [ 36.33253458300004, 1.45972763400016 ], [ 36.332059904000118, 1.460486940000123 ], [ 36.331579722000185, 1.461128797000185 ], [ 36.330854123000108, 1.462084074000074 ], [ 36.329909861000147, 1.463219931000026 ], [ 36.328433504000088, 1.465261565 ], [ 36.326980705999972, 1.467084734000139 ], [ 36.326461670000015, 1.467697021999982 ], [ 36.325851319000094, 1.468429444000037 ], [ 36.325074519999987, 1.469084173000113 ], [ 36.324284181000053, 1.469731618000139 ], [ 36.323465101000181, 1.470495609000182 ], [ 36.322825887000192, 1.471091253000054 ], [ 36.322022439000193, 1.47150945900006 ], [ 36.321048370000142, 1.471941869000091 ], [ 36.320254673000079, 1.472126195999977 ], [ 36.319325350000042, 1.472271087000024 ], [ 36.318502793999983, 1.472307694000108 ], [ 36.317329382000082, 1.472047998000107 ], [ 36.316279989, 1.471887981000123 ], [ 36.315493525000136, 1.471668477000037 ], [ 36.314524143000085, 1.471456649000118 ], [ 36.313673387, 1.471200674000158 ], [ 36.311499617000095, 1.470677630000068 ], [ 36.310515521000013, 1.470430978000081 ], [ 36.309684090000076, 1.470072454000046 ], [ 36.308908834000079, 1.469874440000012 ], [ 36.307912386000055, 1.469517895000081 ], [ 36.306679185000064, 1.469235300999969 ], [ 36.30592534800013, 1.469056984000076 ], [ 36.305105507000064, 1.468720881000081 ], [ 36.304083568000124, 1.468483682000056 ], [ 36.302884157000108, 1.468074790000173 ], [ 36.302122201000145, 1.467902614000138 ], [ 36.301094582000076, 1.467680594000058 ], [ 36.300126115000182, 1.467465917000141 ], [ 36.299327763000178, 1.467240866000111 ], [ 36.298526736000099, 1.46698686000002 ], [ 36.297321207000095, 1.466619107000042 ], [ 36.295464203000108, 1.465901876000146 ], [ 36.294281597000122, 1.465491651000036 ], [ 36.293513997, 1.465346271000101 ], [ 36.292459127000143, 1.465154817000041 ], [ 36.291313784000124, 1.465158473000031 ], [ 36.290451571000119, 1.465261565 ], [ 36.289701575000038, 1.465908476000152 ], [ 36.288776065000036, 1.467206666000095 ], [ 36.288804190000121, 1.46848787600004 ], [ 36.289099666000084, 1.469467278000081 ], [ 36.289513677000116, 1.470509462000166 ], [ 36.289908615000115, 1.471317172000056 ], [ 36.290301875000182, 1.472281802000111 ], [ 36.29065459100002, 1.473081707000119 ], [ 36.291304049000132, 1.474130350999985 ], [ 36.29224246800004, 1.475738344000092 ], [ 36.292700202999981, 1.476668352000104 ], [ 36.29319389200009, 1.477516831000059 ], [ 36.293651837000027, 1.47853954500016 ], [ 36.294242988, 1.47981247700011 ], [ 36.294888837000087, 1.481095620000133 ], [ 36.295316083999978, 1.482102700000155 ], [ 36.295845565000036, 1.483222698000134 ], [ 36.296424569000123, 1.484187874000042 ], [ 36.297178316000043, 1.485685322000108 ], [ 36.297702645000186, 1.48648168200009 ], [ 36.298237111, 1.487328744000024 ], [ 36.298715434000087, 1.488275839000153 ], [ 36.299246102000097, 1.489063421000139 ], [ 36.299580041000127, 1.489962023000032 ], [ 36.299991492000117, 1.491343226000026 ], [ 36.299856946000034, 1.492101333000107 ], [ 36.299463200000105, 1.493089955000016 ], [ 36.299074032000078, 1.494065862000014 ], [ 36.298837539000147, 1.494853928000055 ], [ 36.298463377000076, 1.495888581000145 ], [ 36.298085749999984, 1.496819671000083 ], [ 36.297723785000187, 1.497678455000084 ], [ 36.297307668000087, 1.498720361000153 ], [ 36.296917393000058, 1.500118825000186 ], [ 36.297460843000067, 1.501828555000088 ], [ 36.298091931000101, 1.503297613000143 ], [ 36.298499373000027, 1.504120745000023 ], [ 36.298617531000048, 1.505131738000102 ], [ 36.29907226600011, 1.505920410000158 ], [ 36.29875705000012, 1.506904114 ], [ 36.298690926000177, 1.507862835000026 ], [ 36.298278809000067, 1.508911133000083 ], [ 36.298278809000067, 1.509704590000069 ], [ 36.298969826000132, 1.510486523000054 ], [ 36.299246102000097, 1.511413372000106 ], [ 36.299669553000058, 1.512335447000055 ], [ 36.300489819000063, 1.514092445000131 ], [ 36.300981112000102, 1.514872356000126 ], [ 36.301010229000156, 1.515691290000177 ], [ 36.301045839000039, 1.516726432000041 ], [ 36.30108111200002, 1.517752133999977 ], [ 36.30108111200002, 1.51867675800014 ], [ 36.30108111200002, 1.521740325 ], [ 36.301043100000072, 1.524718127000028 ], [ 36.301031111999976, 1.525652134000097 ], [ 36.301043891000063, 1.526673427000162 ], [ 36.301069052000116, 1.528686958000037 ], [ 36.30108111200002, 1.529652134000173 ], [ 36.30108111200002, 1.530700684000067 ], [ 36.30108111200002, 1.532683489000078 ], [ 36.30118620900015, 1.534824362000165 ], [ 36.301519046000067, 1.53649772600005 ], [ 36.30190987800006, 1.537815029000114 ], [ 36.302263503000063, 1.539317547000053 ], [ 36.302475331000039, 1.54028692900016 ], [ 36.302674568999976, 1.541236468000136 ], [ 36.303119232000086, 1.541857686000185 ], [ 36.303757754000173, 1.542876504000105 ], [ 36.304298543000073, 1.543626653000103 ], [ 36.30492346300008, 1.544254070000022 ], [ 36.306539353, 1.545776439000122 ], [ 36.307172312000091, 1.546274139000104 ], [ 36.308695809000085, 1.547468743000024 ], [ 36.310338318000049, 1.548653453000156 ], [ 36.311148854000123, 1.549238557000081 ], [ 36.311920775000146, 1.549832112000047 ], [ 36.313185083000121, 1.550411311000119 ], [ 36.315247328000112, 1.551609688000042 ], [ 36.316525818000059, 1.552521315000092 ], [ 36.317479286000037, 1.553552362000062 ], [ 36.31870069200005, 1.554861369999969 ], [ 36.32072725400019, 1.556918450000012 ], [ 36.323265414000048, 1.559561561000123 ], [ 36.325395708000144, 1.561637541000152 ], [ 36.327223153000091, 1.562889690000077 ], [ 36.329094781000038, 1.564222693000147 ], [ 36.329695610999977, 1.564714586999969 ], [ 36.330923690000077, 1.565935052000157 ], [ 36.333920759000193, 1.568728318000183 ], [ 36.334646297000177, 1.569435588999966 ], [ 36.33550040800003, 1.56990119500017 ], [ 36.338024764000181, 1.571462151000162 ], [ 36.33972390800011, 1.572506052000108 ], [ 36.340493131000073, 1.572912653000117 ], [ 36.341234968000094, 1.573367715000074 ], [ 36.342137947000083, 1.574037451000095 ], [ 36.344594685000118, 1.574827626000172 ], [ 36.344735851999985, 1.573305465000089 ], [ 36.344942733000153, 1.572339397000064 ], [ 36.345520020000038, 1.571472168000184 ], [ 36.346602125000175, 1.571296718000042 ], [ 36.347337428000174, 1.571014471000069 ], [ 36.348100960000068, 1.57078234100004 ], [ 36.349306163000051, 1.570700316999989 ], [ 36.351247078000142, 1.570615423000106 ], [ 36.353381889000161, 1.570479752000153 ], [ 36.354303058000085, 1.570529337000096 ], [ 36.355264532000035, 1.570613836000064 ], [ 36.356278374000055, 1.570840974000021 ], [ 36.357116699000073, 1.571105956999986 ], [ 36.357727051000097, 1.571899414000029 ], [ 36.358093262000125, 1.572692871000015 ], [ 36.358176082000057, 1.573519231000034 ], [ 36.358176082000057, 1.574523926000097 ], [ 36.358084530000099, 1.576714593000077 ], [ 36.358076507000078, 1.577514170000086 ], [ 36.358047757000179, 1.579527508000012 ], [ 36.357991114000015, 1.580453570000088 ], [ 36.357972197000151, 1.581478388000164 ], [ 36.358220756000037, 1.584095874000184 ], [ 36.358643398000027, 1.58627199700004 ], [ 36.358931258000041, 1.587074651000023 ], [ 36.359691815000133, 1.58769404200018 ], [ 36.361129891000132, 1.588940178000087 ], [ 36.362866464000035, 1.590278454000156 ], [ 36.363543452000044, 1.590858471000104 ], [ 36.365044051000154, 1.592027093000127 ], [ 36.366501145000086, 1.593520148000152 ], [ 36.367101131000027, 1.594225725000172 ], [ 36.367764617000034, 1.59475667200013 ], [ 36.369110383000134, 1.595544976000156 ], [ 36.370146492000174, 1.596224358000029 ], [ 36.371093750000057, 1.596313477000081 ], [ 36.371887207000043, 1.595703125000171 ], [ 36.372542603999989, 1.59471053700014 ], [ 36.373233407000043, 1.594084173000169 ], [ 36.373685869000042, 1.593302648000076 ], [ 36.374679144000027, 1.591665072000126 ], [ 36.375128215000188, 1.590920079 ], [ 36.376057660000072, 1.589090842000132 ], [ 36.376390191000155, 1.588310567000121 ], [ 36.377075496000089, 1.586086370000032 ], [ 36.377062568000099, 1.583505864000017 ], [ 36.376866534000044, 1.581301384000085 ], [ 36.376745323000193, 1.580364652000185 ], [ 36.376500041000156, 1.578311439000061 ], [ 36.376324879000038, 1.577320674000021 ], [ 36.375953610000181, 1.575107365000122 ], [ 36.375623592000011, 1.57421596 ], [ 36.374906696000039, 1.573460644000022 ], [ 36.374358593000068, 1.572849208999969 ], [ 36.373605378000036, 1.572209466000061 ], [ 36.37285340800014, 1.571476346000168 ], [ 36.372497559000124, 1.570678710999971 ], [ 36.372943654000153, 1.569919334000133 ], [ 36.373185374000059, 1.568914650000124 ], [ 36.373386016000154, 1.567566692000185 ], [ 36.373490588000095, 1.565919380000139 ], [ 36.37369703000013, 1.564019524000116 ], [ 36.373888582000177, 1.561024163000184 ], [ 36.37425872100016, 1.557123201000024 ], [ 36.374302205000049, 1.556052134000083 ], [ 36.374330321000059, 1.55511484900012 ], [ 36.374635311000077, 1.551069280000092 ], [ 36.374948580000137, 1.547127139000168 ], [ 36.375185189000092, 1.545599465000066 ], [ 36.375521741000057, 1.544320446000029 ], [ 36.375748534000081, 1.543294498000023 ], [ 36.376127358000133, 1.542523954000046 ], [ 36.376718690000018, 1.541509814000165 ], [ 36.377347567000129, 1.540489739000066 ], [ 36.37805162300009, 1.53962944 ], [ 36.379637752000178, 1.537322307000181 ], [ 36.381152969000027, 1.535948536000092 ], [ 36.381867158000034, 1.535438095000075 ], [ 36.382682609000142, 1.534900996000147 ], [ 36.384405424000136, 1.533688439000059 ], [ 36.384870402000047, 1.533071280000058 ], [ 36.385380194000106, 1.532404091000046 ], [ 36.385782202000144, 1.53136771700008 ], [ 36.386503561000097, 1.530293704000144 ], [ 36.387871789000144, 1.528379704000031 ], [ 36.389201606000086, 1.526191370000163 ], [ 36.390080409000063, 1.525096042000143 ], [ 36.391281597000159, 1.525233342000092 ], [ 36.392252733000078, 1.525258774000065 ], [ 36.393115674000114, 1.525447267000118 ], [ 36.394039901000156, 1.525673968000149 ], [ 36.394876921000105, 1.526156658000104 ], [ 36.395603238999968, 1.526449626000044 ], [ 36.396324693000167, 1.526879590000078 ], [ 36.397727462000148, 1.52808648600012 ], [ 36.398161140000127, 1.529162691000067 ], [ 36.398501651000174, 1.530147402000068 ], [ 36.398651121000114, 1.531137607000062 ], [ 36.398778719000177, 1.532028313000012 ], [ 36.399274265000145, 1.532973839000078 ], [ 36.399816411000074, 1.533628938000049 ], [ 36.400711754000156, 1.53493680400004 ], [ 36.402153890000136, 1.537001071000077 ], [ 36.402501326000106, 1.537877483000102 ], [ 36.402875983000058, 1.538885688000107 ], [ 36.403514619000191, 1.540706323000052 ], [ 36.403903231000186, 1.541669573000149 ], [ 36.404246625000155, 1.542499080000141 ], [ 36.404518191000079, 1.543503915000031 ], [ 36.40489151200012, 1.544331829000157 ], [ 36.405281094000031, 1.545284683000148 ], [ 36.406118597000159, 1.547123288000137 ], [ 36.406486432000122, 1.547947367000177 ], [ 36.406904374000078, 1.548896517 ], [ 36.407697136000081, 1.550727872000095 ], [ 36.408078426000031, 1.551674456000114 ], [ 36.408502919000057, 1.552492925000024 ], [ 36.409430330000134, 1.554286712000078 ], [ 36.410386124000183, 1.556414596000081 ], [ 36.411067431000163, 1.557924536000144 ], [ 36.411487410000177, 1.558825530000092 ], [ 36.411962964000111, 1.559857821000151 ], [ 36.412839315000042, 1.5614877860001 ], [ 36.413360251000142, 1.562294265000105 ], [ 36.413927596000121, 1.563081243000056 ], [ 36.414675160000172, 1.563901898000154 ], [ 36.415749607000123, 1.565275210000095 ], [ 36.416370590000099, 1.565957342000047 ], [ 36.417090571000074, 1.566731883000102 ], [ 36.418274862000089, 1.568225237000036 ], [ 36.41954671700006, 1.569654796000123 ], [ 36.420281942000088, 1.570423870000127 ], [ 36.421138382000038, 1.571014384000136 ], [ 36.421958244000052, 1.57158219400003 ], [ 36.42331908, 1.57223919200004 ], [ 36.424420649000126, 1.572811165000019 ], [ 36.42547607400013, 1.572875977000081 ], [ 36.426513672, 1.57312011700003 ], [ 36.426879883000026, 1.573913574000017 ], [ 36.426953381000089, 1.574813219000134 ], [ 36.427207874000089, 1.575950964000015 ], [ 36.427412526000126, 1.576922484000136 ], [ 36.427865127000189, 1.578973039000061 ], [ 36.427952280000056, 1.579888878000077 ], [ 36.428297600000178, 1.58172362 ], [ 36.428501815000118, 1.582677385000125 ], [ 36.428834766000023, 1.583406037000032 ], [ 36.429434230000084, 1.584207412000183 ], [ 36.430095272000074, 1.584876018000045 ], [ 36.430690761000051, 1.585715856000093 ], [ 36.431328915000108, 1.586435004000123 ], [ 36.431930406000049, 1.587621599000158 ], [ 36.43242564500008, 1.589311203000136 ], [ 36.432644869000057, 1.590377917000126 ], [ 36.432703109000101, 1.591306603000021 ], [ 36.432899080000084, 1.593115374000035 ], [ 36.433024189000037, 1.595095576000119 ], [ 36.433040633000132, 1.596091253000168 ], [ 36.433269218000135, 1.597022418 ], [ 36.433800279000081, 1.597856799000056 ], [ 36.434183592000124, 1.598641429000111 ], [ 36.434722757000031, 1.599322716000074 ], [ 36.435522884000079, 1.6002463640001 ], [ 36.436121530000037, 1.600867585000117 ], [ 36.43722049400003, 1.602071195 ], [ 36.438299692000157, 1.604734250000035 ], [ 36.43847618000018, 1.605852134000145 ], [ 36.438542177000045, 1.606863925000084 ], [ 36.43887785000004, 1.608707029000186 ], [ 36.4390313560001, 1.609666155000127 ], [ 36.439271094000048, 1.610473245000151 ], [ 36.439903944000037, 1.612296175000154 ], [ 36.440291707000029, 1.613266692000082 ], [ 36.440779076000126, 1.614249892000089 ], [ 36.441238718000136, 1.615022124000177 ], [ 36.442035164000117, 1.616028948000178 ], [ 36.442860287000087, 1.616855764000036 ], [ 36.44411205800003, 1.617896898000026 ], [ 36.444688973000098, 1.618441204000135 ], [ 36.445510431000173, 1.61857994900015 ], [ 36.44649108700014, 1.618726210000091 ], [ 36.44744278200011, 1.618774309000059 ], [ 36.448258780000117, 1.618420876000016 ], [ 36.449272588000156, 1.617902205000178 ], [ 36.45032717600003, 1.617427869000039 ], [ 36.451095315000089, 1.617098650000059 ], [ 36.452007848000164, 1.616739789000121 ], [ 36.453653053000153, 1.615684560000091 ], [ 36.454320791000157, 1.615177024000047 ], [ 36.455139792000125, 1.614786800000104 ], [ 36.457284736000133, 1.614651472000048 ], [ 36.458102840000151, 1.614718596000102 ], [ 36.459109315000035, 1.614863197000091 ], [ 36.460868393999988, 1.614687577000154 ], [ 36.462783211000101, 1.614818596000021 ], [ 36.46414911200003, 1.61853172400015 ], [ 36.463990684000066, 1.619695620000186 ], [ 36.463820837000128, 1.620739971000148 ], [ 36.463902010000027, 1.621678118000034 ], [ 36.464100428999984, 1.622682919000169 ], [ 36.464298671000051, 1.623717385000134 ], [ 36.464476668000145, 1.624531927000021 ], [ 36.464721680000139, 1.625488281000116 ], [ 36.465270996000129, 1.626281738000102 ], [ 36.465881347999982, 1.627075195000145 ], [ 36.46660732600003, 1.628251824000074 ], [ 36.467038924000065, 1.630664202000162 ], [ 36.467392715000074, 1.632661958000085 ], [ 36.467930481000167, 1.634207986000092 ], [ 36.468467352000118, 1.635512487000142 ], [ 36.468730723000135, 1.63645895000019 ], [ 36.469187557000112, 1.637290618000065 ], [ 36.469199079000134, 1.638125196000033 ], [ 36.469122711000068, 1.639282055000081 ], [ 36.469010990000129, 1.64007202800002 ], [ 36.46902393400012, 1.641082708000113 ], [ 36.469244638000134, 1.642064158000153 ], [ 36.469637845000022, 1.642901044000098 ], [ 36.469909354000038, 1.643716255000186 ], [ 36.469980581000186, 1.6444926530001 ], [ 36.470032187000186, 1.64527939300018 ], [ 36.469929464000131, 1.646484742000155 ], [ 36.469901782000136, 1.649474952000105 ], [ 36.469892733000165, 1.650482415000113 ], [ 36.469927225, 1.651488087000189 ], [ 36.470177983000156, 1.653509944 ], [ 36.470218114000033, 1.654798566000068 ], [ 36.470268654000108, 1.656462162000025 ], [ 36.470432960000039, 1.657259037000188 ], [ 36.470831014000112, 1.6582886650001 ], [ 36.471393329000193, 1.659241869000084 ], [ 36.472957657000109, 1.661176590000025 ], [ 36.473753702000181, 1.662433688000135 ], [ 36.474289998000131, 1.663069036000138 ], [ 36.474917239000035, 1.663877291000119 ], [ 36.475866109000037, 1.665015138 ], [ 36.476681273000167, 1.666322842000056 ], [ 36.477430362000064, 1.66760584900004 ], [ 36.477837559000079, 1.669144044000063 ], [ 36.478032088000134, 1.670078557000011 ], [ 36.47813323500003, 1.671072572000128 ], [ 36.478637264000099, 1.673073919000046 ], [ 36.478996474000155, 1.674892791000104 ], [ 36.479433992000111, 1.675736175000054 ], [ 36.479890908000073, 1.676711040000157 ], [ 36.480733193000049, 1.678517681000187 ], [ 36.48142217100002, 1.679895670000064 ], [ 36.482239453000147, 1.68073367300002 ], [ 36.48312943500008, 1.681229198000096 ], [ 36.483881258000054, 1.681818450000151 ], [ 36.484589771000117, 1.682390625000153 ], [ 36.485717773000033, 1.682678223000153 ], [ 36.486083984, 1.683471679999968 ], [ 36.485979891000056, 1.684280706000152 ], [ 36.485796785000161, 1.685485840000013 ], [ 36.485796785000161, 1.686523438000052 ], [ 36.485907164000139, 1.687892698000041 ], [ 36.486514169000031, 1.689085499000043 ], [ 36.487111535000054, 1.690186699000037 ], [ 36.487267540000062, 1.691104170000187 ], [ 36.487400133000108, 1.692084942000179 ], [ 36.487431795000077, 1.692861614000094 ], [ 36.487264427000071, 1.693718481000076 ], [ 36.487070876000132, 1.694876306000026 ], [ 36.486877222000089, 1.695678672000156 ], [ 36.486747749000131, 1.696485079000183 ], [ 36.486687074000031, 1.697692387000075 ], [ 36.486623042000019, 1.69899130500005 ], [ 36.486543514000061, 1.699890137000182 ], [ 36.486543514000061, 1.700927734000118 ], [ 36.486543514000061, 1.70173666300002 ], [ 36.486810302000094, 1.702842204000092 ], [ 36.487292480000178, 1.704471843000022 ], [ 36.48758179500004, 1.705187200000125 ], [ 36.488552834000188, 1.705412750000164 ], [ 36.48951492700013, 1.705644691000089 ], [ 36.490427157000113, 1.705861858 ], [ 36.491281234000155, 1.70606015300018 ], [ 36.492917180000177, 1.706270596000081 ], [ 36.494323615000098, 1.706302166 ], [ 36.495488045000172, 1.706325481000079 ], [ 36.49624968400002, 1.70639936200007 ], [ 36.497039193999967, 1.706597072000079 ], [ 36.498095281000076, 1.706955908000111 ], [ 36.499528598999973, 1.707415461000039 ], [ 36.500416100000166, 1.707981984000071 ], [ 36.501213219000135, 1.708587453000177 ], [ 36.501833944000055, 1.709220843000026 ], [ 36.502423473000079, 1.709952548000047 ], [ 36.5031676320001, 1.710961976000078 ], [ 36.503732695000053, 1.711605034 ], [ 36.504124129000104, 1.712366204000091 ], [ 36.504516602000137, 1.713317871000072 ], [ 36.504516602000137, 1.714111328000115 ], [ 36.504272461000085, 1.715087891000167 ], [ 36.503798884999981, 1.71587240100007 ], [ 36.50349656100002, 1.716942885000151 ], [ 36.503112793000071, 1.717712402000132 ], [ 36.503112793000071, 1.718505859000174 ], [ 36.503479004000098, 1.719482422000056 ], [ 36.504089355000076, 1.720092773000033 ], [ 36.505284931000062, 1.720655700000123 ], [ 36.50604097300004, 1.721461616000056 ], [ 36.507177938000098, 1.722834710000143 ], [ 36.507654461000186, 1.723531296000033 ], [ 36.508091566000189, 1.724319119000143 ], [ 36.508601912000131, 1.725074895000148 ], [ 36.508601912000131, 1.726074219000054 ], [ 36.508479842000156, 1.726928711000028 ], [ 36.508372024000096, 1.728315365000185 ], [ 36.508834347000061, 1.730113508000045 ], [ 36.508999214000141, 1.731863237000084 ], [ 36.509271408000075, 1.733020798000041 ], [ 36.509874283000158, 1.734241974000042 ], [ 36.510345369000049, 1.735029778000182 ], [ 36.511841704000119, 1.737288729000113 ], [ 36.512588387, 1.738662244000182 ], [ 36.513151753999978, 1.739484227000048 ], [ 36.513695907000169, 1.740123772000118 ], [ 36.514547908000054, 1.741067326000064 ], [ 36.51534136500004, 1.74186078300005 ], [ 36.515952987000048, 1.742563958000062 ], [ 36.516906738000159, 1.743103027000188 ], [ 36.518125715000053, 1.742500803999974 ], [ 36.518938093000145, 1.742167302000098 ], [ 36.52009889600015, 1.74185732900014 ], [ 36.520737036000185, 1.742651800000033 ], [ 36.521524275000047, 1.743937519000099 ], [ 36.521775271000024, 1.744705091000014 ], [ 36.521832212000049, 1.745736362000173 ], [ 36.521943709000141, 1.747838469000101 ], [ 36.521911621000129, 1.748901367000144 ], [ 36.522277832000157, 1.74969482400013 ], [ 36.52325632100019, 1.750704853000116 ], [ 36.524205200000097, 1.751778978000118 ], [ 36.524779762000037, 1.75241819200005 ], [ 36.525443798000083, 1.753351461000079 ], [ 36.526049422000085, 1.754120744999966 ], [ 36.52643000900008, 1.754912437000087 ], [ 36.527003740000168, 1.755968345000099 ], [ 36.527635300000043, 1.757501012000148 ], [ 36.527715973000056, 1.758906916000115 ], [ 36.527700726000148, 1.760057276000111 ], [ 36.52737273300005, 1.76166925300015 ], [ 36.52672956400005, 1.762717907000081 ], [ 36.526489258000083, 1.764099121000129 ], [ 36.525056912000025, 1.764103878000071 ], [ 36.524449322000066, 1.763230916000111 ], [ 36.524189886000045, 1.762278959000128 ], [ 36.523936286000037, 1.761527548000061 ], [ 36.523606466000103, 1.760338997000019 ], [ 36.523245614000075, 1.759264739000173 ], [ 36.522712496000054, 1.758447413000056 ], [ 36.522002016000044, 1.757774712000071 ], [ 36.521307297000021, 1.75715700500001 ], [ 36.520385742000087, 1.756713867000144 ], [ 36.519287109000061, 1.756896972999982 ], [ 36.518676758000083, 1.757690430000025 ], [ 36.51863526, 1.758489978000114 ], [ 36.518414860000064, 1.759722575000012 ], [ 36.518313138, 1.760918588000152 ], [ 36.518337804000112, 1.761714389000133 ], [ 36.518601655000168, 1.762707329000079 ], [ 36.518889901000023, 1.763662005000185 ], [ 36.518676758000083, 1.764526367000144 ], [ 36.517762105000145, 1.764972667000109 ], [ 36.517032821000043, 1.765669085000184 ], [ 36.516287311000156, 1.766098620000093 ], [ 36.515093302000082, 1.766830786000071 ], [ 36.514344176000066, 1.767337593000036 ], [ 36.512971493000066, 1.768590774000074 ], [ 36.512494002000096, 1.769269622000081 ], [ 36.512147299000105, 1.77033975400002 ], [ 36.512035927000113, 1.771289434000039 ], [ 36.511838826000087, 1.772214982999969 ], [ 36.511718750000114, 1.773071289000143 ], [ 36.511718750000114, 1.774108887000182 ], [ 36.512084961000085, 1.775329590000013 ], [ 36.512977108000086, 1.775282415000106 ], [ 36.515882804000171, 1.773961145000044 ], [ 36.517144049000024, 1.773195960000066 ], [ 36.518201619000138, 1.772778605999974 ], [ 36.518920898000033, 1.7722778320001 ], [ 36.519287109000061, 1.773071289000143 ], [ 36.519287109000061, 1.774291992000144 ], [ 36.519231453000032, 1.775118792000171 ], [ 36.518813271999989, 1.77606366700013 ], [ 36.518269074000102, 1.776893622000102 ], [ 36.517525268000043, 1.778199897000093 ], [ 36.516894053000101, 1.779368792000128 ], [ 36.516529385000126, 1.780188657000167 ], [ 36.516214473, 1.781742035000093 ], [ 36.517405309000139, 1.782241276000093 ], [ 36.518344392000131, 1.782655615000181 ], [ 36.519231453000032, 1.783066594000161 ], [ 36.520072717, 1.783522690999973 ], [ 36.521304729000178, 1.784169961000089 ], [ 36.522881991000133, 1.78611195600007 ], [ 36.523510542000167, 1.787101120000045 ], [ 36.523950789000082, 1.787827483000171 ], [ 36.524936607000143, 1.791032909000023 ], [ 36.52416724800014, 1.791906863 ], [ 36.523315430000025, 1.792480469000054 ], [ 36.522521972999982, 1.793273926000097 ], [ 36.523295846000167, 1.793669701000056 ], [ 36.524157519000141, 1.794250094 ], [ 36.525035070000172, 1.7947413710001 ], [ 36.525685799000144, 1.795411663000095 ], [ 36.526409194, 1.796142925000026 ], [ 36.527144349000025, 1.796981080000023 ], [ 36.527833273000169, 1.798139957000103 ], [ 36.52829329400015, 1.798903056000086 ], [ 36.528676054000186, 1.799688001999982 ], [ 36.529095715000153, 1.800485360000096 ], [ 36.529693676000193, 1.801771129000144 ], [ 36.530771881000135, 1.803032236000149 ], [ 36.53155707999997, 1.803833621000081 ], [ 36.532140145000028, 1.804428263999966 ], [ 36.532897949000187, 1.804870605000076 ], [ 36.533691406000173, 1.805725097999982 ], [ 36.534484863000046, 1.806274414000143 ], [ 36.534729004000042, 1.807128906000173 ], [ 36.534301758000083, 1.807922363000159 ], [ 36.533000194000181, 1.807711426000026 ], [ 36.532095010000091, 1.807896445000154 ], [ 36.530916817000048, 1.808195744000159 ], [ 36.529884357000071, 1.808619511000131 ], [ 36.529152753000119, 1.808966064000117 ], [ 36.528486829000087, 1.809480707000148 ], [ 36.527500861000192, 1.810074861000089 ], [ 36.526624080000033, 1.810641057000055 ], [ 36.525865697000086, 1.811077321000084 ], [ 36.52505933700013, 1.811669239000025 ], [ 36.524439869000048, 1.812145239000188 ], [ 36.523511816999985, 1.812941160000037 ], [ 36.522253884000122, 1.814102301999981 ], [ 36.521311395, 1.815134288000138 ], [ 36.520586016000152, 1.815749335000135 ], [ 36.519920113000182, 1.816550191000147 ], [ 36.519429345000106, 1.817135281000049 ], [ 36.518537328000093, 1.818150457 ], [ 36.517962766000153, 1.818789671000161 ], [ 36.517190126000173, 1.819803051000122 ], [ 36.51677937300019, 1.82052257700002 ], [ 36.516369676000124, 1.82132452500008 ], [ 36.515803197000082, 1.822383351000099 ], [ 36.515539364000176, 1.82322767800008 ], [ 36.515316436000035, 1.8242789950001 ], [ 36.51510027300003, 1.825078980000114 ], [ 36.514884188000167, 1.826223040000116 ], [ 36.514699507000046, 1.827085409000176 ], [ 36.514451082000051, 1.828480120000165 ], [ 36.514379034000115, 1.829268533000118 ], [ 36.514463164000119, 1.830292109000084 ], [ 36.514742635000061, 1.831083928000169 ], [ 36.515603950000013, 1.831753522000099 ], [ 36.516719026000089, 1.832189901000106 ], [ 36.518301701000041, 1.831878220000135 ], [ 36.519121645000041, 1.831543678000173 ], [ 36.520042857000021, 1.831452705 ], [ 36.521119854000062, 1.831352891000108 ], [ 36.522094727000024, 1.830688477000024 ], [ 36.522984687000076, 1.831049404000112 ], [ 36.523414833000174, 1.832550531999971 ], [ 36.524291991999974, 1.83340454100005 ], [ 36.523903048000136, 1.834269418000076 ], [ 36.523296313000117, 1.835071657000128 ], [ 36.521852157000183, 1.837266204000059 ], [ 36.522073903000035, 1.838013454000077 ], [ 36.522448543000166, 1.839047921000144 ], [ 36.522890325000105, 1.839720884000144 ], [ 36.523295614000176, 1.840725188000079 ], [ 36.523657222000054, 1.841684067000131 ], [ 36.524069748000102, 1.842727248000188 ], [ 36.524425448000045, 1.84367055000007 ], [ 36.524610911000025, 1.844498352000187 ], [ 36.524685590000047, 1.845524968000063 ], [ 36.52486562200005, 1.846883029000082 ], [ 36.524839075000045, 1.848506379000071 ], [ 36.524679591000165, 1.849788235000119 ], [ 36.523421421000194, 1.851298222000082 ], [ 36.52288818400018, 1.852722168000128 ], [ 36.522385262000171, 1.852073528000062 ], [ 36.521569206000152, 1.851409107999984 ], [ 36.520815090000099, 1.850755925000044 ], [ 36.520144544, 1.850015399000085 ], [ 36.519655089000139, 1.849380399000097 ], [ 36.519181452999987, 1.848689885000169 ], [ 36.517736939000031, 1.850317505000021 ], [ 36.517174373000046, 1.851063177000071 ], [ 36.516598932000136, 1.851972948000139 ], [ 36.516337305000036, 1.852920428000175 ], [ 36.516094539000051, 1.853816985000037 ], [ 36.51592262700018, 1.854918392000116 ], [ 36.515856535000069, 1.855885839000109 ], [ 36.515680916000179, 1.856670794000138 ], [ 36.51562775300016, 1.857721223000112 ], [ 36.515477885000166, 1.85888421400017 ], [ 36.515347811000083, 1.85966615500007 ], [ 36.515275168000187, 1.860711614000024 ], [ 36.515084727000158, 1.861695583000142 ], [ 36.515025741000045, 1.862611516000186 ], [ 36.515042287000028, 1.863709450000044 ], [ 36.515056227000116, 1.864685615000099 ], [ 36.515067553000165, 1.8654787480001 ], [ 36.515078960000096, 1.866284034000103 ], [ 36.515098274000138, 1.867675154000096 ], [ 36.515112674000079, 1.868712351 ], [ 36.51512574100019, 1.869671038000035 ], [ 36.515078276000054, 1.870727768000052 ], [ 36.514927005000061, 1.873171557000035 ], [ 36.514917003000107, 1.87469384700006 ], [ 36.515025741000045, 1.875520208000125 ], [ 36.515127879000147, 1.876699616000167 ], [ 36.515502059000028, 1.878479160000154 ], [ 36.515680916000179, 1.879484368000021 ], [ 36.516308773000162, 1.880309870000133 ], [ 36.517054526000152, 1.88094938800009 ], [ 36.518070697000098, 1.881665616000021 ], [ 36.519470215000069, 1.882324219000054 ], [ 36.5203247070001, 1.882507324000017 ], [ 36.520690918000128, 1.883483887000068 ], [ 36.520932424000193, 1.884654385000147 ], [ 36.521118164000086, 1.885498047000112 ], [ 36.521911621000129, 1.88610839800009 ], [ 36.52288818400018, 1.886291504000155 ], [ 36.523921532000088, 1.88629872700011 ], [ 36.524789071000157, 1.886613372000113 ], [ 36.525120417000039, 1.88756100400002 ], [ 36.525215425000113, 1.888883465000106 ], [ 36.52545269400008, 1.890285979000168 ], [ 36.526763948000053, 1.891361195000115 ], [ 36.527517417000126, 1.891735824000136 ], [ 36.528777808000086, 1.892709775000128 ], [ 36.529367769000146, 1.893968588000121 ], [ 36.529543540000191, 1.89487044800012 ], [ 36.529965617000187, 1.895849208000129 ], [ 36.530166237000117, 1.89680642400009 ], [ 36.530914354000117, 1.89750095900007 ], [ 36.53156663700014, 1.898147333000111 ], [ 36.532169217000103, 1.899007168000082 ], [ 36.532523250000168, 1.899877239000034 ], [ 36.533183655000187, 1.900574546000087 ], [ 36.534013582, 1.901305580000042 ], [ 36.535341820000156, 1.902208588000121 ], [ 36.536499023000033, 1.902282715000126 ], [ 36.537475586000141, 1.902526855000076 ], [ 36.538696289000143, 1.903198242000144 ], [ 36.538344491000146, 1.904266057000086 ], [ 36.537948970000059, 1.905098241000019 ], [ 36.537768406, 1.906136275000108 ], [ 36.537554414000056, 1.907701292000013 ], [ 36.537925073999986, 1.90990859700014 ], [ 36.538178545000108, 1.911476505 ], [ 36.538720603, 1.912762989000043 ], [ 36.539357242000051, 1.91348352100016 ], [ 36.539987948000146, 1.914187835000178 ], [ 36.540347287000145, 1.915154897999969 ], [ 36.540538142000059, 1.916319583000188 ], [ 36.540704872000163, 1.917115478000028 ], [ 36.540902540000161, 1.918088855000178 ], [ 36.541503906000173, 1.918884277000075 ], [ 36.541298299000118, 1.919714934000183 ], [ 36.54138565400018, 1.920703266000032 ], [ 36.541646226000069, 1.921516377000103 ], [ 36.541828646000056, 1.922493067000062 ], [ 36.541921937000041, 1.923513308000054 ], [ 36.542052680000097, 1.924276557000042 ], [ 36.541995736000047, 1.925459143000182 ], [ 36.541751967000039, 1.926683334000131 ], [ 36.541485542000089, 1.927484113000048 ], [ 36.541265816000191, 1.928265363000037 ], [ 36.540884676000132, 1.92916464100017 ], [ 36.540716110000176, 1.930298684000149 ], [ 36.540552333000051, 1.931278089000102 ], [ 36.540321612000071, 1.932794823000165 ], [ 36.540280208000183, 1.934081825000078 ], [ 36.540216552000061, 1.935335742000177 ], [ 36.540105230000108, 1.936096807000183 ], [ 36.540047468000125, 1.937066437999988 ], [ 36.539896395000142, 1.938081243000056 ], [ 36.539932005000082, 1.939085879000061 ], [ 36.539844967000136, 1.940112641999974 ], [ 36.53999639500006, 1.941026604000115 ], [ 36.540406939000093, 1.94192007200013 ], [ 36.54060154900003, 1.942894194000075 ], [ 36.54075078700015, 1.944102960000123 ], [ 36.540834676000031, 1.945678711000028 ], [ 36.540926229000092, 1.946716309000067 ], [ 36.540814137000041, 1.947924072999967 ], [ 36.540707031000068, 1.948730041000033 ], [ 36.540441293000129, 1.949543687000073 ], [ 36.540381197000102, 1.950512738000043 ], [ 36.540451571000062, 1.951414593000152 ], [ 36.540451571000062, 1.95227050799997 ], [ 36.540329499999984, 1.953491211000028 ], [ 36.540329499999984, 1.95431840100008 ], [ 36.540650486000118, 1.955459193000138 ], [ 36.540860827000188, 1.956436988000121 ], [ 36.541234676000101, 1.957413762000101 ], [ 36.541155339000056, 1.958345545000043 ], [ 36.54132080100004, 1.959289551000154 ], [ 36.54132080100004, 1.96032714800009 ], [ 36.540543123000191, 1.960664300000133 ], [ 36.539672852000024, 1.960876465000183 ], [ 36.539306641, 1.96008300799997 ], [ 36.538879395000038, 1.959106445000089 ], [ 36.53862846100003, 1.957416619000071 ], [ 36.536951034000083, 1.954732024000066 ], [ 36.536066086, 1.954562008000039 ], [ 36.535248379000166, 1.954276218000018 ], [ 36.534301758000083, 1.953674316000161 ], [ 36.533400496000127, 1.954035295999972 ], [ 36.532470703000172, 1.954284668000184 ], [ 36.532287598000039, 1.955322266000053 ], [ 36.532104492000144, 1.956298828000058 ], [ 36.532104492000144, 1.95727539100011 ], [ 36.532281698000077, 1.958282561000146 ], [ 36.53251762300016, 1.959276145000103 ], [ 36.532753702000036, 1.960071905000063 ], [ 36.532989205000092, 1.961094532000175 ], [ 36.533498041000087, 1.96258451 ], [ 36.533942378000177, 1.963902773000086 ], [ 36.534415609000177, 1.964747650000106 ], [ 36.534702401000061, 1.965675188000091 ], [ 36.535088053000038, 1.966677626000092 ], [ 36.535337603000073, 1.967505943000162 ], [ 36.535838569000134, 1.968729402000065 ], [ 36.536148117000153, 1.969439762000036 ], [ 36.536581518000048, 1.970229779000135 ], [ 36.537066903000152, 1.971234887000151 ], [ 36.537536878000026, 1.971889577000127 ], [ 36.537974909000127, 1.972539875000109 ], [ 36.538752382000098, 1.973410988000182 ], [ 36.539373399000056, 1.974380552000071 ], [ 36.539821748000065, 1.975326480000035 ], [ 36.540245585000093, 1.97608999400012 ], [ 36.540643529000135, 1.976956774000087 ], [ 36.541028158000074, 1.977925613000025 ], [ 36.541298299000118, 1.978675431999989 ], [ 36.541496033000158, 1.979676922000067 ], [ 36.541694275000054, 1.980711388000032 ], [ 36.541872957000066, 1.981529241000146 ], [ 36.542152299000122, 1.982469678000029 ], [ 36.542739118000043, 1.984002259000135 ], [ 36.54325862900015, 1.985296513000094 ], [ 36.543638485000145, 1.986118059000034 ], [ 36.544001002000186, 1.987157987000103 ], [ 36.544129982000015, 1.988097698000161 ], [ 36.544435213000156, 1.988921868000091 ], [ 36.544688423000139, 1.989925637000113 ], [ 36.544969184000024, 1.990889992000064 ], [ 36.545530903000042, 1.99237625000012 ], [ 36.545977831000073, 1.993561107000176 ], [ 36.546342178000089, 1.994556369000122 ], [ 36.546604194000111, 1.995816391000119 ], [ 36.546269173000042, 1.99729904100019 ], [ 36.545893572000125, 1.998472794000065 ], [ 36.545695565000187, 1.999290374000054 ], [ 36.545471191000104, 2.000122070000089 ], [ 36.543930037000109, 2.000661760000185 ], [ 36.542512049000038, 2.001342028000124 ], [ 36.541624715000125, 2.001935199000116 ], [ 36.540229500000066, 2.00363763900009 ], [ 36.540627655000094, 2.00564952000002 ], [ 36.540983067000184, 2.006548257000077 ], [ 36.541503906000173, 2.007507324000073 ], [ 36.543273926000097, 2.008117676000154 ], [ 36.544079638000142, 2.007980935000091 ], [ 36.545104980000076, 2.007873535000101 ], [ 36.546937953000111, 2.005265426000051 ], [ 36.547485352000024, 2.00408935500019 ], [ 36.547485352000024, 2.006286621000072 ], [ 36.547239022000042, 2.00888163400009 ], [ 36.547181050000063, 2.011473022000132 ], [ 36.547292899000183, 2.012749569000164 ], [ 36.547369426000046, 2.013913786000103 ], [ 36.547259476000136, 2.017612420000034 ], [ 36.546800024000163, 2.018621774999986 ], [ 36.545164278000186, 2.020659655000031 ], [ 36.544815230000097, 2.021732560000089 ], [ 36.544833258000153, 2.023970783999971 ], [ 36.545355687000097, 2.024785169000154 ], [ 36.547178698000039, 2.025538235000113 ], [ 36.547317484000189, 2.026588430000061 ], [ 36.54612867000003, 2.028477776000045 ], [ 36.545986970000058, 2.030326839 ], [ 36.54632568400018, 2.031311035000101 ], [ 36.547790527000132, 2.032470703000115 ], [ 36.548840926000082, 2.032461419000072 ], [ 36.549926758000026, 2.031677246000072 ], [ 36.550720215000069, 2.033081054999968 ], [ 36.551827840000158, 2.034690569000134 ], [ 36.554026473000079, 2.03913783500002 ], [ 36.55603355300002, 2.042929925000067 ], [ 36.556230555000184, 2.045901570000183 ], [ 36.556275106000044, 2.0471521340001 ], [ 36.556274413999972, 2.048522949000073 ], [ 36.558282186000042, 2.050464104000014 ], [ 36.560234053000158, 2.05064231800003 ], [ 36.562246346000109, 2.052229632000092 ], [ 36.564770274000011, 2.054605366000033 ], [ 36.565770256000178, 2.055360807999989 ], [ 36.566879149000158, 2.056112710000036 ], [ 36.569061428000168, 2.057966107000027 ], [ 36.569125350000149, 2.060485840000013 ], [ 36.568992116000118, 2.0617555500001 ], [ 36.568710819000046, 2.063107296000055 ], [ 36.567874038000184, 2.06613956700005 ], [ 36.56773189300003, 2.067552134000096 ], [ 36.567639705000033, 2.068902064000042 ], [ 36.567076717000191, 2.072764055000107 ], [ 36.566693612, 2.075284759000169 ], [ 36.56608843600003, 2.081083928000112 ], [ 36.566643612000121, 2.084512395000161 ], [ 36.567681893000156, 2.088668108000036 ], [ 36.567631893000112, 2.0924907160001 ], [ 36.566452059000028, 2.096091253000054 ], [ 36.564828084, 2.099833343000057 ], [ 36.564699693000136, 2.102478093 ], [ 36.564686532000053, 2.103452134000065 ], [ 36.564857196000105, 2.10443295400006 ], [ 36.565674812999987, 2.10611561800016 ], [ 36.568095516000028, 2.108627874000035 ], [ 36.57249278200004, 2.112661516000173 ], [ 36.577081600000099, 2.117280852000079 ], [ 36.580682137000053, 2.12186967100007 ], [ 36.582034041000156, 2.125520208000069 ], [ 36.583575797000037, 2.128452133999986 ], [ 36.583244393000143, 2.132529729000169 ], [ 36.583949569000026, 2.137290618000179 ], [ 36.585029403000192, 2.140891155000077 ], [ 36.586923326000147, 2.144281816000046 ], [ 36.587407519000124, 2.145028953000121 ], [ 36.588133962000143, 2.145801112000186 ], [ 36.589698739000028, 2.146931878000089 ], [ 36.591671162000068, 2.146989090000034 ], [ 36.592567137, 2.146826152000074 ], [ 36.593511520000106, 2.14663772900002 ], [ 36.595380854000041, 2.146722291000117 ], [ 36.596221002999982, 2.147582559000057 ], [ 36.597058637000032, 2.148957424 ], [ 36.597573523000165, 2.149853272000087 ], [ 36.598127943000065, 2.150851632000069 ], [ 36.599764235000066, 2.153628949000108 ], [ 36.600285499000051, 2.154240977000086 ], [ 36.601087725000184, 2.154889218 ], [ 36.602882159000103, 2.156158749000156 ], [ 36.603471355000011, 2.156656811000175 ], [ 36.604150124000171, 2.157258366000121 ], [ 36.605556799999988, 2.158400227000186 ], [ 36.606293233000088, 2.158748925000054 ], [ 36.60797648800019, 2.159585450000066 ], [ 36.608494877000169, 2.160296262000088 ], [ 36.609486434000075, 2.161717132000092 ], [ 36.612475797000059, 2.162652134000155 ], [ 36.612048690000165, 2.15946849900007 ], [ 36.610900879000155, 2.158081055000025 ], [ 36.611268342000074, 2.156918198000028 ], [ 36.61429732300013, 2.157683489000021 ], [ 36.620529598000189, 2.161475579000069 ], [ 36.627297567000028, 2.162463860000059 ], [ 36.636525203000019, 2.164229387000034 ], [ 36.643726278000145, 2.16722474900007 ], [ 36.648678719000031, 2.169140276000178 ], [ 36.654941512000164, 2.172418743000094 ], [ 36.658825155000045, 2.174889446000179 ], [ 36.662525692000088, 2.17821791300014 ], [ 36.667236580000122, 2.183270354000115 ], [ 36.670837117000019, 2.186870891000012 ], [ 36.676877840000088, 2.190421428000093 ], [ 36.681497176, 2.193275237000023 ], [ 36.685504546000118, 2.195274339999969 ], [ 36.68657754600008, 2.195747694999966 ], [ 36.687512339000079, 2.196061889000021 ], [ 36.691552059000173, 2.197239397000146 ], [ 36.694638973000167, 2.197814055000094 ], [ 36.698239510000064, 2.198086126000135 ], [ 36.700490033000051, 2.198762879000071 ], [ 36.701197528000023, 2.199146881000047 ], [ 36.701799765000032, 2.199937176000162 ], [ 36.702781404000177, 2.202132157000108 ], [ 36.703043223000066, 2.203056478000121 ], [ 36.702981595000153, 2.203874705999965 ], [ 36.701284871000098, 2.20902929000016 ], [ 36.700851766000028, 2.213062932000128 ], [ 36.700500488000102, 2.217712402000075 ], [ 36.700967830000025, 2.218655997000042 ], [ 36.701477051000154, 2.219726563000165 ], [ 36.704088680000154, 2.221615911000185 ], [ 36.707083351000051, 2.222323340000173 ], [ 36.708171138000068, 2.222665038 ], [ 36.709201026000187, 2.223206069000128 ], [ 36.711486816000161, 2.224121094000054 ], [ 36.711787493000088, 2.225248885000042 ], [ 36.712009831000159, 2.226330116000042 ], [ 36.712500106000164, 2.230490960000054 ], [ 36.712229256000114, 2.233037536000097 ], [ 36.711717446000023, 2.234124297000051 ], [ 36.710896817000105, 2.23572765900002 ], [ 36.71039090000005, 2.236858330000018 ], [ 36.709899902000132, 2.238098145000038 ], [ 36.71008300799997, 2.240112305000082 ], [ 36.710671189999971, 2.240955312000096 ], [ 36.711313718000042, 2.241875246000177 ], [ 36.713174575999972, 2.244180945000096 ], [ 36.713592643000027, 2.24504703000008 ], [ 36.71389337100004, 2.246103044000051 ], [ 36.714426668000044, 2.248080022000011 ], [ 36.714426668000044, 2.251539007000133 ], [ 36.713952010000185, 2.254484368000021 ], [ 36.712548045000119, 2.256975422999972 ], [ 36.711892163000186, 2.257673410000109 ], [ 36.711107853000158, 2.258284628000069 ], [ 36.708102840000095, 2.260666643000036 ], [ 36.707654177000052, 2.262351543000023 ], [ 36.707837906000066, 2.26331708400005 ], [ 36.709282674, 2.264872356000126 ], [ 36.711372179000193, 2.266374988000109 ], [ 36.712182884000185, 2.266722776000108 ], [ 36.713048572000048, 2.266978342000129 ], [ 36.715896192000116, 2.26802908000019 ], [ 36.716562067000041, 2.268758749000085 ], [ 36.718418992000124, 2.271431841000094 ], [ 36.720447909000029, 2.272264983000127 ], [ 36.721645875000036, 2.273117178 ], [ 36.722271981000176, 2.273655950000034 ], [ 36.722746006000023, 2.274355563000086 ], [ 36.723522579000075, 2.2761935690001 ], [ 36.723684822999985, 2.277052133999973 ], [ 36.723625531000096, 2.278068135000126 ], [ 36.723301717000083, 2.280484856000157 ], [ 36.722646541000074, 2.283621770000025 ], [ 36.722193972000184, 2.28589955200016 ], [ 36.722264085000063, 2.287105911000083 ], [ 36.723079647000191, 2.289712493000081 ], [ 36.723787146, 2.292137434000097 ], [ 36.723847892000094, 2.293180023000104 ], [ 36.723463643000173, 2.295462880000059 ], [ 36.72329101400004, 2.296256079000045 ], [ 36.723179647000109, 2.297119141000053 ], [ 36.723301717000083, 2.298820647000184 ], [ 36.724673104000146, 2.302038079000113 ], [ 36.681225106000056, 2.322722503000023 ], [ 36.645874910000146, 2.339636907000113 ], [ 36.601297078000187, 2.36082650700007 ], [ 36.601488631000109, 2.367936028000088 ], [ 36.601438631000065, 2.387068548 ], [ 36.601409380000064, 2.405183985000122 ], [ 36.602404570000147, 2.404801879000104 ], [ 36.602436066000053, 2.405573726000114 ], [ 36.601852417000032, 2.406376457000022 ], [ 36.600887299000078, 2.407106042000066 ], [ 36.600097656000059, 2.407509208000022 ], [ 36.599273682000103, 2.408193747000098 ], [ 36.59817282400013, 2.408945859000141 ], [ 36.596872850000011, 2.409886123000149 ], [ 36.595542590000093, 2.410670539000023 ], [ 36.594461441000078, 2.411318064000056 ], [ 36.593729591000113, 2.411907625000083 ], [ 36.593170777000068, 2.413112980000051 ], [ 36.592294693000042, 2.413438320000125 ], [ 36.591594696000129, 2.413082872000075 ], [ 36.591231537000169, 2.412241077000147 ], [ 36.590756226, 2.410993337000093 ], [ 36.590165456000193, 2.410099108999987 ], [ 36.589412689000142, 2.409242034000044 ], [ 36.58859888700016, 2.40865254400012 ], [ 36.587628936999977, 2.407966805000115 ], [ 36.586832682000079, 2.407401879000133 ], [ 36.585761976000128, 2.407024908000096 ], [ 36.584924316000127, 2.406784391000031 ], [ 36.583807373000184, 2.406656122000129 ], [ 36.58239078500003, 2.406625152000061 ], [ 36.581405640000128, 2.406656623000117 ], [ 36.580424309000193, 2.4068808560001 ], [ 36.579172810000102, 2.40681040100003 ], [ 36.578108978000046, 2.406305599000177 ], [ 36.57735169100016, 2.405358043000092 ], [ 36.576780701000189, 2.404538393000166 ], [ 36.575739860000112, 2.404030919000093 ], [ 36.57457224500007, 2.40418430200009 ], [ 36.57344563800018, 2.404387315000065 ], [ 36.572642009000049, 2.404622396000093 ], [ 36.571534157000031, 2.404790521000052 ], [ 36.570342064000101, 2.405037880000179 ], [ 36.569314957000074, 2.405061483999987 ], [ 36.568524933000106, 2.404795742000033 ], [ 36.56773821500019, 2.404058774000021 ], [ 36.567362213000024, 2.402997589000051 ], [ 36.567230225000117, 2.40205573999998 ], [ 36.566981255000087, 2.400920180000185 ], [ 36.566577148000135, 2.400146103000168 ], [ 36.565635681000117, 2.39931368800012 ], [ 36.564805985000078, 2.399037003000046 ], [ 36.563703820000057, 2.398646250000183 ], [ 36.562419127999988, 2.397700834000091 ], [ 36.561595917000034, 2.397162056000127 ], [ 36.560644785000193, 2.396650156000021 ], [ 36.559580803000074, 2.396591186000137 ], [ 36.558284760000049, 2.396796608000045 ], [ 36.557072957000059, 2.397187153000118 ], [ 36.555964470000106, 2.397481620000065 ], [ 36.554912567000031, 2.397813678000034 ], [ 36.553894399000171, 2.398227681000094 ], [ 36.552698408000026, 2.398773193000068 ], [ 36.551488876000178, 2.399742126000035 ], [ 36.550496674000158, 2.400723791000189 ], [ 36.549500147000174, 2.401712457000087 ], [ 36.548697662000166, 2.402514028999974 ], [ 36.548055649000048, 2.403044760000114 ], [ 36.547236124000165, 2.403275013000098 ], [ 36.546179199000051, 2.403303957000162 ], [ 36.544946671000048, 2.403450608000128 ], [ 36.5438741050001, 2.403616746000182 ], [ 36.543144226000038, 2.40390181500004 ], [ 36.5421361920001, 2.404333293000036 ], [ 36.540970612000137, 2.405069685000058 ], [ 36.540289561000179, 2.405678034000061 ], [ 36.539689064000129, 2.406571031000112 ], [ 36.53894729600006, 2.407633543000088 ], [ 36.538609822000183, 2.408745448000161 ], [ 36.538395882000088, 2.410001695000119 ], [ 36.538110733000167, 2.410884380000027 ], [ 36.537991333000093, 2.411923361000106 ], [ 36.53768539400005, 2.412876447000087 ], [ 36.53746032700019, 2.413643122000053 ], [ 36.537268753000149, 2.414453045000187 ], [ 36.53708801300013, 2.41556892400007 ], [ 36.536864472, 2.416597366000076 ], [ 36.5364761350001, 2.417703867000057 ], [ 36.535924911000166, 2.418710828000144 ], [ 36.535652938000112, 2.419657278000102 ], [ 36.535173416000077, 2.42067903300017 ], [ 36.534845988000143, 2.421399911000151 ], [ 36.534446716000161, 2.422219896000058 ], [ 36.534102440000083, 2.423560440000131 ], [ 36.533759308000128, 2.425109577000114 ], [ 36.533494948999987, 2.426330685999972 ], [ 36.533096520000186, 2.427891517000091 ], [ 36.53290748600017, 2.428887605000057 ], [ 36.532767296000088, 2.429785490000029 ], [ 36.532389641000066, 2.431009352000046 ], [ 36.532026927000061, 2.432215929000108 ], [ 36.531501770000034, 2.433183134000103 ], [ 36.530682564000131, 2.434583008000118 ], [ 36.530069351000066, 2.435528517000137 ], [ 36.529702504, 2.436224540000069 ], [ 36.52918624900019, 2.437259674000074 ], [ 36.52847766900004, 2.438284099000043 ], [ 36.528067271000168, 2.439082623000047 ], [ 36.527672484999982, 2.439863998000078 ], [ 36.527040482000189, 2.440687776000061 ], [ 36.526261012000191, 2.441762923999988 ], [ 36.525607109000191, 2.442842661999975 ], [ 36.52525329600013, 2.443795919000081 ], [ 36.524965922000149, 2.444609245000038 ], [ 36.524692536000089, 2.445425034000152 ], [ 36.524492900000098, 2.446192344000053 ], [ 36.524433136000141, 2.447035909000135 ], [ 36.524401092000119, 2.448095417000047 ], [ 36.524291991999974, 2.449111819000109 ], [ 36.524278641000024, 2.449898362000056 ], [ 36.524278641000024, 2.450697541000011 ], [ 36.524278641000024, 2.451471567000112 ], [ 36.524298350000151, 2.452671369000086 ], [ 36.524423981000155, 2.454296732000046 ], [ 36.524446487000091, 2.455434799000159 ], [ 36.524477386000058, 2.456399155000156 ], [ 36.524636950000115, 2.457767929000113 ], [ 36.52483291600015, 2.459002733000091 ], [ 36.525007883000171, 2.459754308000015 ], [ 36.525195122000127, 2.460567176000154 ], [ 36.525402546000066, 2.461741566000171 ], [ 36.525690556000086, 2.463120371000116 ], [ 36.525880814000175, 2.464270472000123 ], [ 36.526353836000055, 2.46534901800004 ], [ 36.526842753000096, 2.466545026000063 ], [ 36.527250290000154, 2.467232704000082 ], [ 36.527667999000187, 2.467909217000056 ], [ 36.528093338000076, 2.468695879000109 ], [ 36.52864693700019, 2.470005866000065 ], [ 36.529224396000075, 2.471307874000104 ], [ 36.529298783000115, 2.472113013000069 ], [ 36.529461169000058, 2.47351601400004 ], [ 36.529462814000055, 2.47465741700006 ], [ 36.529462814000055, 2.475511670000117 ], [ 36.529407501000037, 2.476316929000063 ], [ 36.529156049, 2.477383872000132 ], [ 36.528696060000073, 2.478713988999971 ], [ 36.528360748000182, 2.479827404 ], [ 36.52804374699997, 2.480873227000131 ], [ 36.527956009000036, 2.481633484000042 ], [ 36.527706146000014, 2.482481361000112 ], [ 36.527577400000041, 2.483347654000113 ], [ 36.527449290000106, 2.48424387 ], [ 36.527324676000092, 2.485194802000024 ], [ 36.527450010000166, 2.486096838000037 ], [ 36.527522087000193, 2.487198591000151 ], [ 36.527740479000101, 2.488589954000076 ], [ 36.527984170000138, 2.489786504000165 ], [ 36.527975718000164, 2.491228422000063 ], [ 36.527931976000048, 2.492252398000062 ], [ 36.528093338000076, 2.493267536000019 ], [ 36.528414726000051, 2.494061053000053 ], [ 36.528709412000069, 2.49480211700012 ], [ 36.529197693000071, 2.495474517000105 ], [ 36.529929161000041, 2.496754666000072 ], [ 36.530582428000173, 2.498164129000088 ], [ 36.530868530000021, 2.499183178000123 ], [ 36.53108596800007, 2.500064850000058 ], [ 36.531141281000146, 2.500869988999966 ], [ 36.531141281000146, 2.501693845000091 ], [ 36.531026204000113, 2.502709707000122 ], [ 36.530726433000098, 2.503770371000144 ], [ 36.530305862000034, 2.504840374000139 ], [ 36.530120850000174, 2.505828905000101 ], [ 36.529918671000075, 2.506887317000121 ], [ 36.529828390000148, 2.508036693000179 ], [ 36.529857636000088, 2.508876483000051 ], [ 36.529911041000105, 2.509842475000028 ], [ 36.53004296600011, 2.510969957000043 ], [ 36.530084610000188, 2.512258530000167 ], [ 36.530084610000188, 2.513248085999976 ], [ 36.530084610000188, 2.51425623900019 ], [ 36.530212402000132, 2.515334725000059 ], [ 36.530305862000034, 2.516665339000042 ], [ 36.530499776000056, 2.517738183000176 ], [ 36.530521393000186, 2.518607378000013 ], [ 36.530499776000056, 2.51945106200003 ], [ 36.530483246000131, 2.520691395000085 ], [ 36.530305862000034, 2.52165579800004 ], [ 36.530065537000098, 2.522756159000039 ], [ 36.529230499000107, 2.523532057000125 ], [ 36.528333043000146, 2.523969689000069 ], [ 36.527552033000177, 2.524307489000137 ], [ 36.526505788000179, 2.524806182000077 ], [ 36.525565084000164, 2.525461801000063 ], [ 36.524762153999973, 2.526741743000116 ], [ 36.524454117000175, 2.527710199000126 ], [ 36.524177551000037, 2.528890133000061 ], [ 36.524260521000144, 2.530352651999976 ], [ 36.5243988040001, 2.531769453999971 ], [ 36.524288178, 2.533013701000186 ], [ 36.524001312000109, 2.533991385000093 ], [ 36.523382187000095, 2.5351958870001 ], [ 36.522872925000058, 2.536234299 ], [ 36.522514343000068, 2.537026310000101 ], [ 36.522241593000047, 2.53787553300009 ], [ 36.521922705000179, 2.538951627000131 ], [ 36.521511078000117, 2.539866686000096 ], [ 36.521105957000088, 2.54097013500018 ], [ 36.520687103000057, 2.541901588999963 ], [ 36.520275116000164, 2.542976737000117 ], [ 36.519901276000155, 2.544099188000189 ], [ 36.519629160000193, 2.544829051000079 ], [ 36.519445419000192, 2.545785785000021 ], [ 36.519308090000095, 2.546692133000022 ], [ 36.519094467000116, 2.547475815000041 ], [ 36.518667063000066, 2.548579355000072 ], [ 36.518253326000035, 2.549485445000073 ], [ 36.517798424000034, 2.550554693000038 ], [ 36.517518361000043, 2.551539183000159 ], [ 36.517279625000015, 2.552583039000012 ], [ 36.517086028999984, 2.553707957000029 ], [ 36.516781807000029, 2.554933667000171 ], [ 36.516474724000147, 2.55620312700006 ], [ 36.516236623000054, 2.557250341000042 ], [ 36.515994072000183, 2.558378696000034 ], [ 36.515512466000075, 2.55948507800008 ], [ 36.51507568400018, 2.560253143000125 ], [ 36.514276505000055, 2.560993970000084 ], [ 36.513319016000139, 2.561697721000087 ], [ 36.512636821000115, 2.562380155000085 ], [ 36.511837006000121, 2.563123703000144 ], [ 36.510803223000096, 2.563922405000142 ], [ 36.509806315000048, 2.564643701000136 ], [ 36.508874893000041, 2.565262199000188 ], [ 36.507786751000083, 2.565839886999981 ], [ 36.506717681999987, 2.566522360000079 ], [ 36.506040573, 2.56689119400005 ], [ 36.505271912000126, 2.567512035000163 ], [ 36.504170418000115, 2.568453511000087 ], [ 36.503097534000176, 2.569251061000159 ], [ 36.502458572000023, 2.569687486000134 ], [ 36.501652527000033, 2.570170355000187 ], [ 36.500885010000047, 2.570658563999984 ], [ 36.499862989000121, 2.571275989000185 ], [ 36.498457591000033, 2.572021723000091 ], [ 36.497500102000117, 2.572663069000043 ], [ 36.496193250000147, 2.57353848200006 ], [ 36.494981766000137, 2.574487526999974 ], [ 36.494050979000122, 2.575446129000056 ], [ 36.493534088000047, 2.576048374000095 ], [ 36.493039449000094, 2.576866229000188 ], [ 36.49251174900013, 2.577647781000167 ], [ 36.491747283999985, 2.578988027000037 ], [ 36.491068840000025, 2.580154061000087 ], [ 36.490244865000136, 2.581060708000052 ], [ 36.489271545000065, 2.581883287000153 ], [ 36.488646190000111, 2.582779189 ], [ 36.487907410000105, 2.583986044000142 ], [ 36.486951192, 2.585355759000038 ], [ 36.486064441999986, 2.586554407000108 ], [ 36.485477447000051, 2.587093234000179 ], [ 36.484905243000128, 2.587879896000061 ], [ 36.484382629000038, 2.588630200000182 ], [ 36.483699799000192, 2.589434624000091 ], [ 36.483226776000038, 2.59009254 ], [ 36.482692718000123, 2.590860605000046 ], [ 36.48221893300007, 2.591537094000159 ], [ 36.481616974000076, 2.592268108999974 ], [ 36.481192271000054, 2.592974186000049 ], [ 36.480589549000058, 2.593765259000065 ], [ 36.479774475000113, 2.594702244000018 ], [ 36.479274750000116, 2.595286011000098 ], [ 36.478330231000029, 2.596389532000046 ], [ 36.477456093000171, 2.597568989000024 ], [ 36.476434390000065, 2.598723213000085 ], [ 36.475654602000077, 2.599527001000183 ], [ 36.475183487000038, 2.600260675000129 ], [ 36.474594116000048, 2.601222158000041 ], [ 36.474151611000138, 2.602173853000181 ], [ 36.473831177000079, 2.603141864000065 ], [ 36.473781586000143, 2.604103486000042 ], [ 36.473749542000178, 2.604907942000182 ], [ 36.473829270000181, 2.606035113000075 ], [ 36.473810196000045, 2.606914520000089 ], [ 36.473487853999984, 2.608530283000107 ], [ 36.472658158000115, 2.609517275999963 ], [ 36.471576691000053, 2.610156 ], [ 36.470344543000067, 2.610275984000054 ], [ 36.469065666000063, 2.610110164 ], [ 36.467905044000133, 2.610110164 ], [ 36.466789246000189, 2.60979652400016 ], [ 36.465576172000169, 2.609645963000048 ], [ 36.464207458000089, 2.609618521000073 ], [ 36.463294983000139, 2.609710931999984 ], [ 36.462425232000044, 2.609987736000164 ], [ 36.461557296000194, 2.610564981000039 ], [ 36.460391998000034, 2.610896885000159 ], [ 36.459271749000152, 2.611018499000124 ], [ 36.458206177000079, 2.611151743000107 ], [ 36.457431793000126, 2.611276547000159 ], [ 36.456389427000033, 2.611374875000081 ], [ 36.455263774000116, 2.611507416000165 ], [ 36.454111099000045, 2.612156510000034 ], [ 36.453281403000119, 2.613087296000117 ], [ 36.452489852999975, 2.613707900000122 ], [ 36.451543808000167, 2.614714344000106 ], [ 36.450792313000022, 2.615776837000169 ], [ 36.450086594000027, 2.616897941000047 ], [ 36.449630737000064, 2.617789348000144 ], [ 36.44926834100005, 2.618484020000096 ], [ 36.448902130000079, 2.6193012 ], [ 36.448295593000068, 2.620214641000189 ], [ 36.447441101000038, 2.621197144 ], [ 36.446683884000038, 2.621844411000041 ], [ 36.446052552000026, 2.622438669000189 ], [ 36.44533920300006, 2.62307872800011 ], [ 36.444635868000034, 2.623894334000113 ], [ 36.443982442000163, 2.624725978000129 ], [ 36.443106079000188, 2.625606060000166 ], [ 36.442433039000093, 2.626524210000071 ], [ 36.442259471000114, 2.627430280000112 ], [ 36.442119598000033, 2.628281235999964 ], [ 36.442113495000115, 2.629291821000038 ], [ 36.441816966000033, 2.630209445999981 ], [ 36.44111022900006, 2.631009912000138 ], [ 36.44048500100007, 2.63169848900003 ], [ 36.439788182000029, 2.632523775000095 ], [ 36.43866539000004, 2.633649588000083 ], [ 36.438025157000084, 2.634503921000146 ], [ 36.437876383000059, 2.635512829000106 ], [ 36.43791198700012, 2.636486530000127 ], [ 36.43822193200009, 2.637649298000042 ], [ 36.438445409000053, 2.639134347000095 ], [ 36.438338916000191, 2.640924970000015 ], [ 36.438257218, 2.642207861000031 ], [ 36.438022137000189, 2.643658310000035 ], [ 36.437661489, 2.644694328000128 ], [ 36.437285106000047, 2.645605962000104 ], [ 36.436840858000039, 2.646790647000159 ], [ 36.436270714000159, 2.647809267000071 ], [ 36.435911178000083, 2.64850068100003 ], [ 36.435577393000074, 2.649355650000189 ], [ 36.435091972000123, 2.650565326000105 ], [ 36.434669494000161, 2.651690722000126 ], [ 36.434642792000091, 2.652708888000177 ], [ 36.434432983000079, 2.653833548000136 ], [ 36.434504191000087, 2.655075471000146 ], [ 36.434524536000083, 2.655925155000091 ], [ 36.434642792000091, 2.656890750000116 ], [ 36.434839249000106, 2.657878280000148 ], [ 36.434865952000109, 2.65864300700008 ], [ 36.43510309900006, 2.659461339000131 ], [ 36.435253143000068, 2.660394478000114 ], [ 36.435430527000165, 2.66148344700008 ], [ 36.435581684000169, 2.662810415000081 ], [ 36.435707855000032, 2.664061451000066 ], [ 36.435888608000141, 2.665519873000108 ], [ 36.436094284000092, 2.666998267000054 ], [ 36.436078644000077, 2.668512726000017 ], [ 36.436040242000104, 2.669630051000183 ], [ 36.436080933000142, 2.670498610000038 ], [ 36.436027527000192, 2.671687126000108 ], [ 36.435831706000045, 2.672659 ], [ 36.435574532000089, 2.673791170000129 ], [ 36.434992790000081, 2.675176382000188 ], [ 36.434426308000127, 2.676362813000026 ], [ 36.43403625500008, 2.677601004000053 ], [ 36.433959007000112, 2.678801656000132 ], [ 36.434032916999968, 2.680074632000071 ], [ 36.434459686000025, 2.681590175000167 ], [ 36.434932709000179, 2.682812095000031 ], [ 36.435357729000032, 2.684349080000118 ], [ 36.435714722000171, 2.685840964000079 ], [ 36.436004639000089, 2.686631839000029 ], [ 36.436354828000162, 2.687797737000039 ], [ 36.436700821000102, 2.688690186000088 ], [ 36.437252045000093, 2.68963988600018 ], [ 36.437825521000093, 2.690606991000152 ], [ 36.438279788000102, 2.69178634900004 ], [ 36.438809713000182, 2.692782164000107 ], [ 36.439279556000031, 2.693663120000167 ], [ 36.439882279000074, 2.694269419000136 ], [ 36.440645218000043, 2.69508087600002 ], [ 36.441299438000044, 2.695861697000055 ], [ 36.442647934000036, 2.697458267 ], [ 36.443612439000162, 2.69875800300008 ], [ 36.444261551000068, 2.699530363000065 ], [ 36.444915771000183, 2.700437665000152 ], [ 36.445795628000042, 2.701609076000182 ], [ 36.446589470000049, 2.703083157000037 ], [ 36.447194099000058, 2.704377949000047 ], [ 36.447294235000186, 2.705492377000041 ], [ 36.446940740000116, 2.706553201000077 ], [ 36.445935249000172, 2.707413634000147 ], [ 36.444656372000111, 2.707770665000112 ], [ 36.44377613100005, 2.708208787000103 ], [ 36.44270433700018, 2.709203346000038 ], [ 36.441532135000159, 2.710019529000022 ], [ 36.440683365000098, 2.710635542999967 ], [ 36.439918518000184, 2.711229801000115 ], [ 36.439245224000047, 2.711679936000166 ], [ 36.438480377000076, 2.711929202000022 ], [ 36.437378884000168, 2.71239668100003 ], [ 36.436435700000118, 2.712945223000133 ], [ 36.435283661000085, 2.713377236999975 ], [ 36.434524536000083, 2.71362888800013 ], [ 36.433708191000107, 2.713908672000173 ], [ 36.432979584000122, 2.714364211000145 ], [ 36.431999842000096, 2.714978397000152 ], [ 36.431200028000148, 2.715910196000038 ], [ 36.430688858000167, 2.71684944600014 ], [ 36.430238724000048, 2.717522502000065 ], [ 36.429723739000167, 2.718260884000017 ], [ 36.429304123000065, 2.719078183000079 ], [ 36.42902374300013, 2.719921708000129 ], [ 36.42840131100013, 2.721162558000117 ], [ 36.427717209000036, 2.722464919000174 ], [ 36.427330017000145, 2.723579168000072 ], [ 36.426925659000062, 2.724300265000124 ], [ 36.426683045000061, 2.725218439000059 ], [ 36.426282883, 2.726105094000161 ], [ 36.426055908000137, 2.726873994000186 ], [ 36.425802231000034, 2.727947414000027 ], [ 36.42546272300018, 2.72910261200002 ], [ 36.425163269000109, 2.729951620000122 ], [ 36.424651555000025, 2.731221437000102 ], [ 36.424054464000108, 2.732186317000185 ], [ 36.423513413000194, 2.732860685 ], [ 36.42289886500015, 2.733713198000146 ], [ 36.422096252000074, 2.734680748000073 ], [ 36.421591187000161, 2.735797310000066 ], [ 36.421267509000188, 2.736703753000029 ], [ 36.421102524000105, 2.73780941900003 ], [ 36.421114349000106, 2.73881778700013 ], [ 36.421283722000169, 2.73989176800012 ], [ 36.421337128000175, 2.740735293000171 ], [ 36.421455384000183, 2.741644025000028 ], [ 36.421644847000152, 2.742676576000122 ], [ 36.421703338999976, 2.743531942 ], [ 36.421848297000111, 2.744493365000096 ], [ 36.421857198000055, 2.745845080000095 ], [ 36.421703338999976, 2.746695757000055 ], [ 36.421395302000178, 2.747941077000064 ], [ 36.420886993000124, 2.749015927000187 ], [ 36.420515060000184, 2.749689102 ], [ 36.4202919, 2.750453711000148 ], [ 36.420061493000048, 2.751653337000107 ], [ 36.419925689000024, 2.753250479999963 ], [ 36.419853210000156, 2.754550457000164 ], [ 36.419865608000066, 2.755774736000092 ], [ 36.419853210000156, 2.756986439000116 ], [ 36.419872284000121, 2.757878184000049 ], [ 36.419714610000028, 2.758836110000118 ], [ 36.419620514000087, 2.759687304000181 ], [ 36.419502258000023, 2.760504484000137 ], [ 36.419207573000108, 2.761579454000071 ], [ 36.418910980000135, 2.762495120000153 ], [ 36.418710708000106, 2.763497829000073 ], [ 36.418207167999981, 2.764092088000154 ], [ 36.417495727000187, 2.764883042 ], [ 36.416730881000149, 2.765477299999986 ], [ 36.416057587000068, 2.766242027000146 ], [ 36.41505750000016, 2.767324209000151 ], [ 36.414104462000182, 2.768372250000084 ], [ 36.413410187000011, 2.769401789000085 ], [ 36.412947337000105, 2.770455440000148 ], [ 36.412599882000052, 2.771411220000175 ], [ 36.412300110000103, 2.772849202000145 ], [ 36.412015279000059, 2.773872058000052 ], [ 36.411494446000063, 2.774784470000043 ], [ 36.410888672000056, 2.775816321000036 ], [ 36.409920057000079, 2.776838005 ], [ 36.408786774000191, 2.778060317000097 ], [ 36.407896042000061, 2.779214084000046 ], [ 36.407222748000095, 2.78030002100013 ], [ 36.406568527000047, 2.781526327000165 ], [ 36.405911764000166, 2.782959619999986 ], [ 36.405469895000124, 2.78431153300005 ], [ 36.404998779000039, 2.785764277000169 ], [ 36.404308319000108, 2.787081957000112 ], [ 36.40371704100005, 2.78800072700011 ], [ 36.40303993200007, 2.789061427000092 ], [ 36.402314758000102, 2.789998102000084 ], [ 36.401471456000138, 2.790984631000072 ], [ 36.400648752999984, 2.791936755000165 ], [ 36.399990082000159, 2.792832693000037 ], [ 36.399477959000137, 2.793735325000114 ], [ 36.399112701000092, 2.794453859000043 ], [ 36.398889542, 2.795244813000124 ], [ 36.398466110000186, 2.796009421000178 ], [ 36.397960208000029, 2.79721142700015 ], [ 36.397275925000031, 2.798465370999963 ], [ 36.396676299000148, 2.799501185000054 ], [ 36.396007538000106, 2.800654729000144 ], [ 36.395623525000076, 2.801594655000088 ], [ 36.395295461000103, 2.802444140000091 ], [ 36.394983907999972, 2.803591521000101 ], [ 36.394506454000123, 2.804648757 ], [ 36.393871943000079, 2.805973232000099 ], [ 36.393268585000101, 2.807471633000148 ], [ 36.392807007000101, 2.808528543000023 ], [ 36.392452240000125, 2.80962157200014 ], [ 36.39188385000017, 2.810665965000112 ], [ 36.391460419000055, 2.811850190000143 ], [ 36.391026589000035, 2.812731183000153 ], [ 36.390472412000122, 2.813458443000059 ], [ 36.390084585000068, 2.814245939000045 ], [ 36.389154434000091, 2.815952440000103 ], [ 36.38862419100019, 2.817021190999981 ], [ 36.388167790000182, 2.818048034000128 ], [ 36.387819926000191, 2.818949381000039 ], [ 36.387642861000188, 2.819853961000092 ], [ 36.387308121000046, 2.821110130000022 ], [ 36.387109121000094, 2.82204691600009 ], [ 36.38704299900013, 2.823172629000055 ], [ 36.38705635000008, 2.824570954000023 ], [ 36.387120247000098, 2.825658440000097 ], [ 36.387184620000028, 2.826770127000145 ], [ 36.38702964800018, 2.827822447000187 ], [ 36.386750513000095, 2.828572689000111 ], [ 36.38587506600004, 2.829773049000096 ], [ 36.384904862000042, 2.830854774000159 ], [ 36.38468170200008, 2.83161417600013 ], [ 36.384449233999987, 2.832347473000141 ], [ 36.383853594000129, 2.83376524900001 ], [ 36.383444468000164, 2.83484593999998 ], [ 36.383062998000071, 2.835577885000077 ], [ 36.382553101000042, 2.836414098999967 ], [ 36.382030487000179, 2.837095022000085 ], [ 36.381603241000164, 2.837856293000129 ], [ 36.380697250000082, 2.839100719000044 ], [ 36.38005447400019, 2.840062022000097 ], [ 36.379081726000152, 2.841161370000123 ], [ 36.378267288000075, 2.842099607000023 ], [ 36.377624512000011, 2.842832445999989 ], [ 36.376987457000155, 2.843401829000129 ], [ 36.376043320000122, 2.844296575000101 ], [ 36.375108719000139, 2.845284103999973 ], [ 36.374462128, 2.845981042000119 ], [ 36.373495102000106, 2.846721888000104 ], [ 36.372905731000117, 2.847433925000132 ], [ 36.371861776000173, 2.848239501000023 ], [ 36.371213913000133, 2.848819256000127 ], [ 36.370375633000037, 2.849378287999969 ], [ 36.369802475000029, 2.850086570000144 ], [ 36.369091034000064, 2.850707173000103 ], [ 36.368273417000182, 2.851410945000055 ], [ 36.367601395000179, 2.85203969500003 ], [ 36.366863251000041, 2.852856994000035 ], [ 36.36609840400007, 2.853923440000187 ], [ 36.36562093100008, 2.855027755000151 ], [ 36.365253449000079, 2.856047034000028 ], [ 36.364887238000051, 2.857235551000031 ], [ 36.363932133000162, 2.858600706000118 ], [ 36.363025665000123, 2.859608292000189 ], [ 36.362287521000155, 2.860111117000145 ], [ 36.361640930000021, 2.86084938 ], [ 36.360552788000064, 2.861456811000096 ], [ 36.359365463000131, 2.861863375000155 ], [ 36.358184052000183, 2.861993122000115 ], [ 36.357188415000167, 2.862321520000137 ], [ 36.356018829000163, 2.862658262000082 ], [ 36.354596138000147, 2.862747967000132 ], [ 36.353487015000155, 2.862514256999987 ], [ 36.352670669000076, 2.862531662000094 ], [ 36.351357460000031, 2.862966657000129 ], [ 36.350098928000193, 2.86319883699997 ], [ 36.349124908000078, 2.863225222000096 ], [ 36.348257065000098, 2.863242626000158 ], [ 36.347427368000126, 2.863242626000158 ], [ 36.346459707000065, 2.863456726000095 ], [ 36.345391273000132, 2.863938987000097 ], [ 36.34414386800006, 2.86458796300019 ], [ 36.342556318000163, 2.865327537000098 ], [ 36.341302872000028, 2.865848541 ], [ 36.34060796100016, 2.866210938000052 ], [ 36.338975429000072, 2.866960794000136 ], [ 36.337846120000165, 2.867784500000084 ], [ 36.337095260000012, 2.868103503999976 ], [ 36.336250305000192, 2.868644237000069 ], [ 36.335069929000042, 2.869409255000107 ], [ 36.333831787000122, 2.87004375500004 ], [ 36.333073934000026, 2.870403846000045 ], [ 36.331772804000025, 2.8707755800001 ], [ 36.33058853100016, 2.871118545000115 ], [ 36.329526901000065, 2.871494413000164 ], [ 36.328703409000127, 2.872031417000187 ], [ 36.327913284000033, 2.872311711000123 ], [ 36.326826731000153, 2.87266763100007 ], [ 36.326057434000177, 2.873050094000178 ], [ 36.325151444000142, 2.873370051000109 ], [ 36.323736191000194, 2.874037623000106 ], [ 36.322521210000161, 2.874658227000111 ], [ 36.321874619000027, 2.875108361000059 ], [ 36.321083069000053, 2.875449180999965 ], [ 36.320240021000131, 2.876043439000114 ], [ 36.319448470999987, 2.876519799000107 ], [ 36.318710327000019, 2.877031088000024 ], [ 36.318063736000113, 2.877507448000017 ], [ 36.317298889000142, 2.878219605000083 ], [ 36.316534042000171, 2.878866434000031 ], [ 36.315860748000091, 2.879286051 ], [ 36.314817429000186, 2.879631043000131 ], [ 36.313916206000101, 2.879594744000087 ], [ 36.312932586999978, 2.880146361000129 ], [ 36.312064362, 2.881018305000168 ], [ 36.310863495000035, 2.881886005000013 ], [ 36.310071945000118, 2.882454038000049 ], [ 36.309053421000044, 2.882873655000026 ], [ 36.308118820000061, 2.883441687000129 ], [ 36.306980133000081, 2.883986711000091 ], [ 36.306203842000059, 2.884512305000101 ], [ 36.305465698000091, 2.884905577000097 ], [ 36.30459060700008, 2.885486269000182 ], [ 36.303516388000105, 2.886041641000133 ], [ 36.302869797000142, 2.886461258000111 ], [ 36.302078247000054, 2.887029290000044 ], [ 36.301400503000082, 2.887398799000152 ], [ 36.300493240000094, 2.887899040999969 ], [ 36.29978815700008, 2.888448794999988 ], [ 36.298880894999968, 2.88866472300009 ], [ 36.297843932999967, 2.888637424000081 ], [ 36.297073364000084, 2.888434887000074 ], [ 36.2961795330001, 2.888391677000072 ], [ 36.295274099000153, 2.888218005999988 ], [ 36.293884277000075, 2.888308406000021 ], [ 36.292907715000126, 2.888452291000135 ], [ 36.292127609000033, 2.888487220000059 ], [ 36.291264852000154, 2.888642152000102 ], [ 36.290331523000134, 2.889124711000136 ], [ 36.289503098000068, 2.889485121000121 ], [ 36.288568497000085, 2.889786720000131 ], [ 36.286948840000093, 2.89027220000014 ], [ 36.285403442000131, 2.890944623999985 ], [ 36.28443908700018, 2.891447187000097 ], [ 36.283491135000077, 2.891890764000152 ], [ 36.282823563000136, 2.892458796000028 ], [ 36.282222748000038, 2.89309251300017 ], [ 36.281497955000191, 2.89388346700008 ], [ 36.280852000000152, 2.894963582000173 ], [ 36.280485153000086, 2.895655393000141 ], [ 36.279884337999988, 2.896289110000055 ], [ 36.279092789000174, 2.896922708000091 ], [ 36.278301239000029, 2.897490740000023 ], [ 36.277667999000016, 2.898314595000045 ], [ 36.276926824999975, 2.899377972000025 ], [ 36.27649879400019, 2.900086522000038 ], [ 36.275865555000109, 2.900811792000184 ], [ 36.275327682000125, 2.901635528000099 ], [ 36.274618784000097, 2.902669589000141 ], [ 36.274061203000031, 2.903313637000167 ], [ 36.273316193000028, 2.904119301000037 ], [ 36.272512436000056, 2.904895544000055 ], [ 36.27205181100004, 2.90566122600012 ], [ 36.271244049000188, 2.906700373000035 ], [ 36.270643234000147, 2.907646179000153 ], [ 36.270296097000085, 2.908502817000169 ], [ 36.269727707000129, 2.909260988000085 ], [ 36.269433340000035, 2.910020749000182 ], [ 36.268999100000144, 2.911176086000125 ], [ 36.268800100000192, 2.912274917000161 ], [ 36.268554687000062, 2.913534641000126 ], [ 36.268432617000087, 2.914673090000065 ], [ 36.268302917000028, 2.915717483000094 ], [ 36.268184662000067, 2.916778386000033 ], [ 36.268037160000119, 2.918040514000154 ], [ 36.267702103000033, 2.919259191000037 ], [ 36.267587026, 2.92011245100008 ], [ 36.267169952000131, 2.921693484000059 ], [ 36.266899109000065, 2.922458410000104 ], [ 36.266517639000085, 2.923296571000094 ], [ 36.266412735000131, 2.924113870000156 ], [ 36.266063690000124, 2.925020377000124 ], [ 36.265563965000069, 2.926224947000094 ], [ 36.265100479000068, 2.926884293000114 ], [ 36.264820099000133, 2.927638410999975 ], [ 36.264305115000184, 2.928486109000175 ], [ 36.263674418000107, 2.929427147000013 ], [ 36.263248444000055, 2.930078507000076 ], [ 36.262691498000152, 2.930916786000068 ], [ 36.262453079000068, 2.93190968 ], [ 36.262092590000179, 2.932891011000095 ], [ 36.261630376000085, 2.934580386000164 ], [ 36.261320114, 2.935998440000105 ], [ 36.261098861999983, 2.937110662000123 ], [ 36.260923385000126, 2.93828868900016 ], [ 36.260923385000126, 2.939487696000128 ], [ 36.26071739200006, 2.941038013000082 ], [ 36.260882377000144, 2.942612052000186 ], [ 36.260869980000052, 2.943854690000137 ], [ 36.260852813000156, 2.944914818000086 ], [ 36.260852813000156, 2.946222305000049 ], [ 36.260718028000099, 2.947279056000127 ], [ 36.260679245000176, 2.948130131000141 ], [ 36.260500590000049, 2.949042003000102 ], [ 36.260375023000051, 2.950176954000142 ], [ 36.259862900000087, 2.951760888000081 ], [ 36.259221077000177, 2.953265607000162 ], [ 36.258853913000166, 2.954462608000142 ], [ 36.258501689000127, 2.955652635000092 ], [ 36.258312225000111, 2.956914663000077 ], [ 36.25828170800014, 2.958292166000092 ], [ 36.258245468000155, 2.959056020000048 ], [ 36.258095318000187, 2.960277673000178 ], [ 36.257654190000096, 2.961457253000049 ], [ 36.25714874300013, 2.962392521000027 ], [ 36.256604830000128, 2.963734666000107 ], [ 36.256153107000159, 2.96501382200006 ], [ 36.255678558000056, 2.965711880000129 ], [ 36.254854202000047, 2.96646583100005 ], [ 36.254053116000023, 2.966273367000099 ], [ 36.254028956000184, 2.964954952000028 ], [ 36.254700470000159, 2.963836622000031 ], [ 36.255195618000073, 2.962993860000097 ], [ 36.255541801000049, 2.961960554000029 ], [ 36.255655289000174, 2.960832476000178 ], [ 36.255655289000174, 2.960065722000138 ], [ 36.255655289000174, 2.959265351000056 ], [ 36.255428314000142, 2.958448171000157 ], [ 36.255094528000029, 2.957647680999969 ], [ 36.254921073000162, 2.956209849000061 ], [ 36.254518509000093, 2.955057144000136 ], [ 36.253805071000045, 2.954158157000109 ], [ 36.253260295000075, 2.953592300000082 ], [ 36.252311230000146, 2.952903003000188 ], [ 36.251224518000129, 2.952213129000086 ], [ 36.250496773000066, 2.95195778700014 ], [ 36.249576638, 2.951550349000172 ], [ 36.248685201000058, 2.95101594900018 ], [ 36.247702462, 2.950516735000065 ], [ 36.246709824000163, 2.950558722000096 ], [ 36.245684306000044, 2.951011340000036 ], [ 36.244916970000133, 2.951684331000024 ], [ 36.243881226000042, 2.952232361000085 ], [ 36.243036270000118, 2.95284295099998 ], [ 36.242272377000063, 2.95330059500003 ], [ 36.241029740000045, 2.954257607000159 ], [ 36.240165710000099, 2.954967578000037 ], [ 36.239046097000141, 2.955631494000045 ], [ 36.238027573000068, 2.956415176000064 ], [ 36.236826579000137, 2.957132340000044 ], [ 36.235634804000028, 2.957723200000089 ], [ 36.234323501000176, 2.958267331000116 ], [ 36.233325958000137, 2.958460808000041 ], [ 36.23222986900015, 2.958279371 ], [ 36.231273651000038, 2.957855225000117 ], [ 36.230500222000103, 2.957662761000165 ], [ 36.229656619000025, 2.957970749000083 ], [ 36.228570461000061, 2.958353907000173 ], [ 36.227552790000118, 2.959044937000158 ], [ 36.22646141000007, 2.95929586900013 ], [ 36.225168705000158, 2.959208846000081 ], [ 36.224863688000028, 2.958216667000158 ], [ 36.225037893000149, 2.957417568000039 ], [ 36.224780628000076, 2.956604409000022 ], [ 36.223973274000059, 2.956155658000057 ], [ 36.223061879000056, 2.956053655000062 ], [ 36.22228050200016, 2.956366897000066 ], [ 36.22167396500015, 2.956852794000042 ], [ 36.221041870000192, 2.957425070000113 ], [ 36.220172119000097, 2.958208084000091 ], [ 36.219434738000075, 2.958857655000088 ], [ 36.218417168000087, 2.95948362300004 ], [ 36.216991425000174, 2.959969282000145 ], [ 36.215902328000027, 2.96029269700017 ], [ 36.21480484000017, 2.960521507000067 ], [ 36.213726044000055, 2.960699797000075 ], [ 36.212763786000039, 2.960974574000033 ], [ 36.211658478000061, 2.961267113000133 ], [ 36.210422198000117, 2.961481472 ], [ 36.209226608000108, 2.961707354000055 ], [ 36.208311081000147, 2.961727739000082 ], [ 36.207445145000065, 2.961839557000076 ], [ 36.20649910000003, 2.961727739000082 ], [ 36.205460866000124, 2.961855491000165 ], [ 36.204637528000035, 2.962033033000125 ], [ 36.203691483000171, 2.962246656000104 ], [ 36.202789306000057, 2.962460041000099 ], [ 36.202025096000057, 2.962756077000051 ], [ 36.201257706000149, 2.963071108000122 ], [ 36.200553894000166, 2.963561614000184 ], [ 36.199630737000064, 2.964058280000074 ], [ 36.198960309000029, 2.964554352000107 ], [ 36.198178609000024, 2.965046644000154 ], [ 36.197278977, 2.965686560000165 ], [ 36.196485519000078, 2.966276884000138 ], [ 36.195722580000108, 2.96692824400003 ], [ 36.195062002000157, 2.967637539000179 ], [ 36.194246292000173, 2.968261361000089 ], [ 36.193288803000087, 2.968841553000175 ], [ 36.192451477000077, 2.969245275000162 ], [ 36.191230774000076, 2.969335288000082 ], [ 36.18956470500018, 2.968678713000031 ], [ 36.188292185000194, 2.968688806000046 ], [ 36.187192917, 2.968541324000114 ], [ 36.186277389000111, 2.968119025000078 ], [ 36.185405731000117, 2.968003273000079 ], [ 36.184324264000054, 2.968037486000128 ], [ 36.183506012000066, 2.968038559000149 ], [ 36.182582092000189, 2.967956351999987 ], [ 36.18170738200007, 2.967823744000043 ], [ 36.180779567000172, 2.967581815000187 ], [ 36.179832458000021, 2.96731821700007 ], [ 36.178753853000046, 2.96741396200008 ], [ 36.177387238000051, 2.967691541000022 ], [ 36.176446914000053, 2.967884898000136 ], [ 36.175301552000121, 2.968078256000126 ], [ 36.174002074999976, 2.968497181000089 ], [ 36.172721863000106, 2.968785524000054 ], [ 36.171806336000145, 2.969106078000095 ], [ 36.170796966000125, 2.969151735000082 ], [ 36.169556618000172, 2.968973816000187 ], [ 36.168202400000041, 2.968378425000026 ], [ 36.166616058000045, 2.967793703000154 ], [ 36.165454864000083, 2.967650771000024 ], [ 36.164682388000074, 2.967671156000051 ], [ 36.163603783000099, 2.967784047000066 ], [ 36.162199402000169, 2.968261099000074 ], [ 36.160845946999984, 2.968747282000095 ], [ 36.16003227200008, 2.969045639000171 ], [ 36.159138680000069, 2.969178617000182 ], [ 36.158100128000115, 2.969241858000146 ], [ 36.157302856000058, 2.969241858000146 ], [ 36.156469345000062, 2.969224453000038 ], [ 36.155484517000161, 2.969193458000063 ], [ 36.154451752000057, 2.969339895000189 ], [ 36.153499603000057, 2.969626129000062 ], [ 36.152703094000117, 2.969694853000078 ], [ 36.151674906000153, 2.969727039000077 ], [ 36.150819779000187, 2.969655752000108 ], [ 36.149695078000093, 2.969712019000042 ], [ 36.148338636000119, 2.969726721000029 ], [ 36.147054672000138, 2.969737172000123 ], [ 36.146274567000148, 2.96984386400004 ], [ 36.145426432000079, 2.9698424340001 ], [ 36.144662857000014, 2.969889760000115 ], [ 36.143415833000063, 2.970075703000134 ], [ 36.142092387000162, 2.970227639000086 ], [ 36.141292572000168, 2.970498204000023 ], [ 36.140367508000168, 2.970533073000126 ], [ 36.139024735000191, 2.970480084000087 ], [ 36.138062795000167, 2.970263163000027 ], [ 36.137102146000188, 2.969765911000081 ], [ 36.136427561000062, 2.96933349000011 ], [ 36.135717392000174, 2.968733708 ], [ 36.13478851300016, 2.968273560000171 ], [ 36.133815765000122, 2.968517876000135 ], [ 36.133328597000173, 2.969527741000093 ], [ 36.133641561000104, 2.970717827000158 ], [ 36.134429932000046, 2.971623560000012 ], [ 36.135374069000079, 2.972564340000076 ], [ 36.135996819000127, 2.973613620000037 ], [ 36.136203766000108, 2.974550486000112 ], [ 36.136212667000052, 2.975765466999974 ], [ 36.136323929000184, 2.97708698100007 ], [ 36.136690775000147, 2.978001753000115 ], [ 36.13718058000012, 2.978764098000056 ], [ 36.137485504000097, 2.979617516000133 ], [ 36.137285868000106, 2.980444590000161 ], [ 36.136436462000177, 2.980625153000119 ], [ 36.135323842000105, 2.98003526500014 ], [ 36.134419054000034, 2.979336590000173 ], [ 36.13356208800019, 2.978797913000051 ], [ 36.132682037000109, 2.978119850000041 ], [ 36.132089615000154, 2.977292657000078 ], [ 36.131581116000064, 2.976541328000167 ], [ 36.13105392500006, 2.975765944000102 ], [ 36.130059281000172, 2.975347611000075 ], [ 36.129286766000121, 2.975713730000052 ], [ 36.129078865000054, 2.976496816 ], [ 36.129245758000081, 2.977291902000104 ], [ 36.129463959000134, 2.978167343000109 ], [ 36.129673004000097, 2.979218403000061 ], [ 36.129833221000126, 2.979971742000146 ], [ 36.129772186000139, 2.981168151000077 ], [ 36.129047394000054, 2.981829643000083 ], [ 36.128196716000161, 2.981570125000133 ], [ 36.12712574, 2.980893642000183 ], [ 36.12594318400005, 2.980167687000062 ], [ 36.124623108000094, 2.980313635000073 ], [ 36.123860930999967, 2.981172609000112 ], [ 36.12370681800013, 2.9821859 ], [ 36.123863220000089, 2.98309159300004 ], [ 36.124156952000078, 2.984138346000066 ], [ 36.124448776000065, 2.985435009000184 ], [ 36.124496460000103, 2.98644590400005 ], [ 36.124521255000104, 2.987432837000085 ], [ 36.124473572000113, 2.988254190000077 ], [ 36.124635697000144, 2.989051938000046 ], [ 36.124683380000079, 2.990113377000171 ], [ 36.124972026000194, 2.991276900000059 ], [ 36.125293732000159, 2.992297053000016 ], [ 36.125643412000102, 2.992991527000129 ], [ 36.126045227000077, 2.994031310000082 ], [ 36.126295724999977, 2.995393912 ], [ 36.12658049800001, 2.996570043000077 ], [ 36.126703262000035, 2.997462392000102 ], [ 36.126878103000024, 2.998449961 ], [ 36.126842499000134, 2.999483824000038 ], [ 36.127013207000061, 3.000754774000029 ], [ 36.12704277000006, 3.001658559000134 ], [ 36.127298355000164, 3.002517104 ], [ 36.127630234000037, 3.003467321000187 ], [ 36.127931595000177, 3.00429606400013 ], [ 36.128293991000135, 3.005051136000077 ], [ 36.128896714000177, 3.005850077000161 ], [ 36.12987431900018, 3.007074386000113 ], [ 36.130421956000077, 3.008025964000183 ], [ 36.131038666000109, 3.009031177000111 ], [ 36.13161064000019, 3.010021771000027 ], [ 36.132594299000118, 3.011208868000097 ], [ 36.133480072000168, 3.011684299000081 ], [ 36.134354159000111, 3.012138529000026 ], [ 36.135613251000166, 3.012987614 ], [ 36.13629891700009, 3.013857101000099 ], [ 36.136481637000088, 3.014751905000082 ], [ 36.136501312, 3.016177118000144 ], [ 36.136374474000036, 3.017608762000066 ], [ 36.136268616000109, 3.01857701900002 ], [ 36.136236827000062, 3.019487858000161 ], [ 36.136252085000081, 3.020272652000074 ], [ 36.136548042000186, 3.021189690000085 ], [ 36.136871338000105, 3.022057176000089 ], [ 36.13728387000009, 3.023177045000125 ], [ 36.137250900000026, 3.024100900000064 ], [ 36.136939239000128, 3.02488751400017 ], [ 36.136558533000027, 3.026208401000133 ], [ 36.136455536000142, 3.0273084640001 ], [ 36.136568069000134, 3.02858005000013 ], [ 36.136931419000177, 3.029877365000118 ], [ 36.137313843000186, 3.030564904000073 ], [ 36.13788414000004, 3.031456232000096 ], [ 36.138511658000084, 3.03222906600007 ], [ 36.139230728000086, 3.033082604000185 ], [ 36.139882406000027, 3.034379602 ], [ 36.140410106000161, 3.035669724 ], [ 36.1406211850001, 3.036576192000041 ], [ 36.140859604000013, 3.037456155000143 ], [ 36.140847778000136, 3.038615990000096 ], [ 36.140863419000084, 3.039745450000112 ], [ 36.141034444000127, 3.040829897000037 ], [ 36.141307831000063, 3.042117596000082 ], [ 36.141664505000108, 3.043500066000036 ], [ 36.141862869000192, 3.044882655000151 ], [ 36.142026901000065, 3.046301126000174 ], [ 36.142063141000051, 3.047882676000143 ], [ 36.142026901000065, 3.049301028000059 ], [ 36.142099380000104, 3.050882697000077 ], [ 36.142099380000104, 3.052500010000074 ], [ 36.142218590000027, 3.05382543800016 ], [ 36.142225266000025, 3.055500031000065 ], [ 36.142080307000072, 3.056367755000053 ], [ 36.142026901000065, 3.057867169000133 ], [ 36.141664505000108, 3.059056044000044 ], [ 36.14114379900019, 3.060097138000174 ], [ 36.140510559000177, 3.060899854000183 ], [ 36.139888763999977, 3.061494708000168 ], [ 36.139297484999986, 3.062091827000131 ], [ 36.139181519000033, 3.063207674000182 ], [ 36.139654159000031, 3.06426513200006 ], [ 36.139852524, 3.065249682000172 ], [ 36.139888763999977, 3.066239476000021 ], [ 36.140016556000091, 3.067331553000031 ], [ 36.140052795000145, 3.068285465000088 ], [ 36.14008903500013, 3.069239497000183 ], [ 36.14008903500013, 3.070060849000072 ], [ 36.140253703000099, 3.070906321000052 ], [ 36.140869459000044, 3.072585980000042 ], [ 36.141736984000147, 3.073458791000064 ], [ 36.142786980000153, 3.073851586000103 ], [ 36.143909454000152, 3.073530436 ], [ 36.144899368000154, 3.073530436 ], [ 36.145889282000155, 3.073530436 ], [ 36.146936608000146, 3.073966897000162 ], [ 36.147701264000148, 3.074479221999979 ], [ 36.148328781000146, 3.075112105000073 ], [ 36.14868418400016, 3.075908502000118 ], [ 36.149082184, 3.076887369000019 ], [ 36.149444580000193, 3.077642321000155 ], [ 36.150096893000068, 3.078278541000032 ], [ 36.15106773399998, 3.079305649000105 ], [ 36.151676178000059, 3.080500365000034 ], [ 36.151908874000128, 3.081433892000064 ], [ 36.152084350999985, 3.082453489000159 ], [ 36.152290344000107, 3.083835661000137 ], [ 36.152492523000035, 3.085043073000179 ], [ 36.152639389000115, 3.085806727000147 ], [ 36.15269724500007, 3.08669591000006 ], [ 36.152723312000035, 3.087663054000132 ], [ 36.15289878800013, 3.088680028999988 ], [ 36.152870178000114, 3.089874745000088 ], [ 36.152639389000115, 3.090808272000174 ], [ 36.152058919000012, 3.091820955 ], [ 36.151473045000046, 3.092646061999972 ], [ 36.150516510000045, 3.093436221000104 ], [ 36.149724960000071, 3.094270229000188 ], [ 36.149518967000176, 3.095028758000126 ], [ 36.149775823000141, 3.096262495000133 ], [ 36.149857839000163, 3.097577015000013 ], [ 36.150102615000151, 3.098868609000135 ], [ 36.150455475000058, 3.100293994000026 ], [ 36.150806427000134, 3.101897001000054 ], [ 36.150871277000192, 3.103084803000115 ], [ 36.151112556000157, 3.1054087280001 ], [ 36.151292801000068, 3.106922865000058 ], [ 36.151472092000063, 3.108067989000119 ], [ 36.151647567999987, 3.10946548000004 ], [ 36.151853561000109, 3.111038089000033 ], [ 36.152020772000185, 3.112421433000065 ], [ 36.152090073000124, 3.113457799000059 ], [ 36.152231216000189, 3.114619493000077 ], [ 36.152231216000189, 3.116247654000063 ], [ 36.152072906000058, 3.117366195000102 ], [ 36.151647567999987, 3.118895650000127 ], [ 36.151269913000135, 3.120090246000188 ], [ 36.15106773399998, 3.121459961000085 ], [ 36.151081085000101, 3.122886976000132 ], [ 36.150871277000192, 3.125206470000023 ], [ 36.150806427000134, 3.126261234000083 ], [ 36.150684357000159, 3.127314925000121 ], [ 36.150657654000156, 3.128270030000181 ], [ 36.150335312000152, 3.129898190000063 ], [ 36.150051116999975, 3.131577730000117 ], [ 36.149724960000071, 3.133129597 ], [ 36.149435042999983, 3.134674311000083 ], [ 36.149098714000161, 3.135973612000043 ], [ 36.148677826000153, 3.137294412000074 ], [ 36.14802042600013, 3.138678153000114 ], [ 36.147328138000034, 3.139935374000117 ], [ 36.146699905000162, 3.14072585100007 ], [ 36.146188100000188, 3.141672611000047 ], [ 36.145273209000095, 3.14326238600006 ], [ 36.144428253000171, 3.144454479 ], [ 36.143627484999968, 3.145556450000129 ], [ 36.142622630000062, 3.146610022000118 ], [ 36.142015457000184, 3.147102356000175 ], [ 36.14105415400013, 3.147657871000035 ], [ 36.139896393000186, 3.14828121700009 ], [ 36.139247894000107, 3.148880482000038 ], [ 36.138841629000126, 3.149722338000061 ], [ 36.138476054000193, 3.151055336000013 ], [ 36.13843345600003, 3.152109027000108 ], [ 36.13843345600003, 3.153478741000072 ], [ 36.138476054000193, 3.154642423000098 ], [ 36.138690949000079, 3.156098843000166 ], [ 36.139149666000151, 3.156988203000026 ], [ 36.139711380000051, 3.158485531999986 ], [ 36.140383720000102, 3.160349608000047 ], [ 36.140727997000056, 3.161658525000064 ], [ 36.141403198000091, 3.163317204000123 ], [ 36.142042160000187, 3.165267706 ], [ 36.142692566000164, 3.167082429000175 ], [ 36.143117905000111, 3.168210029000022 ], [ 36.143877029, 3.169924379000122 ], [ 36.144273758000054, 3.171078563000037 ], [ 36.144689560000188, 3.172227621000104 ], [ 36.145248413000161, 3.173819144000049 ], [ 36.145679474000019, 3.175428391000082 ], [ 36.146263123000097, 3.176826000000119 ], [ 36.146846771000071, 3.178484679000178 ], [ 36.147661209000148, 3.180843592000031 ], [ 36.148206075000076, 3.182372411000131 ], [ 36.148473740000156, 3.18348872700011 ], [ 36.148910523000097, 3.184886336000034 ], [ 36.149435042999983, 3.186517239000068 ], [ 36.149871826000151, 3.188089848000061 ], [ 36.150279999000077, 3.189809561000175 ], [ 36.150548935000131, 3.19099283200012 ], [ 36.150697708000109, 3.192327380000052 ], [ 36.150834402000044, 3.193193674000099 ], [ 36.15106773399998, 3.19464135200019 ], [ 36.151181221000058, 3.195787132000135 ], [ 36.151296616000081, 3.19751989800011 ], [ 36.151432037, 3.198831082000083 ], [ 36.15146255500008, 3.200071097000091 ], [ 36.151460012000143, 3.200875680000138 ], [ 36.15144538900006, 3.202062607000016 ], [ 36.151416778000112, 3.203690767000126 ], [ 36.151269913000135, 3.204885483 ], [ 36.151416778000112, 3.206430197000088 ], [ 36.151472092000063, 3.207708359000151 ], [ 36.151647567999987, 3.209050298000079 ], [ 36.151853561000109, 3.210328460000142 ], [ 36.152020772000185, 3.211482763000163 ], [ 36.15192031800018, 3.212743580000108 ], [ 36.151647567999987, 3.214112640000053 ], [ 36.151416778000112, 3.215276838000136 ], [ 36.151018574000034, 3.216804578000051 ], [ 36.150657654000156, 3.217638373000057 ], [ 36.150393168000164, 3.218452930000183 ], [ 36.149837494000167, 3.219708601999969 ], [ 36.149275780000039, 3.220711172000165 ], [ 36.148461024000142, 3.221833507000042 ], [ 36.147196452000117, 3.222847780000052 ], [ 36.146203613000125, 3.223477840000101 ], [ 36.144995689000041, 3.223399579000102 ], [ 36.143912241000123, 3.222517088000188 ], [ 36.142896652000161, 3.221185446000163 ], [ 36.142147809000107, 3.22018924300005 ], [ 36.141513825000061, 3.219469547000188 ], [ 36.141146985000091, 3.218746100000089 ], [ 36.140444438000145, 3.217782259000046 ], [ 36.14008903500013, 3.216907740000067 ], [ 36.14000511200004, 3.216121435000105 ], [ 36.139858246000131, 3.215304733000039 ], [ 36.140370820999976, 3.21441400100008 ], [ 36.141474724000147, 3.21405702800007 ], [ 36.142035167000017, 3.213406563000035 ], [ 36.142268658000091, 3.212232619000019 ], [ 36.142244339000115, 3.211261987 ], [ 36.141866684000036, 3.210503459000165 ], [ 36.141283035000185, 3.209864378000134 ], [ 36.140672684000037, 3.209253192000176 ], [ 36.139858246000131, 3.208847403000107 ], [ 36.139043808000054, 3.208641887000113 ], [ 36.138182831000165, 3.208759546000181 ], [ 36.137296677, 3.208930850000172 ], [ 36.136304855000049, 3.209280967999973 ], [ 36.135490417000142, 3.209511638000038 ], [ 36.134675979000065, 3.209717154000032 ], [ 36.133714676000011, 3.210011601000133 ], [ 36.13279914900005, 3.210093021000091 ], [ 36.131679535000103, 3.210272789000044 ], [ 36.130480448000128, 3.2105158170001 ], [ 36.129440308000028, 3.210678458000132 ], [ 36.128448486000025, 3.210881352000058 ], [ 36.127513886000145, 3.211289763000025 ], [ 36.126644135000049, 3.211698175000038 ], [ 36.12553215000014, 3.212076068000158 ], [ 36.124837874999969, 3.212456584 ], [ 36.124023437000119, 3.212631702000124 ], [ 36.122553507000191, 3.212911288000157 ], [ 36.121313095, 3.213093042000082 ], [ 36.120498657000155, 3.213473558000146 ], [ 36.119657517000178, 3.213937640000154 ], [ 36.119010925000168, 3.214462678000075 ], [ 36.118290710000167, 3.215305710000052 ], [ 36.117427508000162, 3.21656880800009 ], [ 36.116483688000017, 3.217519045000131 ], [ 36.115520477000189, 3.218249678000063 ], [ 36.114650726000093, 3.218886018000148 ], [ 36.113660813000138, 3.219497322999985 ], [ 36.112571716, 3.220138153000107 ], [ 36.111679077000133, 3.22046136900002 ], [ 36.110837936000109, 3.22081136700001 ], [ 36.109725952000076, 3.220894814000076 ], [ 36.108856201000151, 3.221072555000148 ], [ 36.107868195000151, 3.221072555000148 ], [ 36.106847763000076, 3.220867038000108 ], [ 36.105939229000057, 3.220818281000049 ], [ 36.105072022000115, 3.220692039000085 ], [ 36.104139328000088, 3.220636368000044 ], [ 36.10329437300004, 3.22046136900002 ], [ 36.10247993500019, 3.22046136900002 ], [ 36.101694107000185, 3.22046136900002 ], [ 36.100576782000189, 3.220580292000022 ], [ 36.098964373000058, 3.221179327000073 ], [ 36.097709020000025, 3.221734504000096 ], [ 36.096165657000142, 3.221886754000082 ], [ 36.094767761000128, 3.222319555000126 ], [ 36.093633652000165, 3.223023057000034 ], [ 36.092453956999975, 3.223560691000102 ], [ 36.091127396000104, 3.223809362 ], [ 36.090227127000105, 3.223809362 ], [ 36.089412689000085, 3.22368991400009 ], [ 36.088626862000126, 3.22368991400009 ], [ 36.087841034000121, 3.223865032000163 ], [ 36.087008158000174, 3.224411170000053 ], [ 36.086189270000091, 3.22504048400009 ], [ 36.084959984000136, 3.225597322000169 ], [ 36.083881378000058, 3.225523710000118 ], [ 36.082918167000059, 3.225318193000078 ], [ 36.082048416000134, 3.225234747000059 ], [ 36.081058502000133, 3.225234747000059 ], [ 36.080011368000157, 3.225234747000059 ], [ 36.078845978000174, 3.225234747000059 ], [ 36.077651977000073, 3.225234747000059 ], [ 36.076429367000173, 3.225318193000078 ], [ 36.075265884000089, 3.225643158000025 ], [ 36.074218750000114, 3.225845933000016 ], [ 36.073267619000035, 3.226035754000179 ], [ 36.071886063000136, 3.226485014000048 ], [ 36.070692062000035, 3.227068424000038 ], [ 36.069422404000136, 3.227641185000039 ], [ 36.068481445000145, 3.228113293000035 ], [ 36.067667008000171, 3.228843927000128 ], [ 36.06667577900015, 3.229745294000168 ], [ 36.065917969000168, 3.230269313000065 ], [ 36.065067291000105, 3.231055498000046 ], [ 36.063707352000108, 3.231869698000082 ], [ 36.062660217000087, 3.232658625000056 ], [ 36.061463674000095, 3.233426014999964 ], [ 36.060503006000033, 3.234084010000174 ], [ 36.059339523000119, 3.234692573000132 ], [ 36.058061599999974, 3.235451102000127 ], [ 36.056467692000069, 3.236257315000103 ], [ 36.055496216000165, 3.236701369000059 ], [ 36.054753957000116, 3.237137833000133 ], [ 36.053462982000156, 3.237690568000119 ], [ 36.052196503000118, 3.238249636000035 ], [ 36.051643372000058, 3.239017725000053 ], [ 36.051475525000114, 3.30024969599998 ], [ 36.051333109000097, 3.343083858000114 ], [ 36.051330566000104, 3.344430804000183 ], [ 36.051294327000051, 3.374253512000166 ], [ 36.051105499000073, 3.430072188999986 ], [ 36.051042557000187, 3.480532646000086 ], [ 36.051040649000015, 3.482506871000055 ], [ 36.050655365000125, 3.64965128900019 ], [ 36.050498963000166, 3.67712485800007 ], [ 36.05044301300012, 3.737437725000177 ], [ 36.050283432000185, 3.779731274000028 ], [ 36.049850464000031, 3.985228300000188 ], [ 36.049674988000106, 4.028295279000076 ], [ 36.049640656000122, 4.056281805000026 ], [ 36.04963874800012, 4.065865993000102 ], [ 36.049623490000101, 4.131873131000134 ], [ 36.049495697000111, 4.263097286000118 ], [ 36.049491882000041, 4.27867937100001 ], [ 36.049631119000139, 4.298511505000135 ], [ 36.050304409000034, 4.451455597000177 ], [ 36.05047607400013, 4.455078125000057 ], [ 35.998474121000072, 4.497924805000139 ], [ 35.977478027000132, 4.516479492000144 ], [ 35.974487305000139, 4.519287109 ], [ 35.973876953000058, 4.519897461000085 ], [ 35.972290039000029, 4.521301270000151 ], [ 35.942871094000111, 4.547302246000129 ], [ 35.963684082000043, 4.564880371000129 ], [ 35.963073730000133, 4.576477051000097 ], [ 35.942077637000125, 4.581115722999982 ], [ 35.939697266000053, 4.584472656 ], [ 35.939270020000095, 4.58929443400018 ], [ 35.939880371000015, 4.592285156 ], [ 35.942687988000102, 4.603271484000061 ], [ 35.947509766000053, 4.624328612999989 ], [ 35.949890137000125, 4.628479004000155 ], [ 35.922302246000186, 4.641113281 ], [ 35.921508788999972, 4.643127441000047 ], [ 35.921081543000184, 4.646911621000186 ], [ 35.921081543000184, 4.650512695000032 ], [ 35.920898437000119, 4.655700684000067 ], [ 35.921081543000184, 4.659729004000098 ], [ 35.921081543000184, 4.664306641000053 ], [ 35.920898437000119, 4.666687012000068 ], [ 35.921081543000184, 4.66931152300009 ], [ 35.921508788999972, 4.672119141000053 ], [ 35.921875000000171, 4.676086426000097 ], [ 35.922119141000053, 4.678100586000141 ], [ 35.921875000000171, 4.681274414000029 ], [ 35.921691895000038, 4.683105469000111 ], [ 35.921691895000038, 4.685729980000076 ], [ 35.921875000000171, 4.689086914000029 ], [ 35.921875000000171, 4.692077637000125 ], [ 35.921691895000038, 4.694885254000155 ], [ 35.92132568400001, 4.69812011700003 ], [ 35.920898437000119, 4.700927734000061 ], [ 35.920471191000104, 4.704284668000184 ], [ 35.920104980000076, 4.706909180000082 ], [ 35.919494629000155, 4.709716797000112 ], [ 35.919128418000128, 4.712280273000147 ], [ 35.918701172000112, 4.714477539000029 ], [ 35.918090820000089, 4.717285156000059 ], [ 35.918090820000089, 4.720886230000133 ], [ 35.917724609000061, 4.72290039100011 ], [ 35.917297363000046, 4.725524902000075 ], [ 35.91687011700003, 4.728881836000028 ], [ 35.916320801000097, 4.732727051000097 ], [ 35.915893555000082, 4.73571777300009 ], [ 35.915100098000039, 4.738708496000015 ], [ 35.91491699200003, 4.74328613299997 ], [ 35.91491699200003, 4.747924805000082 ], [ 35.914306641000053, 4.753295898000147 ], [ 35.913696288999972, 4.758483887000125 ], [ 35.913696288999972, 4.762878418000014 ], [ 35.912902832000157, 4.770080566000161 ], [ 35.912475586000141, 4.774719238000102 ], [ 35.911926269999981, 4.778686522999976 ], [ 35.911926269999981, 4.781677246000072 ], [ 35.912109375000171, 4.78430175799997 ], [ 35.911926269999981, 4.787719727000081 ], [ 35.911682129000155, 4.790283203000115 ], [ 35.911682129000155, 4.791870117000144 ], [ 35.911071777000075, 4.79510498000019 ], [ 35.910888672000112, 4.799072266000167 ], [ 35.910522461000141, 4.804321289000029 ], [ 35.910095215000126, 4.809875488000159 ], [ 35.909118652000075, 4.815307617000087 ], [ 35.908325195000032, 4.820129395000095 ], [ 35.907470703000058, 4.826110840000183 ], [ 35.906921387000068, 4.830688477000137 ], [ 35.906494141000053, 4.835876465000069 ], [ 35.905090332000157, 4.842285156000173 ], [ 35.904479980000133, 4.847473145000151 ], [ 35.903503418000128, 4.853881836000085 ], [ 35.902099609000061, 4.858520508000026 ], [ 35.901123047000112, 4.861877441000047 ], [ 35.900695801000097, 4.864318848000153 ], [ 35.900329590000069, 4.866699219 ], [ 35.899719238000046, 4.870910645000151 ], [ 35.899108887000068, 4.873901367000144 ], [ 35.898681641000053, 4.877319336000028 ], [ 35.897888184000067, 4.880493164000086 ], [ 35.897094727000024, 4.883911133000026 ], [ 35.896301270000038, 4.888305664000086 ], [ 35.894897461000141, 4.891479491999974 ], [ 35.893310547000112, 4.894470215000069 ], [ 35.89147949200003, 4.8972778320001 ], [ 35.890319824000187, 4.899291992000144 ], [ 35.887878418000128, 4.90252685500019 ], [ 35.885681152000075, 4.905883789000143 ], [ 35.881896973000039, 4.910522461000085 ], [ 35.879272461000141, 4.913879394999981 ], [ 35.876525879000098, 4.917297362999989 ], [ 35.873474121000186, 4.919921875000114 ], [ 35.869873047000112, 4.922302246000129 ], [ 35.866882324000187, 4.924316406000173 ], [ 35.863708496000129, 4.92608642600004 ], [ 35.860107422000112, 4.927673340000069 ], [ 35.855895996000129, 4.928710937000062 ], [ 35.852111816000047, 4.929687500000114 ], [ 35.848327637000182, 4.930480957000157 ], [ 35.845520020000151, 4.931518555000025 ], [ 35.842712402000188, 4.932128906000173 ], [ 35.840087891000053, 4.933471680000082 ], [ 35.838073730000076, 4.934692383000083 ], [ 35.836303711000085, 4.936096191000047 ], [ 35.835693359000061, 4.93688964800009 ], [ 35.835083008000083, 4.937683105000076 ], [ 35.834716797000056, 4.939270020000038 ], [ 35.834716797000056, 4.941101074000187 ], [ 35.835083008000083, 4.943298340000069 ], [ 35.835083008000083, 4.945678711000141 ], [ 35.835327148000033, 4.952270508000083 ], [ 35.835510254000098, 4.957275391000053 ], [ 35.835693359000061, 4.962707519999981 ], [ 35.835693359000061, 4.968505859000061 ], [ 35.835876465000069, 4.97210693400001 ], [ 35.836120605000019, 4.976318359000061 ], [ 35.8367309570001, 4.982482910000044 ], [ 35.837097168000128, 4.988708496000186 ], [ 35.837707520000151, 4.994323730000076 ], [ 35.838684082000157, 4.999877930000082 ], [ 35.839721680000025, 5.005126953000172 ], [ 35.840881348000039, 5.009887695000089 ], [ 35.841308594000054, 5.012878418000184 ], [ 35.841674805000082, 5.016296387000068 ], [ 35.841308594000054, 5.020324707000157 ], [ 35.841308594000054, 5.02429199200003 ], [ 35.841125488000159, 5.026672363000102 ], [ 35.841308594000054, 5.029296875000171 ], [ 35.841308594000054, 5.031677246000015 ], [ 35.841308594000054, 5.03430175800014 ], [ 35.841125488000159, 5.037719727000024 ], [ 35.841491699000187, 5.040893555000082 ], [ 35.841308594000054, 5.043884277000075 ], [ 35.841308594000054, 5.048095703000058 ], [ 35.841674805000082, 5.050720215000126 ], [ 35.841918945000032, 5.052917480000133 ], [ 35.842285156, 5.055725098000039 ], [ 35.842529297000056, 5.058105469000111 ], [ 35.842712402000188, 5.060729980000076 ], [ 35.843078613000046, 5.063476562000176 ], [ 35.843322754000098, 5.066711426000097 ], [ 35.843322754000098, 5.069519043000184 ], [ 35.843078613000046, 5.072509766000053 ], [ 35.843322754000098, 5.075683594000111 ], [ 35.843322754000098, 5.078674316000161 ], [ 35.843688965000069, 5.08227539100011 ], [ 35.844116211000085, 5.085876465000183 ], [ 35.844726562000062, 5.089294434000067 ], [ 35.84509277300009, 5.092285156000116 ], [ 35.845886230000076, 5.095275879000042 ], [ 35.846679687000119, 5.098693848000096 ], [ 35.84710693400018, 5.101501465000183 ], [ 35.847717285000158, 5.104309082000043 ], [ 35.848510742000144, 5.107910156000059 ], [ 35.849121094000054, 5.111694336000028 ], [ 35.850280762000068, 5.116699219000168 ], [ 35.851074219000054, 5.121093750000057 ], [ 35.851684570000032, 5.125488281000116 ], [ 35.852111816000047, 5.129516602000081 ], [ 35.852111816000047, 5.130676270000095 ], [ 35.852478027000075, 5.132080078000115 ], [ 35.852722168000071, 5.133117676000154 ], [ 35.852905273000033, 5.134704590000183 ], [ 35.852905273000033, 5.137084961000028 ], [ 35.852905273000033, 5.139526367000087 ], [ 35.852905273000033, 5.142517090000183 ], [ 35.853088379000098, 5.144287109000174 ], [ 35.853088379000098, 5.146301270000095 ], [ 35.853271484000061, 5.147705078000058 ], [ 35.853698730000076, 5.148925781000116 ], [ 35.854492187000062, 5.15008544900013 ], [ 35.85491943400018, 5.151489258000026 ], [ 35.855285645000038, 5.153076172000056 ], [ 35.855529785000158, 5.154907227000081 ], [ 35.855285645000038, 5.157104492000087 ], [ 35.855529785000158, 5.158874512000182 ], [ 35.855712891, 5.160888672000056 ], [ 35.855712891, 5.162475586000085 ], [ 35.855529785000158, 5.164123535000101 ], [ 35.855285645000038, 5.16571044900013 ], [ 35.854675293000128, 5.167480469 ], [ 35.8543090820001, 5.169128418000014 ], [ 35.853698730000076, 5.171081543000071 ], [ 35.852905273000033, 5.172912598000153 ], [ 35.852478027000075, 5.174682617000144 ], [ 35.852294922000112, 5.176696777000132 ], [ 35.852111816000047, 5.178894043000071 ], [ 35.852478027000075, 5.181274414000086 ], [ 35.853088379000098, 5.183471680000025 ], [ 35.853881836000141, 5.185302734000174 ], [ 35.854492187000062, 5.187072754000042 ], [ 35.855102539000143, 5.188903809000124 ], [ 35.855285645000038, 5.190917969000168 ], [ 35.855102539000143, 5.192504883000026 ], [ 35.854675293000128, 5.194519043000071 ], [ 35.854125976999967, 5.196289063000108 ], [ 35.853607178000118, 5.197814941000104 ], [ 35.852905273000033, 5.199707031000116 ], [ 35.852294922000112, 5.201110840000013 ], [ 35.851684570000032, 5.202514647999976 ], [ 35.851074219000054, 5.203674316000047 ], [ 35.850891113000046, 5.205078125000114 ], [ 35.850524902000188, 5.206909179999968 ], [ 35.850280762000068, 5.208923340000183 ], [ 35.850280762000068, 5.210693359000174 ], [ 35.850097656000173, 5.212280273000033 ], [ 35.84991455100004, 5.2136840820001 ], [ 35.849487305000025, 5.215087891000167 ], [ 35.848876953000172, 5.216674805000025 ], [ 35.848327637000182, 5.217895508000026 ], [ 35.847290039000143, 5.219726562 ], [ 35.846313476999967, 5.221313477000137 ], [ 35.844909668000128, 5.223083496000129 ], [ 35.843872070000032, 5.224487305000025 ], [ 35.842285156, 5.226928711000028 ], [ 35.841125488000159, 5.228881836000085 ], [ 35.840087891000053, 5.230285645000151 ], [ 35.839477539000143, 5.23211669900013 ], [ 35.838684082000157, 5.233886719000054 ], [ 35.838500977000024, 5.235473633000083 ], [ 35.838073730000076, 5.2371215820001 ], [ 35.837707520000151, 5.238708496000129 ], [ 35.836914062000062, 5.240112305000025 ], [ 35.836120605000019, 5.241516113000159 ], [ 35.835693359000061, 5.242919922000056 ], [ 35.835510254000098, 5.24432373000019 ], [ 35.835510254000098, 5.245727539000086 ], [ 35.835876465000069, 5.24749755900018 ], [ 35.836120605000019, 5.249328613000159 ], [ 35.8367309570001, 5.251098633000026 ], [ 35.83728027300009, 5.253479004000098 ], [ 35.837890625000114, 5.255920410000101 ], [ 35.838500977000024, 5.258300781000173 ], [ 35.838684082000157, 5.260498047000056 ], [ 35.839111328000115, 5.262878418000128 ], [ 35.839477539000143, 5.265686035000158 ], [ 35.839904785000158, 5.268127441 ], [ 35.840087891000053, 5.269897461000085 ], [ 35.840881348000039, 5.271728516000167 ], [ 35.841308594000054, 5.273071289000143 ], [ 35.841491699000187, 5.274719238000159 ], [ 35.841918945000032, 5.276123047000056 ], [ 35.842285156, 5.277709961000085 ], [ 35.843322754000098, 5.279296875000114 ], [ 35.844909668000128, 5.280883789000143 ], [ 35.846496582000157, 5.282287598000039 ], [ 35.847900391, 5.283874512000068 ], [ 35.849121094000054, 5.285278320000032 ], [ 35.850524902000188, 5.287109375000114 ], [ 35.851501465000069, 5.288696289000143 ], [ 35.852478027000075, 5.290527344000054 ], [ 35.852905273000033, 5.292114258000083 ], [ 35.853271484000061, 5.293701172000112 ], [ 35.853515625000114, 5.295288086000141 ], [ 35.853515625000114, 5.296508789000143 ], [ 35.852905273000033, 5.297912598000039 ], [ 35.852111816000047, 5.299316406000173 ], [ 35.851318359, 5.300476074000017 ], [ 35.84991455100004, 5.301879883000083 ], [ 35.848083496000186, 5.30407714800009 ], [ 35.846679687000119, 5.30609130900001 ], [ 35.845703125000114, 5.307678223000039 ], [ 35.845275879000098, 5.309326172000056 ], [ 35.84509277300009, 5.311096191000047 ], [ 35.84509277300009, 5.313110352000024 ], [ 35.845275879000098, 5.315307616999974 ], [ 35.845275879000098, 5.317321777000018 ], [ 35.845520020000151, 5.319274902000075 ], [ 35.845703125000114, 5.321105957000157 ], [ 35.845520020000151, 5.322509766000053 ], [ 35.84509277300009, 5.323913574000187 ], [ 35.844482422000112, 5.32507324200003 ], [ 35.843688965000069, 5.326721191000047 ], [ 35.842285156, 5.328125000000114 ], [ 35.841125488000159, 5.329284668000128 ], [ 35.839904785000158, 5.330505371000186 ], [ 35.838500977000024, 5.331726074000187 ], [ 35.837707520000151, 5.332702637000068 ], [ 35.83728027300009, 5.334289551000097 ], [ 35.83728027300009, 5.335510254000098 ], [ 35.83728027300009, 5.336914062000062 ], [ 35.83728027300009, 5.338500977000024 ], [ 35.83728027300009, 5.339721680000025 ], [ 35.836914062000062, 5.340881348000096 ], [ 35.836120605000019, 5.342102051000097 ], [ 35.835327148000033, 5.343322754000098 ], [ 35.834472656, 5.343872070000089 ], [ 35.833312988000159, 5.344482422000112 ], [ 35.832092285000158, 5.34509277300009 ], [ 35.831115722999982, 5.34509277300009 ], [ 35.830078125000114, 5.345703125000171 ], [ 35.828674316000047, 5.346130371000129 ], [ 35.827697754000098, 5.346130371000129 ], [ 35.826477051000097, 5.345886230000133 ], [ 35.82507324200003, 5.345275879000155 ], [ 35.823730469, 5.344909668000128 ], [ 35.822326660000101, 5.344116211000141 ], [ 35.8211059570001, 5.343322754000098 ], [ 35.819885254000098, 5.342712402000075 ], [ 35.818481445000032, 5.341918945000032 ], [ 35.817321777000188, 5.341125488000046 ], [ 35.816284180000025, 5.34069824200003 ], [ 35.815124512000182, 5.340515137000068 ], [ 35.814086914000143, 5.34069824200003 ], [ 35.812927246000129, 5.341308594000054 ], [ 35.811706543000071, 5.341918945000032 ], [ 35.810485840000069, 5.342529297000112 ], [ 35.809082031000173, 5.343078613000046 ], [ 35.807922363000159, 5.343322754000098 ], [ 35.806884766, 5.343505859000061 ], [ 35.8054809570001, 5.343688965000126 ], [ 35.804321289000086, 5.344116211000141 ], [ 35.803100586000085, 5.343872070000089 ], [ 35.801696777000188, 5.343688965000126 ], [ 35.800292969000054, 5.343688965000126 ], [ 35.799316406000173, 5.344299316000104 ], [ 35.79827880900018, 5.344909668000128 ], [ 35.797729492000144, 5.345703125000171 ], [ 35.796691895000151, 5.346496582000157 ], [ 35.795898437000062, 5.34710693400001 ], [ 35.795104980000019, 5.347717284999987 ], [ 35.794128418000071, 5.348083496000186 ], [ 35.793090820000032, 5.348327637000068 ], [ 35.791870116999974, 5.348327637000068 ], [ 35.790527344000168, 5.348083496000186 ], [ 35.789489746000129, 5.347717284999987 ], [ 35.788513184000124, 5.347717284999987 ], [ 35.787292480000019, 5.347900391000053 ], [ 35.786071777000188, 5.34851074200003 ], [ 35.785095215000069, 5.349121094000054 ], [ 35.783874512000011, 5.349914551000097 ], [ 35.78289794900013, 5.350891113000046 ], [ 35.781677246000129, 5.352294922000112 ], [ 35.780883789000143, 5.353271484000118 ], [ 35.7800903320001, 5.354309082000157 ], [ 35.779113770000151, 5.355285645000038 ], [ 35.777893066000047, 5.356079102000081 ], [ 35.776489258000026, 5.356872559000067 ], [ 35.775329590000183, 5.357482910000044 ], [ 35.774108887000182, 5.358093262000068 ], [ 35.772521973000153, 5.358093262000068 ], [ 35.770690918000071, 5.358093262000068 ], [ 35.769104004000042, 5.357910156000059 ], [ 35.767272949000187, 5.358093262000068 ], [ 35.765686035000158, 5.35827636700003 ], [ 35.764282227000137, 5.358520508000083 ], [ 35.763122559000124, 5.358886719000111 ], [ 35.762084961000085, 5.359680176000097 ], [ 35.76190185500019, 5.36047363300014 ], [ 35.76190185500019, 5.361694336000141 ], [ 35.762084961000085, 5.362915038999972 ], [ 35.7625122070001, 5.363891602000024 ], [ 35.762878418000071, 5.364929199000187 ], [ 35.762329102000137, 5.365905762000068 ], [ 35.761291504000042, 5.366699219000111 ], [ 35.759887694999975, 5.367309570000032 ], [ 35.758911133000026, 5.367919922000112 ], [ 35.75750732400013, 5.36853027300009 ], [ 35.756286621000129, 5.368896484000061 ], [ 35.755310059000124, 5.369506836000141 ], [ 35.754272461000085, 5.370300293000128 ], [ 35.753112793000071, 5.370910645000038 ], [ 35.751892090000013, 5.371276855000133 ], [ 35.750671387000182, 5.371704102000024 ], [ 35.749328613000102, 5.371887206999986 ], [ 35.748291016000167, 5.372497559000067 ], [ 35.747070312000062, 5.372680664000029 ], [ 35.745910645000095, 5.373107910000044 ], [ 35.744506836000028, 5.373291016000053 ], [ 35.743103027000132, 5.373291016000053 ], [ 35.74188232400013, 5.373291016000053 ], [ 35.740905762000182, 5.373107910000044 ], [ 35.739685059000124, 5.372924805000082 ], [ 35.738708496000072, 5.372680664000029 ], [ 35.737915039000086, 5.372314453000172 ], [ 35.736694336000028, 5.371520996000186 ], [ 35.735717773000147, 5.370910645000038 ], [ 35.73468017600004, 5.371093750000171 ], [ 35.73352050799997, 5.371520996000186 ], [ 35.732482910000101, 5.371704102000024 ], [ 35.731506348000153, 5.371276855000133 ], [ 35.730285645000151, 5.370910645000038 ], [ 35.729125977000081, 5.370300293000128 ], [ 35.727905272999976, 5.369873047000169 ], [ 35.726684570000145, 5.369506836000141 ], [ 35.725524902000132, 5.369689941000104 ], [ 35.724487304999968, 5.370300293000128 ], [ 35.723876953000115, 5.371093750000171 ], [ 35.723876953000115, 5.371887206999986 ], [ 35.724121094000168, 5.372680664000029 ], [ 35.724914551000154, 5.373718262000068 ], [ 35.725708008000026, 5.374694824000073 ], [ 35.726318359000118, 5.375488281000059 ], [ 35.726684570000145, 5.376525879000098 ], [ 35.726928711000028, 5.377685547000169 ], [ 35.726684570000145, 5.378479004000155 ], [ 35.725891113000159, 5.379516602000024 ], [ 35.724914551000154, 5.380493164000029 ], [ 35.724121094000168, 5.381286621000015 ], [ 35.723327637000125, 5.382080078000058 ], [ 35.722290039000086, 5.382324219000054 ], [ 35.721496582000043, 5.382873535000044 ], [ 35.720520020000095, 5.383483887000125 ], [ 35.719299316000161, 5.383911133000083 ], [ 35.718078613000159, 5.384521484000061 ], [ 35.716674804999968, 5.384704590000126 ], [ 35.715698242000087, 5.384704590000126 ], [ 35.714721680000139, 5.384277344000111 ], [ 35.7136840820001, 5.384277344000111 ], [ 35.712707520000095, 5.384704590000126 ], [ 35.711730957000043, 5.384704590000126 ], [ 35.710693359000174, 5.384521484000061 ], [ 35.709472656000116, 5.384094238000046 ], [ 35.70812988300014, 5.383728027000075 ], [ 35.707092285000101, 5.383483887000125 ], [ 35.7058715820001, 5.383483887000125 ], [ 35.704101562000176, 5.383911133000083 ], [ 35.702514648000147, 5.384277344000111 ], [ 35.701110840000183, 5.384887695000089 ], [ 35.699523926000154, 5.385314941000104 ], [ 35.698303223000153, 5.385681152000075 ], [ 35.697082520000095, 5.385681152000075 ], [ 35.696105957000043, 5.385681152000075 ], [ 35.695129395000095, 5.385925293000128 ], [ 35.694274902000132, 5.385681152000075 ], [ 35.693298340000183, 5.385314941000104 ], [ 35.692077637000182, 5.385498047000112 ], [ 35.691101074000073, 5.385925293000128 ], [ 35.690307617000087, 5.385925293000128 ], [ 35.689086914000086, 5.386291504000155 ], [ 35.687927246000015, 5.386718750000171 ], [ 35.687072754000042, 5.387084960999971 ], [ 35.686096191000161, 5.387695313000052 ], [ 35.684875488000159, 5.388122559000067 ], [ 35.683898926000154, 5.388305664000029 ], [ 35.682678223000153, 5.388305664000029 ], [ 35.681701660000101, 5.388488770000038 ], [ 35.680480957000043, 5.388488770000038 ], [ 35.679687500000057, 5.388122559000067 ], [ 35.678527832000043, 5.387878418000184 ], [ 35.677490234000118, 5.387512207000157 ], [ 35.676513672000169, 5.387084960999971 ], [ 35.67547607400013, 5.386474609000118 ], [ 35.674499512000125, 5.386474609000118 ], [ 35.673522949000073, 5.386291504000155 ], [ 35.67272949200003, 5.386474609000118 ], [ 35.671325684000067, 5.386901855000133 ], [ 35.670104980000133, 5.387329102000024 ], [ 35.668884277000132, 5.387512207000157 ], [ 35.668090820000145, 5.387329102000024 ], [ 35.666870117000087, 5.387084960999971 ], [ 35.665710449000073, 5.386718750000171 ], [ 35.664672852000137, 5.386291504000155 ], [ 35.663513184000067, 5.385498047000112 ], [ 35.662292480000133, 5.384887695000089 ], [ 35.660888672000169, 5.384094238000046 ], [ 35.659484863000102, 5.383483887000125 ], [ 35.658081055000139, 5.382690430000082 ], [ 35.656921387000125, 5.382324219000054 ], [ 35.655517578000058, 5.382080078000058 ], [ 35.654113770000038, 5.382324219000054 ], [ 35.652282715000183, 5.382324219000054 ], [ 35.650878906000116, 5.382507324000017 ], [ 35.649108887000125, 5.382324219000054 ], [ 35.647705078000058, 5.382324219000054 ], [ 35.646484375000057, 5.382324219000054 ], [ 35.645324706999986, 5.382080078000058 ], [ 35.644287109000118, 5.38171386700003 ], [ 35.643310547000169, 5.380676270000038 ], [ 35.642089844000111, 5.379699706999986 ], [ 35.640502930000082, 5.378479004000155 ], [ 35.63952636700003, 5.377075195000089 ], [ 35.638122559000067, 5.375488281000059 ], [ 35.636108398000147, 5.374511719000111 ], [ 35.634521484000118, 5.374084473000096 ], [ 35.632690430000139, 5.374511719000111 ] ] ] } },
{ "type": "Feature", "properties": { "county": "Marsabit", "pcode": "KE010", "area_sqkm": 76027.836392640005 }, "geometry": { "type": "Polygon", "coordinates": [ [ [ 36.255116354000108, 4.454231238000091 ], [ 36.246250415000077, 4.457326795000142 ], [ 36.23340039500016, 4.451232627000024 ], [ 36.171421051000152, 4.451299191000032 ], [ 36.05504433200008, 4.451430241000025 ], [ 36.050304409000034, 4.451455597000177 ], [ 36.049631119000139, 4.298511505000135 ], [ 36.049491882000041, 4.27867937100001 ], [ 36.049495697000111, 4.263097286000118 ], [ 36.049623490000101, 4.131873131000134 ], [ 36.04963874800012, 4.065865993000102 ], [ 36.049640656000122, 4.056281805000026 ], [ 36.049674988000106, 4.028295279000076 ], [ 36.049850464000031, 3.985228300000188 ], [ 36.050283432000185, 3.779731274000028 ], [ 36.05044301300012, 3.737437725000177 ], [ 36.050498963000166, 3.67712485800007 ], [ 36.050655365000125, 3.64965128900019 ], [ 36.051040649000015, 3.482506871000055 ], [ 36.051042557000187, 3.480532646000086 ], [ 36.051105499000073, 3.430072188999986 ], [ 36.051294327000051, 3.374253512000166 ], [ 36.051330566000104, 3.344430804000183 ], [ 36.051333109000097, 3.343083858000114 ], [ 36.051475525000114, 3.30024969599998 ], [ 36.051643372000058, 3.239017725000053 ], [ 36.052196503000118, 3.238249636000035 ], [ 36.053462982000156, 3.237690568000119 ], [ 36.054753957000116, 3.237137833000133 ], [ 36.055496216000165, 3.236701369000059 ], [ 36.056467692000069, 3.236257315000103 ], [ 36.058061599999974, 3.235451102000127 ], [ 36.059339523000119, 3.234692573000132 ], [ 36.060503006000033, 3.234084010000174 ], [ 36.061463674000095, 3.233426014999964 ], [ 36.062660217000087, 3.232658625000056 ], [ 36.063707352000108, 3.231869698000082 ], [ 36.065067291000105, 3.231055498000046 ], [ 36.065917969000168, 3.230269313000065 ], [ 36.06667577900015, 3.229745294000168 ], [ 36.067667008000171, 3.228843927000128 ], [ 36.068481445000145, 3.228113293000035 ], [ 36.069422404000136, 3.227641185000039 ], [ 36.070692062000035, 3.227068424000038 ], [ 36.071886063000136, 3.226485014000048 ], [ 36.073267619000035, 3.226035754000179 ], [ 36.074218750000114, 3.225845933000016 ], [ 36.075265884000089, 3.225643158000025 ], [ 36.076429367000173, 3.225318193000078 ], [ 36.077651977000073, 3.225234747000059 ], [ 36.078845978000174, 3.225234747000059 ], [ 36.080011368000157, 3.225234747000059 ], [ 36.081058502000133, 3.225234747000059 ], [ 36.082048416000134, 3.225234747000059 ], [ 36.082918167000059, 3.225318193000078 ], [ 36.083881378000058, 3.225523710000118 ], [ 36.084959984000136, 3.225597322000169 ], [ 36.086189270000091, 3.22504048400009 ], [ 36.087008158000174, 3.224411170000053 ], [ 36.087841034000121, 3.223865032000163 ], [ 36.088626862000126, 3.22368991400009 ], [ 36.089412689000085, 3.22368991400009 ], [ 36.090227127000105, 3.223809362 ], [ 36.091127396000104, 3.223809362 ], [ 36.092453956999975, 3.223560691000102 ], [ 36.093633652000165, 3.223023057000034 ], [ 36.094767761000128, 3.222319555000126 ], [ 36.096165657000142, 3.221886754000082 ], [ 36.097709020000025, 3.221734504000096 ], [ 36.098964373000058, 3.221179327000073 ], [ 36.100576782000189, 3.220580292000022 ], [ 36.101694107000185, 3.22046136900002 ], [ 36.10247993500019, 3.22046136900002 ], [ 36.10329437300004, 3.22046136900002 ], [ 36.104139328000088, 3.220636368000044 ], [ 36.105072022000115, 3.220692039000085 ], [ 36.105939229000057, 3.220818281000049 ], [ 36.106847763000076, 3.220867038000108 ], [ 36.107868195000151, 3.221072555000148 ], [ 36.108856201000151, 3.221072555000148 ], [ 36.109725952000076, 3.220894814000076 ], [ 36.110837936000109, 3.22081136700001 ], [ 36.111679077000133, 3.22046136900002 ], [ 36.112571716, 3.220138153000107 ], [ 36.113660813000138, 3.219497322999985 ], [ 36.114650726000093, 3.218886018000148 ], [ 36.115520477000189, 3.218249678000063 ], [ 36.116483688000017, 3.217519045000131 ], [ 36.117427508000162, 3.21656880800009 ], [ 36.118290710000167, 3.215305710000052 ], [ 36.119010925000168, 3.214462678000075 ], [ 36.119657517000178, 3.213937640000154 ], [ 36.120498657000155, 3.213473558000146 ], [ 36.121313095, 3.213093042000082 ], [ 36.122553507000191, 3.212911288000157 ], [ 36.124023437000119, 3.212631702000124 ], [ 36.124837874999969, 3.212456584 ], [ 36.12553215000014, 3.212076068000158 ], [ 36.126644135000049, 3.211698175000038 ], [ 36.127513886000145, 3.211289763000025 ], [ 36.128448486000025, 3.210881352000058 ], [ 36.129440308000028, 3.210678458000132 ], [ 36.130480448000128, 3.2105158170001 ], [ 36.131679535000103, 3.210272789000044 ], [ 36.13279914900005, 3.210093021000091 ], [ 36.133714676000011, 3.210011601000133 ], [ 36.134675979000065, 3.209717154000032 ], [ 36.135490417000142, 3.209511638000038 ], [ 36.136304855000049, 3.209280967999973 ], [ 36.137296677, 3.208930850000172 ], [ 36.138182831000165, 3.208759546000181 ], [ 36.139043808000054, 3.208641887000113 ], [ 36.139858246000131, 3.208847403000107 ], [ 36.140672684000037, 3.209253192000176 ], [ 36.141283035000185, 3.209864378000134 ], [ 36.141866684000036, 3.210503459000165 ], [ 36.142244339000115, 3.211261987 ], [ 36.142268658000091, 3.212232619000019 ], [ 36.142035167000017, 3.213406563000035 ], [ 36.141474724000147, 3.21405702800007 ], [ 36.140370820999976, 3.21441400100008 ], [ 36.139858246000131, 3.215304733000039 ], [ 36.14000511200004, 3.216121435000105 ], [ 36.14008903500013, 3.216907740000067 ], [ 36.140444438000145, 3.217782259000046 ], [ 36.141146985000091, 3.218746100000089 ], [ 36.141513825000061, 3.219469547000188 ], [ 36.142147809000107, 3.22018924300005 ], [ 36.142896652000161, 3.221185446000163 ], [ 36.143912241000123, 3.222517088000188 ], [ 36.144995689000041, 3.223399579000102 ], [ 36.146203613000125, 3.223477840000101 ], [ 36.147196452000117, 3.222847780000052 ], [ 36.148461024000142, 3.221833507000042 ], [ 36.149275780000039, 3.220711172000165 ], [ 36.149837494000167, 3.219708601999969 ], [ 36.150393168000164, 3.218452930000183 ], [ 36.150657654000156, 3.217638373000057 ], [ 36.151018574000034, 3.216804578000051 ], [ 36.151416778000112, 3.215276838000136 ], [ 36.151647567999987, 3.214112640000053 ], [ 36.15192031800018, 3.212743580000108 ], [ 36.152020772000185, 3.211482763000163 ], [ 36.151853561000109, 3.210328460000142 ], [ 36.151647567999987, 3.209050298000079 ], [ 36.151472092000063, 3.207708359000151 ], [ 36.151416778000112, 3.206430197000088 ], [ 36.151269913000135, 3.204885483 ], [ 36.151416778000112, 3.203690767000126 ], [ 36.15144538900006, 3.202062607000016 ], [ 36.151460012000143, 3.200875680000138 ], [ 36.15146255500008, 3.200071097000091 ], [ 36.151432037, 3.198831082000083 ], [ 36.151296616000081, 3.19751989800011 ], [ 36.151181221000058, 3.195787132000135 ], [ 36.15106773399998, 3.19464135200019 ], [ 36.150834402000044, 3.193193674000099 ], [ 36.150697708000109, 3.192327380000052 ], [ 36.150548935000131, 3.19099283200012 ], [ 36.150279999000077, 3.189809561000175 ], [ 36.149871826000151, 3.188089848000061 ], [ 36.149435042999983, 3.186517239000068 ], [ 36.148910523000097, 3.184886336000034 ], [ 36.148473740000156, 3.18348872700011 ], [ 36.148206075000076, 3.182372411000131 ], [ 36.147661209000148, 3.180843592000031 ], [ 36.146846771000071, 3.178484679000178 ], [ 36.146263123000097, 3.176826000000119 ], [ 36.145679474000019, 3.175428391000082 ], [ 36.145248413000161, 3.173819144000049 ], [ 36.144689560000188, 3.172227621000104 ], [ 36.144273758000054, 3.171078563000037 ], [ 36.143877029, 3.169924379000122 ], [ 36.143117905000111, 3.168210029000022 ], [ 36.142692566000164, 3.167082429000175 ], [ 36.142042160000187, 3.165267706 ], [ 36.141403198000091, 3.163317204000123 ], [ 36.140727997000056, 3.161658525000064 ], [ 36.140383720000102, 3.160349608000047 ], [ 36.139711380000051, 3.158485531999986 ], [ 36.139149666000151, 3.156988203000026 ], [ 36.138690949000079, 3.156098843000166 ], [ 36.138476054000193, 3.154642423000098 ], [ 36.13843345600003, 3.153478741000072 ], [ 36.13843345600003, 3.152109027000108 ], [ 36.138476054000193, 3.151055336000013 ], [ 36.138841629000126, 3.149722338000061 ], [ 36.139247894000107, 3.148880482000038 ], [ 36.139896393000186, 3.14828121700009 ], [ 36.14105415400013, 3.147657871000035 ], [ 36.142015457000184, 3.147102356000175 ], [ 36.142622630000062, 3.146610022000118 ], [ 36.143627484999968, 3.145556450000129 ], [ 36.144428253000171, 3.144454479 ], [ 36.145273209000095, 3.14326238600006 ], [ 36.146188100000188, 3.141672611000047 ], [ 36.146699905000162, 3.14072585100007 ], [ 36.147328138000034, 3.139935374000117 ], [ 36.14802042600013, 3.138678153000114 ], [ 36.148677826000153, 3.137294412000074 ], [ 36.149098714000161, 3.135973612000043 ], [ 36.149435042999983, 3.134674311000083 ], [ 36.149724960000071, 3.133129597 ], [ 36.150051116999975, 3.131577730000117 ], [ 36.150335312000152, 3.129898190000063 ], [ 36.150657654000156, 3.128270030000181 ], [ 36.150684357000159, 3.127314925000121 ], [ 36.150806427000134, 3.126261234000083 ], [ 36.150871277000192, 3.125206470000023 ], [ 36.151081085000101, 3.122886976000132 ], [ 36.15106773399998, 3.121459961000085 ], [ 36.151269913000135, 3.120090246000188 ], [ 36.151647567999987, 3.118895650000127 ], [ 36.152072906000058, 3.117366195000102 ], [ 36.152231216000189, 3.116247654000063 ], [ 36.152231216000189, 3.114619493000077 ], [ 36.152090073000124, 3.113457799000059 ], [ 36.152020772000185, 3.112421433000065 ], [ 36.151853561000109, 3.111038089000033 ], [ 36.151647567999987, 3.10946548000004 ], [ 36.151472092000063, 3.108067989000119 ], [ 36.151292801000068, 3.106922865000058 ], [ 36.151112556000157, 3.1054087280001 ], [ 36.150871277000192, 3.103084803000115 ], [ 36.150806427000134, 3.101897001000054 ], [ 36.150455475000058, 3.100293994000026 ], [ 36.150102615000151, 3.098868609000135 ], [ 36.149857839000163, 3.097577015000013 ], [ 36.149775823000141, 3.096262495000133 ], [ 36.149518967000176, 3.095028758000126 ], [ 36.149724960000071, 3.094270229000188 ], [ 36.150516510000045, 3.093436221000104 ], [ 36.151473045000046, 3.092646061999972 ], [ 36.152058919000012, 3.091820955 ], [ 36.152639389000115, 3.090808272000174 ], [ 36.152870178000114, 3.089874745000088 ], [ 36.15289878800013, 3.088680028999988 ], [ 36.152723312000035, 3.087663054000132 ], [ 36.15269724500007, 3.08669591000006 ], [ 36.152639389000115, 3.085806727000147 ], [ 36.152492523000035, 3.085043073000179 ], [ 36.152290344000107, 3.083835661000137 ], [ 36.152084350999985, 3.082453489000159 ], [ 36.151908874000128, 3.081433892000064 ], [ 36.151676178000059, 3.080500365000034 ], [ 36.15106773399998, 3.079305649000105 ], [ 36.150096893000068, 3.078278541000032 ], [ 36.149444580000193, 3.077642321000155 ], [ 36.149082184, 3.076887369000019 ], [ 36.14868418400016, 3.075908502000118 ], [ 36.148328781000146, 3.075112105000073 ], [ 36.147701264000148, 3.074479221999979 ], [ 36.146936608000146, 3.073966897000162 ], [ 36.145889282000155, 3.073530436 ], [ 36.144899368000154, 3.073530436 ], [ 36.143909454000152, 3.073530436 ], [ 36.142786980000153, 3.073851586000103 ], [ 36.141736984000147, 3.073458791000064 ], [ 36.140869459000044, 3.072585980000042 ], [ 36.140253703000099, 3.070906321000052 ], [ 36.14008903500013, 3.070060849000072 ], [ 36.14008903500013, 3.069239497000183 ], [ 36.140052795000145, 3.068285465000088 ], [ 36.140016556000091, 3.067331553000031 ], [ 36.139888763999977, 3.066239476000021 ], [ 36.139852524, 3.065249682000172 ], [ 36.139654159000031, 3.06426513200006 ], [ 36.139181519000033, 3.063207674000182 ], [ 36.139297484999986, 3.062091827000131 ], [ 36.139888763999977, 3.061494708000168 ], [ 36.140510559000177, 3.060899854000183 ], [ 36.14114379900019, 3.060097138000174 ], [ 36.141664505000108, 3.059056044000044 ], [ 36.142026901000065, 3.057867169000133 ], [ 36.142080307000072, 3.056367755000053 ], [ 36.142225266000025, 3.055500031000065 ], [ 36.142218590000027, 3.05382543800016 ], [ 36.142099380000104, 3.052500010000074 ], [ 36.142099380000104, 3.050882697000077 ], [ 36.142026901000065, 3.049301028000059 ], [ 36.142063141000051, 3.047882676000143 ], [ 36.142026901000065, 3.046301126000174 ], [ 36.141862869000192, 3.044882655000151 ], [ 36.141664505000108, 3.043500066000036 ], [ 36.141307831000063, 3.042117596000082 ], [ 36.141034444000127, 3.040829897000037 ], [ 36.140863419000084, 3.039745450000112 ], [ 36.140847778000136, 3.038615990000096 ], [ 36.140859604000013, 3.037456155000143 ], [ 36.1406211850001, 3.036576192000041 ], [ 36.140410106000161, 3.035669724 ], [ 36.139882406000027, 3.034379602 ], [ 36.139230728000086, 3.033082604000185 ], [ 36.138511658000084, 3.03222906600007 ], [ 36.13788414000004, 3.031456232000096 ], [ 36.137313843000186, 3.030564904000073 ], [ 36.136931419000177, 3.029877365000118 ], [ 36.136568069000134, 3.02858005000013 ], [ 36.136455536000142, 3.0273084640001 ], [ 36.136558533000027, 3.026208401000133 ], [ 36.136939239000128, 3.02488751400017 ], [ 36.137250900000026, 3.024100900000064 ], [ 36.13728387000009, 3.023177045000125 ], [ 36.136871338000105, 3.022057176000089 ], [ 36.136548042000186, 3.021189690000085 ], [ 36.136252085000081, 3.020272652000074 ], [ 36.136236827000062, 3.019487858000161 ], [ 36.136268616000109, 3.01857701900002 ], [ 36.136374474000036, 3.017608762000066 ], [ 36.136501312, 3.016177118000144 ], [ 36.136481637000088, 3.014751905000082 ], [ 36.13629891700009, 3.013857101000099 ], [ 36.135613251000166, 3.012987614 ], [ 36.134354159000111, 3.012138529000026 ], [ 36.133480072000168, 3.011684299000081 ], [ 36.132594299000118, 3.011208868000097 ], [ 36.13161064000019, 3.010021771000027 ], [ 36.131038666000109, 3.009031177000111 ], [ 36.130421956000077, 3.008025964000183 ], [ 36.12987431900018, 3.007074386000113 ], [ 36.128896714000177, 3.005850077000161 ], [ 36.128293991000135, 3.005051136000077 ], [ 36.127931595000177, 3.00429606400013 ], [ 36.127630234000037, 3.003467321000187 ], [ 36.127298355000164, 3.002517104 ], [ 36.12704277000006, 3.001658559000134 ], [ 36.127013207000061, 3.000754774000029 ], [ 36.126842499000134, 2.999483824000038 ], [ 36.126878103000024, 2.998449961 ], [ 36.126703262000035, 2.997462392000102 ], [ 36.12658049800001, 2.996570043000077 ], [ 36.126295724999977, 2.995393912 ], [ 36.126045227000077, 2.994031310000082 ], [ 36.125643412000102, 2.992991527000129 ], [ 36.125293732000159, 2.992297053000016 ], [ 36.124972026000194, 2.991276900000059 ], [ 36.124683380000079, 2.990113377000171 ], [ 36.124635697000144, 2.989051938000046 ], [ 36.124473572000113, 2.988254190000077 ], [ 36.124521255000104, 2.987432837000085 ], [ 36.124496460000103, 2.98644590400005 ], [ 36.124448776000065, 2.985435009000184 ], [ 36.124156952000078, 2.984138346000066 ], [ 36.123863220000089, 2.98309159300004 ], [ 36.12370681800013, 2.9821859 ], [ 36.123860930999967, 2.981172609000112 ], [ 36.124623108000094, 2.980313635000073 ], [ 36.12594318400005, 2.980167687000062 ], [ 36.12712574, 2.980893642000183 ], [ 36.128196716000161, 2.981570125000133 ], [ 36.129047394000054, 2.981829643000083 ], [ 36.129772186000139, 2.981168151000077 ], [ 36.129833221000126, 2.979971742000146 ], [ 36.129673004000097, 2.979218403000061 ], [ 36.129463959000134, 2.978167343000109 ], [ 36.129245758000081, 2.977291902000104 ], [ 36.129078865000054, 2.976496816 ], [ 36.129286766000121, 2.975713730000052 ], [ 36.130059281000172, 2.975347611000075 ], [ 36.13105392500006, 2.975765944000102 ], [ 36.131581116000064, 2.976541328000167 ], [ 36.132089615000154, 2.977292657000078 ], [ 36.132682037000109, 2.978119850000041 ], [ 36.13356208800019, 2.978797913000051 ], [ 36.134419054000034, 2.979336590000173 ], [ 36.135323842000105, 2.98003526500014 ], [ 36.136436462000177, 2.980625153000119 ], [ 36.137285868000106, 2.980444590000161 ], [ 36.137485504000097, 2.979617516000133 ], [ 36.13718058000012, 2.978764098000056 ], [ 36.136690775000147, 2.978001753000115 ], [ 36.136323929000184, 2.97708698100007 ], [ 36.136212667000052, 2.975765466999974 ], [ 36.136203766000108, 2.974550486000112 ], [ 36.135996819000127, 2.973613620000037 ], [ 36.135374069000079, 2.972564340000076 ], [ 36.134429932000046, 2.971623560000012 ], [ 36.133641561000104, 2.970717827000158 ], [ 36.133328597000173, 2.969527741000093 ], [ 36.133815765000122, 2.968517876000135 ], [ 36.13478851300016, 2.968273560000171 ], [ 36.135717392000174, 2.968733708 ], [ 36.136427561000062, 2.96933349000011 ], [ 36.137102146000188, 2.969765911000081 ], [ 36.138062795000167, 2.970263163000027 ], [ 36.139024735000191, 2.970480084000087 ], [ 36.140367508000168, 2.970533073000126 ], [ 36.141292572000168, 2.970498204000023 ], [ 36.142092387000162, 2.970227639000086 ], [ 36.143415833000063, 2.970075703000134 ], [ 36.144662857000014, 2.969889760000115 ], [ 36.145426432000079, 2.9698424340001 ], [ 36.146274567000148, 2.96984386400004 ], [ 36.147054672000138, 2.969737172000123 ], [ 36.148338636000119, 2.969726721000029 ], [ 36.149695078000093, 2.969712019000042 ], [ 36.150819779000187, 2.969655752000108 ], [ 36.151674906000153, 2.969727039000077 ], [ 36.152703094000117, 2.969694853000078 ], [ 36.153499603000057, 2.969626129000062 ], [ 36.154451752000057, 2.969339895000189 ], [ 36.155484517000161, 2.969193458000063 ], [ 36.156469345000062, 2.969224453000038 ], [ 36.157302856000058, 2.969241858000146 ], [ 36.158100128000115, 2.969241858000146 ], [ 36.159138680000069, 2.969178617000182 ], [ 36.16003227200008, 2.969045639000171 ], [ 36.160845946999984, 2.968747282000095 ], [ 36.162199402000169, 2.968261099000074 ], [ 36.163603783000099, 2.967784047000066 ], [ 36.164682388000074, 2.967671156000051 ], [ 36.165454864000083, 2.967650771000024 ], [ 36.166616058000045, 2.967793703000154 ], [ 36.168202400000041, 2.968378425000026 ], [ 36.169556618000172, 2.968973816000187 ], [ 36.170796966000125, 2.969151735000082 ], [ 36.171806336000145, 2.969106078000095 ], [ 36.172721863000106, 2.968785524000054 ], [ 36.174002074999976, 2.968497181000089 ], [ 36.175301552000121, 2.968078256000126 ], [ 36.176446914000053, 2.967884898000136 ], [ 36.177387238000051, 2.967691541000022 ], [ 36.178753853000046, 2.96741396200008 ], [ 36.179832458000021, 2.96731821700007 ], [ 36.180779567000172, 2.967581815000187 ], [ 36.18170738200007, 2.967823744000043 ], [ 36.182582092000189, 2.967956351999987 ], [ 36.183506012000066, 2.968038559000149 ], [ 36.184324264000054, 2.968037486000128 ], [ 36.185405731000117, 2.968003273000079 ], [ 36.186277389000111, 2.968119025000078 ], [ 36.187192917, 2.968541324000114 ], [ 36.188292185000194, 2.968688806000046 ], [ 36.18956470500018, 2.968678713000031 ], [ 36.191230774000076, 2.969335288000082 ], [ 36.192451477000077, 2.969245275000162 ], [ 36.193288803000087, 2.968841553000175 ], [ 36.194246292000173, 2.968261361000089 ], [ 36.195062002000157, 2.967637539000179 ], [ 36.195722580000108, 2.96692824400003 ], [ 36.196485519000078, 2.966276884000138 ], [ 36.197278977, 2.965686560000165 ], [ 36.198178609000024, 2.965046644000154 ], [ 36.198960309000029, 2.964554352000107 ], [ 36.199630737000064, 2.964058280000074 ], [ 36.200553894000166, 2.963561614000184 ], [ 36.201257706000149, 2.963071108000122 ], [ 36.202025096000057, 2.962756077000051 ], [ 36.202789306000057, 2.962460041000099 ], [ 36.203691483000171, 2.962246656000104 ], [ 36.204637528000035, 2.962033033000125 ], [ 36.205460866000124, 2.961855491000165 ], [ 36.20649910000003, 2.961727739000082 ], [ 36.207445145000065, 2.961839557000076 ], [ 36.208311081000147, 2.961727739000082 ], [ 36.209226608000108, 2.961707354000055 ], [ 36.210422198000117, 2.961481472 ], [ 36.211658478000061, 2.961267113000133 ], [ 36.212763786000039, 2.960974574000033 ], [ 36.213726044000055, 2.960699797000075 ], [ 36.21480484000017, 2.960521507000067 ], [ 36.215902328000027, 2.96029269700017 ], [ 36.216991425000174, 2.959969282000145 ], [ 36.218417168000087, 2.95948362300004 ], [ 36.219434738000075, 2.958857655000088 ], [ 36.220172119000097, 2.958208084000091 ], [ 36.221041870000192, 2.957425070000113 ], [ 36.22167396500015, 2.956852794000042 ], [ 36.22228050200016, 2.956366897000066 ], [ 36.223061879000056, 2.956053655000062 ], [ 36.223973274000059, 2.956155658000057 ], [ 36.224780628000076, 2.956604409000022 ], [ 36.225037893000149, 2.957417568000039 ], [ 36.224863688000028, 2.958216667000158 ], [ 36.225168705000158, 2.959208846000081 ], [ 36.22646141000007, 2.95929586900013 ], [ 36.227552790000118, 2.959044937000158 ], [ 36.228570461000061, 2.958353907000173 ], [ 36.229656619000025, 2.957970749000083 ], [ 36.230500222000103, 2.957662761000165 ], [ 36.231273651000038, 2.957855225000117 ], [ 36.23222986900015, 2.958279371 ], [ 36.233325958000137, 2.958460808000041 ], [ 36.234323501000176, 2.958267331000116 ], [ 36.235634804000028, 2.957723200000089 ], [ 36.236826579000137, 2.957132340000044 ], [ 36.238027573000068, 2.956415176000064 ], [ 36.239046097000141, 2.955631494000045 ], [ 36.240165710000099, 2.954967578000037 ], [ 36.241029740000045, 2.954257607000159 ], [ 36.242272377000063, 2.95330059500003 ], [ 36.243036270000118, 2.95284295099998 ], [ 36.243881226000042, 2.952232361000085 ], [ 36.244916970000133, 2.951684331000024 ], [ 36.245684306000044, 2.951011340000036 ], [ 36.246709824000163, 2.950558722000096 ], [ 36.247702462, 2.950516735000065 ], [ 36.248685201000058, 2.95101594900018 ], [ 36.249576638, 2.951550349000172 ], [ 36.250496773000066, 2.95195778700014 ], [ 36.251224518000129, 2.952213129000086 ], [ 36.252311230000146, 2.952903003000188 ], [ 36.253260295000075, 2.953592300000082 ], [ 36.253805071000045, 2.954158157000109 ], [ 36.254518509000093, 2.955057144000136 ], [ 36.254921073000162, 2.956209849000061 ], [ 36.255094528000029, 2.957647680999969 ], [ 36.255428314000142, 2.958448171000157 ], [ 36.255655289000174, 2.959265351000056 ], [ 36.255655289000174, 2.960065722000138 ], [ 36.255655289000174, 2.960832476000178 ], [ 36.255541801000049, 2.961960554000029 ], [ 36.255195618000073, 2.962993860000097 ], [ 36.254700470000159, 2.963836622000031 ], [ 36.254028956000184, 2.964954952000028 ], [ 36.254053116000023, 2.966273367000099 ], [ 36.254854202000047, 2.96646583100005 ], [ 36.255678558000056, 2.965711880000129 ], [ 36.256153107000159, 2.96501382200006 ], [ 36.256604830000128, 2.963734666000107 ], [ 36.25714874300013, 2.962392521000027 ], [ 36.257654190000096, 2.961457253000049 ], [ 36.258095318000187, 2.960277673000178 ], [ 36.258245468000155, 2.959056020000048 ], [ 36.25828170800014, 2.958292166000092 ], [ 36.258312225000111, 2.956914663000077 ], [ 36.258501689000127, 2.955652635000092 ], [ 36.258853913000166, 2.954462608000142 ], [ 36.259221077000177, 2.953265607000162 ], [ 36.259862900000087, 2.951760888000081 ], [ 36.260375023000051, 2.950176954000142 ], [ 36.260500590000049, 2.949042003000102 ], [ 36.260679245000176, 2.948130131000141 ], [ 36.260718028000099, 2.947279056000127 ], [ 36.260852813000156, 2.946222305000049 ], [ 36.260852813000156, 2.944914818000086 ], [ 36.260869980000052, 2.943854690000137 ], [ 36.260882377000144, 2.942612052000186 ], [ 36.26071739200006, 2.941038013000082 ], [ 36.260923385000126, 2.939487696000128 ], [ 36.260923385000126, 2.93828868900016 ], [ 36.261098861999983, 2.937110662000123 ], [ 36.261320114, 2.935998440000105 ], [ 36.261630376000085, 2.934580386000164 ], [ 36.262092590000179, 2.932891011000095 ], [ 36.262453079000068, 2.93190968 ], [ 36.262691498000152, 2.930916786000068 ], [ 36.263248444000055, 2.930078507000076 ], [ 36.263674418000107, 2.929427147000013 ], [ 36.264305115000184, 2.928486109000175 ], [ 36.264820099000133, 2.927638410999975 ], [ 36.265100479000068, 2.926884293000114 ], [ 36.265563965000069, 2.926224947000094 ], [ 36.266063690000124, 2.925020377000124 ], [ 36.266412735000131, 2.924113870000156 ], [ 36.266517639000085, 2.923296571000094 ], [ 36.266899109000065, 2.922458410000104 ], [ 36.267169952000131, 2.921693484000059 ], [ 36.267587026, 2.92011245100008 ], [ 36.267702103000033, 2.919259191000037 ], [ 36.268037160000119, 2.918040514000154 ], [ 36.268184662000067, 2.916778386000033 ], [ 36.268302917000028, 2.915717483000094 ], [ 36.268432617000087, 2.914673090000065 ], [ 36.268554687000062, 2.913534641000126 ], [ 36.268800100000192, 2.912274917000161 ], [ 36.268999100000144, 2.911176086000125 ], [ 36.269433340000035, 2.910020749000182 ], [ 36.269727707000129, 2.909260988000085 ], [ 36.270296097000085, 2.908502817000169 ], [ 36.270643234000147, 2.907646179000153 ], [ 36.271244049000188, 2.906700373000035 ], [ 36.27205181100004, 2.90566122600012 ], [ 36.272512436000056, 2.904895544000055 ], [ 36.273316193000028, 2.904119301000037 ], [ 36.274061203000031, 2.903313637000167 ], [ 36.274618784000097, 2.902669589000141 ], [ 36.275327682000125, 2.901635528000099 ], [ 36.275865555000109, 2.900811792000184 ], [ 36.27649879400019, 2.900086522000038 ], [ 36.276926824999975, 2.899377972000025 ], [ 36.277667999000016, 2.898314595000045 ], [ 36.278301239000029, 2.897490740000023 ], [ 36.279092789000174, 2.896922708000091 ], [ 36.279884337999988, 2.896289110000055 ], [ 36.280485153000086, 2.895655393000141 ], [ 36.280852000000152, 2.894963582000173 ], [ 36.281497955000191, 2.89388346700008 ], [ 36.282222748000038, 2.89309251300017 ], [ 36.282823563000136, 2.892458796000028 ], [ 36.283491135000077, 2.891890764000152 ], [ 36.28443908700018, 2.891447187000097 ], [ 36.285403442000131, 2.890944623999985 ], [ 36.286948840000093, 2.89027220000014 ], [ 36.288568497000085, 2.889786720000131 ], [ 36.289503098000068, 2.889485121000121 ], [ 36.290331523000134, 2.889124711000136 ], [ 36.291264852000154, 2.888642152000102 ], [ 36.292127609000033, 2.888487220000059 ], [ 36.292907715000126, 2.888452291000135 ], [ 36.293884277000075, 2.888308406000021 ], [ 36.295274099000153, 2.888218005999988 ], [ 36.2961795330001, 2.888391677000072 ], [ 36.297073364000084, 2.888434887000074 ], [ 36.297843932999967, 2.888637424000081 ], [ 36.298880894999968, 2.88866472300009 ], [ 36.29978815700008, 2.888448794999988 ], [ 36.300493240000094, 2.887899040999969 ], [ 36.301400503000082, 2.887398799000152 ], [ 36.302078247000054, 2.887029290000044 ], [ 36.302869797000142, 2.886461258000111 ], [ 36.303516388000105, 2.886041641000133 ], [ 36.30459060700008, 2.885486269000182 ], [ 36.305465698000091, 2.884905577000097 ], [ 36.306203842000059, 2.884512305000101 ], [ 36.306980133000081, 2.883986711000091 ], [ 36.308118820000061, 2.883441687000129 ], [ 36.309053421000044, 2.882873655000026 ], [ 36.310071945000118, 2.882454038000049 ], [ 36.310863495000035, 2.881886005000013 ], [ 36.312064362, 2.881018305000168 ], [ 36.312932586999978, 2.880146361000129 ], [ 36.313916206000101, 2.879594744000087 ], [ 36.314817429000186, 2.879631043000131 ], [ 36.315860748000091, 2.879286051 ], [ 36.316534042000171, 2.878866434000031 ], [ 36.317298889000142, 2.878219605000083 ], [ 36.318063736000113, 2.877507448000017 ], [ 36.318710327000019, 2.877031088000024 ], [ 36.319448470999987, 2.876519799000107 ], [ 36.320240021000131, 2.876043439000114 ], [ 36.321083069000053, 2.875449180999965 ], [ 36.321874619000027, 2.875108361000059 ], [ 36.322521210000161, 2.874658227000111 ], [ 36.323736191000194, 2.874037623000106 ], [ 36.325151444000142, 2.873370051000109 ], [ 36.326057434000177, 2.873050094000178 ], [ 36.326826731000153, 2.87266763100007 ], [ 36.327913284000033, 2.872311711000123 ], [ 36.328703409000127, 2.872031417000187 ], [ 36.329526901000065, 2.871494413000164 ], [ 36.33058853100016, 2.871118545000115 ], [ 36.331772804000025, 2.8707755800001 ], [ 36.333073934000026, 2.870403846000045 ], [ 36.333831787000122, 2.87004375500004 ], [ 36.335069929000042, 2.869409255000107 ], [ 36.336250305000192, 2.868644237000069 ], [ 36.337095260000012, 2.868103503999976 ], [ 36.337846120000165, 2.867784500000084 ], [ 36.338975429000072, 2.866960794000136 ], [ 36.34060796100016, 2.866210938000052 ], [ 36.341302872000028, 2.865848541 ], [ 36.342556318000163, 2.865327537000098 ], [ 36.34414386800006, 2.86458796300019 ], [ 36.345391273000132, 2.863938987000097 ], [ 36.346459707000065, 2.863456726000095 ], [ 36.347427368000126, 2.863242626000158 ], [ 36.348257065000098, 2.863242626000158 ], [ 36.349124908000078, 2.863225222000096 ], [ 36.350098928000193, 2.86319883699997 ], [ 36.351357460000031, 2.862966657000129 ], [ 36.352670669000076, 2.862531662000094 ], [ 36.353487015000155, 2.862514256999987 ], [ 36.354596138000147, 2.862747967000132 ], [ 36.356018829000163, 2.862658262000082 ], [ 36.357188415000167, 2.862321520000137 ], [ 36.358184052000183, 2.861993122000115 ], [ 36.359365463000131, 2.861863375000155 ], [ 36.360552788000064, 2.861456811000096 ], [ 36.361640930000021, 2.86084938 ], [ 36.362287521000155, 2.860111117000145 ], [ 36.363025665000123, 2.859608292000189 ], [ 36.363932133000162, 2.858600706000118 ], [ 36.364887238000051, 2.857235551000031 ], [ 36.365253449000079, 2.856047034000028 ], [ 36.36562093100008, 2.855027755000151 ], [ 36.36609840400007, 2.853923440000187 ], [ 36.366863251000041, 2.852856994000035 ], [ 36.367601395000179, 2.85203969500003 ], [ 36.368273417000182, 2.851410945000055 ], [ 36.369091034000064, 2.850707173000103 ], [ 36.369802475000029, 2.850086570000144 ], [ 36.370375633000037, 2.849378287999969 ], [ 36.371213913000133, 2.848819256000127 ], [ 36.371861776000173, 2.848239501000023 ], [ 36.372905731000117, 2.847433925000132 ], [ 36.373495102000106, 2.846721888000104 ], [ 36.374462128, 2.845981042000119 ], [ 36.375108719000139, 2.845284103999973 ], [ 36.376043320000122, 2.844296575000101 ], [ 36.376987457000155, 2.843401829000129 ], [ 36.377624512000011, 2.842832445999989 ], [ 36.378267288000075, 2.842099607000023 ], [ 36.379081726000152, 2.841161370000123 ], [ 36.38005447400019, 2.840062022000097 ], [ 36.380697250000082, 2.839100719000044 ], [ 36.381603241000164, 2.837856293000129 ], [ 36.382030487000179, 2.837095022000085 ], [ 36.382553101000042, 2.836414098999967 ], [ 36.383062998000071, 2.835577885000077 ], [ 36.383444468000164, 2.83484593999998 ], [ 36.383853594000129, 2.83376524900001 ], [ 36.384449233999987, 2.832347473000141 ], [ 36.38468170200008, 2.83161417600013 ], [ 36.384904862000042, 2.830854774000159 ], [ 36.38587506600004, 2.829773049000096 ], [ 36.386750513000095, 2.828572689000111 ], [ 36.38702964800018, 2.827822447000187 ], [ 36.387184620000028, 2.826770127000145 ], [ 36.387120247000098, 2.825658440000097 ], [ 36.38705635000008, 2.824570954000023 ], [ 36.38704299900013, 2.823172629000055 ], [ 36.387109121000094, 2.82204691600009 ], [ 36.387308121000046, 2.821110130000022 ], [ 36.387642861000188, 2.819853961000092 ], [ 36.387819926000191, 2.818949381000039 ], [ 36.388167790000182, 2.818048034000128 ], [ 36.38862419100019, 2.817021190999981 ], [ 36.389154434000091, 2.815952440000103 ], [ 36.390084585000068, 2.814245939000045 ], [ 36.390472412000122, 2.813458443000059 ], [ 36.391026589000035, 2.812731183000153 ], [ 36.391460419000055, 2.811850190000143 ], [ 36.39188385000017, 2.810665965000112 ], [ 36.392452240000125, 2.80962157200014 ], [ 36.392807007000101, 2.808528543000023 ], [ 36.393268585000101, 2.807471633000148 ], [ 36.393871943000079, 2.805973232000099 ], [ 36.394506454000123, 2.804648757 ], [ 36.394983907999972, 2.803591521000101 ], [ 36.395295461000103, 2.802444140000091 ], [ 36.395623525000076, 2.801594655000088 ], [ 36.396007538000106, 2.800654729000144 ], [ 36.396676299000148, 2.799501185000054 ], [ 36.397275925000031, 2.798465370999963 ], [ 36.397960208000029, 2.79721142700015 ], [ 36.398466110000186, 2.796009421000178 ], [ 36.398889542, 2.795244813000124 ], [ 36.399112701000092, 2.794453859000043 ], [ 36.399477959000137, 2.793735325000114 ], [ 36.399990082000159, 2.792832693000037 ], [ 36.400648752999984, 2.791936755000165 ], [ 36.401471456000138, 2.790984631000072 ], [ 36.402314758000102, 2.789998102000084 ], [ 36.40303993200007, 2.789061427000092 ], [ 36.40371704100005, 2.78800072700011 ], [ 36.404308319000108, 2.787081957000112 ], [ 36.404998779000039, 2.785764277000169 ], [ 36.405469895000124, 2.78431153300005 ], [ 36.405911764000166, 2.782959619999986 ], [ 36.406568527000047, 2.781526327000165 ], [ 36.407222748000095, 2.78030002100013 ], [ 36.407896042000061, 2.779214084000046 ], [ 36.408786774000191, 2.778060317000097 ], [ 36.409920057000079, 2.776838005 ], [ 36.410888672000056, 2.775816321000036 ], [ 36.411494446000063, 2.774784470000043 ], [ 36.412015279000059, 2.773872058000052 ], [ 36.412300110000103, 2.772849202000145 ], [ 36.412599882000052, 2.771411220000175 ], [ 36.412947337000105, 2.770455440000148 ], [ 36.413410187000011, 2.769401789000085 ], [ 36.414104462000182, 2.768372250000084 ], [ 36.41505750000016, 2.767324209000151 ], [ 36.416057587000068, 2.766242027000146 ], [ 36.416730881000149, 2.765477299999986 ], [ 36.417495727000187, 2.764883042 ], [ 36.418207167999981, 2.764092088000154 ], [ 36.418710708000106, 2.763497829000073 ], [ 36.418910980000135, 2.762495120000153 ], [ 36.419207573000108, 2.761579454000071 ], [ 36.419502258000023, 2.760504484000137 ], [ 36.419620514000087, 2.759687304000181 ], [ 36.419714610000028, 2.758836110000118 ], [ 36.419872284000121, 2.757878184000049 ], [ 36.419853210000156, 2.756986439000116 ], [ 36.419865608000066, 2.755774736000092 ], [ 36.419853210000156, 2.754550457000164 ], [ 36.419925689000024, 2.753250479999963 ], [ 36.420061493000048, 2.751653337000107 ], [ 36.4202919, 2.750453711000148 ], [ 36.420515060000184, 2.749689102 ], [ 36.420886993000124, 2.749015927000187 ], [ 36.421395302000178, 2.747941077000064 ], [ 36.421703338999976, 2.746695757000055 ], [ 36.421857198000055, 2.745845080000095 ], [ 36.421848297000111, 2.744493365000096 ], [ 36.421703338999976, 2.743531942 ], [ 36.421644847000152, 2.742676576000122 ], [ 36.421455384000183, 2.741644025000028 ], [ 36.421337128000175, 2.740735293000171 ], [ 36.421283722000169, 2.73989176800012 ], [ 36.421114349000106, 2.73881778700013 ], [ 36.421102524000105, 2.73780941900003 ], [ 36.421267509000188, 2.736703753000029 ], [ 36.421591187000161, 2.735797310000066 ], [ 36.422096252000074, 2.734680748000073 ], [ 36.42289886500015, 2.733713198000146 ], [ 36.423513413000194, 2.732860685 ], [ 36.424054464000108, 2.732186317000185 ], [ 36.424651555000025, 2.731221437000102 ], [ 36.425163269000109, 2.729951620000122 ], [ 36.42546272300018, 2.72910261200002 ], [ 36.425802231000034, 2.727947414000027 ], [ 36.426055908000137, 2.726873994000186 ], [ 36.426282883, 2.726105094000161 ], [ 36.426683045000061, 2.725218439000059 ], [ 36.426925659000062, 2.724300265000124 ], [ 36.427330017000145, 2.723579168000072 ], [ 36.427717209000036, 2.722464919000174 ], [ 36.42840131100013, 2.721162558000117 ], [ 36.42902374300013, 2.719921708000129 ], [ 36.429304123000065, 2.719078183000079 ], [ 36.429723739000167, 2.718260884000017 ], [ 36.430238724000048, 2.717522502000065 ], [ 36.430688858000167, 2.71684944600014 ], [ 36.431200028000148, 2.715910196000038 ], [ 36.431999842000096, 2.714978397000152 ], [ 36.432979584000122, 2.714364211000145 ], [ 36.433708191000107, 2.713908672000173 ], [ 36.434524536000083, 2.71362888800013 ], [ 36.435283661000085, 2.713377236999975 ], [ 36.436435700000118, 2.712945223000133 ], [ 36.437378884000168, 2.71239668100003 ], [ 36.438480377000076, 2.711929202000022 ], [ 36.439245224000047, 2.711679936000166 ], [ 36.439918518000184, 2.711229801000115 ], [ 36.440683365000098, 2.710635542999967 ], [ 36.441532135000159, 2.710019529000022 ], [ 36.44270433700018, 2.709203346000038 ], [ 36.44377613100005, 2.708208787000103 ], [ 36.444656372000111, 2.707770665000112 ], [ 36.445935249000172, 2.707413634000147 ], [ 36.446940740000116, 2.706553201000077 ], [ 36.447294235000186, 2.705492377000041 ], [ 36.447194099000058, 2.704377949000047 ], [ 36.446589470000049, 2.703083157000037 ], [ 36.445795628000042, 2.701609076000182 ], [ 36.444915771000183, 2.700437665000152 ], [ 36.444261551000068, 2.699530363000065 ], [ 36.443612439000162, 2.69875800300008 ], [ 36.442647934000036, 2.697458267 ], [ 36.441299438000044, 2.695861697000055 ], [ 36.440645218000043, 2.69508087600002 ], [ 36.439882279000074, 2.694269419000136 ], [ 36.439279556000031, 2.693663120000167 ], [ 36.438809713000182, 2.692782164000107 ], [ 36.438279788000102, 2.69178634900004 ], [ 36.437825521000093, 2.690606991000152 ], [ 36.437252045000093, 2.68963988600018 ], [ 36.436700821000102, 2.688690186000088 ], [ 36.436354828000162, 2.687797737000039 ], [ 36.436004639000089, 2.686631839000029 ], [ 36.435714722000171, 2.685840964000079 ], [ 36.435357729000032, 2.684349080000118 ], [ 36.434932709000179, 2.682812095000031 ], [ 36.434459686000025, 2.681590175000167 ], [ 36.434032916999968, 2.680074632000071 ], [ 36.433959007000112, 2.678801656000132 ], [ 36.43403625500008, 2.677601004000053 ], [ 36.434426308000127, 2.676362813000026 ], [ 36.434992790000081, 2.675176382000188 ], [ 36.435574532000089, 2.673791170000129 ], [ 36.435831706000045, 2.672659 ], [ 36.436027527000192, 2.671687126000108 ], [ 36.436080933000142, 2.670498610000038 ], [ 36.436040242000104, 2.669630051000183 ], [ 36.436078644000077, 2.668512726000017 ], [ 36.436094284000092, 2.666998267000054 ], [ 36.435888608000141, 2.665519873000108 ], [ 36.435707855000032, 2.664061451000066 ], [ 36.435581684000169, 2.662810415000081 ], [ 36.435430527000165, 2.66148344700008 ], [ 36.435253143000068, 2.660394478000114 ], [ 36.43510309900006, 2.659461339000131 ], [ 36.434865952000109, 2.65864300700008 ], [ 36.434839249000106, 2.657878280000148 ], [ 36.434642792000091, 2.656890750000116 ], [ 36.434524536000083, 2.655925155000091 ], [ 36.434504191000087, 2.655075471000146 ], [ 36.434432983000079, 2.653833548000136 ], [ 36.434642792000091, 2.652708888000177 ], [ 36.434669494000161, 2.651690722000126 ], [ 36.435091972000123, 2.650565326000105 ], [ 36.435577393000074, 2.649355650000189 ], [ 36.435911178000083, 2.64850068100003 ], [ 36.436270714000159, 2.647809267000071 ], [ 36.436840858000039, 2.646790647000159 ], [ 36.437285106000047, 2.645605962000104 ], [ 36.437661489, 2.644694328000128 ], [ 36.438022137000189, 2.643658310000035 ], [ 36.438257218, 2.642207861000031 ], [ 36.438338916000191, 2.640924970000015 ], [ 36.438445409000053, 2.639134347000095 ], [ 36.43822193200009, 2.637649298000042 ], [ 36.43791198700012, 2.636486530000127 ], [ 36.437876383000059, 2.635512829000106 ], [ 36.438025157000084, 2.634503921000146 ], [ 36.43866539000004, 2.633649588000083 ], [ 36.439788182000029, 2.632523775000095 ], [ 36.44048500100007, 2.63169848900003 ], [ 36.44111022900006, 2.631009912000138 ], [ 36.441816966000033, 2.630209445999981 ], [ 36.442113495000115, 2.629291821000038 ], [ 36.442119598000033, 2.628281235999964 ], [ 36.442259471000114, 2.627430280000112 ], [ 36.442433039000093, 2.626524210000071 ], [ 36.443106079000188, 2.625606060000166 ], [ 36.443982442000163, 2.624725978000129 ], [ 36.444635868000034, 2.623894334000113 ], [ 36.44533920300006, 2.62307872800011 ], [ 36.446052552000026, 2.622438669000189 ], [ 36.446683884000038, 2.621844411000041 ], [ 36.447441101000038, 2.621197144 ], [ 36.448295593000068, 2.620214641000189 ], [ 36.448902130000079, 2.6193012 ], [ 36.44926834100005, 2.618484020000096 ], [ 36.449630737000064, 2.617789348000144 ], [ 36.450086594000027, 2.616897941000047 ], [ 36.450792313000022, 2.615776837000169 ], [ 36.451543808000167, 2.614714344000106 ], [ 36.452489852999975, 2.613707900000122 ], [ 36.453281403000119, 2.613087296000117 ], [ 36.454111099000045, 2.612156510000034 ], [ 36.455263774000116, 2.611507416000165 ], [ 36.456389427000033, 2.611374875000081 ], [ 36.457431793000126, 2.611276547000159 ], [ 36.458206177000079, 2.611151743000107 ], [ 36.459271749000152, 2.611018499000124 ], [ 36.460391998000034, 2.610896885000159 ], [ 36.461557296000194, 2.610564981000039 ], [ 36.462425232000044, 2.609987736000164 ], [ 36.463294983000139, 2.609710931999984 ], [ 36.464207458000089, 2.609618521000073 ], [ 36.465576172000169, 2.609645963000048 ], [ 36.466789246000189, 2.60979652400016 ], [ 36.467905044000133, 2.610110164 ], [ 36.469065666000063, 2.610110164 ], [ 36.470344543000067, 2.610275984000054 ], [ 36.471576691000053, 2.610156 ], [ 36.472658158000115, 2.609517275999963 ], [ 36.473487853999984, 2.608530283000107 ], [ 36.473810196000045, 2.606914520000089 ], [ 36.473829270000181, 2.606035113000075 ], [ 36.473749542000178, 2.604907942000182 ], [ 36.473781586000143, 2.604103486000042 ], [ 36.473831177000079, 2.603141864000065 ], [ 36.474151611000138, 2.602173853000181 ], [ 36.474594116000048, 2.601222158000041 ], [ 36.475183487000038, 2.600260675000129 ], [ 36.475654602000077, 2.599527001000183 ], [ 36.476434390000065, 2.598723213000085 ], [ 36.477456093000171, 2.597568989000024 ], [ 36.478330231000029, 2.596389532000046 ], [ 36.479274750000116, 2.595286011000098 ], [ 36.479774475000113, 2.594702244000018 ], [ 36.480589549000058, 2.593765259000065 ], [ 36.481192271000054, 2.592974186000049 ], [ 36.481616974000076, 2.592268108999974 ], [ 36.48221893300007, 2.591537094000159 ], [ 36.482692718000123, 2.590860605000046 ], [ 36.483226776000038, 2.59009254 ], [ 36.483699799000192, 2.589434624000091 ], [ 36.484382629000038, 2.588630200000182 ], [ 36.484905243000128, 2.587879896000061 ], [ 36.485477447000051, 2.587093234000179 ], [ 36.486064441999986, 2.586554407000108 ], [ 36.486951192, 2.585355759000038 ], [ 36.487907410000105, 2.583986044000142 ], [ 36.488646190000111, 2.582779189 ], [ 36.489271545000065, 2.581883287000153 ], [ 36.490244865000136, 2.581060708000052 ], [ 36.491068840000025, 2.580154061000087 ], [ 36.491747283999985, 2.578988027000037 ], [ 36.49251174900013, 2.577647781000167 ], [ 36.493039449000094, 2.576866229000188 ], [ 36.493534088000047, 2.576048374000095 ], [ 36.494050979000122, 2.575446129000056 ], [ 36.494981766000137, 2.574487526999974 ], [ 36.496193250000147, 2.57353848200006 ], [ 36.497500102000117, 2.572663069000043 ], [ 36.498457591000033, 2.572021723000091 ], [ 36.499862989000121, 2.571275989000185 ], [ 36.500885010000047, 2.570658563999984 ], [ 36.501652527000033, 2.570170355000187 ], [ 36.502458572000023, 2.569687486000134 ], [ 36.503097534000176, 2.569251061000159 ], [ 36.504170418000115, 2.568453511000087 ], [ 36.505271912000126, 2.567512035000163 ], [ 36.506040573, 2.56689119400005 ], [ 36.506717681999987, 2.566522360000079 ], [ 36.507786751000083, 2.565839886999981 ], [ 36.508874893000041, 2.565262199000188 ], [ 36.509806315000048, 2.564643701000136 ], [ 36.510803223000096, 2.563922405000142 ], [ 36.511837006000121, 2.563123703000144 ], [ 36.512636821000115, 2.562380155000085 ], [ 36.513319016000139, 2.561697721000087 ], [ 36.514276505000055, 2.560993970000084 ], [ 36.51507568400018, 2.560253143000125 ], [ 36.515512466000075, 2.55948507800008 ], [ 36.515994072000183, 2.558378696000034 ], [ 36.516236623000054, 2.557250341000042 ], [ 36.516474724000147, 2.55620312700006 ], [ 36.516781807000029, 2.554933667000171 ], [ 36.517086028999984, 2.553707957000029 ], [ 36.517279625000015, 2.552583039000012 ], [ 36.517518361000043, 2.551539183000159 ], [ 36.517798424000034, 2.550554693000038 ], [ 36.518253326000035, 2.549485445000073 ], [ 36.518667063000066, 2.548579355000072 ], [ 36.519094467000116, 2.547475815000041 ], [ 36.519308090000095, 2.546692133000022 ], [ 36.519445419000192, 2.545785785000021 ], [ 36.519629160000193, 2.544829051000079 ], [ 36.519901276000155, 2.544099188000189 ], [ 36.520275116000164, 2.542976737000117 ], [ 36.520687103000057, 2.541901588999963 ], [ 36.521105957000088, 2.54097013500018 ], [ 36.521511078000117, 2.539866686000096 ], [ 36.521922705000179, 2.538951627000131 ], [ 36.522241593000047, 2.53787553300009 ], [ 36.522514343000068, 2.537026310000101 ], [ 36.522872925000058, 2.536234299 ], [ 36.523382187000095, 2.5351958870001 ], [ 36.524001312000109, 2.533991385000093 ], [ 36.524288178, 2.533013701000186 ], [ 36.5243988040001, 2.531769453999971 ], [ 36.524260521000144, 2.530352651999976 ], [ 36.524177551000037, 2.528890133000061 ], [ 36.524454117000175, 2.527710199000126 ], [ 36.524762153999973, 2.526741743000116 ], [ 36.525565084000164, 2.525461801000063 ], [ 36.526505788000179, 2.524806182000077 ], [ 36.527552033000177, 2.524307489000137 ], [ 36.528333043000146, 2.523969689000069 ], [ 36.529230499000107, 2.523532057000125 ], [ 36.530065537000098, 2.522756159000039 ], [ 36.530305862000034, 2.52165579800004 ], [ 36.530483246000131, 2.520691395000085 ], [ 36.530499776000056, 2.51945106200003 ], [ 36.530521393000186, 2.518607378000013 ], [ 36.530499776000056, 2.517738183000176 ], [ 36.530305862000034, 2.516665339000042 ], [ 36.530212402000132, 2.515334725000059 ], [ 36.530084610000188, 2.51425623900019 ], [ 36.530084610000188, 2.513248085999976 ], [ 36.530084610000188, 2.512258530000167 ], [ 36.53004296600011, 2.510969957000043 ], [ 36.529911041000105, 2.509842475000028 ], [ 36.529857636000088, 2.508876483000051 ], [ 36.529828390000148, 2.508036693000179 ], [ 36.529918671000075, 2.506887317000121 ], [ 36.530120850000174, 2.505828905000101 ], [ 36.530305862000034, 2.504840374000139 ], [ 36.530726433000098, 2.503770371000144 ], [ 36.531026204000113, 2.502709707000122 ], [ 36.531141281000146, 2.501693845000091 ], [ 36.531141281000146, 2.500869988999966 ], [ 36.53108596800007, 2.500064850000058 ], [ 36.530868530000021, 2.499183178000123 ], [ 36.530582428000173, 2.498164129000088 ], [ 36.529929161000041, 2.496754666000072 ], [ 36.529197693000071, 2.495474517000105 ], [ 36.528709412000069, 2.49480211700012 ], [ 36.528414726000051, 2.494061053000053 ], [ 36.528093338000076, 2.493267536000019 ], [ 36.527931976000048, 2.492252398000062 ], [ 36.527975718000164, 2.491228422000063 ], [ 36.527984170000138, 2.489786504000165 ], [ 36.527740479000101, 2.488589954000076 ], [ 36.527522087000193, 2.487198591000151 ], [ 36.527450010000166, 2.486096838000037 ], [ 36.527324676000092, 2.485194802000024 ], [ 36.527449290000106, 2.48424387 ], [ 36.527577400000041, 2.483347654000113 ], [ 36.527706146000014, 2.482481361000112 ], [ 36.527956009000036, 2.481633484000042 ], [ 36.52804374699997, 2.480873227000131 ], [ 36.528360748000182, 2.479827404 ], [ 36.528696060000073, 2.478713988999971 ], [ 36.529156049, 2.477383872000132 ], [ 36.529407501000037, 2.476316929000063 ], [ 36.529462814000055, 2.475511670000117 ], [ 36.529462814000055, 2.47465741700006 ], [ 36.529461169000058, 2.47351601400004 ], [ 36.529298783000115, 2.472113013000069 ], [ 36.529224396000075, 2.471307874000104 ], [ 36.52864693700019, 2.470005866000065 ], [ 36.528093338000076, 2.468695879000109 ], [ 36.527667999000187, 2.467909217000056 ], [ 36.527250290000154, 2.467232704000082 ], [ 36.526842753000096, 2.466545026000063 ], [ 36.526353836000055, 2.46534901800004 ], [ 36.525880814000175, 2.464270472000123 ], [ 36.525690556000086, 2.463120371000116 ], [ 36.525402546000066, 2.461741566000171 ], [ 36.525195122000127, 2.460567176000154 ], [ 36.525007883000171, 2.459754308000015 ], [ 36.52483291600015, 2.459002733000091 ], [ 36.524636950000115, 2.457767929000113 ], [ 36.524477386000058, 2.456399155000156 ], [ 36.524446487000091, 2.455434799000159 ], [ 36.524423981000155, 2.454296732000046 ], [ 36.524298350000151, 2.452671369000086 ], [ 36.524278641000024, 2.451471567000112 ], [ 36.524278641000024, 2.450697541000011 ], [ 36.524278641000024, 2.449898362000056 ], [ 36.524291991999974, 2.449111819000109 ], [ 36.524401092000119, 2.448095417000047 ], [ 36.524433136000141, 2.447035909000135 ], [ 36.524492900000098, 2.446192344000053 ], [ 36.524692536000089, 2.445425034000152 ], [ 36.524965922000149, 2.444609245000038 ], [ 36.52525329600013, 2.443795919000081 ], [ 36.525607109000191, 2.442842661999975 ], [ 36.526261012000191, 2.441762923999988 ], [ 36.527040482000189, 2.440687776000061 ], [ 36.527672484999982, 2.439863998000078 ], [ 36.528067271000168, 2.439082623000047 ], [ 36.52847766900004, 2.438284099000043 ], [ 36.52918624900019, 2.437259674000074 ], [ 36.529702504, 2.436224540000069 ], [ 36.530069351000066, 2.435528517000137 ], [ 36.530682564000131, 2.434583008000118 ], [ 36.531501770000034, 2.433183134000103 ], [ 36.532026927000061, 2.432215929000108 ], [ 36.532389641000066, 2.431009352000046 ], [ 36.532767296000088, 2.429785490000029 ], [ 36.53290748600017, 2.428887605000057 ], [ 36.533096520000186, 2.427891517000091 ], [ 36.533494948999987, 2.426330685999972 ], [ 36.533759308000128, 2.425109577000114 ], [ 36.534102440000083, 2.423560440000131 ], [ 36.534446716000161, 2.422219896000058 ], [ 36.534845988000143, 2.421399911000151 ], [ 36.535173416000077, 2.42067903300017 ], [ 36.535652938000112, 2.419657278000102 ], [ 36.535924911000166, 2.418710828000144 ], [ 36.5364761350001, 2.417703867000057 ], [ 36.536864472, 2.416597366000076 ], [ 36.53708801300013, 2.41556892400007 ], [ 36.537268753000149, 2.414453045000187 ], [ 36.53746032700019, 2.413643122000053 ], [ 36.53768539400005, 2.412876447000087 ], [ 36.537991333000093, 2.411923361000106 ], [ 36.538110733000167, 2.410884380000027 ], [ 36.538395882000088, 2.410001695000119 ], [ 36.538609822000183, 2.408745448000161 ], [ 36.53894729600006, 2.407633543000088 ], [ 36.539689064000129, 2.406571031000112 ], [ 36.540289561000179, 2.405678034000061 ], [ 36.540970612000137, 2.405069685000058 ], [ 36.5421361920001, 2.404333293000036 ], [ 36.543144226000038, 2.40390181500004 ], [ 36.5438741050001, 2.403616746000182 ], [ 36.544946671000048, 2.403450608000128 ], [ 36.546179199000051, 2.403303957000162 ], [ 36.547236124000165, 2.403275013000098 ], [ 36.548055649000048, 2.403044760000114 ], [ 36.548697662000166, 2.402514028999974 ], [ 36.549500147000174, 2.401712457000087 ], [ 36.550496674000158, 2.400723791000189 ], [ 36.551488876000178, 2.399742126000035 ], [ 36.552698408000026, 2.398773193000068 ], [ 36.553894399000171, 2.398227681000094 ], [ 36.554912567000031, 2.397813678000034 ], [ 36.555964470000106, 2.397481620000065 ], [ 36.557072957000059, 2.397187153000118 ], [ 36.558284760000049, 2.396796608000045 ], [ 36.559580803000074, 2.396591186000137 ], [ 36.560644785000193, 2.396650156000021 ], [ 36.561595917000034, 2.397162056000127 ], [ 36.562419127999988, 2.397700834000091 ], [ 36.563703820000057, 2.398646250000183 ], [ 36.564805985000078, 2.399037003000046 ], [ 36.565635681000117, 2.39931368800012 ], [ 36.566577148000135, 2.400146103000168 ], [ 36.566981255000087, 2.400920180000185 ], [ 36.567230225000117, 2.40205573999998 ], [ 36.567362213000024, 2.402997589000051 ], [ 36.56773821500019, 2.404058774000021 ], [ 36.568524933000106, 2.404795742000033 ], [ 36.569314957000074, 2.405061483999987 ], [ 36.570342064000101, 2.405037880000179 ], [ 36.571534157000031, 2.404790521000052 ], [ 36.572642009000049, 2.404622396000093 ], [ 36.57344563800018, 2.404387315000065 ], [ 36.57457224500007, 2.40418430200009 ], [ 36.575739860000112, 2.404030919000093 ], [ 36.576780701000189, 2.404538393000166 ], [ 36.57735169100016, 2.405358043000092 ], [ 36.578108978000046, 2.406305599000177 ], [ 36.579172810000102, 2.40681040100003 ], [ 36.580424309000193, 2.4068808560001 ], [ 36.581405640000128, 2.406656623000117 ], [ 36.58239078500003, 2.406625152000061 ], [ 36.583807373000184, 2.406656122000129 ], [ 36.584924316000127, 2.406784391000031 ], [ 36.585761976000128, 2.407024908000096 ], [ 36.586832682000079, 2.407401879000133 ], [ 36.587628936999977, 2.407966805000115 ], [ 36.58859888700016, 2.40865254400012 ], [ 36.589412689000142, 2.409242034000044 ], [ 36.590165456000193, 2.410099108999987 ], [ 36.590756226, 2.410993337000093 ], [ 36.591231537000169, 2.412241077000147 ], [ 36.591594696000129, 2.413082872000075 ], [ 36.592294693000042, 2.413438320000125 ], [ 36.593170777000068, 2.413112980000051 ], [ 36.593729591000113, 2.411907625000083 ], [ 36.594461441000078, 2.411318064000056 ], [ 36.595542590000093, 2.410670539000023 ], [ 36.596872850000011, 2.409886123000149 ], [ 36.59817282400013, 2.408945859000141 ], [ 36.599273682000103, 2.408193747000098 ], [ 36.600097656000059, 2.407509208000022 ], [ 36.600887299000078, 2.407106042000066 ], [ 36.601852417000032, 2.406376457000022 ], [ 36.602436066000053, 2.405573726000114 ], [ 36.602404570000147, 2.404801879000104 ], [ 36.603337836000094, 2.403652675000046 ], [ 36.603888290000157, 2.403061048000041 ], [ 36.604304401000036, 2.402346339000133 ], [ 36.605073909000112, 2.400444864000121 ], [ 36.605254432000038, 2.398326613999984 ], [ 36.605767665000144, 2.397357260000092 ], [ 36.607399067000131, 2.396082502000127 ], [ 36.608733100000109, 2.395624530000077 ], [ 36.610995531000128, 2.395964266000135 ], [ 36.612182825000161, 2.396228026000074 ], [ 36.613349492000111, 2.396543762000078 ], [ 36.615580136000119, 2.397064945000125 ], [ 36.616451734000123, 2.397370913999964 ], [ 36.618051265000076, 2.398027499000023 ], [ 36.619356864000167, 2.39872512300002 ], [ 36.620033093000075, 2.399963956000136 ], [ 36.620665429000155, 2.401974016000167 ], [ 36.621516448000136, 2.403696845000184 ], [ 36.621752018000109, 2.404654510000057 ], [ 36.621813882000083, 2.405599382000105 ], [ 36.621871255000087, 2.40731801700008 ], [ 36.621872607000057, 2.408082532000037 ], [ 36.621356844000104, 2.410460356000158 ], [ 36.621296660000098, 2.412312812000096 ], [ 36.621708480000052, 2.41322261300013 ], [ 36.623088837000125, 2.414558887000055 ], [ 36.624350550000145, 2.414600519000146 ], [ 36.626642687000185, 2.414091156000154 ], [ 36.627768189000051, 2.413590848000183 ], [ 36.630002231000162, 2.412605318000146 ], [ 36.630781871000181, 2.41220988800012 ], [ 36.63146591200001, 2.411832094000147 ], [ 36.631619673000046, 2.409806131000096 ], [ 36.632216945999971, 2.408668625000132 ], [ 36.633332910000149, 2.407394774000124 ], [ 36.633686066000053, 2.405625701000076 ], [ 36.635087967000118, 2.404339790000165 ], [ 36.636528015000067, 2.404820204000089 ], [ 36.637939854000138, 2.406254272000126 ], [ 36.63867579700019, 2.406652134000183 ], [ 36.639365252000118, 2.403947837000146 ], [ 36.639121714, 2.401567654000132 ], [ 36.63910923300017, 2.400774811000133 ], [ 36.639160156000173, 2.397710800000027 ], [ 36.638984680000078, 2.396455050000043 ], [ 36.638767242000029, 2.394886494000104 ], [ 36.638183594000054, 2.392159700000093 ], [ 36.638572693000185, 2.391187429000013 ], [ 36.639450073000091, 2.39254903799997 ], [ 36.640033722000169, 2.393717766000066 ], [ 36.641300201000035, 2.395373344000063 ], [ 36.641689301000099, 2.397418499000082 ], [ 36.64212163100018, 2.399310908000075 ], [ 36.642566518000137, 2.400392223000097 ], [ 36.643262655000058, 2.403059623 ], [ 36.643858817000194, 2.405622908999987 ], [ 36.644151345000068, 2.408733930000096 ], [ 36.643756795000115, 2.411644720000083 ], [ 36.643459726000117, 2.414744419000101 ], [ 36.643539429000043, 2.41709113100012 ], [ 36.644389129000047, 2.417598092000048 ], [ 36.644992580000121, 2.417091766000112 ], [ 36.645934834000116, 2.41598651400011 ], [ 36.64638895600018, 2.41497741000012 ], [ 36.647412461000044, 2.413123920999965 ], [ 36.648506165000128, 2.413195610000116 ], [ 36.649182396000072, 2.415345087000105 ], [ 36.65010022600012, 2.416896402000077 ], [ 36.650838468000131, 2.417839172000129 ], [ 36.652065277000077, 2.418643594000059 ], [ 36.654551533000131, 2.418505956000047 ], [ 36.656343224000125, 2.418842669000128 ], [ 36.657865893000064, 2.420032423000123 ], [ 36.659099132000051, 2.422943214000043 ], [ 36.660295281000174, 2.426216525000029 ], [ 36.661107444000152, 2.427882063000027 ], [ 36.661625557000093, 2.428818133 ], [ 36.662271595000107, 2.429927066 ], [ 36.663664038000093, 2.43211032 ], [ 36.664187827000035, 2.433045810000124 ], [ 36.664736233000099, 2.433888952000075 ], [ 36.6664517050001, 2.435968253999988 ], [ 36.668023623000124, 2.438286231 ], [ 36.668896694000182, 2.439957876000051 ], [ 36.670355273000155, 2.442588751000017 ], [ 36.670784121000111, 2.443293936000032 ], [ 36.671711340000172, 2.444535809 ], [ 36.67335972800015, 2.446575928000186 ], [ 36.674799330000042, 2.44798884 ], [ 36.675767206000046, 2.448848855 ], [ 36.676950896000108, 2.449538188000133 ], [ 36.677944057000104, 2.450435858000162 ], [ 36.678588053999988, 2.451017233000186 ], [ 36.679178599000124, 2.451706634000118 ], [ 36.680197644000145, 2.452895946000126 ], [ 36.681009901000095, 2.453719004 ], [ 36.68311803500012, 2.455431530000112 ], [ 36.68366719900007, 2.456036602000097 ], [ 36.684307577000084, 2.45676440200009 ], [ 36.685496077000039, 2.457775785000024 ], [ 36.687015292000069, 2.458356762000051 ], [ 36.688081097000065, 2.458409993000089 ], [ 36.690043595000077, 2.457675376000168 ], [ 36.690969282000026, 2.457143614000017 ], [ 36.691787121000061, 2.456598732999964 ], [ 36.693638846000113, 2.455530295000017 ], [ 36.694339669000101, 2.455200445000116 ], [ 36.695348873000114, 2.454747407000127 ], [ 36.69632720900006, 2.454001427000037 ], [ 36.697982788000161, 2.453806639000049 ], [ 36.698964980000085, 2.454266264000182 ], [ 36.699403272999973, 2.456061061000071 ], [ 36.699692522000021, 2.45733186700005 ], [ 36.699754766000012, 2.459058786000071 ], [ 36.699195991000067, 2.460239915000159 ], [ 36.698849983000059, 2.46094856600007 ], [ 36.698078156000065, 2.46227932000005 ], [ 36.697689056000172, 2.464227200000096 ], [ 36.69787965900008, 2.465142834 ], [ 36.69815049000016, 2.466048633000071 ], [ 36.698801594000031, 2.467872017000161 ], [ 36.6992777910001, 2.468675676000146 ], [ 36.699813302000109, 2.469402032000175 ], [ 36.700747133000164, 2.470694444000173 ], [ 36.701197088000185, 2.471440792000124 ], [ 36.701544056000103, 2.472134176000111 ], [ 36.702665795000087, 2.47464994700016 ], [ 36.703463841000087, 2.477315285999964 ], [ 36.703569744000049, 2.478698985000165 ], [ 36.703451515000097, 2.479598164000038 ], [ 36.703236388000164, 2.480602273000102 ], [ 36.702991959000087, 2.481746578000184 ], [ 36.70277261200016, 2.482551027 ], [ 36.702436818000081, 2.483727444000124 ], [ 36.701876696000113, 2.486540623000053 ], [ 36.702091162999977, 2.488968761000081 ], [ 36.702389104000019, 2.491882279000095 ], [ 36.702573833000145, 2.493265677000181 ], [ 36.70268083000019, 2.49451675 ], [ 36.702666275000126, 2.497353716000077 ], [ 36.702171654000153, 2.500059207000049 ], [ 36.701903212000161, 2.501551957000117 ], [ 36.701729421000095, 2.502527816000111 ], [ 36.701666349, 2.503951577000066 ], [ 36.701598296000157, 2.505423441000119 ], [ 36.701509411000188, 2.506304601000068 ], [ 36.701225078, 2.508233331000099 ], [ 36.701007079000192, 2.509100060000151 ], [ 36.700797428000158, 2.510105533000115 ], [ 36.700530942000114, 2.51225510800009 ], [ 36.701370239000028, 2.512567405000084 ], [ 36.704410553000059, 2.512638097000035 ], [ 36.705793222000125, 2.51226738400004 ], [ 36.707328796000184, 2.511460543000169 ], [ 36.707806677, 2.510158219000061 ], [ 36.708175372000085, 2.508919132000074 ], [ 36.70848451500018, 2.508072974000072 ], [ 36.709377289000145, 2.50756549800019 ], [ 36.71105433200006, 2.508545548000086 ], [ 36.712783687000069, 2.50833657000004 ], [ 36.713754694000045, 2.508110221000038 ], [ 36.715493560000027, 2.508249517000024 ], [ 36.717836606000105, 2.508876962000159 ], [ 36.718969710000067, 2.509227427000098 ], [ 36.720173577000082, 2.509640631000025 ], [ 36.721845061000181, 2.510244781000097 ], [ 36.722599064000121, 2.510509884000101 ], [ 36.725854845000129, 2.511456339000176 ], [ 36.728668190000121, 2.512147277000111 ], [ 36.731186183000034, 2.512211555000135 ], [ 36.732697201000178, 2.512377334000064 ], [ 36.733617524000181, 2.512570937000021 ], [ 36.735952231000169, 2.513155091000044 ], [ 36.736981889000106, 2.513430811000092 ], [ 36.738010649000159, 2.51368020000001 ], [ 36.739681224000094, 2.514092302000051 ], [ 36.740475796999988, 2.514169854000045 ], [ 36.741317749000018, 2.514169854000045 ], [ 36.743189591000032, 2.514128475000064 ], [ 36.745561246000022, 2.51383297100017 ], [ 36.748698937000029, 2.513775066000051 ], [ 36.750585688000115, 2.514844944000117 ], [ 36.751713195000036, 2.515390488000151 ], [ 36.753977263000138, 2.515847644000132 ], [ 36.756414767000024, 2.515632310000058 ], [ 36.757399019000104, 2.515467806000174 ], [ 36.759192238000082, 2.514763586000129 ], [ 36.76547410500018, 2.493645325000102 ], [ 36.767274373000078, 2.48967110000018 ], [ 36.770555156, 2.48254422499997 ], [ 36.775193566000098, 2.46943330400012 ], [ 36.777068629999974, 2.464239667000186 ], [ 36.782193551000091, 2.449947242000064 ], [ 36.786096676, 2.439076438000143 ], [ 36.788852800000143, 2.431575280000118 ], [ 36.796163003000061, 2.411348689000022 ], [ 36.799889834000169, 2.400943177000045 ], [ 36.805091457, 2.386531611000123 ], [ 36.815603257000078, 2.356992125999966 ], [ 36.825271795000162, 2.330532329000164 ], [ 36.83499125600008, 2.303149248000125 ], [ 36.837257055000066, 2.296933833000026 ], [ 36.84484481800007, 2.275682926000059 ], [ 36.844554319000054, 2.274961546000043 ], [ 36.85289244300003, 2.265731244000165 ], [ 36.864594188000069, 2.254452182000023 ], [ 36.882658817000163, 2.216113707000034 ], [ 36.892274373000134, 2.195640746000095 ], [ 36.894888537000099, 2.192729956000164 ], [ 36.896752157000094, 2.183128921000048 ], [ 36.900316291000138, 2.164307276000159 ], [ 36.90047127400004, 2.163463366000144 ], [ 36.901599285000032, 2.157255203000091 ], [ 36.902784841000084, 2.154269021000118 ], [ 36.913785634000192, 2.12636915000013 ], [ 36.912552395000034, 2.11344286700006 ], [ 36.911960570000133, 2.107857065000132 ], [ 36.911842052000111, 2.104836601000102 ], [ 36.913892259000193, 2.102317325000058 ], [ 36.914626410000096, 2.101849909000123 ], [ 36.916484774000025, 2.101581475999978 ], [ 36.917676675000166, 2.101445781000052 ], [ 36.918857574000072, 2.101357222000104 ], [ 36.919063961000177, 2.095631734000108 ], [ 36.919149674999971, 2.091033070000151 ], [ 36.919150219000016, 2.08986548300004 ], [ 36.918966277000095, 2.084728027999972 ], [ 36.919558101000064, 2.079152477999969 ], [ 36.920199517000185, 2.075649387000112 ], [ 36.920396792000076, 2.070073837000109 ], [ 36.921173823000117, 2.065919044000168 ], [ 36.921373197000094, 2.06485166300007 ], [ 36.921530160000032, 2.06366343600007 ], [ 36.921733304000156, 2.060161538000045 ], [ 36.92128548200003, 2.057739616 ], [ 36.919657692000044, 2.053447187000017 ], [ 36.920199517000185, 2.04954930700012 ], [ 36.920052242000168, 2.044368545000111 ], [ 36.919433601000037, 2.041736965000155 ], [ 36.919264664000025, 2.040552990000151 ], [ 36.919213552000031, 2.039223433000188 ], [ 36.919242175000193, 2.034518748000039 ], [ 36.918669411000053, 2.03085008000005 ], [ 36.917401266000184, 2.026366805000066 ], [ 36.917193487000134, 2.025548155000024 ], [ 36.916997044000141, 2.024676580000119 ], [ 36.91649938900008, 2.022462377000181 ], [ 36.916328430000078, 2.019161463000046 ], [ 36.917221510000047, 2.018656277 ], [ 36.918275999000173, 2.018246128000101 ], [ 36.92108630000007, 2.017775041000107 ], [ 36.924391878000051, 2.018071072000168 ], [ 36.927001389000054, 2.018879086000084 ], [ 36.92797337900015, 2.01935596300018 ], [ 36.928887618000033, 2.019944356999986 ], [ 36.933303936000073, 2.022912773000144 ], [ 36.934063975000129, 2.023373302000095 ], [ 36.934784273000048, 2.02377571400001 ], [ 36.937466918000098, 2.025274530000047 ], [ 36.939710320000074, 2.026002344000062 ], [ 36.940822089000108, 2.026317301000063 ], [ 36.94603698800006, 2.026752439 ], [ 36.947475903000168, 2.026753662000033 ], [ 36.948789790999967, 2.026483725000162 ], [ 36.951972472000136, 2.025175774000047 ], [ 36.955354744000033, 2.02263559700009 ], [ 36.956047561999981, 2.022115472000166 ], [ 36.956659404000163, 2.021611463999989 ], [ 36.958600795000166, 2.01996401800011 ], [ 36.960952834000125, 2.018071191000104 ], [ 36.963469314000179, 2.016443283000058 ], [ 36.97077188600008, 2.012249491000148 ], [ 36.976494353000078, 2.008647762000123 ], [ 36.997271978000128, 1.999759567000012 ], [ 36.998040586000172, 1.998966369000129 ], [ 36.999959289000174, 1.996272661000035 ], [ 37.001398495000046, 1.994060142000023 ], [ 37.002143105000016, 1.993036280000183 ], [ 37.003082258, 1.992068668000059 ], [ 37.004354647000071, 1.990735606999976 ], [ 37.007781524000166, 1.9867049610001 ], [ 37.008356282000136, 1.986035245000096 ], [ 37.008996661000083, 1.985515027000076 ], [ 37.010576083000046, 1.984690713000077 ], [ 37.011352724000062, 1.984426859000052 ], [ 37.012403346000156, 1.9843560650001 ], [ 37.015795766000167, 1.98416980900015 ], [ 37.019294805000072, 1.984042442000145 ], [ 37.024660253000093, 1.983825639000088 ], [ 37.027991652000139, 1.983652065000115 ], [ 37.031254298000079, 1.983555107000086 ], [ 37.032274805000043, 1.98352474800015 ], [ 37.033257293000133, 1.983496022000054 ], [ 37.036753759000078, 1.983427193000125 ], [ 37.041982085000143, 1.983255787000189 ], [ 37.047198967000099, 1.983152262000033 ], [ 37.05409363900003, 1.983042777000151 ], [ 37.057799489000047, 1.982951113000183 ], [ 37.063091166999982, 1.982841627000028 ], [ 37.066578762000177, 1.982755924000116 ], [ 37.071887606000132, 1.98256079500004 ], [ 37.075356127000134, 1.982531053000059 ], [ 37.077457687000162, 1.982088668000131 ], [ 37.078883367000174, 1.981617030000052 ], [ 37.080246510000052, 1.980958631000021 ], [ 37.082931332000157, 1.979668791000051 ], [ 37.083726343000137, 1.979288613 ], [ 37.086791524000148, 1.977849140000046 ], [ 37.089997512000025, 1.976258008000173 ], [ 37.093155816000035, 1.974752519000049 ], [ 37.095275276000109, 1.974074713999983 ], [ 37.096613045000026, 1.973707064000166 ], [ 37.101682091000043, 1.972557939000183 ], [ 37.105077724000068, 1.97176532300017 ], [ 37.108496245000026, 1.971070332000124 ], [ 37.113654000000167, 1.970040864 ], [ 37.115777257000104, 1.969647925000118 ], [ 37.116760572000032, 1.969449886000177 ], [ 37.11919100800003, 1.968806791000134 ], [ 37.120430476000081, 1.968242659 ], [ 37.121944365, 1.967433211000184 ], [ 37.122857039000053, 1.96713855400003 ], [ 37.127454787000147, 1.966456241000174 ], [ 37.129579955000111, 1.966162224000072 ], [ 37.130587744000081, 1.966033480000078 ], [ 37.132958999000095, 1.965829130999964 ], [ 37.135076179000123, 1.96545938600002 ], [ 37.13988418800011, 1.965347090000137 ], [ 37.143364700000177, 1.965103252000063 ], [ 37.144275984000046, 1.96506616500011 ], [ 37.145159392000153, 1.965040245000068 ], [ 37.148661553000125, 1.964853247000065 ], [ 37.150399239000194, 1.964762968000116 ], [ 37.151784937000059, 1.964716622000026 ], [ 37.153885243000104, 1.964473076000104 ], [ 37.154835790000163, 1.964365246000114 ], [ 37.155669157000091, 1.964168351000069 ], [ 37.157571892000078, 1.963737349000098 ], [ 37.158865007000031, 1.963673103000133 ], [ 37.16010897000001, 1.964082679000057 ], [ 37.161220806000188, 1.964583615000151 ], [ 37.161526702000117, 1.963293728000053 ], [ 37.162169289000076, 1.957843547000039 ], [ 37.162370378999981, 1.954258924000044 ], [ 37.162677316999975, 1.949031774000048 ], [ 37.162797186000034, 1.947106848000146 ], [ 37.162912009000024, 1.945509173 ], [ 37.162970664, 1.944398276000015 ], [ 37.163150429000041, 1.943599099999972 ], [ 37.163545963000104, 1.941886433000093 ], [ 37.163734633000104, 1.941049924000083 ], [ 37.163931411000192, 1.9401717020001 ], [ 37.164246042, 1.939397820000181 ], [ 37.164636686, 1.938438851000171 ], [ 37.165118624000115, 1.937264743000185 ], [ 37.167179360000091, 1.933765328999982 ], [ 37.16897772100009, 1.93084005500009 ], [ 37.170838029000038, 1.927846136000085 ], [ 37.17136711600017, 1.927144582000096 ], [ 37.171972716000028, 1.926443257000074 ], [ 37.173154824000108, 1.925072833 ], [ 37.175498386000072, 1.922530548000054 ], [ 37.176247852000074, 1.921734356000115 ], [ 37.177138539000168, 1.921001354000055 ], [ 37.17823661500006, 1.920186364000074 ], [ 37.181072109000183, 1.918074994 ], [ 37.183956435000084, 1.916028038000093 ], [ 37.186626779000051, 1.914035390000095 ], [ 37.187488788000053, 1.913448806000076 ], [ 37.189672646000076, 1.912009667000063 ], [ 37.19036455000014, 1.911536333000186 ], [ 37.191090916, 1.911031688000094 ], [ 37.195475574000056, 1.908072083000093 ], [ 37.196673955000051, 1.907278216 ], [ 37.197958312000139, 1.906427361000055 ], [ 37.200039008000033, 1.904968994000114 ], [ 37.201210076000109, 1.90415321800009 ], [ 37.201979364000124, 1.903641449000133 ], [ 37.202778876000025, 1.903108894000184 ], [ 37.204494914000122, 1.902005930000087 ], [ 37.205300751000095, 1.901457383000036 ], [ 37.207378158000097, 1.900020358000063 ], [ 37.208548642000153, 1.899191869 ], [ 37.210000792000187, 1.898172925999972 ], [ 37.211440276000133, 1.89725262900015 ], [ 37.212450924000052, 1.896615768000117 ], [ 37.213302499000065, 1.896040993000099 ], [ 37.214558230000137, 1.895180168000024 ], [ 37.215311544000144, 1.894636992000187 ], [ 37.215852787000074, 1.894060715000023 ], [ 37.217327118000128, 1.893149614000038 ], [ 37.218915641000194, 1.891852245000052 ], [ 37.219567666000046, 1.891385721 ], [ 37.220118472000138, 1.890838478000148 ], [ 37.220730954000032, 1.890087299000072 ], [ 37.221382430000119, 1.889195991 ], [ 37.221866195000075, 1.888545629000021 ], [ 37.222340608000138, 1.887851580000074 ], [ 37.223359247000133, 1.886357983000039 ], [ 37.223838658000091, 1.885628877000102 ], [ 37.224336817000051, 1.884849952000081 ], [ 37.226268107000124, 1.881907029 ], [ 37.227037278000068, 1.880727071000081 ], [ 37.227784668000083, 1.879563585000085 ], [ 37.229175864000126, 1.877397662000021 ], [ 37.229631676000167, 1.876708216000168 ], [ 37.230140275000053, 1.875986605999969 ], [ 37.231190391999974, 1.87455892800017 ], [ 37.232437157000049, 1.873374774000069 ], [ 37.233255807000091, 1.872584445000143 ], [ 37.234098152000058, 1.871999821000088 ], [ 37.235317529000156, 1.871721231000095 ], [ 37.237152504000164, 1.871571732000064 ], [ 37.240543602000116, 1.871640638000088 ], [ 37.241475480000133, 1.871663968000064 ], [ 37.242317200000116, 1.871675257000049 ], [ 37.244052898, 1.871663396000031 ], [ 37.245809977000192, 1.871624114000156 ], [ 37.24668422700006, 1.871577633000129 ], [ 37.247704127000077, 1.871405091000042 ], [ 37.249323277000087, 1.871167600000035 ], [ 37.250111195999978, 1.871065074000114 ], [ 37.251636805000032, 1.871008001000064 ], [ 37.254550800000175, 1.870943637999972 ], [ 37.262103503000048, 1.870626215000129 ], [ 37.263820648000149, 1.870551631000126 ], [ 37.270892077000155, 1.870248676000017 ], [ 37.272897642000089, 1.870016781000118 ], [ 37.274034304, 1.869895151000037 ], [ 37.274469821000082, 1.868467021000129 ], [ 37.27509206700006, 1.866468925000049 ], [ 37.276417496000192, 1.861456473999965 ], [ 37.276652703000025, 1.860546457000112 ], [ 37.276871159000166, 1.859675434000053 ], [ 37.277756231000012, 1.856259019000106 ], [ 37.278663994000112, 1.852857723000056 ], [ 37.279458815000055, 1.849837507000075 ], [ 37.279978280000137, 1.847759943000142 ], [ 37.280175883000027, 1.84695215500011 ], [ 37.280396253000163, 1.846083035000106 ], [ 37.281276463000154, 1.842691991000038 ], [ 37.281565900000032, 1.841549685000189 ], [ 37.281857349000063, 1.840365927000107 ], [ 37.282559180000135, 1.837516946000051 ], [ 37.282892768000067, 1.83619643500009 ], [ 37.283894228000122, 1.832376049 ], [ 37.285334399000192, 1.826897424000151 ], [ 37.285694757000158, 1.825492541000187 ], [ 37.286577465000164, 1.822038776000113 ], [ 37.28739898900011, 1.818729145000134 ], [ 37.287981536000075, 1.816653217000123 ], [ 37.288223573000153, 1.815711097000133 ], [ 37.288764654000033, 1.813547369 ], [ 37.289593807000188, 1.810265573000095 ], [ 37.290183189000118, 1.808132412000077 ], [ 37.290385237000123, 1.807204804000037 ], [ 37.291071355000042, 1.803835149 ], [ 37.292246295000098, 1.800135297000168 ], [ 37.292531194000105, 1.799240393 ], [ 37.292775003000145, 1.798275030000127 ], [ 37.294073497999989, 1.793059795000033 ], [ 37.29545251400009, 1.787842376000071 ], [ 37.296854418000066, 1.782764186 ], [ 37.298152916000049, 1.777576509000028 ], [ 37.299389971000153, 1.772462675000043 ], [ 37.300490505000084, 1.768362484000022 ], [ 37.300747512000157, 1.76739314800011 ], [ 37.302266668000073, 1.761539896000045 ], [ 37.303041084000029, 1.758471123000049 ], [ 37.303823290000082, 1.755413880000106 ], [ 37.304202156000144, 1.75407613800013 ], [ 37.305332734000103, 1.751568997000049 ], [ 37.306125550000161, 1.751280364000081 ], [ 37.307523282000147, 1.750747933000127 ], [ 37.310065288000146, 1.750057121 ], [ 37.316354415000148, 1.7476685150001 ], [ 37.317369167000095, 1.747275841000089 ], [ 37.319683251000072, 1.746339291000083 ], [ 37.324485971000058, 1.744459044 ], [ 37.325775342000043, 1.743950981000182 ], [ 37.327042900000151, 1.743453186000124 ], [ 37.334455153000135, 1.740542266000148 ], [ 37.338178170000106, 1.739054838000129 ], [ 37.340999144000079, 1.737945448 ], [ 37.344297094000126, 1.736573287000112 ], [ 37.348871048000035, 1.734588514000109 ], [ 37.349875927000085, 1.734152430000051 ], [ 37.350887515000124, 1.733680646000096 ], [ 37.35732893100004, 1.730541218000042 ], [ 37.358193657000186, 1.730055462 ], [ 37.358790336000084, 1.729551580000077 ], [ 37.359884798, 1.728149701000177 ], [ 37.362786290000088, 1.723553552000112 ], [ 37.365699227000164, 1.718957342000124 ], [ 37.367690333000041, 1.715883273000088 ], [ 37.368167166000148, 1.715146637000032 ], [ 37.368615084000112, 1.714443024 ], [ 37.369575649000069, 1.712935446000131 ], [ 37.37055347800009, 1.711399908000089 ], [ 37.371048418000157, 1.710634577000121 ], [ 37.371531078000146, 1.70987720800008 ], [ 37.372493959000167, 1.708378697000171 ], [ 37.372965006000129, 1.707645109 ], [ 37.373474097000042, 1.706855987000097 ], [ 37.376382171000159, 1.702245813000047 ], [ 37.376838885000097, 1.701528715000052 ], [ 37.377267917000097, 1.700842117999969 ], [ 37.37925124100002, 1.697671191000097 ], [ 37.381153008000126, 1.69466617400002 ], [ 37.383060497000088, 1.691575454000088 ], [ 37.38517505100009, 1.688341642000069 ], [ 37.385761629000115, 1.687390952999976 ], [ 37.38689454900009, 1.685529776000124 ], [ 37.389909386000056, 1.680848810000043 ], [ 37.39036660700009, 1.680127890999984 ], [ 37.391787862, 1.677860727000166 ], [ 37.392990146000045, 1.676030539000067 ], [ 37.393558394000138, 1.675161465000144 ], [ 37.396676303000106, 1.670291863000102 ], [ 37.397352519000094, 1.669237298000155 ], [ 37.398027034000052, 1.668164285000103 ], [ 37.40048661700007, 1.664249526000106 ], [ 37.403388109000161, 1.659671198000183 ], [ 37.40628793000019, 1.65513101300013 ], [ 37.40698119200016, 1.654055621000168 ], [ 37.407584486000189, 1.652929066000127 ], [ 37.408931702000075, 1.650288628000112 ], [ 37.412154030000067, 1.646048075000181 ], [ 37.414999801000079, 1.641531668000141 ], [ 37.418956740000169, 1.635447851000094 ], [ 37.422852236000097, 1.62934025200002 ], [ 37.426661492000164, 1.623262336000039 ], [ 37.428459853000163, 1.620428308000044 ], [ 37.429736733000141, 1.618441173 ], [ 37.430358400000159, 1.617496579000033 ], [ 37.431562435000046, 1.61566116900002 ], [ 37.432978681000122, 1.613507710000135 ], [ 37.433520404000092, 1.612671785000146 ], [ 37.436424756000065, 1.608116001000155 ], [ 37.436876196000128, 1.607452423000097 ], [ 37.437374372000136, 1.606766053000172 ], [ 37.438462829000059, 1.60526799500002 ], [ 37.440364596000109, 1.60225111699998 ], [ 37.444252446000064, 1.596180308000157 ], [ 37.444778886000108, 1.595354100000179 ], [ 37.445260419000078, 1.594599086000073 ], [ 37.447088695, 1.591730576000032 ], [ 37.448340460000111, 1.589777156000025 ], [ 37.449069072000157, 1.5886398560001 ], [ 37.44987752600008, 1.587443804999964 ], [ 37.451093319000051, 1.585646759000156 ], [ 37.452137970000081, 1.584181574000183 ], [ 37.452658624000151, 1.58344048500004 ], [ 37.453126697000073, 1.582750005000094 ], [ 37.454600871000025, 1.58057512 ], [ 37.45508034400018, 1.579853747000129 ], [ 37.457084041000144, 1.576759074000108 ], [ 37.460083217000147, 1.572352093000063 ], [ 37.461874330000114, 1.569829525000102 ], [ 37.462522770000078, 1.56891583100014 ], [ 37.46318205700004, 1.567931023000028 ], [ 37.466156365000074, 1.563428765000026 ], [ 37.469369381000035, 1.558669118000125 ], [ 37.470488646000149, 1.556976860000077 ], [ 37.47101512, 1.556178574000114 ], [ 37.473146462000159, 1.55296081900002 ], [ 37.473663842000178, 1.55218641800019 ], [ 37.474164617000099, 1.551374680000151 ], [ 37.474892682000075, 1.54998498000009 ], [ 37.475379733000125, 1.549054097000067 ], [ 37.475835317000133, 1.548153774000127 ], [ 37.477275823000127, 1.545351224000058 ], [ 37.478306566000072, 1.543317335000097 ], [ 37.47868809300013, 1.542558348000057 ], [ 37.479107031000126, 1.541741166000122 ], [ 37.479962874000137, 1.54006938100008 ], [ 37.481892597000069, 1.53627506000015 ], [ 37.482286771000133, 1.535497886000144 ], [ 37.483197978000135, 1.533684399000094 ], [ 37.483567461000064, 1.532947938000177 ], [ 37.48398345600009, 1.532104200000163 ], [ 37.484990111000172, 1.530066346000126 ], [ 37.486430141000142, 1.52732083300009 ], [ 37.486841574000152, 1.52653487300006 ], [ 37.487291135000135, 1.525628596000104 ], [ 37.488874163000048, 1.522435615000177 ], [ 37.491393478000191, 1.517642144000149 ], [ 37.491850404000161, 1.51673977500019 ], [ 37.492269890000046, 1.51586736400003 ], [ 37.493756032000078, 1.512773195000079 ], [ 37.495502376000161, 1.509310725000091 ], [ 37.495923320000031, 1.50846658100005 ], [ 37.496969649000164, 1.506349001 ], [ 37.499871142000188, 1.500552037000148 ], [ 37.507673577000105, 1.48664641300013 ], [ 37.516971785000123, 1.470155177000095 ], [ 37.522671364000189, 1.460052848999965 ], [ 37.535865069000181, 1.436550184000055 ], [ 37.542696389000128, 1.424335701000075 ], [ 37.545960006000087, 1.418559062000043 ], [ 37.550788060000059, 1.40996800400012 ], [ 37.558888972000091, 1.396109030000048 ], [ 37.56103220500006, 1.394664974000079 ], [ 37.561717873000134, 1.393924417000051 ], [ 37.562165633000063, 1.393220821000057 ], [ 37.563083649000191, 1.39071285700004 ], [ 37.563860275000138, 1.39022884600007 ], [ 37.564544678000175, 1.38973903700014 ], [ 37.567169967000041, 1.389814669000145 ], [ 37.56857872400019, 1.389534950000041 ], [ 37.57057957100011, 1.38836376800009 ], [ 37.571796501000051, 1.385327055000118 ], [ 37.572194832000037, 1.384011394000026 ], [ 37.572559948000048, 1.383070719000102 ], [ 37.572971812000048, 1.382269721000114 ], [ 37.574182015000076, 1.380370972000094 ], [ 37.576622009000175, 1.380584478 ], [ 37.577525388000026, 1.379870923000055 ], [ 37.578868517000046, 1.377854850000119 ], [ 37.580096298000115, 1.37555895100013 ], [ 37.580606941000042, 1.374758425000152 ], [ 37.581560589000048, 1.373246567000137 ], [ 37.582117407000112, 1.371982391000131 ], [ 37.582756042000085, 1.370358706 ], [ 37.582473974000038, 1.369552777000024 ], [ 37.582091699000102, 1.368753214000037 ], [ 37.580693581000105, 1.366655053000102 ], [ 37.58012771600005, 1.365099669000188 ], [ 37.580711365000127, 1.364028454000106 ], [ 37.581499532000066, 1.364766844999963 ], [ 37.58252870400014, 1.365265763000082 ], [ 37.585676949000117, 1.366852388000154 ], [ 37.587506784000084, 1.367468387000031 ], [ 37.588306427000077, 1.368021369000132 ], [ 37.588314720000142, 1.369774181000025 ], [ 37.588426522000134, 1.370625835000169 ], [ 37.588685662000103, 1.372230603000105 ], [ 37.589771627000175, 1.373858393000091 ], [ 37.589935568000158, 1.375716905000047 ], [ 37.589968902000066, 1.376652134000096 ], [ 37.591139658000088, 1.379166516000112 ], [ 37.591821894000077, 1.379952312000114 ], [ 37.59317679600008, 1.381160488000091 ], [ 37.595199134999973, 1.382936975000064 ], [ 37.597072601000093, 1.384090424000021 ], [ 37.597133632000066, 1.385022746000061 ], [ 37.597219242000051, 1.386033769000164 ], [ 37.597425138000062, 1.388370170000087 ], [ 37.597611341000118, 1.389783217000058 ], [ 37.599672303000091, 1.390738633000069 ], [ 37.600756440000168, 1.388891233000152 ], [ 37.601087642000039, 1.388051738000058 ], [ 37.601498139000171, 1.38689760200009 ], [ 37.601753072, 1.385899025000185 ], [ 37.602006783000149, 1.384789847999969 ], [ 37.602509782000141, 1.383149851999974 ], [ 37.602761908, 1.382405748000053 ], [ 37.603919587000121, 1.38001474500004 ], [ 37.604369766000161, 1.379148786999963 ], [ 37.604936210000176, 1.378306909000116 ], [ 37.606496795000055, 1.376571849000072 ], [ 37.608279506000031, 1.375567629000159 ], [ 37.609113788000116, 1.375149018000059 ], [ 37.611185204000094, 1.374944060000132 ], [ 37.61349880500012, 1.375450896000189 ], [ 37.614482063000139, 1.375840233000133 ], [ 37.615378401000044, 1.376308534999964 ], [ 37.616639576000182, 1.376977501000113 ], [ 37.617451485000117, 1.377349492000064 ], [ 37.619968291000191, 1.377558819000058 ], [ 37.622242403000087, 1.377189607000048 ], [ 37.623073578000174, 1.37756538400015 ], [ 37.622896618000084, 1.379242531999978 ], [ 37.622870701000181, 1.380932438 ], [ 37.623073578000174, 1.382337451000183 ], [ 37.624072788999968, 1.383125313 ], [ 37.625591167000039, 1.38362785400011 ], [ 37.627763097000127, 1.383529157000055 ], [ 37.630283356000064, 1.383506179000108 ], [ 37.630975928000169, 1.38425201300015 ], [ 37.63150896000019, 1.384899303000054 ], [ 37.633387880000043, 1.387574311000037 ], [ 37.635904723000181, 1.38912429700008 ], [ 37.636887328000057, 1.389537284000028 ], [ 37.638219483000057, 1.390032775000066 ], [ 37.640293996000025, 1.391127284000163 ], [ 37.643057750000082, 1.393544649000034 ], [ 37.645721950000052, 1.396214478000047 ], [ 37.646448329, 1.396984485000075 ], [ 37.64769616000018, 1.398330683000097 ], [ 37.649988651000058, 1.399397936000014 ], [ 37.650994518000061, 1.399754760000064 ], [ 37.65228422399997, 1.400176288000125 ], [ 37.654060451000134, 1.400846745000081 ], [ 37.655895233000081, 1.399770021000165 ], [ 37.656427340000107, 1.398381986000174 ], [ 37.656834053000125, 1.397597908000137 ], [ 37.657543281000187, 1.396214851000025 ], [ 37.658114666000131, 1.395459112000083 ], [ 37.658718109000063, 1.394900560000053 ], [ 37.660142421000103, 1.395954141000118 ], [ 37.661209781000139, 1.397289750000027 ], [ 37.662109245000124, 1.397927242000037 ], [ 37.663879395000038, 1.398309231000098 ], [ 37.664733870000134, 1.397713725000017 ], [ 37.665558307000083, 1.3979312190001 ], [ 37.666592931000025, 1.398265729000059 ], [ 37.667472727000188, 1.398559593000016 ], [ 37.668279703000167, 1.398793592000118 ], [ 37.670391070000164, 1.399070258999984 ], [ 37.671873613000173, 1.400941894000027 ], [ 37.672857958000179, 1.401882352000086 ], [ 37.674106598000094, 1.402496934000112 ], [ 37.676929474000076, 1.403275967000184 ], [ 37.677935118000164, 1.402736074000188 ], [ 37.678836128000057, 1.402151313000047 ], [ 37.680036933000054, 1.401121982 ], [ 37.680705756000066, 1.400581909000039 ], [ 37.681933583000102, 1.39962137700013 ], [ 37.683025899000086, 1.39904702400014 ], [ 37.684618588000149, 1.39897225600015 ], [ 37.687265828000136, 1.399958472000037 ], [ 37.690820697000049, 1.401540397000076 ], [ 37.69159209999998, 1.401891806000151 ], [ 37.693085979000045, 1.402573231000133 ], [ 37.695455184000082, 1.40296801900007 ], [ 37.698760763000109, 1.403560201000062 ], [ 37.702560481999967, 1.404547171 ], [ 37.705471511000042, 1.405632719000153 ], [ 37.708387258000187, 1.406496763 ], [ 37.709573247000151, 1.406860101000063 ], [ 37.710839947000181, 1.407171427000094 ], [ 37.713568698000074, 1.407651102000045 ], [ 37.714775797000016, 1.407753993000142 ], [ 37.715885162000063, 1.407753993000142 ], [ 37.719977065000137, 1.407753993000142 ], [ 37.72239503100019, 1.407375435000063 ], [ 37.723161663000042, 1.407217243000161 ], [ 37.725156181000045, 1.406827850000184 ], [ 37.726608063000072, 1.406564007999975 ], [ 37.728463286000192, 1.406470992000095 ], [ 37.731662750000055, 1.406470992000095 ], [ 37.73287579700019, 1.406470992000095 ], [ 37.733993412000189, 1.406546664000189 ], [ 37.736424532000058, 1.406858332000184 ], [ 37.737225393000188, 1.407060849000175 ], [ 37.738168581000025, 1.407501456000091 ], [ 37.739834543000029, 1.408456817 ], [ 37.740681467000115, 1.408942496000179 ], [ 37.741517135000151, 1.409375498000088 ], [ 37.743757940000194, 1.410368752000011 ], [ 37.74605716800005, 1.411686675999988 ], [ 37.747116924000125, 1.41242214500005 ], [ 37.747829437, 1.413014889000067 ], [ 37.749865499000066, 1.412795907000032 ], [ 37.751056949000088, 1.412468297000089 ], [ 37.753305421000164, 1.41183971900017 ], [ 37.7550457910001, 1.411553684000012 ], [ 37.755976994000093, 1.411530583000172 ], [ 37.756740283000113, 1.411687105000112 ], [ 37.758928078000054, 1.412641162000114 ], [ 37.759980752000104, 1.41303913400003 ], [ 37.760993140000039, 1.413334183000188 ], [ 37.763044454000124, 1.413788680000039 ], [ 37.763875573000064, 1.413848090000158 ], [ 37.764774783000178, 1.413810595000143 ], [ 37.766626901000109, 1.413687450000168 ], [ 37.767494536000072, 1.413745729000141 ], [ 37.768480762000138, 1.413852250000161 ], [ 37.770145072000162, 1.414097736000031 ], [ 37.771040668000182, 1.413780304000056 ], [ 37.772621963, 1.412822675000143 ], [ 37.773455846, 1.412599860000057 ], [ 37.77627190100003, 1.412342633000037 ], [ 37.778217316000166, 1.41155445600009 ], [ 37.77913293000006, 1.412146542000073 ], [ 37.779666893000126, 1.413285147000011 ], [ 37.7802392480001, 1.415166313000043 ], [ 37.78071637700009, 1.416496672000108 ], [ 37.78113261600015, 1.417297176000091 ], [ 37.781653730000073, 1.418195522000133 ], [ 37.782495265000193, 1.418856457 ], [ 37.783774602000051, 1.418984695000177 ], [ 37.784861034000073, 1.4186105 ], [ 37.786385912000128, 1.417029969000055 ], [ 37.787835044000133, 1.415488837999987 ], [ 37.790480590000186, 1.415056089000188 ], [ 37.792309073000013, 1.414797471000099 ], [ 37.793410015000177, 1.414650324000092 ], [ 37.795319753000115, 1.414570720000086 ], [ 37.796379393, 1.415120927000032 ], [ 37.797783162000087, 1.41633909 ], [ 37.799346925000066, 1.417494773000158 ], [ 37.800305229000116, 1.418061590999969 ], [ 37.80207443200004, 1.418015577000062 ], [ 37.803274373000136, 1.41794073 ], [ 37.804414860000065, 1.417804711000031 ], [ 37.806650740000123, 1.417580469000143 ], [ 37.807677804000036, 1.417473197000163 ], [ 37.808684244000176, 1.417491153000014 ], [ 37.810660927000015, 1.417868242000054 ], [ 37.812306235000108, 1.418746960000135 ], [ 37.813225541000122, 1.419402864 ], [ 37.814515928000048, 1.420543217000159 ], [ 37.815176705000113, 1.42115122600012 ], [ 37.815858092000099, 1.421700576000092 ], [ 37.817666634000147, 1.422752913000181 ], [ 37.819790731000126, 1.422647696000126 ], [ 37.820627663000096, 1.422486028000037 ], [ 37.82172462300008, 1.422112089000109 ], [ 37.823783651000099, 1.421272518000023 ], [ 37.825955581000073, 1.420434304000082 ], [ 37.827550994000148, 1.420750960000021 ], [ 37.828264978000107, 1.421284530000094 ], [ 37.829755300000102, 1.423147701000175 ], [ 37.831050513000093, 1.424454656000023 ], [ 37.831881687000077, 1.424955250000096 ], [ 37.834589077000089, 1.425268975 ], [ 37.837599696999973, 1.42517027800011 ], [ 37.840855684000189, 1.42517027800011 ], [ 37.843049144000133, 1.425553332000163 ], [ 37.844730377000076, 1.426357150000058 ], [ 37.8450972280001, 1.42753764400004 ], [ 37.844678541, 1.428424190000044 ], [ 37.843844024000191, 1.429711308000151 ], [ 37.844446221000169, 1.43186702200012 ], [ 37.844891352000161, 1.43263990500003 ], [ 37.845404692000159, 1.433278642000062 ], [ 37.846924266000144, 1.434851270000138 ], [ 37.847179820000122, 1.435770050000144 ], [ 37.846875017000059, 1.438245318000156 ], [ 37.846487111000101, 1.441119247000131 ], [ 37.84658050500019, 1.442815781000036 ], [ 37.8475443640001, 1.443749038000078 ], [ 37.848668757000155, 1.444832491000057 ], [ 37.850214268, 1.446542964000116 ], [ 37.850486497000077, 1.447766706000095 ], [ 37.850031541000078, 1.450415498999973 ], [ 37.849958115000049, 1.451551350999978 ], [ 37.85006536700007, 1.452606664000029 ], [ 37.850713981000069, 1.454952925999976 ], [ 37.851157558000068, 1.456160863000036 ], [ 37.851758268000083, 1.457143510000037 ], [ 37.853486175000114, 1.459164576000092 ], [ 37.869669518000194, 1.447372597000083 ], [ 37.898877901000105, 1.425861157000156 ], [ 37.931094997000173, 1.402375837000136 ], [ 37.951669884000125, 1.387328220000029 ], [ 37.950189370000032, 1.351853468000115 ], [ 37.94895613000017, 1.322743901000024 ], [ 37.947973571000091, 1.30236330800011 ], [ 37.947377932000109, 1.289933908000023 ], [ 37.947084881000137, 1.28275506600005 ], [ 37.94630244200016, 1.263430463000134 ], [ 37.967788696000127, 1.28021276000004 ], [ 37.993469238000102, 1.300613523000038 ], [ 38.000041962000182, 1.305861115000084 ], [ 38.004192352000189, 1.309064984000031 ], [ 38.007297516000108, 1.311503887000129 ], [ 38.008857727000134, 1.312788844000124 ], [ 38.010513306000064, 1.314109445000042 ], [ 38.01361846900005, 1.316572189000112 ], [ 38.015163422000057, 1.317797542000108 ], [ 38.016723633000083, 1.319058657000141 ], [ 38.019767761000082, 1.321533322000164 ], [ 38.022895813000105, 1.324043632000041 ], [ 38.025203705000081, 1.325923443000022 ], [ 38.026496887000121, 1.326961875000165 ], [ 38.027561188000163, 1.327815056000134 ], [ 38.028205872000058, 1.328359365000154 ], [ 38.029010773000152, 1.329040527000188 ], [ 38.030799866000109, 1.330477118000147 ], [ 38.032165527000188, 1.331574677999981 ], [ 38.033451080000077, 1.33264637000002 ], [ 38.035221100000172, 1.334120631000076 ], [ 38.038257599000133, 1.336502910000092 ], [ 38.039981842000088, 1.337856412000178 ], [ 38.041675568000073, 1.339236379000056 ], [ 38.04483413700018, 1.341806412000153 ], [ 38.049427032000153, 1.345530152000038 ], [ 38.050704956000175, 1.346531034000066 ], [ 38.052497864000031, 1.347933412000089 ], [ 38.054283142000145, 1.349372983000137 ], [ 38.055889130000139, 1.350610375000031 ], [ 38.056591034000121, 1.351173759000062 ], [ 38.057456970000032, 1.351871609999989 ], [ 38.05894470200019, 1.353061199000081 ], [ 38.059906006000119, 1.353824138999983 ], [ 38.060516357000097, 1.354310393000105 ], [ 38.06114578200004, 1.354836464000186 ], [ 38.062049866000052, 1.355595231000166 ], [ 38.063095093000129, 1.356455326000173 ], [ 38.065097809000122, 1.358105659000046 ], [ 38.068191528, 1.360615969000094 ], [ 38.070911407000096, 1.362810373000116 ], [ 38.072982788000161, 1.364482522000174 ], [ 38.075233459000117, 1.366280198000084 ], [ 38.077613831000065, 1.368182659000183 ], [ 38.080718994000051, 1.37062156200011 ], [ 38.08161163300008, 1.371374369000137 ], [ 38.082286835000161, 1.371942163000028 ], [ 38.083869934000177, 1.373191357000167 ], [ 38.085380554000096, 1.374392986000032 ], [ 38.086257935000106, 1.375098467000043 ], [ 38.087139130000139, 1.37580817900016 ], [ 38.088508606000119, 1.376939058 ], [ 38.089900971000077, 1.378029585000093 ], [ 38.090625763000048, 1.378628016000164 ], [ 38.091590881000116, 1.379437447000043 ], [ 38.093101501000035, 1.38071048300003 ], [ 38.096195221000073, 1.383185148000052 ], [ 38.099300385000106, 1.385683656000026 ], [ 38.101108551000152, 1.387135029000149 ], [ 38.104225159000123, 1.389609694000171 ], [ 38.106632233000141, 1.391565919000129 ], [ 38.107677460000048, 1.392417431000013 ], [ 38.109996796000075, 1.39429724200005 ], [ 38.11231613200016, 1.396141291000106 ], [ 38.112930298000151, 1.396638870000174 ], [ 38.114662170000088, 1.398044825000056 ], [ 38.117801666000162, 1.400543332000098 ], [ 38.120883942000091, 1.40302979900008 ], [ 38.125499725000168, 1.406789421999974 ], [ 38.126541138000107, 1.407642365000129 ], [ 38.127841949000185, 1.408704877000105 ], [ 38.129474640000183, 1.409997821000161 ], [ 38.131698608000136, 1.411762476000092 ], [ 38.135089874000073, 1.414522648000172 ], [ 38.137557983000079, 1.416496873000028 ], [ 38.139774323000154, 1.418270350000114 ], [ 38.142868042000089, 1.42075681700004 ], [ 38.147567749000189, 1.424480676999963 ], [ 38.150566101000095, 1.426848292000045 ], [ 38.153980255000135, 1.429548979000117 ], [ 38.157108307000158, 1.432083010999975 ], [ 38.160202026000093, 1.434652924999966 ], [ 38.163307190000126, 1.437163234000138 ], [ 38.165519714000027, 1.438953519 ], [ 38.166557312000123, 1.439792514000089 ], [ 38.169555664000029, 1.442183852000028 ], [ 38.171703339000032, 1.44394361999997 ], [ 38.172897339000031, 1.444920301000082 ], [ 38.174407959000121, 1.446193218000133 ], [ 38.177066803000059, 1.448268532999975 ], [ 38.179180145000089, 1.449917078000055 ], [ 38.183868408000137, 1.453688622000186 ], [ 38.188613892000035, 1.45767426499998 ], [ 38.191741943000125, 1.460113168000078 ], [ 38.194812775, 1.462671041000078 ], [ 38.197109222000051, 1.464527010999973 ], [ 38.201023102000079, 1.467644095000139 ], [ 38.204105377000076, 1.470082998000066 ], [ 38.205482482999969, 1.471196651000071 ], [ 38.20746994000001, 1.472807527000157 ], [ 38.210563660000048, 1.475294113000189 ], [ 38.211982727000134, 1.476411103999965 ], [ 38.213706970000032, 1.477768660000038 ], [ 38.216800690000071, 1.48029089 ], [ 38.217403412000181, 1.480779767000058 ], [ 38.22301101700009, 1.485311627000044 ], [ 38.225193024000077, 1.487047911000161 ], [ 38.227706909000119, 1.489047408000147 ], [ 38.231792450000057, 1.492304564000165 ], [ 38.233943939000142, 1.494020462000037 ], [ 38.236698151000155, 1.4962049720001 ], [ 38.238594055000135, 1.497708559000102 ], [ 38.240200043000186, 1.499017358000117 ], [ 38.241283417000091, 1.499945283000045 ], [ 38.250137329000097, 1.506824970000025 ], [ 38.252624512000125, 1.508752346000165 ], [ 38.253547668000124, 1.509461999 ], [ 38.254981995000037, 1.510560751000128 ], [ 38.255664825000053, 1.511104107000165 ], [ 38.256549835000101, 1.511809945000095 ], [ 38.258255005000137, 1.513132871000153 ], [ 38.259681702000137, 1.51429653200006 ], [ 38.262786865000123, 1.516664028000037 ], [ 38.264381409000066, 1.517948985000032 ], [ 38.267498016000104, 1.520352244000037 ], [ 38.270637512000121, 1.522791147000078 ], [ 38.272243500000172, 1.524064302 ], [ 38.273754120000092, 1.525277734000042 ], [ 38.276882172000057, 1.527740479000158 ], [ 38.279790878000028, 1.53002154800015 ], [ 38.283403397000086, 1.532812416000127 ], [ 38.286521912000069, 1.535235763 ], [ 38.291244507000158, 1.538923979000174 ], [ 38.294433594000111, 1.541398525000091 ], [ 38.296707153000057, 1.543187499000169 ], [ 38.299106598000037, 1.545074821000185 ], [ 38.301128387000119, 1.54666411900007 ], [ 38.30383300800014, 1.548786759000166 ], [ 38.306949615000178, 1.551225781000028 ], [ 38.310089111000082, 1.553676605000135 ], [ 38.314788818000181, 1.557305217000135 ], [ 38.317977905000134, 1.559708476000139 ], [ 38.321262360000048, 1.562361598000109 ], [ 38.324378967000087, 1.564907670000082 ], [ 38.327495575000171, 1.56731092900003 ], [ 38.328830719000166, 1.568342090000044 ], [ 38.330635071000074, 1.569737911000118 ], [ 38.332149506000064, 1.570922613000107 ], [ 38.33538436900011, 1.573449850000031 ], [ 38.337001801000156, 1.574699163000105 ], [ 38.338462829999969, 1.575829387 ], [ 38.340030670000033, 1.577067733000149 ], [ 38.341201782000098, 1.577994704000048 ], [ 38.34145164500012, 1.578867555000045 ], [ 38.341785431000176, 1.580332041000077 ], [ 38.34225654700009, 1.582361161999984 ], [ 38.342517853000061, 1.583560109000189 ], [ 38.342746735000162, 1.584621429000038 ], [ 38.343151093000188, 1.586513162000188 ], [ 38.344055176000154, 1.590367912999966 ], [ 38.344329834000121, 1.591550708000057 ], [ 38.344573975000174, 1.59260648500009 ], [ 38.344982147000167, 1.594317794000062 ], [ 38.345577240000125, 1.59672105300001 ], [ 38.346122742000148, 1.598973751000074 ], [ 38.346508026000038, 1.600575805000119 ], [ 38.346843719000049, 1.60207057000008 ], [ 38.347385406000171, 1.604489923000131 ], [ 38.34798049900013, 1.607259750000082 ], [ 38.348220825000112, 1.608380437000164 ], [ 38.348594666000054, 1.609936357000095 ], [ 38.349170685000161, 1.612318397000024 ], [ 38.35054016100014, 1.618183732000148 ], [ 38.351882935000049, 1.62394201800015 ], [ 38.352340698000035, 1.625934482000162 ], [ 38.352725983000028, 1.627524018000031 ], [ 38.353282928000169, 1.629836798000099 ], [ 38.354198456000063, 1.633764625000083 ], [ 38.35568618800005, 1.639986992000047 ], [ 38.356567383000026, 1.643853545000127 ], [ 38.35684204100005, 1.64499664300007 ], [ 38.357051849000186, 1.64586424800018 ], [ 38.357921600000111, 1.649707079000052 ], [ 38.358348846000126, 1.651634455000021 ], [ 38.358863831000178, 1.653789282000048 ], [ 38.359291077000194, 1.655572414000176 ], [ 38.3597068790001, 1.657499790000088 ], [ 38.360174179000069, 1.65976017700018 ], [ 38.360561371000131, 1.661354661000132 ], [ 38.360965729000156, 1.663293839000175 ], [ 38.36146545400004, 1.665292501000124 ], [ 38.36193084700011, 1.667291284000044 ], [ 38.362369537000177, 1.669206738000071 ], [ 38.362579346000189, 1.670221329000128 ], [ 38.362777710000103, 1.671181678999972 ], [ 38.363040924000188, 1.672254562000035 ], [ 38.363262177000138, 1.673144698000158 ], [ 38.363668442000062, 1.674858630000188 ], [ 38.364662171000134, 1.679097057000149 ], [ 38.365047455000024, 1.680901765999977 ], [ 38.366130829000156, 1.685101509000106 ], [ 38.366641998000091, 1.687076449000074 ], [ 38.367237091, 1.68978798400002 ], [ 38.367916107000042, 1.692870498000161 ], [ 38.36833953900009, 1.694670439000106 ], [ 38.369056702000194, 1.697736502000055 ], [ 38.369735718000072, 1.700675130000036 ], [ 38.370201111000142, 1.702638149000165 ], [ 38.371093750000171, 1.706504822000113 ], [ 38.371360779000156, 1.707611918000055 ], [ 38.371566772000051, 1.708479762000081 ], [ 38.372470856000064, 1.712393999000028 ], [ 38.372875214000146, 1.714309454000158 ], [ 38.373798370000145, 1.718308568000111 ], [ 38.374221802000193, 1.720139146 ], [ 38.375232697000058, 1.724456429000099 ], [ 38.375648499000192, 1.726242423000087 ], [ 38.375827789000084, 1.727027178000071 ], [ 38.376995087000068, 1.732095838000077 ], [ 38.378379822000113, 1.738181115000089 ], [ 38.378757477000192, 1.739760876000105 ], [ 38.379667283000174, 1.743545056000073 ], [ 38.381134033000194, 1.749751449000144 ], [ 38.382144928000059, 1.753451586000097 ], [ 38.382301331000122, 1.754214764000039 ], [ 38.382560730000193, 1.755497932000139 ], [ 38.383476257000041, 1.759340644000133 ], [ 38.384000778000143, 1.76146441700007 ], [ 38.384716034000178, 1.762005687000112 ], [ 38.385559082000157, 1.762529254000185 ], [ 38.387344360000043, 1.763552547000188 ], [ 38.390769958000135, 1.765491724000128 ], [ 38.394172668000124, 1.767537951000065 ], [ 38.397563934000061, 1.769489288000159 ], [ 38.404510498000036, 1.773427129000083 ], [ 38.40968704200003, 1.776437163000082 ], [ 38.413314819000107, 1.778578638999988 ], [ 38.418621062999989, 1.7816005950001 ], [ 38.42113113400012, 1.783099651000157 ], [ 38.423427582000045, 1.784363508000183 ], [ 38.427272797000171, 1.786478519000127 ], [ 38.429779053000061, 1.787962914000104 ], [ 38.435920715000179, 1.791558623000185 ], [ 38.438526154000044, 1.793152809000105 ], [ 38.441204071000186, 1.794782758000053 ], [ 38.443506241000023, 1.796142041000167 ], [ 38.446308136000141, 1.797792792000052 ], [ 38.449211121000076, 1.799506068000028 ], [ 38.451000214000089, 1.800509930000146 ], [ 38.451862335000101, 1.800993204000179 ], [ 38.455287933000193, 1.802908659000138 ], [ 38.45684051500001, 1.803851962000067 ], [ 38.457931519000056, 1.804514766000068 ], [ 38.462238312000181, 1.806953788000044 ], [ 38.465747833000194, 1.808916807 ], [ 38.470981598000094, 1.812022090000028 ], [ 38.474418640000067, 1.813984990000051 ], [ 38.479522705000022, 1.816911817 ], [ 38.482997894000107, 1.818934441000067 ], [ 38.489231110000162, 1.822598696000114 ], [ 38.491989136000086, 1.824174643 ], [ 38.49526596100003, 1.826048970000102 ], [ 38.498880387000156, 1.828143538000063 ], [ 38.499725342000147, 1.82866036900009 ], [ 38.505500793000067, 1.832122684000126 ], [ 38.5078086850001, 1.83346712600013 ], [ 38.512756348000096, 1.836369991000083 ], [ 38.517944336000028, 1.839380026000185 ], [ 38.521335602000136, 1.841271758 ], [ 38.526451111000142, 1.844198465000147 ], [ 38.52729034400005, 1.84467756700019 ], [ 38.531700134000062, 1.84719657900007 ], [ 38.53873062100007, 1.851265430000183 ], [ 38.545547485000156, 1.855203509000148 ], [ 38.547832489000029, 1.856470346000094 ], [ 38.552516937000178, 1.859070063000161 ], [ 38.559406281000179, 1.863103271000114 ], [ 38.561359406000065, 1.864231348000089 ], [ 38.566249847000108, 1.86705315100005 ], [ 38.573184967000145, 1.871026874000108 ], [ 38.577896118000126, 1.873716592999983 ], [ 38.581832886000086, 1.875964284000077 ], [ 38.583778381000059, 1.877119064000055 ], [ 38.588783264000142, 1.880092621000188 ], [ 38.593921661000138, 1.883043170000121 ], [ 38.595157623000091, 1.883754969000165 ], [ 38.598976135000044, 1.885957956000084 ], [ 38.605995178000171, 1.890015006 ], [ 38.612373352000134, 1.893619895000143 ], [ 38.618881226000042, 1.897403240000074 ], [ 38.626792908000027, 1.901971817000174 ], [ 38.628932953000117, 1.90322947500016 ], [ 38.630863190000014, 1.904363275000151 ], [ 38.633373260000042, 1.905838370000083 ], [ 38.640583038000102, 1.909919143000138 ], [ 38.644081116000166, 1.911918402000083 ], [ 38.647327423000092, 1.913773894000144 ], [ 38.650074005000135, 1.915346503000137 ], [ 38.65449142500006, 1.917878509 ], [ 38.658603668000069, 1.920259833000046 ], [ 38.662151337000068, 1.922316194000132 ], [ 38.669136047000109, 1.926242352000088 ], [ 38.67687988300014, 1.930751324000084 ], [ 38.67990112300015, 1.932470441000135 ], [ 38.683818817000144, 1.934701324000059 ], [ 38.68719482400013, 1.936730385000033 ], [ 38.690906525000173, 1.938960552000083 ], [ 38.697818756000061, 1.942898512000113 ], [ 38.701950072999978, 1.945303559000081 ], [ 38.704662323000036, 1.946884155000077 ], [ 38.711585999000079, 1.950929165000105 ], [ 38.714233398000147, 1.952457786000025 ], [ 38.718532562000064, 1.954938531000039 ], [ 38.726337433000083, 1.95935249300004 ], [ 38.72878646900017, 1.960754633000022 ], [ 38.734085083000025, 1.963790178000124 ], [ 38.741008759000181, 1.967775822000021 ], [ 38.748718262000068, 1.972237229000143 ], [ 38.75593948400018, 1.976365685000133 ], [ 38.762828827000078, 1.980291724000153 ], [ 38.769645691000107, 1.984182119000081 ], [ 38.776557922000165, 1.988132119000056 ], [ 38.783290863000104, 1.992010593000145 ], [ 38.788585663000106, 1.994961143000012 ], [ 38.795402527000192, 1.998934865000024 ], [ 38.796077728000171, 1.999355912000112 ], [ 38.797138214000142, 2.000017405000051 ], [ 38.800319672000114, 2.00215363500007 ], [ 38.806812285999968, 2.00651669500013 ], [ 38.820747375000053, 2.015998602000138 ], [ 38.835422516000051, 2.025982857000145 ], [ 38.862243652000188, 2.041343451000103 ], [ 38.878257751000149, 2.050590992000082 ], [ 38.893207550000113, 2.059224367000013 ], [ 38.904109955000081, 2.065591812000093 ], [ 38.920745850000117, 2.075304985000059 ], [ 38.952068329000156, 2.093545675000087 ], [ 38.961545184000101, 2.099456261000114 ], [ 38.960569807000127, 2.100600774000043 ], [ 38.958911896000188, 2.102445722000084 ], [ 38.955585456000108, 2.105799240000124 ], [ 38.9549894270001, 2.106788594000079 ], [ 38.954333127000154, 2.108584891000135 ], [ 38.953880093000123, 2.109786126000131 ], [ 38.952947033000044, 2.112181378000059 ], [ 38.952613314000189, 2.113074237000149 ], [ 38.95213387400014, 2.114424138000174 ], [ 38.951834611000152, 2.115270358000032 ], [ 38.95164371300018, 2.116015482000023 ], [ 38.951571076000107, 2.117263330000071 ], [ 38.95148939500001, 2.118307053000024 ], [ 38.951068475, 2.120200949000036 ], [ 38.950772825000058, 2.121358231000045 ], [ 38.950050354000041, 2.123427152999966 ], [ 38.949485623000157, 2.125036141000066 ], [ 38.949063294000098, 2.126195190000146 ], [ 38.948093414000141, 2.12822556499998 ], [ 38.947262236000142, 2.130363779000163 ], [ 38.946884242000124, 2.131280299000139 ], [ 38.946485938000194, 2.13233561900006 ], [ 38.945650100000137, 2.134806751999974 ], [ 38.944592628000066, 2.138165350000065 ], [ 38.944247239000163, 2.139273823 ], [ 38.943906284000093, 2.140451452000036 ], [ 38.943075180000051, 2.143460034999976 ], [ 38.940488333000189, 2.148257644000012 ], [ 38.940263868000159, 2.149612948000083 ], [ 38.939296722000108, 2.153258324000092 ], [ 38.938089371000103, 2.157035589000031 ], [ 38.937023163000163, 2.159686565000186 ], [ 38.936640717000159, 2.161896633000083 ], [ 38.93652124200014, 2.163085853000098 ], [ 38.936504364000143, 2.163960695000185 ], [ 38.936599731000115, 2.165189981000083 ], [ 38.936588287000063, 2.166113932999963 ], [ 38.936462402000075, 2.167539596999973 ], [ 38.936555405000036, 2.168480853000062 ], [ 38.936996459999989, 2.172028661000184 ], [ 38.937120437000033, 2.176639676000036 ], [ 38.937133789000086, 2.181209803000058 ], [ 38.937235206000025, 2.184313458000076 ], [ 38.937275242000169, 2.185486268000147 ], [ 38.93725543100004, 2.186909949999972 ], [ 38.937121195000088, 2.19035235500013 ], [ 38.936984802000097, 2.191882127000042 ], [ 38.936838338000086, 2.193068353000172 ], [ 38.936542161000148, 2.196071103000122 ], [ 38.936496815000169, 2.197082921000174 ], [ 38.936573337000084, 2.198071198000093 ], [ 38.93704745600013, 2.201324275000047 ], [ 38.937275459000091, 2.202705582000078 ], [ 38.937394009000116, 2.203658030000156 ], [ 38.937698363999971, 2.208722592000186 ], [ 38.937711716000194, 2.212271571000088 ], [ 38.937629841000103, 2.214707726000142 ], [ 38.937463015000162, 2.216017538000131 ], [ 38.937134462000074, 2.217828716000099 ], [ 38.936989892000156, 2.21911 ], [ 38.936874594000074, 2.220411040000045 ], [ 38.936618200000169, 2.223302888000035 ], [ 38.936469383000031, 2.22447914300011 ], [ 38.936264828000049, 2.225655249000056 ], [ 38.935894339000015, 2.227619106000134 ], [ 38.935756930000139, 2.228518565 ], [ 38.935683531000166, 2.229364813000075 ], [ 38.935398102000079, 2.232266903000038 ], [ 38.9350398200001, 2.234452928000167 ], [ 38.934892311000056, 2.235475264000172 ], [ 38.934796751000192, 2.236411651000139 ], [ 38.934499741000081, 2.238854885000137 ], [ 38.934198004999985, 2.24100506100001 ], [ 38.93407341000011, 2.241881104000129 ], [ 38.933882724000114, 2.242936592999968 ], [ 38.93347149900012, 2.244690366000043 ], [ 38.933289330000036, 2.245483579000052 ], [ 38.93310702000008, 2.246306687000128 ], [ 38.932613373000152, 2.248454571000025 ], [ 38.932226849000187, 2.250332474000061 ], [ 38.931967979000035, 2.251390582 ], [ 38.931041717000141, 2.254048824000051 ], [ 38.929899216000024, 2.256845951000116 ], [ 38.929037214000118, 2.259282418 ], [ 38.92859458900017, 2.260664105000046 ], [ 38.928545237000037, 2.261717786000077 ], [ 38.928516388000048, 2.2648324970001 ], [ 38.928340912000067, 2.270842195000171 ], [ 38.928255364000108, 2.273510367000142 ], [ 38.928129196000157, 2.27468538300019 ], [ 38.927771646000053, 2.275599445000125 ], [ 38.926990694000096, 2.277520716000026 ], [ 38.926683327000148, 2.278315148000047 ], [ 38.926459026000146, 2.27906032500016 ], [ 38.925998102000051, 2.280949407000151 ], [ 38.925804150000147, 2.281902868999964 ], [ 38.925693765000176, 2.28281252700009 ], [ 38.925623989000087, 2.284603202000028 ], [ 38.925744137000038, 2.285482005000176 ], [ 38.926272511000093, 2.286744860000113 ], [ 38.926779654000029, 2.287693911000019 ], [ 38.927637479000055, 2.289365851000184 ], [ 38.928078774000028, 2.290533892000099 ], [ 38.928317616000072, 2.291530682000143 ], [ 38.928646034999986, 2.293853425000066 ], [ 38.928841707, 2.294931425000073 ], [ 38.929002918000151, 2.29577452400008 ], [ 38.929502616000093, 2.298034832999974 ], [ 38.929724978000024, 2.298876772000085 ], [ 38.930088243000114, 2.299901232000138 ], [ 38.931835174000184, 2.304619193000121 ], [ 38.932878494000192, 2.30783212200015 ], [ 38.934278488000189, 2.311080098000104 ], [ 38.935315672, 2.314139777999969 ], [ 38.935516663000044, 2.315102239000112 ], [ 38.935446782000042, 2.317508726000028 ], [ 38.935253413000112, 2.318553703000077 ], [ 38.934888501000103, 2.3200193240001 ], [ 38.93464851400006, 2.321100950000073 ], [ 38.934423265000191, 2.322308267000039 ], [ 38.934019147000129, 2.324434278000183 ], [ 38.933783632000086, 2.325659214999973 ], [ 38.93354937700019, 2.326715386999979 ], [ 38.933046341000136, 2.329021931000057 ], [ 38.932585709000193, 2.331687752000107 ], [ 38.932449458000178, 2.332698033000099 ], [ 38.932382760000166, 2.333644511999978 ], [ 38.932296606000136, 2.336331829000017 ], [ 38.932245202000161, 2.33727566400006 ], [ 38.93214580700004, 2.338213985000152 ], [ 38.931966291000094, 2.339635710000096 ], [ 38.931789819000073, 2.340538218000177 ], [ 38.931255341000053, 2.342891097000063 ], [ 38.931034761000092, 2.345436885000026 ], [ 38.931061512000099, 2.346664101000158 ], [ 38.931271738000078, 2.347631217000071 ], [ 38.931465089000028, 2.34863091700015 ], [ 38.931499422000115, 2.349880695000024 ], [ 38.93147653300008, 2.353258597999968 ], [ 38.931624961000125, 2.354375803000153 ], [ 38.931808140000044, 2.355346792000091 ], [ 38.932181584000034, 2.35634339000012 ], [ 38.932699256999967, 2.357435635000172 ], [ 38.933211543000084, 2.358492289000026 ], [ 38.933501010000157, 2.359586762999982 ], [ 38.9337633130001, 2.361456656000087 ], [ 38.933971552000173, 2.364524353000149 ], [ 38.934057944000074, 2.365670400000056 ], [ 38.93412380500007, 2.366688976000091 ], [ 38.934247989000085, 2.368526648999989 ], [ 38.934249824000119, 2.36968749600004 ], [ 38.934218378000025, 2.370773314000189 ], [ 38.934183999000084, 2.371973105000052 ], [ 38.934109770000077, 2.37299855800012 ], [ 38.93382055800015, 2.373710747000132 ], [ 38.933316770000033, 2.374845467000057 ], [ 38.932750236000061, 2.375858327 ], [ 38.932102733000193, 2.376837382000133 ], [ 38.931422883000096, 2.377977835000081 ], [ 38.931017390000193, 2.378857749000019 ], [ 38.930372836000174, 2.38087854600019 ], [ 38.930267831000094, 2.381759868000074 ], [ 38.930132494000134, 2.383242630000041 ], [ 38.930116913, 2.384171935000097 ], [ 38.930130351000059, 2.385002136000139 ], [ 38.930130351000059, 2.387849092000124 ], [ 38.930145456000162, 2.388870986000143 ], [ 38.93017240000006, 2.389784814000052 ], [ 38.930226130999984, 2.391492947000074 ], [ 38.9301950790001, 2.392621795000025 ], [ 38.930013772000109, 2.394620460000112 ], [ 38.929850630000089, 2.395670174000145 ], [ 38.92965611600016, 2.396675204000132 ], [ 38.929253105000157, 2.398747532000186 ], [ 38.92903796600018, 2.400648926000144 ], [ 38.928917849000129, 2.401565198000071 ], [ 38.928793754000083, 2.402397747000123 ], [ 38.928548337999985, 2.404373865000025 ], [ 38.928368892000094, 2.407056078000039 ], [ 38.928309969000111, 2.408068024000102 ], [ 38.928197035000153, 2.408946124000067 ], [ 38.927700127000094, 2.4117341 ], [ 38.927453056000161, 2.412670569000113 ], [ 38.927136856000118, 2.413434247000055 ], [ 38.926240578000034, 2.415092692999963 ], [ 38.925031890000184, 2.41685531700017 ], [ 38.924385797000127, 2.41773828200013 ], [ 38.923566878000145, 2.419092787000011 ], [ 38.922916465000071, 2.420540918000029 ], [ 38.92263009800007, 2.421261688000129 ], [ 38.922332402000109, 2.422008450000135 ], [ 38.921738512, 2.423425670000142 ], [ 38.921198082000046, 2.424674893000031 ], [ 38.920944127000098, 2.425985389000118 ], [ 38.920753532000049, 2.427473576000068 ], [ 38.920343021000122, 2.429099528000108 ], [ 38.919877516000042, 2.430225206000159 ], [ 38.919250035000061, 2.431341105000058 ], [ 38.918750154, 2.432168499000113 ], [ 38.918226443000151, 2.433028983000099 ], [ 38.917010472000129, 2.435289396000144 ], [ 38.916559189, 2.436074032000022 ], [ 38.916100432000178, 2.436896890000071 ], [ 38.915153868000175, 2.438649201000032 ], [ 38.914727644000095, 2.439457108 ], [ 38.914312477000124, 2.440313893000109 ], [ 38.913559712000108, 2.442159615000037 ], [ 38.913688228000069, 2.444379357000059 ], [ 38.913733516000093, 2.445371324000121 ], [ 38.913708790000157, 2.446362253000132 ], [ 38.913545455000076, 2.448616781000169 ], [ 38.913379382000073, 2.449404066000056 ], [ 38.912838581000187, 2.451044216000014 ], [ 38.912410352000052, 2.452074910000022 ], [ 38.91137480600014, 2.45438302000008 ], [ 38.909969087000093, 2.457687287000169 ], [ 38.908862141000156, 2.460676092000085 ], [ 38.907630809000068, 2.463980359 ], [ 38.906596800000045, 2.466430846000037 ], [ 38.906229431000099, 2.467259571000113 ], [ 38.90585982000016, 2.468062223000061 ], [ 38.905177272000174, 2.469672666000179 ], [ 38.904595683000139, 2.471717985000055 ], [ 38.904346389000125, 2.47256851200018 ], [ 38.904025117000174, 2.473449410000057 ], [ 38.903156795000086, 2.475497011000073 ], [ 38.902757707000092, 2.476372771000058 ], [ 38.902417750000154, 2.477179221000029 ], [ 38.901870161000033, 2.478741153000101 ], [ 38.901595833000044, 2.479823571000111 ], [ 38.901334345000123, 2.48174073500013 ], [ 38.90126439800008, 2.48277091 ], [ 38.901233712000021, 2.483749312000157 ], [ 38.901119431999973, 2.486065500000109 ], [ 38.901024618000122, 2.48696600400018 ], [ 38.900838201000113, 2.487709672000108 ], [ 38.899995612999987, 2.489876368000125 ], [ 38.899653471000136, 2.491070719000106 ], [ 38.899422550000111, 2.492300395000029 ], [ 38.899130728000102, 2.494492993999984 ], [ 38.899030872000026, 2.495268137000096 ], [ 38.89890809700006, 2.496081136000157 ], [ 38.898474153000052, 2.498494606000179 ], [ 38.897687188000077, 2.500281787000176 ], [ 38.897332500000175, 2.50095776400002 ], [ 38.896896754000181, 2.501702261999981 ], [ 38.896128107000095, 2.503009412000154 ], [ 38.89574445500017, 2.503969733000133 ], [ 38.89517131499997, 2.506597795000118 ], [ 38.894853104000049, 2.507670580000024 ], [ 38.89452186300008, 2.50872289300014 ], [ 38.893638469000166, 2.511886777000086 ], [ 38.893358617000104, 2.51348543600011 ], [ 38.893210694000061, 2.514479179000148 ], [ 38.893272529000114, 2.516978318999975 ], [ 38.893037108000044, 2.521894640000085 ], [ 38.892736427000159, 2.526069955000139 ], [ 38.892041196999969, 2.531476959000031 ], [ 38.891374577000079, 2.535777495000048 ], [ 38.890684633000035, 2.53809050600006 ], [ 38.890365664000171, 2.538975691000189 ], [ 38.88995787600004, 2.539884518000122 ], [ 38.888465180000139, 2.542899072000182 ], [ 38.888054300000078, 2.543671158000109 ], [ 38.887599945000034, 2.544461012000113 ], [ 38.895059447000165, 2.54644935500005 ], [ 38.899073607000105, 2.547486751000065 ], [ 38.908364186000085, 2.54996484500009 ], [ 38.917451768000092, 2.55227570500017 ], [ 38.930145593000077, 2.555543527 ], [ 38.931357601000173, 2.55585499700004 ], [ 38.93253268300009, 2.55616927 ], [ 38.938851994000061, 2.557980410000141 ], [ 38.947977724000168, 2.560195374000045 ], [ 38.955065854999987, 2.562070319000043 ], [ 38.962937826000029, 2.563951315000054 ], [ 38.964052147000132, 2.564178934000154 ], [ 38.965077161000011, 2.564419205000036 ], [ 38.968940338000039, 2.565611277000073 ], [ 38.970156276000068, 2.565961151000067 ], [ 38.971380051000153, 2.566357360000097 ], [ 38.97394769400006, 2.567365454000026 ], [ 38.97861672800002, 2.568385127000113 ], [ 38.979327192000028, 2.569791311000074 ], [ 38.980947679000053, 2.572874672000012 ], [ 38.98324781000008, 2.576877865000085 ], [ 38.985339223000153, 2.58026014700016 ], [ 38.986863606000099, 2.582949940000049 ], [ 38.989131312000154, 2.586850085000037 ], [ 38.991676402000053, 2.591078924000101 ], [ 38.99326413700004, 2.59376871700016 ], [ 38.995874486000105, 2.598660124000105 ], [ 38.998967531000176, 2.602983786000095 ], [ 39.003573515000028, 2.610266808000176 ], [ 39.005866017000187, 2.615966625000056 ], [ 39.008129909000104, 2.621176713000011 ], [ 39.008954521000135, 2.623213684000063 ], [ 39.009359157, 2.624296958000173 ], [ 39.010196945000075, 2.626487158000032 ], [ 39.010585480000145, 2.627489213999979 ], [ 39.014532347000113, 2.636686165000071 ], [ 39.016273580000075, 2.640816160000099 ], [ 39.016840912000077, 2.642176021000068 ], [ 39.017311981000091, 2.643330363000189 ], [ 39.019437105000065, 2.648653901000102 ], [ 39.023441728000194, 2.658172392000154 ], [ 39.026450441000179, 2.665157118000025 ], [ 39.027578367000046, 2.668287237000129 ], [ 39.030763456000102, 2.675652250000098 ], [ 39.03128077000008, 2.676859137000065 ], [ 39.031742013000155, 2.67796893700006 ], [ 39.033172633000049, 2.681568015000096 ], [ 39.034748924000155, 2.685677832000067 ], [ 39.035756279000111, 2.688580874000138 ], [ 39.036757974000125, 2.691402102000154 ], [ 39.037239337000074, 2.692179720000183 ], [ 39.038793150000117, 2.693936643000143 ], [ 39.039564271000074, 2.694657533000111 ], [ 39.040342096000188, 2.695269285999984 ], [ 39.042970704000084, 2.697281894000071 ], [ 39.045033507000142, 2.698753587000056 ], [ 39.046217012000113, 2.699957299 ], [ 39.04677520000007, 2.700669224000023 ], [ 39.047853272000111, 2.702416264000021 ], [ 39.048351489000027, 2.703371711000102 ], [ 39.048710758000027, 2.704279921000079 ], [ 39.049202496000191, 2.705753944000094 ], [ 39.049366262999968, 2.706684603000099 ], [ 39.049428865000039, 2.708885479000116 ], [ 39.049444124000104, 2.71147520500017 ], [ 39.04953990000007, 2.714353093999989 ], [ 39.049889427000096, 2.716603748000068 ], [ 39.050061018000179, 2.717468993000125 ], [ 39.050309209000034, 2.718414612000117 ], [ 39.050894267000103, 2.72044100100004 ], [ 39.051249872000142, 2.721609285000056 ], [ 39.051965009000071, 2.723645445000159 ], [ 39.052276413000072, 2.724562857000024 ], [ 39.052596656, 2.72531297400019 ], [ 39.053671275, 2.727477981000163 ], [ 39.054131895000125, 2.728284439000106 ], [ 39.054607674000124, 2.728979032000098 ], [ 39.055723152000041, 2.730437984000048 ], [ 39.056478732000073, 2.731347403000029 ], [ 39.057276970000032, 2.73213338100004 ], [ 39.059449006000136, 2.734059914000056 ], [ 39.060643311000092, 2.734856176 ], [ 39.061431291000133, 2.735320095000134 ], [ 39.062145233000194, 2.735676527000123 ], [ 39.062155154000038, 2.737298850000172 ], [ 39.062328665000109, 2.738272318000043 ], [ 39.062385608000113, 2.739206396000043 ], [ 39.062564940000016, 2.74165220000009 ], [ 39.063446000999988, 2.748794928999985 ], [ 39.06445144800017, 2.757059557000105 ], [ 39.065154307000114, 2.763675959000068 ], [ 39.065554579000036, 2.766776634000053 ], [ 39.06616166200007, 2.771859949999964 ], [ 39.0668340040001, 2.776847133000047 ], [ 39.067360570000176, 2.782679682000094 ], [ 39.068143947000067, 2.788992423000082 ], [ 39.06894258300008, 2.796185153000124 ], [ 39.069751446999987, 2.802461331000018 ], [ 39.069927094000093, 2.803873894000105 ], [ 39.070035889999986, 2.805289931000118 ], [ 39.070141446000036, 2.808697872000096 ], [ 39.070120201000123, 2.809567934000142 ], [ 39.070053238000185, 2.810511615000166 ], [ 39.069854161000137, 2.814773941000055 ], [ 39.069647349000093, 2.81928093 ], [ 39.06915130100009, 2.831491479000022 ], [ 39.068574736000073, 2.841961654000045 ], [ 39.068128688000115, 2.85147120400012 ], [ 39.067632640000113, 2.865264839000019 ], [ 39.067330052000102, 2.870747831000187 ], [ 39.067040815999974, 2.877187343000116 ], [ 39.067167803000132, 2.883042984000099 ], [ 39.072550749000186, 2.882876909000117 ], [ 39.078650600000117, 2.882693224000093 ], [ 39.082551817000081, 2.882864988000108 ], [ 39.088345265000157, 2.882986752000079 ], [ 39.091560789000084, 2.882962791000125 ], [ 39.095875630000137, 2.882864988000108 ], [ 39.099727305000101, 2.883011240000144 ], [ 39.101051824000137, 2.883091874000058 ], [ 39.102303038000116, 2.883257335000167 ], [ 39.104649452000103, 2.883686091000129 ], [ 39.105452114000059, 2.883875784000054 ], [ 39.106220984000117, 2.884033568000177 ], [ 39.107943315000057, 2.884172904000138 ], [ 39.110865788000183, 2.88405114 ], [ 39.113164012000084, 2.88405114 ], [ 39.113261696, 2.887449872000047 ], [ 39.113438341000176, 2.890513416000033 ], [ 39.113519310000186, 2.89177276200013 ], [ 39.113636196000073, 2.89296860200011 ], [ 39.114021337000054, 2.895603666 ], [ 39.114262657000154, 2.896868522000034 ], [ 39.114562744000182, 2.89815272300018 ], [ 39.115266868, 2.901350251000054 ], [ 39.115830641, 2.904531186999975 ], [ 39.116048883000133, 2.905571823000116 ], [ 39.116251899000076, 2.90662214200006 ], [ 39.116649699000106, 2.909346742000082 ], [ 39.117130561000124, 2.91144836899997 ], [ 39.117418787000133, 2.912644165000131 ], [ 39.118045567000138, 2.914898426000093 ], [ 39.118440431000124, 2.916155293000031 ], [ 39.118891059000134, 2.917406085000152 ], [ 39.119309110000131, 2.918529578000118 ], [ 39.119703591000189, 2.919473308000079 ], [ 39.120639149000169, 2.921258342000158 ], [ 39.121026436000136, 2.922027355000068 ], [ 39.121701008000173, 2.923696706000101 ], [ 39.122079326000062, 2.924546585000144 ], [ 39.122751554000047, 2.926194684 ], [ 39.123070343000052, 2.927038716000027 ], [ 39.123561389000031, 2.928440742000021 ], [ 39.12382250600001, 2.929228072000171 ], [ 39.124245647000123, 2.930526415000031 ], [ 39.124574614000096, 2.931407457000091 ], [ 39.124994171000083, 2.932146591000162 ], [ 39.125820246000103, 2.93343961100004 ], [ 39.12725223700005, 2.934634281000115 ], [ 39.127980192000109, 2.935083147000114 ], [ 39.128992691000178, 2.935500514000125 ], [ 39.1302986500001, 2.935921076000056 ], [ 39.131071690000113, 2.936062668000091 ], [ 39.132479478000107, 2.936237707999965 ], [ 39.133327183000119, 2.936337657000024 ], [ 39.134280255000135, 2.936540655000101 ], [ 39.135388246000048, 2.936845848000019 ], [ 39.136166453000044, 2.937163351000095 ], [ 39.137633326000184, 2.938046627000176 ], [ 39.138253424000141, 2.938517600000182 ], [ 39.139083750000111, 2.939200950000043 ], [ 39.139892155000098, 2.939963467000155 ], [ 39.1404787620001, 2.940699359000121 ], [ 39.141107264000027, 2.94156963000006 ], [ 39.141628829000126, 2.942455345000099 ], [ 39.142558794000024, 2.944112284000141 ], [ 39.143095174, 2.945057962000078 ], [ 39.144162327000117, 2.94713039100003 ], [ 39.14479691300005, 2.948226017000081 ], [ 39.145372039000051, 2.949008352000078 ], [ 39.146377019000056, 2.950347879000162 ], [ 39.14785562600008, 2.952157684000042 ], [ 39.148798512000099, 2.953194897000174 ], [ 39.149546767000118, 2.953786427000068 ], [ 39.15043414500019, 2.954083970000113 ], [ 39.151619302000086, 2.954354830000113 ], [ 39.152524079000102, 2.954522784000176 ], [ 39.15496473800016, 2.95477256300012 ], [ 39.167752449000091, 2.95528661100002 ], [ 39.174444124, 2.955663756000035 ], [ 39.183931978000089, 2.956157182000027 ], [ 39.192542032000119, 2.956398040000067 ], [ 39.193854151999972, 2.956462388000034 ], [ 39.196679582000172, 2.960352666000063 ], [ 39.197155708000139, 2.961169735000055 ], [ 39.197608018999972, 2.962066510000113 ], [ 39.19876873000004, 2.964186097999971 ], [ 39.200360840000144, 2.966441616999987 ], [ 39.201143046000027, 2.967298569000036 ], [ 39.202645152000116, 2.968461242000046 ], [ 39.204010589000063, 2.969247520000067 ], [ 39.20508867500007, 2.969815079000057 ], [ 39.208279681000135, 2.971417327000097 ], [ 39.20945739900003, 2.972034242000063 ], [ 39.210583603000146, 2.972821672000066 ], [ 39.212090771000135, 2.973878227000171 ], [ 39.212858077000021, 2.974465319000046 ], [ 39.213572727000042, 2.975049208000144 ], [ 39.215664866, 2.976755119000188 ], [ 39.216624898000077, 2.977434433000042 ], [ 39.217545939000161, 2.977996486000109 ], [ 39.218561186000045, 2.978599723 ], [ 39.219338298000025, 2.978861311000173 ], [ 39.220316718000163, 2.979109109000092 ], [ 39.222731621000037, 2.979167315000097 ], [ 39.223961538000083, 2.979221166 ], [ 39.225087572000177, 2.979491575999987 ], [ 39.227155589000176, 2.980384223000044 ], [ 39.228587130000051, 2.981178797000098 ], [ 39.229541855000036, 2.981687252000143 ], [ 39.232973739000158, 2.983260266000059 ], [ 39.233955815000058, 2.98366484800016 ], [ 39.234960845000103, 2.98401715000017 ], [ 39.237373006000098, 2.984757409000053 ], [ 39.240691628000036, 2.985542598000109 ], [ 39.242040025000165, 2.985719889000109 ], [ 39.243089301000111, 2.985622552000109 ], [ 39.244264196000074, 2.985353108000027 ], [ 39.245638166000049, 2.985357361000126 ], [ 39.246545753000078, 2.986314209000057 ], [ 39.247624286000075, 2.986777412000095 ], [ 39.248428549000096, 2.98725476400017 ], [ 39.24899064300007, 2.987772847000144 ], [ 39.249849464000135, 2.988820154000052 ], [ 39.250014939999971, 2.989867687000128 ], [ 39.249936738000088, 2.992459180000026 ], [ 39.249994979, 2.994697316000099 ], [ 39.250288139000133, 2.995513867999989 ], [ 39.251732349000065, 2.997143450000181 ], [ 39.252438425000037, 2.998007975000064 ], [ 39.254067656000132, 2.999972498000147 ], [ 39.256946260000063, 3.003651169000136 ], [ 39.263360506000026, 3.010390828000084 ], [ 39.264092653000091, 3.011244415000078 ], [ 39.266437929000176, 3.013789617000043 ], [ 39.274460527000144, 3.021246192000149 ], [ 39.277639812000018, 3.024355449000097 ], [ 39.281056425000031, 3.027680936000024 ], [ 39.284465410000109, 3.031279565000148 ], [ 39.286359547000075, 3.033592094000085 ], [ 39.288979653000126, 3.036943862000101 ], [ 39.289950954000119, 3.037640808000049 ], [ 39.298965242000065, 3.041886405000014 ], [ 39.303373952000129, 3.043864279000104 ], [ 39.306631846000073, 3.045359695000172 ], [ 39.30958399300016, 3.046705453000129 ], [ 39.310467901000095, 3.047143043000119 ], [ 39.31128716000012, 3.047559508 ], [ 39.313262077000047, 3.048587379000082 ], [ 39.316197857000077, 3.050297466000075 ], [ 39.317352703000097, 3.050972259000048 ], [ 39.318442865000065, 3.051561984999978 ], [ 39.32112977100013, 3.052870986000016 ], [ 39.323411229000101, 3.054259533999982 ], [ 39.324465140000143, 3.054953792000049 ], [ 39.325332548000176, 3.055574144000047 ], [ 39.32763561500019, 3.057350439 ], [ 39.331238060000089, 3.06017510900017 ], [ 39.333664485000043, 3.061786686000175 ], [ 39.336838048000175, 3.063748824000186 ], [ 39.33946987000013, 3.06584962800008 ], [ 39.340062520000174, 3.066360988000099 ], [ 39.340688992000139, 3.066919999000106 ], [ 39.342336537000108, 3.068358265000086 ], [ 39.344775530000049, 3.070305280000127 ], [ 39.345620819000089, 3.070797359000096 ], [ 39.345869908000168, 3.086953967 ], [ 39.345241844000043, 3.098788563000085 ], [ 39.345377675, 3.11535227100012 ], [ 39.344954514999984, 3.137257127000112 ], [ 39.343749885000193, 3.159772524000118 ], [ 39.343426317000024, 3.169347929000025 ], [ 39.343242393000082, 3.173947119000047 ], [ 39.343173320000176, 3.185050841000077 ], [ 39.342953157000125, 3.205667452000114 ], [ 39.342275093000183, 3.231082076000121 ], [ 39.342072096000152, 3.237947899 ], [ 39.341884881000055, 3.245550400000127 ], [ 39.341860039000096, 3.246970828000087 ], [ 39.341823743000134, 3.248240484000121 ], [ 39.341720186000032, 3.25058316000019 ], [ 39.341653575000066, 3.251470745000177 ], [ 39.341577502000121, 3.252244514000154 ], [ 39.341241035000053, 3.255851589999963 ], [ 39.340633406000165, 3.260972517000141 ], [ 39.340444510000168, 3.262369408000154 ], [ 39.340248490000079, 3.263770771 ], [ 39.339675927000087, 3.267982262000032 ], [ 39.339527152000073, 3.269167609000135 ], [ 39.339371656000026, 3.270325276000108 ], [ 39.338969514000155, 3.273179191000054 ], [ 39.338440066000032, 3.275914905000093 ], [ 39.338239994000162, 3.276968086000124 ], [ 39.337981784000135, 3.278006556999969 ], [ 39.337357384000143, 3.279939343000024 ], [ 39.336788368000157, 3.280831234 ], [ 39.335348784000075, 3.282410943000059 ], [ 39.334551325000064, 3.283168052000121 ], [ 39.333734080000056, 3.283801380000114 ], [ 39.332051258000092, 3.2849747570001 ], [ 39.331141724000133, 3.285589460999972 ], [ 39.329821490000143, 3.286501101999988 ], [ 39.329181092000113, 3.287112609000076 ], [ 39.328179965000118, 3.288671912000041 ], [ 39.327908639000043, 3.28946254400006 ], [ 39.327769862000025, 3.290330677000043 ], [ 39.327248695000151, 3.294576914000118 ], [ 39.326934663000088, 3.299463552000134 ], [ 39.326739515000156, 3.302404394000121 ], [ 39.326639305000185, 3.303168148000054 ], [ 39.326482794000128, 3.303958352000052 ], [ 39.326070769000069, 3.305969515000129 ], [ 39.325431261000062, 3.311346598000114 ], [ 39.325348836000103, 3.314469922000114 ], [ 39.32426287100003, 3.322469036000086 ], [ 39.323575270000049, 3.327752370000042 ], [ 39.322738487000038, 3.333652442000073 ], [ 39.321629634000033, 3.34294624000006 ], [ 39.32084816400004, 3.347854693000045 ], [ 39.319949937000047, 3.354476221000084 ], [ 39.319239448000133, 3.359456609000063 ], [ 39.318364110000175, 3.365648779000082 ], [ 39.317839451000054, 3.369587428000102 ], [ 39.31717283200004, 3.374160034000056 ], [ 39.316556212000194, 3.378578161000121 ], [ 39.316033461000188, 3.383046169000181 ], [ 39.315334416000155, 3.387359699 ], [ 39.31477796300004, 3.391722991000108 ], [ 39.314621775000091, 3.392966733000151 ], [ 39.314435903000174, 3.394322069 ], [ 39.314039044000083, 3.397159655000166 ], [ 39.313861712000175, 3.398371919999988 ], [ 39.313701055000081, 3.399564671000178 ], [ 39.313329243000055, 3.402355221000164 ], [ 39.313035529000103, 3.404854656999987 ], [ 39.312932990000036, 3.405668050000088 ], [ 39.312768258000119, 3.40650469000002 ], [ 39.312424586000077, 3.407958628000074 ], [ 39.312066984000182, 3.409026869000058 ], [ 39.311541855000144, 3.410166130000107 ], [ 39.310510296000132, 3.412485853000078 ], [ 39.30995237000019, 3.413344326000185 ], [ 39.308995956000103, 3.414588694000088 ], [ 39.308242889000041, 3.415358099000059 ], [ 39.307403173000182, 3.416130390000092 ], [ 39.306056488000081, 3.417546730000083 ], [ 39.305518257000188, 3.418324232000089 ], [ 39.304590572000109, 3.419894771000088 ], [ 39.304022639000095, 3.420954978000168 ], [ 39.303480862000129, 3.42195807100012 ], [ 39.302031584000133, 3.424488705000044 ], [ 39.300977872000146, 3.426454865000039 ], [ 39.300482405000082, 3.427481563000072 ], [ 39.300290205000181, 3.42853539500004 ], [ 39.300152342000047, 3.429777262000016 ], [ 39.300131586000134, 3.430800437000073 ], [ 39.299969898000029, 3.432844056000135 ], [ 39.299842159000036, 3.433868902000029 ], [ 39.299675543000149, 3.434808100000112 ], [ 39.299426378000192, 3.43606104100013 ], [ 39.299246848999985, 3.436909693000132 ], [ 39.299117140000192, 3.438030091000144 ], [ 39.298896022000179, 3.439425382000024 ], [ 39.298842593000131, 3.440229068000065 ], [ 39.298814151999977, 3.441878319000011 ], [ 39.298877133000133, 3.442864026000166 ], [ 39.299216139000123, 3.444357271000172 ], [ 39.299547529, 3.445278152000071 ], [ 39.299932666000188, 3.446213457000056 ], [ 39.300556792000123, 3.447756723000055 ], [ 39.301208404000192, 3.449342050000041 ], [ 39.301628827000116, 3.450535894000041 ], [ 39.302276543000062, 3.452675309000028 ], [ 39.302689371999975, 3.454256648000069 ], [ 39.302997297000161, 3.455105383000046 ], [ 39.304011016000118, 3.456777230000057 ], [ 39.304682535000154, 3.457647070000121 ], [ 39.306041929000173, 3.459073933000127 ], [ 39.307104148000064, 3.460252012000183 ], [ 39.307904565000115, 3.461050857000089 ], [ 39.309010786000101, 3.462208860000089 ], [ 39.309714039000085, 3.463076091000175 ], [ 39.310262244000057, 3.464146336000169 ], [ 39.310710911000172, 3.465113142 ], [ 39.31115349900017, 3.465761674000021 ], [ 39.311780660000124, 3.466331170999979 ], [ 39.313761940000063, 3.468251808000048 ], [ 39.316565748000073, 3.47129318400016 ], [ 39.317957627000055, 3.473169335000023 ], [ 39.318538496000031, 3.47406075300006 ], [ 39.318962832000182, 3.475093858000037 ], [ 39.319302755000137, 3.476201263000064 ], [ 39.319536314000175, 3.477175375 ], [ 39.319686687000114, 3.478237697000168 ], [ 39.319968070000016, 3.479725872000131 ], [ 39.320496179000145, 3.480753413000116 ], [ 39.321183665000149, 3.481604449000031 ], [ 39.321738762000166, 3.482386586000189 ], [ 39.322317989000055, 3.483623972000032 ], [ 39.322928381000111, 3.485235243000034 ], [ 39.323179612, 3.485996283000134 ], [ 39.323703657000124, 3.487382448000176 ], [ 39.324069410999982, 3.488469339000119 ], [ 39.324373196000181, 3.489452001000075 ], [ 39.324718039, 3.490635827000119 ], [ 39.324846562000118, 3.491527004000091 ], [ 39.324743660000081, 3.49375016800019 ], [ 39.32422520800003, 3.496317819000069 ], [ 39.322296586000164, 3.496878778000053 ], [ 39.321278608000114, 3.497308790000091 ], [ 39.320352121000099, 3.497984482000049 ], [ 39.319643019000068, 3.49858184500016 ], [ 39.318977665000091, 3.499068002000172 ], [ 39.315910013000064, 3.495534147000058 ], [ 39.314618447000157, 3.493330888000116 ], [ 39.314193726000099, 3.492588043000012 ], [ 39.313167358999976, 3.490946041000029 ], [ 39.312090495000064, 3.489216475000148 ], [ 39.309951782000155, 3.487215519000131 ], [ 39.308997666000039, 3.487215519000131 ], [ 39.303354084000091, 3.478681759000153 ], [ 39.29948806800013, 3.477460146000055 ], [ 39.298223483000072, 3.477451480000013 ], [ 39.296802521000075, 3.477460146000055 ], [ 39.291996002000189, 3.479722261000063 ], [ 39.289697667000041, 3.47997755200015 ], [ 39.288210013000025, 3.480134147000058 ], [ 39.287375769000107, 3.480012803000136 ], [ 39.283935547000056, 3.479439497000101 ], [ 39.282472015999986, 3.479276852000055 ], [ 39.277347871000131, 3.478041542000028 ], [ 39.274210013000015, 3.476334147000046 ], [ 39.270810013000073, 3.474634147000074 ], [ 39.268085360000157, 3.473127984000087 ], [ 39.26583862300015, 3.472087622000117 ], [ 39.264709473000153, 3.472653151000145 ], [ 39.259761810000157, 3.474491119000163 ], [ 39.257640839000089, 3.474491119000163 ], [ 39.255943298000034, 3.475480795000124 ], [ 39.25426112100007, 3.477021925000088 ], [ 39.252020359000085, 3.476461734000054 ], [ 39.249862671000074, 3.47590494200017 ], [ 39.244632721000073, 3.476329088000057 ], [ 39.239402771000073, 3.477601528000037 ], [ 39.233768464000093, 3.478379965000045 ], [ 39.229930878000175, 3.479439497000101 ], [ 39.228233337000177, 3.48014640800011 ], [ 39.227578145000109, 3.480873446000032 ], [ 39.223910013000193, 3.481834147000029 ], [ 39.219171895000045, 3.48154986000003 ], [ 39.217628479000041, 3.481277466000051 ], [ 39.212940922000087, 3.480947024000045 ], [ 39.207362993000118, 3.480377838000038 ], [ 39.205684662000067, 3.480134726000188 ], [ 39.202278137000064, 3.479762793000077 ], [ 39.19915550900015, 3.479293376000044 ], [ 39.198108907000062, 3.479199092000044 ], [ 39.19478607200017, 3.478961945000037 ], [ 39.19107818599997, 3.479421615999968 ], [ 39.189659119000112, 3.480693340000016 ], [ 39.189212799000131, 3.484105110000087 ], [ 39.188926697000056, 3.486932755000169 ], [ 39.188783262000186, 3.490925538000056 ], [ 39.188638301000026, 3.492139093 ], [ 39.18584579700007, 3.492307505999975 ], [ 39.182735602000037, 3.491345943999988 ], [ 39.180210013000021, 3.490534147000062 ], [ 39.178176755000038, 3.490243682000141 ], [ 39.176673889000028, 3.490010499999983 ], [ 39.171558380000135, 3.491571903000136 ], [ 39.165420532000155, 3.494608402000097 ], [ 39.163791656000058, 3.495432376999986 ], [ 39.162549973000068, 3.496146083000099 ], [ 39.159903653000129, 3.497938587000078 ], [ 39.157156924000162, 3.499854966999976 ], [ 39.152287237000053, 3.501764648000176 ], [ 39.151386261000084, 3.501331806000053 ], [ 39.150238037000122, 3.501548529000161 ], [ 39.149303436000139, 3.502676487000031 ], [ 39.149108887000125, 3.504650116000164 ], [ 39.149793797000143, 3.506958296 ], [ 39.149610462000169, 3.511024943000166 ], [ 39.148208618000183, 3.511250496000059 ], [ 39.147356915000103, 3.511648629000035 ], [ 39.14521001300011, 3.512234147000186 ], [ 39.141793104000101, 3.511344829000166 ], [ 39.139392853, 3.511611938000101 ], [ 39.13796618900011, 3.512274091000108 ], [ 39.135534645000178, 3.51299662800011 ], [ 39.134454984000115, 3.512797892000037 ], [ 39.132476807000103, 3.51189231900014 ], [ 39.130393981999987, 3.511937380000063 ], [ 39.129077911000081, 3.512420654000096 ], [ 39.125381470000036, 3.513929844000074 ], [ 39.120590210000103, 3.516080618000046 ], [ 39.118789117, 3.516987693000033 ], [ 39.117135688000076, 3.517756661000078 ], [ 39.113006592000033, 3.51959204700006 ], [ 39.106643677000193, 3.522278309000058 ], [ 39.103393555000025, 3.524399042000141 ], [ 39.098598480000192, 3.529037714000083 ], [ 39.097530959000096, 3.530199525 ], [ 39.096669637000048, 3.531129754000176 ], [ 39.095417023000152, 3.532384157000138 ], [ 39.09388351399997, 3.533804893000081 ], [ 39.092632294000055, 3.534919262000187 ], [ 39.091461182000103, 3.536089420000167 ], [ 39.091014862000122, 3.536869526000089 ], [ 39.090457916000048, 3.538011551000125 ], [ 39.089932674000124, 3.539516430000049 ], [ 39.087310013000092, 3.541934147000177 ], [ 39.086051998000187, 3.541827082999987 ], [ 39.084495544000049, 3.54138255099997 ], [ 39.083160400000054, 3.541298866000091 ], [ 39.081754606000061, 3.541486126000109 ], [ 39.078410013, 3.541534147000107 ], [ 39.078044729000169, 3.538032876000045 ], [ 39.078062058000114, 3.53422284100003 ], [ 39.078060150000113, 3.533025026000132 ], [ 39.077810288000023, 3.532077790000073 ], [ 39.076778412000124, 3.531826973000022 ], [ 39.075679780000144, 3.531840921000082 ], [ 39.074585452, 3.531903007000096 ], [ 39.073110013000075, 3.531534147000116 ], [ 39.07232701300012, 3.530681902000026 ], [ 39.07198715200019, 3.529849052000031 ], [ 39.071208000000183, 3.529173494000133 ], [ 39.07001113900003, 3.529138684999964 ], [ 39.069039097000029, 3.529376954999975 ], [ 39.066010013000039, 3.529434147000075 ], [ 39.064369486000146, 3.528687570000045 ], [ 39.062904358000026, 3.527954817000079 ], [ 39.061563544000137, 3.527601521000179 ], [ 39.06040159700018, 3.527152757000181 ], [ 39.056900809000069, 3.524126587000069 ], [ 39.056442261000143, 3.523497343000031 ], [ 39.054912567000031, 3.521798134000051 ], [ 39.054111481, 3.521798134000051 ], [ 39.053211212000065, 3.521798134000051 ], [ 39.051483154000096, 3.522773026999971 ], [ 39.04968480600013, 3.5236217100001 ], [ 39.046358221000162, 3.524619685000175 ], [ 39.045077613000046, 3.525129979000155 ], [ 39.042924124000137, 3.527149266000151 ], [ 39.035310013000128, 3.528434147000155 ], [ 39.034288607000178, 3.527384369000117 ], [ 39.031652854000129, 3.524729760000127 ], [ 39.021109355000021, 3.52441809100003 ], [ 39.02107018900017, 3.523462442000096 ], [ 39.021175385000163, 3.512604713000087 ], [ 39.019947052000077, 3.511685610000029 ], [ 39.018276215000128, 3.511379004000048 ], [ 39.016326904000039, 3.512047529000029 ], [ 39.01473999000018, 3.513412714000083 ], [ 39.012176514000146, 3.517674923000072 ], [ 39.009663555000145, 3.517083988000081 ], [ 39.007479821000118, 3.516555997000182 ], [ 39.007081004000099, 3.517402380000135 ], [ 39.003310013000089, 3.525034147000042 ], [ 38.99891001300017, 3.521734147000188 ], [ 38.998024991000136, 3.522191917000043 ], [ 38.993371335000063, 3.52453816100018 ], [ 38.990410013000144, 3.523834147 ], [ 38.989355451000108, 3.524155878000101 ], [ 38.984485626000151, 3.525586843000099 ], [ 38.981281281000122, 3.526116133000187 ], [ 38.979301453000119, 3.527815342 ], [ 38.979608233000079, 3.528935639000053 ], [ 38.97593800500016, 3.53199052400015 ], [ 38.973257568000179, 3.531132316000026 ], [ 38.970916748000093, 3.530294895000111 ], [ 38.967826843000182, 3.533387184000048 ], [ 38.96563847900012, 3.532921221000151 ], [ 38.964810013000147, 3.532734147000099 ], [ 38.963141824000047, 3.531146678000141 ], [ 38.958609520000039, 3.52681887000017 ], [ 38.958510013000023, 3.523734147000084 ], [ 38.959678579000126, 3.517930217000014 ], [ 38.928684235000162, 3.515669346000095 ], [ 38.922481537000124, 3.515398979000054 ], [ 38.905673981000177, 3.514666319000185 ], [ 38.891326904000152, 3.520349503000034 ], [ 38.868789673000151, 3.527313948000085 ], [ 38.848979965000126, 3.53474211200006 ], [ 38.840753824999979, 3.536922535000087 ], [ 38.839622498000097, 3.536172867000062 ], [ 38.800899506000178, 3.547984838000104 ], [ 38.770671844000049, 3.557094574000189 ], [ 38.759063721000132, 3.560573816000101 ], [ 38.72177965700007, 3.571745533000126 ], [ 38.720781579000061, 3.572043952 ], [ 38.714984894000168, 3.574235439000063 ], [ 38.712364197000113, 3.580439806000129 ], [ 38.712978363000161, 3.583643435999988 ], [ 38.706932068000185, 3.5923910140001 ], [ 38.693199158000084, 3.612393378999968 ], [ 38.688739777000137, 3.623453140000152 ], [ 38.686931610000045, 3.626099586000123 ], [ 38.681553346000157, 3.626709481000034 ], [ 38.67311112800013, 3.623034633000088 ], [ 38.676609320000182, 3.61118238500012 ], [ 38.669147923000025, 3.602847663000091 ], [ 38.665618896000183, 3.595176935000097 ], [ 38.664375305000192, 3.59579801600006 ], [ 38.659320831000173, 3.598324776000084 ], [ 38.643009988000188, 3.601778153000055 ], [ 38.639349657000082, 3.602551099000095 ], [ 38.62480545000011, 3.60657095900018 ], [ 38.620403290000183, 3.604593039000122 ], [ 38.617450714000142, 3.606961012 ], [ 38.615280151000036, 3.611529589000099 ], [ 38.614815775000181, 3.614600345000156 ], [ 38.611489189999986, 3.614165264000121 ], [ 38.61006572399998, 3.613096186000121 ], [ 38.609485626000151, 3.612086772999987 ], [ 38.60863513400011, 3.611852461000183 ], [ 38.607055485000046, 3.61012920800016 ], [ 38.606056213000159, 3.608270168000161 ], [ 38.604690552000079, 3.608281136000187 ], [ 38.588977814000089, 3.608407021 ], [ 38.581710815, 3.608465195 ], [ 38.579316222000045, 3.606341022000038 ], [ 38.576639033000163, 3.608706243000086 ], [ 38.575275421000129, 3.60866022099998 ], [ 38.571624756000119, 3.612365484000065 ], [ 38.569061279000039, 3.610693932000117 ], [ 38.565330505000077, 3.615374088000124 ], [ 38.560062408000192, 3.615597010000101 ], [ 38.558307648000152, 3.617602825000063 ], [ 38.557861328000172, 3.62500476800011 ], [ 38.55115509, 3.637418509000042 ], [ 38.550216675000115, 3.644171238000183 ], [ 38.542285919000108, 3.649809837000021 ], [ 38.538696289000086, 3.656696320000037 ], [ 38.53044643800007, 3.655740033000029 ], [ 38.52539198400018, 3.655132430000094 ], [ 38.524343551000015, 3.655032579000135 ], [ 38.521110821999969, 3.654611841000133 ], [ 38.516310013000066, 3.650134147000188 ], [ 38.518910013000038, 3.646534147000011 ], [ 38.522610013000133, 3.644034147000127 ], [ 38.522810012999969, 3.640734147000103 ], [ 38.521903413000132, 3.639162708000015 ], [ 38.521314080000138, 3.637947275000101 ], [ 38.52141001300015, 3.632534147000058 ], [ 38.522376359000191, 3.629612918000021 ], [ 38.514892578000115, 3.625985384000046 ], [ 38.50477344900014, 3.624720493000098 ], [ 38.488805366000065, 3.618757308000113 ], [ 38.480663300000174, 3.615711212000122 ], [ 38.447765350000111, 3.604278088000058 ], [ 38.411529541000164, 3.607676983000033 ], [ 38.382133484, 3.609392881000076 ], [ 38.376960754000152, 3.60976624500006 ], [ 38.358978271000069, 3.61106443400007 ], [ 38.321178436000025, 3.613805771000159 ], [ 38.304553986000087, 3.614808559000153 ], [ 38.282150269000113, 3.616320372000075 ], [ 38.260623932000101, 3.617772818 ], [ 38.235130310000159, 3.619176865000099 ], [ 38.229602814000089, 3.619622469000035 ], [ 38.211128235000103, 3.62098193200012 ], [ 38.190601349000076, 3.622296810000023 ], [ 38.183849335000104, 3.622319221000055 ], [ 38.174198151000041, 3.620402575000071 ], [ 38.164390564000087, 3.618017912000028 ], [ 38.152179718000127, 3.61500930800014 ], [ 38.147388458000194, 3.614162207000163 ], [ 38.144351394000068, 3.614530143000025 ], [ 38.142945311000176, 3.614440030000139 ], [ 38.135536193000178, 3.613872820000097 ], [ 38.129317160000085, 3.608261297000013 ], [ 38.1221571640001, 3.615401158000054 ], [ 38.121010013000159, 3.616534147000095 ], [ 38.117953643000192, 3.620217465000053 ], [ 38.113178253000171, 3.625956535000057 ], [ 38.104766846000075, 3.632677554999987 ], [ 38.092819894000115, 3.642346113000087 ], [ 38.084064484000066, 3.649282455000048 ], [ 38.071952820000035, 3.659166336000112 ], [ 38.059803009000063, 3.668906450000065 ], [ 38.054737091000106, 3.672428846 ], [ 38.048768871000163, 3.674999564000075 ], [ 38.047496028000069, 3.675545271000033 ], [ 38.044170380000082, 3.67868256600002 ], [ 38.04400662900008, 3.67981606100011 ], [ 38.04319888100008, 3.681056127000033 ], [ 38.041904449000072, 3.685295820000078 ], [ 38.037662506000174, 3.68518805500014 ], [ 38.035255432000156, 3.688027382000143 ], [ 38.032058716000165, 3.690507412000159 ], [ 38.030979156000171, 3.69431710200007 ], [ 38.026702881000119, 3.696293831000105 ], [ 38.024402618000124, 3.701110125000184 ], [ 38.018722534000176, 3.70592618000012 ], [ 38.017250061000141, 3.709412575000044 ], [ 38.015666962000125, 3.715882063000095 ], [ 38.012722015000122, 3.715306997000141 ], [ 38.008121490000065, 3.728964567000048 ], [ 38.003159972000049, 3.728930182000113 ], [ 37.999445300000161, 3.73329328799997 ], [ 37.998668671000132, 3.733062029000109 ], [ 37.993278503, 3.731875896000133 ], [ 37.990715027000192, 3.733240485000181 ], [ 37.980415472, 3.738727542000049 ], [ 37.966885572000194, 3.745877067000151 ], [ 37.966175079000095, 3.746252298 ], [ 37.960414255000046, 3.749469816000158 ], [ 37.949910013000135, 3.755334147000156 ], [ 37.948702381000032, 3.756029450000028 ], [ 37.933361053000056, 3.764834166000071 ], [ 37.925195686999984, 3.769672723000099 ], [ 37.918810013000098, 3.773434147000103 ], [ 37.916384108000045, 3.775330258000054 ], [ 37.910106659000121, 3.780181170000105 ], [ 37.902023315000122, 3.785572290000175 ], [ 37.884304047000057, 3.79710936500004 ], [ 37.869495392000033, 3.806885481000108 ], [ 37.854614258000083, 3.81626629800013 ], [ 37.847175598000149, 3.821010590000071 ], [ 37.836894989000143, 3.828090906000057 ], [ 37.818565369000169, 3.840131283000062 ], [ 37.807495117000087, 3.847391367000171 ], [ 37.801959991000103, 3.851309061000109 ], [ 37.789543570000092, 3.858752828000092 ], [ 37.785710013000084, 3.861034147000112 ], [ 37.782940417000077, 3.86282809100004 ], [ 37.768066406000116, 3.872370720000049 ], [ 37.754554749000135, 3.881787300000099 ], [ 37.74193954500015, 3.890341520000163 ], [ 37.720050812000125, 3.905364990000123 ], [ 37.707004547000054, 3.912625074000061 ], [ 37.703697204999969, 3.914997101000154 ], [ 37.690326691, 3.924413919000187 ], [ 37.678501129000153, 3.93257260300004 ], [ 37.659164429000043, 3.945727110000178 ], [ 37.648635864000084, 3.952412128000105 ], [ 37.648239136000143, 3.955754757000022 ], [ 37.632461548000151, 3.966932535000126 ], [ 37.62023925800014, 3.974731684000119 ], [ 37.601875305000135, 3.986880064000047 ], [ 37.586601257000041, 3.99687171000005 ], [ 37.555118560999972, 4.019294739000031 ], [ 37.50082397500006, 4.059123993000014 ], [ 37.492671967000035, 4.064414978 ], [ 37.454780579000158, 4.089699745000189 ], [ 37.438365936000082, 4.100403309000114 ], [ 37.429130554000153, 4.106369972000039 ], [ 37.427116394000109, 4.106977940000093 ], [ 37.427307128999985, 4.107851982000113 ], [ 37.426204681000115, 4.108156204000011 ], [ 37.425989326000149, 4.11034197400005 ], [ 37.42177236800012, 4.111615725000036 ], [ 37.420467377000193, 4.111044407000179 ], [ 37.41757965100004, 4.113172531000032 ], [ 37.407945633000111, 4.118895530999964 ], [ 37.405617881000069, 4.120359198000017 ], [ 37.402232853000157, 4.122612959999969 ], [ 37.393165588000159, 4.128372669000044 ], [ 37.374870300000055, 4.140378475000091 ], [ 37.35508346600011, 4.153229713000087 ], [ 37.340518951000035, 4.162775040000156 ], [ 37.321926116999975, 4.174631596000097 ], [ 37.31536102299998, 4.179006577000166 ], [ 37.305221558000142, 4.185519217999968 ], [ 37.298534393000068, 4.189744949000101 ], [ 37.289882659999989, 4.195511818000057 ], [ 37.281525399000145, 4.200984146000053 ], [ 37.275910013000043, 4.204634147000149 ], [ 37.266510013000129, 4.210834147000128 ], [ 37.265213260000053, 4.211667774000091 ], [ 37.260898590000124, 4.214378357000101 ], [ 37.257034302000136, 4.216955662000089 ], [ 37.255306244000167, 4.218106747000036 ], [ 37.248321533000137, 4.222779751000132 ], [ 37.239871979000043, 4.228248596000128 ], [ 37.224983215000066, 4.237545013000044 ], [ 37.211757660000103, 4.246070862000181 ], [ 37.199825287000181, 4.253602505000117 ], [ 37.182723999000075, 4.264738560000012 ], [ 37.175888062000126, 4.269138336000083 ], [ 37.173697467000181, 4.270552446000067 ], [ 37.168110013000103, 4.274134146999984 ], [ 37.165738923000163, 4.275714873000084 ], [ 37.164207458000192, 4.276719570000125 ], [ 37.158565521000128, 4.280323982000141 ], [ 37.155590738000114, 4.282367537000027 ], [ 37.153710013000193, 4.283634146999987 ], [ 37.151005364000127, 4.285437247000175 ], [ 37.142902374000073, 4.290763854999966 ], [ 37.136291504000042, 4.295163631000037 ], [ 37.131843566999976, 4.293001175000029 ], [ 37.128261566, 4.294890404000114 ], [ 37.122844696000186, 4.299115658000119 ], [ 37.120956421000187, 4.300656796000055 ], [ 37.113273621000076, 4.306523323000079 ], [ 37.111560822000172, 4.309083462000103 ], [ 37.108577728000114, 4.313955783999972 ], [ 37.106685638000044, 4.317186832000175 ], [ 37.098086804, 4.331239099000129 ], [ 37.097036410000158, 4.334064554000065 ], [ 37.095848083000135, 4.333890914999984 ], [ 37.093959808000136, 4.336426258000074 ], [ 37.09163284300007, 4.340356349999979 ], [ 37.089393616000166, 4.343622684000081 ], [ 37.080627441000047, 4.347429276000071 ], [ 37.077743530000077, 4.348370552000176 ], [ 37.071800232000044, 4.348831176999965 ], [ 37.065402985000162, 4.347032070000068 ], [ 37.065016673000173, 4.348525295000059 ], [ 37.064167023000039, 4.348851681000099 ], [ 37.063938141000108, 4.351884842000118 ], [ 37.059043884000062, 4.357239723000077 ], [ 37.054294586000026, 4.362238884000078 ], [ 37.054721844000028, 4.363056404000076 ], [ 37.054951891000144, 4.365774757 ], [ 37.050052850999975, 4.36919523600011 ], [ 37.048106964, 4.370449859000132 ], [ 37.047289663000186, 4.375764563000018 ], [ 37.04370880099998, 4.374579906000179 ], [ 37.038940430000082, 4.37794733000004 ], [ 37.031410217000087, 4.385728836000169 ], [ 37.031213861000026, 4.384777906000181 ], [ 37.030602889000079, 4.381812582000123 ], [ 37.028835663000052, 4.379823218000013 ], [ 37.027610013000071, 4.378434147000121 ], [ 37.020966095000119, 4.371757387000116 ], [ 37.015827179000041, 4.376337051000121 ], [ 37.012836456000116, 4.378156662000151 ], [ 37.010723114000029, 4.379244328000084 ], [ 37.009830728000111, 4.379716244000065 ], [ 37.003685493000091, 4.378424757000062 ], [ 36.998421195000105, 4.38254727400016 ], [ 36.997234344000049, 4.382423878000111 ], [ 36.997154022000132, 4.38361939400005 ], [ 36.991322729000046, 4.388821822000125 ], [ 36.988297388000092, 4.391426484000135 ], [ 36.98754147000011, 4.392297596000105 ], [ 36.986396790000072, 4.392568588000131 ], [ 36.986251831000061, 4.395183086000088 ], [ 36.979631808000022, 4.395855262000111 ], [ 36.974898183000164, 4.398130080000044 ], [ 36.959121704000154, 4.397567749000132 ], [ 36.959245113000179, 4.398634513000104 ], [ 36.959171174000176, 4.403323546000024 ], [ 36.956527710000103, 4.404491425000117 ], [ 36.941383362000124, 4.411017417999972 ], [ 36.909858704000158, 4.424500465000108 ], [ 36.879730225000174, 4.431751728000108 ], [ 36.863185883000142, 4.439973830999975 ], [ 36.843982697000058, 4.449574471000176 ], [ 36.818561926000029, 4.448361744000067 ], [ 36.814010013000029, 4.448134147000189 ], [ 36.781110013000159, 4.446834147000061 ], [ 36.777294762000054, 4.446608616000162 ], [ 36.760807037000177, 4.445606709000117 ], [ 36.740165710000042, 4.444398880000108 ], [ 36.730232239000145, 4.443898678000096 ], [ 36.718235016, 4.44317579300008 ], [ 36.716758728000059, 4.443086624000046 ], [ 36.699115753000171, 4.442295074000128 ], [ 36.680351257000154, 4.44129562400002 ], [ 36.661380768000186, 4.441961764999974 ], [ 36.660794839000118, 4.442656509000074 ], [ 36.655529056999967, 4.446371630999977 ], [ 36.644779205000134, 4.453874588000076 ], [ 36.625579834000064, 4.454312325000103 ], [ 36.600259734000133, 4.451113416000055 ], [ 36.576810013000113, 4.448134147000189 ], [ 36.568081776000099, 4.447024873000032 ], [ 36.546916962000068, 4.444294453000111 ], [ 36.516132355000138, 4.445794106000108 ], [ 36.498054504000152, 4.446022987000106 ], [ 36.47546005200013, 4.44639778100003 ], [ 36.462608337000177, 4.446106434000171 ], [ 36.447589312000161, 4.446526479 ], [ 36.43581001300015, 4.446834147000061 ], [ 36.430128204000141, 4.447006324000029 ], [ 36.419269562000181, 4.447293758000171 ], [ 36.407564507000075, 4.447707020999985 ], [ 36.400410013000169, 4.447934147000126 ], [ 36.395566530000053, 4.447934147000126 ], [ 36.384822845000087, 4.44787693000012 ], [ 36.379630510000084, 4.448028424000029 ], [ 36.377058709000039, 4.44810710600018 ], [ 36.357685089000029, 4.448668003000137 ], [ 36.332859039000084, 4.449293137000154 ], [ 36.302810466000153, 4.449922686000093 ], [ 36.297110013000179, 4.450034147000167 ], [ 36.282153093000034, 4.450306918000081 ], [ 36.264129639000032, 4.45062589600019 ], [ 36.255116354000108, 4.454231238000091 ] ] ] } },
{ "type": "Feature", "properties": { "county": "Samburu", "pcode": "KE025", "area_sqkm": 21015.669645369999 }, "geometry": { "type": "Polygon", "coordinates": [ [ [ 36.759192238000082, 2.514763586000129 ], [ 36.757399019000104, 2.515467806000174 ], [ 36.756414767000024, 2.515632310000058 ], [ 36.753977263000138, 2.515847644000132 ], [ 36.751713195000036, 2.515390488000151 ], [ 36.750585688000115, 2.514844944000117 ], [ 36.748698937000029, 2.513775066000051 ], [ 36.745561246000022, 2.51383297100017 ], [ 36.743189591000032, 2.514128475000064 ], [ 36.741317749000018, 2.514169854000045 ], [ 36.740475796999988, 2.514169854000045 ], [ 36.739681224000094, 2.514092302000051 ], [ 36.738010649000159, 2.51368020000001 ], [ 36.736981889000106, 2.513430811000092 ], [ 36.735952231000169, 2.513155091000044 ], [ 36.733617524000181, 2.512570937000021 ], [ 36.732697201000178, 2.512377334000064 ], [ 36.731186183000034, 2.512211555000135 ], [ 36.728668190000121, 2.512147277000111 ], [ 36.725854845000129, 2.511456339000176 ], [ 36.722599064000121, 2.510509884000101 ], [ 36.721845061000181, 2.510244781000097 ], [ 36.720173577000082, 2.509640631000025 ], [ 36.718969710000067, 2.509227427000098 ], [ 36.717836606000105, 2.508876962000159 ], [ 36.715493560000027, 2.508249517000024 ], [ 36.713754694000045, 2.508110221000038 ], [ 36.712783687000069, 2.50833657000004 ], [ 36.71105433200006, 2.508545548000086 ], [ 36.709377289000145, 2.50756549800019 ], [ 36.70848451500018, 2.508072974000072 ], [ 36.708175372000085, 2.508919132000074 ], [ 36.707806677, 2.510158219000061 ], [ 36.707328796000184, 2.511460543000169 ], [ 36.705793222000125, 2.51226738400004 ], [ 36.704410553000059, 2.512638097000035 ], [ 36.701370239000028, 2.512567405000084 ], [ 36.700530942000114, 2.51225510800009 ], [ 36.700797428000158, 2.510105533000115 ], [ 36.701007079000192, 2.509100060000151 ], [ 36.701225078, 2.508233331000099 ], [ 36.701509411000188, 2.506304601000068 ], [ 36.701598296000157, 2.505423441000119 ], [ 36.701666349, 2.503951577000066 ], [ 36.701729421000095, 2.502527816000111 ], [ 36.701903212000161, 2.501551957000117 ], [ 36.702171654000153, 2.500059207000049 ], [ 36.702666275000126, 2.497353716000077 ], [ 36.70268083000019, 2.49451675 ], [ 36.702573833000145, 2.493265677000181 ], [ 36.702389104000019, 2.491882279000095 ], [ 36.702091162999977, 2.488968761000081 ], [ 36.701876696000113, 2.486540623000053 ], [ 36.702436818000081, 2.483727444000124 ], [ 36.70277261200016, 2.482551027 ], [ 36.702991959000087, 2.481746578000184 ], [ 36.703236388000164, 2.480602273000102 ], [ 36.703451515000097, 2.479598164000038 ], [ 36.703569744000049, 2.478698985000165 ], [ 36.703463841000087, 2.477315285999964 ], [ 36.702665795000087, 2.47464994700016 ], [ 36.701544056000103, 2.472134176000111 ], [ 36.701197088000185, 2.471440792000124 ], [ 36.700747133000164, 2.470694444000173 ], [ 36.699813302000109, 2.469402032000175 ], [ 36.6992777910001, 2.468675676000146 ], [ 36.698801594000031, 2.467872017000161 ], [ 36.69815049000016, 2.466048633000071 ], [ 36.69787965900008, 2.465142834 ], [ 36.697689056000172, 2.464227200000096 ], [ 36.698078156000065, 2.46227932000005 ], [ 36.698849983000059, 2.46094856600007 ], [ 36.699195991000067, 2.460239915000159 ], [ 36.699754766000012, 2.459058786000071 ], [ 36.699692522000021, 2.45733186700005 ], [ 36.699403272999973, 2.456061061000071 ], [ 36.698964980000085, 2.454266264000182 ], [ 36.697982788000161, 2.453806639000049 ], [ 36.69632720900006, 2.454001427000037 ], [ 36.695348873000114, 2.454747407000127 ], [ 36.694339669000101, 2.455200445000116 ], [ 36.693638846000113, 2.455530295000017 ], [ 36.691787121000061, 2.456598732999964 ], [ 36.690969282000026, 2.457143614000017 ], [ 36.690043595000077, 2.457675376000168 ], [ 36.688081097000065, 2.458409993000089 ], [ 36.687015292000069, 2.458356762000051 ], [ 36.685496077000039, 2.457775785000024 ], [ 36.684307577000084, 2.45676440200009 ], [ 36.68366719900007, 2.456036602000097 ], [ 36.68311803500012, 2.455431530000112 ], [ 36.681009901000095, 2.453719004 ], [ 36.680197644000145, 2.452895946000126 ], [ 36.679178599000124, 2.451706634000118 ], [ 36.678588053999988, 2.451017233000186 ], [ 36.677944057000104, 2.450435858000162 ], [ 36.676950896000108, 2.449538188000133 ], [ 36.675767206000046, 2.448848855 ], [ 36.674799330000042, 2.44798884 ], [ 36.67335972800015, 2.446575928000186 ], [ 36.671711340000172, 2.444535809 ], [ 36.670784121000111, 2.443293936000032 ], [ 36.670355273000155, 2.442588751000017 ], [ 36.668896694000182, 2.439957876000051 ], [ 36.668023623000124, 2.438286231 ], [ 36.6664517050001, 2.435968253999988 ], [ 36.664736233000099, 2.433888952000075 ], [ 36.664187827000035, 2.433045810000124 ], [ 36.663664038000093, 2.43211032 ], [ 36.662271595000107, 2.429927066 ], [ 36.661625557000093, 2.428818133 ], [ 36.661107444000152, 2.427882063000027 ], [ 36.660295281000174, 2.426216525000029 ], [ 36.659099132000051, 2.422943214000043 ], [ 36.657865893000064, 2.420032423000123 ], [ 36.656343224000125, 2.418842669000128 ], [ 36.654551533000131, 2.418505956000047 ], [ 36.652065277000077, 2.418643594000059 ], [ 36.650838468000131, 2.417839172000129 ], [ 36.65010022600012, 2.416896402000077 ], [ 36.649182396000072, 2.415345087000105 ], [ 36.648506165000128, 2.413195610000116 ], [ 36.647412461000044, 2.413123920999965 ], [ 36.64638895600018, 2.41497741000012 ], [ 36.645934834000116, 2.41598651400011 ], [ 36.644992580000121, 2.417091766000112 ], [ 36.644389129000047, 2.417598092000048 ], [ 36.643539429000043, 2.41709113100012 ], [ 36.643459726000117, 2.414744419000101 ], [ 36.643756795000115, 2.411644720000083 ], [ 36.644151345000068, 2.408733930000096 ], [ 36.643858817000194, 2.405622908999987 ], [ 36.643262655000058, 2.403059623 ], [ 36.642566518000137, 2.400392223000097 ], [ 36.64212163100018, 2.399310908000075 ], [ 36.641689301000099, 2.397418499000082 ], [ 36.641300201000035, 2.395373344000063 ], [ 36.640033722000169, 2.393717766000066 ], [ 36.639450073000091, 2.39254903799997 ], [ 36.638572693000185, 2.391187429000013 ], [ 36.638183594000054, 2.392159700000093 ], [ 36.638767242000029, 2.394886494000104 ], [ 36.638984680000078, 2.396455050000043 ], [ 36.639160156000173, 2.397710800000027 ], [ 36.63910923300017, 2.400774811000133 ], [ 36.639121714, 2.401567654000132 ], [ 36.639365252000118, 2.403947837000146 ], [ 36.63867579700019, 2.406652134000183 ], [ 36.637939854000138, 2.406254272000126 ], [ 36.636528015000067, 2.404820204000089 ], [ 36.635087967000118, 2.404339790000165 ], [ 36.633686066000053, 2.405625701000076 ], [ 36.633332910000149, 2.407394774000124 ], [ 36.632216945999971, 2.408668625000132 ], [ 36.631619673000046, 2.409806131000096 ], [ 36.63146591200001, 2.411832094000147 ], [ 36.630781871000181, 2.41220988800012 ], [ 36.630002231000162, 2.412605318000146 ], [ 36.627768189000051, 2.413590848000183 ], [ 36.626642687000185, 2.414091156000154 ], [ 36.624350550000145, 2.414600519000146 ], [ 36.623088837000125, 2.414558887000055 ], [ 36.621708480000052, 2.41322261300013 ], [ 36.621296660000098, 2.412312812000096 ], [ 36.621356844000104, 2.410460356000158 ], [ 36.621872607000057, 2.408082532000037 ], [ 36.621871255000087, 2.40731801700008 ], [ 36.621813882000083, 2.405599382000105 ], [ 36.621752018000109, 2.404654510000057 ], [ 36.621516448000136, 2.403696845000184 ], [ 36.620665429000155, 2.401974016000167 ], [ 36.620033093000075, 2.399963956000136 ], [ 36.619356864000167, 2.39872512300002 ], [ 36.618051265000076, 2.398027499000023 ], [ 36.616451734000123, 2.397370913999964 ], [ 36.615580136000119, 2.397064945000125 ], [ 36.613349492000111, 2.396543762000078 ], [ 36.612182825000161, 2.396228026000074 ], [ 36.610995531000128, 2.395964266000135 ], [ 36.608733100000109, 2.395624530000077 ], [ 36.607399067000131, 2.396082502000127 ], [ 36.605767665000144, 2.397357260000092 ], [ 36.605254432000038, 2.398326613999984 ], [ 36.605073909000112, 2.400444864000121 ], [ 36.604304401000036, 2.402346339000133 ], [ 36.603888290000157, 2.403061048000041 ], [ 36.603337836000094, 2.403652675000046 ], [ 36.602404570000147, 2.404801879000104 ], [ 36.601409380000064, 2.405183985000122 ], [ 36.601438631000065, 2.387068548 ], [ 36.601488631000109, 2.367936028000088 ], [ 36.601297078000187, 2.36082650700007 ], [ 36.645874910000146, 2.339636907000113 ], [ 36.681225106000056, 2.322722503000023 ], [ 36.724673104000146, 2.302038079000113 ], [ 36.723301717000083, 2.298820647000184 ], [ 36.723179647000109, 2.297119141000053 ], [ 36.72329101400004, 2.296256079000045 ], [ 36.723463643000173, 2.295462880000059 ], [ 36.723847892000094, 2.293180023000104 ], [ 36.723787146, 2.292137434000097 ], [ 36.723079647000191, 2.289712493000081 ], [ 36.722264085000063, 2.287105911000083 ], [ 36.722193972000184, 2.28589955200016 ], [ 36.722646541000074, 2.283621770000025 ], [ 36.723301717000083, 2.280484856000157 ], [ 36.723625531000096, 2.278068135000126 ], [ 36.723684822999985, 2.277052133999973 ], [ 36.723522579000075, 2.2761935690001 ], [ 36.722746006000023, 2.274355563000086 ], [ 36.722271981000176, 2.273655950000034 ], [ 36.721645875000036, 2.273117178 ], [ 36.720447909000029, 2.272264983000127 ], [ 36.718418992000124, 2.271431841000094 ], [ 36.716562067000041, 2.268758749000085 ], [ 36.715896192000116, 2.26802908000019 ], [ 36.713048572000048, 2.266978342000129 ], [ 36.712182884000185, 2.266722776000108 ], [ 36.711372179000193, 2.266374988000109 ], [ 36.709282674, 2.264872356000126 ], [ 36.707837906000066, 2.26331708400005 ], [ 36.707654177000052, 2.262351543000023 ], [ 36.708102840000095, 2.260666643000036 ], [ 36.711107853000158, 2.258284628000069 ], [ 36.711892163000186, 2.257673410000109 ], [ 36.712548045000119, 2.256975422999972 ], [ 36.713952010000185, 2.254484368000021 ], [ 36.714426668000044, 2.251539007000133 ], [ 36.714426668000044, 2.248080022000011 ], [ 36.71389337100004, 2.246103044000051 ], [ 36.713592643000027, 2.24504703000008 ], [ 36.713174575999972, 2.244180945000096 ], [ 36.711313718000042, 2.241875246000177 ], [ 36.710671189999971, 2.240955312000096 ], [ 36.71008300799997, 2.240112305000082 ], [ 36.709899902000132, 2.238098145000038 ], [ 36.71039090000005, 2.236858330000018 ], [ 36.710896817000105, 2.23572765900002 ], [ 36.711717446000023, 2.234124297000051 ], [ 36.712229256000114, 2.233037536000097 ], [ 36.712500106000164, 2.230490960000054 ], [ 36.712009831000159, 2.226330116000042 ], [ 36.711787493000088, 2.225248885000042 ], [ 36.711486816000161, 2.224121094000054 ], [ 36.709201026000187, 2.223206069000128 ], [ 36.708171138000068, 2.222665038 ], [ 36.707083351000051, 2.222323340000173 ], [ 36.704088680000154, 2.221615911000185 ], [ 36.701477051000154, 2.219726563000165 ], [ 36.700967830000025, 2.218655997000042 ], [ 36.700500488000102, 2.217712402000075 ], [ 36.700851766000028, 2.213062932000128 ], [ 36.701284871000098, 2.20902929000016 ], [ 36.702981595000153, 2.203874705999965 ], [ 36.703043223000066, 2.203056478000121 ], [ 36.702781404000177, 2.202132157000108 ], [ 36.701799765000032, 2.199937176000162 ], [ 36.701197528000023, 2.199146881000047 ], [ 36.700490033000051, 2.198762879000071 ], [ 36.698239510000064, 2.198086126000135 ], [ 36.694638973000167, 2.197814055000094 ], [ 36.691552059000173, 2.197239397000146 ], [ 36.687512339000079, 2.196061889000021 ], [ 36.68657754600008, 2.195747694999966 ], [ 36.685504546000118, 2.195274339999969 ], [ 36.681497176, 2.193275237000023 ], [ 36.676877840000088, 2.190421428000093 ], [ 36.670837117000019, 2.186870891000012 ], [ 36.667236580000122, 2.183270354000115 ], [ 36.662525692000088, 2.17821791300014 ], [ 36.658825155000045, 2.174889446000179 ], [ 36.654941512000164, 2.172418743000094 ], [ 36.648678719000031, 2.169140276000178 ], [ 36.643726278000145, 2.16722474900007 ], [ 36.636525203000019, 2.164229387000034 ], [ 36.627297567000028, 2.162463860000059 ], [ 36.620529598000189, 2.161475579000069 ], [ 36.61429732300013, 2.157683489000021 ], [ 36.611268342000074, 2.156918198000028 ], [ 36.610900879000155, 2.158081055000025 ], [ 36.612048690000165, 2.15946849900007 ], [ 36.612475797000059, 2.162652134000155 ], [ 36.609486434000075, 2.161717132000092 ], [ 36.608494877000169, 2.160296262000088 ], [ 36.60797648800019, 2.159585450000066 ], [ 36.606293233000088, 2.158748925000054 ], [ 36.605556799999988, 2.158400227000186 ], [ 36.604150124000171, 2.157258366000121 ], [ 36.603471355000011, 2.156656811000175 ], [ 36.602882159000103, 2.156158749000156 ], [ 36.601087725000184, 2.154889218 ], [ 36.600285499000051, 2.154240977000086 ], [ 36.599764235000066, 2.153628949000108 ], [ 36.598127943000065, 2.150851632000069 ], [ 36.597573523000165, 2.149853272000087 ], [ 36.597058637000032, 2.148957424 ], [ 36.596221002999982, 2.147582559000057 ], [ 36.595380854000041, 2.146722291000117 ], [ 36.593511520000106, 2.14663772900002 ], [ 36.592567137, 2.146826152000074 ], [ 36.591671162000068, 2.146989090000034 ], [ 36.589698739000028, 2.146931878000089 ], [ 36.588133962000143, 2.145801112000186 ], [ 36.587407519000124, 2.145028953000121 ], [ 36.586923326000147, 2.144281816000046 ], [ 36.585029403000192, 2.140891155000077 ], [ 36.583949569000026, 2.137290618000179 ], [ 36.583244393000143, 2.132529729000169 ], [ 36.583575797000037, 2.128452133999986 ], [ 36.582034041000156, 2.125520208000069 ], [ 36.580682137000053, 2.12186967100007 ], [ 36.577081600000099, 2.117280852000079 ], [ 36.57249278200004, 2.112661516000173 ], [ 36.568095516000028, 2.108627874000035 ], [ 36.565674812999987, 2.10611561800016 ], [ 36.564857196000105, 2.10443295400006 ], [ 36.564686532000053, 2.103452134000065 ], [ 36.564699693000136, 2.102478093 ], [ 36.564828084, 2.099833343000057 ], [ 36.566452059000028, 2.096091253000054 ], [ 36.567631893000112, 2.0924907160001 ], [ 36.567681893000156, 2.088668108000036 ], [ 36.566643612000121, 2.084512395000161 ], [ 36.56608843600003, 2.081083928000112 ], [ 36.566693612, 2.075284759000169 ], [ 36.567076717000191, 2.072764055000107 ], [ 36.567639705000033, 2.068902064000042 ], [ 36.56773189300003, 2.067552134000096 ], [ 36.567874038000184, 2.06613956700005 ], [ 36.568710819000046, 2.063107296000055 ], [ 36.568992116000118, 2.0617555500001 ], [ 36.569125350000149, 2.060485840000013 ], [ 36.569061428000168, 2.057966107000027 ], [ 36.566879149000158, 2.056112710000036 ], [ 36.565770256000178, 2.055360807999989 ], [ 36.564770274000011, 2.054605366000033 ], [ 36.562246346000109, 2.052229632000092 ], [ 36.560234053000158, 2.05064231800003 ], [ 36.558282186000042, 2.050464104000014 ], [ 36.556274413999972, 2.048522949000073 ], [ 36.556275106000044, 2.0471521340001 ], [ 36.556230555000184, 2.045901570000183 ], [ 36.55603355300002, 2.042929925000067 ], [ 36.554026473000079, 2.03913783500002 ], [ 36.551827840000158, 2.034690569000134 ], [ 36.550720215000069, 2.033081054999968 ], [ 36.549926758000026, 2.031677246000072 ], [ 36.548840926000082, 2.032461419000072 ], [ 36.547790527000132, 2.032470703000115 ], [ 36.54632568400018, 2.031311035000101 ], [ 36.545986970000058, 2.030326839 ], [ 36.54612867000003, 2.028477776000045 ], [ 36.547317484000189, 2.026588430000061 ], [ 36.547178698000039, 2.025538235000113 ], [ 36.545355687000097, 2.024785169000154 ], [ 36.544833258000153, 2.023970783999971 ], [ 36.544815230000097, 2.021732560000089 ], [ 36.545164278000186, 2.020659655000031 ], [ 36.546800024000163, 2.018621774999986 ], [ 36.547259476000136, 2.017612420000034 ], [ 36.547369426000046, 2.013913786000103 ], [ 36.547292899000183, 2.012749569000164 ], [ 36.547181050000063, 2.011473022000132 ], [ 36.547239022000042, 2.00888163400009 ], [ 36.547485352000024, 2.006286621000072 ], [ 36.547485352000024, 2.00408935500019 ], [ 36.546937953000111, 2.005265426000051 ], [ 36.545104980000076, 2.007873535000101 ], [ 36.544079638000142, 2.007980935000091 ], [ 36.543273926000097, 2.008117676000154 ], [ 36.541503906000173, 2.007507324000073 ], [ 36.540983067000184, 2.006548257000077 ], [ 36.540627655000094, 2.00564952000002 ], [ 36.540229500000066, 2.00363763900009 ], [ 36.541624715000125, 2.001935199000116 ], [ 36.542512049000038, 2.001342028000124 ], [ 36.543930037000109, 2.000661760000185 ], [ 36.545471191000104, 2.000122070000089 ], [ 36.545695565000187, 1.999290374000054 ], [ 36.545893572000125, 1.998472794000065 ], [ 36.546269173000042, 1.99729904100019 ], [ 36.546604194000111, 1.995816391000119 ], [ 36.546342178000089, 1.994556369000122 ], [ 36.545977831000073, 1.993561107000176 ], [ 36.545530903000042, 1.99237625000012 ], [ 36.544969184000024, 1.990889992000064 ], [ 36.544688423000139, 1.989925637000113 ], [ 36.544435213000156, 1.988921868000091 ], [ 36.544129982000015, 1.988097698000161 ], [ 36.544001002000186, 1.987157987000103 ], [ 36.543638485000145, 1.986118059000034 ], [ 36.54325862900015, 1.985296513000094 ], [ 36.542739118000043, 1.984002259000135 ], [ 36.542152299000122, 1.982469678000029 ], [ 36.541872957000066, 1.981529241000146 ], [ 36.541694275000054, 1.980711388000032 ], [ 36.541496033000158, 1.979676922000067 ], [ 36.541298299000118, 1.978675431999989 ], [ 36.541028158000074, 1.977925613000025 ], [ 36.540643529000135, 1.976956774000087 ], [ 36.540245585000093, 1.97608999400012 ], [ 36.539821748000065, 1.975326480000035 ], [ 36.539373399000056, 1.974380552000071 ], [ 36.538752382000098, 1.973410988000182 ], [ 36.537974909000127, 1.972539875000109 ], [ 36.537536878000026, 1.971889577000127 ], [ 36.537066903000152, 1.971234887000151 ], [ 36.536581518000048, 1.970229779000135 ], [ 36.536148117000153, 1.969439762000036 ], [ 36.535838569000134, 1.968729402000065 ], [ 36.535337603000073, 1.967505943000162 ], [ 36.535088053000038, 1.966677626000092 ], [ 36.534702401000061, 1.965675188000091 ], [ 36.534415609000177, 1.964747650000106 ], [ 36.533942378000177, 1.963902773000086 ], [ 36.533498041000087, 1.96258451 ], [ 36.532989205000092, 1.961094532000175 ], [ 36.532753702000036, 1.960071905000063 ], [ 36.53251762300016, 1.959276145000103 ], [ 36.532281698000077, 1.958282561000146 ], [ 36.532104492000144, 1.95727539100011 ], [ 36.532104492000144, 1.956298828000058 ], [ 36.532287598000039, 1.955322266000053 ], [ 36.532470703000172, 1.954284668000184 ], [ 36.533400496000127, 1.954035295999972 ], [ 36.534301758000083, 1.953674316000161 ], [ 36.535248379000166, 1.954276218000018 ], [ 36.536066086, 1.954562008000039 ], [ 36.536951034000083, 1.954732024000066 ], [ 36.53862846100003, 1.957416619000071 ], [ 36.538879395000038, 1.959106445000089 ], [ 36.539306641, 1.96008300799997 ], [ 36.539672852000024, 1.960876465000183 ], [ 36.540543123000191, 1.960664300000133 ], [ 36.54132080100004, 1.96032714800009 ], [ 36.54132080100004, 1.959289551000154 ], [ 36.541155339000056, 1.958345545000043 ], [ 36.541234676000101, 1.957413762000101 ], [ 36.540860827000188, 1.956436988000121 ], [ 36.540650486000118, 1.955459193000138 ], [ 36.540329499999984, 1.95431840100008 ], [ 36.540329499999984, 1.953491211000028 ], [ 36.540451571000062, 1.95227050799997 ], [ 36.540451571000062, 1.951414593000152 ], [ 36.540381197000102, 1.950512738000043 ], [ 36.540441293000129, 1.949543687000073 ], [ 36.540707031000068, 1.948730041000033 ], [ 36.540814137000041, 1.947924072999967 ], [ 36.540926229000092, 1.946716309000067 ], [ 36.540834676000031, 1.945678711000028 ], [ 36.54075078700015, 1.944102960000123 ], [ 36.54060154900003, 1.942894194000075 ], [ 36.540406939000093, 1.94192007200013 ], [ 36.53999639500006, 1.941026604000115 ], [ 36.539844967000136, 1.940112641999974 ], [ 36.539932005000082, 1.939085879000061 ], [ 36.539896395000142, 1.938081243000056 ], [ 36.540047468000125, 1.937066437999988 ], [ 36.540105230000108, 1.936096807000183 ], [ 36.540216552000061, 1.935335742000177 ], [ 36.540280208000183, 1.934081825000078 ], [ 36.540321612000071, 1.932794823000165 ], [ 36.540552333000051, 1.931278089000102 ], [ 36.540716110000176, 1.930298684000149 ], [ 36.540884676000132, 1.92916464100017 ], [ 36.541265816000191, 1.928265363000037 ], [ 36.541485542000089, 1.927484113000048 ], [ 36.541751967000039, 1.926683334000131 ], [ 36.541995736000047, 1.925459143000182 ], [ 36.542052680000097, 1.924276557000042 ], [ 36.541921937000041, 1.923513308000054 ], [ 36.541828646000056, 1.922493067000062 ], [ 36.541646226000069, 1.921516377000103 ], [ 36.54138565400018, 1.920703266000032 ], [ 36.541298299000118, 1.919714934000183 ], [ 36.541503906000173, 1.918884277000075 ], [ 36.540902540000161, 1.918088855000178 ], [ 36.540704872000163, 1.917115478000028 ], [ 36.540538142000059, 1.916319583000188 ], [ 36.540347287000145, 1.915154897999969 ], [ 36.539987948000146, 1.914187835000178 ], [ 36.539357242000051, 1.91348352100016 ], [ 36.538720603, 1.912762989000043 ], [ 36.538178545000108, 1.911476505 ], [ 36.537925073999986, 1.90990859700014 ], [ 36.537554414000056, 1.907701292000013 ], [ 36.537768406, 1.906136275000108 ], [ 36.537948970000059, 1.905098241000019 ], [ 36.538344491000146, 1.904266057000086 ], [ 36.538696289000143, 1.903198242000144 ], [ 36.537475586000141, 1.902526855000076 ], [ 36.536499023000033, 1.902282715000126 ], [ 36.535341820000156, 1.902208588000121 ], [ 36.534013582, 1.901305580000042 ], [ 36.533183655000187, 1.900574546000087 ], [ 36.532523250000168, 1.899877239000034 ], [ 36.532169217000103, 1.899007168000082 ], [ 36.53156663700014, 1.898147333000111 ], [ 36.530914354000117, 1.89750095900007 ], [ 36.530166237000117, 1.89680642400009 ], [ 36.529965617000187, 1.895849208000129 ], [ 36.529543540000191, 1.89487044800012 ], [ 36.529367769000146, 1.893968588000121 ], [ 36.528777808000086, 1.892709775000128 ], [ 36.527517417000126, 1.891735824000136 ], [ 36.526763948000053, 1.891361195000115 ], [ 36.52545269400008, 1.890285979000168 ], [ 36.525215425000113, 1.888883465000106 ], [ 36.525120417000039, 1.88756100400002 ], [ 36.524789071000157, 1.886613372000113 ], [ 36.523921532000088, 1.88629872700011 ], [ 36.52288818400018, 1.886291504000155 ], [ 36.521911621000129, 1.88610839800009 ], [ 36.521118164000086, 1.885498047000112 ], [ 36.520932424000193, 1.884654385000147 ], [ 36.520690918000128, 1.883483887000068 ], [ 36.5203247070001, 1.882507324000017 ], [ 36.519470215000069, 1.882324219000054 ], [ 36.518070697000098, 1.881665616000021 ], [ 36.517054526000152, 1.88094938800009 ], [ 36.516308773000162, 1.880309870000133 ], [ 36.515680916000179, 1.879484368000021 ], [ 36.515502059000028, 1.878479160000154 ], [ 36.515127879000147, 1.876699616000167 ], [ 36.515025741000045, 1.875520208000125 ], [ 36.514917003000107, 1.87469384700006 ], [ 36.514927005000061, 1.873171557000035 ], [ 36.515078276000054, 1.870727768000052 ], [ 36.51512574100019, 1.869671038000035 ], [ 36.515112674000079, 1.868712351 ], [ 36.515098274000138, 1.867675154000096 ], [ 36.515078960000096, 1.866284034000103 ], [ 36.515067553000165, 1.8654787480001 ], [ 36.515056227000116, 1.864685615000099 ], [ 36.515042287000028, 1.863709450000044 ], [ 36.515025741000045, 1.862611516000186 ], [ 36.515084727000158, 1.861695583000142 ], [ 36.515275168000187, 1.860711614000024 ], [ 36.515347811000083, 1.85966615500007 ], [ 36.515477885000166, 1.85888421400017 ], [ 36.51562775300016, 1.857721223000112 ], [ 36.515680916000179, 1.856670794000138 ], [ 36.515856535000069, 1.855885839000109 ], [ 36.51592262700018, 1.854918392000116 ], [ 36.516094539000051, 1.853816985000037 ], [ 36.516337305000036, 1.852920428000175 ], [ 36.516598932000136, 1.851972948000139 ], [ 36.517174373000046, 1.851063177000071 ], [ 36.517736939000031, 1.850317505000021 ], [ 36.519181452999987, 1.848689885000169 ], [ 36.519655089000139, 1.849380399000097 ], [ 36.520144544, 1.850015399000085 ], [ 36.520815090000099, 1.850755925000044 ], [ 36.521569206000152, 1.851409107999984 ], [ 36.522385262000171, 1.852073528000062 ], [ 36.52288818400018, 1.852722168000128 ], [ 36.523421421000194, 1.851298222000082 ], [ 36.524679591000165, 1.849788235000119 ], [ 36.524839075000045, 1.848506379000071 ], [ 36.52486562200005, 1.846883029000082 ], [ 36.524685590000047, 1.845524968000063 ], [ 36.524610911000025, 1.844498352000187 ], [ 36.524425448000045, 1.84367055000007 ], [ 36.524069748000102, 1.842727248000188 ], [ 36.523657222000054, 1.841684067000131 ], [ 36.523295614000176, 1.840725188000079 ], [ 36.522890325000105, 1.839720884000144 ], [ 36.522448543000166, 1.839047921000144 ], [ 36.522073903000035, 1.838013454000077 ], [ 36.521852157000183, 1.837266204000059 ], [ 36.523296313000117, 1.835071657000128 ], [ 36.523903048000136, 1.834269418000076 ], [ 36.524291991999974, 1.83340454100005 ], [ 36.523414833000174, 1.832550531999971 ], [ 36.522984687000076, 1.831049404000112 ], [ 36.522094727000024, 1.830688477000024 ], [ 36.521119854000062, 1.831352891000108 ], [ 36.520042857000021, 1.831452705 ], [ 36.519121645000041, 1.831543678000173 ], [ 36.518301701000041, 1.831878220000135 ], [ 36.516719026000089, 1.832189901000106 ], [ 36.515603950000013, 1.831753522000099 ], [ 36.514742635000061, 1.831083928000169 ], [ 36.514463164000119, 1.830292109000084 ], [ 36.514379034000115, 1.829268533000118 ], [ 36.514451082000051, 1.828480120000165 ], [ 36.514699507000046, 1.827085409000176 ], [ 36.514884188000167, 1.826223040000116 ], [ 36.51510027300003, 1.825078980000114 ], [ 36.515316436000035, 1.8242789950001 ], [ 36.515539364000176, 1.82322767800008 ], [ 36.515803197000082, 1.822383351000099 ], [ 36.516369676000124, 1.82132452500008 ], [ 36.51677937300019, 1.82052257700002 ], [ 36.517190126000173, 1.819803051000122 ], [ 36.517962766000153, 1.818789671000161 ], [ 36.518537328000093, 1.818150457 ], [ 36.519429345000106, 1.817135281000049 ], [ 36.519920113000182, 1.816550191000147 ], [ 36.520586016000152, 1.815749335000135 ], [ 36.521311395, 1.815134288000138 ], [ 36.522253884000122, 1.814102301999981 ], [ 36.523511816999985, 1.812941160000037 ], [ 36.524439869000048, 1.812145239000188 ], [ 36.52505933700013, 1.811669239000025 ], [ 36.525865697000086, 1.811077321000084 ], [ 36.526624080000033, 1.810641057000055 ], [ 36.527500861000192, 1.810074861000089 ], [ 36.528486829000087, 1.809480707000148 ], [ 36.529152753000119, 1.808966064000117 ], [ 36.529884357000071, 1.808619511000131 ], [ 36.530916817000048, 1.808195744000159 ], [ 36.532095010000091, 1.807896445000154 ], [ 36.533000194000181, 1.807711426000026 ], [ 36.534301758000083, 1.807922363000159 ], [ 36.534729004000042, 1.807128906000173 ], [ 36.534484863000046, 1.806274414000143 ], [ 36.533691406000173, 1.805725097999982 ], [ 36.532897949000187, 1.804870605000076 ], [ 36.532140145000028, 1.804428263999966 ], [ 36.53155707999997, 1.803833621000081 ], [ 36.530771881000135, 1.803032236000149 ], [ 36.529693676000193, 1.801771129000144 ], [ 36.529095715000153, 1.800485360000096 ], [ 36.528676054000186, 1.799688001999982 ], [ 36.52829329400015, 1.798903056000086 ], [ 36.527833273000169, 1.798139957000103 ], [ 36.527144349000025, 1.796981080000023 ], [ 36.526409194, 1.796142925000026 ], [ 36.525685799000144, 1.795411663000095 ], [ 36.525035070000172, 1.7947413710001 ], [ 36.524157519000141, 1.794250094 ], [ 36.523295846000167, 1.793669701000056 ], [ 36.522521972999982, 1.793273926000097 ], [ 36.523315430000025, 1.792480469000054 ], [ 36.52416724800014, 1.791906863 ], [ 36.524936607000143, 1.791032909000023 ], [ 36.523950789000082, 1.787827483000171 ], [ 36.523510542000167, 1.787101120000045 ], [ 36.522881991000133, 1.78611195600007 ], [ 36.521304729000178, 1.784169961000089 ], [ 36.520072717, 1.783522690999973 ], [ 36.519231453000032, 1.783066594000161 ], [ 36.518344392000131, 1.782655615000181 ], [ 36.517405309000139, 1.782241276000093 ], [ 36.516214473, 1.781742035000093 ], [ 36.516529385000126, 1.780188657000167 ], [ 36.516894053000101, 1.779368792000128 ], [ 36.517525268000043, 1.778199897000093 ], [ 36.518269074000102, 1.776893622000102 ], [ 36.518813271999989, 1.77606366700013 ], [ 36.519231453000032, 1.775118792000171 ], [ 36.519287109000061, 1.774291992000144 ], [ 36.519287109000061, 1.773071289000143 ], [ 36.518920898000033, 1.7722778320001 ], [ 36.518201619000138, 1.772778605999974 ], [ 36.517144049000024, 1.773195960000066 ], [ 36.515882804000171, 1.773961145000044 ], [ 36.512977108000086, 1.775282415000106 ], [ 36.512084961000085, 1.775329590000013 ], [ 36.511718750000114, 1.774108887000182 ], [ 36.511718750000114, 1.773071289000143 ], [ 36.511838826000087, 1.772214982999969 ], [ 36.512035927000113, 1.771289434000039 ], [ 36.512147299000105, 1.77033975400002 ], [ 36.512494002000096, 1.769269622000081 ], [ 36.512971493000066, 1.768590774000074 ], [ 36.514344176000066, 1.767337593000036 ], [ 36.515093302000082, 1.766830786000071 ], [ 36.516287311000156, 1.766098620000093 ], [ 36.517032821000043, 1.765669085000184 ], [ 36.517762105000145, 1.764972667000109 ], [ 36.518676758000083, 1.764526367000144 ], [ 36.518889901000023, 1.763662005000185 ], [ 36.518601655000168, 1.762707329000079 ], [ 36.518337804000112, 1.761714389000133 ], [ 36.518313138, 1.760918588000152 ], [ 36.518414860000064, 1.759722575000012 ], [ 36.51863526, 1.758489978000114 ], [ 36.518676758000083, 1.757690430000025 ], [ 36.519287109000061, 1.756896972999982 ], [ 36.520385742000087, 1.756713867000144 ], [ 36.521307297000021, 1.75715700500001 ], [ 36.522002016000044, 1.757774712000071 ], [ 36.522712496000054, 1.758447413000056 ], [ 36.523245614000075, 1.759264739000173 ], [ 36.523606466000103, 1.760338997000019 ], [ 36.523936286000037, 1.761527548000061 ], [ 36.524189886000045, 1.762278959000128 ], [ 36.524449322000066, 1.763230916000111 ], [ 36.525056912000025, 1.764103878000071 ], [ 36.526489258000083, 1.764099121000129 ], [ 36.52672956400005, 1.762717907000081 ], [ 36.52737273300005, 1.76166925300015 ], [ 36.527700726000148, 1.760057276000111 ], [ 36.527715973000056, 1.758906916000115 ], [ 36.527635300000043, 1.757501012000148 ], [ 36.527003740000168, 1.755968345000099 ], [ 36.52643000900008, 1.754912437000087 ], [ 36.526049422000085, 1.754120744999966 ], [ 36.525443798000083, 1.753351461000079 ], [ 36.524779762000037, 1.75241819200005 ], [ 36.524205200000097, 1.751778978000118 ], [ 36.52325632100019, 1.750704853000116 ], [ 36.522277832000157, 1.74969482400013 ], [ 36.521911621000129, 1.748901367000144 ], [ 36.521943709000141, 1.747838469000101 ], [ 36.521832212000049, 1.745736362000173 ], [ 36.521775271000024, 1.744705091000014 ], [ 36.521524275000047, 1.743937519000099 ], [ 36.520737036000185, 1.742651800000033 ], [ 36.52009889600015, 1.74185732900014 ], [ 36.518938093000145, 1.742167302000098 ], [ 36.518125715000053, 1.742500803999974 ], [ 36.516906738000159, 1.743103027000188 ], [ 36.515952987000048, 1.742563958000062 ], [ 36.51534136500004, 1.74186078300005 ], [ 36.514547908000054, 1.741067326000064 ], [ 36.513695907000169, 1.740123772000118 ], [ 36.513151753999978, 1.739484227000048 ], [ 36.512588387, 1.738662244000182 ], [ 36.511841704000119, 1.737288729000113 ], [ 36.510345369000049, 1.735029778000182 ], [ 36.509874283000158, 1.734241974000042 ], [ 36.509271408000075, 1.733020798000041 ], [ 36.508999214000141, 1.731863237000084 ], [ 36.508834347000061, 1.730113508000045 ], [ 36.508372024000096, 1.728315365000185 ], [ 36.508479842000156, 1.726928711000028 ], [ 36.508601912000131, 1.726074219000054 ], [ 36.508601912000131, 1.725074895000148 ], [ 36.508091566000189, 1.724319119000143 ], [ 36.507654461000186, 1.723531296000033 ], [ 36.507177938000098, 1.722834710000143 ], [ 36.50604097300004, 1.721461616000056 ], [ 36.505284931000062, 1.720655700000123 ], [ 36.504089355000076, 1.720092773000033 ], [ 36.503479004000098, 1.719482422000056 ], [ 36.503112793000071, 1.718505859000174 ], [ 36.503112793000071, 1.717712402000132 ], [ 36.50349656100002, 1.716942885000151 ], [ 36.503798884999981, 1.71587240100007 ], [ 36.504272461000085, 1.715087891000167 ], [ 36.504516602000137, 1.714111328000115 ], [ 36.504516602000137, 1.713317871000072 ], [ 36.504124129000104, 1.712366204000091 ], [ 36.503732695000053, 1.711605034 ], [ 36.5031676320001, 1.710961976000078 ], [ 36.502423473000079, 1.709952548000047 ], [ 36.501833944000055, 1.709220843000026 ], [ 36.501213219000135, 1.708587453000177 ], [ 36.500416100000166, 1.707981984000071 ], [ 36.499528598999973, 1.707415461000039 ], [ 36.498095281000076, 1.706955908000111 ], [ 36.497039193999967, 1.706597072000079 ], [ 36.49624968400002, 1.70639936200007 ], [ 36.495488045000172, 1.706325481000079 ], [ 36.494323615000098, 1.706302166 ], [ 36.492917180000177, 1.706270596000081 ], [ 36.491281234000155, 1.70606015300018 ], [ 36.490427157000113, 1.705861858 ], [ 36.48951492700013, 1.705644691000089 ], [ 36.488552834000188, 1.705412750000164 ], [ 36.48758179500004, 1.705187200000125 ], [ 36.487292480000178, 1.704471843000022 ], [ 36.486810302000094, 1.702842204000092 ], [ 36.486543514000061, 1.70173666300002 ], [ 36.486543514000061, 1.700927734000118 ], [ 36.486543514000061, 1.699890137000182 ], [ 36.486623042000019, 1.69899130500005 ], [ 36.486687074000031, 1.697692387000075 ], [ 36.486747749000131, 1.696485079000183 ], [ 36.486877222000089, 1.695678672000156 ], [ 36.487070876000132, 1.694876306000026 ], [ 36.487264427000071, 1.693718481000076 ], [ 36.487431795000077, 1.692861614000094 ], [ 36.487400133000108, 1.692084942000179 ], [ 36.487267540000062, 1.691104170000187 ], [ 36.487111535000054, 1.690186699000037 ], [ 36.486514169000031, 1.689085499000043 ], [ 36.485907164000139, 1.687892698000041 ], [ 36.485796785000161, 1.686523438000052 ], [ 36.485796785000161, 1.685485840000013 ], [ 36.485979891000056, 1.684280706000152 ], [ 36.486083984, 1.683471679999968 ], [ 36.485717773000033, 1.682678223000153 ], [ 36.484589771000117, 1.682390625000153 ], [ 36.483881258000054, 1.681818450000151 ], [ 36.48312943500008, 1.681229198000096 ], [ 36.482239453000147, 1.68073367300002 ], [ 36.48142217100002, 1.679895670000064 ], [ 36.480733193000049, 1.678517681000187 ], [ 36.479890908000073, 1.676711040000157 ], [ 36.479433992000111, 1.675736175000054 ], [ 36.478996474000155, 1.674892791000104 ], [ 36.478637264000099, 1.673073919000046 ], [ 36.47813323500003, 1.671072572000128 ], [ 36.478032088000134, 1.670078557000011 ], [ 36.477837559000079, 1.669144044000063 ], [ 36.477430362000064, 1.66760584900004 ], [ 36.476681273000167, 1.666322842000056 ], [ 36.475866109000037, 1.665015138 ], [ 36.474917239000035, 1.663877291000119 ], [ 36.474289998000131, 1.663069036000138 ], [ 36.473753702000181, 1.662433688000135 ], [ 36.472957657000109, 1.661176590000025 ], [ 36.471393329000193, 1.659241869000084 ], [ 36.470831014000112, 1.6582886650001 ], [ 36.470432960000039, 1.657259037000188 ], [ 36.470268654000108, 1.656462162000025 ], [ 36.470218114000033, 1.654798566000068 ], [ 36.470177983000156, 1.653509944 ], [ 36.469927225, 1.651488087000189 ], [ 36.469892733000165, 1.650482415000113 ], [ 36.469901782000136, 1.649474952000105 ], [ 36.469929464000131, 1.646484742000155 ], [ 36.470032187000186, 1.64527939300018 ], [ 36.469980581000186, 1.6444926530001 ], [ 36.469909354000038, 1.643716255000186 ], [ 36.469637845000022, 1.642901044000098 ], [ 36.469244638000134, 1.642064158000153 ], [ 36.46902393400012, 1.641082708000113 ], [ 36.469010990000129, 1.64007202800002 ], [ 36.469122711000068, 1.639282055000081 ], [ 36.469199079000134, 1.638125196000033 ], [ 36.469187557000112, 1.637290618000065 ], [ 36.468730723000135, 1.63645895000019 ], [ 36.468467352000118, 1.635512487000142 ], [ 36.467930481000167, 1.634207986000092 ], [ 36.467392715000074, 1.632661958000085 ], [ 36.467038924000065, 1.630664202000162 ], [ 36.46660732600003, 1.628251824000074 ], [ 36.465881347999982, 1.627075195000145 ], [ 36.465270996000129, 1.626281738000102 ], [ 36.464721680000139, 1.625488281000116 ], [ 36.464476668000145, 1.624531927000021 ], [ 36.464298671000051, 1.623717385000134 ], [ 36.464100428999984, 1.622682919000169 ], [ 36.463902010000027, 1.621678118000034 ], [ 36.463820837000128, 1.620739971000148 ], [ 36.463990684000066, 1.619695620000186 ], [ 36.46414911200003, 1.61853172400015 ], [ 36.462783211000101, 1.614818596000021 ], [ 36.460868393999988, 1.614687577000154 ], [ 36.459109315000035, 1.614863197000091 ], [ 36.458102840000151, 1.614718596000102 ], [ 36.457284736000133, 1.614651472000048 ], [ 36.455139792000125, 1.614786800000104 ], [ 36.454320791000157, 1.615177024000047 ], [ 36.453653053000153, 1.615684560000091 ], [ 36.452007848000164, 1.616739789000121 ], [ 36.451095315000089, 1.617098650000059 ], [ 36.45032717600003, 1.617427869000039 ], [ 36.449272588000156, 1.617902205000178 ], [ 36.448258780000117, 1.618420876000016 ], [ 36.44744278200011, 1.618774309000059 ], [ 36.44649108700014, 1.618726210000091 ], [ 36.445510431000173, 1.61857994900015 ], [ 36.444688973000098, 1.618441204000135 ], [ 36.44411205800003, 1.617896898000026 ], [ 36.442860287000087, 1.616855764000036 ], [ 36.442035164000117, 1.616028948000178 ], [ 36.441238718000136, 1.615022124000177 ], [ 36.440779076000126, 1.614249892000089 ], [ 36.440291707000029, 1.613266692000082 ], [ 36.439903944000037, 1.612296175000154 ], [ 36.439271094000048, 1.610473245000151 ], [ 36.4390313560001, 1.609666155000127 ], [ 36.43887785000004, 1.608707029000186 ], [ 36.438542177000045, 1.606863925000084 ], [ 36.43847618000018, 1.605852134000145 ], [ 36.438299692000157, 1.604734250000035 ], [ 36.43722049400003, 1.602071195 ], [ 36.436121530000037, 1.600867585000117 ], [ 36.435522884000079, 1.6002463640001 ], [ 36.434722757000031, 1.599322716000074 ], [ 36.434183592000124, 1.598641429000111 ], [ 36.433800279000081, 1.597856799000056 ], [ 36.433269218000135, 1.597022418 ], [ 36.433040633000132, 1.596091253000168 ], [ 36.433024189000037, 1.595095576000119 ], [ 36.432899080000084, 1.593115374000035 ], [ 36.432703109000101, 1.591306603000021 ], [ 36.432644869000057, 1.590377917000126 ], [ 36.43242564500008, 1.589311203000136 ], [ 36.431930406000049, 1.587621599000158 ], [ 36.431328915000108, 1.586435004000123 ], [ 36.430690761000051, 1.585715856000093 ], [ 36.430095272000074, 1.584876018000045 ], [ 36.429434230000084, 1.584207412000183 ], [ 36.428834766000023, 1.583406037000032 ], [ 36.428501815000118, 1.582677385000125 ], [ 36.428297600000178, 1.58172362 ], [ 36.427952280000056, 1.579888878000077 ], [ 36.427865127000189, 1.578973039000061 ], [ 36.427412526000126, 1.576922484000136 ], [ 36.427207874000089, 1.575950964000015 ], [ 36.426953381000089, 1.574813219000134 ], [ 36.426879883000026, 1.573913574000017 ], [ 36.426513672, 1.57312011700003 ], [ 36.42547607400013, 1.572875977000081 ], [ 36.424420649000126, 1.572811165000019 ], [ 36.42331908, 1.57223919200004 ], [ 36.421958244000052, 1.57158219400003 ], [ 36.421138382000038, 1.571014384000136 ], [ 36.420281942000088, 1.570423870000127 ], [ 36.41954671700006, 1.569654796000123 ], [ 36.418274862000089, 1.568225237000036 ], [ 36.417090571000074, 1.566731883000102 ], [ 36.416370590000099, 1.565957342000047 ], [ 36.415749607000123, 1.565275210000095 ], [ 36.414675160000172, 1.563901898000154 ], [ 36.413927596000121, 1.563081243000056 ], [ 36.413360251000142, 1.562294265000105 ], [ 36.412839315000042, 1.5614877860001 ], [ 36.411962964000111, 1.559857821000151 ], [ 36.411487410000177, 1.558825530000092 ], [ 36.411067431000163, 1.557924536000144 ], [ 36.410386124000183, 1.556414596000081 ], [ 36.409430330000134, 1.554286712000078 ], [ 36.408502919000057, 1.552492925000024 ], [ 36.408078426000031, 1.551674456000114 ], [ 36.407697136000081, 1.550727872000095 ], [ 36.406904374000078, 1.548896517 ], [ 36.406486432000122, 1.547947367000177 ], [ 36.406118597000159, 1.547123288000137 ], [ 36.405281094000031, 1.545284683000148 ], [ 36.40489151200012, 1.544331829000157 ], [ 36.404518191000079, 1.543503915000031 ], [ 36.404246625000155, 1.542499080000141 ], [ 36.403903231000186, 1.541669573000149 ], [ 36.403514619000191, 1.540706323000052 ], [ 36.402875983000058, 1.538885688000107 ], [ 36.402501326000106, 1.537877483000102 ], [ 36.402153890000136, 1.537001071000077 ], [ 36.400711754000156, 1.53493680400004 ], [ 36.399816411000074, 1.533628938000049 ], [ 36.399274265000145, 1.532973839000078 ], [ 36.398778719000177, 1.532028313000012 ], [ 36.398651121000114, 1.531137607000062 ], [ 36.398501651000174, 1.530147402000068 ], [ 36.398161140000127, 1.529162691000067 ], [ 36.397727462000148, 1.52808648600012 ], [ 36.396324693000167, 1.526879590000078 ], [ 36.395603238999968, 1.526449626000044 ], [ 36.394876921000105, 1.526156658000104 ], [ 36.394039901000156, 1.525673968000149 ], [ 36.393115674000114, 1.525447267000118 ], [ 36.392252733000078, 1.525258774000065 ], [ 36.391281597000159, 1.525233342000092 ], [ 36.390080409000063, 1.525096042000143 ], [ 36.389201606000086, 1.526191370000163 ], [ 36.387871789000144, 1.528379704000031 ], [ 36.386503561000097, 1.530293704000144 ], [ 36.385782202000144, 1.53136771700008 ], [ 36.385380194000106, 1.532404091000046 ], [ 36.384870402000047, 1.533071280000058 ], [ 36.384405424000136, 1.533688439000059 ], [ 36.382682609000142, 1.534900996000147 ], [ 36.381867158000034, 1.535438095000075 ], [ 36.381152969000027, 1.535948536000092 ], [ 36.379637752000178, 1.537322307000181 ], [ 36.37805162300009, 1.53962944 ], [ 36.377347567000129, 1.540489739000066 ], [ 36.376718690000018, 1.541509814000165 ], [ 36.376127358000133, 1.542523954000046 ], [ 36.375748534000081, 1.543294498000023 ], [ 36.375521741000057, 1.544320446000029 ], [ 36.375185189000092, 1.545599465000066 ], [ 36.374948580000137, 1.547127139000168 ], [ 36.374635311000077, 1.551069280000092 ], [ 36.374330321000059, 1.55511484900012 ], [ 36.374302205000049, 1.556052134000083 ], [ 36.37425872100016, 1.557123201000024 ], [ 36.373888582000177, 1.561024163000184 ], [ 36.37369703000013, 1.564019524000116 ], [ 36.373490588000095, 1.565919380000139 ], [ 36.373386016000154, 1.567566692000185 ], [ 36.373185374000059, 1.568914650000124 ], [ 36.372943654000153, 1.569919334000133 ], [ 36.372497559000124, 1.570678710999971 ], [ 36.37285340800014, 1.571476346000168 ], [ 36.373605378000036, 1.572209466000061 ], [ 36.374358593000068, 1.572849208999969 ], [ 36.374906696000039, 1.573460644000022 ], [ 36.375623592000011, 1.57421596 ], [ 36.375953610000181, 1.575107365000122 ], [ 36.376324879000038, 1.577320674000021 ], [ 36.376500041000156, 1.578311439000061 ], [ 36.376745323000193, 1.580364652000185 ], [ 36.376866534000044, 1.581301384000085 ], [ 36.377062568000099, 1.583505864000017 ], [ 36.377075496000089, 1.586086370000032 ], [ 36.376390191000155, 1.588310567000121 ], [ 36.376057660000072, 1.589090842000132 ], [ 36.375128215000188, 1.590920079 ], [ 36.374679144000027, 1.591665072000126 ], [ 36.373685869000042, 1.593302648000076 ], [ 36.373233407000043, 1.594084173000169 ], [ 36.372542603999989, 1.59471053700014 ], [ 36.371887207000043, 1.595703125000171 ], [ 36.371093750000057, 1.596313477000081 ], [ 36.370146492000174, 1.596224358000029 ], [ 36.369110383000134, 1.595544976000156 ], [ 36.367764617000034, 1.59475667200013 ], [ 36.367101131000027, 1.594225725000172 ], [ 36.366501145000086, 1.593520148000152 ], [ 36.365044051000154, 1.592027093000127 ], [ 36.363543452000044, 1.590858471000104 ], [ 36.362866464000035, 1.590278454000156 ], [ 36.361129891000132, 1.588940178000087 ], [ 36.359691815000133, 1.58769404200018 ], [ 36.358931258000041, 1.587074651000023 ], [ 36.358643398000027, 1.58627199700004 ], [ 36.358220756000037, 1.584095874000184 ], [ 36.357972197000151, 1.581478388000164 ], [ 36.357991114000015, 1.580453570000088 ], [ 36.358047757000179, 1.579527508000012 ], [ 36.358076507000078, 1.577514170000086 ], [ 36.358084530000099, 1.576714593000077 ], [ 36.358176082000057, 1.574523926000097 ], [ 36.358176082000057, 1.573519231000034 ], [ 36.358093262000125, 1.572692871000015 ], [ 36.357727051000097, 1.571899414000029 ], [ 36.357116699000073, 1.571105956999986 ], [ 36.356278374000055, 1.570840974000021 ], [ 36.355264532000035, 1.570613836000064 ], [ 36.354303058000085, 1.570529337000096 ], [ 36.353381889000161, 1.570479752000153 ], [ 36.351247078000142, 1.570615423000106 ], [ 36.349306163000051, 1.570700316999989 ], [ 36.348100960000068, 1.57078234100004 ], [ 36.347337428000174, 1.571014471000069 ], [ 36.346602125000175, 1.571296718000042 ], [ 36.345520020000038, 1.571472168000184 ], [ 36.344942733000153, 1.572339397000064 ], [ 36.344735851999985, 1.573305465000089 ], [ 36.344594685000118, 1.574827626000172 ], [ 36.342137947000083, 1.574037451000095 ], [ 36.341234968000094, 1.573367715000074 ], [ 36.340493131000073, 1.572912653000117 ], [ 36.33972390800011, 1.572506052000108 ], [ 36.338024764000181, 1.571462151000162 ], [ 36.33550040800003, 1.56990119500017 ], [ 36.334646297000177, 1.569435588999966 ], [ 36.333920759000193, 1.568728318000183 ], [ 36.330923690000077, 1.565935052000157 ], [ 36.329695610999977, 1.564714586999969 ], [ 36.329094781000038, 1.564222693000147 ], [ 36.327223153000091, 1.562889690000077 ], [ 36.325395708000144, 1.561637541000152 ], [ 36.323265414000048, 1.559561561000123 ], [ 36.32072725400019, 1.556918450000012 ], [ 36.31870069200005, 1.554861369999969 ], [ 36.317479286000037, 1.553552362000062 ], [ 36.316525818000059, 1.552521315000092 ], [ 36.315247328000112, 1.551609688000042 ], [ 36.313185083000121, 1.550411311000119 ], [ 36.311920775000146, 1.549832112000047 ], [ 36.311148854000123, 1.549238557000081 ], [ 36.310338318000049, 1.548653453000156 ], [ 36.308695809000085, 1.547468743000024 ], [ 36.307172312000091, 1.546274139000104 ], [ 36.306539353, 1.545776439000122 ], [ 36.30492346300008, 1.544254070000022 ], [ 36.304298543000073, 1.543626653000103 ], [ 36.303757754000173, 1.542876504000105 ], [ 36.303119232000086, 1.541857686000185 ], [ 36.302674568999976, 1.541236468000136 ], [ 36.302475331000039, 1.54028692900016 ], [ 36.302263503000063, 1.539317547000053 ], [ 36.30190987800006, 1.537815029000114 ], [ 36.301519046000067, 1.53649772600005 ], [ 36.30118620900015, 1.534824362000165 ], [ 36.30108111200002, 1.532683489000078 ], [ 36.30108111200002, 1.530700684000067 ], [ 36.30108111200002, 1.529652134000173 ], [ 36.301069052000116, 1.528686958000037 ], [ 36.301043891000063, 1.526673427000162 ], [ 36.301031111999976, 1.525652134000097 ], [ 36.301043100000072, 1.524718127000028 ], [ 36.30108111200002, 1.521740325 ], [ 36.30108111200002, 1.51867675800014 ], [ 36.30108111200002, 1.517752133999977 ], [ 36.301045839000039, 1.516726432000041 ], [ 36.301010229000156, 1.515691290000177 ], [ 36.300981112000102, 1.514872356000126 ], [ 36.300489819000063, 1.514092445000131 ], [ 36.299669553000058, 1.512335447000055 ], [ 36.299246102000097, 1.511413372000106 ], [ 36.298969826000132, 1.510486523000054 ], [ 36.298278809000067, 1.509704590000069 ], [ 36.298278809000067, 1.508911133000083 ], [ 36.298690926000177, 1.507862835000026 ], [ 36.29875705000012, 1.506904114 ], [ 36.29907226600011, 1.505920410000158 ], [ 36.298617531000048, 1.505131738000102 ], [ 36.298499373000027, 1.504120745000023 ], [ 36.298091931000101, 1.503297613000143 ], [ 36.297460843000067, 1.501828555000088 ], [ 36.296917393000058, 1.500118825000186 ], [ 36.297307668000087, 1.498720361000153 ], [ 36.297723785000187, 1.497678455000084 ], [ 36.298085749999984, 1.496819671000083 ], [ 36.298463377000076, 1.495888581000145 ], [ 36.298837539000147, 1.494853928000055 ], [ 36.299074032000078, 1.494065862000014 ], [ 36.299463200000105, 1.493089955000016 ], [ 36.299856946000034, 1.492101333000107 ], [ 36.299991492000117, 1.491343226000026 ], [ 36.299580041000127, 1.489962023000032 ], [ 36.299246102000097, 1.489063421000139 ], [ 36.298715434000087, 1.488275839000153 ], [ 36.298237111, 1.487328744000024 ], [ 36.297702645000186, 1.48648168200009 ], [ 36.297178316000043, 1.485685322000108 ], [ 36.296424569000123, 1.484187874000042 ], [ 36.295845565000036, 1.483222698000134 ], [ 36.295316083999978, 1.482102700000155 ], [ 36.294888837000087, 1.481095620000133 ], [ 36.294242988, 1.47981247700011 ], [ 36.293651837000027, 1.47853954500016 ], [ 36.29319389200009, 1.477516831000059 ], [ 36.292700202999981, 1.476668352000104 ], [ 36.29224246800004, 1.475738344000092 ], [ 36.291304049000132, 1.474130350999985 ], [ 36.29065459100002, 1.473081707000119 ], [ 36.290301875000182, 1.472281802000111 ], [ 36.289908615000115, 1.471317172000056 ], [ 36.289513677000116, 1.470509462000166 ], [ 36.289099666000084, 1.469467278000081 ], [ 36.288804190000121, 1.46848787600004 ], [ 36.288776065000036, 1.467206666000095 ], [ 36.289701575000038, 1.465908476000152 ], [ 36.290451571000119, 1.465261565 ], [ 36.291313784000124, 1.465158473000031 ], [ 36.292459127000143, 1.465154817000041 ], [ 36.293513997, 1.465346271000101 ], [ 36.294281597000122, 1.465491651000036 ], [ 36.295464203000108, 1.465901876000146 ], [ 36.297321207000095, 1.466619107000042 ], [ 36.298526736000099, 1.46698686000002 ], [ 36.299327763000178, 1.467240866000111 ], [ 36.300126115000182, 1.467465917000141 ], [ 36.301094582000076, 1.467680594000058 ], [ 36.302122201000145, 1.467902614000138 ], [ 36.302884157000108, 1.468074790000173 ], [ 36.304083568000124, 1.468483682000056 ], [ 36.305105507000064, 1.468720881000081 ], [ 36.30592534800013, 1.469056984000076 ], [ 36.306679185000064, 1.469235300999969 ], [ 36.307912386000055, 1.469517895000081 ], [ 36.308908834000079, 1.469874440000012 ], [ 36.309684090000076, 1.470072454000046 ], [ 36.310515521000013, 1.470430978000081 ], [ 36.311499617000095, 1.470677630000068 ], [ 36.313673387, 1.471200674000158 ], [ 36.314524143000085, 1.471456649000118 ], [ 36.315493525000136, 1.471668477000037 ], [ 36.316279989, 1.471887981000123 ], [ 36.317329382000082, 1.472047998000107 ], [ 36.318502793999983, 1.472307694000108 ], [ 36.319325350000042, 1.472271087000024 ], [ 36.320254673000079, 1.472126195999977 ], [ 36.321048370000142, 1.471941869000091 ], [ 36.322022439000193, 1.47150945900006 ], [ 36.322825887000192, 1.471091253000054 ], [ 36.323465101000181, 1.470495609000182 ], [ 36.324284181000053, 1.469731618000139 ], [ 36.325074519999987, 1.469084173000113 ], [ 36.325851319000094, 1.468429444000037 ], [ 36.326461670000015, 1.467697021999982 ], [ 36.326980705999972, 1.467084734000139 ], [ 36.328433504000088, 1.465261565 ], [ 36.329909861000147, 1.463219931000026 ], [ 36.330854123000108, 1.462084074000074 ], [ 36.331579722000185, 1.461128797000185 ], [ 36.332059904000118, 1.460486940000123 ], [ 36.33253458300004, 1.45972763400016 ], [ 36.333088659000055, 1.459076764000145 ], [ 36.333706406000147, 1.458172925000042 ], [ 36.335029403000078, 1.456417033999969 ], [ 36.336126270000136, 1.454715927 ], [ 36.336703377000049, 1.454026848000126 ], [ 36.337279317000082, 1.453124305000131 ], [ 36.338492762000044, 1.451471077000122 ], [ 36.339093563000063, 1.450667864000025 ], [ 36.339706319000129, 1.449878116000036 ], [ 36.340878573000168, 1.448419231 ], [ 36.341524293000134, 1.447538014000031 ], [ 36.342230477000101, 1.446875774000148 ], [ 36.342856348000112, 1.446249903000137 ], [ 36.343649805000098, 1.445456446000094 ], [ 36.344287557000143, 1.444818694000105 ], [ 36.345053614, 1.444052637000027 ], [ 36.346457422000185, 1.442648829000063 ], [ 36.347232918000032, 1.441873333000046 ], [ 36.347899395000184, 1.441282919 ], [ 36.348990345000061, 1.440461571000071 ], [ 36.350521478000189, 1.439689890000125 ], [ 36.351326175000054, 1.439286853000056 ], [ 36.352081559, 1.438970207000182 ], [ 36.35309023800005, 1.438480545000118 ], [ 36.354105225000126, 1.438065885000128 ], [ 36.354897616000073, 1.437667620000127 ], [ 36.355905813000049, 1.437444521000032 ], [ 36.356879504000062, 1.437407182000072 ], [ 36.357693536999989, 1.437564186000088 ], [ 36.359699516000148, 1.438233287000116 ], [ 36.360495544000116, 1.438515578000136 ], [ 36.361717517000045, 1.438811084000065 ], [ 36.362673348000044, 1.439019524000059 ], [ 36.363698996000153, 1.438976080000032 ], [ 36.364679787000057, 1.438842312000133 ], [ 36.36629812100017, 1.438650029000144 ], [ 36.367675781000116, 1.438476563000165 ], [ 36.368660749000071, 1.43925357500018 ], [ 36.369732727000155, 1.439718246000155 ], [ 36.370473835000155, 1.440139919000103 ], [ 36.371122380000088, 1.440627702000086 ], [ 36.372099885000068, 1.441236533999984 ], [ 36.372900301000016, 1.441681780000067 ], [ 36.373922338000114, 1.441960199000107 ], [ 36.374904936000064, 1.442170540000177 ], [ 36.375673592000055, 1.442236955999988 ], [ 36.37652547100015, 1.442073458000152 ], [ 36.378304842000034, 1.44180309800015 ], [ 36.379520757000137, 1.441722617000153 ], [ 36.380310059000124, 1.441528319999975 ], [ 36.38110351600011, 1.441894531000173 ], [ 36.381806616, 1.442667525 ], [ 36.382674927000039, 1.443326245000151 ], [ 36.383338289, 1.443830413000114 ], [ 36.384100616000126, 1.444265655000095 ], [ 36.384965879000049, 1.445016028000055 ], [ 36.386015625000027, 1.445669322000128 ], [ 36.38690185500019, 1.445837493000113 ], [ 36.387878418000071, 1.445837493000113 ], [ 36.388673836000123, 1.445715423000138 ], [ 36.389708694000149, 1.445669888000168 ], [ 36.391471877000129, 1.445592402000159 ], [ 36.392360517999975, 1.445346210000025 ], [ 36.393608787000176, 1.444598193000047 ], [ 36.394561393000117, 1.443831203 ], [ 36.395645590000186, 1.442651159999969 ], [ 36.396394240000177, 1.44182129700016 ], [ 36.397346810000101, 1.440423736000071 ], [ 36.39805220400018, 1.439258937999966 ], [ 36.398646359000054, 1.438272971 ], [ 36.399092342000131, 1.437476066999977 ], [ 36.399471664000032, 1.436704744000053 ], [ 36.400053299000149, 1.435548398000094 ], [ 36.400511606000123, 1.434874726000146 ], [ 36.401103524000064, 1.434068365000144 ], [ 36.401532528000018, 1.433320354000159 ], [ 36.402332995000108, 1.432756786000027 ], [ 36.403094306000128, 1.432340347000149 ], [ 36.404094784000108, 1.431726897000033 ], [ 36.405076021000013, 1.431247836000068 ], [ 36.405856739000171, 1.430857967000065 ], [ 36.406676522000055, 1.43041654600006 ], [ 36.40761885, 1.429756152000095 ], [ 36.40906337399997, 1.428461923000043 ], [ 36.409752401000048, 1.427834807000011 ], [ 36.410446341000124, 1.42683304000002 ], [ 36.410856822000085, 1.42606682600001 ], [ 36.411437410000133, 1.425130999000146 ], [ 36.411985924000021, 1.424371472000075 ], [ 36.413654169000154, 1.42274851600007 ], [ 36.414292671000055, 1.422278605000031 ], [ 36.415077015000122, 1.421835936999969 ], [ 36.416026229000124, 1.421288909000054 ], [ 36.416747598000029, 1.420609147999983 ], [ 36.418012450000049, 1.419060497000032 ], [ 36.418546932000027, 1.418263030000048 ], [ 36.419190360000187, 1.417545852000046 ], [ 36.419994242000087, 1.416763399000047 ], [ 36.420691765000129, 1.416411744000186 ], [ 36.421887343000151, 1.416175404000171 ], [ 36.422894198000051, 1.416236468000079 ], [ 36.423889160000101, 1.416236468000079 ], [ 36.42492675799997, 1.41632801999998 ], [ 36.42583955900011, 1.416236468000079 ], [ 36.426696777000132, 1.41571044900013 ], [ 36.427490234000174, 1.415283203000115 ], [ 36.42791748000019, 1.414306641000167 ], [ 36.427753398999982, 1.413541596000186 ], [ 36.427741907000097, 1.412294113000087 ], [ 36.427753526000117, 1.411317827000119 ], [ 36.427674267000043, 1.410282702000188 ], [ 36.427683016000117, 1.409335393000049 ], [ 36.428283691, 1.40850830100004 ], [ 36.429077148000033, 1.408691406000173 ], [ 36.429856833000144, 1.40934938099997 ], [ 36.430750448000083, 1.409518499000114 ], [ 36.43154175300009, 1.410055778000071 ], [ 36.432485457000041, 1.41062885000008 ], [ 36.433467767000138, 1.410485295000171 ], [ 36.434442537000109, 1.410315227000126 ], [ 36.435485840000013, 1.410278320000032 ], [ 36.436250156000028, 1.410966381000037 ], [ 36.43762141000019, 1.411730913000042 ], [ 36.439086914000086, 1.411926270000095 ], [ 36.440124512000125, 1.411682129000098 ], [ 36.440835365000055, 1.411013342000103 ], [ 36.441585496000073, 1.410729232 ], [ 36.442806418000032, 1.410957420000045 ], [ 36.443836364000163, 1.411307249000174 ], [ 36.444638973, 1.411667132000161 ], [ 36.44534368300009, 1.412019723000128 ], [ 36.44660008, 1.412418979000108 ], [ 36.447433622000062, 1.412334177000048 ], [ 36.448252557000046, 1.411832177000065 ], [ 36.449521568000137, 1.410913379000078 ], [ 36.450538143000131, 1.408116594000035 ], [ 36.450714897000012, 1.407293858000173 ], [ 36.451121300000182, 1.40552080100008 ], [ 36.451867108000044, 1.404456959000186 ], [ 36.452445223000041, 1.403527776000146 ], [ 36.452868956000032, 1.402703265000014 ], [ 36.453582723000181, 1.401620842000113 ], [ 36.453903656000193, 1.400870581000106 ], [ 36.45426107100019, 1.400184364000097 ], [ 36.454528809000124, 1.399108887000182 ], [ 36.45532226600011, 1.398315429999968 ], [ 36.456298828000115, 1.398071289000143 ], [ 36.456817604000037, 1.398669993999988 ], [ 36.457626668000046, 1.399551067000175 ], [ 36.45895418200007, 1.401092204000065 ], [ 36.459564534000151, 1.401824626000064 ], [ 36.460113518000071, 1.402546807000078 ], [ 36.46118717700017, 1.402909743000066 ], [ 36.46209639000017, 1.403078116000074 ], [ 36.463317871000072, 1.403076172000056 ], [ 36.463952010000071, 1.402539495000156 ], [ 36.464704789999985, 1.401659093000148 ], [ 36.465217716000154, 1.40108118400002 ], [ 36.466190471000118, 1.39959946 ], [ 36.466918945000145, 1.398681641000167 ], [ 36.466918945000145, 1.397521973000153 ], [ 36.466490186000101, 1.396171354000046 ], [ 36.466161101000125, 1.394673910000108 ], [ 36.465997009999967, 1.392313982000076 ], [ 36.466114141000162, 1.390502057 ], [ 36.466150643000162, 1.389630803000045 ], [ 36.466132912000035, 1.388488522000102 ], [ 36.466100643000118, 1.386513372000138 ], [ 36.466027369000074, 1.384712439000054 ], [ 36.465862205000121, 1.38377780400009 ], [ 36.465079672000115, 1.381716701000187 ], [ 36.464794857000072, 1.380915839000181 ], [ 36.464043563000075, 1.378879192000113 ], [ 36.463684271000034, 1.377929628000061 ], [ 36.46343838700011, 1.37701366500005 ], [ 36.46302385700011, 1.376123570000061 ], [ 36.462498955000171, 1.375134800000126 ], [ 36.461840174000145, 1.373859578000122 ], [ 36.460880019000172, 1.372495041000093 ], [ 36.460251671000037, 1.37156785600007 ], [ 36.45948129400017, 1.371076475000166 ], [ 36.458645112000113, 1.370551573000057 ], [ 36.45778077000017, 1.370134661 ], [ 36.456912725, 1.369863987000031 ], [ 36.45522027200002, 1.369211879999966 ], [ 36.45310039900005, 1.368219134000071 ], [ 36.451468413000043, 1.367326847000072 ], [ 36.450488143000086, 1.366867229000036 ], [ 36.449551909000093, 1.366460147000112 ], [ 36.448752348000085, 1.366045108000151 ], [ 36.448065819000078, 1.365636343000176 ], [ 36.446896739000124, 1.3651181890001 ], [ 36.446090877000074, 1.364718596000159 ], [ 36.445182246000115, 1.364402857000073 ], [ 36.444295652000108, 1.363852696000095 ], [ 36.442991368000037, 1.363056356000129 ], [ 36.441777309000031, 1.362224163000121 ], [ 36.440993370000115, 1.361602179000158 ], [ 36.439973680000094, 1.360730116000013 ], [ 36.439308618000155, 1.359896011000046 ], [ 36.438748717000067, 1.359110316000113 ], [ 36.438133074000064, 1.358259704000091 ], [ 36.437629451000191, 1.357467522000093 ], [ 36.437070881000182, 1.356690702000094 ], [ 36.435946426000157, 1.35508031300003 ], [ 36.435430819000032, 1.354139055000132 ], [ 36.434815545999982, 1.353592693000053 ], [ 36.433979365000027, 1.352854168000135 ], [ 36.432789115000105, 1.352156105000176 ], [ 36.431520799000168, 1.351496845000156 ], [ 36.430498278000186, 1.351038557000095 ], [ 36.429708591000121, 1.350664586000164 ], [ 36.428934385000048, 1.350332231999971 ], [ 36.427638104000152, 1.349804307999989 ], [ 36.426847809000037, 1.349609185000133 ], [ 36.425564494000184, 1.349465630000054 ], [ 36.423096215000157, 1.347303283000088 ], [ 36.422480575000179, 1.346474358000023 ], [ 36.422330326000122, 1.345516510000152 ], [ 36.422206971000094, 1.344178721000048 ], [ 36.421906219999983, 1.341671683000072 ], [ 36.421875399000044, 1.340875187999984 ], [ 36.421807307000051, 1.339728681999986 ], [ 36.421592230000158, 1.338312778999978 ], [ 36.421508789000086, 1.336730957000043 ], [ 36.421325684000124, 1.335693359000174 ], [ 36.421081543000071, 1.334716797000169 ], [ 36.42018194200017, 1.334229290000053 ], [ 36.419262461000187, 1.333762894000017 ], [ 36.418490582000175, 1.333359873000177 ], [ 36.417705389000162, 1.332918529999972 ], [ 36.41694190100003, 1.332569396000054 ], [ 36.415920811000092, 1.332041667000169 ], [ 36.414469421000092, 1.331206245000146 ], [ 36.413433076000047, 1.330394744000046 ], [ 36.412662460000092, 1.329716774000076 ], [ 36.411643385000048, 1.328432372000066 ], [ 36.410854820000054, 1.327293944000189 ], [ 36.409959394000055, 1.326068706000058 ], [ 36.407765232000031, 1.323680637999985 ], [ 36.407097626000052, 1.322514135 ], [ 36.406576522000137, 1.321634221000068 ], [ 36.40607226700007, 1.320710253000186 ], [ 36.404671385000142, 1.31846790700007 ], [ 36.403930664000029, 1.317321777000132 ], [ 36.402258337000148, 1.316970476000108 ], [ 36.40090727400019, 1.31705257800013 ], [ 36.399930031000054, 1.317231893000155 ], [ 36.398700777000101, 1.317578163000178 ], [ 36.397887911, 1.317679251000015 ], [ 36.397094727000137, 1.318298340000183 ], [ 36.396118164000029, 1.318481445000145 ], [ 36.395178182000052, 1.317720061000045 ], [ 36.394732138000109, 1.317064300000027 ], [ 36.394126669, 1.316267181000057 ], [ 36.393679041000098, 1.315621035000106 ], [ 36.393407741000033, 1.314252663 ], [ 36.39322316200014, 1.313203878000024 ], [ 36.393127441000104, 1.312316895000095 ], [ 36.393998883000108, 1.311570228000051 ], [ 36.39486180800003, 1.310360366000111 ], [ 36.395848813000043, 1.309303615000147 ], [ 36.396480086000167, 1.308511907000025 ], [ 36.400080623000065, 1.307665178000036 ], [ 36.401123047000169, 1.307787249000114 ], [ 36.402099609000174, 1.308105469000168 ], [ 36.403076172000056, 1.308105469000168 ], [ 36.403645527000151, 1.307465508000064 ], [ 36.404566923000175, 1.305417095000109 ], [ 36.404841512000075, 1.304478264000124 ], [ 36.404860074, 1.303525946000036 ], [ 36.404915519999975, 1.302136480000172 ], [ 36.405273438000108, 1.300292969000168 ], [ 36.406127930000139, 1.299682617000087 ], [ 36.406948592000163, 1.299675823000086 ], [ 36.407892038000057, 1.299791979000076 ], [ 36.408674362000113, 1.299982723000085 ], [ 36.409937230000025, 1.30019712800015 ], [ 36.410782235, 1.300172552000049 ], [ 36.411537529000157, 1.299595776000103 ], [ 36.413502938000136, 1.298779094000054 ], [ 36.41430664100011, 1.29907226600011 ], [ 36.415100098000153, 1.29907226600011 ], [ 36.416645097000185, 1.297973182000135 ], [ 36.417478132999975, 1.297518743000126 ], [ 36.418267982000089, 1.29710883700011 ], [ 36.419308120000153, 1.296502889000067 ], [ 36.420090389000109, 1.296066839000048 ], [ 36.421091731000047, 1.295842688000107 ], [ 36.422422317000155, 1.295900013000107 ], [ 36.424124032000179, 1.297690813000145 ], [ 36.425476755000091, 1.299315873000126 ], [ 36.426031112000032, 1.300030999000171 ], [ 36.426739287000146, 1.300340042000073 ], [ 36.427707162000161, 1.300611985000103 ], [ 36.429290587000025, 1.300957973000095 ], [ 36.430655824999974, 1.301476404000084 ], [ 36.432321390000027, 1.302470490000132 ], [ 36.433232186000112, 1.302884807 ], [ 36.434106301000043, 1.303183144000116 ], [ 36.435175753000067, 1.303715914000122 ], [ 36.436093888000073, 1.303809382000054 ], [ 36.436946167000144, 1.302584260000117 ], [ 36.437539132000097, 1.301778568000032 ], [ 36.438043075000166, 1.300877727000056 ], [ 36.438001908000047, 1.299936616000082 ], [ 36.437955131000137, 1.298903271000086 ], [ 36.43768213200002, 1.297716650000041 ], [ 36.437454383000102, 1.296089922000135 ], [ 36.437060274000089, 1.29413071 ], [ 36.436740815000064, 1.292871683000044 ], [ 36.436523438000108, 1.29211425800014 ], [ 36.436706543000071, 1.291320801000154 ], [ 36.437368364000179, 1.290543181000089 ], [ 36.437768332000076, 1.289875495000103 ], [ 36.439414307000106, 1.288413331000072 ], [ 36.440286312000012, 1.287492329000088 ], [ 36.440686768000148, 1.286076091000155 ], [ 36.441277004000142, 1.284533393000061 ], [ 36.442786073000036, 1.282829384000024 ], [ 36.443405372000029, 1.282043143000067 ], [ 36.443841041000098, 1.281337926000049 ], [ 36.444060493000109, 1.280264900000077 ], [ 36.44428233300016, 1.279298901 ], [ 36.444547420000163, 1.278164153000091 ], [ 36.445202868000024, 1.277343411000061 ], [ 36.446473983000146, 1.275915520000126 ], [ 36.447879777000139, 1.274723608000102 ], [ 36.448753133000082, 1.274030510000102 ], [ 36.449393389000136, 1.273400632000062 ], [ 36.450167314000112, 1.27240942100002 ], [ 36.450606767000124, 1.271670896000103 ], [ 36.450957577000054, 1.270920455000066 ], [ 36.451166324000155, 1.269700175000025 ], [ 36.451223265000181, 1.268668904000037 ], [ 36.451284871000098, 1.267626165000024 ], [ 36.451496535000047, 1.26648389200011 ], [ 36.451749106000079, 1.265326128000027 ], [ 36.452031600000169, 1.264489251000157 ], [ 36.452288516000124, 1.26349503300014 ], [ 36.452648294000028, 1.262678109000035 ], [ 36.452830537000125, 1.261935783000126 ], [ 36.453104515000064, 1.260676885 ], [ 36.453291951000097, 1.259728362000146 ], [ 36.453383504000101, 1.25891113300014 ], [ 36.453399091000108, 1.257709337000165 ], [ 36.453182642, 1.255987257000129 ], [ 36.452524462000099, 1.255017022000061 ], [ 36.451786875000096, 1.254185033000056 ], [ 36.451093319000108, 1.253515569000115 ], [ 36.450290445000064, 1.253189118000023 ], [ 36.449243269000135, 1.252789009000026 ], [ 36.448436290000075, 1.252461110000183 ], [ 36.447573089000116, 1.252194887000087 ], [ 36.446375323000154, 1.252845744000183 ], [ 36.445245472000181, 1.253712604000157 ], [ 36.443650692000062, 1.255614202000118 ], [ 36.442445167000074, 1.257030315000122 ], [ 36.441643612000064, 1.257912835000127 ], [ 36.440858015000174, 1.25865368400008 ], [ 36.439296173000116, 1.259737020000159 ], [ 36.438496472000111, 1.260471910000035 ], [ 36.437881274000176, 1.261054764000107 ], [ 36.435584333000122, 1.262938658000053 ], [ 36.433695808999971, 1.26426718 ], [ 36.43190965000008, 1.265685110999982 ], [ 36.431233646000123, 1.266235234000135 ], [ 36.430421408000029, 1.266817415000048 ], [ 36.429631649000157, 1.267262542000026 ], [ 36.428680752999981, 1.267511370000022 ], [ 36.427905501000168, 1.267538471000023 ], [ 36.426877840000145, 1.267484612000089 ], [ 36.425939250999988, 1.267452603000038 ], [ 36.424682617000144, 1.267089844000111 ], [ 36.423889160000101, 1.267089844000111 ], [ 36.423095703000115, 1.267700195000089 ], [ 36.422667046000072, 1.268366782000101 ], [ 36.421866456000089, 1.26927856500015 ], [ 36.421256104, 1.270010987000148 ], [ 36.419898072000137, 1.271277466000072 ], [ 36.419152108000048, 1.271931878000032 ], [ 36.418672346000108, 1.272683458000017 ], [ 36.416953874000058, 1.274791607000111 ], [ 36.414482772000042, 1.275623968000161 ], [ 36.412901406000117, 1.276670351000121 ], [ 36.412089428000058, 1.27726985400011 ], [ 36.411262262000037, 1.277781921999974 ], [ 36.409255009000105, 1.278754220000167 ], [ 36.408328858000175, 1.277706705000071 ], [ 36.407645321000189, 1.276884319000089 ], [ 36.407073706000062, 1.276147141000024 ], [ 36.406460063000168, 1.275356260000024 ], [ 36.405829793000066, 1.274513616000092 ], [ 36.405065198000102, 1.274274773000172 ], [ 36.402276217000178, 1.274153038000122 ], [ 36.401452870000185, 1.274644880000153 ], [ 36.400615576000177, 1.275165652000055 ], [ 36.399826477000033, 1.275540769000088 ], [ 36.399211769000146, 1.276068572000156 ], [ 36.39803035500006, 1.276527508000129 ], [ 36.396210153000084, 1.273240813000029 ], [ 36.395824910000101, 1.271690325 ], [ 36.395312936000039, 1.270662507000054 ], [ 36.394864963000032, 1.269882296999981 ], [ 36.394104004000042, 1.269783245000156 ], [ 36.393127441000104, 1.269966350000118 ], [ 36.391728659000194, 1.270176460000073 ], [ 36.390840485000069, 1.269600644000036 ], [ 36.390241451000065, 1.268798854000124 ], [ 36.389514974000122, 1.267651818000104 ], [ 36.388754965000032, 1.265945124000098 ], [ 36.388800377000052, 1.264550493000058 ], [ 36.389099121000072, 1.263488770000095 ], [ 36.390019441, 1.262990642000091 ], [ 36.390993746000049, 1.262163513000132 ], [ 36.392254730000104, 1.261086964000128 ], [ 36.393101619000106, 1.260425091000172 ], [ 36.393835861000127, 1.259632151000119 ], [ 36.394966068000087, 1.258402945000171 ], [ 36.395562463000147, 1.257494602000065 ], [ 36.39619745900012, 1.256343713000149 ], [ 36.396917166000094, 1.255397630000118 ], [ 36.398067837000156, 1.255093582000029 ], [ 36.399099941000088, 1.255040482000084 ], [ 36.400319669000112, 1.254805596000153 ], [ 36.401762181000095, 1.253942513000084 ], [ 36.402705621, 1.253403749000086 ], [ 36.403740975000062, 1.252848902000096 ], [ 36.404536393000171, 1.252509466000049 ], [ 36.405454001000066, 1.252485473000149 ], [ 36.406168396000112, 1.253205509 ], [ 36.406832714000188, 1.254572970000083 ], [ 36.407340826000109, 1.255897266999966 ], [ 36.407836873, 1.256733001000043 ], [ 36.408343325000033, 1.25767882700012 ], [ 36.408877920000123, 1.258481706000055 ], [ 36.409430330000134, 1.259264739000059 ], [ 36.41015528700018, 1.259734177000041 ], [ 36.411071777000188, 1.260498047000169 ], [ 36.41207856200009, 1.260026923000055 ], [ 36.412967700000081, 1.258814393000137 ], [ 36.413494491000051, 1.258034905000102 ], [ 36.41378420000018, 1.257294676000072 ], [ 36.414163452000082, 1.256242183000097 ], [ 36.414387261000059, 1.255253146000086 ], [ 36.41430227900014, 1.254272897000078 ], [ 36.414262999000073, 1.253483368 ], [ 36.414122195000118, 1.252502575000108 ], [ 36.413939084000162, 1.251285448000033 ], [ 36.414054231000193, 1.250191223 ], [ 36.414322882000135, 1.248597576000066 ], [ 36.415137948000051, 1.246214495000117 ], [ 36.417095028000176, 1.243824309000104 ], [ 36.419102108000175, 1.241625677000059 ], [ 36.420221515000151, 1.240065458 ], [ 36.420962761000169, 1.238977778999981 ], [ 36.421349314000111, 1.237463630000036 ], [ 36.421421635000115, 1.236498025000174 ], [ 36.421492293000142, 1.235634954000091 ], [ 36.421246729000075, 1.234710124000117 ], [ 36.420813963000114, 1.23355255000007 ], [ 36.420331942000132, 1.232689593000032 ], [ 36.419808724000177, 1.231809490000103 ], [ 36.419509087000165, 1.230889035000075 ], [ 36.419102108000175, 1.229935783999963 ], [ 36.418596429000161, 1.229222662000154 ], [ 36.416675797000039, 1.227352134000057 ], [ 36.414049666000096, 1.229885784000089 ], [ 36.413220938999984, 1.23125230200003 ], [ 36.412789315000168, 1.23207596900005 ], [ 36.411926270000095, 1.232299805000082 ], [ 36.411117111000181, 1.231540501000154 ], [ 36.410083090000171, 1.23103303500011 ], [ 36.407730013000048, 1.230643786000144 ], [ 36.406142944000123, 1.230262465000123 ], [ 36.404966557000023, 1.229411668000125 ], [ 36.403323648000082, 1.228083852000054 ], [ 36.402446020000127, 1.227502384000104 ], [ 36.401707843000054, 1.227054655000074 ], [ 36.400109141000144, 1.226036049000186 ], [ 36.399353306000194, 1.22545570900013 ], [ 36.398476643000038, 1.224509196000042 ], [ 36.397831991000032, 1.22386454399998 ], [ 36.397095041000114, 1.223083218 ], [ 36.39586841199997, 1.221684652000135 ], [ 36.395342389000064, 1.221053844000153 ], [ 36.394967554000061, 1.21970693600008 ], [ 36.394745076000106, 1.218720550000171 ], [ 36.394927052000071, 1.217901849000043 ], [ 36.395441805000132, 1.216038811000089 ], [ 36.396398327000043, 1.21277251700019 ], [ 36.396974115000091, 1.210851511000044 ], [ 36.397085262000132, 1.209826018000172 ], [ 36.397239829000057, 1.208917639000049 ], [ 36.397326815000156, 1.207818938 ], [ 36.39724454200018, 1.206486276000078 ], [ 36.397085262000132, 1.205478753000136 ], [ 36.396909830000027, 1.204529134000154 ], [ 36.396434310000075, 1.202027290999979 ], [ 36.396388534000039, 1.199707031000059 ], [ 36.396388534000039, 1.198491302000093 ], [ 36.396381311000084, 1.197690819 ], [ 36.396460412000124, 1.19671692300011 ], [ 36.396447118000083, 1.19567966600016 ], [ 36.396485240000061, 1.194534184000076 ], [ 36.394358082000053, 1.191809090000163 ], [ 36.393689569000117, 1.191231071000061 ], [ 36.392877212000144, 1.190682564000042 ], [ 36.391277717000037, 1.189540947000182 ], [ 36.390534785, 1.189103883000087 ], [ 36.389821360000042, 1.188398241000129 ], [ 36.38891601600011, 1.187927246000129 ], [ 36.389037459000122, 1.187012444000118 ], [ 36.389351083000122, 1.18613553800003 ], [ 36.390095166000151, 1.184991939000042 ], [ 36.390483983000081, 1.183467733000043 ], [ 36.390680916000122, 1.182473626000103 ], [ 36.390728748000186, 1.181522973000085 ], [ 36.39104453900012, 1.179619817000173 ], [ 36.391138230000138, 1.177675835000059 ], [ 36.391286092000087, 1.176624456000013 ], [ 36.3916165280001, 1.175825627000108 ], [ 36.393205465, 1.174104566999972 ], [ 36.394946445000187, 1.173248778000129 ], [ 36.395824910000101, 1.173215471000162 ], [ 36.396903113000064, 1.173323048999976 ], [ 36.398204433000103, 1.173661856000024 ], [ 36.400444246000063, 1.174939446000053 ], [ 36.403724171000079, 1.177061760000129 ], [ 36.404630950000069, 1.177622946000042 ], [ 36.405571541000029, 1.178189257000099 ], [ 36.408250496000051, 1.179619817000173 ], [ 36.410147111000072, 1.180561061000049 ], [ 36.410888598000042, 1.180908350000095 ], [ 36.412731766000093, 1.181911529000047 ], [ 36.413490357000114, 1.182339118000186 ], [ 36.414896395000085, 1.183633977000113 ], [ 36.416378305000137, 1.184798816000125 ], [ 36.417378133000057, 1.185327434000158 ], [ 36.418277656000157, 1.185719468000116 ], [ 36.418940440000085, 1.186121020000087 ], [ 36.419921875000057, 1.18688964800009 ], [ 36.420609710000178, 1.18647348200011 ], [ 36.421526007000068, 1.185879090000128 ], [ 36.422922180000057, 1.184706528000106 ], [ 36.423690871000133, 1.184255206999978 ], [ 36.426047368000184, 1.183770995999964 ], [ 36.427161699000067, 1.183271936999972 ], [ 36.430236825000122, 1.180880168999977 ], [ 36.431719333000046, 1.179712242000051 ], [ 36.432824313000026, 1.178931220000095 ], [ 36.434334767999985, 1.178635280000151 ], [ 36.435800756000162, 1.178626138000084 ], [ 36.437065339000071, 1.178618251000046 ], [ 36.438043075000166, 1.178581536000138 ], [ 36.438867969000171, 1.178036587000065 ], [ 36.440483260000178, 1.1770880790001 ], [ 36.441957346000095, 1.17595347300005 ], [ 36.442631893000055, 1.175222552000037 ], [ 36.44258826700019, 1.174327091000123 ], [ 36.442298787000027, 1.172418743000151 ], [ 36.441755725, 1.170460117000061 ], [ 36.441544583000166, 1.169558962000053 ], [ 36.441397232000099, 1.16851100100007 ], [ 36.441329989000167, 1.166428020000126 ], [ 36.441233778000083, 1.164678667000089 ], [ 36.440945545000147, 1.163453437000157 ], [ 36.439688325000191, 1.161688196 ], [ 36.439201996, 1.16093601200015 ], [ 36.438716806, 1.160097329999985 ], [ 36.437708841000187, 1.158311225000091 ], [ 36.437270499000192, 1.157454686000051 ], [ 36.436920270000087, 1.156664806000038 ], [ 36.436134004, 1.154487127000095 ], [ 36.435865965000119, 1.153700267000147 ], [ 36.435528954000063, 1.152880492000122 ], [ 36.435197713000093, 1.151884319000033 ], [ 36.435163943000134, 1.150875850000148 ], [ 36.435130428000093, 1.149901599000088 ], [ 36.43497564300003, 1.148938958000087 ], [ 36.435491550000165, 1.148074038000118 ], [ 36.436706543000071, 1.146728516 ], [ 36.436253996000175, 1.146054732000039 ], [ 36.435316366000052, 1.144097408000107 ], [ 36.434875643000112, 1.143139788000099 ], [ 36.434506969000154, 1.14227392600003 ], [ 36.434118550000051, 1.141464042000166 ], [ 36.433837362000077, 1.140527532000135 ], [ 36.43383539000007, 1.139736648000053 ], [ 36.434300985000164, 1.138420452000048 ], [ 36.435694528000056, 1.136869486000137 ], [ 36.436327547000133, 1.136080266000022 ], [ 36.437445272000161, 1.13525077800017 ], [ 36.438901202000181, 1.134069571000055 ], [ 36.439958361000151, 1.133004522000078 ], [ 36.44001740300007, 1.131885698000076 ], [ 36.440195021000193, 1.129510235999987 ], [ 36.441250920000073, 1.127060175000054 ], [ 36.441643612000064, 1.126266936000036 ], [ 36.441861354000139, 1.125477617 ], [ 36.44249034000012, 1.123463128000083 ], [ 36.443065653000076, 1.121507318000056 ], [ 36.443287069000064, 1.120517766000091 ], [ 36.443510501999981, 1.119699021000088 ], [ 36.44388214300011, 1.11870508200002 ], [ 36.44423949600008, 1.117199004000099 ], [ 36.444551611000065, 1.115892950000045 ], [ 36.444728914999985, 1.113878296000166 ], [ 36.444688973000098, 1.112569964000102 ], [ 36.444407868000155, 1.111550936000128 ], [ 36.443700692000107, 1.109888225000134 ], [ 36.442546926000034, 1.107782684000085 ], [ 36.441061178000041, 1.104802239000151 ], [ 36.440503703000161, 1.102718923000054 ], [ 36.440119574000107, 1.101197416000048 ], [ 36.440061293000156, 1.099922453000147 ], [ 36.439997441, 1.098892837000051 ], [ 36.43972043600013, 1.097897494000051 ], [ 36.439604744000121, 1.097138723000057 ], [ 36.439398330000131, 1.09587339899997 ], [ 36.439421898000091, 1.093881297000166 ], [ 36.439286196000069, 1.093118926000045 ], [ 36.438954116000104, 1.091119390000188 ], [ 36.438889803000052, 1.090052134000189 ], [ 36.43890548100012, 1.089111384000148 ], [ 36.4390313560001, 1.08707465100008 ], [ 36.439215924000109, 1.085107817000051 ], [ 36.439651854000147, 1.084177360000069 ], [ 36.440624813000056, 1.082072209999978 ], [ 36.441543952000188, 1.080080840000051 ], [ 36.441856678000136, 1.07926929000007 ], [ 36.442481764000149, 1.077688362000174 ], [ 36.442893542000093, 1.076659124000116 ], [ 36.443253477000155, 1.075668639000128 ], [ 36.443788964000134, 1.073490111000183 ], [ 36.443496700000082, 1.072078999000155 ], [ 36.443287069000064, 1.070987493000075 ], [ 36.443098407000093, 1.070132964000152 ], [ 36.442865771000015, 1.069092926000053 ], [ 36.442631893000055, 1.067811614000107 ], [ 36.442523788000074, 1.066527809000036 ], [ 36.442493465000155, 1.064283259000092 ], [ 36.442501856000035, 1.063476441000148 ], [ 36.442521356000043, 1.062500659000079 ], [ 36.44254034, 1.061629339000092 ], [ 36.442792467000174, 1.06051942199997 ], [ 36.443478621000111, 1.058733977000145 ], [ 36.444429983000134, 1.056845183000178 ], [ 36.444780526000102, 1.056163273999971 ], [ 36.444591341000148, 1.054889524000089 ], [ 36.444209659000194, 1.052928620000046 ], [ 36.443980156000123, 1.051950827000041 ], [ 36.443744638000169, 1.051081807000116 ], [ 36.443217042000072, 1.048770053000112 ], [ 36.442870183000025, 1.047119323000175 ], [ 36.442681893000099, 1.046116838999978 ], [ 36.442665027000146, 1.04510572099997 ], [ 36.442661398999974, 1.04282205100003 ], [ 36.442830166000192, 1.041106076000062 ], [ 36.443145516000186, 1.040217669000015 ], [ 36.443698751000056, 1.039470738000148 ], [ 36.44488052600019, 1.037827483000171 ], [ 36.446051438000097, 1.036275621000186 ], [ 36.446646053000165, 1.035487298000078 ], [ 36.44692370100006, 1.034691389000045 ], [ 36.447305481, 1.032465687000069 ], [ 36.447494674000154, 1.031656489999989 ], [ 36.447678322000058, 1.030880262000096 ], [ 36.448277841, 1.02863599 ], [ 36.448534579000125, 1.027734980000048 ], [ 36.449584861000176, 1.025879285000087 ], [ 36.449923950000027, 1.025103412000135 ], [ 36.45088568400007, 1.023476196000104 ], [ 36.451426424000033, 1.022578606000138 ], [ 36.451949972000193, 1.021428748000176 ], [ 36.452674435000176, 1.019993818000103 ], [ 36.452955729000166, 1.019035489000146 ], [ 36.453191951000179, 1.01828134100009 ], [ 36.453069375000155, 1.01727649999998 ], [ 36.453044154000111, 1.016484653000134 ], [ 36.452987894000103, 1.014718224000092 ], [ 36.45282832800018, 1.013612005000084 ], [ 36.452666249, 1.01270056300018 ], [ 36.452493041000082, 1.01172235100006 ], [ 36.452334356000165, 1.010914970000158 ], [ 36.452077241000154, 1.008912534000046 ], [ 36.451940422000121, 1.008062775000155 ], [ 36.451524017, 1.005912312000135 ], [ 36.45145326300019, 1.005122306000146 ], [ 36.451046669000107, 1.002942899 ], [ 36.450851766000085, 1.00201366500005 ], [ 36.450635367000189, 1.0009244580001 ], [ 36.450205798000127, 0.999055565000049 ], [ 36.449798584000177, 0.997192383000083 ], [ 36.449279785000158, 0.995910645000095 ], [ 36.44900510500014, 0.994394554000166 ], [ 36.448692385000186, 0.993114279 ], [ 36.448089050000135, 0.991098046000047 ], [ 36.447825887000079, 0.990223772000036 ], [ 36.447521215000108, 0.989315533000138 ], [ 36.446696053000039, 0.986431682000159 ], [ 36.445849325000154, 0.983627874000149 ], [ 36.444658990000164, 0.98047727800008 ], [ 36.444445468000083, 0.979704198000036 ], [ 36.443595963000064, 0.977680078999981 ], [ 36.443299682000145, 0.976928263000161 ], [ 36.442681893000099, 0.975074895000091 ], [ 36.441329989000167, 0.971937981000053 ], [ 36.440050155000108, 0.969275725000045 ], [ 36.438698250000073, 0.966613469000038 ], [ 36.436882723000053, 0.96301293200014 ], [ 36.435652889000096, 0.960339641000189 ], [ 36.434100434000186, 0.957433116000118 ], [ 36.432335706000174, 0.95427228200009 ], [ 36.431676480000135, 0.952951809000183 ], [ 36.431273513000122, 0.951690178000149 ], [ 36.429504395000095, 0.949096680000139 ], [ 36.429077148000033, 0.948303223000096 ], [ 36.428038192000031, 0.946512151000093 ], [ 36.426494735000119, 0.94402196599998 ], [ 36.424437655000133, 0.941026604000115 ], [ 36.421683846000064, 0.938081243000056 ], [ 36.419102108000175, 0.93527743400017 ], [ 36.416298299000061, 0.93247362600016 ], [ 36.413444491, 0.929861370000026 ], [ 36.410499129000016, 0.927138079000031 ], [ 36.407523250000111, 0.924425823000149 ], [ 36.404649959000153, 0.921672014000137 ], [ 36.401724080000065, 0.91909027600002 ], [ 36.398878733000117, 0.916373552000152 ], [ 36.398117997000043, 0.915703605000033 ], [ 36.397492313000157, 0.915130897999973 ], [ 36.395350252000128, 0.913119036000126 ], [ 36.394475797000155, 0.910902134000025 ], [ 36.395325797000112, 0.908052134000116 ], [ 36.397375797000109, 0.905052134000073 ], [ 36.399882966000177, 0.903564321000147 ], [ 36.400769780000189, 0.903041869000106 ], [ 36.40298577100009, 0.901755645000094 ], [ 36.405875797000135, 0.901452134000067 ], [ 36.408375797000019, 0.901052134000054 ], [ 36.410575797000149, 0.900652134000154 ], [ 36.413575797000078, 0.901152134000142 ], [ 36.415975797000044, 0.901552134000042 ], [ 36.417475797000179, 0.902752134000025 ], [ 36.419675797000082, 0.901852134000137 ], [ 36.421503329000132, 0.900387532000138 ], [ 36.422379822000096, 0.899758354000085 ], [ 36.423049068000068, 0.899152955000034 ], [ 36.424526338000078, 0.89728889100013 ], [ 36.424175797000089, 0.894652134000012 ], [ 36.425375797000129, 0.891852133999976 ], [ 36.426327230000027, 0.889730293000014 ], [ 36.426987440000119, 0.88876304900009 ], [ 36.427684421000151, 0.888061150000055 ], [ 36.429275797, 0.886552134000056 ], [ 36.431475797000132, 0.883752134000019 ], [ 36.433475797000085, 0.882252134000055 ], [ 36.435175797000056, 0.880452134000166 ], [ 36.437775797000086, 0.878552134000188 ], [ 36.440375797000058, 0.876852134000046 ], [ 36.442675797000106, 0.874952134000011 ], [ 36.444175797000071, 0.873352134000186 ], [ 36.446875797000189, 0.871952134000139 ], [ 36.449175797000066, 0.872852134000027 ], [ 36.452675797000097, 0.872652133999964 ], [ 36.456975797000098, 0.872052134000057 ], [ 36.460275797000122, 0.870352134000086 ], [ 36.462875797000095, 0.868252134000045 ], [ 36.465275797000061, 0.865652134000072 ], [ 36.468175797000072, 0.864952134000077 ], [ 36.471175797000114, 0.863852134000183 ], [ 36.472975797000174, 0.860152134000089 ], [ 36.476875797000105, 0.858252134000111 ], [ 36.479075797000064, 0.85615213400007 ], [ 36.48147579700003, 0.853752134000104 ], [ 36.484675797000136, 0.854252134000092 ], [ 36.486869064000132, 0.851636375000112 ], [ 36.487424129000146, 0.851092716000153 ], [ 36.488983774000133, 0.849392345000069 ], [ 36.489664689999984, 0.84783782300002 ], [ 36.489765509000108, 0.84640655700008 ], [ 36.489747807000015, 0.845468652000022 ], [ 36.489309541000182, 0.844518683000047 ], [ 36.488551957000027, 0.843561793999982 ], [ 36.488199743000052, 0.842639969 ], [ 36.48798741000013, 0.841472435000071 ], [ 36.488146187000041, 0.840415989 ], [ 36.487737977, 0.839330130000178 ], [ 36.48742052700004, 0.838484700000038 ], [ 36.487303586000053, 0.837617321000096 ], [ 36.486914647000106, 0.836611356999981 ], [ 36.486361633000172, 0.835700996000071 ], [ 36.486025389000076, 0.834797527000035 ], [ 36.48589852300006, 0.833777112000064 ], [ 36.485727522000047, 0.832809332000124 ], [ 36.485596102000159, 0.831875320000108 ], [ 36.485426791000123, 0.830818630000067 ], [ 36.485249977000194, 0.829484850000028 ], [ 36.48514679800013, 0.828516105000062 ], [ 36.485035909000089, 0.827339939000069 ], [ 36.48471177000016, 0.826308271000187 ], [ 36.48426419499998, 0.825347931000124 ], [ 36.483853869000143, 0.824365949000025 ], [ 36.484000719000051, 0.822867214000098 ], [ 36.484106128000178, 0.821813919000078 ], [ 36.483957220000093, 0.82070744300006 ], [ 36.48360334400013, 0.819828283000106 ], [ 36.483103998000047, 0.818504898000128 ], [ 36.48284546900004, 0.817179021000129 ], [ 36.482897334000143, 0.81641483500016 ], [ 36.483316405000096, 0.815460087000019 ], [ 36.484886706000111, 0.8148278970001 ], [ 36.487299445000133, 0.814921779000031 ], [ 36.489818005000188, 0.815016409000066 ], [ 36.490602739000053, 0.815042796000057 ], [ 36.492396954000128, 0.81509015000006 ], [ 36.49404228700007, 0.815133109000158 ], [ 36.495452768000177, 0.815168921000065 ], [ 36.498688039000058, 0.815252306000161 ], [ 36.499827496000137, 0.815238727000178 ], [ 36.502267049000068, 0.815175516000181 ], [ 36.506382708, 0.815166606000162 ], [ 36.511298909000061, 0.815163624999968 ], [ 36.515983504000189, 0.81514875400012 ], [ 36.521064556000113, 0.815151734000153 ], [ 36.526084163000064, 0.815154714000073 ], [ 36.530983199000048, 0.815139843000168 ], [ 36.535886049000169, 0.815136863000077 ], [ 36.540888491000146, 0.815139843000168 ], [ 36.545492568000157, 0.815069011000162 ], [ 36.55057362000008, 0.815066031000072 ], [ 36.555576061000011, 0.815063021000185 ], [ 36.560576595000043, 0.815054140000086 ], [ 36.565596203000098, 0.815057120000176 ], [ 36.570073986000125, 0.815042249000101 ], [ 36.5751664820001, 0.815045199000167 ], [ 36.580041745000187, 0.81503116500005 ], [ 36.585077495000121, 0.815027377000092 ], [ 36.589798330000178, 0.815030328000091 ], [ 36.594512939000083, 0.815057120000176 ], [ 36.595575807999978, 0.815053945000159 ], [ 36.596637726000097, 0.815050772000177 ], [ 36.599485366000181, 0.815042249000101 ], [ 36.604474456000162, 0.815039268000078 ], [ 36.60935441800018, 0.815054140000086 ], [ 36.614257268000131, 0.815045199000167 ], [ 36.619087230000048, 0.81504817900003 ], [ 36.622516871000073, 0.814964246000102 ], [ 36.624053955000022, 0.814941674000181 ], [ 36.6289696340001, 0.814944654000101 ], [ 36.633190606000085, 0.814959526000052 ], [ 36.638162529000169, 0.814944654000101 ], [ 36.642837565999969, 0.814930816000185 ], [ 36.647872454000037, 0.814950585000133 ], [ 36.652878710000152, 0.814947635000067 ], [ 36.657794912000156, 0.814974397000128 ], [ 36.662772558000086, 0.814941674000181 ], [ 36.667663964000155, 0.814876803000061 ], [ 36.671160764000092, 0.814962803000071 ], [ 36.67357254000018, 0.814965456000039 ], [ 36.674775820000036, 0.814953238000101 ], [ 36.675417693000156, 0.816842579000024 ], [ 36.675443098000187, 0.818214036000029 ], [ 36.676563123000051, 0.818582742 ], [ 36.677670998000167, 0.818303781000111 ], [ 36.679155845000025, 0.81831456700013 ], [ 36.680215839000141, 0.819610288000092 ], [ 36.680557251000153, 0.82068982800007 ], [ 36.681579133000128, 0.820801556000106 ], [ 36.682795808000151, 0.820991908000053 ], [ 36.684197022000092, 0.821101373000147 ], [ 36.684968224000158, 0.821252822000133 ], [ 36.685965766000095, 0.821525971000085 ], [ 36.687220009000043, 0.821939186000066 ], [ 36.688910717000113, 0.822400273000142 ], [ 36.690360782000084, 0.822430139000119 ], [ 36.693095516000085, 0.822631525000077 ], [ 36.697969756000134, 0.82287132700003 ], [ 36.702191914000082, 0.823161029000175 ], [ 36.703000017000079, 0.823048644000039 ], [ 36.705500193000148, 0.822287555000059 ], [ 36.709566189000157, 0.820966550000094 ], [ 36.713113166000085, 0.819899251000152 ], [ 36.713963290000038, 0.820154124000169 ], [ 36.715359518000128, 0.820753608000018 ], [ 36.716281827000159, 0.821137750000048 ], [ 36.717086378000033, 0.821470269000088 ], [ 36.7189658960001, 0.82224710800017 ], [ 36.723558529000059, 0.824237558000164 ], [ 36.728078274000154, 0.826148266000189 ], [ 36.731695977000072, 0.827742408000063 ], [ 36.735294607000128, 0.829330620000064 ], [ 36.737022620000175, 0.83030226600016 ], [ 36.738159210000106, 0.83115543700012 ], [ 36.738624409000124, 0.831808577000174 ], [ 36.739073851000171, 0.832514300000014 ], [ 36.74069541200015, 0.834962198000085 ], [ 36.742277425000054, 0.83756196700017 ], [ 36.744370745000026, 0.840862718000153 ], [ 36.746477416000175, 0.844243211000162 ], [ 36.748108184000102, 0.846790961000124 ], [ 36.748627431000159, 0.847613828000078 ], [ 36.749191858000074, 0.848549866000042 ], [ 36.750382448000153, 0.850750069000128 ], [ 36.75215982900005, 0.853249561000155 ], [ 36.754185982000081, 0.85647056900001 ], [ 36.755454981000184, 0.858425573000147 ], [ 36.755948406000073, 0.859178004000114 ], [ 36.756871126000021, 0.86055201400012 ], [ 36.759598232000087, 0.861457125000129 ], [ 36.763277379000101, 0.862746593999987 ], [ 36.76707137700015, 0.8641455180001 ], [ 36.770781041000134, 0.86553264000014 ], [ 36.774542624000048, 0.866867636000109 ], [ 36.775669312000048, 0.867269804000159 ], [ 36.776720122000143, 0.867657788000088 ], [ 36.779167672000142, 0.868561440000065 ], [ 36.781435513000076, 0.869422993000057 ], [ 36.783984282000063, 0.869871740000121 ], [ 36.786625265000168, 0.870363603000044 ], [ 36.78777111, 0.870577028000071 ], [ 36.788832866000121, 0.870754169000065 ], [ 36.793138499000122, 0.871326993000025 ], [ 36.79714119900018, 0.869179761000169 ], [ 36.7979515990001, 0.868711934000089 ], [ 36.79865654200006, 0.868274275000033 ], [ 36.800456862000146, 0.867156525000098 ], [ 36.804702759000179, 0.864597023000044 ], [ 36.807636261000084, 0.862827316000107 ], [ 36.810567058, 0.861039986000037 ], [ 36.812865553000051, 0.859606835000022 ], [ 36.813704798000117, 0.859087474000091 ], [ 36.817364046000193, 0.856967451000116 ], [ 36.81918335000006, 0.855947673000117 ], [ 36.819297284000072, 0.854501987000049 ], [ 36.819294423000144, 0.85274376700005 ], [ 36.819353960000171, 0.849729839000076 ], [ 36.819287734, 0.847274301000141 ], [ 36.819302229000073, 0.845686365000176 ], [ 36.81929549400013, 0.843891350999968 ], [ 36.819291018000115, 0.842796931 ], [ 36.819718458000125, 0.841872299999977 ], [ 36.821058452000159, 0.839138526000113 ], [ 36.822018796, 0.837280213000099 ], [ 36.822398235000094, 0.836542703000021 ], [ 36.823295746000156, 0.834839506000037 ], [ 36.823779238000043, 0.833909161000065 ], [ 36.82506446900004, 0.83130135600004 ], [ 36.825555309000151, 0.830304567000098 ], [ 36.825965695000036, 0.829469461999963 ], [ 36.827198357000043, 0.826840575000176 ], [ 36.828109642000015, 0.825140850000139 ], [ 36.828624419999983, 0.824161869000022 ], [ 36.829529142000069, 0.822403358000088 ], [ 36.829944183000066, 0.821587825000051 ], [ 36.831134238000175, 0.819232921000093 ], [ 36.832705527000087, 0.81599776600018 ], [ 36.833022323000193, 0.815255527000147 ], [ 36.833125705000043, 0.814372709999986 ], [ 36.833393984000111, 0.811262735000184 ], [ 36.83355337900008, 0.809778423000125 ], [ 36.833660949000091, 0.808696531000123 ], [ 36.833974363999971, 0.805430038000111 ], [ 36.834353665000037, 0.802945400000056 ], [ 36.835990981000123, 0.801455098000019 ], [ 36.83863706000011, 0.799916592000102 ], [ 36.839459284000156, 0.799425645000099 ], [ 36.840289127000119, 0.798902954000084 ], [ 36.84276889500012, 0.797340899000062 ], [ 36.843381695000062, 0.79665483500014 ], [ 36.843734167000093, 0.79563384100004 ], [ 36.843221387000085, 0.794742485000029 ], [ 36.842195948999972, 0.792855520000103 ], [ 36.841752004000114, 0.791932524000117 ], [ 36.842362844000036, 0.789493549000042 ], [ 36.842832247000047, 0.788409145 ], [ 36.84361072500019, 0.787180579000164 ], [ 36.844892733, 0.785158394000064 ], [ 36.845991784000091, 0.783407856 ], [ 36.846795107000048, 0.78206545300003 ], [ 36.848336404000122, 0.77920079800009 ], [ 36.849644857000101, 0.776209871000162 ], [ 36.85012105900006, 0.775136039000131 ], [ 36.850547810000137, 0.774472817000117 ], [ 36.850933075000114, 0.773227513000109 ], [ 36.851303101000155, 0.772353649000138 ], [ 36.852224388000081, 0.770414401000039 ], [ 36.852816454000049, 0.768946557000106 ], [ 36.853961242000082, 0.766229228999975 ], [ 36.855188759000157, 0.763233153000101 ], [ 36.855879287000107, 0.761657678 ], [ 36.856268095000075, 0.760773781000182 ], [ 36.857061916000134, 0.758929726000076 ], [ 36.858198444000038, 0.756168717000151 ], [ 36.858649242000013, 0.755064710000056 ], [ 36.85899378900001, 0.754325042000119 ], [ 36.859882891000041, 0.752541235000024 ], [ 36.861375367000107, 0.749780645000101 ], [ 36.861760718000085, 0.748903642000073 ], [ 36.862271782999983, 0.747023805000083 ], [ 36.862420323000038, 0.745745852000084 ], [ 36.862534741000104, 0.744249721000017 ], [ 36.862682292000102, 0.742611730000135 ], [ 36.863243811000132, 0.741728037000087 ], [ 36.863763013000096, 0.74110385299997 ], [ 36.864452134000032, 0.740287430000024 ], [ 36.864990190000128, 0.739374366000163 ], [ 36.865849784000034, 0.738832722000097 ], [ 36.866649049000159, 0.738765063000073 ], [ 36.867745200000172, 0.738614378000136 ], [ 36.8689250380001, 0.738423462000185 ], [ 36.870329905000062, 0.738181411000141 ], [ 36.871218514000134, 0.738070334000099 ], [ 36.871992598000077, 0.737985993000109 ], [ 36.873306880000086, 0.737837598000169 ], [ 36.874061196000127, 0.737684916000148 ], [ 36.874994641, 0.737353298000073 ], [ 36.876162549000185, 0.737663629999986 ], [ 36.876769761000162, 0.738513992000037 ], [ 36.87825974499998, 0.738041367000051 ], [ 36.879578491000018, 0.737759348000111 ], [ 36.881051523000053, 0.737517852 ], [ 36.882435580999982, 0.737153982000109 ], [ 36.883612901000049, 0.736869164000154 ], [ 36.884558717000175, 0.736520534000078 ], [ 36.885623140000064, 0.736175507000041 ], [ 36.886834145000137, 0.736162047 ], [ 36.887505598000189, 0.737343907000081 ], [ 36.888181529000065, 0.738173246999963 ], [ 36.889290538000068, 0.738742377000165 ], [ 36.890258145000132, 0.739036812000109 ], [ 36.891337951000139, 0.739335879000066 ], [ 36.892277620000129, 0.739603604000081 ], [ 36.89302747500011, 0.740017836000106 ], [ 36.893991211000071, 0.740319782000029 ], [ 36.89488608400012, 0.740539973000068 ], [ 36.896002533000058, 0.740824614000076 ], [ 36.896769360000178, 0.740703512000152 ], [ 36.89811267500005, 0.740608390000091 ], [ 36.899223526000185, 0.740722915999982 ], [ 36.900230476000047, 0.740855817000067 ], [ 36.901427017000174, 0.741085558000179 ], [ 36.902490025000191, 0.74121684500011 ], [ 36.902968063000117, 0.740506466 ], [ 36.903437677999989, 0.739747345000183 ], [ 36.903858545000105, 0.739109745000178 ], [ 36.904479351000134, 0.738527653000176 ], [ 36.905461725000066, 0.738288305000083 ], [ 36.90630939700003, 0.738380062000147 ], [ 36.907167424000079, 0.738174797000113 ], [ 36.908127785000033, 0.737387419000129 ], [ 36.90835714300016, 0.73617573100006 ], [ 36.907860627000105, 0.734930971000097 ], [ 36.907888928000091, 0.733546412000067 ], [ 36.908355539000013, 0.731459738000069 ], [ 36.909669321000024, 0.730310079000049 ], [ 36.91141503700004, 0.729599341000039 ], [ 36.912775925, 0.729462866 ], [ 36.914022186000011, 0.729253619000019 ], [ 36.915100767000183, 0.729133303000026 ], [ 36.916041592000113, 0.729645495000113 ], [ 36.916932376000148, 0.730766178000067 ], [ 36.916768858000069, 0.731798139999967 ], [ 36.917234328000063, 0.732695606000163 ], [ 36.917730217000155, 0.733596576000082 ], [ 36.918075706000025, 0.734716576000039 ], [ 36.918701155000178, 0.735933480000028 ], [ 36.9193526090001, 0.736720945000059 ], [ 36.919653955000172, 0.738155247000066 ], [ 36.920320479000054, 0.739333669000075 ], [ 36.921313764000104, 0.739920285000096 ], [ 36.922099021000122, 0.740269367000053 ], [ 36.923027793000074, 0.740577267000106 ], [ 36.923963585000024, 0.740949424000064 ], [ 36.925863811000056, 0.741002967000156 ], [ 36.92664726400011, 0.741185884000117 ], [ 36.927583599000059, 0.741304077000052 ], [ 36.928520463000154, 0.741573221000067 ], [ 36.929300100000091, 0.742835389000049 ], [ 36.93043553800004, 0.743276943000183 ], [ 36.93079515900007, 0.744529334000163 ], [ 36.930875286, 0.745836069 ], [ 36.931092727000134, 0.746838289000152 ], [ 36.931294787000184, 0.747829430000024 ], [ 36.93153285700015, 0.748645842000087 ], [ 36.932111195000061, 0.74968748200007 ], [ 36.932851728000117, 0.750911721000023 ], [ 36.933273705000147, 0.752070362999973 ], [ 36.933886778000158, 0.753195264000055 ], [ 36.934942305000163, 0.754054730000121 ], [ 36.935715481000045, 0.754029554000169 ], [ 36.93645110600005, 0.753575252000076 ], [ 36.937405815000091, 0.752640156000155 ], [ 36.938300286000128, 0.751554312 ], [ 36.939379716000076, 0.750181704000113 ], [ 36.940364802000033, 0.748830488000067 ], [ 36.941224736000152, 0.748235188000024 ], [ 36.942136065000113, 0.747816129000057 ], [ 36.943588904000194, 0.747149191000119 ], [ 36.944732240000064, 0.746622663000096 ], [ 36.946114059000138, 0.745936926000127 ], [ 36.947118266000132, 0.745153858000151 ], [ 36.94809686100001, 0.744538442000021 ], [ 36.9493827820001, 0.744354077000139 ], [ 36.950169589000097, 0.744472968000139 ], [ 36.951246681000043, 0.744893736000108 ], [ 36.95237594300005, 0.744728953000049 ], [ 36.953555054, 0.744544337000093 ], [ 36.95458565500013, 0.744398514000181 ], [ 36.956090324000172, 0.744274131999987 ], [ 36.95727333200017, 0.744255166000016 ], [ 36.958289419000153, 0.744388382000068 ], [ 36.959425078000038, 0.74444937100003 ], [ 36.96064613599998, 0.744362974000069 ], [ 36.961445214000037, 0.744123106000131 ], [ 36.962241007000046, 0.743886604000124 ], [ 36.96342412100006, 0.743577416999983 ], [ 36.96461462100018, 0.743271947000153 ], [ 36.965519302000132, 0.743175443000155 ], [ 36.966588174000151, 0.743156240000076 ], [ 36.967487369000025, 0.743482282000059 ], [ 36.968070938000039, 0.744209037000019 ], [ 36.968586491000167, 0.744899186000055 ], [ 36.969572274000143, 0.744738622000057 ], [ 36.970611378000115, 0.744775296000114 ], [ 36.971277931000088, 0.745297525000069 ], [ 36.972208073000161, 0.746124290000125 ], [ 36.972808672000042, 0.747094704000176 ], [ 36.973347368000191, 0.747886747000052 ], [ 36.974180794000063, 0.747848228000123 ], [ 36.974793495000029, 0.747226737000176 ], [ 36.975395320000189, 0.746697120000135 ], [ 36.976122404000137, 0.746123595000029 ], [ 36.976894958000059, 0.745577745000162 ], [ 36.978114407000191, 0.745285020000154 ], [ 36.979336261000185, 0.74543721800012 ], [ 36.980509872000027, 0.745608433000029 ], [ 36.982283454000083, 0.746118384 ], [ 36.983364887000107, 0.746453398000028 ], [ 36.984192281000162, 0.746725424000147 ], [ 36.985151785000141, 0.747014566000075 ], [ 36.986153361000049, 0.74730479800013 ], [ 36.987416674000087, 0.747634775000165 ], [ 36.988211377000027, 0.747792803000095 ], [ 36.989354899000091, 0.748025882000093 ], [ 36.990673798000103, 0.748284414000182 ], [ 36.992159068000035, 0.748842264000132 ], [ 36.992912580000052, 0.750052597000035 ], [ 36.993824507000113, 0.750975041000117 ], [ 36.995077525000056, 0.751492668000083 ], [ 36.996312460000183, 0.751516854000101 ], [ 36.997096028000158, 0.751444811999988 ], [ 36.998067022000043, 0.751380801000153 ], [ 36.99895844200006, 0.751227102000144 ], [ 36.999823383000148, 0.750987738000049 ], [ 37.001610683000024, 0.750949720000108 ], [ 37.00303639800012, 0.751266508000185 ], [ 37.004801364000173, 0.751858089 ], [ 37.008206986000062, 0.752708973999972 ], [ 37.009209920000046, 0.753302613000187 ], [ 37.010196659000087, 0.753818280000132 ], [ 37.011067599, 0.754334956000037 ], [ 37.011900556000114, 0.754722442000116 ], [ 37.012788727000157, 0.754691373000128 ], [ 37.013557197000125, 0.754847527000095 ], [ 37.014311124000074, 0.755386462 ], [ 37.015256925000074, 0.755868362000115 ], [ 37.016102169000192, 0.756274325 ], [ 37.016901555000118, 0.75652595300005 ], [ 37.017855095000129, 0.756858176000094 ], [ 37.01889453300015, 0.757208285000047 ], [ 37.019890786000076, 0.757527708000055 ], [ 37.021498111000085, 0.758196644000179 ], [ 37.022382128000118, 0.758550257000024 ], [ 37.023160787000165, 0.758819664000043 ], [ 37.024173813000175, 0.759177158000114 ], [ 37.025045074000047, 0.759473695000054 ], [ 37.026788913000189, 0.760026184000026 ], [ 37.02804696600009, 0.760478041 ], [ 37.029085536000025, 0.76086363100012 ], [ 37.030353228000138, 0.76134286000007 ], [ 37.032349957, 0.7620495540001 ], [ 37.033268110000051, 0.76237344499998 ], [ 37.034050424000156, 0.762654251000129 ], [ 37.036077601999978, 0.763350296999988 ], [ 37.041721280000104, 0.764715281000122 ], [ 37.042971326000156, 0.765161884000065 ], [ 37.044115202000114, 0.765702727000132 ], [ 37.046198095000079, 0.766707958000097 ], [ 37.047189177000178, 0.76719214000002 ], [ 37.049866945000076, 0.768562680000059 ], [ 37.051693275, 0.769659126000022 ], [ 37.052398435999976, 0.770042001000149 ], [ 37.053759529000104, 0.77074481600016 ], [ 37.05507559199998, 0.771361368000157 ], [ 37.056170334000171, 0.771957987000064 ], [ 37.05730823000016, 0.772506562000046 ], [ 37.05832961800013, 0.77276262700002 ], [ 37.058814529000188, 0.772134584000185 ], [ 37.059231699000065, 0.771283733000075 ], [ 37.059766963000129, 0.770344797000178 ], [ 37.060059666000086, 0.769427138000026 ], [ 37.060593761000121, 0.768259585000123 ], [ 37.062124327000106, 0.76747612600002 ], [ 37.063222413, 0.767049513000188 ], [ 37.064467040000068, 0.766635705000056 ], [ 37.066018218000181, 0.766419665000114 ], [ 37.066869906000136, 0.766346612 ], [ 37.067792777000193, 0.766491370000097 ], [ 37.069031095000128, 0.766846558000168 ], [ 37.06968035500006, 0.767607777000023 ], [ 37.069872653000118, 0.769097412000065 ], [ 37.070112382000161, 0.770557088000032 ], [ 37.070236416000114, 0.771466665999981 ], [ 37.070378104000099, 0.772725055000137 ], [ 37.070138717000134, 0.774055077000014 ], [ 37.069863028000157, 0.775045674000182 ], [ 37.069746017000114, 0.776050985000154 ], [ 37.070037379999974, 0.777425853000011 ], [ 37.070411990000082, 0.778435290000175 ], [ 37.071572494000179, 0.779017783000143 ], [ 37.072900582000102, 0.779480630000137 ], [ 37.073971831, 0.779824709000081 ], [ 37.074920961000032, 0.780063831000177 ], [ 37.075932813000065, 0.780280934000075 ], [ 37.076752309000028, 0.780443610000077 ], [ 37.077741827000182, 0.780672314000128 ], [ 37.079066270999988, 0.780890597 ], [ 37.079988643000092, 0.781172933000107 ], [ 37.081141047000074, 0.781483908000155 ], [ 37.082285812, 0.781784161000019 ], [ 37.083211259000109, 0.781982059000086 ], [ 37.084183544000041, 0.782364422000171 ], [ 37.085035145000063, 0.782628867000142 ], [ 37.086236150000047, 0.782898865999982 ], [ 37.087428194000097, 0.782983238000043 ], [ 37.088284519000126, 0.782901693000156 ], [ 37.090016165000065, 0.782825767000077 ], [ 37.091322528000035, 0.783055523999963 ], [ 37.092258439000148, 0.78352585 ], [ 37.092925499000103, 0.784372108000014 ], [ 37.093477873000154, 0.784911026000032 ], [ 37.09432915400015, 0.785387913000136 ], [ 37.095175649999987, 0.78575286500012 ], [ 37.096270399000105, 0.786179526000183 ], [ 37.097356607000052, 0.786473762000185 ], [ 37.098123401000123, 0.786645777000103 ], [ 37.099113714000055, 0.786918231000129 ], [ 37.100143776000039, 0.78742889199998 ], [ 37.101224344000059, 0.787557935000109 ], [ 37.10243751500019, 0.787608373000182 ], [ 37.103665119000141, 0.787215724000134 ], [ 37.104431227000134, 0.78686720900015 ], [ 37.105441305000056, 0.786726150000106 ], [ 37.106403669000088, 0.786438844000145 ], [ 37.106847531000028, 0.785333576000028 ], [ 37.10713468299997, 0.784338923000064 ], [ 37.107399612000165, 0.783380501000124 ], [ 37.1077522, 0.782344555000066 ], [ 37.108374281000067, 0.781571548000102 ], [ 37.109217850000107, 0.780869494000115 ], [ 37.110324874000071, 0.780707065000115 ], [ 37.111194140000066, 0.781121477000113 ], [ 37.11183985100007, 0.781561251000085 ], [ 37.11250282900005, 0.782008433000101 ], [ 37.11360771000011, 0.782637379000107 ], [ 37.114890423000077, 0.783100971000124 ], [ 37.116590551000058, 0.782890748000057 ], [ 37.11735272400017, 0.782020152000143 ], [ 37.117807222000124, 0.781341154000074 ], [ 37.118623150000133, 0.780372001000103 ], [ 37.119490370000108, 0.779595997000172 ], [ 37.120535814000107, 0.77888771400012 ], [ 37.121333870000058, 0.778519263000078 ], [ 37.122289788000103, 0.778115102000129 ], [ 37.123209161000034, 0.777523575000146 ], [ 37.123988208000128, 0.77636382999998 ], [ 37.124246063000044, 0.775513873000136 ], [ 37.124506061000034, 0.774442436000186 ], [ 37.124794647000101, 0.773350602000107 ], [ 37.125215706000063, 0.772137241000166 ], [ 37.12575187900012, 0.771026844 ], [ 37.125941174000047, 0.769931102000157 ], [ 37.126032798000153, 0.768618323000112 ], [ 37.126169459000039, 0.76769470500011 ], [ 37.126930924000021, 0.766407362000052 ], [ 37.127625306000141, 0.765914116000147 ], [ 37.128500095000106, 0.765504342000156 ], [ 37.130000461000066, 0.764756001000137 ], [ 37.131207538000069, 0.763735170000132 ], [ 37.131818146000114, 0.76285695100006 ], [ 37.132401990000119, 0.762118814000132 ], [ 37.133395330000042, 0.761028994000071 ], [ 37.134367301999987, 0.759951698000066 ], [ 37.13561467400018, 0.759632441000065 ], [ 37.136752787000091, 0.759741325000164 ], [ 37.137872030999972, 0.759926130999986 ], [ 37.139059339000028, 0.760197793000088 ], [ 37.139930567000135, 0.760404987000186 ], [ 37.140702695000073, 0.760592429999974 ], [ 37.141542528, 0.760642762999964 ], [ 37.142309933000035, 0.760688427000048 ], [ 37.143186041000035, 0.760682167000027 ], [ 37.14404584600004, 0.760550366000075 ], [ 37.145361315000059, 0.760224869000012 ], [ 37.146590251000134, 0.760002525000118 ], [ 37.148086564000039, 0.760416417000101 ], [ 37.149206817000106, 0.760719419000111 ], [ 37.15001163900007, 0.760922785000048 ], [ 37.150354438000136, 0.76011596799998 ], [ 37.15043321100012, 0.758919880000178 ], [ 37.150437026000191, 0.757999599000129 ], [ 37.15055190400011, 0.757048167000107 ], [ 37.150875619000146, 0.756179674000066 ], [ 37.151037046999988, 0.755201917000079 ], [ 37.151108362000116, 0.754217450000112 ], [ 37.15355482800004, 0.753670721000049 ], [ 37.154570579000165, 0.753644441 ], [ 37.156707801999971, 0.753657221000026 ], [ 37.157579071000043, 0.753590877000022 ], [ 37.158342703000187, 0.753448124000045 ], [ 37.15962467200012, 0.753078011000071 ], [ 37.160637834000113, 0.752651535000098 ], [ 37.161391246000051, 0.752097354000171 ], [ 37.16199408600005, 0.751216221 ], [ 37.162174629000162, 0.74951669100011 ], [ 37.162287225000057, 0.748254366000026 ], [ 37.162679699000194, 0.747416903000101 ], [ 37.1630802950001, 0.746650119000037 ], [ 37.163748080000062, 0.745597608000082 ], [ 37.164407698000105, 0.744599565000044 ], [ 37.165206344000069, 0.743801733000112 ], [ 37.166374470999983, 0.743636186000174 ], [ 37.167772985000056, 0.74357923499997 ], [ 37.168836745000192, 0.743671540999969 ], [ 37.170349103000092, 0.74387889500008 ], [ 37.171219332000021, 0.744459259000166 ], [ 37.171946095000067, 0.745477534000088 ], [ 37.173231047000115, 0.745931838000047 ], [ 37.174691923000012, 0.745911285000034 ], [ 37.176273883000192, 0.745643879999989 ], [ 37.177284260000192, 0.74488820800002 ], [ 37.177835752000192, 0.744266296999967 ], [ 37.178457464000132, 0.74379984300009 ], [ 37.179523395000103, 0.743355032000181 ], [ 37.180491729000096, 0.743238318000124 ], [ 37.181514488000118, 0.743478596000102 ], [ 37.182500361000052, 0.743683633999979 ], [ 37.183490494000182, 0.743913484000188 ], [ 37.184312122000108, 0.744158892000087 ], [ 37.185351064000088, 0.744444085000111 ], [ 37.186268621000067, 0.744635318000064 ], [ 37.187071250000145, 0.744773814000155 ], [ 37.187882419, 0.744970434999971 ], [ 37.18860703200005, 0.745220441000072 ], [ 37.189857092000068, 0.745540291000054 ], [ 37.191173245000186, 0.745690201 ], [ 37.192230814000027, 0.745816834000095 ], [ 37.193336111000065, 0.746171084000139 ], [ 37.19436582100019, 0.746665693000068 ], [ 37.19518651900006, 0.746861654000043 ], [ 37.196064900000181, 0.746978468000123 ], [ 37.197334778000084, 0.747125888000085 ], [ 37.198517085000105, 0.747151166000037 ], [ 37.199814482000079, 0.747148402000164 ], [ 37.200699799000063, 0.747088701000109 ], [ 37.201876887000083, 0.74700376800007 ], [ 37.203129163000142, 0.746687517000112 ], [ 37.204046593000044, 0.74602175800004 ], [ 37.204380909000179, 0.745214138000165 ], [ 37.204542779000064, 0.74420391100017 ], [ 37.20486670300005, 0.743124284000089 ], [ 37.205575743000111, 0.742517978000024 ], [ 37.20628312499997, 0.742264348000162 ], [ 37.207141663000129, 0.742343062000089 ], [ 37.208045960000106, 0.742416935999984 ], [ 37.209120963000146, 0.742160888000114 ], [ 37.210027485000182, 0.741657115000123 ], [ 37.210778160000018, 0.741268779000109 ], [ 37.211928533999981, 0.740773820000129 ], [ 37.213031589000082, 0.740420179000068 ], [ 37.213838250000094, 0.740195601000153 ], [ 37.214697742000169, 0.740087114000119 ], [ 37.215509562000193, 0.740010734000066 ], [ 37.216286883000123, 0.740040197999974 ], [ 37.217084816000124, 0.740167839000151 ], [ 37.217859208000107, 0.740267255000049 ], [ 37.218767900000103, 0.740394938 ], [ 37.219942138000135, 0.741046574000109 ], [ 37.220857321000096, 0.74194018500009 ], [ 37.221537020000085, 0.742478333 ], [ 37.222480798000049, 0.743165084999987 ], [ 37.223843370000168, 0.744040191000124 ], [ 37.224856397000053, 0.744643341000085 ], [ 37.225774591000174, 0.745200676000138 ], [ 37.226478905000135, 0.745877826000026 ], [ 37.227239722000149, 0.746659013000055 ], [ 37.228030727000146, 0.74801147400018 ], [ 37.228719130000172, 0.749122054000054 ], [ 37.229455368000117, 0.749744942000063 ], [ 37.230259876000105, 0.750351513000055 ], [ 37.231410038000035, 0.751007256000037 ], [ 37.232414315000085, 0.751214953999977 ], [ 37.23355728000007, 0.751542446000087 ], [ 37.234468244000141, 0.751795731000186 ], [ 37.235164524000027, 0.752322077000031 ], [ 37.235736307000138, 0.753215255000043 ], [ 37.236085022000168, 0.753995703000157 ], [ 37.236568482000166, 0.755140200000085 ], [ 37.237449998000102, 0.756150997000134 ], [ 37.238657814000192, 0.756967879 ], [ 37.239939700000036, 0.757407684999976 ], [ 37.24099424100018, 0.757973347000075 ], [ 37.241543639000156, 0.758511671000065 ], [ 37.242121159000135, 0.759272398000178 ], [ 37.243266643000084, 0.760796162000133 ], [ 37.244073648000153, 0.761900470000057 ], [ 37.244668286000149, 0.762754539000071 ], [ 37.245472384000038, 0.763261993000128 ], [ 37.246426349000046, 0.763793722000173 ], [ 37.247550382000043, 0.76407628100003 ], [ 37.248340607000159, 0.764177067 ], [ 37.249470002000066, 0.764142149000122 ], [ 37.25064954100003, 0.764174386000036 ], [ 37.252079380000112, 0.76446000500016 ], [ 37.253224453000087, 0.764782917000048 ], [ 37.254170723000072, 0.764857038000059 ], [ 37.255125020000094, 0.764737137000168 ], [ 37.256207232000065, 0.764641294000171 ], [ 37.256950178000068, 0.764411216000099 ], [ 37.258071663000067, 0.763625357000024 ], [ 37.25879326400019, 0.762574201000064 ], [ 37.259449241000027, 0.761982916000079 ], [ 37.260355213000025, 0.761172880000061 ], [ 37.260998466000046, 0.760582661000171 ], [ 37.261476277000043, 0.759951216000047 ], [ 37.261949922000042, 0.759334854000031 ], [ 37.262583372000051, 0.758755867000161 ], [ 37.26343089400001, 0.758229536000044 ], [ 37.264215420000085, 0.757665310000107 ], [ 37.26475789400007, 0.757106488000034 ], [ 37.26541351100019, 0.75615758400005 ], [ 37.266181690000053, 0.75505483000012 ], [ 37.266937320000068, 0.754008354 ], [ 37.267953082000076, 0.753054332000147 ], [ 37.268716741000105, 0.752542457000175 ], [ 37.269623719000037, 0.752040992000161 ], [ 37.270721189000085, 0.751184266000109 ], [ 37.271514660999969, 0.750245614000107 ], [ 37.27184757200007, 0.749152725000158 ], [ 37.272422988000073, 0.747545003000027 ], [ 37.273006919000181, 0.746357570999976 ], [ 37.273716380000167, 0.745700620000093 ], [ 37.274885579, 0.744909849000123 ], [ 37.275878443000124, 0.744216049999977 ], [ 37.277047446000097, 0.743411583000125 ], [ 37.278804311000044, 0.742182727000056 ], [ 37.28067078100014, 0.741066026000112 ], [ 37.281873797, 0.740407568000023 ], [ 37.283079134, 0.739951413000028 ], [ 37.284390894000182, 0.739605665 ], [ 37.285692180000012, 0.739260308000098 ], [ 37.286665941000024, 0.738874384000155 ], [ 37.287480782000046, 0.738494594000031 ], [ 37.288565714000129, 0.7377583170001 ], [ 37.289111008000134, 0.736781566000047 ], [ 37.289559681000185, 0.735429446000069 ], [ 37.289734351000106, 0.734137708000105 ], [ 37.289913211000112, 0.733050293000133 ], [ 37.290556765000076, 0.731993483000053 ], [ 37.291311955000026, 0.731233114000133 ], [ 37.291955382000083, 0.730665376000047 ], [ 37.292917337000176, 0.729955864000146 ], [ 37.293862871000101, 0.729145590999963 ], [ 37.294494148000183, 0.728308538000078 ], [ 37.295654415000172, 0.726961399000118 ], [ 37.296250182000165, 0.726232197000172 ], [ 37.296770446000039, 0.725597705000041 ], [ 37.297980322000171, 0.724232465000057 ], [ 37.298514706000105, 0.723579671000039 ], [ 37.299152427000024, 0.722730656000067 ], [ 37.299801284000182, 0.721681137000189 ], [ 37.300331795000091, 0.720361018000119 ], [ 37.300556096000093, 0.719458653000174 ], [ 37.300880020000079, 0.718084683000143 ], [ 37.301174942000159, 0.717096813000126 ], [ 37.301495227000089, 0.716105745 ], [ 37.301751546000048, 0.715371379000032 ], [ 37.301993046000177, 0.714526055000078 ], [ 37.302302682, 0.713320197000087 ], [ 37.302684105000026, 0.712105757000188 ], [ 37.303132267000194, 0.711179063000031 ], [ 37.303568896000172, 0.710339574000159 ], [ 37.303969534000089, 0.709476083000027 ], [ 37.304357375000109, 0.708000819000176 ], [ 37.304434783000147, 0.706717491 ], [ 37.304446227000028, 0.70593623700006 ], [ 37.30471366400019, 0.705122012000118 ], [ 37.305620389000183, 0.703937365000058 ], [ 37.306877503000067, 0.703103727000155 ], [ 37.307709306000106, 0.702410149000173 ], [ 37.308303846000058, 0.701075797000044 ], [ 37.30855193400015, 0.700167527000076 ], [ 37.308799624000073, 0.699208547000126 ], [ 37.309114368000166, 0.698355869000068 ], [ 37.309951807000061, 0.696969477000096 ], [ 37.310336407000136, 0.696031996000102 ], [ 37.310600596000029, 0.695163932000014 ], [ 37.310847501000126, 0.694404134000024 ], [ 37.311486266000145, 0.692549966000115 ], [ 37.312158667000062, 0.691090847999988 ], [ 37.312491713000099, 0.690228079000121 ], [ 37.312775007000084, 0.689210609000099 ], [ 37.313212719000092, 0.687766441000178 ], [ 37.314214114000038, 0.685890559000029 ], [ 37.314726529999973, 0.68516427600008 ], [ 37.315854738999974, 0.683577160000027 ], [ 37.316416915000161, 0.682827532000033 ], [ 37.317190015000165, 0.681850910000037 ], [ 37.317745569000124, 0.681245230000172 ], [ 37.318797108000183, 0.680117035000023 ], [ 37.319550233000029, 0.679175685000075 ], [ 37.31999563200003, 0.678158689000156 ], [ 37.320244037000066, 0.677232908 ], [ 37.320605089000139, 0.676153271000146 ], [ 37.321542195, 0.675046230000135 ], [ 37.322393660000046, 0.674046994000037 ], [ 37.3230094110001, 0.67280908500004 ], [ 37.323371935000068, 0.672000411000056 ], [ 37.323840083000107, 0.670936269000151 ], [ 37.324580090000097, 0.669561981000129 ], [ 37.325369069000089, 0.668231431000152 ], [ 37.325533583000038, 0.667251282000166 ], [ 37.32554110600006, 0.666285133000031 ], [ 37.325549587000125, 0.665496504000089 ], [ 37.325591129000031, 0.664518580000163 ], [ 37.325675881000109, 0.662961607000057 ], [ 37.325793502000124, 0.661030438000068 ], [ 37.325890731000129, 0.660237481000081 ], [ 37.326488876000155, 0.659461213000156 ], [ 37.327681053999981, 0.658072674000096 ], [ 37.329370295000047, 0.656261585999971 ], [ 37.329940722000117, 0.655585341000062 ], [ 37.330188097000075, 0.654754736000029 ], [ 37.330679384000121, 0.653026131000104 ], [ 37.331303560000038, 0.651946305000081 ], [ 37.332375260000106, 0.651168656000152 ], [ 37.335971908000147, 0.649868089999984 ], [ 37.338682814000094, 0.649195007000174 ], [ 37.340027620000171, 0.648844612000062 ], [ 37.340809153000066, 0.64837322000011 ], [ 37.341594132000125, 0.647715896000079 ], [ 37.342180477000056, 0.647128518000159 ], [ 37.342482527000129, 0.646245593 ], [ 37.342676934000167, 0.645064831000013 ], [ 37.342631502000131, 0.643426809000061 ], [ 37.342645327000128, 0.642491540000037 ], [ 37.342628477000176, 0.641637279000122 ], [ 37.342805947000102, 0.640755944000091 ], [ 37.343031429000121, 0.640000996000026 ], [ 37.343658592000054, 0.639385129000118 ], [ 37.344667501000117, 0.638408617000152 ], [ 37.345895926000026, 0.63704012900007 ], [ 37.346883190000028, 0.635978017000127 ], [ 37.347475206000183, 0.634972411000035 ], [ 37.347958539999979, 0.634018112000035 ], [ 37.348401599000169, 0.632730197000171 ], [ 37.348382235000145, 0.631407499000147 ], [ 37.348351717000128, 0.630396247000135 ], [ 37.348328829000025, 0.629545902000018 ], [ 37.34855312000019, 0.628792403000148 ], [ 37.348924262000139, 0.627989436 ], [ 37.349583750000193, 0.626926068000159 ], [ 37.350555198000109, 0.625987249 ], [ 37.351402403000122, 0.625349950000157 ], [ 37.352229421000175, 0.624599870000054 ], [ 37.352711737000106, 0.623346122000044 ], [ 37.352869524000084, 0.622020461999966 ], [ 37.352632126000174, 0.620831525000085 ], [ 37.352319868000109, 0.619861951000189 ], [ 37.351982780000071, 0.618765600000131 ], [ 37.351840962000097, 0.617371834000096 ], [ 37.351932156000146, 0.616420861000051 ], [ 37.352093807000131, 0.615606214000024 ], [ 37.352374728000029, 0.614810657000021 ], [ 37.353167025000118, 0.612400763000096 ], [ 37.353728813000032, 0.61048007300019 ], [ 37.353972686000077, 0.609558100000186 ], [ 37.354093004000049, 0.608645121000052 ], [ 37.354194883000048, 0.607763175000116 ], [ 37.354260370000077, 0.606323454000062 ], [ 37.354167770000061, 0.605124483000111 ], [ 37.354085398000166, 0.604289693000112 ], [ 37.353968318000057, 0.602700363000054 ], [ 37.354312897000057, 0.601652384000147 ], [ 37.355194092000033, 0.601128876000132 ], [ 37.356703629000151, 0.600955493000129 ], [ 37.357930302000113, 0.600848063000115 ], [ 37.359689431000106, 0.600756089000129 ], [ 37.361871643000029, 0.600597728000082 ], [ 37.363011491000179, 0.600212776000035 ], [ 37.36366122000004, 0.599774273999969 ], [ 37.363815820000184, 0.599005599000066 ], [ 37.3640542710001, 0.597251238000126 ], [ 37.364000498000053, 0.595422093000025 ], [ 37.363889422000057, 0.594423588000097 ], [ 37.363801899, 0.593573003000188 ], [ 37.363718841999969, 0.592655347000118 ], [ 37.363629572000093, 0.591516476000095 ], [ 37.363875415000052, 0.590134229000057 ], [ 37.364448558000163, 0.588845988000116 ], [ 37.36540635199998, 0.588185287000101 ], [ 37.36624998700006, 0.587789642000132 ], [ 37.367365070000062, 0.587619459000166 ], [ 37.368725217000076, 0.587879189000148 ], [ 37.369617461000189, 0.58826429100003 ], [ 37.370626065000124, 0.588716180000063 ], [ 37.371890510000014, 0.589012155000091 ], [ 37.372931846000029, 0.589069292000147 ], [ 37.373895373000096, 0.588345288000085 ], [ 37.375272987000017, 0.587141237000026 ], [ 37.376089531000105, 0.586497460000146 ], [ 37.377368803000081, 0.585619589999965 ], [ 37.379157480000174, 0.58444001099997 ], [ 37.380679607000104, 0.583786820000057 ], [ 37.381754199, 0.583484923000185 ], [ 37.382482635000088, 0.583132942000134 ], [ 37.38315714800018, 0.582643446000134 ], [ 37.384565807000115, 0.581652567000106 ], [ 37.385872002000099, 0.580729450000035 ], [ 37.387186737000093, 0.579880216000106 ], [ 37.388101203000076, 0.579166029000078 ], [ 37.389031076000038, 0.578539825000121 ], [ 37.389796041000182, 0.578117974000122 ], [ 37.390708923000034, 0.578046596999968 ], [ 37.392456055000139, 0.578004963000126 ], [ 37.393314495000141, 0.578092103000017 ], [ 37.394310466000036, 0.578427819000069 ], [ 37.395153839999978, 0.578688482000075 ], [ 37.395959243000107, 0.578958183999987 ], [ 37.396864963000098, 0.579266301000189 ], [ 37.398334313000134, 0.579699813 ], [ 37.399304876000087, 0.579878107000184 ], [ 37.400212445000136, 0.579837030000078 ], [ 37.40113174600009, 0.579718956000079 ], [ 37.402327300000024, 0.579630064000185 ], [ 37.403755623, 0.579827589000104 ], [ 37.404931585000156, 0.580215553000016 ], [ 37.406257903000096, 0.580703454000172 ], [ 37.407480046000046, 0.581032728000082 ], [ 37.408752595000124, 0.580970283000113 ], [ 37.409808871000109, 0.580813642000066 ], [ 37.411071790000051, 0.580600868000033 ], [ 37.41208114200009, 0.580472009000118 ], [ 37.41299793200011, 0.580735673000106 ], [ 37.41422149400006, 0.581142392000061 ], [ 37.415263653000068, 0.58140432099998 ], [ 37.416218375000028, 0.58150765400012 ], [ 37.417689683000049, 0.581412274 ], [ 37.419663400000047, 0.580954495000071 ], [ 37.420654012000114, 0.580744535000122 ], [ 37.422222137000119, 0.580625534000148 ], [ 37.424187911000047, 0.580608766000182 ], [ 37.42497399400014, 0.581348455000182 ], [ 37.425786855000183, 0.582462227000121 ], [ 37.426825266000037, 0.58333353900008 ], [ 37.427844211000036, 0.58424897499998 ], [ 37.428897858000084, 0.58480578700005 ], [ 37.429836273000035, 0.584686816000044 ], [ 37.430635189000043, 0.584279128000105 ], [ 37.431255164000106, 0.583786299000053 ], [ 37.432152903000031, 0.582925519000071 ], [ 37.433732147000114, 0.582307238000169 ], [ 37.434438613000168, 0.58200621900005 ], [ 37.435269829000163, 0.581447596000089 ], [ 37.436202724000168, 0.580957273000138 ], [ 37.437437404000036, 0.581022602000132 ], [ 37.438541819000193, 0.581608077000169 ], [ 37.439469363000171, 0.582588470000189 ], [ 37.440037212, 0.583247284000151 ], [ 37.440819368000064, 0.583421455000064 ], [ 37.442270275000112, 0.583467516000098 ], [ 37.443449249000139, 0.583034534000149 ], [ 37.444181481000157, 0.582640371000139 ], [ 37.444988550000062, 0.582226685000023 ], [ 37.446206942000174, 0.581699079000032 ], [ 37.447315115000094, 0.581929309000088 ], [ 37.448818225000139, 0.58265711700011 ], [ 37.449979764000034, 0.583205276000058 ], [ 37.451273559000072, 0.583785543000033 ], [ 37.452137771000139, 0.584188768000047 ], [ 37.452964568000084, 0.584542138000188 ], [ 37.453756962999989, 0.584969718000025 ], [ 37.455070332000048, 0.585685584000089 ], [ 37.456915020999986, 0.586437013000022 ], [ 37.458056397000121, 0.586735915000077 ], [ 37.45956315300009, 0.586955161999981 ], [ 37.460417569000072, 0.587053429000036 ], [ 37.461513199000137, 0.587363307000089 ], [ 37.462490014000025, 0.588507106000122 ], [ 37.463260478000052, 0.589554064000083 ], [ 37.464454896000063, 0.591312641 ], [ 37.464912048000087, 0.591928445000178 ], [ 37.465594168000052, 0.592752871000187 ], [ 37.466217809, 0.593403635000186 ], [ 37.467069793000178, 0.593750870000065 ], [ 37.468748540000092, 0.594235091999963 ], [ 37.469527862000064, 0.594342942000026 ], [ 37.471023463999984, 0.594177097000056 ], [ 37.472092805000102, 0.593492769000079 ], [ 37.473280736000106, 0.592338494000103 ], [ 37.474534795000181, 0.591097340000033 ], [ 37.475268743000186, 0.590339132000054 ], [ 37.476102963000073, 0.589908102999971 ], [ 37.47769326100007, 0.589460843000097 ], [ 37.479380497000193, 0.589314968 ], [ 37.480320775, 0.589303763999965 ], [ 37.482375797000032, 0.590852134000045 ], [ 37.484250603000078, 0.590619994000178 ], [ 37.485340779000069, 0.590710828000056 ], [ 37.487162041000147, 0.59076518300003 ], [ 37.489279797, 0.590897532000042 ], [ 37.490377967000086, 0.590630397000041 ], [ 37.49144115200005, 0.590156876000037 ], [ 37.492653757000141, 0.588789538000071 ], [ 37.492962354000156, 0.587481041000046 ], [ 37.493011491000061, 0.586257531000115 ], [ 37.492596560000095, 0.58514182600004 ], [ 37.491567171000099, 0.583281426000156 ], [ 37.490976805000116, 0.582202182 ], [ 37.490432049000162, 0.580899256 ], [ 37.490870983000036, 0.579754999000102 ], [ 37.491412032000142, 0.579129561000059 ], [ 37.492351465000127, 0.578643429000181 ], [ 37.493823017000068, 0.578092013 ], [ 37.494668697, 0.577822261000108 ], [ 37.495446923000145, 0.577659084000175 ], [ 37.497157010000137, 0.577385244000084 ], [ 37.497975873000087, 0.577252669000018 ], [ 37.498737625000103, 0.577111794000189 ], [ 37.500124316000154, 0.57676826900007 ], [ 37.500873953999985, 0.576605471000107 ], [ 37.501813619000018, 0.576297109 ], [ 37.502753791000032, 0.575826232000054 ], [ 37.50361547000017, 0.575325314000168 ], [ 37.504360271000053, 0.574662033999971 ], [ 37.504806006000081, 0.573918714000115 ], [ 37.505461549000074, 0.572633826000072 ], [ 37.506163217000051, 0.571624414000041 ], [ 37.506744832000095, 0.570945331000075 ], [ 37.507643771000119, 0.570534259000169 ], [ 37.508983519000139, 0.570046209999987 ], [ 37.510599539000111, 0.569509096000161 ], [ 37.511484989000166, 0.569227184999988 ], [ 37.512789593000093, 0.568764430000158 ], [ 37.51402868700012, 0.568211502000054 ], [ 37.51514577800009, 0.567909931000088 ], [ 37.516291292000062, 0.568584185000077 ], [ 37.51728064100007, 0.569525708000072 ], [ 37.518075416000045, 0.570182573000181 ], [ 37.519473194000057, 0.570910033000132 ], [ 37.520521573, 0.571350021000114 ], [ 37.521298512999977, 0.571471442000131 ], [ 37.522120680000057, 0.57152198100016 ], [ 37.522931582000012, 0.571542758000021 ], [ 37.523859956000081, 0.571329730000173 ], [ 37.524786168000162, 0.571043406000058 ], [ 37.525505363000093, 0.57035249300003 ], [ 37.526268764000122, 0.569535190000181 ], [ 37.526871405000122, 0.568938537000122 ], [ 37.52809368100003, 0.568042352000134 ], [ 37.52939329700007, 0.567531103000022 ], [ 37.530662509000138, 0.567142919000048 ], [ 37.532068579999986, 0.566833623000036 ], [ 37.533341913000129, 0.567096876000051 ], [ 37.534651923000126, 0.568167383000059 ], [ 37.535490934000052, 0.569475763000128 ], [ 37.536105909000185, 0.570526518000122 ], [ 37.536694985000111, 0.571856633000152 ], [ 37.536997112000108, 0.572617798000124 ], [ 37.537398389000032, 0.573415235000141 ], [ 37.538214342000117, 0.57463798800012 ], [ 37.538838478000059, 0.575222904000043 ], [ 37.539605272000074, 0.575788676000116 ], [ 37.540735252000161, 0.576540274000138 ], [ 37.541523307000091, 0.57700560000012 ], [ 37.542484826000134, 0.577514392000126 ], [ 37.543207296000048, 0.577978742000141 ], [ 37.54427877500018, 0.578606699000147 ], [ 37.545039360000146, 0.578852017000031 ], [ 37.546261468000182, 0.578536942000142 ], [ 37.547085353000057, 0.577696116000027 ], [ 37.547723437000059, 0.576967947000071 ], [ 37.54849174400016, 0.576121086000114 ], [ 37.549299308000172, 0.575448560000041 ], [ 37.550316184999986, 0.574648276000119 ], [ 37.550999297000033, 0.574208391000013 ], [ 37.552354110000124, 0.573481872000059 ], [ 37.553274022000039, 0.573057158000097 ], [ 37.554299573000094, 0.57261918800009 ], [ 37.55517751400015, 0.572200330000044 ], [ 37.556080251000139, 0.571872447000032 ], [ 37.557387751000135, 0.571680115999982 ], [ 37.558606733000147, 0.571806486000185 ], [ 37.559666752000169, 0.57204547900011 ], [ 37.561564603000079, 0.572675516000118 ], [ 37.562994353000079, 0.573108956000112 ], [ 37.564043741000035, 0.573105472000179 ], [ 37.565105170000038, 0.57238999600014 ], [ 37.565822344000026, 0.571853432000125 ], [ 37.566825533000156, 0.572108218999972 ], [ 37.568177527000103, 0.572492239000155 ], [ 37.569153573000051, 0.572820636000074 ], [ 37.57039853800012, 0.573324975000105 ], [ 37.571703156000069, 0.573927352000112 ], [ 37.572688417000109, 0.574816703000067 ], [ 37.573475188000145, 0.575443545999974 ], [ 37.574343364000185, 0.575514933000136 ], [ 37.575676741000109, 0.575379060000159 ], [ 37.576793752000071, 0.575131869000074 ], [ 37.577866570000026, 0.574849689000132 ], [ 37.57909335800008, 0.57439421600003 ], [ 37.579963907000092, 0.574133021000023 ], [ 37.580761118000055, 0.574506082000084 ], [ 37.58146043500011, 0.575123585000085 ], [ 37.582002905000081, 0.575753954000106 ], [ 37.58240140099997, 0.577006932000018 ], [ 37.582463328000074, 0.579009761000123 ], [ 37.582206512000141, 0.580699401000118 ], [ 37.581931948000147, 0.581817097000055 ], [ 37.581610882000064, 0.583076717000154 ], [ 37.58151605900008, 0.58400299300007 ], [ 37.581461251000178, 0.585507594000148 ], [ 37.581683541000075, 0.587372232000064 ], [ 37.581888452999976, 0.588175538999963 ], [ 37.582557679000104, 0.588867784000172 ], [ 37.583636847000093, 0.588886281000157 ], [ 37.58455665200006, 0.589058098000066 ], [ 37.585512671, 0.58898826300009 ], [ 37.58674766300004, 0.588848965000125 ], [ 37.588256497000032, 0.588743208000153 ], [ 37.589525843000047, 0.588890343000173 ], [ 37.590727074000085, 0.589232455000058 ], [ 37.591381753000178, 0.589701368000021 ], [ 37.592585170000177, 0.590593022000064 ], [ 37.593189391000124, 0.5910626430001 ], [ 37.594270683000104, 0.591874998000094 ], [ 37.595362248000072, 0.592399457000056 ], [ 37.596114995000107, 0.592675246000056 ], [ 37.597208570000078, 0.592666048000183 ], [ 37.598138955000024, 0.592612266000174 ], [ 37.599173748000112, 0.592468459000088 ], [ 37.600541740000153, 0.592075393000073 ], [ 37.601356294000084, 0.591779989000145 ], [ 37.602574429000072, 0.591518367000162 ], [ 37.603821871000036, 0.591706133000059 ], [ 37.605265526000039, 0.59219197900012 ], [ 37.606348531000037, 0.592925126000125 ], [ 37.607351715000107, 0.593726972000013 ], [ 37.608080250000057, 0.594318054000098 ], [ 37.609177930000101, 0.59513383400008 ], [ 37.61037938000004, 0.595915268000056 ], [ 37.611501030000113, 0.596330112000146 ], [ 37.612439063000181, 0.596658091000165 ], [ 37.613359041000081, 0.597043712000186 ], [ 37.614214171000185, 0.597566085000153 ], [ 37.615209569000115, 0.598196106000159 ], [ 37.615947838000181, 0.598916748000079 ], [ 37.616453979000028, 0.599768729000175 ], [ 37.61692113100014, 0.60044528100002 ], [ 37.61791785700018, 0.600973218999968 ], [ 37.618958115999988, 0.600857711 ], [ 37.619943873000125, 0.600473919000081 ], [ 37.620795773999987, 0.60010040700007 ], [ 37.621771943000056, 0.599646372000052 ], [ 37.622770471000081, 0.599250708 ], [ 37.623816317000092, 0.599466854000127 ], [ 37.625043002000041, 0.600100873000088 ], [ 37.626097138000034, 0.600866293000024 ], [ 37.626764469000136, 0.601327930000082 ], [ 37.627675518999979, 0.600908705000165 ], [ 37.628673634000052, 0.600174442000082 ], [ 37.629493682000088, 0.599050173000023 ], [ 37.630358895000143, 0.597941226000046 ], [ 37.632089967000013, 0.597679864000042 ], [ 37.63305672700011, 0.598078375000114 ], [ 37.634255804000077, 0.59882292400016 ], [ 37.635149424000133, 0.599699559000101 ], [ 37.63580298200003, 0.600426795999965 ], [ 37.636321697000028, 0.60154718400014 ], [ 37.636679891000028, 0.60259034000012 ], [ 37.636635059000071, 0.603755927000179 ], [ 37.636386390000155, 0.605304436000154 ], [ 37.636316485000179, 0.606517375000067 ], [ 37.636347576000162, 0.607528595000076 ], [ 37.636664685000028, 0.608417722000183 ], [ 37.637136063000128, 0.609332286000154 ], [ 37.638233284000194, 0.610512204000088 ], [ 37.638968795000039, 0.611175578000086 ], [ 37.639812392000124, 0.611842812000077 ], [ 37.640591006000079, 0.612388200000055 ], [ 37.64155552800014, 0.613045954000143 ], [ 37.642385507000142, 0.61515953300011 ], [ 37.641557762000105, 0.615294426 ], [ 37.640593575000025, 0.615004213000077 ], [ 37.639444835000177, 0.614771931 ], [ 37.638312988000052, 0.61511180399998 ], [ 37.638008034000052, 0.616008490000127 ], [ 37.638105309000025, 0.61681455400003 ], [ 37.638156835000188, 0.617757638000057 ], [ 37.638252237000074, 0.618609406000189 ], [ 37.638298115000168, 0.619434714000079 ], [ 37.638391621000096, 0.620527112000048 ], [ 37.638846747000059, 0.621499467000149 ], [ 37.639561491000052, 0.622828677000143 ], [ 37.640680422000173, 0.623069312000098 ], [ 37.641968036000151, 0.622840781000093 ], [ 37.643038491000141, 0.622844288000124 ], [ 37.643909214000189, 0.623050490000139 ], [ 37.644541975000038, 0.624045864000038 ], [ 37.644826467000144, 0.625188509 ], [ 37.645182813000133, 0.626280263000126 ], [ 37.645573414000182, 0.627162839000107 ], [ 37.645934038000178, 0.627881055000046 ], [ 37.646647871000027, 0.628958672000124 ], [ 37.64726570900018, 0.629857328000014 ], [ 37.647799575000079, 0.630404687000123 ], [ 37.64856768400017, 0.631166359000076 ], [ 37.649355271000047, 0.631827233000024 ], [ 37.65006315800008, 0.632380095000144 ], [ 37.650951299000099, 0.632710786000075 ], [ 37.652092284000105, 0.632956103000026 ], [ 37.653375962000098, 0.63291185800017 ], [ 37.65446078400015, 0.632735495000077 ], [ 37.65581658300016, 0.63252815200002 ], [ 37.656809518000159, 0.632562737000171 ], [ 37.657552381000073, 0.632868558000155 ], [ 37.658659951, 0.633480127000041 ], [ 37.660189326000193, 0.6343406740001 ], [ 37.661379234000037, 0.634714999000039 ], [ 37.662372980000043, 0.634786209000083 ], [ 37.663332993000154, 0.634776129000159 ], [ 37.664448813000092, 0.634688270000083 ], [ 37.665607002000115, 0.634629778000033 ], [ 37.666676972000175, 0.634888331000184 ], [ 37.667569032000074, 0.635747836000178 ], [ 37.668631122000193, 0.636657822000132 ], [ 37.669876233000082, 0.63757305900009 ], [ 37.670721537000077, 0.638312991000021 ], [ 37.671446517000163, 0.638985923000121 ], [ 37.672228393000012, 0.639809611000089 ], [ 37.673184569999989, 0.640770796000083 ], [ 37.673762181000086, 0.64133251200002 ], [ 37.67454009800008, 0.642039026000077 ], [ 37.67531795900004, 0.642211548000091 ], [ 37.675868312000034, 0.641167662999976 ], [ 37.676429019000125, 0.640287978000117 ], [ 37.676903629000151, 0.641093016000127 ], [ 37.677469301000031, 0.642231470000183 ], [ 37.678226223000138, 0.643017838000048 ], [ 37.67930386200004, 0.643173625000031 ], [ 37.680414081000151, 0.643201254000132 ], [ 37.681582326000125, 0.643472359999976 ], [ 37.682241182999974, 0.644405157000165 ], [ 37.68278704100004, 0.645335022000097 ], [ 37.683137751000118, 0.646251086000063 ], [ 37.683248287000026, 0.64728299300009 ], [ 37.682907382000167, 0.648291012000072 ], [ 37.682670613000028, 0.64906014200011 ], [ 37.682560727000123, 0.650155823000091 ], [ 37.682583479000073, 0.651297118000116 ], [ 37.68284637000005, 0.652416184000174 ], [ 37.683172145000128, 0.653539108000132 ], [ 37.683610997000187, 0.65427409800003 ], [ 37.684173731000044, 0.65509537500003 ], [ 37.684689016000107, 0.655919606000111 ], [ 37.68489934500019, 0.656689824000068 ], [ 37.685106707000102, 0.657485577000102 ], [ 37.685643229000107, 0.658493108000073 ], [ 37.686379759000147, 0.659179923000124 ], [ 37.68711599400018, 0.659815367000135 ], [ 37.687859834000108, 0.660288755000067 ], [ 37.688815288000114, 0.660717472000101 ], [ 37.689552698, 0.661153432000106 ], [ 37.690289318000055, 0.662085012000091 ], [ 37.690887381000039, 0.663045066000109 ], [ 37.691291523000075, 0.663954678000039 ], [ 37.692170216000079, 0.664832968000098 ], [ 37.693907329000183, 0.664670701000034 ], [ 37.695071585000051, 0.664672101000178 ], [ 37.696047416000056, 0.664907513000117 ], [ 37.696938430000046, 0.664669370000013 ], [ 37.698043246000168, 0.664818659000048 ], [ 37.699358091000136, 0.665304061000086 ], [ 37.700565778000168, 0.666078770000126 ], [ 37.701689909000152, 0.666837097000098 ], [ 37.703597778000187, 0.66785057400017 ], [ 37.70446908100007, 0.668291215000124 ], [ 37.705408097000145, 0.668448079000143 ], [ 37.706675093000172, 0.668369523000024 ], [ 37.708303453999974, 0.668481471000064 ], [ 37.709575797000184, 0.66905213400014 ], [ 37.709709801000088, 0.668286657000124 ], [ 37.710596475999978, 0.667683141999987 ], [ 37.711226056000044, 0.667149554000105 ], [ 37.71190731500019, 0.666498142000023 ], [ 37.712515838000172, 0.665816910000103 ], [ 37.712656351000192, 0.664938211000162 ], [ 37.712733138000033, 0.663395292000132 ], [ 37.713216811000166, 0.662225203000048 ], [ 37.713878740000155, 0.661417714000095 ], [ 37.714570779000098, 0.660844280999981 ], [ 37.715432254000063, 0.660257952000052 ], [ 37.716507561000128, 0.65972752600004 ], [ 37.71745811, 0.659304748000068 ], [ 37.718858567000154, 0.658773028000155 ], [ 37.719972970000072, 0.65834012800002 ], [ 37.720714361000034, 0.658078865000164 ], [ 37.721699200999979, 0.657643812000117 ], [ 37.722997193000083, 0.657207546000109 ], [ 37.723805529, 0.656612664000079 ], [ 37.724374612000133, 0.655859458000123 ], [ 37.725498752000078, 0.655585809000115 ], [ 37.726603808000164, 0.655757630000039 ], [ 37.727345742000125, 0.656354338000028 ], [ 37.728056728000126, 0.657211581000183 ], [ 37.728697998000086, 0.658668263000095 ], [ 37.729072729999984, 0.659858806999978 ], [ 37.7293562750001, 0.660779726000101 ], [ 37.729997830000173, 0.661685270000021 ], [ 37.730646841000123, 0.662460347000149 ], [ 37.731414594000171, 0.662899480000135 ], [ 37.732394206000038, 0.662755257000015 ], [ 37.733363699000051, 0.662323702000094 ], [ 37.734320493000155, 0.662143524000101 ], [ 37.735275835000152, 0.662340438000058 ], [ 37.735993244999975, 0.662683302 ], [ 37.73652294700014, 0.663642057000061 ], [ 37.737074531000133, 0.665052142000093 ], [ 37.737818963000052, 0.666399050000166 ], [ 37.738888908000035, 0.666845981999984 ], [ 37.739723849000143, 0.667065480000076 ], [ 37.740696281000112, 0.667605021000043 ], [ 37.741282628000022, 0.668411900000081 ], [ 37.741791487000114, 0.669348414000126 ], [ 37.742390116000024, 0.670518604000108 ], [ 37.742963978000091, 0.671529615 ], [ 37.743426493000072, 0.672550651000108 ], [ 37.74366397600005, 0.67330742300004 ], [ 37.744046228000059, 0.674245838000161 ], [ 37.744552984000109, 0.675148709000155 ], [ 37.745493983000074, 0.675690270000132 ], [ 37.747073768000121, 0.676348205000124 ], [ 37.748428114000092, 0.676929487000052 ], [ 37.749404720000086, 0.677322821000075 ], [ 37.750206809000076, 0.677490571000135 ], [ 37.75114200500019, 0.677292133000037 ], [ 37.752487086000031, 0.6763739270001 ], [ 37.753268645000105, 0.675842230000057 ], [ 37.754015220000156, 0.675336863000098 ], [ 37.755719472000123, 0.674276411999983 ], [ 37.756534540000075, 0.67378487000002 ], [ 37.75783266500008, 0.673124905 ], [ 37.758661026000141, 0.672816706000049 ], [ 37.759439284000052, 0.672864903 ], [ 37.760442456000135, 0.673026114000095 ], [ 37.761218164000184, 0.673232454000129 ], [ 37.762119256000119, 0.6734679220001 ], [ 37.763091045000124, 0.673672311000018 ], [ 37.763882888000182, 0.673785437000163 ], [ 37.764768042000071, 0.673906077000026 ], [ 37.765924794000057, 0.674153865000108 ], [ 37.766752405000034, 0.674338089000059 ], [ 37.767573527000138, 0.674415915000111 ], [ 37.768538457000034, 0.674481904000118 ], [ 37.769770440000059, 0.67476070500004 ], [ 37.770928943000115, 0.675184509000076 ], [ 37.771867005999979, 0.675519946000065 ], [ 37.772805131000098, 0.675920317000021 ], [ 37.774023086000057, 0.676433779999968 ], [ 37.774755140000025, 0.67690063200007 ], [ 37.775554727000042, 0.677598775000035 ], [ 37.77638731400009, 0.678093799000123 ], [ 37.777353922000145, 0.678129542000136 ], [ 37.778375245000177, 0.677891941000098 ], [ 37.779880487000185, 0.677543567000043 ], [ 37.781105246000038, 0.67742575799997 ], [ 37.782216680000147, 0.677607635000015 ], [ 37.783353209000097, 0.677730902 ], [ 37.784697968999978, 0.677548996000041 ], [ 37.785516693000091, 0.677110581000136 ], [ 37.786394040000118, 0.676010303000055 ], [ 37.787347529000044, 0.675046168000108 ], [ 37.788620685000012, 0.674763715000097 ], [ 37.789381482000181, 0.674200078000069 ], [ 37.790572741000062, 0.673091693000117 ], [ 37.791499731000044, 0.672450045000176 ], [ 37.792255842000145, 0.672038472000111 ], [ 37.793024118000119, 0.672102897 ], [ 37.79404344500017, 0.672480743000051 ], [ 37.795257181000068, 0.673222791000114 ], [ 37.795956631000024, 0.67368217700016 ], [ 37.79688713600018, 0.67432758700005 ], [ 37.797545833000072, 0.674736271000143 ], [ 37.798396149999974, 0.67509137400009 ], [ 37.799431619000131, 0.675527567000074 ], [ 37.800166257000171, 0.675783260000173 ], [ 37.801537727000152, 0.676217322000184 ], [ 37.802535151000086, 0.676483026000142 ], [ 37.803962313, 0.676670271000091 ], [ 37.805346165000117, 0.676811035000014 ], [ 37.806433682000147, 0.676839144000155 ], [ 37.807612002000099, 0.676711622000084 ], [ 37.808394039000063, 0.676576146000059 ], [ 37.80925778400001, 0.676514489000169 ], [ 37.810641320000116, 0.676578848000077 ], [ 37.811524967000139, 0.67664267400005 ], [ 37.81232414200008, 0.676670943000147 ], [ 37.813320528000077, 0.676699973999973 ], [ 37.814437803000089, 0.676715486000035 ], [ 37.81596351200011, 0.676787892000164 ], [ 37.817073536000123, 0.677042043000142 ], [ 37.817825613000082, 0.677322746000186 ], [ 37.818585581000093, 0.678027225000108 ], [ 37.819454516000121, 0.679022724000163 ], [ 37.820311941999989, 0.679549135000116 ], [ 37.821181950000039, 0.6796832120001 ], [ 37.822254218000126, 0.679986572000132 ], [ 37.82330923, 0.680144189000146 ], [ 37.824334677000024, 0.680050940000115 ], [ 37.825127532000181, 0.679883939999968 ], [ 37.825941158000035, 0.679814368999985 ], [ 37.826712934999989, 0.679776322000123 ], [ 37.827949524000076, 0.679764461000161 ], [ 37.829268281000054, 0.679773372000056 ], [ 37.831157649000033, 0.679761466000173 ], [ 37.832325843000092, 0.679863508999972 ], [ 37.833301863000031, 0.679987521000101 ], [ 37.83448364000003, 0.680717563000144 ], [ 37.835578046000137, 0.681606530000067 ], [ 37.836527164000131, 0.681832332999988 ], [ 37.837171131000048, 0.682780612000045 ], [ 37.837862526000151, 0.683907615000123 ], [ 37.838545891000138, 0.684976070000118 ], [ 37.839243016000182, 0.685942733000104 ], [ 37.839854930000172, 0.686873537 ], [ 37.840526268000133, 0.687827201000061 ], [ 37.841537538000125, 0.688707462000139 ], [ 37.842298667000136, 0.689149871000097 ], [ 37.84309547600003, 0.689523222000162 ], [ 37.843857908000075, 0.690337207000084 ], [ 37.844509082000116, 0.691349257000127 ], [ 37.84489667400004, 0.692598760000067 ], [ 37.844986388, 0.693734952000113 ], [ 37.84463028600004, 0.694466053000099 ], [ 37.843956359000117, 0.695552361000125 ], [ 37.843255895000084, 0.696503388 ], [ 37.842672094000193, 0.697566003000077 ], [ 37.842630665000058, 0.698714903000109 ], [ 37.84274724200003, 0.699773235000123 ], [ 37.843073317000062, 0.701123262000181 ], [ 37.843363568000029, 0.702410550000081 ], [ 37.843633481000097, 0.704002181000078 ], [ 37.843744196000102, 0.704759633000037 ], [ 37.843875603000015, 0.705726671000093 ], [ 37.843998523999971, 0.70656419200003 ], [ 37.844420050000053, 0.707600558000024 ], [ 37.845308763000105, 0.709048467000173 ], [ 37.84632465500016, 0.710569240000154 ], [ 37.846797905000074, 0.711352727000019 ], [ 37.847138169000175, 0.712325590000148 ], [ 37.847416329000055, 0.713430268000081 ], [ 37.847914853000134, 0.714557002000049 ], [ 37.848408130000166, 0.715302409000174 ], [ 37.849158865, 0.715771570000186 ], [ 37.850426466000158, 0.71641988000016 ], [ 37.851217791000181, 0.716792327000178 ], [ 37.852562879000118, 0.717401696000024 ], [ 37.854059026000186, 0.717952137 ], [ 37.85511351700012, 0.718497715000069 ], [ 37.855947419000188, 0.719267998000078 ], [ 37.856990182000061, 0.720259174000034 ], [ 37.85819148000013, 0.720609248000073 ], [ 37.859141216000012, 0.720569567000041 ], [ 37.860083368000176, 0.721000891000017 ], [ 37.861134333, 0.722104621000028 ], [ 37.861937401000034, 0.722835587000134 ], [ 37.862900828000079, 0.72346685500014 ], [ 37.864010392000012, 0.724393308000174 ], [ 37.864983602999985, 0.725391949000084 ], [ 37.865667846000065, 0.726064793000148 ], [ 37.866462653000156, 0.726877029000036 ], [ 37.867298937999976, 0.727618964000044 ], [ 37.868429930000161, 0.728064006000125 ], [ 37.869706894000103, 0.728243820000046 ], [ 37.870583004000139, 0.728376570000023 ], [ 37.871443099000146, 0.728562149000027 ], [ 37.872337184000116, 0.728759384000114 ], [ 37.873191599000052, 0.729041463000044 ], [ 37.874102322000169, 0.729675205000092 ], [ 37.874845987000128, 0.730535868000175 ], [ 37.875662684000133, 0.731746805000114 ], [ 37.87606890800015, 0.732641651000051 ], [ 37.876372043000117, 0.733518616000026 ], [ 37.876178909000089, 0.734439499000132 ], [ 37.875358432000155, 0.735262748000139 ], [ 37.874430761000042, 0.736107314000037 ], [ 37.874180141000124, 0.737136257000145 ], [ 37.874555599000075, 0.738004979000095 ], [ 37.875013103000128, 0.73889650600006 ], [ 37.875558458, 0.739548541999966 ], [ 37.876068502000123, 0.740171255000064 ], [ 37.876572216000056, 0.74094918600008 ], [ 37.876762239000072, 0.74199176999997 ], [ 37.87684887000006, 0.742829138 ], [ 37.877185575000112, 0.743831816000181 ], [ 37.877965565000125, 0.744781024000019 ], [ 37.878920027000049, 0.744417864000184 ], [ 37.879866858000184, 0.74357254500012 ], [ 37.880862195000191, 0.742982504000054 ], [ 37.881670378000024, 0.742617885000186 ], [ 37.882950355000105, 0.742281825000077 ], [ 37.884103067000126, 0.741791505000037 ], [ 37.885071734000064, 0.74131031200011 ], [ 37.885950545000185, 0.740940511000133 ], [ 37.886902775000124, 0.740549307000094 ], [ 37.888002166000035, 0.740021906999971 ], [ 37.88902195300011, 0.739563531999977 ], [ 37.889828037000029, 0.738949922000188 ], [ 37.890679624000086, 0.738265864000084 ], [ 37.891493519000164, 0.737485702000185 ], [ 37.891953356000101, 0.736531328000126 ], [ 37.89247995900007, 0.735542079000027 ], [ 37.892818105000174, 0.734723427000176 ], [ 37.892920068000194, 0.733645909000188 ], [ 37.893054358000086, 0.732398840000144 ], [ 37.893247922000114, 0.731629907000183 ], [ 37.893805518000079, 0.730630449000103 ], [ 37.894398162000073, 0.730011867999963 ], [ 37.895205991000012, 0.72941234700005 ], [ 37.89641524200016, 0.728383649000023 ], [ 37.897634277000066, 0.728588891000129 ], [ 37.898579576000031, 0.728771410000036 ], [ 37.899347132000116, 0.729156305000174 ], [ 37.900148626000146, 0.729634990000079 ], [ 37.901199771000165, 0.72990986800005 ], [ 37.902270968999972, 0.729433391000157 ], [ 37.902976636, 0.728637107 ], [ 37.903403384000171, 0.72769620400004 ], [ 37.903168881000056, 0.726860050000141 ], [ 37.902644106000025, 0.726038604000053 ], [ 37.902104660000191, 0.725132922000057 ], [ 37.901725984000109, 0.724121162000188 ], [ 37.901928282000142, 0.722860440000147 ], [ 37.903183310000088, 0.722298985000123 ], [ 37.904408933000127, 0.721456147000026 ], [ 37.90554281500016, 0.721160759000099 ], [ 37.906646245000161, 0.721308362000173 ], [ 37.907492260000083, 0.721682344000044 ], [ 37.908247535000157, 0.722061972000176 ], [ 37.909213436000016, 0.72216319 ], [ 37.910004483000193, 0.72145834500003 ], [ 37.910765935000143, 0.720441880000067 ], [ 37.911220704000186, 0.719221800000184 ], [ 37.911581523000109, 0.718079033000038 ], [ 37.911554430000081, 0.716966573000036 ], [ 37.911326073000112, 0.715763645000152 ], [ 37.911807939000028, 0.714747028000147 ], [ 37.912442596000062, 0.713981249000085 ], [ 37.913206786000046, 0.713867617000119 ], [ 37.914319212000066, 0.713831203000098 ], [ 37.915281874000129, 0.714214259000187 ], [ 37.916000233000148, 0.715014475000146 ], [ 37.916782728000157, 0.716039882000189 ], [ 37.917306059, 0.717083526000181 ], [ 37.917695871000149, 0.718120483000121 ], [ 37.918050347000133, 0.718890337 ], [ 37.918671741000026, 0.719505808000065 ], [ 37.919365221000021, 0.720059156 ], [ 37.920356158000061, 0.720640308000156 ], [ 37.921341354000049, 0.72052256600017 ], [ 37.922566363000044, 0.720162767000147 ], [ 37.923917511000127, 0.719945537000115 ], [ 37.925026787000036, 0.720183155000029 ], [ 37.925806621000106, 0.720792254000116 ], [ 37.926686035000046, 0.721583935000126 ], [ 37.927902899000173, 0.722253449000107 ], [ 37.928917207000097, 0.722706966999965 ], [ 37.929520313000069, 0.723298705000104 ], [ 37.930176384000106, 0.724135036000121 ], [ 37.930768299000135, 0.725627256000109 ], [ 37.931156347000069, 0.726679898000157 ], [ 37.931779045999974, 0.727453089999983 ], [ 37.932549400000141, 0.728336932000104 ], [ 37.933326946000193, 0.729102066 ], [ 37.934377821000169, 0.729837219 ], [ 37.934998122000081, 0.730331317000037 ], [ 37.935570007000024, 0.730993236000188 ], [ 37.936397986000088, 0.732001462000085 ], [ 37.936976777999973, 0.732643817000053 ], [ 37.937981792000187, 0.733478681 ], [ 37.938897437000037, 0.734246880000114 ], [ 37.940028552000058, 0.735731035000072 ], [ 37.94081107400018, 0.737088115000063 ], [ 37.941342637, 0.738160170000072 ], [ 37.941697328000146, 0.738845745 ], [ 37.942492456000025, 0.740362945000129 ], [ 37.943138034000128, 0.74140244299997 ], [ 37.943589657000132, 0.742043732000013 ], [ 37.944090662000121, 0.74269934900002 ], [ 37.944948428000032, 0.743827678 ], [ 37.945956093000177, 0.744938205000153 ], [ 37.947364091000111, 0.745324230000051 ], [ 37.948680458000069, 0.745263524000165 ], [ 37.950007114000073, 0.745878993000019 ], [ 37.951380287000063, 0.74594161300007 ], [ 37.952781596000136, 0.745799636000129 ], [ 37.953825868000024, 0.745744184000159 ], [ 37.955039908000117, 0.745820015000106 ], [ 37.955746261000172, 0.746142005000081 ], [ 37.956616631000088, 0.746879520000107 ], [ 37.957295995000152, 0.747875990000125 ], [ 37.957982599000104, 0.749044165000043 ], [ 37.958394419000115, 0.749738558000047 ], [ 37.958900309000057, 0.750956602000144 ], [ 37.959696039000164, 0.752030085000058 ], [ 37.961084815000106, 0.752774668000086 ], [ 37.962290886000176, 0.753292866000152 ], [ 37.963193584000066, 0.753673796000044 ], [ 37.964487083000051, 0.754094973000178 ], [ 37.965770820000159, 0.75408446400013 ], [ 37.966565797000101, 0.753870475000099 ], [ 37.967380939000066, 0.753842896000037 ], [ 37.968242194000027, 0.754056352000077 ], [ 37.968999819000089, 0.754296421000163 ], [ 37.970180300000152, 0.754662091 ], [ 37.971397215000025, 0.755104658000164 ], [ 37.971998739000071, 0.755660538000143 ], [ 37.972707867000111, 0.75631353700004 ], [ 37.972754522000116, 0.75728155000013 ], [ 37.972780317000058, 0.75810805600014 ], [ 37.972741876000157, 0.758956882 ], [ 37.973018726000134, 0.759794881000175 ], [ 37.973548972000174, 0.760746185000187 ], [ 37.974102610000102, 0.761482965000027 ], [ 37.974795906000111, 0.762433689000034 ], [ 37.975338204000025, 0.763447283 ], [ 37.97588837700016, 0.764194344000089 ], [ 37.976765768, 0.765033888000119 ], [ 37.977427585000157, 0.765818079000098 ], [ 37.977894350000156, 0.766558669000062 ], [ 37.978330053000036, 0.767445244000157 ], [ 37.978788022, 0.768273100000101 ], [ 37.979275011000084, 0.769097990000148 ], [ 37.979982221000171, 0.769799041000113 ], [ 37.980824157000029, 0.77047138800009 ], [ 37.981737801000122, 0.771536345000186 ], [ 37.982378847, 0.772754969000118 ], [ 37.983415952000144, 0.773594797000158 ], [ 37.984195060000104, 0.77424514400002 ], [ 37.984839064000084, 0.77505571100005 ], [ 37.985392122000064, 0.776007797000148 ], [ 37.985559290000026, 0.77700250900017 ], [ 37.985904220000123, 0.777885183000024 ], [ 37.98681375100017, 0.778184794000026 ], [ 37.987613743999987, 0.778198426000074 ], [ 37.988699666000173, 0.778362153000046 ], [ 37.989684891000024, 0.778713303000131 ], [ 37.990637094000022, 0.779084472000022 ], [ 37.991468743000041, 0.779309360000184 ], [ 37.992528077000088, 0.779179286000101 ], [ 37.993533986000102, 0.779116879000128 ], [ 37.994333662000031, 0.779287175000036 ], [ 37.994950519000156, 0.779774852000173 ], [ 37.99572833700006, 0.780464837000125 ], [ 37.996332994000056, 0.78123755200005 ], [ 37.996984130000101, 0.78214719500005 ], [ 37.997554765000189, 0.783092029999978 ], [ 37.998010497000053, 0.783830088000116 ], [ 37.998490609000157, 0.784749944000055 ], [ 37.998916797000049, 0.786080333000086 ], [ 37.999216270000034, 0.78717591000003 ], [ 37.999834814000053, 0.788288604000059 ], [ 38.001058713000191, 0.788951475000147 ], [ 38.002115250000088, 0.789068046000068 ], [ 38.003251051, 0.789049527999964 ], [ 38.004582272000107, 0.789223553000056 ], [ 38.005673739000088, 0.790123414 ], [ 38.006364183000017, 0.791324122000049 ], [ 38.007073538000043, 0.79199435400011 ], [ 38.007847728000115, 0.792571823000173 ], [ 38.008728837000092, 0.793570203000172 ], [ 38.00902757800003, 0.795052036000129 ], [ 38.008915710000053, 0.796258904000183 ], [ 38.008619756000087, 0.797524184000054 ], [ 38.008117321000157, 0.799387596000031 ], [ 38.007920695000053, 0.801041723000026 ], [ 38.008258079000086, 0.802223462000029 ], [ 38.009181560000172, 0.803136748999975 ], [ 38.010054898000135, 0.803683615000125 ], [ 38.010955634000084, 0.804250781000178 ], [ 38.011741457000142, 0.804759736999983 ], [ 38.012565567000138, 0.805251809000026 ], [ 38.013333394000142, 0.805667015000097 ], [ 38.014094873000033, 0.805895346000057 ], [ 38.015049827000155, 0.805581478000022 ], [ 38.015996674000064, 0.804777131000037 ], [ 38.016172790000098, 0.803644496000175 ], [ 38.016207359000191, 0.802777539000147 ], [ 38.016211297000154, 0.801845028000173 ], [ 38.015903826000056, 0.800885166000114 ], [ 38.015458604000116, 0.799611284999969 ], [ 38.015238495000119, 0.798323983000046 ], [ 38.015715890000138, 0.797420475000081 ], [ 38.016836223000155, 0.798013508000054 ], [ 38.017578460000038, 0.798456139000166 ], [ 38.018480565000175, 0.798770589000071 ], [ 38.019272027999989, 0.798976902000163 ], [ 38.020169530000032, 0.799270663000016 ], [ 38.021114349000129, 0.799337378000132 ], [ 38.022087423000187, 0.799353273000122 ], [ 38.023011784000175, 0.798900360000061 ], [ 38.023467616000062, 0.79826033400002 ], [ 38.024031735000108, 0.797365938000098 ], [ 38.02465646100012, 0.796859625000025 ], [ 38.025397222000038, 0.796435651000138 ], [ 38.026106752000089, 0.796017556000095 ], [ 38.027887268000143, 0.794978117000142 ], [ 38.029043319000152, 0.794093585000155 ], [ 38.029828434000194, 0.793404302000056 ], [ 38.030521202000159, 0.792810989000088 ], [ 38.031198049000068, 0.792347995000114 ], [ 38.032156040000018, 0.791955642000062 ], [ 38.033726808000154, 0.791277352000122 ], [ 38.03452647000006, 0.790988318000188 ], [ 38.036167656000146, 0.790564624000126 ], [ 38.03803148500009, 0.790030144000127 ], [ 38.039120985000181, 0.789711825000154 ], [ 38.040573838, 0.789367149000043 ], [ 38.041451970000026, 0.789127139000072 ], [ 38.042827313000032, 0.788678639000125 ], [ 38.043724060000102, 0.788384377000114 ], [ 38.045099157999971, 0.788001328000121 ], [ 38.045960929000159, 0.786977442000136 ], [ 38.046185132000119, 0.785642521000057 ], [ 38.046268763000057, 0.784611487 ], [ 38.046978052000043, 0.783642486000076 ], [ 38.048038985000119, 0.782616326000038 ], [ 38.048861244000079, 0.781803437000065 ], [ 38.049703630000124, 0.781216548999964 ], [ 38.05060905900018, 0.780705996000108 ], [ 38.051557499000126, 0.780278498000087 ], [ 38.052820010000062, 0.77958038100013 ], [ 38.053652176000128, 0.779231436000146 ], [ 38.054935157000159, 0.779235262999975 ], [ 38.056323900000052, 0.779366372000084 ], [ 38.057781322000039, 0.779396224999971 ], [ 38.058638840000128, 0.779397750000044 ], [ 38.059634720000076, 0.779409166000107 ], [ 38.060634177000111, 0.77969542600016 ], [ 38.061621534000153, 0.780031023000106 ], [ 38.06285031900012, 0.780429019 ], [ 38.063882694000029, 0.780779421000034 ], [ 38.064921021000032, 0.78121370100007 ], [ 38.06576396700018, 0.781468907999965 ], [ 38.066684075000069, 0.781723929 ], [ 38.067493157000058, 0.782100191000097 ], [ 38.068375329000048, 0.782595825000044 ], [ 38.069285373000184, 0.783144882000101 ], [ 38.070287908000125, 0.783494469000175 ], [ 38.071166436000112, 0.783626400000173 ], [ 38.071981568000069, 0.783111838000025 ], [ 38.073043166000161, 0.78308880600008 ], [ 38.074203306000072, 0.783367708000071 ], [ 38.075131587000044, 0.78353600500003 ], [ 38.076227378, 0.783378823000021 ], [ 38.07736409600011, 0.783217852000121 ], [ 38.078271559000143, 0.783354866000082 ], [ 38.080083745000138, 0.783677500000124 ], [ 38.080494100000067, 0.783750558000122 ], [ 38.076701195000055, 0.785626513000182 ], [ 38.075965823000161, 0.786137074000067 ], [ 38.075166617000093, 0.78666528500014 ], [ 38.07231136900009, 0.788535971000044 ], [ 38.071268284000041, 0.789241293000146 ], [ 38.070205888000089, 0.789970228000129 ], [ 38.066166659000089, 0.79267691299998 ], [ 38.065491149000138, 0.793147460000114 ], [ 38.061883523000063, 0.795475022000119 ], [ 38.061175466000179, 0.795951662000164 ], [ 38.06038787600005, 0.796480094000174 ], [ 38.05588627800006, 0.799360645000036 ], [ 38.05316897400013, 0.801224320000131 ], [ 38.05227106100017, 0.801845255999979 ], [ 38.051376703000074, 0.802467853000053 ], [ 38.046843477000152, 0.805623032000085 ], [ 38.046691042000077, 0.808725778000166 ], [ 38.046588070000098, 0.811370403000012 ], [ 38.046392702000105, 0.814767228000164 ], [ 38.046258779000084, 0.817758745000106 ], [ 38.046053072000063, 0.821221598000022 ], [ 38.045974234000084, 0.822552047000045 ], [ 38.045908353000073, 0.823809385000175 ], [ 38.045760824000013, 0.826631558000031 ], [ 38.04556545600019, 0.829966552000087 ], [ 38.045381533000182, 0.832958069000085 ], [ 38.045186165000189, 0.836356652000177 ], [ 38.045044387000189, 0.839102467999965 ], [ 38.044968757000106, 0.840551735000076 ], [ 38.044896658000141, 0.841858756000136 ], [ 38.044659600000045, 0.846169267000164 ], [ 38.04365606000016, 0.864067742000088 ], [ 38.043081402000041, 0.873859615000129 ], [ 38.042558651000036, 0.88396405900005 ], [ 38.041557018, 0.901862534000145 ], [ 38.040400072000011, 0.921755691000044 ], [ 38.040241465000122, 0.925585722000108 ], [ 38.039982634000125, 0.929474599000116 ], [ 38.039833024000188, 0.932371022000041 ], [ 38.039766651000093, 0.933651622000127 ], [ 38.039688371000011, 0.934957705000102 ], [ 38.039484679000054, 0.938358946000051 ], [ 38.039348307000125, 0.941498451000029 ], [ 38.039185906000114, 0.943973477000156 ], [ 38.039093542000103, 0.946677116000103 ], [ 38.039046246000112, 0.948050820000105 ], [ 38.038970797000161, 0.949421980000068 ], [ 38.038789044000168, 0.952757248000125 ], [ 38.038685786000144, 0.954152957000076 ], [ 38.038603625000178, 0.955537217000028 ], [ 38.038485724000111, 0.9582445100001 ], [ 38.038430054000116, 0.959650174000046 ], [ 38.038367771000026, 0.96091604999998 ], [ 38.03823469800011, 0.963716638999983 ], [ 38.038164995000102, 0.965051606000031 ], [ 38.038100234000183, 0.966291917000092 ], [ 38.037952780000069, 0.969128894000107 ], [ 38.037873511000157, 0.970451987000047 ], [ 38.03779201500015, 0.97180045000016 ], [ 38.037643047000074, 0.974435680000056 ], [ 38.03757463200003, 0.975752079000188 ], [ 38.037517991000072, 0.977094651000073 ], [ 38.037386840000124, 0.979849880000017 ], [ 38.037334005000105, 0.981150286000172 ], [ 38.037257251000142, 0.982437889000039 ], [ 38.037069698000153, 0.985147481000013 ], [ 38.036859072000141, 0.988472043000115 ], [ 38.036692315000096, 0.991346743000122 ], [ 38.036590837000062, 0.994107945000167 ], [ 38.036581751000028, 0.995552067000119 ], [ 38.036613433000184, 0.996827819000146 ], [ 38.036741014000143, 1.000240637000047 ], [ 38.03676000300004, 1.002050785000108 ], [ 38.036702786000035, 1.003835522999964 ], [ 38.036673898000117, 1.004652049000015 ], [ 38.036641443000178, 1.005442093000056 ], [ 38.036562206000099, 1.007327984000028 ], [ 38.03641525, 1.009963772000162 ], [ 38.036367587000086, 1.010951798000178 ], [ 38.036332630000118, 1.011920378000013 ], [ 38.036271061999969, 1.014133615000105 ], [ 38.036140191000072, 1.01686929400006 ], [ 38.036070569000174, 1.0181518280001 ], [ 38.035998132000145, 1.019409665000182 ], [ 38.035802242000102, 1.022150440000019 ], [ 38.03573710400002, 1.023450447000016 ], [ 38.035670822000043, 1.024773156000151 ], [ 38.035540006000076, 1.027374448999979 ], [ 38.035471062000056, 1.02875192800002 ], [ 38.035417084000017, 1.030092337000156 ], [ 38.035308272000066, 1.032774895000102 ], [ 38.035252908000132, 1.034151140000176 ], [ 38.035193265000089, 1.035410728000102 ], [ 38.035068340000123, 1.038042631 ], [ 38.034958770000117, 1.040437782000026 ], [ 38.034862986000178, 1.042406183000082 ], [ 38.034803738999983, 1.043461528000137 ], [ 38.034662346000118, 1.046049792000019 ], [ 38.034532722000051, 1.048718938000093 ], [ 38.034464682000078, 1.050051555000096 ], [ 38.034407048000105, 1.0513543510001 ], [ 38.034293329000036, 1.054251679000174 ], [ 38.034239901000092, 1.055550486000072 ], [ 38.034178681000128, 1.056744815000059 ], [ 38.034020280000107, 1.059511050000026 ], [ 38.033947145000184, 1.06085062700015 ], [ 38.03388972200014, 1.06212211400009 ], [ 38.033788392000076, 1.064864324000155 ], [ 38.033732429000167, 1.066149995000046 ], [ 38.033653667000067, 1.067417032000151 ], [ 38.033482512000035, 1.070130930000175 ], [ 38.033391734000134, 1.072769242000163 ], [ 38.033344237000051, 1.074050603000046 ], [ 38.033279924000112, 1.075286589000143 ], [ 38.033128378000185, 1.078064488000052 ], [ 38.033054839000044, 1.079451075000122 ], [ 38.032902468000145, 1.080769916000065 ], [ 38.032563985000138, 1.083726030000037 ], [ 38.032641714000079, 1.085485238000103 ], [ 38.031852181000033, 1.086799120000137 ], [ 38.030875979000086, 1.088175875000104 ], [ 38.028759771000125, 1.091074327000115 ], [ 38.026591655000175, 1.093955018000145 ], [ 38.024467818, 1.09684756900009 ], [ 38.022470275000046, 1.099568715000032 ], [ 38.020382677000157, 1.102431524 ], [ 38.018289357000128, 1.105244332000041 ], [ 38.016171242000155, 1.108057141000188 ], [ 38.014083645000142, 1.110869950000108 ], [ 38.011959807000096, 1.113768403000051 ], [ 38.00987221000014, 1.116637232000187 ], [ 38.007776983000042, 1.119444080000051 ], [ 38.005591701000071, 1.122446058000094 ], [ 38.00356554800004, 1.125241045000166 ], [ 38.001492917000064, 1.128085013000089 ], [ 38.000945321000017, 1.128829294000127 ], [ 38.000342414000158, 1.129593065 ], [ 37.973481826000125, 1.16195005000003 ], [ 37.957693032000066, 1.182950481000034 ], [ 37.949182015000076, 1.194240690000129 ], [ 37.948172753000051, 1.216031114000032 ], [ 37.947272619000046, 1.23504151200018 ], [ 37.946562130000132, 1.255361912000183 ], [ 37.94630244200016, 1.263430463000134 ], [ 37.947084881000137, 1.28275506600005 ], [ 37.947377932000109, 1.289933908000023 ], [ 37.947973571000091, 1.30236330800011 ], [ 37.94895613000017, 1.322743901000024 ], [ 37.950189370000032, 1.351853468000115 ], [ 37.951669884000125, 1.387328220000029 ], [ 37.931094997000173, 1.402375837000136 ], [ 37.898877901000105, 1.425861157000156 ], [ 37.869669518000194, 1.447372597000083 ], [ 37.853486175000114, 1.459164576000092 ], [ 37.851758268000083, 1.457143510000037 ], [ 37.851157558000068, 1.456160863000036 ], [ 37.850713981000069, 1.454952925999976 ], [ 37.85006536700007, 1.452606664000029 ], [ 37.849958115000049, 1.451551350999978 ], [ 37.850031541000078, 1.450415498999973 ], [ 37.850486497000077, 1.447766706000095 ], [ 37.850214268, 1.446542964000116 ], [ 37.848668757000155, 1.444832491000057 ], [ 37.8475443640001, 1.443749038000078 ], [ 37.84658050500019, 1.442815781000036 ], [ 37.846487111000101, 1.441119247000131 ], [ 37.846875017000059, 1.438245318000156 ], [ 37.847179820000122, 1.435770050000144 ], [ 37.846924266000144, 1.434851270000138 ], [ 37.845404692000159, 1.433278642000062 ], [ 37.844891352000161, 1.43263990500003 ], [ 37.844446221000169, 1.43186702200012 ], [ 37.843844024000191, 1.429711308000151 ], [ 37.844678541, 1.428424190000044 ], [ 37.8450972280001, 1.42753764400004 ], [ 37.844730377000076, 1.426357150000058 ], [ 37.843049144000133, 1.425553332000163 ], [ 37.840855684000189, 1.42517027800011 ], [ 37.837599696999973, 1.42517027800011 ], [ 37.834589077000089, 1.425268975 ], [ 37.831881687000077, 1.424955250000096 ], [ 37.831050513000093, 1.424454656000023 ], [ 37.829755300000102, 1.423147701000175 ], [ 37.828264978000107, 1.421284530000094 ], [ 37.827550994000148, 1.420750960000021 ], [ 37.825955581000073, 1.420434304000082 ], [ 37.823783651000099, 1.421272518000023 ], [ 37.82172462300008, 1.422112089000109 ], [ 37.820627663000096, 1.422486028000037 ], [ 37.819790731000126, 1.422647696000126 ], [ 37.817666634000147, 1.422752913000181 ], [ 37.815858092000099, 1.421700576000092 ], [ 37.815176705000113, 1.42115122600012 ], [ 37.814515928000048, 1.420543217000159 ], [ 37.813225541000122, 1.419402864 ], [ 37.812306235000108, 1.418746960000135 ], [ 37.810660927000015, 1.417868242000054 ], [ 37.808684244000176, 1.417491153000014 ], [ 37.807677804000036, 1.417473197000163 ], [ 37.806650740000123, 1.417580469000143 ], [ 37.804414860000065, 1.417804711000031 ], [ 37.803274373000136, 1.41794073 ], [ 37.80207443200004, 1.418015577000062 ], [ 37.800305229000116, 1.418061590999969 ], [ 37.799346925000066, 1.417494773000158 ], [ 37.797783162000087, 1.41633909 ], [ 37.796379393, 1.415120927000032 ], [ 37.795319753000115, 1.414570720000086 ], [ 37.793410015000177, 1.414650324000092 ], [ 37.792309073000013, 1.414797471000099 ], [ 37.790480590000186, 1.415056089000188 ], [ 37.787835044000133, 1.415488837999987 ], [ 37.786385912000128, 1.417029969000055 ], [ 37.784861034000073, 1.4186105 ], [ 37.783774602000051, 1.418984695000177 ], [ 37.782495265000193, 1.418856457 ], [ 37.781653730000073, 1.418195522000133 ], [ 37.78113261600015, 1.417297176000091 ], [ 37.78071637700009, 1.416496672000108 ], [ 37.7802392480001, 1.415166313000043 ], [ 37.779666893000126, 1.413285147000011 ], [ 37.77913293000006, 1.412146542000073 ], [ 37.778217316000166, 1.41155445600009 ], [ 37.77627190100003, 1.412342633000037 ], [ 37.773455846, 1.412599860000057 ], [ 37.772621963, 1.412822675000143 ], [ 37.771040668000182, 1.413780304000056 ], [ 37.770145072000162, 1.414097736000031 ], [ 37.768480762000138, 1.413852250000161 ], [ 37.767494536000072, 1.413745729000141 ], [ 37.766626901000109, 1.413687450000168 ], [ 37.764774783000178, 1.413810595000143 ], [ 37.763875573000064, 1.413848090000158 ], [ 37.763044454000124, 1.413788680000039 ], [ 37.760993140000039, 1.413334183000188 ], [ 37.759980752000104, 1.41303913400003 ], [ 37.758928078000054, 1.412641162000114 ], [ 37.756740283000113, 1.411687105000112 ], [ 37.755976994000093, 1.411530583000172 ], [ 37.7550457910001, 1.411553684000012 ], [ 37.753305421000164, 1.41183971900017 ], [ 37.751056949000088, 1.412468297000089 ], [ 37.749865499000066, 1.412795907000032 ], [ 37.747829437, 1.413014889000067 ], [ 37.747116924000125, 1.41242214500005 ], [ 37.74605716800005, 1.411686675999988 ], [ 37.743757940000194, 1.410368752000011 ], [ 37.741517135000151, 1.409375498000088 ], [ 37.740681467000115, 1.408942496000179 ], [ 37.739834543000029, 1.408456817 ], [ 37.738168581000025, 1.407501456000091 ], [ 37.737225393000188, 1.407060849000175 ], [ 37.736424532000058, 1.406858332000184 ], [ 37.733993412000189, 1.406546664000189 ], [ 37.73287579700019, 1.406470992000095 ], [ 37.731662750000055, 1.406470992000095 ], [ 37.728463286000192, 1.406470992000095 ], [ 37.726608063000072, 1.406564007999975 ], [ 37.725156181000045, 1.406827850000184 ], [ 37.723161663000042, 1.407217243000161 ], [ 37.72239503100019, 1.407375435000063 ], [ 37.719977065000137, 1.407753993000142 ], [ 37.715885162000063, 1.407753993000142 ], [ 37.714775797000016, 1.407753993000142 ], [ 37.713568698000074, 1.407651102000045 ], [ 37.710839947000181, 1.407171427000094 ], [ 37.709573247000151, 1.406860101000063 ], [ 37.708387258000187, 1.406496763 ], [ 37.705471511000042, 1.405632719000153 ], [ 37.702560481999967, 1.404547171 ], [ 37.698760763000109, 1.403560201000062 ], [ 37.695455184000082, 1.40296801900007 ], [ 37.693085979000045, 1.402573231000133 ], [ 37.69159209999998, 1.401891806000151 ], [ 37.690820697000049, 1.401540397000076 ], [ 37.687265828000136, 1.399958472000037 ], [ 37.684618588000149, 1.39897225600015 ], [ 37.683025899000086, 1.39904702400014 ], [ 37.681933583000102, 1.39962137700013 ], [ 37.680705756000066, 1.400581909000039 ], [ 37.680036933000054, 1.401121982 ], [ 37.678836128000057, 1.402151313000047 ], [ 37.677935118000164, 1.402736074000188 ], [ 37.676929474000076, 1.403275967000184 ], [ 37.674106598000094, 1.402496934000112 ], [ 37.672857958000179, 1.401882352000086 ], [ 37.671873613000173, 1.400941894000027 ], [ 37.670391070000164, 1.399070258999984 ], [ 37.668279703000167, 1.398793592000118 ], [ 37.667472727000188, 1.398559593000016 ], [ 37.666592931000025, 1.398265729000059 ], [ 37.665558307000083, 1.3979312190001 ], [ 37.664733870000134, 1.397713725000017 ], [ 37.663879395000038, 1.398309231000098 ], [ 37.662109245000124, 1.397927242000037 ], [ 37.661209781000139, 1.397289750000027 ], [ 37.660142421000103, 1.395954141000118 ], [ 37.658718109000063, 1.394900560000053 ], [ 37.658114666000131, 1.395459112000083 ], [ 37.657543281000187, 1.396214851000025 ], [ 37.656834053000125, 1.397597908000137 ], [ 37.656427340000107, 1.398381986000174 ], [ 37.655895233000081, 1.399770021000165 ], [ 37.654060451000134, 1.400846745000081 ], [ 37.65228422399997, 1.400176288000125 ], [ 37.650994518000061, 1.399754760000064 ], [ 37.649988651000058, 1.399397936000014 ], [ 37.64769616000018, 1.398330683000097 ], [ 37.646448329, 1.396984485000075 ], [ 37.645721950000052, 1.396214478000047 ], [ 37.643057750000082, 1.393544649000034 ], [ 37.640293996000025, 1.391127284000163 ], [ 37.638219483000057, 1.390032775000066 ], [ 37.636887328000057, 1.389537284000028 ], [ 37.635904723000181, 1.38912429700008 ], [ 37.633387880000043, 1.387574311000037 ], [ 37.63150896000019, 1.384899303000054 ], [ 37.630975928000169, 1.38425201300015 ], [ 37.630283356000064, 1.383506179000108 ], [ 37.627763097000127, 1.383529157000055 ], [ 37.625591167000039, 1.38362785400011 ], [ 37.624072788999968, 1.383125313 ], [ 37.623073578000174, 1.382337451000183 ], [ 37.622870701000181, 1.380932438 ], [ 37.622896618000084, 1.379242531999978 ], [ 37.623073578000174, 1.37756538400015 ], [ 37.622242403000087, 1.377189607000048 ], [ 37.619968291000191, 1.377558819000058 ], [ 37.617451485000117, 1.377349492000064 ], [ 37.616639576000182, 1.376977501000113 ], [ 37.615378401000044, 1.376308534999964 ], [ 37.614482063000139, 1.375840233000133 ], [ 37.61349880500012, 1.375450896000189 ], [ 37.611185204000094, 1.374944060000132 ], [ 37.609113788000116, 1.375149018000059 ], [ 37.608279506000031, 1.375567629000159 ], [ 37.606496795000055, 1.376571849000072 ], [ 37.604936210000176, 1.378306909000116 ], [ 37.604369766000161, 1.379148786999963 ], [ 37.603919587000121, 1.38001474500004 ], [ 37.602761908, 1.382405748000053 ], [ 37.602509782000141, 1.383149851999974 ], [ 37.602006783000149, 1.384789847999969 ], [ 37.601753072, 1.385899025000185 ], [ 37.601498139000171, 1.38689760200009 ], [ 37.601087642000039, 1.388051738000058 ], [ 37.600756440000168, 1.388891233000152 ], [ 37.599672303000091, 1.390738633000069 ], [ 37.597611341000118, 1.389783217000058 ], [ 37.597425138000062, 1.388370170000087 ], [ 37.597219242000051, 1.386033769000164 ], [ 37.597133632000066, 1.385022746000061 ], [ 37.597072601000093, 1.384090424000021 ], [ 37.595199134999973, 1.382936975000064 ], [ 37.59317679600008, 1.381160488000091 ], [ 37.591821894000077, 1.379952312000114 ], [ 37.591139658000088, 1.379166516000112 ], [ 37.589968902000066, 1.376652134000096 ], [ 37.589935568000158, 1.375716905000047 ], [ 37.589771627000175, 1.373858393000091 ], [ 37.588685662000103, 1.372230603000105 ], [ 37.588426522000134, 1.370625835000169 ], [ 37.588314720000142, 1.369774181000025 ], [ 37.588306427000077, 1.368021369000132 ], [ 37.587506784000084, 1.367468387000031 ], [ 37.585676949000117, 1.366852388000154 ], [ 37.58252870400014, 1.365265763000082 ], [ 37.581499532000066, 1.364766844999963 ], [ 37.580711365000127, 1.364028454000106 ], [ 37.58012771600005, 1.365099669000188 ], [ 37.580693581000105, 1.366655053000102 ], [ 37.582091699000102, 1.368753214000037 ], [ 37.582473974000038, 1.369552777000024 ], [ 37.582756042000085, 1.370358706 ], [ 37.582117407000112, 1.371982391000131 ], [ 37.581560589000048, 1.373246567000137 ], [ 37.580606941000042, 1.374758425000152 ], [ 37.580096298000115, 1.37555895100013 ], [ 37.578868517000046, 1.377854850000119 ], [ 37.577525388000026, 1.379870923000055 ], [ 37.576622009000175, 1.380584478 ], [ 37.574182015000076, 1.380370972000094 ], [ 37.572971812000048, 1.382269721000114 ], [ 37.572559948000048, 1.383070719000102 ], [ 37.572194832000037, 1.384011394000026 ], [ 37.571796501000051, 1.385327055000118 ], [ 37.57057957100011, 1.38836376800009 ], [ 37.56857872400019, 1.389534950000041 ], [ 37.567169967000041, 1.389814669000145 ], [ 37.564544678000175, 1.38973903700014 ], [ 37.563860275000138, 1.39022884600007 ], [ 37.563083649000191, 1.39071285700004 ], [ 37.562165633000063, 1.393220821000057 ], [ 37.561717873000134, 1.393924417000051 ], [ 37.56103220500006, 1.394664974000079 ], [ 37.558888972000091, 1.396109030000048 ], [ 37.550788060000059, 1.40996800400012 ], [ 37.545960006000087, 1.418559062000043 ], [ 37.542696389000128, 1.424335701000075 ], [ 37.535865069000181, 1.436550184000055 ], [ 37.522671364000189, 1.460052848999965 ], [ 37.516971785000123, 1.470155177000095 ], [ 37.507673577000105, 1.48664641300013 ], [ 37.499871142000188, 1.500552037000148 ], [ 37.496969649000164, 1.506349001 ], [ 37.495923320000031, 1.50846658100005 ], [ 37.495502376000161, 1.509310725000091 ], [ 37.493756032000078, 1.512773195000079 ], [ 37.492269890000046, 1.51586736400003 ], [ 37.491850404000161, 1.51673977500019 ], [ 37.491393478000191, 1.517642144000149 ], [ 37.488874163000048, 1.522435615000177 ], [ 37.487291135000135, 1.525628596000104 ], [ 37.486841574000152, 1.52653487300006 ], [ 37.486430141000142, 1.52732083300009 ], [ 37.484990111000172, 1.530066346000126 ], [ 37.48398345600009, 1.532104200000163 ], [ 37.483567461000064, 1.532947938000177 ], [ 37.483197978000135, 1.533684399000094 ], [ 37.482286771000133, 1.535497886000144 ], [ 37.481892597000069, 1.53627506000015 ], [ 37.479962874000137, 1.54006938100008 ], [ 37.479107031000126, 1.541741166000122 ], [ 37.47868809300013, 1.542558348000057 ], [ 37.478306566000072, 1.543317335000097 ], [ 37.477275823000127, 1.545351224000058 ], [ 37.475835317000133, 1.548153774000127 ], [ 37.475379733000125, 1.549054097000067 ], [ 37.474892682000075, 1.54998498000009 ], [ 37.474164617000099, 1.551374680000151 ], [ 37.473663842000178, 1.55218641800019 ], [ 37.473146462000159, 1.55296081900002 ], [ 37.47101512, 1.556178574000114 ], [ 37.470488646000149, 1.556976860000077 ], [ 37.469369381000035, 1.558669118000125 ], [ 37.466156365000074, 1.563428765000026 ], [ 37.46318205700004, 1.567931023000028 ], [ 37.462522770000078, 1.56891583100014 ], [ 37.461874330000114, 1.569829525000102 ], [ 37.460083217000147, 1.572352093000063 ], [ 37.457084041000144, 1.576759074000108 ], [ 37.45508034400018, 1.579853747000129 ], [ 37.454600871000025, 1.58057512 ], [ 37.453126697000073, 1.582750005000094 ], [ 37.452658624000151, 1.58344048500004 ], [ 37.452137970000081, 1.584181574000183 ], [ 37.451093319000051, 1.585646759000156 ], [ 37.44987752600008, 1.587443804999964 ], [ 37.449069072000157, 1.5886398560001 ], [ 37.448340460000111, 1.589777156000025 ], [ 37.447088695, 1.591730576000032 ], [ 37.445260419000078, 1.594599086000073 ], [ 37.444778886000108, 1.595354100000179 ], [ 37.444252446000064, 1.596180308000157 ], [ 37.440364596000109, 1.60225111699998 ], [ 37.438462829000059, 1.60526799500002 ], [ 37.437374372000136, 1.606766053000172 ], [ 37.436876196000128, 1.607452423000097 ], [ 37.436424756000065, 1.608116001000155 ], [ 37.433520404000092, 1.612671785000146 ], [ 37.432978681000122, 1.613507710000135 ], [ 37.431562435000046, 1.61566116900002 ], [ 37.430358400000159, 1.617496579000033 ], [ 37.429736733000141, 1.618441173 ], [ 37.428459853000163, 1.620428308000044 ], [ 37.426661492000164, 1.623262336000039 ], [ 37.422852236000097, 1.62934025200002 ], [ 37.418956740000169, 1.635447851000094 ], [ 37.414999801000079, 1.641531668000141 ], [ 37.412154030000067, 1.646048075000181 ], [ 37.408931702000075, 1.650288628000112 ], [ 37.407584486000189, 1.652929066000127 ], [ 37.40698119200016, 1.654055621000168 ], [ 37.40628793000019, 1.65513101300013 ], [ 37.403388109000161, 1.659671198000183 ], [ 37.40048661700007, 1.664249526000106 ], [ 37.398027034000052, 1.668164285000103 ], [ 37.397352519000094, 1.669237298000155 ], [ 37.396676303000106, 1.670291863000102 ], [ 37.393558394000138, 1.675161465000144 ], [ 37.392990146000045, 1.676030539000067 ], [ 37.391787862, 1.677860727000166 ], [ 37.39036660700009, 1.680127890999984 ], [ 37.389909386000056, 1.680848810000043 ], [ 37.38689454900009, 1.685529776000124 ], [ 37.385761629000115, 1.687390952999976 ], [ 37.38517505100009, 1.688341642000069 ], [ 37.383060497000088, 1.691575454000088 ], [ 37.381153008000126, 1.69466617400002 ], [ 37.37925124100002, 1.697671191000097 ], [ 37.377267917000097, 1.700842117999969 ], [ 37.376838885000097, 1.701528715000052 ], [ 37.376382171000159, 1.702245813000047 ], [ 37.373474097000042, 1.706855987000097 ], [ 37.372965006000129, 1.707645109 ], [ 37.372493959000167, 1.708378697000171 ], [ 37.371531078000146, 1.70987720800008 ], [ 37.371048418000157, 1.710634577000121 ], [ 37.37055347800009, 1.711399908000089 ], [ 37.369575649000069, 1.712935446000131 ], [ 37.368615084000112, 1.714443024 ], [ 37.368167166000148, 1.715146637000032 ], [ 37.367690333000041, 1.715883273000088 ], [ 37.365699227000164, 1.718957342000124 ], [ 37.362786290000088, 1.723553552000112 ], [ 37.359884798, 1.728149701000177 ], [ 37.358790336000084, 1.729551580000077 ], [ 37.358193657000186, 1.730055462 ], [ 37.35732893100004, 1.730541218000042 ], [ 37.350887515000124, 1.733680646000096 ], [ 37.349875927000085, 1.734152430000051 ], [ 37.348871048000035, 1.734588514000109 ], [ 37.344297094000126, 1.736573287000112 ], [ 37.340999144000079, 1.737945448 ], [ 37.338178170000106, 1.739054838000129 ], [ 37.334455153000135, 1.740542266000148 ], [ 37.327042900000151, 1.743453186000124 ], [ 37.325775342000043, 1.743950981000182 ], [ 37.324485971000058, 1.744459044 ], [ 37.319683251000072, 1.746339291000083 ], [ 37.317369167000095, 1.747275841000089 ], [ 37.316354415000148, 1.7476685150001 ], [ 37.310065288000146, 1.750057121 ], [ 37.307523282000147, 1.750747933000127 ], [ 37.306125550000161, 1.751280364000081 ], [ 37.305332734000103, 1.751568997000049 ], [ 37.304202156000144, 1.75407613800013 ], [ 37.303823290000082, 1.755413880000106 ], [ 37.303041084000029, 1.758471123000049 ], [ 37.302266668000073, 1.761539896000045 ], [ 37.300747512000157, 1.76739314800011 ], [ 37.300490505000084, 1.768362484000022 ], [ 37.299389971000153, 1.772462675000043 ], [ 37.298152916000049, 1.777576509000028 ], [ 37.296854418000066, 1.782764186 ], [ 37.29545251400009, 1.787842376000071 ], [ 37.294073497999989, 1.793059795000033 ], [ 37.292775003000145, 1.798275030000127 ], [ 37.292531194000105, 1.799240393 ], [ 37.292246295000098, 1.800135297000168 ], [ 37.291071355000042, 1.803835149 ], [ 37.290385237000123, 1.807204804000037 ], [ 37.290183189000118, 1.808132412000077 ], [ 37.289593807000188, 1.810265573000095 ], [ 37.288764654000033, 1.813547369 ], [ 37.288223573000153, 1.815711097000133 ], [ 37.287981536000075, 1.816653217000123 ], [ 37.28739898900011, 1.818729145000134 ], [ 37.286577465000164, 1.822038776000113 ], [ 37.285694757000158, 1.825492541000187 ], [ 37.285334399000192, 1.826897424000151 ], [ 37.283894228000122, 1.832376049 ], [ 37.282892768000067, 1.83619643500009 ], [ 37.282559180000135, 1.837516946000051 ], [ 37.281857349000063, 1.840365927000107 ], [ 37.281565900000032, 1.841549685000189 ], [ 37.281276463000154, 1.842691991000038 ], [ 37.280396253000163, 1.846083035000106 ], [ 37.280175883000027, 1.84695215500011 ], [ 37.279978280000137, 1.847759943000142 ], [ 37.279458815000055, 1.849837507000075 ], [ 37.278663994000112, 1.852857723000056 ], [ 37.277756231000012, 1.856259019000106 ], [ 37.276871159000166, 1.859675434000053 ], [ 37.276652703000025, 1.860546457000112 ], [ 37.276417496000192, 1.861456473999965 ], [ 37.27509206700006, 1.866468925000049 ], [ 37.274469821000082, 1.868467021000129 ], [ 37.274034304, 1.869895151000037 ], [ 37.272897642000089, 1.870016781000118 ], [ 37.270892077000155, 1.870248676000017 ], [ 37.263820648000149, 1.870551631000126 ], [ 37.262103503000048, 1.870626215000129 ], [ 37.254550800000175, 1.870943637999972 ], [ 37.251636805000032, 1.871008001000064 ], [ 37.250111195999978, 1.871065074000114 ], [ 37.249323277000087, 1.871167600000035 ], [ 37.247704127000077, 1.871405091000042 ], [ 37.24668422700006, 1.871577633000129 ], [ 37.245809977000192, 1.871624114000156 ], [ 37.244052898, 1.871663396000031 ], [ 37.242317200000116, 1.871675257000049 ], [ 37.241475480000133, 1.871663968000064 ], [ 37.240543602000116, 1.871640638000088 ], [ 37.237152504000164, 1.871571732000064 ], [ 37.235317529000156, 1.871721231000095 ], [ 37.234098152000058, 1.871999821000088 ], [ 37.233255807000091, 1.872584445000143 ], [ 37.232437157000049, 1.873374774000069 ], [ 37.231190391999974, 1.87455892800017 ], [ 37.230140275000053, 1.875986605999969 ], [ 37.229631676000167, 1.876708216000168 ], [ 37.229175864000126, 1.877397662000021 ], [ 37.227784668000083, 1.879563585000085 ], [ 37.227037278000068, 1.880727071000081 ], [ 37.226268107000124, 1.881907029 ], [ 37.224336817000051, 1.884849952000081 ], [ 37.223838658000091, 1.885628877000102 ], [ 37.223359247000133, 1.886357983000039 ], [ 37.222340608000138, 1.887851580000074 ], [ 37.221866195000075, 1.888545629000021 ], [ 37.221382430000119, 1.889195991 ], [ 37.220730954000032, 1.890087299000072 ], [ 37.220118472000138, 1.890838478000148 ], [ 37.219567666000046, 1.891385721 ], [ 37.218915641000194, 1.891852245000052 ], [ 37.217327118000128, 1.893149614000038 ], [ 37.215852787000074, 1.894060715000023 ], [ 37.215311544000144, 1.894636992000187 ], [ 37.214558230000137, 1.895180168000024 ], [ 37.213302499000065, 1.896040993000099 ], [ 37.212450924000052, 1.896615768000117 ], [ 37.211440276000133, 1.89725262900015 ], [ 37.210000792000187, 1.898172925999972 ], [ 37.208548642000153, 1.899191869 ], [ 37.207378158000097, 1.900020358000063 ], [ 37.205300751000095, 1.901457383000036 ], [ 37.204494914000122, 1.902005930000087 ], [ 37.202778876000025, 1.903108894000184 ], [ 37.201979364000124, 1.903641449000133 ], [ 37.201210076000109, 1.90415321800009 ], [ 37.200039008000033, 1.904968994000114 ], [ 37.197958312000139, 1.906427361000055 ], [ 37.196673955000051, 1.907278216 ], [ 37.195475574000056, 1.908072083000093 ], [ 37.191090916, 1.911031688000094 ], [ 37.19036455000014, 1.911536333000186 ], [ 37.189672646000076, 1.912009667000063 ], [ 37.187488788000053, 1.913448806000076 ], [ 37.186626779000051, 1.914035390000095 ], [ 37.183956435000084, 1.916028038000093 ], [ 37.181072109000183, 1.918074994 ], [ 37.17823661500006, 1.920186364000074 ], [ 37.177138539000168, 1.921001354000055 ], [ 37.176247852000074, 1.921734356000115 ], [ 37.175498386000072, 1.922530548000054 ], [ 37.173154824000108, 1.925072833 ], [ 37.171972716000028, 1.926443257000074 ], [ 37.17136711600017, 1.927144582000096 ], [ 37.170838029000038, 1.927846136000085 ], [ 37.16897772100009, 1.93084005500009 ], [ 37.167179360000091, 1.933765328999982 ], [ 37.165118624000115, 1.937264743000185 ], [ 37.164636686, 1.938438851000171 ], [ 37.164246042, 1.939397820000181 ], [ 37.163931411000192, 1.9401717020001 ], [ 37.163734633000104, 1.941049924000083 ], [ 37.163545963000104, 1.941886433000093 ], [ 37.163150429000041, 1.943599099999972 ], [ 37.162970664, 1.944398276000015 ], [ 37.162912009000024, 1.945509173 ], [ 37.162797186000034, 1.947106848000146 ], [ 37.162677316999975, 1.949031774000048 ], [ 37.162370378999981, 1.954258924000044 ], [ 37.162169289000076, 1.957843547000039 ], [ 37.161526702000117, 1.963293728000053 ], [ 37.161220806000188, 1.964583615000151 ], [ 37.16010897000001, 1.964082679000057 ], [ 37.158865007000031, 1.963673103000133 ], [ 37.157571892000078, 1.963737349000098 ], [ 37.155669157000091, 1.964168351000069 ], [ 37.154835790000163, 1.964365246000114 ], [ 37.153885243000104, 1.964473076000104 ], [ 37.151784937000059, 1.964716622000026 ], [ 37.150399239000194, 1.964762968000116 ], [ 37.148661553000125, 1.964853247000065 ], [ 37.145159392000153, 1.965040245000068 ], [ 37.144275984000046, 1.96506616500011 ], [ 37.143364700000177, 1.965103252000063 ], [ 37.13988418800011, 1.965347090000137 ], [ 37.135076179000123, 1.96545938600002 ], [ 37.132958999000095, 1.965829130999964 ], [ 37.130587744000081, 1.966033480000078 ], [ 37.129579955000111, 1.966162224000072 ], [ 37.127454787000147, 1.966456241000174 ], [ 37.122857039000053, 1.96713855400003 ], [ 37.121944365, 1.967433211000184 ], [ 37.120430476000081, 1.968242659 ], [ 37.11919100800003, 1.968806791000134 ], [ 37.116760572000032, 1.969449886000177 ], [ 37.115777257000104, 1.969647925000118 ], [ 37.113654000000167, 1.970040864 ], [ 37.108496245000026, 1.971070332000124 ], [ 37.105077724000068, 1.97176532300017 ], [ 37.101682091000043, 1.972557939000183 ], [ 37.096613045000026, 1.973707064000166 ], [ 37.095275276000109, 1.974074713999983 ], [ 37.093155816000035, 1.974752519000049 ], [ 37.089997512000025, 1.976258008000173 ], [ 37.086791524000148, 1.977849140000046 ], [ 37.083726343000137, 1.979288613 ], [ 37.082931332000157, 1.979668791000051 ], [ 37.080246510000052, 1.980958631000021 ], [ 37.078883367000174, 1.981617030000052 ], [ 37.077457687000162, 1.982088668000131 ], [ 37.075356127000134, 1.982531053000059 ], [ 37.071887606000132, 1.98256079500004 ], [ 37.066578762000177, 1.982755924000116 ], [ 37.063091166999982, 1.982841627000028 ], [ 37.057799489000047, 1.982951113000183 ], [ 37.05409363900003, 1.983042777000151 ], [ 37.047198967000099, 1.983152262000033 ], [ 37.041982085000143, 1.983255787000189 ], [ 37.036753759000078, 1.983427193000125 ], [ 37.033257293000133, 1.983496022000054 ], [ 37.032274805000043, 1.98352474800015 ], [ 37.031254298000079, 1.983555107000086 ], [ 37.027991652000139, 1.983652065000115 ], [ 37.024660253000093, 1.983825639000088 ], [ 37.019294805000072, 1.984042442000145 ], [ 37.015795766000167, 1.98416980900015 ], [ 37.012403346000156, 1.9843560650001 ], [ 37.011352724000062, 1.984426859000052 ], [ 37.010576083000046, 1.984690713000077 ], [ 37.008996661000083, 1.985515027000076 ], [ 37.008356282000136, 1.986035245000096 ], [ 37.007781524000166, 1.9867049610001 ], [ 37.004354647000071, 1.990735606999976 ], [ 37.003082258, 1.992068668000059 ], [ 37.002143105000016, 1.993036280000183 ], [ 37.001398495000046, 1.994060142000023 ], [ 36.999959289000174, 1.996272661000035 ], [ 36.998040586000172, 1.998966369000129 ], [ 36.997271978000128, 1.999759567000012 ], [ 36.976494353000078, 2.008647762000123 ], [ 36.97077188600008, 2.012249491000148 ], [ 36.963469314000179, 2.016443283000058 ], [ 36.960952834000125, 2.018071191000104 ], [ 36.958600795000166, 2.01996401800011 ], [ 36.956659404000163, 2.021611463999989 ], [ 36.956047561999981, 2.022115472000166 ], [ 36.955354744000033, 2.02263559700009 ], [ 36.951972472000136, 2.025175774000047 ], [ 36.948789790999967, 2.026483725000162 ], [ 36.947475903000168, 2.026753662000033 ], [ 36.94603698800006, 2.026752439 ], [ 36.940822089000108, 2.026317301000063 ], [ 36.939710320000074, 2.026002344000062 ], [ 36.937466918000098, 2.025274530000047 ], [ 36.934784273000048, 2.02377571400001 ], [ 36.934063975000129, 2.023373302000095 ], [ 36.933303936000073, 2.022912773000144 ], [ 36.928887618000033, 2.019944356999986 ], [ 36.92797337900015, 2.01935596300018 ], [ 36.927001389000054, 2.018879086000084 ], [ 36.924391878000051, 2.018071072000168 ], [ 36.92108630000007, 2.017775041000107 ], [ 36.918275999000173, 2.018246128000101 ], [ 36.917221510000047, 2.018656277 ], [ 36.916328430000078, 2.019161463000046 ], [ 36.91649938900008, 2.022462377000181 ], [ 36.916997044000141, 2.024676580000119 ], [ 36.917193487000134, 2.025548155000024 ], [ 36.917401266000184, 2.026366805000066 ], [ 36.918669411000053, 2.03085008000005 ], [ 36.919242175000193, 2.034518748000039 ], [ 36.919213552000031, 2.039223433000188 ], [ 36.919264664000025, 2.040552990000151 ], [ 36.919433601000037, 2.041736965000155 ], [ 36.920052242000168, 2.044368545000111 ], [ 36.920199517000185, 2.04954930700012 ], [ 36.919657692000044, 2.053447187000017 ], [ 36.92128548200003, 2.057739616 ], [ 36.921733304000156, 2.060161538000045 ], [ 36.921530160000032, 2.06366343600007 ], [ 36.921373197000094, 2.06485166300007 ], [ 36.921173823000117, 2.065919044000168 ], [ 36.920396792000076, 2.070073837000109 ], [ 36.920199517000185, 2.075649387000112 ], [ 36.919558101000064, 2.079152477999969 ], [ 36.918966277000095, 2.084728027999972 ], [ 36.919150219000016, 2.08986548300004 ], [ 36.919149674999971, 2.091033070000151 ], [ 36.919063961000177, 2.095631734000108 ], [ 36.918857574000072, 2.101357222000104 ], [ 36.917676675000166, 2.101445781000052 ], [ 36.916484774000025, 2.101581475999978 ], [ 36.914626410000096, 2.101849909000123 ], [ 36.913892259000193, 2.102317325000058 ], [ 36.911842052000111, 2.104836601000102 ], [ 36.911960570000133, 2.107857065000132 ], [ 36.912552395000034, 2.11344286700006 ], [ 36.913785634000192, 2.12636915000013 ], [ 36.902784841000084, 2.154269021000118 ], [ 36.901599285000032, 2.157255203000091 ], [ 36.90047127400004, 2.163463366000144 ], [ 36.900316291000138, 2.164307276000159 ], [ 36.896752157000094, 2.183128921000048 ], [ 36.894888537000099, 2.192729956000164 ], [ 36.892274373000134, 2.195640746000095 ], [ 36.882658817000163, 2.216113707000034 ], [ 36.864594188000069, 2.254452182000023 ], [ 36.85289244300003, 2.265731244000165 ], [ 36.844554319000054, 2.274961546000043 ], [ 36.84484481800007, 2.275682926000059 ], [ 36.837257055000066, 2.296933833000026 ], [ 36.83499125600008, 2.303149248000125 ], [ 36.825271795000162, 2.330532329000164 ], [ 36.815603257000078, 2.356992125999966 ], [ 36.805091457, 2.386531611000123 ], [ 36.799889834000169, 2.400943177000045 ], [ 36.796163003000061, 2.411348689000022 ], [ 36.788852800000143, 2.431575280000118 ], [ 36.786096676, 2.439076438000143 ], [ 36.782193551000091, 2.449947242000064 ], [ 36.777068629999974, 2.464239667000186 ], [ 36.775193566000098, 2.46943330400012 ], [ 36.770555156, 2.48254422499997 ], [ 36.767274373000078, 2.48967110000018 ], [ 36.76547410500018, 2.493645325000102 ], [ 36.759192238000082, 2.514763586000129 ] ] ] } },
{ "type": "Feature", "properties": { "county": "Baringo", "pcode": "KE030", "area_sqkm": 10889.239312670001 }, "geometry": { "type": "Polygon", "coordinates": [ [ [ 35.783897744000171, 1.655568831000096 ], [ 35.782981247000123, 1.65589258000017 ], [ 35.781971126000087, 1.656380670000033 ], [ 35.780908341000043, 1.656535689000179 ], [ 35.77984237700008, 1.655390739000154 ], [ 35.779647697000144, 1.653757198000051 ], [ 35.779527563000158, 1.652742431000036 ], [ 35.779620019000163, 1.651084508000054 ], [ 35.780507115000034, 1.650429666999969 ], [ 35.781496048000065, 1.650035501000048 ], [ 35.781495595000138, 1.649106669000105 ], [ 35.780907462000016, 1.64832601500018 ], [ 35.78020699700005, 1.647647212000095 ], [ 35.779428063000125, 1.646937695000076 ], [ 35.778303521000169, 1.645845780000059 ], [ 35.777458191, 1.645037413000068 ], [ 35.777397156, 1.644162178000045 ], [ 35.777587908000157, 1.642958797 ], [ 35.777404052000065, 1.642156931000102 ], [ 35.777519225999981, 1.641286612000101 ], [ 35.77855245100011, 1.640480552000042 ], [ 35.779397035000045, 1.63987900300009 ], [ 35.779945290000171, 1.639326727000082 ], [ 35.780057412000019, 1.638433737000071 ], [ 35.78012082500004, 1.636225173000128 ], [ 35.780769501000066, 1.634593622000011 ], [ 35.781241917999978, 1.633693462000167 ], [ 35.782066963000148, 1.633686558000136 ], [ 35.783084869000163, 1.634159923000141 ], [ 35.784604342000193, 1.633661738 ], [ 35.785489071000143, 1.633176311000113 ], [ 35.786428731000058, 1.632490304999976 ], [ 35.787686545000042, 1.631561670000167 ], [ 35.788363421000099, 1.630923475000031 ], [ 35.789738026000066, 1.629081584000119 ], [ 35.790024174000109, 1.62833597499997 ], [ 35.790335616000107, 1.627252016000114 ], [ 35.790402805000099, 1.626416341000152 ], [ 35.789460768000026, 1.625909848000049 ], [ 35.788618143000065, 1.625600036000037 ], [ 35.787398364000126, 1.624912704000167 ], [ 35.785663046000025, 1.624819224000078 ], [ 35.7846502700001, 1.624920223000174 ], [ 35.782909262000089, 1.625142102000154 ], [ 35.782137038000144, 1.625044270000046 ], [ 35.780895233000024, 1.625032783000051 ], [ 35.780468078000069, 1.624154901000111 ], [ 35.78035552800003, 1.623161353000114 ], [ 35.780372366000165, 1.621796858000096 ], [ 35.780518950000044, 1.620677904000104 ], [ 35.780700842000158, 1.619905062999976 ], [ 35.780875415000139, 1.61885274500014 ], [ 35.780582428000116, 1.61784362800006 ], [ 35.780647278000174, 1.616843462000077 ], [ 35.781374343000039, 1.616141472999971 ], [ 35.781924863000086, 1.615546776999963 ], [ 35.782720633000054, 1.614788705000137 ], [ 35.783587984000121, 1.614049693000084 ], [ 35.784062484000117, 1.613409914000044 ], [ 35.784160240000062, 1.612469868000062 ], [ 35.784356080000066, 1.610980760000132 ], [ 35.785435681000138, 1.610057400000073 ], [ 35.786575318000018, 1.609638572000108 ], [ 35.786466222000058, 1.608786241000189 ], [ 35.785890264000045, 1.608224825999969 ], [ 35.784768684000142, 1.607316749000063 ], [ 35.784137975000078, 1.606627599000092 ], [ 35.781844719000048, 1.605567886000074 ], [ 35.780956837000133, 1.605421155000101 ], [ 35.779647006000175, 1.605367669000088 ], [ 35.77917671199998, 1.604588986000067 ], [ 35.780083116000014, 1.603728329000035 ], [ 35.780892094000194, 1.602717252000105 ], [ 35.781487162000019, 1.601082237000071 ], [ 35.781877320000149, 1.599184416000185 ], [ 35.781673465999972, 1.598431472000073 ], [ 35.781070209000063, 1.59735490800017 ], [ 35.780676801000027, 1.596471017000113 ], [ 35.78122490200019, 1.595258670000078 ], [ 35.782268524000187, 1.594013989000018 ], [ 35.782295797000074, 1.592927349000036 ], [ 35.781539848000136, 1.591691043000026 ], [ 35.780521398000076, 1.590849663000085 ], [ 35.779582977000132, 1.590274811000086 ], [ 35.779369777000056, 1.589380146000053 ], [ 35.779608023000094, 1.588608779000083 ], [ 35.779981068000097, 1.587942178000105 ], [ 35.780692055000088, 1.586731830000133 ], [ 35.781761975000109, 1.585065292000081 ], [ 35.782281195999985, 1.584027337000123 ], [ 35.783054068000183, 1.582169881000084 ], [ 35.783619370000054, 1.581111216000124 ], [ 35.782388940000033, 1.579970166000066 ], [ 35.781372063, 1.579728983999985 ], [ 35.779882431000033, 1.578411222000057 ], [ 35.779695715000059, 1.577343929000108 ], [ 35.779933890000109, 1.576466098000026 ], [ 35.780366049000065, 1.574584366000124 ], [ 35.780243755000072, 1.573617083000102 ], [ 35.779932022000139, 1.571875513000066 ], [ 35.779248139000117, 1.571463343000062 ], [ 35.778463020000117, 1.571497703999967 ], [ 35.777466994000122, 1.57164887600004 ], [ 35.775689642000145, 1.571895206000022 ], [ 35.775570448000053, 1.570708986999989 ], [ 35.77579092700006, 1.569522289000076 ], [ 35.775825399000098, 1.568669337000188 ], [ 35.775416263000182, 1.566603279000105 ], [ 35.775310182000169, 1.565524479000032 ], [ 35.775327255000093, 1.563776291000181 ], [ 35.775563508000175, 1.562573981000185 ], [ 35.77471336200017, 1.559405973000025 ], [ 35.774241933000155, 1.558341097000039 ], [ 35.774067212000034, 1.557384682000077 ], [ 35.773863791000167, 1.555810910000048 ], [ 35.773948473000075, 1.554329157000097 ], [ 35.773618184000156, 1.552801318000093 ], [ 35.772440709000193, 1.551721803000021 ], [ 35.771346215000051, 1.55083958900002 ], [ 35.770768076000081, 1.550181557000144 ], [ 35.770108113999981, 1.548931257000049 ], [ 35.769459018000134, 1.547250752000025 ], [ 35.769086086000186, 1.546230853999987 ], [ 35.768791156000077, 1.545183426 ], [ 35.768492753000032, 1.543114453000157 ], [ 35.768410340000059, 1.541719907000072 ], [ 35.768523815000094, 1.540775451000059 ], [ 35.768759588000137, 1.539522385000112 ], [ 35.768966860999967, 1.538577565000139 ], [ 35.769158974000163, 1.537513690000139 ], [ 35.769266812000183, 1.536329078000165 ], [ 35.769280237000146, 1.535267863 ], [ 35.769162908000112, 1.534431596 ], [ 35.76660614400015, 1.53340448400013 ], [ 35.76556727500008, 1.533135366000067 ], [ 35.764266968000072, 1.533199309999986 ], [ 35.763454437000064, 1.532699108000031 ], [ 35.76320030800008, 1.531733293000116 ], [ 35.762641907000159, 1.53051114100009 ], [ 35.762455941000042, 1.529218942 ], [ 35.763454160000094, 1.52827013000001 ], [ 35.763202946000092, 1.525684908000187 ], [ 35.762010079000106, 1.524167473000091 ], [ 35.761541620000173, 1.523410144000081 ], [ 35.760928367000133, 1.522222113999987 ], [ 35.761103900000194, 1.520638927 ], [ 35.76158142100013, 1.519258618000094 ], [ 35.760976187000153, 1.51855367700017 ], [ 35.759640183000101, 1.518164053000078 ], [ 35.757566206000035, 1.51768744400016 ], [ 35.756239618000052, 1.516933396000127 ], [ 35.755661565000082, 1.516383129000133 ], [ 35.755056800000034, 1.515217088000043 ], [ 35.754660336000086, 1.513916061000145 ], [ 35.75433743800005, 1.513091978000034 ], [ 35.752844480000135, 1.511108670000112 ], [ 35.752207921000149, 1.510591848000161 ], [ 35.752081138000051, 1.507895205000068 ], [ 35.751806269000156, 1.506072144000086 ], [ 35.750690401000156, 1.505737949999968 ], [ 35.749816620000104, 1.505583831000138 ], [ 35.748695816000065, 1.505423714000074 ], [ 35.747244274000082, 1.505144028000075 ], [ 35.745799308000073, 1.504903359000139 ], [ 35.744553539000094, 1.504774208000185 ], [ 35.743620508000049, 1.504801168000085 ], [ 35.742656439000143, 1.504630806000023 ], [ 35.742515659000048, 1.503120673000069 ], [ 35.742463095000119, 1.50194925400001 ], [ 35.742095205000055, 1.500713638000093 ], [ 35.739919032000046, 1.498171443 ], [ 35.739071374000105, 1.497603263000087 ], [ 35.738597932000175, 1.496993658000179 ], [ 35.738032098000076, 1.496274457000084 ], [ 35.73721170400006, 1.495367355000155 ], [ 35.736535298000035, 1.494487929000059 ], [ 35.735974267000074, 1.493591956999978 ], [ 35.735597402000053, 1.492335394 ], [ 35.735002518000044, 1.491400659000078 ], [ 35.734009444000151, 1.49122010100001 ], [ 35.733346386000164, 1.490719931000058 ], [ 35.732583650000095, 1.489669054000046 ], [ 35.73198120100011, 1.488764060000108 ], [ 35.731386537000105, 1.488098975000071 ], [ 35.730157852000104, 1.487931311000068 ], [ 35.729064942000093, 1.487543166000023 ], [ 35.728828430000078, 1.486802220000186 ], [ 35.729211553000084, 1.485931840000092 ], [ 35.729511574000128, 1.484890198000073 ], [ 35.730146408000053, 1.483967900000152 ], [ 35.730369568000071, 1.48275655499998 ], [ 35.729984997000145, 1.481935710000016 ], [ 35.729026352000119, 1.481398661000071 ], [ 35.727960750000079, 1.481176816000129 ], [ 35.727140773000144, 1.480906489000063 ], [ 35.726654098000097, 1.480272613000182 ], [ 35.72626180400016, 1.479585914000097 ], [ 35.725932588000092, 1.478882782000028 ], [ 35.725614619000169, 1.478085590000148 ], [ 35.725371862000088, 1.477343720000022 ], [ 35.725067403000025, 1.476408794000122 ], [ 35.724499999000159, 1.475429319 ], [ 35.723659468000164, 1.475093656000013 ], [ 35.722464963000164, 1.474707218000049 ], [ 35.721436599000185, 1.474379308000096 ], [ 35.720489502000078, 1.473959625000077 ], [ 35.719855629999984, 1.472763319000023 ], [ 35.719295564000049, 1.47181445700005 ], [ 35.719256687000097, 1.470829921000131 ], [ 35.719353859000137, 1.469570195000188 ], [ 35.719503374000169, 1.468423061000124 ], [ 35.720105236000052, 1.46750270299998 ], [ 35.720791053000028, 1.466673283000091 ], [ 35.721452151000051, 1.465893506000157 ], [ 35.722033330000045, 1.464687705000131 ], [ 35.722549654000147, 1.463587514000153 ], [ 35.722990431000142, 1.462629408000112 ], [ 35.723188176000065, 1.461757567000177 ], [ 35.723345729000016, 1.460637802000178 ], [ 35.723205752000069, 1.459725371000047 ], [ 35.722639543000071, 1.458029409000062 ], [ 35.721822468000028, 1.457795545000067 ], [ 35.721019745000149, 1.45781213000015 ], [ 35.720491409000147, 1.456894815000169 ], [ 35.720557079000059, 1.455847440000127 ], [ 35.720759681000118, 1.454586033999988 ], [ 35.720923018000065, 1.453556878000143 ], [ 35.720870800000171, 1.452766577000034 ], [ 35.720399911000186, 1.451861551000093 ], [ 35.719689736000134, 1.451050910000049 ], [ 35.718975028000159, 1.450742122000122 ], [ 35.718189874000188, 1.450457218000167 ], [ 35.71735007500007, 1.450200828000106 ], [ 35.716566581999984, 1.449998196000024 ], [ 35.715691576999973, 1.449657624000054 ], [ 35.714688003000106, 1.449240805000159 ], [ 35.7138637, 1.448754975999975 ], [ 35.712951660000044, 1.448027253000078 ], [ 35.712375641000108, 1.447145164 ], [ 35.712545690000013, 1.446017438000183 ], [ 35.711958528000139, 1.442332890000102 ], [ 35.711299832000179, 1.441802716000154 ], [ 35.710440962000121, 1.441179323000142 ], [ 35.709400038000183, 1.440616841000178 ], [ 35.708415658000092, 1.440204656000049 ], [ 35.707461956000031, 1.439701381000077 ], [ 35.706840832000182, 1.439172868000128 ], [ 35.706507683000041, 1.438160002000188 ], [ 35.706813812000064, 1.437101603000087 ], [ 35.707472125999971, 1.436599103000106 ], [ 35.708177941000031, 1.435990946000118 ], [ 35.708477048000191, 1.43385565300008 ], [ 35.708581048999974, 1.432850731000087 ], [ 35.708875861000081, 1.431795823000016 ], [ 35.707579549000116, 1.430385967000063 ], [ 35.706802685000127, 1.429694626000185 ], [ 35.70597744000014, 1.428992539999967 ], [ 35.705783844000109, 1.427675366000074 ], [ 35.706319126000153, 1.426632543000039 ], [ 35.706661485000154, 1.425931738000031 ], [ 35.706920039000067, 1.42510080400001 ], [ 35.707208314000184, 1.424374034000095 ], [ 35.707608223000136, 1.423472482000136 ], [ 35.708036423000067, 1.422365367000111 ], [ 35.708225250000112, 1.42127162200012 ], [ 35.707638467000152, 1.42071428800017 ], [ 35.706871033000084, 1.420542479000062 ], [ 35.706459045000088, 1.419707477000088 ], [ 35.706436157000155, 1.41880190400002 ], [ 35.706667441000093, 1.417874262000055 ], [ 35.70689678399998, 1.416632915999969 ], [ 35.707537311000124, 1.415403970999989 ], [ 35.708455184000172, 1.414839495000024 ], [ 35.709245036000141, 1.414568023000129 ], [ 35.710004686000104, 1.414364578000061 ], [ 35.71077397199997, 1.414207897000153 ], [ 35.71099222700019, 1.411724180000078 ], [ 35.710240132000024, 1.411143873000128 ], [ 35.70947540200018, 1.410660522 ], [ 35.708427953000125, 1.410225760000117 ], [ 35.707353592000118, 1.409875512000099 ], [ 35.707094193000103, 1.409064054999988 ], [ 35.707344609000188, 1.407877131000021 ], [ 35.706916399000136, 1.40680373500004 ], [ 35.706777573000181, 1.406053305000114 ], [ 35.707553863000101, 1.405412376000129 ], [ 35.708713247000105, 1.405571991999977 ], [ 35.709505414000034, 1.405365275 ], [ 35.710381239000071, 1.404939447000118 ], [ 35.711023331000092, 1.404277444000172 ], [ 35.711399079000103, 1.403395414000045 ], [ 35.711822510000047, 1.402525127000047 ], [ 35.711423874000104, 1.401831269000184 ], [ 35.710292678000144, 1.401825483000039 ], [ 35.709259432000067, 1.402003369000056 ], [ 35.708299525000143, 1.402203725999982 ], [ 35.707300259000078, 1.40237580400003 ], [ 35.706245373000172, 1.402266414000053 ], [ 35.704994864000184, 1.402199199000052 ], [ 35.703815570000131, 1.401812310000139 ], [ 35.703221460000179, 1.400798680000094 ], [ 35.702679042000057, 1.399747731000105 ], [ 35.702276358000177, 1.398893762000057 ], [ 35.702400786000169, 1.397985314000039 ], [ 35.702692249, 1.396912906000125 ], [ 35.702604287000042, 1.395770239000171 ], [ 35.702125924000143, 1.394742959000098 ], [ 35.701176241000155, 1.393478112000139 ], [ 35.70043564000008, 1.392450055000097 ], [ 35.699890262000054, 1.391794018000041 ], [ 35.699455865000118, 1.391142433000084 ], [ 35.699110032000192, 1.390352786 ], [ 35.699110032000192, 1.389541328000178 ], [ 35.699132920000125, 1.388635755000109 ], [ 35.699308395000173, 1.387871325000106 ], [ 35.700390083000116, 1.38785370700009 ], [ 35.701625824000132, 1.387836039000035 ], [ 35.702566147000084, 1.387447894000161 ], [ 35.702830307000056, 1.386584811000091 ], [ 35.702446557000087, 1.385684599 ], [ 35.701892962000045, 1.38454038600014 ], [ 35.701346660000127, 1.383642330000043 ], [ 35.700787494000053, 1.382733207000058 ], [ 35.700105407000024, 1.38175269200002 ], [ 35.699058054000147, 1.380458759000021 ], [ 35.698218058000123, 1.379722913000023 ], [ 35.697362061000035, 1.378985242000056 ], [ 35.696604788, 1.378206852000119 ], [ 35.695788404000155, 1.376009249999981 ], [ 35.695594788000108, 1.374887526000066 ], [ 35.694672051000055, 1.374268563000101 ], [ 35.693951111000104, 1.373378873000036 ], [ 35.693334580000169, 1.372747004000075 ], [ 35.693930594999983, 1.372014442000022 ], [ 35.694432884999969, 1.371314177000102 ], [ 35.694812285000125, 1.370315296000172 ], [ 35.694957733000081, 1.369265855000094 ], [ 35.694791794000139, 1.36824268099997 ], [ 35.69388198900009, 1.367589951000184 ], [ 35.693278383000063, 1.368261528000062 ], [ 35.69297027600004, 1.369077683000171 ], [ 35.692159653000033, 1.368971884000189 ], [ 35.691347123000128, 1.368383825000137 ], [ 35.690864563000162, 1.367607594000106 ], [ 35.691130336000015, 1.366647873000034 ], [ 35.691473269000085, 1.365406076000056 ], [ 35.691606396000168, 1.364566476 ], [ 35.691765583000119, 1.363812237000047 ], [ 35.691466518000141, 1.362982896000062 ], [ 35.690664098000184, 1.361783303000038 ], [ 35.689952639000182, 1.360877774000187 ], [ 35.689242158000127, 1.360251908000066 ], [ 35.688442230000192, 1.359716177000053 ], [ 35.687889099000188, 1.358869433000166 ], [ 35.687877655000136, 1.358093262000182 ], [ 35.688079456000025, 1.357194423000124 ], [ 35.688366890000168, 1.355788082000061 ], [ 35.689041138, 1.354670823000049 ], [ 35.69007609300013, 1.354044763000104 ], [ 35.690946579000183, 1.353247762000024 ], [ 35.690711976000046, 1.352483392000181 ], [ 35.69015269700003, 1.3517020970001 ], [ 35.689618918, 1.350831889000062 ], [ 35.688893860000064, 1.349771022000084 ], [ 35.688229100000171, 1.348803102000147 ], [ 35.687677384000153, 1.347943723000185 ], [ 35.687807083000109, 1.347132206000083 ], [ 35.688289643000076, 1.346250176000126 ], [ 35.68894767800009, 1.345215261000021 ], [ 35.68976548500018, 1.345363281000175 ], [ 35.690876007000043, 1.345556318999968 ], [ 35.692092896000077, 1.344803632000151 ], [ 35.692346573, 1.343756914000039 ], [ 35.691896642000188, 1.343047643000091 ], [ 35.690373765000061, 1.342639336000104 ], [ 35.688848942000106, 1.342163784000036 ], [ 35.689344039000105, 1.341381352000155 ], [ 35.690152196000099, 1.340861627000038 ], [ 35.690811052000072, 1.340343335000114 ], [ 35.691549513000155, 1.340124596000067 ], [ 35.692820152000024, 1.340038428000071 ], [ 35.694075020000128, 1.339915010000141 ], [ 35.695054633000098, 1.339426770000046 ], [ 35.696016947000146, 1.339158495000163 ], [ 35.696264522000092, 1.338054169000088 ], [ 35.695895761000088, 1.337080399000172 ], [ 35.695295299000122, 1.336261889000127 ], [ 35.695051193000154, 1.335053980000112 ], [ 35.695625305000078, 1.334273855000106 ], [ 35.696615500000178, 1.333604536000053 ], [ 35.69724839800017, 1.332887210000081 ], [ 35.697992961000011, 1.332305948000112 ], [ 35.698163033000071, 1.331114173000174 ], [ 35.697170345000188, 1.330185731000086 ], [ 35.696344376000127, 1.329832374999967 ], [ 35.696978887000171, 1.329032530000177 ], [ 35.698055312000122, 1.329218796000134 ], [ 35.699127197999985, 1.329502940000168 ], [ 35.70008659400014, 1.32892668300002 ], [ 35.70009452100004, 1.327790687000174 ], [ 35.698225834000027, 1.325565053000048 ], [ 35.69742816500019, 1.324865181000064 ], [ 35.697220611999967, 1.32387539400014 ], [ 35.697380634000069, 1.322799825000061 ], [ 35.697812667000051, 1.321406181000043 ], [ 35.697356819000163, 1.318756157000109 ], [ 35.697575797000184, 1.317052134000107 ], [ 35.697625797000057, 1.311852134000105 ], [ 35.697511902000088, 1.308850598000049 ], [ 35.697312336000095, 1.307184827000185 ], [ 35.696767019000049, 1.305311025000037 ], [ 35.696375796999973, 1.301752134000026 ], [ 35.69557579700006, 1.299352134 ], [ 35.694575797000084, 1.296352134000131 ], [ 35.695778418000032, 1.29617178500007 ], [ 35.696375796999973, 1.292652134000036 ], [ 35.695175797000161, 1.288652134000017 ], [ 35.695675797000149, 1.286252134000051 ], [ 35.696625797000081, 1.28415213400001 ], [ 35.69817579700009, 1.282252134000032 ], [ 35.697875797000108, 1.279052134000096 ], [ 35.701075797000044, 1.277552134000189 ], [ 35.702375797000116, 1.27355213400017 ], [ 35.705775797000058, 1.272852134000118 ], [ 35.707175797000104, 1.27055213400007 ], [ 35.706475797000053, 1.267552134000027 ], [ 35.704775797000082, 1.264052134000167 ], [ 35.702525797000078, 1.260452134 ], [ 35.700201852000077, 1.257356309000102 ], [ 35.701475797000057, 1.254052134000176 ], [ 35.700675797000144, 1.251202134000096 ], [ 35.700875796999981, 1.248252134000097 ], [ 35.702475797000034, 1.246352134000063 ], [ 35.702475797000034, 1.242052134000119 ], [ 35.700175797000156, 1.239852134000159 ], [ 35.700763859000176, 1.236160930999972 ], [ 35.700975797000126, 1.233152134000022 ], [ 35.703375797000092, 1.232052134000128 ], [ 35.70387579700008, 1.228602134000141 ], [ 35.702875797000104, 1.225152134000155 ], [ 35.700375797, 1.221752133999985 ], [ 35.699075797000091, 1.218752134000113 ], [ 35.697125797000069, 1.215852134000158 ], [ 35.697675797000102, 1.212852134000116 ], [ 35.697675797000102, 1.209052134000103 ], [ 35.69737579700012, 1.205252134000091 ], [ 35.698375797000097, 1.201952134000067 ], [ 35.701175797000133, 1.201452134000078 ], [ 35.702038980000054, 1.200519830000076 ], [ 35.702675797000097, 1.200052134000089 ], [ 35.702475797000034, 1.197152134000135 ], [ 35.703475797000181, 1.194552134000105 ], [ 35.704175797000175, 1.192252134000057 ], [ 35.703325797000048, 1.189752134000173 ], [ 35.703575797000099, 1.187252134000062 ], [ 35.703175797000029, 1.184852134000096 ], [ 35.703975797000169, 1.181752134000078 ], [ 35.70527579700007, 1.178752134000035 ], [ 35.705125797000107, 1.175752134000163 ], [ 35.704975797000145, 1.171952134000151 ], [ 35.705375796999988, 1.169152134000115 ], [ 35.704475797000157, 1.166552134000085 ], [ 35.704675797000164, 1.163352134000036 ], [ 35.704875797, 1.1601521340001 ], [ 35.704172428000163, 1.158954125000037 ], [ 35.704775797000082, 1.155152134000105 ], [ 35.704575797000075, 1.152152134000062 ], [ 35.708275797000169, 1.150852134000161 ], [ 35.709075797000082, 1.148852134000037 ], [ 35.70607579700004, 1.147152134000066 ], [ 35.705875797000147, 1.145052134000025 ], [ 35.705751095000153, 1.142749920000142 ], [ 35.705791570000031, 1.141654027000186 ], [ 35.705800188000012, 1.140271646000087 ], [ 35.705311268000059, 1.137501525000118 ], [ 35.705575797000051, 1.134652134000021 ], [ 35.704926200000045, 1.133242799000186 ], [ 35.703309063000063, 1.131085813000084 ], [ 35.701375797000139, 1.127952134000054 ], [ 35.701975797000046, 1.124452134000023 ], [ 35.701221639000039, 1.121803520000071 ], [ 35.700757353000142, 1.120517630000052 ], [ 35.700150914000176, 1.119215903999986 ], [ 35.698739514000067, 1.116670662000104 ], [ 35.69828959400013, 1.115844147000189 ], [ 35.697833213000138, 1.114713973000107 ], [ 35.697575797000184, 1.112352134000162 ], [ 35.698875797000085, 1.108852134000131 ], [ 35.699275797000155, 1.106352134000019 ], [ 35.69756432600019, 1.10418673700002 ], [ 35.695675797000149, 1.102852133999988 ], [ 35.69312579700005, 1.103952134000053 ], [ 35.691775797000048, 1.101252134000106 ], [ 35.690175797, 1.099452134000046 ], [ 35.686975797000116, 1.09885213400014 ], [ 35.685675796999988, 1.097352134 ], [ 35.685510213000157, 1.095803433000071 ], [ 35.684275797000168, 1.095752134000179 ], [ 35.684475797000175, 1.092752134000079 ], [ 35.682975797000097, 1.08915213400013 ], [ 35.679475797, 1.087852134000059 ], [ 35.67828310100009, 1.086900449000098 ], [ 35.677075797000043, 1.086352134000094 ], [ 35.677575797000031, 1.083652134000147 ], [ 35.677395236000109, 1.08137277000003 ], [ 35.677175797000132, 1.080152134000116 ], [ 35.676675796999973, 1.078652133999981 ], [ 35.676295956000104, 1.077794907000055 ], [ 35.675175797000065, 1.075852134000115 ], [ 35.672666527999979, 1.07406526699998 ], [ 35.672325797000155, 1.070252134000043 ], [ 35.674375797000096, 1.067252134000171 ], [ 35.674875797000084, 1.063952134000147 ], [ 35.674875797000084, 1.060052134000045 ], [ 35.67262579700008, 1.058002134000105 ], [ 35.671775797000123, 1.054852134000043 ], [ 35.670332631000065, 1.052580462000037 ], [ 35.669672555000147, 1.051654694000149 ], [ 35.668875797000169, 1.050652134000188 ], [ 35.668875797000169, 1.048352134000083 ], [ 35.671425797000097, 1.046002134 ], [ 35.67057579700014, 1.043052134000163 ], [ 35.668952129000047, 1.043795330000023 ], [ 35.668180587000165, 1.043922818999988 ], [ 35.666275797000139, 1.043752133999988 ], [ 35.666775797000128, 1.040052134000121 ], [ 35.664575797000168, 1.037052134000021 ], [ 35.662775797000108, 1.035052134000125 ], [ 35.659375797000166, 1.035202134000087 ], [ 35.656075797000142, 1.032602134000058 ], [ 35.654075797000189, 1.029402134000179 ], [ 35.65087579700014, 1.029752133999978 ], [ 35.64787579700004, 1.029452134000053 ], [ 35.645875797000144, 1.027252134000094 ], [ 35.644325843000161, 1.025808605000122 ], [ 35.643085135000149, 1.024684002000072 ], [ 35.641258183000161, 1.021950850000053 ], [ 35.642503568000109, 1.021439663000137 ], [ 35.643023947000074, 1.018886438000152 ], [ 35.643675797000185, 1.015952134000031 ], [ 35.642275797000138, 1.012852134000013 ], [ 35.641375797000137, 1.009752134000053 ], [ 35.639775797000084, 1.006852134000098 ], [ 35.638775797000108, 1.004252134000069 ], [ 35.636575797000148, 1.004152134000151 ], [ 35.637375797000118, 1.001652134000039 ], [ 35.635975797000071, 0.999252134000074 ], [ 35.634975797000095, 0.996552134000126 ], [ 35.633544640000082, 0.994105384000022 ], [ 35.634262004000107, 0.991986617000123 ], [ 35.634837262000133, 0.990999720000104 ], [ 35.636575797000148, 0.988852134000069 ], [ 35.638175797000031, 0.98665213400011 ], [ 35.639075797000089, 0.983252134000168 ], [ 35.638475797000183, 0.980252134000068 ], [ 35.635530936000123, 0.978883608 ], [ 35.635919403, 0.9758051 ], [ 35.634975797000095, 0.97305213400017 ], [ 35.636175797000078, 0.970952134000129 ], [ 35.637875797000049, 0.969252134000158 ], [ 35.638275797000119, 0.967002134000154 ], [ 35.637326702000053, 0.966809600000033 ], [ 35.635339558999988, 0.966038550000178 ], [ 35.636575797000148, 0.963902133999966 ], [ 35.636025797000116, 0.960452133999979 ], [ 35.634075797000094, 0.95825213400002 ], [ 35.632275796999977, 0.956252134000124 ], [ 35.630075797000075, 0.953152134000106 ], [ 35.631275797000058, 0.949252134 ], [ 35.631575797000153, 0.946352134000051 ], [ 35.631746509999971, 0.943550593000168 ], [ 35.631760188000044, 0.942552622000107 ], [ 35.631756290999988, 0.940354370000136 ], [ 35.631924256000161, 0.938731173 ], [ 35.633675797000024, 0.936052134000136 ], [ 35.634075797000094, 0.932852134000029 ], [ 35.635475797000083, 0.930552134000152 ], [ 35.634075797000094, 0.927452134000021 ], [ 35.635175797000159, 0.924252134000085 ], [ 35.63647579700006, 0.921352134000131 ], [ 35.636122601000125, 0.918315833000179 ], [ 35.635407226000041, 0.91786642 ], [ 35.634236774000158, 0.916455215000042 ], [ 35.633975797000176, 0.913552134000099 ], [ 35.631975797000052, 0.91095213400007 ], [ 35.629575797000086, 0.90955213400008 ], [ 35.626875797000139, 0.910252134000075 ], [ 35.626075797, 0.90775213400002 ], [ 35.626875797000139, 0.904452134000167 ], [ 35.626575796999987, 0.901752134000048 ], [ 35.627375797000127, 0.899852134000071 ], [ 35.627175797000064, 0.89735213400013 ], [ 35.626375797000151, 0.894852134000075 ], [ 35.627075797000145, 0.89230213400009 ], [ 35.625225797000041, 0.890302134000024 ], [ 35.622775797000031, 0.88805213400002 ], [ 35.62305109000016, 0.88558135 ], [ 35.623363729000175, 0.884446962000141 ], [ 35.623865065000075, 0.883510620000095 ], [ 35.625175797000168, 0.881602134000104 ], [ 35.626275797000062, 0.879652134000082 ], [ 35.62620679500003, 0.878551065000181 ], [ 35.626008893000176, 0.876784230999988 ], [ 35.625610592000157, 0.87601268200001 ], [ 35.624875797000016, 0.875352134000082 ], [ 35.624075797000103, 0.872752134000052 ], [ 35.623775797000121, 0.86975213400018 ], [ 35.623675797000033, 0.867052134000062 ], [ 35.624375797000027, 0.864352134000171 ], [ 35.62404645100014, 0.86174482500013 ], [ 35.624429850000183, 0.860169571000029 ], [ 35.625151046000155, 0.858029382000154 ], [ 35.625575797000067, 0.855652134000081 ], [ 35.627375797000127, 0.854152134000117 ], [ 35.629675797000175, 0.852352134000057 ], [ 35.632875797000111, 0.850352134000161 ], [ 35.63607579700016, 0.849052134000033 ], [ 35.635875797000153, 0.845752134 ], [ 35.638875797000026, 0.843752134000113 ], [ 35.640875797000149, 0.841852134000135 ], [ 35.642775797000127, 0.840452134000088 ], [ 35.640675797000085, 0.837952134000034 ], [ 35.639175797000178, 0.835852134000163 ], [ 35.638725797000063, 0.832802134000019 ], [ 35.639075797000089, 0.828852134000044 ], [ 35.637175797000054, 0.827252134000048 ], [ 35.639975797000091, 0.825152134000177 ], [ 35.642475797000031, 0.822252134000053 ], [ 35.64217579700005, 0.818952134000028 ], [ 35.641175797000074, 0.816552134000062 ], [ 35.63867579700019, 0.81495213400018 ], [ 35.636775796999984, 0.81235213400015 ], [ 35.634975797000095, 0.809952134000184 ], [ 35.634125797000138, 0.806152134000172 ], [ 35.63467579700017, 0.801652134000165 ], [ 35.635775797000065, 0.798552134000033 ], [ 35.634575797000082, 0.795552134000104 ], [ 35.635075797000013, 0.793352133999974 ], [ 35.637075797000136, 0.791552134000085 ], [ 35.637075797000136, 0.788852133999967 ], [ 35.634457653000027, 0.786452958999973 ], [ 35.634501945000181, 0.785063347000118 ], [ 35.634875797000177, 0.781952134000164 ], [ 35.6342757970001, 0.778552134000051 ], [ 35.632975797000029, 0.775752134000186 ], [ 35.631575797000153, 0.773852134000037 ], [ 35.631175797000139, 0.770952134000083 ], [ 35.629475797000168, 0.768752134000124 ], [ 35.628525797000066, 0.765302134000137 ], [ 35.627975797000033, 0.762652134000064 ], [ 35.62777579699997, 0.760052134000034 ], [ 35.626920636000193, 0.758540708000055 ], [ 35.626056809000033, 0.755494090000013 ], [ 35.625875797000162, 0.753052134000143 ], [ 35.625971854000056, 0.751451661000146 ], [ 35.626005259000067, 0.750554209000143 ], [ 35.625875797000162, 0.748052134000147 ], [ 35.625475797000092, 0.745852134000188 ], [ 35.624275797000109, 0.744352134000053 ], [ 35.622175797000125, 0.741952134000087 ], [ 35.620375797, 0.739852134000046 ], [ 35.620875797000167, 0.736252134000097 ], [ 35.623394765000057, 0.73420448000013 ], [ 35.62287579700012, 0.730852134000031 ], [ 35.6235409250001, 0.730244398000025 ], [ 35.624597004000123, 0.729717874000187 ], [ 35.626725797000176, 0.729052134000142 ], [ 35.62857579700011, 0.726852134000012 ], [ 35.626475797000069, 0.725852134000036 ], [ 35.627525797000089, 0.72490213400016 ], [ 35.628647241000181, 0.723830382000131 ], [ 35.629807094000114, 0.722776199 ], [ 35.63051890100013, 0.721784893000063 ], [ 35.63124990700004, 0.719708885000045 ], [ 35.630125797000119, 0.717152134000173 ], [ 35.632475797000041, 0.714652134000119 ], [ 35.633075797000117, 0.711852134000083 ], [ 35.633675797000024, 0.708552134000058 ], [ 35.633475797000187, 0.705452134000041 ], [ 35.633675797000024, 0.703052134000075 ], [ 35.634875797000177, 0.70155213400011 ], [ 35.633275797000124, 0.6991021340001 ], [ 35.631225797000184, 0.696102134000057 ], [ 35.631875797000134, 0.692552134000096 ], [ 35.629475797000168, 0.691052134000188 ], [ 35.62777579699997, 0.69015213400013 ], [ 35.628675797000028, 0.68795213400017 ], [ 35.625575797000067, 0.688152134 ], [ 35.623775797000121, 0.686452134000035 ], [ 35.624075797000103, 0.683252134000156 ], [ 35.625375797000174, 0.679852134000043 ], [ 35.62247579700005, 0.679252134000137 ], [ 35.619175797000025, 0.677952134 ], [ 35.615675797000165, 0.678552134000086 ], [ 35.614275797000175, 0.676352134000183 ], [ 35.611775797000064, 0.674652133999984 ], [ 35.608775797000192, 0.672952134000013 ], [ 35.606075797000074, 0.673552134000147 ], [ 35.604976758000191, 0.671619339000188 ], [ 35.604175797000096, 0.670652133999965 ], [ 35.60455740000009, 0.668974983000055 ], [ 35.604649788000131, 0.668157857000097 ], [ 35.604475797000191, 0.665752134000115 ], [ 35.605775797000092, 0.66215213400011 ], [ 35.605875797000067, 0.659452134 ], [ 35.605575797000085, 0.65710213400007 ], [ 35.607675797000127, 0.655352134000054 ], [ 35.608125797000071, 0.652102134000074 ], [ 35.607875797000133, 0.648302134000119 ], [ 35.608775797000192, 0.645452134000038 ], [ 35.607375797000145, 0.643152134000161 ], [ 35.606375797, 0.639952134000055 ], [ 35.603375797000126, 0.637352134000025 ], [ 35.601575797000066, 0.635252133999984 ], [ 35.599884214000156, 0.631926950000036 ], [ 35.600275797000165, 0.629352134000158 ], [ 35.598875797000119, 0.627552134000098 ], [ 35.597275797000066, 0.625352134000138 ], [ 35.596275797000146, 0.622052134000114 ], [ 35.596375797000064, 0.619352134 ], [ 35.597461174000046, 0.616899681000064 ], [ 35.596739948000049, 0.614727605999974 ], [ 35.596784418000027, 0.612055582999972 ], [ 35.597253880000153, 0.610843915000089 ], [ 35.597646124000107, 0.609643826000024 ], [ 35.597901783000168, 0.608343594000075 ], [ 35.597856323000144, 0.607074890999968 ], [ 35.597575797000047, 0.606252134000044 ], [ 35.598375797000131, 0.603852134000078 ], [ 35.60057579700009, 0.601452134000056 ], [ 35.60357579700019, 0.59905213400009 ], [ 35.605675797000174, 0.597052134000023 ], [ 35.607867637000027, 0.595936324000036 ], [ 35.608740708000028, 0.595403399000077 ], [ 35.610286042000155, 0.594065583999964 ], [ 35.61153779000017, 0.592706687999964 ], [ 35.612525797000103, 0.591602134000084 ], [ 35.611681510000153, 0.588566308000054 ], [ 35.611990991000084, 0.586989403000075 ], [ 35.61277579700004, 0.584852134000073 ], [ 35.613258748000135, 0.581649639000034 ], [ 35.613386954000077, 0.58075365600007 ], [ 35.613378748000116, 0.579476263000174 ], [ 35.61277579700004, 0.575852134000058 ], [ 35.610875797, 0.572352134000027 ], [ 35.610275797000099, 0.569752134000169 ], [ 35.608075796999969, 0.567152133999969 ], [ 35.606719006999981, 0.565091300000176 ], [ 35.606074144000047, 0.564253593000046 ], [ 35.605408707000095, 0.563283665000085 ], [ 35.604420797000103, 0.560937134000028 ], [ 35.604134893000037, 0.560065329000111 ], [ 35.603375797000126, 0.557852134000029 ], [ 35.602375796999979, 0.556452133999983 ], [ 35.602375796999979, 0.552752134000116 ], [ 35.603075797000031, 0.549752134000073 ], [ 35.604375797000102, 0.546152134000067 ], [ 35.605275797000161, 0.542952134000188 ], [ 35.604075797000121, 0.541052134000154 ], [ 35.602675797000131, 0.537952134000022 ], [ 35.602875797000138, 0.533952134000174 ], [ 35.604475797000191, 0.531152134000138 ], [ 35.607575797000038, 0.529352134000021 ], [ 35.609975797000175, 0.52765213400005 ], [ 35.611375797, 0.525452134000091 ], [ 35.612275797000052, 0.522452134000048 ], [ 35.613875797000105, 0.519502134000049 ], [ 35.612575796999977, 0.517252134000046 ], [ 35.613475797000035, 0.514152134000028 ], [ 35.613575797000124, 0.511652134000144 ], [ 35.614775797000107, 0.509452134000185 ], [ 35.617275797000048, 0.50795213400005 ], [ 35.620163696000134, 0.506574688000114 ], [ 35.622775797000031, 0.505652134 ], [ 35.625375797000174, 0.503652134000106 ], [ 35.628375797000103, 0.502552134000041 ], [ 35.630675797000151, 0.502852133999966 ], [ 35.630775797000069, 0.499352134000105 ], [ 35.630475797000088, 0.495852134000074 ], [ 35.632875797000111, 0.495452134000175 ], [ 35.633075797000117, 0.493452134000108 ], [ 35.633184590000155, 0.491152574000068 ], [ 35.632175797000059, 0.488152134000131 ], [ 35.632675797000047, 0.48425213400003 ], [ 35.634850410000126, 0.481305055000178 ], [ 35.636675797000066, 0.47895213400011 ], [ 35.638875797000026, 0.476252134000163 ], [ 35.640675797000085, 0.471852134000073 ], [ 35.643375797000033, 0.468352134000042 ], [ 35.644675797000161, 0.465152134000107 ], [ 35.646475797000051, 0.463552134000054 ], [ 35.646975797000039, 0.461152134000088 ], [ 35.645875797000144, 0.458252134000134 ], [ 35.647075797000127, 0.455752134000079 ], [ 35.646875797000064, 0.454952134000109 ], [ 35.646375797000132, 0.452952134000043 ], [ 35.648092783000038, 0.451269828000079 ], [ 35.648942948000126, 0.450686435000023 ], [ 35.651475797000046, 0.449552134000101 ], [ 35.652874476000193, 0.446804288000067 ], [ 35.653059291000147, 0.445956449 ], [ 35.653104112, 0.444170719000056 ], [ 35.653409067000098, 0.441659527000127 ], [ 35.653675797000176, 0.440552134000086 ], [ 35.654575797000177, 0.437202134000188 ], [ 35.653975797000101, 0.433152134000068 ], [ 35.65357579700003, 0.430552134000095 ], [ 35.654075797000189, 0.428052133999984 ], [ 35.655175797000084, 0.425302134 ], [ 35.657275797000125, 0.422752134000064 ], [ 35.657875797000031, 0.420052134000116 ], [ 35.659386397000162, 0.417293923999978 ], [ 35.660689591000164, 0.413684318000094 ], [ 35.661075797000137, 0.411452134000172 ], [ 35.658782697000106, 0.409813100000065 ], [ 35.656775797000137, 0.407652134000159 ], [ 35.657004091000033, 0.406345133000116 ], [ 35.656327622000106, 0.404169652000178 ], [ 35.655967555000075, 0.403356473000088 ], [ 35.655531662000158, 0.402208838000092 ], [ 35.654975797000077, 0.399752134000039 ], [ 35.657272248000083, 0.397142556000119 ], [ 35.657868739000151, 0.39646037000017 ], [ 35.65886058600006, 0.394900103000111 ], [ 35.659437766000053, 0.393474443000116 ], [ 35.659847734000039, 0.392439973000137 ], [ 35.660619402000123, 0.390222484000105 ], [ 35.660975797, 0.388952134000135 ], [ 35.662280096000188, 0.388799416000097 ], [ 35.664275797000016, 0.388652133999983 ], [ 35.666875797000046, 0.387452134 ], [ 35.666875797000046, 0.384152133999976 ], [ 35.669102497000097, 0.381442476000132 ], [ 35.672417279000058, 0.379575542000055 ], [ 35.673975797000082, 0.376952134000078 ], [ 35.675306926000133, 0.377228323000054 ], [ 35.679175797000084, 0.375352134000025 ], [ 35.680875797000056, 0.372552134000159 ], [ 35.683625797000047, 0.373302134000028 ], [ 35.686475797000128, 0.372352134000096 ], [ 35.687573911000186, 0.37204553000015 ], [ 35.688484645000074, 0.371613236000087 ], [ 35.690775797000072, 0.36995213400013 ], [ 35.693675797000083, 0.368052134000152 ], [ 35.697075797000025, 0.366452134000099 ], [ 35.696675797000125, 0.369452133999971 ], [ 35.698091354000098, 0.369720829000073 ], [ 35.699875797000061, 0.367052134000176 ], [ 35.701975797000046, 0.365452134000122 ], [ 35.704275797000093, 0.364352134000058 ], [ 35.705375796999988, 0.364952133999964 ], [ 35.706475797000053, 0.36555213400004 ], [ 35.707875797000099, 0.36285213400015 ], [ 35.709375797, 0.359952133999968 ], [ 35.713475797000171, 0.358352134000143 ], [ 35.717292042000167, 0.357534980000025 ], [ 35.718518105000101, 0.357190596000123 ], [ 35.72011631099997, 0.356540757000062 ], [ 35.720506017000105, 0.353500778000182 ], [ 35.721975797000027, 0.351252134000106 ], [ 35.720275797000056, 0.348652134000076 ], [ 35.719075797000073, 0.345952134000186 ], [ 35.719586413, 0.34485721100009 ], [ 35.72030295400009, 0.343754679000142 ], [ 35.722075797000116, 0.341752134000103 ], [ 35.722675797000193, 0.33975213399998 ], [ 35.720475797000063, 0.337952134000091 ], [ 35.719575797000061, 0.334152134000135 ], [ 35.717675797000027, 0.330952134000029 ], [ 35.717175797000039, 0.327952134000157 ], [ 35.716702089000137, 0.325215440000022 ], [ 35.716575797000132, 0.322552134000091 ], [ 35.714253369000176, 0.319673719000036 ], [ 35.712675797000031, 0.316152134000106 ], [ 35.712575797000113, 0.313052134000088 ], [ 35.713675797000178, 0.310852134000129 ], [ 35.713775797000096, 0.308752134000088 ], [ 35.713875797000014, 0.305252134000057 ], [ 35.715275797000061, 0.302052134000178 ], [ 35.714575797000066, 0.298652134 ], [ 35.71382579699997, 0.294652133999989 ], [ 35.714575797000066, 0.292252134000023 ], [ 35.714575797000066, 0.288652134000074 ], [ 35.714375797, 0.285452134000138 ], [ 35.713675797000178, 0.282252134000032 ], [ 35.713675797000178, 0.279352134000078 ], [ 35.713775797000096, 0.277252134000037 ], [ 35.711875797000118, 0.273652134000088 ], [ 35.712875797000095, 0.271152134000033 ], [ 35.710275797000065, 0.26875213400001 ], [ 35.710075797000059, 0.264752134 ], [ 35.709275797000089, 0.260352134000073 ], [ 35.709375797, 0.257552134000036 ], [ 35.710118601000033, 0.25691303900004 ], [ 35.710900761000062, 0.255828725000185 ], [ 35.712175797000043, 0.253952134000087 ], [ 35.713775797000096, 0.25205213400011 ], [ 35.714825797000117, 0.249902134000024 ], [ 35.715875797000137, 0.247852134000027 ], [ 35.716175797000119, 0.245352134000143 ], [ 35.717475797000191, 0.242352134000043 ], [ 35.719075797000073, 0.239752134000071 ], [ 35.720275797000056, 0.236352134000128 ], [ 35.720675797000126, 0.233552134000092 ], [ 35.720775797000044, 0.230852134000145 ], [ 35.720875797000133, 0.227852134000102 ], [ 35.721875797000109, 0.22445213400016 ], [ 35.722475797000186, 0.221252134000054 ], [ 35.722425479000094, 0.218659358000082 ], [ 35.722425797000142, 0.214952134000157 ], [ 35.721125797000013, 0.212952134000034 ], [ 35.717975797000179, 0.211052134000056 ], [ 35.716775797000025, 0.207552134000025 ], [ 35.714275797000084, 0.207152134000125 ], [ 35.711075796999978, 0.205852134000054 ], [ 35.708475797000176, 0.204852134000078 ], [ 35.70607579700004, 0.203352134000113 ], [ 35.705075797000063, 0.201652134000142 ], [ 35.70307579700011, 0.20035213400007 ], [ 35.701675797000121, 0.197852134000129 ], [ 35.700375797, 0.194752134000169 ], [ 35.698275797000178, 0.192952134000109 ], [ 35.695953480000128, 0.191488547000063 ], [ 35.695268034000094, 0.190956208000159 ], [ 35.693257911000103, 0.188676475000079 ], [ 35.692775797000024, 0.185252134000166 ], [ 35.693975797000178, 0.182352134000041 ], [ 35.695309131000045, 0.179385468000078 ], [ 35.692975797000031, 0.178152134000129 ], [ 35.689275797000164, 0.177052134000064 ], [ 35.686175797000146, 0.176252134000151 ], [ 35.680575797000074, 0.174652134000098 ], [ 35.675775797000142, 0.173252134000109 ], [ 35.671645965000039, 0.171866191000106 ], [ 35.670440183999972, 0.171253471 ], [ 35.664875797000093, 0.170452134000072 ], [ 35.661175797000055, 0.170352134000154 ], [ 35.656275797000148, 0.170352134000154 ], [ 35.645375797000156, 0.170452134000072 ], [ 35.636677509000037, 0.1704203540001 ], [ 35.622275797000043, 0.170152134000091 ], [ 35.621050978000028, 0.170537965000165 ], [ 35.619979179000097, 0.170695126999988 ], [ 35.612575796999977, 0.170452134000072 ], [ 35.604875797000091, 0.170452134000072 ], [ 35.59447579700003, 0.170452134000072 ], [ 35.588071294000088, 0.170541873000104 ], [ 35.588478850000058, 0.167161382000074 ], [ 35.589262227000177, 0.161064675000034 ], [ 35.589995604000194, 0.154970443000138 ], [ 35.590579368000135, 0.148854780000079 ], [ 35.585385805000044, 0.137560371000063 ], [ 35.580651619000037, 0.127160738000157 ], [ 35.576857622000091, 0.118931771000064 ], [ 35.575398974000166, 0.115668289000041 ], [ 35.574676156000066, 0.101068154000018 ], [ 35.574088146000065, 0.084767032000059 ], [ 35.573660475000111, 0.066313455000056 ], [ 35.561752516000126, 0.075502452000023 ], [ 35.557552623000163, 0.078648924000106 ], [ 35.54887675700013, 0.084560604000046 ], [ 35.544672951000109, 0.08756730500005 ], [ 35.541627936000168, 0.08934788800002 ], [ 35.54064839900019, 0.0882940730001 ], [ 35.540433567000036, 0.08735586 ], [ 35.540481709000119, 0.084920160000138 ], [ 35.540473395000106, 0.084088663000159 ], [ 35.54038481300006, 0.083060592000095 ], [ 35.539993680000123, 0.08162385300011 ], [ 35.539889316000028, 0.07959655500008 ], [ 35.543886258000157, 0.074803183000142 ], [ 35.54516953100017, 0.073100698000076 ], [ 35.545416889000023, 0.071932051999966 ], [ 35.545172690000186, 0.070950046000121 ], [ 35.541872957000123, 0.067274107000173 ], [ 35.539076895000051, 0.06394328500005 ], [ 35.53903417000015, 0.062768326000082 ], [ 35.539283243000057, 0.061579613000049 ], [ 35.539323062000051, 0.060731794 ], [ 35.546498015000168, 0.057668503000116 ], [ 35.542987629000152, 0.042849159000184 ], [ 35.535686742000109, 0.040111978000084 ], [ 35.525959777000082, 0.039044735000175 ], [ 35.525166863000038, 0.03323920400004 ], [ 35.523690163000026, 0.022460113000022 ], [ 35.522920966000072, 0.015837419000036 ], [ 35.526286582000182, 0.012222755000096 ], [ 35.527786582000147, 0.010222755000029 ], [ 35.533086582000067, 0.005122755000116 ], [ 35.536186582000084, 0.00192275500018 ], [ 35.538736582000013, -0.000827244999869 ], [ 35.541336582000042, -0.003677244999892 ], [ 35.543808633000026, -0.005963432999977 ], [ 35.545078940000053, -0.006147318999979 ], [ 35.550186582000094, -0.006227244999934 ], [ 35.552538472000151, -0.00598712999988 ], [ 35.555075603000034, -0.005941650999944 ], [ 35.555997551000132, -0.00591237499998 ], [ 35.558186582000133, -0.005877244999908 ], [ 35.561986582000145, -0.005827244999978 ], [ 35.56513658200015, -0.006127244999902 ], [ 35.567202986000098, -0.006005286999937 ], [ 35.571796324000161, -0.006564823999895 ], [ 35.575588367000137, -0.006367751999903 ], [ 35.579887777000067, -0.00587502299993 ], [ 35.583586582000123, -0.005277244999945 ], [ 35.585586582000076, -0.006877244999885 ], [ 35.588436582000156, -0.009427244999927 ], [ 35.592636582000182, -0.013177244999952 ], [ 35.596486582000068, -0.01672724499997 ], [ 35.601386582000146, -0.021227244999977 ], [ 35.606586582000148, -0.025927244999934 ], [ 35.610586582000167, -0.029627244999915 ], [ 35.614642433000085, -0.030807095999933 ], [ 35.617496470999981, -0.03111512799984 ], [ 35.618676481000136, -0.031241597999895 ], [ 35.622986582000124, -0.031677244999969 ], [ 35.626496659000054, -0.032111921999956 ], [ 35.627476321000074, -0.03224402799998 ], [ 35.628697366000154, -0.032327244999919 ], [ 35.63037579700017, -0.032247865999864 ], [ 35.631168492000143, -0.032889475999923 ], [ 35.633186582000121, -0.033927244999973 ], [ 35.635086582000156, -0.03722724499994 ], [ 35.636036582000031, -0.039327244999924 ], [ 35.637836582000091, -0.043227244999969 ], [ 35.6393865820001, -0.046727244999829 ], [ 35.639486582000018, -0.049177244999953 ], [ 35.636886582000045, -0.052127244999951 ], [ 35.639636582000037, -0.059327244999963 ], [ 35.641275797, -0.058447865999881 ], [ 35.648075797000104, -0.056447865999871 ], [ 35.651375797000071, -0.053847865999956 ], [ 35.655475797000065, -0.051447865999876 ], [ 35.657875797000031, -0.049547865999955 ], [ 35.659575797000173, -0.052347865999934 ], [ 35.667075797000052, -0.047747865999895 ], [ 35.661375797000062, -0.058747865999919 ], [ 35.655075797000165, -0.070447865999938 ], [ 35.653375797000024, -0.075947865999922 ], [ 35.660975797, -0.074147865999919 ], [ 35.666075797000133, -0.072647865999897 ], [ 35.681675797000139, -0.072447865999948 ], [ 35.688975797000182, -0.072447865999948 ], [ 35.690375797000058, -0.082747865999977 ], [ 35.688675797000087, -0.090947865999965 ], [ 35.691875797000137, -0.101947865999932 ], [ 35.693375797000101, -0.106947865999928 ], [ 35.69817579700009, -0.110447865999959 ], [ 35.704125797000131, -0.116847865999944 ], [ 35.706275797000046, -0.121247865999976 ], [ 35.713675797000178, -0.130147865999959 ], [ 35.719575797000061, -0.13934786599998 ], [ 35.725875797000128, -0.149047865999933 ], [ 35.729875797000147, -0.155247865999911 ], [ 35.725475797000058, -0.165247865999959 ], [ 35.722875797000029, -0.171347865999962 ], [ 35.722975797000174, -0.182047865999948 ], [ 35.723175797000181, -0.194247865999955 ], [ 35.723075797000092, -0.197747865999816 ], [ 35.723977459000082, -0.203110219999928 ], [ 35.738775797000073, -0.199447865999957 ], [ 35.749275797, -0.19694786599996 ], [ 35.761675797000123, -0.194347865999873 ], [ 35.771975797000096, -0.192147865999914 ], [ 35.778625797000188, -0.18094786599994 ], [ 35.785627359000046, -0.169579510999824 ], [ 35.790375796999967, -0.161047865999933 ], [ 35.790475797000113, -0.149547865999978 ], [ 35.790475797000113, -0.138647865999815 ], [ 35.790475797000113, -0.127647865999961 ], [ 35.79052777000004, -0.119650099999831 ], [ 35.790375796999967, -0.116547865999905 ], [ 35.790475797000113, -0.110047865999888 ], [ 35.795875797000122, -0.109047865999912 ], [ 35.798975797000139, -0.101947865999932 ], [ 35.803675797000153, -0.097547865999843 ], [ 35.806275797000183, -0.096847865999905 ], [ 35.807095797000159, -0.097307865999881 ], [ 35.807786977000148, -0.097761358999833 ], [ 35.809375797000143, -0.099147865999953 ], [ 35.810275797000031, -0.101347865999912 ], [ 35.812475797000161, -0.103747865999821 ], [ 35.814822641000148, -0.107241825999893 ], [ 35.817973666, -0.111949581999966 ], [ 35.819075796999982, -0.115147865999973 ], [ 35.820377510000128, -0.115744098999926 ], [ 35.829475797000043, -0.105947865999951 ], [ 35.836775797000087, -0.09554786599989 ], [ 35.843575797000142, -0.085747865999963 ], [ 35.846975797000084, -0.081147865999924 ], [ 35.850775797000097, -0.075247865999927 ], [ 35.857875797000077, -0.064047865999953 ], [ 35.865375797000183, -0.052647865999973 ], [ 35.872375797000075, -0.041447865999885 ], [ 35.877066654000146, -0.033559271999934 ], [ 35.87917579700013, -0.035947865999844 ], [ 35.881175797000083, -0.038147865999974 ], [ 35.883975797000119, -0.040347865999934 ], [ 35.886175797000078, -0.0427478659999 ], [ 35.888875796999969, -0.044947865999859 ], [ 35.89177579700015, -0.047547865999945 ], [ 35.894475797000041, -0.049747865999905 ], [ 35.900375797000095, -0.04664786599983 ], [ 35.902975797000067, -0.051847865999946 ], [ 35.904875797000102, -0.055747865999933 ], [ 35.908575796999969, -0.063147865999895 ], [ 35.910775797000099, -0.067547865999927 ], [ 35.914675797000029, -0.075447865999934 ], [ 35.918475797000042, -0.079647865999902 ], [ 35.92117579700016, -0.078147865999881 ], [ 35.923075797000138, -0.076347865999878 ], [ 35.925675797000167, -0.075947865999922 ], [ 35.928275796999969, -0.075347865999845 ], [ 35.928693105000036, -0.072734403999959 ], [ 35.928234849000148, -0.069955192999942 ], [ 35.928438358000051, -0.068695369999887 ], [ 35.931638161000194, -0.066114816999914 ], [ 35.934625797000137, -0.065547865999974 ], [ 35.936175797000089, -0.063847865999946 ], [ 35.937375797000129, -0.061747865999962 ], [ 35.937475797000047, -0.058647865999887 ], [ 35.940375797000172, -0.055747865999933 ], [ 35.944175797000185, -0.053747865999924 ], [ 35.948175797000033, -0.051047865999976 ], [ 35.950275797000018, -0.047047865999957 ], [ 35.951675797000064, -0.043747865999933 ], [ 35.952873806000127, -0.040707677999933 ], [ 35.953707702000031, -0.038762449999922 ], [ 35.954575797000189, -0.036947865999878 ], [ 35.955187204000083, -0.035753796999927 ], [ 35.956034110000132, -0.034576313999935 ], [ 35.956931304000136, -0.033604192999974 ], [ 35.958775284000126, -0.031531807999954 ], [ 35.959725797000146, -0.030497865999905 ], [ 35.96057579700016, -0.029547865999916 ], [ 35.960717838000107, -0.027479189999895 ], [ 35.96079244900011, -0.026248369999962 ], [ 35.96092511900008, -0.023901681999916 ], [ 35.963075797000045, -0.022047865999923 ], [ 35.965475797000011, -0.018547865999892 ], [ 35.96807579700004, -0.015647865999938 ], [ 35.970175797000081, -0.012847865999902 ], [ 35.971375797000064, -0.009847865999916 ], [ 35.972575797000047, -0.006447865999974 ], [ 35.973575797000024, -0.001897865999922 ], [ 35.973875797000119, 0.001752134000185 ], [ 35.975175797000077, 0.005052134000039 ], [ 35.976475797000148, 0.008352134000063 ], [ 35.977675797000131, 0.010402134 ], [ 35.977884266000046, 0.012534638999966 ], [ 35.978110454000159, 0.013667692000013 ], [ 35.978256173000034, 0.014653324000051 ], [ 35.97821600400016, 0.016936670000121 ], [ 35.977975797000113, 0.017752134000091 ], [ 35.97692298100003, 0.019973581000158 ], [ 35.976429265000036, 0.021030419 ], [ 35.97535525700016, 0.022865495000133 ], [ 35.974104750000151, 0.024160365000171 ], [ 35.972330570999986, 0.02525845100007 ], [ 35.964975797000079, 0.032052134000082 ], [ 35.959475797000096, 0.038152134000143 ], [ 35.953275797000117, 0.045252134000123 ], [ 35.947375797000063, 0.051752134000083 ], [ 35.941775797, 0.057952134000061 ], [ 35.938475796999967, 0.061652134000099 ], [ 35.935875797000165, 0.064652134000028 ], [ 35.929775797000104, 0.069752134000112 ], [ 35.930262286000129, 0.070957436000185 ], [ 35.932875797000122, 0.077652134000061 ], [ 35.935475797000095, 0.08425213400011 ], [ 35.938075797000124, 0.090652134000095 ], [ 35.940675797000097, 0.097202134000099 ], [ 35.949775797000086, 0.093752134000056 ], [ 35.955275797000013, 0.092752134000136 ], [ 35.956675797000059, 0.091652134000071 ], [ 35.957875797000042, 0.0899521340001 ], [ 35.961075797000149, 0.088552134000054 ], [ 35.961175797000067, 0.085752134000018 ], [ 35.96237579700005, 0.083552134000058 ], [ 35.963375797000026, 0.08125213400001 ], [ 35.965325797000048, 0.079552134000039 ], [ 35.964025797000147, 0.077052134000155 ], [ 35.964375797000173, 0.073952133999967 ], [ 35.965675797000074, 0.070352134000188 ], [ 35.963775797000039, 0.066452134000087 ], [ 35.964175797000109, 0.06195213400008 ], [ 35.965675797000074, 0.059252134000133 ], [ 35.974075797000182, 0.058952134000037 ], [ 35.983275797000033, 0.059852134000039 ], [ 35.989775797000163, 0.061352134000174 ], [ 35.997375797000132, 0.061352134000174 ], [ 36.000375797, 0.060352134000027 ], [ 36.001375797000151, 0.056452134000097 ], [ 36.002375797000127, 0.051952134000089 ], [ 36.003375797000103, 0.047452134000082 ], [ 36.003567812000085, 0.046650291000105 ], [ 36.004275797000105, 0.043552133999981 ], [ 36.004975797000156, 0.040752134000115 ], [ 36.005875797000158, 0.036852134000014 ], [ 36.007675797000047, 0.032252134000089 ], [ 36.012575797000125, 0.03005213400013 ], [ 36.018675797000185, 0.027952134000145 ], [ 36.022975797000186, 0.026552134000099 ], [ 36.025975797000058, 0.025552134000122 ], [ 36.030375797000147, 0.024152134000133 ], [ 36.036575797000125, 0.022152134 ], [ 36.042775797000104, 0.02075213400002 ], [ 36.04492579700019, 0.01710213399997 ], [ 36.047075797000048, 0.014552134000041 ], [ 36.049875797000084, 0.010452134000047 ], [ 36.051298021000036, 0.008468374000074 ], [ 36.051800797000055, 0.007877134000182 ], [ 36.05347579700009, 0.005852134000122 ], [ 36.055575797000131, 0.004552134000051 ], [ 36.059375797000087, 0.003252134000149 ], [ 36.062475797000104, 0.002352134000091 ], [ 36.071675797000125, -0.002147865999916 ], [ 36.077975797000022, -0.004047865999894 ], [ 36.079575797000075, -0.00544786599994 ], [ 36.081275797000046, -0.00544786599994 ], [ 36.087975797000183, -0.007847865999906 ], [ 36.093675797000174, -0.009947865999948 ], [ 36.098375797000074, -0.006247865999967 ], [ 36.103775797000083, -0.002047865999884 ], [ 36.108775797000078, 0.003452134000156 ], [ 36.113575797000067, 0.006852134000098 ], [ 36.112725797000053, 0.012552134000089 ], [ 36.112175797000191, 0.017952134000154 ], [ 36.111475797000026, 0.023952134000069 ], [ 36.110675797000056, 0.030352134000111 ], [ 36.109825816000182, 0.035759600000063 ], [ 36.109630995000146, 0.03704586200007 ], [ 36.10907579700006, 0.040752134000115 ], [ 36.10867579700016, 0.044452134000039 ], [ 36.108075797000083, 0.048852134000128 ], [ 36.107675797000184, 0.052352134000159 ], [ 36.107075797000107, 0.056452134000097 ], [ 36.106325797000068, 0.062502134000113 ], [ 36.112475797000172, 0.061852134000162 ], [ 36.120375797000122, 0.061052134000022 ], [ 36.128125797000052, 0.060502133999989 ], [ 36.128575797000167, 0.065852134000181 ], [ 36.129175797000073, 0.070652134000113 ], [ 36.129675797000061, 0.075852134000172 ], [ 36.130275797000138, 0.080752134000022 ], [ 36.13057579700012, 0.087852134000059 ], [ 36.131975797000109, 0.092852134000054 ], [ 36.132875797000167, 0.098752134000051 ], [ 36.133875797000144, 0.104452134000041 ], [ 36.134775797000145, 0.109752134000189 ], [ 36.135801032000188, 0.114746842999978 ], [ 36.136017118000098, 0.115960936000022 ], [ 36.136187587999984, 0.116720937000082 ], [ 36.137275797000086, 0.120252134000168 ], [ 36.140075797000122, 0.127852134000136 ], [ 36.140775797000117, 0.132252134000055 ], [ 36.141675797000175, 0.138452134000033 ], [ 36.142463931000179, 0.144153751999966 ], [ 36.142581246000191, 0.145051467000087 ], [ 36.143075797000165, 0.149052134000101 ], [ 36.143275797, 0.151952134000055 ], [ 36.143975797000053, 0.155452134000086 ], [ 36.144675797000048, 0.16055213400017 ], [ 36.145475797000131, 0.166552134000142 ], [ 36.146175797000183, 0.171452134 ], [ 36.146975797000096, 0.176952133999976 ], [ 36.147775797, 0.183052134000036 ], [ 36.148275797000167, 0.18675213400013 ], [ 36.155625797000084, 0.189052134000178 ], [ 36.164775797000118, 0.191352134000056 ], [ 36.173675796999987, 0.193952134000028 ], [ 36.180075797000029, 0.195652134 ], [ 36.188675797000144, 0.198152134000111 ], [ 36.194775797000034, 0.199852134000082 ], [ 36.199100523000084, 0.202122928000051 ], [ 36.198892711000155, 0.205531628000131 ], [ 36.199175797000123, 0.20825213400002 ], [ 36.198575797000046, 0.211152134000145 ], [ 36.19797579700014, 0.215652134000152 ], [ 36.19717579700017, 0.219352134000076 ], [ 36.194475797000052, 0.220852133999983 ], [ 36.191775797000162, 0.22185213400013 ], [ 36.188375797, 0.222452134000036 ], [ 36.185275797000031, 0.224252134000096 ], [ 36.181866455000034, 0.226522402 ], [ 36.180709765000074, 0.22821263600008 ], [ 36.180237989000091, 0.229877615000078 ], [ 36.18317579700016, 0.231352134000133 ], [ 36.186075797000115, 0.232052134000128 ], [ 36.190975797000192, 0.233152134000022 ], [ 36.194775797000034, 0.234052134000081 ], [ 36.197275797000088, 0.234752134000075 ], [ 36.201675797000178, 0.235752134000052 ], [ 36.205175797000038, 0.233952134000162 ], [ 36.208475797000062, 0.231352134000133 ], [ 36.210875797000028, 0.22975213400008 ], [ 36.215675797000188, 0.226252134000049 ], [ 36.221775797000078, 0.221752134000042 ], [ 36.225075797000102, 0.219252134000101 ], [ 36.228775797000139, 0.216452134000065 ], [ 36.231075797000017, 0.214752134000094 ], [ 36.235675797000169, 0.211352133999981 ], [ 36.238875797000048, 0.206952134000119 ], [ 36.24097579700009, 0.203752134000183 ], [ 36.243175797000049, 0.20035213400007 ], [ 36.247175797000068, 0.19425213400018 ], [ 36.250875797000162, 0.18855213400002 ], [ 36.252075797000145, 0.186652133999985 ], [ 36.254103494000105, 0.183926818000089 ], [ 36.255440674999988, 0.184092584000155 ], [ 36.256823638000128, 0.184164947 ], [ 36.258233795000024, 0.184301303000098 ], [ 36.259638260000145, 0.184812437000119 ], [ 36.260648550000042, 0.185273615000085 ], [ 36.261566988000027, 0.185537803999978 ], [ 36.262663904000192, 0.186158264000028 ], [ 36.263882691000049, 0.186852814000076 ], [ 36.265438132000043, 0.18825490800009 ], [ 36.265769097000145, 0.189433383 ], [ 36.266165213000079, 0.190406819000088 ], [ 36.266578909000032, 0.191309066000031 ], [ 36.267316864000065, 0.19211642300013 ], [ 36.268199381000159, 0.192814698000063 ], [ 36.269340217000035, 0.193230683000138 ], [ 36.270407665000107, 0.193503523000174 ], [ 36.270962879000024, 0.194267860000082 ], [ 36.271527056000082, 0.195078798 ], [ 36.272541807000096, 0.195980754000061 ], [ 36.273767180000164, 0.196512308000138 ], [ 36.274989843000128, 0.196910785000171 ], [ 36.27566759399997, 0.197511212 ], [ 36.276670673000126, 0.198536084000068 ], [ 36.277760197000191, 0.199756081000032 ], [ 36.278474780000067, 0.200417038000126 ], [ 36.279558004000194, 0.201025289000086 ], [ 36.280747791000124, 0.201643112000113 ], [ 36.281819866000092, 0.202106512000114 ], [ 36.282858904000079, 0.202614638000057 ], [ 36.283561376000137, 0.203018718000067 ], [ 36.284180603000152, 0.203541169000061 ], [ 36.284859983000047, 0.204152253000132 ], [ 36.285560027000031, 0.204849847000162 ], [ 36.286230441999976, 0.205558095000129 ], [ 36.287150645, 0.206494263000138 ], [ 36.287988189000032, 0.20727861600011 ], [ 36.288561024000103, 0.208029268000018 ], [ 36.289039868000089, 0.208945551000113 ], [ 36.289543913000159, 0.209910564000097 ], [ 36.290238102000103, 0.210816903000023 ], [ 36.290982314000075, 0.211866916000133 ], [ 36.291485550000118, 0.21273203100003 ], [ 36.29192485700014, 0.21462928699998 ], [ 36.291618908000146, 0.215440263000119 ], [ 36.291514511000116, 0.216614929000173 ], [ 36.291888173000132, 0.218245293000052 ], [ 36.292166961000135, 0.219271548000108 ], [ 36.292477699000074, 0.220230944000093 ], [ 36.292775817000063, 0.22129922300013 ], [ 36.293190220000156, 0.222273593000125 ], [ 36.293402499000024, 0.223272565000173 ], [ 36.293924902000185, 0.224528045000113 ], [ 36.294482123000193, 0.225594542000181 ], [ 36.294896867000034, 0.226622917999975 ], [ 36.295420267000168, 0.228008457000158 ], [ 36.295722381000132, 0.228960391000044 ], [ 36.296124211000176, 0.229938483000126 ], [ 36.296071846000189, 0.230852964000064 ], [ 36.296096656000088, 0.231769544000031 ], [ 36.296048137000071, 0.233032729000172 ], [ 36.295924486000047, 0.234351656000172 ], [ 36.29619480700012, 0.235514633000037 ], [ 36.296414988000151, 0.236696275000099 ], [ 36.296309154000085, 0.23795931900014 ], [ 36.296169664000104, 0.239233534000164 ], [ 36.296042305000128, 0.240144466 ], [ 36.295843509, 0.240940257000034 ], [ 36.295261301000153, 0.243205182000111 ], [ 36.294964377000099, 0.24426881200003 ], [ 36.294681420000074, 0.245274564000113 ], [ 36.294247136000024, 0.246768285000144 ], [ 36.293989367999984, 0.24785591300008 ], [ 36.293738076000182, 0.248868733000052 ], [ 36.293307042000038, 0.250003929000172 ], [ 36.292372068000134, 0.252631711000163 ], [ 36.292072139000084, 0.25353520900012 ], [ 36.291755676000093, 0.25451514100007 ], [ 36.285083599000075, 0.255735272000038 ], [ 36.279263143000037, 0.257890155000041 ], [ 36.279993080000111, 0.260659471000054 ], [ 36.280237617000182, 0.261547716000052 ], [ 36.280952681000031, 0.26413714600011 ], [ 36.281768799000076, 0.267349958000182 ], [ 36.281358954000154, 0.268686184000103 ], [ 36.280949717000169, 0.270011213000032 ], [ 36.279662237000025, 0.274052895000125 ], [ 36.27612966300012, 0.275223090000054 ], [ 36.275373360000174, 0.275442598999973 ], [ 36.274434434999989, 0.275678016000029 ], [ 36.269266195000114, 0.276973643000019 ], [ 36.265847152000106, 0.277682695000067 ], [ 36.265058828000122, 0.277932586000077 ], [ 36.264688486000182, 0.278936979000093 ], [ 36.263551357000154, 0.282259361 ], [ 36.262476836000133, 0.284637714999974 ], [ 36.261793923000027, 0.286274351000031 ], [ 36.261428638000098, 0.287271319000126 ], [ 36.260659401000169, 0.289430946000039 ], [ 36.259701952000057, 0.291348214000038 ], [ 36.259077388000094, 0.292039253000098 ], [ 36.258231720000083, 0.292701586000078 ], [ 36.255473037, 0.29486216500004 ], [ 36.252893206000181, 0.296776687000033 ], [ 36.251245961000052, 0.298308567000106 ], [ 36.250564713000131, 0.299042587000088 ], [ 36.249959203000174, 0.299843342000031 ], [ 36.247461883000085, 0.303762322000068 ], [ 36.245077419000154, 0.307445865000147 ], [ 36.242195000000152, 0.311959128000069 ], [ 36.23999636700006, 0.315428096000062 ], [ 36.232599926000091, 0.318329663000043 ], [ 36.230886224000074, 0.318759607000061 ], [ 36.229298162000134, 0.319629041000098 ], [ 36.226032782000118, 0.322514746000024 ], [ 36.226318713000069, 0.323694 ], [ 36.226632603000098, 0.325067119000096 ], [ 36.226846347000048, 0.325992431000088 ], [ 36.227103422000084, 0.326959384000077 ], [ 36.227348711000047, 0.327871666000021 ], [ 36.227649257000053, 0.328723484000022 ], [ 36.22806729500013, 0.329689605999988 ], [ 36.228472454000041, 0.330390683000189 ], [ 36.228871788, 0.331122860000107 ], [ 36.229220065000163, 0.332184953000137 ], [ 36.229526890000045, 0.333081691000075 ], [ 36.229727844000138, 0.333879147000175 ], [ 36.230404623000084, 0.334765207000146 ], [ 36.23089790400013, 0.335754469999983 ], [ 36.247754934000113, 0.343046508999976 ], [ 36.245592540000075, 0.329644369000107 ], [ 36.246674857000187, 0.330199402000062 ], [ 36.249405127000159, 0.33156886200004 ], [ 36.25015250000007, 0.332181586000161 ], [ 36.251154381000106, 0.333168859000011 ], [ 36.252424708000149, 0.334525117000169 ], [ 36.253132204000053, 0.33525469600005 ], [ 36.254182168000057, 0.336461414000041 ], [ 36.255293997000138, 0.337775339000132 ], [ 36.255987415000106, 0.338509277000128 ], [ 36.25666084900007, 0.339262755000107 ], [ 36.257287305000034, 0.340001117000099 ], [ 36.25827725400012, 0.340643255000089 ], [ 36.258955296000124, 0.341037893000077 ], [ 36.25966613200012, 0.341554476999988 ], [ 36.261000833000139, 0.34290011700017 ], [ 36.260647168000105, 0.343970771999977 ], [ 36.260519228000192, 0.344860266000069 ], [ 36.260336861000098, 0.345696648000171 ], [ 36.260506871000132, 0.346619433000058 ], [ 36.260445113000173, 0.34772365900011 ], [ 36.260471404000157, 0.348826498000108 ], [ 36.260579479000114, 0.349633929000049 ], [ 36.260654701000135, 0.350747511000179 ], [ 36.260595171000148, 0.351782044000061 ], [ 36.260602507000044, 0.35286264400014 ], [ 36.260445187000187, 0.354178489000049 ], [ 36.260291315000075, 0.35549123200002 ], [ 36.260270983000169, 0.356479032000038 ], [ 36.260368166000148, 0.357334998000169 ], [ 36.260382339000159, 0.358105859000091 ], [ 36.260289933000138, 0.359129746000178 ], [ 36.260155252000118, 0.360329187 ], [ 36.26012254900013, 0.361806564000119 ], [ 36.260097738000127, 0.362752083000089 ], [ 36.260315872000035, 0.36369608200016 ], [ 36.260573069000088, 0.364553183000112 ], [ 36.26002195600006, 0.365172486000063 ], [ 36.259801897000102, 0.366208288000166 ], [ 36.259721457000182, 0.367139441 ], [ 36.259751508000079, 0.368129845000112 ], [ 36.259885513000086, 0.369258362000096 ], [ 36.259978239000077, 0.370223915000167 ], [ 36.259920970000053, 0.371093439000163 ], [ 36.259528954000132, 0.372134513000162 ], [ 36.259079463000148, 0.373339176000059 ], [ 36.259277924000173, 0.374382991 ], [ 36.259432564000178, 0.376048675000163 ], [ 36.258542540000064, 0.37644120900012 ], [ 36.257844925000143, 0.376961440000116 ], [ 36.257759327000031, 0.378144540000108 ], [ 36.255461192000041, 0.380575631000113 ], [ 36.254362125000114, 0.381431535000047 ], [ 36.253278691000162, 0.382172522000133 ], [ 36.250852418000079, 0.383890309000094 ], [ 36.249956286000156, 0.384524703000181 ], [ 36.249011865000114, 0.385154877000105 ], [ 36.245167473000151, 0.387551244000065 ], [ 36.242390368000144, 0.389256794000119 ], [ 36.23949841200016, 0.391044904000069 ], [ 36.236351961000139, 0.393038096000168 ], [ 36.233955451000099, 0.394520454000087 ], [ 36.232952517000058, 0.395132059000161 ], [ 36.230098704999989, 0.39687375699998 ], [ 36.22745402400011, 0.398567043000128 ], [ 36.227892443000087, 0.403559501000018 ], [ 36.228371325000069, 0.408258788000069 ], [ 36.228869279999969, 0.413670859000149 ], [ 36.229057699, 0.419037488000185 ], [ 36.229220344000055, 0.421904725000047 ], [ 36.230081068000061, 0.422958218000076 ], [ 36.231064900000092, 0.424965809000184 ], [ 36.231466350000119, 0.42585994500007 ], [ 36.232757146000154, 0.428853330000038 ], [ 36.233964913000136, 0.431638077000116 ], [ 36.234373873000095, 0.432550753000157 ], [ 36.235224218000155, 0.434420092000039 ], [ 36.235687410000139, 0.435446966000086 ], [ 36.23611813500014, 0.43639440100003 ], [ 36.236682027000086, 0.437637109000036 ], [ 36.237089617000038, 0.438534824000101 ], [ 36.238452910000149, 0.441563429000155 ], [ 36.240094051000142, 0.445158779999986 ], [ 36.241766118000044, 0.448754132000147 ], [ 36.242886140000167, 0.451321974000166 ], [ 36.244168817000116, 0.454042216000175 ], [ 36.244595279000066, 0.45498894200017 ], [ 36.245496764000166, 0.457067784 ], [ 36.246677261, 0.459767315000022 ], [ 36.247094036000135, 0.460747215000083 ], [ 36.247483058000171, 0.461630466999964 ], [ 36.248389827000153, 0.463631216000067 ], [ 36.248753902000146, 0.464461288000166 ], [ 36.24909835200009, 0.465264255000079 ], [ 36.249867327000175, 0.466951857000083 ], [ 36.25059988400011, 0.468523558000186 ], [ 36.25129076200011, 0.469987500000173 ], [ 36.252374270000018, 0.472171600000024 ], [ 36.253416379000043, 0.474412425000082 ], [ 36.255677941000101, 0.47925499300004 ], [ 36.256799849, 0.481655467000053 ], [ 36.257183251000129, 0.48247823600002 ], [ 36.257532209000033, 0.483229609000091 ], [ 36.257980794000105, 0.484217522 ], [ 36.258510835000038, 0.485381330000052 ], [ 36.259722027000066, 0.487956953000094 ], [ 36.260351656000182, 0.489325524000037 ], [ 36.260888981000164, 0.49061453500002 ], [ 36.261438509000129, 0.491794706000064 ], [ 36.262083078999979, 0.493053696000175 ], [ 36.262453963000155, 0.493826066000111 ], [ 36.263372441000115, 0.495877198000187 ], [ 36.26396328800007, 0.497100356000146 ], [ 36.264512261000107, 0.498259549000011 ], [ 36.265422548000174, 0.499906085000021 ], [ 36.265926719000049, 0.500971278000122 ], [ 36.267148297000062, 0.503720113000099 ], [ 36.267650096000068, 0.504862976000084 ], [ 36.26811286200018, 0.505976881000151 ], [ 36.269480636000026, 0.509267123000086 ], [ 36.271865099000081, 0.514543304000085 ], [ 36.273324904000162, 0.518485462000115 ], [ 36.274268636000045, 0.519662175000065 ], [ 36.275071087000129, 0.521533961000046 ], [ 36.27596663300011, 0.523566760999984 ], [ 36.276408545000095, 0.524540814000034 ], [ 36.277658547000158, 0.527253388000133 ], [ 36.279895327000133, 0.53233405200001 ], [ 36.28129730400002, 0.535626919000094 ], [ 36.281752439000115, 0.536681874000067 ], [ 36.283580196000116, 0.540774177000173 ], [ 36.285128433000011, 0.544050896000101 ], [ 36.286148119000188, 0.546297935000155 ], [ 36.286519835000036, 0.547044638000045 ], [ 36.286911914000086, 0.548112298000092 ], [ 36.287761113000101, 0.550036653000063 ], [ 36.289197350000165, 0.553455591000159 ], [ 36.290719784000032, 0.557127038999965 ], [ 36.29208930599998, 0.560851318 ], [ 36.293414584000061, 0.564461509000012 ], [ 36.293778448000126, 0.565451165000013 ], [ 36.294124603000114, 0.566389322000134 ], [ 36.293389711000032, 0.568757844000174 ], [ 36.292606927000122, 0.571558082000024 ], [ 36.292362295000089, 0.572649536000085 ], [ 36.292135202000054, 0.573621158000037 ], [ 36.291015943000104, 0.577669653000044 ], [ 36.290798436000102, 0.578456146000065 ], [ 36.290563758000076, 0.579388721000043 ], [ 36.289392717000055, 0.584054226000148 ], [ 36.288837628000067, 0.586456580000117 ], [ 36.288573461000169, 0.5875832320001 ], [ 36.287770650000084, 0.590929914000071 ], [ 36.28726908800013, 0.593119260000037 ], [ 36.28637446800019, 0.596628360000125 ], [ 36.285064525000053, 0.602333721000093 ], [ 36.28388278400007, 0.607247537999967 ], [ 36.28306328400015, 0.6108035150001 ], [ 36.282867693000014, 0.611650232000102 ], [ 36.282670745000075, 0.612477556000158 ], [ 36.282166848000031, 0.614567128000033 ], [ 36.28150260700005, 0.617308582000021 ], [ 36.28118205800007, 0.618653592000101 ], [ 36.280907338000077, 0.619847951999986 ], [ 36.28016930400014, 0.623054690000117 ], [ 36.279355410000107, 0.626549229000148 ], [ 36.27880510100016, 0.628848141000105 ], [ 36.278613575000122, 0.629729604000147 ], [ 36.277959665000026, 0.632964817000016 ], [ 36.279751292000185, 0.635262303000047 ], [ 36.280456181000147, 0.636167539000155 ], [ 36.281080904000078, 0.636966909000023 ], [ 36.282148032000066, 0.638321152000117 ], [ 36.282727090000037, 0.639051385000016 ], [ 36.285584071000073, 0.642510189000063 ], [ 36.286630782000088, 0.643771986000104 ], [ 36.287764964000132, 0.645111257000167 ], [ 36.28847609800016, 0.645951877000073 ], [ 36.289100647000055, 0.646683216000099 ], [ 36.297187523000048, 0.648954097000114 ], [ 36.305579876000138, 0.651161880000132 ], [ 36.314460647000146, 0.653467375000162 ], [ 36.32005872700006, 0.654933614000072 ], [ 36.327776830000118, 0.656945880000137 ], [ 36.335466323000162, 0.658869939000056 ], [ 36.343994506000115, 0.661068155000066 ], [ 36.347453490000134, 0.661957441000084 ], [ 36.350569423000138, 0.664937663000103 ], [ 36.355376497000123, 0.669734634000122 ], [ 36.359523733000117, 0.673938136000061 ], [ 36.360264511000082, 0.674663892000069 ], [ 36.360913116000063, 0.675410254000042 ], [ 36.362176891000047, 0.676883984000085 ], [ 36.362900573000104, 0.677354891000107 ], [ 36.364762853000173, 0.679059039000038 ], [ 36.367451812000127, 0.681760485000098 ], [ 36.37209212800002, 0.686450175000175 ], [ 36.377378084000043, 0.691774099000156 ], [ 36.382868944000165, 0.697236200000077 ], [ 36.387969069000178, 0.702364608000039 ], [ 36.390090999000051, 0.704467494000141 ], [ 36.393164971000033, 0.707464405 ], [ 36.398372316000064, 0.712642813 ], [ 36.403091243000119, 0.717332473999988 ], [ 36.404959886000086, 0.71914079000004 ], [ 36.405933419000121, 0.720331643000065 ], [ 36.407362215000035, 0.722558654000068 ], [ 36.408815501000163, 0.725032065000164 ], [ 36.410370928000191, 0.727472471999988 ], [ 36.411624775000121, 0.729515647000028 ], [ 36.412109016000102, 0.730295834 ], [ 36.412954574000082, 0.731657204000044 ], [ 36.413697293000155, 0.732892836000133 ], [ 36.414275960000168, 0.733845346000066 ], [ 36.415003781000053, 0.734999483000081 ], [ 36.416154839000114, 0.736855490000096 ], [ 36.416948619000038, 0.738180377000049 ], [ 36.417667602000108, 0.739329389999966 ], [ 36.418710667000028, 0.740970116000028 ], [ 36.419406603000027, 0.742066211 ], [ 36.419884426000067, 0.74288926600002 ], [ 36.420666955000058, 0.744228477000036 ], [ 36.422890383000151, 0.747968421000053 ], [ 36.424292287000185, 0.750441687000034 ], [ 36.425680817000114, 0.752614233000031 ], [ 36.426775073000044, 0.754355431000079 ], [ 36.427275131000044, 0.755152554 ], [ 36.427760306000152, 0.755934657000182 ], [ 36.429915866000158, 0.759496806000129 ], [ 36.430574502000127, 0.760552959 ], [ 36.431126520000134, 0.761438144000124 ], [ 36.432153882000023, 0.763087706000022 ], [ 36.432849079999983, 0.764259023000022 ], [ 36.433327412000153, 0.765058605000149 ], [ 36.435986403000129, 0.769336341000042 ], [ 36.438985579000132, 0.774142848999986 ], [ 36.440441132000046, 0.776483178000092 ], [ 36.441682168000057, 0.778529743000092 ], [ 36.444369219000066, 0.782837968000081 ], [ 36.44729932100006, 0.787565835000066 ], [ 36.449995910000155, 0.791933627000105 ], [ 36.453064159000064, 0.796837907 ], [ 36.456561290000138, 0.802464628000052 ], [ 36.459589077000146, 0.807368879000023 ], [ 36.462871767000138, 0.812645060000079 ], [ 36.465577892000113, 0.817051028000094 ], [ 36.468967803000055, 0.822355848000086 ], [ 36.470065244000125, 0.824645843000098 ], [ 36.470469309000123, 0.825555991000101 ], [ 36.47121256600002, 0.827285040000106 ], [ 36.471534282, 0.828136145000087 ], [ 36.471914845000128, 0.829371710000089 ], [ 36.472554989000173, 0.83164702300013 ], [ 36.473372936000089, 0.833833702000106 ], [ 36.474568275000138, 0.837101446000133 ], [ 36.474954544000013, 0.837916678999989 ], [ 36.47562962000012, 0.838963957000146 ], [ 36.476284099000168, 0.839672152000048 ], [ 36.477370345000168, 0.840302438000151 ], [ 36.479978133000088, 0.841972942000154 ], [ 36.481607851000149, 0.843021589000159 ], [ 36.482563628999969, 0.843643999000108 ], [ 36.484901145000151, 0.845043457000088 ], [ 36.485610841000039, 0.845476175000044 ], [ 36.487898396000048, 0.846877285000119 ], [ 36.489664689999984, 0.84783782300002 ], [ 36.488983774000133, 0.849392345000069 ], [ 36.487424129000146, 0.851092716000153 ], [ 36.486869064000132, 0.851636375000112 ], [ 36.484675797000136, 0.854252134000092 ], [ 36.48147579700003, 0.853752134000104 ], [ 36.479075797000064, 0.85615213400007 ], [ 36.476875797000105, 0.858252134000111 ], [ 36.472975797000174, 0.860152134000089 ], [ 36.471175797000114, 0.863852134000183 ], [ 36.468175797000072, 0.864952134000077 ], [ 36.465275797000061, 0.865652134000072 ], [ 36.462875797000095, 0.868252134000045 ], [ 36.460275797000122, 0.870352134000086 ], [ 36.456975797000098, 0.872052134000057 ], [ 36.452675797000097, 0.872652133999964 ], [ 36.449175797000066, 0.872852134000027 ], [ 36.446875797000189, 0.871952134000139 ], [ 36.444175797000071, 0.873352134000186 ], [ 36.442675797000106, 0.874952134000011 ], [ 36.440375797000058, 0.876852134000046 ], [ 36.437775797000086, 0.878552134000188 ], [ 36.435175797000056, 0.880452134000166 ], [ 36.433475797000085, 0.882252134000055 ], [ 36.431475797000132, 0.883752134000019 ], [ 36.429275797, 0.886552134000056 ], [ 36.427684421000151, 0.888061150000055 ], [ 36.426987440000119, 0.88876304900009 ], [ 36.426327230000027, 0.889730293000014 ], [ 36.425375797000129, 0.891852133999976 ], [ 36.424175797000089, 0.894652134000012 ], [ 36.424526338000078, 0.89728889100013 ], [ 36.423049068000068, 0.899152955000034 ], [ 36.422379822000096, 0.899758354000085 ], [ 36.421503329000132, 0.900387532000138 ], [ 36.419675797000082, 0.901852134000137 ], [ 36.417475797000179, 0.902752134000025 ], [ 36.415975797000044, 0.901552134000042 ], [ 36.413575797000078, 0.901152134000142 ], [ 36.410575797000149, 0.900652134000154 ], [ 36.408375797000019, 0.901052134000054 ], [ 36.405875797000135, 0.901452134000067 ], [ 36.40298577100009, 0.901755645000094 ], [ 36.400769780000189, 0.903041869000106 ], [ 36.399882966000177, 0.903564321000147 ], [ 36.397375797000109, 0.905052134000073 ], [ 36.395325797000112, 0.908052134000116 ], [ 36.394475797000155, 0.910902134000025 ], [ 36.395350252000128, 0.913119036000126 ], [ 36.393939614000089, 0.912393913000074 ], [ 36.393183194000017, 0.913503871000103 ], [ 36.39328894900018, 0.914794922000056 ], [ 36.393258692000074, 0.91635700400002 ], [ 36.392883300999983, 0.917602539000143 ], [ 36.393427303000067, 0.918576221000023 ], [ 36.393626278000113, 0.91957338200001 ], [ 36.393920898000147, 0.920288086000028 ], [ 36.393707275000168, 0.921203612999989 ], [ 36.392454941000096, 0.92161653900007 ], [ 36.391826201000129, 0.922562919000029 ], [ 36.391377501000136, 0.92319898900007 ], [ 36.390726399000073, 0.923737644000141 ], [ 36.390100313000119, 0.924424898000154 ], [ 36.389750438000021, 0.925366031000124 ], [ 36.389183173000106, 0.926009739000108 ], [ 36.388617940000131, 0.926885379999987 ], [ 36.387744735000069, 0.927714882000089 ], [ 36.387084961000028, 0.928710937000119 ], [ 36.387329102000081, 0.929504395000095 ], [ 36.387824139000088, 0.930467744000111 ], [ 36.38817662200006, 0.931340973000147 ], [ 36.388671875000057, 0.932128906000059 ], [ 36.388377547000061, 0.933210503000112 ], [ 36.388463637000086, 0.934683680000035 ], [ 36.388411173000179, 0.935993936000102 ], [ 36.388103104000152, 0.937643788 ], [ 36.388232217000109, 0.939091811000026 ], [ 36.388258548000067, 0.939883512000051 ], [ 36.388193012000158, 0.940731521000146 ], [ 36.390203588000077, 0.941795858000035 ], [ 36.389908625000089, 0.943412318000185 ], [ 36.389303078000182, 0.944731803000025 ], [ 36.389053667000042, 0.947386433000133 ], [ 36.389205619000165, 0.94880795500012 ], [ 36.388412475999985, 0.949844359999986 ], [ 36.387178456000072, 0.950149623000129 ], [ 36.38615546800014, 0.950594626000054 ], [ 36.385099559000082, 0.951168357000029 ], [ 36.384376571000132, 0.951636663000045 ], [ 36.384045042000139, 0.952862586000151 ], [ 36.384277344000168, 0.953674316000161 ], [ 36.384185791000164, 0.954864502000078 ], [ 36.383177254000088, 0.955370305000088 ], [ 36.381805420000092, 0.955780029000039 ], [ 36.380605342000081, 0.955383361000088 ], [ 36.379250851000052, 0.955432135000024 ], [ 36.378136005000158, 0.955753892000075 ], [ 36.377310014000102, 0.956053385000075 ], [ 36.376450838000096, 0.956589104000102 ], [ 36.375610352000024, 0.95727539100011 ], [ 36.37438964800009, 0.95727539100011 ], [ 36.372799028000088, 0.956620993000172 ], [ 36.371123113000067, 0.955950325000117 ], [ 36.370246492000092, 0.955911858000036 ], [ 36.369323585000018, 0.956363911000039 ], [ 36.368324691000169, 0.956808699000078 ], [ 36.367538257000092, 0.957234702000051 ], [ 36.366685119000067, 0.958302413000013 ], [ 36.366006408000089, 0.958968307000077 ], [ 36.365429111000026, 0.959780509000097 ], [ 36.365100468000094, 0.961261339999965 ], [ 36.364389969000058, 0.96208755300006 ], [ 36.364501953000058, 0.962890625000057 ], [ 36.364685059000124, 0.963684082000043 ], [ 36.364074707000043, 0.964294434000124 ], [ 36.363281250000057, 0.964477539000086 ], [ 36.362304687000176, 0.964721680000139 ], [ 36.361324363000051, 0.964467759000172 ], [ 36.360333171000093, 0.964710484000079 ], [ 36.359732395000151, 0.965279422000094 ], [ 36.358567958000151, 0.965390786000057 ], [ 36.357479354000134, 0.965261565000105 ], [ 36.355357228000059, 0.965821439000081 ], [ 36.35473281100019, 0.966295611000021 ], [ 36.354003906000173, 0.967056274000186 ], [ 36.352883778000034, 0.966854459000103 ], [ 36.351747282000133, 0.966980747000093 ], [ 36.351362523000034, 0.967826037 ], [ 36.350947484000073, 0.968625598000187 ], [ 36.350667847000125, 0.969362914000101 ], [ 36.350205084000095, 0.970012559999986 ], [ 36.349574964000169, 0.971446394000168 ], [ 36.349351263000074, 0.972440507999977 ], [ 36.348576611000112, 0.973420387000147 ], [ 36.34805368300016, 0.974517031000119 ], [ 36.34781703900012, 0.975725873000158 ], [ 36.347741971000119, 0.97709514100012 ], [ 36.347681141000066, 0.97792404 ], [ 36.34744509799998, 0.979022801000099 ], [ 36.347277806000193, 0.980081782000013 ], [ 36.346927816000175, 0.981140934000109 ], [ 36.346762392000187, 0.982321228000046 ], [ 36.346589418000065, 0.983536850000064 ], [ 36.346821279000153, 0.984900473000039 ], [ 36.346658738000144, 0.985708665000118 ], [ 36.346390823000092, 0.98655680100012 ], [ 36.345949718999975, 0.987729730000069 ], [ 36.344967574000179, 0.98799427900002 ], [ 36.344318083000189, 0.988551071000074 ], [ 36.343533864000051, 0.989226813000073 ], [ 36.342929416000118, 0.99019628800005 ], [ 36.342754166000191, 0.991100256999971 ], [ 36.342600639000182, 0.99190733000006 ], [ 36.342323075000138, 0.992929269000172 ], [ 36.342285156000116, 0.994110107000154 ], [ 36.335079403000123, 0.993632757000114 ], [ 36.324691414000085, 0.992422405000127 ], [ 36.317321777000075, 0.991516113000102 ], [ 36.310239266000167, 1.000520208000012 ], [ 36.306880282000066, 1.004725921000102 ], [ 36.300284383000132, 1.01286527600007 ], [ 36.289724325000179, 1.025915520000183 ], [ 36.277279256000099, 1.041428020000069 ], [ 36.272888184000067, 1.047119141000167 ], [ 36.264087459000109, 1.058028801999967 ], [ 36.260123299000043, 1.062939690000064 ], [ 36.249685311000064, 1.075939934000132 ], [ 36.247295125000164, 1.078613225000083 ], [ 36.239902498, 1.087921380000068 ], [ 36.234850057000017, 1.094275725000102 ], [ 36.219296744000189, 1.11384712500012 ], [ 36.204038680000053, 1.13291283500007 ], [ 36.188426180000192, 1.152489495000168 ], [ 36.173277303000077, 1.17123890900001 ], [ 36.167478133000031, 1.171116839000035 ], [ 36.153075985000157, 1.170875286000069 ], [ 36.132633114000043, 1.170320110000148 ], [ 36.1212763260001, 1.169714934000126 ], [ 36.097290039000086, 1.16931152300009 ], [ 36.088346834000049, 1.182887249000146 ], [ 36.079835409000054, 1.196320598000057 ], [ 36.066885164000155, 1.216421917000162 ], [ 36.055700448000039, 1.234091497000179 ], [ 36.047702645000072, 1.246264495 ], [ 36.044898836000186, 1.250520208000125 ], [ 36.039241219000189, 1.25981991499998 ], [ 36.036487410000177, 1.263884075000021 ], [ 36.02868116000019, 1.276087591000078 ], [ 36.021484375000057, 1.287109375 ], [ 36.019645076000188, 1.290267669000059 ], [ 36.009035018000191, 1.306676897000045 ], [ 35.99963531100002, 1.322289397000077 ], [ 35.996689950000132, 1.326686663000146 ], [ 35.990699227000164, 1.336227922999967 ], [ 35.98644351400003, 1.342823821000025 ], [ 35.976680184000088, 1.357831145000091 ], [ 35.968190828000047, 1.370831389000102 ], [ 35.966292196000154, 1.374290374000054 ], [ 35.957447664000028, 1.387915276000115 ], [ 35.946232430000066, 1.405534856000088 ], [ 35.940574813000126, 1.414512493000132 ], [ 35.93548081900019, 1.422085637000066 ], [ 35.92608111200019, 1.436870891000183 ], [ 35.915279500000167, 1.453935296000168 ], [ 35.908825154999988, 1.464223284000184 ], [ 35.903903231000072, 1.471665911 ], [ 35.892687996000177, 1.489427044000081 ], [ 35.885678475000134, 1.500711760000115 ], [ 35.8826331140001, 1.505614202000061 ], [ 35.870429598000101, 1.524222063000025 ], [ 35.857429354000033, 1.544231829000069 ], [ 35.844651180000028, 1.564069524 ], [ 35.831650936000131, 1.584220843000139 ], [ 35.820627254000044, 1.601476800000171 ], [ 35.808232186000112, 1.620517766000148 ], [ 35.795040389000121, 1.641082708000113 ], [ 35.785653114000127, 1.656131744000049 ], [ 35.78496170000011, 1.655539870000098 ], [ 35.783897744000171, 1.655568831000096 ] ] ] } },
{ "type": "Feature", "properties": { "county": "Wajir", "pcode": "KE008", "area_sqkm": 56668.589279920001 }, "geometry": { "type": "Polygon", "coordinates": [ [ [ 39.785138178000068, 3.695313823000049 ], [ 39.773353585000109, 3.668470746000082 ], [ 39.766853585000035, 3.659870746000138 ], [ 39.7636535850001, 3.661070746000121 ], [ 39.756553585000063, 3.654270746000066 ], [ 39.745553585000152, 3.643070746000092 ], [ 39.723753585000111, 3.620570746000055 ], [ 39.696653585000149, 3.592770746000099 ], [ 39.670253585000182, 3.565370746000156 ], [ 39.650353585000175, 3.54497074600016 ], [ 39.642853585000069, 3.537170746000129 ], [ 39.637553585000148, 3.53237074599997 ], [ 39.634753585000112, 3.529070746000116 ], [ 39.607853585000157, 3.501370746000077 ], [ 39.602853585, 3.497070746000134 ], [ 39.588953585000127, 3.488070746000119 ], [ 39.585353585000121, 3.480070746000024 ], [ 39.578853585000047, 3.463770745999966 ], [ 39.576053585000182, 3.456970746000081 ], [ 39.570953585000098, 3.444170746000111 ], [ 39.56255358500016, 3.422570746000076 ], [ 39.555953585000111, 3.405570746000024 ], [ 39.553253585000164, 3.399770746000115 ], [ 39.548353585000143, 3.400170746000128 ], [ 39.543053585000166, 3.40007074600004 ], [ 39.538553585000159, 3.401170746000105 ], [ 39.535053585000128, 3.401470746000086 ], [ 39.531453585000179, 3.402070746000163 ], [ 39.527253585000096, 3.403770746000134 ], [ 39.523053585000071, 3.405570746000024 ], [ 39.51915358500014, 3.407370746000083 ], [ 39.514153585000145, 3.409470746000125 ], [ 39.51265358500018, 3.41487074600019 ], [ 39.501353585000118, 3.451070746000084 ], [ 39.49725358500018, 3.464670746000024 ], [ 39.494853584999987, 3.466470746000084 ], [ 39.49155358500019, 3.466770746000066 ], [ 39.485353585000041, 3.460870746000012 ], [ 39.483053585000164, 3.459670746000029 ], [ 39.480453585000134, 3.459870746000036 ], [ 39.476653585000122, 3.459970746000181 ], [ 39.474153585000067, 3.460470746000169 ], [ 39.471353585000031, 3.461570746 ], [ 39.468953585, 3.459370746000104 ], [ 39.465453585000148, 3.459870746000036 ], [ 39.463653585000088, 3.458170746000064 ], [ 39.462453585000105, 3.456770746000075 ], [ 39.460753585000134, 3.457170746000145 ], [ 39.458253585000023, 3.457370746000151 ], [ 39.455553585000132, 3.456370746 ], [ 39.453453585000091, 3.456270746000087 ], [ 39.443153585000175, 3.460270746000106 ], [ 39.442253585000117, 3.458570746000134 ], [ 39.440753584999982, 3.456270746000087 ], [ 39.435753584999986, 3.456770746000075 ], [ 39.429153585000165, 3.454570746000115 ], [ 39.428753585000095, 3.459270746000129 ], [ 39.42625358500004, 3.465370746000019 ], [ 39.423953585000163, 3.464070746000118 ], [ 39.422153585000046, 3.462270746000058 ], [ 39.419453585000156, 3.460770746000094 ], [ 39.417053585000133, 3.460870746000012 ], [ 39.414953585000148, 3.462070746 ], [ 39.413453585000184, 3.463670746000048 ], [ 39.411953585000049, 3.465370746000019 ], [ 39.408853585000088, 3.464870746000031 ], [ 39.405053585000076, 3.464970746000176 ], [ 39.403253585000186, 3.463870746000111 ], [ 39.400953585000138, 3.463270745999978 ], [ 39.394853585000078, 3.464870746000031 ], [ 39.387453585000117, 3.466170746000159 ], [ 39.38035358500008, 3.466870746000154 ], [ 39.373253585000043, 3.467270746000054 ], [ 39.366453584999988, 3.467370746000142 ], [ 39.357853585000043, 3.467270746000054 ], [ 39.337653585000055, 3.466170746000159 ], [ 39.330253585000094, 3.466070746000014 ], [ 39.33265358500006, 3.471570746 ], [ 39.334953585000108, 3.480570746000012 ], [ 39.334953585000108, 3.485370746000171 ], [ 39.333653585000036, 3.489870746000179 ], [ 39.333153585000048, 3.496670746000063 ], [ 39.332853585000123, 3.500270746000012 ], [ 39.331053585, 3.501970745999984 ], [ 39.328453585000034, 3.502670745999978 ], [ 39.325953585000093, 3.502170746000047 ], [ 39.323453585000038, 3.501670746000059 ], [ 39.320553585000084, 3.500570746000164 ], [ 39.318977665000091, 3.499068002000172 ], [ 39.319643019000068, 3.49858184500016 ], [ 39.320352121000099, 3.497984482000049 ], [ 39.321278608000114, 3.497308790000091 ], [ 39.322296586000164, 3.496878778000053 ], [ 39.32422520800003, 3.496317819000069 ], [ 39.324743660000081, 3.49375016800019 ], [ 39.324846562000118, 3.491527004000091 ], [ 39.324718039, 3.490635827000119 ], [ 39.324373196000181, 3.489452001000075 ], [ 39.324069410999982, 3.488469339000119 ], [ 39.323703657000124, 3.487382448000176 ], [ 39.323179612, 3.485996283000134 ], [ 39.322928381000111, 3.485235243000034 ], [ 39.322317989000055, 3.483623972000032 ], [ 39.321738762000166, 3.482386586000189 ], [ 39.321183665000149, 3.481604449000031 ], [ 39.320496179000145, 3.480753413000116 ], [ 39.319968070000016, 3.479725872000131 ], [ 39.319686687000114, 3.478237697000168 ], [ 39.319536314000175, 3.477175375 ], [ 39.319302755000137, 3.476201263000064 ], [ 39.318962832000182, 3.475093858000037 ], [ 39.318538496000031, 3.47406075300006 ], [ 39.317957627000055, 3.473169335000023 ], [ 39.316565748000073, 3.47129318400016 ], [ 39.313761940000063, 3.468251808000048 ], [ 39.311780660000124, 3.466331170999979 ], [ 39.31115349900017, 3.465761674000021 ], [ 39.310710911000172, 3.465113142 ], [ 39.310262244000057, 3.464146336000169 ], [ 39.309714039000085, 3.463076091000175 ], [ 39.309010786000101, 3.462208860000089 ], [ 39.307904565000115, 3.461050857000089 ], [ 39.307104148000064, 3.460252012000183 ], [ 39.306041929000173, 3.459073933000127 ], [ 39.304682535000154, 3.457647070000121 ], [ 39.304011016000118, 3.456777230000057 ], [ 39.302997297000161, 3.455105383000046 ], [ 39.302689371999975, 3.454256648000069 ], [ 39.302276543000062, 3.452675309000028 ], [ 39.301628827000116, 3.450535894000041 ], [ 39.301208404000192, 3.449342050000041 ], [ 39.300556792000123, 3.447756723000055 ], [ 39.299932666000188, 3.446213457000056 ], [ 39.299547529, 3.445278152000071 ], [ 39.299216139000123, 3.444357271000172 ], [ 39.298877133000133, 3.442864026000166 ], [ 39.298814151999977, 3.441878319000011 ], [ 39.298842593000131, 3.440229068000065 ], [ 39.298896022000179, 3.439425382000024 ], [ 39.299117140000192, 3.438030091000144 ], [ 39.299246848999985, 3.436909693000132 ], [ 39.299426378000192, 3.43606104100013 ], [ 39.299675543000149, 3.434808100000112 ], [ 39.299842159000036, 3.433868902000029 ], [ 39.299969898000029, 3.432844056000135 ], [ 39.300131586000134, 3.430800437000073 ], [ 39.300152342000047, 3.429777262000016 ], [ 39.300290205000181, 3.42853539500004 ], [ 39.300482405000082, 3.427481563000072 ], [ 39.300977872000146, 3.426454865000039 ], [ 39.302031584000133, 3.424488705000044 ], [ 39.303480862000129, 3.42195807100012 ], [ 39.304022639000095, 3.420954978000168 ], [ 39.304590572000109, 3.419894771000088 ], [ 39.305518257000188, 3.418324232000089 ], [ 39.306056488000081, 3.417546730000083 ], [ 39.307403173000182, 3.416130390000092 ], [ 39.308242889000041, 3.415358099000059 ], [ 39.308995956000103, 3.414588694000088 ], [ 39.30995237000019, 3.413344326000185 ], [ 39.310510296000132, 3.412485853000078 ], [ 39.311541855000144, 3.410166130000107 ], [ 39.312066984000182, 3.409026869000058 ], [ 39.312424586000077, 3.407958628000074 ], [ 39.312768258000119, 3.40650469000002 ], [ 39.312932990000036, 3.405668050000088 ], [ 39.313035529000103, 3.404854656999987 ], [ 39.313329243000055, 3.402355221000164 ], [ 39.313701055000081, 3.399564671000178 ], [ 39.313861712000175, 3.398371919999988 ], [ 39.314039044000083, 3.397159655000166 ], [ 39.314435903000174, 3.394322069 ], [ 39.314621775000091, 3.392966733000151 ], [ 39.31477796300004, 3.391722991000108 ], [ 39.315334416000155, 3.387359699 ], [ 39.316033461000188, 3.383046169000181 ], [ 39.316556212000194, 3.378578161000121 ], [ 39.31717283200004, 3.374160034000056 ], [ 39.317839451000054, 3.369587428000102 ], [ 39.318364110000175, 3.365648779000082 ], [ 39.319239448000133, 3.359456609000063 ], [ 39.319949937000047, 3.354476221000084 ], [ 39.32084816400004, 3.347854693000045 ], [ 39.321629634000033, 3.34294624000006 ], [ 39.322738487000038, 3.333652442000073 ], [ 39.323575270000049, 3.327752370000042 ], [ 39.32426287100003, 3.322469036000086 ], [ 39.325348836000103, 3.314469922000114 ], [ 39.325431261000062, 3.311346598000114 ], [ 39.326070769000069, 3.305969515000129 ], [ 39.326482794000128, 3.303958352000052 ], [ 39.326639305000185, 3.303168148000054 ], [ 39.326739515000156, 3.302404394000121 ], [ 39.326934663000088, 3.299463552000134 ], [ 39.327248695000151, 3.294576914000118 ], [ 39.327769862000025, 3.290330677000043 ], [ 39.327908639000043, 3.28946254400006 ], [ 39.328179965000118, 3.288671912000041 ], [ 39.329181092000113, 3.287112609000076 ], [ 39.329821490000143, 3.286501101999988 ], [ 39.331141724000133, 3.285589460999972 ], [ 39.332051258000092, 3.2849747570001 ], [ 39.333734080000056, 3.283801380000114 ], [ 39.334551325000064, 3.283168052000121 ], [ 39.335348784000075, 3.282410943000059 ], [ 39.336788368000157, 3.280831234 ], [ 39.337357384000143, 3.279939343000024 ], [ 39.337981784000135, 3.278006556999969 ], [ 39.338239994000162, 3.276968086000124 ], [ 39.338440066000032, 3.275914905000093 ], [ 39.338969514000155, 3.273179191000054 ], [ 39.339371656000026, 3.270325276000108 ], [ 39.339527152000073, 3.269167609000135 ], [ 39.339675927000087, 3.267982262000032 ], [ 39.340248490000079, 3.263770771 ], [ 39.340444510000168, 3.262369408000154 ], [ 39.340633406000165, 3.260972517000141 ], [ 39.341241035000053, 3.255851589999963 ], [ 39.341577502000121, 3.252244514000154 ], [ 39.341653575000066, 3.251470745000177 ], [ 39.341720186000032, 3.25058316000019 ], [ 39.341823743000134, 3.248240484000121 ], [ 39.341860039000096, 3.246970828000087 ], [ 39.341884881000055, 3.245550400000127 ], [ 39.342072096000152, 3.237947899 ], [ 39.342275093000183, 3.231082076000121 ], [ 39.342953157000125, 3.205667452000114 ], [ 39.343173320000176, 3.185050841000077 ], [ 39.343242393000082, 3.173947119000047 ], [ 39.343426317000024, 3.169347929000025 ], [ 39.343749885000193, 3.159772524000118 ], [ 39.344954514999984, 3.137257127000112 ], [ 39.345377675, 3.11535227100012 ], [ 39.345241844000043, 3.098788563000085 ], [ 39.345869908000168, 3.086953967 ], [ 39.345620819000089, 3.070797359000096 ], [ 39.344775530000049, 3.070305280000127 ], [ 39.342336537000108, 3.068358265000086 ], [ 39.340688992000139, 3.066919999000106 ], [ 39.340062520000174, 3.066360988000099 ], [ 39.33946987000013, 3.06584962800008 ], [ 39.336838048000175, 3.063748824000186 ], [ 39.333664485000043, 3.061786686000175 ], [ 39.331238060000089, 3.06017510900017 ], [ 39.32763561500019, 3.057350439 ], [ 39.325332548000176, 3.055574144000047 ], [ 39.324465140000143, 3.054953792000049 ], [ 39.323411229000101, 3.054259533999982 ], [ 39.32112977100013, 3.052870986000016 ], [ 39.318442865000065, 3.051561984999978 ], [ 39.317352703000097, 3.050972259000048 ], [ 39.316197857000077, 3.050297466000075 ], [ 39.313262077000047, 3.048587379000082 ], [ 39.31128716000012, 3.047559508 ], [ 39.310467901000095, 3.047143043000119 ], [ 39.30958399300016, 3.046705453000129 ], [ 39.306631846000073, 3.045359695000172 ], [ 39.303373952000129, 3.043864279000104 ], [ 39.298965242000065, 3.041886405000014 ], [ 39.289950954000119, 3.037640808000049 ], [ 39.288979653000126, 3.036943862000101 ], [ 39.286359547000075, 3.033592094000085 ], [ 39.284465410000109, 3.031279565000148 ], [ 39.281056425000031, 3.027680936000024 ], [ 39.277639812000018, 3.024355449000097 ], [ 39.274460527000144, 3.021246192000149 ], [ 39.266437929000176, 3.013789617000043 ], [ 39.264092653000091, 3.011244415000078 ], [ 39.263360506000026, 3.010390828000084 ], [ 39.256946260000063, 3.003651169000136 ], [ 39.254067656000132, 2.999972498000147 ], [ 39.252438425000037, 2.998007975000064 ], [ 39.251732349000065, 2.997143450000181 ], [ 39.250288139000133, 2.995513867999989 ], [ 39.249994979, 2.994697316000099 ], [ 39.249936738000088, 2.992459180000026 ], [ 39.250014939999971, 2.989867687000128 ], [ 39.249849464000135, 2.988820154000052 ], [ 39.24899064300007, 2.987772847000144 ], [ 39.248428549000096, 2.98725476400017 ], [ 39.247624286000075, 2.986777412000095 ], [ 39.246545753000078, 2.986314209000057 ], [ 39.245638166000049, 2.985357361000126 ], [ 39.244264196000074, 2.985353108000027 ], [ 39.243089301000111, 2.985622552000109 ], [ 39.242040025000165, 2.985719889000109 ], [ 39.240691628000036, 2.985542598000109 ], [ 39.237373006000098, 2.984757409000053 ], [ 39.234960845000103, 2.98401715000017 ], [ 39.233955815000058, 2.98366484800016 ], [ 39.232973739000158, 2.983260266000059 ], [ 39.229541855000036, 2.981687252000143 ], [ 39.228587130000051, 2.981178797000098 ], [ 39.227155589000176, 2.980384223000044 ], [ 39.225087572000177, 2.979491575999987 ], [ 39.223961538000083, 2.979221166 ], [ 39.222731621000037, 2.979167315000097 ], [ 39.220316718000163, 2.979109109000092 ], [ 39.219338298000025, 2.978861311000173 ], [ 39.218561186000045, 2.978599723 ], [ 39.217545939000161, 2.977996486000109 ], [ 39.216624898000077, 2.977434433000042 ], [ 39.215664866, 2.976755119000188 ], [ 39.213572727000042, 2.975049208000144 ], [ 39.212858077000021, 2.974465319000046 ], [ 39.212090771000135, 2.973878227000171 ], [ 39.210583603000146, 2.972821672000066 ], [ 39.20945739900003, 2.972034242000063 ], [ 39.208279681000135, 2.971417327000097 ], [ 39.20508867500007, 2.969815079000057 ], [ 39.204010589000063, 2.969247520000067 ], [ 39.202645152000116, 2.968461242000046 ], [ 39.201143046000027, 2.967298569000036 ], [ 39.200360840000144, 2.966441616999987 ], [ 39.19876873000004, 2.964186097999971 ], [ 39.197608018999972, 2.962066510000113 ], [ 39.197155708000139, 2.961169735000055 ], [ 39.196679582000172, 2.960352666000063 ], [ 39.193854151999972, 2.956462388000034 ], [ 39.192542032000119, 2.956398040000067 ], [ 39.183931978000089, 2.956157182000027 ], [ 39.174444124, 2.955663756000035 ], [ 39.167752449000091, 2.95528661100002 ], [ 39.15496473800016, 2.95477256300012 ], [ 39.152524079000102, 2.954522784000176 ], [ 39.151619302000086, 2.954354830000113 ], [ 39.15043414500019, 2.954083970000113 ], [ 39.149546767000118, 2.953786427000068 ], [ 39.148798512000099, 2.953194897000174 ], [ 39.14785562600008, 2.952157684000042 ], [ 39.146377019000056, 2.950347879000162 ], [ 39.145372039000051, 2.949008352000078 ], [ 39.14479691300005, 2.948226017000081 ], [ 39.144162327000117, 2.94713039100003 ], [ 39.143095174, 2.945057962000078 ], [ 39.142558794000024, 2.944112284000141 ], [ 39.141628829000126, 2.942455345000099 ], [ 39.141107264000027, 2.94156963000006 ], [ 39.1404787620001, 2.940699359000121 ], [ 39.139892155000098, 2.939963467000155 ], [ 39.139083750000111, 2.939200950000043 ], [ 39.138253424000141, 2.938517600000182 ], [ 39.137633326000184, 2.938046627000176 ], [ 39.136166453000044, 2.937163351000095 ], [ 39.135388246000048, 2.936845848000019 ], [ 39.134280255000135, 2.936540655000101 ], [ 39.133327183000119, 2.936337657000024 ], [ 39.132479478000107, 2.936237707999965 ], [ 39.131071690000113, 2.936062668000091 ], [ 39.1302986500001, 2.935921076000056 ], [ 39.128992691000178, 2.935500514000125 ], [ 39.127980192000109, 2.935083147000114 ], [ 39.12725223700005, 2.934634281000115 ], [ 39.125820246000103, 2.93343961100004 ], [ 39.124994171000083, 2.932146591000162 ], [ 39.124574614000096, 2.931407457000091 ], [ 39.124245647000123, 2.930526415000031 ], [ 39.12382250600001, 2.929228072000171 ], [ 39.123561389000031, 2.928440742000021 ], [ 39.123070343000052, 2.927038716000027 ], [ 39.122751554000047, 2.926194684 ], [ 39.122079326000062, 2.924546585000144 ], [ 39.121701008000173, 2.923696706000101 ], [ 39.121026436000136, 2.922027355000068 ], [ 39.120639149000169, 2.921258342000158 ], [ 39.119703591000189, 2.919473308000079 ], [ 39.119309110000131, 2.918529578000118 ], [ 39.118891059000134, 2.917406085000152 ], [ 39.118440431000124, 2.916155293000031 ], [ 39.118045567000138, 2.914898426000093 ], [ 39.117418787000133, 2.912644165000131 ], [ 39.117130561000124, 2.91144836899997 ], [ 39.116649699000106, 2.909346742000082 ], [ 39.116251899000076, 2.90662214200006 ], [ 39.116048883000133, 2.905571823000116 ], [ 39.115830641, 2.904531186999975 ], [ 39.115266868, 2.901350251000054 ], [ 39.114562744000182, 2.89815272300018 ], [ 39.114262657000154, 2.896868522000034 ], [ 39.114021337000054, 2.895603666 ], [ 39.113636196000073, 2.89296860200011 ], [ 39.113519310000186, 2.89177276200013 ], [ 39.113438341000176, 2.890513416000033 ], [ 39.113261696, 2.887449872000047 ], [ 39.113164012000084, 2.88405114 ], [ 39.110865788000183, 2.88405114 ], [ 39.107943315000057, 2.884172904000138 ], [ 39.106220984000117, 2.884033568000177 ], [ 39.105452114000059, 2.883875784000054 ], [ 39.104649452000103, 2.883686091000129 ], [ 39.102303038000116, 2.883257335000167 ], [ 39.101051824000137, 2.883091874000058 ], [ 39.099727305000101, 2.883011240000144 ], [ 39.095875630000137, 2.882864988000108 ], [ 39.091560789000084, 2.882962791000125 ], [ 39.088345265000157, 2.882986752000079 ], [ 39.082551817000081, 2.882864988000108 ], [ 39.078650600000117, 2.882693224000093 ], [ 39.072550749000186, 2.882876909000117 ], [ 39.067167803000132, 2.883042984000099 ], [ 39.067040815999974, 2.877187343000116 ], [ 39.067330052000102, 2.870747831000187 ], [ 39.067632640000113, 2.865264839000019 ], [ 39.068128688000115, 2.85147120400012 ], [ 39.068574736000073, 2.841961654000045 ], [ 39.06915130100009, 2.831491479000022 ], [ 39.069647349000093, 2.81928093 ], [ 39.069854161000137, 2.814773941000055 ], [ 39.070053238000185, 2.810511615000166 ], [ 39.070120201000123, 2.809567934000142 ], [ 39.070141446000036, 2.808697872000096 ], [ 39.070035889999986, 2.805289931000118 ], [ 39.069927094000093, 2.803873894000105 ], [ 39.069751446999987, 2.802461331000018 ], [ 39.06894258300008, 2.796185153000124 ], [ 39.068143947000067, 2.788992423000082 ], [ 39.067360570000176, 2.782679682000094 ], [ 39.0668340040001, 2.776847133000047 ], [ 39.06616166200007, 2.771859949999964 ], [ 39.065554579000036, 2.766776634000053 ], [ 39.065154307000114, 2.763675959000068 ], [ 39.06445144800017, 2.757059557000105 ], [ 39.063446000999988, 2.748794928999985 ], [ 39.062564940000016, 2.74165220000009 ], [ 39.062385608000113, 2.739206396000043 ], [ 39.062328665000109, 2.738272318000043 ], [ 39.062155154000038, 2.737298850000172 ], [ 39.062145233000194, 2.735676527000123 ], [ 39.061431291000133, 2.735320095000134 ], [ 39.060643311000092, 2.734856176 ], [ 39.059449006000136, 2.734059914000056 ], [ 39.057276970000032, 2.73213338100004 ], [ 39.056478732000073, 2.731347403000029 ], [ 39.055723152000041, 2.730437984000048 ], [ 39.054607674000124, 2.728979032000098 ], [ 39.054131895000125, 2.728284439000106 ], [ 39.053671275, 2.727477981000163 ], [ 39.052596656, 2.72531297400019 ], [ 39.052276413000072, 2.724562857000024 ], [ 39.051965009000071, 2.723645445000159 ], [ 39.051249872000142, 2.721609285000056 ], [ 39.050894267000103, 2.72044100100004 ], [ 39.050309209000034, 2.718414612000117 ], [ 39.050061018000179, 2.717468993000125 ], [ 39.049889427000096, 2.716603748000068 ], [ 39.04953990000007, 2.714353093999989 ], [ 39.049444124000104, 2.71147520500017 ], [ 39.049428865000039, 2.708885479000116 ], [ 39.049366262999968, 2.706684603000099 ], [ 39.049202496000191, 2.705753944000094 ], [ 39.048710758000027, 2.704279921000079 ], [ 39.048351489000027, 2.703371711000102 ], [ 39.047853272000111, 2.702416264000021 ], [ 39.04677520000007, 2.700669224000023 ], [ 39.046217012000113, 2.699957299 ], [ 39.045033507000142, 2.698753587000056 ], [ 39.042970704000084, 2.697281894000071 ], [ 39.040342096000188, 2.695269285999984 ], [ 39.039564271000074, 2.694657533000111 ], [ 39.038793150000117, 2.693936643000143 ], [ 39.037239337000074, 2.692179720000183 ], [ 39.036757974000125, 2.691402102000154 ], [ 39.035756279000111, 2.688580874000138 ], [ 39.034748924000155, 2.685677832000067 ], [ 39.033172633000049, 2.681568015000096 ], [ 39.031742013000155, 2.67796893700006 ], [ 39.03128077000008, 2.676859137000065 ], [ 39.030763456000102, 2.675652250000098 ], [ 39.027578367000046, 2.668287237000129 ], [ 39.026450441000179, 2.665157118000025 ], [ 39.023441728000194, 2.658172392000154 ], [ 39.019437105000065, 2.648653901000102 ], [ 39.017311981000091, 2.643330363000189 ], [ 39.016840912000077, 2.642176021000068 ], [ 39.016273580000075, 2.640816160000099 ], [ 39.014532347000113, 2.636686165000071 ], [ 39.010585480000145, 2.627489213999979 ], [ 39.010196945000075, 2.626487158000032 ], [ 39.009359157, 2.624296958000173 ], [ 39.008954521000135, 2.623213684000063 ], [ 39.008129909000104, 2.621176713000011 ], [ 39.005866017000187, 2.615966625000056 ], [ 39.003573515000028, 2.610266808000176 ], [ 38.998967531000176, 2.602983786000095 ], [ 38.995874486000105, 2.598660124000105 ], [ 38.99326413700004, 2.59376871700016 ], [ 38.991676402000053, 2.591078924000101 ], [ 38.989131312000154, 2.586850085000037 ], [ 38.986863606000099, 2.582949940000049 ], [ 38.985339223000153, 2.58026014700016 ], [ 38.98324781000008, 2.576877865000085 ], [ 38.980947679000053, 2.572874672000012 ], [ 38.979327192000028, 2.569791311000074 ], [ 38.97861672800002, 2.568385127000113 ], [ 38.97394769400006, 2.567365454000026 ], [ 38.971380051000153, 2.566357360000097 ], [ 38.970156276000068, 2.565961151000067 ], [ 38.968940338000039, 2.565611277000073 ], [ 38.965077161000011, 2.564419205000036 ], [ 38.964052147000132, 2.564178934000154 ], [ 38.962937826000029, 2.563951315000054 ], [ 38.955065854999987, 2.562070319000043 ], [ 38.947977724000168, 2.560195374000045 ], [ 38.938851994000061, 2.557980410000141 ], [ 38.93253268300009, 2.55616927 ], [ 38.931357601000173, 2.55585499700004 ], [ 38.930145593000077, 2.555543527 ], [ 38.917451768000092, 2.55227570500017 ], [ 38.908364186000085, 2.54996484500009 ], [ 38.899073607000105, 2.547486751000065 ], [ 38.895059447000165, 2.54644935500005 ], [ 38.887599945000034, 2.544461012000113 ], [ 38.888054300000078, 2.543671158000109 ], [ 38.888465180000139, 2.542899072000182 ], [ 38.88995787600004, 2.539884518000122 ], [ 38.890365664000171, 2.538975691000189 ], [ 38.890684633000035, 2.53809050600006 ], [ 38.891374577000079, 2.535777495000048 ], [ 38.892041196999969, 2.531476959000031 ], [ 38.892736427000159, 2.526069955000139 ], [ 38.893037108000044, 2.521894640000085 ], [ 38.893272529000114, 2.516978318999975 ], [ 38.893210694000061, 2.514479179000148 ], [ 38.893358617000104, 2.51348543600011 ], [ 38.893638469000166, 2.511886777000086 ], [ 38.89452186300008, 2.50872289300014 ], [ 38.894853104000049, 2.507670580000024 ], [ 38.89517131499997, 2.506597795000118 ], [ 38.89574445500017, 2.503969733000133 ], [ 38.896128107000095, 2.503009412000154 ], [ 38.896896754000181, 2.501702261999981 ], [ 38.897332500000175, 2.50095776400002 ], [ 38.897687188000077, 2.500281787000176 ], [ 38.898474153000052, 2.498494606000179 ], [ 38.89890809700006, 2.496081136000157 ], [ 38.899030872000026, 2.495268137000096 ], [ 38.899130728000102, 2.494492993999984 ], [ 38.899422550000111, 2.492300395000029 ], [ 38.899653471000136, 2.491070719000106 ], [ 38.899995612999987, 2.489876368000125 ], [ 38.900838201000113, 2.487709672000108 ], [ 38.901024618000122, 2.48696600400018 ], [ 38.901119431999973, 2.486065500000109 ], [ 38.901233712000021, 2.483749312000157 ], [ 38.90126439800008, 2.48277091 ], [ 38.901334345000123, 2.48174073500013 ], [ 38.901595833000044, 2.479823571000111 ], [ 38.901870161000033, 2.478741153000101 ], [ 38.902417750000154, 2.477179221000029 ], [ 38.902757707000092, 2.476372771000058 ], [ 38.903156795000086, 2.475497011000073 ], [ 38.904025117000174, 2.473449410000057 ], [ 38.904346389000125, 2.47256851200018 ], [ 38.904595683000139, 2.471717985000055 ], [ 38.905177272000174, 2.469672666000179 ], [ 38.90585982000016, 2.468062223000061 ], [ 38.906229431000099, 2.467259571000113 ], [ 38.906596800000045, 2.466430846000037 ], [ 38.907630809000068, 2.463980359 ], [ 38.908862141000156, 2.460676092000085 ], [ 38.909969087000093, 2.457687287000169 ], [ 38.91137480600014, 2.45438302000008 ], [ 38.912410352000052, 2.452074910000022 ], [ 38.912838581000187, 2.451044216000014 ], [ 38.913379382000073, 2.449404066000056 ], [ 38.913545455000076, 2.448616781000169 ], [ 38.913708790000157, 2.446362253000132 ], [ 38.913733516000093, 2.445371324000121 ], [ 38.913688228000069, 2.444379357000059 ], [ 38.913559712000108, 2.442159615000037 ], [ 38.914312477000124, 2.440313893000109 ], [ 38.914727644000095, 2.439457108 ], [ 38.915153868000175, 2.438649201000032 ], [ 38.916100432000178, 2.436896890000071 ], [ 38.916559189, 2.436074032000022 ], [ 38.917010472000129, 2.435289396000144 ], [ 38.918226443000151, 2.433028983000099 ], [ 38.918750154, 2.432168499000113 ], [ 38.919250035000061, 2.431341105000058 ], [ 38.919877516000042, 2.430225206000159 ], [ 38.920343021000122, 2.429099528000108 ], [ 38.920753532000049, 2.427473576000068 ], [ 38.920944127000098, 2.425985389000118 ], [ 38.921198082000046, 2.424674893000031 ], [ 38.921738512, 2.423425670000142 ], [ 38.922332402000109, 2.422008450000135 ], [ 38.92263009800007, 2.421261688000129 ], [ 38.922916465000071, 2.420540918000029 ], [ 38.923566878000145, 2.419092787000011 ], [ 38.924385797000127, 2.41773828200013 ], [ 38.925031890000184, 2.41685531700017 ], [ 38.926240578000034, 2.415092692999963 ], [ 38.927136856000118, 2.413434247000055 ], [ 38.927453056000161, 2.412670569000113 ], [ 38.927700127000094, 2.4117341 ], [ 38.928197035000153, 2.408946124000067 ], [ 38.928309969000111, 2.408068024000102 ], [ 38.928368892000094, 2.407056078000039 ], [ 38.928548337999985, 2.404373865000025 ], [ 38.928793754000083, 2.402397747000123 ], [ 38.928917849000129, 2.401565198000071 ], [ 38.92903796600018, 2.400648926000144 ], [ 38.929253105000157, 2.398747532000186 ], [ 38.92965611600016, 2.396675204000132 ], [ 38.929850630000089, 2.395670174000145 ], [ 38.930013772000109, 2.394620460000112 ], [ 38.9301950790001, 2.392621795000025 ], [ 38.930226130999984, 2.391492947000074 ], [ 38.93017240000006, 2.389784814000052 ], [ 38.930145456000162, 2.388870986000143 ], [ 38.930130351000059, 2.387849092000124 ], [ 38.930130351000059, 2.385002136000139 ], [ 38.930116913, 2.384171935000097 ], [ 38.930132494000134, 2.383242630000041 ], [ 38.930267831000094, 2.381759868000074 ], [ 38.930372836000174, 2.38087854600019 ], [ 38.931017390000193, 2.378857749000019 ], [ 38.931422883000096, 2.377977835000081 ], [ 38.932102733000193, 2.376837382000133 ], [ 38.932750236000061, 2.375858327 ], [ 38.933316770000033, 2.374845467000057 ], [ 38.93382055800015, 2.373710747000132 ], [ 38.934109770000077, 2.37299855800012 ], [ 38.934183999000084, 2.371973105000052 ], [ 38.934218378000025, 2.370773314000189 ], [ 38.934249824000119, 2.36968749600004 ], [ 38.934247989000085, 2.368526648999989 ], [ 38.93412380500007, 2.366688976000091 ], [ 38.934057944000074, 2.365670400000056 ], [ 38.933971552000173, 2.364524353000149 ], [ 38.9337633130001, 2.361456656000087 ], [ 38.933501010000157, 2.359586762999982 ], [ 38.933211543000084, 2.358492289000026 ], [ 38.932699256999967, 2.357435635000172 ], [ 38.932181584000034, 2.35634339000012 ], [ 38.931808140000044, 2.355346792000091 ], [ 38.931624961000125, 2.354375803000153 ], [ 38.93147653300008, 2.353258597999968 ], [ 38.931499422000115, 2.349880695000024 ], [ 38.931465089000028, 2.34863091700015 ], [ 38.931271738000078, 2.347631217000071 ], [ 38.931061512000099, 2.346664101000158 ], [ 38.931034761000092, 2.345436885000026 ], [ 38.931255341000053, 2.342891097000063 ], [ 38.931789819000073, 2.340538218000177 ], [ 38.931966291000094, 2.339635710000096 ], [ 38.93214580700004, 2.338213985000152 ], [ 38.932245202000161, 2.33727566400006 ], [ 38.932296606000136, 2.336331829000017 ], [ 38.932382760000166, 2.333644511999978 ], [ 38.932449458000178, 2.332698033000099 ], [ 38.932585709000193, 2.331687752000107 ], [ 38.933046341000136, 2.329021931000057 ], [ 38.93354937700019, 2.326715386999979 ], [ 38.933783632000086, 2.325659214999973 ], [ 38.934019147000129, 2.324434278000183 ], [ 38.934423265000191, 2.322308267000039 ], [ 38.93464851400006, 2.321100950000073 ], [ 38.934888501000103, 2.3200193240001 ], [ 38.935253413000112, 2.318553703000077 ], [ 38.935446782000042, 2.317508726000028 ], [ 38.935516663000044, 2.315102239000112 ], [ 38.935315672, 2.314139777999969 ], [ 38.934278488000189, 2.311080098000104 ], [ 38.932878494000192, 2.30783212200015 ], [ 38.931835174000184, 2.304619193000121 ], [ 38.930088243000114, 2.299901232000138 ], [ 38.929724978000024, 2.298876772000085 ], [ 38.929502616000093, 2.298034832999974 ], [ 38.929002918000151, 2.29577452400008 ], [ 38.928841707, 2.294931425000073 ], [ 38.928646034999986, 2.293853425000066 ], [ 38.928317616000072, 2.291530682000143 ], [ 38.928078774000028, 2.290533892000099 ], [ 38.927637479000055, 2.289365851000184 ], [ 38.926779654000029, 2.287693911000019 ], [ 38.926272511000093, 2.286744860000113 ], [ 38.925744137000038, 2.285482005000176 ], [ 38.925623989000087, 2.284603202000028 ], [ 38.925693765000176, 2.28281252700009 ], [ 38.925804150000147, 2.281902868999964 ], [ 38.925998102000051, 2.280949407000151 ], [ 38.926459026000146, 2.27906032500016 ], [ 38.926683327000148, 2.278315148000047 ], [ 38.926990694000096, 2.277520716000026 ], [ 38.927771646000053, 2.275599445000125 ], [ 38.928129196000157, 2.27468538300019 ], [ 38.928255364000108, 2.273510367000142 ], [ 38.928340912000067, 2.270842195000171 ], [ 38.928516388000048, 2.2648324970001 ], [ 38.928545237000037, 2.261717786000077 ], [ 38.92859458900017, 2.260664105000046 ], [ 38.929037214000118, 2.259282418 ], [ 38.929899216000024, 2.256845951000116 ], [ 38.931041717000141, 2.254048824000051 ], [ 38.931967979000035, 2.251390582 ], [ 38.932226849000187, 2.250332474000061 ], [ 38.932613373000152, 2.248454571000025 ], [ 38.93310702000008, 2.246306687000128 ], [ 38.933289330000036, 2.245483579000052 ], [ 38.93347149900012, 2.244690366000043 ], [ 38.933882724000114, 2.242936592999968 ], [ 38.93407341000011, 2.241881104000129 ], [ 38.934198004999985, 2.24100506100001 ], [ 38.934499741000081, 2.238854885000137 ], [ 38.934796751000192, 2.236411651000139 ], [ 38.934892311000056, 2.235475264000172 ], [ 38.9350398200001, 2.234452928000167 ], [ 38.935398102000079, 2.232266903000038 ], [ 38.935683531000166, 2.229364813000075 ], [ 38.935756930000139, 2.228518565 ], [ 38.935894339000015, 2.227619106000134 ], [ 38.936264828000049, 2.225655249000056 ], [ 38.936469383000031, 2.22447914300011 ], [ 38.936618200000169, 2.223302888000035 ], [ 38.936874594000074, 2.220411040000045 ], [ 38.936989892000156, 2.21911 ], [ 38.937134462000074, 2.217828716000099 ], [ 38.937463015000162, 2.216017538000131 ], [ 38.937629841000103, 2.214707726000142 ], [ 38.937711716000194, 2.212271571000088 ], [ 38.937698363999971, 2.208722592000186 ], [ 38.937394009000116, 2.203658030000156 ], [ 38.937275459000091, 2.202705582000078 ], [ 38.93704745600013, 2.201324275000047 ], [ 38.936573337000084, 2.198071198000093 ], [ 38.936496815000169, 2.197082921000174 ], [ 38.936542161000148, 2.196071103000122 ], [ 38.936838338000086, 2.193068353000172 ], [ 38.936984802000097, 2.191882127000042 ], [ 38.937121195000088, 2.19035235500013 ], [ 38.93725543100004, 2.186909949999972 ], [ 38.937275242000169, 2.185486268000147 ], [ 38.937235206000025, 2.184313458000076 ], [ 38.937133789000086, 2.181209803000058 ], [ 38.937120437000033, 2.176639676000036 ], [ 38.936996459999989, 2.172028661000184 ], [ 38.936555405000036, 2.168480853000062 ], [ 38.936462402000075, 2.167539596999973 ], [ 38.936588287000063, 2.166113932999963 ], [ 38.936599731000115, 2.165189981000083 ], [ 38.936504364000143, 2.163960695000185 ], [ 38.93652124200014, 2.163085853000098 ], [ 38.936640717000159, 2.161896633000083 ], [ 38.937023163000163, 2.159686565000186 ], [ 38.938089371000103, 2.157035589000031 ], [ 38.939296722000108, 2.153258324000092 ], [ 38.940263868000159, 2.149612948000083 ], [ 38.940488333000189, 2.148257644000012 ], [ 38.943075180000051, 2.143460034999976 ], [ 38.943906284000093, 2.140451452000036 ], [ 38.944247239000163, 2.139273823 ], [ 38.944592628000066, 2.138165350000065 ], [ 38.945650100000137, 2.134806751999974 ], [ 38.946485938000194, 2.13233561900006 ], [ 38.946884242000124, 2.131280299000139 ], [ 38.947262236000142, 2.130363779000163 ], [ 38.948093414000141, 2.12822556499998 ], [ 38.949063294000098, 2.126195190000146 ], [ 38.949485623000157, 2.125036141000066 ], [ 38.950050354000041, 2.123427152999966 ], [ 38.950772825000058, 2.121358231000045 ], [ 38.951068475, 2.120200949000036 ], [ 38.95148939500001, 2.118307053000024 ], [ 38.951571076000107, 2.117263330000071 ], [ 38.95164371300018, 2.116015482000023 ], [ 38.951834611000152, 2.115270358000032 ], [ 38.95213387400014, 2.114424138000174 ], [ 38.952613314000189, 2.113074237000149 ], [ 38.952947033000044, 2.112181378000059 ], [ 38.953880093000123, 2.109786126000131 ], [ 38.954333127000154, 2.108584891000135 ], [ 38.9549894270001, 2.106788594000079 ], [ 38.955585456000108, 2.105799240000124 ], [ 38.958911896000188, 2.102445722000084 ], [ 38.960569807000127, 2.100600774000043 ], [ 38.961545184000101, 2.099456261000114 ], [ 38.962440491000166, 2.097841859000141 ], [ 38.962831892000167, 2.097185055000125 ], [ 38.96352435600005, 2.096340891000068 ], [ 38.964099602000033, 2.095638366000117 ], [ 38.965296239000054, 2.09396801000014 ], [ 38.966434479000043, 2.092093587000022 ], [ 38.968096122000134, 2.090770845000179 ], [ 38.968882934000078, 2.090100557000142 ], [ 38.969568964000132, 2.089437262000047 ], [ 38.970949579999967, 2.087728465000168 ], [ 38.972679138000103, 2.085060239000029 ], [ 38.97364580600015, 2.08434212200001 ], [ 38.975106120000191, 2.082845091000081 ], [ 38.975858234000043, 2.081889052000122 ], [ 38.976667885000154, 2.080785696000135 ], [ 38.978287891000093, 2.079029134000052 ], [ 38.979055548000133, 2.078098547000081 ], [ 38.979960393999988, 2.076651311000091 ], [ 38.980354309000177, 2.075674533999972 ], [ 38.9806603830001, 2.074907462000112 ], [ 38.981355667000059, 2.073440790000063 ], [ 38.984125930000062, 2.071152278000113 ], [ 38.984775453000054, 2.070393112000147 ], [ 38.985084958000186, 2.066607156999964 ], [ 38.985077771000192, 2.065676806 ], [ 38.984946341000182, 2.064444678000029 ], [ 38.984702581000079, 2.061641682000129 ], [ 38.984420776000093, 2.056513905000088 ], [ 38.984099646000175, 2.054039412000122 ], [ 38.984469072000024, 2.051754556000049 ], [ 38.984833595000055, 2.050399650000031 ], [ 38.987004871000124, 2.04819854100009 ], [ 38.988691330000165, 2.04685723800003 ], [ 38.990502675000187, 2.045470317000138 ], [ 38.991429607000157, 2.043719604000103 ], [ 38.991754104000051, 2.043026995000105 ], [ 38.99266052300004, 2.039648056000033 ], [ 38.991683960000159, 2.037037134 ], [ 38.990478516000053, 2.034256458000186 ], [ 38.989648819000081, 2.029822230000093 ], [ 38.989612579000095, 2.027319193000039 ], [ 38.990070343000127, 2.025076389000105 ], [ 38.990889170000116, 2.022680264000144 ], [ 38.991223427000136, 2.021711777000064 ], [ 38.991589318000138, 2.0205809630001 ], [ 38.99235944600008, 2.018120338000188 ], [ 38.992626190000124, 2.017107129000067 ], [ 38.992838674000097, 2.015517225000167 ], [ 38.992866068000069, 2.012490415 ], [ 38.992858058000138, 2.011294956000143 ], [ 38.992717743000128, 2.009892464000075 ], [ 38.993511200000171, 2.007366896 ], [ 38.99430157400019, 2.006689606000123 ], [ 38.998481751000099, 2.005292058000123 ], [ 39.000520070000107, 2.004500309999969 ], [ 39.003325907000146, 2.003254398000081 ], [ 39.004263560000027, 2.00244869200003 ], [ 39.005891800000086, 2.000551462000089 ], [ 39.007621284000038, 1.998681356000077 ], [ 39.008389863000104, 1.997807035000108 ], [ 39.009799430000101, 1.996156853 ], [ 39.010782131000155, 1.994898287000183 ], [ 39.011487015000057, 1.993924861999972 ], [ 39.012355697000146, 1.992703798000036 ], [ 39.013172775000101, 1.991517290000104 ], [ 39.014207579000072, 1.990818525000122 ], [ 39.015750933000049, 1.989956967000069 ], [ 39.017337576000159, 1.989337365000097 ], [ 39.018390910999983, 1.988931446000038 ], [ 39.019278222000139, 1.988163410000084 ], [ 39.019826889000171, 1.987244714000099 ], [ 39.020321212000113, 1.986498194000148 ], [ 39.021032403000049, 1.985708105000015 ], [ 39.02187369000012, 1.985219200000188 ], [ 39.02305221600011, 1.984609961000103 ], [ 39.024151705000065, 1.984074747000079 ], [ 39.025272562000168, 1.983402125 ], [ 39.026052446000051, 1.982559774000038 ], [ 39.026546529000143, 1.981964233000042 ], [ 39.02717611200012, 1.981005617000164 ], [ 39.027997871000139, 1.979562513000133 ], [ 39.029345497000065, 1.978729389000137 ], [ 39.030159167000079, 1.978034016000038 ], [ 39.031241099000056, 1.976592143 ], [ 39.032043699000042, 1.974144059000139 ], [ 39.032582143000184, 1.972380938000185 ], [ 39.032963586000051, 1.971349615000065 ], [ 39.033473463000064, 1.970142875000022 ], [ 39.033784663000063, 1.96943171099997 ], [ 39.034319814000185, 1.968829577000065 ], [ 39.034899488000178, 1.967943563000119 ], [ 39.035612639000135, 1.966669562000163 ], [ 39.036278080000045, 1.965343095000094 ], [ 39.037098136, 1.964039172000128 ], [ 39.037699615000122, 1.963165531000016 ], [ 39.038434941000048, 1.962388745000055 ], [ 39.039084764000052, 1.961552367000138 ], [ 39.039824324000165, 1.960692283000014 ], [ 39.040854501000069, 1.959882575 ], [ 39.041746291000095, 1.959054807000086 ], [ 39.042689180000082, 1.958057955000015 ], [ 39.043511421000119, 1.957267314000092 ], [ 39.043913035000173, 1.956464764000089 ], [ 39.044281096000134, 1.955282615000101 ], [ 39.04466221000007, 1.953877999000042 ], [ 39.044956265000167, 1.952386818000036 ], [ 39.045343264999985, 1.951231786 ], [ 39.046091826000065, 1.949689216000081 ], [ 39.046782992000033, 1.948326677000068 ], [ 39.04744159400019, 1.94767429000018 ], [ 39.048487633000093, 1.947027174000141 ], [ 39.049693404000152, 1.946310849999975 ], [ 39.050359726000011, 1.945925891000059 ], [ 39.051114570000152, 1.945499413999983 ], [ 39.051977843000088, 1.945026849999977 ], [ 39.052793503000032, 1.944577574000107 ], [ 39.053488613000184, 1.944112084000153 ], [ 39.054270346000123, 1.943645573000026 ], [ 39.055273544000158, 1.943110713000181 ], [ 39.056303931000059, 1.942378167000129 ], [ 39.056973257000038, 1.941730464999978 ], [ 39.057733683000038, 1.940908347 ], [ 39.057966833000194, 1.940125325000054 ], [ 39.058102816000144, 1.939304636000088 ], [ 39.058154984, 1.938072612000155 ], [ 39.057961284000157, 1.936624726000048 ], [ 39.057819367000036, 1.935715616000152 ], [ 39.057955457000105, 1.934834424999963 ], [ 39.058130312000117, 1.933704969000132 ], [ 39.05818428300006, 1.932713547 ], [ 39.058276249000187, 1.931710298000041 ], [ 39.058492253000111, 1.930522822 ], [ 39.058878161000052, 1.929121063000139 ], [ 39.059319165000147, 1.928023843000119 ], [ 39.059959326000069, 1.927015041000118 ], [ 39.061063240000124, 1.926126776999979 ], [ 39.062448544000176, 1.925288545000114 ], [ 39.063570658000117, 1.924670776000085 ], [ 39.064312831000166, 1.923888576000024 ], [ 39.066497803000118, 1.921828747000177 ], [ 39.069010824000088, 1.920199370000091 ], [ 39.069580331000054, 1.919517056000132 ], [ 39.070517786000096, 1.918139185000086 ], [ 39.071122606000017, 1.917279040000039 ], [ 39.071929131000047, 1.91616156300006 ], [ 39.072982180000054, 1.915096885000082 ], [ 39.074397373000181, 1.914337254000031 ], [ 39.075646130000052, 1.913751936999972 ], [ 39.076325105000194, 1.913378927000053 ], [ 39.077043838000066, 1.912727944000096 ], [ 39.077946567000026, 1.912104195999973 ], [ 39.079337372999987, 1.911921042000131 ], [ 39.080363265000187, 1.911782820000042 ], [ 39.081175511000026, 1.911243075000073 ], [ 39.082127066000169, 1.910315532000141 ], [ 39.082751599000062, 1.909291012000097 ], [ 39.083183288000157, 1.908482373000083 ], [ 39.083612283000036, 1.907772786000066 ], [ 39.084248795000121, 1.906772561000025 ], [ 39.084804535000103, 1.906022071999985 ], [ 39.085540508000179, 1.905245800000102 ], [ 39.086669505000032, 1.904392669000117 ], [ 39.087355252, 1.903970689000175 ], [ 39.088166992000026, 1.903642336000075 ], [ 39.088934221000045, 1.9035909320001 ], [ 39.090448444000174, 1.903526780000107 ], [ 39.091786091000074, 1.903449024000111 ], [ 39.092961204000062, 1.903140461000078 ], [ 39.094024517000037, 1.902765180000188 ], [ 39.094739123000181, 1.90234565600008 ], [ 39.095726565000177, 1.901595571000144 ], [ 39.096819869000058, 1.899991705000105 ], [ 39.097433090000038, 1.89907729600003 ], [ 39.098034711000025, 1.898179420000019 ], [ 39.098777881000046, 1.897153011000057 ], [ 39.099515915000154, 1.896138728000096 ], [ 39.10039798400004, 1.895466584000076 ], [ 39.101702310000178, 1.894412473000159 ], [ 39.102333567000073, 1.893725389000167 ], [ 39.103400544000181, 1.892820334000135 ], [ 39.104871503000084, 1.892155507000098 ], [ 39.105823516999976, 1.891788066000174 ], [ 39.106928024000183, 1.891267262999975 ], [ 39.108152502000053, 1.89078875000007 ], [ 39.1091804510001, 1.890274823000141 ], [ 39.109878609000134, 1.889821135000034 ], [ 39.110829184000181, 1.889294374000087 ], [ 39.112093118000132, 1.888990823000086 ], [ 39.113145287000066, 1.888760621000074 ], [ 39.114389791000178, 1.888338816000044 ], [ 39.115379931000064, 1.887765521000176 ], [ 39.116149366, 1.887295493000181 ], [ 39.116956711000114, 1.886767030000044 ], [ 39.117871833000152, 1.886112893000188 ], [ 39.11898942199997, 1.885050339000031 ], [ 39.119735198000058, 1.883955711000056 ], [ 39.120383705000165, 1.882920052999964 ], [ 39.120973587000094, 1.882205010000064 ], [ 39.121476883000184, 1.881385194000075 ], [ 39.122680664000029, 1.879506052000011 ], [ 39.124862671000187, 1.877416551000067 ], [ 39.128472898000041, 1.874522327000079 ], [ 39.129094491000046, 1.873721015 ], [ 39.129540649000035, 1.872602358999984 ], [ 39.130084992000036, 1.869849443000135 ], [ 39.131544113000075, 1.867432474999987 ], [ 39.134645462000037, 1.863034308000181 ], [ 39.136206770000115, 1.861117485000079 ], [ 39.136840898000173, 1.860249077 ], [ 39.137259525000104, 1.859507947000168 ], [ 39.137977600000056, 1.856259346000058 ], [ 39.139060357000062, 1.855480873000033 ], [ 39.140153950000183, 1.854746011000145 ], [ 39.143152237000038, 1.853250027000172 ], [ 39.142292023000095, 1.850311398000144 ], [ 39.142812729000184, 1.847300649000147 ], [ 39.143157582000015, 1.843338157 ], [ 39.143121929000188, 1.842102626000042 ], [ 39.142916560000174, 1.840607480000131 ], [ 39.141658783000082, 1.837641478000023 ], [ 39.142207217000191, 1.837047823000034 ], [ 39.142883484000095, 1.836382460000152 ], [ 39.145660400000168, 1.834397376000027 ], [ 39.147384150000164, 1.83228876700008 ], [ 39.147834827000054, 1.831285518000129 ], [ 39.148166810000077, 1.830090319000078 ], [ 39.149229050000031, 1.826660931000049 ], [ 39.151445389000173, 1.822140694000041 ], [ 39.153697968000131, 1.819487870000103 ], [ 39.156673432000105, 1.816676855000139 ], [ 39.159304887000133, 1.814153820000172 ], [ 39.160056672999985, 1.813265952000052 ], [ 39.160674217000121, 1.81212627900004 ], [ 39.161464691000162, 1.809631406999983 ], [ 39.161792755000135, 1.806684017 ], [ 39.162440483000069, 1.805882224000015 ], [ 39.163123415000086, 1.804688524000028 ], [ 39.164631201000134, 1.800671293999983 ], [ 39.165730925, 1.799730273000023 ], [ 39.167753220000066, 1.798023999000065 ], [ 39.169069290000095, 1.795085430000029 ], [ 39.170181797000055, 1.792276401000038 ], [ 39.170499802000165, 1.791542530000186 ], [ 39.171850205000055, 1.788669884000171 ], [ 39.172674179000182, 1.785265088000187 ], [ 39.17410278300008, 1.782054484000071 ], [ 39.175218582000127, 1.777892113000064 ], [ 39.176877975000025, 1.773657679000166 ], [ 39.177902222000114, 1.769817233000026 ], [ 39.177630733000171, 1.767288289000021 ], [ 39.177454382, 1.766491016000032 ], [ 39.177258715000107, 1.765469097000164 ], [ 39.177270889000056, 1.763545990000068 ], [ 39.178873698000075, 1.76086799300009 ], [ 39.180210113000044, 1.757652044000054 ], [ 39.181669235000186, 1.754641295000056 ], [ 39.183882680000067, 1.751533503000132 ], [ 39.184587716000124, 1.750679713000181 ], [ 39.186340332000043, 1.748619795000081 ], [ 39.189140359000135, 1.745153284000082 ], [ 39.189693599000123, 1.744034527000167 ], [ 39.190593720000038, 1.742112636 ], [ 39.192052841000077, 1.738999247999971 ], [ 39.194004059000065, 1.736114939000174 ], [ 39.194501535000029, 1.734417043 ], [ 39.194805145000089, 1.733448088000046 ], [ 39.195194867000168, 1.732475498000042 ], [ 39.196202751000101, 1.730848497000181 ], [ 39.196752504000187, 1.730133372000068 ], [ 39.197167200000024, 1.729422967000176 ], [ 39.197679767000068, 1.728539753000121 ], [ 39.199113062000094, 1.725895274000038 ], [ 39.199902109999982, 1.723410362000152 ], [ 39.200506052000037, 1.722153173000152 ], [ 39.201396942000031, 1.720469773000104 ], [ 39.202282040999989, 1.718749152000157 ], [ 39.202732086000026, 1.717830956 ], [ 39.203202256000054, 1.71692981800004 ], [ 39.20383913600017, 1.716141702000016 ], [ 39.2044448850001, 1.715451062000113 ], [ 39.205236746000139, 1.714913085000092 ], [ 39.206185032000121, 1.714161708000177 ], [ 39.20696639099998, 1.713664399000152 ], [ 39.208191363000083, 1.712943596000116 ], [ 39.211235046000127, 1.711088479000182 ], [ 39.212879022000095, 1.709932534000188 ], [ 39.213663101000066, 1.709360302000107 ], [ 39.214533211000116, 1.70904911000008 ], [ 39.215618796000115, 1.70882132700018 ], [ 39.216470718999972, 1.708749414000181 ], [ 39.217500394000183, 1.708845276000091 ], [ 39.219475914000043, 1.709075450000171 ], [ 39.220275879000042, 1.709064186000091 ], [ 39.221590272000185, 1.70872742600011 ], [ 39.222277742000074, 1.708356023000022 ], [ 39.22380023300019, 1.707592875000159 ], [ 39.225108174000127, 1.707399637000151 ], [ 39.226388042000167, 1.707164318000139 ], [ 39.227481117000082, 1.706117447999986 ], [ 39.228436707000128, 1.704904875000125 ], [ 39.229496844000153, 1.70405311899998 ], [ 39.230281015000116, 1.703294700000072 ], [ 39.230846405000193, 1.702728271000183 ], [ 39.231700897000167, 1.702882886000054 ], [ 39.232656657, 1.703308892000166 ], [ 39.233434677000105, 1.70347261400002 ], [ 39.234663775000172, 1.703245441000149 ], [ 39.23544133300004, 1.703000251000105 ], [ 39.237033814000085, 1.70240904700006 ], [ 39.238280764000081, 1.70181782800006 ], [ 39.239003444000161, 1.701540151000074 ], [ 39.241100311000025, 1.701057017000096 ], [ 39.243052686000169, 1.700713891000134 ], [ 39.244131088000074, 1.700531721000118 ], [ 39.245060449000107, 1.700231980000126 ], [ 39.245957119000082, 1.699874937000175 ], [ 39.246654491000015, 1.699497100000087 ], [ 39.248040053000125, 1.698185572000114 ], [ 39.249982158000137, 1.696157741999968 ], [ 39.25175074200007, 1.694993527 ], [ 39.25249044200018, 1.694500803000096 ], [ 39.253231701000118, 1.694068298000104 ], [ 39.254838943000095, 1.693236530000036 ], [ 39.256108165000114, 1.692109466000034 ], [ 39.257184982000126, 1.691000551000059 ], [ 39.258374244000095, 1.689772516000119 ], [ 39.259986107000145, 1.688869007000108 ], [ 39.26063190800005, 1.688421688000119 ], [ 39.261393407000071, 1.688077535000161 ], [ 39.263480296000182, 1.687791204000177 ], [ 39.264280085000166, 1.687725137000143 ], [ 39.265078801000186, 1.687870629000088 ], [ 39.266618106000067, 1.688423652000097 ], [ 39.267408370999988, 1.688699126000131 ], [ 39.268381361000024, 1.688904739 ], [ 39.270115295000153, 1.689341589000094 ], [ 39.271497091000072, 1.689590931000112 ], [ 39.272170920000178, 1.688800584000035 ], [ 39.273039175000122, 1.687685309000187 ], [ 39.274304931000074, 1.687130997000168 ], [ 39.275196076000157, 1.686772347000158 ], [ 39.275865784000189, 1.686391811000135 ], [ 39.277209538000136, 1.685274592000155 ], [ 39.278149282000072, 1.684451804999981 ], [ 39.278981245000125, 1.684179906000168 ], [ 39.279735899000173, 1.683417164000105 ], [ 39.280269623000095, 1.682813704000068 ], [ 39.281022351000047, 1.682401049000134 ], [ 39.282717159000129, 1.681641107000132 ], [ 39.283424226000079, 1.681057600000088 ], [ 39.283537454000054, 1.680266187000086 ], [ 39.283522640000058, 1.678981351000175 ], [ 39.283767538000063, 1.67763930600006 ], [ 39.284269946000109, 1.676663540000163 ], [ 39.285094024000045, 1.676060526000185 ], [ 39.286332641000115, 1.675639867000086 ], [ 39.28767792900004, 1.675182939000138 ], [ 39.288761860000136, 1.674722744000121 ], [ 39.289848741000071, 1.674097062000044 ], [ 39.291199535000146, 1.672925443000054 ], [ 39.29178237900004, 1.672384202000103 ], [ 39.29311078700016, 1.671366782000121 ], [ 39.294217534000154, 1.670789959999979 ], [ 39.29538428900014, 1.670544353000025 ], [ 39.296590845000139, 1.66990034500003 ], [ 39.297525177000182, 1.669041222999965 ], [ 39.298194884999987, 1.668419659000051 ], [ 39.298873901000036, 1.667833447000078 ], [ 39.300290798000162, 1.668042755000158 ], [ 39.301085840000042, 1.668145178000032 ], [ 39.302640915000154, 1.668437481000126 ], [ 39.304352645000051, 1.668773385 ], [ 39.305806803999985, 1.668881622000185 ], [ 39.307254559000171, 1.66848651600003 ], [ 39.308226541000124, 1.666815679000081 ], [ 39.308370590000038, 1.665346980000152 ], [ 39.308376312000178, 1.663717151000185 ], [ 39.308360914000104, 1.662675786000079 ], [ 39.30843120600008, 1.661439476000112 ], [ 39.308741346000147, 1.660219671000164 ], [ 39.309028626000156, 1.659459412000047 ], [ 39.309518150000144, 1.658830374000047 ], [ 39.31013816400008, 1.658091516000013 ], [ 39.310879707000083, 1.657543808000185 ], [ 39.312049449000028, 1.658206015000189 ], [ 39.312784830000055, 1.658558329000016 ], [ 39.313128531000189, 1.659358769000164 ], [ 39.313798649000034, 1.660232970000095 ], [ 39.315350235000153, 1.66035717200009 ], [ 39.316274519000046, 1.659844925000073 ], [ 39.317036920000135, 1.65910670400018 ], [ 39.31763839700011, 1.658284724000055 ], [ 39.317931042000055, 1.657381854000107 ], [ 39.318206174000068, 1.656406499000127 ], [ 39.31846237200017, 1.655369938000092 ], [ 39.318686515000138, 1.6545523260001 ], [ 39.319295883000109, 1.653020441000137 ], [ 39.320285176000141, 1.651380207000102 ], [ 39.321040855000092, 1.650210576000063 ], [ 39.321715291000089, 1.649278291000087 ], [ 39.322428205000108, 1.648759490000089 ], [ 39.323938459000033, 1.648437677 ], [ 39.325731788000155, 1.64855615700003 ], [ 39.326745213000095, 1.648702832000026 ], [ 39.328058627000189, 1.648758826 ], [ 39.329073232000042, 1.64874260900001 ], [ 39.33006298600003, 1.648452938000105 ], [ 39.33151579600019, 1.647712649000084 ], [ 39.332477157000028, 1.646572419000051 ], [ 39.333183808000172, 1.645390025000097 ], [ 39.333871631000136, 1.644350189000022 ], [ 39.334688907999976, 1.642987602000176 ], [ 39.335249423999983, 1.641678942000055 ], [ 39.335644468000169, 1.640902097000037 ], [ 39.336126032000038, 1.640073549000022 ], [ 39.336796146000097, 1.639431834000163 ], [ 39.338233666000178, 1.639201984000124 ], [ 39.339553602000137, 1.639941994000083 ], [ 39.340740301000039, 1.640329289000078 ], [ 39.341419220000148, 1.640731454000047 ], [ 39.34233600500005, 1.640155733000086 ], [ 39.342646371000171, 1.639210235000178 ], [ 39.342905728000062, 1.637938902000087 ], [ 39.343161357000156, 1.636354034000021 ], [ 39.343395991000193, 1.63546981900015 ], [ 39.343789637999976, 1.634445258000028 ], [ 39.344205091000163, 1.63353666900008 ], [ 39.344701384000132, 1.63257878200011 ], [ 39.34495277700006, 1.63135343800019 ], [ 39.34584617600018, 1.628261447000057 ], [ 39.349114827000164, 1.626667109000095 ], [ 39.350837708000142, 1.625880599000027 ], [ 39.352018134000105, 1.624184279000019 ], [ 39.353121305000172, 1.621456754000064 ], [ 39.353650775000119, 1.620684708000113 ], [ 39.354245253000101, 1.620074830000078 ], [ 39.355931572000088, 1.618583040000146 ], [ 39.356643398000188, 1.617876100000046 ], [ 39.35716044500009, 1.617067176000091 ], [ 39.357816115000162, 1.615149869 ], [ 39.358074175000183, 1.614314424000099 ], [ 39.358450265000045, 1.61338768000013 ], [ 39.359730580000189, 1.611356756000134 ], [ 39.360460433000071, 1.610459858000183 ], [ 39.361359513000025, 1.609656066000127 ], [ 39.363508155000034, 1.607902347000049 ], [ 39.36447600200006, 1.60708628000009 ], [ 39.365345448000085, 1.606153271000096 ], [ 39.366916657000104, 1.603822946000093 ], [ 39.36849784900005, 1.600054622000073 ], [ 39.370285034, 1.59727972800016 ], [ 39.372465134000095, 1.595026493000148 ], [ 39.374053955000193, 1.592251659000055 ], [ 39.376398287000029, 1.588362395000161 ], [ 39.376823934000186, 1.587666005000074 ], [ 39.380069733000028, 1.585872173000155 ], [ 39.382686615000011, 1.584715009000149 ], [ 39.384934232000091, 1.582146095000041 ], [ 39.385494759000039, 1.580499697999983 ], [ 39.385847325000043, 1.577855738000096 ], [ 39.386061230000109, 1.576599437000141 ], [ 39.386750576000111, 1.573905880000098 ], [ 39.387805939000145, 1.57316732400011 ], [ 39.389858246000188, 1.573307455000077 ], [ 39.391804522000143, 1.574173063000103 ], [ 39.393389701999979, 1.574516594000045 ], [ 39.394515991000048, 1.57316732400011 ], [ 39.39451408400015, 1.572018146000062 ], [ 39.394601796000131, 1.5710042770001 ], [ 39.395005826000158, 1.56863915800011 ], [ 39.395910686000036, 1.566684520000024 ], [ 39.396206956000071, 1.565891444000101 ], [ 39.39660587000003, 1.564998807000052 ], [ 39.397697449000191, 1.563450992000185 ], [ 39.400472641000135, 1.561342060000129 ], [ 39.402822997000101, 1.559503538000058 ], [ 39.403657522000117, 1.559021267 ], [ 39.406773677000103, 1.55906611000006 ], [ 39.408093860000179, 1.559277810000026 ], [ 39.409236369000098, 1.559531691000132 ], [ 39.411493275000169, 1.560062106000089 ], [ 39.412472331000174, 1.560091409000108 ], [ 39.413301667000042, 1.559859584000037 ], [ 39.415054321000127, 1.558889091000083 ], [ 39.417072296000185, 1.556835651000029 ], [ 39.420084000000145, 1.554654598000127 ], [ 39.422542256000156, 1.552691687000163 ], [ 39.423051422000185, 1.552096602 ], [ 39.423591246000115, 1.551274980000073 ], [ 39.424785251, 1.549409020000041 ], [ 39.425446784000144, 1.548669433000043 ], [ 39.426437364000037, 1.547871333000103 ], [ 39.42863803500012, 1.546164078000174 ], [ 39.429723778000152, 1.545339167 ], [ 39.430878189000055, 1.54457936200015 ], [ 39.433835983000165, 1.542719662000081 ], [ 39.43621635400018, 1.540072501000168 ], [ 39.438831541000127, 1.537979603000053 ], [ 39.439616398000169, 1.537523401000101 ], [ 39.441080094000085, 1.53670376499997 ], [ 39.447082520000095, 1.535278320000089 ], [ 39.43463516200012, 1.530065835000187 ], [ 39.429483414000174, 1.528492629000027 ], [ 39.423080736000145, 1.52621095600017 ], [ 39.407257080000022, 1.521107137000058 ], [ 39.401514053000142, 1.519342482000127 ], [ 39.376844847000029, 1.511375769999972 ], [ 39.371614456000088, 1.509653747000073 ], [ 39.369387143999973, 1.50882055000011 ], [ 39.368524920000084, 1.508498672000144 ], [ 39.367555801000094, 1.508037238000156 ], [ 39.366152341000145, 1.507071120000148 ], [ 39.365104395000117, 1.506320906000099 ], [ 39.363282522000077, 1.505489944999965 ], [ 39.360290527000075, 1.504493952000075 ], [ 39.353265762000149, 1.502031922000128 ], [ 39.346078873000124, 1.499633670000094 ], [ 39.344086660000073, 1.499047224000094 ], [ 39.342382301000157, 1.498418110999978 ], [ 39.328594208000027, 1.493235171000151 ], [ 39.321506849000059, 1.490571359000171 ], [ 39.320684283000048, 1.490278892000049 ], [ 39.319886378000035, 1.489999683000121 ], [ 39.315116882000098, 1.488330961000088 ], [ 39.313069514000176, 1.487720238000065 ], [ 39.31209255300007, 1.487429063999969 ], [ 39.311186474000124, 1.487108322999973 ], [ 39.308280944999979, 1.486080050999988 ], [ 39.305456162000155, 1.48504769800013 ], [ 39.302912653000078, 1.484099074000142 ], [ 39.302151561000187, 1.483814872999972 ], [ 39.301196982000135, 1.483445345000121 ], [ 39.287519038000141, 1.47817346100004 ], [ 39.286438966000162, 1.47778170100014 ], [ 39.285430145000078, 1.47742691000002 ], [ 39.284626633000187, 1.477137695000124 ], [ 39.278375863000122, 1.474793556000066 ], [ 39.277526867, 1.474486869000032 ], [ 39.2772789, 1.472259522 ], [ 39.278457641000102, 1.469298303000073 ], [ 39.281890869000165, 1.460454941000023 ], [ 39.284273147000079, 1.454018176000091 ], [ 39.28722572300012, 1.446312904000081 ], [ 39.290071487000034, 1.439062834000083 ], [ 39.2990550990001, 1.41602057200015 ], [ 39.302297359000136, 1.407826741000122 ], [ 39.302714317000039, 1.406757005999964 ], [ 39.304489136000029, 1.402049065000085 ], [ 39.317066193000187, 1.369806766000181 ], [ 39.318958225000074, 1.364440421000154 ], [ 39.319263458000194, 1.363575399000183 ], [ 39.319725817000176, 1.362379449000173 ], [ 39.322308372000066, 1.355922723000106 ], [ 39.32483100900015, 1.349505126000111 ], [ 39.327135086000112, 1.343484998000122 ], [ 39.327795273000106, 1.341510549000077 ], [ 39.32815199800001, 1.340555828000049 ], [ 39.329263687000093, 1.337711334000062 ], [ 39.332078934000037, 1.330511511000054 ], [ 39.338670731000036, 1.313460946000134 ], [ 39.339828491000048, 1.310500066000145 ], [ 39.341842794, 1.30533024500005 ], [ 39.342239207000034, 1.304303549000167 ], [ 39.34283933200004, 1.303051339000092 ], [ 39.34509277300009, 1.299499512000125 ], [ 39.354124069000193, 1.27368301100006 ], [ 39.360273361000054, 1.257816672000104 ], [ 39.365505218000123, 1.244074582999986 ], [ 39.366823197000031, 1.240910947000089 ], [ 39.367643992000183, 1.238768259999972 ], [ 39.369647980000082, 1.233821750000175 ], [ 39.371868134000124, 1.228113174000157 ], [ 39.377878189000057, 1.213249445000031 ], [ 39.37906383100011, 1.210401214000171 ], [ 39.379991631000166, 1.207913702000042 ], [ 39.380393584000103, 1.206904542000018 ], [ 39.382247195000105, 1.202295508000077 ], [ 39.382591469000147, 1.201438306 ], [ 39.382936357000062, 1.200539388000095 ], [ 39.385871887000121, 1.192895411999984 ], [ 39.390028, 1.182307063999986 ], [ 39.40004539500012, 1.156887649999987 ], [ 39.405632019000166, 1.142655849999983 ], [ 39.414424896000185, 1.120097578000127 ], [ 39.416309357000046, 1.115113616000031 ], [ 39.425416947000087, 1.090476453000178 ], [ 39.429880142000115, 1.078251898000076 ], [ 39.430902481000089, 1.075311899000098 ], [ 39.434364107000135, 1.065812853000182 ], [ 39.434784370000045, 1.064836487000036 ], [ 39.435320974000035, 1.063689861000057 ], [ 39.436870225, 1.060381491000044 ], [ 39.437449186000038, 1.059215749000032 ], [ 39.440174103000174, 1.054021676000048 ], [ 39.441883087000178, 1.050830066000117 ], [ 39.443494143000066, 1.047199129000035 ], [ 39.443886338000141, 1.046075213000108 ], [ 39.444289686000104, 1.044673191000072 ], [ 39.444582453000066, 1.043745402000127 ], [ 39.445867708000094, 1.03948201999998 ], [ 39.446178026000041, 1.038480864000121 ], [ 39.448435625000059, 1.031465277000052 ], [ 39.449184588000094, 1.029462517000127 ], [ 39.449528042999987, 1.02856097300014 ], [ 39.449901664000095, 1.027611834000027 ], [ 39.451277580000067, 1.024345972000162 ], [ 39.455394086000126, 1.015010223000161 ], [ 39.456454408000127, 1.012263982000036 ], [ 39.459171976999983, 1.005149565000181 ], [ 39.461921811000138, 0.995885165000118 ], [ 39.462463208000088, 0.993262168000058 ], [ 39.463863208000134, 0.990612168000041 ], [ 39.465763208000112, 0.988562168000044 ], [ 39.468263208, 0.986762168000155 ], [ 39.471613208000065, 0.985062168000184 ], [ 39.474263208000139, 0.984062168000037 ], [ 39.477263208000011, 0.982562168000072 ], [ 39.47946320799997, 0.980812168000057 ], [ 39.481263208000087, 0.978662167999971 ], [ 39.482963208000058, 0.976412167999968 ], [ 39.488763208000137, 0.968062168000131 ], [ 39.49036320800019, 0.96596216800009 ], [ 39.49195992500006, 0.962710302000119 ], [ 39.492776484, 0.960955343000137 ], [ 39.493208836000065, 0.959953535000011 ], [ 39.493894491000049, 0.958110921000184 ], [ 39.494513208000171, 0.955362168000022 ], [ 39.494863208000027, 0.952762168 ], [ 39.49526320800004, 0.949862168000038 ], [ 39.495563208000192, 0.946362168000178 ], [ 39.495913208000047, 0.943312168000091 ], [ 39.496563208000168, 0.939762168000129 ], [ 39.496963208000011, 0.937462168000081 ], [ 39.497863208000069, 0.933912168000177 ], [ 39.499063208000052, 0.93046216800002 ], [ 39.500063208000029, 0.927862168000161 ], [ 39.502263208000159, 0.923562167999989 ], [ 39.503863208000041, 0.920562168000117 ], [ 39.508763208000062, 0.911162168000033 ], [ 39.51496320800004, 0.897762168000156 ], [ 39.519963208000036, 0.886862168000107 ], [ 39.521563208000089, 0.882962168 ], [ 39.523063208000053, 0.879562168000064 ], [ 39.525263208000183, 0.873862168000073 ], [ 39.526463208000166, 0.871062168000037 ], [ 39.533163208000133, 0.853462168000078 ], [ 39.538613208000015, 0.837362168000027 ], [ 39.543563208000137, 0.821412168000165 ], [ 39.547783325000182, 0.806856656000036 ], [ 39.548049424000112, 0.805969465999965 ], [ 39.54854713300017, 0.804246644000102 ], [ 39.549052576000122, 0.802270502000169 ], [ 39.549271873000066, 0.801353363000032 ], [ 39.549963208000179, 0.798462168000015 ], [ 39.550513208000041, 0.795762168000067 ], [ 39.551463208000087, 0.791712168 ], [ 39.552363208000145, 0.787962168000092 ], [ 39.553263207999976, 0.785212168000101 ], [ 39.554263208000123, 0.781462168000132 ], [ 39.555463208000106, 0.779262168000173 ], [ 39.55696320800007, 0.777062168000043 ], [ 39.558313208000015, 0.774762168000166 ], [ 39.559363208000036, 0.772362168000029 ], [ 39.560953585000107, 0.770170746000076 ], [ 39.561041343000056, 0.767158460000076 ], [ 39.561063208, 0.76446216800008 ], [ 39.561363208000159, 0.762312168000165 ], [ 39.562463208000054, 0.758962168000096 ], [ 39.563963208000189, 0.755762168 ], [ 39.565729108000085, 0.754046268000138 ], [ 39.566267468000035, 0.75344923200015 ], [ 39.566948270000069, 0.752415799000175 ], [ 39.567497145000061, 0.751162342999976 ], [ 39.56798045, 0.749983145000158 ], [ 39.56883897199998, 0.748382153000023 ], [ 39.57096320800008, 0.746262167999987 ], [ 39.573863208000034, 0.743262168000115 ], [ 39.575463208000087, 0.740862168000149 ], [ 39.57666320800007, 0.738762168000108 ], [ 39.577663208000047, 0.73646216800006 ], [ 39.578963208000118, 0.734112168000138 ], [ 39.580713208000134, 0.731462168000064 ], [ 39.582137068000179, 0.729447347000075 ], [ 39.582814368000072, 0.727662626000097 ], [ 39.583663208000189, 0.725262168000086 ], [ 39.58496320800009, 0.723162168000044 ], [ 39.58636320800008, 0.721362167999985 ], [ 39.587363208000056, 0.719762168000102 ], [ 39.589263208000034, 0.718062168000131 ], [ 39.591063208000151, 0.716662168000141 ], [ 39.595694296000147, 0.713446119000025 ], [ 39.596817652000027, 0.711840568000184 ], [ 39.597413208000091, 0.70951216800006 ], [ 39.598863208000182, 0.706362168000055 ], [ 39.599532286999988, 0.704172341000117 ], [ 39.600498052000091, 0.702501064000103 ], [ 39.601056485000186, 0.701740684000072 ], [ 39.601973561000193, 0.700586727000086 ], [ 39.602626076000092, 0.699720472000081 ], [ 39.603764417000036, 0.698012886000015 ], [ 39.605163208000079, 0.695862168000076 ], [ 39.606263208000144, 0.694212168000149 ], [ 39.607813208000096, 0.69306216800004 ], [ 39.609725811000033, 0.691810292000184 ], [ 39.610647623000091, 0.690438885000162 ], [ 39.611451055000089, 0.689008567000087 ], [ 39.61256320800004, 0.686162168000067 ], [ 39.613763208000194, 0.684362168000177 ], [ 39.615513208000039, 0.682962168000131 ], [ 39.617313208000098, 0.681562168000141 ], [ 39.619263208000177, 0.680062168000177 ], [ 39.621460257000138, 0.678658511000094 ], [ 39.623590329000194, 0.677145489000168 ], [ 39.624763208000161, 0.67556216800017 ], [ 39.625863208, 0.673962168000116 ], [ 39.626363207999987, 0.671762168000157 ], [ 39.627363208000133, 0.669762168000091 ], [ 39.630063208000081, 0.669062168000039 ], [ 39.632063207999977, 0.667662168000049 ], [ 39.634863208000013, 0.667062168000143 ], [ 39.636363208000148, 0.665512168000134 ], [ 39.637763208000194, 0.663612168000157 ], [ 39.639563208000084, 0.661962168000059 ], [ 39.641163208000137, 0.66081216800012 ], [ 39.642963208000026, 0.659662168000182 ], [ 39.644463208000161, 0.658462167999971 ], [ 39.645763208000062, 0.656862168000146 ], [ 39.646213208000177, 0.654462168000123 ], [ 39.646913208000171, 0.652212168000119 ], [ 39.647718968000049, 0.65094888200008 ], [ 39.648160553000082, 0.650147743000105 ], [ 39.648700943000051, 0.648851795000041 ], [ 39.649093887000049, 0.647659906000058 ], [ 39.649317138000129, 0.646861297000157 ], [ 39.649763208000081, 0.644962168000177 ], [ 39.650763208000058, 0.64291216800018 ], [ 39.651763207999977, 0.640662168000176 ], [ 39.65311320800015, 0.637362168000152 ], [ 39.65336320800003, 0.634062168000128 ], [ 39.654263208000089, 0.631262168000092 ], [ 39.655661813000052, 0.629246014999978 ], [ 39.656609684000102, 0.627809919000185 ], [ 39.657863208000038, 0.625762168000108 ], [ 39.662313208000171, 0.620162168000036 ], [ 39.663063208000096, 0.61776216800007 ], [ 39.66386320800018, 0.615162168000097 ], [ 39.665363208000144, 0.613062168000056 ], [ 39.667063208000116, 0.611362168000085 ], [ 39.6691632080001, 0.60986216800012 ], [ 39.670963208000046, 0.607762168000079 ], [ 39.672913208000068, 0.605112168000062 ], [ 39.674363208000159, 0.603012168000021 ], [ 39.675313208000034, 0.600662168000099 ], [ 39.675763742000186, 0.59812329000016 ], [ 39.67665410800015, 0.596871268000143 ], [ 39.678133482000192, 0.595583189000024 ], [ 39.679283019000138, 0.593996174000097 ], [ 39.680246896000085, 0.591630457 ], [ 39.682054719000178, 0.589695309000149 ], [ 39.68377569900008, 0.5886321750001 ], [ 39.684793267000089, 0.587529729000039 ], [ 39.685632586000168, 0.586294138000028 ], [ 39.686669196000139, 0.584717044000058 ], [ 39.687763208000035, 0.582812168000032 ], [ 39.68821320800015, 0.580462168000111 ], [ 39.689413208000133, 0.578812168000184 ], [ 39.692063208000036, 0.577562168000156 ], [ 39.693840932000057, 0.576253874999964 ], [ 39.694858877000172, 0.575437309000108 ], [ 39.695956113000193, 0.574473554 ], [ 39.696847309000191, 0.573628067000129 ], [ 39.698013208000134, 0.572512168000117 ], [ 39.69845269800004, 0.570570614000019 ], [ 39.698630584000057, 0.569770916000152 ], [ 39.69912999800016, 0.568614985000124 ], [ 39.699676637000152, 0.567856948000042 ], [ 39.700524781000183, 0.566847702000018 ], [ 39.701264897000158, 0.565848161000019 ], [ 39.701911667000161, 0.565022714 ], [ 39.703223886000103, 0.563776212000107 ], [ 39.705706195000062, 0.562054180000075 ], [ 39.706992632000038, 0.560816565999971 ], [ 39.707518089000075, 0.560189319000074 ], [ 39.708675930000027, 0.558841445999974 ], [ 39.710613208000098, 0.557762168000068 ], [ 39.711863208000125, 0.556062168000096 ], [ 39.713263208000171, 0.553812168000093 ], [ 39.714722935000054, 0.552019897000037 ], [ 39.716113208000081, 0.550562168000113 ], [ 39.716363208000132, 0.547812168000121 ], [ 39.717963208000185, 0.545612168000162 ], [ 39.719863208, 0.546562168000094 ], [ 39.721563208000191, 0.545162168000047 ], [ 39.723349571000085, 0.543294594999963 ], [ 39.724504784000032, 0.541539691000082 ], [ 39.725699912000152, 0.539455706000069 ], [ 39.727063208000118, 0.536262168000121 ], [ 39.728763208000089, 0.53356216800006 ], [ 39.730663208000124, 0.531362168000101 ], [ 39.73126320800003, 0.528662168000153 ], [ 39.731563208000125, 0.526612167999986 ], [ 39.732863208000083, 0.525362168000129 ], [ 39.734463208000079, 0.524462168000071 ], [ 39.73591320800017, 0.523162168000169 ], [ 39.738066519000085, 0.523025066 ], [ 39.740263208000044, 0.523162168000169 ], [ 39.742063208000104, 0.52176216800018 ], [ 39.743803350000178, 0.520249578000062 ], [ 39.745064872000114, 0.518881469000121 ], [ 39.745909909000147, 0.518099224000139 ], [ 39.746686974000056, 0.517670913000131 ], [ 39.748230481000121, 0.517135950000181 ], [ 39.749123888000042, 0.516633624 ], [ 39.749833131000059, 0.516169165000065 ], [ 39.751413208000145, 0.515462168000056 ], [ 39.754413208000187, 0.514662168000143 ], [ 39.756963208000116, 0.512862168000083 ], [ 39.759263208, 0.512162168000089 ], [ 39.761913208000067, 0.512012168000069 ], [ 39.762963208000087, 0.50981216800011 ], [ 39.763663208000082, 0.507062168000175 ], [ 39.765063208000129, 0.505862167999965 ], [ 39.76741320800005, 0.504212168000038 ], [ 39.769372831000112, 0.503953590000151 ], [ 39.770603788000074, 0.502902203000133 ], [ 39.772563208000179, 0.500762168000051 ], [ 39.774044705000108, 0.498517948000028 ], [ 39.774521321000122, 0.496514762000174 ], [ 39.774753585000155, 0.495770746000062 ], [ 39.776269997000043, 0.495628080000188 ], [ 39.777448460000073, 0.495445118000134 ], [ 39.778234338000118, 0.495176603000061 ], [ 39.779863208000052, 0.494262168000148 ], [ 39.781363208000187, 0.492762168000183 ], [ 39.783763208000153, 0.491062168000042 ], [ 39.786563208000189, 0.490462168000136 ], [ 39.789263208000136, 0.489462167999989 ], [ 39.791474330000085, 0.48927207700018 ], [ 39.793295470000146, 0.489114292000181 ], [ 39.795563208000033, 0.488262168000176 ], [ 39.797763208000163, 0.48626216800011 ], [ 39.80044390300003, 0.484524994000083 ], [ 39.803114919000052, 0.484077224000146 ], [ 39.806513208000069, 0.484012168000106 ], [ 39.808663208000155, 0.484962167999981 ], [ 39.810663208000108, 0.48506216800007 ], [ 39.812463208000167, 0.484562168000139 ], [ 39.816163208000091, 0.483962168 ], [ 39.820263208000028, 0.48366216800008 ], [ 39.822663208000165, 0.482762168000022 ], [ 39.824863208000124, 0.481162167999969 ], [ 39.827146690000063, 0.479711312 ], [ 39.828642619000107, 0.479932896000093 ], [ 39.82958809500019, 0.480259547000173 ], [ 39.831763208000098, 0.480762168000126 ], [ 39.834063207999975, 0.481262168000114 ], [ 39.836162565000052, 0.481294467 ], [ 39.837157075000107, 0.481080217000056 ], [ 39.837998799000104, 0.480646243000024 ], [ 39.840063208000117, 0.479062168000155 ], [ 39.843063208, 0.478662168000085 ], [ 39.845163208000031, 0.478562168000167 ], [ 39.848463208000055, 0.478612168000041 ], [ 39.851413208000054, 0.477662168000109 ], [ 39.853263207999987, 0.475962167999967 ], [ 39.85486320800004, 0.473662168000089 ], [ 39.855556461000106, 0.471611161000112 ], [ 39.856038939000086, 0.470929868000155 ], [ 39.85727673800011, 0.470200364 ], [ 39.859263208000129, 0.469762167999988 ], [ 39.861163208000164, 0.467962168000099 ], [ 39.863863208000055, 0.467312168000149 ], [ 39.865763208000089, 0.466162168000039 ], [ 39.867463208000061, 0.464462168000068 ], [ 39.868663208000044, 0.462662168000179 ], [ 39.870963208000092, 0.460762167999974 ], [ 39.874363208000034, 0.459562168000161 ], [ 39.877763208000147, 0.459562168000161 ], [ 39.880399270000112, 0.460449241000106 ], [ 39.882181031000187, 0.46164170100019 ], [ 39.883598941000116, 0.46248003400018 ], [ 39.885616508000169, 0.463338002000114 ], [ 39.888768629000083, 0.463921198000037 ], [ 39.890822721000063, 0.463647290000154 ], [ 39.891874338000093, 0.463256603000048 ], [ 39.892872499000191, 0.462821184000177 ], [ 39.894278561000192, 0.462375554000062 ], [ 39.895153585000116, 0.462262168000109 ], [ 39.897963208000135, 0.462362168000027 ], [ 39.901363208000078, 0.463362168000174 ], [ 39.904163208000114, 0.463262168000085 ], [ 39.906863208000061, 0.461062168000126 ], [ 39.910063208000111, 0.459362168000155 ], [ 39.912063208000063, 0.457962168000108 ], [ 39.913909741000168, 0.455927076000137 ], [ 39.916247174000034, 0.453601085000173 ], [ 39.919547174000058, 0.450701085 ], [ 39.922847174000083, 0.447601085000031 ], [ 39.927897174000123, 0.443001085000105 ], [ 39.934047174000057, 0.438051085000154 ], [ 39.940347174000124, 0.433151085000077 ], [ 39.944047174, 0.430351085000041 ], [ 39.947847174000174, 0.427701085000024 ], [ 39.952647174000163, 0.424551085000132 ], [ 39.957047174000024, 0.421851085000014 ], [ 39.961597174000133, 0.419101085000023 ], [ 39.965547174000108, 0.416901085000063 ], [ 39.970997174000161, 0.414101085000027 ], [ 39.975947174000112, 0.411701085000061 ], [ 39.979047174000129, 0.410251085000027 ], [ 39.98394717400015, 0.408251085000074 ], [ 39.992347174000088, 0.405201085000158 ], [ 39.995247174000042, 0.404051085000049 ], [ 39.999147174000143, 0.402951085000154 ], [ 40.002647174, 0.401851085000089 ], [ 40.005647174000103, 0.40105108500012 ], [ 40.008747174000064, 0.400251085000036 ], [ 40.01339717400009, 0.39925108500006 ], [ 40.017047174000083, 0.398601085000109 ], [ 40.020947174000185, 0.398151085000165 ], [ 40.02594717400018, 0.397701085000051 ], [ 40.042947174000062, 0.397251085000164 ], [ 40.048047174000146, 0.39665108500003 ], [ 40.053447174000041, 0.395351085000129 ], [ 40.057997174000093, 0.393601085000114 ], [ 40.062447174000056, 0.39095108500004 ], [ 40.065647174000105, 0.388751085000081 ], [ 40.069847174000188, 0.386001085000146 ], [ 40.072347174000072, 0.384351085000048 ], [ 40.075247174000026, 0.382151085000089 ], [ 40.078697174000069, 0.379901085000085 ], [ 40.094147174000113, 0.368951085 ], [ 40.098197174000177, 0.366051085000038 ], [ 40.101647174, 0.363551085000154 ], [ 40.11484717400009, 0.353101085000048 ], [ 40.124747174000106, 0.345651085000043 ], [ 40.129947174000165, 0.342001085 ], [ 40.134147174000191, 0.339501085000109 ], [ 40.140097174000118, 0.336351085000047 ], [ 40.143047174000117, 0.334801085000095 ], [ 40.14569717400019, 0.333751085000074 ], [ 40.149097174000133, 0.33265108500018 ], [ 40.153547174000096, 0.331101085000171 ], [ 40.157547174000115, 0.328751085000079 ], [ 40.16149717400009, 0.32580108500008 ], [ 40.165447174000064, 0.322451085000182 ], [ 40.168847174000177, 0.31930108500012 ], [ 40.173147174000121, 0.315251085000057 ], [ 40.176797174000171, 0.311701085000152 ], [ 40.180947174000153, 0.307451085000025 ], [ 40.184897174000128, 0.303001085000062 ], [ 40.195747174000132, 0.290751085000068 ], [ 40.200747174000071, 0.284501085000045 ], [ 40.204547174000083, 0.280151085 ], [ 40.21099717400017, 0.272851085000184 ], [ 40.214347174000068, 0.26940108499997 ], [ 40.218347174000087, 0.265551085000141 ], [ 40.222647174000031, 0.261751085000128 ], [ 40.229947174000074, 0.255751085000156 ], [ 40.233097174000136, 0.25335108500002 ], [ 40.235847174000128, 0.251301085000023 ], [ 40.238147174000176, 0.249601085000052 ], [ 40.24169717400008, 0.247301085000174 ], [ 40.244147174000148, 0.245751085 ], [ 40.248547174, 0.243051085000104 ], [ 40.251347174000045, 0.241701085000102 ], [ 40.255447174000039, 0.239551085000016 ], [ 40.259547174000147, 0.237301085000013 ], [ 40.265147174000049, 0.234851085000173 ], [ 40.269847174000063, 0.233001085000069 ], [ 40.27369717400012, 0.231751084999985 ], [ 40.27734717400017, 0.230301085000121 ], [ 40.281047174000037, 0.228851085000031 ], [ 40.286447174000102, 0.226301085000102 ], [ 40.293747174000146, 0.222701085000097 ], [ 40.299747174000061, 0.21965108500018 ], [ 40.305697174000159, 0.216351085000156 ], [ 40.309347173999981, 0.214151085000026 ], [ 40.312147174000017, 0.211951085000067 ], [ 40.32244717400016, 0.204151085000035 ], [ 40.327947174000087, 0.200751085000093 ], [ 40.331547174000093, 0.199251085000185 ], [ 40.333947174000059, 0.198751085000026 ], [ 40.343097174000036, 0.198701085000152 ], [ 40.351297174000138, 0.198801085000071 ], [ 40.356747174000077, 0.198651085000108 ], [ 40.361047174000191, 0.198401085 ], [ 40.365547174000028, 0.198001085000158 ], [ 40.369747174000111, 0.19735108499998 ], [ 40.373947174000136, 0.196651085000155 ], [ 40.37764717400006, 0.195951085000161 ], [ 40.380093940000165, 0.194994184000109 ], [ 40.382486232000019, 0.193936732 ], [ 40.38554717400018, 0.19205108500006 ], [ 40.388847174000034, 0.189501085000074 ], [ 40.393247174000066, 0.186801085000184 ], [ 40.396447174000173, 0.185051085000168 ], [ 40.39914717400012, 0.184051085000021 ], [ 40.402247174000081, 0.183601085000078 ], [ 40.405447174000187, 0.183551085000033 ], [ 40.408347174000141, 0.184101085000066 ], [ 40.410749136000106, 0.18508187000009 ], [ 40.41185425000009, 0.18549208200011 ], [ 40.414251495000087, 0.186277435000022 ], [ 40.415010874000131, 0.186589206000122 ], [ 40.417147174000149, 0.187801085000103 ], [ 40.419047174000127, 0.188901085 ], [ 40.421847174000163, 0.189351085000112 ], [ 40.424147174000041, 0.189651085000094 ], [ 40.426447174000089, 0.190051085000107 ], [ 40.430147174000183, 0.189751085000182 ], [ 40.433647174000043, 0.189251085000024 ], [ 40.436347174000161, 0.188701085000162 ], [ 40.439647174000186, 0.187751085000059 ], [ 40.443897174000085, 0.186751085000139 ], [ 40.448347174000048, 0.185751085000163 ], [ 40.452647174000049, 0.185301085000049 ], [ 40.457947173999969, 0.185351085000093 ], [ 40.460947174000069, 0.185801085000037 ], [ 40.465447174000076, 0.18595108500017 ], [ 40.469247174000031, 0.186001085000044 ], [ 40.472147174000042, 0.186051085000088 ], [ 40.475347174000092, 0.186151085 ], [ 40.478647174000116, 0.186651085 ], [ 40.481447174000152, 0.187351085000046 ], [ 40.483847174000118, 0.188551085000029 ], [ 40.485647174000064, 0.190051085000107 ], [ 40.489230870000085, 0.193096955000101 ], [ 40.490160590000073, 0.193908891000092 ], [ 40.491784714000175, 0.19522924 ], [ 40.493610149000119, 0.196454675999973 ], [ 40.496247174000075, 0.197151085000144 ], [ 40.498847174000105, 0.196551085000067 ], [ 40.500841827000045, 0.194941026000151 ], [ 40.502347174000136, 0.193401085 ], [ 40.504297174000044, 0.192501085000174 ], [ 40.505716410000048, 0.192874010000025 ], [ 40.506905436000181, 0.193483054000126 ], [ 40.507584152000049, 0.1941241560001 ], [ 40.50889717400014, 0.196001085000034 ], [ 40.510247174000085, 0.199051085000121 ], [ 40.51134717400015, 0.202451085000064 ], [ 40.512347174000126, 0.206001085000025 ], [ 40.513147174000039, 0.208051084999965 ], [ 40.514747174000092, 0.209501085000056 ], [ 40.51704717399997, 0.210751085000084 ], [ 40.518947174000175, 0.211901085000022 ], [ 40.520497174000184, 0.213651085000038 ], [ 40.521847174000129, 0.215951085000086 ], [ 40.522547174000124, 0.218651085000033 ], [ 40.523523152000053, 0.220786031000102 ], [ 40.524722186000133, 0.222198715000104 ], [ 40.525756352000087, 0.22300692500005 ], [ 40.526849588000118, 0.223677511000062 ], [ 40.527951816000041, 0.224311684000043 ], [ 40.529364796000038, 0.225047523000114 ], [ 40.530850615000134, 0.225707170000078 ], [ 40.532563842000059, 0.226339974000041 ], [ 40.533541478000132, 0.226628647000041 ], [ 40.535647174000076, 0.22715108500006 ], [ 40.539047174000018, 0.227251084999978 ], [ 40.541847174000054, 0.226301085000102 ], [ 40.544847174000154, 0.224701085000049 ], [ 40.547447174000126, 0.223551085000111 ], [ 40.549847174000149, 0.221901085000184 ], [ 40.552097174000153, 0.2211010850001 ], [ 40.553947174000086, 0.220351085 ], [ 40.55688034700006, 0.219657922000124 ], [ 40.558420477000084, 0.218802264000033 ], [ 40.559577755000134, 0.218006289000186 ], [ 40.560961972000143, 0.217171348000079 ], [ 40.562757216000193, 0.216278565000039 ], [ 40.56376409600017, 0.215942259000087 ], [ 40.56654717400005, 0.215451085000154 ], [ 40.570547174000069, 0.215251085000091 ], [ 40.572947174000092, 0.215551085000072 ], [ 40.574547174000145, 0.216551085 ], [ 40.576747174000047, 0.217701085000158 ], [ 40.580147174, 0.216901085000188 ], [ 40.583247174000178, 0.215951085000086 ], [ 40.585447174000137, 0.215251085000091 ], [ 40.587347174000115, 0.215651085000161 ], [ 40.589747174000138, 0.218151085000045 ], [ 40.59155875100015, 0.221067535000145 ], [ 40.592055962000188, 0.221820783000112 ], [ 40.593219143000056, 0.223329665000108 ], [ 40.595447174000128, 0.22535108500017 ], [ 40.597947174000183, 0.226301085000102 ], [ 40.600947174000055, 0.225901085000032 ], [ 40.603052486000024, 0.225192149000179 ], [ 40.604683134000084, 0.225538745000051 ], [ 40.606467008000095, 0.226573253000026 ], [ 40.608447174000162, 0.229651085000171 ], [ 40.61139717400016, 0.232151085000055 ], [ 40.614547174000052, 0.232651085000043 ], [ 40.617147174000024, 0.231901085000175 ], [ 40.619647174000136, 0.231401085000186 ], [ 40.624447174000068, 0.232051085000137 ], [ 40.629347174000145, 0.232551085000125 ], [ 40.634947174000047, 0.232551085000125 ], [ 40.639447174000054, 0.232051085000137 ], [ 40.64364717400008, 0.231151085000079 ], [ 40.646497174, 0.23120108500018 ], [ 40.649047174000145, 0.232651085000043 ], [ 40.651247174000105, 0.234301085000141 ], [ 40.653347174000146, 0.236151085000074 ], [ 40.656097174000081, 0.23830108500016 ], [ 40.658347174000085, 0.240151085000093 ], [ 40.662047174000179, 0.242851085000041 ], [ 40.665497174000166, 0.245351085000152 ], [ 40.668547174000139, 0.247301085000174 ], [ 40.672397173999968, 0.249901085000033 ], [ 40.676047174000189, 0.252401085000088 ], [ 40.679747174000056, 0.25555108500015 ], [ 40.681947174000015, 0.257651084999964 ], [ 40.683247174000144, 0.259601085000043 ], [ 40.68384717400005, 0.262351085000034 ], [ 40.683647173999987, 0.265251085000159 ], [ 40.68344717400015, 0.268751085000019 ], [ 40.684347174000038, 0.271351085000049 ], [ 40.68646149000017, 0.273329066000031 ], [ 40.688180428000123, 0.274312587000111 ], [ 40.689240505000157, 0.274732195000183 ], [ 40.690259488000152, 0.275050510000142 ], [ 40.691614540000046, 0.275501347000045 ], [ 40.693704606000097, 0.276496946000123 ], [ 40.695347174000119, 0.278401084999985 ], [ 40.697947174000149, 0.282701085000156 ], [ 40.700447174000033, 0.287251085000037 ], [ 40.702264672000126, 0.290316951000023 ], [ 40.702714580000077, 0.291092415999969 ], [ 40.703881865000085, 0.293357190000165 ], [ 40.705147174000103, 0.296601085000077 ], [ 40.706535018000181, 0.300249663000159 ], [ 40.707547174000069, 0.30390108500012 ], [ 40.708447174000071, 0.307001085000081 ], [ 40.709947174000035, 0.310851085000138 ], [ 40.711847174000013, 0.314851085000157 ], [ 40.713847174000136, 0.317851085000029 ], [ 40.716447174000166, 0.320151085000134 ], [ 40.718847174000132, 0.321601085000168 ], [ 40.721047174000091, 0.322451085000182 ], [ 40.724047174000134, 0.323251085000095 ], [ 40.727097174000107, 0.323651085000165 ], [ 40.730747174000101, 0.324001084999963 ], [ 40.73434717400005, 0.324851085000148 ], [ 40.736747174000072, 0.326251084999967 ], [ 40.738882693000107, 0.328728226000067 ], [ 40.739759203000119, 0.329919129000075 ], [ 40.740569051000193, 0.331059052000171 ], [ 40.742797174000032, 0.334051085 ], [ 40.744947174000117, 0.336751085000117 ], [ 40.747547174000147, 0.339451085000064 ], [ 40.750047174000031, 0.341751085000112 ], [ 40.752347174000079, 0.343501085000128 ], [ 40.756047174000173, 0.345951084999967 ], [ 40.763047174000064, 0.34935108500008 ], [ 40.76804717400006, 0.351851085000021 ], [ 40.77234717400006, 0.353651085000081 ], [ 40.775447174000021, 0.354701085000102 ], [ 40.778647174000128, 0.355551085000059 ], [ 40.783247174000053, 0.356651085000124 ], [ 40.788247174000048, 0.357951085000082 ], [ 40.797047174000056, 0.360151085000041 ], [ 40.80719717400018, 0.362651085000095 ], [ 40.813147174000051, 0.364301085000022 ], [ 40.818497174000072, 0.365751085000113 ], [ 40.823047174000124, 0.366701084999988 ], [ 40.827147174000061, 0.367351085000109 ], [ 40.830347174000167, 0.367951085000016 ], [ 40.833947174000116, 0.368601085000023 ], [ 40.837747174000128, 0.369251085000144 ], [ 40.84194717400004, 0.37025108500012 ], [ 40.846447174000048, 0.371501085000148 ], [ 40.849547174000179, 0.372651085000086 ], [ 40.853947174000098, 0.374151085 ], [ 40.858047174000035, 0.375951085000111 ], [ 40.868197174000159, 0.381451085000037 ], [ 40.873947174000023, 0.384701085000017 ], [ 40.885947174000137, 0.391251085000022 ], [ 40.896947174000047, 0.40145108500019 ], [ 40.899547174000077, 0.40390108500003 ], [ 40.901947174000043, 0.406251085000179 ], [ 40.904347174, 0.4086010850001 ], [ 40.906647174000113, 0.410751085000186 ], [ 40.908997174000035, 0.413401085000032 ], [ 40.91254717400011, 0.417001085000038 ], [ 40.914647174000152, 0.419301085000086 ], [ 40.917097174000162, 0.421851085000014 ], [ 40.919647174000147, 0.423751085000049 ], [ 40.922947174000171, 0.425751085000115 ], [ 40.92623694700012, 0.427638098000045 ], [ 40.927164055999981, 0.4281512 ], [ 40.929022134999968, 0.429164952000065 ], [ 40.929867769000168, 0.429646432000084 ], [ 40.932647174000181, 0.431201085000055 ], [ 40.934997174000102, 0.43230108500012 ], [ 40.939147174000084, 0.433551085000147 ], [ 40.94194717400012, 0.434551085000123 ], [ 40.945647174000044, 0.436001084999987 ], [ 40.949647174000063, 0.438351085000136 ], [ 40.952747174000024, 0.441051085000026 ], [ 40.955147174000047, 0.442751085 ], [ 40.957747174000019, 0.444551085000114 ], [ 40.961247174000107, 0.446701084999972 ], [ 40.964147174000061, 0.447951085000057 ], [ 40.968047174000162, 0.449101085000166 ], [ 40.972047174000181, 0.450251085000104 ], [ 40.97604717400003, 0.451501085000132 ], [ 40.979347174000054, 0.453051085000141 ], [ 40.983247174000155, 0.455751085000031 ], [ 40.986897174000148, 0.458551085000067 ], [ 40.989447174000134, 0.460601085000064 ], [ 40.992447174000176, 0.463301085000182 ], [ 40.991653585000165, 0.692970746000128 ], [ 40.990853585000025, 0.710570746000087 ], [ 40.988053584999989, 1.019570746000113 ], [ 40.991853585000172, 1.021970746000079 ], [ 40.991653585000165, 1.305470746000026 ], [ 40.991653585000165, 1.313670746000071 ], [ 40.991653585000165, 1.490670746000148 ], [ 40.99275358500006, 1.680470746000026 ], [ 40.992553585, 1.696770746000084 ], [ 40.99095358500017, 1.943570746000148 ], [ 40.99095358500017, 1.946470746000102 ], [ 40.991053585000088, 2.000570746000108 ], [ 40.992153585000153, 2.175270746000081 ], [ 40.990910172000042, 2.178578778000087 ], [ 40.98426017200012, 2.178778778000094 ], [ 40.976660172000095, 2.178378778000024 ], [ 40.972660172000076, 2.177278778000129 ], [ 40.965160172000026, 2.176178778000065 ], [ 40.950660172000028, 2.176178778000065 ], [ 40.943660172000136, 2.177278778000129 ], [ 40.935660172000041, 2.180778778 ], [ 40.92036017200013, 2.187978778000115 ], [ 40.900360172000035, 2.202778778000095 ], [ 40.896060172000034, 2.206378778000044 ], [ 40.884160172000065, 2.216478778000123 ], [ 40.867260172000101, 2.235678778000135 ], [ 40.864510172000109, 2.240778778000049 ], [ 40.864260172000058, 2.24427877800008 ], [ 40.863460172000089, 2.250178778000134 ], [ 40.862660172000176, 2.253078778000088 ], [ 40.85726017200011, 2.262578778000091 ], [ 40.85116017200005, 2.26982877800009 ], [ 40.846760172000188, 2.273278778000076 ], [ 40.8432601720001, 2.276728778000063 ], [ 40.840260172000058, 2.279678778000061 ], [ 40.83616017200012, 2.284778777999975 ], [ 40.832860172000096, 2.288128778000043 ], [ 40.828360172000089, 2.290528778 ], [ 40.823210172000131, 2.292278778000082 ], [ 40.818960172000175, 2.292478778000088 ], [ 40.814660172, 2.291878778000182 ], [ 40.801160171999982, 2.291678778000175 ], [ 40.798060172000191, 2.293328778000046 ], [ 40.79416017200009, 2.296278778000101 ], [ 40.785160172000076, 2.30417877800005 ], [ 40.778660172000173, 2.31142877800005 ], [ 40.77446017200009, 2.314028778000022 ], [ 40.770260172000064, 2.314778778000118 ], [ 40.764260172000093, 2.315078778000043 ], [ 40.760560172, 2.315078778000043 ], [ 40.755960172000073, 2.316378778000114 ], [ 40.752660172000049, 2.315878778000183 ], [ 40.749810172000139, 2.314678777999973 ], [ 40.746060172000057, 2.313778778000142 ], [ 40.740860172, 2.313278778000154 ], [ 40.737760172000037, 2.314078778000066 ], [ 40.729260172000181, 2.31997877800012 ], [ 40.722529082000108, 2.325220776000037 ], [ 40.717960172000119, 2.329578778000041 ], [ 40.716060172000084, 2.332978778000154 ], [ 40.714960172000019, 2.335978778000026 ], [ 40.714560172000176, 2.339878778000127 ], [ 40.712960172000123, 2.345378778000111 ], [ 40.710360172000094, 2.349128778000079 ], [ 40.706360172000075, 2.352378778 ], [ 40.702760172000126, 2.35587877800009 ], [ 40.699460172000101, 2.359278778000032 ], [ 40.69491017200005, 2.364378778000116 ], [ 40.690460172000087, 2.368378778000135 ], [ 40.686260172, 2.370578778000095 ], [ 40.681160172000091, 2.372378778000154 ], [ 40.676360172000159, 2.376078778000021 ], [ 40.675460172000101, 2.382378778000145 ], [ 40.674060172000111, 2.384878778000029 ], [ 40.671660172000088, 2.386578778000171 ], [ 40.668460172000039, 2.389478778000125 ], [ 40.665510171999983, 2.391028778000134 ], [ 40.664560172000108, 2.395178778000115 ], [ 40.664960172000178, 2.398978778000128 ], [ 40.665210172000059, 2.40277877800014 ], [ 40.665810172000135, 2.406428777999963 ], [ 40.66446017200019, 2.409778778000032 ], [ 40.663860172000113, 2.424878778000107 ], [ 40.661560172, 2.428278778000049 ], [ 40.658260172000041, 2.431878778000055 ], [ 40.655660172000182, 2.43362877800007 ], [ 40.652660172000139, 2.434778778000179 ], [ 40.649260172000027, 2.435278778000168 ], [ 40.644660172000044, 2.435478778000174 ], [ 40.640960172000177, 2.436978778000139 ], [ 40.640360172000101, 2.439578778000111 ], [ 40.638580231000162, 2.442334993000031 ], [ 40.635496185000079, 2.442229525000187 ], [ 40.631760172000156, 2.444878778000088 ], [ 40.62896017200012, 2.449878778000084 ], [ 40.625460172000032, 2.452478778000057 ], [ 40.621560172000102, 2.454978778000168 ], [ 40.619160172000136, 2.45837877800011 ], [ 40.616460172000018, 2.460828778000121 ], [ 40.613460172000146, 2.464178778000189 ], [ 40.610860172000116, 2.469178778000185 ], [ 40.609010172000183, 2.47237877800012 ], [ 40.606460172000084, 2.476578778000146 ], [ 40.604560172000049, 2.478978778000112 ], [ 40.603260172000148, 2.481778777999978 ], [ 40.603360172000066, 2.485378778000154 ], [ 40.604160171999979, 2.490528778000112 ], [ 40.602960172, 2.49347877800011 ], [ 40.599660171999972, 2.495578778000151 ], [ 40.593860172000063, 2.499678778000089 ], [ 40.591460172000097, 2.503028778000157 ], [ 40.593460172, 2.50667877799998 ], [ 40.59706017200017, 2.50967877800008 ], [ 40.596760172000018, 2.513078778000022 ], [ 40.592760172000169, 2.516828778000161 ], [ 40.588160172000073, 2.521178777999978 ], [ 40.581710172000044, 2.526878777999968 ], [ 40.579260172000147, 2.530228778000037 ], [ 40.578760171999988, 2.534078778000094 ], [ 40.57906017200014, 2.537978778000024 ], [ 40.579260172000147, 2.542678778000038 ], [ 40.579359566000051, 2.546778479000068 ], [ 40.579310172000021, 2.549578778000068 ], [ 40.577860172000157, 2.552078778000123 ], [ 40.57556017200011, 2.555478778000065 ], [ 40.571910172000059, 2.559678778000148 ], [ 40.569960172000037, 2.561778778000132 ], [ 40.568760172000054, 2.564978778000068 ], [ 40.565310172000011, 2.566578778000121 ], [ 40.563860172000147, 2.569828778000101 ], [ 40.562760172000083, 2.572678778000181 ], [ 40.560860172000105, 2.575478778000047 ], [ 40.558060172000069, 2.57847877800009 ], [ 40.558010171999967, 2.581578778000107 ], [ 40.559960172000046, 2.58457877800015 ], [ 40.560360172000117, 2.586878778000028 ], [ 40.559860172000128, 2.588978778000069 ], [ 40.556660172000193, 2.590578778000122 ], [ 40.55391017200003, 2.593378778000158 ], [ 40.552060172000097, 2.596578778000037 ], [ 40.551160172000039, 2.599428778000117 ], [ 40.549060172000054, 2.602278778000027 ], [ 40.549160172000143, 2.606678778000116 ], [ 40.549560171999985, 2.612278778000189 ], [ 40.54756017200009, 2.615978778000112 ], [ 40.546260172000189, 2.61967877799998 ], [ 40.544460172000072, 2.624978778000127 ], [ 40.54356017200007, 2.628578778000076 ], [ 40.543160172000171, 2.631978778000189 ], [ 40.54106017200013, 2.634978778000061 ], [ 40.540260172000046, 2.638278778000085 ], [ 40.539060172000063, 2.641878778000091 ], [ 40.537260172000174, 2.64547877800004 ], [ 40.536760172000186, 2.649328778000097 ], [ 40.535560172000032, 2.652878778 ], [ 40.533460172000161, 2.656178778000026 ], [ 40.53096017200005, 2.66127877800011 ], [ 40.527074031000154, 2.665685850999978 ], [ 40.526752203000171, 2.667393738000158 ], [ 40.526660172000106, 2.669678778000048 ], [ 40.526610172000062, 2.673978778000048 ], [ 40.524660172000154, 2.677778778 ], [ 40.523510172000044, 2.681878778000168 ], [ 40.522660172000087, 2.686778778000019 ], [ 40.521160172000123, 2.691878778000159 ], [ 40.519460172000151, 2.696278778000021 ], [ 40.515960172000121, 2.701528778000124 ], [ 40.512760172000185, 2.703078778000076 ], [ 40.50986017200006, 2.706578778000164 ], [ 40.505760172000123, 2.711378778000096 ], [ 40.503260172000182, 2.714478778000114 ], [ 40.499860172000069, 2.719978778000041 ], [ 40.499760172000151, 2.722878778000052 ], [ 40.502560172000187, 2.724078778000035 ], [ 40.506460172000118, 2.725578778000113 ], [ 40.509260172000154, 2.728578778000042 ], [ 40.51206017200019, 2.735028778000071 ], [ 40.513953585000081, 2.737870746000056 ], [ 40.514959678000082, 2.7380753220001 ], [ 40.516957049000098, 2.738450654000076 ], [ 40.51778475499998, 2.738735443999985 ], [ 40.519860172000051, 2.740078778000111 ], [ 40.518960172000163, 2.743478778000053 ], [ 40.518710172000112, 2.746278778000089 ], [ 40.519210172000101, 2.74977877800012 ], [ 40.519260172000145, 2.752678778000131 ], [ 40.517960172000016, 2.755478778000167 ], [ 40.51776017200018, 2.761478778000082 ], [ 40.518764703000102, 2.763487839000163 ], [ 40.519032018000075, 2.764291888000173 ], [ 40.518940610000129, 2.766130451000151 ], [ 40.517960172000016, 2.769978778000109 ], [ 40.518460172000175, 2.773678778000033 ], [ 40.520560172000046, 2.775978778000081 ], [ 40.518660172000068, 2.77777877800014 ], [ 40.516060172000039, 2.778078778000122 ], [ 40.512860172000103, 2.77857877800011 ], [ 40.510660171999973, 2.782578778000129 ], [ 40.508260172000178, 2.784428778000063 ], [ 40.506160172000136, 2.783528778 ], [ 40.503560172000164, 2.784178778000182 ], [ 40.501060172000052, 2.787278778000143 ], [ 40.502110172000073, 2.790978778000067 ], [ 40.502560172000187, 2.793678778000128 ], [ 40.501860172000193, 2.795978778 ], [ 40.498660172000086, 2.796778778000146 ], [ 40.495760172000132, 2.79787877800004 ], [ 40.494060172000161, 2.800228778000132 ], [ 40.494260172000168, 2.802728778000017 ], [ 40.495513484000128, 2.80421384300007 ], [ 40.496283825000035, 2.804861212999981 ], [ 40.497895277000111, 2.80578504500005 ], [ 40.499968108000132, 2.806683283000098 ], [ 40.501253584999972, 2.807170746000054 ], [ 40.503060172000175, 2.810278778000168 ], [ 40.501360172000034, 2.813578778000021 ], [ 40.496910172000071, 2.816578778000064 ], [ 40.495510172000024, 2.819078778000176 ], [ 40.497366760000034, 2.819586811000022 ], [ 40.497857421, 2.820410265000078 ], [ 40.498266760000035, 2.821286811000164 ], [ 40.496810172000153, 2.823978778000026 ], [ 40.496460172000127, 2.82687877799998 ], [ 40.496860172000027, 2.829378778000091 ], [ 40.498360172000162, 2.831678778000139 ], [ 40.499160172000074, 2.834278778000169 ], [ 40.497510172000148, 2.836078778000058 ], [ 40.495260172000144, 2.837078777999977 ], [ 40.494560172000149, 2.838978778000183 ], [ 40.494360172000086, 2.842378778000125 ], [ 40.494460172000061, 2.845478778000086 ], [ 40.495760172000132, 2.848128778000159 ], [ 40.497160172000122, 2.851778778000039 ], [ 40.495892899000182, 2.853843106000113 ], [ 40.494053585000074, 2.854870746000074 ], [ 40.493891398000073, 2.856238942000118 ], [ 40.495360172000062, 2.858078778000106 ], [ 40.494610172000193, 2.860478778000072 ], [ 40.493360172000166, 2.863078778000101 ], [ 40.492560172000026, 2.865878778000138 ], [ 40.492960172000096, 2.868528777999984 ], [ 40.469860172000153, 2.879828778000046 ], [ 40.438760172000173, 2.894278778000171 ], [ 40.41266017200013, 2.906378778000033 ], [ 40.383960172000116, 2.919878778000054 ], [ 40.380860172000155, 2.92122877800017 ], [ 40.361160172000154, 2.93017877800014 ], [ 40.332160172000158, 2.94337877800001 ], [ 40.300560172000189, 2.957878778000179 ], [ 40.270160172000033, 2.9717787780001 ], [ 40.266860172000179, 2.975878778000038 ], [ 40.263681038000072, 2.979971485000021 ], [ 40.262722770000153, 2.981956900000057 ], [ 40.257638178000093, 2.98856382300005 ], [ 40.23533817800012, 3.014913823000143 ], [ 40.217338178000091, 3.035913823000044 ], [ 40.203538178000088, 3.05206382300014 ], [ 40.185488178000185, 3.072563823000053 ], [ 40.169838178000077, 3.090663823 ], [ 40.15133817800006, 3.110863822999988 ], [ 40.135588178000035, 3.127963823000186 ], [ 40.13203817800013, 3.13226382300013 ], [ 40.113238178000188, 3.15236382300003 ], [ 40.097338177999973, 3.169663823000064 ], [ 40.077088178000167, 3.191363823000131 ], [ 40.058638178000194, 3.211663823000038 ], [ 40.043738178000126, 3.228363823000166 ], [ 40.033638178000047, 3.233563823 ], [ 40.033538178000128, 3.237263823000092 ], [ 40.012753585000041, 3.245370746 ], [ 40.009488178000083, 3.246513822999987 ], [ 39.978688178000084, 3.259313823000184 ], [ 39.946138178000183, 3.272563823000155 ], [ 39.91473817800005, 3.284863822999966 ], [ 39.877838178000161, 3.299813823000079 ], [ 39.845038178000152, 3.312963823000075 ], [ 39.807688178000149, 3.327813823000099 ], [ 39.792838178000181, 3.334263823000128 ], [ 39.787975651000068, 3.336028919000171 ], [ 39.786997352000071, 3.336287447000075 ], [ 39.785953585000129, 3.336270746000025 ], [ 39.785938178000151, 3.33986382300003 ], [ 39.7856881780001, 3.345163823000178 ], [ 39.785638178000056, 3.379413823 ], [ 39.785438178, 3.419963823000103 ], [ 39.785553585000059, 3.439270746000034 ], [ 39.785638178000056, 3.462463823000121 ], [ 39.785538178000138, 3.477813823000076 ], [ 39.785438178, 3.500363822999986 ], [ 39.785488178000037, 3.538563823000175 ], [ 39.785538178000138, 3.575763823000045 ], [ 39.78528817800003, 3.615263822999964 ], [ 39.785238178000156, 3.625163823000037 ], [ 39.785238178000156, 3.655363823000187 ], [ 39.785138178000068, 3.695313823000049 ] ] ] } }
]
}
