county,reporting_date,year,ipc_class,previous_class,is_study_county,predicted_class,prob_class1,prob_class2,prob_class3,n_train,persistence_class,lead_months
Baringo,2016-02-01,2016,1,1.0,True,2,0.09525419,0.7692791,0.13546665,940,1,1
Bomet,2016-02-01,2016,1,1.0,False,1,0.9219513,0.03893897,0.039109707,940,1,1
Bungoma,2016-02-01,2016,1,1.0,False,1,0.92104673,0.03899708,0.039956197,940,1,1
Busia,2016-02-01,2016,1,1.0,False,1,0.9206553,0.0382462,0.04109844,940,1,1
Elgeyo-Marakwet,2016-02-01,2016,1,1.0,False,1,0.7823575,0.12459126,0.093051255,940,1,1
Embu,2016-02-01,2016,1,1.0,False,1,0.46614295,0.33212364,0.20173337,940,1,1
Garissa,2016-02-01,2016,1,2.0,False,2,0.053364575,0.8674549,0.07918058,940,2,1
Homa Bay,2016-02-01,2016,1,1.0,False,1,0.9269279,0.037970185,0.035101842,940,1,1
Isiolo,2016-02-01,2016,2,3.0,False,2,0.06661276,0.7900054,0.14338185,940,3,1
Kajiado,2016-02-01,2016,1,1.0,False,2,0.050721552,0.87836915,0.07090926,940,1,1
Kakamega,2016-02-01,2016,1,1.0,False,1,0.92178434,0.03914183,0.0390738,940,1,1
Kericho,2016-02-01,2016,1,1.0,False,1,0.924592,0.038392942,0.037015013,940,1,1
Kiambu,2016-02-01,2016,1,1.0,False,1,0.81432164,0.10474037,0.08093804,940,1,1
Kilifi,2016-02-01,2016,1,1.0,False,2,0.111564204,0.8465826,0.041853257,940,1,1
Kirinyaga,2016-02-01,2016,1,1.0,False,1,0.9269434,0.037316777,0.03573985,940,1,1
Kisii,2016-02-01,2016,1,1.0,False,1,0.9154551,0.039697997,0.04484693,940,1,1
Kisumu,2016-02-01,2016,1,1.0,False,1,0.9264591,0.0384085,0.03513243,940,1,1
Kitui,2016-02-01,2016,1,2.0,False,2,0.1489654,0.64356005,0.20747457,940,2,1
Kwale,2016-02-01,2016,1,1.0,False,2,0.0796765,0.8774577,0.042865805,940,1,1
Laikipia,2016-02-01,2016,1,2.0,False,2,0.11242667,0.63661236,0.25096095,940,2,1
Lamu,2016-02-01,2016,1,1.0,False,2,0.14082094,0.813502,0.04567708,940,1,1
Machakos,2016-02-01,2016,1,1.0,False,2,0.17277655,0.6495271,0.17769638,940,1,1
Makueni,2016-02-01,2016,1,2.0,False,2,0.0936521,0.6216864,0.28466153,940,2,1
Mandera,2016-02-01,2016,2,2.0,False,2,0.07519742,0.8162479,0.10855469,940,2,1
Marsabit,2016-02-01,2016,2,2.0,True,2,0.06940283,0.7869712,0.14362593,940,2,1
Meru,2016-02-01,2016,1,1.0,False,1,0.6136541,0.33062783,0.05571804,940,1,1
Migori,2016-02-01,2016,1,1.0,False,1,0.8347268,0.10847256,0.056800596,940,1,1
Mombasa,2016-02-01,2016,1,1.0,False,1,0.8728942,0.08309891,0.044006824,940,1,1
Murang'a,2016-02-01,2016,1,1.0,False,1,0.91380924,0.039433625,0.04675712,940,1,1
Nairobi,2016-02-01,2016,1,1.0,False,1,0.8296427,0.10703057,0.06332667,940,1,1
Nakuru,2016-02-01,2016,1,1.0,False,1,0.88272446,0.0629558,0.054319758,940,1,1
Nandi,2016-02-01,2016,1,1.0,False,1,0.9258414,0.03856123,0.035597377,940,1,1
Narok,2016-02-01,2016,1,1.0,False,2,0.12165876,0.72545433,0.15288699,940,1,1
Nyamira,2016-02-01,2016,1,1.0,False,1,0.9179268,0.037487954,0.04458523,940,1,1
Nyandarua,2016-02-01,2016,1,1.0,False,1,0.8736667,0.07266762,0.053665664,940,1,1
Nyeri,2016-02-01,2016,1,1.0,False,1,0.925007,0.037091177,0.037901815,940,1,1
Samburu,2016-02-01,2016,2,2.0,True,2,0.04473043,0.83925724,0.11601232,940,2,1
Siaya,2016-02-01,2016,1,1.0,False,1,0.92342126,0.03962788,0.036950886,940,1,1
Taita Taveta,2016-02-01,2016,1,1.0,False,2,0.09967208,0.84675527,0.05357267,940,1,1
Tana River,2016-02-01,2016,1,2.0,False,2,0.04875615,0.8685827,0.08266106,940,2,1
Tharaka-Nithi,2016-02-01,2016,1,1.0,False,2,0.3794122,0.51905435,0.10153347,940,1,1
Trans Nzoia,2016-02-01,2016,1,1.0,False,1,0.92113125,0.03964635,0.03922233,940,1,1
Turkana,2016-02-01,2016,2,2.0,True,2,0.04712075,0.8746736,0.07820564,940,2,1
Uasin Gishu,2016-02-01,2016,1,1.0,False,1,0.87401026,0.075124785,0.050864924,940,1,1
Vihiga,2016-02-01,2016,1,1.0,False,1,0.92343485,0.03839049,0.038174607,940,1,1
Wajir,2016-02-01,2016,2,2.0,True,2,0.07427085,0.7331754,0.19255376,940,2,1
West Pokot,2016-02-01,2016,1,2.0,False,2,0.07312852,0.8295106,0.09736085,940,2,1
Baringo,2016-06-01,2016,1,1.0,True,2,0.14125277,0.5758594,0.28288782,940,1,1
Bomet,2016-06-01,2016,1,1.0,False,1,0.92409796,0.037924666,0.03797742,940,1,1
Bungoma,2016-06-01,2016,1,1.0,False,1,0.9248275,0.037080076,0.0380924,940,1,1
Busia,2016-06-01,2016,1,1.0,False,1,0.92397225,0.040218648,0.03580914,940,1,1
Elgeyo-Marakwet,2016-06-01,2016,1,1.0,False,1,0.80163777,0.104143724,0.0942185,940,1,1
Embu,2016-06-01,2016,1,1.0,False,2,0.27153146,0.63572925,0.09273928,940,1,1
Garissa,2016-06-01,2016,2,1.0,False,2,0.04999153,0.82344556,0.12656294,940,1,1
Homa Bay,2016-06-01,2016,1,1.0,False,1,0.92067116,0.041087665,0.03824114,940,1,1
Isiolo,2016-06-01,2016,2,2.0,False,2,0.0736768,0.57287407,0.3534491,940,2,1
Kajiado,2016-06-01,2016,1,1.0,False,2,0.052761056,0.88679516,0.060443792,940,1,1
Kakamega,2016-06-01,2016,1,1.0,False,1,0.9234452,0.03857504,0.037979666,940,1,1
Kericho,2016-06-01,2016,1,1.0,False,1,0.9160115,0.038036644,0.045951884,940,1,1
Kiambu,2016-06-01,2016,1,1.0,False,1,0.80552876,0.12561344,0.06885783,940,1,1
Kilifi,2016-06-01,2016,1,1.0,False,2,0.08202076,0.85145,0.06652924,940,1,1
Kirinyaga,2016-06-01,2016,1,1.0,False,1,0.9197506,0.044075098,0.03617438,940,1,1
Kisii,2016-06-01,2016,1,1.0,False,1,0.9236565,0.04091923,0.035424206,940,1,1
Kisumu,2016-06-01,2016,1,1.0,False,1,0.9279261,0.037559904,0.034513973,940,1,1
Kitui,2016-06-01,2016,1,1.0,False,2,0.10650077,0.67249525,0.22100401,940,1,1
Kwale,2016-06-01,2016,1,1.0,False,2,0.06489794,0.8818892,0.053212844,940,1,1
Laikipia,2016-06-01,2016,1,1.0,False,2,0.1144093,0.73296356,0.15262711,940,1,1
Lamu,2016-06-01,2016,1,1.0,False,2,0.10674195,0.83335394,0.0599041,940,1,1
Machakos,2016-06-01,2016,1,1.0,False,2,0.14231049,0.8019715,0.055718068,940,1,1
Makueni,2016-06-01,2016,1,1.0,False,2,0.06900913,0.7709802,0.16001068,940,1,1
Mandera,2016-06-01,2016,2,2.0,False,2,0.08396289,0.73232496,0.18371215,940,2,1
Marsabit,2016-06-01,2016,2,2.0,True,2,0.07320575,0.77403456,0.15275966,940,2,1
Meru,2016-06-01,2016,1,1.0,False,2,0.36998612,0.5694473,0.060566597,940,1,1
Migori,2016-06-01,2016,1,1.0,False,1,0.780008,0.14829944,0.07169255,940,1,1
Mombasa,2016-06-01,2016,1,1.0,False,1,0.8409192,0.0943838,0.06469696,940,1,1
Murang'a,2016-06-01,2016,1,1.0,False,1,0.9263111,0.0390958,0.03459319,940,1,1
Nairobi,2016-06-01,2016,1,1.0,False,1,0.82913506,0.112499356,0.058365565,940,1,1
Nakuru,2016-06-01,2016,1,1.0,False,1,0.8881208,0.0496445,0.062234685,940,1,1
Nandi,2016-06-01,2016,1,1.0,False,1,0.9175046,0.03646862,0.04602679,940,1,1
Narok,2016-06-01,2016,1,1.0,False,2,0.17727488,0.6506083,0.17211686,940,1,1
Nyamira,2016-06-01,2016,1,1.0,False,1,0.9207146,0.03659621,0.04268914,940,1,1
Nyandarua,2016-06-01,2016,1,1.0,False,1,0.89925784,0.05678524,0.043956883,940,1,1
Nyeri,2016-06-01,2016,1,1.0,False,1,0.9237734,0.039893955,0.036332604,940,1,1
Samburu,2016-06-01,2016,2,2.0,True,2,0.055562403,0.7524543,0.19198334,940,2,1
Siaya,2016-06-01,2016,1,1.0,False,1,0.9234801,0.04058423,0.035935614,940,1,1
Taita Taveta,2016-06-01,2016,1,1.0,False,2,0.10229996,0.8294953,0.0682047,940,1,1
Tana River,2016-06-01,2016,2,1.0,False,2,0.045691714,0.707202,0.24710631,940,1,1
Tharaka-Nithi,2016-06-01,2016,1,1.0,False,2,0.26103842,0.64540654,0.09355506,940,1,1
Trans Nzoia,2016-06-01,2016,1,1.0,False,1,0.91822,0.03726669,0.04451334,940,1,1
Turkana,2016-06-01,2016,2,2.0,True,2,0.06722278,0.75367934,0.17909783,940,2,1
Uasin Gishu,2016-06-01,2016,1,1.0,False,1,0.8820739,0.05685303,0.061073136,940,1,1
Vihiga,2016-06-01,2016,1,1.0,False,1,0.9247453,0.040282678,0.034972053,940,1,1
Wajir,2016-06-01,2016,2,2.0,True,2,0.079014055,0.6397785,0.2812074,940,2,1
West Pokot,2016-06-01,2016,1,1.0,False,2,0.076899715,0.814637,0.1084633,940,1,1
Baringo,2016-10-01,2016,1,1.0,True,2,0.07910059,0.8388398,0.082059614,940,1,1
Bomet,2016-10-01,2016,1,1.0,False,1,0.9209448,0.04098316,0.038071994,940,1,1
Bungoma,2016-10-01,2016,1,1.0,False,1,0.9193749,0.042325336,0.038299814,940,1,1
Busia,2016-10-01,2016,1,1.0,False,1,0.8987491,0.04207777,0.059173066,940,1,1
Elgeyo-Marakwet,2016-10-01,2016,1,1.0,False,1,0.60026735,0.31422707,0.08550554,940,1,1
Embu,2016-10-01,2016,1,1.0,False,2,0.3027273,0.57136464,0.1259081,940,1,1
Garissa,2016-10-01,2016,2,2.0,False,3,0.06616152,0.2867137,0.64712477,940,2,1
Homa Bay,2016-10-01,2016,1,1.0,False,1,0.92117995,0.040050134,0.038769934,940,1,1
Isiolo,2016-10-01,2016,2,2.0,False,2,0.063349545,0.72405124,0.21259922,940,2,1
Kajiado,2016-10-01,2016,1,1.0,False,2,0.09107993,0.80085474,0.108065315,940,1,1
Kakamega,2016-10-01,2016,1,1.0,False,1,0.91725594,0.0435624,0.03918166,940,1,1
Kericho,2016-10-01,2016,1,1.0,False,1,0.922245,0.040349934,0.03740505,940,1,1
Kiambu,2016-10-01,2016,1,1.0,False,1,0.8044605,0.12323776,0.07230174,940,1,1
Kilifi,2016-10-01,2016,2,1.0,False,2,0.10290513,0.7738915,0.12320335,940,1,1
Kirinyaga,2016-10-01,2016,1,1.0,False,1,0.92409027,0.038991585,0.03691812,940,1,1
Kisii,2016-10-01,2016,1,1.0,False,1,0.9235515,0.040267058,0.036181405,940,1,1
Kisumu,2016-10-01,2016,1,1.0,False,1,0.9221724,0.040346757,0.037480786,940,1,1
Kitui,2016-10-01,2016,2,1.0,False,2,0.11303658,0.7284405,0.15852292,940,1,1
Kwale,2016-10-01,2016,2,1.0,False,2,0.06385463,0.8821198,0.05402556,940,1,1
Laikipia,2016-10-01,2016,2,1.0,False,2,0.14591356,0.7427862,0.11130021,940,1,1
Lamu,2016-10-01,2016,1,1.0,False,2,0.1567383,0.7532321,0.090029575,940,1,1
Machakos,2016-10-01,2016,1,1.0,False,2,0.29057857,0.6086073,0.100814186,940,1,1
Makueni,2016-10-01,2016,2,1.0,False,2,0.067838036,0.80428624,0.1278757,940,1,1
Mandera,2016-10-01,2016,2,2.0,False,2,0.06754674,0.78626436,0.14618893,940,2,1
Marsabit,2016-10-01,2016,2,2.0,True,2,0.07495816,0.7610889,0.1639529,940,2,1
Meru,2016-10-01,2016,1,1.0,False,2,0.4548695,0.4599007,0.08522979,940,1,1
Migori,2016-10-01,2016,1,1.0,False,1,0.7202392,0.1803985,0.0993623,940,1,1
Mombasa,2016-10-01,2016,1,1.0,False,1,0.83408153,0.09555275,0.07036578,940,1,1
Murang'a,2016-10-01,2016,1,1.0,False,1,0.922463,0.038167655,0.03936938,940,1,1
Nairobi,2016-10-01,2016,1,1.0,False,1,0.82911974,0.10713872,0.06374158,940,1,1
Nakuru,2016-10-01,2016,1,1.0,False,1,0.8731692,0.08010427,0.046726502,940,1,1
Nandi,2016-10-01,2016,1,1.0,False,1,0.9221724,0.040346757,0.037480786,940,1,1
Narok,2016-10-01,2016,1,1.0,False,2,0.11918376,0.7873905,0.09342576,940,1,1
Nyamira,2016-10-01,2016,1,1.0,False,1,0.9246915,0.037706383,0.03760211,940,1,1
Nyandarua,2016-10-01,2016,1,1.0,False,1,0.82159644,0.11303485,0.0653687,940,1,1
Nyeri,2016-10-01,2016,1,1.0,False,1,0.9213486,0.03755763,0.041093744,940,1,1
Samburu,2016-10-01,2016,2,2.0,True,2,0.09006686,0.728916,0.18101715,940,2,1
Siaya,2016-10-01,2016,1,1.0,False,1,0.90480936,0.044495415,0.050695192,940,1,1
Taita Taveta,2016-10-01,2016,2,1.0,False,2,0.16398607,0.7830817,0.052932147,940,1,1
Tana River,2016-10-01,2016,2,2.0,False,2,0.07874268,0.6743523,0.24690501,940,2,1
Tharaka-Nithi,2016-10-01,2016,1,1.0,False,2,0.37928197,0.4743965,0.14632155,940,1,1
Trans Nzoia,2016-10-01,2016,1,1.0,False,1,0.91877633,0.038701937,0.042521726,940,1,1
Turkana,2016-10-01,2016,2,2.0,True,2,0.069892175,0.8390022,0.09110561,940,2,1
Uasin Gishu,2016-10-01,2016,1,1.0,False,1,0.8595065,0.09153075,0.048962742,940,1,1
Vihiga,2016-10-01,2016,1,1.0,False,1,0.92066544,0.040980984,0.038353577,940,1,1
Wajir,2016-10-01,2016,2,2.0,True,2,0.07553387,0.77191436,0.15255177,940,2,1
West Pokot,2016-10-01,2016,2,1.0,False,2,0.10415036,0.8107094,0.08514022,940,1,1
Baringo,2017-02-01,2017,2,1.0,True,3,0.122454345,0.4208435,0.45670208,1081,1,1
Bomet,2017-02-01,2017,1,1.0,False,1,0.94950575,0.027948448,0.022545787,1081,1,1
Bungoma,2017-02-01,2017,1,1.0,False,1,0.92688066,0.034586377,0.038533017,1081,1,1
Busia,2017-02-01,2017,1,1.0,False,1,0.89875835,0.035983693,0.065257944,1081,1,1
Elgeyo-Marakwet,2017-02-01,2017,1,1.0,False,1,0.64860487,0.1892513,0.1621438,1081,1,1
Embu,2017-02-01,2017,2,1.0,False,2,0.17793633,0.7462551,0.0758086,1081,1,1
Garissa,2017-02-01,2017,3,2.0,False,2,0.031716596,0.79565024,0.17263316,1081,2,1
Homa Bay,2017-02-01,2017,1,1.0,False,1,0.948174,0.027763717,0.024062362,1081,1,1
Isiolo,2017-02-01,2017,2,2.0,False,2,0.04418148,0.4954513,0.46036717,1081,2,1
Kajiado,2017-02-01,2017,2,1.0,False,2,0.09861392,0.8228092,0.07857687,1081,1,1
Kakamega,2017-02-01,2017,1,1.0,False,1,0.906446,0.035535105,0.058018886,1081,1,1
Kericho,2017-02-01,2017,1,1.0,False,1,0.92164713,0.03295035,0.045402538,1081,1,1
Kiambu,2017-02-01,2017,1,1.0,False,1,0.7941402,0.13425614,0.07160364,1081,1,1
Kilifi,2017-02-01,2017,2,2.0,False,2,0.091741376,0.82685673,0.08140192,1081,2,1
Kirinyaga,2017-02-01,2017,1,1.0,False,1,0.9531583,0.027111912,0.019729782,1081,1,1
Kisii,2017-02-01,2017,1,1.0,False,1,0.95118296,0.026609302,0.022207782,1081,1,1
Kisumu,2017-02-01,2017,1,1.0,False,1,0.92064685,0.03218269,0.04717047,1081,1,1
Kitui,2017-02-01,2017,2,2.0,False,2,0.057023272,0.6351331,0.30784366,1081,2,1
Kwale,2017-02-01,2017,2,2.0,False,2,0.05090296,0.90172064,0.0473764,1081,2,1
Laikipia,2017-02-01,2017,2,2.0,False,2,0.05270987,0.78149414,0.16579597,1081,2,1
Lamu,2017-02-01,2017,3,1.0,False,2,0.120675094,0.74826974,0.1310552,1081,1,1
Machakos,2017-02-01,2017,2,1.0,False,2,0.16450417,0.7173934,0.11810246,1081,1,1
Makueni,2017-02-01,2017,2,2.0,False,2,0.05486259,0.82403046,0.1211069,1081,2,1
Mandera,2017-02-01,2017,3,2.0,False,3,0.05180355,0.45058513,0.4976113,1081,2,1
Marsabit,2017-02-01,2017,3,2.0,True,3,0.043573484,0.23218675,0.72423977,1081,2,1
Meru,2017-02-01,2017,2,1.0,False,1,0.50486106,0.41385686,0.08128209,1081,1,1
Migori,2017-02-01,2017,1,1.0,False,1,0.8307766,0.0997148,0.06950864,1081,1,1
Mombasa,2017-02-01,2017,1,1.0,False,1,0.82281154,0.067599684,0.10958875,1081,1,1
Murang'a,2017-02-01,2017,1,1.0,False,1,0.9529458,0.027493762,0.019560382,1081,1,1
Nairobi,2017-02-01,2017,1,1.0,False,1,0.8161091,0.105301,0.078589834,1081,1,1
Nakuru,2017-02-01,2017,1,1.0,False,1,0.8328469,0.08363849,0.08351462,1081,1,1
Nandi,2017-02-01,2017,1,1.0,False,1,0.9190909,0.034325514,0.046583567,1081,1,1
Narok,2017-02-01,2017,2,1.0,False,2,0.12611397,0.64344335,0.23044272,1081,1,1
Nyamira,2017-02-01,2017,1,1.0,False,1,0.9506022,0.02634924,0.023048535,1081,1,1
Nyandarua,2017-02-01,2017,1,1.0,False,1,0.8392641,0.10469465,0.05604129,1081,1,1
Nyeri,2017-02-01,2017,1,1.0,False,1,0.9336231,0.032359365,0.034017533,1081,1,1
Samburu,2017-02-01,2017,3,2.0,True,2,0.030490259,0.7342713,0.23523848,1081,2,1
Siaya,2017-02-01,2017,1,1.0,False,1,0.9140669,0.032794736,0.053138345,1081,1,1
Taita Taveta,2017-02-01,2017,2,2.0,False,2,0.103670284,0.84212583,0.054203868,1081,2,1
Tana River,2017-02-01,2017,3,2.0,False,2,0.034348704,0.8208927,0.14475861,1081,2,1
Tharaka-Nithi,2017-02-01,2017,2,1.0,False,2,0.1577135,0.6777843,0.16450219,1081,1,1
Trans Nzoia,2017-02-01,2017,1,1.0,False,1,0.9449454,0.027912771,0.0271418,1081,1,1
Turkana,2017-02-01,2017,2,2.0,True,3,0.035316914,0.35934958,0.6053335,1081,2,1
Uasin Gishu,2017-02-01,2017,1,1.0,False,1,0.85028136,0.09143156,0.058287058,1081,1,1
Vihiga,2017-02-01,2017,1,1.0,False,1,0.9176013,0.03369333,0.04870537,1081,1,1
Wajir,2017-02-01,2017,3,2.0,True,2,0.052458566,0.50947624,0.4380652,1081,2,1
West Pokot,2017-02-01,2017,3,2.0,False,2,0.08758271,0.5092926,0.40312466,1081,2,1
Baringo,2017-06-01,2017,2,2.0,True,2,0.15118325,0.44482052,0.40399617,1081,2,1
Bomet,2017-06-01,2017,1,1.0,False,1,0.9465426,0.03177233,0.021685002,1081,1,1
Bungoma,2017-06-01,2017,1,1.0,False,1,0.9520084,0.024089802,0.023901736,1081,1,1
Busia,2017-06-01,2017,1,1.0,False,1,0.95485735,0.02100301,0.024139663,1081,1,1
Elgeyo-Marakwet,2017-06-01,2017,1,1.0,False,1,0.6835799,0.22050358,0.09591644,1081,1,1
Embu,2017-06-01,2017,2,2.0,False,2,0.16630712,0.67450905,0.1591838,1081,2,1
Garissa,2017-06-01,2017,3,3.0,False,2,0.03699695,0.72165054,0.24135253,1081,3,1
Homa Bay,2017-06-01,2017,1,1.0,False,1,0.95802766,0.020834217,0.021138133,1081,1,1
Isiolo,2017-06-01,2017,3,2.0,False,3,0.022234146,0.03501544,0.9427504,1081,2,1
Kajiado,2017-06-01,2017,2,2.0,False,3,0.09266032,0.41806164,0.48927802,1081,2,1
Kakamega,2017-06-01,2017,1,1.0,False,1,0.9564668,0.022832168,0.02070097,1081,1,1
Kericho,2017-06-01,2017,1,1.0,False,1,0.95413405,0.026956214,0.018909708,1081,1,1
Kiambu,2017-06-01,2017,1,1.0,False,1,0.78529674,0.117828436,0.09687486,1081,1,1
Kilifi,2017-06-01,2017,3,2.0,False,2,0.08205628,0.8572119,0.060731795,1081,2,1
Kirinyaga,2017-06-01,2017,1,1.0,False,1,0.93175244,0.032610394,0.0356372,1081,1,1
Kisii,2017-06-01,2017,1,1.0,False,1,0.9487422,0.030965377,0.020292373,1081,1,1
Kisumu,2017-06-01,2017,1,1.0,False,1,0.95525175,0.021814357,0.022933934,1081,1,1
Kitui,2017-06-01,2017,2,2.0,False,3,0.07112205,0.34663916,0.5822388,1081,2,1
Kwale,2017-06-01,2017,2,2.0,False,2,0.06638477,0.88316613,0.050449055,1081,2,1
Laikipia,2017-06-01,2017,2,2.0,False,2,0.05982412,0.6982081,0.2419678,1081,2,1
Lamu,2017-06-01,2017,2,3.0,False,2,0.1513187,0.76167613,0.087005176,1081,3,1
Machakos,2017-06-01,2017,2,2.0,False,2,0.2589232,0.42455253,0.31652424,1081,2,1
Makueni,2017-06-01,2017,2,2.0,False,3,0.05135598,0.2795017,0.66914237,1081,2,1
Mandera,2017-06-01,2017,2,3.0,False,2,0.04230841,0.6341895,0.3235021,1081,3,1
Marsabit,2017-06-01,2017,3,3.0,True,3,0.057454973,0.43295205,0.509593,1081,3,1
Meru,2017-06-01,2017,2,2.0,False,2,0.4185621,0.45292145,0.12851642,1081,2,1
Migori,2017-06-01,2017,1,1.0,False,1,0.8812799,0.0851058,0.03361428,1081,1,1
Mombasa,2017-06-01,2017,1,1.0,False,1,0.87074155,0.07452828,0.054730248,1081,1,1
Murang'a,2017-06-01,2017,1,1.0,False,1,0.93872994,0.028514676,0.032755353,1081,1,1
Nairobi,2017-06-01,2017,1,1.0,False,1,0.78848636,0.09986322,0.111650385,1081,1,1
Nakuru,2017-06-01,2017,1,1.0,False,1,0.8397332,0.07693628,0.08333052,1081,1,1
Nandi,2017-06-01,2017,1,1.0,False,1,0.95604974,0.02254053,0.02140975,1081,1,1
Narok,2017-06-01,2017,2,2.0,False,2,0.24627846,0.60260314,0.15111843,1081,2,1
Nyamira,2017-06-01,2017,1,1.0,False,1,0.9490461,0.030323053,0.020630848,1081,1,1
Nyandarua,2017-06-01,2017,1,1.0,False,1,0.8270664,0.11255884,0.060374722,1081,1,1
Nyeri,2017-06-01,2017,1,1.0,False,1,0.93550754,0.030663112,0.033829402,1081,1,1
Samburu,2017-06-01,2017,2,3.0,True,2,0.04045217,0.75906944,0.2004784,1081,3,1
Siaya,2017-06-01,2017,1,1.0,False,1,0.9550074,0.02089941,0.024093231,1081,1,1
Taita Taveta,2017-06-01,2017,2,2.0,False,2,0.12844758,0.8050133,0.066539094,1081,2,1
Tana River,2017-06-01,2017,2,3.0,False,2,0.043380167,0.5709518,0.385668,1081,3,1
Tharaka-Nithi,2017-06-01,2017,2,2.0,False,2,0.13886528,0.6548964,0.20623836,1081,2,1
Trans Nzoia,2017-06-01,2017,1,1.0,False,1,0.95040715,0.024476066,0.025116784,1081,1,1
Turkana,2017-06-01,2017,3,2.0,True,3,0.03511658,0.3149472,0.64993626,1081,2,1
Uasin Gishu,2017-06-01,2017,1,1.0,False,1,0.8718799,0.081151575,0.046968553,1081,1,1
Vihiga,2017-06-01,2017,1,1.0,False,1,0.9551146,0.023791442,0.021094022,1081,1,1
Wajir,2017-06-01,2017,2,3.0,True,2,0.048947886,0.71940964,0.23164248,1081,3,1
West Pokot,2017-06-01,2017,3,3.0,False,2,0.07559452,0.75175107,0.17265444,1081,3,1
Baringo,2017-10-01,2017,2,2.0,True,2,0.17608319,0.47688726,0.34702954,1081,2,1
Bomet,2017-10-01,2017,1,1.0,False,1,0.95134485,0.02313517,0.025519993,1081,1,1
Bungoma,2017-10-01,2017,1,1.0,False,1,0.95000243,0.022435954,0.02756159,1081,1,1
Busia,2017-10-01,2017,1,1.0,False,1,0.95157754,0.022778308,0.025644198,1081,1,1
Elgeyo-Marakwet,2017-10-01,2017,1,1.0,False,1,0.8556516,0.0833589,0.060989477,1081,1,1
Embu,2017-10-01,2017,2,2.0,False,2,0.28480926,0.36915046,0.34604028,1081,2,1
Garissa,2017-10-01,2017,2,3.0,False,2,0.054656718,0.8287013,0.11664195,1081,3,1
Homa Bay,2017-10-01,2017,1,1.0,False,1,0.95157367,0.021021683,0.027404718,1081,1,1
Isiolo,2017-10-01,2017,3,3.0,False,3,0.032886874,0.062832884,0.90428025,1081,3,1
Kajiado,2017-10-01,2017,2,2.0,False,3,0.112225406,0.3788377,0.5089369,1081,2,1
Kakamega,2017-10-01,2017,1,1.0,False,1,0.95577556,0.020743607,0.023480833,1081,1,1
Kericho,2017-10-01,2017,1,1.0,False,1,0.9537568,0.021432785,0.024810346,1081,1,1
Kiambu,2017-10-01,2017,1,1.0,False,1,0.8029759,0.094572075,0.10245204,1081,1,1
Kilifi,2017-10-01,2017,2,3.0,False,2,0.14611886,0.78468925,0.06919194,1081,3,1
Kirinyaga,2017-10-01,2017,1,1.0,False,1,0.95089084,0.02391245,0.02519664,1081,1,1
Kisii,2017-10-01,2017,1,1.0,False,1,0.95583034,0.020864857,0.023304833,1081,1,1
Kisumu,2017-10-01,2017,1,1.0,False,1,0.95362496,0.025717577,0.020657392,1081,1,1
Kitui,2017-10-01,2017,2,2.0,False,3,0.045964994,0.27840057,0.67563444,1081,2,1
Kwale,2017-10-01,2017,2,2.0,False,2,0.09790835,0.86239433,0.03969735,1081,2,1
Laikipia,2017-10-01,2017,3,2.0,False,2,0.14475916,0.56630456,0.28893623,1081,2,1
Lamu,2017-10-01,2017,2,2.0,False,2,0.29335934,0.6440332,0.06260751,1081,2,1
Machakos,2017-10-01,2017,1,2.0,False,2,0.31013256,0.45164678,0.23822068,1081,2,1
Makueni,2017-10-01,2017,2,2.0,False,2,0.07447881,0.6863975,0.2391237,1081,2,1
Mandera,2017-10-01,2017,3,2.0,False,2,0.055283535,0.5056929,0.43902358,1081,2,1
Marsabit,2017-10-01,2017,3,3.0,True,3,0.04549802,0.4481498,0.5063521,1081,3,1
Meru,2017-10-01,2017,1,2.0,False,1,0.5673737,0.36457148,0.06805477,1081,2,1
Migori,2017-10-01,2017,1,1.0,False,1,0.8347857,0.093861125,0.07135314,1081,1,1
Mombasa,2017-10-01,2017,1,1.0,False,1,0.87799853,0.070392065,0.05160942,1081,1,1
Murang'a,2017-10-01,2017,1,1.0,False,1,0.94959897,0.022540726,0.027860306,1081,1,1
Nairobi,2017-10-01,2017,1,1.0,False,1,0.83647275,0.07889698,0.08463025,1081,1,1
Nakuru,2017-10-01,2017,1,1.0,False,1,0.90138435,0.03557004,0.063045666,1081,1,1
Nandi,2017-10-01,2017,1,1.0,False,1,0.9524837,0.022360502,0.025155824,1081,1,1
Narok,2017-10-01,2017,2,2.0,False,3,0.12899694,0.28498286,0.5860202,1081,2,1
Nyamira,2017-10-01,2017,1,1.0,False,1,0.9546414,0.023338504,0.02202007,1081,1,1
Nyandarua,2017-10-01,2017,1,1.0,False,1,0.9373135,0.03153905,0.031147495,1081,1,1
Nyeri,2017-10-01,2017,1,1.0,False,1,0.95224756,0.023457227,0.02429519,1081,1,1
Samburu,2017-10-01,2017,3,2.0,True,3,0.057215434,0.41153294,0.53125167,1081,2,1
Siaya,2017-10-01,2017,1,1.0,False,1,0.9502577,0.02232321,0.027419068,1081,1,1
Taita Taveta,2017-10-01,2017,2,2.0,False,2,0.3192431,0.6145329,0.06622404,1081,2,1
Tana River,2017-10-01,2017,3,2.0,False,3,0.060241524,0.42823848,0.51151997,1081,2,1
Tharaka-Nithi,2017-10-01,2017,2,2.0,False,2,0.21845633,0.4572327,0.32431093,1081,2,1
Trans Nzoia,2017-10-01,2017,1,1.0,False,1,0.9479224,0.021880617,0.030196985,1081,1,1
Turkana,2017-10-01,2017,2,3.0,True,2,0.07236122,0.5351249,0.39251384,1081,3,1
Uasin Gishu,2017-10-01,2017,1,1.0,False,1,0.9139333,0.05498937,0.03107739,1081,1,1
Vihiga,2017-10-01,2017,1,1.0,False,1,0.9577717,0.020367716,0.02186055,1081,1,1
Wajir,2017-10-01,2017,3,2.0,True,3,0.04985835,0.38892916,0.56121254,1081,2,1
West Pokot,2017-10-01,2017,1,3.0,False,2,0.15505908,0.53503436,0.30990657,1081,3,1
Baringo,2018-02-01,2018,1,2.0,True,2,0.23551363,0.74637735,0.018108996,1222,2,1
Bomet,2018-02-01,2018,1,1.0,False,1,0.99103105,0.0065631242,0.0024058158,1222,1,1
Bungoma,2018-02-01,2018,1,1.0,False,1,0.989838,0.0066469475,0.003514996,1222,1,1
Busia,2018-02-01,2018,1,1.0,False,1,0.98683506,0.007567066,0.0055978405,1222,1,1
Elgeyo-Marakwet,2018-02-01,2018,1,1.0,False,1,0.7815732,0.21097814,0.0074486537,1222,1,1
Embu,2018-02-01,2018,2,2.0,False,2,0.34361878,0.5945373,0.061843943,1222,2,1
Garissa,2018-02-01,2018,3,2.0,False,2,0.03376722,0.5745799,0.39165285,1222,2,1
Homa Bay,2018-02-01,2018,1,1.0,False,1,0.9872721,0.008755233,0.003972744,1222,1,1
Isiolo,2018-02-01,2018,3,3.0,False,3,0.008224452,0.036230817,0.95554477,1222,3,1
Kajiado,2018-02-01,2018,3,2.0,False,2,0.117955334,0.7194284,0.16261627,1222,2,1
Kakamega,2018-02-01,2018,1,1.0,False,1,0.9898561,0.006745605,0.0033982426,1222,1,1
Kericho,2018-02-01,2018,1,1.0,False,1,0.9897718,0.0074607367,0.0027674634,1222,1,1
Kiambu,2018-02-01,2018,1,1.0,False,1,0.96011716,0.03214956,0.0077332505,1222,1,1
Kilifi,2018-02-01,2018,2,2.0,False,2,0.12362339,0.86679804,0.009578607,1222,2,1
Kirinyaga,2018-02-01,2018,1,1.0,False,1,0.9900648,0.0074480246,0.0024872047,1222,1,1
Kisii,2018-02-01,2018,1,1.0,False,1,0.9887378,0.008186529,0.003075578,1222,1,1
Kisumu,2018-02-01,2018,1,1.0,False,1,0.98794425,0.007928973,0.004126726,1222,1,1
Kitui,2018-02-01,2018,2,2.0,False,3,0.024617875,0.061027117,0.914355,1222,2,1
Kwale,2018-02-01,2018,1,2.0,False,2,0.2204207,0.77212197,0.007457305,1222,2,1
Laikipia,2018-02-01,2018,2,3.0,False,2,0.19006515,0.7879187,0.022016194,1222,3,1
Lamu,2018-02-01,2018,2,2.0,False,2,0.28664806,0.6927676,0.020584363,1222,2,1
Machakos,2018-02-01,2018,1,1.0,False,2,0.31916347,0.63945377,0.041382726,1222,1,1
Makueni,2018-02-01,2018,2,2.0,False,2,0.08396075,0.75938785,0.15665141,1222,2,1
Mandera,2018-02-01,2018,3,3.0,False,2,0.037797835,0.85712135,0.105080836,1222,3,1
Marsabit,2018-02-01,2018,2,3.0,True,2,0.05140887,0.7759528,0.17263827,1222,3,1
Meru,2018-02-01,2018,1,1.0,False,1,0.68221706,0.3029431,0.014839856,1222,1,1
Migori,2018-02-01,2018,1,1.0,False,1,0.96577346,0.026879732,0.007346758,1222,1,1
Mombasa,2018-02-01,2018,1,1.0,False,1,0.97799414,0.017696027,0.004309852,1222,1,1
Murang'a,2018-02-01,2018,1,1.0,False,1,0.9880607,0.008596455,0.003342853,1222,1,1
Nairobi,2018-02-01,2018,1,1.0,False,1,0.96830875,0.024804156,0.006887034,1222,1,1
Nakuru,2018-02-01,2018,1,1.0,False,1,0.9758922,0.019382212,0.0047256043,1222,1,1
Nandi,2018-02-01,2018,1,1.0,False,1,0.9898004,0.0075316094,0.0026679204,1222,1,1
Narok,2018-02-01,2018,2,2.0,False,2,0.32844222,0.6340792,0.037478577,1222,2,1
Nyamira,2018-02-01,2018,1,1.0,False,1,0.9901092,0.0070898347,0.0028010304,1222,1,1
Nyandarua,2018-02-01,2018,1,1.0,False,1,0.98115206,0.0155500835,0.0032978822,1222,1,1
Nyeri,2018-02-01,2018,1,1.0,False,1,0.98757255,0.009213043,0.0032144554,1222,1,1
Samburu,2018-02-01,2018,2,3.0,True,2,0.0137684895,0.9631675,0.023064034,1222,3,1
Siaya,2018-02-01,2018,1,1.0,False,1,0.98659074,0.0077261496,0.005683101,1222,1,1
Taita Taveta,2018-02-01,2018,2,2.0,False,2,0.2027866,0.77374774,0.023465684,1222,2,1
Tana River,2018-02-01,2018,2,3.0,False,2,0.032815404,0.5743269,0.3928577,1222,3,1
Tharaka-Nithi,2018-02-01,2018,2,2.0,False,2,0.37776983,0.50592697,0.11630318,1222,2,1
Trans Nzoia,2018-02-01,2018,1,1.0,False,1,0.98830765,0.008100265,0.003592139,1222,1,1
Turkana,2018-02-01,2018,3,2.0,True,2,0.015533214,0.97072464,0.01374217,1222,2,1
Uasin Gishu,2018-02-01,2018,1,1.0,False,1,0.9794571,0.01662883,0.003914067,1222,1,1
Vihiga,2018-02-01,2018,1,1.0,False,1,0.9880376,0.008500273,0.0034621747,1222,1,1
Wajir,2018-02-01,2018,2,3.0,True,2,0.02724168,0.86872417,0.10403421,1222,3,1
West Pokot,2018-02-01,2018,2,1.0,False,2,0.14316237,0.84084654,0.015991116,1222,1,1
Baringo,2018-06-01,2018,1,1.0,True,2,0.24651414,0.54121786,0.212268,1222,1,1
Bomet,2018-06-01,2018,1,1.0,False,1,0.99208236,0.0052839248,0.0026337,1222,1,1
Bungoma,2018-06-01,2018,1,1.0,False,1,0.9913043,0.0060140262,0.0026817373,1222,1,1
Busia,2018-06-01,2018,1,1.0,False,1,0.99122214,0.004621006,0.004156895,1222,1,1
Elgeyo-Marakwet,2018-06-01,2018,1,1.0,False,1,0.9537802,0.036925893,0.0092939045,1222,1,1
Embu,2018-06-01,2018,1,2.0,False,2,0.39162126,0.569784,0.03859476,1222,2,1
Garissa,2018-06-01,2018,1,3.0,False,2,0.07347345,0.6021365,0.32439005,1222,3,1
Homa Bay,2018-06-01,2018,1,1.0,False,1,0.9930019,0.004372422,0.0026256908,1222,1,1
Isiolo,2018-06-01,2018,1,3.0,False,3,0.03631208,0.25159594,0.712092,1222,3,1
Kajiado,2018-06-01,2018,1,3.0,False,2,0.2032519,0.56160915,0.23513897,1222,3,1
Kakamega,2018-06-01,2018,1,1.0,False,1,0.98992807,0.005676103,0.004395821,1222,1,1
Kericho,2018-06-01,2018,1,1.0,False,1,0.99170697,0.005033482,0.0032595817,1222,1,1
Kiambu,2018-06-01,2018,1,1.0,False,1,0.96222454,0.02876522,0.009010245,1222,1,1
Kilifi,2018-06-01,2018,1,2.0,False,2,0.35243055,0.6234522,0.024117302,1222,2,1
Kirinyaga,2018-06-01,2018,1,1.0,False,1,0.9912914,0.006043892,0.0026647008,1222,1,1
Kisii,2018-06-01,2018,1,1.0,False,1,0.99258983,0.005024133,0.0023859974,1222,1,1
Kisumu,2018-06-01,2018,1,1.0,False,1,0.9913291,0.006101975,0.0025688766,1222,1,1
Kitui,2018-06-01,2018,1,2.0,False,3,0.15509085,0.3236629,0.5212462,1222,2,1
Kwale,2018-06-01,2018,1,1.0,False,2,0.13428107,0.85549176,0.010227199,1222,1,1
Laikipia,2018-06-01,2018,1,2.0,False,3,0.1540794,0.3500113,0.49590933,1222,2,1
Lamu,2018-06-01,2018,1,2.0,False,1,0.59635234,0.37573197,0.0279157,1222,2,1
Machakos,2018-06-01,2018,1,1.0,False,2,0.35242394,0.47756436,0.17001171,1222,1,1
Makueni,2018-06-01,2018,1,2.0,False,2,0.15432706,0.4673199,0.3783531,1222,2,1
Mandera,2018-06-01,2018,1,3.0,False,3,0.05377067,0.44830856,0.49792072,1222,3,1
Marsabit,2018-06-01,2018,1,2.0,True,3,0.04895419,0.36881512,0.5822306,1222,2,1
Meru,2018-06-01,2018,1,1.0,False,1,0.84465504,0.14668214,0.008662838,1222,1,1
Migori,2018-06-01,2018,1,1.0,False,1,0.977747,0.017198397,0.005054584,1222,1,1
Mombasa,2018-06-01,2018,1,1.0,False,1,0.97867614,0.016812032,0.0045118015,1222,1,1
Murang'a,2018-06-01,2018,1,1.0,False,1,0.98839605,0.0077340077,0.00387002,1222,1,1
Nairobi,2018-06-01,2018,1,1.0,False,1,0.978872,0.015884018,0.0052440404,1222,1,1
Nakuru,2018-06-01,2018,1,1.0,False,1,0.98155874,0.01000224,0.008439076,1222,1,1
Nandi,2018-06-01,2018,1,1.0,False,1,0.9907741,0.006476849,0.0027490926,1222,1,1
Narok,2018-06-01,2018,1,2.0,False,1,0.41977125,0.38951612,0.19071259,1222,2,1
Nyamira,2018-06-01,2018,1,1.0,False,1,0.9928712,0.0047524874,0.0023762563,1222,1,1
Nyandarua,2018-06-01,2018,1,1.0,False,1,0.98726267,0.008872996,0.0038643584,1222,1,1
Nyeri,2018-06-01,2018,1,1.0,False,1,0.99156606,0.0054330793,0.0030009178,1222,1,1
Samburu,2018-06-01,2018,1,2.0,True,2,0.019304978,0.9266871,0.05400791,1222,2,1
Siaya,2018-06-01,2018,1,1.0,False,1,0.99144626,0.004714739,0.0038389987,1222,1,1
Taita Taveta,2018-06-01,2018,1,2.0,False,1,0.54507774,0.42200992,0.032912347,1222,2,1
Tana River,2018-06-01,2018,1,2.0,False,2,0.06866477,0.7321457,0.19918947,1222,2,1
Tharaka-Nithi,2018-06-01,2018,1,2.0,False,1,0.5126067,0.45232657,0.035066757,1222,2,1
Trans Nzoia,2018-06-01,2018,1,1.0,False,1,0.99149734,0.0060843183,0.0024183567,1222,1,1
Turkana,2018-06-01,2018,1,3.0,True,2,0.043804713,0.4881636,0.4680317,1222,3,1
Uasin Gishu,2018-06-01,2018,1,1.0,False,1,0.9851562,0.010170019,0.0046737627,1222,1,1
Vihiga,2018-06-01,2018,1,1.0,False,1,0.9895835,0.0058975285,0.0045189573,1222,1,1
Wajir,2018-06-01,2018,2,2.0,True,3,0.032489356,0.29973182,0.66777885,1222,2,1
West Pokot,2018-06-01,2018,1,2.0,False,2,0.1630157,0.74548453,0.09149979,1222,2,1
Baringo,2018-12-01,2018,1,1.0,True,2,0.23329331,0.734318,0.03238872,1222,1,1
Bomet,2018-12-01,2018,1,1.0,False,1,0.98935765,0.007813315,0.0028290586,1222,1,1
Bungoma,2018-12-01,2018,1,1.0,False,1,0.9889787,0.008096892,0.002924455,1222,1,1
Busia,2018-12-01,2018,1,1.0,False,1,0.97940123,0.01443204,0.0061666616,1222,1,1
Elgeyo-Marakwet,2018-12-01,2018,1,1.0,False,1,0.87758505,0.11477959,0.0076354183,1222,1,1
Embu,2018-12-01,2018,1,1.0,False,2,0.37547857,0.5857161,0.038805254,1222,1,1
Garissa,2018-12-01,2018,2,1.0,False,2,0.024825277,0.91224706,0.0629277,1222,1,1
Homa Bay,2018-12-01,2018,1,1.0,False,1,0.98768485,0.009130045,0.0031851262,1222,1,1
Isiolo,2018-12-01,2018,2,1.0,False,2,0.033871237,0.6707095,0.29541928,1222,1,1
Kajiado,2018-12-01,2018,1,1.0,False,2,0.13491084,0.82853967,0.036549494,1222,1,1
Kakamega,2018-12-01,2018,1,1.0,False,1,0.9833482,0.011615665,0.0050362092,1222,1,1
Kericho,2018-12-01,2018,1,1.0,False,1,0.9905179,0.0069673825,0.0025146597,1222,1,1
Kiambu,2018-12-01,2018,1,1.0,False,1,0.9643899,0.029044641,0.006565363,1222,1,1
Kilifi,2018-12-01,2018,1,1.0,False,2,0.16174772,0.8244965,0.013755755,1222,1,1
Kirinyaga,2018-12-01,2018,1,1.0,False,1,0.99062496,0.0060914652,0.003283657,1222,1,1
Kisii,2018-12-01,2018,1,1.0,False,1,0.99072284,0.0068560536,0.0024210394,1222,1,1
Kisumu,2018-12-01,2018,1,1.0,False,1,0.9882597,0.009363112,0.0023772623,1222,1,1
Kitui,2018-12-01,2018,1,1.0,False,2,0.0774611,0.5359953,0.3865436,1222,1,1
Kwale,2018-12-01,2018,1,1.0,False,2,0.18193614,0.79974955,0.018314341,1222,1,1
Laikipia,2018-12-01,2018,1,1.0,False,2,0.11714363,0.8510769,0.031779483,1222,1,1
Lamu,2018-12-01,2018,2,1.0,False,2,0.363943,0.6151012,0.020955754,1222,1,1
Machakos,2018-12-01,2018,1,1.0,False,2,0.37211668,0.5878298,0.040053494,1222,1,1
Makueni,2018-12-01,2018,2,1.0,False,2,0.047801945,0.899366,0.052832037,1222,1,1
Mandera,2018-12-01,2018,2,1.0,False,2,0.014502954,0.942512,0.04298512,1222,1,1
Marsabit,2018-12-01,2018,2,1.0,True,2,0.017935656,0.91153145,0.070532896,1222,1,1
Meru,2018-12-01,2018,1,1.0,False,1,0.6386484,0.3500523,0.011299307,1222,1,1
Migori,2018-12-01,2018,1,1.0,False,1,0.9285439,0.05677305,0.014682986,1222,1,1
Mombasa,2018-12-01,2018,1,1.0,False,1,0.97361946,0.02055992,0.00582056,1222,1,1
Murang'a,2018-12-01,2018,1,1.0,False,1,0.9910381,0.006122313,0.0028396356,1222,1,1
Nairobi,2018-12-01,2018,1,1.0,False,1,0.9654817,0.026073586,0.008444732,1222,1,1
Nakuru,2018-12-01,2018,1,1.0,False,1,0.97303605,0.02228276,0.0046812436,1222,1,1
Nandi,2018-12-01,2018,1,1.0,False,1,0.9910156,0.006342481,0.0026419533,1222,1,1
Narok,2018-12-01,2018,1,1.0,False,1,0.57477367,0.4006812,0.024545096,1222,1,1
Nyamira,2018-12-01,2018,1,1.0,False,1,0.9895244,0.007792633,0.0026829182,1222,1,1
Nyandarua,2018-12-01,2018,1,1.0,False,1,0.9778822,0.018209152,0.0039086444,1222,1,1
Nyeri,2018-12-01,2018,1,1.0,False,1,0.9919362,0.0056370813,0.002426683,1222,1,1
Samburu,2018-12-01,2018,2,1.0,True,2,0.015865942,0.92604065,0.058093403,1222,1,1
Siaya,2018-12-01,2018,1,1.0,False,1,0.98475325,0.010551468,0.0046952064,1222,1,1
Taita Taveta,2018-12-01,2018,1,1.0,False,2,0.369937,0.61892015,0.011142842,1222,1,1
Tana River,2018-12-01,2018,2,1.0,False,2,0.03014872,0.86355007,0.106301285,1222,1,1
Tharaka-Nithi,2018-12-01,2018,1,1.0,False,2,0.39176077,0.46011788,0.14812131,1222,1,1
Trans Nzoia,2018-12-01,2018,1,1.0,False,1,0.9918098,0.005837484,0.00235269,1222,1,1
Turkana,2018-12-01,2018,2,1.0,True,2,0.01122786,0.9634788,0.025293399,1222,1,1
Uasin Gishu,2018-12-01,2018,1,1.0,False,1,0.9830493,0.013388415,0.0035623058,1222,1,1
Vihiga,2018-12-01,2018,1,1.0,False,1,0.98959863,0.007699222,0.002702176,1222,1,1
Wajir,2018-12-01,2018,2,2.0,True,2,0.013716311,0.9459788,0.040304888,1222,2,1
West Pokot,2018-12-01,2018,2,1.0,False,2,0.13751917,0.82850933,0.03397151,1222,1,1
Baringo,2019-02-01,2019,1,1.0,True,2,0.11295372,0.8248002,0.06224609,1363,1,1
Bomet,2019-02-01,2019,1,1.0,False,1,0.96627945,0.017777564,0.015943047,1363,1,1
Bungoma,2019-02-01,2019,1,1.0,False,1,0.9575489,0.022621872,0.019829221,1363,1,1
Busia,2019-02-01,2019,1,1.0,False,1,0.9618513,0.020688822,0.01745995,1363,1,1
Elgeyo-Marakwet,2019-02-01,2019,1,1.0,False,1,0.6040782,0.3593009,0.036620915,1363,1,1
Embu,2019-02-01,2019,1,1.0,False,2,0.29089805,0.64307934,0.0660226,1363,1,1
Garissa,2019-02-01,2019,2,2.0,False,2,0.03513453,0.67496395,0.28990147,1363,2,1
Homa Bay,2019-02-01,2019,1,1.0,False,1,0.9656335,0.018814785,0.015551729,1363,1,1
Isiolo,2019-02-01,2019,2,2.0,False,2,0.035360992,0.61808264,0.34655637,1363,2,1
Kajiado,2019-02-01,2019,2,1.0,False,2,0.13685936,0.8238883,0.039252356,1363,1,1
Kakamega,2019-02-01,2019,1,1.0,False,1,0.962204,0.021029262,0.016766721,1363,1,1
Kericho,2019-02-01,2019,1,1.0,False,1,0.96497536,0.018970864,0.01605376,1363,1,1
Kiambu,2019-02-01,2019,1,1.0,False,1,0.89210176,0.07631915,0.031579062,1363,1,1
Kilifi,2019-02-01,2019,2,1.0,False,2,0.22937812,0.73485726,0.035764623,1363,1,1
Kirinyaga,2019-02-01,2019,1,1.0,False,1,0.970015,0.016341012,0.013644055,1363,1,1
Kisii,2019-02-01,2019,1,1.0,False,1,0.9684775,0.017343339,0.014179249,1363,1,1
Kisumu,2019-02-01,2019,1,1.0,False,1,0.9645988,0.018394144,0.017007086,1363,1,1
Kitui,2019-02-01,2019,2,1.0,False,2,0.07265918,0.6411042,0.28623664,1363,1,1
Kwale,2019-02-01,2019,2,1.0,False,2,0.16351055,0.80828094,0.028208464,1363,1,1
Laikipia,2019-02-01,2019,2,1.0,False,2,0.1008827,0.713117,0.18600026,1363,1,1
Lamu,2019-02-01,2019,2,2.0,False,2,0.21992046,0.7308339,0.049245656,1363,2,1
Machakos,2019-02-01,2019,1,1.0,False,2,0.19559185,0.7392833,0.065124825,1363,1,1
Makueni,2019-02-01,2019,2,2.0,False,2,0.12274498,0.7380354,0.13921964,1363,2,1
Mandera,2019-02-01,2019,2,2.0,False,2,0.04473661,0.8744987,0.08076468,1363,2,1
Marsabit,2019-02-01,2019,2,2.0,True,3,0.034404334,0.42198786,0.5436078,1363,2,1
Meru,2019-02-01,2019,1,1.0,False,2,0.34892148,0.6074526,0.04362599,1363,1,1
Migori,2019-02-01,2019,1,1.0,False,1,0.8926222,0.06808987,0.039287936,1363,1,1
Mombasa,2019-02-01,2019,1,1.0,False,1,0.93553674,0.044585332,0.019877963,1363,1,1
Murang'a,2019-02-01,2019,1,1.0,False,1,0.9672244,0.018751672,0.014023862,1363,1,1
Nairobi,2019-02-01,2019,1,1.0,False,1,0.8918752,0.06951623,0.038608585,1363,1,1
Nakuru,2019-02-01,2019,1,1.0,False,1,0.899199,0.07238754,0.028413435,1363,1,1
Nandi,2019-02-01,2019,1,1.0,False,1,0.9647625,0.019846432,0.015391078,1363,1,1
Narok,2019-02-01,2019,1,1.0,False,2,0.15534632,0.6949701,0.14968356,1363,1,1
Nyamira,2019-02-01,2019,1,1.0,False,1,0.9659917,0.019262616,0.014745678,1363,1,1
Nyandarua,2019-02-01,2019,1,1.0,False,1,0.9101704,0.06567665,0.02415294,1363,1,1
Nyeri,2019-02-01,2019,2,1.0,False,1,0.97040135,0.016317211,0.013281521,1363,1,1
Samburu,2019-02-01,2019,2,2.0,True,2,0.03314105,0.75304985,0.21380912,1363,2,1
Siaya,2019-02-01,2019,1,1.0,False,1,0.9600163,0.0189156,0.021068113,1363,1,1
Taita Taveta,2019-02-01,2019,2,1.0,False,2,0.32865092,0.6427324,0.028616706,1363,1,1
Tana River,2019-02-01,2019,2,2.0,False,2,0.03539157,0.8003409,0.16426757,1363,2,1
Tharaka-Nithi,2019-02-01,2019,2,1.0,False,2,0.104710564,0.80361956,0.091669865,1363,1,1
Trans Nzoia,2019-02-01,2019,1,1.0,False,1,0.95962137,0.02333149,0.01704715,1363,1,1
Turkana,2019-02-01,2019,2,2.0,True,2,0.031778302,0.8145214,0.1537003,1363,2,1
Uasin Gishu,2019-02-01,2019,1,1.0,False,1,0.88537335,0.08080291,0.033823706,1363,1,1
Vihiga,2019-02-01,2019,1,1.0,False,1,0.9673574,0.018433485,0.014209167,1363,1,1
Wajir,2019-02-01,2019,2,2.0,True,2,0.08320097,0.6802258,0.23657322,1363,2,1
West Pokot,2019-02-01,2019,2,2.0,False,2,0.07899738,0.82762384,0.09337877,1363,2,1
Baringo,2019-06-01,2019,3,1.0,True,2,0.10425665,0.6280152,0.26772812,1363,1,1
Bomet,2019-06-01,2019,1,1.0,False,1,0.9601522,0.02158739,0.01826033,1363,1,1
Bungoma,2019-06-01,2019,1,1.0,False,1,0.96133995,0.020576937,0.01808316,1363,1,1
Busia,2019-06-01,2019,1,1.0,False,1,0.9602372,0.019805081,0.019957758,1363,1,1
Elgeyo-Marakwet,2019-06-01,2019,1,1.0,False,1,0.72019416,0.16466227,0.11514351,1363,1,1
Embu,2019-06-01,2019,2,1.0,False,2,0.17441687,0.7226616,0.10292159,1363,1,1
Garissa,2019-06-01,2019,2,2.0,False,2,0.06744384,0.4924861,0.4400701,1363,2,1
Homa Bay,2019-06-01,2019,1,1.0,False,1,0.9629522,0.01865842,0.018389396,1363,1,1
Isiolo,2019-06-01,2019,2,2.0,False,3,0.03264528,0.25453204,0.7128226,1363,2,1
Kajiado,2019-06-01,2019,2,2.0,False,2,0.08692519,0.798281,0.11479377,1363,2,1
Kakamega,2019-06-01,2019,1,1.0,False,1,0.95517045,0.022029331,0.02280014,1363,1,1
Kericho,2019-06-01,2019,1,1.0,False,1,0.9609706,0.021982778,0.017046617,1363,1,1
Kiambu,2019-06-01,2019,1,1.0,False,1,0.78472036,0.09666667,0.118612975,1363,1,1
Kilifi,2019-06-01,2019,2,2.0,False,2,0.07929198,0.7113231,0.20938493,1363,2,1
Kirinyaga,2019-06-01,2019,1,1.0,False,1,0.9652555,0.019045452,0.015699096,1363,1,1
Kisii,2019-06-01,2019,1,1.0,False,1,0.9615652,0.021608265,0.0168266,1363,1,1
Kisumu,2019-06-01,2019,1,1.0,False,1,0.95985067,0.020202208,0.019947119,1363,1,1
Kitui,2019-06-01,2019,2,2.0,False,2,0.060973745,0.601873,0.3371533,1363,2,1
Kwale,2019-06-01,2019,2,2.0,False,2,0.089154385,0.8784352,0.032410484,1363,2,1
Laikipia,2019-06-01,2019,2,2.0,False,2,0.044651754,0.7217102,0.23363805,1363,2,1
Lamu,2019-06-01,2019,2,2.0,False,2,0.18540531,0.75416225,0.060432386,1363,2,1
Machakos,2019-06-01,2019,1,1.0,False,2,0.17118965,0.6611214,0.16768897,1363,1,1
Makueni,2019-06-01,2019,2,2.0,False,2,0.052627422,0.6346349,0.31273767,1363,2,1
Mandera,2019-06-01,2019,2,2.0,False,2,0.07026764,0.66099507,0.2687373,1363,2,1
Marsabit,2019-06-01,2019,3,2.0,True,3,0.039140336,0.23997419,0.72088546,1363,2,1
Meru,2019-06-01,2019,1,1.0,False,1,0.4872453,0.420782,0.091972694,1363,1,1
Migori,2019-06-01,2019,1,1.0,False,1,0.8940656,0.060388234,0.0455462,1363,1,1
Mombasa,2019-06-01,2019,1,1.0,False,1,0.874678,0.05173481,0.073587194,1363,1,1
Murang'a,2019-06-01,2019,1,1.0,False,1,0.9652954,0.02004753,0.014657124,1363,1,1
Nairobi,2019-06-01,2019,1,1.0,False,1,0.83528054,0.05468067,0.1100388,1363,1,1
Nakuru,2019-06-01,2019,1,1.0,False,1,0.8342904,0.060866144,0.10484351,1363,1,1
Nandi,2019-06-01,2019,1,1.0,False,1,0.9609711,0.020878674,0.01815016,1363,1,1
Narok,2019-06-01,2019,1,1.0,False,2,0.10613428,0.78209984,0.11176591,1363,1,1
Nyamira,2019-06-01,2019,1,1.0,False,1,0.9634488,0.020153264,0.016397962,1363,1,1
Nyandarua,2019-06-01,2019,1,1.0,False,1,0.88604087,0.07039546,0.043563634,1363,1,1
Nyeri,2019-06-01,2019,2,2.0,False,1,0.9623699,0.020271668,0.017358387,1363,2,1
Samburu,2019-06-01,2019,2,2.0,True,2,0.041778855,0.5527891,0.40543202,1363,2,1
Siaya,2019-06-01,2019,1,1.0,False,1,0.9617587,0.018748783,0.019492604,1363,1,1
Taita Taveta,2019-06-01,2019,2,2.0,False,2,0.11605701,0.8441095,0.039833568,1363,2,1
Tana River,2019-06-01,2019,2,2.0,False,3,0.038293682,0.20810953,0.7535968,1363,2,1
Tharaka-Nithi,2019-06-01,2019,2,2.0,False,2,0.09301219,0.47423992,0.43274787,1363,2,1
Trans Nzoia,2019-06-01,2019,1,1.0,False,1,0.957997,0.02261197,0.019391004,1363,1,1
Turkana,2019-06-01,2019,3,2.0,True,3,0.036242247,0.46361285,0.5001449,1363,2,1
Uasin Gishu,2019-06-01,2019,1,1.0,False,1,0.8272407,0.08524264,0.087516695,1363,1,1
Vihiga,2019-06-01,2019,1,1.0,False,1,0.9688071,0.017407183,0.0137857115,1363,1,1
Wajir,2019-06-01,2019,3,2.0,True,2,0.111328095,0.5494409,0.339231,1363,2,1
West Pokot,2019-06-01,2019,2,2.0,False,3,0.041919384,0.13869222,0.8193884,1363,2,1
Baringo,2019-10-01,2019,1,3.0,True,2,0.2590583,0.6766703,0.06427137,1363,3,1
Bomet,2019-10-01,2019,1,1.0,False,1,0.9674685,0.016938973,0.015592476,1363,1,1
Bungoma,2019-10-01,2019,1,1.0,False,1,0.968578,0.016321857,0.015100116,1363,1,1
Busia,2019-10-01,2019,1,1.0,False,1,0.9695239,0.016551929,0.013924192,1363,1,1
Elgeyo-Marakwet,2019-10-01,2019,1,1.0,False,1,0.8918199,0.08005378,0.028126271,1363,1,1
Embu,2019-10-01,2019,2,2.0,False,2,0.34050137,0.5659906,0.09350799,1363,2,1
Garissa,2019-10-01,2019,3,2.0,False,3,0.06267383,0.36104617,0.57628,1363,2,1
Homa Bay,2019-10-01,2019,1,1.0,False,1,0.968567,0.017027818,0.014405095,1363,1,1
Isiolo,2019-10-01,2019,3,2.0,False,3,0.02950554,0.15299661,0.81749785,1363,2,1
Kajiado,2019-10-01,2019,2,2.0,False,2,0.14264782,0.6600057,0.1973465,1363,2,1
Kakamega,2019-10-01,2019,1,1.0,False,1,0.968578,0.016321857,0.015100116,1363,1,1
Kericho,2019-10-01,2019,1,1.0,False,1,0.9672034,0.017561072,0.015235599,1363,1,1
Kiambu,2019-10-01,2019,1,1.0,False,1,0.892541,0.060158473,0.047300514,1363,1,1
Kilifi,2019-10-01,2019,2,2.0,False,2,0.17169996,0.70165706,0.126643,1363,2,1
Kirinyaga,2019-10-01,2019,1,1.0,False,1,0.9679152,0.016120315,0.015964493,1363,1,1
Kisii,2019-10-01,2019,1,1.0,False,1,0.9689334,0.015999114,0.015067501,1363,1,1
Kisumu,2019-10-01,2019,1,1.0,False,1,0.96891207,0.016928764,0.014159168,1363,1,1
Kitui,2019-10-01,2019,3,2.0,False,3,0.052648533,0.28216255,0.66518897,1363,2,1
Kwale,2019-10-01,2019,2,2.0,False,2,0.1568636,0.80532974,0.03780665,1363,2,1
Laikipia,2019-10-01,2019,2,2.0,False,2,0.14838736,0.6150318,0.23658086,1363,2,1
Lamu,2019-10-01,2019,3,2.0,False,2,0.38034865,0.4853199,0.1343314,1363,2,1
Machakos,2019-10-01,2019,1,1.0,False,2,0.3116484,0.5634179,0.12493371,1363,1,1
Makueni,2019-10-01,2019,3,2.0,False,2,0.087550454,0.6615336,0.25091594,1363,2,1
Mandera,2019-10-01,2019,3,2.0,False,2,0.040587198,0.48573577,0.47367704,1363,2,1
Marsabit,2019-10-01,2019,3,3.0,True,3,0.037554488,0.28878054,0.6736649,1363,3,1
Meru,2019-10-01,2019,2,1.0,False,1,0.6938295,0.2637152,0.042455304,1363,1,1
Migori,2019-10-01,2019,1,1.0,False,1,0.91498506,0.05687717,0.028137775,1363,1,1
Mombasa,2019-10-01,2019,1,1.0,False,1,0.92180604,0.04219114,0.036002826,1363,1,1
Murang'a,2019-10-01,2019,1,1.0,False,1,0.96278864,0.018640028,0.018571302,1363,1,1
Nairobi,2019-10-01,2019,1,1.0,False,1,0.9221317,0.044234402,0.033633903,1363,1,1
Nakuru,2019-10-01,2019,1,1.0,False,1,0.9423943,0.031927247,0.02567846,1363,1,1
Nandi,2019-10-01,2019,1,1.0,False,1,0.96610093,0.017526424,0.01637267,1363,1,1
Narok,2019-10-01,2019,2,1.0,False,2,0.2522828,0.6811889,0.06652835,1363,1,1
Nyamira,2019-10-01,2019,1,1.0,False,1,0.9671618,0.017239312,0.015598969,1363,1,1
Nyandarua,2019-10-01,2019,1,1.0,False,1,0.95338047,0.027213033,0.01940644,1363,1,1
Nyeri,2019-10-01,2019,1,2.0,False,1,0.9666852,0.016099831,0.017215006,1363,2,1
Samburu,2019-10-01,2019,3,2.0,True,2,0.052264906,0.72668505,0.22105001,1363,2,1
Siaya,2019-10-01,2019,1,1.0,False,1,0.9691656,0.016852103,0.013982281,1363,1,1
Taita Taveta,2019-10-01,2019,2,2.0,False,2,0.24614279,0.70585126,0.04800598,1363,2,1
Tana River,2019-10-01,2019,3,2.0,False,3,0.059247654,0.41268224,0.5280701,1363,2,1
Tharaka-Nithi,2019-10-01,2019,3,2.0,False,2,0.2741002,0.59364027,0.1322595,1363,2,1
Trans Nzoia,2019-10-01,2019,1,1.0,False,1,0.96632475,0.01729884,0.016376464,1363,1,1
Turkana,2019-10-01,2019,3,3.0,True,2,0.060300644,0.8718209,0.06787841,1363,3,1
Uasin Gishu,2019-10-01,2019,1,1.0,False,1,0.94133425,0.03698932,0.021676376,1363,1,1
Vihiga,2019-10-01,2019,1,1.0,False,1,0.96694493,0.0178235,0.015231528,1363,1,1
Wajir,2019-10-01,2019,3,3.0,True,3,0.046636175,0.28939447,0.6639694,1363,3,1
West Pokot,2019-10-01,2019,2,2.0,False,2,0.17749444,0.69235957,0.13014597,1363,2,1
Baringo,2020-02-01,2020,2,1.0,True,2,0.35156992,0.5768153,0.07161482,1504,1,1
Bomet,2020-02-01,2020,1,1.0,False,1,0.9817863,0.00836932,0.009844424,1504,1,1
Bungoma,2020-02-01,2020,1,1.0,False,1,0.9819572,0.009429989,0.00861283,1504,1,1
Busia,2020-02-01,2020,1,1.0,False,1,0.98309094,0.008702612,0.008206406,1504,1,1
Elgeyo-Marakwet,2020-02-01,2020,1,1.0,False,1,0.9365932,0.046646997,0.016759817,1504,1,1
Embu,2020-02-01,2020,1,2.0,False,1,0.6309348,0.3058151,0.063250095,1504,2,1
Garissa,2020-02-01,2020,2,3.0,False,2,0.38753107,0.4321006,0.18036832,1504,3,1
Homa Bay,2020-02-01,2020,1,1.0,False,1,0.98129267,0.009130761,0.009576595,1504,1,1
Isiolo,2020-02-01,2020,2,3.0,False,3,0.20296839,0.22317892,0.57385266,1504,3,1
Kajiado,2020-02-01,2020,2,2.0,False,2,0.35842016,0.55161345,0.0899664,1504,2,1
Kakamega,2020-02-01,2020,1,1.0,False,1,0.98203593,0.009350571,0.008613521,1504,1,1
Kericho,2020-02-01,2020,1,1.0,False,1,0.98218507,0.009538134,0.0082768155,1504,1,1
Kiambu,2020-02-01,2020,1,1.0,False,1,0.9534602,0.020563437,0.025976306,1504,1,1
Kilifi,2020-02-01,2020,2,2.0,False,2,0.42530397,0.52349305,0.051203012,1504,2,1
Kirinyaga,2020-02-01,2020,1,1.0,False,1,0.98158675,0.008537324,0.009875905,1504,1,1
Kisii,2020-02-01,2020,1,1.0,False,1,0.979477,0.008917728,0.011605316,1504,1,1
Kisumu,2020-02-01,2020,1,1.0,False,1,0.9809089,0.008571801,0.010519305,1504,1,1
Kitui,2020-02-01,2020,1,3.0,False,1,0.48726138,0.21573547,0.29700312,1504,3,1
Kwale,2020-02-01,2020,2,2.0,False,2,0.4601434,0.5105601,0.029296495,1504,2,1
Laikipia,2020-02-01,2020,2,2.0,False,2,0.25688633,0.45669857,0.28641516,1504,2,1
Lamu,2020-02-01,2020,2,3.0,False,2,0.39826947,0.54425925,0.05747131,1504,3,1
Machakos,2020-02-01,2020,1,1.0,False,1,0.54402614,0.40286902,0.053104874,1504,1,1
Makueni,2020-02-01,2020,1,3.0,False,2,0.31047055,0.57706255,0.112466894,1504,3,1
Mandera,2020-02-01,2020,2,3.0,False,3,0.21928813,0.3233478,0.45736408,1504,3,1
Marsabit,2020-02-01,2020,2,3.0,True,3,0.20359978,0.30711594,0.4892843,1504,3,1
Meru,2020-02-01,2020,1,2.0,False,1,0.832083,0.14728057,0.02063639,1504,2,1
Migori,2020-02-01,2020,1,1.0,False,1,0.96888644,0.016973136,0.0141404085,1504,1,1
Mombasa,2020-02-01,2020,1,1.0,False,1,0.9700528,0.017051864,0.012895338,1504,1,1
Murang'a,2020-02-01,2020,1,1.0,False,1,0.98047894,0.008822648,0.010698382,1504,1,1
Nairobi,2020-02-01,2020,1,1.0,False,1,0.9679356,0.019276604,0.012787806,1504,1,1
Nakuru,2020-02-01,2020,1,1.0,False,1,0.9639479,0.016160771,0.019891381,1504,1,1
Nandi,2020-02-01,2020,1,1.0,False,1,0.9803084,0.008453547,0.0112380525,1504,1,1
Narok,2020-02-01,2020,1,2.0,False,1,0.5665209,0.2504151,0.183064,1504,2,1
Nyamira,2020-02-01,2020,1,1.0,False,1,0.98166776,0.008220057,0.010112222,1504,1,1
Nyandarua,2020-02-01,2020,1,1.0,False,1,0.9733632,0.013876935,0.012759853,1504,1,1
Nyeri,2020-02-01,2020,1,1.0,False,1,0.97903675,0.009007652,0.011955572,1504,1,1
Samburu,2020-02-01,2020,2,3.0,True,2,0.18416782,0.60166067,0.21417151,1504,3,1
Siaya,2020-02-01,2020,1,1.0,False,1,0.98350996,0.009386583,0.0071035,1504,1,1
Taita Taveta,2020-02-01,2020,1,2.0,False,1,0.512729,0.45442912,0.03284192,1504,2,1
Tana River,2020-02-01,2020,2,3.0,False,2,0.40038064,0.49400878,0.10561053,1504,3,1
Tharaka-Nithi,2020-02-01,2020,1,3.0,False,1,0.7049485,0.23432292,0.060728587,1504,3,1
Trans Nzoia,2020-02-01,2020,1,1.0,False,1,0.98181194,0.00961286,0.008575194,1504,1,1
Turkana,2020-02-01,2020,2,3.0,True,2,0.15629701,0.54896337,0.29473966,1504,3,1
Uasin Gishu,2020-02-01,2020,1,1.0,False,1,0.9691187,0.01966656,0.0112147955,1504,1,1
Vihiga,2020-02-01,2020,1,1.0,False,1,0.9821114,0.009073872,0.0088147875,1504,1,1
Wajir,2020-02-01,2020,2,3.0,True,2,0.19183232,0.5368559,0.27131176,1504,3,1
West Pokot,2020-02-01,2020,1,2.0,False,2,0.26766154,0.5340418,0.19829667,1504,2,1
Baringo,2020-06-01,2020,1,2.0,True,1,0.48075008,0.44779992,0.07144996,1504,2,1
Bomet,2020-06-01,2020,1,1.0,False,1,0.9823263,0.009544543,0.008129128,1504,1,1
Bungoma,2020-06-01,2020,1,1.0,False,1,0.98228914,0.009519083,0.008191721,1504,1,1
Busia,2020-06-01,2020,1,1.0,False,1,0.98361844,0.008905161,0.0074763545,1504,1,1
Elgeyo-Marakwet,2020-06-01,2020,1,1.0,False,1,0.9341849,0.052052993,0.013762017,1504,1,1
Embu,2020-06-01,2020,1,1.0,False,1,0.6645583,0.30205944,0.033382308,1504,1,1
Garissa,2020-06-01,2020,2,2.0,False,2,0.20755215,0.7579232,0.034524698,1504,2,1
Homa Bay,2020-06-01,2020,1,1.0,False,1,0.9830362,0.009519662,0.0074440693,1504,1,1
Isiolo,2020-06-01,2020,2,2.0,False,2,0.103443496,0.8162427,0.08031375,1504,2,1
Kajiado,2020-06-01,2020,2,2.0,False,2,0.35910124,0.59553564,0.04536313,1504,2,1
Kakamega,2020-06-01,2020,1,1.0,False,1,0.98236865,0.009438922,0.008192384,1504,1,1
Kericho,2020-06-01,2020,1,1.0,False,1,0.9822204,0.009710415,0.008069228,1504,1,1
Kiambu,2020-06-01,2020,1,1.0,False,1,0.9536956,0.026492301,0.019812182,1504,1,1
Kilifi,2020-06-01,2020,2,2.0,False,2,0.41992152,0.5451586,0.034919858,1504,2,1
Kirinyaga,2020-06-01,2020,1,1.0,False,1,0.9826676,0.00910967,0.008222746,1504,1,1
Kisii,2020-06-01,2020,1,1.0,False,1,0.9826232,0.009441367,0.007935449,1504,1,1
Kisumu,2020-06-01,2020,1,1.0,False,1,0.9829164,0.0095345555,0.007549057,1504,1,1
Kitui,2020-06-01,2020,1,1.0,False,1,0.46634504,0.45533726,0.07831771,1504,1,1
Kwale,2020-06-01,2020,2,2.0,False,2,0.48428556,0.489284,0.026430445,1504,2,1
Laikipia,2020-06-01,2020,1,2.0,False,1,0.42817065,0.25079042,0.321039,1504,2,1
Lamu,2020-06-01,2020,2,2.0,False,2,0.39757907,0.5649313,0.037489645,1504,2,1
Machakos,2020-06-01,2020,1,1.0,False,1,0.5758676,0.38651595,0.03761647,1504,1,1
Makueni,2020-06-01,2020,1,1.0,False,2,0.28882822,0.67120844,0.03996335,1504,1,1
Mandera,2020-06-01,2020,2,2.0,False,1,0.3551279,0.33008394,0.31478822,1504,2,1
Marsabit,2020-06-01,2020,2,2.0,True,2,0.16644064,0.72379386,0.109765485,1504,2,1
Meru,2020-06-01,2020,1,1.0,False,1,0.8414334,0.14152174,0.017044837,1504,1,1
Migori,2020-06-01,2020,1,1.0,False,1,0.95321137,0.033683155,0.013105507,1504,1,1
Mombasa,2020-06-01,2020,2,1.0,False,1,0.9657707,0.023466494,0.010762848,1504,1,1
Murang'a,2020-06-01,2020,1,1.0,False,1,0.982126,0.009683612,0.00819036,1504,1,1
Nairobi,2020-06-01,2020,2,1.0,False,1,0.96778274,0.022244528,0.009972748,1504,1,1
Nakuru,2020-06-01,2020,1,1.0,False,1,0.96827435,0.018155616,0.013569994,1504,1,1
Nandi,2020-06-01,2020,1,1.0,False,1,0.98284906,0.009213705,0.007937273,1504,1,1
Narok,2020-06-01,2020,1,1.0,False,2,0.47040257,0.47175804,0.05783938,1504,1,1
Nyamira,2020-06-01,2020,1,1.0,False,1,0.9821255,0.009569093,0.008305364,1504,1,1
Nyandarua,2020-06-01,2020,1,1.0,False,1,0.9708792,0.01831928,0.010801469,1504,1,1
Nyeri,2020-06-01,2020,1,1.0,False,1,0.98269504,0.009109925,0.008195106,1504,1,1
Samburu,2020-06-01,2020,2,2.0,True,2,0.33977982,0.4018195,0.2584007,1504,2,1
Siaya,2020-06-01,2020,1,1.0,False,1,0.98367184,0.009056381,0.0072717336,1504,1,1
Taita Taveta,2020-06-01,2020,1,1.0,False,1,0.5307912,0.4406714,0.028537355,1504,1,1
Tana River,2020-06-01,2020,2,2.0,False,2,0.2683277,0.68403226,0.047639973,1504,2,1
Tharaka-Nithi,2020-06-01,2020,1,1.0,False,1,0.5313609,0.4457412,0.022897867,1504,1,1
Trans Nzoia,2020-06-01,2020,1,1.0,False,1,0.98250455,0.009547075,0.007948385,1504,1,1
Turkana,2020-06-01,2020,2,2.0,True,2,0.23487379,0.65319437,0.11193186,1504,2,1
Uasin Gishu,2020-06-01,2020,1,1.0,False,1,0.9712801,0.018716216,0.010003653,1504,1,1
Vihiga,2020-06-01,2020,1,1.0,False,1,0.9828069,0.009270391,0.0079227,1504,1,1
Wajir,2020-06-01,2020,2,2.0,True,2,0.12343726,0.82838315,0.0481796,1504,2,1
West Pokot,2020-06-01,2020,1,1.0,False,2,0.35082462,0.5584644,0.090710975,1504,1,1
Baringo,2020-10-01,2020,1,1.0,True,2,0.23696016,0.67899406,0.084045775,1504,1,1
Bomet,2020-10-01,2020,1,1.0,False,1,0.97868216,0.01062362,0.010694166,1504,1,1
Bungoma,2020-10-01,2020,1,1.0,False,1,0.96910024,0.0125827305,0.018317098,1504,1,1
Busia,2020-10-01,2020,1,1.0,False,1,0.97583413,0.011063429,0.013102423,1504,1,1
Elgeyo-Marakwet,2020-10-01,2020,1,1.0,False,1,0.8980081,0.06058617,0.04140567,1504,1,1
Embu,2020-10-01,2020,2,1.0,False,1,0.54338187,0.28856337,0.16805474,1504,1,1
Garissa,2020-10-01,2020,2,2.0,False,2,0.12059856,0.8070455,0.072355874,1504,2,1
Homa Bay,2020-10-01,2020,1,1.0,False,1,0.97674406,0.010369634,0.012886303,1504,1,1
Isiolo,2020-10-01,2020,2,2.0,False,3,0.08269031,0.3897296,0.5275801,1504,2,1
Kajiado,2020-10-01,2020,2,2.0,False,2,0.27259994,0.5273962,0.20000385,1504,2,1
Kakamega,2020-10-01,2020,1,1.0,False,1,0.9753009,0.011298884,0.013400224,1504,1,1
Kericho,2020-10-01,2020,1,1.0,False,1,0.9712768,0.010823147,0.017900007,1504,1,1
Kiambu,2020-10-01,2020,1,1.0,False,1,0.9298001,0.028054912,0.04214504,1504,1,1
Kilifi,2020-10-01,2020,2,2.0,False,2,0.22614272,0.71689975,0.05695754,1504,2,1
Kirinyaga,2020-10-01,2020,1,1.0,False,1,0.97733873,0.009661472,0.012999816,1504,1,1
Kisii,2020-10-01,2020,1,1.0,False,1,0.9747406,0.010848582,0.014410795,1504,1,1
Kisumu,2020-10-01,2020,1,1.0,False,1,0.97610676,0.0119384285,0.011954766,1504,1,1
Kitui,2020-10-01,2020,2,1.0,False,2,0.26372984,0.44873676,0.28753337,1504,1,1
Kwale,2020-10-01,2020,2,2.0,False,2,0.1860913,0.77688545,0.037023194,1504,2,1
Laikipia,2020-10-01,2020,2,1.0,False,2,0.15286808,0.5070266,0.34010535,1504,1,1
Lamu,2020-10-01,2020,2,2.0,False,2,0.279627,0.6461455,0.07422751,1504,2,1
Machakos,2020-10-01,2020,1,1.0,False,1,0.51882213,0.40479764,0.076380216,1504,1,1
Makueni,2020-10-01,2020,2,1.0,False,2,0.18537648,0.5588232,0.25580034,1504,1,1
Mandera,2020-10-01,2020,2,2.0,False,2,0.1641215,0.4223239,0.41355464,1504,2,1
Marsabit,2020-10-01,2020,2,2.0,True,3,0.09781483,0.34234607,0.55983907,1504,2,1
Meru,2020-10-01,2020,2,1.0,False,1,0.86159724,0.10828907,0.03011368,1504,1,1
Migori,2020-10-01,2020,1,1.0,False,1,0.95469284,0.02845944,0.016847704,1504,1,1
Mombasa,2020-10-01,2020,1,2.0,False,1,0.93927944,0.03435928,0.026361251,1504,2,1
Murang'a,2020-10-01,2020,1,1.0,False,1,0.9793314,0.010286439,0.010382151,1504,1,1
Nairobi,2020-10-01,2020,1,2.0,False,1,0.9550823,0.022910334,0.02200739,1504,2,1
Nakuru,2020-10-01,2020,1,1.0,False,1,0.95613235,0.023826854,0.02004081,1504,1,1
Nandi,2020-10-01,2020,1,1.0,False,1,0.97228277,0.0109426305,0.016774619,1504,1,1
Narok,2020-10-01,2020,2,1.0,False,2,0.32206774,0.5956839,0.082248375,1504,1,1
Nyamira,2020-10-01,2020,1,1.0,False,1,0.9796296,0.011428136,0.008942267,1504,1,1
Nyandarua,2020-10-01,2020,1,1.0,False,1,0.968238,0.017220309,0.014541635,1504,1,1
Nyeri,2020-10-01,2020,1,1.0,False,1,0.97851413,0.009790069,0.011695816,1504,1,1
Samburu,2020-10-01,2020,2,2.0,True,2,0.0719984,0.6336508,0.29435086,1504,2,1
Siaya,2020-10-01,2020,1,1.0,False,1,0.97586447,0.010596605,0.013538971,1504,1,1
Taita Taveta,2020-10-01,2020,2,1.0,False,2,0.41919935,0.5388004,0.042000253,1504,1,1
Tana River,2020-10-01,2020,2,2.0,False,2,0.2339739,0.6067211,0.159305,1504,2,1
Tharaka-Nithi,2020-10-01,2020,2,1.0,False,1,0.58321923,0.29341313,0.12336763,1504,1,1
Trans Nzoia,2020-10-01,2020,1,1.0,False,1,0.96346575,0.010961324,0.025572997,1504,1,1
Turkana,2020-10-01,2020,2,2.0,True,2,0.092412345,0.63652223,0.27106544,1504,2,1
Uasin Gishu,2020-10-01,2020,1,1.0,False,1,0.958032,0.02165269,0.020315316,1504,1,1
Vihiga,2020-10-01,2020,1,1.0,False,1,0.9762078,0.010339541,0.013452671,1504,1,1
Wajir,2020-10-01,2020,2,2.0,True,2,0.08053916,0.62351984,0.295941,1504,2,1
West Pokot,2020-10-01,2020,2,1.0,False,2,0.2272902,0.5161901,0.25651962,1504,1,1
Baringo,2021-02-01,2021,2,1.0,True,2,0.36783695,0.61961704,0.012545982,1645,1,1
Bomet,2021-02-01,2021,1,1.0,False,1,0.9978607,0.0017005866,0.00043866737,1645,1,1
Bungoma,2021-02-01,2021,1,1.0,False,1,0.9975776,0.0019621905,0.00046020126,1645,1,1
Busia,2021-02-01,2021,1,1.0,False,1,0.9980982,0.0013678522,0.0005340098,1645,1,1
Elgeyo-Marakwet,2021-02-01,2021,1,1.0,False,1,0.94954866,0.049258728,0.0011926334,1645,1,1
Embu,2021-02-01,2021,2,2.0,False,2,0.4744202,0.5131749,0.012404874,1645,2,1
Garissa,2021-02-01,2021,2,2.0,False,2,0.008500524,0.984875,0.006624512,1645,2,1
Homa Bay,2021-02-01,2021,1,1.0,False,1,0.9978756,0.0016495807,0.00047487492,1645,1,1
Isiolo,2021-02-01,2021,3,2.0,False,2,0.0076858997,0.75374573,0.23856841,1645,2,1
Kajiado,2021-02-01,2021,2,2.0,False,2,0.087651536,0.9025761,0.009772333,1645,2,1
Kakamega,2021-02-01,2021,1,1.0,False,1,0.9978955,0.001697394,0.0004070689,1645,1,1
Kericho,2021-02-01,2021,1,1.0,False,1,0.9981179,0.0015211926,0.0003608566,1645,1,1
Kiambu,2021-02-01,2021,1,1.0,False,1,0.9929416,0.0059345835,0.0011238005,1645,1,1
Kilifi,2021-02-01,2021,2,2.0,False,2,0.037303295,0.9542356,0.008461052,1645,2,1
Kirinyaga,2021-02-01,2021,1,1.0,False,1,0.99801683,0.0014354888,0.00054769637,1645,1,1
Kisii,2021-02-01,2021,1,1.0,False,1,0.9975012,0.0017630531,0.0007356932,1645,1,1
Kisumu,2021-02-01,2021,1,1.0,False,1,0.99832946,0.0012211151,0.00044943567,1645,1,1
Kitui,2021-02-01,2021,2,2.0,False,2,0.08664091,0.8400709,0.0732882,1645,2,1
Kwale,2021-02-01,2021,2,2.0,False,2,0.3878753,0.609036,0.0030886817,1645,2,1
Laikipia,2021-02-01,2021,2,2.0,False,2,0.10154575,0.8523946,0.046059594,1645,2,1
Lamu,2021-02-01,2021,2,2.0,False,2,0.07640898,0.9086658,0.014925264,1645,2,1
Machakos,2021-02-01,2021,1,1.0,False,2,0.3694244,0.6232363,0.0073392717,1645,1,1
Makueni,2021-02-01,2021,2,2.0,False,2,0.07876003,0.83968157,0.081558414,1645,2,1
Mandera,2021-02-01,2021,2,2.0,False,2,0.012217812,0.49438843,0.49339375,1645,2,1
Marsabit,2021-02-01,2021,3,2.0,True,2,0.008932712,0.6881533,0.30291393,1645,2,1
Meru,2021-02-01,2021,2,2.0,False,1,0.571058,0.4253291,0.003612925,1645,2,1
Migori,2021-02-01,2021,1,1.0,False,1,0.9928964,0.006292134,0.00081151247,1645,1,1
Mombasa,2021-02-01,2021,1,1.0,False,1,0.99247885,0.006626673,0.0008944439,1645,1,1
Murang'a,2021-02-01,2021,1,1.0,False,1,0.9981547,0.0012891785,0.0005560658,1645,1,1
Nairobi,2021-02-01,2021,1,1.0,False,1,0.9914682,0.0073891287,0.0011426478,1645,1,1
Nakuru,2021-02-01,2021,1,1.0,False,1,0.9951898,0.0041712583,0.0006389988,1645,1,1
Nandi,2021-02-01,2021,1,1.0,False,1,0.9974166,0.0021378517,0.0004455009,1645,1,1
Narok,2021-02-01,2021,2,2.0,False,2,0.46690947,0.51593447,0.017156087,1645,2,1
Nyamira,2021-02-01,2021,1,1.0,False,1,0.9975816,0.0017031927,0.0007151948,1645,1,1
Nyandarua,2021-02-01,2021,1,1.0,False,1,0.992492,0.006708783,0.00079925876,1645,1,1
Nyeri,2021-02-01,2021,2,1.0,False,1,0.9408587,0.05753105,0.0016101768,1645,1,1
Samburu,2021-02-01,2021,2,2.0,True,2,0.005650207,0.90406466,0.09028513,1645,2,1
Siaya,2021-02-01,2021,1,1.0,False,1,0.9979711,0.0015861145,0.00044280788,1645,1,1
Taita Taveta,2021-02-01,2021,1,2.0,False,2,0.44380563,0.55253375,0.0036606027,1645,2,1
Tana River,2021-02-01,2021,2,2.0,False,2,0.007657596,0.9831451,0.00919733,1645,2,1
Tharaka-Nithi,2021-02-01,2021,2,2.0,False,2,0.14109331,0.838239,0.020667661,1645,2,1
Trans Nzoia,2021-02-01,2021,1,1.0,False,1,0.99741495,0.0021380102,0.00044700093,1645,1,1
Turkana,2021-02-01,2021,3,2.0,True,2,0.024534388,0.9239845,0.05148102,1645,2,1
Uasin Gishu,2021-02-01,2021,1,1.0,False,1,0.9939464,0.0054516066,0.0006020347,1645,1,1
Vihiga,2021-02-01,2021,1,1.0,False,1,0.9975298,0.0017176351,0.00075263926,1645,1,1
Wajir,2021-02-01,2021,2,2.0,True,2,0.0072115795,0.9058158,0.08697266,1645,2,1
West Pokot,2021-02-01,2021,2,2.0,False,2,0.16388817,0.82398564,0.012126205,1645,2,1
Baringo,2021-06-01,2021,2,2.0,True,2,0.18198855,0.6988395,0.11917198,1645,2,1
Bomet,2021-06-01,2021,1,1.0,False,1,0.99790156,0.0017009611,0.00039747852,1645,1,1
Bungoma,2021-06-01,2021,1,1.0,False,1,0.998847,0.0008112259,0.0003417969,1645,1,1
Busia,2021-06-01,2021,1,1.0,False,1,0.99780494,0.0018196626,0.00037544486,1645,1,1
Elgeyo-Marakwet,2021-06-01,2021,1,1.0,False,1,0.9692104,0.028340302,0.0024493055,1645,1,1
Embu,2021-06-01,2021,2,2.0,False,1,0.5401272,0.44806376,0.011809029,1645,2,1
Garissa,2021-06-01,2021,2,2.0,False,3,0.018164473,0.2283606,0.7534749,1645,2,1
Homa Bay,2021-06-01,2021,1,1.0,False,1,0.9985404,0.0010424431,0.0004172129,1645,1,1
Isiolo,2021-06-01,2021,3,3.0,False,3,0.00639277,0.35497674,0.63863045,1645,3,1
Kajiado,2021-06-01,2021,2,2.0,False,2,0.24056962,0.73561037,0.023820039,1645,2,1
Kakamega,2021-06-01,2021,1,1.0,False,1,0.99823725,0.0014423605,0.00032032208,1645,1,1
Kericho,2021-06-01,2021,1,1.0,False,1,0.99877137,0.00088558963,0.00034307415,1645,1,1
Kiambu,2021-06-01,2021,1,1.0,False,1,0.99045813,0.0077073276,0.0018345568,1645,1,1
Kilifi,2021-06-01,2021,2,2.0,False,2,0.037106626,0.894478,0.06841533,1645,2,1
Kirinyaga,2021-06-01,2021,1,1.0,False,1,0.99786323,0.001666336,0.00047042398,1645,1,1
Kisii,2021-06-01,2021,1,1.0,False,1,0.99729985,0.002289843,0.00041035502,1645,1,1
Kisumu,2021-06-01,2021,1,1.0,False,1,0.9982083,0.001431953,0.0003597299,1645,1,1
Kitui,2021-06-01,2021,2,2.0,False,2,0.05310781,0.7905481,0.1563441,1645,2,1
Kwale,2021-06-01,2021,2,2.0,False,2,0.10183977,0.8942789,0.0038813686,1645,2,1
Laikipia,2021-06-01,2021,2,2.0,False,2,0.066541545,0.7732465,0.1602119,1645,2,1
Lamu,2021-06-01,2021,2,2.0,False,2,0.22191659,0.7312067,0.046876688,1645,2,1
Machakos,2021-06-01,2021,1,1.0,False,2,0.4665749,0.516085,0.017340088,1645,1,1
Makueni,2021-06-01,2021,2,2.0,False,2,0.1116927,0.6913594,0.1969479,1645,2,1
Mandera,2021-06-01,2021,2,2.0,False,2,0.017647382,0.961241,0.021111626,1645,2,1
Marsabit,2021-06-01,2021,3,3.0,True,3,0.012865527,0.4069234,0.58021104,1645,3,1
Meru,2021-06-01,2021,2,2.0,False,1,0.64918935,0.34534103,0.0054695904,1645,2,1
Migori,2021-06-01,2021,1,1.0,False,1,0.9920318,0.0072483965,0.0007197701,1645,1,1
Mombasa,2021-06-01,2021,1,1.0,False,1,0.9829007,0.007341051,0.009758233,1645,1,1
Murang'a,2021-06-01,2021,1,1.0,False,1,0.9979721,0.0014458853,0.0005820739,1645,1,1
Nairobi,2021-06-01,2021,1,1.0,False,1,0.99395156,0.005043999,0.0010045237,1645,1,1
Nakuru,2021-06-01,2021,1,1.0,False,1,0.99400145,0.005079916,0.00091856794,1645,1,1
Nandi,2021-06-01,2021,1,1.0,False,1,0.997486,0.0020005447,0.00051341206,1645,1,1
Narok,2021-06-01,2021,2,2.0,False,2,0.26526198,0.70019746,0.03454057,1645,2,1
Nyamira,2021-06-01,2021,1,1.0,False,1,0.9982628,0.0013630159,0.00037413527,1645,1,1
Nyandarua,2021-06-01,2021,1,1.0,False,1,0.9924905,0.006452102,0.0010574062,1645,1,1
Nyeri,2021-06-01,2021,2,2.0,False,1,0.8807363,0.11712222,0.002141507,1645,2,1
Samburu,2021-06-01,2021,2,2.0,True,3,0.013561275,0.36128163,0.62515706,1645,2,1
Siaya,2021-06-01,2021,1,1.0,False,1,0.9983531,0.0009652249,0.00068167,1645,1,1
Taita Taveta,2021-06-01,2021,2,1.0,False,2,0.42921397,0.56501687,0.0057691433,1645,1,1
Tana River,2021-06-01,2021,2,2.0,False,3,0.015930407,0.48131943,0.50275016,1645,2,1
Tharaka-Nithi,2021-06-01,2021,2,2.0,False,1,0.53831667,0.32725474,0.1344286,1645,2,1
Trans Nzoia,2021-06-01,2021,1,1.0,False,1,0.99843067,0.001135555,0.00043372784,1645,1,1
Turkana,2021-06-01,2021,3,3.0,True,2,0.022418536,0.81038874,0.16719271,1645,3,1
Uasin Gishu,2021-06-01,2021,1,1.0,False,1,0.99486595,0.0042899316,0.0008441147,1645,1,1
Vihiga,2021-06-01,2021,1,1.0,False,1,0.99800843,0.0015951488,0.00039640657,1645,1,1
Wajir,2021-06-01,2021,2,2.0,True,2,0.0055224234,0.9646243,0.02985327,1645,2,1
West Pokot,2021-06-01,2021,2,2.0,False,2,0.085256964,0.8532124,0.0615306,1645,2,1
Baringo,2021-10-01,2021,2,2.0,True,2,0.222715,0.5786544,0.19863057,1645,2,1
Bomet,2021-10-01,2021,1,1.0,False,1,0.9953839,0.0031172177,0.0014988381,1645,1,1
Bungoma,2021-10-01,2021,1,1.0,False,1,0.9962261,0.002666104,0.0011078165,1645,1,1
Busia,2021-10-01,2021,1,1.0,False,1,0.99640805,0.002471175,0.0011207955,1645,1,1
Elgeyo-Marakwet,2021-10-01,2021,1,1.0,False,1,0.97299993,0.021390509,0.005609524,1645,1,1
Embu,2021-10-01,2021,2,2.0,False,2,0.4063506,0.5836068,0.010042658,1645,2,1
Garissa,2021-10-01,2021,3,2.0,False,3,0.0033012128,0.024541307,0.9721575,1645,2,1
Homa Bay,2021-10-01,2021,1,1.0,False,1,0.9962997,0.002769578,0.0009308075,1645,1,1
Isiolo,2021-10-01,2021,3,3.0,False,3,0.0064393445,0.27871937,0.7148413,1645,3,1
Kajiado,2021-10-01,2021,2,2.0,False,2,0.38558647,0.6016806,0.012732973,1645,2,1
Kakamega,2021-10-01,2021,1,1.0,False,1,0.99685234,0.0022262833,0.0009214181,1645,1,1
Kericho,2021-10-01,2021,1,1.0,False,1,0.9937913,0.0050736833,0.0011350766,1645,1,1
Kiambu,2021-10-01,2021,1,1.0,False,1,0.9859634,0.011880965,0.0021556367,1645,1,1
Kilifi,2021-10-01,2021,2,2.0,False,2,0.032983746,0.8176923,0.14932394,1645,2,1
Kirinyaga,2021-10-01,2021,1,1.0,False,1,0.996438,0.0027293873,0.0008325721,1645,1,1
Kisii,2021-10-01,2021,1,1.0,False,1,0.9962792,0.0025763987,0.0011443826,1645,1,1
Kisumu,2021-10-01,2021,1,1.0,False,1,0.99521446,0.0036690782,0.0011164591,1645,1,1
Kitui,2021-10-01,2021,2,2.0,False,2,0.100231916,0.765854,0.13391405,1645,2,1
Kwale,2021-10-01,2021,2,2.0,False,2,0.056188516,0.80385965,0.13995183,1645,2,1
Laikipia,2021-10-01,2021,2,2.0,False,3,0.038981367,0.25110057,0.709918,1645,2,1
Lamu,2021-10-01,2021,2,2.0,False,3,0.1105638,0.2650416,0.6243946,1645,2,1
Machakos,2021-10-01,2021,1,1.0,False,1,0.73380405,0.24915309,0.017042851,1645,1,1
Makueni,2021-10-01,2021,2,2.0,False,2,0.12222461,0.72754204,0.15023328,1645,2,1
Mandera,2021-10-01,2021,3,2.0,False,2,0.015837844,0.8540006,0.13016152,1645,2,1
Marsabit,2021-10-01,2021,3,3.0,True,3,0.00501858,0.17010894,0.82487243,1645,3,1
Meru,2021-10-01,2021,1,2.0,False,1,0.76925063,0.2279163,0.0028331254,1645,2,1
Migori,2021-10-01,2021,1,1.0,False,1,0.99395627,0.0050832056,0.0009605397,1645,1,1
Mombasa,2021-10-01,2021,1,1.0,False,1,0.9648618,0.017426925,0.017711291,1645,1,1
Murang'a,2021-10-01,2021,1,1.0,False,1,0.99683243,0.0023725329,0.0007950681,1645,1,1
Nairobi,2021-10-01,2021,1,1.0,False,1,0.9906064,0.008301878,0.0010916302,1645,1,1
Nakuru,2021-10-01,2021,1,1.0,False,1,0.9924638,0.0051403563,0.002395778,1645,1,1
Nandi,2021-10-01,2021,1,1.0,False,1,0.9945879,0.0040273047,0.0013848146,1645,1,1
Narok,2021-10-01,2021,2,2.0,False,2,0.20657982,0.7561689,0.037251316,1645,2,1
Nyamira,2021-10-01,2021,1,1.0,False,1,0.9939194,0.004743804,0.0013368079,1645,1,1
Nyandarua,2021-10-01,2021,1,1.0,False,1,0.9941333,0.004401681,0.0014650158,1645,1,1
Nyeri,2021-10-01,2021,2,2.0,False,1,0.9350491,0.061386045,0.0035647955,1645,2,1
Samburu,2021-10-01,2021,3,2.0,True,3,0.014617767,0.15317135,0.83221096,1645,2,1
Siaya,2021-10-01,2021,1,1.0,False,1,0.9967698,0.0021518944,0.0010783541,1645,1,1
Taita Taveta,2021-10-01,2021,2,2.0,False,2,0.48975205,0.5039268,0.006321155,1645,2,1
Tana River,2021-10-01,2021,3,2.0,False,2,0.02262441,0.82164246,0.1557331,1645,2,1
Tharaka-Nithi,2021-10-01,2021,2,2.0,False,2,0.41805515,0.5020106,0.079934284,1645,2,1
Trans Nzoia,2021-10-01,2021,1,1.0,False,1,0.9962476,0.0025515428,0.0012008017,1645,1,1
Turkana,2021-10-01,2021,3,3.0,True,3,0.008147993,0.34439644,0.6474556,1645,3,1
Uasin Gishu,2021-10-01,2021,1,1.0,False,1,0.994659,0.0034224126,0.0019185274,1645,1,1
Vihiga,2021-10-01,2021,1,1.0,False,1,0.9957682,0.0024436067,0.0017882464,1645,1,1
Wajir,2021-10-01,2021,3,2.0,True,2,0.00748537,0.6865596,0.30595496,1645,2,1
West Pokot,2021-10-01,2021,2,2.0,False,3,0.09224407,0.41454437,0.4932116,1645,2,1
Baringo,2022-02-01,2022,3,2.0,True,2,0.12393495,0.5854421,0.29062292,1786,2,1
Bomet,2022-02-01,2022,1,1.0,False,1,0.990267,0.006180707,0.003552285,1786,1,1
Bungoma,2022-02-01,2022,1,1.0,False,1,0.9870285,0.007922696,0.005048852,1786,1,1
Busia,2022-02-01,2022,1,1.0,False,1,0.9873351,0.0070570735,0.005607887,1786,1,1
Elgeyo-Marakwet,2022-02-01,2022,1,1.0,False,1,0.8003645,0.18140665,0.018228853,1786,1,1
Embu,2022-02-01,2022,2,2.0,False,2,0.30013746,0.66496056,0.034901965,1786,2,1
Garissa,2022-02-01,2022,3,3.0,False,2,0.04262624,0.7082268,0.24914692,1786,3,1
Homa Bay,2022-02-01,2022,1,1.0,False,1,0.98867154,0.006893987,0.004434522,1786,1,1
Isiolo,2022-02-01,2022,3,3.0,False,2,0.024285194,0.5135941,0.4621207,1786,3,1
Kajiado,2022-02-01,2022,2,2.0,False,2,0.084343344,0.7962862,0.119370446,1786,2,1
Kakamega,2022-02-01,2022,1,1.0,False,1,0.98966837,0.0067777894,0.003553901,1786,1,1
Kericho,2022-02-01,2022,1,1.0,False,1,0.99028325,0.006318446,0.0033983605,1786,1,1
Kiambu,2022-02-01,2022,1,1.0,False,1,0.948475,0.036235876,0.015289117,1786,1,1
Kilifi,2022-02-01,2022,2,2.0,False,2,0.06556254,0.88884836,0.0455891,1786,2,1
Kirinyaga,2022-02-01,2022,1,1.0,False,1,0.9867057,0.008714572,0.004579676,1786,1,1
Kisii,2022-02-01,2022,1,1.0,False,1,0.9903628,0.0058861054,0.0037510647,1786,1,1
Kisumu,2022-02-01,2022,1,1.0,False,1,0.98996466,0.006450629,0.003584775,1786,1,1
Kitui,2022-02-01,2022,3,2.0,False,2,0.14827098,0.7255742,0.12615481,1786,2,1
Kwale,2022-02-01,2022,2,2.0,False,2,0.039570875,0.93831044,0.02211863,1786,2,1
Laikipia,2022-02-01,2022,2,2.0,False,2,0.06517766,0.65246236,0.28236,1786,2,1
Lamu,2022-02-01,2022,2,2.0,False,2,0.12104766,0.7858241,0.09312824,1786,2,1
Machakos,2022-02-01,2022,1,1.0,False,2,0.45734975,0.49154842,0.05110182,1786,1,1
Makueni,2022-02-01,2022,3,2.0,False,2,0.15511261,0.60483766,0.2400497,1786,2,1
Mandera,2022-02-01,2022,3,3.0,False,3,0.01115632,0.12227993,0.86656374,1786,3,1
Marsabit,2022-02-01,2022,3,3.0,True,3,0.008562891,0.045080543,0.9463566,1786,3,1
Meru,2022-02-01,2022,1,1.0,False,1,0.5049083,0.47084728,0.024244392,1786,1,1
Migori,2022-02-01,2022,1,1.0,False,1,0.97063464,0.021313764,0.008051549,1786,1,1
Mombasa,2022-02-01,2022,1,1.0,False,1,0.897124,0.077011116,0.025864953,1786,1,1
Murang'a,2022-02-01,2022,1,1.0,False,1,0.98633933,0.009273682,0.0043869754,1786,1,1
Nairobi,2022-02-01,2022,1,1.0,False,1,0.93887347,0.044670142,0.016456407,1786,1,1
Nakuru,2022-02-01,2022,1,1.0,False,1,0.95273256,0.03241953,0.014847951,1786,1,1
Nandi,2022-02-01,2022,1,1.0,False,1,0.9901102,0.006299768,0.0035900476,1786,1,1
Narok,2022-02-01,2022,1,2.0,False,2,0.20683293,0.69136345,0.101803586,1786,2,1
Nyamira,2022-02-01,2022,1,1.0,False,1,0.9899393,0.0057231304,0.0043376097,1786,1,1
Nyandarua,2022-02-01,2022,1,1.0,False,1,0.96747386,0.025412373,0.0071137007,1786,1,1
Nyeri,2022-02-01,2022,2,2.0,False,1,0.8028803,0.18257575,0.014543962,1786,2,1
Samburu,2022-02-01,2022,3,3.0,True,3,0.012892444,0.34727392,0.6398336,1786,3,1
Siaya,2022-02-01,2022,1,1.0,False,1,0.9894376,0.0064466503,0.004115752,1786,1,1
Taita Taveta,2022-02-01,2022,2,2.0,False,2,0.20950837,0.77363616,0.016855517,1786,2,1
Tana River,2022-02-01,2022,3,3.0,False,2,0.07421321,0.81073457,0.11505226,1786,3,1
Tharaka-Nithi,2022-02-01,2022,2,2.0,False,2,0.25459725,0.671552,0.07385075,1786,2,1
Trans Nzoia,2022-02-01,2022,1,1.0,False,1,0.98962575,0.0066754133,0.0036988393,1786,1,1
Turkana,2022-02-01,2022,3,3.0,True,3,0.017725054,0.3010004,0.6812746,1786,3,1
Uasin Gishu,2022-02-01,2022,1,1.0,False,1,0.9730013,0.020632468,0.0063661905,1786,1,1
Vihiga,2022-02-01,2022,1,1.0,False,1,0.98979783,0.0066120154,0.0035900855,1786,1,1
Wajir,2022-02-01,2022,3,3.0,True,3,0.016326541,0.17387632,0.80979717,1786,3,1
West Pokot,2022-02-01,2022,2,2.0,False,2,0.09777188,0.65958744,0.24264064,1786,2,1
Baringo,2022-06-01,2022,3,3.0,True,2,0.14784615,0.5844282,0.26772568,1786,3,1
Bomet,2022-06-01,2022,1,1.0,False,1,0.98985237,0.006314938,0.0038326862,1786,1,1
Bungoma,2022-06-01,2022,1,1.0,False,1,0.9880384,0.00665338,0.005308204,1786,1,1
Busia,2022-06-01,2022,1,1.0,False,1,0.9905405,0.006123866,0.003335633,1786,1,1
Elgeyo-Marakwet,2022-06-01,2022,1,1.0,False,1,0.8640225,0.11190128,0.024076184,1786,1,1
Embu,2022-06-01,2022,2,2.0,False,1,0.5004702,0.46926036,0.030269425,1786,2,1
Garissa,2022-06-01,2022,3,3.0,False,3,0.037854932,0.43929926,0.5228458,1786,3,1
Homa Bay,2022-06-01,2022,1,1.0,False,1,0.987145,0.008267206,0.004587834,1786,1,1
Isiolo,2022-06-01,2022,3,3.0,False,3,0.014692561,0.10396597,0.88134146,1786,3,1
Kajiado,2022-06-01,2022,2,2.0,False,2,0.080241695,0.8418727,0.07788567,1786,2,1
Kakamega,2022-06-01,2022,1,1.0,False,1,0.99078393,0.0056078834,0.0036081679,1786,1,1
Kericho,2022-06-01,2022,1,1.0,False,1,0.99135274,0.005058216,0.00358905,1786,1,1
Kiambu,2022-06-01,2022,1,1.0,False,1,0.9532413,0.031399466,0.015359223,1786,1,1
Kilifi,2022-06-01,2022,2,2.0,False,2,0.05530928,0.7576513,0.1870394,1786,2,1
Kirinyaga,2022-06-01,2022,1,1.0,False,1,0.98437124,0.007989071,0.0076396368,1786,1,1
Kisii,2022-06-01,2022,1,1.0,False,1,0.9860946,0.008593269,0.0053121285,1786,1,1
Kisumu,2022-06-01,2022,1,1.0,False,1,0.9888924,0.006584899,0.0045227665,1786,1,1
Kitui,2022-06-01,2022,3,3.0,False,2,0.048057023,0.8693294,0.08261356,1786,3,1
Kwale,2022-06-01,2022,2,2.0,False,2,0.054977074,0.91105527,0.033967648,1786,2,1
Laikipia,2022-06-01,2022,2,2.0,False,2,0.06757303,0.5939116,0.3385154,1786,2,1
Lamu,2022-06-01,2022,2,2.0,False,2,0.12307504,0.8011144,0.07581056,1786,2,1
Machakos,2022-06-01,2022,1,1.0,False,1,0.56452936,0.39966255,0.035808083,1786,1,1
Makueni,2022-06-01,2022,3,3.0,False,2,0.05316728,0.8535858,0.09324698,1786,3,1
Mandera,2022-06-01,2022,3,3.0,False,3,0.016972788,0.29471344,0.6883138,1786,3,1
Marsabit,2022-06-01,2022,3,3.0,True,3,0.01034603,0.039257795,0.9503962,1786,3,1
Meru,2022-06-01,2022,1,1.0,False,1,0.5650557,0.38375837,0.05118595,1786,1,1
Migori,2022-06-01,2022,1,1.0,False,1,0.96106577,0.029288732,0.009645512,1786,1,1
Mombasa,2022-06-01,2022,1,1.0,False,1,0.90968585,0.053470276,0.036843847,1786,1,1
Murang'a,2022-06-01,2022,1,1.0,False,1,0.9888664,0.006822354,0.004311246,1786,1,1
Nairobi,2022-06-01,2022,1,1.0,False,1,0.928838,0.05498322,0.01617878,1786,1,1
Nakuru,2022-06-01,2022,1,1.0,False,1,0.96094984,0.02745872,0.011591389,1786,1,1
Nandi,2022-06-01,2022,1,1.0,False,1,0.99098444,0.005513508,0.0035020362,1786,1,1
Narok,2022-06-01,2022,1,1.0,False,2,0.460043,0.5061734,0.0337836,1786,1,1
Nyamira,2022-06-01,2022,1,1.0,False,1,0.9874084,0.0072406493,0.005350929,1786,1,1
Nyandarua,2022-06-01,2022,1,1.0,False,1,0.96057695,0.026956929,0.012466143,1786,1,1
Nyeri,2022-06-01,2022,2,2.0,False,1,0.907295,0.077059835,0.015645182,1786,2,1
Samburu,2022-06-01,2022,3,3.0,True,3,0.019090438,0.31717762,0.66373193,1786,3,1
Siaya,2022-06-01,2022,1,1.0,False,1,0.98854864,0.0073404037,0.004111031,1786,1,1
Taita Taveta,2022-06-01,2022,2,2.0,False,2,0.0956091,0.8751744,0.029216457,1786,2,1
Tana River,2022-06-01,2022,3,3.0,False,2,0.040538378,0.5434973,0.41596437,1786,3,1
Tharaka-Nithi,2022-06-01,2022,3,2.0,False,2,0.19521861,0.72573286,0.079048514,1786,2,1
Trans Nzoia,2022-06-01,2022,1,1.0,False,1,0.9837923,0.0084466515,0.0077610915,1786,1,1
Turkana,2022-06-01,2022,3,3.0,True,2,0.036254976,0.60964423,0.35410073,1786,3,1
Uasin Gishu,2022-06-01,2022,1,1.0,False,1,0.96623635,0.02369661,0.010066997,1786,1,1
Vihiga,2022-06-01,2022,1,1.0,False,1,0.99108434,0.0055626105,0.003353124,1786,1,1
Wajir,2022-06-01,2022,3,3.0,True,3,0.024395805,0.16840094,0.80720323,1786,3,1
West Pokot,2022-06-01,2022,2,2.0,False,2,0.06959279,0.5828864,0.34752083,1786,2,1
Baringo,2022-10-01,2022,3,3.0,True,2,0.21502785,0.4665243,0.3184479,1786,3,1
Bomet,2022-10-01,2022,1,1.0,False,1,0.9862635,0.008513287,0.005223233,1786,1,1
Bungoma,2022-10-01,2022,1,1.0,False,1,0.9850573,0.008498294,0.006444435,1786,1,1
Busia,2022-10-01,2022,1,1.0,False,1,0.9848787,0.0076982332,0.007423075,1786,1,1
Elgeyo-Marakwet,2022-10-01,2022,1,1.0,False,1,0.8544184,0.11524727,0.030334327,1786,1,1
Embu,2022-10-01,2022,2,2.0,False,2,0.15500687,0.79317015,0.051822994,1786,2,1
Garissa,2022-10-01,2022,3,3.0,False,3,0.012747032,0.07273646,0.91451645,1786,3,1
Homa Bay,2022-10-01,2022,1,1.0,False,1,0.98659384,0.008094336,0.0053118058,1786,1,1
Isiolo,2022-10-01,2022,3,3.0,False,3,0.007442942,0.026601747,0.9659553,1786,3,1
Kajiado,2022-10-01,2022,2,2.0,False,2,0.0801498,0.78441936,0.13543081,1786,2,1
Kakamega,2022-10-01,2022,1,1.0,False,1,0.9873505,0.007906748,0.0047427886,1786,1,1
Kericho,2022-10-01,2022,1,1.0,False,1,0.985457,0.008842791,0.0057001817,1786,1,1
Kiambu,2022-10-01,2022,1,1.0,False,1,0.9144665,0.061720748,0.023812773,1786,1,1
Kilifi,2022-10-01,2022,2,2.0,False,2,0.082260594,0.5050867,0.41265267,1786,2,1
Kirinyaga,2022-10-01,2022,1,1.0,False,1,0.9808358,0.011419321,0.0077448552,1786,1,1
Kisii,2022-10-01,2022,1,1.0,False,1,0.98667276,0.008268273,0.0050589596,1786,1,1
Kisumu,2022-10-01,2022,1,1.0,False,1,0.9857329,0.008319121,0.0059479196,1786,1,1
Kitui,2022-10-01,2022,3,3.0,False,2,0.054959998,0.6233889,0.3216511,1786,3,1
Kwale,2022-10-01,2022,2,2.0,False,2,0.06850268,0.8882316,0.043265764,1786,2,1
Laikipia,2022-10-01,2022,2,2.0,False,2,0.047627356,0.56247455,0.3898981,1786,2,1
Lamu,2022-10-01,2022,2,2.0,False,2,0.24954285,0.7014285,0.04902874,1786,2,1
Machakos,2022-10-01,2022,1,1.0,False,2,0.31094003,0.610196,0.07886398,1786,1,1
Makueni,2022-10-01,2022,3,3.0,False,2,0.032835364,0.78057647,0.18658814,1786,3,1
Mandera,2022-10-01,2022,3,3.0,False,3,0.026342437,0.18704438,0.78661317,1786,3,1
Marsabit,2022-10-01,2022,3,3.0,True,3,0.00826585,0.029945279,0.96178883,1786,3,1
Meru,2022-10-01,2022,1,1.0,False,2,0.29858544,0.667941,0.033473544,1786,1,1
Migori,2022-10-01,2022,1,1.0,False,1,0.96050346,0.028221035,0.011275529,1786,1,1
Mombasa,2022-10-01,2022,1,1.0,False,1,0.907184,0.073877744,0.018938206,1786,1,1
Murang'a,2022-10-01,2022,1,1.0,False,1,0.98101854,0.011669274,0.007312195,1786,1,1
Nairobi,2022-10-01,2022,1,1.0,False,1,0.85907483,0.09119513,0.04973006,1786,1,1
Nakuru,2022-10-01,2022,1,1.0,False,1,0.9548915,0.028836736,0.016271826,1786,1,1
Nandi,2022-10-01,2022,1,1.0,False,1,0.98565567,0.009018249,0.0053260187,1786,1,1
Narok,2022-10-01,2022,1,1.0,False,2,0.35087815,0.45909902,0.19002287,1786,1,1
Nyamira,2022-10-01,2022,1,1.0,False,1,0.9848763,0.009196521,0.0059271716,1786,1,1
Nyandarua,2022-10-01,2022,1,1.0,False,1,0.932225,0.043987088,0.023787882,1786,1,1
Nyeri,2022-10-01,2022,2,2.0,False,1,0.86559767,0.093379706,0.041022647,1786,2,1
Samburu,2022-10-01,2022,3,3.0,True,2,0.023656908,0.5162471,0.46009597,1786,3,1
Siaya,2022-10-01,2022,1,1.0,False,1,0.9853094,0.009216056,0.0054745176,1786,1,1
Taita Taveta,2022-10-01,2022,2,2.0,False,2,0.17277081,0.77315146,0.05407779,1786,2,1
Tana River,2022-10-01,2022,3,3.0,False,3,0.012533205,0.17496336,0.81250346,1786,3,1
Tharaka-Nithi,2022-10-01,2022,3,3.0,False,2,0.07520929,0.8504993,0.07429141,1786,3,1
Trans Nzoia,2022-10-01,2022,1,1.0,False,1,0.98560333,0.008218987,0.006177649,1786,1,1
Turkana,2022-10-01,2022,3,3.0,True,3,0.027092619,0.46142712,0.5114803,1786,3,1
Uasin Gishu,2022-10-01,2022,1,1.0,False,1,0.97285175,0.019260895,0.00788734,1786,1,1
Vihiga,2022-10-01,2022,1,1.0,False,1,0.9864855,0.008131481,0.0053829905,1786,1,1
Wajir,2022-10-01,2022,3,3.0,True,3,0.010117824,0.068656966,0.92122525,1786,3,1
West Pokot,2022-10-01,2022,2,2.0,False,2,0.09845438,0.49947566,0.40206993,1786,2,1
Baringo,2023-02-01,2023,2,3.0,True,2,0.20823783,0.71741503,0.07434711,1927,3,1
Bomet,2023-02-01,2023,1,1.0,False,1,0.98524994,0.008462177,0.0062879017,1927,1,1
Bungoma,2023-02-01,2023,1,1.0,False,1,0.9848514,0.009240822,0.005907781,1927,1,1
Busia,2023-02-01,2023,1,1.0,False,1,0.98376596,0.008865816,0.0073681576,1927,1,1
Elgeyo-Marakwet,2023-02-01,2023,1,1.0,False,1,0.89787143,0.08543215,0.016696384,1927,1,1
Embu,2023-02-01,2023,2,2.0,False,2,0.22494225,0.7411333,0.03392445,1927,2,1
Garissa,2023-02-01,2023,3,3.0,False,3,0.024034403,0.45172614,0.5242394,1927,3,1
Homa Bay,2023-02-01,2023,1,1.0,False,1,0.98561656,0.008502949,0.0058804923,1927,1,1
Isiolo,2023-02-01,2023,3,3.0,False,3,0.012401876,0.035416067,0.9521821,1927,3,1
Kajiado,2023-02-01,2023,2,2.0,False,2,0.10732596,0.5727932,0.31988087,1927,2,1
Kakamega,2023-02-01,2023,1,1.0,False,1,0.9832896,0.0095239235,0.0071864054,1927,1,1
Kericho,2023-02-01,2023,1,1.0,False,1,0.98377717,0.00953239,0.0066904654,1927,1,1
Kiambu,2023-02-01,2023,1,1.0,False,1,0.9208715,0.050531406,0.028597094,1927,1,1
Kilifi,2023-02-01,2023,2,2.0,False,2,0.05126705,0.8129504,0.13578257,1927,2,1
Kirinyaga,2023-02-01,2023,1,1.0,False,1,0.97973937,0.012852886,0.007407753,1927,1,1
Kisii,2023-02-01,2023,1,1.0,False,1,0.9846296,0.009219298,0.0061511095,1927,1,1
Kisumu,2023-02-01,2023,1,1.0,False,1,0.98482287,0.009236937,0.005940179,1927,1,1
Kitui,2023-02-01,2023,3,3.0,False,2,0.0495149,0.6031674,0.3473177,1927,3,1
Kwale,2023-02-01,2023,2,2.0,False,2,0.046351265,0.91813415,0.035514608,1927,2,1
Laikipia,2023-02-01,2023,2,2.0,False,2,0.057629537,0.7408535,0.20151696,1927,2,1
Lamu,2023-02-01,2023,2,2.0,False,2,0.093532756,0.82331496,0.0831523,1927,2,1
Machakos,2023-02-01,2023,1,1.0,False,2,0.27135888,0.6348346,0.093806535,1927,1,1
Makueni,2023-02-01,2023,3,3.0,False,2,0.07994142,0.71910906,0.20094948,1927,3,1
Mandera,2023-02-01,2023,3,3.0,False,3,0.010963205,0.030541075,0.95849574,1927,3,1
Marsabit,2023-02-01,2023,3,3.0,True,3,0.012808183,0.030315725,0.95687604,1927,3,1
Meru,2023-02-01,2023,1,1.0,False,2,0.37769687,0.5895033,0.03279988,1927,1,1
Migori,2023-02-01,2023,1,1.0,False,1,0.9617483,0.026691888,0.011559849,1927,1,1
Mombasa,2023-02-01,2023,1,1.0,False,1,0.9024749,0.07071373,0.026811354,1927,1,1
Murang'a,2023-02-01,2023,1,1.0,False,1,0.9834178,0.009951656,0.006630478,1927,1,1
Nairobi,2023-02-01,2023,1,1.0,False,1,0.91072965,0.05332241,0.035947938,1927,1,1
Nakuru,2023-02-01,2023,1,1.0,False,1,0.966081,0.025116012,0.0088029895,1927,1,1
Nandi,2023-02-01,2023,1,1.0,False,1,0.98452985,0.008758318,0.0067118104,1927,1,1
Narok,2023-02-01,2023,2,1.0,False,2,0.39052087,0.5277445,0.08173463,1927,1,1
Nyamira,2023-02-01,2023,1,1.0,False,1,0.98330647,0.009924301,0.0067692795,1927,1,1
Nyandarua,2023-02-01,2023,1,1.0,False,1,0.9593084,0.030677335,0.010014318,1927,1,1
Nyeri,2023-02-01,2023,2,2.0,False,1,0.741188,0.22935173,0.029460236,1927,2,1
Samburu,2023-02-01,2023,3,3.0,True,3,0.021277862,0.41774288,0.56097925,1927,3,1
Siaya,2023-02-01,2023,1,1.0,False,1,0.98341596,0.009723769,0.006860303,1927,1,1
Taita Taveta,2023-02-01,2023,2,2.0,False,2,0.10971901,0.83791924,0.052361723,1927,2,1
Tana River,2023-02-01,2023,3,3.0,False,3,0.020371746,0.46370476,0.5159235,1927,3,1
Tharaka-Nithi,2023-02-01,2023,2,3.0,False,2,0.10807196,0.8142912,0.077636875,1927,3,1
Trans Nzoia,2023-02-01,2023,1,1.0,False,1,0.9844289,0.009827929,0.005743196,1927,1,1
Turkana,2023-02-01,2023,3,3.0,True,3,0.02403228,0.2499563,0.7260114,1927,3,1
Uasin Gishu,2023-02-01,2023,1,1.0,False,1,0.9547173,0.033543184,0.01173956,1927,1,1
Vihiga,2023-02-01,2023,1,1.0,False,1,0.98469967,0.009148792,0.0061515467,1927,1,1
Wajir,2023-02-01,2023,3,3.0,True,3,0.015111515,0.05846109,0.92642736,1927,3,1
West Pokot,2023-02-01,2023,2,2.0,False,3,0.120737575,0.39929947,0.47996294,1927,2,1
Baringo,2023-06-01,2023,2,2.0,True,2,0.28147292,0.63394415,0.08458293,1927,2,1
Bomet,2023-06-01,2023,1,1.0,False,1,0.9854536,0.00888446,0.005661953,1927,1,1
Bungoma,2023-06-01,2023,1,1.0,False,1,0.98488,0.0078684855,0.007251551,1927,1,1
Busia,2023-06-01,2023,1,1.0,False,1,0.98709214,0.006986839,0.0059210896,1927,1,1
Elgeyo-Marakwet,2023-06-01,2023,1,1.0,False,1,0.91491365,0.0702858,0.014800568,1927,1,1
Embu,2023-06-01,2023,3,2.0,False,2,0.3620011,0.58326596,0.05473294,1927,2,1
Garissa,2023-06-01,2023,3,3.0,False,2,0.105158955,0.842241,0.05260008,1927,3,1
Homa Bay,2023-06-01,2023,1,1.0,False,1,0.9846846,0.008648646,0.0066667707,1927,1,1
Isiolo,2023-06-01,2023,3,3.0,False,2,0.10087159,0.5861803,0.3129481,1927,3,1
Kajiado,2023-06-01,2023,2,2.0,False,2,0.073994316,0.87973875,0.04626695,1927,2,1
Kakamega,2023-06-01,2023,1,1.0,False,1,0.9850862,0.008585833,0.006328004,1927,1,1
Kericho,2023-06-01,2023,1,1.0,False,1,0.9869206,0.007361879,0.0057174764,1927,1,1
Kiambu,2023-06-01,2023,1,1.0,False,1,0.9299642,0.045042064,0.024993794,1927,1,1
Kilifi,2023-06-01,2023,2,2.0,False,2,0.11347432,0.7716175,0.114908196,1927,2,1
Kirinyaga,2023-06-01,2023,1,1.0,False,1,0.983566,0.009613958,0.006820051,1927,1,1
Kisii,2023-06-01,2023,1,1.0,False,1,0.9850749,0.008531179,0.0063939136,1927,1,1
Kisumu,2023-06-01,2023,1,1.0,False,1,0.98683536,0.007369289,0.00579538,1927,1,1
Kitui,2023-06-01,2023,3,3.0,False,2,0.32442927,0.5674224,0.10814835,1927,3,1
Kwale,2023-06-01,2023,2,2.0,False,2,0.06710543,0.9034997,0.029394863,1927,2,1
Laikipia,2023-06-01,2023,3,2.0,False,2,0.24762584,0.66950464,0.0828695,1927,2,1
Lamu,2023-06-01,2023,2,2.0,False,2,0.29077196,0.6084208,0.10080724,1927,2,1
Machakos,2023-06-01,2023,1,1.0,False,1,0.48251143,0.453402,0.06408648,1927,1,1
Makueni,2023-06-01,2023,3,3.0,False,2,0.08122733,0.8351322,0.08364045,1927,3,1
Mandera,2023-06-01,2023,3,3.0,False,2,0.2306647,0.5523516,0.21698375,1927,3,1
Marsabit,2023-06-01,2023,3,3.0,True,2,0.09390021,0.6878039,0.21829589,1927,3,1
Meru,2023-06-01,2023,1,1.0,False,1,0.7931939,0.19489582,0.011910316,1927,1,1
Migori,2023-06-01,2023,1,1.0,False,1,0.96973354,0.0200085,0.010257949,1927,1,1
Mombasa,2023-06-01,2023,1,1.0,False,1,0.9150827,0.07019127,0.014725993,1927,1,1
Murang'a,2023-06-01,2023,1,1.0,False,1,0.983805,0.009599251,0.006595795,1927,1,1
Nairobi,2023-06-01,2023,1,1.0,False,1,0.9261738,0.057822026,0.016004214,1927,1,1
Nakuru,2023-06-01,2023,1,1.0,False,1,0.96915853,0.019617585,0.01122387,1927,1,1
Nandi,2023-06-01,2023,1,1.0,False,1,0.9868896,0.0073148464,0.005795525,1927,1,1
Narok,2023-06-01,2023,2,2.0,False,2,0.45858333,0.47787574,0.0635409,1927,2,1
Nyamira,2023-06-01,2023,1,1.0,False,1,0.98589283,0.007540166,0.006567017,1927,1,1
Nyandarua,2023-06-01,2023,1,1.0,False,1,0.96677446,0.023688437,0.009537086,1927,1,1
Nyeri,2023-06-01,2023,3,2.0,False,1,0.79091704,0.18901776,0.02006514,1927,2,1
Samburu,2023-06-01,2023,3,3.0,True,2,0.1038024,0.76617485,0.13002269,1927,3,1
Siaya,2023-06-01,2023,1,1.0,False,1,0.9847525,0.0087414,0.006506098,1927,1,1
Taita Taveta,2023-06-01,2023,2,2.0,False,2,0.06382736,0.9157219,0.020450687,1927,2,1
Tana River,2023-06-01,2023,3,3.0,False,2,0.0937222,0.77972156,0.12655619,1927,3,1
Tharaka-Nithi,2023-06-01,2023,3,2.0,False,1,0.5033624,0.4637987,0.03283888,1927,2,1
Trans Nzoia,2023-06-01,2023,1,1.0,False,1,0.9840544,0.008762291,0.0071832687,1927,1,1
Turkana,2023-06-01,2023,3,3.0,True,2,0.1141607,0.73241234,0.15342698,1927,3,1
Uasin Gishu,2023-06-01,2023,1,1.0,False,1,0.9725857,0.018488882,0.008925373,1927,1,1
Vihiga,2023-06-01,2023,1,1.0,False,1,0.98688495,0.007314812,0.0058001974,1927,1,1
Wajir,2023-06-01,2023,3,3.0,True,2,0.12115008,0.758693,0.120156914,1927,3,1
West Pokot,2023-06-01,2023,2,2.0,False,2,0.13839641,0.7912646,0.070339054,1927,2,1
Baringo,2023-10-01,2023,2,2.0,True,2,0.135591,0.4886523,0.37575674,1927,2,1
Bomet,2023-10-01,2023,1,1.0,False,1,0.98218185,0.009779273,0.008038865,1927,1,1
Bungoma,2023-10-01,2023,1,1.0,False,1,0.9841489,0.009243019,0.0066080913,1927,1,1
Busia,2023-10-01,2023,1,1.0,False,1,0.9832351,0.009831675,0.0069332123,1927,1,1
Elgeyo-Marakwet,2023-10-01,2023,1,1.0,False,1,0.87296885,0.100422,0.026609208,1927,1,1
Embu,2023-10-01,2023,2,3.0,False,2,0.44718704,0.51053,0.04228298,1927,3,1
Garissa,2023-10-01,2023,3,3.0,False,2,0.06305681,0.8540272,0.08291594,1927,3,1
Homa Bay,2023-10-01,2023,1,1.0,False,1,0.9825172,0.009616244,0.007866541,1927,1,1
Isiolo,2023-10-01,2023,3,3.0,False,2,0.04687094,0.6758793,0.27724975,1927,3,1
Kajiado,2023-10-01,2023,2,2.0,False,2,0.073366664,0.5622312,0.36440215,1927,2,1
Kakamega,2023-10-01,2023,1,1.0,False,1,0.9829831,0.009592178,0.007424688,1927,1,1
Kericho,2023-10-01,2023,1,1.0,False,1,0.97524446,0.015428466,0.009327037,1927,1,1
Kiambu,2023-10-01,2023,1,1.0,False,1,0.93891424,0.038921088,0.022164706,1927,1,1
Kilifi,2023-10-01,2023,2,2.0,False,2,0.10840975,0.8675944,0.023995856,1927,2,1
Kirinyaga,2023-10-01,2023,1,1.0,False,1,0.9795956,0.011148107,0.009256319,1927,1,1
Kisii,2023-10-01,2023,1,1.0,False,1,0.98182446,0.009944651,0.008230948,1927,1,1
Kisumu,2023-10-01,2023,1,1.0,False,1,0.9818989,0.010391591,0.007709523,1927,1,1
Kitui,2023-10-01,2023,2,3.0,False,2,0.21611248,0.6778593,0.10602819,1927,3,1
Kwale,2023-10-01,2023,2,2.0,False,2,0.12216396,0.8584492,0.019386817,1927,2,1
Laikipia,2023-10-01,2023,2,3.0,False,2,0.07235727,0.74692607,0.1807167,1927,3,1
Lamu,2023-10-01,2023,2,2.0,False,2,0.1353612,0.7628422,0.10179662,1927,2,1
Machakos,2023-10-01,2023,1,1.0,False,1,0.5989741,0.34190637,0.05911954,1927,1,1
Makueni,2023-10-01,2023,2,3.0,False,2,0.13634089,0.7256814,0.1379777,1927,3,1
Mandera,2023-10-01,2023,3,3.0,False,3,0.061491143,0.45773062,0.48077828,1927,3,1
Marsabit,2023-10-01,2023,3,3.0,True,2,0.05207047,0.80196995,0.14595963,1927,3,1
Meru,2023-10-01,2023,1,1.0,False,1,0.52481496,0.45628566,0.018899376,1927,1,1
Migori,2023-10-01,2023,1,1.0,False,1,0.9587355,0.02597624,0.015288235,1927,1,1
Mombasa,2023-10-01,2023,1,1.0,False,1,0.9208356,0.066454835,0.012709518,1927,1,1
Murang'a,2023-10-01,2023,1,1.0,False,1,0.98366976,0.009094985,0.007235284,1927,1,1
Nairobi,2023-10-01,2023,1,1.0,False,1,0.9092992,0.067182444,0.023518385,1927,1,1
Nakuru,2023-10-01,2023,1,1.0,False,1,0.95567703,0.027710848,0.016612142,1927,1,1
Nandi,2023-10-01,2023,1,1.0,False,1,0.9821582,0.010692271,0.0071495683,1927,1,1
Narok,2023-10-01,2023,2,2.0,False,2,0.24800095,0.6728001,0.07919894,1927,2,1
Nyamira,2023-10-01,2023,1,1.0,False,1,0.98054916,0.011688022,0.0077628167,1927,1,1
Nyandarua,2023-10-01,2023,1,1.0,False,1,0.9554143,0.030313728,0.014272027,1927,1,1
Nyeri,2023-10-01,2023,2,3.0,False,1,0.7085076,0.2641699,0.027322538,1927,3,1
Samburu,2023-10-01,2023,3,3.0,True,2,0.043521754,0.7148855,0.24159275,1927,3,1
Siaya,2023-10-01,2023,1,1.0,False,1,0.9827849,0.009888691,0.007326402,1927,1,1
Taita Taveta,2023-10-01,2023,2,2.0,False,2,0.22301131,0.75327,0.023718677,1927,2,1
Tana River,2023-10-01,2023,3,3.0,False,2,0.038314745,0.9194474,0.042237785,1927,3,1
Tharaka-Nithi,2023-10-01,2023,2,3.0,False,2,0.39870605,0.5423163,0.058977608,1927,3,1
Trans Nzoia,2023-10-01,2023,1,1.0,False,1,0.97835857,0.013510506,0.008130959,1927,1,1
Turkana,2023-10-01,2023,3,3.0,True,2,0.0412865,0.57243055,0.38628295,1927,3,1
Uasin Gishu,2023-10-01,2023,1,1.0,False,1,0.9558017,0.029780218,0.014418114,1927,1,1
Vihiga,2023-10-01,2023,1,1.0,False,1,0.97975177,0.012309295,0.007938952,1927,1,1
Wajir,2023-10-01,2023,3,3.0,True,2,0.045371275,0.8530252,0.1016035,1927,3,1
West Pokot,2023-10-01,2023,2,2.0,False,3,0.048676595,0.46777254,0.4835509,1927,2,1
Baringo,2024-02-01,2024,2,2.0,True,2,0.26990125,0.64559644,0.08450231,2068,2,1
Bomet,2024-02-01,2024,1,1.0,False,1,0.9782009,0.011363659,0.010435441,2068,1,1
Bungoma,2024-02-01,2024,1,1.0,False,1,0.97769827,0.012671404,0.009630399,2068,1,1
Busia,2024-02-01,2024,1,1.0,False,1,0.97864586,0.011867137,0.009487007,2068,1,1
Elgeyo-Marakwet,2024-02-01,2024,1,1.0,False,1,0.90399784,0.07982621,0.016175939,2068,1,1
Embu,2024-02-01,2024,2,2.0,False,1,0.5376632,0.42745063,0.034886166,2068,2,1
Garissa,2024-02-01,2024,3,3.0,False,2,0.20473507,0.70917183,0.086093046,2068,3,1
Homa Bay,2024-02-01,2024,1,1.0,False,1,0.97983575,0.011917852,0.008246441,2068,1,1
Isiolo,2024-02-01,2024,3,3.0,False,2,0.15298921,0.49311447,0.35389635,2068,3,1
Kajiado,2024-02-01,2024,2,2.0,False,2,0.14812241,0.78523064,0.06664693,2068,2,1
Kakamega,2024-02-01,2024,1,1.0,False,1,0.9741649,0.015567422,0.010267677,2068,1,1
Kericho,2024-02-01,2024,1,1.0,False,1,0.9783086,0.012697567,0.008993831,2068,1,1
Kiambu,2024-02-01,2024,1,1.0,False,1,0.9485932,0.034948897,0.016457869,2068,1,1
Kilifi,2024-02-01,2024,2,2.0,False,2,0.39877665,0.542803,0.058420315,2068,2,1
Kirinyaga,2024-02-01,2024,1,1.0,False,1,0.98023844,0.011029123,0.0087325,2068,1,1
Kisii,2024-02-01,2024,1,1.0,False,1,0.9787758,0.011022139,0.010201991,2068,1,1
Kisumu,2024-02-01,2024,1,1.0,False,1,0.9801707,0.011121655,0.008707623,2068,1,1
Kitui,2024-02-01,2024,2,2.0,False,2,0.35748407,0.5332004,0.10931552,2068,2,1
Kwale,2024-02-01,2024,2,2.0,False,2,0.44277832,0.5211071,0.03611461,2068,2,1
Laikipia,2024-02-01,2024,2,2.0,False,2,0.15515585,0.770655,0.07418915,2068,2,1
Lamu,2024-02-01,2024,2,2.0,False,1,0.51306385,0.33852708,0.1484091,2068,2,1
Machakos,2024-02-01,2024,1,1.0,False,1,0.70890427,0.24634047,0.044755302,2068,1,1
Makueni,2024-02-01,2024,2,2.0,False,2,0.26701158,0.60019004,0.13279837,2068,2,1
Mandera,2024-02-01,2024,3,3.0,False,2,0.18192136,0.56180185,0.25627682,2068,3,1
Marsabit,2024-02-01,2024,3,3.0,True,2,0.09337105,0.6498279,0.25680104,2068,3,1
Meru,2024-02-01,2024,1,1.0,False,1,0.7493557,0.23392618,0.016718125,2068,1,1
Migori,2024-02-01,2024,1,1.0,False,1,0.9560613,0.03112247,0.012816227,2068,1,1
Mombasa,2024-02-01,2024,1,1.0,False,1,0.9373741,0.04613622,0.016489683,2068,1,1
Murang'a,2024-02-01,2024,1,1.0,False,1,0.9792196,0.01135816,0.009422308,2068,1,1
Nairobi,2024-02-01,2024,1,1.0,False,1,0.9345949,0.051913086,0.013492015,2068,1,1
Nakuru,2024-02-01,2024,1,1.0,False,1,0.96494603,0.023782548,0.011271447,2068,1,1
Nandi,2024-02-01,2024,1,1.0,False,1,0.97530043,0.015091147,0.0096084485,2068,1,1
Narok,2024-02-01,2024,1,2.0,False,2,0.43415484,0.50806206,0.0577831,2068,2,1
Nyamira,2024-02-01,2024,1,1.0,False,1,0.97809917,0.011915385,0.00998542,2068,1,1
Nyandarua,2024-02-01,2024,1,1.0,False,1,0.9674721,0.020237962,0.012289938,2068,1,1
Nyeri,2024-02-01,2024,2,2.0,False,1,0.7745651,0.20738705,0.018047886,2068,2,1
Samburu,2024-02-01,2024,2,3.0,True,2,0.07235638,0.7828644,0.14477919,2068,3,1
Siaya,2024-02-01,2024,1,1.0,False,1,0.9807148,0.010843939,0.00844119,2068,1,1
Taita Taveta,2024-02-01,2024,1,2.0,False,1,0.6649543,0.29703808,0.038007624,2068,2,1
Tana River,2024-02-01,2024,2,3.0,False,2,0.08220118,0.8395743,0.07822455,2068,3,1
Tharaka-Nithi,2024-02-01,2024,2,2.0,False,1,0.5206793,0.4009753,0.07834542,2068,2,1
Trans Nzoia,2024-02-01,2024,1,1.0,False,1,0.97951996,0.011928325,0.008551701,2068,1,1
Turkana,2024-02-01,2024,3,3.0,True,2,0.05638206,0.5564778,0.38714015,2068,3,1
Uasin Gishu,2024-02-01,2024,1,1.0,False,1,0.96050864,0.027738016,0.011753311,2068,1,1
Vihiga,2024-02-01,2024,1,1.0,False,1,0.9774968,0.013697722,0.00880539,2068,1,1
Wajir,2024-02-01,2024,3,3.0,True,2,0.14055006,0.6684058,0.1910442,2068,3,1
West Pokot,2024-02-01,2024,1,2.0,False,2,0.124507114,0.8033613,0.072131544,2068,2,1
Baringo,2024-06-01,2024,2,2.0,True,2,0.42672572,0.43943855,0.13383573,2068,2,1
Bomet,2024-06-01,2024,1,1.0,False,1,0.97852725,0.012261688,0.009210991,2068,1,1
Bungoma,2024-06-01,2024,1,1.0,False,1,0.97951347,0.011223415,0.00926316,2068,1,1
Busia,2024-06-01,2024,1,1.0,False,1,0.97771263,0.0131508345,0.009136561,2068,1,1
Elgeyo-Marakwet,2024-06-01,2024,1,1.0,False,1,0.9210113,0.06095425,0.018034425,2068,1,1
Embu,2024-06-01,2024,2,2.0,False,1,0.6240548,0.32779315,0.04815203,2068,2,1
Garissa,2024-06-01,2024,2,3.0,False,2,0.10433781,0.8569942,0.038667984,2068,3,1
Homa Bay,2024-06-01,2024,1,1.0,False,1,0.9800591,0.010280711,0.009660229,2068,1,1
Isiolo,2024-06-01,2024,2,3.0,False,2,0.12602785,0.64484787,0.22912431,2068,3,1
Kajiado,2024-06-01,2024,2,2.0,False,2,0.29820415,0.6409267,0.060869105,2068,2,1
Kakamega,2024-06-01,2024,1,1.0,False,1,0.97795415,0.012777614,0.009268298,2068,1,1
Kericho,2024-06-01,2024,1,1.0,False,1,0.97951883,0.011563791,0.008917433,2068,1,1
Kiambu,2024-06-01,2024,1,1.0,False,1,0.94749445,0.03628322,0.016222307,2068,1,1
Kilifi,2024-06-01,2024,2,2.0,False,2,0.13906097,0.8337847,0.027154272,2068,2,1
Kirinyaga,2024-06-01,2024,1,1.0,False,1,0.9783507,0.0121662235,0.009483115,2068,1,1
Kisii,2024-06-01,2024,1,1.0,False,1,0.97870517,0.011851031,0.009443782,2068,1,1
Kisumu,2024-06-01,2024,1,1.0,False,1,0.97807443,0.012403038,0.009522563,2068,1,1
Kitui,2024-06-01,2024,2,2.0,False,1,0.5270435,0.3683022,0.10465425,2068,2,1
Kwale,2024-06-01,2024,2,2.0,False,2,0.15855248,0.8196283,0.021819182,2068,2,1
Laikipia,2024-06-01,2024,2,2.0,False,2,0.4115,0.4363784,0.15212159,2068,2,1
Lamu,2024-06-01,2024,2,2.0,False,2,0.32971555,0.6280228,0.04226162,2068,2,1
Machakos,2024-06-01,2024,1,1.0,False,1,0.7734846,0.18766837,0.038847037,2068,1,1
Makueni,2024-06-01,2024,2,2.0,False,2,0.35359988,0.5632947,0.083105385,2068,2,1
Mandera,2024-06-01,2024,2,3.0,False,2,0.27537653,0.5023125,0.22231105,2068,3,1
Marsabit,2024-06-01,2024,2,3.0,True,2,0.21167026,0.5737998,0.21452993,2068,3,1
Meru,2024-06-01,2024,1,1.0,False,1,0.8068431,0.17430735,0.018849611,2068,1,1
Migori,2024-06-01,2024,1,1.0,False,1,0.9557097,0.02383422,0.020456072,2068,1,1
Mombasa,2024-06-01,2024,1,1.0,False,1,0.91382885,0.06742918,0.018741963,2068,1,1
Murang'a,2024-06-01,2024,1,1.0,False,1,0.97856474,0.012246135,0.009189188,2068,1,1
Nairobi,2024-06-01,2024,1,1.0,False,1,0.9297663,0.055684373,0.014549387,2068,1,1
Nakuru,2024-06-01,2024,1,1.0,False,1,0.9693467,0.01729828,0.013354981,2068,1,1
Nandi,2024-06-01,2024,1,1.0,False,1,0.97812134,0.012628975,0.009249704,2068,1,1
Narok,2024-06-01,2024,1,1.0,False,1,0.5785942,0.3735018,0.04790399,2068,1,1
Nyamira,2024-06-01,2024,1,1.0,False,1,0.9807566,0.010404922,0.008838513,2068,1,1
Nyandarua,2024-06-01,2024,1,1.0,False,1,0.9713481,0.015506369,0.013145478,2068,1,1
Nyeri,2024-06-01,2024,2,2.0,False,1,0.79249555,0.18881741,0.018687036,2068,2,1
Samburu,2024-06-01,2024,2,2.0,True,2,0.27457687,0.56110686,0.16431627,2068,2,1
Siaya,2024-06-01,2024,1,1.0,False,1,0.98075575,0.010019289,0.00922497,2068,1,1
Taita Taveta,2024-06-01,2024,1,1.0,False,2,0.4115442,0.56847864,0.019977147,2068,1,1
Tana River,2024-06-01,2024,2,2.0,False,2,0.089622684,0.860903,0.049474347,2068,2,1
Tharaka-Nithi,2024-06-01,2024,2,2.0,False,1,0.5633005,0.35612524,0.080574244,2068,2,1
Trans Nzoia,2024-06-01,2024,1,1.0,False,1,0.9809224,0.00985274,0.0092248665,2068,1,1
Turkana,2024-06-01,2024,2,3.0,True,2,0.3264064,0.46155724,0.21203634,2068,3,1
Uasin Gishu,2024-06-01,2024,1,1.0,False,1,0.97087514,0.017204726,0.011920133,2068,1,1
Vihiga,2024-06-01,2024,1,1.0,False,1,0.9800663,0.010853405,0.009080314,2068,1,1
Wajir,2024-06-01,2024,2,3.0,True,2,0.11510184,0.7856367,0.09926137,2068,3,1
West Pokot,2024-06-01,2024,1,1.0,False,2,0.30779368,0.6210801,0.071126215,2068,1,1
Baringo,2024-10-01,2024,2,2.0,True,2,0.3355175,0.5397663,0.12471616,2068,2,1
Bomet,2024-10-01,2024,1,1.0,False,1,0.9770577,0.013223246,0.009719026,2068,1,1
Bungoma,2024-10-01,2024,1,1.0,False,1,0.98007727,0.009753131,0.010169526,2068,1,1
Busia,2024-10-01,2024,1,1.0,False,1,0.98020315,0.011001093,0.008795785,2068,1,1
Elgeyo-Marakwet,2024-10-01,2024,1,1.0,False,1,0.9345319,0.04577532,0.019692775,2068,1,1
Embu,2024-10-01,2024,2,2.0,False,2,0.4675808,0.49662635,0.035792835,2068,2,1
Garissa,2024-10-01,2024,2,2.0,False,2,0.07270829,0.8343109,0.09298082,2068,2,1
Homa Bay,2024-10-01,2024,1,1.0,False,1,0.9803182,0.010916566,0.008765318,2068,1,1
Isiolo,2024-10-01,2024,2,2.0,False,2,0.14297205,0.62054616,0.23648177,2068,2,1
Kajiado,2024-10-01,2024,2,2.0,False,2,0.15807176,0.7841646,0.05776365,2068,2,1
Kakamega,2024-10-01,2024,1,1.0,False,1,0.9781237,0.010408508,0.0114678,2068,1,1
Kericho,2024-10-01,2024,1,1.0,False,1,0.97895163,0.011209054,0.009839319,2068,1,1
Kiambu,2024-10-01,2024,1,1.0,False,1,0.9446649,0.029530236,0.025804847,2068,1,1
Kilifi,2024-10-01,2024,2,2.0,False,2,0.04679747,0.87241656,0.08078599,2068,2,1
Kirinyaga,2024-10-01,2024,1,1.0,False,1,0.9781175,0.013081932,0.008800472,2068,1,1
Kisii,2024-10-01,2024,1,1.0,False,1,0.9724975,0.011319577,0.016182892,2068,1,1
Kisumu,2024-10-01,2024,1,1.0,False,1,0.9745267,0.014590115,0.010883166,2068,1,1
Kitui,2024-10-01,2024,2,2.0,False,2,0.34509572,0.57502186,0.07988243,2068,2,1
Kwale,2024-10-01,2024,2,2.0,False,2,0.07390697,0.88967407,0.03641898,2068,2,1
Laikipia,2024-10-01,2024,2,2.0,False,2,0.16006361,0.7624968,0.07743958,2068,2,1
Lamu,2024-10-01,2024,2,2.0,False,2,0.1416939,0.7747693,0.08353679,2068,2,1
Machakos,2024-10-01,2024,1,1.0,False,1,0.6045338,0.34535044,0.050115723,2068,1,1
Makueni,2024-10-01,2024,2,2.0,False,2,0.3347015,0.5970851,0.06821334,2068,2,1
Mandera,2024-10-01,2024,2,2.0,False,2,0.15601835,0.5506828,0.2932989,2068,2,1
Marsabit,2024-10-01,2024,3,2.0,True,2,0.15079199,0.68510455,0.16410348,2068,2,1
Meru,2024-10-01,2024,1,1.0,False,1,0.66688716,0.30655846,0.02655443,2068,1,1
Migori,2024-10-01,2024,1,1.0,False,1,0.93556553,0.044497713,0.019936789,2068,1,1
Mombasa,2024-10-01,2024,1,1.0,False,1,0.91320044,0.057513714,0.029285824,2068,1,1
Murang'a,2024-10-01,2024,1,1.0,False,1,0.9765329,0.01222347,0.011243625,2068,1,1
Nairobi,2024-10-01,2024,1,1.0,False,1,0.91764784,0.058588594,0.023763515,2068,1,1
Nakuru,2024-10-01,2024,1,1.0,False,1,0.9591195,0.02667564,0.014204828,2068,1,1
Nandi,2024-10-01,2024,1,1.0,False,1,0.98050404,0.01014915,0.009346839,2068,1,1
Narok,2024-10-01,2024,1,1.0,False,2,0.2737903,0.6780968,0.048112925,2068,1,1
Nyamira,2024-10-01,2024,1,1.0,False,1,0.98029846,0.010777792,0.008923752,2068,1,1
Nyandarua,2024-10-01,2024,1,1.0,False,1,0.96226513,0.023074483,0.014660384,2068,1,1
Nyeri,2024-10-01,2024,2,2.0,False,1,0.8238729,0.1525819,0.023545235,2068,2,1
Samburu,2024-10-01,2024,2,2.0,True,2,0.11202585,0.7952414,0.09273272,2068,2,1
Siaya,2024-10-01,2024,1,1.0,False,1,0.97876394,0.0116844345,0.009551641,2068,1,1
Taita Taveta,2024-10-01,2024,1,1.0,False,2,0.23841242,0.7245435,0.037044052,2068,1,1
Tana River,2024-10-01,2024,2,2.0,False,2,0.08142979,0.76427495,0.15429525,2068,2,1
Tharaka-Nithi,2024-10-01,2024,2,2.0,False,1,0.58577806,0.34944594,0.064776026,2068,2,1
Trans Nzoia,2024-10-01,2024,1,1.0,False,1,0.9740724,0.014221119,0.011706499,2068,1,1
Turkana,2024-10-01,2024,3,2.0,True,2,0.113932095,0.44946027,0.4366077,2068,2,1
Uasin Gishu,2024-10-01,2024,1,1.0,False,1,0.9653849,0.021179488,0.013435592,2068,1,1
Vihiga,2024-10-01,2024,1,1.0,False,1,0.9718892,0.011640846,0.016469948,2068,1,1
Wajir,2024-10-01,2024,2,2.0,True,2,0.12463096,0.709668,0.16570102,2068,2,1
West Pokot,2024-10-01,2024,1,1.0,False,2,0.21621777,0.70711505,0.0766672,2068,1,1
Baringo,2026-02-01,2026,2,2.0,True,2,0.37849325,0.5540992,0.06740755,2209,2,1
Bomet,2026-02-01,2026,1,1.0,False,1,0.99070954,0.0063034915,0.0029870237,2209,1,1
Bungoma,2026-02-01,2026,1,1.0,False,1,0.99132216,0.0055454443,0.003132386,2209,1,1
Busia,2026-02-01,2026,1,1.0,False,1,0.99258876,0.0046753287,0.002735891,2209,1,1
Elgeyo-Marakwet,2026-02-01,2026,1,1.0,False,1,0.95391387,0.039280925,0.0068052,2209,1,1
Embu,2026-02-01,2026,2,2.0,False,2,0.31193304,0.6594354,0.02863154,2209,2,1
Garissa,2026-02-01,2026,3,2.0,False,3,0.011697267,0.2280208,0.7602819,2209,2,1
Homa Bay,2026-02-01,2026,1,1.0,False,1,0.99230003,0.0046831826,0.003016777,2209,1,1
Isiolo,2026-02-01,2026,3,2.0,False,3,0.009835819,0.13805841,0.85210574,2209,2,1
Kajiado,2026-02-01,2026,2,2.0,False,2,0.06611695,0.9127954,0.0210876,2209,2,1
Kakamega,2026-02-01,2026,1,1.0,False,1,0.99130213,0.0057016397,0.0029961807,2209,1,1
Kericho,2026-02-01,2026,1,1.0,False,1,0.9934396,0.0039715245,0.0025888481,2209,1,1
Kiambu,2026-02-01,2026,1,1.0,False,1,0.97317433,0.021036498,0.0057892036,2209,1,1
Kilifi,2026-02-01,2026,2,2.0,False,2,0.06409731,0.86400336,0.07189927,2209,2,1
Kirinyaga,2026-02-01,2026,1,1.0,False,1,0.9928625,0.00475701,0.0023804894,2209,1,1
Kisii,2026-02-01,2026,1,1.0,False,1,0.9914716,0.005593729,0.0029347432,2209,1,1
Kisumu,2026-02-01,2026,1,1.0,False,1,0.99261934,0.0043216483,0.0030590734,2209,1,1
Kitui,2026-02-01,2026,3,2.0,False,3,0.03938101,0.41297048,0.5476485,2209,2,1
Kwale,2026-02-01,2026,2,2.0,False,2,0.07095014,0.916242,0.012807845,2209,2,1
Laikipia,2026-02-01,2026,2,2.0,False,2,0.10375816,0.86311203,0.03312988,2209,2,1
Lamu,2026-02-01,2026,3,2.0,False,2,0.045035098,0.82922643,0.12573849,2209,2,1
Machakos,2026-02-01,2026,1,1.0,False,1,0.6367445,0.34554565,0.01770988,2209,1,1
Makueni,2026-02-01,2026,3,2.0,False,2,0.047777805,0.82946986,0.122752294,2209,2,1
Mandera,2026-02-01,2026,3,3.0,False,3,0.008815964,0.08954915,0.9016349,2209,3,1
Marsabit,2026-02-01,2026,3,3.0,True,3,0.01026428,0.12808661,0.8616491,2209,3,1
Meru,2026-02-01,2026,3,2.0,False,1,0.51511693,0.47284496,0.012038137,2209,2,1
Migori,2026-02-01,2026,1,1.0,False,1,0.98043376,0.014593611,0.004972566,2209,1,1
Mombasa,2026-02-01,2026,1,1.0,False,1,0.9499421,0.039029013,0.01102893,2209,1,1
Murang'a,2026-02-01,2026,1,1.0,False,1,0.99119544,0.0061271433,0.0026774425,2209,1,1
Nairobi,2026-02-01,2026,1,1.0,False,1,0.9592925,0.03386266,0.0068448535,2209,1,1
Nakuru,2026-02-01,2026,1,1.0,False,1,0.983453,0.013048219,0.0034987528,2209,1,1
Nandi,2026-02-01,2026,1,1.0,False,1,0.99355,0.003961404,0.002488643,2209,1,1
Narok,2026-02-01,2026,2,2.0,False,2,0.18968901,0.7857981,0.024512926,2209,2,1
Nyamira,2026-02-01,2026,1,1.0,False,1,0.9897249,0.007147601,0.00312754,2209,1,1
Nyandarua,2026-02-01,2026,1,1.0,False,1,0.98193675,0.01390819,0.00415509,2209,1,1
Nyeri,2026-02-01,2026,2,2.0,False,1,0.72705585,0.2530145,0.019929694,2209,2,1
Samburu,2026-02-01,2026,3,2.0,True,2,0.02112522,0.8124613,0.16641344,2209,2,1
Siaya,2026-02-01,2026,1,1.0,False,1,0.9909532,0.0051848874,0.0038618897,2209,1,1
Taita Taveta,2026-02-01,2026,2,2.0,False,2,0.12502739,0.8559393,0.019033227,2209,2,1
Tana River,2026-02-01,2026,3,2.0,False,3,0.015277776,0.37625834,0.6084639,2209,2,1
Tharaka-Nithi,2026-02-01,2026,2,2.0,False,2,0.297715,0.6182094,0.08407558,2209,2,1
Trans Nzoia,2026-02-01,2026,1,1.0,False,1,0.99151915,0.005507268,0.0029736198,2209,1,1
Turkana,2026-02-01,2026,3,3.0,True,2,0.027617969,0.57571924,0.3966628,2209,3,1
Uasin Gishu,2026-02-01,2026,1,1.0,False,1,0.98860675,0.008398221,0.0029950321,2209,1,1
Vihiga,2026-02-01,2026,1,1.0,False,1,0.99216485,0.0051206704,0.0027145068,2209,1,1
Wajir,2026-02-01,2026,3,2.0,True,3,0.01054198,0.14302073,0.8464373,2209,2,1
West Pokot,2026-02-01,2026,2,2.0,False,2,0.18794096,0.7819248,0.030134209,2209,2,1
Baringo,2026-06-01,2026,2,2.0,True,2,0.31023157,0.6593194,0.030449042,2209,2,1
Bomet,2026-06-01,2026,1,1.0,False,1,0.99076134,0.0054468415,0.003791822,2209,1,1
Bungoma,2026-06-01,2026,1,1.0,False,1,0.9907665,0.0049343756,0.004299101,2209,1,1
Busia,2026-06-01,2026,1,1.0,False,1,0.9888093,0.0075468947,0.0036438147,2209,1,1
Elgeyo-Marakwet,2026-06-01,2026,1,1.0,False,1,0.95143056,0.043807123,0.004762288,2209,1,1
Embu,2026-06-01,2026,2,2.0,False,1,0.5284766,0.44423696,0.027286412,2209,2,1
Garissa,2026-06-01,2026,3,3.0,False,2,0.04488926,0.8974193,0.05769147,2209,3,1
Homa Bay,2026-06-01,2026,1,1.0,False,1,0.99086386,0.0065169362,0.002619243,2209,1,1
Isiolo,2026-06-01,2026,3,3.0,False,2,0.025742704,0.8262441,0.14801313,2209,3,1
Kajiado,2026-06-01,2026,2,2.0,False,2,0.19568537,0.7785167,0.025797956,2209,2,1
Kakamega,2026-06-01,2026,1,1.0,False,1,0.9911334,0.006029602,0.002837027,2209,1,1
Kericho,2026-06-01,2026,1,1.0,False,1,0.9916113,0.0058494154,0.0025393637,2209,1,1
Kiambu,2026-06-01,2026,1,1.0,False,1,0.9727184,0.021728719,0.005552823,2209,1,1
Kilifi,2026-06-01,2026,2,2.0,False,2,0.23239988,0.7468116,0.020788494,2209,2,1
Kirinyaga,2026-06-01,2026,1,1.0,False,1,0.99039286,0.0065796976,0.0030274272,2209,1,1
Kisii,2026-06-01,2026,1,1.0,False,1,0.99018806,0.0045394134,0.0052725384,2209,1,1
Kisumu,2026-06-01,2026,1,1.0,False,1,0.990166,0.0065689497,0.0032650556,2209,1,1
Kitui,2026-06-01,2026,2,3.0,False,2,0.2832879,0.65647537,0.060236722,2209,3,1
Kwale,2026-06-01,2026,2,2.0,False,2,0.2154522,0.7692166,0.015331173,2209,2,1
Laikipia,2026-06-01,2026,2,2.0,False,2,0.1402624,0.81996256,0.039775047,2209,2,1
Lamu,2026-06-01,2026,2,3.0,False,2,0.27814928,0.6929546,0.028896095,2209,3,1
Machakos,2026-06-01,2026,1,1.0,False,1,0.7086933,0.27567288,0.015633784,2209,1,1
Makueni,2026-06-01,2026,2,3.0,False,2,0.32106936,0.6146559,0.064274736,2209,3,1
Mandera,2026-06-01,2026,3,3.0,False,2,0.05424484,0.8066719,0.13908327,2209,3,1
Marsabit,2026-06-01,2026,3,3.0,True,2,0.034961283,0.7705186,0.19452015,2209,3,1
Meru,2026-06-01,2026,2,3.0,False,1,0.66410154,0.32719404,0.008704394,2209,3,1
Migori,2026-06-01,2026,1,1.0,False,1,0.98217475,0.013940546,0.0038846855,2209,1,1
Mombasa,2026-06-01,2026,1,1.0,False,1,0.9356553,0.05789312,0.006451651,2209,1,1
Murang'a,2026-06-01,2026,1,1.0,False,1,0.99168265,0.0056236195,0.0026937479,2209,1,1
Nairobi,2026-06-01,2026,1,1.0,False,1,0.88570476,0.106425755,0.007869492,2209,1,1
Nakuru,2026-06-01,2026,1,1.0,False,1,0.9878413,0.009427795,0.0027308967,2209,1,1
Nandi,2026-06-01,2026,1,1.0,False,1,0.9924137,0.0052932613,0.0022930775,2209,1,1
Narok,2026-06-01,2026,2,2.0,False,2,0.33755428,0.632051,0.030394744,2209,2,1
Nyamira,2026-06-01,2026,1,1.0,False,1,0.9917197,0.0037648468,0.0045154495,2209,1,1
Nyandarua,2026-06-01,2026,1,1.0,False,1,0.98577756,0.01096938,0.0032530937,2209,1,1
Nyeri,2026-06-01,2026,2,2.0,False,1,0.83317035,0.1540504,0.012779255,2209,2,1
Samburu,2026-06-01,2026,3,3.0,True,2,0.054981288,0.87770915,0.06730955,2209,3,1
Siaya,2026-06-01,2026,1,1.0,False,1,0.9896953,0.0066076275,0.0036970573,2209,1,1
Taita Taveta,2026-06-01,2026,2,2.0,False,2,0.3171791,0.67098767,0.011833187,2209,2,1
Tana River,2026-06-01,2026,3,3.0,False,2,0.056642663,0.87926793,0.06408943,2209,3,1
Tharaka-Nithi,2026-06-01,2026,2,2.0,False,2,0.36074337,0.58676714,0.052489445,2209,2,1
Trans Nzoia,2026-06-01,2026,1,1.0,False,1,0.9923207,0.004528278,0.0031510075,2209,1,1
Turkana,2026-06-01,2026,3,3.0,True,2,0.05764607,0.71641535,0.2259386,2209,3,1
Uasin Gishu,2026-06-01,2026,1,1.0,False,1,0.9871171,0.010138503,0.002744392,2209,1,1
Vihiga,2026-06-01,2026,1,1.0,False,1,0.99006397,0.0066605983,0.003275427,2209,1,1
Wajir,2026-06-01,2026,3,3.0,True,2,0.055117287,0.80264443,0.14223824,2209,3,1
West Pokot,2026-06-01,2026,2,2.0,False,2,0.18883583,0.78052884,0.030635346,2209,2,1
