county,reporting_date,year,ipc_class,previous_class,is_study_county,predicted_class,prob_class1,prob_class2,prob_class3,n_train,persistence_class,lead_months
Baringo,2016-02-01,2016,1,1.0,True,2,0.06420743,0.636866,0.2989266,940,1,3
Bomet,2016-02-01,2016,1,1.0,False,1,0.9169054,0.037444964,0.045649633,940,1,3
Bungoma,2016-02-01,2016,1,1.0,False,1,0.91679394,0.037927613,0.04527837,940,1,3
Busia,2016-02-01,2016,1,1.0,False,1,0.91545707,0.04220462,0.04233828,940,1,3
Elgeyo-Marakwet,2016-02-01,2016,1,1.0,False,1,0.6347684,0.24755967,0.117671944,940,1,3
Embu,2016-02-01,2016,1,1.0,False,2,0.27740318,0.5533942,0.16920261,940,1,3
Garissa,2016-02-01,2016,1,2.0,False,2,0.051824693,0.88986075,0.058314513,940,2,3
Homa Bay,2016-02-01,2016,1,1.0,False,1,0.909245,0.0412689,0.04948611,940,1,3
Isiolo,2016-02-01,2016,2,3.0,False,3,0.11129709,0.37263292,0.51606995,940,3,3
Kajiado,2016-02-01,2016,1,1.0,False,2,0.07182753,0.79074985,0.13742258,940,1,3
Kakamega,2016-02-01,2016,1,1.0,False,1,0.90903956,0.038804393,0.052156027,940,1,3
Kericho,2016-02-01,2016,1,1.0,False,1,0.915495,0.03845532,0.046049774,940,1,3
Kiambu,2016-02-01,2016,1,1.0,False,1,0.7779442,0.1245391,0.09751675,940,1,3
Kilifi,2016-02-01,2016,1,1.0,False,2,0.11289116,0.8426661,0.044442683,940,1,3
Kirinyaga,2016-02-01,2016,1,1.0,False,1,0.9281056,0.037655942,0.03423846,940,1,3
Kisii,2016-02-01,2016,1,1.0,False,1,0.9155697,0.038999494,0.04543081,940,1,3
Kisumu,2016-02-01,2016,1,1.0,False,1,0.91742,0.03777303,0.04480698,940,1,3
Kitui,2016-02-01,2016,1,2.0,False,2,0.1390208,0.5487587,0.3122205,940,2,3
Kwale,2016-02-01,2016,1,1.0,False,2,0.08766878,0.8650673,0.047263853,940,1,3
Laikipia,2016-02-01,2016,1,2.0,False,2,0.06715405,0.62605083,0.30679512,940,2,3
Lamu,2016-02-01,2016,1,1.0,False,2,0.14365952,0.77888143,0.07745906,940,1,3
Machakos,2016-02-01,2016,1,1.0,False,2,0.16715068,0.74567115,0.08717822,940,1,3
Makueni,2016-02-01,2016,1,2.0,False,2,0.08666897,0.56157535,0.35175565,940,2,3
Mandera,2016-02-01,2016,2,2.0,False,2,0.14249563,0.59777236,0.25973204,940,2,3
Marsabit,2016-02-01,2016,2,2.0,True,2,0.09502692,0.525683,0.37929016,940,2,3
Meru,2016-02-01,2016,1,1.0,False,2,0.44219753,0.4961749,0.061627578,940,1,3
Migori,2016-02-01,2016,1,1.0,False,1,0.8032275,0.12424231,0.07253027,940,1,3
Mombasa,2016-02-01,2016,1,1.0,False,1,0.88275266,0.07507703,0.04217032,940,1,3
Murang'a,2016-02-01,2016,1,1.0,False,1,0.91223574,0.04003647,0.047727767,940,1,3
Nairobi,2016-02-01,2016,1,1.0,False,1,0.8182116,0.108271234,0.07351719,940,1,3
Nakuru,2016-02-01,2016,1,1.0,False,1,0.84676903,0.07769137,0.07553962,940,1,3
Nandi,2016-02-01,2016,1,1.0,False,1,0.92144936,0.036521852,0.042028815,940,1,3
Narok,2016-02-01,2016,1,1.0,False,2,0.093648486,0.7861662,0.120185316,940,1,3
Nyamira,2016-02-01,2016,1,1.0,False,1,0.9160499,0.037715286,0.046234842,940,1,3
Nyandarua,2016-02-01,2016,1,1.0,False,1,0.7691352,0.12656373,0.104301065,940,1,3
Nyeri,2016-02-01,2016,1,1.0,False,1,0.909842,0.037459698,0.05269822,940,1,3
Samburu,2016-02-01,2016,2,2.0,True,2,0.044326622,0.7269163,0.22875707,940,2,3
Siaya,2016-02-01,2016,1,1.0,False,1,0.9116437,0.038695317,0.049660996,940,1,3
Taita Taveta,2016-02-01,2016,1,1.0,False,2,0.120246276,0.80876213,0.07099153,940,1,3
Tana River,2016-02-01,2016,1,2.0,False,2,0.043334633,0.8956395,0.06102583,940,2,3
Tharaka-Nithi,2016-02-01,2016,1,1.0,False,2,0.2884139,0.56835854,0.14322753,940,1,3
Trans Nzoia,2016-02-01,2016,1,1.0,False,1,0.9114741,0.039491255,0.049034677,940,1,3
Turkana,2016-02-01,2016,2,2.0,True,2,0.043763913,0.656645,0.29959112,940,2,3
Uasin Gishu,2016-02-01,2016,1,1.0,False,1,0.8195611,0.09925934,0.08117951,940,1,3
Vihiga,2016-02-01,2016,1,1.0,False,1,0.90952456,0.037311565,0.053163826,940,1,3
Wajir,2016-02-01,2016,2,2.0,True,2,0.09140482,0.7203312,0.18826401,940,2,3
West Pokot,2016-02-01,2016,1,2.0,False,2,0.062016055,0.58097684,0.35700712,940,2,3
Baringo,2016-06-01,2016,1,1.0,True,2,0.0743956,0.86983883,0.05576564,940,1,3
Bomet,2016-06-01,2016,1,1.0,False,1,0.92754036,0.03767065,0.034788966,940,1,3
Bungoma,2016-06-01,2016,1,1.0,False,1,0.92863584,0.03714922,0.03421495,940,1,3
Busia,2016-06-01,2016,1,1.0,False,1,0.9249984,0.039150447,0.035851136,940,1,3
Elgeyo-Marakwet,2016-06-01,2016,1,1.0,False,1,0.64049757,0.29961455,0.059887916,940,1,3
Embu,2016-06-01,2016,1,1.0,False,2,0.38785884,0.5367128,0.07542834,940,1,3
Garissa,2016-06-01,2016,2,1.0,False,2,0.05190248,0.8916147,0.05648286,940,1,3
Homa Bay,2016-06-01,2016,1,1.0,False,1,0.9224929,0.039507374,0.03799976,940,1,3
Isiolo,2016-06-01,2016,2,2.0,False,2,0.12031979,0.6809541,0.19872612,940,2,3
Kajiado,2016-06-01,2016,1,1.0,False,2,0.056796454,0.90184426,0.04135927,940,1,3
Kakamega,2016-06-01,2016,1,1.0,False,1,0.9257401,0.03912941,0.03513043,940,1,3
Kericho,2016-06-01,2016,1,1.0,False,1,0.92806,0.037606884,0.03433308,940,1,3
Kiambu,2016-06-01,2016,1,1.0,False,1,0.83492786,0.1076335,0.057438597,940,1,3
Kilifi,2016-06-01,2016,1,1.0,False,2,0.084378116,0.8669457,0.04867618,940,1,3
Kirinyaga,2016-06-01,2016,1,1.0,False,1,0.92993325,0.036380745,0.033685964,940,1,3
Kisii,2016-06-01,2016,1,1.0,False,1,0.92741084,0.038280148,0.034309063,940,1,3
Kisumu,2016-06-01,2016,1,1.0,False,1,0.92872876,0.037052803,0.034218375,940,1,3
Kitui,2016-06-01,2016,1,1.0,False,2,0.13831015,0.7232012,0.13848867,940,1,3
Kwale,2016-06-01,2016,1,1.0,False,2,0.087152004,0.8578462,0.05500179,940,1,3
Laikipia,2016-06-01,2016,1,1.0,False,2,0.0868645,0.8631289,0.050006628,940,1,3
Lamu,2016-06-01,2016,1,1.0,False,2,0.13805635,0.80911386,0.052829806,940,1,3
Machakos,2016-06-01,2016,1,1.0,False,2,0.17403883,0.77494216,0.051018976,940,1,3
Makueni,2016-06-01,2016,1,1.0,False,2,0.09091455,0.800787,0.10829848,940,1,3
Mandera,2016-06-01,2016,2,2.0,False,2,0.110110655,0.7236969,0.16619249,940,2,3
Marsabit,2016-06-01,2016,2,2.0,True,2,0.13046557,0.5972703,0.27226412,940,2,3
Meru,2016-06-01,2016,1,1.0,False,1,0.47939944,0.4554296,0.065171026,940,1,3
Migori,2016-06-01,2016,1,1.0,False,1,0.8113387,0.12694989,0.06171139,940,1,3
Mombasa,2016-06-01,2016,1,1.0,False,1,0.8560426,0.0930703,0.050887074,940,1,3
Murang'a,2016-06-01,2016,1,1.0,False,1,0.92596513,0.03914775,0.034887135,940,1,3
Nairobi,2016-06-01,2016,1,1.0,False,1,0.8449548,0.100454085,0.054591123,940,1,3
Nakuru,2016-06-01,2016,1,1.0,False,1,0.88665354,0.07486921,0.03847727,940,1,3
Nandi,2016-06-01,2016,1,1.0,False,1,0.9293494,0.03640937,0.03424124,940,1,3
Narok,2016-06-01,2016,1,1.0,False,2,0.11319374,0.841376,0.045430217,940,1,3
Nyamira,2016-06-01,2016,1,1.0,False,1,0.92872876,0.037052803,0.034218375,940,1,3
Nyandarua,2016-06-01,2016,1,1.0,False,1,0.89478266,0.06887496,0.036342334,940,1,3
Nyeri,2016-06-01,2016,1,1.0,False,1,0.9311179,0.0355261,0.03335595,940,1,3
Samburu,2016-06-01,2016,2,2.0,True,2,0.044021115,0.9118978,0.044081107,940,2,3
Siaya,2016-06-01,2016,1,1.0,False,1,0.9258646,0.038787372,0.035348006,940,1,3
Taita Taveta,2016-06-01,2016,1,1.0,False,2,0.14268048,0.79876626,0.058553234,940,1,3
Tana River,2016-06-01,2016,2,1.0,False,2,0.050333947,0.8952786,0.054387536,940,1,3
Tharaka-Nithi,2016-06-01,2016,1,1.0,False,2,0.34554648,0.5785333,0.07592021,940,1,3
Trans Nzoia,2016-06-01,2016,1,1.0,False,1,0.926322,0.03835371,0.035324305,940,1,3
Turkana,2016-06-01,2016,2,2.0,True,2,0.049020696,0.9011447,0.04983467,940,2,3
Uasin Gishu,2016-06-01,2016,1,1.0,False,1,0.83146423,0.11234803,0.056187704,940,1,3
Vihiga,2016-06-01,2016,1,1.0,False,1,0.9279366,0.03787418,0.034189187,940,1,3
Wajir,2016-06-01,2016,2,2.0,True,2,0.11202253,0.7417638,0.14621365,940,2,3
West Pokot,2016-06-01,2016,1,1.0,False,2,0.067945,0.8849061,0.047148943,940,1,3
Baringo,2016-10-01,2016,1,1.0,True,2,0.0759661,0.8780689,0.045965,940,1,3
Bomet,2016-10-01,2016,1,1.0,False,1,0.9304438,0.03562412,0.033932097,940,1,3
Bungoma,2016-10-01,2016,1,1.0,False,1,0.9298983,0.03583228,0.034269452,940,1,3
Busia,2016-10-01,2016,1,1.0,False,1,0.9220027,0.03806788,0.039929405,940,1,3
Elgeyo-Marakwet,2016-10-01,2016,1,1.0,False,1,0.7345206,0.2136229,0.051856473,940,1,3
Embu,2016-10-01,2016,1,1.0,False,2,0.35242245,0.5633044,0.08427314,940,1,3
Garissa,2016-10-01,2016,2,2.0,False,3,0.080497295,0.38515294,0.5343498,940,2,3
Homa Bay,2016-10-01,2016,1,1.0,False,1,0.92206,0.037622143,0.040317867,940,1,3
Isiolo,2016-10-01,2016,2,2.0,False,2,0.06407447,0.8244129,0.11151265,940,2,3
Kajiado,2016-10-01,2016,1,1.0,False,2,0.09697654,0.78927773,0.11374575,940,1,3
Kakamega,2016-10-01,2016,1,1.0,False,1,0.9235485,0.040624317,0.03582717,940,1,3
Kericho,2016-10-01,2016,1,1.0,False,1,0.92894113,0.036963575,0.03409525,940,1,3
Kiambu,2016-10-01,2016,1,1.0,False,1,0.83189106,0.10661378,0.061495163,940,1,3
Kilifi,2016-10-01,2016,2,1.0,False,2,0.10207898,0.80464697,0.09327407,940,1,3
Kirinyaga,2016-10-01,2016,1,1.0,False,1,0.928175,0.036850616,0.03497438,940,1,3
Kisii,2016-10-01,2016,1,1.0,False,1,0.9277212,0.037602857,0.03467598,940,1,3
Kisumu,2016-10-01,2016,1,1.0,False,1,0.928327,0.036708225,0.034964718,940,1,3
Kitui,2016-10-01,2016,2,1.0,False,2,0.09897946,0.6897826,0.21123788,940,1,3
Kwale,2016-10-01,2016,2,1.0,False,2,0.07440857,0.8545405,0.07105092,940,1,3
Laikipia,2016-10-01,2016,2,1.0,False,2,0.17950982,0.67583776,0.14465238,940,1,3
Lamu,2016-10-01,2016,1,1.0,False,2,0.13622399,0.7853393,0.078436695,940,1,3
Machakos,2016-10-01,2016,1,1.0,False,2,0.35209435,0.5514179,0.09648776,940,1,3
Makueni,2016-10-01,2016,2,1.0,False,2,0.06317405,0.756006,0.1808199,940,1,3
Mandera,2016-10-01,2016,2,2.0,False,2,0.06353109,0.87507355,0.06139535,940,2,3
Marsabit,2016-10-01,2016,2,2.0,True,2,0.08725879,0.74625856,0.16648266,940,2,3
Meru,2016-10-01,2016,1,1.0,False,1,0.49488655,0.43910483,0.0660086,940,1,3
Migori,2016-10-01,2016,1,1.0,False,1,0.76972723,0.14826332,0.08200948,940,1,3
Mombasa,2016-10-01,2016,1,1.0,False,1,0.83065367,0.090061754,0.079284504,940,1,3
Murang'a,2016-10-01,2016,1,1.0,False,1,0.927349,0.037394933,0.035256118,940,1,3
Nairobi,2016-10-01,2016,1,1.0,False,1,0.85353696,0.093093246,0.05336985,940,1,3
Nakuru,2016-10-01,2016,1,1.0,False,1,0.8870057,0.0735713,0.03942302,940,1,3
Nandi,2016-10-01,2016,1,1.0,False,1,0.92941636,0.03647098,0.034112692,940,1,3
Narok,2016-10-01,2016,1,1.0,False,2,0.10922351,0.8443294,0.046447042,940,1,3
Nyamira,2016-10-01,2016,1,1.0,False,1,0.92760843,0.037453916,0.03493765,940,1,3
Nyandarua,2016-10-01,2016,1,1.0,False,1,0.8345971,0.107700095,0.057702832,940,1,3
Nyeri,2016-10-01,2016,1,1.0,False,1,0.92880005,0.03598009,0.035219885,940,1,3
Samburu,2016-10-01,2016,2,2.0,True,2,0.076543145,0.8458542,0.077602595,940,2,3
Siaya,2016-10-01,2016,1,1.0,False,1,0.92042327,0.039337344,0.040239334,940,1,3
Taita Taveta,2016-10-01,2016,2,1.0,False,2,0.18318175,0.7552969,0.061521407,940,1,3
Tana River,2016-10-01,2016,2,2.0,False,3,0.08431149,0.31231064,0.6033779,940,2,3
Tharaka-Nithi,2016-10-01,2016,1,1.0,False,2,0.3400494,0.56907195,0.09087866,940,1,3
Trans Nzoia,2016-10-01,2016,1,1.0,False,1,0.9238337,0.039503604,0.03666266,940,1,3
Turkana,2016-10-01,2016,2,2.0,True,2,0.045106936,0.90623945,0.04865367,940,2,3
Uasin Gishu,2016-10-01,2016,1,1.0,False,1,0.8777538,0.079711944,0.042534202,940,1,3
Vihiga,2016-10-01,2016,1,1.0,False,1,0.9293521,0.036537595,0.034110334,940,1,3
Wajir,2016-10-01,2016,2,2.0,True,2,0.070189156,0.7649375,0.16487329,940,2,3
West Pokot,2016-10-01,2016,2,1.0,False,2,0.08748297,0.85744864,0.05506835,940,1,3
Baringo,2017-02-01,2017,2,1.0,True,2,0.12719652,0.72030276,0.15250067,1081,1,3
Bomet,2017-02-01,2017,1,1.0,False,1,0.9229705,0.036858745,0.04017079,1081,1,3
Bungoma,2017-02-01,2017,1,1.0,False,1,0.91074836,0.04338372,0.045867953,1081,1,3
Busia,2017-02-01,2017,1,1.0,False,1,0.90005136,0.04315871,0.056789927,1081,1,3
Elgeyo-Marakwet,2017-02-01,2017,1,1.0,False,1,0.64672124,0.23115312,0.12212568,1081,1,3
Embu,2017-02-01,2017,2,1.0,False,2,0.19050233,0.557757,0.25174063,1081,1,3
Garissa,2017-02-01,2017,3,2.0,False,3,0.051387087,0.24308345,0.7055295,1081,2,3
Homa Bay,2017-02-01,2017,1,1.0,False,1,0.9126933,0.037669502,0.049637243,1081,1,3
Isiolo,2017-02-01,2017,2,2.0,False,3,0.08580481,0.4527494,0.46144572,1081,2,3
Kajiado,2017-02-01,2017,2,1.0,False,2,0.10248064,0.75777054,0.13974877,1081,1,3
Kakamega,2017-02-01,2017,1,1.0,False,1,0.8988026,0.044127345,0.05707013,1081,1,3
Kericho,2017-02-01,2017,1,1.0,False,1,0.9166955,0.037135586,0.04616889,1081,1,3
Kiambu,2017-02-01,2017,1,1.0,False,1,0.75544775,0.12865604,0.11589627,1081,1,3
Kilifi,2017-02-01,2017,2,2.0,False,2,0.12776563,0.7691598,0.103074595,1081,2,3
Kirinyaga,2017-02-01,2017,1,1.0,False,1,0.9248406,0.03771515,0.037444234,1081,1,3
Kisii,2017-02-01,2017,1,1.0,False,1,0.9271629,0.03704662,0.035790484,1081,1,3
Kisumu,2017-02-01,2017,1,1.0,False,1,0.9110732,0.039515853,0.049411,1081,1,3
Kitui,2017-02-01,2017,2,2.0,False,2,0.12126134,0.5515318,0.32720685,1081,2,3
Kwale,2017-02-01,2017,2,2.0,False,2,0.11013188,0.76712734,0.122740805,1081,2,3
Laikipia,2017-02-01,2017,2,2.0,False,2,0.062070988,0.533433,0.40449595,1081,2,3
Lamu,2017-02-01,2017,3,1.0,False,2,0.12759486,0.7137051,0.15870005,1081,1,3
Machakos,2017-02-01,2017,2,1.0,False,2,0.21940938,0.53991514,0.24067548,1081,1,3
Makueni,2017-02-01,2017,2,2.0,False,2,0.07848647,0.6841003,0.23741326,1081,2,3
Mandera,2017-02-01,2017,3,2.0,False,2,0.09720806,0.4537616,0.44903037,1081,2,3
Marsabit,2017-02-01,2017,3,2.0,True,3,0.055128492,0.1861689,0.75870264,1081,2,3
Meru,2017-02-01,2017,2,1.0,False,2,0.44564635,0.45128167,0.10307193,1081,1,3
Migori,2017-02-01,2017,1,1.0,False,1,0.7773372,0.13699365,0.08566915,1081,1,3
Mombasa,2017-02-01,2017,1,1.0,False,1,0.80000305,0.09353775,0.10645924,1081,1,3
Murang'a,2017-02-01,2017,1,1.0,False,1,0.92172974,0.037529763,0.040740512,1081,1,3
Nairobi,2017-02-01,2017,1,1.0,False,1,0.8119651,0.092420675,0.09561422,1081,1,3
Nakuru,2017-02-01,2017,1,1.0,False,1,0.85479957,0.08502048,0.060179964,1081,1,3
Nandi,2017-02-01,2017,1,1.0,False,1,0.9160962,0.03822263,0.04568118,1081,1,3
Narok,2017-02-01,2017,2,1.0,False,2,0.17891565,0.70362747,0.11745691,1081,1,3
Nyamira,2017-02-01,2017,1,1.0,False,1,0.92261565,0.037141364,0.040242918,1081,1,3
Nyandarua,2017-02-01,2017,1,1.0,False,1,0.8688273,0.07781454,0.053358167,1081,1,3
Nyeri,2017-02-01,2017,1,1.0,False,1,0.92203593,0.037151385,0.040812697,1081,1,3
Samburu,2017-02-01,2017,3,2.0,True,2,0.05374167,0.6346406,0.31161773,1081,2,3
Siaya,2017-02-01,2017,1,1.0,False,1,0.9015876,0.03894354,0.05946891,1081,1,3
Taita Taveta,2017-02-01,2017,2,2.0,False,2,0.24130176,0.6402939,0.11840437,1081,2,3
Tana River,2017-02-01,2017,3,2.0,False,2,0.061454535,0.56195724,0.37658826,1081,2,3
Tharaka-Nithi,2017-02-01,2017,2,1.0,False,2,0.20252652,0.60938984,0.1880837,1081,1,3
Trans Nzoia,2017-02-01,2017,1,1.0,False,1,0.92759395,0.03713027,0.035275772,1081,1,3
Turkana,2017-02-01,2017,2,2.0,True,2,0.057627734,0.6026456,0.33972672,1081,2,3
Uasin Gishu,2017-02-01,2017,1,1.0,False,1,0.82355994,0.11307271,0.063367374,1081,1,3
Vihiga,2017-02-01,2017,1,1.0,False,1,0.91061753,0.03787294,0.05150948,1081,1,3
Wajir,2017-02-01,2017,3,2.0,True,2,0.11263921,0.6146855,0.27267528,1081,2,3
West Pokot,2017-02-01,2017,3,2.0,False,2,0.08253245,0.67991734,0.23755024,1081,2,3
Baringo,2017-06-01,2017,2,2.0,True,3,0.10387218,0.2928479,0.6032799,1081,2,3
Bomet,2017-06-01,2017,1,1.0,False,1,0.9212074,0.038018554,0.040774044,1081,1,3
Bungoma,2017-06-01,2017,1,1.0,False,1,0.9145425,0.038518127,0.04693943,1081,1,3
Busia,2017-06-01,2017,1,1.0,False,1,0.91551423,0.038559053,0.04592668,1081,1,3
Elgeyo-Marakwet,2017-06-01,2017,1,1.0,False,1,0.7240272,0.11645071,0.1595221,1081,1,3
Embu,2017-06-01,2017,2,2.0,False,2,0.1539404,0.75239396,0.09366565,1081,2,3
Garissa,2017-06-01,2017,3,3.0,False,2,0.07088098,0.57466924,0.35444978,1081,3,3
Homa Bay,2017-06-01,2017,1,1.0,False,1,0.91946787,0.037634436,0.042897645,1081,1,3
Isiolo,2017-06-01,2017,3,2.0,False,3,0.073433675,0.11645097,0.8101154,1081,2,3
Kajiado,2017-06-01,2017,2,2.0,False,2,0.118572734,0.45059088,0.4308364,1081,2,3
Kakamega,2017-06-01,2017,1,1.0,False,1,0.9139967,0.039251637,0.046751596,1081,1,3
Kericho,2017-06-01,2017,1,1.0,False,1,0.9212107,0.03788553,0.040903803,1081,1,3
Kiambu,2017-06-01,2017,1,1.0,False,1,0.73700756,0.17259979,0.090392716,1081,1,3
Kilifi,2017-06-01,2017,3,2.0,False,2,0.14463235,0.7387671,0.116600536,1081,2,3
Kirinyaga,2017-06-01,2017,1,1.0,False,1,0.9204134,0.038073964,0.04151261,1081,1,3
Kisii,2017-06-01,2017,1,1.0,False,1,0.91980374,0.037391957,0.042804327,1081,1,3
Kisumu,2017-06-01,2017,1,1.0,False,1,0.9197608,0.037373174,0.042866006,1081,1,3
Kitui,2017-06-01,2017,2,2.0,False,2,0.098259196,0.46522352,0.43651733,1081,2,3
Kwale,2017-06-01,2017,2,2.0,False,2,0.12542751,0.7776921,0.09688047,1081,2,3
Laikipia,2017-06-01,2017,2,2.0,False,2,0.12185916,0.6862566,0.19188423,1081,2,3
Lamu,2017-06-01,2017,2,3.0,False,2,0.1590317,0.6743295,0.16663876,1081,3,3
Machakos,2017-06-01,2017,2,2.0,False,2,0.15181412,0.6329094,0.2152765,1081,2,3
Makueni,2017-06-01,2017,2,2.0,False,2,0.06937736,0.5980126,0.33261,1081,2,3
Mandera,2017-06-01,2017,2,3.0,False,3,0.09923159,0.4157401,0.4850283,1081,3,3
Marsabit,2017-06-01,2017,3,3.0,True,3,0.08801605,0.16849247,0.74349153,1081,3,3
Meru,2017-06-01,2017,2,2.0,False,2,0.33848494,0.58085775,0.08065728,1081,2,3
Migori,2017-06-01,2017,1,1.0,False,1,0.80177325,0.119093254,0.079133496,1081,1,3
Mombasa,2017-06-01,2017,1,1.0,False,1,0.84067,0.061851893,0.09747809,1081,1,3
Murang'a,2017-06-01,2017,1,1.0,False,1,0.92039806,0.03856173,0.041040234,1081,1,3
Nairobi,2017-06-01,2017,1,1.0,False,1,0.7951055,0.08954086,0.115353644,1081,1,3
Nakuru,2017-06-01,2017,1,1.0,False,1,0.8144097,0.067991786,0.11759855,1081,1,3
Nandi,2017-06-01,2017,1,1.0,False,1,0.916798,0.038292706,0.04490927,1081,1,3
Narok,2017-06-01,2017,2,2.0,False,2,0.17480932,0.5632092,0.2619815,1081,2,3
Nyamira,2017-06-01,2017,1,1.0,False,1,0.9215423,0.037462633,0.040995102,1081,1,3
Nyandarua,2017-06-01,2017,1,1.0,False,1,0.8335032,0.08207997,0.08441683,1081,1,3
Nyeri,2017-06-01,2017,1,1.0,False,1,0.9125832,0.037871543,0.049545288,1081,1,3
Samburu,2017-06-01,2017,2,3.0,True,2,0.06680852,0.70134026,0.23185124,1081,3,3
Siaya,2017-06-01,2017,1,1.0,False,1,0.9170385,0.038813,0.04414853,1081,1,3
Taita Taveta,2017-06-01,2017,2,2.0,False,2,0.17752773,0.69628596,0.12618637,1081,2,3
Tana River,2017-06-01,2017,2,3.0,False,2,0.06199307,0.6560838,0.2819231,1081,3,3
Tharaka-Nithi,2017-06-01,2017,2,2.0,False,2,0.159427,0.7211486,0.119424395,1081,2,3
Trans Nzoia,2017-06-01,2017,1,1.0,False,1,0.9190004,0.03953373,0.04146585,1081,1,3
Turkana,2017-06-01,2017,3,2.0,True,3,0.050190717,0.23946948,0.7103398,1081,2,3
Uasin Gishu,2017-06-01,2017,1,1.0,False,1,0.8440738,0.07992936,0.07599685,1081,1,3
Vihiga,2017-06-01,2017,1,1.0,False,1,0.9145425,0.038518127,0.04693943,1081,1,3
Wajir,2017-06-01,2017,2,3.0,True,2,0.11629254,0.47765762,0.40604988,1081,3,3
West Pokot,2017-06-01,2017,3,3.0,False,3,0.08017028,0.35753202,0.5622977,1081,3,3
Baringo,2017-10-01,2017,2,2.0,True,2,0.15894195,0.44950095,0.39155707,1081,2,3
Bomet,2017-10-01,2017,1,1.0,False,1,0.92416805,0.038969487,0.036862463,1081,1,3
Bungoma,2017-10-01,2017,1,1.0,False,1,0.9231497,0.036463108,0.040387157,1081,1,3
Busia,2017-10-01,2017,1,1.0,False,1,0.9176936,0.03972899,0.04257738,1081,1,3
Elgeyo-Marakwet,2017-10-01,2017,1,1.0,False,1,0.7190677,0.20086206,0.08007019,1081,1,3
Embu,2017-10-01,2017,2,2.0,False,2,0.2250209,0.43158975,0.34338933,1081,2,3
Garissa,2017-10-01,2017,2,3.0,False,2,0.08923393,0.67088014,0.23988593,1081,3,3
Homa Bay,2017-10-01,2017,1,1.0,False,1,0.9136126,0.036598038,0.04978935,1081,1,3
Isiolo,2017-10-01,2017,3,3.0,False,3,0.04001547,0.053435177,0.9065494,1081,3,3
Kajiado,2017-10-01,2017,2,2.0,False,3,0.112913474,0.13875778,0.74832875,1081,2,3
Kakamega,2017-10-01,2017,1,1.0,False,1,0.9262868,0.03747119,0.03624198,1081,1,3
Kericho,2017-10-01,2017,1,1.0,False,1,0.93074405,0.035196915,0.034059092,1081,1,3
Kiambu,2017-10-01,2017,1,1.0,False,1,0.7440842,0.13471651,0.12119932,1081,1,3
Kilifi,2017-10-01,2017,2,3.0,False,2,0.14669608,0.7493216,0.10398236,1081,3,3
Kirinyaga,2017-10-01,2017,1,1.0,False,1,0.9149411,0.03732015,0.047738787,1081,1,3
Kisii,2017-10-01,2017,1,1.0,False,1,0.9270781,0.03782498,0.035096873,1081,1,3
Kisumu,2017-10-01,2017,1,1.0,False,1,0.9282552,0.0364706,0.035274215,1081,1,3
Kitui,2017-10-01,2017,2,2.0,False,3,0.07618126,0.28939295,0.6344258,1081,2,3
Kwale,2017-10-01,2017,2,2.0,False,2,0.211316,0.72419626,0.06448775,1081,2,3
Laikipia,2017-10-01,2017,3,2.0,False,3,0.11702059,0.26207408,0.62090534,1081,2,3
Lamu,2017-10-01,2017,2,2.0,False,2,0.44231233,0.48636237,0.07132528,1081,2,3
Machakos,2017-10-01,2017,1,2.0,False,2,0.29087496,0.4102326,0.29889244,1081,2,3
Makueni,2017-10-01,2017,2,2.0,False,3,0.09526161,0.4144596,0.49027878,1081,2,3
Mandera,2017-10-01,2017,3,2.0,False,2,0.12212542,0.6657387,0.2121359,1081,2,3
Marsabit,2017-10-01,2017,3,3.0,True,3,0.043142054,0.15462166,0.8022363,1081,3,3
Meru,2017-10-01,2017,1,2.0,False,1,0.6053384,0.26894087,0.12572072,1081,2,3
Migori,2017-10-01,2017,1,1.0,False,1,0.7760831,0.13218364,0.091733225,1081,1,3
Mombasa,2017-10-01,2017,1,1.0,False,1,0.8468522,0.07761646,0.07553131,1081,1,3
Murang'a,2017-10-01,2017,1,1.0,False,1,0.9179982,0.03744485,0.044556968,1081,1,3
Nairobi,2017-10-01,2017,1,1.0,False,1,0.740912,0.10940139,0.14968659,1081,1,3
Nakuru,2017-10-01,2017,1,1.0,False,1,0.8104943,0.0707038,0.11880188,1081,1,3
Nandi,2017-10-01,2017,1,1.0,False,1,0.928278,0.036471497,0.03525049,1081,1,3
Narok,2017-10-01,2017,2,2.0,False,3,0.1662045,0.28901,0.5447855,1081,2,3
Nyamira,2017-10-01,2017,1,1.0,False,1,0.92209744,0.0377502,0.040152393,1081,1,3
Nyandarua,2017-10-01,2017,1,1.0,False,1,0.8535473,0.08608527,0.060367484,1081,1,3
Nyeri,2017-10-01,2017,1,1.0,False,1,0.9161708,0.03737031,0.046458963,1081,1,3
Samburu,2017-10-01,2017,3,2.0,True,3,0.08065825,0.30712432,0.6122175,1081,2,3
Siaya,2017-10-01,2017,1,1.0,False,1,0.9099409,0.036450956,0.053608134,1081,1,3
Taita Taveta,2017-10-01,2017,2,2.0,False,2,0.20093133,0.68749964,0.111569054,1081,2,3
Tana River,2017-10-01,2017,3,2.0,False,3,0.070657,0.1511939,0.77814907,1081,2,3
Tharaka-Nithi,2017-10-01,2017,2,2.0,False,2,0.19839506,0.45739865,0.34420624,1081,2,3
Trans Nzoia,2017-10-01,2017,1,1.0,False,1,0.9208993,0.03763677,0.04146389,1081,1,3
Turkana,2017-10-01,2017,2,3.0,True,3,0.06922449,0.29809672,0.63267875,1081,3,3
Uasin Gishu,2017-10-01,2017,1,1.0,False,1,0.8778386,0.06719247,0.054968923,1081,1,3
Vihiga,2017-10-01,2017,1,1.0,False,1,0.92895484,0.036442354,0.034602847,1081,1,3
Wajir,2017-10-01,2017,3,2.0,True,3,0.09122571,0.36311764,0.5456567,1081,2,3
West Pokot,2017-10-01,2017,1,3.0,False,3,0.15237907,0.30632806,0.5412929,1081,3,3
Baringo,2018-02-01,2018,1,2.0,True,2,0.20392898,0.7697595,0.026311584,1222,2,3
Bomet,2018-02-01,2018,1,1.0,False,1,0.9848993,0.0091900285,0.0059106494,1222,1,3
Bungoma,2018-02-01,2018,1,1.0,False,1,0.9845701,0.009342792,0.0060871807,1222,1,3
Busia,2018-02-01,2018,1,1.0,False,1,0.98452985,0.009474815,0.005995287,1222,1,3
Elgeyo-Marakwet,2018-02-01,2018,1,1.0,False,1,0.8293398,0.15249273,0.018167455,1222,1,3
Embu,2018-02-01,2018,2,2.0,False,1,0.49610266,0.480172,0.023725325,1222,2,3
Garissa,2018-02-01,2018,3,2.0,False,2,0.028023766,0.90113753,0.070838735,1222,2,3
Homa Bay,2018-02-01,2018,1,1.0,False,1,0.9843678,0.0095249005,0.0061072656,1222,1,3
Isiolo,2018-02-01,2018,3,3.0,False,3,0.032441735,0.10721692,0.86034137,1222,3,3
Kajiado,2018-02-01,2018,3,2.0,False,2,0.26231283,0.65391845,0.08376875,1222,2,3
Kakamega,2018-02-01,2018,1,1.0,False,1,0.9823528,0.010864116,0.006783122,1222,1,3
Kericho,2018-02-01,2018,1,1.0,False,1,0.9852663,0.009071346,0.005662356,1222,1,3
Kiambu,2018-02-01,2018,1,1.0,False,1,0.96556747,0.024442647,0.009989806,1222,1,3
Kilifi,2018-02-01,2018,2,2.0,False,2,0.28993523,0.6860283,0.024036473,1222,2,3
Kirinyaga,2018-02-01,2018,1,1.0,False,1,0.9836481,0.010165772,0.0061861374,1222,1,3
Kisii,2018-02-01,2018,1,1.0,False,1,0.9841372,0.009658097,0.00620475,1222,1,3
Kisumu,2018-02-01,2018,1,1.0,False,1,0.98425204,0.009488388,0.0062595326,1222,1,3
Kitui,2018-02-01,2018,2,2.0,False,3,0.07967284,0.17791514,0.742412,1222,2,3
Kwale,2018-02-01,2018,1,2.0,False,2,0.31618348,0.66349906,0.02031747,1222,2,3
Laikipia,2018-02-01,2018,2,3.0,False,2,0.17263499,0.80416834,0.023196695,1222,3,3
Lamu,2018-02-01,2018,2,2.0,False,2,0.12282149,0.85160404,0.02557452,1222,2,3
Machakos,2018-02-01,2018,1,1.0,False,2,0.38935104,0.58168024,0.02896873,1222,1,3
Makueni,2018-02-01,2018,2,2.0,False,2,0.14585458,0.66528565,0.18885976,1222,2,3
Mandera,2018-02-01,2018,3,3.0,False,2,0.044555593,0.87553877,0.07990567,1222,3,3
Marsabit,2018-02-01,2018,2,3.0,True,2,0.0624081,0.84443873,0.09315316,1222,3,3
Meru,2018-02-01,2018,1,1.0,False,1,0.7443393,0.24061704,0.015043657,1222,1,3
Migori,2018-02-01,2018,1,1.0,False,1,0.96208405,0.028227247,0.009688694,1222,1,3
Mombasa,2018-02-01,2018,1,1.0,False,1,0.96959025,0.021168135,0.009241573,1222,1,3
Murang'a,2018-02-01,2018,1,1.0,False,1,0.9867591,0.007858259,0.005382663,1222,1,3
Nairobi,2018-02-01,2018,1,1.0,False,1,0.9714863,0.020547044,0.007966683,1222,1,3
Nakuru,2018-02-01,2018,1,1.0,False,1,0.95952547,0.029145626,0.011328929,1222,1,3
Nandi,2018-02-01,2018,1,1.0,False,1,0.98659724,0.008219206,0.0051836246,1222,1,3
Narok,2018-02-01,2018,2,2.0,False,2,0.29692513,0.6778959,0.025178974,1222,2,3
Nyamira,2018-02-01,2018,1,1.0,False,1,0.9853512,0.008943968,0.0057048583,1222,1,3
Nyandarua,2018-02-01,2018,1,1.0,False,1,0.9712923,0.020878807,0.007828862,1222,1,3
Nyeri,2018-02-01,2018,1,1.0,False,1,0.9840879,0.009624917,0.0062872516,1222,1,3
Samburu,2018-02-01,2018,2,3.0,True,2,0.032025598,0.9497539,0.018220497,1222,3,3
Siaya,2018-02-01,2018,1,1.0,False,1,0.98509026,0.008997689,0.0059120827,1222,1,3
Taita Taveta,2018-02-01,2018,2,2.0,False,1,0.5457864,0.42653248,0.027681153,1222,2,3
Tana River,2018-02-01,2018,2,3.0,False,2,0.060029425,0.61910105,0.3208695,1222,3,3
Tharaka-Nithi,2018-02-01,2018,2,2.0,False,2,0.4312947,0.5335293,0.035176028,1222,2,3
Trans Nzoia,2018-02-01,2018,1,1.0,False,1,0.9859136,0.008647944,0.005438465,1222,1,3
Turkana,2018-02-01,2018,3,2.0,True,2,0.030137628,0.9542192,0.015643105,1222,2,3
Uasin Gishu,2018-02-01,2018,1,1.0,False,1,0.97185993,0.020424051,0.007716041,1222,1,3
Vihiga,2018-02-01,2018,1,1.0,False,1,0.9825478,0.010870721,0.0065814513,1222,1,3
Wajir,2018-02-01,2018,2,3.0,True,2,0.09059188,0.7127168,0.19669132,1222,3,3
West Pokot,2018-02-01,2018,2,1.0,False,2,0.13532832,0.84248275,0.022188991,1222,1,3
Baringo,2018-06-01,2018,1,1.0,True,2,0.19054478,0.7755768,0.033878464,1222,1,3
Bomet,2018-06-01,2018,1,1.0,False,1,0.9844503,0.010009382,0.005540327,1222,1,3
Bungoma,2018-06-01,2018,1,1.0,False,1,0.9783613,0.011682675,0.009956013,1222,1,3
Busia,2018-06-01,2018,1,1.0,False,1,0.9782598,0.012288763,0.009451465,1222,1,3
Elgeyo-Marakwet,2018-06-01,2018,1,1.0,False,1,0.91448367,0.07137477,0.01414161,1222,1,3
Embu,2018-06-01,2018,1,2.0,False,2,0.34895185,0.60545576,0.04559245,1222,2,3
Garissa,2018-06-01,2018,1,3.0,False,2,0.08178893,0.76966053,0.14855054,1222,3,3
Homa Bay,2018-06-01,2018,1,1.0,False,1,0.97840905,0.011648845,0.009942157,1222,1,3
Isiolo,2018-06-01,2018,1,3.0,False,3,0.04027436,0.1425483,0.81717736,1222,3,3
Kajiado,2018-06-01,2018,1,3.0,False,2,0.3158182,0.62137645,0.062805325,1222,3,3
Kakamega,2018-06-01,2018,1,1.0,False,1,0.97803235,0.011868234,0.010099419,1222,1,3
Kericho,2018-06-01,2018,1,1.0,False,1,0.9835999,0.009330217,0.00706989,1222,1,3
Kiambu,2018-06-01,2018,1,1.0,False,1,0.9459074,0.035174884,0.018917643,1222,1,3
Kilifi,2018-06-01,2018,1,2.0,False,2,0.16309208,0.8188417,0.018066224,1222,2,3
Kirinyaga,2018-06-01,2018,1,1.0,False,1,0.98107404,0.011775628,0.0071502565,1222,1,3
Kisii,2018-06-01,2018,1,1.0,False,1,0.9821905,0.0104319975,0.007377561,1222,1,3
Kisumu,2018-06-01,2018,1,1.0,False,1,0.9763509,0.012781173,0.01086794,1222,1,3
Kitui,2018-06-01,2018,1,2.0,False,2,0.15229727,0.4773158,0.37038696,1222,2,3
Kwale,2018-06-01,2018,1,1.0,False,2,0.20871392,0.77199185,0.019294228,1222,1,3
Laikipia,2018-06-01,2018,1,2.0,False,2,0.22826974,0.713559,0.05817132,1222,2,3
Lamu,2018-06-01,2018,1,2.0,False,2,0.30512303,0.65781283,0.037064184,1222,2,3
Machakos,2018-06-01,2018,1,1.0,False,2,0.32427597,0.5974978,0.07822623,1222,1,3
Makueni,2018-06-01,2018,1,2.0,False,2,0.10050502,0.76797,0.131525,1222,2,3
Mandera,2018-06-01,2018,1,3.0,False,2,0.056926753,0.80230975,0.14076354,1222,3,3
Marsabit,2018-06-01,2018,1,2.0,True,2,0.052643042,0.67033726,0.27701965,1222,2,3
Meru,2018-06-01,2018,1,1.0,False,1,0.7180841,0.25448146,0.02743445,1222,1,3
Migori,2018-06-01,2018,1,1.0,False,1,0.93858415,0.044335257,0.017080624,1222,1,3
Mombasa,2018-06-01,2018,1,1.0,False,1,0.9545921,0.03314873,0.012259204,1222,1,3
Murang'a,2018-06-01,2018,1,1.0,False,1,0.97707206,0.01446766,0.00846033,1222,1,3
Nairobi,2018-06-01,2018,1,1.0,False,1,0.94150174,0.0385043,0.019994026,1222,1,3
Nakuru,2018-06-01,2018,1,1.0,False,1,0.95265853,0.03414173,0.013199739,1222,1,3
Nandi,2018-06-01,2018,1,1.0,False,1,0.98304063,0.011047711,0.0059116995,1222,1,3
Narok,2018-06-01,2018,1,2.0,False,2,0.3138476,0.6589846,0.027167762,1222,2,3
Nyamira,2018-06-01,2018,1,1.0,False,1,0.98305154,0.009839693,0.0071086963,1222,1,3
Nyandarua,2018-06-01,2018,1,1.0,False,1,0.9637077,0.027603736,0.008688589,1222,1,3
Nyeri,2018-06-01,2018,1,1.0,False,1,0.982894,0.009545073,0.007560981,1222,1,3
Samburu,2018-06-01,2018,1,2.0,True,2,0.025855575,0.92813444,0.04600998,1222,2,3
Siaya,2018-06-01,2018,1,1.0,False,1,0.9751892,0.013165399,0.011645408,1222,1,3
Taita Taveta,2018-06-01,2018,1,2.0,False,1,0.48231536,0.48078018,0.036904477,1222,2,3
Tana River,2018-06-01,2018,1,2.0,False,2,0.085142605,0.52802163,0.38683578,1222,2,3
Tharaka-Nithi,2018-06-01,2018,1,2.0,False,2,0.44158942,0.50386745,0.054543167,1222,2,3
Trans Nzoia,2018-06-01,2018,1,1.0,False,1,0.97825795,0.013697639,0.00804439,1222,1,3
Turkana,2018-06-01,2018,1,3.0,True,2,0.030929869,0.93019736,0.038872827,1222,3,3
Uasin Gishu,2018-06-01,2018,1,1.0,False,1,0.96609217,0.025700016,0.008207817,1222,1,3
Vihiga,2018-06-01,2018,1,1.0,False,1,0.9787895,0.0140444925,0.007165923,1222,1,3
Wajir,2018-06-01,2018,2,2.0,True,2,0.049475543,0.7654703,0.18505414,1222,2,3
West Pokot,2018-06-01,2018,1,2.0,False,2,0.1327373,0.83629704,0.03096565,1222,2,3
Baringo,2018-12-01,2018,1,1.0,True,2,0.17978954,0.7952781,0.024932422,1222,1,3
Bomet,2018-12-01,2018,1,1.0,False,1,0.9802263,0.011298761,0.008474964,1222,1,3
Bungoma,2018-12-01,2018,1,1.0,False,1,0.98297125,0.010167312,0.006861381,1222,1,3
Busia,2018-12-01,2018,1,1.0,False,1,0.96870035,0.020728156,0.010571484,1222,1,3
Elgeyo-Marakwet,2018-12-01,2018,1,1.0,False,1,0.84491366,0.13627376,0.01881253,1222,1,3
Embu,2018-12-01,2018,1,1.0,False,2,0.32337713,0.63322425,0.043398585,1222,1,3
Garissa,2018-12-01,2018,2,1.0,False,2,0.0360308,0.9491742,0.01479505,1222,1,3
Homa Bay,2018-12-01,2018,1,1.0,False,1,0.9814718,0.011598327,0.006929863,1222,1,3
Isiolo,2018-12-01,2018,2,1.0,False,2,0.061993677,0.8557786,0.08222768,1222,1,3
Kajiado,2018-12-01,2018,1,1.0,False,2,0.09979607,0.8790399,0.0211641,1222,1,3
Kakamega,2018-12-01,2018,1,1.0,False,1,0.9773512,0.014943913,0.007704926,1222,1,3
Kericho,2018-12-01,2018,1,1.0,False,1,0.97824335,0.01318711,0.008569519,1222,1,3
Kiambu,2018-12-01,2018,1,1.0,False,1,0.94742984,0.035829797,0.016740402,1222,1,3
Kilifi,2018-12-01,2018,1,1.0,False,2,0.23449144,0.7370061,0.028502408,1222,1,3
Kirinyaga,2018-12-01,2018,1,1.0,False,1,0.9808522,0.011081178,0.008066654,1222,1,3
Kisii,2018-12-01,2018,1,1.0,False,1,0.981515,0.011961856,0.0065231267,1222,1,3
Kisumu,2018-12-01,2018,1,1.0,False,1,0.97771454,0.014549146,0.0077362726,1222,1,3
Kitui,2018-12-01,2018,1,1.0,False,2,0.16049254,0.78245795,0.05704952,1222,1,3
Kwale,2018-12-01,2018,1,1.0,False,2,0.17844498,0.8009621,0.020592911,1222,1,3
Laikipia,2018-12-01,2018,1,1.0,False,2,0.11483374,0.85951793,0.02564833,1222,1,3
Lamu,2018-12-01,2018,2,1.0,False,2,0.30313054,0.6712213,0.025648115,1222,1,3
Machakos,2018-12-01,2018,1,1.0,False,2,0.276509,0.6976683,0.025822733,1222,1,3
Makueni,2018-12-01,2018,2,1.0,False,2,0.09362903,0.8525124,0.053858552,1222,1,3
Mandera,2018-12-01,2018,2,1.0,False,2,0.036179725,0.9380717,0.025748491,1222,1,3
Marsabit,2018-12-01,2018,2,1.0,True,2,0.049579013,0.9017548,0.048666205,1222,1,3
Meru,2018-12-01,2018,1,1.0,False,1,0.71419454,0.2654892,0.020316249,1222,1,3
Migori,2018-12-01,2018,1,1.0,False,1,0.9197656,0.061819848,0.018414518,1222,1,3
Mombasa,2018-12-01,2018,1,1.0,False,1,0.95506674,0.028481247,0.016451994,1222,1,3
Murang'a,2018-12-01,2018,1,1.0,False,1,0.98153114,0.010554849,0.0079140235,1222,1,3
Nairobi,2018-12-01,2018,1,1.0,False,1,0.95770174,0.029143823,0.013154504,1222,1,3
Nakuru,2018-12-01,2018,1,1.0,False,1,0.96112406,0.02743475,0.011441256,1222,1,3
Nandi,2018-12-01,2018,1,1.0,False,1,0.980791,0.011924101,0.007284929,1222,1,3
Narok,2018-12-01,2018,1,1.0,False,2,0.2747062,0.69782984,0.027463894,1222,1,3
Nyamira,2018-12-01,2018,1,1.0,False,1,0.9760075,0.016013958,0.007978538,1222,1,3
Nyandarua,2018-12-01,2018,1,1.0,False,1,0.9638053,0.026480872,0.009713748,1222,1,3
Nyeri,2018-12-01,2018,1,1.0,False,1,0.9827224,0.010340787,0.0069367513,1222,1,3
Samburu,2018-12-01,2018,2,1.0,True,2,0.026457205,0.95732915,0.016213657,1222,1,3
Siaya,2018-12-01,2018,1,1.0,False,1,0.9804718,0.01259801,0.006930171,1222,1,3
Taita Taveta,2018-12-01,2018,1,1.0,False,2,0.33223033,0.6400045,0.027765129,1222,1,3
Tana River,2018-12-01,2018,2,1.0,False,2,0.04060619,0.94524705,0.014146728,1222,1,3
Tharaka-Nithi,2018-12-01,2018,1,1.0,False,2,0.44729266,0.5174405,0.035266813,1222,1,3
Trans Nzoia,2018-12-01,2018,1,1.0,False,1,0.9825262,0.010172953,0.0073008384,1222,1,3
Turkana,2018-12-01,2018,2,1.0,True,2,0.023825038,0.9592188,0.016956134,1222,1,3
Uasin Gishu,2018-12-01,2018,1,1.0,False,1,0.9680775,0.02257629,0.009346272,1222,1,3
Vihiga,2018-12-01,2018,1,1.0,False,1,0.97947466,0.013324671,0.007200646,1222,1,3
Wajir,2018-12-01,2018,2,2.0,True,2,0.034239773,0.9481088,0.01765136,1222,2,3
West Pokot,2018-12-01,2018,2,1.0,False,2,0.10698038,0.8725849,0.0204347,1222,1,3
Baringo,2019-02-01,2019,1,1.0,True,2,0.1695628,0.78955066,0.04088649,1363,1,3
Bomet,2019-02-01,2019,1,1.0,False,1,0.95837134,0.022182088,0.019446533,1363,1,3
Bungoma,2019-02-01,2019,1,1.0,False,1,0.95530635,0.024390634,0.020303069,1363,1,3
Busia,2019-02-01,2019,1,1.0,False,1,0.9412248,0.026567461,0.03220769,1363,1,3
Elgeyo-Marakwet,2019-02-01,2019,1,1.0,False,1,0.70475394,0.25764722,0.037598804,1363,1,3
Embu,2019-02-01,2019,1,1.0,False,2,0.14680168,0.79882276,0.05437557,1363,1,3
Garissa,2019-02-01,2019,2,2.0,False,2,0.05065902,0.79392904,0.15541193,1363,2,3
Homa Bay,2019-02-01,2019,1,1.0,False,1,0.9549748,0.022183795,0.022841493,1363,1,3
Isiolo,2019-02-01,2019,2,2.0,False,2,0.07861726,0.72927153,0.19211121,1363,2,3
Kajiado,2019-02-01,2019,2,1.0,False,2,0.14623685,0.8026949,0.05106827,1363,1,3
Kakamega,2019-02-01,2019,1,1.0,False,1,0.9477091,0.02575073,0.026540238,1363,1,3
Kericho,2019-02-01,2019,1,1.0,False,1,0.9577609,0.020636696,0.021602428,1363,1,3
Kiambu,2019-02-01,2019,1,1.0,False,1,0.8892857,0.0726996,0.03801471,1363,1,3
Kilifi,2019-02-01,2019,2,1.0,False,2,0.1780948,0.77917117,0.042734098,1363,1,3
Kirinyaga,2019-02-01,2019,1,1.0,False,1,0.96002585,0.02130971,0.018664442,1363,1,3
Kisii,2019-02-01,2019,1,1.0,False,1,0.9577352,0.020997116,0.02126766,1363,1,3
Kisumu,2019-02-01,2019,1,1.0,False,1,0.95668626,0.020695673,0.022618076,1363,1,3
Kitui,2019-02-01,2019,2,1.0,False,2,0.101350114,0.62853247,0.27011743,1363,1,3
Kwale,2019-02-01,2019,2,1.0,False,2,0.19578747,0.76834387,0.035868607,1363,1,3
Laikipia,2019-02-01,2019,2,1.0,False,2,0.12581542,0.82122916,0.0529554,1363,1,3
Lamu,2019-02-01,2019,2,2.0,False,2,0.26564232,0.68558264,0.048775025,1363,2,3
Machakos,2019-02-01,2019,1,1.0,False,2,0.20454873,0.73729235,0.058158923,1363,1,3
Makueni,2019-02-01,2019,2,2.0,False,2,0.12210045,0.64967084,0.22822867,1363,2,3
Mandera,2019-02-01,2019,2,2.0,False,2,0.064248435,0.852339,0.08341259,1363,2,3
Marsabit,2019-02-01,2019,2,2.0,True,2,0.049374707,0.70852757,0.24209772,1363,2,3
Meru,2019-02-01,2019,1,1.0,False,2,0.29635414,0.6574666,0.046179224,1363,1,3
Migori,2019-02-01,2019,1,1.0,False,1,0.88008225,0.064710304,0.055207398,1363,1,3
Mombasa,2019-02-01,2019,1,1.0,False,1,0.92002213,0.052858125,0.027119778,1363,1,3
Murang'a,2019-02-01,2019,1,1.0,False,1,0.9593405,0.021297459,0.019362058,1363,1,3
Nairobi,2019-02-01,2019,1,1.0,False,1,0.90081555,0.0652053,0.033979177,1363,1,3
Nakuru,2019-02-01,2019,1,1.0,False,1,0.901986,0.066800065,0.03121391,1363,1,3
Nandi,2019-02-01,2019,1,1.0,False,1,0.9583857,0.021506265,0.020108089,1363,1,3
Narok,2019-02-01,2019,1,1.0,False,2,0.2011747,0.7590914,0.039733943,1363,1,3
Nyamira,2019-02-01,2019,1,1.0,False,1,0.9564026,0.021308247,0.022289222,1363,1,3
Nyandarua,2019-02-01,2019,1,1.0,False,1,0.9122772,0.056404565,0.031318173,1363,1,3
Nyeri,2019-02-01,2019,2,1.0,False,1,0.9611441,0.02081127,0.018044634,1363,1,3
Samburu,2019-02-01,2019,2,2.0,True,2,0.04791836,0.791241,0.16084065,1363,2,3
Siaya,2019-02-01,2019,1,1.0,False,1,0.94885504,0.024056513,0.02708845,1363,1,3
Taita Taveta,2019-02-01,2019,2,1.0,False,2,0.38844943,0.5690856,0.042464957,1363,1,3
Tana River,2019-02-01,2019,2,2.0,False,2,0.055186283,0.76177704,0.18303673,1363,2,3
Tharaka-Nithi,2019-02-01,2019,2,1.0,False,2,0.07883659,0.83842266,0.082740724,1363,1,3
Trans Nzoia,2019-02-01,2019,1,1.0,False,1,0.9559214,0.024219304,0.019859308,1363,1,3
Turkana,2019-02-01,2019,2,2.0,True,2,0.037305024,0.7024373,0.2602577,1363,2,3
Uasin Gishu,2019-02-01,2019,1,1.0,False,1,0.89097416,0.074909255,0.03411665,1363,1,3
Vihiga,2019-02-01,2019,1,1.0,False,1,0.95423335,0.022236759,0.023529902,1363,1,3
Wajir,2019-02-01,2019,2,2.0,True,2,0.07066303,0.681666,0.24767096,1363,2,3
West Pokot,2019-02-01,2019,2,2.0,False,2,0.16969341,0.69170326,0.13860328,1363,2,3
Baringo,2019-06-01,2019,3,1.0,True,2,0.08458001,0.82062197,0.094797984,1363,1,3
Bomet,2019-06-01,2019,1,1.0,False,1,0.9561089,0.024027819,0.01986324,1363,1,3
Bungoma,2019-06-01,2019,1,1.0,False,1,0.9533402,0.023171717,0.023488129,1363,1,3
Busia,2019-06-01,2019,1,1.0,False,1,0.9559846,0.023581544,0.020433856,1363,1,3
Elgeyo-Marakwet,2019-06-01,2019,1,1.0,False,1,0.66010034,0.25982434,0.0800753,1363,1,3
Embu,2019-06-01,2019,2,1.0,False,2,0.18996646,0.7481733,0.06186022,1363,1,3
Garissa,2019-06-01,2019,2,2.0,False,2,0.04696001,0.83349144,0.11954857,1363,2,3
Homa Bay,2019-06-01,2019,1,1.0,False,1,0.960725,0.02165051,0.017624466,1363,1,3
Isiolo,2019-06-01,2019,2,2.0,False,3,0.048808657,0.265397,0.68579435,1363,2,3
Kajiado,2019-06-01,2019,2,2.0,False,2,0.10955307,0.82372445,0.06672251,1363,2,3
Kakamega,2019-06-01,2019,1,1.0,False,1,0.9507999,0.024884708,0.02431543,1363,1,3
Kericho,2019-06-01,2019,1,1.0,False,1,0.9511371,0.024381725,0.024481192,1363,1,3
Kiambu,2019-06-01,2019,1,1.0,False,1,0.776671,0.14513774,0.078191325,1363,1,3
Kilifi,2019-06-01,2019,2,2.0,False,2,0.13999392,0.8124679,0.047538236,1363,2,3
Kirinyaga,2019-06-01,2019,1,1.0,False,1,0.9593183,0.021516478,0.01916521,1363,1,3
Kisii,2019-06-01,2019,1,1.0,False,1,0.9516651,0.025920661,0.0224142,1363,1,3
Kisumu,2019-06-01,2019,1,1.0,False,1,0.95411104,0.024694864,0.021194112,1363,1,3
Kitui,2019-06-01,2019,2,2.0,False,2,0.08794722,0.59410506,0.31794772,1363,2,3
Kwale,2019-06-01,2019,2,2.0,False,2,0.13230762,0.83297426,0.03471811,1363,2,3
Laikipia,2019-06-01,2019,2,2.0,False,2,0.11446705,0.730134,0.15539898,1363,2,3
Lamu,2019-06-01,2019,2,2.0,False,2,0.2841319,0.62657213,0.08929595,1363,2,3
Machakos,2019-06-01,2019,1,1.0,False,2,0.21600871,0.72882503,0.055166226,1363,1,3
Makueni,2019-06-01,2019,2,2.0,False,2,0.077193454,0.6936023,0.22920421,1363,2,3
Mandera,2019-06-01,2019,2,2.0,False,2,0.07487577,0.8417181,0.083406135,1363,2,3
Marsabit,2019-06-01,2019,3,2.0,True,3,0.047079876,0.38796574,0.56495434,1363,2,3
Meru,2019-06-01,2019,1,1.0,False,2,0.3887395,0.55287325,0.058387246,1363,1,3
Migori,2019-06-01,2019,1,1.0,False,1,0.8728807,0.086613126,0.040506203,1363,1,3
Mombasa,2019-06-01,2019,1,1.0,False,1,0.9001445,0.06753312,0.03232234,1363,1,3
Murang'a,2019-06-01,2019,1,1.0,False,1,0.955958,0.023487521,0.020554494,1363,1,3
Nairobi,2019-06-01,2019,1,1.0,False,1,0.8564838,0.08442903,0.059087154,1363,1,3
Nakuru,2019-06-01,2019,1,1.0,False,1,0.8258951,0.10294079,0.07116415,1363,1,3
Nandi,2019-06-01,2019,1,1.0,False,1,0.95136213,0.024917249,0.02372057,1363,1,3
Narok,2019-06-01,2019,1,1.0,False,2,0.13172568,0.80231464,0.06595965,1363,1,3
Nyamira,2019-06-01,2019,1,1.0,False,1,0.9511053,0.02669036,0.022204317,1363,1,3
Nyandarua,2019-06-01,2019,1,1.0,False,1,0.85258996,0.09646451,0.05094549,1363,1,3
Nyeri,2019-06-01,2019,2,2.0,False,1,0.95647824,0.023267137,0.020254616,1363,2,3
Samburu,2019-06-01,2019,2,2.0,True,2,0.04314223,0.7121708,0.24468704,1363,2,3
Siaya,2019-06-01,2019,1,1.0,False,1,0.9581512,0.022621848,0.019226974,1363,1,3
Taita Taveta,2019-06-01,2019,2,2.0,False,2,0.23891006,0.7083291,0.052760884,1363,2,3
Tana River,2019-06-01,2019,2,2.0,False,2,0.048582632,0.5338889,0.41752845,1363,2,3
Tharaka-Nithi,2019-06-01,2019,2,2.0,False,2,0.12717128,0.79082865,0.08200006,1363,2,3
Trans Nzoia,2019-06-01,2019,1,1.0,False,1,0.948697,0.025017453,0.02628556,1363,1,3
Turkana,2019-06-01,2019,3,2.0,True,2,0.040513538,0.72143143,0.23805504,1363,2,3
Uasin Gishu,2019-06-01,2019,1,1.0,False,1,0.8311015,0.10937484,0.059523676,1363,1,3
Vihiga,2019-06-01,2019,1,1.0,False,1,0.95763874,0.023389788,0.018971466,1363,1,3
Wajir,2019-06-01,2019,3,2.0,True,2,0.09729972,0.7939195,0.10878076,1363,2,3
West Pokot,2019-06-01,2019,2,2.0,False,3,0.07776365,0.4416251,0.4806113,1363,2,3
Baringo,2019-10-01,2019,1,3.0,True,2,0.33600095,0.39518368,0.26881543,1363,3,3
Bomet,2019-10-01,2019,1,1.0,False,1,0.9539493,0.022259278,0.023791485,1363,1,3
Bungoma,2019-10-01,2019,1,1.0,False,1,0.95505565,0.021205366,0.02373897,1363,1,3
Busia,2019-10-01,2019,1,1.0,False,1,0.9606699,0.020875914,0.018454168,1363,1,3
Elgeyo-Marakwet,2019-10-01,2019,1,1.0,False,1,0.8361677,0.108068325,0.055763956,1363,1,3
Embu,2019-10-01,2019,2,2.0,False,2,0.31282443,0.4465288,0.24064681,1363,2,3
Garissa,2019-10-01,2019,3,2.0,False,3,0.037103828,0.0939297,0.8689665,1363,2,3
Homa Bay,2019-10-01,2019,1,1.0,False,1,0.95948607,0.022007668,0.0185063,1363,1,3
Isiolo,2019-10-01,2019,3,2.0,False,3,0.025760993,0.061815917,0.9124231,1363,2,3
Kajiado,2019-10-01,2019,2,2.0,False,2,0.16402075,0.6032318,0.23274742,1363,2,3
Kakamega,2019-10-01,2019,1,1.0,False,1,0.9531152,0.02167733,0.025207516,1363,1,3
Kericho,2019-10-01,2019,1,1.0,False,1,0.9510127,0.021170003,0.02781727,1363,1,3
Kiambu,2019-10-01,2019,1,1.0,False,1,0.7939458,0.073599726,0.13245445,1363,1,3
Kilifi,2019-10-01,2019,2,2.0,False,2,0.23301023,0.6459118,0.12107791,1363,2,3
Kirinyaga,2019-10-01,2019,1,1.0,False,1,0.95761883,0.021427132,0.020954052,1363,1,3
Kisii,2019-10-01,2019,1,1.0,False,1,0.9618861,0.020097213,0.018016687,1363,1,3
Kisumu,2019-10-01,2019,1,1.0,False,1,0.95341873,0.022049792,0.024531495,1363,1,3
Kitui,2019-10-01,2019,3,2.0,False,3,0.0670244,0.25385967,0.6791159,1363,2,3
Kwale,2019-10-01,2019,2,2.0,False,2,0.18229076,0.7797654,0.037943836,1363,2,3
Laikipia,2019-10-01,2019,2,2.0,False,3,0.17847884,0.2684156,0.5531056,1363,2,3
Lamu,2019-10-01,2019,3,2.0,False,2,0.27101657,0.6503032,0.07868027,1363,2,3
Machakos,2019-10-01,2019,1,1.0,False,2,0.3519824,0.4150122,0.2330054,1363,1,3
Makueni,2019-10-01,2019,3,2.0,False,2,0.095309876,0.53727967,0.36741042,1363,2,3
Mandera,2019-10-01,2019,3,2.0,False,3,0.06805892,0.315603,0.6163381,1363,2,3
Marsabit,2019-10-01,2019,3,3.0,True,3,0.027120033,0.13511835,0.83776164,1363,3,3
Meru,2019-10-01,2019,2,1.0,False,1,0.66426885,0.27000976,0.06572141,1363,1,3
Migori,2019-10-01,2019,1,1.0,False,1,0.87445843,0.08652198,0.03901959,1363,1,3
Mombasa,2019-10-01,2019,1,1.0,False,1,0.87876976,0.06745367,0.053776603,1363,1,3
Murang'a,2019-10-01,2019,1,1.0,False,1,0.9574981,0.021551432,0.02095045,1363,1,3
Nairobi,2019-10-01,2019,1,1.0,False,1,0.8633387,0.052033395,0.0846279,1363,1,3
Nakuru,2019-10-01,2019,1,1.0,False,1,0.8983927,0.04244019,0.059167136,1363,1,3
Nandi,2019-10-01,2019,1,1.0,False,1,0.9496871,0.021767026,0.028545924,1363,1,3
Narok,2019-10-01,2019,2,1.0,False,2,0.29766685,0.5110073,0.19132586,1363,1,3
Nyamira,2019-10-01,2019,1,1.0,False,1,0.95681834,0.022516051,0.020665629,1363,1,3
Nyandarua,2019-10-01,2019,1,1.0,False,1,0.9079368,0.04928673,0.042776454,1363,1,3
Nyeri,2019-10-01,2019,1,2.0,False,1,0.95581293,0.021213787,0.022973312,1363,2,3
Samburu,2019-10-01,2019,3,2.0,True,2,0.063377306,0.6986802,0.23794243,1363,2,3
Siaya,2019-10-01,2019,1,1.0,False,1,0.959864,0.021006495,0.019129423,1363,1,3
Taita Taveta,2019-10-01,2019,2,2.0,False,2,0.36401084,0.58595973,0.050029483,1363,2,3
Tana River,2019-10-01,2019,3,2.0,False,3,0.036970064,0.08814089,0.8748891,1363,2,3
Tharaka-Nithi,2019-10-01,2019,3,2.0,False,2,0.20146057,0.49213266,0.30640674,1363,2,3
Trans Nzoia,2019-10-01,2019,1,1.0,False,1,0.9479376,0.023368886,0.028693523,1363,1,3
Turkana,2019-10-01,2019,3,3.0,True,2,0.048864976,0.88866335,0.062471688,1363,3,3
Uasin Gishu,2019-10-01,2019,1,1.0,False,1,0.9289092,0.03563408,0.03545673,1363,1,3
Vihiga,2019-10-01,2019,1,1.0,False,1,0.95578396,0.022052867,0.02216323,1363,1,3
Wajir,2019-10-01,2019,3,3.0,True,3,0.027805358,0.074734785,0.8974599,1363,3,3
West Pokot,2019-10-01,2019,2,2.0,False,2,0.22749345,0.42554548,0.34696105,1363,2,3
Baringo,2020-02-01,2020,2,1.0,True,2,0.26069593,0.7066748,0.032629244,1504,1,3
Bomet,2020-02-01,2020,1,1.0,False,1,0.98264587,0.009789614,0.0075645423,1504,1,3
Bungoma,2020-02-01,2020,1,1.0,False,1,0.9813983,0.010830453,0.0077712475,1504,1,3
Busia,2020-02-01,2020,1,1.0,False,1,0.9827891,0.009793805,0.0074170767,1504,1,3
Elgeyo-Marakwet,2020-02-01,2020,1,1.0,False,1,0.8938584,0.09078692,0.015354695,1504,1,3
Embu,2020-02-01,2020,1,2.0,False,2,0.4457394,0.510149,0.044111557,1504,2,3
Garissa,2020-02-01,2020,2,3.0,False,2,0.20368978,0.71998376,0.0763264,1504,3,3
Homa Bay,2020-02-01,2020,1,1.0,False,1,0.983575,0.009475845,0.006949201,1504,1,3
Isiolo,2020-02-01,2020,2,3.0,False,3,0.16577925,0.37951583,0.45470497,1504,3,3
Kajiado,2020-02-01,2020,2,2.0,False,2,0.244301,0.6706893,0.085009724,1504,2,3
Kakamega,2020-02-01,2020,1,1.0,False,1,0.98339844,0.009516673,0.007084906,1504,1,3
Kericho,2020-02-01,2020,1,1.0,False,1,0.98250467,0.009836414,0.007658974,1504,1,3
Kiambu,2020-02-01,2020,1,1.0,False,1,0.9573642,0.029344413,0.013291337,1504,1,3
Kilifi,2020-02-01,2020,2,2.0,False,2,0.3287147,0.6340267,0.037258595,1504,2,3
Kirinyaga,2020-02-01,2020,1,1.0,False,1,0.9797009,0.011716626,0.008582484,1504,1,3
Kisii,2020-02-01,2020,1,1.0,False,1,0.9797045,0.011995453,0.0083001135,1504,1,3
Kisumu,2020-02-01,2020,1,1.0,False,1,0.9827132,0.009646257,0.0076404843,1504,1,3
Kitui,2020-02-01,2020,1,3.0,False,2,0.28992397,0.59408486,0.115991235,1504,3,3
Kwale,2020-02-01,2020,2,2.0,False,2,0.38815743,0.5839079,0.027934726,1504,2,3
Laikipia,2020-02-01,2020,2,2.0,False,2,0.20316043,0.7444928,0.052346703,1504,2,3
Lamu,2020-02-01,2020,2,3.0,False,2,0.3332635,0.6366357,0.030100754,1504,3,3
Machakos,2020-02-01,2020,1,1.0,False,2,0.4116124,0.5461561,0.042231474,1504,1,3
Makueni,2020-02-01,2020,1,3.0,False,2,0.13403848,0.74703753,0.118923925,1504,3,3
Mandera,2020-02-01,2020,2,3.0,False,2,0.1608033,0.5224197,0.316777,1504,3,3
Marsabit,2020-02-01,2020,2,3.0,True,2,0.10429873,0.54314953,0.3525517,1504,3,3
Meru,2020-02-01,2020,1,2.0,False,1,0.7157798,0.2656504,0.018569853,1504,2,3
Migori,2020-02-01,2020,1,1.0,False,1,0.95784444,0.030168913,0.011986605,1504,1,3
Mombasa,2020-02-01,2020,1,1.0,False,1,0.9660326,0.023487702,0.010479665,1504,1,3
Murang'a,2020-02-01,2020,1,1.0,False,1,0.9833987,0.009123471,0.0074778534,1504,1,3
Nairobi,2020-02-01,2020,1,1.0,False,1,0.9664496,0.022848204,0.010702132,1504,1,3
Nakuru,2020-02-01,2020,1,1.0,False,1,0.965106,0.024236046,0.010657894,1504,1,3
Nandi,2020-02-01,2020,1,1.0,False,1,0.98243356,0.010122389,0.0074441186,1504,1,3
Narok,2020-02-01,2020,1,2.0,False,2,0.31807256,0.6416101,0.040317353,1504,2,3
Nyamira,2020-02-01,2020,1,1.0,False,1,0.98146975,0.010693808,0.007836429,1504,1,3
Nyandarua,2020-02-01,2020,1,1.0,False,1,0.96101,0.027653564,0.011336441,1504,1,3
Nyeri,2020-02-01,2020,1,1.0,False,1,0.98335314,0.009616705,0.0070301876,1504,1,3
Samburu,2020-02-01,2020,2,3.0,True,2,0.08272708,0.8454798,0.071793094,1504,3,3
Siaya,2020-02-01,2020,1,1.0,False,1,0.9826819,0.009910146,0.007407983,1504,1,3
Taita Taveta,2020-02-01,2020,1,2.0,False,2,0.43298793,0.54171294,0.025299123,1504,2,3
Tana River,2020-02-01,2020,2,3.0,False,2,0.13477156,0.8025828,0.06264568,1504,3,3
Tharaka-Nithi,2020-02-01,2020,1,3.0,False,2,0.4242008,0.5241617,0.05163755,1504,3,3
Trans Nzoia,2020-02-01,2020,1,1.0,False,1,0.9821138,0.010360109,0.0075260634,1504,1,3
Turkana,2020-02-01,2020,2,3.0,True,2,0.068674065,0.58766043,0.3436655,1504,3,3
Uasin Gishu,2020-02-01,2020,1,1.0,False,1,0.96833104,0.022065062,0.009603941,1504,1,3
Vihiga,2020-02-01,2020,1,1.0,False,1,0.98238164,0.010259105,0.0073591894,1504,1,3
Wajir,2020-02-01,2020,2,3.0,True,2,0.13806565,0.67425203,0.18768233,1504,3,3
West Pokot,2020-02-01,2020,1,2.0,False,2,0.17675817,0.7689059,0.054335944,1504,2,3
Baringo,2020-06-01,2020,1,2.0,True,2,0.35767108,0.61558795,0.026740966,1504,2,3
Bomet,2020-06-01,2020,1,1.0,False,1,0.9859926,0.00813089,0.0058764783,1504,1,3
Bungoma,2020-06-01,2020,1,1.0,False,1,0.9844595,0.009111389,0.006429141,1504,1,3
Busia,2020-06-01,2020,1,1.0,False,1,0.98496246,0.008666116,0.0063714087,1504,1,3
Elgeyo-Marakwet,2020-06-01,2020,1,1.0,False,1,0.9109434,0.07698304,0.012073563,1504,1,3
Embu,2020-06-01,2020,1,1.0,False,1,0.5590451,0.41734484,0.023610082,1504,1,3
Garissa,2020-06-01,2020,2,2.0,False,2,0.11903945,0.843317,0.037643537,1504,2,3
Homa Bay,2020-06-01,2020,1,1.0,False,1,0.98621076,0.007879353,0.005909941,1504,1,3
Isiolo,2020-06-01,2020,2,2.0,False,2,0.08432603,0.8556816,0.05999238,1504,2,3
Kajiado,2020-06-01,2020,2,2.0,False,2,0.29914898,0.6673321,0.03351895,1504,2,3
Kakamega,2020-06-01,2020,1,1.0,False,1,0.9859926,0.00813089,0.0058764783,1504,1,3
Kericho,2020-06-01,2020,1,1.0,False,1,0.98600113,0.007877679,0.006121175,1504,1,3
Kiambu,2020-06-01,2020,1,1.0,False,1,0.9614445,0.026716005,0.011839504,1504,1,3
Kilifi,2020-06-01,2020,2,2.0,False,2,0.3674549,0.609416,0.023129085,1504,2,3
Kirinyaga,2020-06-01,2020,1,1.0,False,1,0.9856317,0.008180881,0.0061873905,1504,1,3
Kisii,2020-06-01,2020,1,1.0,False,1,0.98526484,0.008439489,0.0062956205,1504,1,3
Kisumu,2020-06-01,2020,1,1.0,False,1,0.9862322,0.00788157,0.005886189,1504,1,3
Kitui,2020-06-01,2020,1,1.0,False,2,0.31697813,0.634457,0.048564892,1504,1,3
Kwale,2020-06-01,2020,2,2.0,False,2,0.4663599,0.5126008,0.021039257,1504,2,3
Laikipia,2020-06-01,2020,1,2.0,False,2,0.22668408,0.73508555,0.038230374,1504,2,3
Lamu,2020-06-01,2020,2,2.0,False,2,0.39555678,0.5814986,0.022944624,1504,2,3
Machakos,2020-06-01,2020,1,1.0,False,1,0.5369458,0.44136992,0.021684224,1504,1,3
Makueni,2020-06-01,2020,1,1.0,False,2,0.15478657,0.8013204,0.04389303,1504,1,3
Mandera,2020-06-01,2020,2,2.0,False,2,0.064841345,0.8944963,0.040662292,1504,2,3
Marsabit,2020-06-01,2020,2,2.0,True,2,0.093977444,0.84133095,0.06469159,1504,2,3
Meru,2020-06-01,2020,1,1.0,False,1,0.7387595,0.24845193,0.012788501,1504,1,3
Migori,2020-06-01,2020,1,1.0,False,1,0.9691955,0.02153309,0.009271414,1504,1,3
Mombasa,2020-06-01,2020,2,1.0,False,1,0.9718622,0.01929515,0.008842709,1504,1,3
Murang'a,2020-06-01,2020,1,1.0,False,1,0.9850638,0.008557011,0.0063792206,1504,1,3
Nairobi,2020-06-01,2020,2,1.0,False,1,0.9724512,0.019176073,0.00837273,1504,1,3
Nakuru,2020-06-01,2020,1,1.0,False,1,0.969263,0.02097384,0.009763118,1504,1,3
Nandi,2020-06-01,2020,1,1.0,False,1,0.98533255,0.008544869,0.006122598,1504,1,3
Narok,2020-06-01,2020,1,1.0,False,2,0.41230643,0.5642768,0.023416776,1504,1,3
Nyamira,2020-06-01,2020,1,1.0,False,1,0.98424244,0.0090284245,0.006729101,1504,1,3
Nyandarua,2020-06-01,2020,1,1.0,False,1,0.97252256,0.019278593,0.008198901,1504,1,3
Nyeri,2020-06-01,2020,1,1.0,False,1,0.98533255,0.008544869,0.006122598,1504,1,3
Samburu,2020-06-01,2020,2,2.0,True,2,0.08914842,0.87530583,0.035545792,1504,2,3
Siaya,2020-06-01,2020,1,1.0,False,1,0.9862071,0.007881369,0.005911452,1504,1,3
Taita Taveta,2020-06-01,2020,1,1.0,False,1,0.55831724,0.42020032,0.021482397,1504,1,3
Tana River,2020-06-01,2020,2,2.0,False,2,0.117564306,0.8524456,0.029990066,1504,2,3
Tharaka-Nithi,2020-06-01,2020,1,1.0,False,1,0.56739724,0.41088122,0.021721497,1504,1,3
Trans Nzoia,2020-06-01,2020,1,1.0,False,1,0.9849237,0.0087828785,0.0062934407,1504,1,3
Turkana,2020-06-01,2020,2,2.0,True,2,0.15563874,0.7696593,0.07470198,1504,2,3
Uasin Gishu,2020-06-01,2020,1,1.0,False,1,0.972324,0.019742096,0.007933879,1504,1,3
Vihiga,2020-06-01,2020,1,1.0,False,1,0.98497,0.008736313,0.0062937364,1504,1,3
Wajir,2020-06-01,2020,2,2.0,True,2,0.08466215,0.8733922,0.041945636,1504,2,3
West Pokot,2020-06-01,2020,1,1.0,False,2,0.2583326,0.7127672,0.028900234,1504,1,3
Baringo,2020-10-01,2020,1,1.0,True,2,0.32113898,0.64697766,0.031883348,1504,1,3
Bomet,2020-10-01,2020,1,1.0,False,1,0.98261297,0.010043026,0.007344083,1504,1,3
Bungoma,2020-10-01,2020,1,1.0,False,1,0.9810308,0.010947033,0.008022149,1504,1,3
Busia,2020-10-01,2020,1,1.0,False,1,0.9807803,0.01102119,0.008198485,1504,1,3
Elgeyo-Marakwet,2020-10-01,2020,1,1.0,False,1,0.8980174,0.08802331,0.013959248,1504,1,3
Embu,2020-10-01,2020,2,1.0,False,1,0.49812067,0.47201744,0.029861897,1504,1,3
Garissa,2020-10-01,2020,2,2.0,False,2,0.12795359,0.8350389,0.037007514,1504,2,3
Homa Bay,2020-10-01,2020,1,1.0,False,1,0.9832775,0.009489368,0.0072331545,1504,1,3
Isiolo,2020-10-01,2020,2,2.0,False,2,0.04053171,0.8851924,0.07427587,1504,2,3
Kajiado,2020-10-01,2020,2,2.0,False,2,0.27585497,0.6844733,0.03967178,1504,2,3
Kakamega,2020-10-01,2020,1,1.0,False,1,0.9817193,0.010586695,0.0076939533,1504,1,3
Kericho,2020-10-01,2020,1,1.0,False,1,0.9814968,0.010419029,0.008084166,1504,1,3
Kiambu,2020-10-01,2020,1,1.0,False,1,0.95083797,0.03451398,0.014648034,1504,1,3
Kilifi,2020-10-01,2020,2,2.0,False,2,0.31721178,0.6571977,0.025590505,1504,2,3
Kirinyaga,2020-10-01,2020,1,1.0,False,1,0.98211896,0.010040552,0.007840513,1504,1,3
Kisii,2020-10-01,2020,1,1.0,False,1,0.9827633,0.009651691,0.0075850207,1504,1,3
Kisumu,2020-10-01,2020,1,1.0,False,1,0.98056215,0.009955669,0.0094821965,1504,1,3
Kitui,2020-10-01,2020,2,1.0,False,2,0.26924178,0.6783429,0.052415323,1504,1,3
Kwale,2020-10-01,2020,2,2.0,False,2,0.32535213,0.6467017,0.027946232,1504,2,3
Laikipia,2020-10-01,2020,2,1.0,False,2,0.18702915,0.7617701,0.051200703,1504,1,3
Lamu,2020-10-01,2020,2,2.0,False,2,0.39817095,0.57641304,0.025416058,1504,2,3
Machakos,2020-10-01,2020,1,1.0,False,1,0.5422774,0.43356058,0.024161985,1504,1,3
Makueni,2020-10-01,2020,2,1.0,False,2,0.14733171,0.81111735,0.041550893,1504,1,3
Mandera,2020-10-01,2020,2,2.0,False,2,0.12222889,0.80718553,0.07058556,1504,2,3
Marsabit,2020-10-01,2020,2,2.0,True,2,0.047995962,0.87498134,0.07702272,1504,2,3
Meru,2020-10-01,2020,2,1.0,False,1,0.7514347,0.23476876,0.013796523,1504,1,3
Migori,2020-10-01,2020,1,1.0,False,1,0.9631878,0.024773331,0.012038803,1504,1,3
Mombasa,2020-10-01,2020,1,2.0,False,1,0.9555,0.031044412,0.013455614,1504,2,3
Murang'a,2020-10-01,2020,1,1.0,False,1,0.98227304,0.010051033,0.0076759076,1504,1,3
Nairobi,2020-10-01,2020,1,2.0,False,1,0.96638006,0.023269767,0.010350115,1504,2,3
Nakuru,2020-10-01,2020,1,1.0,False,1,0.96375453,0.025252607,0.010992826,1504,1,3
Nandi,2020-10-01,2020,1,1.0,False,1,0.9812154,0.010921468,0.007863112,1504,1,3
Narok,2020-10-01,2020,2,1.0,False,2,0.32919717,0.64548695,0.02531588,1504,1,3
Nyamira,2020-10-01,2020,1,1.0,False,1,0.98114437,0.010854914,0.008000706,1504,1,3
Nyandarua,2020-10-01,2020,1,1.0,False,1,0.9674434,0.02263304,0.009923545,1504,1,3
Nyeri,2020-10-01,2020,1,1.0,False,1,0.9823407,0.010293654,0.0073656193,1504,1,3
Samburu,2020-10-01,2020,2,2.0,True,2,0.051481433,0.9111458,0.03737269,1504,2,3
Siaya,2020-10-01,2020,1,1.0,False,1,0.98333824,0.009505311,0.007156442,1504,1,3
Taita Taveta,2020-10-01,2020,2,1.0,False,1,0.54201794,0.4356463,0.022335757,1504,1,3
Tana River,2020-10-01,2020,2,2.0,False,2,0.13903913,0.8300934,0.030867558,1504,2,3
Tharaka-Nithi,2020-10-01,2020,2,1.0,False,1,0.5626895,0.40226457,0.035045937,1504,1,3
Trans Nzoia,2020-10-01,2020,1,1.0,False,1,0.9786114,0.012709719,0.008678876,1504,1,3
Turkana,2020-10-01,2020,2,2.0,True,2,0.05709237,0.83319086,0.10971675,1504,2,3
Uasin Gishu,2020-10-01,2020,1,1.0,False,1,0.9689381,0.021790512,0.009271317,1504,1,3
Vihiga,2020-10-01,2020,1,1.0,False,1,0.9816195,0.010753441,0.0076270406,1504,1,3
Wajir,2020-10-01,2020,2,2.0,True,2,0.08494186,0.8492906,0.0657675,1504,2,3
West Pokot,2020-10-01,2020,2,1.0,False,2,0.23758374,0.7241691,0.038247194,1504,1,3
Baringo,2021-02-01,2021,2,1.0,True,2,0.24451523,0.7309531,0.024531623,1645,1,3
Bomet,2021-02-01,2021,1,1.0,False,1,0.9893791,0.0064346637,0.004186239,1645,1,3
Bungoma,2021-02-01,2021,1,1.0,False,1,0.988447,0.0066278526,0.004925113,1645,1,3
Busia,2021-02-01,2021,1,1.0,False,1,0.9894103,0.005798523,0.0047912304,1645,1,3
Elgeyo-Marakwet,2021-02-01,2021,1,1.0,False,1,0.910952,0.07776281,0.011285245,1645,1,3
Embu,2021-02-01,2021,2,2.0,False,2,0.35280523,0.6271377,0.020057049,1645,2,3
Garissa,2021-02-01,2021,2,2.0,False,2,0.020175552,0.9585883,0.02123622,1645,2,3
Homa Bay,2021-02-01,2021,1,1.0,False,1,0.9888976,0.006182446,0.0049199136,1645,1,3
Isiolo,2021-02-01,2021,3,2.0,False,2,0.028031323,0.93403184,0.037936833,1645,2,3
Kajiado,2021-02-01,2021,2,2.0,False,2,0.13690378,0.8429509,0.020145366,1645,2,3
Kakamega,2021-02-01,2021,1,1.0,False,1,0.98960507,0.0058245216,0.0045704613,1645,1,3
Kericho,2021-02-01,2021,1,1.0,False,1,0.9893238,0.006004765,0.0046714633,1645,1,3
Kiambu,2021-02-01,2021,1,1.0,False,1,0.9693639,0.023425141,0.0072109485,1645,1,3
Kilifi,2021-02-01,2021,2,2.0,False,2,0.22920682,0.7536922,0.017100975,1645,2,3
Kirinyaga,2021-02-01,2021,1,1.0,False,1,0.9901231,0.0063279765,0.0035489418,1645,1,3
Kisii,2021-02-01,2021,1,1.0,False,1,0.98711175,0.008214047,0.0046741874,1645,1,3
Kisumu,2021-02-01,2021,1,1.0,False,1,0.9879289,0.0068451897,0.0052259564,1645,1,3
Kitui,2021-02-01,2021,2,2.0,False,2,0.14348212,0.8018552,0.054662716,1645,2,3
Kwale,2021-02-01,2021,2,2.0,False,2,0.3467999,0.63651055,0.016689518,1645,2,3
Laikipia,2021-02-01,2021,2,2.0,False,2,0.12112412,0.85315627,0.0257196,1645,2,3
Lamu,2021-02-01,2021,2,2.0,False,2,0.22046065,0.7264077,0.05313163,1645,2,3
Machakos,2021-02-01,2021,1,1.0,False,1,0.49645504,0.48105106,0.022493912,1645,1,3
Makueni,2021-02-01,2021,2,2.0,False,2,0.064438425,0.88110244,0.054459184,1645,2,3
Mandera,2021-02-01,2021,2,2.0,False,2,0.045154665,0.8402092,0.11463615,1645,2,3
Marsabit,2021-02-01,2021,3,2.0,True,2,0.045570593,0.9011881,0.053241313,1645,2,3
Meru,2021-02-01,2021,2,2.0,False,1,0.6831775,0.30546445,0.01135805,1645,2,3
Migori,2021-02-01,2021,1,1.0,False,1,0.97024214,0.021771953,0.007985832,1645,1,3
Mombasa,2021-02-01,2021,1,1.0,False,1,0.97389865,0.020133993,0.005967397,1645,1,3
Murang'a,2021-02-01,2021,1,1.0,False,1,0.9896079,0.0069240103,0.0034681498,1645,1,3
Nairobi,2021-02-01,2021,1,1.0,False,1,0.9771857,0.017515289,0.005298971,1645,1,3
Nakuru,2021-02-01,2021,1,1.0,False,1,0.9752964,0.01773682,0.0069668326,1645,1,3
Nandi,2021-02-01,2021,1,1.0,False,1,0.9890437,0.0062078447,0.0047484534,1645,1,3
Narok,2021-02-01,2021,2,2.0,False,2,0.26340717,0.7171659,0.019426996,1645,2,3
Nyamira,2021-02-01,2021,1,1.0,False,1,0.9899532,0.005868104,0.0041786497,1645,1,3
Nyandarua,2021-02-01,2021,1,1.0,False,1,0.9784862,0.01603432,0.0054794895,1645,1,3
Nyeri,2021-02-01,2021,2,1.0,False,1,0.8910135,0.102085784,0.0069007287,1645,1,3
Samburu,2021-02-01,2021,2,2.0,True,2,0.029399453,0.9509383,0.019662254,1645,2,3
Siaya,2021-02-01,2021,1,1.0,False,1,0.9887145,0.0062887166,0.0049967295,1645,1,3
Taita Taveta,2021-02-01,2021,1,2.0,False,2,0.44245803,0.5394857,0.01805629,1645,2,3
Tana River,2021-02-01,2021,2,2.0,False,2,0.025765408,0.95802397,0.016210707,1645,2,3
Tharaka-Nithi,2021-02-01,2021,2,2.0,False,2,0.19602297,0.7835065,0.020470478,1645,2,3
Trans Nzoia,2021-02-01,2021,1,1.0,False,1,0.99034566,0.005588248,0.004066072,1645,1,3
Turkana,2021-02-01,2021,3,2.0,True,2,0.061314225,0.75241745,0.18626834,1645,2,3
Uasin Gishu,2021-02-01,2021,1,1.0,False,1,0.98132676,0.012775243,0.0058979494,1645,1,3
Vihiga,2021-02-01,2021,1,1.0,False,1,0.9881837,0.0067138732,0.0051024654,1645,1,3
Wajir,2021-02-01,2021,2,2.0,True,2,0.036666688,0.89413726,0.069196075,1645,2,3
West Pokot,2021-02-01,2021,2,2.0,False,2,0.12588355,0.8486711,0.025445312,1645,2,3
Baringo,2021-06-01,2021,2,2.0,True,2,0.23030637,0.73895997,0.030733658,1645,2,3
Bomet,2021-06-01,2021,1,1.0,False,1,0.99133354,0.005314255,0.0033521382,1645,1,3
Bungoma,2021-06-01,2021,1,1.0,False,1,0.9908738,0.0060151652,0.0031110644,1645,1,3
Busia,2021-06-01,2021,1,1.0,False,1,0.9904537,0.0057925247,0.0037537205,1645,1,3
Elgeyo-Marakwet,2021-06-01,2021,1,1.0,False,1,0.81811196,0.17212853,0.009759578,1645,1,3
Embu,2021-06-01,2021,2,2.0,False,2,0.41269246,0.56039613,0.026911411,1645,2,3
Garissa,2021-06-01,2021,2,2.0,False,2,0.01662835,0.4926364,0.4907352,1645,2,3
Homa Bay,2021-06-01,2021,1,1.0,False,1,0.99079,0.0054140612,0.003795857,1645,1,3
Isiolo,2021-06-01,2021,3,3.0,False,3,0.012904552,0.094512895,0.8925826,1645,3,3
Kajiado,2021-06-01,2021,2,2.0,False,2,0.119249314,0.8593061,0.021444598,1645,2,3
Kakamega,2021-06-01,2021,1,1.0,False,1,0.9904227,0.005867366,0.0037099111,1645,1,3
Kericho,2021-06-01,2021,1,1.0,False,1,0.99037594,0.005991563,0.0036324712,1645,1,3
Kiambu,2021-06-01,2021,1,1.0,False,1,0.9744746,0.018729094,0.0067963013,1645,1,3
Kilifi,2021-06-01,2021,2,2.0,False,2,0.08553598,0.8193479,0.09511605,1645,2,3
Kirinyaga,2021-06-01,2021,1,1.0,False,1,0.99098855,0.005884277,0.003127152,1645,1,3
Kisii,2021-06-01,2021,1,1.0,False,1,0.99048305,0.0057520396,0.0037648724,1645,1,3
Kisumu,2021-06-01,2021,1,1.0,False,1,0.9898448,0.0062010754,0.003954102,1645,1,3
Kitui,2021-06-01,2021,2,2.0,False,2,0.03192801,0.88665664,0.08141538,1645,2,3
Kwale,2021-06-01,2021,2,2.0,False,2,0.13196772,0.85511297,0.012919272,1645,2,3
Laikipia,2021-06-01,2021,2,2.0,False,2,0.14085825,0.7289828,0.1301589,1645,2,3
Lamu,2021-06-01,2021,2,2.0,False,2,0.119283244,0.53824896,0.34246778,1645,2,3
Machakos,2021-06-01,2021,1,1.0,False,1,0.48478526,0.4790583,0.036156435,1645,1,3
Makueni,2021-06-01,2021,2,2.0,False,2,0.07483892,0.8599043,0.06525682,1645,2,3
Mandera,2021-06-01,2021,2,2.0,False,3,0.04409439,0.39674515,0.5591605,1645,2,3
Marsabit,2021-06-01,2021,3,3.0,True,3,0.019963983,0.160863,0.81917304,1645,3,3
Meru,2021-06-01,2021,2,2.0,False,1,0.6129959,0.36588517,0.021118863,1645,2,3
Migori,2021-06-01,2021,1,1.0,False,1,0.9751288,0.018268468,0.0066027786,1645,1,3
Mombasa,2021-06-01,2021,1,1.0,False,1,0.96359146,0.026011566,0.010397001,1645,1,3
Murang'a,2021-06-01,2021,1,1.0,False,1,0.99115413,0.0056247646,0.0032211067,1645,1,3
Nairobi,2021-06-01,2021,1,1.0,False,1,0.97470313,0.016816434,0.008480482,1645,1,3
Nakuru,2021-06-01,2021,1,1.0,False,1,0.97759265,0.01732455,0.0050828736,1645,1,3
Nandi,2021-06-01,2021,1,1.0,False,1,0.99003136,0.0061191977,0.0038494216,1645,1,3
Narok,2021-06-01,2021,2,2.0,False,2,0.35275435,0.6362714,0.010974274,1645,2,3
Nyamira,2021-06-01,2021,1,1.0,False,1,0.99047905,0.005855483,0.003665414,1645,1,3
Nyandarua,2021-06-01,2021,1,1.0,False,1,0.9794145,0.015884016,0.00470142,1645,1,3
Nyeri,2021-06-01,2021,2,2.0,False,1,0.9160281,0.07782413,0.0061477753,1645,2,3
Samburu,2021-06-01,2021,2,2.0,True,2,0.031978093,0.5828243,0.3851976,1645,2,3
Siaya,2021-06-01,2021,1,1.0,False,1,0.9910114,0.005263211,0.0037254724,1645,1,3
Taita Taveta,2021-06-01,2021,2,1.0,False,2,0.27655235,0.7129712,0.010476479,1645,1,3
Tana River,2021-06-01,2021,2,2.0,False,2,0.013907893,0.7868604,0.19923167,1645,2,3
Tharaka-Nithi,2021-06-01,2021,2,2.0,False,2,0.15505034,0.8048831,0.040066544,1645,2,3
Trans Nzoia,2021-06-01,2021,1,1.0,False,1,0.9903875,0.006450803,0.0031617077,1645,1,3
Turkana,2021-06-01,2021,3,3.0,True,2,0.02676606,0.9100057,0.063228294,1645,3,3
Uasin Gishu,2021-06-01,2021,1,1.0,False,1,0.977444,0.01787559,0.004680422,1645,1,3
Vihiga,2021-06-01,2021,1,1.0,False,1,0.99008256,0.0061057154,0.0038117224,1645,1,3
Wajir,2021-06-01,2021,2,2.0,True,2,0.026604777,0.4980075,0.47538766,1645,2,3
West Pokot,2021-06-01,2021,2,2.0,False,2,0.08937026,0.8944297,0.01620005,1645,2,3
Baringo,2021-10-01,2021,2,2.0,True,2,0.34088743,0.59657204,0.062540516,1645,2,3
Bomet,2021-10-01,2021,1,1.0,False,1,0.990859,0.005858838,0.0032821766,1645,1,3
Bungoma,2021-10-01,2021,1,1.0,False,1,0.988613,0.006490872,0.004896085,1645,1,3
Busia,2021-10-01,2021,1,1.0,False,1,0.9877864,0.006998004,0.005215579,1645,1,3
Elgeyo-Marakwet,2021-10-01,2021,1,1.0,False,1,0.8912201,0.088993326,0.019786606,1645,1,3
Embu,2021-10-01,2021,2,2.0,False,2,0.28581852,0.67630535,0.03787617,1645,2,3
Garissa,2021-10-01,2021,3,2.0,False,3,0.009450908,0.03952305,0.951026,1645,2,3
Homa Bay,2021-10-01,2021,1,1.0,False,1,0.9912776,0.0054830066,0.0032394906,1645,1,3
Isiolo,2021-10-01,2021,3,3.0,False,3,0.008356435,0.028453255,0.96319026,1645,3,3
Kajiado,2021-10-01,2021,2,2.0,False,2,0.24750103,0.6993792,0.053119786,1645,2,3
Kakamega,2021-10-01,2021,1,1.0,False,1,0.99048245,0.005444989,0.004072502,1645,1,3
Kericho,2021-10-01,2021,1,1.0,False,1,0.99037313,0.005926751,0.0037000922,1645,1,3
Kiambu,2021-10-01,2021,1,1.0,False,1,0.95638156,0.027926363,0.015692068,1645,1,3
Kilifi,2021-10-01,2021,2,2.0,False,2,0.0655337,0.50835335,0.42611292,1645,2,3
Kirinyaga,2021-10-01,2021,1,1.0,False,1,0.985371,0.008106441,0.0065225945,1645,1,3
Kisii,2021-10-01,2021,1,1.0,False,1,0.98808265,0.007574078,0.0043433425,1645,1,3
Kisumu,2021-10-01,2021,1,1.0,False,1,0.9888994,0.006733265,0.0043674014,1645,1,3
Kitui,2021-10-01,2021,2,2.0,False,2,0.19567607,0.61703455,0.18728933,1645,2,3
Kwale,2021-10-01,2021,2,2.0,False,2,0.09865571,0.82966185,0.0716824,1645,2,3
Laikipia,2021-10-01,2021,2,2.0,False,2,0.13200961,0.7661865,0.101803884,1645,2,3
Lamu,2021-10-01,2021,2,2.0,False,2,0.04917267,0.5691967,0.38163063,1645,2,3
Machakos,2021-10-01,2021,1,1.0,False,2,0.44088903,0.5211723,0.037938703,1645,1,3
Makueni,2021-10-01,2021,2,2.0,False,2,0.15365317,0.61928415,0.22706263,1645,2,3
Mandera,2021-10-01,2021,3,2.0,False,2,0.040026776,0.7406087,0.21936451,1645,2,3
Marsabit,2021-10-01,2021,3,3.0,True,3,0.025728434,0.21257289,0.76169866,1645,3,3
Meru,2021-10-01,2021,1,2.0,False,1,0.69173384,0.29205456,0.016211608,1645,2,3
Migori,2021-10-01,2021,1,1.0,False,1,0.9603898,0.029331673,0.010278544,1645,1,3
Mombasa,2021-10-01,2021,1,1.0,False,1,0.92276686,0.02240483,0.0548283,1645,1,3
Murang'a,2021-10-01,2021,1,1.0,False,1,0.98614174,0.0074740914,0.00638418,1645,1,3
Nairobi,2021-10-01,2021,1,1.0,False,1,0.96664095,0.024376892,0.008982115,1645,1,3
Nakuru,2021-10-01,2021,1,1.0,False,1,0.97421783,0.019956604,0.0058255033,1645,1,3
Nandi,2021-10-01,2021,1,1.0,False,1,0.98913157,0.006606333,0.0042620674,1645,1,3
Narok,2021-10-01,2021,2,2.0,False,2,0.3937186,0.58835506,0.017926315,1645,2,3
Nyamira,2021-10-01,2021,1,1.0,False,1,0.98934805,0.0066442783,0.004007675,1645,1,3
Nyandarua,2021-10-01,2021,1,1.0,False,1,0.9789894,0.014229677,0.006780854,1645,1,3
Nyeri,2021-10-01,2021,2,2.0,False,1,0.9160047,0.07345617,0.010539098,1645,2,3
Samburu,2021-10-01,2021,3,2.0,True,2,0.04000883,0.8468226,0.11316851,1645,2,3
Siaya,2021-10-01,2021,1,1.0,False,1,0.9890653,0.0067583155,0.004176435,1645,1,3
Taita Taveta,2021-10-01,2021,2,2.0,False,2,0.15768865,0.7824098,0.059901573,1645,2,3
Tana River,2021-10-01,2021,3,2.0,False,3,0.015421915,0.1432789,0.84129924,1645,2,3
Tharaka-Nithi,2021-10-01,2021,2,2.0,False,2,0.33752868,0.59725636,0.06521501,1645,2,3
Trans Nzoia,2021-10-01,2021,1,1.0,False,1,0.9862845,0.007507243,0.0062082983,1645,1,3
Turkana,2021-10-01,2021,3,3.0,True,2,0.039106708,0.7424597,0.21843357,1645,3,3
Uasin Gishu,2021-10-01,2021,1,1.0,False,1,0.96912766,0.020410832,0.0104615735,1645,1,3
Vihiga,2021-10-01,2021,1,1.0,False,1,0.9914684,0.0052314615,0.0033000885,1645,1,3
Wajir,2021-10-01,2021,3,2.0,True,3,0.008911372,0.08724156,0.90384704,1645,2,3
West Pokot,2021-10-01,2021,2,2.0,False,2,0.116820775,0.7961527,0.08702651,1645,2,3
Baringo,2022-02-01,2022,3,2.0,True,2,0.33210176,0.6456066,0.022291612,1786,2,3
Bomet,2022-02-01,2022,1,1.0,False,1,0.99542725,0.0034024392,0.0011702636,1786,1,3
Bungoma,2022-02-01,2022,1,1.0,False,1,0.9948079,0.0034608461,0.0017313269,1786,1,3
Busia,2022-02-01,2022,1,1.0,False,1,0.99416935,0.0042200163,0.0016106833,1786,1,3
Elgeyo-Marakwet,2022-02-01,2022,1,1.0,False,1,0.9241516,0.07151452,0.0043338817,1786,1,3
Embu,2022-02-01,2022,2,2.0,False,2,0.10555377,0.87280726,0.021638948,1786,2,3
Garissa,2022-02-01,2022,3,3.0,False,3,0.011470624,0.24121019,0.74731916,1786,3,3
Homa Bay,2022-02-01,2022,1,1.0,False,1,0.99309665,0.0047320346,0.0021712552,1786,1,3
Isiolo,2022-02-01,2022,3,3.0,False,3,0.003952278,0.031534333,0.96451336,1786,3,3
Kajiado,2022-02-01,2022,2,2.0,False,2,0.08317399,0.8465182,0.0703078,1786,2,3
Kakamega,2022-02-01,2022,1,1.0,False,1,0.99587065,0.0029735302,0.0011558329,1786,1,3
Kericho,2022-02-01,2022,1,1.0,False,1,0.9966884,0.0021045732,0.0012070636,1786,1,3
Kiambu,2022-02-01,2022,1,1.0,False,1,0.98057723,0.014987115,0.0044356403,1786,1,3
Kilifi,2022-02-01,2022,2,2.0,False,2,0.041088115,0.74449766,0.21441421,1786,2,3
Kirinyaga,2022-02-01,2022,1,1.0,False,1,0.9911504,0.0062946184,0.002555033,1786,1,3
Kisii,2022-02-01,2022,1,1.0,False,1,0.9966815,0.0022977733,0.001020703,1786,1,3
Kisumu,2022-02-01,2022,1,1.0,False,1,0.99607134,0.0028153548,0.0011133208,1786,1,3
Kitui,2022-02-01,2022,3,2.0,False,2,0.036159113,0.723835,0.24000587,1786,2,3
Kwale,2022-02-01,2022,2,2.0,False,2,0.038685285,0.94888204,0.012432702,1786,2,3
Laikipia,2022-02-01,2022,2,2.0,False,2,0.06646104,0.8604455,0.07309348,1786,2,3
Lamu,2022-02-01,2022,2,2.0,False,3,0.04088537,0.21954481,0.7395698,1786,2,3
Machakos,2022-02-01,2022,1,1.0,False,2,0.3092878,0.6265802,0.06413201,1786,1,3
Makueni,2022-02-01,2022,3,2.0,False,3,0.054250136,0.44345424,0.5022956,1786,2,3
Mandera,2022-02-01,2022,3,3.0,False,3,0.003986662,0.06562915,0.93038416,1786,3,3
Marsabit,2022-02-01,2022,3,3.0,True,3,0.00415897,0.0762127,0.9196284,1786,3,3
Meru,2022-02-01,2022,1,1.0,False,2,0.21561237,0.7610255,0.023362173,1786,1,3
Migori,2022-02-01,2022,1,1.0,False,1,0.9825279,0.014579127,0.0028929976,1786,1,3
Mombasa,2022-02-01,2022,1,1.0,False,1,0.9127832,0.05701017,0.030206606,1786,1,3
Murang'a,2022-02-01,2022,1,1.0,False,1,0.99451435,0.0037235646,0.0017621412,1786,1,3
Nairobi,2022-02-01,2022,1,1.0,False,1,0.95468825,0.03766622,0.0076454924,1786,1,3
Nakuru,2022-02-01,2022,1,1.0,False,1,0.9861499,0.0116169425,0.0022331388,1786,1,3
Nandi,2022-02-01,2022,1,1.0,False,1,0.99525756,0.0032107136,0.0015317026,1786,1,3
Narok,2022-02-01,2022,1,2.0,False,2,0.33302635,0.6483503,0.018623302,1786,2,3
Nyamira,2022-02-01,2022,1,1.0,False,1,0.99428576,0.0033984855,0.002315731,1786,1,3
Nyandarua,2022-02-01,2022,1,1.0,False,1,0.98508966,0.0124957645,0.0024145553,1786,1,3
Nyeri,2022-02-01,2022,2,2.0,False,1,0.8356912,0.15592292,0.008385876,1786,2,3
Samburu,2022-02-01,2022,3,3.0,True,2,0.012707391,0.91465867,0.072633915,1786,3,3
Siaya,2022-02-01,2022,1,1.0,False,1,0.9946517,0.003902859,0.001445435,1786,1,3
Taita Taveta,2022-02-01,2022,2,2.0,False,2,0.038959436,0.95273787,0.008302718,1786,2,3
Tana River,2022-02-01,2022,3,3.0,False,2,0.008652237,0.87686914,0.11447867,1786,3,3
Tharaka-Nithi,2022-02-01,2022,2,2.0,False,2,0.059594855,0.5432805,0.39712465,1786,2,3
Trans Nzoia,2022-02-01,2022,1,1.0,False,1,0.9952054,0.0034117003,0.0013829047,1786,1,3
Turkana,2022-02-01,2022,3,3.0,True,2,0.019225245,0.6958435,0.2849312,1786,3,3
Uasin Gishu,2022-02-01,2022,1,1.0,False,1,0.98906726,0.009323025,0.0016097156,1786,1,3
Vihiga,2022-02-01,2022,1,1.0,False,1,0.9960765,0.002916731,0.0010067819,1786,1,3
Wajir,2022-02-01,2022,3,3.0,True,3,0.01309629,0.2535179,0.73338586,1786,3,3
West Pokot,2022-02-01,2022,2,2.0,False,2,0.09201294,0.86186403,0.04612302,1786,2,3
Baringo,2022-06-01,2022,3,3.0,True,3,0.13528223,0.094563395,0.7701544,1786,3,3
Bomet,2022-06-01,2022,1,1.0,False,1,0.9964379,0.0026476525,0.0009144978,1786,1,3
Bungoma,2022-06-01,2022,1,1.0,False,1,0.99371594,0.003995068,0.002289019,1786,1,3
Busia,2022-06-01,2022,1,1.0,False,1,0.99636394,0.0025969255,0.0010391899,1786,1,3
Elgeyo-Marakwet,2022-06-01,2022,1,1.0,False,1,0.9180596,0.06232583,0.01961455,1786,1,3
Embu,2022-06-01,2022,2,2.0,False,2,0.33789,0.65218234,0.009927659,1786,2,3
Garissa,2022-06-01,2022,3,3.0,False,2,0.013614384,0.96244127,0.023944333,1786,3,3
Homa Bay,2022-06-01,2022,1,1.0,False,1,0.996188,0.0027543993,0.0010576595,1786,1,3
Isiolo,2022-06-01,2022,3,3.0,False,2,0.013690992,0.6944351,0.2918739,1786,3,3
Kajiado,2022-06-01,2022,2,2.0,False,2,0.08210341,0.882343,0.03555359,1786,2,3
Kakamega,2022-06-01,2022,1,1.0,False,1,0.99564433,0.002910759,0.001444976,1786,1,3
Kericho,2022-06-01,2022,1,1.0,False,1,0.9959436,0.0027377873,0.0013185939,1786,1,3
Kiambu,2022-06-01,2022,1,1.0,False,1,0.9810053,0.01493499,0.0040596193,1786,1,3
Kilifi,2022-06-01,2022,2,2.0,False,2,0.03765848,0.95242554,0.009915972,1786,2,3
Kirinyaga,2022-06-01,2022,1,1.0,False,1,0.9928888,0.004495898,0.0026152437,1786,1,3
Kisii,2022-06-01,2022,1,1.0,False,1,0.9962106,0.0026281201,0.0011612964,1786,1,3
Kisumu,2022-06-01,2022,1,1.0,False,1,0.99593747,0.0029874675,0.001075034,1786,1,3
Kitui,2022-06-01,2022,3,3.0,False,2,0.048054222,0.91915315,0.032792673,1786,3,3
Kwale,2022-06-01,2022,2,2.0,False,2,0.0399479,0.9503986,0.009653458,1786,2,3
Laikipia,2022-06-01,2022,2,2.0,False,2,0.124787174,0.5517486,0.32346427,1786,2,3
Lamu,2022-06-01,2022,2,2.0,False,2,0.1748941,0.8003931,0.024712844,1786,2,3
Machakos,2022-06-01,2022,1,1.0,False,1,0.5696006,0.41622368,0.0141757075,1786,1,3
Makueni,2022-06-01,2022,3,3.0,False,2,0.0458901,0.9142001,0.039909765,1786,3,3
Mandera,2022-06-01,2022,3,3.0,False,3,0.010963481,0.07701791,0.91201866,1786,3,3
Marsabit,2022-06-01,2022,3,3.0,True,3,0.005461198,0.028258316,0.96628046,1786,3,3
Meru,2022-06-01,2022,1,1.0,False,1,0.49346477,0.49183732,0.014697853,1786,1,3
Migori,2022-06-01,2022,1,1.0,False,1,0.99066836,0.0075760144,0.001755643,1786,1,3
Mombasa,2022-06-01,2022,1,1.0,False,1,0.92705303,0.055134658,0.017812373,1786,1,3
Murang'a,2022-06-01,2022,1,1.0,False,1,0.99416465,0.0040663523,0.0017690232,1786,1,3
Nairobi,2022-06-01,2022,1,1.0,False,1,0.95892406,0.035234697,0.005841293,1786,1,3
Nakuru,2022-06-01,2022,1,1.0,False,1,0.9795425,0.0130767925,0.0073807575,1786,1,3
Nandi,2022-06-01,2022,1,1.0,False,1,0.9956623,0.0030569753,0.0012807333,1786,1,3
Narok,2022-06-01,2022,1,1.0,False,2,0.39514926,0.5967352,0.008115547,1786,1,3
Nyamira,2022-06-01,2022,1,1.0,False,1,0.99606484,0.0026142045,0.0013209861,1786,1,3
Nyandarua,2022-06-01,2022,1,1.0,False,1,0.9816429,0.012547683,0.0058094533,1786,1,3
Nyeri,2022-06-01,2022,2,2.0,False,1,0.93334335,0.060027994,0.0066287257,1786,2,3
Samburu,2022-06-01,2022,3,3.0,True,3,0.013937321,0.31870258,0.6673601,1786,3,3
Siaya,2022-06-01,2022,1,1.0,False,1,0.9959849,0.003038886,0.00097624434,1786,1,3
Taita Taveta,2022-06-01,2022,2,2.0,False,2,0.09866541,0.8969005,0.004434093,1786,2,3
Tana River,2022-06-01,2022,3,3.0,False,2,0.006984395,0.98412573,0.008889894,1786,3,3
Tharaka-Nithi,2022-06-01,2022,3,2.0,False,2,0.19313459,0.79513985,0.011725551,1786,2,3
Trans Nzoia,2022-06-01,2022,1,1.0,False,1,0.9904124,0.005298399,0.004289175,1786,1,3
Turkana,2022-06-01,2022,3,3.0,True,3,0.01103892,0.30994642,0.6790146,1786,3,3
Uasin Gishu,2022-06-01,2022,1,1.0,False,1,0.98277813,0.012359612,0.0048622168,1786,1,3
Vihiga,2022-06-01,2022,1,1.0,False,1,0.9967249,0.0023414392,0.0009337057,1786,1,3
Wajir,2022-06-01,2022,3,3.0,True,3,0.0109323,0.12431715,0.86475056,1786,3,3
West Pokot,2022-06-01,2022,2,2.0,False,3,0.045142237,0.2603605,0.6944972,1786,2,3
Baringo,2022-10-01,2022,3,3.0,True,2,0.15441166,0.7625663,0.08302202,1786,3,3
Bomet,2022-10-01,2022,1,1.0,False,1,0.9944186,0.0040274933,0.0015539398,1786,1,3
Bungoma,2022-10-01,2022,1,1.0,False,1,0.99324495,0.004061374,0.0026936582,1786,1,3
Busia,2022-10-01,2022,1,1.0,False,1,0.9933555,0.0039235526,0.002720958,1786,1,3
Elgeyo-Marakwet,2022-10-01,2022,1,1.0,False,1,0.9061246,0.07989547,0.01397995,1786,1,3
Embu,2022-10-01,2022,2,2.0,False,2,0.101275444,0.8599602,0.0387644,1786,2,3
Garissa,2022-10-01,2022,3,3.0,False,3,0.0062243696,0.071326114,0.92244947,1786,3,3
Homa Bay,2022-10-01,2022,1,1.0,False,1,0.99337876,0.0046353554,0.001985884,1786,1,3
Isiolo,2022-10-01,2022,3,3.0,False,3,0.002100475,0.011126145,0.9867734,1786,3,3
Kajiado,2022-10-01,2022,2,2.0,False,2,0.034670956,0.7244962,0.2408329,1786,2,3
Kakamega,2022-10-01,2022,1,1.0,False,1,0.9948895,0.0033038037,0.0018066331,1786,1,3
Kericho,2022-10-01,2022,1,1.0,False,1,0.9954216,0.0031667105,0.0014116383,1786,1,3
Kiambu,2022-10-01,2022,1,1.0,False,1,0.9634934,0.025644226,0.01086233,1786,1,3
Kilifi,2022-10-01,2022,2,2.0,False,3,0.052845307,0.15912227,0.7880325,1786,2,3
Kirinyaga,2022-10-01,2022,1,1.0,False,1,0.98856807,0.0069063404,0.004525567,1786,1,3
Kisii,2022-10-01,2022,1,1.0,False,1,0.99461824,0.003741632,0.0016401265,1786,1,3
Kisumu,2022-10-01,2022,1,1.0,False,1,0.99242157,0.0052185487,0.002359891,1786,1,3
Kitui,2022-10-01,2022,3,3.0,False,3,0.028099816,0.48016807,0.4917321,1786,3,3
Kwale,2022-10-01,2022,2,2.0,False,2,0.21246779,0.7060689,0.08146334,1786,2,3
Laikipia,2022-10-01,2022,2,2.0,False,3,0.03925127,0.45697585,0.5037729,1786,2,3
Lamu,2022-10-01,2022,2,2.0,False,2,0.17651944,0.583054,0.24042651,1786,2,3
Machakos,2022-10-01,2022,1,1.0,False,2,0.1927673,0.7483617,0.05887101,1786,1,3
Makueni,2022-10-01,2022,3,3.0,False,2,0.028015317,0.7029103,0.26907438,1786,3,3
Mandera,2022-10-01,2022,3,3.0,False,3,0.009330813,0.1371311,0.8535381,1786,3,3
Marsabit,2022-10-01,2022,3,3.0,True,3,0.0028985364,0.01608783,0.9810136,1786,3,3
Meru,2022-10-01,2022,1,1.0,False,2,0.39334163,0.5533702,0.053288184,1786,1,3
Migori,2022-10-01,2022,1,1.0,False,1,0.981629,0.014362132,0.0040087886,1786,1,3
Mombasa,2022-10-01,2022,1,1.0,False,1,0.956964,0.021681586,0.021354353,1786,1,3
Murang'a,2022-10-01,2022,1,1.0,False,1,0.9901674,0.006201807,0.0036308318,1786,1,3
Nairobi,2022-10-01,2022,1,1.0,False,1,0.9123181,0.0678373,0.01984458,1786,1,3
Nakuru,2022-10-01,2022,1,1.0,False,1,0.9846896,0.012759269,0.002551107,1786,1,3
Nandi,2022-10-01,2022,1,1.0,False,1,0.9950958,0.0035935335,0.001310639,1786,1,3
Narok,2022-10-01,2022,1,1.0,False,2,0.34913373,0.6384764,0.012389853,1786,1,3
Nyamira,2022-10-01,2022,1,1.0,False,1,0.99540603,0.0034183813,0.001175563,1786,1,3
Nyandarua,2022-10-01,2022,1,1.0,False,1,0.9636457,0.02854688,0.007807469,1786,1,3
Nyeri,2022-10-01,2022,2,2.0,False,1,0.8865624,0.100342974,0.013094691,1786,2,3
Samburu,2022-10-01,2022,3,3.0,True,3,0.010108002,0.45667028,0.5332217,1786,3,3
Siaya,2022-10-01,2022,1,1.0,False,1,0.9946042,0.0036579287,0.0017378433,1786,1,3
Taita Taveta,2022-10-01,2022,2,2.0,False,2,0.06760461,0.8374513,0.094944134,1786,2,3
Tana River,2022-10-01,2022,3,3.0,False,3,0.0062284935,0.048604373,0.9451671,1786,3,3
Tharaka-Nithi,2022-10-01,2022,3,3.0,False,2,0.067255,0.8613177,0.071427345,1786,3,3
Trans Nzoia,2022-10-01,2022,1,1.0,False,1,0.9925593,0.0045823334,0.0028583468,1786,1,3
Turkana,2022-10-01,2022,3,3.0,True,2,0.01498383,0.9210078,0.06400842,1786,3,3
Uasin Gishu,2022-10-01,2022,1,1.0,False,1,0.98176813,0.012108532,0.0061233626,1786,1,3
Vihiga,2022-10-01,2022,1,1.0,False,1,0.99498075,0.0035360795,0.0014832027,1786,1,3
Wajir,2022-10-01,2022,3,3.0,True,3,0.004190888,0.056723587,0.93908554,1786,3,3
West Pokot,2022-10-01,2022,2,2.0,False,2,0.054898053,0.5176812,0.42742077,1786,2,3
Baringo,2023-02-01,2023,2,3.0,True,2,0.22741415,0.7213956,0.051190257,1927,3,3
Bomet,2023-02-01,2023,1,1.0,False,1,0.9807957,0.011088567,0.008115795,1927,1,3
Bungoma,2023-02-01,2023,1,1.0,False,1,0.98017544,0.010836838,0.00898771,1927,1,3
Busia,2023-02-01,2023,1,1.0,False,1,0.97880095,0.011986156,0.009212951,1927,1,3
Elgeyo-Marakwet,2023-02-01,2023,1,1.0,False,1,0.8790259,0.10047314,0.020501025,1927,1,3
Embu,2023-02-01,2023,2,2.0,False,2,0.19637395,0.72978354,0.073842496,1927,2,3
Garissa,2023-02-01,2023,3,3.0,False,3,0.017812604,0.051742457,0.93044496,1927,3,3
Homa Bay,2023-02-01,2023,1,1.0,False,1,0.9801762,0.011083731,0.008740015,1927,1,3
Isiolo,2023-02-01,2023,3,3.0,False,3,0.015154026,0.043059092,0.9417869,1927,3,3
Kajiado,2023-02-01,2023,2,2.0,False,3,0.09278238,0.32634762,0.58087,1927,2,3
Kakamega,2023-02-01,2023,1,1.0,False,1,0.98032516,0.010792183,0.00888267,1927,1,3
Kericho,2023-02-01,2023,1,1.0,False,1,0.97860044,0.012452642,0.008946924,1927,1,3
Kiambu,2023-02-01,2023,1,1.0,False,1,0.91751695,0.049550332,0.03293274,1927,1,3
Kilifi,2023-02-01,2023,2,2.0,False,2,0.15011474,0.69262606,0.15725923,1927,2,3
Kirinyaga,2023-02-01,2023,1,1.0,False,1,0.9742775,0.013429151,0.012293326,1927,1,3
Kisii,2023-02-01,2023,1,1.0,False,1,0.9796774,0.011707135,0.008615465,1927,1,3
Kisumu,2023-02-01,2023,1,1.0,False,1,0.97924006,0.012068165,0.008691767,1927,1,3
Kitui,2023-02-01,2023,3,3.0,False,3,0.06571475,0.41247627,0.52180904,1927,3,3
Kwale,2023-02-01,2023,2,2.0,False,2,0.19813858,0.7436519,0.05820948,1927,2,3
Laikipia,2023-02-01,2023,2,2.0,False,2,0.08784531,0.7609777,0.151177,1927,2,3
Lamu,2023-02-01,2023,2,2.0,False,2,0.08496072,0.57922274,0.33581656,1927,2,3
Machakos,2023-02-01,2023,1,1.0,False,2,0.2756391,0.51411253,0.21024838,1927,1,3
Makueni,2023-02-01,2023,3,3.0,False,2,0.054091945,0.49641904,0.44948903,1927,3,3
Mandera,2023-02-01,2023,3,3.0,False,3,0.024167176,0.07842651,0.89740634,1927,3,3
Marsabit,2023-02-01,2023,3,3.0,True,3,0.015254494,0.036665116,0.9480804,1927,3,3
Meru,2023-02-01,2023,1,1.0,False,2,0.4683549,0.48103958,0.05060553,1927,1,3
Migori,2023-02-01,2023,1,1.0,False,1,0.9532078,0.032374416,0.014417811,1927,1,3
Mombasa,2023-02-01,2023,1,1.0,False,1,0.9093498,0.07076203,0.019888228,1927,1,3
Murang'a,2023-02-01,2023,1,1.0,False,1,0.9762865,0.012907848,0.0108056655,1927,1,3
Nairobi,2023-02-01,2023,1,1.0,False,1,0.9093336,0.04345877,0.047207672,1927,1,3
Nakuru,2023-02-01,2023,1,1.0,False,1,0.96192515,0.026782878,0.011291987,1927,1,3
Nandi,2023-02-01,2023,1,1.0,False,1,0.9797593,0.011782479,0.008458257,1927,1,3
Narok,2023-02-01,2023,2,1.0,False,2,0.29537502,0.6585956,0.04602937,1927,1,3
Nyamira,2023-02-01,2023,1,1.0,False,1,0.9810011,0.010722368,0.008276537,1927,1,3
Nyandarua,2023-02-01,2023,1,1.0,False,1,0.9554021,0.029910265,0.01468768,1927,1,3
Nyeri,2023-02-01,2023,2,2.0,False,1,0.77755255,0.1797778,0.042669635,1927,2,3
Samburu,2023-02-01,2023,3,3.0,True,2,0.026055174,0.6437272,0.3302176,1927,3,3
Siaya,2023-02-01,2023,1,1.0,False,1,0.9793061,0.011613853,0.009079963,1927,1,3
Taita Taveta,2023-02-01,2023,2,2.0,False,2,0.20221043,0.7075935,0.090196036,1927,2,3
Tana River,2023-02-01,2023,3,3.0,False,3,0.026959024,0.25082043,0.7222206,1927,3,3
Tharaka-Nithi,2023-02-01,2023,2,3.0,False,2,0.103486255,0.68006724,0.21644644,1927,3,3
Trans Nzoia,2023-02-01,2023,1,1.0,False,1,0.9805612,0.01114537,0.008293408,1927,1,3
Turkana,2023-02-01,2023,3,3.0,True,3,0.03239155,0.24750015,0.72010833,1927,3,3
Uasin Gishu,2023-02-01,2023,1,1.0,False,1,0.9611116,0.026908308,0.01198004,1927,1,3
Vihiga,2023-02-01,2023,1,1.0,False,1,0.9796652,0.011759526,0.008575184,1927,1,3
Wajir,2023-02-01,2023,3,3.0,True,3,0.02128393,0.088374294,0.89034176,1927,3,3
West Pokot,2023-02-01,2023,2,2.0,False,2,0.10172483,0.674598,0.2236772,1927,2,3
Baringo,2023-06-01,2023,2,2.0,True,2,0.34056175,0.5948719,0.0645664,1927,2,3
Bomet,2023-06-01,2023,1,1.0,False,1,0.98133045,0.010718365,0.007951134,1927,1,3
Bungoma,2023-06-01,2023,1,1.0,False,1,0.9803607,0.011056095,0.00858326,1927,1,3
Busia,2023-06-01,2023,1,1.0,False,1,0.9784212,0.011825379,0.009753357,1927,1,3
Elgeyo-Marakwet,2023-06-01,2023,1,1.0,False,1,0.8777176,0.0974663,0.02481611,1927,1,3
Embu,2023-06-01,2023,3,2.0,False,2,0.21144983,0.71616805,0.07238209,1927,2,3
Garissa,2023-06-01,2023,3,3.0,False,2,0.054707307,0.7523893,0.19290341,1927,3,3
Homa Bay,2023-06-01,2023,1,1.0,False,1,0.9807824,0.010460505,0.008757175,1927,1,3
Isiolo,2023-06-01,2023,3,3.0,False,3,0.07806555,0.18599756,0.73593694,1927,3,3
Kajiado,2023-06-01,2023,2,2.0,False,3,0.1077565,0.3927921,0.4994514,1927,2,3
Kakamega,2023-06-01,2023,1,1.0,False,1,0.9800388,0.01092192,0.009039266,1927,1,3
Kericho,2023-06-01,2023,1,1.0,False,1,0.97890115,0.01110053,0.009998355,1927,1,3
Kiambu,2023-06-01,2023,1,1.0,False,1,0.9127798,0.044646777,0.042573456,1927,1,3
Kilifi,2023-06-01,2023,2,2.0,False,2,0.079645775,0.5518382,0.36851603,1927,2,3
Kirinyaga,2023-06-01,2023,1,1.0,False,1,0.97521454,0.012436966,0.012348569,1927,1,3
Kisii,2023-06-01,2023,1,1.0,False,1,0.9796443,0.01172219,0.00863345,1927,1,3
Kisumu,2023-06-01,2023,1,1.0,False,1,0.9785588,0.010683022,0.010758215,1927,1,3
Kitui,2023-06-01,2023,3,3.0,False,3,0.047620066,0.40461516,0.5477648,1927,3,3
Kwale,2023-06-01,2023,2,2.0,False,2,0.087916724,0.85835797,0.053725272,1927,2,3
Laikipia,2023-06-01,2023,3,2.0,False,2,0.12879524,0.61420983,0.25699496,1927,2,3
Lamu,2023-06-01,2023,2,2.0,False,2,0.13172877,0.7618964,0.10637481,1927,2,3
Machakos,2023-06-01,2023,1,1.0,False,2,0.3718809,0.46081647,0.1673027,1927,1,3
Makueni,2023-06-01,2023,3,3.0,False,2,0.042033166,0.7242938,0.23367299,1927,3,3
Mandera,2023-06-01,2023,3,3.0,False,1,0.36479294,0.3294094,0.3057977,1927,3,3
Marsabit,2023-06-01,2023,3,3.0,True,2,0.21375076,0.48638093,0.29986832,1927,3,3
Meru,2023-06-01,2023,1,1.0,False,1,0.5885877,0.37351122,0.037901063,1927,1,3
Migori,2023-06-01,2023,1,1.0,False,1,0.953321,0.033006266,0.013672756,1927,1,3
Mombasa,2023-06-01,2023,1,1.0,False,1,0.9104299,0.05985979,0.029710336,1927,1,3
Murang'a,2023-06-01,2023,1,1.0,False,1,0.9797252,0.011222731,0.009052089,1927,1,3
Nairobi,2023-06-01,2023,1,1.0,False,1,0.9264553,0.04107183,0.032472905,1927,1,3
Nakuru,2023-06-01,2023,1,1.0,False,1,0.9570233,0.026016809,0.016959867,1927,1,3
Nandi,2023-06-01,2023,1,1.0,False,1,0.9812893,0.010665324,0.008045275,1927,1,3
Narok,2023-06-01,2023,2,2.0,False,2,0.35998467,0.6075716,0.032443713,1927,2,3
Nyamira,2023-06-01,2023,1,1.0,False,1,0.98124915,0.010599173,0.008151632,1927,1,3
Nyandarua,2023-06-01,2023,1,1.0,False,1,0.94503456,0.032544177,0.022421207,1927,1,3
Nyeri,2023-06-01,2023,3,2.0,False,1,0.76612747,0.18922485,0.04464763,1927,2,3
Samburu,2023-06-01,2023,3,3.0,True,2,0.04415129,0.51200587,0.44384286,1927,3,3
Siaya,2023-06-01,2023,1,1.0,False,1,0.97973925,0.010938655,0.009322082,1927,1,3
Taita Taveta,2023-06-01,2023,2,2.0,False,2,0.074797556,0.8683096,0.056892883,1927,2,3
Tana River,2023-06-01,2023,3,3.0,False,3,0.0378011,0.36842412,0.5937748,1927,3,3
Tharaka-Nithi,2023-06-01,2023,3,2.0,False,2,0.21911566,0.68021107,0.10067326,1927,2,3
Trans Nzoia,2023-06-01,2023,1,1.0,False,1,0.97916734,0.01082925,0.010003382,1927,1,3
Turkana,2023-06-01,2023,3,3.0,True,2,0.14525159,0.6306666,0.2240818,1927,3,3
Uasin Gishu,2023-06-01,2023,1,1.0,False,1,0.9603681,0.026560485,0.013071347,1927,1,3
Vihiga,2023-06-01,2023,1,1.0,False,1,0.98106396,0.010741227,0.008194798,1927,1,3
Wajir,2023-06-01,2023,3,3.0,True,2,0.27107072,0.48694006,0.24198928,1927,3,3
West Pokot,2023-06-01,2023,2,2.0,False,3,0.21401565,0.37790018,0.40808418,1927,2,3
Baringo,2023-10-01,2023,2,2.0,True,2,0.20875366,0.7324017,0.05884463,1927,2,3
Bomet,2023-10-01,2023,1,1.0,False,1,0.9803146,0.011013536,0.008671905,1927,1,3
Bungoma,2023-10-01,2023,1,1.0,False,1,0.97899616,0.012344145,0.008659638,1927,1,3
Busia,2023-10-01,2023,1,1.0,False,1,0.9789716,0.012191651,0.008836758,1927,1,3
Elgeyo-Marakwet,2023-10-01,2023,1,1.0,False,1,0.88558936,0.09461997,0.01979068,1927,1,3
Embu,2023-10-01,2023,2,3.0,False,2,0.3701581,0.60612506,0.023716891,1927,3,3
Garissa,2023-10-01,2023,3,3.0,False,2,0.034427095,0.92196923,0.043603655,1927,3,3
Homa Bay,2023-10-01,2023,1,1.0,False,1,0.9793053,0.011819472,0.008875224,1927,1,3
Isiolo,2023-10-01,2023,3,3.0,False,2,0.05302158,0.8297507,0.11722775,1927,3,3
Kajiado,2023-10-01,2023,2,2.0,False,2,0.0601552,0.8609085,0.07893633,1927,2,3
Kakamega,2023-10-01,2023,1,1.0,False,1,0.9794114,0.011770895,0.008817726,1927,1,3
Kericho,2023-10-01,2023,1,1.0,False,1,0.97871566,0.012181468,0.00910293,1927,1,3
Kiambu,2023-10-01,2023,1,1.0,False,1,0.92692417,0.04563502,0.027440816,1927,1,3
Kilifi,2023-10-01,2023,2,2.0,False,2,0.16727337,0.8094537,0.023272904,1927,2,3
Kirinyaga,2023-10-01,2023,1,1.0,False,1,0.98041874,0.011348716,0.008232524,1927,1,3
Kisii,2023-10-01,2023,1,1.0,False,1,0.9789571,0.012103335,0.008939624,1927,1,3
Kisumu,2023-10-01,2023,1,1.0,False,1,0.97877413,0.012173944,0.009051886,1927,1,3
Kitui,2023-10-01,2023,2,3.0,False,2,0.16298094,0.7745343,0.06248479,1927,3,3
Kwale,2023-10-01,2023,2,2.0,False,2,0.17608826,0.80159307,0.022318644,1927,2,3
Laikipia,2023-10-01,2023,2,3.0,False,2,0.14252622,0.80671966,0.050754108,1927,3,3
Lamu,2023-10-01,2023,2,2.0,False,2,0.19445981,0.7279331,0.07760703,1927,2,3
Machakos,2023-10-01,2023,1,1.0,False,2,0.46891022,0.4819843,0.04910546,1927,1,3
Makueni,2023-10-01,2023,2,3.0,False,2,0.06802889,0.8082049,0.12376625,1927,3,3
Mandera,2023-10-01,2023,3,3.0,False,2,0.057651974,0.7667155,0.17563249,1927,3,3
Marsabit,2023-10-01,2023,3,3.0,True,2,0.055688456,0.788323,0.15598853,1927,3,3
Meru,2023-10-01,2023,1,1.0,False,1,0.53001595,0.4515829,0.018401142,1927,1,3
Migori,2023-10-01,2023,1,1.0,False,1,0.94834936,0.036492646,0.015157975,1927,1,3
Mombasa,2023-10-01,2023,1,1.0,False,1,0.92073536,0.062128346,0.017136252,1927,1,3
Murang'a,2023-10-01,2023,1,1.0,False,1,0.98024887,0.011394185,0.008356979,1927,1,3
Nairobi,2023-10-01,2023,1,1.0,False,1,0.9085766,0.06690429,0.024519073,1927,1,3
Nakuru,2023-10-01,2023,1,1.0,False,1,0.9580604,0.029640445,0.012299181,1927,1,3
Nandi,2023-10-01,2023,1,1.0,False,1,0.97949594,0.011470978,0.009033065,1927,1,3
Narok,2023-10-01,2023,2,2.0,False,2,0.28340897,0.6909905,0.025600567,1927,2,3
Nyamira,2023-10-01,2023,1,1.0,False,1,0.9777098,0.013030126,0.009260116,1927,1,3
Nyandarua,2023-10-01,2023,1,1.0,False,1,0.95267737,0.032566424,0.014756199,1927,1,3
Nyeri,2023-10-01,2023,2,3.0,False,1,0.72110623,0.25722134,0.021672446,1927,3,3
Samburu,2023-10-01,2023,3,3.0,True,2,0.048637986,0.8515952,0.099766776,1927,3,3
Siaya,2023-10-01,2023,1,1.0,False,1,0.9785544,0.012363824,0.009081741,1927,1,3
Taita Taveta,2023-10-01,2023,2,2.0,False,2,0.314822,0.65059346,0.034584563,1927,2,3
Tana River,2023-10-01,2023,3,3.0,False,2,0.031437065,0.9374269,0.031136056,1927,3,3
Tharaka-Nithi,2023-10-01,2023,2,3.0,False,2,0.38836634,0.5851937,0.026439948,1927,3,3
Trans Nzoia,2023-10-01,2023,1,1.0,False,1,0.97698385,0.013477632,0.00953847,1927,1,3
Turkana,2023-10-01,2023,3,3.0,True,2,0.048270598,0.7709332,0.18079625,1927,3,3
Uasin Gishu,2023-10-01,2023,1,1.0,False,1,0.95647687,0.030637715,0.012885454,1927,1,3
Vihiga,2023-10-01,2023,1,1.0,False,1,0.97820425,0.012373109,0.009422633,1927,1,3
Wajir,2023-10-01,2023,3,3.0,True,2,0.03123283,0.9022708,0.06649639,1927,3,3
West Pokot,2023-10-01,2023,2,2.0,False,2,0.080966584,0.8085831,0.110450365,1927,2,3
Baringo,2024-02-01,2024,2,2.0,True,2,0.2713515,0.6132859,0.11536265,2068,2,3
Bomet,2024-02-01,2024,1,1.0,False,1,0.9801775,0.011171156,0.008651389,2068,1,3
Bungoma,2024-02-01,2024,1,1.0,False,1,0.9771106,0.013527403,0.009361954,2068,1,3
Busia,2024-02-01,2024,1,1.0,False,1,0.9786275,0.012582481,0.008789987,2068,1,3
Elgeyo-Marakwet,2024-02-01,2024,1,1.0,False,1,0.89716333,0.08491932,0.017917411,2068,1,3
Embu,2024-02-01,2024,2,2.0,False,2,0.42738807,0.53404474,0.038567204,2068,2,3
Garissa,2024-02-01,2024,3,3.0,False,2,0.09120255,0.8294975,0.07929991,2068,3,3
Homa Bay,2024-02-01,2024,1,1.0,False,1,0.97983336,0.011407204,0.008759437,2068,1,3
Isiolo,2024-02-01,2024,3,3.0,False,2,0.07814798,0.71467173,0.20718034,2068,3,3
Kajiado,2024-02-01,2024,2,2.0,False,2,0.20452243,0.7350991,0.06037853,2068,2,3
Kakamega,2024-02-01,2024,1,1.0,False,1,0.9763207,0.01450386,0.009175454,2068,1,3
Kericho,2024-02-01,2024,1,1.0,False,1,0.9797523,0.0116442805,0.008603409,2068,1,3
Kiambu,2024-02-01,2024,1,1.0,False,1,0.94872546,0.034214698,0.017059844,2068,1,3
Kilifi,2024-02-01,2024,2,2.0,False,2,0.27727056,0.6836132,0.03911622,2068,2,3
Kirinyaga,2024-02-01,2024,1,1.0,False,1,0.9809536,0.010800218,0.008246151,2068,1,3
Kisii,2024-02-01,2024,1,1.0,False,1,0.97799826,0.012393962,0.00960783,2068,1,3
Kisumu,2024-02-01,2024,1,1.0,False,1,0.97948086,0.011776541,0.008742555,2068,1,3
Kitui,2024-02-01,2024,2,2.0,False,2,0.40224236,0.532313,0.06544466,2068,2,3
Kwale,2024-02-01,2024,2,2.0,False,2,0.27650282,0.6997594,0.023737798,2068,2,3
Laikipia,2024-02-01,2024,2,2.0,False,2,0.21985449,0.61489934,0.16524616,2068,2,3
Lamu,2024-02-01,2024,2,2.0,False,2,0.2639023,0.67946076,0.056636933,2068,2,3
Machakos,2024-02-01,2024,1,1.0,False,1,0.5816082,0.35199693,0.0663949,2068,1,3
Makueni,2024-02-01,2024,2,2.0,False,2,0.23182963,0.6721331,0.09603732,2068,2,3
Mandera,2024-02-01,2024,3,3.0,False,2,0.086825855,0.7079452,0.2052289,2068,3,3
Marsabit,2024-02-01,2024,3,3.0,True,2,0.119086795,0.6669026,0.21401061,2068,3,3
Meru,2024-02-01,2024,1,1.0,False,1,0.6308593,0.34737313,0.02176758,2068,1,3
Migori,2024-02-01,2024,1,1.0,False,1,0.953238,0.032792002,0.013969995,2068,1,3
Mombasa,2024-02-01,2024,1,1.0,False,1,0.8941041,0.09041034,0.015485534,2068,1,3
Murang'a,2024-02-01,2024,1,1.0,False,1,0.97658837,0.011769169,0.011642514,2068,1,3
Nairobi,2024-02-01,2024,1,1.0,False,1,0.91182387,0.068764776,0.019411396,2068,1,3
Nakuru,2024-02-01,2024,1,1.0,False,1,0.9659881,0.022495458,0.011516455,2068,1,3
Nandi,2024-02-01,2024,1,1.0,False,1,0.9772314,0.013557748,0.009210809,2068,1,3
Narok,2024-02-01,2024,1,2.0,False,2,0.37233293,0.5948502,0.032816865,2068,2,3
Nyamira,2024-02-01,2024,1,1.0,False,1,0.980082,0.0113750165,0.0085429745,2068,1,3
Nyandarua,2024-02-01,2024,1,1.0,False,1,0.96141946,0.025116656,0.013463881,2068,1,3
Nyeri,2024-02-01,2024,2,2.0,False,1,0.7725959,0.20945488,0.017949278,2068,2,3
Samburu,2024-02-01,2024,2,3.0,True,2,0.118125714,0.7782393,0.10363497,2068,3,3
Siaya,2024-02-01,2024,1,1.0,False,1,0.97935504,0.011849298,0.008795625,2068,1,3
Taita Taveta,2024-02-01,2024,1,2.0,False,1,0.5535516,0.41349083,0.032957584,2068,2,3
Tana River,2024-02-01,2024,2,3.0,False,2,0.14731118,0.7625786,0.09011021,2068,3,3
Tharaka-Nithi,2024-02-01,2024,2,2.0,False,1,0.49090782,0.44855484,0.060537405,2068,2,3
Trans Nzoia,2024-02-01,2024,1,1.0,False,1,0.97616947,0.014288896,0.009541615,2068,1,3
Turkana,2024-02-01,2024,3,3.0,True,2,0.07811196,0.5054784,0.41640964,2068,3,3
Uasin Gishu,2024-02-01,2024,1,1.0,False,1,0.95701534,0.030553136,0.012431499,2068,1,3
Vihiga,2024-02-01,2024,1,1.0,False,1,0.97495043,0.01563434,0.009415279,2068,1,3
Wajir,2024-02-01,2024,3,3.0,True,2,0.0887267,0.7294996,0.18177378,2068,3,3
West Pokot,2024-02-01,2024,1,2.0,False,2,0.16583952,0.76363546,0.07052502,2068,2,3
Baringo,2024-06-01,2024,2,2.0,True,2,0.25370982,0.6834186,0.06287163,2068,2,3
Bomet,2024-06-01,2024,1,1.0,False,1,0.9759621,0.014018581,0.01001933,2068,1,3
Bungoma,2024-06-01,2024,1,1.0,False,1,0.976151,0.014178593,0.0096704215,2068,1,3
Busia,2024-06-01,2024,1,1.0,False,1,0.9744675,0.014456366,0.011076092,2068,1,3
Elgeyo-Marakwet,2024-06-01,2024,1,1.0,False,1,0.8896015,0.08932716,0.021071354,2068,1,3
Embu,2024-06-01,2024,2,2.0,False,2,0.40188053,0.5658628,0.03225671,2068,2,3
Garissa,2024-06-01,2024,2,3.0,False,2,0.03818192,0.923306,0.03851205,2068,3,3
Homa Bay,2024-06-01,2024,1,1.0,False,1,0.9789362,0.011625714,0.009438132,2068,1,3
Isiolo,2024-06-01,2024,2,3.0,False,2,0.050443895,0.8481555,0.101400666,2068,3,3
Kajiado,2024-06-01,2024,2,2.0,False,2,0.13803995,0.8298794,0.032080587,2068,2,3
Kakamega,2024-06-01,2024,1,1.0,False,1,0.97592825,0.014490814,0.009580931,2068,1,3
Kericho,2024-06-01,2024,1,1.0,False,1,0.975491,0.0146240145,0.009884964,2068,1,3
Kiambu,2024-06-01,2024,1,1.0,False,1,0.94941324,0.03386078,0.016725957,2068,1,3
Kilifi,2024-06-01,2024,2,2.0,False,2,0.1376603,0.83710366,0.025236055,2068,2,3
Kirinyaga,2024-06-01,2024,1,1.0,False,1,0.9775849,0.012358661,0.010056503,2068,1,3
Kisii,2024-06-01,2024,1,1.0,False,1,0.97317874,0.016457604,0.010363652,2068,1,3
Kisumu,2024-06-01,2024,1,1.0,False,1,0.9771822,0.013309209,0.009508606,2068,1,3
Kitui,2024-06-01,2024,2,2.0,False,2,0.18306676,0.77111274,0.04582047,2068,2,3
Kwale,2024-06-01,2024,2,2.0,False,2,0.18106766,0.7921255,0.026806757,2068,2,3
Laikipia,2024-06-01,2024,2,2.0,False,2,0.14607209,0.8160641,0.03786378,2068,2,3
Lamu,2024-06-01,2024,2,2.0,False,2,0.1957099,0.7641132,0.040176954,2068,2,3
Machakos,2024-06-01,2024,1,1.0,False,1,0.5555932,0.42036185,0.024044964,2068,1,3
Makueni,2024-06-01,2024,2,2.0,False,2,0.1822737,0.7686038,0.049122453,2068,2,3
Mandera,2024-06-01,2024,2,3.0,False,2,0.044030752,0.8851914,0.07077783,2068,3,3
Marsabit,2024-06-01,2024,2,3.0,True,2,0.06426602,0.8022535,0.1334805,2068,3,3
Meru,2024-06-01,2024,1,1.0,False,1,0.64191854,0.33822247,0.019858968,2068,1,3
Migori,2024-06-01,2024,1,1.0,False,1,0.9489639,0.034313377,0.016722817,2068,1,3
Mombasa,2024-06-01,2024,1,1.0,False,1,0.89412665,0.09064315,0.015230137,2068,1,3
Murang'a,2024-06-01,2024,1,1.0,False,1,0.97840905,0.011613726,0.009977202,2068,1,3
Nairobi,2024-06-01,2024,1,1.0,False,1,0.90769815,0.07733436,0.014967439,2068,1,3
Nakuru,2024-06-01,2024,1,1.0,False,1,0.96658325,0.021987727,0.011428972,2068,1,3
Nandi,2024-06-01,2024,1,1.0,False,1,0.97704744,0.013457234,0.009495311,2068,1,3
Narok,2024-06-01,2024,1,1.0,False,2,0.3595431,0.61330354,0.02715329,2068,1,3
Nyamira,2024-06-01,2024,1,1.0,False,1,0.9784418,0.011711174,0.009847099,2068,1,3
Nyandarua,2024-06-01,2024,1,1.0,False,1,0.9641399,0.023977056,0.011883089,2068,1,3
Nyeri,2024-06-01,2024,2,2.0,False,1,0.71600425,0.26371142,0.020284252,2068,2,3
Samburu,2024-06-01,2024,2,2.0,True,2,0.04307728,0.90668267,0.050240092,2068,2,3
Siaya,2024-06-01,2024,1,1.0,False,1,0.9799136,0.011114713,0.008971728,2068,1,3
Taita Taveta,2024-06-01,2024,1,1.0,False,2,0.37960622,0.5967651,0.023628697,2068,1,3
Tana River,2024-06-01,2024,2,2.0,False,2,0.043804742,0.9135678,0.04262744,2068,2,3
Tharaka-Nithi,2024-06-01,2024,2,2.0,False,2,0.4063943,0.55652195,0.037083764,2068,2,3
Trans Nzoia,2024-06-01,2024,1,1.0,False,1,0.97843724,0.011999221,0.009563538,2068,1,3
Turkana,2024-06-01,2024,2,3.0,True,2,0.0827716,0.71982324,0.19740514,2068,3,3
Uasin Gishu,2024-06-01,2024,1,1.0,False,1,0.9624237,0.025283772,0.0122925285,2068,1,3
Vihiga,2024-06-01,2024,1,1.0,False,1,0.9773337,0.01309101,0.009575222,2068,1,3
Wajir,2024-06-01,2024,2,3.0,True,2,0.0408335,0.8901121,0.06905436,2068,3,3
West Pokot,2024-06-01,2024,1,1.0,False,2,0.13367823,0.8366507,0.029671066,2068,1,3
Baringo,2024-10-01,2024,2,2.0,True,2,0.23904763,0.71294147,0.048010938,2068,2,3
Bomet,2024-10-01,2024,1,1.0,False,1,0.97622436,0.01430173,0.009473908,2068,1,3
Bungoma,2024-10-01,2024,1,1.0,False,1,0.9794049,0.010938603,0.009656497,2068,1,3
Busia,2024-10-01,2024,1,1.0,False,1,0.9807191,0.010847348,0.00843353,2068,1,3
Elgeyo-Marakwet,2024-10-01,2024,1,1.0,False,1,0.867226,0.10825149,0.024522452,2068,1,3
Embu,2024-10-01,2024,2,2.0,False,2,0.3816259,0.5885551,0.029819025,2068,2,3
Garissa,2024-10-01,2024,2,2.0,False,2,0.038867943,0.91225153,0.048880555,2068,2,3
Homa Bay,2024-10-01,2024,1,1.0,False,1,0.9804898,0.011276423,0.00823378,2068,1,3
Isiolo,2024-10-01,2024,2,2.0,False,2,0.060897592,0.83137167,0.10773076,2068,2,3
Kajiado,2024-10-01,2024,2,2.0,False,2,0.15363622,0.8077471,0.03861665,2068,2,3
Kakamega,2024-10-01,2024,1,1.0,False,1,0.9779023,0.012820932,0.009276773,2068,1,3
Kericho,2024-10-01,2024,1,1.0,False,1,0.97993773,0.010915005,0.00914723,2068,1,3
Kiambu,2024-10-01,2024,1,1.0,False,1,0.9415805,0.040776372,0.01764316,2068,1,3
Kilifi,2024-10-01,2024,2,2.0,False,2,0.035909884,0.9080451,0.056044992,2068,2,3
Kirinyaga,2024-10-01,2024,1,1.0,False,1,0.97918737,0.011816814,0.008995774,2068,1,3
Kisii,2024-10-01,2024,1,1.0,False,1,0.98086274,0.01065402,0.008483229,2068,1,3
Kisumu,2024-10-01,2024,1,1.0,False,1,0.9764065,0.014252028,0.009341491,2068,1,3
Kitui,2024-10-01,2024,2,2.0,False,2,0.24012236,0.71168107,0.04819658,2068,2,3
Kwale,2024-10-01,2024,2,2.0,False,2,0.050150044,0.9221263,0.02772365,2068,2,3
Laikipia,2024-10-01,2024,2,2.0,False,2,0.12203988,0.83665824,0.041301884,2068,2,3
Lamu,2024-10-01,2024,2,2.0,False,2,0.11101283,0.75027275,0.13871448,2068,2,3
Machakos,2024-10-01,2024,1,1.0,False,1,0.590654,0.38264483,0.026701164,2068,1,3
Makueni,2024-10-01,2024,2,2.0,False,2,0.17563193,0.7687355,0.05563258,2068,2,3
Mandera,2024-10-01,2024,2,2.0,False,2,0.03900457,0.8699587,0.09103676,2068,2,3
Marsabit,2024-10-01,2024,3,2.0,True,2,0.042017482,0.8671183,0.09086424,2068,2,3
Meru,2024-10-01,2024,1,1.0,False,1,0.6053482,0.3759027,0.01874903,2068,1,3
Migori,2024-10-01,2024,1,1.0,False,1,0.94100815,0.034756176,0.02423567,2068,1,3
Mombasa,2024-10-01,2024,1,1.0,False,1,0.914624,0.04919965,0.03617642,2068,1,3
Murang'a,2024-10-01,2024,1,1.0,False,1,0.9789609,0.0120613985,0.008977685,2068,1,3
Nairobi,2024-10-01,2024,1,1.0,False,1,0.84158343,0.1395118,0.018904755,2068,1,3
Nakuru,2024-10-01,2024,1,1.0,False,1,0.9611259,0.026926447,0.011947622,2068,1,3
Nandi,2024-10-01,2024,1,1.0,False,1,0.9802752,0.010483571,0.009241243,2068,1,3
Narok,2024-10-01,2024,1,1.0,False,2,0.33949274,0.631949,0.028558243,2068,1,3
Nyamira,2024-10-01,2024,1,1.0,False,1,0.9808837,0.010836114,0.00828013,2068,1,3
Nyandarua,2024-10-01,2024,1,1.0,False,1,0.9624338,0.026041867,0.011524268,2068,1,3
Nyeri,2024-10-01,2024,2,2.0,False,1,0.77507704,0.20831126,0.016611641,2068,2,3
Samburu,2024-10-01,2024,2,2.0,True,2,0.046252657,0.8999748,0.053772505,2068,2,3
Siaya,2024-10-01,2024,1,1.0,False,1,0.9794733,0.011937844,0.008588852,2068,1,3
Taita Taveta,2024-10-01,2024,1,1.0,False,2,0.23232721,0.7469422,0.020730525,2068,1,3
Tana River,2024-10-01,2024,2,2.0,False,2,0.0342377,0.9201903,0.045572087,2068,2,3
Tharaka-Nithi,2024-10-01,2024,2,2.0,False,2,0.35935783,0.59698945,0.043652758,2068,2,3
Trans Nzoia,2024-10-01,2024,1,1.0,False,1,0.97176456,0.015264081,0.012971387,2068,1,3
Turkana,2024-10-01,2024,3,2.0,True,2,0.058653828,0.80557007,0.13577609,2068,2,3
Uasin Gishu,2024-10-01,2024,1,1.0,False,1,0.96227366,0.025156101,0.012570286,2068,1,3
Vihiga,2024-10-01,2024,1,1.0,False,1,0.97553265,0.015106347,0.009361027,2068,1,3
Wajir,2024-10-01,2024,2,2.0,True,2,0.039149027,0.8797908,0.08106021,2068,2,3
West Pokot,2024-10-01,2024,1,1.0,False,2,0.20196253,0.75782067,0.0402168,2068,1,3
Baringo,2026-06-01,2026,2,2.0,True,2,0.29214647,0.65980643,0.048047096,2209,2,3
Bomet,2026-06-01,2026,1,1.0,False,1,0.9840014,0.00927891,0.0067196367,2209,1,3
Bungoma,2026-06-01,2026,1,1.0,False,1,0.9812011,0.011969075,0.006829777,2209,1,3
Busia,2026-06-01,2026,1,1.0,False,1,0.98316675,0.010463954,0.006369225,2209,1,3
Elgeyo-Marakwet,2026-06-01,2026,1,1.0,False,1,0.8665748,0.11758015,0.01584498,2209,1,3
Embu,2026-06-01,2026,2,2.0,False,2,0.41039947,0.546114,0.043486495,2209,2,3
Garissa,2026-06-01,2026,3,3.0,False,2,0.19090232,0.5644043,0.2446934,2209,3,3
Homa Bay,2026-06-01,2026,1,1.0,False,1,0.9839934,0.009586798,0.006419708,2209,1,3
Isiolo,2026-06-01,2026,3,3.0,False,2,0.16537844,0.4959966,0.33862498,2209,3,3
Kajiado,2026-06-01,2026,2,2.0,False,2,0.21083821,0.7555724,0.0335894,2209,2,3
Kakamega,2026-06-01,2026,1,1.0,False,1,0.9822911,0.011485378,0.0062235524,2209,1,3
Kericho,2026-06-01,2026,1,1.0,False,1,0.9838404,0.010340908,0.0058186445,2209,1,3
Kiambu,2026-06-01,2026,1,1.0,False,1,0.9577681,0.029582182,0.012649757,2209,1,3
Kilifi,2026-06-01,2026,2,2.0,False,2,0.2993611,0.59766686,0.102972,2209,2,3
Kirinyaga,2026-06-01,2026,1,1.0,False,1,0.9843598,0.009286354,0.006353783,2209,1,3
Kisii,2026-06-01,2026,1,1.0,False,1,0.985965,0.007665924,0.0063690804,2209,1,3
Kisumu,2026-06-01,2026,1,1.0,False,1,0.98371524,0.010146367,0.0061383746,2209,1,3
Kitui,2026-06-01,2026,2,3.0,False,2,0.37930137,0.5801043,0.0405943,2209,3,3
Kwale,2026-06-01,2026,2,2.0,False,2,0.32264212,0.6486459,0.028712,2209,2,3
Laikipia,2026-06-01,2026,2,2.0,False,2,0.2101264,0.7386925,0.05118106,2209,2,3
Lamu,2026-06-01,2026,2,3.0,False,2,0.2817082,0.5719311,0.14636062,2209,3,3
Machakos,2026-06-01,2026,1,1.0,False,1,0.49201944,0.47434336,0.033637185,2209,1,3
Makueni,2026-06-01,2026,2,3.0,False,2,0.25050187,0.6973516,0.052146524,2209,3,3
Mandera,2026-06-01,2026,3,3.0,False,2,0.23029865,0.42920566,0.34049577,2209,3,3
Marsabit,2026-06-01,2026,3,3.0,True,2,0.15808244,0.590101,0.25181657,2209,3,3
Meru,2026-06-01,2026,2,3.0,False,1,0.60968083,0.37373516,0.016583998,2209,3,3
Migori,2026-06-01,2026,1,1.0,False,1,0.9595532,0.029238475,0.011208303,2209,1,3
Mombasa,2026-06-01,2026,1,1.0,False,1,0.9298846,0.048866596,0.021248832,2209,1,3
Murang'a,2026-06-01,2026,1,1.0,False,1,0.9849214,0.008978653,0.006099926,2209,1,3
Nairobi,2026-06-01,2026,1,1.0,False,1,0.91432846,0.073513836,0.012157682,2209,1,3
Nakuru,2026-06-01,2026,1,1.0,False,1,0.97006154,0.021953477,0.007984981,2209,1,3
Nandi,2026-06-01,2026,1,1.0,False,1,0.98190963,0.011569221,0.0065211398,2209,1,3
Narok,2026-06-01,2026,2,2.0,False,2,0.32155076,0.6457096,0.032739673,2209,2,3
Nyamira,2026-06-01,2026,1,1.0,False,1,0.9834464,0.0078073866,0.008746261,2209,1,3
Nyandarua,2026-06-01,2026,1,1.0,False,1,0.968312,0.02358364,0.008104388,2209,1,3
Nyeri,2026-06-01,2026,2,2.0,False,1,0.80783576,0.15685147,0.03531277,2209,2,3
Samburu,2026-06-01,2026,3,3.0,True,2,0.14135963,0.7738557,0.08478468,2209,3,3
Siaya,2026-06-01,2026,1,1.0,False,1,0.9836947,0.009838551,0.0064667403,2209,1,3
Taita Taveta,2026-06-01,2026,2,2.0,False,2,0.29082802,0.6889809,0.020191127,2209,2,3
Tana River,2026-06-01,2026,3,3.0,False,2,0.25817665,0.6196661,0.12215725,2209,3,3
Tharaka-Nithi,2026-06-01,2026,2,2.0,False,2,0.39475963,0.5174231,0.08781729,2209,2,3
Trans Nzoia,2026-06-01,2026,1,1.0,False,1,0.9824171,0.011076731,0.0065062298,2209,1,3
Turkana,2026-06-01,2026,3,3.0,True,2,0.13748606,0.69058543,0.17192851,2209,3,3
Uasin Gishu,2026-06-01,2026,1,1.0,False,1,0.96649,0.025046939,0.008463106,2209,1,3
Vihiga,2026-06-01,2026,1,1.0,False,1,0.980825,0.012161682,0.0070132837,2209,1,3
Wajir,2026-06-01,2026,3,3.0,True,2,0.18413016,0.4202674,0.39560243,2209,3,3
West Pokot,2026-06-01,2026,2,2.0,False,2,0.32279503,0.61896783,0.058237158,2209,2,3
