county,reporting_date,year,ipc_class,previous_class,is_study_county,predicted_class,prob_class1,prob_class2,prob_class3,n_train,persistence_class,lead_months
Baringo,2016-02-01,2016,1,1.0,True,2,0.09376819,0.6975663,0.20866555,940,1,6
Bomet,2016-02-01,2016,1,1.0,False,1,0.9420747,0.028688066,0.029237222,940,1,6
Bungoma,2016-02-01,2016,1,1.0,False,1,0.94073075,0.029314784,0.02995448,940,1,6
Busia,2016-02-01,2016,1,1.0,False,1,0.9413776,0.029976334,0.028646054,940,1,6
Elgeyo-Marakwet,2016-02-01,2016,1,1.0,False,1,0.6925397,0.23493712,0.07252319,940,1,6
Embu,2016-02-01,2016,1,1.0,False,2,0.2959229,0.50513494,0.19894215,940,1,6
Garissa,2016-02-01,2016,1,2.0,False,2,0.032368552,0.77483684,0.1927946,940,2,6
Homa Bay,2016-02-01,2016,1,1.0,False,1,0.93746865,0.02882998,0.033701442,940,1,6
Isiolo,2016-02-01,2016,2,3.0,False,3,0.035054494,0.08173838,0.88320714,940,3,6
Kajiado,2016-02-01,2016,1,1.0,False,2,0.054681133,0.8171323,0.12818664,940,1,6
Kakamega,2016-02-01,2016,1,1.0,False,1,0.9412627,0.028957065,0.029780183,940,1,6
Kericho,2016-02-01,2016,1,1.0,False,1,0.9401687,0.029949913,0.02988136,940,1,6
Kiambu,2016-02-01,2016,1,1.0,False,1,0.85401285,0.099068776,0.04691833,940,1,6
Kilifi,2016-02-01,2016,1,1.0,False,2,0.08757252,0.8846331,0.027794342,940,1,6
Kirinyaga,2016-02-01,2016,1,1.0,False,1,0.9435112,0.028852392,0.02763643,940,1,6
Kisii,2016-02-01,2016,1,1.0,False,1,0.9480108,0.028669842,0.023319371,940,1,6
Kisumu,2016-02-01,2016,1,1.0,False,1,0.9354658,0.031283293,0.03325087,940,1,6
Kitui,2016-02-01,2016,1,2.0,False,2,0.14241453,0.65925205,0.19833343,940,2,6
Kwale,2016-02-01,2016,1,1.0,False,2,0.0766428,0.8915513,0.031805903,940,1,6
Laikipia,2016-02-01,2016,1,2.0,False,2,0.09180191,0.74416006,0.16403802,940,2,6
Lamu,2016-02-01,2016,1,1.0,False,2,0.1167599,0.84550273,0.03773739,940,1,6
Machakos,2016-02-01,2016,1,1.0,False,2,0.103828706,0.83193237,0.06423887,940,1,6
Makueni,2016-02-01,2016,1,2.0,False,2,0.052333634,0.6320203,0.31564608,940,2,6
Mandera,2016-02-01,2016,2,2.0,False,2,0.055527147,0.5543867,0.39008617,940,2,6
Marsabit,2016-02-01,2016,2,2.0,True,3,0.03762083,0.119037166,0.843342,940,2,6
Meru,2016-02-01,2016,1,1.0,False,1,0.48104468,0.46163407,0.057321217,940,1,6
Migori,2016-02-01,2016,1,1.0,False,1,0.87226903,0.078470156,0.049260788,940,1,6
Mombasa,2016-02-01,2016,1,1.0,False,1,0.9014482,0.065552205,0.032999586,940,1,6
Murang'a,2016-02-01,2016,1,1.0,False,1,0.9432255,0.031399924,0.025374576,940,1,6
Nairobi,2016-02-01,2016,1,1.0,False,1,0.8753216,0.08336776,0.04131059,940,1,6
Nakuru,2016-02-01,2016,1,1.0,False,1,0.9021491,0.053042635,0.044808302,940,1,6
Nandi,2016-02-01,2016,1,1.0,False,1,0.9395714,0.028363967,0.032064673,940,1,6
Narok,2016-02-01,2016,1,1.0,False,2,0.104553096,0.85880685,0.036640044,940,1,6
Nyamira,2016-02-01,2016,1,1.0,False,1,0.94743484,0.02718153,0.025383629,940,1,6
Nyandarua,2016-02-01,2016,1,1.0,False,1,0.8637551,0.07831265,0.05793231,940,1,6
Nyeri,2016-02-01,2016,1,1.0,False,1,0.9451336,0.031608928,0.023257459,940,1,6
Samburu,2016-02-01,2016,2,2.0,True,2,0.030177092,0.67899114,0.29083177,940,2,6
Siaya,2016-02-01,2016,1,1.0,False,1,0.9412519,0.025790386,0.032957744,940,1,6
Taita Taveta,2016-02-01,2016,1,1.0,False,2,0.11540866,0.82934177,0.055249576,940,1,6
Tana River,2016-02-01,2016,1,2.0,False,2,0.035029396,0.8954459,0.069524735,940,2,6
Tharaka-Nithi,2016-02-01,2016,1,1.0,False,2,0.2552573,0.57643324,0.16830942,940,1,6
Trans Nzoia,2016-02-01,2016,1,1.0,False,1,0.941349,0.027990881,0.030660048,940,1,6
Turkana,2016-02-01,2016,2,2.0,True,2,0.030579977,0.70248574,0.26693425,940,2,6
Uasin Gishu,2016-02-01,2016,1,1.0,False,1,0.86789143,0.07380651,0.05830204,940,1,6
Vihiga,2016-02-01,2016,1,1.0,False,1,0.9385813,0.032551363,0.02886733,940,1,6
Wajir,2016-02-01,2016,2,2.0,True,2,0.059548896,0.6171361,0.323315,940,2,6
West Pokot,2016-02-01,2016,1,2.0,False,2,0.115560584,0.77278364,0.11165578,940,2,6
Baringo,2016-06-01,2016,1,1.0,True,2,0.076977365,0.87781894,0.045203734,940,1,6
Bomet,2016-06-01,2016,1,1.0,False,1,0.94705564,0.02808065,0.024863673,940,1,6
Bungoma,2016-06-01,2016,1,1.0,False,1,0.94635296,0.03019771,0.023449358,940,1,6
Busia,2016-06-01,2016,1,1.0,False,1,0.9467992,0.029262843,0.023937978,940,1,6
Elgeyo-Marakwet,2016-06-01,2016,1,1.0,False,1,0.69125336,0.26168793,0.047058657,940,1,6
Embu,2016-06-01,2016,1,1.0,False,2,0.3296208,0.62242204,0.047957174,940,1,6
Garissa,2016-06-01,2016,2,1.0,False,2,0.034977958,0.9157607,0.049261384,940,1,6
Homa Bay,2016-06-01,2016,1,1.0,False,1,0.94725585,0.029005922,0.02373824,940,1,6
Isiolo,2016-06-01,2016,2,2.0,False,2,0.04330006,0.8711718,0.08552817,940,2,6
Kajiado,2016-06-01,2016,1,1.0,False,2,0.051454235,0.9144297,0.034116,940,1,6
Kakamega,2016-06-01,2016,1,1.0,False,1,0.94699323,0.028674247,0.024332501,940,1,6
Kericho,2016-06-01,2016,1,1.0,False,1,0.9486922,0.027600633,0.023707187,940,1,6
Kiambu,2016-06-01,2016,1,1.0,False,1,0.8503372,0.10226857,0.047394257,940,1,6
Kilifi,2016-06-01,2016,1,1.0,False,2,0.08544683,0.8839539,0.030599263,940,1,6
Kirinyaga,2016-06-01,2016,1,1.0,False,1,0.9458747,0.030181542,0.02394371,940,1,6
Kisii,2016-06-01,2016,1,1.0,False,1,0.9466163,0.027905574,0.025478112,940,1,6
Kisumu,2016-06-01,2016,1,1.0,False,1,0.94834924,0.028669314,0.022981426,940,1,6
Kitui,2016-06-01,2016,1,1.0,False,2,0.09922134,0.8471281,0.053650543,940,1,6
Kwale,2016-06-01,2016,1,1.0,False,2,0.07872778,0.8913239,0.029948303,940,1,6
Laikipia,2016-06-01,2016,1,1.0,False,2,0.08483501,0.86955154,0.04561351,940,1,6
Lamu,2016-06-01,2016,1,1.0,False,2,0.1685674,0.79331225,0.03812037,940,1,6
Machakos,2016-06-01,2016,1,1.0,False,2,0.13062213,0.8314194,0.037958484,940,1,6
Makueni,2016-06-01,2016,1,1.0,False,2,0.051815145,0.84391075,0.10427406,940,1,6
Mandera,2016-06-01,2016,2,2.0,False,2,0.07206052,0.7833848,0.14455473,940,2,6
Marsabit,2016-06-01,2016,2,2.0,True,2,0.050495222,0.8663064,0.083198376,940,2,6
Meru,2016-06-01,2016,1,1.0,False,2,0.4775381,0.47894803,0.04351391,940,1,6
Migori,2016-06-01,2016,1,1.0,False,1,0.87839574,0.08263456,0.03896967,940,1,6
Mombasa,2016-06-01,2016,1,1.0,False,1,0.90841705,0.06328152,0.02830145,940,1,6
Murang'a,2016-06-01,2016,1,1.0,False,1,0.94545084,0.030254005,0.024295151,940,1,6
Nairobi,2016-06-01,2016,1,1.0,False,1,0.86518615,0.09205116,0.04276272,940,1,6
Nakuru,2016-06-01,2016,1,1.0,False,1,0.9097393,0.061522003,0.028738696,940,1,6
Nandi,2016-06-01,2016,1,1.0,False,1,0.94907176,0.026927844,0.024000376,940,1,6
Narok,2016-06-01,2016,1,1.0,False,2,0.08911117,0.88014793,0.0307409,940,1,6
Nyamira,2016-06-01,2016,1,1.0,False,1,0.947439,0.02651167,0.026049268,940,1,6
Nyandarua,2016-06-01,2016,1,1.0,False,1,0.8770555,0.07781306,0.04513143,940,1,6
Nyeri,2016-06-01,2016,1,1.0,False,1,0.9457011,0.028563889,0.025735052,940,1,6
Samburu,2016-06-01,2016,2,2.0,True,2,0.033105258,0.9352423,0.031652458,940,2,6
Siaya,2016-06-01,2016,1,1.0,False,1,0.94689405,0.02918484,0.023921156,940,1,6
Taita Taveta,2016-06-01,2016,1,1.0,False,2,0.11839412,0.84345466,0.03815121,940,1,6
Tana River,2016-06-01,2016,2,1.0,False,2,0.033831555,0.9288751,0.037293363,940,1,6
Tharaka-Nithi,2016-06-01,2016,1,1.0,False,2,0.27939442,0.6780022,0.04260341,940,1,6
Trans Nzoia,2016-06-01,2016,1,1.0,False,1,0.9469546,0.028047252,0.024998087,940,1,6
Turkana,2016-06-01,2016,2,2.0,True,2,0.033516623,0.93310577,0.033377595,940,2,6
Uasin Gishu,2016-06-01,2016,1,1.0,False,1,0.88401085,0.07781236,0.038176823,940,1,6
Vihiga,2016-06-01,2016,1,1.0,False,1,0.9463538,0.029440273,0.024205951,940,1,6
Wajir,2016-06-01,2016,2,2.0,True,2,0.059990656,0.8030019,0.13700747,940,2,6
West Pokot,2016-06-01,2016,1,1.0,False,2,0.07440738,0.8877294,0.037863225,940,1,6
Baringo,2016-10-01,2016,1,1.0,True,2,0.08068667,0.8579631,0.061350252,940,1,6
Bomet,2016-10-01,2016,1,1.0,False,1,0.9459798,0.030364893,0.023655359,940,1,6
Bungoma,2016-10-01,2016,1,1.0,False,1,0.947098,0.030079205,0.022822775,940,1,6
Busia,2016-10-01,2016,1,1.0,False,1,0.9478849,0.027959151,0.0241559,940,1,6
Elgeyo-Marakwet,2016-10-01,2016,1,1.0,False,1,0.73356515,0.22073787,0.04569694,940,1,6
Embu,2016-10-01,2016,1,1.0,False,2,0.3311182,0.6103389,0.058542866,940,1,6
Garissa,2016-10-01,2016,2,2.0,False,2,0.044357307,0.66572833,0.28991437,940,2,6
Homa Bay,2016-10-01,2016,1,1.0,False,1,0.9482088,0.02879197,0.022999207,940,1,6
Isiolo,2016-10-01,2016,2,2.0,False,3,0.047281545,0.26394758,0.6887709,940,2,6
Kajiado,2016-10-01,2016,1,1.0,False,2,0.060484294,0.8683203,0.071195394,940,1,6
Kakamega,2016-10-01,2016,1,1.0,False,1,0.94854593,0.027972825,0.02348123,940,1,6
Kericho,2016-10-01,2016,1,1.0,False,1,0.94797724,0.028956043,0.023066722,940,1,6
Kiambu,2016-10-01,2016,1,1.0,False,1,0.79447806,0.13863385,0.066888124,940,1,6
Kilifi,2016-10-01,2016,2,1.0,False,2,0.11212576,0.8201996,0.06767464,940,1,6
Kirinyaga,2016-10-01,2016,1,1.0,False,1,0.9469329,0.029355343,0.02371178,940,1,6
Kisii,2016-10-01,2016,1,1.0,False,1,0.94651043,0.029320182,0.024169298,940,1,6
Kisumu,2016-10-01,2016,1,1.0,False,1,0.94745004,0.029533096,0.023016889,940,1,6
Kitui,2016-10-01,2016,2,1.0,False,2,0.13538758,0.63320744,0.23140498,940,1,6
Kwale,2016-10-01,2016,2,1.0,False,2,0.08413196,0.87791175,0.03795635,940,1,6
Laikipia,2016-10-01,2016,2,1.0,False,2,0.103963114,0.833634,0.06240289,940,1,6
Lamu,2016-10-01,2016,1,1.0,False,2,0.17346919,0.7328371,0.093693756,940,1,6
Machakos,2016-10-01,2016,1,1.0,False,2,0.15486023,0.78558654,0.05955319,940,1,6
Makueni,2016-10-01,2016,2,1.0,False,2,0.055428196,0.81962425,0.124947555,940,1,6
Mandera,2016-10-01,2016,2,2.0,False,2,0.0662333,0.86377245,0.069994286,940,2,6
Marsabit,2016-10-01,2016,2,2.0,True,2,0.1201158,0.65536517,0.22451904,940,2,6
Meru,2016-10-01,2016,1,1.0,False,1,0.4983972,0.45268205,0.0489208,940,1,6
Migori,2016-10-01,2016,1,1.0,False,1,0.8600737,0.0931526,0.046773747,940,1,6
Mombasa,2016-10-01,2016,1,1.0,False,1,0.900304,0.06880616,0.030889831,940,1,6
Murang'a,2016-10-01,2016,1,1.0,False,1,0.94344115,0.031308096,0.02525072,940,1,6
Nairobi,2016-10-01,2016,1,1.0,False,1,0.8633059,0.09291967,0.04377446,940,1,6
Nakuru,2016-10-01,2016,1,1.0,False,1,0.9115401,0.057604183,0.030855764,940,1,6
Nandi,2016-10-01,2016,1,1.0,False,1,0.94870853,0.027903313,0.02338818,940,1,6
Narok,2016-10-01,2016,1,1.0,False,2,0.11889706,0.8446695,0.036433388,940,1,6
Nyamira,2016-10-01,2016,1,1.0,False,1,0.9477123,0.028978994,0.023308717,940,1,6
Nyandarua,2016-10-01,2016,1,1.0,False,1,0.90180606,0.06729227,0.030901648,940,1,6
Nyeri,2016-10-01,2016,1,1.0,False,1,0.9468418,0.0299067,0.023251545,940,1,6
Samburu,2016-10-01,2016,2,2.0,True,2,0.035143025,0.7011226,0.26373437,940,2,6
Siaya,2016-10-01,2016,1,1.0,False,1,0.94750994,0.028471127,0.024018936,940,1,6
Taita Taveta,2016-10-01,2016,2,1.0,False,2,0.13088796,0.808623,0.06048906,940,1,6
Tana River,2016-10-01,2016,2,2.0,False,3,0.04759609,0.4511171,0.5012868,940,2,6
Tharaka-Nithi,2016-10-01,2016,1,1.0,False,2,0.21350925,0.69765586,0.088834874,940,1,6
Trans Nzoia,2016-10-01,2016,1,1.0,False,1,0.94755214,0.028106062,0.02434183,940,1,6
Turkana,2016-10-01,2016,2,2.0,True,2,0.035721283,0.9242107,0.040067967,940,2,6
Uasin Gishu,2016-10-01,2016,1,1.0,False,1,0.90184385,0.06644711,0.031709008,940,1,6
Vihiga,2016-10-01,2016,1,1.0,False,1,0.947118,0.029981378,0.022900635,940,1,6
Wajir,2016-10-01,2016,2,2.0,True,3,0.04663491,0.38346463,0.56990045,940,2,6
West Pokot,2016-10-01,2016,2,1.0,False,2,0.071389385,0.8912192,0.037391346,940,1,6
Baringo,2017-02-01,2017,2,1.0,True,2,0.20261617,0.68813413,0.10924969,1081,1,6
Bomet,2017-02-01,2017,1,1.0,False,1,0.8996678,0.04889443,0.051437773,1081,1,6
Bungoma,2017-02-01,2017,1,1.0,False,1,0.89333636,0.047785405,0.058878273,1081,1,6
Busia,2017-02-01,2017,1,1.0,False,1,0.88316065,0.05005338,0.066785954,1081,1,6
Elgeyo-Marakwet,2017-02-01,2017,1,1.0,False,1,0.72471464,0.16670148,0.10858385,1081,1,6
Embu,2017-02-01,2017,2,1.0,False,2,0.22309479,0.70126945,0.075635776,1081,1,6
Garissa,2017-02-01,2017,3,2.0,False,2,0.07795167,0.4757758,0.44627255,1081,2,6
Homa Bay,2017-02-01,2017,1,1.0,False,1,0.8729186,0.048288792,0.07879257,1081,1,6
Isiolo,2017-02-01,2017,2,2.0,False,2,0.07348717,0.5667324,0.35978046,1081,2,6
Kajiado,2017-02-01,2017,2,1.0,False,2,0.11484355,0.78878576,0.09637065,1081,1,6
Kakamega,2017-02-01,2017,1,1.0,False,1,0.8926682,0.04844407,0.058887757,1081,1,6
Kericho,2017-02-01,2017,1,1.0,False,1,0.90390646,0.04835081,0.047742695,1081,1,6
Kiambu,2017-02-01,2017,1,1.0,False,1,0.75385404,0.16152924,0.08461669,1081,1,6
Kilifi,2017-02-01,2017,2,2.0,False,2,0.14379486,0.7441052,0.11209989,1081,2,6
Kirinyaga,2017-02-01,2017,1,1.0,False,1,0.90290874,0.05003948,0.047051787,1081,1,6
Kisii,2017-02-01,2017,1,1.0,False,1,0.885457,0.050880224,0.06366278,1081,1,6
Kisumu,2017-02-01,2017,1,1.0,False,1,0.88628304,0.048585277,0.06513162,1081,1,6
Kitui,2017-02-01,2017,2,2.0,False,2,0.13160868,0.66862327,0.19976808,1081,2,6
Kwale,2017-02-01,2017,2,2.0,False,2,0.13539174,0.76556003,0.09904825,1081,2,6
Laikipia,2017-02-01,2017,2,2.0,False,2,0.14922953,0.7600317,0.090738826,1081,2,6
Lamu,2017-02-01,2017,3,1.0,False,2,0.111368224,0.77405256,0.11457919,1081,1,6
Machakos,2017-02-01,2017,2,1.0,False,2,0.27304727,0.65792274,0.06902995,1081,1,6
Makueni,2017-02-01,2017,2,2.0,False,2,0.08019944,0.6944224,0.22537814,1081,2,6
Mandera,2017-02-01,2017,3,2.0,False,2,0.06717619,0.77850926,0.15431452,1081,2,6
Marsabit,2017-02-01,2017,3,2.0,True,3,0.10212547,0.42859647,0.46927807,1081,2,6
Meru,2017-02-01,2017,2,1.0,False,1,0.46430495,0.44011903,0.095575966,1081,1,6
Migori,2017-02-01,2017,1,1.0,False,1,0.7377036,0.13673414,0.12556219,1081,1,6
Mombasa,2017-02-01,2017,1,1.0,False,1,0.80560976,0.076458216,0.11793206,1081,1,6
Murang'a,2017-02-01,2017,1,1.0,False,1,0.9030051,0.050044823,0.046950046,1081,1,6
Nairobi,2017-02-01,2017,1,1.0,False,1,0.823267,0.11376818,0.06296481,1081,1,6
Nakuru,2017-02-01,2017,1,1.0,False,1,0.8432652,0.10129863,0.055436168,1081,1,6
Nandi,2017-02-01,2017,1,1.0,False,1,0.90272003,0.048287347,0.048992585,1081,1,6
Narok,2017-02-01,2017,2,1.0,False,2,0.17589784,0.7163342,0.10776798,1081,1,6
Nyamira,2017-02-01,2017,1,1.0,False,1,0.8982891,0.048607495,0.05310338,1081,1,6
Nyandarua,2017-02-01,2017,1,1.0,False,1,0.8248816,0.1126284,0.06249003,1081,1,6
Nyeri,2017-02-01,2017,1,1.0,False,1,0.90117866,0.0499436,0.0488777,1081,1,6
Samburu,2017-02-01,2017,3,2.0,True,2,0.06962715,0.8545315,0.07584131,1081,2,6
Siaya,2017-02-01,2017,1,1.0,False,1,0.87587005,0.046851117,0.077278785,1081,1,6
Taita Taveta,2017-02-01,2017,2,2.0,False,2,0.32059672,0.61961216,0.059791133,1081,2,6
Tana River,2017-02-01,2017,3,2.0,False,2,0.078397654,0.65755415,0.26404822,1081,2,6
Tharaka-Nithi,2017-02-01,2017,2,1.0,False,2,0.2522836,0.63861376,0.10910269,1081,1,6
Trans Nzoia,2017-02-01,2017,1,1.0,False,1,0.88446105,0.048088744,0.067450255,1081,1,6
Turkana,2017-02-01,2017,2,2.0,True,2,0.06802897,0.81662387,0.11534715,1081,2,6
Uasin Gishu,2017-02-01,2017,1,1.0,False,1,0.870393,0.070453264,0.05915382,1081,1,6
Vihiga,2017-02-01,2017,1,1.0,False,1,0.8823831,0.048371483,0.069245435,1081,1,6
Wajir,2017-02-01,2017,3,2.0,True,2,0.07940346,0.782215,0.13838159,1081,2,6
West Pokot,2017-02-01,2017,3,2.0,False,2,0.20961371,0.68197894,0.1084074,1081,2,6
Baringo,2017-06-01,2017,2,2.0,True,2,0.1653242,0.526192,0.30848378,1081,2,6
Bomet,2017-06-01,2017,1,1.0,False,1,0.89216894,0.04942857,0.058402482,1081,1,6
Bungoma,2017-06-01,2017,1,1.0,False,1,0.88898754,0.048072852,0.06293958,1081,1,6
Busia,2017-06-01,2017,1,1.0,False,1,0.87530273,0.047958467,0.07673882,1081,1,6
Elgeyo-Marakwet,2017-06-01,2017,1,1.0,False,1,0.7167177,0.160247,0.12303531,1081,1,6
Embu,2017-06-01,2017,2,2.0,False,2,0.2989656,0.57115585,0.12987854,1081,2,6
Garissa,2017-06-01,2017,3,3.0,False,2,0.08519039,0.5095145,0.40529504,1081,3,6
Homa Bay,2017-06-01,2017,1,1.0,False,1,0.89439476,0.04975587,0.055849344,1081,1,6
Isiolo,2017-06-01,2017,3,2.0,False,3,0.089969605,0.36632007,0.5437103,1081,2,6
Kajiado,2017-06-01,2017,2,2.0,False,2,0.12967482,0.7560647,0.114260465,1081,2,6
Kakamega,2017-06-01,2017,1,1.0,False,1,0.8920811,0.048613418,0.0593055,1081,1,6
Kericho,2017-06-01,2017,1,1.0,False,1,0.88962,0.04823875,0.062141243,1081,1,6
Kiambu,2017-06-01,2017,1,1.0,False,1,0.7325108,0.12842445,0.13906474,1081,1,6
Kilifi,2017-06-01,2017,3,2.0,False,2,0.13995317,0.74868786,0.11135897,1081,2,6
Kirinyaga,2017-06-01,2017,1,1.0,False,1,0.9014016,0.049955953,0.04864248,1081,1,6
Kisii,2017-06-01,2017,1,1.0,False,1,0.89458084,0.053893816,0.05152531,1081,1,6
Kisumu,2017-06-01,2017,1,1.0,False,1,0.87560713,0.048674863,0.07571803,1081,1,6
Kitui,2017-06-01,2017,2,2.0,False,3,0.12122442,0.42525738,0.45351818,1081,2,6
Kwale,2017-06-01,2017,2,2.0,False,2,0.14804967,0.7461193,0.10583105,1081,2,6
Laikipia,2017-06-01,2017,2,2.0,False,3,0.11055643,0.38255563,0.5068879,1081,2,6
Lamu,2017-06-01,2017,2,3.0,False,2,0.14040978,0.68318105,0.17640917,1081,3,6
Machakos,2017-06-01,2017,2,2.0,False,2,0.357174,0.42046592,0.22236003,1081,2,6
Makueni,2017-06-01,2017,2,2.0,False,2,0.09120058,0.66701984,0.24177957,1081,2,6
Mandera,2017-06-01,2017,2,3.0,False,2,0.12073399,0.5325249,0.34674114,1081,3,6
Marsabit,2017-06-01,2017,3,3.0,True,3,0.0877902,0.19040908,0.7218007,1081,3,6
Meru,2017-06-01,2017,2,2.0,False,1,0.59926087,0.3093502,0.091388926,1081,2,6
Migori,2017-06-01,2017,1,1.0,False,1,0.73490256,0.16186297,0.10323444,1081,1,6
Mombasa,2017-06-01,2017,1,1.0,False,1,0.8010241,0.081784435,0.11719142,1081,1,6
Murang'a,2017-06-01,2017,1,1.0,False,1,0.89529383,0.04961746,0.05508872,1081,1,6
Nairobi,2017-06-01,2017,1,1.0,False,1,0.7898224,0.097086,0.11309158,1081,1,6
Nakuru,2017-06-01,2017,1,1.0,False,1,0.8201588,0.090076536,0.08976465,1081,1,6
Nandi,2017-06-01,2017,1,1.0,False,1,0.88766086,0.049467858,0.06287128,1081,1,6
Narok,2017-06-01,2017,2,2.0,False,2,0.25571454,0.57309306,0.17119247,1081,2,6
Nyamira,2017-06-01,2017,1,1.0,False,1,0.894706,0.049353868,0.055940103,1081,1,6
Nyandarua,2017-06-01,2017,1,1.0,False,1,0.7872161,0.120341495,0.09244243,1081,1,6
Nyeri,2017-06-01,2017,1,1.0,False,1,0.88776547,0.048004277,0.06423019,1081,1,6
Samburu,2017-06-01,2017,2,3.0,True,2,0.07168521,0.5217167,0.4065981,1081,3,6
Siaya,2017-06-01,2017,1,1.0,False,1,0.8821428,0.047407556,0.07044964,1081,1,6
Taita Taveta,2017-06-01,2017,2,2.0,False,2,0.3572107,0.5295078,0.11328147,1081,2,6
Tana River,2017-06-01,2017,2,3.0,False,2,0.082999185,0.61830026,0.29870054,1081,3,6
Tharaka-Nithi,2017-06-01,2017,2,2.0,False,2,0.35478044,0.4396476,0.20557201,1081,2,6
Trans Nzoia,2017-06-01,2017,1,1.0,False,1,0.89409333,0.05050635,0.055400323,1081,1,6
Turkana,2017-06-01,2017,3,2.0,True,3,0.05493546,0.2122674,0.73279715,1081,2,6
Uasin Gishu,2017-06-01,2017,1,1.0,False,1,0.7917151,0.12150888,0.086776,1081,1,6
Vihiga,2017-06-01,2017,1,1.0,False,1,0.8842466,0.04927759,0.0664758,1081,1,6
Wajir,2017-06-01,2017,2,3.0,True,3,0.109042704,0.44087237,0.45008492,1081,3,6
West Pokot,2017-06-01,2017,3,3.0,False,3,0.11400927,0.29245275,0.593538,1081,3,6
Baringo,2017-10-01,2017,2,2.0,True,3,0.1188722,0.24966016,0.63146764,1081,2,6
Bomet,2017-10-01,2017,1,1.0,False,1,0.89606124,0.050454926,0.053483836,1081,1,6
Bungoma,2017-10-01,2017,1,1.0,False,1,0.90089226,0.04992773,0.049180035,1081,1,6
Busia,2017-10-01,2017,1,1.0,False,1,0.9013946,0.050931003,0.047674358,1081,1,6
Elgeyo-Marakwet,2017-10-01,2017,1,1.0,False,1,0.67941517,0.14387625,0.17670861,1081,1,6
Embu,2017-10-01,2017,2,2.0,False,3,0.27796346,0.16390398,0.5581325,1081,2,6
Garissa,2017-10-01,2017,2,3.0,False,3,0.08008213,0.34344584,0.576472,1081,3,6
Homa Bay,2017-10-01,2017,1,1.0,False,1,0.9002572,0.051041868,0.048700914,1081,1,6
Isiolo,2017-10-01,2017,3,3.0,False,3,0.05328632,0.06366805,0.8830457,1081,3,6
Kajiado,2017-10-01,2017,2,2.0,False,3,0.10245413,0.16984871,0.7276972,1081,2,6
Kakamega,2017-10-01,2017,1,1.0,False,1,0.90036416,0.05292801,0.046707835,1081,1,6
Kericho,2017-10-01,2017,1,1.0,False,1,0.9001278,0.049885362,0.04998681,1081,1,6
Kiambu,2017-10-01,2017,1,1.0,False,1,0.6529566,0.1436259,0.20341751,1081,1,6
Kilifi,2017-10-01,2017,2,3.0,False,2,0.17227636,0.68011975,0.14760388,1081,3,6
Kirinyaga,2017-10-01,2017,1,1.0,False,1,0.8815709,0.04885296,0.06957617,1081,1,6
Kisii,2017-10-01,2017,1,1.0,False,1,0.8995261,0.052878745,0.047595117,1081,1,6
Kisumu,2017-10-01,2017,1,1.0,False,1,0.90310013,0.050050087,0.04684977,1081,1,6
Kitui,2017-10-01,2017,2,2.0,False,3,0.091051556,0.16249317,0.74645525,1081,2,6
Kwale,2017-10-01,2017,2,2.0,False,2,0.1549766,0.69357455,0.15144882,1081,2,6
Laikipia,2017-10-01,2017,3,2.0,False,3,0.0804068,0.13173081,0.78786236,1081,2,6
Lamu,2017-10-01,2017,2,2.0,False,2,0.2912524,0.5320226,0.176725,1081,2,6
Machakos,2017-10-01,2017,1,2.0,False,3,0.19011015,0.2018331,0.6080568,1081,2,6
Makueni,2017-10-01,2017,2,2.0,False,3,0.07173192,0.29070038,0.6375677,1081,2,6
Mandera,2017-10-01,2017,3,2.0,False,2,0.065100044,0.50174725,0.4331527,1081,2,6
Marsabit,2017-10-01,2017,3,3.0,True,3,0.052542046,0.067098156,0.8803598,1081,3,6
Meru,2017-10-01,2017,1,2.0,False,1,0.6151845,0.23048218,0.15433337,1081,2,6
Migori,2017-10-01,2017,1,1.0,False,1,0.78903395,0.12569976,0.08526626,1081,1,6
Mombasa,2017-10-01,2017,1,1.0,False,1,0.79663056,0.079510555,0.12385895,1081,1,6
Murang'a,2017-10-01,2017,1,1.0,False,1,0.8865441,0.047938235,0.065517634,1081,1,6
Nairobi,2017-10-01,2017,1,1.0,False,1,0.7318735,0.09365553,0.174471,1081,1,6
Nakuru,2017-10-01,2017,1,1.0,False,1,0.7551173,0.07649665,0.16838603,1081,1,6
Nandi,2017-10-01,2017,1,1.0,False,1,0.9009812,0.04993266,0.049086154,1081,1,6
Narok,2017-10-01,2017,2,2.0,False,3,0.12919977,0.22322194,0.6475783,1081,2,6
Nyamira,2017-10-01,2017,1,1.0,False,1,0.9016501,0.05054915,0.047800723,1081,1,6
Nyandarua,2017-10-01,2017,1,1.0,False,1,0.7894601,0.10459874,0.1059412,1081,1,6
Nyeri,2017-10-01,2017,1,1.0,False,1,0.878652,0.049120676,0.072227344,1081,1,6
Samburu,2017-10-01,2017,3,2.0,True,3,0.07010305,0.180008,0.74988896,1081,2,6
Siaya,2017-10-01,2017,1,1.0,False,1,0.9012774,0.049949072,0.048773523,1081,1,6
Taita Taveta,2017-10-01,2017,2,2.0,False,2,0.18786111,0.5641761,0.24796276,1081,2,6
Tana River,2017-10-01,2017,3,2.0,False,3,0.08240573,0.17609152,0.74150276,1081,2,6
Tharaka-Nithi,2017-10-01,2017,2,2.0,False,3,0.27657944,0.27496645,0.44845417,1081,2,6
Trans Nzoia,2017-10-01,2017,1,1.0,False,1,0.88997036,0.04838829,0.061641373,1081,1,6
Turkana,2017-10-01,2017,2,3.0,True,3,0.060007356,0.110752694,0.82923996,1081,3,6
Uasin Gishu,2017-10-01,2017,1,1.0,False,1,0.80453855,0.100420035,0.0950414,1081,1,6
Vihiga,2017-10-01,2017,1,1.0,False,1,0.90310013,0.050050087,0.04684977,1081,1,6
Wajir,2017-10-01,2017,3,2.0,True,3,0.077616245,0.23388754,0.6884962,1081,2,6
West Pokot,2017-10-01,2017,1,3.0,False,3,0.09147764,0.15453747,0.75398487,1081,3,6
Baringo,2018-02-01,2018,1,2.0,True,2,0.2789935,0.6808615,0.04014508,1222,2,6
Bomet,2018-02-01,2018,1,1.0,False,1,0.97152764,0.016212393,0.012259973,1222,1,6
Bungoma,2018-02-01,2018,1,1.0,False,1,0.968983,0.017172487,0.013844504,1222,1,6
Busia,2018-02-01,2018,1,1.0,False,1,0.97218794,0.015896933,0.011915142,1222,1,6
Elgeyo-Marakwet,2018-02-01,2018,1,1.0,False,1,0.77907795,0.19485131,0.02607079,1222,1,6
Embu,2018-02-01,2018,2,2.0,False,2,0.24201569,0.59686756,0.16111672,1222,2,6
Garissa,2018-02-01,2018,3,2.0,False,2,0.035105012,0.71047705,0.254418,1222,2,6
Homa Bay,2018-02-01,2018,1,1.0,False,1,0.9654029,0.018606873,0.01599025,1222,1,6
Isiolo,2018-02-01,2018,3,3.0,False,3,0.039837837,0.097524084,0.8626381,1222,3,6
Kajiado,2018-02-01,2018,3,2.0,False,2,0.107106,0.6760674,0.2168266,1222,2,6
Kakamega,2018-02-01,2018,1,1.0,False,1,0.9712505,0.016359525,0.0123900045,1222,1,6
Kericho,2018-02-01,2018,1,1.0,False,1,0.9711412,0.016472,0.012386809,1222,1,6
Kiambu,2018-02-01,2018,1,1.0,False,1,0.91360164,0.056041017,0.030357322,1222,1,6
Kilifi,2018-02-01,2018,2,2.0,False,2,0.1515889,0.8084206,0.039990533,1222,2,6
Kirinyaga,2018-02-01,2018,1,1.0,False,1,0.96424073,0.017767595,0.017991638,1222,1,6
Kisii,2018-02-01,2018,1,1.0,False,1,0.9715217,0.016249023,0.012229274,1222,1,6
Kisumu,2018-02-01,2018,1,1.0,False,1,0.97218275,0.015621186,0.012196136,1222,1,6
Kitui,2018-02-01,2018,2,2.0,False,2,0.11086996,0.71144676,0.17768328,1222,2,6
Kwale,2018-02-01,2018,1,2.0,False,2,0.21411295,0.75990474,0.025982283,1222,2,6
Laikipia,2018-02-01,2018,2,3.0,False,2,0.1677563,0.806536,0.025707606,1222,3,6
Lamu,2018-02-01,2018,2,2.0,False,2,0.31570372,0.64311093,0.041185375,1222,2,6
Machakos,2018-02-01,2018,1,1.0,False,2,0.28767186,0.6163197,0.09600841,1222,1,6
Makueni,2018-02-01,2018,2,2.0,False,2,0.09592149,0.7977357,0.1063428,1222,2,6
Mandera,2018-02-01,2018,3,3.0,False,2,0.055678405,0.6516838,0.29263777,1222,3,6
Marsabit,2018-02-01,2018,2,3.0,True,2,0.06991714,0.5115945,0.41848838,1222,3,6
Meru,2018-02-01,2018,1,1.0,False,1,0.5547965,0.3830157,0.062187806,1222,1,6
Migori,2018-02-01,2018,1,1.0,False,1,0.8901074,0.075389564,0.03450303,1222,1,6
Mombasa,2018-02-01,2018,1,1.0,False,1,0.88771063,0.059503004,0.05278635,1222,1,6
Murang'a,2018-02-01,2018,1,1.0,False,1,0.96965426,0.016045732,0.0143,1222,1,6
Nairobi,2018-02-01,2018,1,1.0,False,1,0.89819694,0.05746417,0.044338875,1222,1,6
Nakuru,2018-02-01,2018,1,1.0,False,1,0.9394629,0.042505007,0.018032126,1222,1,6
Nandi,2018-02-01,2018,1,1.0,False,1,0.9704142,0.01688089,0.012704827,1222,1,6
Narok,2018-02-01,2018,2,2.0,False,2,0.28832737,0.6575281,0.054144587,1222,2,6
Nyamira,2018-02-01,2018,1,1.0,False,1,0.97377646,0.01484724,0.0113762645,1222,1,6
Nyandarua,2018-02-01,2018,1,1.0,False,1,0.9471242,0.03673308,0.016142668,1222,1,6
Nyeri,2018-02-01,2018,1,1.0,False,1,0.96746594,0.01763083,0.0149032,1222,1,6
Samburu,2018-02-01,2018,2,3.0,True,2,0.03260669,0.85767704,0.109716244,1222,3,6
Siaya,2018-02-01,2018,1,1.0,False,1,0.97044086,0.016494237,0.0130649675,1222,1,6
Taita Taveta,2018-02-01,2018,2,2.0,False,2,0.32226482,0.6510171,0.026718095,1222,2,6
Tana River,2018-02-01,2018,2,3.0,False,2,0.04382024,0.79886657,0.15731317,1222,3,6
Tharaka-Nithi,2018-02-01,2018,2,2.0,False,2,0.21364349,0.45061725,0.3357392,1222,2,6
Trans Nzoia,2018-02-01,2018,1,1.0,False,1,0.96970785,0.017107997,0.013184133,1222,1,6
Turkana,2018-02-01,2018,3,2.0,True,2,0.035090454,0.92970395,0.035205647,1222,2,6
Uasin Gishu,2018-02-01,2018,1,1.0,False,1,0.9438329,0.038824134,0.017343026,1222,1,6
Vihiga,2018-02-01,2018,1,1.0,False,1,0.9726431,0.015362635,0.011994268,1222,1,6
Wajir,2018-02-01,2018,2,3.0,True,2,0.059913874,0.6608648,0.27922133,1222,3,6
West Pokot,2018-02-01,2018,2,1.0,False,2,0.15695262,0.8208284,0.022219071,1222,1,6
Baringo,2018-06-01,2018,1,1.0,True,2,0.09355557,0.8770428,0.029401701,1222,1,6
Bomet,2018-06-01,2018,1,1.0,False,1,0.9713236,0.01624853,0.012427873,1222,1,6
Bungoma,2018-06-01,2018,1,1.0,False,1,0.9674742,0.01764809,0.014877681,1222,1,6
Busia,2018-06-01,2018,1,1.0,False,1,0.9583465,0.019057212,0.02259629,1222,1,6
Elgeyo-Marakwet,2018-06-01,2018,1,1.0,False,1,0.79569477,0.1802141,0.0240911,1222,1,6
Embu,2018-06-01,2018,1,2.0,False,2,0.35208532,0.59598935,0.051925354,1222,2,6
Garissa,2018-06-01,2018,1,3.0,False,3,0.039562292,0.36671034,0.5937274,1222,3,6
Homa Bay,2018-06-01,2018,1,1.0,False,1,0.9667391,0.019003183,0.0142577365,1222,1,6
Isiolo,2018-06-01,2018,1,3.0,False,3,0.035964582,0.079959355,0.88407606,1222,3,6
Kajiado,2018-06-01,2018,1,3.0,False,2,0.158201,0.6360809,0.2057181,1222,3,6
Kakamega,2018-06-01,2018,1,1.0,False,1,0.9687265,0.017660633,0.013612866,1222,1,6
Kericho,2018-06-01,2018,1,1.0,False,1,0.9699718,0.017472958,0.012555246,1222,1,6
Kiambu,2018-06-01,2018,1,1.0,False,1,0.9243767,0.047459137,0.028164117,1222,1,6
Kilifi,2018-06-01,2018,1,2.0,False,2,0.1642263,0.8090255,0.026748106,1222,2,6
Kirinyaga,2018-06-01,2018,1,1.0,False,1,0.9625889,0.017242188,0.020168936,1222,1,6
Kisii,2018-06-01,2018,1,1.0,False,1,0.97058153,0.016682275,0.012736177,1222,1,6
Kisumu,2018-06-01,2018,1,1.0,False,1,0.97056466,0.016661873,0.012773457,1222,1,6
Kitui,2018-06-01,2018,1,2.0,False,3,0.03761747,0.09225887,0.8701236,1222,2,6
Kwale,2018-06-01,2018,1,1.0,False,2,0.24473017,0.7277274,0.02754236,1222,1,6
Laikipia,2018-06-01,2018,1,2.0,False,2,0.15814704,0.7955766,0.0462764,1222,2,6
Lamu,2018-06-01,2018,1,2.0,False,2,0.18187374,0.7468081,0.07131819,1222,2,6
Machakos,2018-06-01,2018,1,1.0,False,1,0.4480233,0.3505885,0.20138821,1222,1,6
Makueni,2018-06-01,2018,1,2.0,False,3,0.09483899,0.36317122,0.5419898,1222,2,6
Mandera,2018-06-01,2018,1,3.0,False,2,0.067664124,0.5144418,0.4178941,1222,3,6
Marsabit,2018-06-01,2018,1,2.0,True,2,0.08957712,0.6470688,0.2633541,1222,2,6
Meru,2018-06-01,2018,1,1.0,False,1,0.50089705,0.45560429,0.04349865,1222,1,6
Migori,2018-06-01,2018,1,1.0,False,1,0.8942572,0.07406893,0.0316739,1222,1,6
Mombasa,2018-06-01,2018,1,1.0,False,1,0.9425926,0.04075273,0.016654624,1222,1,6
Murang'a,2018-06-01,2018,1,1.0,False,1,0.969397,0.015873633,0.014729338,1222,1,6
Nairobi,2018-06-01,2018,1,1.0,False,1,0.9217489,0.046641268,0.031609803,1222,1,6
Nakuru,2018-06-01,2018,1,1.0,False,1,0.92119056,0.05571072,0.023098698,1222,1,6
Nandi,2018-06-01,2018,1,1.0,False,1,0.970711,0.016724177,0.012564815,1222,1,6
Narok,2018-06-01,2018,1,2.0,False,2,0.14058878,0.8088023,0.050608873,1222,2,6
Nyamira,2018-06-01,2018,1,1.0,False,1,0.97138447,0.016226945,0.0123885535,1222,1,6
Nyandarua,2018-06-01,2018,1,1.0,False,1,0.94370025,0.036473747,0.01982603,1222,1,6
Nyeri,2018-06-01,2018,1,1.0,False,1,0.96860105,0.015349137,0.016049884,1222,1,6
Samburu,2018-06-01,2018,1,2.0,True,2,0.030623058,0.9482936,0.021083375,1222,2,6
Siaya,2018-06-01,2018,1,1.0,False,1,0.9649433,0.017438505,0.017618194,1222,1,6
Taita Taveta,2018-06-01,2018,1,2.0,False,2,0.39138103,0.56626546,0.042353462,1222,2,6
Tana River,2018-06-01,2018,1,2.0,False,3,0.05089971,0.22578177,0.72331846,1222,2,6
Tharaka-Nithi,2018-06-01,2018,1,2.0,False,2,0.1945616,0.6875596,0.11787885,1222,2,6
Trans Nzoia,2018-06-01,2018,1,1.0,False,1,0.9702949,0.017142074,0.0125630405,1222,1,6
Turkana,2018-06-01,2018,1,3.0,True,2,0.028572178,0.9478821,0.023545682,1222,3,6
Uasin Gishu,2018-06-01,2018,1,1.0,False,1,0.93321425,0.04740462,0.019381108,1222,1,6
Vihiga,2018-06-01,2018,1,1.0,False,1,0.9723095,0.015495989,0.012194539,1222,1,6
Wajir,2018-06-01,2018,2,2.0,True,3,0.051775232,0.4384903,0.50973445,1222,2,6
West Pokot,2018-06-01,2018,1,2.0,False,2,0.12828696,0.8475409,0.024172144,1222,2,6
Baringo,2018-12-01,2018,1,1.0,True,2,0.1398395,0.82637817,0.03378228,1222,1,6
Bomet,2018-12-01,2018,1,1.0,False,1,0.9691384,0.017523425,0.0133381765,1222,1,6
Bungoma,2018-12-01,2018,1,1.0,False,1,0.9724501,0.015704593,0.011845313,1222,1,6
Busia,2018-12-01,2018,1,1.0,False,1,0.9704081,0.0173647,0.012227192,1222,1,6
Elgeyo-Marakwet,2018-12-01,2018,1,1.0,False,1,0.7920541,0.18579063,0.022155223,1222,1,6
Embu,2018-12-01,2018,1,1.0,False,2,0.21463104,0.74788207,0.03748693,1222,1,6
Garissa,2018-12-01,2018,2,1.0,False,2,0.058702983,0.91077167,0.030525282,1222,1,6
Homa Bay,2018-12-01,2018,1,1.0,False,1,0.9743925,0.014261952,0.011345615,1222,1,6
Isiolo,2018-12-01,2018,2,1.0,False,2,0.064407706,0.8910066,0.044585735,1222,1,6
Kajiado,2018-12-01,2018,1,1.0,False,2,0.13632452,0.83451575,0.02915979,1222,1,6
Kakamega,2018-12-01,2018,1,1.0,False,1,0.970833,0.016831424,0.012335572,1222,1,6
Kericho,2018-12-01,2018,1,1.0,False,1,0.97286713,0.015525377,0.011607484,1222,1,6
Kiambu,2018-12-01,2018,1,1.0,False,1,0.9127944,0.06244862,0.02475698,1222,1,6
Kilifi,2018-12-01,2018,1,1.0,False,2,0.15451217,0.8156408,0.029847037,1222,1,6
Kirinyaga,2018-12-01,2018,1,1.0,False,1,0.9717944,0.016072646,0.012132986,1222,1,6
Kisii,2018-12-01,2018,1,1.0,False,1,0.97290933,0.014973909,0.012116738,1222,1,6
Kisumu,2018-12-01,2018,1,1.0,False,1,0.97286713,0.015525377,0.011607484,1222,1,6
Kitui,2018-12-01,2018,1,1.0,False,2,0.14271483,0.8168258,0.040459435,1222,1,6
Kwale,2018-12-01,2018,1,1.0,False,2,0.13614675,0.8377538,0.026099449,1222,1,6
Laikipia,2018-12-01,2018,1,1.0,False,2,0.09669245,0.88020676,0.02310079,1222,1,6
Lamu,2018-12-01,2018,2,1.0,False,2,0.29782107,0.6714974,0.030681543,1222,1,6
Machakos,2018-12-01,2018,1,1.0,False,2,0.19248274,0.78016037,0.027356915,1222,1,6
Makueni,2018-12-01,2018,2,1.0,False,2,0.0836816,0.8748712,0.041447166,1222,1,6
Mandera,2018-12-01,2018,2,1.0,False,2,0.05639095,0.90919447,0.034414556,1222,1,6
Marsabit,2018-12-01,2018,2,1.0,True,2,0.06865463,0.88992184,0.041423548,1222,1,6
Meru,2018-12-01,2018,1,1.0,False,1,0.5941249,0.37859637,0.027278708,1222,1,6
Migori,2018-12-01,2018,1,1.0,False,1,0.9415336,0.0404786,0.01798775,1222,1,6
Mombasa,2018-12-01,2018,1,1.0,False,1,0.92140585,0.053588796,0.025005333,1222,1,6
Murang'a,2018-12-01,2018,1,1.0,False,1,0.9684483,0.01742939,0.014122272,1222,1,6
Nairobi,2018-12-01,2018,1,1.0,False,1,0.9013472,0.07011679,0.028535984,1222,1,6
Nakuru,2018-12-01,2018,1,1.0,False,1,0.9326356,0.04857593,0.01878841,1222,1,6
Nandi,2018-12-01,2018,1,1.0,False,1,0.97244567,0.015951924,0.011602455,1222,1,6
Narok,2018-12-01,2018,1,1.0,False,2,0.30064163,0.6696277,0.029730665,1222,1,6
Nyamira,2018-12-01,2018,1,1.0,False,1,0.97071755,0.016691353,0.012591079,1222,1,6
Nyandarua,2018-12-01,2018,1,1.0,False,1,0.9527491,0.033064265,0.014186648,1222,1,6
Nyeri,2018-12-01,2018,1,1.0,False,1,0.9701742,0.017634155,0.012191698,1222,1,6
Samburu,2018-12-01,2018,2,1.0,True,2,0.04868129,0.93002665,0.021292014,1222,1,6
Siaya,2018-12-01,2018,1,1.0,False,1,0.9719562,0.016208472,0.011835346,1222,1,6
Taita Taveta,2018-12-01,2018,1,1.0,False,2,0.2583302,0.71083695,0.030832825,1222,1,6
Tana River,2018-12-01,2018,2,1.0,False,2,0.063761614,0.9111285,0.02510989,1222,1,6
Tharaka-Nithi,2018-12-01,2018,1,1.0,False,2,0.37257826,0.5924517,0.034970008,1222,1,6
Trans Nzoia,2018-12-01,2018,1,1.0,False,1,0.9726139,0.015680188,0.011705911,1222,1,6
Turkana,2018-12-01,2018,2,1.0,True,2,0.045790806,0.93099236,0.02321688,1222,1,6
Uasin Gishu,2018-12-01,2018,1,1.0,False,1,0.9464771,0.037532084,0.015990814,1222,1,6
Vihiga,2018-12-01,2018,1,1.0,False,1,0.9713363,0.016594134,0.01206956,1222,1,6
Wajir,2018-12-01,2018,2,2.0,True,2,0.059971016,0.9078041,0.032224894,1222,2,6
West Pokot,2018-12-01,2018,2,1.0,False,2,0.10709495,0.86937606,0.023528926,1222,1,6
Baringo,2019-02-01,2019,1,1.0,True,2,0.16972147,0.74783015,0.0824484,1363,1,6
Bomet,2019-02-01,2019,1,1.0,False,1,0.9165808,0.04345839,0.039960757,1363,1,6
Bungoma,2019-02-01,2019,1,1.0,False,1,0.90891004,0.04334679,0.047743134,1363,1,6
Busia,2019-02-01,2019,1,1.0,False,1,0.9131022,0.044049148,0.042848583,1363,1,6
Elgeyo-Marakwet,2019-02-01,2019,1,1.0,False,1,0.6460943,0.2852326,0.06867309,1363,1,6
Embu,2019-02-01,2019,1,1.0,False,2,0.27080074,0.6399668,0.08923249,1363,1,6
Garissa,2019-02-01,2019,2,2.0,False,2,0.094864465,0.803091,0.10204457,1363,2,6
Homa Bay,2019-02-01,2019,1,1.0,False,1,0.91532665,0.04415646,0.040516958,1363,1,6
Isiolo,2019-02-01,2019,2,2.0,False,2,0.12881927,0.62553465,0.24564609,1363,2,6
Kajiado,2019-02-01,2019,2,1.0,False,2,0.17176345,0.75657374,0.07166281,1363,1,6
Kakamega,2019-02-01,2019,1,1.0,False,1,0.9084558,0.043824997,0.04771927,1363,1,6
Kericho,2019-02-01,2019,1,1.0,False,1,0.915089,0.04338766,0.041523375,1363,1,6
Kiambu,2019-02-01,2019,1,1.0,False,1,0.80173516,0.1250184,0.073246375,1363,1,6
Kilifi,2019-02-01,2019,2,1.0,False,2,0.15050095,0.7828501,0.066648975,1363,1,6
Kirinyaga,2019-02-01,2019,1,1.0,False,1,0.915025,0.043384627,0.041590318,1363,1,6
Kisii,2019-02-01,2019,1,1.0,False,1,0.91532665,0.04415646,0.040516958,1363,1,6
Kisumu,2019-02-01,2019,1,1.0,False,1,0.91532665,0.04415646,0.040516958,1363,1,6
Kitui,2019-02-01,2019,2,1.0,False,2,0.18983051,0.7067292,0.10344033,1363,1,6
Kwale,2019-02-01,2019,2,1.0,False,2,0.1907138,0.751559,0.057727218,1363,1,6
Laikipia,2019-02-01,2019,2,1.0,False,2,0.1321571,0.8026018,0.06524106,1363,1,6
Lamu,2019-02-01,2019,2,2.0,False,2,0.21229394,0.6997585,0.08794752,1363,2,6
Machakos,2019-02-01,2019,1,1.0,False,2,0.31984946,0.617713,0.062437557,1363,1,6
Makueni,2019-02-01,2019,2,2.0,False,2,0.12867115,0.74815446,0.12317434,1363,2,6
Mandera,2019-02-01,2019,2,2.0,False,2,0.111389324,0.7748862,0.11372453,1363,2,6
Marsabit,2019-02-01,2019,2,2.0,True,2,0.12546311,0.67229265,0.20224425,1363,2,6
Meru,2019-02-01,2019,1,1.0,False,1,0.56492,0.36460802,0.07047197,1363,1,6
Migori,2019-02-01,2019,1,1.0,False,1,0.7917295,0.1350146,0.073255874,1363,1,6
Mombasa,2019-02-01,2019,1,1.0,False,1,0.8336757,0.1014691,0.06485523,1363,1,6
Murang'a,2019-02-01,2019,1,1.0,False,1,0.9177683,0.04264766,0.039584022,1363,1,6
Nairobi,2019-02-01,2019,1,1.0,False,1,0.8371331,0.105074875,0.05779205,1363,1,6
Nakuru,2019-02-01,2019,1,1.0,False,1,0.8528163,0.09570693,0.051476818,1363,1,6
Nandi,2019-02-01,2019,1,1.0,False,1,0.9136699,0.044076532,0.04225361,1363,1,6
Narok,2019-02-01,2019,1,1.0,False,2,0.23725818,0.6940309,0.06871094,1363,1,6
Nyamira,2019-02-01,2019,1,1.0,False,1,0.9135569,0.044766188,0.041676994,1363,1,6
Nyandarua,2019-02-01,2019,1,1.0,False,1,0.86610377,0.086358726,0.047537543,1363,1,6
Nyeri,2019-02-01,2019,2,1.0,False,1,0.91532665,0.04415646,0.040516958,1363,1,6
Samburu,2019-02-01,2019,2,2.0,True,2,0.076740876,0.83179283,0.091466285,1363,2,6
Siaya,2019-02-01,2019,1,1.0,False,1,0.9157878,0.043674793,0.040537372,1363,1,6
Taita Taveta,2019-02-01,2019,2,1.0,False,2,0.25493127,0.67715096,0.06791773,1363,1,6
Tana River,2019-02-01,2019,2,2.0,False,2,0.083407454,0.84802055,0.06857201,1363,2,6
Tharaka-Nithi,2019-02-01,2019,2,1.0,False,2,0.33102024,0.5557527,0.113227054,1363,1,6
Trans Nzoia,2019-02-01,2019,1,1.0,False,1,0.91532665,0.04415646,0.040516958,1363,1,6
Turkana,2019-02-01,2019,2,2.0,True,2,0.0681394,0.86546046,0.06640014,1363,2,6
Uasin Gishu,2019-02-01,2019,1,1.0,False,1,0.86669713,0.08571787,0.047585018,1363,1,6
Vihiga,2019-02-01,2019,1,1.0,False,1,0.9135612,0.043568607,0.042870123,1363,1,6
Wajir,2019-02-01,2019,2,2.0,True,2,0.12616234,0.7119048,0.16193286,1363,2,6
West Pokot,2019-02-01,2019,2,2.0,False,2,0.15603915,0.77817297,0.06578784,1363,2,6
Baringo,2019-06-01,2019,3,1.0,True,2,0.21961564,0.6802191,0.10016522,1363,1,6
Bomet,2019-06-01,2019,1,1.0,False,1,0.9220497,0.040279847,0.037670474,1363,1,6
Bungoma,2019-06-01,2019,1,1.0,False,1,0.9148409,0.042230364,0.0429287,1363,1,6
Busia,2019-06-01,2019,1,1.0,False,1,0.9205403,0.04021391,0.03924583,1363,1,6
Elgeyo-Marakwet,2019-06-01,2019,1,1.0,False,1,0.71948034,0.21911325,0.061406422,1363,1,6
Embu,2019-06-01,2019,2,1.0,False,2,0.29398063,0.629929,0.076090425,1363,1,6
Garissa,2019-06-01,2019,2,2.0,False,2,0.08584582,0.7398637,0.17429051,1363,2,6
Homa Bay,2019-06-01,2019,1,1.0,False,1,0.92175305,0.040279824,0.037967093,1363,1,6
Isiolo,2019-06-01,2019,2,2.0,False,2,0.106404394,0.52679163,0.36680397,1363,2,6
Kajiado,2019-06-01,2019,2,2.0,False,2,0.1833956,0.7514991,0.065105304,1363,2,6
Kakamega,2019-06-01,2019,1,1.0,False,1,0.9214982,0.040255755,0.03824612,1363,1,6
Kericho,2019-06-01,2019,1,1.0,False,1,0.9218222,0.04026991,0.037907925,1363,1,6
Kiambu,2019-06-01,2019,1,1.0,False,1,0.80493444,0.120412886,0.07465264,1363,1,6
Kilifi,2019-06-01,2019,2,2.0,False,2,0.192915,0.74170834,0.06537663,1363,2,6
Kirinyaga,2019-06-01,2019,1,1.0,False,1,0.92111427,0.040703245,0.038182456,1363,1,6
Kisii,2019-06-01,2019,1,1.0,False,1,0.9220266,0.04029178,0.03768163,1363,1,6
Kisumu,2019-06-01,2019,1,1.0,False,1,0.919967,0.040201776,0.03983118,1363,1,6
Kitui,2019-06-01,2019,2,2.0,False,2,0.15005197,0.68125284,0.16869524,1363,2,6
Kwale,2019-06-01,2019,2,2.0,False,2,0.20753346,0.7363405,0.05612596,1363,2,6
Laikipia,2019-06-01,2019,2,2.0,False,2,0.14744471,0.7780652,0.07449009,1363,2,6
Lamu,2019-06-01,2019,2,2.0,False,2,0.27928513,0.63483816,0.08587666,1363,2,6
Machakos,2019-06-01,2019,1,1.0,False,2,0.37389475,0.5669292,0.059175998,1363,1,6
Makueni,2019-06-01,2019,2,2.0,False,2,0.11749384,0.77139235,0.11111382,1363,2,6
Mandera,2019-06-01,2019,2,2.0,False,2,0.081985645,0.8260113,0.09200311,1363,2,6
Marsabit,2019-06-01,2019,3,2.0,True,2,0.0940497,0.58377945,0.32217088,1363,2,6
Meru,2019-06-01,2019,1,1.0,False,2,0.43614075,0.5041764,0.05968282,1363,1,6
Migori,2019-06-01,2019,1,1.0,False,1,0.8359374,0.104530625,0.059532024,1363,1,6
Mombasa,2019-06-01,2019,1,1.0,False,1,0.83679026,0.10704269,0.056167062,1363,1,6
Murang'a,2019-06-01,2019,1,1.0,False,1,0.9220497,0.040279847,0.037670474,1363,1,6
Nairobi,2019-06-01,2019,1,1.0,False,1,0.84287137,0.098964736,0.058163885,1363,1,6
Nakuru,2019-06-01,2019,1,1.0,False,1,0.8415157,0.10050884,0.057975493,1363,1,6
Nandi,2019-06-01,2019,1,1.0,False,1,0.9220497,0.040279847,0.037670474,1363,1,6
Narok,2019-06-01,2019,1,1.0,False,2,0.29991058,0.62753356,0.07255584,1363,1,6
Nyamira,2019-06-01,2019,1,1.0,False,1,0.9209174,0.040864926,0.038217653,1363,1,6
Nyandarua,2019-06-01,2019,1,1.0,False,1,0.8620581,0.088595815,0.049346093,1363,1,6
Nyeri,2019-06-01,2019,2,2.0,False,1,0.9220497,0.040279847,0.037670474,1363,2,6
Samburu,2019-06-01,2019,2,2.0,True,2,0.074762695,0.8235666,0.10167069,1363,2,6
Siaya,2019-06-01,2019,1,1.0,False,1,0.92080194,0.04023826,0.038959805,1363,1,6
Taita Taveta,2019-06-01,2019,2,2.0,False,2,0.30805612,0.63223165,0.05971223,1363,2,6
Tana River,2019-06-01,2019,2,2.0,False,2,0.07332575,0.80153424,0.12513998,1363,2,6
Tharaka-Nithi,2019-06-01,2019,2,2.0,False,2,0.26888752,0.62224704,0.10886542,1363,2,6
Trans Nzoia,2019-06-01,2019,1,1.0,False,1,0.91823375,0.040575955,0.041190308,1363,1,6
Turkana,2019-06-01,2019,3,2.0,True,2,0.07624997,0.71009564,0.21365434,1363,2,6
Uasin Gishu,2019-06-01,2019,1,1.0,False,1,0.85292035,0.094697304,0.052382372,1363,1,6
Vihiga,2019-06-01,2019,1,1.0,False,1,0.9220266,0.04029178,0.03768163,1363,1,6
Wajir,2019-06-01,2019,3,2.0,True,2,0.09891049,0.7623828,0.13870671,1363,2,6
West Pokot,2019-06-01,2019,2,2.0,False,2,0.13782881,0.7102541,0.15191707,1363,2,6
Baringo,2019-10-01,2019,1,3.0,True,3,0.16804753,0.33504125,0.49691123,1363,3,6
Bomet,2019-10-01,2019,1,1.0,False,1,0.9130486,0.042158727,0.04479258,1363,1,6
Bungoma,2019-10-01,2019,1,1.0,False,1,0.8826207,0.04075376,0.07662552,1363,1,6
Busia,2019-10-01,2019,1,1.0,False,1,0.90019506,0.040661138,0.059143808,1363,1,6
Elgeyo-Marakwet,2019-10-01,2019,1,1.0,False,1,0.72323686,0.12411168,0.1526515,1363,1,6
Embu,2019-10-01,2019,2,2.0,False,2,0.20268004,0.55140764,0.24591231,1363,2,6
Garissa,2019-10-01,2019,3,2.0,False,3,0.07611615,0.28442487,0.63945895,1363,2,6
Homa Bay,2019-10-01,2019,1,1.0,False,1,0.9025397,0.041237403,0.0562229,1363,1,6
Isiolo,2019-10-01,2019,3,2.0,False,3,0.06528615,0.13611753,0.7985963,1363,2,6
Kajiado,2019-10-01,2019,2,2.0,False,2,0.16408464,0.5042526,0.33166274,1363,2,6
Kakamega,2019-10-01,2019,1,1.0,False,1,0.88548636,0.040873438,0.07364024,1363,1,6
Kericho,2019-10-01,2019,1,1.0,False,1,0.866666,0.041345228,0.09198868,1363,1,6
Kiambu,2019-10-01,2019,1,1.0,False,1,0.7225631,0.13166183,0.14577506,1363,1,6
Kilifi,2019-10-01,2019,2,2.0,False,2,0.138015,0.59346026,0.26852474,1363,2,6
Kirinyaga,2019-10-01,2019,1,1.0,False,1,0.9146182,0.041098766,0.044283036,1363,1,6
Kisii,2019-10-01,2019,1,1.0,False,1,0.9184528,0.04149867,0.040048473,1363,1,6
Kisumu,2019-10-01,2019,1,1.0,False,1,0.9001962,0.04261943,0.057184413,1363,1,6
Kitui,2019-10-01,2019,3,2.0,False,3,0.08818866,0.27957067,0.63224065,1363,2,6
Kwale,2019-10-01,2019,2,2.0,False,2,0.15318662,0.73762953,0.10918386,1363,2,6
Laikipia,2019-10-01,2019,2,2.0,False,3,0.12339129,0.29858387,0.57802486,1363,2,6
Lamu,2019-10-01,2019,3,2.0,False,2,0.17783813,0.4850794,0.3370825,1363,2,6
Machakos,2019-10-01,2019,1,1.0,False,2,0.2652128,0.4717418,0.26304543,1363,1,6
Makueni,2019-10-01,2019,3,2.0,False,2,0.08311455,0.5347973,0.38208815,1363,2,6
Mandera,2019-10-01,2019,3,2.0,False,3,0.07376641,0.22198547,0.70424813,1363,2,6
Marsabit,2019-10-01,2019,3,3.0,True,3,0.060661577,0.15587322,0.7834652,1363,3,6
Meru,2019-10-01,2019,2,1.0,False,1,0.5129785,0.38658288,0.10043862,1363,1,6
Migori,2019-10-01,2019,1,1.0,False,1,0.7384201,0.1486416,0.11293825,1363,1,6
Mombasa,2019-10-01,2019,1,1.0,False,1,0.7805714,0.09190745,0.12752117,1363,1,6
Murang'a,2019-10-01,2019,1,1.0,False,1,0.9089026,0.041067157,0.05003025,1363,1,6
Nairobi,2019-10-01,2019,1,1.0,False,1,0.78948975,0.09701827,0.11349202,1363,1,6
Nakuru,2019-10-01,2019,1,1.0,False,1,0.7808364,0.09214088,0.1270227,1363,1,6
Nandi,2019-10-01,2019,1,1.0,False,1,0.8943429,0.042665582,0.06299158,1363,1,6
Narok,2019-10-01,2019,2,1.0,False,2,0.2111819,0.4124309,0.37638718,1363,1,6
Nyamira,2019-10-01,2019,1,1.0,False,1,0.91363037,0.041931883,0.044437777,1363,1,6
Nyandarua,2019-10-01,2019,1,1.0,False,1,0.8101699,0.10230151,0.08752864,1363,1,6
Nyeri,2019-10-01,2019,1,2.0,False,1,0.9098385,0.041109446,0.04905205,1363,2,6
Samburu,2019-10-01,2019,3,2.0,True,3,0.058260486,0.4695991,0.47214043,1363,2,6
Siaya,2019-10-01,2019,1,1.0,False,1,0.90234417,0.04122847,0.05642744,1363,1,6
Taita Taveta,2019-10-01,2019,2,2.0,False,2,0.2019491,0.6541214,0.14392947,1363,2,6
Tana River,2019-10-01,2019,3,2.0,False,3,0.079651594,0.34367436,0.5766741,1363,2,6
Tharaka-Nithi,2019-10-01,2019,3,2.0,False,2,0.18708149,0.4723876,0.34053087,1363,2,6
Trans Nzoia,2019-10-01,2019,1,1.0,False,1,0.8646296,0.03992305,0.09544737,1363,1,6
Turkana,2019-10-01,2019,3,3.0,True,2,0.07635893,0.5740501,0.349591,1363,3,6
Uasin Gishu,2019-10-01,2019,1,1.0,False,1,0.79696923,0.09673397,0.106296845,1363,1,6
Vihiga,2019-10-01,2019,1,1.0,False,1,0.9166108,0.04005511,0.043334164,1363,1,6
Wajir,2019-10-01,2019,3,3.0,True,3,0.0596938,0.17887637,0.76142985,1363,3,6
West Pokot,2019-10-01,2019,2,2.0,False,3,0.096116975,0.13407072,0.7698123,1363,2,6
Baringo,2020-02-01,2020,2,1.0,True,2,0.23574622,0.7095411,0.054712743,1504,1,6
Bomet,2020-02-01,2020,1,1.0,False,1,0.9788698,0.012182301,0.008947918,1504,1,6
Bungoma,2020-02-01,2020,1,1.0,False,1,0.97735506,0.013105598,0.0095393555,1504,1,6
Busia,2020-02-01,2020,1,1.0,False,1,0.978447,0.012467052,0.009085946,1504,1,6
Elgeyo-Marakwet,2020-02-01,2020,1,1.0,False,1,0.7986493,0.17512971,0.026220992,1504,1,6
Embu,2020-02-01,2020,1,2.0,False,2,0.34633908,0.55385625,0.09980463,1504,2,6
Garissa,2020-02-01,2020,2,3.0,False,3,0.035763863,0.33199537,0.6322408,1504,3,6
Homa Bay,2020-02-01,2020,1,1.0,False,1,0.97890556,0.012521772,0.008572691,1504,1,6
Isiolo,2020-02-01,2020,2,3.0,False,3,0.038605813,0.14865369,0.81274045,1504,3,6
Kajiado,2020-02-01,2020,2,2.0,False,3,0.11515232,0.37906522,0.5057825,1504,2,6
Kakamega,2020-02-01,2020,1,1.0,False,1,0.977001,0.013761034,0.009237898,1504,1,6
Kericho,2020-02-01,2020,1,1.0,False,1,0.9793258,0.012003132,0.008671018,1504,1,6
Kiambu,2020-02-01,2020,1,1.0,False,1,0.9330432,0.0455601,0.021396667,1504,1,6
Kilifi,2020-02-01,2020,2,2.0,False,2,0.14030483,0.7976413,0.062053956,1504,2,6
Kirinyaga,2020-02-01,2020,1,1.0,False,1,0.9789492,0.012189245,0.008861486,1504,1,6
Kisii,2020-02-01,2020,1,1.0,False,1,0.9788084,0.012303584,0.008888062,1504,1,6
Kisumu,2020-02-01,2020,1,1.0,False,1,0.97640413,0.013911488,0.0096843615,1504,1,6
Kitui,2020-02-01,2020,1,3.0,False,2,0.111741476,0.49379057,0.394468,1504,3,6
Kwale,2020-02-01,2020,2,2.0,False,2,0.23975861,0.7326075,0.027633872,1504,2,6
Laikipia,2020-02-01,2020,2,2.0,False,2,0.1524733,0.7966384,0.050888322,1504,2,6
Lamu,2020-02-01,2020,2,3.0,False,2,0.20635778,0.67634344,0.1172988,1504,3,6
Machakos,2020-02-01,2020,1,1.0,False,2,0.40607342,0.4815692,0.11235732,1504,1,6
Makueni,2020-02-01,2020,1,3.0,False,2,0.08767632,0.7144419,0.19788182,1504,3,6
Mandera,2020-02-01,2020,2,3.0,False,3,0.050610695,0.3239942,0.6253951,1504,3,6
Marsabit,2020-02-01,2020,2,3.0,True,3,0.036589738,0.28274867,0.68066156,1504,3,6
Meru,2020-02-01,2020,1,2.0,False,1,0.62506366,0.33653393,0.038402423,1504,2,6
Migori,2020-02-01,2020,1,1.0,False,1,0.95333225,0.03280818,0.013859556,1504,1,6
Mombasa,2020-02-01,2020,1,1.0,False,1,0.9260275,0.037493814,0.036478743,1504,1,6
Murang'a,2020-02-01,2020,1,1.0,False,1,0.9791364,0.011788915,0.009074723,1504,1,6
Nairobi,2020-02-01,2020,1,1.0,False,1,0.9485592,0.03387636,0.017564457,1504,1,6
Nakuru,2020-02-01,2020,1,1.0,False,1,0.9555588,0.030687604,0.013753552,1504,1,6
Nandi,2020-02-01,2020,1,1.0,False,1,0.9773552,0.013403576,0.009241247,1504,1,6
Narok,2020-02-01,2020,1,2.0,False,2,0.24291906,0.7114575,0.045623466,1504,2,6
Nyamira,2020-02-01,2020,1,1.0,False,1,0.978387,0.012454226,0.00915872,1504,1,6
Nyandarua,2020-02-01,2020,1,1.0,False,1,0.9465441,0.03757751,0.015878387,1504,1,6
Nyeri,2020-02-01,2020,1,1.0,False,1,0.9789829,0.012342548,0.008674541,1504,1,6
Samburu,2020-02-01,2020,2,3.0,True,2,0.054221522,0.7437206,0.2020579,1504,3,6
Siaya,2020-02-01,2020,1,1.0,False,1,0.9787819,0.012273321,0.008944755,1504,1,6
Taita Taveta,2020-02-01,2020,1,2.0,False,2,0.25675893,0.7118383,0.031402774,1504,2,6
Tana River,2020-02-01,2020,2,3.0,False,2,0.06330732,0.6367933,0.29989934,1504,3,6
Tharaka-Nithi,2020-02-01,2020,1,3.0,False,2,0.1734602,0.5561099,0.27042985,1504,3,6
Trans Nzoia,2020-02-01,2020,1,1.0,False,1,0.9794763,0.011785637,0.008738143,1504,1,6
Turkana,2020-02-01,2020,2,3.0,True,2,0.054466583,0.77971655,0.16581681,1504,3,6
Uasin Gishu,2020-02-01,2020,1,1.0,False,1,0.94979304,0.03542425,0.014782714,1504,1,6
Vihiga,2020-02-01,2020,1,1.0,False,1,0.97583747,0.014569423,0.009593178,1504,1,6
Wajir,2020-02-01,2020,2,3.0,True,3,0.03687731,0.29521844,0.66790426,1504,3,6
West Pokot,2020-02-01,2020,1,2.0,False,2,0.16374461,0.7702171,0.066038266,1504,2,6
Baringo,2020-06-01,2020,1,2.0,True,2,0.31133732,0.6602228,0.028439853,1504,2,6
Bomet,2020-06-01,2020,1,1.0,False,1,0.979225,0.012023417,0.008751666,1504,1,6
Bungoma,2020-06-01,2020,1,1.0,False,1,0.97924155,0.011787375,0.008971109,1504,1,6
Busia,2020-06-01,2020,1,1.0,False,1,0.97986364,0.011484863,0.008651493,1504,1,6
Elgeyo-Marakwet,2020-06-01,2020,1,1.0,False,1,0.8429435,0.13880216,0.018254375,1504,1,6
Embu,2020-06-01,2020,1,1.0,False,2,0.48133945,0.49014282,0.02851773,1504,1,6
Garissa,2020-06-01,2020,2,2.0,False,2,0.11940877,0.85342854,0.027162671,1504,2,6
Homa Bay,2020-06-01,2020,1,1.0,False,1,0.98019457,0.011363078,0.008442322,1504,1,6
Isiolo,2020-06-01,2020,2,2.0,False,2,0.11102401,0.8558805,0.033095516,1504,2,6
Kajiado,2020-06-01,2020,2,2.0,False,2,0.28332382,0.6884911,0.028185077,1504,2,6
Kakamega,2020-06-01,2020,1,1.0,False,1,0.9780611,0.012656977,0.009281943,1504,1,6
Kericho,2020-06-01,2020,1,1.0,False,1,0.9795758,0.011649035,0.008775167,1504,1,6
Kiambu,2020-06-01,2020,1,1.0,False,1,0.9402026,0.042278845,0.01751851,1504,1,6
Kilifi,2020-06-01,2020,2,2.0,False,2,0.41846472,0.55969775,0.021837521,1504,2,6
Kirinyaga,2020-06-01,2020,1,1.0,False,1,0.97835344,0.012531877,0.0091147,1504,1,6
Kisii,2020-06-01,2020,1,1.0,False,1,0.97951037,0.011922033,0.008567568,1504,1,6
Kisumu,2020-06-01,2020,1,1.0,False,1,0.9798747,0.011393345,0.00873197,1504,1,6
Kitui,2020-06-01,2020,1,1.0,False,2,0.29947796,0.6683605,0.03216162,1504,1,6
Kwale,2020-06-01,2020,2,2.0,False,2,0.357527,0.62021303,0.02225993,1504,2,6
Laikipia,2020-06-01,2020,1,2.0,False,2,0.20157048,0.77720296,0.021226523,1504,2,6
Lamu,2020-06-01,2020,2,2.0,False,2,0.27345893,0.7034205,0.023120582,1504,2,6
Machakos,2020-06-01,2020,1,1.0,False,2,0.44850683,0.5317707,0.01972245,1504,1,6
Makueni,2020-06-01,2020,1,1.0,False,2,0.17814954,0.78518784,0.036662582,1504,1,6
Mandera,2020-06-01,2020,2,2.0,False,2,0.10214388,0.8673739,0.030482223,1504,2,6
Marsabit,2020-06-01,2020,2,2.0,True,2,0.103224084,0.87130135,0.025474608,1504,2,6
Meru,2020-06-01,2020,1,1.0,False,1,0.62734383,0.35244423,0.020211875,1504,1,6
Migori,2020-06-01,2020,1,1.0,False,1,0.9543445,0.03262281,0.013032653,1504,1,6
Mombasa,2020-06-01,2020,2,1.0,False,1,0.9589156,0.029120728,0.011963712,1504,1,6
Murang'a,2020-06-01,2020,1,1.0,False,1,0.9786764,0.012372454,0.008951202,1504,1,6
Nairobi,2020-06-01,2020,2,1.0,False,1,0.95682085,0.030875795,0.012303374,1504,1,6
Nakuru,2020-06-01,2020,1,1.0,False,1,0.9578772,0.030133154,0.011989576,1504,1,6
Nandi,2020-06-01,2020,1,1.0,False,1,0.97835577,0.012603489,0.009040781,1504,1,6
Narok,2020-06-01,2020,1,1.0,False,2,0.3563628,0.62223154,0.021405688,1504,1,6
Nyamira,2020-06-01,2020,1,1.0,False,1,0.97985774,0.011285119,0.008857132,1504,1,6
Nyandarua,2020-06-01,2020,1,1.0,False,1,0.962935,0.02650446,0.010560582,1504,1,6
Nyeri,2020-06-01,2020,1,1.0,False,1,0.97900414,0.012265634,0.008730193,1504,1,6
Samburu,2020-06-01,2020,2,2.0,True,2,0.107126705,0.868686,0.024187326,1504,2,6
Siaya,2020-06-01,2020,1,1.0,False,1,0.97788846,0.012892405,0.0092191165,1504,1,6
Taita Taveta,2020-06-01,2020,1,1.0,False,2,0.43520698,0.54096663,0.023826366,1504,1,6
Tana River,2020-06-01,2020,2,2.0,False,2,0.115414664,0.8593166,0.025268812,1504,2,6
Tharaka-Nithi,2020-06-01,2020,1,1.0,False,2,0.47400808,0.49933314,0.026658803,1504,1,6
Trans Nzoia,2020-06-01,2020,1,1.0,False,1,0.979699,0.0113256695,0.0089753,1504,1,6
Turkana,2020-06-01,2020,2,2.0,True,2,0.1190739,0.8519397,0.028986422,1504,2,6
Uasin Gishu,2020-06-01,2020,1,1.0,False,1,0.9590184,0.029449202,0.011532413,1504,1,6
Vihiga,2020-06-01,2020,1,1.0,False,1,0.97976625,0.011514928,0.008718768,1504,1,6
Wajir,2020-06-01,2020,2,2.0,True,2,0.1276568,0.83773077,0.034612373,1504,2,6
West Pokot,2020-06-01,2020,1,1.0,False,2,0.21209952,0.7622083,0.025692191,1504,1,6
Baringo,2020-10-01,2020,1,1.0,True,2,0.24173096,0.72942436,0.028844643,1504,1,6
Bomet,2020-10-01,2020,1,1.0,False,1,0.9760324,0.014273985,0.009693618,1504,1,6
Bungoma,2020-10-01,2020,1,1.0,False,1,0.97712153,0.013567961,0.009310528,1504,1,6
Busia,2020-10-01,2020,1,1.0,False,1,0.97578883,0.014424855,0.009786238,1504,1,6
Elgeyo-Marakwet,2020-10-01,2020,1,1.0,False,1,0.8311118,0.14904533,0.019842878,1504,1,6
Embu,2020-10-01,2020,2,1.0,False,2,0.44634438,0.5265131,0.027142514,1504,1,6
Garissa,2020-10-01,2020,2,2.0,False,2,0.058164354,0.91735524,0.0244804,1504,2,6
Homa Bay,2020-10-01,2020,1,1.0,False,1,0.97636545,0.013981188,0.009653342,1504,1,6
Isiolo,2020-10-01,2020,2,2.0,False,2,0.041674048,0.9187828,0.039543137,1504,2,6
Kajiado,2020-10-01,2020,2,2.0,False,2,0.23200242,0.7403266,0.027671002,1504,2,6
Kakamega,2020-10-01,2020,1,1.0,False,1,0.9767702,0.013563083,0.009666757,1504,1,6
Kericho,2020-10-01,2020,1,1.0,False,1,0.97703844,0.013569609,0.009391938,1504,1,6
Kiambu,2020-10-01,2020,1,1.0,False,1,0.9341109,0.047697566,0.01819151,1504,1,6
Kilifi,2020-10-01,2020,2,2.0,False,2,0.33597535,0.64028883,0.02373585,1504,2,6
Kirinyaga,2020-10-01,2020,1,1.0,False,1,0.97558165,0.01456821,0.00985015,1504,1,6
Kisii,2020-10-01,2020,1,1.0,False,1,0.9762868,0.013941239,0.009771932,1504,1,6
Kisumu,2020-10-01,2020,1,1.0,False,1,0.97690296,0.013648519,0.009448505,1504,1,6
Kitui,2020-10-01,2020,2,1.0,False,2,0.24859874,0.7194855,0.031915743,1504,1,6
Kwale,2020-10-01,2020,2,2.0,False,2,0.3229811,0.6556184,0.021400461,1504,2,6
Laikipia,2020-10-01,2020,2,1.0,False,2,0.17909113,0.8003744,0.020534497,1504,1,6
Lamu,2020-10-01,2020,2,2.0,False,2,0.25215435,0.7261742,0.021671446,1504,2,6
Machakos,2020-10-01,2020,1,1.0,False,2,0.44052374,0.53966665,0.019809604,1504,1,6
Makueni,2020-10-01,2020,2,1.0,False,2,0.13625422,0.8227871,0.040958688,1504,1,6
Mandera,2020-10-01,2020,2,2.0,False,2,0.057903316,0.9059024,0.036194284,1504,2,6
Marsabit,2020-10-01,2020,2,2.0,True,2,0.046419226,0.9176487,0.035932075,1504,2,6
Meru,2020-10-01,2020,2,1.0,False,1,0.6109233,0.36893964,0.020137046,1504,1,6
Migori,2020-10-01,2020,1,1.0,False,1,0.9481771,0.03782826,0.013994625,1504,1,6
Mombasa,2020-10-01,2020,1,2.0,False,1,0.9543387,0.033102497,0.012558729,1504,2,6
Murang'a,2020-10-01,2020,1,1.0,False,1,0.9760793,0.0140450755,0.009875586,1504,1,6
Nairobi,2020-10-01,2020,1,2.0,False,1,0.95669097,0.03070587,0.012603205,1504,2,6
Nakuru,2020-10-01,2020,1,1.0,False,1,0.95553845,0.03204883,0.012412775,1504,1,6
Nandi,2020-10-01,2020,1,1.0,False,1,0.97660327,0.01390217,0.009494593,1504,1,6
Narok,2020-10-01,2020,2,1.0,False,2,0.34267986,0.6345038,0.022816379,1504,1,6
Nyamira,2020-10-01,2020,1,1.0,False,1,0.9761503,0.013924992,0.009924693,1504,1,6
Nyandarua,2020-10-01,2020,1,1.0,False,1,0.9544382,0.033398338,0.012163488,1504,1,6
Nyeri,2020-10-01,2020,1,1.0,False,1,0.9765895,0.013745534,0.009664969,1504,1,6
Samburu,2020-10-01,2020,2,2.0,True,2,0.068194136,0.90685135,0.024954524,1504,2,6
Siaya,2020-10-01,2020,1,1.0,False,1,0.97644264,0.014065239,0.009492126,1504,1,6
Taita Taveta,2020-10-01,2020,2,1.0,False,2,0.39858633,0.5783926,0.02302104,1504,1,6
Tana River,2020-10-01,2020,2,2.0,False,2,0.087273315,0.8885814,0.024145296,1504,2,6
Tharaka-Nithi,2020-10-01,2020,2,1.0,False,2,0.39784828,0.57714593,0.02500576,1504,1,6
Trans Nzoia,2020-10-01,2020,1,1.0,False,1,0.97642744,0.013864853,0.00970777,1504,1,6
Turkana,2020-10-01,2020,2,2.0,True,2,0.08725254,0.8832006,0.02954694,1504,2,6
Uasin Gishu,2020-10-01,2020,1,1.0,False,1,0.95504826,0.032851096,0.012100674,1504,1,6
Vihiga,2020-10-01,2020,1,1.0,False,1,0.97628605,0.014051937,0.009661965,1504,1,6
Wajir,2020-10-01,2020,2,2.0,True,2,0.04677007,0.9211903,0.032039538,1504,2,6
West Pokot,2020-10-01,2020,2,1.0,False,2,0.15474345,0.8205918,0.024664775,1504,1,6
Baringo,2021-02-01,2021,2,1.0,True,2,0.25753,0.72162426,0.020845698,1645,1,6
Bomet,2021-02-01,2021,1,1.0,False,1,0.98813385,0.0070797363,0.0047863848,1645,1,6
Bungoma,2021-02-01,2021,1,1.0,False,1,0.9850205,0.007789843,0.007189628,1645,1,6
Busia,2021-02-01,2021,1,1.0,False,1,0.9849125,0.008657159,0.006430332,1645,1,6
Elgeyo-Marakwet,2021-02-01,2021,1,1.0,False,1,0.788081,0.19175716,0.020161897,1645,1,6
Embu,2021-02-01,2021,2,2.0,False,2,0.32191396,0.6615079,0.016578129,1645,2,6
Garissa,2021-02-01,2021,2,2.0,False,2,0.037252456,0.945005,0.01774253,1645,2,6
Homa Bay,2021-02-01,2021,1,1.0,False,1,0.98841643,0.0075808945,0.004002745,1645,1,6
Isiolo,2021-02-01,2021,3,2.0,False,2,0.032886762,0.9392684,0.027844854,1645,2,6
Kajiado,2021-02-01,2021,2,2.0,False,2,0.172425,0.80457395,0.023001043,1645,2,6
Kakamega,2021-02-01,2021,1,1.0,False,1,0.985495,0.008034661,0.006470335,1645,1,6
Kericho,2021-02-01,2021,1,1.0,False,1,0.9861957,0.007656015,0.0061482913,1645,1,6
Kiambu,2021-02-01,2021,1,1.0,False,1,0.94352967,0.041675176,0.014795138,1645,1,6
Kilifi,2021-02-01,2021,2,2.0,False,2,0.15873799,0.82272726,0.018534677,1645,2,6
Kirinyaga,2021-02-01,2021,1,1.0,False,1,0.98505616,0.010140132,0.004803743,1645,1,6
Kisii,2021-02-01,2021,1,1.0,False,1,0.98630005,0.0078003556,0.005899672,1645,1,6
Kisumu,2021-02-01,2021,1,1.0,False,1,0.9879068,0.00817617,0.0039170687,1645,1,6
Kitui,2021-02-01,2021,2,2.0,False,2,0.11782049,0.8636996,0.018479887,1645,2,6
Kwale,2021-02-01,2021,2,2.0,False,2,0.1484865,0.83660036,0.0149131175,1645,2,6
Laikipia,2021-02-01,2021,2,2.0,False,2,0.15881042,0.827941,0.013248539,1645,2,6
Lamu,2021-02-01,2021,2,2.0,False,2,0.2002128,0.75810456,0.04168261,1645,2,6
Machakos,2021-02-01,2021,1,1.0,False,2,0.29785663,0.6868417,0.015301617,1645,1,6
Makueni,2021-02-01,2021,2,2.0,False,2,0.06020247,0.89995235,0.039845172,1645,2,6
Mandera,2021-02-01,2021,2,2.0,False,2,0.042132918,0.9323176,0.025549497,1645,2,6
Marsabit,2021-02-01,2021,3,2.0,True,2,0.03516497,0.9404983,0.024336739,1645,2,6
Meru,2021-02-01,2021,2,2.0,False,1,0.5844883,0.4022113,0.013300398,1645,2,6
Migori,2021-02-01,2021,1,1.0,False,1,0.9570384,0.033342604,0.00961898,1645,1,6
Mombasa,2021-02-01,2021,1,1.0,False,1,0.9708481,0.018022995,0.011128895,1645,1,6
Murang'a,2021-02-01,2021,1,1.0,False,1,0.9841472,0.010399797,0.005453055,1645,1,6
Nairobi,2021-02-01,2021,1,1.0,False,1,0.96823084,0.02222626,0.009542889,1645,1,6
Nakuru,2021-02-01,2021,1,1.0,False,1,0.97532177,0.019526144,0.005152069,1645,1,6
Nandi,2021-02-01,2021,1,1.0,False,1,0.983642,0.009443809,0.006914251,1645,1,6
Narok,2021-02-01,2021,2,2.0,False,2,0.35147727,0.6322255,0.016297232,1645,2,6
Nyamira,2021-02-01,2021,1,1.0,False,1,0.98694974,0.008257232,0.0047930293,1645,1,6
Nyandarua,2021-02-01,2021,1,1.0,False,1,0.9703841,0.021980012,0.007635836,1645,1,6
Nyeri,2021-02-01,2021,2,1.0,False,1,0.78047,0.20689614,0.012633881,1645,1,6
Samburu,2021-02-01,2021,2,2.0,True,2,0.04757009,0.9358504,0.016579596,1645,2,6
Siaya,2021-02-01,2021,1,1.0,False,1,0.98603153,0.008354617,0.0056138677,1645,1,6
Taita Taveta,2021-02-01,2021,1,2.0,False,2,0.22001232,0.76504505,0.014942592,1645,2,6
Tana River,2021-02-01,2021,2,2.0,False,2,0.042358514,0.94423276,0.013408732,1645,2,6
Tharaka-Nithi,2021-02-01,2021,2,2.0,False,2,0.29325092,0.6840437,0.022705415,1645,2,6
Trans Nzoia,2021-02-01,2021,1,1.0,False,1,0.98037463,0.010753819,0.00887158,1645,1,6
Turkana,2021-02-01,2021,3,2.0,True,2,0.049946785,0.92970055,0.020352688,1645,2,6
Uasin Gishu,2021-02-01,2021,1,1.0,False,1,0.9645027,0.025277913,0.010219396,1645,1,6
Vihiga,2021-02-01,2021,1,1.0,False,1,0.9857712,0.009477609,0.0047511877,1645,1,6
Wajir,2021-02-01,2021,2,2.0,True,2,0.060932364,0.88759875,0.051468864,1645,2,6
West Pokot,2021-02-01,2021,2,2.0,False,2,0.15443283,0.8258428,0.019724388,1645,2,6
Baringo,2021-06-01,2021,2,2.0,True,2,0.30417132,0.6779156,0.017913124,1645,2,6
Bomet,2021-06-01,2021,1,1.0,False,1,0.9869441,0.008950075,0.0041058185,1645,1,6
Bungoma,2021-06-01,2021,1,1.0,False,1,0.98833686,0.0077895033,0.0038736635,1645,1,6
Busia,2021-06-01,2021,1,1.0,False,1,0.98921084,0.0071228305,0.0036663546,1645,1,6
Elgeyo-Marakwet,2021-06-01,2021,1,1.0,False,1,0.86715925,0.12263583,0.010204938,1645,1,6
Embu,2021-06-01,2021,2,2.0,False,2,0.25289384,0.7057525,0.04135368,1645,2,6
Garissa,2021-06-01,2021,2,2.0,False,2,0.07340257,0.52581763,0.4007798,1645,2,6
Homa Bay,2021-06-01,2021,1,1.0,False,1,0.9868161,0.0088892,0.0042947233,1645,1,6
Isiolo,2021-06-01,2021,3,3.0,False,2,0.064474925,0.7023071,0.23321798,1645,3,6
Kajiado,2021-06-01,2021,2,2.0,False,2,0.114142075,0.8591297,0.026728155,1645,2,6
Kakamega,2021-06-01,2021,1,1.0,False,1,0.9862481,0.009328391,0.0044235275,1645,1,6
Kericho,2021-06-01,2021,1,1.0,False,1,0.986808,0.008987838,0.004204201,1645,1,6
Kiambu,2021-06-01,2021,1,1.0,False,1,0.96722054,0.024648273,0.008131242,1645,1,6
Kilifi,2021-06-01,2021,2,2.0,False,2,0.17314571,0.80081505,0.026039295,1645,2,6
Kirinyaga,2021-06-01,2021,1,1.0,False,1,0.9899859,0.0066130706,0.0034010746,1645,1,6
Kisii,2021-06-01,2021,1,1.0,False,1,0.98716253,0.008498866,0.004338582,1645,1,6
Kisumu,2021-06-01,2021,1,1.0,False,1,0.986285,0.009301659,0.0044133435,1645,1,6
Kitui,2021-06-01,2021,2,2.0,False,2,0.10248758,0.73959863,0.15791382,1645,2,6
Kwale,2021-06-01,2021,2,2.0,False,2,0.23289962,0.7532147,0.0138856275,1645,2,6
Laikipia,2021-06-01,2021,2,2.0,False,2,0.12625217,0.8552251,0.018522719,1645,2,6
Lamu,2021-06-01,2021,2,2.0,False,2,0.26565057,0.6225866,0.11176279,1645,2,6
Machakos,2021-06-01,2021,1,1.0,False,2,0.44570285,0.5060809,0.04821619,1645,1,6
Makueni,2021-06-01,2021,2,2.0,False,2,0.0747792,0.8800284,0.04519241,1645,2,6
Mandera,2021-06-01,2021,2,2.0,False,2,0.07307161,0.5316207,0.39530766,1645,2,6
Marsabit,2021-06-01,2021,3,3.0,True,2,0.06938495,0.48887444,0.4417407,1645,3,6
Meru,2021-06-01,2021,2,2.0,False,2,0.47497067,0.5105368,0.014492575,1645,2,6
Migori,2021-06-01,2021,1,1.0,False,1,0.97288966,0.020935064,0.006175255,1645,1,6
Mombasa,2021-06-01,2021,1,1.0,False,1,0.97792995,0.015623721,0.006446282,1645,1,6
Murang'a,2021-06-01,2021,1,1.0,False,1,0.9894806,0.006913952,0.0036054633,1645,1,6
Nairobi,2021-06-01,2021,1,1.0,False,1,0.9734456,0.018755844,0.007798511,1645,1,6
Nakuru,2021-06-01,2021,1,1.0,False,1,0.9752442,0.019516788,0.005238963,1645,1,6
Nandi,2021-06-01,2021,1,1.0,False,1,0.9888442,0.007428078,0.0037276847,1645,1,6
Narok,2021-06-01,2021,2,2.0,False,2,0.34394434,0.64406365,0.011991951,1645,2,6
Nyamira,2021-06-01,2021,1,1.0,False,1,0.9864956,0.009200606,0.0043038004,1645,1,6
Nyandarua,2021-06-01,2021,1,1.0,False,1,0.9818141,0.013754501,0.00443138,1645,1,6
Nyeri,2021-06-01,2021,2,2.0,False,1,0.9272351,0.06651968,0.006245213,1645,2,6
Samburu,2021-06-01,2021,2,2.0,True,2,0.05162579,0.8801984,0.06817576,1645,2,6
Siaya,2021-06-01,2021,1,1.0,False,1,0.9889894,0.0072306613,0.0037799664,1645,1,6
Taita Taveta,2021-06-01,2021,2,1.0,False,2,0.2910098,0.69478506,0.014205203,1645,1,6
Tana River,2021-06-01,2021,2,2.0,False,2,0.054343574,0.8476817,0.097974725,1645,2,6
Tharaka-Nithi,2021-06-01,2021,2,2.0,False,2,0.26677716,0.6284928,0.10473011,1645,2,6
Trans Nzoia,2021-06-01,2021,1,1.0,False,1,0.9873241,0.008634563,0.0040413146,1645,1,6
Turkana,2021-06-01,2021,3,3.0,True,2,0.06966089,0.91025126,0.02008784,1645,3,6
Uasin Gishu,2021-06-01,2021,1,1.0,False,1,0.9794788,0.015495727,0.005025435,1645,1,6
Vihiga,2021-06-01,2021,1,1.0,False,1,0.98680776,0.008967699,0.004224551,1645,1,6
Wajir,2021-06-01,2021,2,2.0,True,3,0.05800424,0.4365101,0.50548565,1645,2,6
West Pokot,2021-06-01,2021,2,2.0,False,2,0.17582281,0.81059974,0.013577457,1645,2,6
Baringo,2021-10-01,2021,2,2.0,True,3,0.14536631,0.25085682,0.6037769,1645,2,6
Bomet,2021-10-01,2021,1,1.0,False,1,0.98630255,0.0095311785,0.0041661994,1645,1,6
Bungoma,2021-10-01,2021,1,1.0,False,1,0.9898689,0.0067587118,0.0033724888,1645,1,6
Busia,2021-10-01,2021,1,1.0,False,1,0.987862,0.008098737,0.004039319,1645,1,6
Elgeyo-Marakwet,2021-10-01,2021,1,1.0,False,1,0.8790841,0.100475535,0.020440344,1645,1,6
Embu,2021-10-01,2021,2,2.0,False,2,0.34920916,0.5988889,0.051901963,1645,2,6
Garissa,2021-10-01,2021,3,2.0,False,3,0.02039341,0.15901724,0.8205893,1645,2,6
Homa Bay,2021-10-01,2021,1,1.0,False,1,0.987993,0.007793004,0.004213969,1645,1,6
Isiolo,2021-10-01,2021,3,3.0,False,3,0.0099998675,0.039352108,0.95064807,1645,3,6
Kajiado,2021-10-01,2021,2,2.0,False,2,0.19508319,0.6826073,0.122309506,1645,2,6
Kakamega,2021-10-01,2021,1,1.0,False,1,0.98924553,0.0071409205,0.003613554,1645,1,6
Kericho,2021-10-01,2021,1,1.0,False,1,0.98725265,0.008872962,0.0038743897,1645,1,6
Kiambu,2021-10-01,2021,1,1.0,False,1,0.95884335,0.026209744,0.014946927,1645,1,6
Kilifi,2021-10-01,2021,2,2.0,False,2,0.057350013,0.833164,0.109486006,1645,2,6
Kirinyaga,2021-10-01,2021,1,1.0,False,1,0.9864912,0.0079964865,0.005512282,1645,1,6
Kisii,2021-10-01,2021,1,1.0,False,1,0.9869076,0.008775704,0.004316664,1645,1,6
Kisumu,2021-10-01,2021,1,1.0,False,1,0.9880894,0.007948203,0.003962379,1645,1,6
Kitui,2021-10-01,2021,2,2.0,False,3,0.041183606,0.3587008,0.60011554,1645,2,6
Kwale,2021-10-01,2021,2,2.0,False,2,0.16577047,0.81494856,0.019280907,1645,2,6
Laikipia,2021-10-01,2021,2,2.0,False,3,0.12644246,0.3853287,0.48822877,1645,2,6
Lamu,2021-10-01,2021,2,2.0,False,3,0.072332695,0.2019195,0.72574776,1645,2,6
Machakos,2021-10-01,2021,1,1.0,False,2,0.37204972,0.4983011,0.12964916,1645,1,6
Makueni,2021-10-01,2021,2,2.0,False,2,0.052831072,0.5962275,0.35094142,1645,2,6
Mandera,2021-10-01,2021,3,2.0,False,2,0.024276497,0.8564406,0.11928292,1645,2,6
Marsabit,2021-10-01,2021,3,3.0,True,3,0.012891452,0.03762336,0.94948524,1645,3,6
Meru,2021-10-01,2021,1,2.0,False,1,0.5647432,0.40878847,0.026468294,1645,2,6
Migori,2021-10-01,2021,1,1.0,False,1,0.9690304,0.02319068,0.0077789584,1645,1,6
Mombasa,2021-10-01,2021,1,1.0,False,1,0.945931,0.028205818,0.025863132,1645,1,6
Murang'a,2021-10-01,2021,1,1.0,False,1,0.98728716,0.0075676707,0.005145189,1645,1,6
Nairobi,2021-10-01,2021,1,1.0,False,1,0.97350115,0.016641868,0.009856995,1645,1,6
Nakuru,2021-10-01,2021,1,1.0,False,1,0.97329354,0.017684495,0.009021965,1645,1,6
Nandi,2021-10-01,2021,1,1.0,False,1,0.9873949,0.008761296,0.0038437922,1645,1,6
Narok,2021-10-01,2021,2,2.0,False,2,0.35263324,0.6266309,0.02073592,1645,2,6
Nyamira,2021-10-01,2021,1,1.0,False,1,0.98646325,0.009013234,0.0045235604,1645,1,6
Nyandarua,2021-10-01,2021,1,1.0,False,1,0.97373533,0.017541397,0.0087232385,1645,1,6
Nyeri,2021-10-01,2021,2,2.0,False,1,0.90263724,0.087683685,0.0096790595,1645,2,6
Samburu,2021-10-01,2021,3,2.0,True,3,0.027924411,0.13056536,0.84151024,1645,2,6
Siaya,2021-10-01,2021,1,1.0,False,1,0.9887683,0.0074503724,0.0037814341,1645,1,6
Taita Taveta,2021-10-01,2021,2,2.0,False,2,0.19342496,0.7758789,0.030696103,1645,2,6
Tana River,2021-10-01,2021,3,2.0,False,3,0.021824222,0.19580072,0.78237504,1645,2,6
Tharaka-Nithi,2021-10-01,2021,2,2.0,False,2,0.17681824,0.65058756,0.1725942,1645,2,6
Trans Nzoia,2021-10-01,2021,1,1.0,False,1,0.9878264,0.007848556,0.004325073,1645,1,6
Turkana,2021-10-01,2021,3,3.0,True,3,0.016955707,0.20789836,0.7751459,1645,3,6
Uasin Gishu,2021-10-01,2021,1,1.0,False,1,0.97457933,0.018224508,0.0071960893,1645,1,6
Vihiga,2021-10-01,2021,1,1.0,False,1,0.9879395,0.008171924,0.0038885828,1645,1,6
Wajir,2021-10-01,2021,3,2.0,True,3,0.017588431,0.15119003,0.8312215,1645,2,6
West Pokot,2021-10-01,2021,2,2.0,False,3,0.114828944,0.39993033,0.48524067,1645,2,6
Baringo,2022-02-01,2022,3,2.0,True,2,0.3037525,0.5821389,0.11410864,1786,2,6
Bomet,2022-02-01,2022,1,1.0,False,1,0.99228,0.005427751,0.0022922426,1786,1,6
Bungoma,2022-02-01,2022,1,1.0,False,1,0.9902596,0.005535265,0.004205139,1786,1,6
Busia,2022-02-01,2022,1,1.0,False,1,0.98960274,0.0066618496,0.0037354568,1786,1,6
Elgeyo-Marakwet,2022-02-01,2022,1,1.0,False,1,0.90582305,0.08300461,0.011172303,1786,1,6
Embu,2022-02-01,2022,2,2.0,False,2,0.32501268,0.62739277,0.04759448,1786,2,6
Garissa,2022-02-01,2022,3,3.0,False,3,0.01569485,0.17815214,0.806153,1786,3,6
Homa Bay,2022-02-01,2022,1,1.0,False,1,0.99098396,0.0055326857,0.0034833816,1786,1,6
Isiolo,2022-02-01,2022,3,3.0,False,3,0.013825946,0.082950376,0.9032237,1786,3,6
Kajiado,2022-02-01,2022,2,2.0,False,2,0.16585027,0.6720159,0.16213378,1786,2,6
Kakamega,2022-02-01,2022,1,1.0,False,1,0.99282324,0.004330351,0.0028463502,1786,1,6
Kericho,2022-02-01,2022,1,1.0,False,1,0.9917589,0.005567875,0.0026732134,1786,1,6
Kiambu,2022-02-01,2022,1,1.0,False,1,0.97481096,0.017294854,0.007894218,1786,1,6
Kilifi,2022-02-01,2022,2,2.0,False,2,0.074583486,0.6425847,0.28283185,1786,2,6
Kirinyaga,2022-02-01,2022,1,1.0,False,1,0.9907703,0.0057431953,0.0034865781,1786,1,6
Kisii,2022-02-01,2022,1,1.0,False,1,0.9925724,0.004729521,0.0026980657,1786,1,6
Kisumu,2022-02-01,2022,1,1.0,False,1,0.99244034,0.0047064256,0.0028532739,1786,1,6
Kitui,2022-02-01,2022,3,2.0,False,2,0.21052057,0.6404448,0.14903462,1786,2,6
Kwale,2022-02-01,2022,2,2.0,False,2,0.05964688,0.90991884,0.030434256,1786,2,6
Laikipia,2022-02-01,2022,2,2.0,False,2,0.14033015,0.6803784,0.17929144,1786,2,6
Lamu,2022-02-01,2022,2,2.0,False,3,0.07778928,0.30823293,0.6139778,1786,2,6
Machakos,2022-02-01,2022,1,1.0,False,1,0.53269494,0.42271072,0.04459432,1786,1,6
Makueni,2022-02-01,2022,3,2.0,False,2,0.11442713,0.77588403,0.10968887,1786,2,6
Mandera,2022-02-01,2022,3,3.0,False,3,0.03355132,0.3057436,0.66070503,1786,3,6
Marsabit,2022-02-01,2022,3,3.0,True,3,0.014699602,0.15645744,0.828843,1786,3,6
Meru,2022-02-01,2022,1,1.0,False,1,0.58429474,0.38728246,0.028422767,1786,1,6
Migori,2022-02-01,2022,1,1.0,False,1,0.9777925,0.016555013,0.0056525073,1786,1,6
Mombasa,2022-02-01,2022,1,1.0,False,1,0.9146719,0.03899294,0.046335164,1786,1,6
Murang'a,2022-02-01,2022,1,1.0,False,1,0.9907176,0.006043978,0.0032384202,1786,1,6
Nairobi,2022-02-01,2022,1,1.0,False,1,0.94502956,0.04689426,0.008076161,1786,1,6
Nakuru,2022-02-01,2022,1,1.0,False,1,0.9834462,0.012682079,0.0038717184,1786,1,6
Nandi,2022-02-01,2022,1,1.0,False,1,0.9911903,0.005955334,0.0028544003,1786,1,6
Narok,2022-02-01,2022,1,2.0,False,2,0.3995432,0.5718446,0.028612195,1786,2,6
Nyamira,2022-02-01,2022,1,1.0,False,1,0.9931577,0.00438298,0.0024593137,1786,1,6
Nyandarua,2022-02-01,2022,1,1.0,False,1,0.97902554,0.015570242,0.005404192,1786,1,6
Nyeri,2022-02-01,2022,2,2.0,False,1,0.9178374,0.07123431,0.010928315,1786,2,6
Samburu,2022-02-01,2022,3,3.0,True,3,0.017352002,0.34476966,0.63787836,1786,3,6
Siaya,2022-02-01,2022,1,1.0,False,1,0.99263036,0.004136971,0.0032326705,1786,1,6
Taita Taveta,2022-02-01,2022,2,2.0,False,2,0.19996694,0.7819872,0.018045893,1786,2,6
Tana River,2022-02-01,2022,3,3.0,False,2,0.021963678,0.7812921,0.19674426,1786,3,6
Tharaka-Nithi,2022-02-01,2022,2,2.0,False,2,0.23295994,0.6214238,0.14561626,1786,2,6
Trans Nzoia,2022-02-01,2022,1,1.0,False,1,0.9909444,0.005431675,0.0036239459,1786,1,6
Turkana,2022-02-01,2022,3,3.0,True,3,0.026059775,0.45164037,0.5222999,1786,3,6
Uasin Gishu,2022-02-01,2022,1,1.0,False,1,0.9823465,0.01265298,0.005000625,1786,1,6
Vihiga,2022-02-01,2022,1,1.0,False,1,0.9923245,0.00519285,0.0024827258,1786,1,6
Wajir,2022-02-01,2022,3,3.0,True,3,0.013961328,0.17945366,0.8065851,1786,3,6
West Pokot,2022-02-01,2022,2,2.0,False,2,0.17187724,0.4149303,0.41319248,1786,2,6
Baringo,2022-06-01,2022,3,3.0,True,2,0.26347682,0.5521462,0.18437697,1786,3,6
Bomet,2022-06-01,2022,1,1.0,False,1,0.99295104,0.0041561374,0.0028928479,1786,1,6
Bungoma,2022-06-01,2022,1,1.0,False,1,0.9929396,0.0043151546,0.0027451965,1786,1,6
Busia,2022-06-01,2022,1,1.0,False,1,0.9922145,0.0040022423,0.0037832065,1786,1,6
Elgeyo-Marakwet,2022-06-01,2022,1,1.0,False,1,0.89665365,0.094266556,0.009079782,1786,1,6
Embu,2022-06-01,2022,2,2.0,False,2,0.2553754,0.704131,0.040493578,1786,2,6
Garissa,2022-06-01,2022,3,3.0,False,2,0.022954386,0.9196216,0.057424013,1786,3,6
Homa Bay,2022-06-01,2022,1,1.0,False,1,0.9926151,0.004466508,0.0029183691,1786,1,6
Isiolo,2022-06-01,2022,3,3.0,False,3,0.030259343,0.26951635,0.70022434,1786,3,6
Kajiado,2022-06-01,2022,2,2.0,False,2,0.08593235,0.8631407,0.05092695,1786,2,6
Kakamega,2022-06-01,2022,1,1.0,False,1,0.9926664,0.0043757595,0.0029578493,1786,1,6
Kericho,2022-06-01,2022,1,1.0,False,1,0.9934449,0.0038225614,0.002732544,1786,1,6
Kiambu,2022-06-01,2022,1,1.0,False,1,0.9730042,0.018806765,0.008188974,1786,1,6
Kilifi,2022-06-01,2022,2,2.0,False,2,0.102157615,0.833099,0.0647434,1786,2,6
Kirinyaga,2022-06-01,2022,1,1.0,False,1,0.98973686,0.006821383,0.0034417568,1786,1,6
Kisii,2022-06-01,2022,1,1.0,False,1,0.992851,0.0045918613,0.0025570993,1786,1,6
Kisumu,2022-06-01,2022,1,1.0,False,1,0.9931015,0.0037275113,0.0031710097,1786,1,6
Kitui,2022-06-01,2022,3,3.0,False,2,0.08486333,0.85230905,0.06282759,1786,3,6
Kwale,2022-06-01,2022,2,2.0,False,2,0.07383809,0.90643656,0.019725312,1786,2,6
Laikipia,2022-06-01,2022,2,2.0,False,2,0.09032271,0.8328441,0.07683316,1786,2,6
Lamu,2022-06-01,2022,2,2.0,False,2,0.21357788,0.7569312,0.029490953,1786,2,6
Machakos,2022-06-01,2022,1,1.0,False,2,0.481347,0.48241776,0.03623521,1786,1,6
Makueni,2022-06-01,2022,3,3.0,False,2,0.07409719,0.87328225,0.052620523,1786,3,6
Mandera,2022-06-01,2022,3,3.0,False,3,0.02176812,0.1782703,0.79996157,1786,3,6
Marsabit,2022-06-01,2022,3,3.0,True,3,0.014931186,0.10805594,0.87701285,1786,3,6
Meru,2022-06-01,2022,1,1.0,False,1,0.58046937,0.40496895,0.014561748,1786,1,6
Migori,2022-06-01,2022,1,1.0,False,1,0.97893274,0.01545046,0.005616771,1786,1,6
Mombasa,2022-06-01,2022,1,1.0,False,1,0.9375119,0.04203709,0.020451033,1786,1,6
Murang'a,2022-06-01,2022,1,1.0,False,1,0.9914357,0.00526717,0.0032970791,1786,1,6
Nairobi,2022-06-01,2022,1,1.0,False,1,0.94350725,0.04613508,0.010357627,1786,1,6
Nakuru,2022-06-01,2022,1,1.0,False,1,0.9758345,0.018586569,0.0055789584,1786,1,6
Nandi,2022-06-01,2022,1,1.0,False,1,0.99228317,0.004826731,0.0028900723,1786,1,6
Narok,2022-06-01,2022,1,1.0,False,2,0.23733744,0.7311098,0.03155281,1786,1,6
Nyamira,2022-06-01,2022,1,1.0,False,1,0.9921929,0.0047851657,0.0030219075,1786,1,6
Nyandarua,2022-06-01,2022,1,1.0,False,1,0.98041886,0.015169825,0.0044112555,1786,1,6
Nyeri,2022-06-01,2022,2,2.0,False,1,0.90901905,0.0826807,0.008300216,1786,2,6
Samburu,2022-06-01,2022,3,3.0,True,2,0.02136093,0.7299535,0.24868548,1786,3,6
Siaya,2022-06-01,2022,1,1.0,False,1,0.9923349,0.00438451,0.003280563,1786,1,6
Taita Taveta,2022-06-01,2022,2,2.0,False,2,0.18280894,0.8051292,0.012061899,1786,2,6
Tana River,2022-06-01,2022,3,3.0,False,2,0.023765448,0.9480346,0.02820002,1786,3,6
Tharaka-Nithi,2022-06-01,2022,3,2.0,False,2,0.28883672,0.66470355,0.04645973,1786,2,6
Trans Nzoia,2022-06-01,2022,1,1.0,False,1,0.9928947,0.004185452,0.0029197813,1786,1,6
Turkana,2022-06-01,2022,3,3.0,True,3,0.040024184,0.23999232,0.7199835,1786,3,6
Uasin Gishu,2022-06-01,2022,1,1.0,False,1,0.9794565,0.015534199,0.005009367,1786,1,6
Vihiga,2022-06-01,2022,1,1.0,False,1,0.9925373,0.0041906284,0.0032720855,1786,1,6
Wajir,2022-06-01,2022,3,3.0,True,3,0.02641089,0.4629887,0.5106004,1786,3,6
West Pokot,2022-06-01,2022,2,2.0,False,2,0.15259422,0.71252656,0.13487917,1786,2,6
Baringo,2022-10-01,2022,3,3.0,True,2,0.23750937,0.41544586,0.3470448,1786,3,6
Bomet,2022-10-01,2022,1,1.0,False,1,0.99292105,0.004965095,0.0021138552,1786,1,6
Bungoma,2022-10-01,2022,1,1.0,False,1,0.99199766,0.0046642856,0.003338091,1786,1,6
Busia,2022-10-01,2022,1,1.0,False,1,0.9923286,0.0042664013,0.0034050175,1786,1,6
Elgeyo-Marakwet,2022-10-01,2022,1,1.0,False,1,0.9184694,0.062192313,0.019338297,1786,1,6
Embu,2022-10-01,2022,2,2.0,False,2,0.2826141,0.6287144,0.088671505,1786,2,6
Garissa,2022-10-01,2022,3,3.0,False,3,0.033969037,0.0871516,0.87887937,1786,3,6
Homa Bay,2022-10-01,2022,1,1.0,False,1,0.99235815,0.0051357225,0.0025060896,1786,1,6
Isiolo,2022-10-01,2022,3,3.0,False,3,0.009327671,0.06514734,0.925525,1786,3,6
Kajiado,2022-10-01,2022,2,2.0,False,2,0.13482821,0.5886547,0.27651706,1786,2,6
Kakamega,2022-10-01,2022,1,1.0,False,1,0.9927148,0.004240287,0.0030449044,1786,1,6
Kericho,2022-10-01,2022,1,1.0,False,1,0.992814,0.004555849,0.0026302058,1786,1,6
Kiambu,2022-10-01,2022,1,1.0,False,1,0.968376,0.018475063,0.013148959,1786,1,6
Kilifi,2022-10-01,2022,2,2.0,False,2,0.05737435,0.86029834,0.08232736,1786,2,6
Kirinyaga,2022-10-01,2022,1,1.0,False,1,0.9877914,0.006936155,0.0052724974,1786,1,6
Kisii,2022-10-01,2022,1,1.0,False,1,0.99185795,0.005394526,0.0027475385,1786,1,6
Kisumu,2022-10-01,2022,1,1.0,False,1,0.99367696,0.0040760683,0.0022469393,1786,1,6
Kitui,2022-10-01,2022,3,3.0,False,3,0.041594543,0.16048607,0.7979194,1786,3,6
Kwale,2022-10-01,2022,2,2.0,False,2,0.08721607,0.87724924,0.03553471,1786,2,6
Laikipia,2022-10-01,2022,2,2.0,False,2,0.09002253,0.5944532,0.31552425,1786,2,6
Lamu,2022-10-01,2022,2,2.0,False,2,0.12698995,0.69057465,0.18243542,1786,2,6
Machakos,2022-10-01,2022,1,1.0,False,1,0.49429604,0.3569948,0.14870915,1786,1,6
Makueni,2022-10-01,2022,3,3.0,False,2,0.065722294,0.59441066,0.33986706,1786,3,6
Mandera,2022-10-01,2022,3,3.0,False,3,0.019698093,0.1883614,0.79194057,1786,3,6
Marsabit,2022-10-01,2022,3,3.0,True,3,0.008226025,0.068393156,0.9233808,1786,3,6
Meru,2022-10-01,2022,1,1.0,False,1,0.5591657,0.4079207,0.03291361,1786,1,6
Migori,2022-10-01,2022,1,1.0,False,1,0.981804,0.013792544,0.004403477,1786,1,6
Mombasa,2022-10-01,2022,1,1.0,False,1,0.94031906,0.035648443,0.024032447,1786,1,6
Murang'a,2022-10-01,2022,1,1.0,False,1,0.9920547,0.0045514572,0.0033938312,1786,1,6
Nairobi,2022-10-01,2022,1,1.0,False,1,0.9456204,0.04145386,0.012925745,1786,1,6
Nakuru,2022-10-01,2022,1,1.0,False,1,0.9766892,0.015032306,0.008278452,1786,1,6
Nandi,2022-10-01,2022,1,1.0,False,1,0.99314225,0.0035982335,0.0032595058,1786,1,6
Narok,2022-10-01,2022,1,1.0,False,2,0.2712767,0.70962,0.019103289,1786,1,6
Nyamira,2022-10-01,2022,1,1.0,False,1,0.9913334,0.0057277754,0.0029387395,1786,1,6
Nyandarua,2022-10-01,2022,1,1.0,False,1,0.9718198,0.020746613,0.007433506,1786,1,6
Nyeri,2022-10-01,2022,2,2.0,False,1,0.90855056,0.07778392,0.013665571,1786,2,6
Samburu,2022-10-01,2022,3,3.0,True,3,0.014228267,0.25440535,0.73136634,1786,3,6
Siaya,2022-10-01,2022,1,1.0,False,1,0.99345785,0.0042447117,0.002297448,1786,1,6
Taita Taveta,2022-10-01,2022,2,2.0,False,2,0.13634737,0.8260684,0.037584253,1786,2,6
Tana River,2022-10-01,2022,3,3.0,False,3,0.042184934,0.16517165,0.7926434,1786,3,6
Tharaka-Nithi,2022-10-01,2022,3,3.0,False,2,0.21806535,0.4752914,0.30664325,1786,3,6
Trans Nzoia,2022-10-01,2022,1,1.0,False,1,0.9887481,0.0066902135,0.0045616897,1786,1,6
Turkana,2022-10-01,2022,3,3.0,True,3,0.013042468,0.20146531,0.7854922,1786,3,6
Uasin Gishu,2022-10-01,2022,1,1.0,False,1,0.97758794,0.01654175,0.0058703427,1786,1,6
Vihiga,2022-10-01,2022,1,1.0,False,1,0.9934776,0.004141038,0.002381303,1786,1,6
Wajir,2022-10-01,2022,3,3.0,True,3,0.008854797,0.051010843,0.94013435,1786,3,6
West Pokot,2022-10-01,2022,2,2.0,False,3,0.076753646,0.19994132,0.723305,1786,2,6
Baringo,2023-02-01,2023,2,3.0,True,2,0.24349964,0.6285657,0.12793463,1927,3,6
Bomet,2023-02-01,2023,1,1.0,False,1,0.985656,0.008697421,0.005646538,1927,1,6
Bungoma,2023-02-01,2023,1,1.0,False,1,0.9812102,0.010384286,0.008405611,1927,1,6
Busia,2023-02-01,2023,1,1.0,False,1,0.9819017,0.009462247,0.00863608,1927,1,6
Elgeyo-Marakwet,2023-02-01,2023,1,1.0,False,1,0.91429347,0.070835434,0.014871063,1927,1,6
Embu,2023-02-01,2023,2,2.0,False,2,0.30426535,0.43113238,0.2646023,1927,2,6
Garissa,2023-02-01,2023,3,3.0,False,3,0.025086682,0.18470599,0.7902073,1927,3,6
Homa Bay,2023-02-01,2023,1,1.0,False,1,0.9864841,0.007579796,0.005936058,1927,1,6
Isiolo,2023-02-01,2023,3,3.0,False,3,0.022485679,0.11311509,0.8643992,1927,3,6
Kajiado,2023-02-01,2023,2,2.0,False,3,0.06265172,0.3645206,0.57282764,1927,2,6
Kakamega,2023-02-01,2023,1,1.0,False,1,0.98367494,0.0094774,0.006847601,1927,1,6
Kericho,2023-02-01,2023,1,1.0,False,1,0.9813903,0.011768768,0.0068409084,1927,1,6
Kiambu,2023-02-01,2023,1,1.0,False,1,0.9216666,0.045750223,0.032583077,1927,1,6
Kilifi,2023-02-01,2023,2,2.0,False,2,0.09832807,0.82885987,0.0728121,1927,2,6
Kirinyaga,2023-02-01,2023,1,1.0,False,1,0.9798172,0.010111705,0.010071141,1927,1,6
Kisii,2023-02-01,2023,1,1.0,False,1,0.9849252,0.009166671,0.005908173,1927,1,6
Kisumu,2023-02-01,2023,1,1.0,False,1,0.985149,0.008899205,0.005951754,1927,1,6
Kitui,2023-02-01,2023,3,3.0,False,2,0.15328008,0.58609974,0.26062018,1927,3,6
Kwale,2023-02-01,2023,2,2.0,False,2,0.12682255,0.84345484,0.029722584,1927,2,6
Laikipia,2023-02-01,2023,2,2.0,False,2,0.11697186,0.73411506,0.14891307,1927,2,6
Lamu,2023-02-01,2023,2,2.0,False,2,0.21336624,0.5784471,0.20818664,1927,2,6
Machakos,2023-02-01,2023,1,1.0,False,1,0.4791374,0.3178572,0.20300545,1927,1,6
Makueni,2023-02-01,2023,3,3.0,False,2,0.058328573,0.6019461,0.33972526,1927,3,6
Mandera,2023-02-01,2023,3,3.0,False,2,0.043785527,0.5381234,0.41809106,1927,3,6
Marsabit,2023-02-01,2023,3,3.0,True,3,0.02075229,0.10446269,0.87478507,1927,3,6
Meru,2023-02-01,2023,1,1.0,False,1,0.7210316,0.24206832,0.036900043,1927,1,6
Migori,2023-02-01,2023,1,1.0,False,1,0.9606105,0.027458224,0.0119312825,1927,1,6
Mombasa,2023-02-01,2023,1,1.0,False,1,0.92718756,0.059604585,0.013207836,1927,1,6
Murang'a,2023-02-01,2023,1,1.0,False,1,0.9774212,0.0117841605,0.010794609,1927,1,6
Nairobi,2023-02-01,2023,1,1.0,False,1,0.89187026,0.06191816,0.046211585,1927,1,6
Nakuru,2023-02-01,2023,1,1.0,False,1,0.96322036,0.025330603,0.011449077,1927,1,6
Nandi,2023-02-01,2023,1,1.0,False,1,0.9825618,0.011397237,0.006040899,1927,1,6
Narok,2023-02-01,2023,2,1.0,False,2,0.30111617,0.6602686,0.038615245,1927,1,6
Nyamira,2023-02-01,2023,1,1.0,False,1,0.98520297,0.0083789015,0.0064181294,1927,1,6
Nyandarua,2023-02-01,2023,1,1.0,False,1,0.94649774,0.030729974,0.022772286,1927,1,6
Nyeri,2023-02-01,2023,2,2.0,False,1,0.8445049,0.11887777,0.036617376,1927,2,6
Samburu,2023-02-01,2023,3,3.0,True,3,0.029954273,0.38383272,0.586213,1927,3,6
Siaya,2023-02-01,2023,1,1.0,False,1,0.98514396,0.008508887,0.0063471664,1927,1,6
Taita Taveta,2023-02-01,2023,2,2.0,False,2,0.23074822,0.695964,0.073287815,1927,2,6
Tana River,2023-02-01,2023,3,3.0,False,2,0.040483784,0.6697277,0.28978848,1927,3,6
Tharaka-Nithi,2023-02-01,2023,2,3.0,False,2,0.33478332,0.43881115,0.22640552,1927,3,6
Trans Nzoia,2023-02-01,2023,1,1.0,False,1,0.98098,0.012100784,0.0069192173,1927,1,6
Turkana,2023-02-01,2023,3,3.0,True,3,0.024601165,0.20092492,0.7744739,1927,3,6
Uasin Gishu,2023-02-01,2023,1,1.0,False,1,0.96025914,0.030295487,0.009445398,1927,1,6
Vihiga,2023-02-01,2023,1,1.0,False,1,0.9840199,0.009632999,0.0063470895,1927,1,6
Wajir,2023-02-01,2023,3,3.0,True,2,0.037474286,0.5744688,0.3880569,1927,3,6
West Pokot,2023-02-01,2023,2,2.0,False,2,0.14800489,0.7203318,0.13166332,1927,2,6
Baringo,2023-06-01,2023,2,2.0,True,2,0.21151514,0.6635353,0.12494954,1927,2,6
Bomet,2023-06-01,2023,1,1.0,False,1,0.9860941,0.008360312,0.0055455733,1927,1,6
Bungoma,2023-06-01,2023,1,1.0,False,1,0.9845644,0.009479052,0.005956475,1927,1,6
Busia,2023-06-01,2023,1,1.0,False,1,0.98663694,0.00807834,0.0052846936,1927,1,6
Elgeyo-Marakwet,2023-06-01,2023,1,1.0,False,1,0.9255685,0.062076762,0.012354707,1927,1,6
Embu,2023-06-01,2023,3,2.0,False,2,0.18244149,0.78741807,0.030140433,1927,2,6
Garissa,2023-06-01,2023,3,3.0,False,3,0.031111108,0.35477626,0.6141126,1927,3,6
Homa Bay,2023-06-01,2023,1,1.0,False,1,0.9862532,0.008136468,0.0056103924,1927,1,6
Isiolo,2023-06-01,2023,3,3.0,False,3,0.025597895,0.08215517,0.89224696,1927,3,6
Kajiado,2023-06-01,2023,2,2.0,False,2,0.1386449,0.6553987,0.20595637,1927,2,6
Kakamega,2023-06-01,2023,1,1.0,False,1,0.9860059,0.008475727,0.0055183363,1927,1,6
Kericho,2023-06-01,2023,1,1.0,False,1,0.98242193,0.0115438765,0.00603425,1927,1,6
Kiambu,2023-06-01,2023,1,1.0,False,1,0.92925596,0.046831384,0.02391263,1927,1,6
Kilifi,2023-06-01,2023,2,2.0,False,2,0.090875,0.7455474,0.16357762,1927,2,6
Kirinyaga,2023-06-01,2023,1,1.0,False,1,0.9833582,0.009654443,0.006987379,1927,1,6
Kisii,2023-06-01,2023,1,1.0,False,1,0.98585826,0.008935412,0.005206272,1927,1,6
Kisumu,2023-06-01,2023,1,1.0,False,1,0.98643935,0.008221507,0.005339169,1927,1,6
Kitui,2023-06-01,2023,3,3.0,False,2,0.08760227,0.57966065,0.33273703,1927,3,6
Kwale,2023-06-01,2023,2,2.0,False,2,0.112620264,0.84430736,0.043072425,1927,2,6
Laikipia,2023-06-01,2023,3,2.0,False,2,0.11178756,0.7788886,0.10932384,1927,2,6
Lamu,2023-06-01,2023,2,2.0,False,2,0.18398216,0.46920913,0.34680876,1927,2,6
Machakos,2023-06-01,2023,1,1.0,False,2,0.4592218,0.4729437,0.06783444,1927,1,6
Makueni,2023-06-01,2023,3,3.0,False,2,0.08566107,0.7156919,0.19864698,1927,3,6
Mandera,2023-06-01,2023,3,3.0,False,3,0.029819142,0.09201291,0.8781679,1927,3,6
Marsabit,2023-06-01,2023,3,3.0,True,3,0.026064707,0.08622073,0.88771456,1927,3,6
Meru,2023-06-01,2023,1,1.0,False,1,0.6556577,0.32061428,0.023728052,1927,1,6
Migori,2023-06-01,2023,1,1.0,False,1,0.964814,0.025021885,0.010164125,1927,1,6
Mombasa,2023-06-01,2023,1,1.0,False,1,0.91726935,0.06205636,0.020674245,1927,1,6
Murang'a,2023-06-01,2023,1,1.0,False,1,0.9821844,0.010563853,0.00725178,1927,1,6
Nairobi,2023-06-01,2023,1,1.0,False,1,0.9179053,0.05097276,0.031121962,1927,1,6
Nakuru,2023-06-01,2023,1,1.0,False,1,0.9749808,0.017142495,0.007876667,1927,1,6
Nandi,2023-06-01,2023,1,1.0,False,1,0.98556966,0.008780537,0.0056498214,1927,1,6
Narok,2023-06-01,2023,2,2.0,False,2,0.37626985,0.5898852,0.03384495,1927,2,6
Nyamira,2023-06-01,2023,1,1.0,False,1,0.9856727,0.008590412,0.0057368213,1927,1,6
Nyandarua,2023-06-01,2023,1,1.0,False,1,0.9634291,0.026152663,0.010418234,1927,1,6
Nyeri,2023-06-01,2023,3,2.0,False,1,0.88018006,0.10469409,0.015125844,1927,2,6
Samburu,2023-06-01,2023,3,3.0,True,2,0.029268857,0.521811,0.44892013,1927,3,6
Siaya,2023-06-01,2023,1,1.0,False,1,0.9867423,0.007946114,0.0053115995,1927,1,6
Taita Taveta,2023-06-01,2023,2,2.0,False,2,0.18562448,0.7527431,0.061632346,1927,2,6
Tana River,2023-06-01,2023,3,3.0,False,2,0.037388954,0.54865026,0.41396078,1927,3,6
Tharaka-Nithi,2023-06-01,2023,3,2.0,False,2,0.22799821,0.67996603,0.09203576,1927,2,6
Trans Nzoia,2023-06-01,2023,1,1.0,False,1,0.98701316,0.0076004853,0.0053864163,1927,1,6
Turkana,2023-06-01,2023,3,3.0,True,3,0.04411224,0.34607363,0.6098141,1927,3,6
Uasin Gishu,2023-06-01,2023,1,1.0,False,1,0.9640621,0.026017496,0.009920434,1927,1,6
Vihiga,2023-06-01,2023,1,1.0,False,1,0.9852819,0.008946786,0.0057713883,1927,1,6
Wajir,2023-06-01,2023,3,3.0,True,3,0.03115123,0.20378241,0.7650664,1927,3,6
West Pokot,2023-06-01,2023,2,2.0,False,2,0.1368453,0.5516661,0.3114886,1927,2,6
Baringo,2023-10-01,2023,2,2.0,True,2,0.33185947,0.6295829,0.0385576,1927,2,6
Bomet,2023-10-01,2023,1,1.0,False,1,0.98482054,0.009480152,0.0056992746,1927,1,6
Bungoma,2023-10-01,2023,1,1.0,False,1,0.98495287,0.009162724,0.0058844457,1927,1,6
Busia,2023-10-01,2023,1,1.0,False,1,0.98415565,0.009798924,0.0060454234,1927,1,6
Elgeyo-Marakwet,2023-10-01,2023,1,1.0,False,1,0.9278951,0.05843263,0.013672266,1927,1,6
Embu,2023-10-01,2023,2,3.0,False,2,0.37109795,0.604942,0.023959983,1927,3,6
Garissa,2023-10-01,2023,3,3.0,False,2,0.034141805,0.9202477,0.045610532,1927,3,6
Homa Bay,2023-10-01,2023,1,1.0,False,1,0.9852822,0.009088477,0.0056292936,1927,1,6
Isiolo,2023-10-01,2023,3,3.0,False,2,0.06447137,0.6919088,0.24361983,1927,3,6
Kajiado,2023-10-01,2023,2,2.0,False,2,0.11117295,0.7565065,0.13232052,1927,2,6
Kakamega,2023-10-01,2023,1,1.0,False,1,0.98552585,0.008818637,0.005655436,1927,1,6
Kericho,2023-10-01,2023,1,1.0,False,1,0.98479307,0.00933029,0.005876647,1927,1,6
Kiambu,2023-10-01,2023,1,1.0,False,1,0.9370603,0.03938517,0.023554519,1927,1,6
Kilifi,2023-10-01,2023,2,2.0,False,2,0.1609444,0.80224276,0.036812846,1927,2,6
Kirinyaga,2023-10-01,2023,1,1.0,False,1,0.9836887,0.009645612,0.0066656927,1927,1,6
Kisii,2023-10-01,2023,1,1.0,False,1,0.9844423,0.009671509,0.0058862325,1927,1,6
Kisumu,2023-10-01,2023,1,1.0,False,1,0.9863397,0.008219497,0.0054408703,1927,1,6
Kitui,2023-10-01,2023,2,3.0,False,2,0.11788186,0.81811166,0.06400651,1927,3,6
Kwale,2023-10-01,2023,2,2.0,False,2,0.11559466,0.85759294,0.026812395,1927,2,6
Laikipia,2023-10-01,2023,2,3.0,False,2,0.19697087,0.7677417,0.03528748,1927,3,6
Lamu,2023-10-01,2023,2,2.0,False,2,0.1829728,0.791999,0.025028212,1927,2,6
Machakos,2023-10-01,2023,1,1.0,False,1,0.57095015,0.39128065,0.037769217,1927,1,6
Makueni,2023-10-01,2023,2,3.0,False,2,0.05406364,0.78684604,0.15909033,1927,3,6
Mandera,2023-10-01,2023,3,3.0,False,2,0.05553859,0.8402765,0.104184955,1927,3,6
Marsabit,2023-10-01,2023,3,3.0,True,2,0.047687992,0.76125294,0.19105904,1927,3,6
Meru,2023-10-01,2023,1,1.0,False,1,0.6549314,0.33146408,0.0136045115,1927,1,6
Migori,2023-10-01,2023,1,1.0,False,1,0.95704633,0.03130791,0.01164577,1927,1,6
Mombasa,2023-10-01,2023,1,1.0,False,1,0.9227263,0.06464156,0.012632214,1927,1,6
Murang'a,2023-10-01,2023,1,1.0,False,1,0.9825026,0.010092735,0.007404728,1927,1,6
Nairobi,2023-10-01,2023,1,1.0,False,1,0.94505364,0.040635668,0.014310741,1927,1,6
Nakuru,2023-10-01,2023,1,1.0,False,1,0.9673127,0.020847421,0.011839888,1927,1,6
Nandi,2023-10-01,2023,1,1.0,False,1,0.9844728,0.009793939,0.005733295,1927,1,6
Narok,2023-10-01,2023,2,2.0,False,2,0.28563583,0.6904535,0.02391061,1927,2,6
Nyamira,2023-10-01,2023,1,1.0,False,1,0.9849186,0.009280193,0.0058011524,1927,1,6
Nyandarua,2023-10-01,2023,1,1.0,False,1,0.963774,0.02664367,0.009582375,1927,1,6
Nyeri,2023-10-01,2023,2,3.0,False,1,0.8378576,0.15004286,0.01209948,1927,3,6
Samburu,2023-10-01,2023,3,3.0,True,2,0.03577713,0.9211649,0.04305805,1927,3,6
Siaya,2023-10-01,2023,1,1.0,False,1,0.98552597,0.00904218,0.0054318286,1927,1,6
Taita Taveta,2023-10-01,2023,2,2.0,False,2,0.2341065,0.7067111,0.059182394,1927,2,6
Tana River,2023-10-01,2023,3,3.0,False,2,0.028939795,0.9138363,0.05722389,1927,3,6
Tharaka-Nithi,2023-10-01,2023,2,3.0,False,2,0.38282785,0.5910941,0.026078042,1927,3,6
Trans Nzoia,2023-10-01,2023,1,1.0,False,1,0.98370427,0.009941197,0.0063545736,1927,1,6
Turkana,2023-10-01,2023,3,3.0,True,2,0.045587026,0.82798344,0.12642951,1927,3,6
Uasin Gishu,2023-10-01,2023,1,1.0,False,1,0.965979,0.025546048,0.0084750075,1927,1,6
Vihiga,2023-10-01,2023,1,1.0,False,1,0.9850043,0.009245258,0.0057504727,1927,1,6
Wajir,2023-10-01,2023,3,3.0,True,2,0.049569707,0.87485075,0.07557948,1927,3,6
West Pokot,2023-10-01,2023,2,2.0,False,2,0.22243343,0.72321665,0.054349933,1927,2,6
Baringo,2024-02-01,2024,2,2.0,True,3,0.11869185,0.2883009,0.5930072,2068,2,6
Bomet,2024-02-01,2024,1,1.0,False,1,0.9801158,0.00933397,0.010550283,2068,1,6
Bungoma,2024-02-01,2024,1,1.0,False,1,0.98277414,0.009524945,0.0077009676,2068,1,6
Busia,2024-02-01,2024,1,1.0,False,1,0.98012954,0.011431031,0.008439476,2068,1,6
Elgeyo-Marakwet,2024-02-01,2024,1,1.0,False,1,0.9145098,0.064577095,0.020913158,2068,1,6
Embu,2024-02-01,2024,2,2.0,False,2,0.38849005,0.57942,0.032089997,2068,2,6
Garissa,2024-02-01,2024,3,3.0,False,2,0.07809535,0.4998028,0.42210186,2068,3,6
Homa Bay,2024-02-01,2024,1,1.0,False,1,0.9806143,0.0113526685,0.008033073,2068,1,6
Isiolo,2024-02-01,2024,3,3.0,False,2,0.06941136,0.5593785,0.3712102,2068,3,6
Kajiado,2024-02-01,2024,2,2.0,False,2,0.13440195,0.65529585,0.21030222,2068,2,6
Kakamega,2024-02-01,2024,1,1.0,False,1,0.981009,0.011045169,0.007945817,2068,1,6
Kericho,2024-02-01,2024,1,1.0,False,1,0.978663,0.009396561,0.0119404765,2068,1,6
Kiambu,2024-02-01,2024,1,1.0,False,1,0.9298237,0.03287622,0.03730011,2068,1,6
Kilifi,2024-02-01,2024,2,2.0,False,2,0.15623559,0.8108815,0.032882947,2068,2,6
Kirinyaga,2024-02-01,2024,1,1.0,False,1,0.9818627,0.010292909,0.007844312,2068,1,6
Kisii,2024-02-01,2024,1,1.0,False,1,0.9810967,0.010539276,0.008364111,2068,1,6
Kisumu,2024-02-01,2024,1,1.0,False,1,0.97989506,0.011896429,0.008208587,2068,1,6
Kitui,2024-02-01,2024,2,2.0,False,2,0.17808492,0.71893966,0.102975406,2068,2,6
Kwale,2024-02-01,2024,2,2.0,False,2,0.17007595,0.8062582,0.023665853,2068,2,6
Laikipia,2024-02-01,2024,2,2.0,False,2,0.1185144,0.80701345,0.07447216,2068,2,6
Lamu,2024-02-01,2024,2,2.0,False,2,0.12305473,0.8305508,0.046394497,2068,2,6
Machakos,2024-02-01,2024,1,1.0,False,1,0.4844283,0.33946115,0.17611063,2068,1,6
Makueni,2024-02-01,2024,2,2.0,False,2,0.078257866,0.6922972,0.22944492,2068,2,6
Mandera,2024-02-01,2024,3,3.0,False,3,0.059946883,0.44895506,0.49109805,2068,3,6
Marsabit,2024-02-01,2024,3,3.0,True,3,0.04955408,0.29659885,0.6538471,2068,3,6
Meru,2024-02-01,2024,1,1.0,False,1,0.57491,0.40499577,0.020094212,2068,1,6
Migori,2024-02-01,2024,1,1.0,False,1,0.9546737,0.032826487,0.012499869,2068,1,6
Mombasa,2024-02-01,2024,1,1.0,False,1,0.9389757,0.048201755,0.01282258,2068,1,6
Murang'a,2024-02-01,2024,1,1.0,False,1,0.9784259,0.01112059,0.010453481,2068,1,6
Nairobi,2024-02-01,2024,1,1.0,False,1,0.9355156,0.035028543,0.02945595,2068,1,6
Nakuru,2024-02-01,2024,1,1.0,False,1,0.9641961,0.015140475,0.020663418,2068,1,6
Nandi,2024-02-01,2024,1,1.0,False,1,0.9819842,0.010049065,0.0079667345,2068,1,6
Narok,2024-02-01,2024,1,2.0,False,2,0.30045325,0.6497248,0.04982197,2068,2,6
Nyamira,2024-02-01,2024,1,1.0,False,1,0.9809718,0.010505469,0.008522754,2068,1,6
Nyandarua,2024-02-01,2024,1,1.0,False,1,0.96328086,0.018707406,0.018011685,2068,1,6
Nyeri,2024-02-01,2024,2,2.0,False,1,0.6979521,0.27391824,0.028129667,2068,2,6
Samburu,2024-02-01,2024,2,3.0,True,2,0.062030867,0.5540572,0.38391194,2068,3,6
Siaya,2024-02-01,2024,1,1.0,False,1,0.9811426,0.010774253,0.008083229,2068,1,6
Taita Taveta,2024-02-01,2024,1,2.0,False,2,0.3366239,0.63724786,0.026128225,2068,2,6
Tana River,2024-02-01,2024,2,3.0,False,2,0.084158994,0.75924873,0.15659228,2068,3,6
Tharaka-Nithi,2024-02-01,2024,2,2.0,False,2,0.44491607,0.4745608,0.080523096,2068,2,6
Trans Nzoia,2024-02-01,2024,1,1.0,False,1,0.98220026,0.010484703,0.0073150434,2068,1,6
Turkana,2024-02-01,2024,3,3.0,True,3,0.07145692,0.36523023,0.5633128,2068,3,6
Uasin Gishu,2024-02-01,2024,1,1.0,False,1,0.96323496,0.025600089,0.011164996,2068,1,6
Vihiga,2024-02-01,2024,1,1.0,False,1,0.9807941,0.010788852,0.00841704,2068,1,6
Wajir,2024-02-01,2024,3,3.0,True,2,0.065226465,0.6944343,0.24033925,2068,3,6
West Pokot,2024-02-01,2024,1,2.0,False,2,0.0885035,0.60586727,0.30562922,2068,2,6
Baringo,2024-06-01,2024,2,2.0,True,2,0.26049072,0.65389615,0.08561316,2068,2,6
Bomet,2024-06-01,2024,1,1.0,False,1,0.9779449,0.012826915,0.009228217,2068,1,6
Bungoma,2024-06-01,2024,1,1.0,False,1,0.97959214,0.012364158,0.008043716,2068,1,6
Busia,2024-06-01,2024,1,1.0,False,1,0.9797406,0.011818125,0.008441238,2068,1,6
Elgeyo-Marakwet,2024-06-01,2024,1,1.0,False,1,0.9054615,0.07862051,0.015918009,2068,1,6
Embu,2024-06-01,2024,2,2.0,False,2,0.39593259,0.57469404,0.029373348,2068,2,6
Garissa,2024-06-01,2024,2,3.0,False,2,0.061059307,0.8721114,0.06682935,2068,3,6
Homa Bay,2024-06-01,2024,1,1.0,False,1,0.981952,0.010538007,0.0075099873,2068,1,6
Isiolo,2024-06-01,2024,2,3.0,False,2,0.08285191,0.6792097,0.23793842,2068,3,6
Kajiado,2024-06-01,2024,2,2.0,False,2,0.18096885,0.77622545,0.042805675,2068,2,6
Kakamega,2024-06-01,2024,1,1.0,False,1,0.9796266,0.012077119,0.008296289,2068,1,6
Kericho,2024-06-01,2024,1,1.0,False,1,0.9803612,0.0113040395,0.0083347075,2068,1,6
Kiambu,2024-06-01,2024,1,1.0,False,1,0.9458265,0.03756853,0.01660498,2068,1,6
Kilifi,2024-06-01,2024,2,2.0,False,2,0.2491727,0.72341555,0.02741178,2068,2,6
Kirinyaga,2024-06-01,2024,1,1.0,False,1,0.9817934,0.010786949,0.007419656,2068,1,6
Kisii,2024-06-01,2024,1,1.0,False,1,0.97914416,0.011902116,0.0089537045,2068,1,6
Kisumu,2024-06-01,2024,1,1.0,False,1,0.9810619,0.010660457,0.008277646,2068,1,6
Kitui,2024-06-01,2024,2,2.0,False,2,0.20400627,0.7144865,0.081507206,2068,2,6
Kwale,2024-06-01,2024,2,2.0,False,2,0.21245266,0.7649946,0.02255271,2068,2,6
Laikipia,2024-06-01,2024,2,2.0,False,2,0.18311673,0.78677946,0.030103764,2068,2,6
Lamu,2024-06-01,2024,2,2.0,False,2,0.19906631,0.7782649,0.022668866,2068,2,6
Machakos,2024-06-01,2024,1,1.0,False,1,0.5448816,0.42751962,0.027598748,2068,1,6
Makueni,2024-06-01,2024,2,2.0,False,2,0.13319021,0.762604,0.10420579,2068,2,6
Mandera,2024-06-01,2024,2,3.0,False,2,0.09352486,0.7902193,0.11625578,2068,3,6
Marsabit,2024-06-01,2024,2,3.0,True,2,0.096298926,0.7510374,0.1526637,2068,3,6
Meru,2024-06-01,2024,1,1.0,False,1,0.6701713,0.31133828,0.01849044,2068,1,6
Migori,2024-06-01,2024,1,1.0,False,1,0.9507266,0.03525657,0.014016786,2068,1,6
Mombasa,2024-06-01,2024,1,1.0,False,1,0.89181024,0.09369817,0.014491572,2068,1,6
Murang'a,2024-06-01,2024,1,1.0,False,1,0.9812071,0.011149165,0.0076437546,2068,1,6
Nairobi,2024-06-01,2024,1,1.0,False,1,0.9348656,0.049823895,0.015310446,2068,1,6
Nakuru,2024-06-01,2024,1,1.0,False,1,0.9673264,0.02294099,0.009732638,2068,1,6
Nandi,2024-06-01,2024,1,1.0,False,1,0.9802904,0.011493746,0.008215795,2068,1,6
Narok,2024-06-01,2024,1,1.0,False,2,0.32068866,0.6544147,0.024896566,2068,1,6
Nyamira,2024-06-01,2024,1,1.0,False,1,0.9802509,0.011284162,0.008464955,2068,1,6
Nyandarua,2024-06-01,2024,1,1.0,False,1,0.9588721,0.027947566,0.013180355,2068,1,6
Nyeri,2024-06-01,2024,2,2.0,False,1,0.7436704,0.23972687,0.016602706,2068,2,6
Samburu,2024-06-01,2024,2,2.0,True,2,0.08302764,0.8474654,0.06950701,2068,2,6
Siaya,2024-06-01,2024,1,1.0,False,1,0.9793742,0.012171397,0.00845448,2068,1,6
Taita Taveta,2024-06-01,2024,1,1.0,False,2,0.41956738,0.55237067,0.028061982,2068,1,6
Tana River,2024-06-01,2024,2,2.0,False,2,0.07301562,0.86451083,0.062473513,2068,2,6
Tharaka-Nithi,2024-06-01,2024,2,2.0,False,2,0.4134147,0.54675174,0.039833568,2068,2,6
Trans Nzoia,2024-06-01,2024,1,1.0,False,1,0.98079944,0.011505742,0.0076947566,2068,1,6
Turkana,2024-06-01,2024,2,3.0,True,2,0.06095003,0.61245185,0.3265981,2068,3,6
Uasin Gishu,2024-06-01,2024,1,1.0,False,1,0.9583629,0.030242866,0.011394274,2068,1,6
Vihiga,2024-06-01,2024,1,1.0,False,1,0.98125136,0.01094465,0.007803992,2068,1,6
Wajir,2024-06-01,2024,2,3.0,True,2,0.08927137,0.80263436,0.10809421,2068,3,6
West Pokot,2024-06-01,2024,1,1.0,False,2,0.18403341,0.75975364,0.056212924,2068,1,6
Baringo,2024-10-01,2024,2,2.0,True,2,0.25932243,0.6775786,0.06309891,2068,2,6
Bomet,2024-10-01,2024,1,1.0,False,1,0.9764232,0.014257493,0.009319356,2068,1,6
Bungoma,2024-10-01,2024,1,1.0,False,1,0.9796784,0.012039555,0.008282086,2068,1,6
Busia,2024-10-01,2024,1,1.0,False,1,0.97955644,0.012066884,0.008376644,2068,1,6
Elgeyo-Marakwet,2024-10-01,2024,1,1.0,False,1,0.8767196,0.10684397,0.016436452,2068,1,6
Embu,2024-10-01,2024,2,2.0,False,2,0.40019208,0.5720104,0.027797526,2068,2,6
Garissa,2024-10-01,2024,2,2.0,False,2,0.042400498,0.91299915,0.044600334,2068,2,6
Homa Bay,2024-10-01,2024,1,1.0,False,1,0.9817878,0.010549799,0.007662369,2068,1,6
Isiolo,2024-10-01,2024,2,2.0,False,2,0.03386695,0.86324453,0.102888554,2068,2,6
Kajiado,2024-10-01,2024,2,2.0,False,2,0.19835605,0.7648534,0.03679051,2068,2,6
Kakamega,2024-10-01,2024,1,1.0,False,1,0.97925836,0.0123187,0.008422993,2068,1,6
Kericho,2024-10-01,2024,1,1.0,False,1,0.9795185,0.0121641625,0.008317332,2068,1,6
Kiambu,2024-10-01,2024,1,1.0,False,1,0.9385221,0.045310225,0.016167665,2068,1,6
Kilifi,2024-10-01,2024,2,2.0,False,2,0.1937657,0.7771406,0.029093737,2068,2,6
Kirinyaga,2024-10-01,2024,1,1.0,False,1,0.978732,0.012801662,0.008466342,2068,1,6
Kisii,2024-10-01,2024,1,1.0,False,1,0.97829115,0.012903342,0.008805531,2068,1,6
Kisumu,2024-10-01,2024,1,1.0,False,1,0.9802391,0.011761124,0.007999792,2068,1,6
Kitui,2024-10-01,2024,2,2.0,False,2,0.15483777,0.7935863,0.051575895,2068,2,6
Kwale,2024-10-01,2024,2,2.0,False,2,0.18006706,0.7987336,0.02119929,2068,2,6
Laikipia,2024-10-01,2024,2,2.0,False,2,0.17828925,0.78939605,0.032314677,2068,2,6
Lamu,2024-10-01,2024,2,2.0,False,2,0.15547806,0.82077163,0.023750255,2068,2,6
Machakos,2024-10-01,2024,1,1.0,False,1,0.5508083,0.42479813,0.024393585,2068,1,6
Makueni,2024-10-01,2024,2,2.0,False,2,0.13217147,0.794226,0.07360255,2068,2,6
Mandera,2024-10-01,2024,2,2.0,False,2,0.036026243,0.9160907,0.04788304,2068,2,6
Marsabit,2024-10-01,2024,3,2.0,True,2,0.047658212,0.84743816,0.10490368,2068,2,6
Meru,2024-10-01,2024,1,1.0,False,1,0.51248777,0.46681035,0.020701846,2068,1,6
Migori,2024-10-01,2024,1,1.0,False,1,0.9548356,0.031850174,0.013314183,2068,1,6
Mombasa,2024-10-01,2024,1,1.0,False,1,0.9034448,0.08234983,0.014205376,2068,1,6
Murang'a,2024-10-01,2024,1,1.0,False,1,0.97892076,0.012688664,0.008390599,2068,1,6
Nairobi,2024-10-01,2024,1,1.0,False,1,0.88081765,0.10401484,0.015167465,2068,1,6
Nakuru,2024-10-01,2024,1,1.0,False,1,0.96599823,0.02395425,0.010047484,2068,1,6
Nandi,2024-10-01,2024,1,1.0,False,1,0.97911215,0.012375012,0.008512849,2068,1,6
Narok,2024-10-01,2024,1,1.0,False,2,0.31762245,0.6568092,0.025568346,2068,1,6
Nyamira,2024-10-01,2024,1,1.0,False,1,0.97907865,0.0124090435,0.008512237,2068,1,6
Nyandarua,2024-10-01,2024,1,1.0,False,1,0.96031225,0.028523028,0.0111646615,2068,1,6
Nyeri,2024-10-01,2024,2,2.0,False,1,0.6689666,0.3097104,0.021323023,2068,2,6
Samburu,2024-10-01,2024,2,2.0,True,2,0.05190688,0.89386183,0.054231256,2068,2,6
Siaya,2024-10-01,2024,1,1.0,False,1,0.9788169,0.012387408,0.008795623,2068,1,6
Taita Taveta,2024-10-01,2024,1,1.0,False,2,0.2960821,0.6799275,0.023990383,2068,1,6
Tana River,2024-10-01,2024,2,2.0,False,2,0.06122782,0.8674164,0.07135574,2068,2,6
Tharaka-Nithi,2024-10-01,2024,2,2.0,False,2,0.35191756,0.6124668,0.0356156,2068,2,6
Trans Nzoia,2024-10-01,2024,1,1.0,False,1,0.9828106,0.009909403,0.007280019,2068,1,6
Turkana,2024-10-01,2024,3,2.0,True,2,0.07912433,0.7706847,0.1501909,2068,2,6
Uasin Gishu,2024-10-01,2024,1,1.0,False,1,0.962977,0.026535291,0.010487725,2068,1,6
Vihiga,2024-10-01,2024,1,1.0,False,1,0.9806389,0.011402699,0.007958427,2068,1,6
Wajir,2024-10-01,2024,2,2.0,True,2,0.03498348,0.90574443,0.059272163,2068,2,6
West Pokot,2024-10-01,2024,1,1.0,False,2,0.17846152,0.7814488,0.040089704,2068,1,6
Baringo,2025-10-01,2025,2,2.0,True,2,0.24246858,0.7115492,0.045982182,2209,2,6
Bomet,2025-10-01,2025,1,1.0,False,1,0.99463505,0.004078382,0.0012865501,2209,1,6
Bungoma,2025-10-01,2025,1,1.0,False,1,0.9950557,0.003722594,0.001221741,2209,1,6
Busia,2025-10-01,2025,1,1.0,False,1,0.9954118,0.0034523427,0.0011358287,2209,1,6
Elgeyo-Marakwet,2025-10-01,2025,1,1.0,False,1,0.9481085,0.04688469,0.00500686,2209,1,6
Embu,2025-10-01,2025,2,2.0,False,2,0.42603022,0.5463954,0.02757434,2209,2,6
Garissa,2025-10-01,2025,2,2.0,False,2,0.021328658,0.93359596,0.04507543,2209,2,6
Homa Bay,2025-10-01,2025,1,1.0,False,1,0.99504906,0.0037968014,0.0011541449,2209,1,6
Isiolo,2025-10-01,2025,2,2.0,False,2,0.01849021,0.73105836,0.25045145,2209,2,6
Kajiado,2025-10-01,2025,2,2.0,False,2,0.10255538,0.8826227,0.01482183,2209,2,6
Kakamega,2025-10-01,2025,1,1.0,False,1,0.9949549,0.0037151526,0.0013299113,2209,1,6
Kericho,2025-10-01,2025,1,1.0,False,1,0.9942449,0.0045049754,0.0012501416,2209,1,6
Kiambu,2025-10-01,2025,1,1.0,False,1,0.98138106,0.01569812,0.0029207997,2209,1,6
Kilifi,2025-10-01,2025,2,2.0,False,2,0.1765015,0.8047892,0.018709356,2209,2,6
Kirinyaga,2025-10-01,2025,1,1.0,False,1,0.9940274,0.0047333627,0.0012392473,2209,1,6
Kisii,2025-10-01,2025,1,1.0,False,1,0.9950439,0.003807313,0.0011488453,2209,1,6
Kisumu,2025-10-01,2025,1,1.0,False,1,0.995159,0.003764097,0.0010768712,2209,1,6
Kitui,2025-10-01,2025,2,2.0,False,2,0.108456746,0.82272965,0.068813615,2209,2,6
Kwale,2025-10-01,2025,2,2.0,False,2,0.07463013,0.91932124,0.006048657,2209,2,6
Laikipia,2025-10-01,2025,2,2.0,False,2,0.06859869,0.91690177,0.014499553,2209,2,6
Lamu,2025-10-01,2025,2,2.0,False,2,0.2525155,0.728576,0.018908432,2209,2,6
Machakos,2025-10-01,2025,1,1.0,False,1,0.50077045,0.48525485,0.013974682,2209,1,6
Makueni,2025-10-01,2025,2,2.0,False,2,0.077236116,0.80723476,0.11552905,2209,2,6
Mandera,2025-10-01,2025,3,2.0,False,2,0.017106822,0.6875439,0.29534924,2209,2,6
Marsabit,2025-10-01,2025,3,3.0,True,2,0.020544246,0.7444725,0.2349833,2209,3,6
Meru,2025-10-01,2025,2,1.0,False,1,0.73694927,0.25524008,0.007810627,2209,1,6
Migori,2025-10-01,2025,1,1.0,False,1,0.98301184,0.014592067,0.0023961577,2209,1,6
Mombasa,2025-10-01,2025,1,1.0,False,1,0.9675291,0.02858547,0.0038853746,2209,1,6
Murang'a,2025-10-01,2025,1,1.0,False,1,0.99461997,0.0041413438,0.0012387178,2209,1,6
Nairobi,2025-10-01,2025,1,1.0,False,1,0.9594381,0.03723302,0.0033289413,2209,1,6
Nakuru,2025-10-01,2025,1,1.0,False,1,0.9903994,0.007820196,0.0017803547,2209,1,6
Nandi,2025-10-01,2025,1,1.0,False,1,0.9942169,0.004393081,0.0013900296,2209,1,6
Narok,2025-10-01,2025,2,1.0,False,2,0.2781241,0.7107055,0.011170426,2209,1,6
Nyamira,2025-10-01,2025,1,1.0,False,1,0.9946774,0.004112215,0.0012103133,2209,1,6
Nyandarua,2025-10-01,2025,1,1.0,False,1,0.9902232,0.0082199825,0.0015567295,2209,1,6
Nyeri,2025-10-01,2025,2,2.0,False,1,0.69275796,0.2923703,0.014871738,2209,2,6
Samburu,2025-10-01,2025,2,2.0,True,2,0.019548656,0.89240366,0.08804762,2209,2,6
Siaya,2025-10-01,2025,1,1.0,False,1,0.9954738,0.0033140664,0.0012121177,2209,1,6
Taita Taveta,2025-10-01,2025,2,1.0,False,2,0.27257732,0.7206336,0.0067890254,2209,1,6
Tana River,2025-10-01,2025,2,2.0,False,2,0.02299794,0.9282386,0.04876345,2209,2,6
Tharaka-Nithi,2025-10-01,2025,2,2.0,False,2,0.2251765,0.75317776,0.021645736,2209,2,6
Trans Nzoia,2025-10-01,2025,1,1.0,False,1,0.99513865,0.0034331102,0.0014282155,2209,1,6
Turkana,2025-10-01,2025,3,3.0,True,2,0.021959059,0.590196,0.3878449,2209,3,6
Uasin Gishu,2025-10-01,2025,1,1.0,False,1,0.98673034,0.011399543,0.0018700962,2209,1,6
Vihiga,2025-10-01,2025,1,1.0,False,1,0.99441963,0.0040823687,0.0014980152,2209,1,6
Wajir,2025-10-01,2025,2,2.0,True,2,0.015209219,0.8859708,0.09882,2209,2,6
West Pokot,2025-10-01,2025,2,1.0,False,2,0.13384879,0.83254594,0.033605304,2209,1,6
